mol_id,conf_id,scan,b3lyp_energy,mm_energy,b3lyp_relative_energy,mm_relative_energy
1,1,-165,-351878.6,11039.722,11.100000000034925,5.914062540000001
1,2,-150,-351878.88,11040.969,10.820000000006983,7.161132800000001
1,3,-135,-351879.12,11042.095,10.580000000016298,8.2871094
1,4,-120,-351879.44,11042.576,10.260000000009311,8.768554700000001
1,5,-105,-351880,11042.325,9.700000000011642,8.5175782
1,6,-90,-351881.03,11041.217,8.669999999983702,7.409179700000001
1,7,-75,-351882.8,11039.86,6.900000000023283,6.0527344
1,8,-60,-351885.1,11038.055,4.600000000034925,4.24707035
1,9,-45,-351887.12,11036.163,2.580000000016298,2.3554688000000006
1,10,-30,-351888.56,11034.7705,1.1400000000139698,0.9628906000000006
1,11,-15,-351889.4,11034.028,0.2999999999883584,0.22070320000000088
1,12,0,-351889.7,11033.808,0,0
1,13,15,-351889.4,11034.028,0.2999999999883584,0.22070320000000088
1,14,30,-351888.56,11034.7705,1.1400000000139698,0.9628906000000006
1,15,45,-351887.12,11036.163,2.580000000016298,2.3554688000000006
1,16,60,-351885.1,11038.049,4.600000000034925,4.241211000000001
1,17,75,-351882.8,11039.873,6.900000000023283,6.0654297
1,18,90,-351881.03,11041.219,8.669999999983702,7.411132800000001
1,19,105,-351880,11042.325,9.700000000011642,8.5175782
1,20,120,-351879.44,11042.576,10.260000000009311,8.768554700000001
1,21,135,-351879.12,11042.099,10.580000000016298,8.291015600000001
1,22,150,-351878.88,11040.969,10.820000000006983,7.161132800000001
1,23,165,-351878.6,11039.722,11.100000000034925,5.914062540000001
1,24,180,-351878.34,11038.54,11.35999999998603,4.7324219
2,1,-165,-462460.88,12520.856,2.279999999969732,3.984375
2,2,-150,-462462,12519.392,1.1599999999743886,2.51953124
2,3,-135,-462462.8,12518.102,0.3599999999860301,1.2294922000000001
2,4,-120,-462463.12,12517.268,0.0399999999790452,0.3955078000000001
2,5,-105,-462463.12,12516.908,0.0399999999790452,0.036132800000000076
2,6,-90,-462463.12,12516.872,0.0399999999790452,0
2,7,-75,-462463.16,12517.003,0,0.13085940000000007
2,8,-60,-462463.06,12517.441,0.0999999999767169,0.5693359
2,9,-45,-462462.56,12518.357,0.5999999999767169,1.48535155
2,10,-30,-462461.7,12519.697,1.459999999962747,2.8251953
2,11,-15,-462460.7,12521.029,2.459999999962747,4.1572266
2,12,0,-462460.06,12521.721,3.099999999976717,4.8486328
2,13,15,-462460.7,12521.031,2.459999999962747,4.1591797
2,14,30,-462461.7,12519.682,1.459999999962747,2.8095703
2,15,45,-462462.56,12518.358,0.5999999999767169,1.4863281000000002
2,16,60,-462463.06,12517.441,0.0999999999767169,0.5693359
2,17,75,-462463.16,12517.004,0,0.1318359
2,18,90,-462463.12,12516.872,0.0399999999790452,0
2,19,105,-462463.12,12516.908,0.0399999999790452,0.036132800000000076
2,20,120,-462463.12,12517.268,0.0399999999790452,0.3955078000000001
2,21,135,-462462.8,12518.101,0.3599999999860301,1.2285156000000002
2,22,150,-462462,12519.392,1.1599999999743886,2.51953124
2,23,165,-462460.88,12520.856,2.279999999969732,3.984375
2,24,180,-462460.06,12521.721,3.099999999976717,4.8486328
3,1,-165,-549398.5,10797.346,1,1.26660156
3,2,-150,-549399.3,10796.132,0.1999999999534338,0.05273439999999996
3,3,-135,-549399.5,10796.233,0,0.15429689999999996
3,4,-120,-549399.4,10796.7295,0.0999999999767169,0.65039062
3,5,-105,-549398.6,10797.687,0.9000000000232831,1.6074218999999998
3,6,-90,-549397.6,10799.402,1.900000000023283,3.3232422
3,7,-75,-549398.7,10797.724,0.8000000000465661,1.64453125
3,8,-60,-549399.44,10796.692,0.0600000000558793,0.61328125
3,9,-45,-549399.44,10796.153,0.0600000000558793,0.07421875
3,10,-30,-549399.3,10796.079,0.1999999999534338,0
3,11,-15,-549398.5,10797.373,1,1.2939453
3,12,0,-549398.7,10796.929,0.8000000000465661,0.849609375
3,13,15,-549398.5,10797.354,1,1.27441406
3,14,30,-549399.3,10796.08,0.1999999999534338,0.0009765600000000152
3,15,45,-549399.44,10796.144,0.0600000000558793,0.06445310000000004
3,16,60,-549399.44,10796.693,0.0600000000558793,0.6142578000000001
3,17,75,-549398.7,10797.7,0.8000000000465661,1.62109375
3,18,90,-549397.6,10799.424,1.900000000023283,3.3447265
3,19,105,-549398.6,10797.715,0.9000000000232831,1.6357422000000001
3,20,120,-549399.4,10796.725,0.0999999999767169,0.6455078000000001
3,21,135,-549399.5,10796.233,0,0.15429689999999996
3,22,150,-549399.3,10796.13,0.1999999999534338,0.05078125
3,23,165,-549398.5,10797.339,1,1.25976562
3,24,180,-549398.7,10796.949,0.8000000000465661,0.87011719
4,1,-165,-123337.586,6125.5415,0.9640000000072176,1.3613281700000002
4,2,-150,-123338,6125.0444,0.5500000000029104,0.86425786
4,3,-135,-123338.4,6124.4526,0.1500000000087311,0.27246100000000006
4,4,-120,-123338.55,6124.18,0,0
4,5,-105,-123338.375,6124.405,0.1750000000029103,0.22460940000000007
4,6,-90,-123337.94,6124.941,0.6100000000005821,0.7607422000000001
4,7,-75,-123337.28,6125.5356,1.2700000000040743,1.3554688000000001
4,8,-60,-123336.23,6126.3604,2.320000000006985,2.18017582
4,9,-45,-123334.984,6127.5366,3.56600000000617,3.3564454
4,10,-30,-123334.484,6128.7124,4.06600000000617,4.532226700000001
4,11,-15,-123334.73,6128.492,3.820000000006985,4.3120117
4,12,0,-123334.87,6128.2373,3.680000000007567,4.0571289
4,13,15,-123334.734,6128.4756,3.81600000000617,4.2954102
4,14,30,-123334.484,6128.7104,4.06600000000617,4.5302735
4,15,45,-123334.984,6127.5366,3.56600000000617,3.3564454
4,16,60,-123336.23,6126.361,2.320000000006985,2.1806641
4,17,75,-123337.28,6125.5356,1.2700000000040743,1.3554688000000001
4,18,90,-123337.94,6124.941,0.6100000000005821,0.7607422000000001
4,19,105,-123338.375,6124.405,0.1750000000029103,0.22460940000000007
4,20,120,-123338.55,6124.18,0,0
4,21,135,-123338.4,6124.452,0.1500000000087311,0.27197270000000007
4,22,150,-123338,6125.0444,0.5500000000029104,0.86425786
4,23,165,-123337.586,6125.5415,0.9640000000072176,1.3613281700000002
4,24,180,-123337.414,6125.7114,1.135999999998603,1.5312500400000002
5,1,-165,-300277.47,10350.675,4.330000000016298,3.5488280999999997
5,2,-150,-300277.5,10350.989,4.299999999988359,3.86328124
5,3,-135,-300277.75,10350.994,4.049999999988359,3.86816405
5,4,-120,-300278.2,10350.753,3.599999999976717,3.6269530999999997
5,5,-105,-300278.72,10350.836,3.080000000016298,3.7099609
5,6,-90,-300279.44,10351.179,2.35999999998603,4.0527344
5,7,-75,-300280.22,10351.184,1.580000000016298,4.0576172
5,8,-60,-300280.97,10350.505,0.8300000000162981,3.37890624
5,9,-45,-300281.56,10349.501,0.2399999999906867,2.375
5,10,-30,-300281.8,10348.463,0,1.3369140999999998
5,11,-15,-300281.78,10347.565,0.0199999999604187,0.4394530999999997
5,12,0,-300281.72,10347.126,0.0800000000162981,0
5,13,15,-300281.78,10347.565,0.0199999999604187,0.4394530999999997
5,14,30,-300281.8,10348.464,0,1.3378906
5,15,45,-300281.56,10349.501,0.2399999999906867,2.375
5,16,60,-300280.97,10350.505,0.8300000000162981,3.37890624
5,17,75,-300280.22,10351.172,1.580000000016298,4.0458984
5,18,90,-300279.44,10351.196,2.35999999998603,4.0703125
5,19,105,-300278.72,10350.837,3.080000000016298,3.7109375
5,20,120,-300278.2,10350.753,3.599999999976717,3.6269530999999997
5,21,135,-300277.75,10350.995,4.049999999988359,3.8691405999999997
5,22,150,-300277.5,10350.989,4.299999999988359,3.86328124
5,23,165,-300277.47,10350.675,4.330000000016298,3.5488280999999997
5,24,180,-300277.53,10350.509,4.269999999960419,3.3828125
6,1,-165,-537791.56,18675.477,0.3399999999674037,4.4023437
6,2,-150,-537791.9,18673.97,0,2.89648435
6,3,-135,-537791.8,18674.732,0.0999999999767169,3.6582031
6,4,-120,-537790.44,18674.535,1.4600000000791624,3.4609375
6,5,-105,-537789.2,18675.252,2.700000000069849,4.1777344
6,6,-90,-537789.94,18674.531,1.9600000000791624,3.4570312000000003
6,7,-75,-537790.1,18672.658,1.800000000046566,1.5839843500000002
6,8,-60,-537790.56,18671.316,1.3399999999674037,0.2421875
6,9,-45,-537791.2,18671.076,0.7000000000698492,0.001953100000000152
6,10,-30,-537791.56,18671.562,0.3399999999674037,0.4882812000000001
6,11,-15,-537791.5,18672.312,0.400000000023283,1.2382812
6,12,0,-537791,18673.291,0.9000000000232831,2.21679685
6,13,15,-537791.5,18672.31,0.400000000023283,1.2363281000000002
6,14,30,-537791.56,18671.562,0.3399999999674037,0.4882812000000001
6,15,45,-537791.2,18671.074,0.7000000000698492,0
6,16,60,-537790.56,18671.32,1.3399999999674037,0.2460937000000003
6,17,75,-537790.1,18672.658,1.800000000046566,1.5839843500000002
6,18,90,-537789.94,18674.525,1.9600000000791624,3.4511718
6,19,105,-537789.2,18675.25,2.700000000069849,4.1757812
6,20,120,-537790.44,18674.562,1.4600000000791624,3.4882812000000003
6,21,135,-537791.44,18673.73,0.4600000000791624,2.65624998
6,22,150,-537791.9,18673.973,0,2.89843748
6,23,165,-537791.56,18675.47,0.3399999999674037,4.3964844
6,24,180,-537790.75,18676.264,1.150000000023283,5.1894531
7,1,-165,-303955.53,14696.4375,4.269999999960419,2.4453125
7,2,-150,-303954.56,14698.1045,5.239999999990687,4.1123047
7,3,-135,-303953.6,14699.789,6.2000000000116415,5.796875
7,4,-120,-303953.44,14700.288,6.35999999998603,6.2958984000000004
7,5,-105,-303954.47,14699.209,5.330000000016298,5.2167969
7,6,-90,-303956.4,14697.15,3.3999999999650754,3.1582031400000004
7,7,-75,-303958.44,14695.054,1.3599999999860302,1.0615234
7,8,-60,-303959.78,14693.992,0.0199999999604187,0
7,9,-45,-303959.8,14694.823,0,0.8310547000000001
7,10,-30,-303958.56,14697.696,1.2399999999906868,3.70410158
7,11,-15,-303957.06,14700.863,2.7399999999906868,6.871093800000001
7,12,0,-303956.28,14702.167,3.519999999960419,8.1748047
7,13,15,-303956.56,14701.056,3.2399999999906868,7.0634765999999996
7,14,30,-303958.1,14697.984,1.7000000000116415,3.99218751
7,15,45,-303959.25,14695.233,0.5499999999883585,1.2412110000000003
7,16,60,-303959.22,14694.458,0.5800000000162981,0.4658203000000003
7,17,75,-303957.78,14695.406,2.019999999960419,1.4140625
7,18,90,-303955.66,14697.378,4.14000000001397,3.3857422
7,19,105,-303954.06,14699.302,5.739999999990687,5.3095703
7,20,120,-303953.38,14700.488,6.419999999983702,6.496093800000001
7,21,135,-303953.2,14699.965,6.599999999976717,5.9726562
7,22,150,-303954.22,14698.306,5.580000000016298,4.313476580000001
7,23,165,-303955.1,14696.776,4.7000000000116415,2.7841797
7,24,180,-303956.06,14696.014,3.739999999990687,2.0214844000000003
8,1,-165,-382736.22,13115.741,0.5600000000558794,0.7968750000000004
8,2,-150,-382734.7,13117.194,2.080000000016298,2.2500000000000004
8,3,-135,-382732.9,13118.994,3.8800000000046566,4.0498047
8,4,-120,-382731.12,13120.303,5.660000000032596,5.358398500000001
8,5,-105,-382729.53,13121.373,7.25,6.428711000000001
8,6,-90,-382728.47,13122.258,8.31000000005588,7.3134766
8,7,-75,-382728.2,13122.675,8.580000000016298,7.730468800000001
8,8,-60,-382728.72,13122.288,8.06000000005588,7.34375
8,9,-45,-382729.94,13121.067,6.840000000025611,6.1230469
8,10,-30,-382731.25,13119.301,5.53000000002794,4.35644535
8,11,-15,-382732.16,13118.063,4.620000000053551,3.1191407000000004
8,12,0,-382732.3,13117.978,4.480000000039581,3.0332032000000004
8,13,15,-382732.16,13118.063,4.620000000053551,3.1191407000000004
8,14,30,-382731.25,13119.32,5.53000000002794,4.3759766
8,15,45,-382729.94,13121.068,6.840000000025611,6.124023500000001
8,16,60,-382728.72,13122.29,8.06000000005588,7.345703200000001
8,17,75,-382728.2,13122.663,8.580000000016298,7.71875
8,18,90,-382728.47,13122.258,8.31000000005588,7.3134766
8,19,105,-382729.53,13121.373,7.25,6.428711000000001
8,20,120,-382731.12,13120.301,5.660000000032596,5.35644535
8,21,135,-382732.9,13118.989,3.8800000000046566,4.0449219
8,22,150,-382734.72,13117.159,2.06000000005588,2.2148438000000006
8,23,165,-382736.22,13115.52,0.5600000000558794,0.5751954000000001
8,24,180,-382736.78,13114.944,0,0
9,1,-165,-358038.28,11237.628,0.3799999999464489,2.0898437000000003
9,2,-150,-358038.44,11236.268,0.2199999999720603,0.729492188
9,3,-135,-358038.62,11235.639,0.0399999999790452,0.10058593999999998
9,4,-120,-358038.62,11235.543,0.0399999999790452,0.004882799999999965
9,5,-105,-358038.6,11235.668,0.0599999999976716,0.12988279999999996
9,6,-90,-358038.56,11235.729,0.0999999999767169,0.19042970000000004
9,7,-75,-358038.6,11235.638,0.0599999999976716,0.09960939999999996
9,8,-60,-358038.66,11235.538,0,0
9,9,-45,-358038.56,11235.74,0.0999999999767169,0.20214843999999998
9,10,-30,-358038.38,11236.604,0.279999999969732,1.0654297
9,11,-15,-358038.28,11237.747,0.3799999999464489,2.2089844000000003
9,12,0,-358038.28,11237.994,0.3799999999464489,2.4560547
9,13,15,-358038.28,11237.742,0.3799999999464489,2.2041016
9,14,30,-358038.38,11236.603,0.279999999969732,1.06445312
9,15,45,-358038.56,11235.74,0.0999999999767169,0.20214843999999998
9,16,60,-358038.66,11235.538,0,0
9,17,75,-358038.6,11235.646,0.0599999999976716,0.10839843999999998
9,18,90,-358038.56,11235.731,0.0999999999767169,0.19335939999999996
9,19,105,-358038.6,11235.668,0.0599999999976716,0.12988279999999996
9,20,120,-358038.62,11235.543,0.0399999999790452,0.004882799999999965
9,21,135,-358038.62,11235.639,0.0399999999790452,0.10058593999999998
9,22,150,-358038.44,11236.268,0.2199999999720603,0.729492188
9,23,165,-358038.28,11237.628,0.3799999999464489,2.0898437000000003
9,24,180,-358038.28,11237.994,0.3799999999464489,2.4560547
10,1,-165,-372779.6,12962.814,0.4600000000209547,1.11621095
10,2,-150,-372779,12963.521,1.0599999999976717,1.8232422
10,3,-135,-372778.38,12964.005,1.679999999993015,2.30664064
10,4,-120,-372778.47,12964.774,1.5900000000256114,3.0761719
10,5,-105,-372779.03,12963.95,1.029999999969732,2.25195314
10,6,-90,-372779.62,12962.947,0.4400000000023283,1.24902345
10,7,-75,-372780.03,12961.809,0.029999999969732,0.1103516
10,8,-60,-372779.7,12961.698,0.3599999999860301,0
10,9,-45,-372778.62,12962.662,1.4400000000023283,0.9638671999999999
10,10,-30,-372777.3,12964.221,2.760000000009313,2.52246095
10,11,-15,-372776.06,12965.654,4,3.9560547
10,12,0,-372775.47,12966.319,4.590000000025611,4.6210938
10,13,15,-372776.06,12965.652,4,3.9541015999999996
10,14,30,-372777.28,12964.216,2.779999999969732,2.51757814
10,15,45,-372778.62,12962.662,1.4400000000023283,0.9638671999999999
10,16,60,-372779.7,12961.7,0.3599999999860301,0.00195309999999993
10,17,75,-372780.03,12961.807,0.029999999969732,0.1083984
10,18,90,-372779.62,12962.956,0.4400000000023283,1.2578125
10,19,105,-372779.03,12963.946,1.029999999969732,2.2480469
10,20,120,-372778.5,12964.774,1.5599999999976717,3.0761719
10,21,135,-372778.38,12963.982,1.679999999993015,2.2841797
10,22,150,-372779,12963.489,1.0599999999976717,1.79101564
10,23,165,-372779.44,12963.142,0.6199999999953434,1.4433593999999998
10,24,180,-372780.06,12962.921,0,1.22265626
11,1,-165,-469086.84,17440.295,0.1299999999464489,0.16601559999999993
11,2,-150,-469086.97,17440.137,0,0.0078125
11,3,-135,-469086.5,17440.74,0.4699999999720603,0.6113280999999999
11,4,-120,-469085.62,17442.01,1.349999999976717,1.88085935
11,5,-105,-469084.75,17443.469,2.2199999999720603,3.3398437
11,6,-90,-469084.34,17444.17,2.629999999946449,4.0410156
11,7,-75,-469084.8,17443.447,2.169999999983702,3.3183594
11,8,-60,-469085.72,17441.975,1.25,1.8457031
11,9,-45,-469086.6,17440.697,0.3699999999953434,0.5683593499999999
11,10,-30,-469086.97,17440.129,0,0
11,11,-15,-469086.78,17440.314,0.1899999999441206,0.1855468
11,12,0,-469086.1,17440.959,0.8699999999953434,0.8300780999999999
11,13,15,-469086.78,17440.316,0.1899999999441206,0.1875
11,14,30,-469086.97,17440.129,0,0
11,15,45,-469086.6,17440.7,0.3699999999953434,0.5703124999999999
11,16,60,-469085.72,17441.975,1.25,1.8457031
11,17,75,-469084.8,17443.455,2.169999999983702,3.3261718
11,18,90,-469084.34,17444.17,2.629999999946449,4.0410156
11,19,105,-469084.75,17443.469,2.2199999999720603,3.3398437
11,20,120,-469085.62,17442,1.349999999976717,1.87109372
11,21,135,-469086.5,17440.74,0.4699999999720603,0.6113280999999999
11,22,150,-469086.97,17440.14,0,0.01171869999999986
11,23,165,-469086.84,17440.297,0.1299999999464489,0.16796869999999986
11,24,180,-469086.22,17440.947,0.75,0.8183593499999999
12,1,-165,-417769.47,13854.379,4.370000000053551,4.4042969
12,2,-150,-417771.88,13854.089,1.9600000000209548,4.1142578
12,3,-135,-417772.9,13852.85,0.9400000000023284,2.875
12,4,-120,-417773.6,13851.431,0.2400000000488944,1.4560547000000001
12,5,-105,-417773.84,13850.229,0,0.25390619999999986
12,6,-90,-417773.66,13849.996,0.1800000000512227,0.021484399999999848
12,7,-75,-417772.3,13849.975,1.540000000037253,0
12,8,-60,-417770.78,13851.745,3.059999999997672,1.7705078
12,9,-45,-417769.6,13853.359,4.240000000048894,3.38476562
12,10,-30,-417767.44,13857.662,6.400000000023283,7.6875
12,11,-15,-417767.75,13861.043,6.090000000025611,11.0683594
12,12,0,-417767.75,13861.151,6.090000000025611,11.176758
12,13,15,-417768.12,13860.782,5.720000000030268,10.807617
12,14,30,-417767.44,13857.668,6.400000000023283,7.6933594
12,15,45,-417769.6,13853.417,4.240000000048894,3.4423828
12,16,60,-417770.78,13851.751,3.059999999997672,1.7763672
12,17,75,-417772.3,13849.984,1.540000000037253,0.009765600000000152
12,18,90,-417773.66,13849.991,0.1800000000512227,0.016601599999999994
12,19,105,-417773.84,13850.229,0,0.25390619999999986
12,20,120,-417773.6,13851.423,0.2400000000488944,1.4482422000000001
12,21,135,-417772.9,13852.839,0.9400000000023284,2.8642578
12,22,150,-417771.88,13854.092,1.9600000000209548,4.1171875
12,23,165,-417769.47,13854.387,4.370000000053551,4.4121094
12,24,180,-417768.53,13854.893,5.309999999997672,4.9179688
13,1,-165,-338036.06,11630.704,2.220000000030268,2.61914058
13,2,-150,-338036.78,11629.678,1.5,1.5927734
13,3,-135,-338037.2,11628.796,1.080000000016298,0.7109373999999999
13,4,-120,-338037.12,11628.599,1.1600000000325963,0.5136717999999998
13,5,-105,-338036.53,11629.376,1.75,1.2910156
13,6,-90,-338035.62,11630.953,2.6600000000325963,2.8681639999999997
13,7,-75,-338034.7,11632.543,3.580000000016298,4.4580078
13,8,-60,-338034.28,11633.186,4,5.1005859000000004
13,9,-45,-338034.8,11632.569,3.480000000039581,4.484375
13,10,-30,-338036,11631.069,2.28000000002794,2.98437495
13,11,-15,-338037.03,11629.746,1.25,1.6611327599999999
13,12,0,-338038.28,11628.085,0,0
13,13,15,-338037.12,11629.657,1.1600000000325963,1.5722655999999997
13,14,30,-338036.22,11630.9375,2.06000000005588,2.8525389999999997
13,15,45,-338035.16,11632.343,3.120000000053551,4.2578124
13,16,60,-338034.62,11632.977,3.660000000032596,4.8916015
13,17,75,-338034.9,11632.454,3.3800000000046566,4.3691406
13,18,90,-338035.66,11630.954,2.620000000053551,2.86914058
13,19,105,-338036.44,11629.505,1.8400000000256116,1.4199217999999998
13,20,120,-338036.88,11628.806,1.400000000023283,0.7207030999999999
13,21,135,-338036.9,11629.055,1.3800000000046566,0.9697264999999999
13,22,150,-338036.47,11629.919,1.8100000000558796,1.8339843
13,23,165,-338035.84,11630.794,2.4400000000023283,2.70898432
13,24,180,-338035.62,11631.073,2.6600000000325963,2.9882812
14,1,-165,-526139.8,9750.821,1.599999999976717,2.0771483999999996
14,2,-150,-526139.25,9751.901,2.150000000023283,3.1572264999999997
14,3,-135,-526138.2,9753.65,3.200000000069849,4.906249975
14,4,-120,-526136.75,9755.605,4.650000000023283,6.8613281
14,5,-105,-526135.3,9757.104,6.099999999976717,8.359375
14,6,-90,-526134.6,9757.852,6.800000000046566,9.107421800000001
14,7,-75,-526135.2,9757.497,6.200000000069849,8.7529296
14,8,-60,-526136.7,9755.592,4.700000000069849,6.847656199999999
14,9,-45,-526138.5,9752.952,2.900000000023283,4.2080078
14,10,-30,-526140,9750.639,1.400000000023283,1.8945311999999999
14,11,-15,-526141,9749.206,0.400000000023283,0.46191399999999927
14,12,0,-526141.4,9748.744,0,0
14,13,15,-526141,9749.204,0.400000000023283,0.45996089999999956
14,14,30,-526140,9750.64,1.400000000023283,1.8955077999999999
14,15,45,-526138.5,9752.948,2.900000000023283,4.20410154
14,16,60,-526136.7,9755.599,4.700000000069849,6.854492199999999
14,17,75,-526135.2,9757.498,6.200000000069849,8.7539062
14,18,90,-526134.6,9757.85,6.800000000046566,9.1054686
14,19,105,-526135.3,9757.104,6.099999999976717,8.359375
14,20,120,-526136.75,9755.606,4.650000000023283,6.8623046
14,21,135,-526138.2,9753.653,3.200000000069849,4.9091796599999995
14,22,150,-526139.25,9751.901,2.150000000023283,3.1572264999999997
14,23,165,-526139.8,9750.821,1.599999999976717,2.0771483999999996
14,24,180,-526140,9750.466,1.400000000023283,1.7216795999999999
15,1,-165,-348143.66,11436.803,0.7400000000488944,0.5849609000000002
15,2,-150,-348143.5,11437.718,0.9000000000232831,1.5
15,3,-135,-348143.25,11438.352,1.150000000023283,2.13378908
15,4,-120,-348143.66,11437.523,0.7400000000488944,1.3056641000000002
15,5,-105,-348144.16,11436.953,0.2400000000488944,0.7353516000000002
15,6,-90,-348144.4,11436.264,0,0.045898500000000286
15,7,-75,-348143.9,11436.22,0.5,0.001953100000000152
15,8,-60,-348142.6,11437.339,1.800000000046566,1.1210938000000001
15,9,-45,-348140.56,11439.496,3.8400000000256114,3.2783203000000003
15,10,-30,-348138.38,11441.944,6.0200000000186265,5.7265625
15,11,-15,-348136.75,11443.787,7.650000000023283,7.5693359000000004
15,12,0,-348136.12,11444.506,8.28000000002794,8.2880859
15,13,15,-348136.75,11443.78,7.650000000023283,7.5625
15,14,30,-348138.38,11441.936,6.0200000000186265,5.7177735
15,15,45,-348140.56,11439.512,3.8400000000256114,3.2939453000000003
15,16,60,-348142.6,11437.361,1.800000000046566,1.1435547000000001
15,17,75,-348143.9,11436.218,0.5,0
15,18,90,-348144.4,11436.265,0,0.046875
15,19,105,-348144.16,11436.95,0.2400000000488944,0.7324219000000001
15,20,120,-348143.66,11437.511,0.7400000000488944,1.2929688000000001
15,21,135,-348143.47,11437.649,0.9300000000512229,1.4316406400000001
15,22,150,-348143.5,11437.645,0.9000000000232831,1.4267578000000003
15,23,165,-348143.66,11437.119,0.7400000000488944,0.9013672000000001
15,24,180,-348143.72,11436.306,0.6800000000512227,0.08789069999999999
16,1,-165,-351008.28,9297.883,0.1599999999743886,0.18261720000000015
16,2,-150,-351007.72,9298.446,0.720000000030268,0.7460937000000001
16,3,-135,-351006.72,9299.44,1.720000000030268,1.74023434
16,4,-120,-351005.44,9300.816,3,3.1162109
16,5,-105,-351004.22,9302.208,4.220000000030268,4.507812400000001
16,6,-90,-351003.6,9302.839,4.840000000025611,5.1386718
16,7,-75,-351003.88,9302.194,4.559999999997672,4.4941406
16,8,-60,-351004.9,9300.825,3.539999999979045,3.1249999600000002
16,9,-45,-351006.12,9299.554,2.320000000006985,1.8535156
16,10,-30,-351007.03,9298.792,1.4099999999743886,1.0917968
16,11,-15,-351007.44,9298.495,1,0.7949218
16,12,0,-351007.53,9298.442,0.9099999999743886,0.7421875
16,13,15,-351007.44,9298.495,1,0.7949218
16,14,30,-351007.03,9298.792,1.4099999999743886,1.0917968
16,15,45,-351006.12,9299.555,2.320000000006985,1.85449215
16,16,60,-351004.9,9300.827,3.539999999979045,3.1269531
16,17,75,-351003.88,9302.194,4.559999999997672,4.4941406
16,18,90,-351003.6,9302.839,4.840000000025611,5.1386718
16,19,105,-351004.22,9302.213,4.220000000030268,4.5126953
16,20,120,-351005.44,9300.817,3,3.1171874600000002
16,21,135,-351006.72,9299.437,1.720000000030268,1.7363281000000002
16,22,150,-351007.72,9298.445,0.720000000030268,0.7451171999999999
16,23,165,-351008.28,9297.878,0.1599999999743886,0.17773439999999985
16,24,180,-351008.44,9297.7,0,0
17,1,-165,-382611,16046.835,0.1599999999743886,0.09863279999999985
17,2,-150,-382610.1,16047.604,1.0599999999976717,0.8671874000000006
17,3,-135,-382608.22,16049.64,2.9400000000023283,2.9033204
17,4,-120,-382605.62,16052.262,5.539999999979045,5.52539065
17,5,-105,-382602.62,16054.989,8.539999999979045,8.2529297
17,6,-90,-382599.8,16057.766,11.35999999998603,11.0292969
17,7,-75,-382597.8,16060.34,13.35999999998603,13.603515400000001
17,8,-60,-382597.3,16061.275,13.85999999998603,14.5390624
17,9,-45,-382608.53,16049.747,2.629999999946449,3.0107422
17,10,-30,-382610.25,16047.648,0.9099999999743886,0.9121094000000003
17,11,-15,-382611.06,16046.877,0.0999999999767169,0.140625
17,12,0,-382611.16,16047.367,0,0.6308594000000003
17,13,15,-382611.06,16046.813,0.0999999999767169,0.07714840000000045
17,14,30,-382610.28,16047.556,0.879999999946449,0.8193360000000007
17,15,45,-382608.6,16049.662,2.559999999997672,2.9257813
17,16,60,-382606,16052.529,5.159999999974389,5.792968800000001
17,17,75,-382602.8,16055.489,8.35999999998603,8.7529297
17,18,90,-382599.72,16058.142,11.440000000002328,11.4052734
17,19,105,-382597.66,16060.369,13.5,13.6328124
17,20,120,-382597.2,16061.159,13.959999999962749,14.4228514
17,21,135,-382608.2,16049.535,2.959999999962747,2.7988282000000004
17,22,150,-382610.03,16047.483,1.129999999946449,0.7470704000000001
17,23,165,-382611,16046.736,0.1599999999743886,0
17,24,180,-382611.16,16047.368,0,0.6318360000000007
18,1,-165,-429068.03,16278.875,2.1899999999441206,2.8544922000000006
18,2,-150,-429066.34,16281.006,3.879999999946449,4.9853516
18,3,-135,-429064.22,16283.818,6,7.7978516
18,4,-120,-429062.4,16288.511,7.819999999948777,12.4902346
18,5,-105,-429062.38,16289.77,7.839999999967404,13.749023600000001
18,6,-90,-429063.16,16287.606,7.059999999997672,11.585937600000001
18,7,-75,-429064.22,16285.445,6,9.424804600000002
18,8,-60,-429065.12,16284.436,5.099999999976717,8.415039100000001
18,9,-45,-429065.62,16284.305,4.599999999976717,8.284179700000001
18,10,-30,-429065.66,16284.433,4.559999999997672,8.4121094
18,11,-15,-429065.47,16284.393,4.75,8.3720704
18,12,0,-429065.5,16283.888,4.71999999997206,7.8671876
18,13,15,-429065.88,16282.501,4.339999999967404,6.480468800000001
18,14,30,-429067.25,16278.677,2.9699999999720603,2.6562500000000004
18,15,45,-429068.47,16277.183,1.75,1.1621094000000003
18,16,60,-429069.12,16276.266,1.099999999976717,0.24511720000000015
18,17,75,-429069.2,16276.0205,1.0199999999604188,0
18,18,90,-429069.06,16276.524,1.1599999999743886,0.5039063000000006
18,19,105,-429069.2,16277.066,1.0199999999604188,1.0458986000000001
18,20,120,-429069.34,16277.413,0.879999999946449,1.3925782000000004
18,21,135,-429069.8,16277.324,0.4199999999837018,1.3037110000000003
18,22,150,-429070.22,16276.988,0,0.9677736000000001
18,23,165,-429070.03,16276.858,0.1899999999441206,0.8378906000000006
18,24,180,-429069.25,16277.457,0.9699999999720604,1.4365235000000003
19,1,-165,-345707.2,12874.365,0.5800000000162981,0.5498047000000001
19,2,-150,-345705.75,12875.783,2.03000000002794,1.9677735000000003
19,3,-135,-345703.84,12877.447,3.940000000002328,3.63183595
19,4,-120,-345701.97,12879.055,5.810000000055879,5.2392578
19,5,-105,-345700.22,12880.403,7.560000000055879,6.5878906
19,6,-90,-345698.72,12881.377,9.06000000005588,7.5615235
19,7,-75,-345698.1,12881.945,9.680000000051225,8.1298828
19,8,-60,-345698.8,12881.516,8.980000000039581,7.700195300000001
19,9,-45,-345700.3,12880.003,7.480000000039581,6.1875
19,10,-30,-345701.78,12878.09,6,4.274414080000001
19,11,-15,-345702.78,12876.7,5,2.8847656
19,12,0,-345703.1,12876.258,4.680000000051223,2.4423828000000003
19,13,15,-345702.56,12876.782,5.220000000030268,2.9667969000000003
19,14,30,-345701.44,12877.936,6.340000000025611,4.1201172
19,15,45,-345700.03,12879.16,7.75,5.3447266
19,16,60,-345699.16,12880.269,8.620000000053551,6.453125
19,17,75,-345698.8,12881.023,8.980000000039581,7.208007800000001
19,18,90,-345699,12881.136,8.78000000002794,7.3203125
19,19,105,-345699.84,12880.651,7.940000000002328,6.8359375
19,20,120,-345701.4,12879.583,6.380000000004657,5.7675781
19,21,135,-345703.62,12878.031,4.160000000032596,4.21582032
19,22,150,-345705.78,12876.114,2,2.2988281
19,23,165,-345707.28,12874.455,0.5,0.6396485000000003
19,24,180,-345707.78,12873.815,0,0
20,1,-165,-371133.25,13852.906,3.9500000000116415,2.2861329
20,2,-150,-371134.66,13852.867,2.540000000037253,2.24707036
20,3,-135,-371135.97,13852.422,1.2300000000395812,1.80175786
20,4,-120,-371136.7,13852.034,0.5,1.41406255
20,5,-105,-371136.8,13851.819,0.400000000023283,1.1992188
20,6,-90,-371136.4,13851.744,0.7999999999883585,1.12402349
20,7,-75,-371135.97,13851.761,1.2300000000395812,1.14062505
20,8,-60,-371135.75,13851.716,1.4500000000116415,1.0957031799999999
20,9,-45,-371135.94,13851.553,1.2600000000093132,0.9326172399999999
20,10,-30,-371136.25,13851.16,0.9500000000116416,0.5400390999999999
20,11,-15,-371136.5,13850.62,0.7000000000116415,0
20,12,0,-371137.2,13852.03,0,1.4101563
20,13,15,-371136.97,13852.299,0.2300000000395812,1.6787109999999998
20,14,30,-371136.1,13851.237,1.1000000000349246,0.6171875499999999
20,15,45,-371136.16,13851.783,1.040000000037253,1.16308599
20,16,60,-371136.4,13851.911,0.7999999999883585,1.291015675
20,17,75,-371136.72,13851.9,0.4800000000395812,1.280273488
20,18,90,-371136.9,13851.746,0.2999999999883584,1.12597661
20,19,105,-371136.75,13851.721,0.4500000000116415,1.10058599
20,20,120,-371136.1,13851.897,1.1000000000349246,1.2773438
20,21,135,-371135,13852.144,2.200000000011641,1.52343755
20,22,150,-371133.84,13852.214,3.35999999998603,1.59375005
20,23,165,-371132.97,13852.108,4.230000000039581,1.4882813
20,24,180,-371132.5,13851.927,4.7000000000116415,1.306640675
21,1,-165,-413521.22,13200.858,1.9800000000395808,1.1025390999999998
21,2,-150,-413520.94,13201.457,2.260000000009313,1.7011718599999999
21,3,-135,-413520.28,13202.181,2.919999999983702,2.42480468
21,4,-120,-413519.3,13202.936,3.900000000023283,3.1796875
21,5,-105,-413518.56,13203.595,4.64000000001397,3.8388672
21,6,-90,-413518.53,13203.884,4.669999999983702,4.127929699999999
21,7,-75,-413519.44,13203.28,3.760000000009313,3.5244140999999996
21,8,-60,-413520.84,13202.214,2.35999999998603,2.4580078
21,9,-45,-413522.12,13201.262,1.080000000016298,1.5058593599999999
21,10,-30,-413522.9,13200.533,0.2999999999883584,0.7773436999999999
21,11,-15,-413523.16,13199.989,0.0400000000372529,0.23339839999999978
21,12,0,-413523.2,13199.756,0,0
21,13,15,-413523.16,13199.989,0.0400000000372529,0.23339839999999978
21,14,30,-413522.9,13200.533,0.2999999999883584,0.7773436999999999
21,15,45,-413522.12,13201.262,1.080000000016298,1.5058593599999999
21,16,60,-413520.84,13202.214,2.35999999998603,2.4580078
21,17,75,-413519.44,13203.28,3.760000000009313,3.5244140999999996
21,18,90,-413518.53,13203.884,4.669999999983702,4.127929699999999
21,19,105,-413518.56,13203.594,4.64000000001397,3.8378905999999997
21,20,120,-413519.3,13202.932,3.900000000023283,3.1757812
21,21,135,-413520.28,13202.181,2.919999999983702,2.42480468
21,22,150,-413520.94,13201.457,2.260000000009313,1.7011718599999999
21,23,165,-413521.22,13200.858,1.9800000000395808,1.1025390999999998
21,24,180,-413521.25,13200.578,1.9500000000116413,0.8222655999999999
22,1,-165,-300930.03,10882.446,0.2199999999720603,0.5175781000000002
22,2,-150,-300929.3,10883.745,0.9500000000116416,1.8164063000000001
22,3,-135,-300928.2,10885.486,2.0499999999883585,3.5576172
22,4,-120,-300926.62,10887.48,3.6300000000046566,5.5517578
22,5,-105,-300924.9,10889.571,5.349999999976717,7.6425781
22,6,-90,-300923.97,10890.697,6.28000000002794,8.7685545
22,7,-75,-300924.44,10889.567,5.809999999997672,7.6386719
22,8,-60,-300925.97,10887.343,4.28000000002794,5.4140625
22,9,-45,-300927.62,10885.174,2.6300000000046566,3.2451172
22,10,-30,-300929.03,10883.416,1.2199999999720603,1.4873047000000001
22,11,-15,-300929.94,10882.269,0.3099999999976717,0.33984369999999986
22,12,0,-300930.25,10881.933,0,0.00390630000000014
22,13,15,-300930.03,10882.453,0.2199999999720603,0.5244141
22,14,30,-300929.34,10883.737,0.9099999999743886,1.8085936999999999
22,15,45,-300928.25,10885.493,2,3.56445312
22,16,60,-300926.7,10887.586,3.5499999999883585,5.6572265999999996
22,17,75,-300924.97,10889.631,5.28000000002794,7.7021485
22,18,90,-300923.97,10890.696,6.28000000002794,8.7675781
22,19,105,-300924.44,10889.536,5.809999999997672,7.6074219
22,20,120,-300925.9,10887.285,4.349999999976717,5.3564453
22,21,135,-300927.6,10885.162,2.650000000023283,3.23339844
22,22,150,-300929,10883.43,1.25,1.5009765000000002
22,23,165,-300929.94,10882.278,0.3099999999976717,0.34960939999999985
22,24,180,-300930.25,10881.929,0,0
23,1,-165,-397592.4,14966.153,12.539999999979043,13.040039100000001
23,2,-150,-397593.53,14964.112,11.409999999974389,10.9990234
23,3,-135,-397594.3,14961.752,10.64000000001397,8.6386719
23,4,-120,-397594.78,14960.364,10.159999999974389,7.2509766
23,5,-105,-397594.62,14960.903,10.320000000006983,7.7900391
23,6,-90,-397593.84,14963.1045,11.099999999976715,9.991211
23,7,-75,-397592.25,14966.451,12.690000000002328,13.337890600000001
23,8,-60,-397593.06,14965.39,11.880000000004657,12.276367400000002
23,9,-45,-397594.62,14964.402,10.320000000006983,11.2890624
23,10,-30,-397597.4,14961.779,7.539999999979045,8.6660156
23,11,-15,-397600.53,14959.189,4.409999999974389,6.0761719
23,12,0,-397604.06,14954.963,0.8800000000046566,1.8496094000000003
23,13,15,-397604.94,14953.313,0,0.20019540000000013
23,14,30,-397604.62,14953.113,0.3200000000069849,0
23,15,45,-397603.34,14953.323,1.599999999976717,0.20996100000000073
23,16,60,-397601.25,14955.514,3.690000000002328,2.4003906000000006
23,17,75,-397602.25,14955.627,2.6900000000023283,2.5136719000000003
23,18,90,-397602.78,14955.465,2.1599999999743886,2.3515624000000006
23,19,105,-397602.84,14956.241,2.099999999976717,3.1279297
23,20,120,-397602.66,14957.164,2.28000000002794,4.050781300000001
23,21,135,-397600.66,14959.074,4.28000000002794,5.9609375
23,22,150,-397597.53,14961.579,7.409999999974389,8.4658203
23,23,165,-397594.72,14964.199,10.220000000030268,11.0859374
23,24,180,-397593.16,14965.169,11.78000000002794,12.055664100000001
24,1,-165,-276877.72,10833.952,0.720000000030268,0.16601560000000015
24,2,-150,-276878.44,10833.983,0,0.19726560000000015
24,3,-135,-276878.34,10834.497,0.0999999999767169,0.7109375000000001
24,4,-120,-276877.62,10835.522,0.8200000000069849,1.73632815
24,5,-105,-276876.66,10836.7,1.7800000000279397,2.9140625
24,6,-90,-276876.16,10837.328,2.28000000002794,3.5419922
24,7,-75,-276876.66,10836.715,1.7800000000279397,2.928711
24,8,-60,-276877.62,10835.533,0.8200000000069849,1.74707034
24,9,-45,-276878.34,10834.497,0.0999999999767169,0.7109375000000001
24,10,-30,-276878.44,10833.988,0,0.20214850000000006
24,11,-15,-276877.75,10833.991,0.6900000000023283,0.2050782
24,12,0,-276876.97,10833.786,1.470000000030268,0
24,13,15,-276877.75,10833.991,0.6900000000023283,0.2050782
24,14,30,-276878.44,10833.989,0,0.203125
24,15,45,-276878.34,10834.497,0.0999999999767169,0.7109375000000001
24,16,60,-276877.62,10835.534,0.8200000000069849,1.7480469
24,17,75,-276876.66,10836.715,1.7800000000279397,2.928711
24,18,90,-276876.16,10837.327,2.28000000002794,3.5410155999999997
24,19,105,-276876.66,10836.7,1.7800000000279397,2.9140625
24,20,120,-276877.62,10835.523,0.8200000000069849,1.7373047000000001
24,21,135,-276878.34,10834.496,0.0999999999767169,0.7099609600000001
24,22,150,-276878.44,10833.983,0,0.19726560000000015
24,23,165,-276877.72,10833.952,0.720000000030268,0.16601560000000015
24,24,180,-276876.97,10833.786,1.470000000030268,0
25,1,-165,-442780.8,17169.588,0.6400000000139698,0.37695312999999997
25,2,-150,-442781.1,17169.43,0.3400000000256113,0.218750005
25,3,-135,-442781.3,17169.27,0.1400000000139698,0.058593759999999995
25,4,-120,-442781.44,17169.229,0,0.017578129999999997
25,5,-105,-442781.28,17169.418,0.1599999999743886,0.207031255
25,6,-90,-442780.62,17169.857,0.8200000000069849,0.64648438
25,7,-75,-442781.28,17169.445,0.1599999999743886,0.234375005
25,8,-60,-442781.4,17169.21,0.0399999999790452,0
25,9,-45,-442781.28,17169.262,0.1599999999743886,0.050781259999999995
25,10,-30,-442781.06,17169.422,0.3800000000046566,0.210937505
25,11,-15,-442780.72,17169.572,0.720000000030268,0.36132812999999997
25,12,0,-442780.4,17169.709,1.0399999999790452,0.49804687999999997
25,13,15,-442780.72,17169.572,0.720000000030268,0.36132812999999997
25,14,30,-442781.06,17169.42,0.3800000000046566,0.20898438
25,15,45,-442781.28,17169.262,0.1599999999743886,0.050781259999999995
25,16,60,-442781.4,17169.215,0.0399999999790452,0.003906259999999995
25,17,75,-442781.28,17169.445,0.1599999999743886,0.234375005
25,18,90,-442780.62,17169.857,0.8200000000069849,0.64648438
25,19,105,-442781.28,17169.416,0.1599999999743886,0.20507813
25,20,120,-442781.44,17169.227,0,0.015625
25,21,135,-442781.3,17169.264,0.1400000000139698,0.05273438
25,22,150,-442781.1,17169.426,0.3400000000256113,0.214843755
25,23,165,-442780.8,17169.588,0.6400000000139698,0.37695312999999997
25,24,180,-442780.44,17169.709,1,0.49804687999999997
26,1,-165,-512305.38,9258.207,0.7199999999720603,2.10644526
26,2,-150,-512305.22,9258.026,0.8800000000046566,1.9257811999999999
26,3,-135,-512304.84,9258.42,1.2599999999511056,2.3193359
26,4,-120,-512304.22,9259.624,1.8800000000046568,3.52343745
26,5,-105,-512303.47,9260.969,2.6300000000046566,4.868164
26,6,-90,-512302.88,9262.085,3.2199999999720603,5.984375
26,7,-75,-512303.22,9261.114,2.8800000000046566,5.0136718
26,8,-60,-512304.38,9258.784,1.7199999999720603,2.6835937
26,9,-45,-512305.47,9257.043,0.6300000000046566,0.9423827999999999
26,10,-30,-512306.1,9256.102,0,0.0009764999999997137
26,11,-15,-512306.06,9256.106,0.0399999999790452,0.005859300000000012
26,12,0,-512305.72,9258.049,0.3800000000046566,1.9482421399999998
26,13,15,-512306.06,9256.11,0.0399999999790452,0.009765599999999708
26,14,30,-512306.1,9256.101,0,0
26,15,45,-512305.47,9257.039,0.6300000000046566,0.9384764999999999
26,16,60,-512304.38,9258.785,1.7199999999720603,2.684570262
26,17,75,-512303.22,9261.143,2.8800000000046566,5.041992199999999
26,18,90,-512302.88,9262.086,3.2199999999720603,5.9853515
26,19,105,-512303.47,9260.973,2.6300000000046566,4.8720702
26,20,120,-512304.22,9259.625,1.8800000000046568,3.5244139999999997
26,21,135,-512304.84,9258.426,1.2599999999511056,2.32519526
26,22,150,-512305.22,9258.024,0.8800000000046566,1.9238280999999997
26,23,165,-512305.38,9258.204,0.7199999999720603,2.1035155999999997
26,24,180,-512305.12,9259.204,0.9799999999813735,3.10351558
27,1,-165,-442697.84,8957.689,0.7599999999511056,1.3232422000000001
27,2,-150,-442697.5,8958.654,1.099999999976717,2.288086
27,3,-135,-442696.12,8959.823,2.479999999981373,3.4570312999999997
27,4,-120,-442694.88,8962.922,3.71999999997206,6.5556640999999996
27,5,-105,-442693.97,8966.906,4.630000000004657,10.540039
27,6,-90,-442692.78,8970.362,5.819999999948777,13.996094
27,7,-75,-442689.56,8969.059,9.039999999979043,12.692383
27,8,-60,-442693.03,8964.967,5.569999999948777,8.600586
27,9,-45,-442695.72,8961.075,2.8800000000046566,4.70898444
27,10,-30,-442697.56,8959,1.0399999999790452,2.6337891
27,11,-15,-442698.4,8957.201,0.1999999999534338,0.8349609999999998
27,12,0,-442698.6,8956.366,0,0
27,13,15,-442698.4,8957.201,0.1999999999534338,0.8349609999999998
27,14,30,-442697.56,8959,1.0399999999790452,2.6337891
27,15,45,-442695.72,8961.025,2.8800000000046566,4.6591797999999995
27,16,60,-442693.03,8964.957,5.569999999948777,8.5908204
27,17,75,-442689.56,8969.057,9.039999999979043,12.6904298
27,18,90,-442692.78,8970.391,5.819999999948777,14.024414
27,19,105,-442693.97,8966.912,4.630000000004657,10.5458985
27,20,120,-442694.88,8962.922,3.71999999997206,6.5556640999999996
27,21,135,-442696.12,8959.829,2.479999999981373,3.4628907
27,22,150,-442697.5,8958.653,1.099999999976717,2.2871094
27,23,165,-442697.84,8957.688,0.7599999999511056,1.3222657
27,24,180,-442697.56,8957.419,1.0399999999790452,1.0527343999999994
28,1,-165,-355821.56,12082.339,6.409999999974389,4.5292968
28,2,-150,-355821.28,12083.25,6.689999999944121,5.4404296
28,3,-135,-355820.53,12082.594,7.439999999944121,4.7841796
28,4,-120,-355823.88,12082.389,4.089999999967404,4.5791015
28,5,-105,-355826.56,12079.634,1.4099999999743886,1.8242187000000003
28,6,-90,-355827.97,12078.581,0,0.7714843
28,7,-75,-355821.47,12077.81,6.5,0
28,8,-60,-355827.5,12080.121,0.4699999999720603,2.3115234000000004
28,9,-45,-355822.66,12081.455,5.309999999997672,3.64550775
28,10,-30,-355821.06,12083.487,6.909999999974389,5.6777343
28,11,-15,-355819.75,12085.279,8.21999999997206,7.4697265
28,12,0,-355818.84,12086.544,9.129999999946447,8.734375
28,13,15,-355819.75,12085.362,8.21999999997206,7.5527343
28,14,30,-355821.06,12083.535,6.909999999974389,5.7255859000000004
28,15,45,-355822.66,12081.447,5.309999999997672,3.63769525
28,16,60,-355827.5,12080.043,0.4699999999720603,2.2333984000000004
28,17,75,-355821.5,12077.924,6.46999999997206,0.1142578000000003
28,18,90,-355827.97,12078.582,0,0.7724609
28,19,105,-355826.56,12079.69,1.4099999999743886,1.8808593
28,20,120,-355823.84,12082.199,4.129999999946449,4.389648380000001
28,21,135,-355820.53,12082.597,7.439999999944121,4.7871093
28,22,150,-355821.28,12083.256,6.689999999944121,5.446289
28,23,165,-355821.56,12082.3125,6.409999999974389,4.5029296
28,24,180,-355821.44,12081.677,6.529999999969732,3.8671874400000004
29,1,-165,-450770.9,14115.914,8.539999999979045,10.233398600000001
29,2,-150,-450772.8,14114.205,6.64000000001397,8.524414
29,3,-135,-450775.9,14108.108,3.539999999979045,2.4277344
29,4,-120,-450778,14106.248,1.4400000000023283,0.5673825999999993
29,5,-105,-450779.1,14105.681,0.3400000000256113,0
29,6,-90,-450779.44,14106.372,0,0.6914061999999994
29,7,-75,-450779.03,14107.406,0.4099999999743886,1.7255858999999996
29,8,-60,-450778.1,14108.578,1.3400000000256114,2.8974608999999996
29,9,-45,-450776.4,14110.468,3.039999999979045,4.78710935
29,10,-30,-450775.62,14111.971,3.820000000006985,6.290039
29,11,-15,-450775.12,14113,4.320000000006985,7.3193359
29,12,0,-450774.97,14112.78,4.470000000030268,7.0996094
29,13,15,-450775.12,14113.005,4.320000000006985,7.324218699999999
29,14,30,-450775.62,14111.972,3.820000000006985,6.2910156
29,15,45,-450776.4,14110.464,3.039999999979045,4.7832031
29,16,60,-450777.25,14109.104,2.1900000000023283,3.4228514999999997
29,17,75,-450777.72,14108.439,1.720000000030268,2.7587889999999997
29,18,90,-450777.62,14108.443,1.820000000006985,2.7626953
29,19,105,-450777.16,14109.3545,2.28000000002794,3.6738280999999997
29,20,120,-450778,14106.259,1.4400000000023283,0.578125
29,21,135,-450774.72,14112.544,4.720000000030268,6.863281199999999
29,22,150,-450772.8,14114.208,6.64000000001397,8.5273437
29,23,165,-450770.9,14115.917,8.539999999979045,10.2363281
29,24,180,-450769.84,14117.225,9.599999999976715,11.5439453
30,1,-165,-524878.6,9254.699,0.5999999999767169,1.7890625
30,2,-150,-524877.5,9257.088,1.699999999953434,4.1777344
30,3,-135,-524876.5,9258.692,2.699999999953434,5.7822265999999996
30,4,-120,-524874.25,9256.163,4.949999999953434,3.252929688
30,5,-105,-524874.8,9256.134,4.399999999906868,3.223632812
30,6,-90,-524876.2,9255.505,3,2.59472656
30,7,-75,-524877.56,9255.082,1.6399999998975543,2.171875
30,8,-60,-524878,9255.738,1.199999999953434,2.828125
30,9,-45,-524877.56,9257.323,1.6399999998975543,4.4130859000000004
30,10,-30,-524876.75,9258.875,2.449999999953434,5.964843800000001
30,11,-15,-524876.25,9259.529,2.949999999953434,6.6191406
30,12,0,-524876.4,9258.906,2.799999999930151,5.996093800000001
30,13,15,-524877.2,9257.518,2,4.6074219
30,14,30,-524878.3,9255.326,0.8999999999068677,2.4160156
30,15,45,-524879.1,9253.293,0.0999999999767169,0.3828125
30,16,60,-524879.06,9253.3955,0.1399999998975545,0.4853516
30,17,75,-524877.9,9254.547,1.2999999999301508,1.6367188
30,18,90,-524875.94,9256.548,3.260000000009313,3.6376953
30,19,105,-524874.44,9258.089,4.760000000009313,5.1787109000000004
30,20,120,-524874.06,9258.274,5.1399999998975545,5.3642578
30,21,135,-524875.4,9256.991,3.799999999930151,4.0810547
30,22,150,-524877.3,9254.98,1.899999999906868,2.0703125
30,23,165,-524878.9,9252.91,0.2999999999301508,0
30,24,180,-524879.2,9252.979,0,0.06835939999999985
31,1,-165,-335618.34,11456.761,1.7199999999720603,3.9316406
31,2,-150,-335619.28,11455.171,0.779999999969732,2.34179681
31,3,-135,-335619.88,11453.827,0.179999999993015,0.9980468000000002
31,4,-120,-335620.06,11452.829,0,0
31,5,-105,-335619.66,11453.132,0.400000000023283,0.30273430000000023
31,6,-90,-335618.6,11453.641,1.4600000000209548,0.8115234000000002
31,7,-75,-335618,11453.24,2.059999999997672,0.4111328000000001
31,8,-60,-335617.22,11453.5205,2.840000000025612,0.6914062000000001
31,9,-45,-335615.3,11454.634,4.760000000009313,1.8046874400000001
31,10,-30,-335613.34,11456.464,6.71999999997206,3.6347656
31,11,-15,-335612,11457.67,8.059999999997672,4.8408202
31,12,0,-335611.22,11459.363,8.840000000025611,6.5341796
31,13,15,-335611.97,11457.813,8.090000000025611,4.984375
31,14,30,-335613.34,11456.038,6.71999999997206,3.2089843
31,15,45,-335615.28,11455.051,4.779999999969732,2.221679625
31,16,60,-335617.22,11453.515,2.840000000025612,0.6855468000000002
31,17,75,-335618,11453.24,2.059999999997672,0.4111328000000001
31,18,90,-335618.6,11453.629,1.4600000000209548,0.7998046000000001
31,19,105,-335619.66,11453.132,0.400000000023283,0.30273430000000023
31,20,120,-335620.06,11452.829,0,0
31,21,135,-335619.88,11453.77,0.179999999993015,0.9404296000000001
31,22,150,-335619.28,11455.359,0.779999999969732,2.53027338
31,23,165,-335618.34,11456.67,1.7199999999720603,3.8408202000000005
31,24,180,-335617.12,11457.786,2.9400000000023283,4.9570312
32,1,-165,-529927.94,8576.496,0,1.0283203
32,2,-150,-529927.9,8576.322,0.0399999999208375,0.8544922
32,3,-135,-529927.25,8576.532,0.6899999999441206,1.06445312
32,4,-120,-529926.5,8576.964,1.4399999999441206,1.49609375
32,5,-105,-529925.9,8577.444,2.0399999999208376,1.9765625
32,6,-90,-529925.4,8578.148,2.5399999999208376,2.6806641
32,7,-75,-529925.25,8578.3545,2.6899999999441206,2.8867187999999997
32,8,-60,-529925.56,8577.862,2.3799999998882413,2.39453125
32,9,-45,-529925.9,8576.904,2.0399999999208376,1.436523438
32,10,-30,-529926.2,8575.999,1.7399999999906868,0.53125
32,11,-15,-529926.25,8575.584,1.6899999999441206,0.1162109
32,12,0,-529926.1,8575.468,1.839999999967404,0
32,13,15,-529926.25,8575.583,1.6899999999441206,0.11523440000000007
32,14,30,-529926.2,8575.999,1.7399999999906868,0.53125
32,15,45,-529925.9,8576.904,2.0399999999208376,1.436523438
32,16,60,-529925.56,8577.86,2.3799999998882413,2.3925781
32,17,75,-529925.25,8578.355,2.6899999999441206,2.8876953
32,18,90,-529925.4,8578.15,2.5399999999208376,2.6826172
32,19,105,-529925.9,8577.445,2.0399999999208376,1.97753906
32,20,120,-529926.5,8576.955,1.4399999999441206,1.48730469
32,21,135,-529927.25,8576.538,0.6899999999441206,1.0703125
32,22,150,-529927.9,8576.322,0.0399999999208375,0.8544922
32,23,165,-529927.94,8576.496,0,1.0283203
32,24,180,-529927.9,8576.656,0.0399999999208375,1.18847656
33,1,-165,-362615.5,16360.24,2.099999999976717,3.0703125
33,2,-150,-362613.56,16362.75,4.039999999979045,5.5800781
33,3,-135,-362611.78,16365.351,5.819999999948777,8.180664
33,4,-120,-362612.78,16365.117,4.819999999948777,7.9472656
33,5,-105,-362613.53,16363.382,4.069999999948777,6.211914
33,6,-90,-362613.9,16361.933,3.699999999953434,4.7626953
33,7,-75,-362613.5,16361.843,4.099999999976717,4.67285156
33,8,-60,-362612.8,16363.197,4.799999999988359,6.0273438
33,9,-45,-362613.56,16362.867,4.039999999979045,5.6972656
33,10,-30,-362613.44,16363.965,4.159999999974389,6.7949219
33,11,-15,-362612.78,16365.758,4.819999999948777,8.5878906
33,12,0,-362612.06,16366.981,5.539999999979045,9.811523399999999
33,13,15,-362612.06,16363.821,5.539999999979045,6.6513672
33,14,30,-362614.12,16360.999,3.479999999981373,3.82910156
33,15,45,-362616.06,16358.64,1.5399999999790452,1.4697266
33,16,60,-362617.1,16357.327,0.5,0.1572266
33,17,75,-362617.16,16357.17,0.4400000000023283,0
33,18,90,-362616.88,16358.454,0.7199999999720603,1.2841797000000001
33,19,105,-362617.12,16358.771,0.4799999999813735,1.6015625
33,20,120,-362617.47,16358.197,0.1300000000046566,1.0273438000000001
33,21,135,-362617.6,16357.659,0,0.48925779999999985
33,22,150,-362617.1,16357.63,0.5,0.45996099999999984
33,23,165,-362616.75,16358.21,0.8499999999767169,1.0400390000000002
33,24,180,-362616.62,16358.536,0.9799999999813735,1.3662109999999998
34,1,-165,-373440.78,14637.431,2.8199999999487773,0.7783202999999999
34,2,-150,-373439.75,14638.747,3.849999999976717,2.0947264999999997
34,3,-135,-373438,14640.825,5.599999999976717,4.17285154
34,4,-120,-373436.16,14643.01,7.440000000002328,6.357421799999999
34,5,-105,-373434.5,14644.779,9.099999999976715,8.1269531
34,6,-90,-373433.9,14645.678,9.699999999953434,9.0253906
34,7,-75,-373435.4,14644.412,8.199999999953434,7.7597656
34,8,-60,-373437.72,14642.232,5.880000000004657,5.5800781
34,9,-45,-373440.2,14639.902,3.3999999999650754,3.2499999999999996
34,10,-30,-373442.22,14638,1.3800000000046566,1.3476561999999999
34,11,-15,-373443.28,14636.951,0.3199999999487772,0.2988280999999997
34,12,0,-373443.6,14636.652,0,0
34,13,15,-373443.28,14636.95,0.3199999999487772,0.29785159999999955
34,14,30,-373442.22,14638.003,1.3800000000046566,1.3505858999999996
34,15,45,-373440.22,14639.874,3.3800000000046566,3.2216796599999995
34,16,60,-373437.72,14642.205,5.880000000004657,5.552734399999999
34,17,75,-373435.4,14644.414,8.199999999953434,7.761718699999999
34,18,90,-373433.9,14645.685,9.699999999953434,9.0322266
34,19,105,-373434.5,14644.774,9.099999999976715,8.1220703
34,20,120,-373436.16,14643.013,7.440000000002328,6.3603515999999996
34,21,135,-373438,14640.77,5.599999999976717,4.117187475
34,22,150,-373439.75,14638.717,3.849999999976717,2.0644530999999997
34,23,165,-373440.78,14637.428,2.8199999999487773,0.7753905999999997
34,24,180,-373441.06,14636.932,2.539999999979045,0.27929679999999957
35,1,-165,-193826.47,6945.4014,3.559999999997672,3.0200195
35,2,-150,-193825.5,6947.4976,4.529999999998836,5.1162109000000004
35,3,-135,-193824.64,6948.691,5.389999999984866,6.3095703
35,4,-120,-193824.6,6948.5386,5.429999999993015,6.1572265
35,5,-105,-193825.73,6946.622,4.299999999988359,4.24072262
35,6,-90,-193827.55,6944.2476,2.4800000000104774,1.8662109
35,7,-75,-193829.25,6942.646,0.7799999999988358,0.2646484
35,8,-60,-193830.03,6942.3813,0,0
35,9,-45,-193829.25,6943.596,0.7799999999988358,1.2148436999999999
35,10,-30,-193827.19,6946.377,2.8399999999965075,3.99560543
35,11,-15,-193825.02,6949.7275,5.010000000009313,7.3461914
35,12,0,-193824.06,6951.6094,5.970000000001164,9.2280274
35,13,15,-193825.02,6949.7305,5.010000000009313,7.3491211
35,14,30,-193827.19,6946.3755,2.8399999999965075,3.99414059
35,15,45,-193829.25,6943.5967,0.7799999999988358,1.215332
35,16,60,-193830.03,6942.3813,0,0
35,17,75,-193829.25,6942.646,0.7799999999988358,0.2646484
35,18,90,-193827.55,6944.248,2.4800000000104774,1.8666992
35,19,105,-193825.73,6946.622,4.299999999988359,4.24072262
35,20,120,-193824.6,6948.5396,5.429999999993015,6.1582031
35,21,135,-193824.64,6948.691,5.389999999984866,6.3095703
35,22,150,-193825.5,6947.498,4.529999999998836,5.1166992
35,23,165,-193826.47,6945.4014,3.559999999997672,3.0200195
35,24,180,-193826.84,6944.4336,3.1900000000023283,2.0522461
36,1,-165,-361208.03,12368.871,1,0.16113283999999994
36,2,-150,-361208.2,12369.321,0.8300000000162981,0.61132813
36,3,-135,-361208.25,12369.61,0.7800000000279397,0.90039063
36,4,-120,-361208.34,12369.652,0.6900000000023283,0.94238282
36,5,-105,-361208.56,12369.563,0.470000000030268,0.85351563
36,6,-90,-361208.88,12369.479,0.150000000023283,0.76855469
36,7,-75,-361209.03,12369.329,0,0.61914063
36,8,-60,-361208.94,12369.165,0.0900000000256113,0.45507813999999996
36,9,-45,-361208.5,12369.295,0.5300000000279397,0.58496094
36,10,-30,-361207.88,12369.737,1.150000000023283,1.02734375
36,11,-15,-361207.22,12370.273,1.8100000000558796,1.56347654
36,12,0,-361206.75,12370.637,2.28000000002794,1.92675784
36,13,15,-361207.22,12370.267,1.8100000000558796,1.55664064
36,14,30,-361207.88,12369.738,1.150000000023283,1.02832032
36,15,45,-361208.5,12369.295,0.5300000000279397,0.58496094
36,16,60,-361208.94,12369.165,0.0900000000256113,0.45507813999999996
36,17,75,-361209.03,12369.329,0,0.61914063
36,18,90,-361208.88,12369.479,0.150000000023283,0.76855469
36,19,105,-361208.56,12369.563,0.470000000030268,0.85351563
36,20,120,-361208.34,12369.653,0.6900000000023283,0.94335938
36,21,135,-361208.25,12369.608,0.7800000000279397,0.8984375
36,22,150,-361208.2,12369.321,0.8300000000162981,0.61132813
36,23,165,-361208.03,12368.872,1,0.16210937999999997
36,24,180,-361207.66,12368.71,1.370000000053551,0
37,1,-165,-335819.94,12220.862,11.340000000025611,11.359375
37,2,-150,-335822.44,12216.877,8.840000000025611,7.3740234000000004
37,3,-135,-335825.3,12214.427,5.980000000039581,4.9238281
37,4,-120,-335827.22,12212.349,4.060000000055879,2.84570306
37,5,-105,-335828.22,12211.105,3.06000000005588,1.6025390000000002
37,6,-90,-335828.4,12210.53,2.8800000000046566,1.0273437000000003
37,7,-75,-335827.97,12210.338,3.31000000005588,0.8349609
37,8,-60,-335827.28,12210.284,4,0.78125
37,9,-45,-335827.16,12211.471,4.120000000053551,1.9677734000000002
37,10,-30,-335827.62,12211.51,3.660000000032596,2.0068359000000004
37,11,-15,-335828.03,12211.2,3.25,1.6972656000000002
37,12,0,-335831.28,12209.503,0,0
37,13,15,-335831.12,12210.536,0.1600000000325963,1.0332030000000003
37,14,30,-335827.62,12211.509,3.660000000032596,2.0058593
37,15,45,-335827.16,12211.467,4.120000000053551,1.9638671
37,16,60,-335827.28,12210.405,4,0.9023437000000003
37,17,75,-335827.97,12210.322,3.31000000005588,0.8193359
37,18,90,-335828.4,12210.526,2.8800000000046566,1.0234374000000002
37,19,105,-335828.22,12211.1045,3.06000000005588,1.6015624000000002
37,20,120,-335827.22,12212.354,4.060000000055879,2.8505859
37,21,135,-335825.28,12214.24,6,4.7373046
37,22,150,-335822.5,12217.2295,8.78000000002794,7.7265624
37,23,165,-335819.88,12220.297,11.400000000023285,10.7939452
37,24,180,-335819.06,12221.083,12.220000000030268,11.580078
38,1,-165,-375091.78,10446.106,12.779999999969732,9.1054687
38,2,-150,-375094.88,10444.647,9.679999999993017,7.6464843
38,3,-135,-375096.62,10443.093,7.940000000002328,6.0917968
38,4,-120,-375097.4,10442.653,7.159999999974389,5.6523437
38,5,-105,-375097.62,10442.794,6.940000000002328,5.7929687
38,6,-90,-375098.44,10443.001,6.119999999995343,5.999999900000001
38,7,-75,-375100.1,10442.157,4.460000000020955,5.15624994
38,8,-60,-375101.78,10440.344,2.779999999969732,3.3427734000000004
38,9,-45,-375103.22,10438.444,1.3400000000256114,1.4433593
38,10,-30,-375104.16,10437.286,0.400000000023283,0.28515599999999974
38,11,-15,-375104.56,10437.003,0,0.0019530000000003156
38,12,0,-375104.4,10437.776,0.1599999999743886,0.7753906000000002
38,13,15,-375104.56,10437.001,0,0
38,14,30,-375104.16,10437.283,0.400000000023283,0.28222650000000016
38,15,45,-375103.22,10438.446,1.3400000000256114,1.4453124000000002
38,16,60,-375101.78,10440.344,2.779999999969732,3.3427734000000004
38,17,75,-375100.1,10442.186,4.460000000020955,5.18457025
38,18,90,-375098.44,10442.999,6.119999999995343,5.9980468
38,19,105,-375097.62,10442.793,6.940000000002328,5.7919921
38,20,120,-375097.4,10442.657,7.159999999974389,5.656249900000001
38,21,135,-375096.62,10443.092,7.940000000002328,6.0908202000000005
38,22,150,-375094.88,10444.644,9.679999999993017,7.642578
38,23,165,-375091.78,10446.039,12.779999999969732,9.038086
38,24,180,-375089.72,10445.33,14.840000000025611,8.3291015
39,1,-165,-289471.28,9756.451,2.75,2.43554694
39,2,-150,-289470.88,9757.125,3.150000000023283,3.1093750599999996
39,3,-135,-289470.56,9757.694,3.470000000030268,3.678711
39,4,-120,-289471,9757.526,3.03000000002794,3.51074225
39,5,-105,-289472.53,9756.027,1.5,2.0117187999999997
39,6,-90,-289473.8,9754.656,0.2300000000395812,0.640625
39,7,-75,-289474.03,9754.016,0,0
39,8,-60,-289473.16,9754.456,0.870000000053551,0.4404298
39,9,-45,-289471.5,9756.032,2.53000000002794,2.0166016
39,10,-30,-289469.56,9758.233,4.470000000030268,4.2177735
39,11,-15,-289468,9760.265,6.03000000002794,6.2490235
39,12,0,-289467.25,9761.392,6.78000000002794,7.3759765999999996
39,13,15,-289468,9760.265,6.03000000002794,6.2490235
39,14,30,-289469.56,9758.233,4.470000000030268,4.2177735
39,15,45,-289471.5,9756.034,2.53000000002794,2.01855475
39,16,60,-289473.16,9754.457,0.870000000053551,0.4414062999999997
39,17,75,-289474.03,9754.016,0,0
39,18,90,-289473.8,9754.658,0.2300000000395812,0.6425782
39,19,105,-289472.53,9756.027,1.5,2.0117187999999997
39,20,120,-289471,9757.527,3.03000000002794,3.5117187999999997
39,21,135,-289470.56,9757.694,3.470000000030268,3.678711
39,22,150,-289470.88,9757.125,3.150000000023283,3.1093750599999996
39,23,165,-289471.28,9756.451,2.75,2.43554694
39,24,180,-289471.47,9756.162,2.56000000005588,2.14648444
40,1,-165,-298536.1,10986.52,0,1.3701172000000001
40,2,-150,-298535.94,10986.92,0.1599999999743886,1.7705078000000003
40,3,-135,-298535.6,10987.794,0.5,2.644531225
40,4,-120,-298535.2,10988.4,0.8999999999650754,3.25097654
40,5,-105,-298535.03,10987.514,1.0699999999487773,2.3642578000000003
40,6,-90,-298535.44,10985.969,0.6599999999743886,0.8193359000000002
40,7,-75,-298535.94,10985.149,0.1599999999743886,0
40,8,-60,-298535.84,10985.6045,0.2599999999511055,0.45507810000000015
40,9,-45,-298535.03,10987.262,1.0699999999487773,2.1123046600000004
40,10,-30,-298533.94,10989.518,2.1599999999743886,4.368164
40,11,-15,-298533,10991.525,3.099999999976717,6.3759765999999996
40,12,0,-298532.4,10992.558,3.699999999953434,7.4082031
40,13,15,-298532.4,10991.913,3.699999999953434,6.763671800000001
40,14,30,-298532.94,10990.193,3.1599999999743886,5.043945300000001
40,15,45,-298533.97,10988.138,2.1300000000046566,2.98828122
40,16,60,-298535.1,10986.448,1,1.2988281000000002
40,17,75,-298535.72,10985.9795,0.3800000000046566,0.8300781000000002
40,18,90,-298535.72,10986.702,0.3800000000046566,1.5527344
40,19,105,-298535.4,10987.874,0.6999999999534339,2.72460935
40,20,120,-298535.1,10988.415,1,3.265625
40,21,135,-298534.94,10987.905,1.1599999999743886,2.75585935
40,22,150,-298535.16,10986.822,0.9400000000023284,1.6728515000000002
40,23,165,-298535.6,10986.39,0.5,1.2402344
40,24,180,-298535.97,10986.411,0.1300000000046566,1.2617187
41,1,-165,-440003.75,13674.583,0.4699999999720603,0.1660156000000006
41,2,-150,-440002.56,13676.098,1.6599999999743886,1.6806641000000004
41,3,-135,-440000.62,13678.025,3.599999999976717,3.6083985000000007
41,4,-120,-439998.16,13680.228,6.059999999997672,5.8105469
41,5,-105,-439995.53,13682.838,8.68999999994412,8.4208985
41,6,-90,-439995.8,13688.003,8.419999999983702,13.585937600000001
41,7,-75,-439998.12,13683.809,6.099999999976717,9.391601600000001
41,8,-60,-439999.75,13680.182,4.46999999997206,5.764648500000001
41,9,-45,-440000.56,13677.735,3.6599999999743886,3.3183594000000003
41,10,-30,-440000.7,13676.926,3.519999999960419,2.5087891000000004
41,11,-15,-440000.38,13677.404,3.839999999967404,2.9873047
41,12,0,-439999.88,13679.291,4.339999999967404,4.874023475
41,13,15,-440000.38,13677.404,3.839999999967404,2.9873047
41,14,30,-440000.7,13676.924,3.519999999960419,2.5068360000000003
41,15,45,-440000.56,13677.709,3.6599999999743886,3.2919922
41,16,60,-439999.75,13680.068,4.46999999997206,5.6513672
41,17,75,-439998.12,13683.828,6.099999999976717,9.4111328
41,18,90,-439995.8,13688.005,8.419999999983702,13.587890600000001
41,19,105,-439995.53,13682.834,8.68999999994412,8.416992200000001
41,20,120,-439998.16,13680.184,6.059999999997672,5.7666016
41,21,135,-440000.62,13678.038,3.599999999976717,3.6210938000000006
41,22,150,-440002.56,13676.153,1.6599999999743886,1.7363282000000004
41,23,165,-440003.75,13674.586,0.4699999999720603,0.16894540000000013
41,24,180,-440004.22,13674.417,0,0
42,1,-165,-350266.62,13856.207,4.760000000009313,4.9921875
42,2,-150,-350267.06,13856.986,4.320000000006985,5.771484299999999
42,3,-135,-350266.28,13852.85,5.099999999976717,1.63476559
42,4,-120,-350268.47,13853.579,2.9100000000325963,2.3642578
42,5,-105,-350270.25,13852.269,1.1300000000046566,1.0537109
42,6,-90,-350271.28,13851.502,0.0999999999767169,0.2871093
42,7,-75,-350271.38,13851.216,0,0.0009764999999999358
42,8,-60,-350270.7,13851.233,0.6799999999930151,0.018554699999999924
42,9,-45,-350269.62,13851.451,1.7600000000093132,0.23632809999999993
42,10,-30,-350268.94,13852.793,2.4400000000023283,1.57812496
42,11,-15,-350268.1,13852.426,3.28000000002794,1.21093746
42,12,0,-350267.44,13853.316,3.940000000002328,2.1015624600000002
42,13,15,-350266.62,13856.125,4.760000000009313,4.910156199999999
42,14,30,-350267,13856.901,4.380000000004657,5.6865234000000004
42,15,45,-350266.1,13852.799,5.28000000002794,1.58398434
42,16,60,-350268.5,13853.587,2.8800000000046566,2.3720703
42,17,75,-350270.34,13852.306,1.0399999999790452,1.0908202999999999
42,18,90,-350271.3,13851.491,0.0800000000162981,0.2763671000000001
42,19,105,-350271.38,13851.215,0,0
42,20,120,-350270.78,13851.263,0.5999999999767169,0.047851499999999936
42,21,135,-350269.84,13851.547,1.5399999999790452,0.3320312000000001
42,22,150,-350268.9,13851.865,2.479999999981373,0.6503905999999999
42,23,165,-350268.16,13852.338,3.220000000030268,1.12304684
42,24,180,-350267.4,13853.297,3.9799999999813735,2.0820312
43,1,-165,-393432.1,14237.362,0.150000000023283,0.0927734
43,2,-150,-393432.25,14237.308,0,0.038085900000000006
43,3,-135,-393431.62,14238.201,0.6300000000046566,0.9316405999999999
43,4,-120,-393430.38,14239.7705,1.8699999999953436,2.50097654
43,5,-105,-393428.88,14241.377,3.3699999999953434,4.1074219
43,6,-90,-393427.88,14242.388,4.369999999995343,5.1181640999999996
43,7,-75,-393428.56,14241.6045,3.690000000002328,4.3349609
43,8,-60,-393430.03,14240.174,2.2199999999720603,2.9042969
43,9,-45,-393431.3,14238.722,0.9500000000116416,1.4521484
43,10,-30,-393432.03,14237.746,0.2199999999720603,0.4765625
43,11,-15,-393432.16,14237.371,0.0900000000256113,0.1015625
43,12,0,-393432,14237.27,0.25,0
43,13,15,-393432.16,14237.371,0.0900000000256113,0.1015625
43,14,30,-393432.03,14237.746,0.2199999999720603,0.4765625
43,15,45,-393431.3,14238.722,0.9500000000116416,1.4521484
43,16,60,-393430.03,14240.174,2.2199999999720603,2.9042969
43,17,75,-393428.56,14241.61,3.690000000002328,4.3408203
43,18,90,-393427.88,14242.389,4.369999999995343,5.1191406
43,19,105,-393428.88,14241.379,3.3699999999953434,4.109375
43,20,120,-393430.38,14239.7705,1.8699999999953436,2.50097654
43,21,135,-393431.62,14238.202,0.6300000000046566,0.93261716
43,22,150,-393432.25,14237.308,0,0.038085900000000006
43,23,165,-393432.1,14237.362,0.150000000023283,0.0927734
43,24,180,-393431.25,14237.422,1,0.15234369999999986
44,1,-165,-337946.22,14872.884,1.2800000000279397,1.3876952999999999
44,2,-150,-337943.8,14874.725,3.7000000000116415,3.22851565
44,3,-135,-337941.1,14876.5625,6.400000000023283,5.0664063
44,4,-120,-337939.8,14878.082,7.7000000000116415,6.5859375
44,5,-105,-337942.34,14879.858,5.159999999974389,8.3623047
44,6,-90,-337944.84,14876.376,2.6599999999743886,4.8798828
44,7,-75,-337946.6,14873.752,0.9000000000232831,2.2558594
44,8,-60,-337944.56,14874.597,2.9400000000023283,3.10058596
44,9,-45,-337943.66,14875.388,3.8400000000256114,3.8916016
44,10,-30,-337941.94,14876.963,5.559999999997672,5.4667969
44,11,-15,-337940.12,14877.359,7.380000000004657,5.8632813
44,12,0,-337940.5,14877.835,7,6.338867199999999
44,13,15,-337942.4,14876.84,5.099999999976717,5.34375
44,14,30,-337944.72,14874.835,2.78000000002794,3.338867212
44,15,45,-337946.56,14872.748,0.9400000000023284,1.2519532
44,16,60,-337947.3,14871.496,0.2000000000116415,0
44,17,75,-337946.78,14871.644,0.7199999999720603,0.14746099999999984
44,18,90,-337945.12,14872.801,2.3800000000046566,1.3046875
44,19,105,-337942.56,14875.088,4.940000000002328,3.5917969
44,20,120,-337941.44,14876.261,6.059999999997672,4.7646485
44,21,135,-337944.22,14874.737,3.28000000002794,3.2412109599999996
44,22,150,-337946.3,14872.718,1.2000000000116415,1.2216796999999997
44,23,165,-337947.44,14871.711,0.0599999999976716,0.2148437999999997
44,24,180,-337947.5,14871.774,0,0.2783203999999997
45,1,-165,-684800.44,11468.655,2.06000000005588,1.40039063
45,2,-150,-684801.5,11467.916,1,0.6611328200000001
45,3,-135,-684802.2,11467.5205,0.3000000000465661,0.265625
45,4,-120,-684802.4,11467.42,0.0999999999767169,0.16503908
45,5,-105,-684802.3,11467.349,0.1999999999534338,0.09375
45,6,-90,-684802.3,11467.278,0.1999999999534338,0.0234375
45,7,-75,-684802.44,11467.263,0.0600000000558793,0.0078125
45,8,-60,-684802.5,11467.255,0,0
45,9,-45,-684802.25,11467.326,0.25,0.07128908
45,10,-30,-684801.5,11467.692,1,0.437500005
45,11,-15,-684800.44,11468.264,2.06000000005588,1.0087890800000001
45,12,0,-684799.8,11468.535,2.699999999953434,1.28027344
45,13,15,-684800.44,11468.264,2.06000000005588,1.0087890800000001
45,14,30,-684801.5,11467.692,1,0.437500005
45,15,45,-684802.25,11467.327,0.25,0.07226563000000003
45,16,60,-684802.5,11467.255,0,0
45,17,75,-684802.44,11467.261,0.0600000000558793,0.005859380000000025
45,18,90,-684802.3,11467.278,0.1999999999534338,0.0234375
45,19,105,-684802.3,11467.349,0.1999999999534338,0.09375
45,20,120,-684802.4,11467.42,0.0999999999767169,0.16503908
45,21,135,-684802.2,11467.519,0.3000000000465661,0.26367188
45,22,150,-684801.5,11467.916,1,0.6611328200000001
45,23,165,-684800.44,11468.655,2.06000000005588,1.40039063
45,24,180,-684799.9,11469.109,2.599999999976717,1.85449218
46,1,-165,-470730.34,18869.775,4.319999999948777,4.4433594
46,2,-150,-470729.56,18870.662,5.099999999976717,5.3300781
46,3,-135,-470728.53,18872,6.129999999946449,6.6679688
46,4,-120,-470732.1,18869.799,2.559999999997672,4.4667969
46,5,-105,-470733.22,18868.756,1.4400000000023283,3.42382815
46,6,-90,-470734,18867.193,0.6599999999743886,1.8613281
46,7,-75,-470734.12,18866.23,0.5399999999790452,0.8984375
46,8,-60,-470733.6,18866.518,1.0599999999976717,1.1855468999999998
46,9,-45,-470731.75,18868.084,2.9099999999743886,2.75195315
46,10,-30,-470730.06,18870.715,4.599999999976717,5.3828125
46,11,-15,-470728,18872.828,6.659999999974389,7.4960939
46,12,0,-470725.28,18873.598,9.379999999946447,8.2656249
46,13,15,-470728.84,18870.344,5.819999999948777,5.0117188
46,14,30,-470731.1,18868.465,3.559999999997672,3.13281252
46,15,45,-470733.12,18866.604,1.5399999999790452,1.2714843999999998
46,16,60,-470734.3,18865.332,0.3599999999860301,0
46,17,75,-470734.66,18865.389,0,0.05664069999999999
46,18,90,-470733.97,18866.541,0.6900000000023283,1.2089843999999998
46,19,105,-470732.75,18868.07,1.9099999999743889,2.7382812999999997
46,20,120,-470731.6,18869.232,3.059999999997672,3.90039065
46,21,135,-470731.8,18868.799,2.85999999998603,3.4667969
46,22,150,-470732.6,18867.777,2.059999999997672,2.4453125
46,23,165,-470733.22,18867.201,1.4400000000023283,1.8691406999999998
46,24,180,-470733.4,18867.133,1.2599999999511056,1.8007813
47,1,-165,-382133.34,11623.692,0.7199999999720603,0
47,2,-150,-382131.9,11624.172,2.1599999999743886,0.47949220000000015
47,3,-135,-382130.12,11625.376,3.940000000002328,1.6835938000000001
47,4,-120,-382128.4,11627.068,5.659999999974389,3.3759766
47,5,-105,-382126.88,11628.708,7.179999999993015,5.015625
47,6,-90,-382125.97,11629.936,8.090000000025611,6.2431640999999996
47,7,-75,-382126.06,11630.599,8,6.90625
47,8,-60,-382126.56,11629.333,7.5,5.640625
47,9,-45,-382127.16,11628.458,6.900000000023283,4.765625
47,10,-30,-382127.4,11627.984,6.659999999974389,4.2919922
47,11,-15,-382127.53,11627.924,6.529999999969732,4.2314453499999996
47,12,0,-382127.7,11628.047,6.35999999998603,4.3544922
47,13,15,-382127.53,11627.924,6.529999999969732,4.2314453499999996
47,14,30,-382127.4,11627.984,6.659999999974389,4.2919922
47,15,45,-382127.16,11628.453,6.900000000023283,4.7607422
47,16,60,-382126.56,11629.335,7.5,5.6425782
47,17,75,-382126.1,11630.576,7.960000000020955,6.8837890999999996
47,18,90,-382125.97,11629.936,8.090000000025611,6.2431640999999996
47,19,105,-382126.88,11628.708,7.179999999993015,5.015625
47,20,120,-382128.4,11627.068,5.659999999974389,3.3759766
47,21,135,-382130.12,11625.385,3.940000000002328,1.6923827999999999
47,22,150,-382131.9,11624.169,2.1599999999743886,0.47656259999999984
47,23,165,-382133.34,11623.692,0.7199999999720603,0
47,24,180,-382134.06,11623.703,0,0.010742200000000146
48,1,-165,-421260.75,15428.799,0.9699999999720604,0.6279296999999999
48,2,-150,-421261.66,15428.37,0.0599999999976716,0.19921870000000008
48,3,-135,-421261.6,15429.056,0.1199999999953433,0.8847655999999999
48,4,-120,-421260.88,15430.732,0.8399999999674037,2.56152344
48,5,-105,-421259.97,15432.68,1.75,4.5087890999999996
48,6,-90,-421259.62,15433.552,2.099999999976717,5.3808594
48,7,-75,-421260.2,15432.454,1.5199999999604188,4.2832031
48,8,-60,-421261.16,15430.388,0.5599999999976717,2.21679688
48,9,-45,-421261.72,15428.7295,0,0.5585937000000001
48,10,-30,-421261.44,15428.174,0.279999999969732,0.002929699999999924
48,11,-15,-421260.3,15428.706,1.419999999983702,0.5351562999999999
48,12,0,-421258.53,15429.952,3.1899999999441206,1.78125
48,13,15,-421260.3,15428.707,1.419999999983702,0.5361328000000001
48,14,30,-421261.44,15428.171,0.279999999969732,0
48,15,45,-421261.72,15428.729,0,0.5576171999999999
48,16,60,-421261.16,15430.387,0.5599999999976717,2.2158203
48,17,75,-421260.2,15432.453,1.5199999999604188,4.2822265
48,18,90,-421259.62,15433.554,2.099999999976717,5.3828125
48,19,105,-421259.97,15432.674,1.75,4.5029297
48,20,120,-421260.88,15430.741,0.8399999999674037,2.5703125
48,21,135,-421261.6,15429.056,0.1199999999953433,0.8847655999999999
48,22,150,-421261.66,15428.372,0.0599999999976716,0.20117190000000007
48,23,165,-421260.75,15428.799,0.9699999999720604,0.6279296999999999
48,24,180,-421259,15429.933,2.7199999999720603,1.76171875
49,1,-165,-516840.12,8808.832,4.5,3.4794921
49,2,-150,-516841.5,8808.192,3.1199999999953434,2.8398437000000003
49,3,-135,-516842.84,8807.326,1.779999999969732,1.97363278
49,4,-120,-516843.88,8806.492,0.7399999999906868,1.1396484
49,5,-105,-516844.5,8805.804,0.1199999999953433,0.4511718
49,6,-90,-516844.62,8805.354,0,0.0009764999999999358
49,7,-75,-516844.38,8805.481,0.2399999999906867,0.12890620000000008
49,8,-60,-516843.94,8805.948,0.6799999999930151,0.5957031
49,9,-45,-516843.34,8806.416,1.279999999969732,1.0634765000000002
49,10,-30,-516842.72,8806.92,1.900000000023283,1.567382775
49,11,-15,-516842.28,8807.465,2.339999999967404,2.11230465
49,12,0,-516841.66,8808.922,2.9600000000209548,3.5693359
49,13,15,-516842.28,8807.465,2.339999999967404,2.11230465
49,14,30,-516842.72,8806.92,1.900000000023283,1.567382775
49,15,45,-516843.34,8806.416,1.279999999969732,1.0634765000000002
49,16,60,-516843.94,8805.952,0.6799999999930151,0.59960934
49,17,75,-516844.38,8805.491,0.2399999999906867,0.1386718
49,18,90,-516844.62,8805.353,0,0
49,19,105,-516844.5,8805.804,0.1199999999953433,0.4511718
49,20,120,-516843.88,8806.495,0.7399999999906868,1.1425781
49,21,135,-516842.8,8807.327,1.820000000006985,1.97460934
49,22,150,-516841.5,8808.191,3.1199999999953434,2.8388671
49,23,165,-516840.12,8808.83,4.5,3.477539
49,24,180,-516839.47,8809.109,5.150000000023283,3.7568359
50,1,-165,-358207.4,11482.246,0.1999999999534338,0.27246099999999984
50,2,-150,-358206.7,11482.019,0.8999999999650754,0.04492189999999985
50,3,-135,-358205.44,11482.909,2.1599999999743886,0.9355468999999998
50,4,-120,-358203.88,11484.735,3.71999999997206,2.7617187999999997
50,5,-105,-358199.8,11489.103,7.7999999999883585,7.1289063
50,6,-90,-358199.88,11489.86,7.71999999997206,7.886718800000001
50,7,-75,-358200.6,11489.231,7,7.2578125
50,8,-60,-358201.34,11487.955,6.259999999951106,5.9814454
50,9,-45,-358203.28,11483.639,4.319999999948777,1.6650391
50,10,-30,-358201.03,11486.219,6.569999999948777,4.2451172
50,11,-15,-358199.7,11486.656,7.899999999965075,4.6826172
50,12,0,-358198.12,11487.01,9.479999999981374,5.0361328
50,13,15,-358199.7,11486.615,7.899999999965075,4.6416015999999996
50,14,30,-358202.75,11483.16,4.849999999976717,1.1865234
50,15,45,-358203.28,11483.639,4.319999999948777,1.6650391
50,16,60,-358201.34,11487.956,6.259999999951106,5.9824219
50,17,75,-358200.6,11489.23,7,7.256836
50,18,90,-358199.88,11489.857,7.71999999997206,7.8837890999999996
50,19,105,-358199.8,11489.104,7.7999999999883585,7.1298828
50,20,120,-358203.88,11484.733,3.71999999997206,2.75976565
50,21,135,-358205.44,11482.944,2.1599999999743886,0.9707032
50,22,150,-358206.7,11481.974,0.8999999999650754,0
50,23,165,-358207.4,11482.233,0.1999999999534338,0.2597655999999997
50,24,180,-358207.6,11482.614,0,0.640625
51,1,-165,-398865.53,16945.07,5,6.7070313
51,2,-150,-398867.1,16944.998,3.4300000000512227,6.6347656
51,3,-135,-398867.03,16944.209,3.5,5.8457032
51,4,-120,-398866.56,16944.059,3.970000000030268,5.6953125
51,5,-105,-398866.1,16943.924,4.430000000051223,5.5605469
51,6,-90,-398866,16943.756,4.53000000002794,5.3925782
51,7,-75,-398866.72,16945.223,3.81000000005588,6.859375
51,8,-60,-398866.66,16943.707,3.870000000053551,5.34375
51,9,-45,-398866.72,16944.24,3.81000000005588,5.8769532
51,10,-30,-398866.06,16945.55,4.470000000030268,7.1875
51,11,-15,-398864.5,16947.621,6.03000000002794,9.2578124
51,12,0,-398867.62,16941.896,2.9100000000325963,3.53320315
51,13,15,-398869.56,16939.816,0.970000000030268,1.453125
51,14,30,-398870.53,16938.586,0,0.2226562999999997
51,15,45,-398870.5,16938.363,0.0300000000279396,0
51,16,60,-398869.72,16938.867,0.8100000000558794,0.5039062999999997
51,17,75,-398868.62,16939.633,1.9100000000325963,1.2695312999999997
51,18,90,-398867.78,16940.168,2.75,1.8046875
51,19,105,-398867.44,16940.28,3.090000000025612,1.9160155999999997
51,20,120,-398867.97,16940.707,2.56000000005588,2.34375
51,21,135,-398869.1,16940.242,1.4300000000512227,1.8789062999999997
51,22,150,-398869.66,16940.346,0.870000000053551,1.9824218999999998
51,23,165,-398869.28,16941.223,1.25,2.859375
51,24,180,-398867.8,16942.867,2.730000000039581,4.5039063
52,1,-165,-395967.12,13437.598,0.0999999999767169,0.5175781000000002
52,2,-150,-395966.56,13437.992,0.6599999999743886,0.9121094000000001
52,3,-135,-395965.7,13438.23,1.5199999999604188,1.15039065
52,4,-120,-395964.75,13438.512,2.4699999999720603,1.43164065
52,5,-105,-395963.9,13438.719,3.3199999999487773,1.6386719
52,6,-90,-395963.28,13439.423,3.9399999999441206,2.34277346
52,7,-75,-395962.88,13440.164,4.339999999967404,3.0839844000000003
52,8,-60,-395962.88,13440.438,4.339999999967404,3.3583985
52,9,-45,-395962.7,13440.12,4.519999999960419,3.0400391
52,10,-30,-395962.22,13439.637,5,2.5566406500000003
52,11,-15,-395961.75,13439.379,5.46999999997206,2.2988281500000003
52,12,0,-395961.47,13439.077,5.75,1.9970703380000001
52,13,15,-395961.75,13439.401,5.46999999997206,2.3212891
52,14,30,-395962.22,13439.657,5,2.57714846
52,15,45,-395962.7,13440.112,4.519999999960419,3.0322266
52,16,60,-395962.84,13440.38,4.379999999946449,3.2998047
52,17,75,-395962.88,13440.193,4.339999999967404,3.1132813
52,18,90,-395963.28,13439.462,3.9399999999441206,2.38183596
52,19,105,-395963.9,13438.762,3.3199999999487773,1.68164065
52,20,120,-395964.75,13438.515,2.4699999999720603,1.43457034
52,21,135,-395965.7,13438.243,1.5199999999604188,1.16308596
52,22,150,-395966.56,13438.067,0.6599999999743886,0.9873047
52,23,165,-395967.12,13437.606,0.0999999999767169,0.5263672000000001
52,24,180,-395967.22,13437.08,0,0
53,1,-165,-311748.38,11515.29,3.869999999995344,1.4257812600000002
53,2,-150,-311748.47,11516.656,3.78000000002794,2.7919922
53,3,-135,-311747.94,11517.244,4.309999999997672,3.3798828
53,4,-120,-311747.28,11517.494,4.96999999997206,3.6298828
53,5,-105,-311749.06,11519.042,3.1900000000023283,5.1777344
53,6,-90,-311751.22,11514.27,1.0300000000279397,0.40527350000000006
53,7,-75,-311752.25,11513.968,0,0.10351569999999999
53,8,-60,-311751.97,11514.992,0.2800000000279397,1.1279297000000001
53,9,-45,-311750.94,11514.12,1.3099999999976717,0.25585940000000007
53,10,-30,-311748.94,11516.722,3.309999999997672,2.8574219000000003
53,11,-15,-311747.97,11517.381,4.28000000002794,3.5166016000000004
53,12,0,-311747.12,11517.557,5.130000000004657,3.6923828
53,13,15,-311747.97,11517.373,4.28000000002794,3.5087891000000004
53,14,30,-311748.94,11516.667,3.309999999997672,2.8027344000000003
53,15,45,-311750.94,11514.154,1.3099999999976717,0.2900391000000002
53,16,60,-311751.97,11515.002,0.2800000000279397,1.1376953000000003
53,17,75,-311752.25,11513.864,0,0
53,18,90,-311751.22,11514.269,1.0300000000279397,0.40429690000000007
53,19,105,-311746.94,11517.126,5.309999999997672,3.2617188
53,20,120,-311747.28,11517.509,4.96999999997206,3.6445313
53,21,135,-311747.94,11517.243,4.309999999997672,3.3789063
53,22,150,-311748.22,11515.802,4.03000000002794,1.9375000100000002
53,23,165,-311748.4,11515.265,3.849999999976717,1.4003906400000001
53,24,180,-311747.84,11514.419,4.409999999974389,0.5546875000000002
54,1,-165,-563141.25,11274.371,0,0.0019530999999997078
54,2,-150,-563140.75,11274.689,0.5,0.3203125
54,3,-135,-563139.4,11275.79,1.849999999976717,1.4208984999999998
54,4,-120,-563137.6,11277.46,3.650000000023283,3.0908203399999996
54,5,-105,-563136.1,11279.084,5.150000000023283,4.7148438
54,6,-90,-563135.56,11279.782,5.689999999944121,5.4130859000000004
54,7,-75,-563136.3,11279.047,4.949999999953434,4.6777344
54,8,-60,-563137.75,11277.811,3.5,3.4414062999999997
54,9,-45,-563139.1,11276.679,2.150000000023283,2.30957034
54,10,-30,-563139.94,11276.015,1.3100000000558794,1.6455078399999998
54,11,-15,-563140.1,11275.887,1.150000000023283,1.5175781499999998
54,12,0,-563139.56,11276.312,1.6899999999441206,1.9423828399999998
54,13,15,-563140.1,11275.881,1.150000000023283,1.5117187999999997
54,14,30,-563139.94,11276.014,1.3100000000558794,1.6445312999999997
54,15,45,-563139.1,11276.689,2.150000000023283,2.32031252
54,16,60,-563137.75,11277.809,3.5,3.43945315
54,17,75,-563136.3,11279.053,4.949999999953434,4.6835938
54,18,90,-563135.56,11279.779,5.689999999944121,5.4101563
54,19,105,-563136.1,11279.084,5.150000000023283,4.7148438
54,20,120,-563137.6,11277.441,3.650000000023283,3.07226565
54,21,135,-563139.4,11275.794,1.849999999976717,1.4248047
54,22,150,-563140.75,11274.688,0.5,0.3193359
54,23,165,-563141.25,11274.369,0,0
54,24,180,-563140.8,11274.91,0.4499999999534338,0.5410156999999998
55,1,-165,-462154.06,15961.733,0.9400000000023284,0.8857421999999997
55,2,-150,-462153.66,15962.43,1.3400000000256114,1.5820312999999997
55,3,-135,-462152.78,15963.802,2.2199999999720603,2.9541016
55,4,-120,-462151.44,15966,3.559999999997672,5.1523438
55,5,-105,-462149.66,15968.86,5.340000000025611,8.0126954
55,6,-90,-462147.9,15971.932,7.099999999976717,11.083984399999999
55,7,-75,-462149.75,15968.835,5.25,7.9873047999999995
55,8,-60,-462151.62,15965.846,3.3800000000046566,4.9980469
55,9,-45,-462153.16,15963.485,1.8400000000256116,2.6376954
55,10,-30,-462154.16,15961.953,0.8400000000256114,1.1054687999999997
55,11,-15,-462154.8,15961.089,0.2000000000116415,0.24121099999999984
55,12,0,-462155,15960.848,0,0
55,13,15,-462154.8,15961.089,0.2000000000116415,0.24121099999999984
55,14,30,-462154.22,15961.943,0.7800000000279397,1.0957032
55,15,45,-462153.16,15963.483,1.8400000000256116,2.6357422
55,16,60,-462151.62,15965.846,3.3800000000046566,4.9980469
55,17,75,-462149.75,15968.835,5.25,7.9873047999999995
55,18,90,-462147.88,15971.907,7.119999999995343,11.0595704
55,19,105,-462149.66,15968.845,5.340000000025611,7.9970704
55,20,120,-462151.44,15966.001,3.559999999997672,5.1533204
55,21,135,-462152.78,15963.813,2.2199999999720603,2.9658203999999997
55,22,150,-462153.66,15962.428,1.3400000000256114,1.5800782
55,23,165,-462154.06,15961.733,0.9400000000023284,0.8857421999999997
55,24,180,-462154.16,15961.531,0.8400000000256114,0.6835937999999997
56,1,-165,-349505.44,13518.703,0.2199999999720603,1.2041015
56,2,-150,-349504.84,13519.706,0.8199999999487773,2.2070312
56,3,-135,-349504.16,13520.689,1.5,3.1904296399999996
56,4,-120,-349503.9,13521.326,1.7599999999511056,3.8271483999999996
56,5,-105,-349503.9,13521.837,1.7599999999511056,4.3378906
56,6,-90,-349503.94,13521.997,1.7199999999720603,4.4980468
56,7,-75,-349503.9,13521.671,1.7599999999511056,4.171875
56,8,-60,-349503.9,13520.968,1.7599999999511056,3.46874995
56,9,-45,-349504.25,13520.184,1.4099999999743886,2.684570262
56,10,-30,-349504.9,13519.011,0.7599999999511056,1.5117186999999999
56,11,-15,-349505.44,13517.924,0.2199999999720603,0.42480459999999987
56,12,0,-349505.62,13517.499,0.0399999999790452,0
56,13,15,-349505.44,13517.916,0.2199999999720603,0.4169921999999997
56,14,30,-349504.9,13519.014,0.7599999999511056,1.5146483999999998
56,15,45,-349504.25,13520.184,1.4099999999743886,2.684570262
56,16,60,-349503.9,13520.986,1.7599999999511056,3.4873046399999996
56,17,75,-349503.9,13521.659,1.7599999999511056,4.160156199999999
56,18,90,-349503.94,13521.994,1.7199999999720603,4.4951171
56,19,105,-349503.9,13521.838,1.7599999999511056,4.3388671
56,20,120,-349503.9,13521.336,1.7599999999511056,3.836914
56,21,135,-349504.16,13520.69,1.5,3.1914062
56,22,150,-349504.84,13519.705,0.8199999999487773,2.2060546399999996
56,23,165,-349505.44,13518.686,0.2199999999720603,1.1865233999999998
56,24,180,-349505.66,13518.28,0,0.7812499999999998
57,1,-165,-487200.44,13905.872,0.0900000000256113,0.3427733999999998
57,2,-150,-487200.3,13906.5,0.2300000000395812,0.9707030999999999
57,3,-135,-487200.28,13906.721,0.25,1.1914061999999999
57,4,-120,-487200.22,13906.396,0.3100000000558793,0.8671874999999998
57,5,-105,-487200,13905.768,0.5300000000279397,0.2382812999999997
57,6,-90,-487199.56,13905.607,0.970000000030268,0.078125
57,7,-75,-487199.03,13906.056,1.5,0.5263671999999999
57,8,-60,-487198.06,13907.025,2.470000000030268,1.4960937399999998
57,9,-45,-487196.78,13908.657,3.75,3.1279296999999997
57,10,-30,-487195.7,13910.451,4.830000000016298,4.921875
57,11,-15,-487194.97,13911.757,5.560000000055879,6.2275390999999996
57,12,0,-487194.7,13912.294,5.830000000016298,6.7646483
57,13,15,-487195.03,13912.096,5.5,6.5664063
57,14,30,-487195.97,13911.265,4.560000000055879,5.7353515
57,15,45,-487197.3,13909.978,3.230000000039581,4.448242199999999
57,16,60,-487198.47,13908.914,2.06000000005588,3.3847655999999997
57,17,75,-487198.94,13908.503,1.5900000000256114,2.9736328
57,18,90,-487198.78,13908.236,1.75,2.70703124
57,19,105,-487200,13905.763,0.5300000000279397,0.2333984
57,20,120,-487200.22,13906.396,0.3100000000558793,0.8671874999999998
57,21,135,-487200.28,13906.721,0.25,1.1914061999999999
57,22,150,-487200.3,13906.5,0.2300000000395812,0.9707030999999999
57,23,165,-487200.44,13905.877,0.0900000000256113,0.34765619999999986
57,24,180,-487200.53,13905.529,0,0
58,1,-165,-474126.66,14936.87,7.809999999997672,6.349609200000001
58,2,-150,-474125,14938.789,9.46999999997206,8.2685545
58,3,-135,-474122.38,14941.86,12.089999999967404,11.3398436
58,4,-120,-474119.03,14944.948,15.43999999994412,14.427734000000001
58,5,-105,-474116.34,14951.379,18.12999999994645,20.858398
58,6,-90,-474119.62,14947.045,14.849999999976715,16.524414
58,7,-75,-474123.88,14942.674,10.589999999967404,12.1533201
58,8,-60,-474127.84,14938.392,6.629999999946449,7.8710936
58,9,-45,-474130.9,14934.733,3.5699999999487773,4.2128904
58,10,-30,-474133.03,14932.23,1.4399999999441206,1.7099608000000002
58,11,-15,-474134.16,14930.88,0.3099999999976717,0.359375
58,12,0,-474134.47,14930.5205,0,0
58,13,15,-474134.16,14930.878,0.3099999999976717,0.3574219999999997
58,14,30,-474133.06,14932.251,1.4099999999743886,1.730468600000001
58,15,45,-474130.9,14934.746,3.5699999999487773,4.2255858
58,16,60,-474127.84,14938.4,6.629999999946449,7.8798826
58,17,75,-474123.88,14942.714,10.589999999967404,12.1933592
58,18,90,-474119.62,14947.051,14.849999999976715,16.5302732
58,19,105,-474116.34,14951.384,18.12999999994645,20.863281
58,20,120,-474119.03,14944.935,15.43999999994412,14.414062300000001
58,21,135,-474122.38,14941.859,12.089999999967404,11.338867
58,22,150,-474125,14938.795,9.46999999997206,8.2744139
58,23,165,-474126.66,14936.872,7.809999999997672,6.3515623
58,24,180,-474127.16,14936.314,7.309999999997672,5.7939451
59,1,-165,-685735.2,14696.771,0.0500000000465661,0.20703119999999986
59,2,-150,-685734.9,14697.024,0.3499999999767169,0.4599608999999998
59,3,-135,-685734.44,14697.422,0.8100000000558794,0.8574218999999998
59,4,-120,-685734,14697.909,1.25,1.3447265499999999
59,5,-105,-685733.75,14698.258,1.5,1.6933593599999999
59,6,-90,-685733.6,14698.018,1.650000000023283,1.453125
59,7,-75,-685733.5,14697.569,1.75,1.0048827999999999
59,8,-60,-685732.94,14697.818,2.31000000005588,1.2539062399999998
59,9,-45,-685731.75,14699.166,3.5,2.6015625
59,10,-30,-685730.3,14701.241,4.949999999953434,4.6767578
59,11,-15,-685729.2,14702.718,6.050000000046566,6.1533203
59,12,0,-685728.56,14702.952,6.689999999944121,6.3876953
59,13,15,-685729.2,14702.717,6.050000000046566,6.152343699999999
59,14,30,-685730.3,14701.24,4.949999999953434,4.6757813
59,15,45,-685731.75,14699.166,3.5,2.6015625
59,16,60,-685732.94,14697.819,2.31000000005588,1.2548827999999999
59,17,75,-685733.5,14697.569,1.75,1.0048827999999999
59,18,90,-685733.6,14698.018,1.650000000023283,1.453125
59,19,105,-685733.75,14698.259,1.5,1.6943359199999999
59,20,120,-685734,14697.911,1.25,1.3466796999999997
59,21,135,-685734.44,14697.422,0.8100000000558794,0.8574218999999998
59,22,150,-685734.9,14697.022,0.3499999999767169,0.45800779999999985
59,23,165,-685735.2,14696.772,0.0500000000465661,0.20800779999999985
59,24,180,-685735.25,14696.564,0,0
60,1,-165,-327886.28,15729.746,5,3.5439453999999997
60,2,-150,-327889.1,15727.741,2.1800000000512227,1.5390625999999998
60,3,-135,-327890.88,15726.54,0.400000000023283,0.3378907
60,4,-120,-327891.28,15726.202,0,0
60,5,-105,-327891.06,15726.39,0.2200000000302679,0.1875
60,6,-90,-327889.62,15727.399,1.6600000000325963,1.1972657
60,7,-75,-327887.06,15729.163,4.220000000030268,2.9609376
60,8,-60,-327883.72,15731.965,7.560000000055879,5.7626954
60,9,-45,-327883.8,15733.555,7.480000000039581,7.3525390999999996
60,10,-30,-327884.22,15733.668,7.060000000055879,7.4658204
60,11,-15,-327884.44,15733.611,6.840000000025611,7.4091798
60,12,0,-327885.25,15732.688,6.03000000002794,6.4863282
60,13,15,-327886.44,15731.323,4.840000000025611,5.1210938
60,14,30,-327887.16,15730.146,4.120000000053551,3.944336
60,15,45,-327886.97,15729.45,4.310000000055879,3.2480469
60,16,60,-327885.6,15729.751,5.680000000051223,3.5488282
60,17,75,-327886.44,15729.33,4.840000000025611,3.1279297999999995
60,18,90,-327887.22,15729.797,4.060000000055879,3.5947266
60,19,105,-327886.66,15731.037,4.620000000053551,4.834961
60,20,120,-327885.44,15732.46,5.840000000025611,6.257812599999999
60,21,135,-327884.44,15733.606,6.840000000025611,7.404297
60,22,150,-327884.2,15733.662,7.080000000016298,7.459961
60,23,165,-327883.7,15733.418,7.580000000016298,7.2158204
60,24,180,-327882.25,15733.214,9.03000000002794,7.0117188
61,1,-165,-441985.84,16140.823,1.0399999999790452,1.3896484
61,2,-150,-441986.75,16139.6875,0.1300000000046566,0.25390619999999997
61,3,-135,-441986.84,16139.441,0.0399999999790452,0.0078125
61,4,-120,-441986.34,16140.05,0.5399999999790452,0.6162109
61,5,-105,-441985.56,16141.046,1.320000000006985,1.61230466
61,6,-90,-441984.9,16141.925,1.979999999981373,2.4912109
61,7,-75,-441985.66,16141.05,1.220000000030268,1.6162109
61,8,-60,-441986.44,16140.016,0.4400000000023283,0.5820312
61,9,-45,-441986.88,16139.434,0,0
61,10,-30,-441986.62,16139.759,0.2600000000093132,0.32519529999999996
61,11,-15,-441985.62,16140.932,1.2600000000093132,1.49804685
61,12,0,-441984.22,16142.448,2.6600000000325963,3.0146484
61,13,15,-441985.62,16140.93,1.2600000000093132,1.49609372
61,14,30,-441986.62,16139.757,0.2600000000093132,0.32324215999999995
61,15,45,-441986.88,16139.436,0,0.00195309999999993
61,16,60,-441986.44,16140.016,0.4400000000023283,0.5820312
61,17,75,-441985.66,16141.048,1.220000000030268,1.6142577999999999
61,18,90,-441984.9,16141.924,1.979999999981373,2.4902343
61,19,105,-441985.56,16141.046,1.320000000006985,1.61230466
61,20,120,-441986.34,16140.052,0.5399999999790452,0.6181640399999999
61,21,135,-441986.84,16139.441,0.0399999999790452,0.0078125
61,22,150,-441986.75,16139.692,0.1300000000046566,0.2587890399999999
61,23,165,-441985.84,16140.821,1.0399999999790452,1.3876952999999999
61,24,180,-441984.34,16142.2705,2.539999999979045,2.836914
62,1,-165,-438241.16,14447.617,0.720000000030268,0.4892580000000004
62,2,-150,-438239.03,14449.058,2.849999999976717,1.9296877000000006
62,3,-135,-438235.88,14451.149,6,4.021484600000001
62,4,-120,-438232.06,14452.92,9.820000000006983,5.791992380000001
62,5,-105,-438228.34,14453.198,13.539999999979043,6.070312700000001
62,6,-90,-438225.34,14452.484,16.539999999979045,5.3564455
62,7,-75,-438223.66,14452.582,18.220000000030268,5.45410175
62,8,-60,-438223.25,14453.734,18.630000000004657,6.6064455
62,9,-45,-438223.1,14454.443,18.78000000002794,7.315429900000001
62,10,-30,-438222.5,14454.963,19.380000000004657,7.834961100000001
62,11,-15,-438221.25,14456.076,20.630000000004657,8.9482424
62,12,0,-438219.25,14458.194,22.630000000004657,11.0664064
62,13,15,-438221.25,14456.071,20.630000000004657,8.9433596
62,14,30,-438222.5,14454.963,19.380000000004657,7.834961100000001
62,15,45,-438223.1,14454.443,18.78000000002794,7.315429900000001
62,16,60,-438223.25,14453.754,18.630000000004657,6.6259768
62,17,75,-438223.66,14452.584,18.220000000030268,5.456054875
62,18,90,-438225.34,14452.461,16.539999999979045,5.333008
62,19,105,-438228.34,14453.146,13.539999999979043,6.018554900000001
62,20,120,-438232.06,14452.91,9.820000000006983,5.78222675
62,21,135,-438235.88,14451.153,6,4.0253908
62,22,150,-438239.03,14449.058,2.849999999976717,1.9296877000000006
62,23,165,-438241.16,14447.612,0.720000000030268,0.484375
62,24,180,-438241.88,14447.128,0,0
63,1,-165,-420507.44,15602.681,1.2199999999720603,0.42675779999999996
63,2,-150,-420508.53,15602.256,0.1299999999464489,0.00195309999999993
63,3,-135,-420508.66,15602.535,0,0.28125
63,4,-120,-420507.88,15603.812,0.779999999969732,1.55761715
63,5,-105,-420506.8,15605.713,1.8599999999860304,3.4589844
63,6,-90,-420506.28,15606.798,2.379999999946449,4.5439453
63,7,-75,-420506.8,15605.724,1.8599999999860304,3.4697265
63,8,-60,-420507.88,15603.832,0.779999999969732,1.57812496
63,9,-45,-420508.66,15602.544,0,0.29003899999999994
63,10,-30,-420508.56,15602.257,0.0999999999767169,0.0029296000000000877
63,11,-15,-420507.47,15602.7,1.1900000000023283,0.44628900000000005
63,12,0,-420506.44,15602.866,2.2199999999720603,0.61230465
63,13,15,-420507.47,15602.699,1.1900000000023283,0.44531246
63,14,30,-420508.56,15602.257,0.0999999999767169,0.0029296000000000877
63,15,45,-420508.66,15602.544,0,0.29003899999999994
63,16,60,-420507.88,15603.834,0.779999999969732,1.58007809
63,17,75,-420506.8,15605.725,1.8599999999860304,3.4707031
63,18,90,-420506.28,15606.798,2.379999999946449,4.5439453
63,19,105,-420506.8,15605.713,1.8599999999860304,3.4589844
63,20,120,-420507.88,15603.812,0.779999999969732,1.55761715
63,21,135,-420508.66,15602.535,0,0.28125
63,22,150,-420508.53,15602.254,0.1299999999464489,0
63,23,165,-420507.44,15602.68,1.2199999999720603,0.42578119999999997
63,24,180,-420506.44,15602.872,2.2199999999720603,0.618164
64,1,-165,-442924.47,17027.375,3.370000000053551,1.16406255
64,2,-150,-442925.12,17029.193,2.720000000030268,2.9824219
64,3,-135,-442926.34,17030.107,1.5,3.8964844000000003
64,4,-120,-442926.88,17029.865,0.9600000000209548,3.6542969
64,5,-105,-442927,17029.242,0.8400000000256114,3.03125
64,6,-90,-442927.25,17028.24,0.5900000000256114,2.0292969199999997
64,7,-75,-442927.7,17027.01,0.1400000000139698,0.7988282
64,8,-60,-442927.84,17026.21,0,0
64,9,-45,-442927.3,17026.291,0.5400000000372529,0.08007819999999999
64,10,-30,-442926.22,17027.234,1.620000000053551,1.02343755
64,11,-15,-442925.03,17028.453,2.809999999997672,2.2421875499999997
64,12,0,-442924.38,17029.027,3.4600000000209548,2.8164062999999997
64,13,15,-442925.03,17028.453,2.809999999997672,2.2421875499999997
64,14,30,-442926.22,17027.223,1.620000000053551,1.0117188
64,15,45,-442927.3,17026.283,0.5400000000372529,0.07226569999999999
64,16,60,-442927.8,17026.39,0.0400000000372529,0.17968759999999984
64,17,75,-442927.7,17027.008,0.1400000000139698,0.796875
64,18,90,-442927.25,17028.238,0.5900000000256114,2.0273437999999997
64,19,105,-442927,17029.242,0.8400000000256114,3.03125
64,20,120,-442926.88,17029.867,0.9600000000209548,3.65625
64,21,135,-442926.34,17030.115,1.5,3.9042969000000003
64,22,150,-442925.12,17029.078,2.720000000030268,2.8671875499999997
64,23,165,-442924.47,17027.371,3.370000000053551,1.1601563
64,24,180,-442924.25,17026.428,3.590000000025612,0.21679689999999985
65,1,-165,-335804.25,12510.039,0.4500000000116415,0.8769530999999997
65,2,-150,-335803.1,12511.8,1.6000000000349246,2.6376953
65,3,-135,-335801.62,12513.047,3.080000000016298,3.8847656099999996
65,4,-120,-335800.2,12513.596,4.5,4.43359374
65,5,-105,-335799.12,12513.916,5.580000000016298,4.753906199999999
65,6,-90,-335799.03,12513.527,5.669999999983702,4.36523436
65,7,-75,-335799.56,12512.972,5.14000000001397,3.8095703
65,8,-60,-335800,12512.414,4.7000000000116415,3.2519530999999997
65,9,-45,-335800.22,12512.505,4.480000000039581,3.34277342
65,10,-30,-335799.75,12513.447,4.9500000000116415,4.28515624
65,11,-15,-335798.97,12514.794,5.730000000039581,5.6318359
65,12,0,-335798.12,12515.441,6.580000000016298,6.2792969
65,13,15,-335798.97,12514.79,5.730000000039581,5.6279297
65,14,30,-335799.75,12513.448,4.9500000000116415,4.2861328
65,15,45,-335800.22,12512.503,4.480000000039581,3.3408203
65,16,60,-335800,12512.414,4.7000000000116415,3.2519530999999997
65,17,75,-335799.56,12512.972,5.14000000001397,3.8095703
65,18,90,-335799.03,12513.513,5.669999999983702,4.3505859
65,19,105,-335799.12,12513.926,5.580000000016298,4.7636719
65,20,120,-335800.2,12513.596,4.5,4.43359374
65,21,135,-335801.62,12513.047,3.080000000016298,3.8847656099999996
65,22,150,-335803.1,12511.798,1.6000000000349246,2.6357422
65,23,165,-335804.25,12510.041,0.4500000000116415,0.8789062999999997
65,24,180,-335804.7,12509.162,0,0
66,1,-165,-741882.8,10293.76,2.449999999953434,0.56640625
66,2,-150,-741883.1,10293.789,2.150000000023283,0.595703125
66,3,-135,-741883.6,10294.15,1.650000000023283,0.95703125
66,4,-120,-741884.25,10294.271,1,1.078125
66,5,-105,-741884.9,10293.946,0.3499999999767169,0.75292969
66,6,-90,-741884.1,10294.337,1.150000000023283,1.1435547000000001
66,7,-75,-741885.25,10293.63,0,0.43652344
66,8,-60,-741884.8,10293.299,0.4499999999534338,0.10546875
66,9,-45,-741884.1,10293.196,1.150000000023283,0.002929700000000035
66,10,-30,-741883.4,10293.304,1.849999999976717,0.11035156000000002
66,11,-15,-741882.75,10293.517,2.5,0.32324219
66,12,0,-741882.56,10293.708,2.6899999999441206,0.514648438
66,13,15,-741882.75,10293.513,2.5,0.31933594
66,14,30,-741883.4,10293.302,1.849999999976717,0.10839843999999998
66,15,45,-741884.1,10293.193,1.150000000023283,0
66,16,60,-741884.8,10293.296,0.4499999999534338,0.10253906000000002
66,17,75,-741885.25,10293.635,0,0.44140625
66,18,90,-741884.1,10294.309,1.150000000023283,1.1152343999999998
66,19,105,-741884.9,10293.945,0.3499999999767169,0.75195312
66,20,120,-741884.25,10294.271,1,1.078125
66,21,135,-741883.6,10294.15,1.650000000023283,0.95703125
66,22,150,-741883.1,10293.789,2.150000000023283,0.595703125
66,23,165,-741882.8,10293.76,2.449999999953434,0.56640625
66,24,180,-741882.7,10293.86,2.550000000046566,0.66699219
67,1,-165,-456882.22,15324.304,4,3.3076172
67,2,-150,-456884.94,15322.052,1.279999999969732,1.0556640000000002
67,3,-135,-456886.16,15321.013,0.0599999999976716,0.016601499999999936
67,4,-120,-456886.16,15321.146,0.0599999999976716,0.15039059999999993
67,5,-105,-456885.6,15321.9375,0.6199999999953434,0.9414062
67,6,-90,-456885.22,15322.413,1,1.41699215
67,7,-75,-456885.62,15321.954,0.5999999999767169,0.9580078
67,8,-60,-456886.22,15321.127,0,0.1308593
67,9,-45,-456886.03,15321,0.1899999999441206,0.003906200000000082
67,10,-30,-456884.44,15322.155,1.779999999969732,1.15917965
67,11,-15,-456881.4,15324.515,4.819999999948777,3.5185546
67,12,0,-456877.44,15327.302,8.779999999969732,6.305664
67,13,15,-456881.4,15324.515,4.819999999948777,3.5185546
67,14,30,-456884.44,15322.155,1.779999999969732,1.15917965
67,15,45,-456886.03,15320.996,0.1899999999441206,0
67,16,60,-456886.22,15321.126,0,0.12988280000000008
67,17,75,-456885.62,15321.952,0.5999999999767169,0.95605465
67,18,90,-456885.22,15322.413,1,1.41699215
67,19,105,-456885.6,15321.9375,0.6199999999953434,0.9414062
67,20,120,-456886.16,15321.146,0.0599999999976716,0.15039059999999993
67,21,135,-456886.16,15321.013,0.0599999999976716,0.016601499999999936
67,22,150,-456884.94,15322.051,1.279999999969732,1.05468746
67,23,165,-456882.22,15324.297,4,3.3007812000000003
67,24,180,-456878.3,15327.204,7.919999999983702,6.208007800000001
68,1,-165,-499209.06,8240.784,0.8200000000069849,0
68,2,-150,-499208.4,8241.588,1.4799999999813735,0.8037110000000003
68,3,-135,-499207.06,8242.606,2.820000000006985,1.8222656000000006
68,4,-120,-499204.2,8245.676,5.679999999993015,4.8916016
68,5,-105,-499202.3,8249.086,7.580000000016298,8.3017578
68,6,-90,-499203.56,8252.253,6.320000000006985,11.46875
68,7,-75,-499204.84,8250.279,5.039999999979045,9.4951172
68,8,-60,-499206.34,8247.693,3.539999999979045,6.909179700000001
68,9,-45,-499207.7,8244.685,2.179999999993015,3.9003906600000002
68,10,-30,-499208.4,8242.295,1.4799999999813735,1.5107422000000006
68,11,-15,-499209.88,8245.534,0,4.750000040000001
68,12,0,-499207.97,8243.512,1.9100000000325963,2.7275391000000004
68,13,15,-499209.88,8245.527,0,4.7431641
68,14,30,-499208.44,8242.412,1.4400000000023283,1.6279297000000006
68,15,45,-499207.66,8244.566,2.220000000030268,3.7822266000000004
68,16,60,-499206.3,8247.781,3.580000000016298,6.9970704
68,17,75,-499204.84,8250.283,5.039999999979045,9.499023600000001
68,18,90,-499203.56,8252.251,6.320000000006985,11.4667969
68,19,105,-499202.3,8249.163,7.580000000016298,8.3789063
68,20,120,-499204.06,8245.405,5.820000000006985,4.621093788
68,21,135,-499207.06,8242.589,2.820000000006985,1.8046876000000003
68,22,150,-499208.4,8241.606,1.4799999999813735,0.8222656000000006
68,23,165,-499209.06,8240.802,0.8200000000069849,0.017578200000000876
68,24,180,-499209.8,8241.102,0.0800000000162981,0.31738280000000074
69,1,-165,-409061.4,13381.377,0.5,0.6416013999999999
69,2,-150,-409060,13383.3955,1.900000000023283,2.6601561999999994
69,3,-135,-409058.06,13386.484,3.8400000000256114,5.7490234
69,4,-120,-409056.1,13389.044,5.800000000046566,8.3085937
69,5,-105,-409054.56,13390.072,7.340000000025611,9.336914
69,6,-90,-409053.78,13389.421,8.119999999995343,8.6855468
69,7,-75,-409053.72,13388.018,8.180000000051223,7.282226499999999
69,8,-60,-409053.9,13386.639,8,5.90332028
69,9,-45,-409054,13385.69,7.900000000023283,4.9550781
69,10,-30,-409053.75,13385.352,8.150000000023283,4.6162109
69,11,-15,-409053.16,13385.604,8.740000000048894,4.868163999999999
69,12,0,-409052.34,13386.355,9.559999999997672,5.62011715
69,13,15,-409053.16,13385.593,8.740000000048894,4.85742184
69,14,30,-409053.75,13385.354,8.150000000023283,4.618163999999999
69,15,45,-409054,13385.687,7.900000000023283,4.95117184
69,16,60,-409053.9,13386.637,8,5.90136715
69,17,75,-409053.72,13388.017,8.180000000051223,7.28125
69,18,90,-409053.78,13389.421,8.119999999995343,8.6855468
69,19,105,-409054.56,13390.065,7.340000000025611,9.3300781
69,20,120,-409056.1,13389.053,5.800000000046566,8.317382799999999
69,21,135,-409058.06,13386.485,3.8400000000256114,5.749999959999999
69,22,150,-409060,13383.398,1.900000000023283,2.6630858999999996
69,23,165,-409061.4,13381.346,0.5,0.6103513999999999
69,24,180,-409061.9,13380.735,0,0
70,1,-165,-500655.66,17662.31,1.900000000023283,1.99023435
70,2,-150,-500656.8,17661.104,0.7600000000093132,0.7832030999999999
70,3,-135,-500657.5,17660.393,0.0599999999976716,0.07226559999999993
70,4,-120,-500657.53,17660.504,0.029999999969732,0.18359369999999997
70,5,-105,-500657.16,17661.17,0.400000000023283,0.8496093499999999
70,6,-90,-500656.5,17661.896,1.0599999999976717,1.57617185
70,7,-75,-500657.22,17661.162,0.3400000000256113,0.8417968499999999
70,8,-60,-500657.56,17660.445,0,0.12499999999999989
70,9,-45,-500657.4,17660.348,0.1599999999743886,0.02734369999999997
70,10,-30,-500656.66,17661.172,0.9000000000232831,0.8515624799999999
70,11,-15,-500655.5,17662.36,2.059999999997672,2.0390625
70,12,0,-500654.78,17663.1,2.779999999969732,2.7792968
70,13,15,-500655.5,17662.361,2.059999999997672,2.0410155999999997
70,14,30,-500656.66,17661.166,0.9000000000232831,0.8457030999999999
70,15,45,-500657.4,17660.32,0.1599999999743886,0
70,16,60,-500657.56,17660.45,0,0.12890619999999997
70,17,75,-500657.22,17661.162,0.3400000000256113,0.8417968499999999
70,18,90,-500656.5,17661.896,1.0599999999976717,1.57617185
70,19,105,-500657.16,17661.178,0.400000000023283,0.8574218499999999
70,20,120,-500657.53,17660.504,0.029999999969732,0.18359369999999997
70,21,135,-500657.5,17660.38,0.0599999999976716,0.06054684999999993
70,22,150,-500656.8,17661.104,0.7600000000093132,0.7832030999999999
70,23,165,-500655.66,17662.322,1.900000000023283,2.0019530999999997
70,24,180,-500654.78,17663.096,2.779999999969732,2.7753905999999997
71,1,-165,-609329.6,14366.245,0.9000000000232831,1.96972659
71,2,-150,-609329.7,14366.437,0.8000000000465661,2.16113284
71,3,-135,-609329.5,14366.546,1,2.27050784
71,4,-120,-609328.94,14366.759,1.5600000000558794,2.48339846
71,5,-105,-609328.3,14367.089,2.199999999953434,2.8134766
71,6,-90,-609328.06,14367.262,2.4399999999441206,2.9863282
71,7,-75,-609328.4,14366.954,2.099999999976717,2.67871096
71,8,-60,-609329.1,14366.232,1.400000000023283,1.957031275
71,9,-45,-609330,14365.437,0.5,1.16113284
71,10,-30,-609330.5,14364.833,0,0.5576172000000001
71,11,-15,-609330.44,14364.465,0.0600000000558793,0.1894532
71,12,0,-609330.2,14364.275,0.3000000000465661,0
71,13,15,-609330.44,14364.469,0.0600000000558793,0.19335940000000007
71,14,30,-609330.5,14364.832,0,0.5566406000000002
71,15,45,-609330,14365.436,0.5,1.1601563000000001
71,16,60,-609329.1,14366.236,1.400000000023283,1.960937525
71,17,75,-609328.4,14366.953,2.099999999976717,2.6777344000000003
71,18,90,-609328.06,14367.26,2.4399999999441206,2.984375
71,19,105,-609328.3,14367.091,2.199999999953434,2.8154297
71,20,120,-609328.94,14366.759,1.5600000000558794,2.48339846
71,21,135,-609329.5,14366.54,1,2.26464846
71,22,150,-609329.7,14366.437,0.8000000000465661,2.16113284
71,23,165,-609329.6,14366.245,0.9000000000232831,1.96972659
71,24,180,-609329.56,14366.185,0.9399999999441206,1.909179712
72,1,-165,-313387.22,11653.287,0.120000000053551,0.4931641
72,2,-150,-313386.47,11654.262,0.870000000053551,1.46777346
72,3,-135,-313385.62,11655.382,1.720000000030268,2.5878906500000003
72,4,-120,-313385.28,11656.181,2.059999999997672,3.3867188
72,5,-105,-313385.38,11656.432,1.9600000000209548,3.6376953
72,6,-90,-313385.78,11656.059,1.5599999999976717,3.2646485
72,7,-75,-313386.4,11655.269,0.9400000000023284,2.4746094000000003
72,8,-60,-313386.9,11654.526,0.4400000000023283,1.7324219
72,9,-45,-313387.03,11654.218,0.3099999999976717,1.42382815
72,10,-30,-313387,11654.073,0.3400000000256113,1.2792969
72,11,-15,-313386.88,11653.99,0.4600000000209547,1.1962891
72,12,0,-313386.47,11653.716,0.870000000053551,0.921875
72,13,15,-313386.88,11653.993,0.4600000000209547,1.1992188000000001
72,14,30,-313387,11654.071,0.3400000000256113,1.2773438000000001
72,15,45,-313387.03,11654.231,0.3099999999976717,1.4375
72,16,60,-313386.9,11654.53,0.4400000000023283,1.73632815
72,17,75,-313386.4,11655.265,0.9400000000023284,2.4707031500000003
72,18,90,-313385.78,11656.059,1.5599999999976717,3.2646485
72,19,105,-313385.38,11656.431,1.9600000000209548,3.6367188
72,20,120,-313385.28,11656.182,2.059999999997672,3.3876953
72,21,135,-313385.62,11655.384,1.720000000030268,2.5898438
72,22,150,-313386.47,11654.269,0.870000000053551,1.4746094
72,23,165,-313387.22,11653.261,0.120000000053551,0.46679690000000007
72,24,180,-313387.34,11652.794,0,0
73,1,-165,-583339.2,10443.773,2.1000000000931323,6.5302735
73,2,-150,-583338.8,10444.091,2.5,6.8476563
73,3,-135,-583339.06,10443.487,2.2399999999906868,6.2441407
73,4,-120,-583339.9,10443.388,1.400000000023283,6.1445313
73,5,-105,-583340.6,10442.821,0.7000000000698492,5.578125099999999
73,6,-90,-583341,10441.713,0.3000000000465661,4.469726619999999
73,7,-75,-583340.75,10440.404,0.5500000000465661,3.1611328999999997
73,8,-60,-583341.3,10438.281,0,1.0380859999999998
73,9,-45,-583341,10437.243,0.3000000000465661,0
73,10,-30,-583339.5,10438.016,1.800000000046566,0.7724609999999998
73,11,-15,-583337.2,10439.941,4.100000000093132,2.6982422
73,12,0,-583334.75,10441.743,6.550000000046566,4.50000006
73,13,15,-583337.2,10439.956,4.100000000093132,2.7128907
73,14,30,-583339.5,10438.017,1.800000000046566,0.7734375999999998
73,15,45,-583341,10437.243,0.3000000000465661,0
73,16,60,-583341.3,10438.28,0,1.0371093999999998
73,17,75,-583340.75,10440.429,0.5500000000465661,3.18554694
73,18,90,-583341,10441.726,0.3000000000465661,4.48242194
73,19,105,-583340.6,10442.83,0.7000000000698492,5.5869140999999996
73,20,120,-583339.9,10443.388,1.400000000023283,6.1445313
73,21,135,-583339.06,10443.498,2.2399999999906868,6.2548829
73,22,150,-583338.8,10444.09,2.5,6.8466798
73,23,165,-583339.2,10443.772,2.1000000000931323,6.529297
73,24,180,-583339.4,10442.616,1.900000000023283,5.3730469
74,1,-165,-489954.97,17734.137,3.25,2.45117188
74,2,-150,-489956.2,17733.682,2.019999999960419,1.99609375
74,3,-135,-489956.5,17734.082,1.7199999999720603,2.39648438
74,4,-120,-489956.1,17735.043,2.1199999999953434,3.3574219000000003
74,5,-105,-489955.38,17735.78,2.839999999967404,4.09375
74,6,-90,-489954.94,17735.63,3.279999999969732,3.9453125
74,7,-75,-489955.47,17734.52,2.75,2.8339844
74,8,-60,-489956.88,17733.309,1.3399999999674037,1.6230468999999998
74,9,-45,-489958.06,17732.332,0.1599999999743886,0.6464844000000001
74,10,-30,-489958.22,17732.303,0,0.6171875
74,11,-15,-489957.38,17733.258,0.8399999999674037,1.5722656000000002
74,12,0,-489957.72,17731.686,0.5,0
74,13,15,-489957.38,17733.256,0.8399999999674037,1.5703125
74,14,30,-489958.22,17732.303,0,0.6171875
74,15,45,-489958.06,17732.338,0.1599999999743886,0.6523437000000001
74,16,60,-489956.88,17733.303,1.3399999999674037,1.6171875
74,17,75,-489955.47,17734.52,2.75,2.8339844
74,18,90,-489954.94,17735.63,3.279999999969732,3.9453125
74,19,105,-489955.38,17735.78,2.839999999967404,4.09375
74,20,120,-489956.1,17735.043,2.1199999999953434,3.3574219000000003
74,21,135,-489956.5,17734.082,1.7199999999720603,2.39648438
74,22,150,-489956.2,17733.678,2.019999999960419,1.9921875
74,23,165,-489954.97,17734.123,3.25,2.4375
74,24,180,-489953.25,17734.07,4.96999999997206,2.38476562
75,1,-165,-317137.28,9586.2,0.279999999969732,0.5478515000000002
75,2,-150,-317136.38,9587.521,1.179999999993015,1.8691406000000002
75,3,-135,-317134.9,9589.049,2.6599999999743886,3.39648435
75,4,-120,-317133.12,9590.482,4.440000000002328,4.8300781
75,5,-105,-317131.44,9591.375,6.119999999995343,5.7226562
75,6,-90,-317130.7,9591.351,6.85999999998603,5.6982421
75,7,-75,-317131.5,9591.406,6.059999999997672,5.7539062
75,8,-60,-317133.22,9590.546,4.340000000025611,4.8935547
75,9,-45,-317135.03,9589.058,2.529999999969732,3.40527341
75,10,-30,-317136.44,9587.472,1.1199999999953434,1.8193359000000002
75,11,-15,-317137.28,9586.17,0.279999999969732,0.5175781000000002
75,12,0,-317137.56,9585.652,0,0
75,13,15,-317137.28,9586.17,0.279999999969732,0.5175781000000002
75,14,30,-317136.44,9587.472,1.1199999999953434,1.8193359000000002
75,15,45,-317135.03,9589.058,2.529999999969732,3.40527341
75,16,60,-317133.22,9590.546,4.340000000025611,4.8935547
75,17,75,-317131.5,9591.406,6.059999999997672,5.7539062
75,18,90,-317130.7,9591.354,6.85999999998603,5.7011719
75,19,105,-317131.44,9591.375,6.119999999995343,5.7226562
75,20,120,-317133.12,9590.482,4.440000000002328,4.8300781
75,21,135,-317134.9,9589.049,2.6599999999743886,3.39648435
75,22,150,-317136.38,9587.519,1.179999999993015,1.8662109000000002
75,23,165,-317137.28,9586.202,0.279999999969732,0.5498047000000001
75,24,180,-317137.56,9585.654,0,0.001953100000000152
76,1,-165,-383474.1,14072.976,1.5200000000186265,1.3203125
76,2,-150,-383474.28,14072.697,1.3399999999674037,1.04199219
76,3,-135,-383474.88,14072.1,0.7399999999906868,0.44433594
76,4,-120,-383475.25,14071.754,0.3699999999953434,0.09863283999999994
76,5,-105,-383475.62,14071.655,0,0
76,6,-90,-383475.3,14071.93,0.3200000000069849,0.27441404
76,7,-75,-383474.56,14072.262,1.0599999999976717,0.60644532
76,8,-60,-383473.56,14072.573,2.059999999997672,0.917968753
76,9,-45,-383472.66,14073.182,2.9600000000209548,1.52636719
76,10,-30,-383472.6,14073.466,3.0200000000186265,1.81054688
76,11,-15,-383473.16,14073.335,2.4600000000209548,1.6796875
76,12,0,-383473.78,14073.115,1.839999999967404,1.45996094
76,13,15,-383474.1,14072.994,1.5200000000186265,1.33886719
76,14,30,-383474.25,14072.727,1.3699999999953434,1.07128906
76,15,45,-383474.84,14072.13,0.779999999969732,0.47460937999999997
76,16,60,-383475.25,14071.749,0.3699999999953434,0.09375
76,17,75,-383475.62,14071.661,0,0.00585937999999997
76,18,90,-383475.22,14071.932,0.400000000023283,0.27636719
76,19,105,-383474.47,14072.277,1.150000000023283,0.62207032
76,20,120,-383473.6,14072.65,2.0200000000186265,0.99511719
76,21,135,-383472.72,14073.031,2.900000000023283,1.37597656
76,22,150,-383472.56,14073.406,3.059999999997672,1.75097654
76,23,165,-383473.06,14073.299,2.559999999997672,1.64355469
76,24,180,-383473.72,14073.076,1.900000000023283,1.42089844
77,1,-165,-261760.55,7207.8154,0.5700000000069849,1.5478515000000002
77,2,-150,-261760.62,7208.4653,0.5,2.1977538400000003
77,3,-135,-261760.69,7208.6416,0.4299999999930151,2.37402338
77,4,-120,-261760.8,7208.1904,0.3200000000069849,1.9228515000000002
77,5,-105,-261760.98,7207.3926,0.139999999984866,1.1249999000000002
77,6,-90,-261761.12,7206.5986,0,0.3310546000000003
77,7,-75,-261760.92,7206.2754,0.1999999999825377,0.007812400000000164
77,8,-60,-261759.98,7206.8535,1.139999999984866,0.5859374000000002
77,9,-45,-261758.25,7208.3667,2.8699999999953434,2.09912103
77,10,-30,-261756.12,7211.0146,5,4.7470702
77,11,-15,-261755.55,7216.952,5.570000000006985,10.68457
77,12,0,-261753.17,7212.7686,7.949999999982538,6.5009765
77,13,15,-261755.55,7216.95,5.570000000006985,10.682617
77,14,30,-261756.12,7210.6704,5,4.402832
77,15,45,-261758.25,7208.3584,2.8699999999953434,2.09082025
77,16,60,-261759.98,7206.8438,1.139999999984866,0.5761718
77,17,75,-261760.92,7206.2676,0.1999999999825377,0
77,18,90,-261761.12,7206.5977,0,0.3300780000000003
77,19,105,-261760.98,7207.3936,0.139999999984866,1.1259765000000002
77,20,120,-261760.8,7208.193,0.3200000000069849,1.9252929
77,21,135,-261760.69,7208.6416,0.4299999999930151,2.37402338
77,22,150,-261760.62,7208.463,0.5,2.1953124400000004
77,23,165,-261760.55,7207.8105,0.5700000000069849,1.5429687
77,24,180,-261760.45,7207.3584,0.6699999999837019,1.0908202000000002
78,1,-165,-172683.86,8990.765,0.8100000000267755,0.47070309999999993
78,2,-150,-172684.17,8990.639,0.5,0.34472649999999994
78,3,-135,-172684.52,8990.392,0.150000000023283,0.09765620000000008
78,4,-120,-172684.67,8990.294,0,0
78,5,-105,-172684.58,8990.485,0.0900000000256113,0.19140620000000008
78,6,-90,-172684.27,8990.825,0.400000000023283,0.53125
78,7,-75,-172683.66,8991.239,1.0100000000093132,0.94531246
78,8,-60,-172682.47,8992.129,2.200000000011641,1.8349609
78,9,-45,-172680.89,8993.676,3.779999999998836,3.3818359
78,10,-30,-172680.08,8995.018,4.590000000025611,4.7236328
78,11,-15,-172680.17,8994.922,4.5,4.6279296
78,12,0,-172680.27,8994.785,4.400000000023283,4.4912109000000004
78,13,15,-172680.17,8994.931,4.5,4.636718699999999
78,14,30,-172680.08,8995.014,4.590000000025611,4.7197265
78,15,45,-172680.53,8994.075,4.14000000001397,3.78125
78,16,60,-172682.08,8992.555,2.590000000025612,2.26074215
78,17,75,-172683.66,8991.239,1.0100000000093132,0.94531246
78,18,90,-172684.27,8990.824,0.400000000023283,0.5302734
78,19,105,-172684.58,8990.481,0.0900000000256113,0.1875
78,20,120,-172684.67,8990.294,0,0
78,21,135,-172684.52,8990.393,0.150000000023283,0.09863280000000008
78,22,150,-172684.17,8990.638,0.5,0.34375
78,23,165,-172683.86,8990.765,0.8100000000267755,0.47070309999999993
78,24,180,-172683.73,8990.771,0.9400000000023284,0.47753899999999994
79,1,-165,-321670.22,11694.722,0.3400000000256113,0.22656249999999994
79,2,-150,-321670.56,11694.495,0,0
79,3,-135,-321670.4,11694.587,0.1599999999743886,0.09179685999999998
79,4,-120,-321669.78,11695.102,0.779999999969732,0.6064453
79,5,-105,-321669.06,11695.822,1.5,1.3271484
79,6,-90,-321668.7,11696.213,1.8599999999860304,1.7177734
79,7,-75,-321669.1,11695.787,1.4600000000209548,1.2919922
79,8,-60,-321669.94,11695.006,0.6199999999953434,0.510742175
79,9,-45,-321670.5,11694.535,0.0599999999976716,0.040039049999999965
79,10,-30,-321670.5,11694.517,0.0599999999976716,0.02148435999999998
79,11,-15,-321670.12,11694.737,0.4400000000023283,0.24218749999999994
79,12,0,-321669.9,11694.847,0.6599999999743886,0.35156248999999995
79,13,15,-321670.12,11694.735,0.4400000000023283,0.24023435999999998
79,14,30,-321670.5,11694.517,0.0599999999976716,0.02148435999999998
79,15,45,-321670.5,11694.535,0.0599999999976716,0.040039049999999965
79,16,60,-321669.94,11695.006,0.6199999999953434,0.510742175
79,17,75,-321669.1,11695.783,1.4600000000209548,1.2880859
79,18,90,-321668.7,11696.213,1.8599999999860304,1.7177734
79,19,105,-321669.06,11695.823,1.5,1.328125
79,20,120,-321669.78,11695.102,0.779999999969732,0.6064453
79,21,135,-321670.4,11694.587,0.1599999999743886,0.09179685999999998
79,22,150,-321670.56,11694.504,0,0.008789049999999965
79,23,165,-321670.22,11694.725,0.3400000000256113,0.22949218
79,24,180,-321669.9,11694.85,0.6599999999743886,0.35449217999999993
80,1,-165,-476297,10471.302,3.900000000023283,3.3339844000000003
80,2,-150,-476297.88,10471.017,3.0200000000186265,3.0488281
80,3,-135,-476298.8,10470.475,2.1000000000349246,2.5068359
80,4,-120,-476299.3,10470.005,1.6000000000349246,2.03710936
80,5,-105,-476299.97,10468.6875,0.9300000000512229,0.7197265000000002
80,6,-90,-476300.9,10467.972,0,0.003906200000000082
80,7,-75,-476300.8,10468.302,0.1000000000349246,0.33398440000000007
80,8,-60,-476300.34,10469.146,0.5599999999976717,1.1787109
80,9,-45,-476300,10469.72,0.9000000000232831,1.751953112
80,10,-30,-476299.84,10469.923,1.0599999999976717,1.95507811
80,11,-15,-476299.72,10469.972,1.1800000000512227,2.00390624
80,12,0,-476299.66,10469.989,1.2400000000488944,2.02148436
80,13,15,-476299.72,10469.972,1.1800000000512227,2.00390624
80,14,30,-476299.84,10469.923,1.0599999999976717,1.95507811
80,15,45,-476300,10469.727,0.9000000000232831,1.75878905
80,16,60,-476300.34,10469.146,0.5599999999976717,1.1787109
80,17,75,-476300.8,10468.302,0.1000000000349246,0.33398440000000007
80,18,90,-476300.9,10467.968,0,0
80,19,105,-476299.97,10468.662,0.9300000000512229,0.6943359
80,20,120,-476299.3,10470.008,1.6000000000349246,2.04003905
80,21,135,-476298.8,10470.412,2.1000000000349246,2.4443359
80,22,150,-476297.88,10471.017,3.0200000000186265,3.0488281
80,23,165,-476297,10471.302,3.900000000023283,3.3339844000000003
80,24,180,-476296.66,10471.328,4.240000000048894,3.3603515
81,1,-165,-310388.9,9492.702,5.130000000004657,6.7167969
81,2,-150,-310388.8,9492.413,5.230000000039581,6.4277344
81,3,-135,-310388.12,9492.519,5.910000000032596,6.5332032
81,4,-120,-310384.12,9488.251,9.910000000032596,2.26562505
81,5,-105,-310383.72,9489.111,10.31000000005588,3.125976612
81,6,-90,-310384.28,9489.598,9.75,3.61230474
81,7,-75,-310386.34,9488.696,7.690000000002328,2.71093755
81,8,-60,-310389.03,9487.735,5,1.7500000000000002
81,9,-45,-310391.56,9486.756,2.470000000030268,0.7705078000000003
81,10,-30,-310393.4,9486.419,0.6300000000046566,0.43359380000000014
81,11,-15,-310394,9486.04,0.0300000000279396,0.05468760000000028
81,12,0,-310393.78,9485.985,0.25,0
81,13,15,-310394.03,9486.257,0,0.2714844000000003
81,14,30,-310393.4,9486.419,0.6300000000046566,0.43359380000000014
81,15,45,-310391.62,9486.969,2.4100000000325963,0.9833985000000003
81,16,60,-310389.06,9487.825,4.970000000030268,1.8398438000000001
81,17,75,-310386.3,9488.672,7.730000000039581,2.6865235000000003
81,18,90,-310384.28,9489.575,9.75,3.5898438
81,19,105,-310383.72,9489.112,10.31000000005588,3.126953175
81,20,120,-310384.12,9488.237,9.910000000032596,2.2519532
81,21,135,-310388.12,9492.534,5.910000000032596,6.5488282
81,22,150,-310388.8,9492.413,5.230000000039581,6.4277344
81,23,165,-310388.88,9492.634,5.150000000023283,6.6484376
81,24,180,-310388.38,9493.165,5.650000000023283,7.1796876
82,1,-165,-420017.5,13861.598,0,0.0859375
82,2,-150,-420016.25,13862.74,1.25,1.2285156000000002
82,3,-135,-420014.34,13864.568,3.1599999999743886,3.0566406400000004
82,4,-120,-420012,13866.914,5.5,5.4023437
82,5,-105,-420009.6,13868.86,7.900000000023283,7.3486327000000005
82,6,-90,-420008.2,13869.055,9.299999999988358,7.5429687
82,7,-75,-420008.9,13864.156,8.599999999976717,2.64453126
82,8,-60,-420010.5,13862.767,7,1.2548828
82,9,-45,-420014.75,13863.439,2.75,1.9277344000000003
82,10,-30,-420014.5,13862.876,3,1.3642578
82,11,-15,-420013.72,13864,3.78000000002794,2.48828126
82,12,0,-420014.16,13863.801,3.340000000025612,2.2890625
82,13,15,-420013.72,13864.01,3.78000000002794,2.4980469000000003
82,14,30,-420014.5,13862.871,3,1.3593750000000002
82,15,45,-420014.75,13863.43,2.75,1.9179687600000002
82,16,60,-420009.9,13866.351,7.599999999976717,4.8388672
82,17,75,-420008.56,13867.85,8.940000000002328,6.3378907
82,18,90,-420008.16,13868.931,9.340000000025611,7.4189453
82,19,105,-420010.78,13865.001,6.71999999997206,3.4892578000000003
82,20,120,-420013.2,13863.291,4.299999999988359,1.7792969
82,21,135,-420015.7,13861.512,1.7999999999883585,0
82,22,150,-420016.25,13862.738,1.25,1.2265625000000002
82,23,165,-420017.5,13861.593,0,0.08105470000000015
82,24,180,-420017.2,13863.357,0.2999999999883584,1.8457031000000002
83,1,-165,-419272.97,12856.74,0.870000000053551,2.6474609900000003
83,2,-150,-419273.44,12856.3955,0.400000000023283,2.30273442
83,3,-135,-419273.84,12856.088,0,1.9951172400000001
83,4,-120,-419272,12857.351,1.8400000000256116,3.25781255
83,5,-105,-419273.1,12856.589,0.7400000000488944,2.4960938
83,6,-90,-419273.7,12855.5,0.1400000000139698,1.4072266000000002
83,7,-75,-419272.6,12854.093,1.2400000000488944,0
83,8,-60,-419273.2,12854.122,0.6400000000139698,0.029296900000000292
83,9,-45,-419272.8,12854.9375,1.040000000037253,0.8447266000000002
83,10,-30,-419271.3,12857.016,2.540000000037253,2.9228516
83,11,-15,-419268.94,12860.318,4.900000000023283,6.225586
83,12,0,-419266.1,12864.667,7.740000000048894,10.5742188
83,13,15,-419268.94,12860.49,4.900000000023283,6.397461
83,14,30,-419271.3,12857.08,2.540000000037253,2.98730474
83,15,45,-419272.8,12854.944,1.040000000037253,0.8515626000000001
83,16,60,-419273.2,12854.122,0.6400000000139698,0.029296900000000292
83,17,75,-419272.6,12854.096,1.2400000000488944,0.0029297999999999824
83,18,90,-419271.56,12854.687,2.28000000002794,0.5937500000000002
83,19,105,-419272.47,12856.145,1.370000000053551,2.0517578600000004
83,20,120,-419272.1,12857.292,1.7400000000488944,3.1992188
83,21,135,-419273.84,12856.13,0,2.03710942
83,22,150,-419273.44,12856.414,0.400000000023283,2.32128911
83,23,165,-419272.97,12856.736,0.870000000053551,2.6435547400000003
83,24,180,-419272.75,12856.933,1.0900000000256114,2.8398438
84,1,-165,-289340.5,12777.193,4,2.4404297
84,2,-150,-289339.6,12779.021,4.900000000023283,4.2685547
84,3,-135,-289338.56,12780.684,5.940000000002328,5.930664
84,4,-120,-289338.3,12780.984,6.2000000000116415,6.2314453
84,5,-105,-289339.22,12779.739,5.28000000002794,4.9863281
84,6,-90,-289341.06,12777.664,3.4400000000023283,2.9111328
84,7,-75,-289343.12,12775.731,1.3800000000046566,0.9785156000000002
84,8,-60,-289344.5,12774.753,0,0
84,9,-45,-289344.47,12775.381,0.0300000000279396,0.6279297000000001
84,10,-30,-289343.2,12777.951,1.2999999999883585,3.1982422
84,11,-15,-289341.66,12780.809,2.840000000025612,6.055664
84,12,0,-289340.78,12782.01,3.71999999997206,7.256836
84,13,15,-289341.66,12780.808,2.840000000025612,6.0546875
84,14,30,-289343.2,12777.947,1.2999999999883585,3.19433594
84,15,45,-289344.47,12775.379,0.0300000000279396,0.6259766
84,16,60,-289344.5,12774.755,0,0.001953100000000152
84,17,75,-289343.12,12775.733,1.3800000000046566,0.9804688000000001
84,18,90,-289341.06,12777.671,3.4400000000023283,2.91796875
84,19,105,-289339.22,12779.739,5.28000000002794,4.9863281
84,20,120,-289338.3,12780.988,6.2000000000116415,6.2353515999999996
84,21,135,-289338.56,12780.681,5.940000000002328,5.9277344
84,22,150,-289339.6,12779.021,4.900000000023283,4.2685547
84,23,165,-289340.5,12777.193,4,2.4404297
84,24,180,-289340.8,12776.622,3.7000000000116415,1.8691406
85,1,-165,-443939.38,14437.397,11.179999999993017,7.54492194
85,2,-150,-443939.72,14437.338,10.840000000025611,7.4853515999999996
85,3,-135,-443939.7,14437.567,10.85999999998603,7.7148438
85,4,-120,-443939.4,14438.368,11.159999999974389,8.5156251
85,5,-105,-443939.12,14439.413,11.440000000002328,9.560547
85,6,-90,-443939.2,14440.171,11.35999999998603,10.3183594
85,7,-75,-443940.06,14439.606,10.5,9.7539063
85,8,-60,-443941.9,14437.614,8.659999999974389,7.7617188
85,9,-45,-443944.38,14434.841,6.179999999993015,4.9882813
85,10,-30,-443946.72,14432.016,3.8400000000256114,2.163086
85,11,-15,-443949.22,14429.853,1.3400000000256114,0
85,12,0,-443950.56,14430.635,0,0.7822265999999996
85,13,15,-443950.38,14431.493,0.179999999993015,1.640625
85,14,30,-443948.97,14433.515,1.5900000000256114,3.6621094
85,15,45,-443946.6,14436.21,3.9600000000209543,6.35742194
85,16,60,-443943.84,14438.856,6.71999999997206,9.0039063
85,17,75,-443941.66,14440.632,8.900000000023283,10.779297
85,18,90,-443940.84,14440.357,9.71999999997206,10.5048829
85,19,105,-443941,14438.905,9.559999999997672,9.0527344
85,20,120,-443941.2,14437.509,9.35999999998603,7.65625006
85,21,135,-443940.94,14436.919,9.619999999995343,7.06640631
85,22,150,-443940.25,14437.137,10.309999999997672,7.28417975
85,23,165,-443939.28,14437.834,11.279999999969732,7.9814454
85,24,180,-443938.7,14437.811,11.85999999998603,7.9580079
86,1,-165,-297896.38,11023.263,7.0200000000186265,2.7939453000000003
86,2,-150,-297896.06,11024.653,7.340000000025611,4.1845703
86,3,-135,-297895.7,11026.175,7.7000000000116415,5.7060547
86,4,-120,-297895.3,11027.732,8.100000000034925,7.2636719
86,5,-105,-297895.6,11031.67,7.800000000046566,11.2011717
86,6,-90,-297897.47,11031.069,5.930000000051223,10.6005859
86,7,-75,-297899.66,11028.715,3.7400000000488944,8.2460937
86,8,-60,-297900,11025.296,3.400000000023283,4.82714845
86,9,-45,-297901.53,11022.988,1.8699999999953436,2.5195313
86,10,-30,-297902.56,11021.33,0.8400000000256114,0.8613280999999997
86,11,-15,-297903.2,11020.622,0.2000000000116415,0.15332029999999985
86,12,0,-297903.4,11020.469,0,0
86,13,15,-297903.2,11020.673,0.2000000000116415,0.20410169999999983
86,14,30,-297902.56,11021.424,0.8400000000256114,0.9550780999999997
86,15,45,-297901.53,11022.98,1.8699999999953436,2.5117187000000003
86,16,60,-297900,11025.298,3.400000000023283,4.829101580000001
86,17,75,-297899.66,11028.732,3.7400000000488944,8.2636719
86,18,90,-297897.47,11031.06,5.930000000051223,10.5908203
86,19,105,-297895.6,11031.674,7.800000000046566,11.2050781
86,20,120,-297895.3,11027.704,8.100000000034925,7.2353515999999996
86,21,135,-297895.7,11026.172,7.7000000000116415,5.703125
86,22,150,-297896.06,11024.558,7.340000000025611,4.0888672
86,23,165,-297896.38,11023.205,7.0200000000186265,2.7363281
86,24,180,-297896.53,11022.716,6.869999999995343,2.2470703000000003
87,1,-165,-392821.06,12837.408,2.6900000000023283,2.2480468399999998
87,2,-150,-392823.12,12835.6455,0.6300000000046566,0.48535150000000005
87,3,-135,-392823.75,12835.163,0,0.0029296000000000877
87,4,-120,-392823.25,12835.574,0.5,0.41406246
87,5,-105,-392822.4,12836.191,1.349999999976717,1.03124996
87,6,-90,-392822,12836.784,1.75,1.6240234
87,7,-75,-392822.44,12836.214,1.3099999999976717,1.0537109
87,8,-60,-392823.22,12835.552,0.5300000000279397,0.39160150000000005
87,9,-45,-392823.72,12835.161,0.0300000000279396,0.0009764999999999358
87,10,-30,-392823.22,12835.706,0.5300000000279397,0.5458984
87,11,-15,-392821.44,12837.471,2.309999999997672,2.3105468
87,12,0,-392818.78,12840.028,4.96999999997206,4.868164
87,13,15,-392821.44,12837.482,2.309999999997672,2.3222655999999997
87,14,30,-392823.22,12835.704,0.5300000000279397,0.5439453
87,15,45,-392823.72,12835.161,0.0300000000279396,0.0009764999999999358
87,16,60,-392823.22,12835.554,0.5300000000279397,0.39355465
87,17,75,-392822.4,12836.21,1.349999999976717,1.04980465
87,18,90,-392822,12836.786,1.75,1.62597652
87,19,105,-392822.4,12836.19,1.349999999976717,1.0302734
87,20,120,-392823.25,12835.574,0.5,0.41406246
87,21,135,-392823.75,12835.16,0,0
87,22,150,-392823.12,12835.6455,0.6300000000046566,0.48535150000000005
87,23,165,-392821.06,12837.414,2.6900000000023283,2.2539062000000003
87,24,180,-392818.06,12840.035,5.690000000002328,4.875
88,1,-165,-368874,12262.349,0,0
88,2,-150,-368873.4,12263.046,0.5999999999767169,0.6972656000000002
88,3,-135,-368872.6,12263.909,1.400000000023283,1.5605469
88,4,-120,-368872.16,12264.472,1.8400000000256116,2.1230469
88,5,-105,-368872.06,12264.689,1.9400000000023283,2.34082035
88,6,-90,-368871.97,12264.433,2.03000000002794,2.0839844
88,7,-75,-368871.53,12264.105,2.4699999999720603,1.756836
88,8,-60,-368870.38,12264.646,3.619999999995344,2.2978516
88,9,-45,-368869.4,12266.535,4.599999999976717,4.1865235
88,10,-30,-368868.94,12268.334,5.059999999997672,5.9853515999999996
88,11,-15,-368868.56,12269.481,5.440000000002328,7.132812599999999
88,12,0,-368868.4,12269.7,5.599999999976717,7.351562599999999
88,13,15,-368868.56,12269.483,5.440000000002328,7.1347656
88,14,30,-368868.94,12268.315,5.059999999997672,5.9667969
88,15,45,-368869.4,12266.536,4.599999999976717,4.1875
88,16,60,-368870.38,12264.646,3.619999999995344,2.2978516
88,17,75,-368871.53,12264.109,2.4699999999720603,1.7607422
88,18,90,-368871.97,12264.435,2.03000000002794,2.0859375399999998
88,19,105,-368872.06,12264.69,1.9400000000023283,2.3417969
88,20,120,-368872.16,12264.473,1.8400000000256116,2.1240235
88,21,135,-368872.6,12263.918,1.400000000023283,1.569336
88,22,150,-368873.4,12263.045,0.5999999999767169,0.6962891
88,23,165,-368874,12262.349,0,0
88,24,180,-368873.88,12262.564,0.1199999999953433,0.21582040000000013
89,1,-165,-446083.88,17403.924,0.5200000000186265,0.7421875999999994
89,2,-150,-446082.28,17405.832,2.1199999999953434,2.6503907999999994
89,3,-135,-446080,17408.604,4.400000000023283,5.421875099999999
89,4,-120,-446077.66,17411.066,6.740000000048894,7.88476575
89,5,-105,-446075.56,17412.771,8.840000000025611,9.5898439
89,6,-90,-446073.44,17413.285,10.960000000020957,10.1035158
89,7,-75,-446072.16,17413.555,12.240000000048894,10.373047
89,8,-60,-446070,17415.516,14.400000000023285,12.3339845
89,9,-45,-446070.6,17415.908,13.800000000046566,12.7265626
89,10,-30,-446071.34,17416.602,13.059999999997672,13.419922
89,11,-15,-446071.22,17417.682,13.180000000051225,14.5
89,12,0,-446070.34,17419.307,14.059999999997672,16.125
89,13,15,-446068.88,17421.102,15.520000000018626,17.919922
89,14,30,-446074.7,17414.014,9.700000000011642,10.8320314
89,15,45,-446075.22,17412.666,9.180000000051225,9.4843751
89,16,60,-446075.22,17411.117,9.180000000051225,7.935547
89,17,75,-446075.53,17411.02,8.869999999995343,7.83789075
89,18,90,-446076.34,17411.69,8.059999999997672,8.50781262
89,19,105,-446077.25,17411.514,7.150000000023283,8.332031375
89,20,120,-446078.9,17410.062,5.5,6.8808595
89,21,135,-446081,17407.564,3.400000000023283,4.382812599999999
89,22,150,-446083.06,17405.035,1.3400000000256114,1.8535157999999994
89,23,165,-446083.72,17403.865,0.6800000000512227,0.6835939999999994
89,24,180,-446084.4,17403.182,0,0
90,1,-165,-512307.78,9027.909,0.3399999999674037,0
90,2,-150,-512306.28,9028.585,1.839999999967404,0.6757812999999997
90,3,-135,-512303.9,9030.178,4.21999999997206,2.2685547
90,4,-120,-512301.03,9032.887,7.089999999967404,4.9775390999999996
90,5,-105,-512295.4,9037.133,12.71999999997206,9.2236328
90,6,-90,-512294.44,9037.853,13.679999999993017,9.943359300000001
90,7,-75,-512295.47,9041.756,12.650000000023285,13.8466797
90,8,-60,-512296.78,9039.294,11.339999999967404,11.3847656
90,9,-45,-512298.72,9037.901,9.400000000023285,9.9921875
90,10,-30,-512300.44,9037.441,7.679999999993015,9.5322265
90,11,-15,-512301.4,9037.395,6.71999999997206,9.4853515
90,12,0,-512301.3,9032.411,6.820000000006985,4.5019531
90,13,15,-512301.4,9037.187,6.71999999997206,9.2773437
90,14,30,-512300.44,9037.464,7.679999999993015,9.5546875
90,15,45,-512298.72,9037.919,9.400000000023285,10.0097656
90,16,60,-512296.78,9039.326,11.339999999967404,11.4169923
90,17,75,-512295.47,9041.824,12.650000000023285,13.9150391
90,18,90,-512294.44,9037.878,13.679999999993017,9.96875
90,19,105,-512295.4,9037.148,12.71999999997206,9.2392578
90,20,120,-512301.03,9032.896,7.089999999967404,4.9873047
90,21,135,-512303.9,9030.17,4.21999999997206,2.2607422999999995
90,22,150,-512306.28,9028.585,1.839999999967404,0.6757812999999997
90,23,165,-512307.78,9027.931,0.3399999999674037,0.02148430000000001
90,24,180,-512308.12,9027.913,0,0.003906299999999696
91,1,-165,-441992.06,15971.921,4.409999999974389,2.9248046600000004
91,2,-150,-441993.16,15971.053,3.309999999997672,2.0566406
91,3,-135,-441993.5,15970.799,2.9699999999720603,1.8027343500000002
91,4,-120,-441993.3,15971.263,3.169999999983702,2.2666015400000004
91,5,-105,-441993.03,15972.267,3.4399999999441206,3.2705078
91,6,-90,-441993.34,15973.084,3.129999999946449,4.0878906
91,7,-75,-441994.2,15972.855,2.269999999960419,3.859375
91,8,-60,-441995,15972.102,1.4699999999720603,3.1054687000000003
91,9,-45,-441995.84,15969.425,0.629999999946449,0.42871090000000023
91,10,-30,-441996.44,15968.996,0.029999999969732,0
91,11,-15,-441996.47,15969.09,0,0.09375
91,12,0,-441996.1,15969.442,0.3699999999953434,0.44628900000000016
91,13,15,-441996.47,15969.09,0,0.09375
91,14,30,-441996.44,15969.001,0.029999999969732,0.004882800000000298
91,15,45,-441995.84,15969.425,0.629999999946449,0.42871090000000023
91,16,60,-441995,15972.102,1.4699999999720603,3.1054687000000003
91,17,75,-441994.2,15972.857,2.269999999960419,3.8613281
91,18,90,-441993.34,15973.081,3.129999999946449,4.0849609000000004
91,19,105,-441993.03,15972.269,3.4399999999441206,3.2724609000000004
91,20,120,-441993.3,15971.262,3.169999999983702,2.265624975
91,21,135,-441993.5,15970.798,2.9699999999720603,1.8017578
91,22,150,-441993.16,15971.057,3.309999999997672,2.06054685
91,23,165,-441992.06,15971.922,4.409999999974389,2.9257812000000003
91,24,180,-441990.28,15973.113,6.189999999944121,4.1171875
92,1,-165,-323209.56,13768.502,0.1400000000139698,0.1552734
92,2,-150,-323209,13768.347,0.7000000000116415,0
92,3,-135,-323207.9,13768.983,1.7999999999883585,0.6367186999999999
92,4,-120,-323206.2,13770.372,3.5,2.0253905999999997
92,5,-105,-323204.03,13772.243,5.669999999983702,3.8964843
92,6,-90,-323201.94,13774.16,7.760000000009313,5.8134765
92,7,-75,-323200.47,13775.714,9.23000000003958,7.367187400000001
92,8,-60,-323200.12,13776.264,9.580000000016298,7.916992199999999
92,9,-45,-323206.88,13770.679,2.820000000006985,2.3320312
92,10,-30,-323208.7,13769.238,1,0.8916014999999999
92,11,-15,-323209.44,13769.136,0.2600000000093132,0.7890623999999997
92,12,0,-323209.66,13769.683,0.0400000000372529,1.3359374
92,13,15,-323209.7,13768.892,0,0.5449218
92,14,30,-323209.2,13768.826,0.5,0.4794921999999997
92,15,45,-323207.84,13769.6875,1.8599999999860304,1.3408202999999999
92,16,60,-323205.53,13771.397,4.169999999983702,3.0507812
92,17,75,-323202.47,13773.544,7.230000000039581,5.1972656
92,18,90,-323199.3,13775.533,10.400000000023285,7.1865232
92,19,105,-323197.25,13776.981,12.450000000011642,8.6347656
92,20,120,-323205.3,13771.906,4.400000000023283,3.55957026
92,21,135,-323207.6,13769.896,2.1000000000349246,1.5498045999999999
92,22,150,-323208.9,13768.944,0.7999999999883585,0.5976561999999999
92,23,165,-323209.47,13769.184,0.2300000000395812,0.8369139999999999
92,24,180,-323209.7,13769.406,0,1.0595702999999999
93,1,-165,-409654.16,17191.293,2.2400000000488944,2.6796874999999996
93,2,-150,-409656.03,17189.64,0.3699999999953434,1.0273436
93,3,-135,-409656.4,17188.82,0,0.20703119999999942
93,4,-120,-409656.4,17188.613,0,0
93,5,-105,-409656.3,17188.992,0.1000000000349246,0.3789061999999994
93,6,-90,-409655.56,17189.762,0.8400000000256114,1.1484375999999994
93,7,-75,-409654.44,17192.826,1.9600000000209548,4.2128906
93,8,-60,-409652,17195.982,4.400000000023283,7.3691406
93,9,-45,-409650.16,17196.629,6.240000000048894,8.015625
93,10,-30,-409646.75,17198.45,9.650000000023285,9.8359376
93,11,-15,-409644.53,17195.814,11.869999999995343,7.2011718
93,12,0,-409644.47,17199.342,11.930000000051225,10.7285156
93,13,15,-409646.16,17198.799,10.240000000048894,10.185546800000001
93,14,30,-409649.12,17195.682,7.28000000002794,7.068359399999999
93,15,45,-409651.22,17192.668,5.180000000051223,4.0546875
93,16,60,-409651.7,17190.873,4.7000000000116415,2.2597655999999997
93,17,75,-409651.38,17191.42,5.0200000000186265,2.8066405999999997
93,18,90,-409651.03,17191.934,5.369999999995343,3.3203124999999996
93,19,105,-409649,17193.438,7.400000000023283,4.824218699999999
93,20,120,-409645.94,17197.586,10.460000000020957,8.9726562
93,21,135,-409646.72,17198.785,9.680000000051225,10.171875
93,22,150,-409648.22,17198.402,8.180000000051223,9.7890626
93,23,165,-409649.6,17197.088,6.800000000046566,8.4746094
93,24,180,-409651.56,17193.88,4.840000000025611,5.2675781
94,1,-165,-401480.3,10965.017,0.1699999999837018,0.5576172000000001
94,2,-150,-401479.8,10966.357,0.6699999999837019,1.8984375
94,3,-135,-401479,10967.869,1.4699999999720603,3.41015625
94,4,-120,-401478.03,10969.128,2.4399999999441206,4.6689453
94,5,-105,-401477.2,10969.964,3.269999999960419,5.5048828
94,6,-90,-401476.88,10970.092,3.589999999967404,5.6328125
94,7,-75,-401477.22,10969.441,3.25,4.9824219
94,8,-60,-401478,10968.737,2.4699999999720603,4.2783203
94,9,-45,-401478.88,10968.129,1.5899999999674037,3.66992188
94,10,-30,-401479.56,10967.31,0.9099999999743886,2.85058594
94,11,-15,-401479.94,10966.382,0.529999999969732,1.9228516
94,12,0,-401480.1,10965.951,0.3699999999953434,1.4921875
94,13,15,-401479.94,10966.38,0.529999999969732,1.9208984
94,14,30,-401479.56,10967.31,0.9099999999743886,2.85058594
94,15,45,-401478.88,10968.129,1.5899999999674037,3.66992188
94,16,60,-401478,10968.737,2.4699999999720603,4.2783203
94,17,75,-401477.22,10969.44,3.25,4.9814453
94,18,90,-401476.88,10970.089,3.589999999967404,5.6298828
94,19,105,-401477.2,10969.964,3.269999999960419,5.5048828
94,20,120,-401478.03,10969.128,2.4399999999441206,4.6689453
94,21,135,-401479,10967.869,1.4699999999720603,3.41015625
94,22,150,-401479.8,10966.357,0.6699999999837019,1.8984375
94,23,165,-401480.3,10965.016,0.1699999999837018,0.5566406000000002
94,24,180,-401480.47,10964.459,0,0
95,1,-165,-373422,14154.346,2.559999999997672,1.8300780000000003
95,2,-150,-373420.34,14156.634,4.21999999997206,4.118164
95,3,-135,-373416.06,14160.093,8.5,7.57714844
95,4,-120,-373414.62,14162.342,9.940000000002328,9.8261719
95,5,-105,-373412.9,14164.254,11.659999999974389,11.7382812
95,6,-90,-373411.1,14166.75,13.460000000020957,14.234375
95,7,-75,-373412.06,14166.917,12.5,14.401367
95,8,-60,-373416.1,14163.472,8.460000000020955,10.9560547
95,9,-45,-373419.94,14159.033,4.619999999995343,6.51757812
95,10,-30,-373422.75,14155.259,1.809999999997672,2.743164
95,11,-15,-373424.28,14153.132,0.279999999969732,0.6162109999999998
95,12,0,-373424.56,14152.516,0,0
95,13,15,-373424.28,14153.133,0.279999999969732,0.6171875
95,14,30,-373422.75,14155.258,1.809999999997672,2.7421875
95,15,45,-373419.94,14159.027,4.619999999995343,6.51171875
95,16,60,-373416.1,14163.458,8.460000000020955,10.942383
95,17,75,-373412.06,14166.915,12.5,14.399414
95,18,90,-373411.1,14166.727,13.460000000020957,14.2109375
95,19,105,-373412.9,14164.252,11.659999999974389,11.736328
95,20,120,-373414.62,14162.335,9.940000000002328,9.819336
95,21,135,-373416.06,14159.96,8.5,7.44433594
95,22,150,-373422.72,14153.667,1.8400000000256116,1.1513669999999996
95,23,165,-373422,14154.341,2.559999999997672,1.8251952999999999
95,24,180,-373423,14153.041,1.5599999999976717,0.5253905999999997
96,1,-165,-417579.4,13642.578,4.599999999976717,2.9619141
96,2,-150,-417580.94,13641.665,3.059999999997672,2.0488281
96,3,-135,-417582.28,13641.1,1.7199999999720603,1.483398425
96,4,-120,-417583.34,13640.758,0.6599999999743886,1.14160155
96,5,-105,-417584,13640.495,0,0.8789062400000001
96,6,-90,-417583.56,13639.822,0.4400000000023283,0.20605470000000015
96,7,-75,-417583.47,13639.649,0.5300000000279397,0.03320310000000015
96,8,-60,-417583.75,13639.616,0.25,0
96,9,-45,-417583.53,13640.364,0.4699999999720603,0.7480468600000001
96,10,-30,-417582.7,13641.226,1.2999999999883585,1.60937499
96,11,-15,-417581.6,13641.933,2.400000000023283,2.31640624
96,12,0,-417580.1,13643.116,3.900000000023283,3.5
96,13,15,-417581.6,13641.933,2.400000000023283,2.31640624
96,14,30,-417582.7,13641.227,1.2999999999883585,1.61035155
96,15,45,-417583.53,13640.364,0.4699999999720603,0.7480468600000001
96,16,60,-417583.75,13639.616,0.25,0
96,17,75,-417583.47,13639.648,0.5300000000279397,0.03222650000000016
96,18,90,-417583.56,13639.823,0.4400000000023283,0.20703120000000008
96,19,105,-417584,13640.477,0,0.8603515500000001
96,20,120,-417583.34,13640.743,0.6599999999743886,1.1269531000000002
96,21,135,-417582.28,13641.1045,1.7199999999720603,1.4882812380000001
96,22,150,-417580.94,13641.662,3.059999999997672,2.0458984
96,23,165,-417579.4,13642.575,4.599999999976717,2.9589844000000003
96,24,180,-417577.78,13644.474,6.21999999997206,4.8574219
97,1,-165,-523752.66,10242.967,7,3.3144530999999997
97,2,-150,-523752.22,10243.012,7.440000000002328,3.359375
97,3,-135,-523751.44,10243.36,8.21999999997206,3.7080078
97,4,-120,-523750.25,10244.373,9.409999999974389,4.7207031
97,5,-105,-523748.75,10246.116,10.909999999974389,6.463867199999999
97,6,-90,-523747.16,10248.151,12.5,8.499023399999999
97,7,-75,-523752.6,10245.238,7.059999999997672,5.5859375
97,8,-60,-523755.25,10243.358,4.409999999974389,3.706054675
97,9,-45,-523757.3,10241.68,2.35999999998603,2.0273437
97,10,-30,-523758.66,10240.5205,1,0.8681639999999997
97,11,-15,-523759.4,10239.859,0.2599999999511055,0.20703119999999986
97,12,0,-523759.66,10239.652,0,0
97,13,15,-523759.4,10239.861,0.2599999999511055,0.20898439999999985
97,14,30,-523758.66,10240.521,1,0.8691405999999997
97,15,45,-523757.3,10241.688,2.35999999998603,2.0361328
97,16,60,-523755.25,10243.355,4.409999999974389,3.703124988
97,17,75,-523752.6,10245.244,7.059999999997672,5.5917969
97,18,90,-523747.16,10248.144,12.5,8.491210800000001
97,19,105,-523748.75,10246.117,10.909999999974389,6.4648438
97,20,120,-523750.25,10244.373,9.409999999974389,4.7207031
97,21,135,-523751.44,10243.358,8.21999999997206,3.706054675
97,22,150,-523752.2,10243.009,7.459999999962747,3.3564453
97,23,165,-523752.66,10242.969,7,3.31640624
97,24,180,-523752.8,10242.955,6.85999999998603,3.3027343599999996
98,1,-165,-318672.8,10581.722,0.400000000023283,0
98,2,-150,-318671.56,10583.603,1.6400000000139698,1.8808593
98,3,-135,-318669.88,10586.409,3.320000000006985,4.68749994
98,4,-120,-318668.03,10588.687,5.169999999983702,6.9648437
98,5,-105,-318666.5,10589.742,6.7000000000116415,8.0205078
98,6,-90,-318665.97,10590.82,7.230000000039581,9.0986328
98,7,-75,-318666.78,10589.95,6.419999999983702,8.2285156
98,8,-60,-318668.38,10588.649,4.820000000006985,6.9277343
98,9,-45,-318670.2,10586.116,3,4.39453119
98,10,-30,-318671.78,10583.386,1.419999999983702,1.6640624000000002
98,11,-15,-318673.2,10582.221,0,0.49902340000000045
98,12,0,-318672.8,10584.134,0.400000000023283,2.4121093
98,13,15,-318673.2,10582.224,0,0.5019530000000003
98,14,30,-318671.78,10583.388,1.419999999983702,1.6660156000000002
98,15,45,-318670.2,10586.121,3,4.399414
98,16,60,-318668.38,10588.64,4.820000000006985,6.9179687
98,17,75,-318666.78,10589.95,6.419999999983702,8.2285156
98,18,90,-318665.97,10590.821,7.230000000039581,9.099609300000001
98,19,105,-318666.5,10589.685,6.7000000000116415,7.9628906
98,20,120,-318668.03,10588.679,5.169999999983702,6.9570312
98,21,135,-318669.88,10586.411,3.320000000006985,4.68945306
98,22,150,-318671.56,10583.598,1.6400000000139698,1.8759765000000002
98,23,165,-318673.12,10582.292,0.0800000000162981,0.5703123999999997
98,24,180,-318672.8,10584.128,0.400000000023283,2.40625
99,1,-165,-319524.2,9223.523,0.2699999999604188,0.3720703999999997
99,2,-150,-319523.34,9224.617,1.129999999946449,1.4658202999999999
99,3,-135,-319522,9226.187,2.4699999999720603,3.03515628
99,4,-120,-319520.44,9227.681,4.029999999969732,4.5292969
99,5,-105,-319519.06,9228.465,5.409999999974389,5.3134765999999996
99,6,-90,-319518.34,9228.382,6.129999999946449,5.2304688
99,7,-75,-319518.72,9228.156,5.75,5.0048828
99,8,-60,-319519.88,9227.787,4.589999999967404,4.6357422
99,9,-45,-319521.2,9227.116,3.269999999960419,3.9648437999999997
99,10,-30,-319522.22,9226.251,2.25,3.0996094
99,11,-15,-319522.8,9225.487,1.669999999983702,2.3359375
99,12,0,-319523,9225.179,1.4699999999720603,2.0273437999999997
99,13,15,-319522.8,9225.487,1.669999999983702,2.3359375
99,14,30,-319522.22,9226.251,2.25,3.0996094
99,15,45,-319521.2,9227.112,3.269999999960419,3.9609375
99,16,60,-319519.88,9227.787,4.589999999967404,4.6357422
99,17,75,-319518.72,9228.172,5.75,5.0205078
99,18,90,-319518.34,9228.395,6.129999999946449,5.2431640999999996
99,19,105,-319519.06,9228.456,5.409999999974389,5.3046875
99,20,120,-319520.44,9227.681,4.029999999969732,4.5292969
99,21,135,-319522,9226.187,2.4699999999720603,3.03515628
99,22,150,-319523.34,9224.617,1.129999999946449,1.4658202999999999
99,23,165,-319524.2,9223.523,0.2699999999604188,0.3720703999999997
99,24,180,-319524.47,9223.151,0,0
100,1,-165,-406803.44,13361.338,15.85999999998603,5.0527344
100,2,-150,-406804.66,13360.543,14.64000000001397,4.2578125
100,3,-135,-406805.06,13359.681,14.239999999990689,3.39550778
100,4,-120,-406804.84,13358.91,14.459999999962749,2.6249999600000002
100,5,-105,-406804.53,13358.757,14.76999999996042,2.47167965
100,6,-90,-406805.03,13359.206,14.26999999996042,2.9208984
100,7,-75,-406806.97,13359.289,12.330000000016298,3.003906213
100,8,-60,-406810.12,13359.423,9.179999999993017,3.137695275
100,9,-45,-406813.66,13359.454,5.64000000001397,3.16894528
100,10,-30,-406816.7,13358.532,2.599999999976717,2.2470703
100,11,-15,-406818.66,13357.027,0.6400000000139698,0.7421874000000002
100,12,0,-406819.3,13356.285,0,0
100,13,15,-406818.66,13357.019,0.6400000000139698,0.7333984
100,14,30,-406816.7,13358.529,2.599999999976717,2.2441406
100,15,45,-406813.66,13359.473,5.64000000001397,3.18749996
100,16,60,-406810.12,13359.447,9.179999999993017,3.16210934
100,17,75,-406806.97,13359.289,12.330000000016298,3.003906213
100,18,90,-406805,13359.183,14.299999999988358,2.8974609
100,19,105,-406804.53,13358.757,14.76999999996042,2.47167965
100,20,120,-406804.84,13358.91,14.459999999962749,2.6249999600000002
100,21,135,-406805.06,13359.681,14.239999999990689,3.39550778
100,22,150,-406804.66,13360.543,14.64000000001397,4.2578125
100,23,165,-406803.44,13361.346,15.85999999998603,5.0605468
100,24,180,-406801.44,13362.554,17.85999999998603,6.2685546
101,1,-165,-356557.8,12681.775,4.820000000006985,2.5830078
101,2,-150,-356557.56,12681.946,5.059999999997672,2.7539062000000003
101,3,-135,-356557.2,12682.013,5.419999999983702,2.8203125
101,4,-120,-356556.84,12681.885,5.779999999969732,2.6923828
101,5,-105,-356556.6,12681.651,6.0200000000186265,2.4589843399999998
101,6,-90,-356556.4,12681.518,6.21999999997206,2.3251953
101,7,-75,-356556.22,12681.516,6.400000000023283,2.32324215
101,8,-60,-356555.78,12681.479,6.839999999967404,2.2861328
101,9,-45,-356555.16,12681.5625,7.460000000020955,2.37011715
101,10,-30,-356554.44,12681.671,8.179999999993015,2.4785156
101,11,-15,-356553.94,12681.808,8.679999999993015,2.6152343399999998
101,12,0,-356559.53,12680.545,3.089999999967404,1.35253902
101,13,15,-356560.16,12679.9,2.4600000000209548,0.7080078
101,14,30,-356560.56,12679.419,2.059999999997672,0.2265625
101,15,45,-356561.6,12679.7705,1.0200000000186265,0.578125
101,16,60,-356562.62,12679.285,0,0.0927734
101,17,75,-356562.6,12679.192,0.0200000000186264,0
101,18,90,-356561.6,12679.3955,1.0200000000186265,0.203125
101,19,105,-356560.06,12679.568,2.559999999997672,0.37597649999999994
101,20,120,-356558.78,12679.47,3.839999999967404,0.2773437000000001
101,21,135,-356558.1,12679.365,4.5200000000186265,0.17285149999999994
101,22,150,-356557.56,12681.946,5.059999999997672,2.7539062000000003
101,23,165,-356557.8,12681.775,4.820000000006985,2.5830078
101,24,180,-356557.9,12681.69,4.71999999997206,2.4980468399999998
102,1,-165,-488362.53,8521.454,2.769999999960419,1.72656245
102,2,-150,-488363.25,8520.711,2.0499999999883585,0.9833984
102,3,-135,-488364.12,8520.091,1.179999999993015,0.3632812000000001
102,4,-120,-488364.94,8519.728,0.3599999999860301,0
102,5,-105,-488365.3,8520.21,0,0.4824218000000001
102,6,-90,-488364.8,8520.533,0.5,0.805664
102,7,-75,-488363.97,8521.223,1.330000000016298,1.4951171380000001
102,8,-60,-488363.25,8522.005,2.0499999999883585,2.2773437000000003
102,9,-45,-488363,8522.328,2.2999999999883585,2.6005859
102,10,-30,-488363.12,8522.169,2.179999999993015,2.4414062000000003
102,11,-15,-488363.34,8521.9795,1.959999999962747,2.2519531
102,12,0,-488363.6,8522.002,1.7000000000116415,2.274414
102,13,15,-488363.38,8521.9795,1.9199999999837016,2.2519531
102,14,30,-488363.12,8522.169,2.179999999993015,2.4414062000000003
102,15,45,-488363,8522.307,2.2999999999883585,2.5791015
102,16,60,-488363.25,8522.007,2.0499999999883585,2.2792968
102,17,75,-488363.97,8521.223,1.330000000016298,1.4951171380000001
102,18,90,-488364.8,8520.533,0.5,0.805664
102,19,105,-488365.3,8520.213,0,0.48535150000000005
102,20,120,-488364.94,8519.73,0.3599999999860301,0.0029296000000000877
102,21,135,-488364.12,8520.091,1.179999999993015,0.3632812000000001
102,22,150,-488363.25,8520.712,2.0499999999883585,0.9843749500000001
102,23,165,-488362.53,8521.456,2.769999999960419,1.72851558
102,24,180,-488362.34,8521.939,2.959999999962747,2.211914
103,1,-165,-366831.12,9739.417,2.039999999979045,2.35253906
103,2,-150,-366829.9,9740.771,3.2599999999511056,3.7070312999999997
103,3,-135,-366829.22,9741.247,3.940000000002328,4.1826172
103,4,-120,-366829.3,9740.67,3.85999999998603,3.6054687000000003
103,5,-105,-366830.47,9739.695,2.6900000000023283,2.6308594
103,6,-90,-366832.03,9738.586,1.129999999946449,1.52148438
103,7,-75,-366833,9738.136,0.1599999999743886,1.07128906
103,8,-60,-366833.1,9737.863,0.0599999999976716,0.7988280999999999
103,9,-45,-366833,9738.127,0.1599999999743886,1.0625
103,10,-30,-366832.1,9738.515,1.0599999999976717,1.4501953
103,11,-15,-366830.56,9739.543,2.599999999976717,2.4785156
103,12,0,-366829.38,9740.516,3.779999999969732,3.4511719000000003
103,13,15,-366829.22,9741.218,3.940000000002328,4.1533203
103,14,30,-366829.75,9740.937,3.4099999999743886,3.8720703
103,15,45,-366830.9,9739.771,2.2599999999511056,2.70703125
103,16,60,-366831.47,9738.443,1.6900000000023283,1.37890625
103,17,75,-366833.06,9737.323,0.0999999999767169,0.2587891
103,18,90,-366833.06,9737.064,0.0999999999767169,0
103,19,105,-366832.34,9737.433,0.8199999999487773,0.3681641
103,20,120,-366831.78,9737.794,1.379999999946449,0.7294921999999999
103,21,135,-366832.16,9737.523,1,0.45898440000000007
103,22,150,-366832.94,9737.118,0.2199999999720603,0.053710900000000006
103,23,165,-366833.16,9737.202,0,0.13769530000000008
103,24,180,-366831.7,9738.319,1.459999999962747,1.2548827999999999
104,1,-165,-265555.12,9508.905,1.179999999993015,1.7392578
104,2,-150,-265554.53,9509.546,1.7699999999604188,2.3798828000000003
104,3,-135,-265553.9,9509.947,2.3999999999650754,2.78125
104,4,-120,-265553.75,9509.728,2.5499999999883585,2.5615234
104,5,-105,-265554.28,9508.991,2.019999999960419,1.8251952900000001
104,6,-90,-265555.22,9508.092,1.080000000016298,0.9257812000000001
104,7,-75,-265556.3,9507.166,0,0
104,8,-60,-265556.12,9507.535,0.179999999993015,0.36914060000000015
104,9,-45,-265555.28,9508.604,1.0199999999604188,1.4375
104,10,-30,-265554.06,9510.095,2.2399999999906868,2.9287109
104,11,-15,-265553,9511.309,3.2999999999883585,4.1425781
104,12,0,-265552.62,9511.757,3.679999999993015,4.590820300000001
104,13,15,-265553,9511.31,3.2999999999883585,4.1435546
104,14,30,-265554.06,9510.096,2.2399999999906868,2.9296875
104,15,45,-265555.28,9508.6045,1.0199999999604188,1.4384765400000001
104,16,60,-265556.12,9507.535,0.179999999993015,0.36914060000000015
104,17,75,-265556.3,9507.166,0,0
104,18,90,-265555.22,9508.094,1.080000000016298,0.9277344000000001
104,19,105,-265554.28,9508.992,2.019999999960419,1.8261718500000002
104,20,120,-265553.75,9509.7295,2.5499999999883585,2.56347654
104,21,135,-265553.9,9509.944,2.3999999999650754,2.7783203000000003
104,22,150,-265554.53,9509.549,1.7699999999604188,2.38281248
104,23,165,-265555.12,9508.904,1.179999999993015,1.7382812200000002
104,24,180,-265555.34,9508.596,0.9599999999627472,1.4296875
105,1,-165,-314275.84,11945.561,0.9099999999743886,1.2011719000000003
105,2,-150,-314274.38,11947.502,2.3699999999953434,3.1425782
105,3,-135,-314273.4,11949.416,3.349999999976717,5.05664065
105,4,-120,-314272.72,11950.623,4.03000000002794,6.2636719
105,5,-105,-314272.62,11950.08,4.130000000004657,5.7207032
105,6,-90,-314274.94,11948.433,1.809999999997672,4.0732422
105,7,-75,-314276.62,11946.286,0.1300000000046566,1.9267578000000003
105,8,-60,-314276.75,11945.992,0,1.6328125000000004
105,9,-45,-314275.34,11948.18,1.4099999999743886,3.8203125000000004
105,10,-30,-314273.06,11951.976,3.690000000002328,7.616211
105,11,-15,-314272.66,11952.673,4.090000000025611,8.313476600000001
105,12,0,-314271.34,11952.042,5.409999999974389,7.6826172
105,13,15,-314272.7,11950.323,4.049999999988359,5.9638672
105,14,30,-314274.34,11948.1,2.4099999999743886,3.7402344000000003
105,15,45,-314275.38,11946.23,1.3699999999953434,1.8710938000000001
105,16,60,-314275.38,11944.359,1.3699999999953434,0
105,17,75,-314275.94,11945.774,0.8099999999976717,1.4150391000000004
105,18,90,-314274.22,11948.177,2.53000000002794,3.8173828400000005
105,19,105,-314272.22,11951.537,4.53000000002794,7.1777344
105,20,120,-314271.25,11954.123,5.5,9.7636719
105,21,135,-314272.22,11952.381,4.53000000002794,8.0214844
105,22,150,-314274.34,11948.709,2.4099999999743886,4.3496094
105,23,165,-314276.06,11945.95,0.6900000000023283,1.5908204000000001
105,24,180,-314276.62,11944.959,0.1300000000046566,0.5996094000000003
106,1,-165,-261817.78,7710.09,12.820000000006983,3.9614257000000004
106,2,-150,-261817.5,7711.567,13.10000000000582,5.4384765
106,3,-135,-261816.81,7713.8975,13.790000000008147,7.76904295
106,4,-120,-261815.89,7717.4546,14.709999999991853,11.3261719
106,5,-105,-261817.39,7724.531,13.209999999991853,18.4023437
106,6,-90,-261819.42,7721.559,11.179999999993017,15.430664
106,7,-75,-261822.22,7717.785,8.380000000004657,11.6567383
106,8,-60,-261825.33,7713.9224,5.2700000000186265,7.793945294
106,9,-45,-261827.86,7710.39,2.7400000000197906,4.2617187
106,10,-30,-261829.5,7707.7495,1.1000000000058208,1.6210937000000003
106,11,-15,-261830.36,7706.435,0.2400000000197906,0.3066407
106,12,0,-261830.6,7706.1284,0,0
106,13,15,-261830.36,7706.4497,0.2400000000197906,0.32128900000000016
106,14,30,-261829.5,7707.761,1.1000000000058208,1.6328127000000006
106,15,45,-261827.84,7710.2627,2.760000000009313,4.134277300000001
106,16,60,-261825.33,7713.928,5.2700000000186265,7.79980467
106,17,75,-261822.22,7717.7935,8.380000000004657,11.665039
106,18,90,-261819.42,7721.556,11.179999999993017,15.4277344
106,19,105,-261817.39,7724.521,13.209999999991853,18.3925777
106,20,120,-261816.11,7724.709,14.49000000001979,18.5805667
106,21,135,-261816.81,7713.9043,13.790000000008147,7.775878888
106,22,150,-261817.5,7711.562,13.10000000000582,5.4335937
106,23,165,-261817.78,7710.0615,12.820000000006983,3.9331055000000004
106,24,180,-261817.38,7708.301,13.220000000001164,2.1723633000000007
107,1,-165,-563891.1,12106.4,0,0.353515625
107,2,-150,-563891.1,12106.279,0,0.232421875
107,3,-135,-563890.94,12106.256,0.1600000000325963,0.208984375
107,4,-120,-563890.6,12106.047,0.5,0
107,5,-105,-563890.44,12106.206,0.6600000000325963,0.15917968999999998
107,6,-90,-563890.3,12106.44,0.7999999999301508,0.39355469
107,7,-75,-563890.5,12106.205,0.5999999999767169,0.158203125
107,8,-60,-563890.7,12106.195,0.400000000023283,0.1484375
107,9,-45,-563891,12106.272,0.0999999999767169,0.22558593799999999
107,10,-30,-563891.1,12106.29,0,0.24316406200000001
107,11,-15,-563891.06,12106.418,0.0399999999208375,0.37109375
107,12,0,-563890.94,12106.732,0.1600000000325963,0.68554688
107,13,15,-563891.06,12106.418,0.0399999999208375,0.37109375
107,14,30,-563891.1,12106.292,0,0.24511718799999999
107,15,45,-563891,12106.271,0.0999999999767169,0.224609375
107,16,60,-563890.7,12106.195,0.400000000023283,0.1484375
107,17,75,-563890.5,12106.205,0.5999999999767169,0.158203125
107,18,90,-563890.3,12106.445,0.7999999999301508,0.3984375
107,19,105,-563890.44,12106.207,0.6600000000325963,0.16015625
107,20,120,-563890.6,12106.047,0.5,0
107,21,135,-563890.94,12106.257,0.1600000000325963,0.20996093799999999
107,22,150,-563891.1,12106.28,0,0.23339843799999999
107,23,165,-563891.1,12106.401,0,0.35449219
107,24,180,-563890.94,12106.732,0.1600000000325963,0.68554688
108,1,-165,-407524.28,15320.407,0.5,0.6572265000000002
108,2,-150,-407523.9,15321.65,0.8800000000046566,1.9003906000000002
108,3,-135,-407523.66,15322.605,1.120000000053551,2.8554687000000003
108,4,-120,-407523.75,15322.462,1.0300000000279397,2.71191404
108,5,-105,-407524.22,15321.059,0.5600000000558794,1.3085937000000003
108,6,-90,-407524.78,15320.61,0,0.8603515000000002
108,7,-75,-407524.75,15320.545,0.0300000000279396,0.7949218000000002
108,8,-60,-407524.12,15320.58,0.6600000000325963,0.8300781000000002
108,9,-45,-407523.22,15321.398,1.5600000000558794,1.6484374800000001
108,10,-30,-407521.88,15322.776,2.900000000023283,3.0263672
108,11,-15,-407520.53,15324.669,4.25,4.918945300000001
108,12,0,-407519.44,15326.521,5.340000000025611,6.7714844
108,13,15,-407520.5,15323.919,4.28000000002794,4.168945300000001
108,14,30,-407521.84,15322.018,2.9400000000023283,2.2675781
108,15,45,-407523.1,15320.733,1.6800000000512227,0.9833984000000002
108,16,60,-407524,15320.252,0.7800000000279397,0.5019531000000002
108,17,75,-407524.5,15320.359,0.2800000000279397,0.6093750000000002
108,18,90,-407524.47,15320.909,0.3100000000558793,1.1591796600000002
108,19,105,-407523.97,15322.045,0.8100000000558794,2.29492185
108,20,120,-407523.66,15322.81,1.120000000053551,3.0595703
108,21,135,-407523.62,15322.584,1.1600000000325963,2.83398435
108,22,150,-407523.88,15321.361,0.9000000000232831,1.6113281000000002
108,23,165,-407524.25,15320.179,0.5300000000279397,0.42871090000000023
108,24,180,-407524.44,15319.75,0.3400000000256113,0
109,1,-165,-480795.16,18499.857,4.14000000001397,4.2714844
109,2,-150,-480795.16,18499.615,4.14000000001397,4.0292969
109,3,-135,-480795.12,18499.043,4.179999999993015,3.45703125
109,4,-120,-480795,18498.357,4.299999999988359,2.77148438
109,5,-105,-480794.8,18498.016,4.5,2.4296875
109,6,-90,-480794.56,18498.04,4.739999999990687,2.453125
109,7,-75,-480794.28,18498.223,5.019999999960419,2.63671875
109,8,-60,-480793.84,18498.324,5.459999999962747,2.73828125
109,9,-45,-480793.34,18498.465,5.959999999962747,2.87890625
109,10,-30,-480793.34,18498.516,5.959999999962747,2.9296875
109,11,-15,-480793.25,18498.54,6.049999999988359,2.953125
109,12,0,-480797.97,18497.35,1.330000000016298,1.7636718999999998
109,13,15,-480798.88,18496.166,0.4199999999837018,0.5800781000000002
109,14,30,-480799.3,18495.586,0,0
109,15,45,-480799.3,18495.771,0,0.18554689999999985
109,16,60,-480798.62,18496.64,0.6799999999930151,1.0546875
109,17,75,-480797.16,18497.691,2.14000000001397,2.10546875
109,18,90,-480794.56,18498.04,4.739999999990687,2.453125
109,19,105,-480794.8,18498.008,4.5,2.421875
109,20,120,-480795,18498.361,4.299999999988359,2.77539062
109,21,135,-480795.12,18499.047,4.179999999993015,3.4609375
109,22,150,-480795.16,18499.615,4.14000000001397,4.0292969
109,23,165,-480795.16,18499.857,4.14000000001397,4.2714844
109,24,180,-480795.22,18499.9,4.080000000016298,4.3144531
110,1,-165,-513808.62,10938.184,7.410000000032596,4.5996094
110,2,-150,-513808.1,10939.753,7.930000000051223,6.1689453
110,3,-135,-513808.44,10940.152,7.590000000025611,6.5683594
110,4,-120,-513809.72,10939.206,6.310000000055879,5.6220703
110,5,-105,-513810.97,10937.981,5.060000000055879,4.3974609000000004
110,6,-90,-513811.62,10937.759,4.410000000032596,4.1748047
110,7,-75,-513811.25,10939.17,4.78000000002794,5.5859375
110,8,-60,-513812.78,10936.499,3.25,2.915039062
110,9,-45,-513814.06,10935.261,1.970000000030268,1.6767578
110,10,-30,-513814.5,10934.687,1.5300000000279397,1.1025391
110,11,-15,-513814.94,10933.865,1.0900000000256114,0.28125
110,12,0,-513815.12,10934.953,0.9100000000325964,1.3691406
110,13,15,-513816,10933.746,0.0300000000279396,0.16210939999999985
110,14,30,-513816.03,10933.584,0,0
110,15,45,-513815.16,10934.061,0.870000000053551,0.4765625
110,16,60,-513813.6,10934.685,2.4300000000512227,1.1005859
110,17,75,-513812.22,10935.607,3.81000000005588,2.0234375
110,18,90,-513809.4,10936.518,6.630000000004657,2.93359375
110,19,105,-513809.16,10936.602,6.870000000053551,3.017578125
110,20,120,-513809.53,10936.756,6.5,3.171875
110,21,135,-513809.66,10936.67,6.370000000053551,3.0859375
110,22,150,-513809.72,10936.789,6.310000000055879,3.20507812
110,23,165,-513809.6,10937.148,6.430000000051223,3.5644531
110,24,180,-513809.25,10937.616,6.78000000002794,4.0322265999999996
111,1,-165,-469972.22,10051.639,2.6800000000512227,3.5615235
111,2,-150,-469973.47,10049.966,1.4300000000512227,1.8886718900000001
111,3,-135,-469974.53,10048.641,0.3699999999953434,0.5634766000000002
111,4,-120,-469974.9,10048.077,0,0
111,5,-105,-469974.6,10048.546,0.3000000000465661,0.4687500000000002
111,6,-90,-469973.6,10049.81,1.300000000046566,1.7324219
111,7,-75,-469972.34,10051.494,2.559999999997672,3.4169922
111,8,-60,-469971.56,10052.555,3.340000000025612,4.4775390999999996
111,9,-45,-469972.12,10051.69,2.78000000002794,3.6132813
111,10,-30,-469973.44,10049.96,1.4600000000209548,1.8828125100000002
111,11,-15,-469974.53,10048.626,0.3699999999953434,0.5488281000000002
111,12,0,-469974.9,10048.08,0,0.002929700000000146
111,13,15,-469974.53,10048.626,0.3699999999953434,0.5488281000000002
111,14,30,-469973.44,10049.963,1.4600000000209548,1.8857422000000001
111,15,45,-469972.12,10051.69,2.78000000002794,3.6132813
111,16,60,-469971.56,10052.555,3.340000000025612,4.4775390999999996
111,17,75,-469972.34,10051.494,2.559999999997672,3.4169922
111,18,90,-469973.6,10049.81,1.300000000046566,1.7324219
111,19,105,-469974.6,10048.546,0.3000000000465661,0.4687500000000002
111,20,120,-469974.9,10048.077,0,0
111,21,135,-469974.53,10048.64,0.3699999999953434,0.5625000000000002
111,22,150,-469973.47,10049.964,1.4300000000512227,1.8867187600000002
111,23,165,-469972.22,10051.639,2.6800000000512227,3.5615235
111,24,180,-469971.56,10052.567,3.340000000025612,4.4902344
112,1,-165,-440756.84,14310.607,6.039999999979045,5.4492187
112,2,-150,-440757.22,14310.608,5.660000000032596,5.4501952
112,3,-135,-440758.03,14310.282,4.849999999976717,5.1240234000000004
112,4,-120,-440758.62,14309.7295,4.260000000009313,4.571289
112,5,-105,-440758.78,14309.435,4.099999999976717,4.2763671
112,6,-90,-440758.66,14309.405,4.220000000030268,4.24707025
112,7,-75,-440758.22,14308.621,4.660000000032596,3.462890562
112,8,-60,-440759.56,14308.48,3.320000000006985,3.32226556
112,9,-45,-440760.78,14307.954,2.099999999976717,2.7958984
112,10,-30,-440761.6,14307.43,1.2800000000279397,2.2714843
112,11,-15,-440762.06,14306.896,0.8200000000069849,1.7382812
112,12,0,-440762.4,14305.617,0.4799999999813735,0.4589843
112,13,15,-440762.88,14305.158,0,0
112,14,30,-440762.62,14305.494,0.2600000000093132,0.33593740000000016
112,15,45,-440761.6,14306.202,1.2800000000279397,1.0439452
112,16,60,-440760.2,14306.76,2.679999999993015,1.6015624000000002
112,17,75,-440758.78,14306.876,4.099999999976717,1.7177734000000002
112,18,90,-440758.66,14309.405,4.220000000030268,4.24707025
112,19,105,-440758.78,14309.435,4.099999999976717,4.2763671
112,20,120,-440758.62,14309.731,4.260000000009313,4.5732421
112,21,135,-440758.03,14310.244,4.849999999976717,5.085937400000001
112,22,150,-440757.22,14310.613,5.660000000032596,5.455078
112,23,165,-440756.84,14310.607,6.039999999979045,5.4492187
112,24,180,-440756.62,14310.515,6.260000000009313,5.3564452000000005
113,1,-165,-600008.1,12084.86,0,0.03320309999999971
113,2,-150,-600008.06,12085.033,0.0399999999208375,0.20605469999999992
113,3,-135,-600007.94,12085.148,0.1600000000325963,0.32128899999999994
113,4,-120,-600007.9,12085.183,0.1999999999534338,0.35546869999999986
113,5,-105,-600007.8,12085.215,0.2999999999301508,0.38769529999999985
113,6,-90,-600007.56,12085.398,0.5399999999208376,0.5712889999999999
113,7,-75,-600006.44,12086.255,1.6600000000325963,1.4277343599999999
113,8,-60,-600005.94,12086.646,2.1600000000325963,1.8193359199999999
113,9,-45,-600004.44,12088.05,3.660000000032596,3.2226562
113,10,-30,-600002.6,12090.124,5.5,5.296875
113,11,-15,-600001.25,12092.203,6.849999999976717,7.3759765999999996
113,12,0,-600000.75,12093.181,7.349999999976717,8.3535158
113,13,15,-600001.25,12092.201,6.849999999976717,7.3740234
113,14,30,-600002.6,12090.126,5.5,5.2988281
113,15,45,-600004.44,12088.006,3.660000000032596,3.1787108999999996
113,16,60,-600005.7,12086.9795,2.400000000023283,2.152343738
113,17,75,-600006.9,12085.93,1.199999999953434,1.1025390499999999
113,18,90,-600007.56,12085.398,0.5399999999208376,0.5712889999999999
113,19,105,-600007.8,12085.214,0.2999999999301508,0.38671869999999986
113,20,120,-600007.9,12085.184,0.1999999999534338,0.35644529999999985
113,21,135,-600007.94,12085.147,0.1600000000325963,0.3203124999999998
113,22,150,-600008.06,12085.033,0.0399999999208375,0.20605469999999992
113,23,165,-600008.1,12084.861,0,0.0341796999999997
113,24,180,-600008,12084.827,0.0999999999767169,0
114,1,-165,-386005.56,13173.836,2.7399999999906868,2.5302735
114,2,-150,-386006.3,13173.053,2,1.74707034
114,3,-135,-386007.1,13172.326,1.2000000000116415,1.02050784
114,4,-120,-386007.78,13171.552,0.5199999999604188,0.24609380000000003
114,5,-105,-386008.25,13171.413,0.0499999999883584,0.10742190000000007
114,6,-90,-386008.3,13171.473,0,0.16699220000000015
114,7,-75,-386008.2,13171.306,0.0999999999767169,0
114,8,-60,-386007.6,13171.536,0.7000000000116415,0.23046880000000003
114,9,-45,-386006.94,13172.28,1.3599999999860302,0.9746094000000001
114,10,-30,-386006.16,13173.055,2.14000000001397,1.74902346
114,11,-15,-386005.5,13173.864,2.7999999999883585,2.5585938
114,12,0,-386005.25,13174.205,3.0499999999883585,2.8994141
114,13,15,-386005.5,13173.864,2.7999999999883585,2.5585938
114,14,30,-386006.16,13173.058,2.14000000001397,1.75195315
114,15,45,-386006.94,13172.282,1.3599999999860302,0.9765625200000001
114,16,60,-386007.6,13171.52,0.7000000000116415,0.21386720000000004
114,17,75,-386008.2,13171.312,0.0999999999767169,0.00585940000000007
114,18,90,-386008.3,13171.462,0,0.15625
114,19,105,-386008.25,13171.41,0.0499999999883584,0.10449220000000015
114,20,120,-386007.78,13171.554,0.5199999999604188,0.24804690000000007
114,21,135,-386007.1,13172.324,1.2000000000116415,1.01855471
114,22,150,-386006.3,13173.053,2,1.74707034
114,23,165,-386005.56,13173.836,2.7399999999906868,2.5302735
114,24,180,-386005.25,13174.203,3.0499999999883585,2.897461
115,1,-165,-374952.84,15330.442,3.3199999999487773,2.8554687
115,2,-150,-374953.16,15329.09,3,1.5029296619999999
115,3,-135,-374954.5,15328.809,1.6599999999743886,1.22167966
115,4,-120,-374955.62,15328.086,0.5399999999790452,0.4990233999999999
115,5,-105,-374956.16,15327.587,0,0
115,6,-90,-374955.66,15328.146,0.5,0.5595703
115,7,-75,-374955.75,15328.165,0.4099999999743886,0.5781249999999999
115,8,-60,-374954.47,15328.507,1.6900000000023283,0.9199218499999999
115,9,-45,-374953,15329.245,3.1599999999743886,1.6582031
115,10,-30,-374952.1,15330.076,4.059999999997672,2.4892578
115,11,-15,-374952.03,15330.076,4.129999999946449,2.4892578
115,12,0,-374952.28,15330.052,3.879999999946449,2.4648437
115,13,15,-374952.8,15330.466,3.35999999998603,2.8789062
115,14,30,-374953.06,15329.151,3.099999999976717,1.5644531
115,15,45,-374954.38,15328.823,1.779999999969732,1.2363281
115,16,60,-374955.62,15328.103,0.5399999999790452,0.5156249999999999
115,17,75,-374956.16,15327.629,0,0.041992199999999924
115,18,90,-374955.56,15328.148,0.5999999999767169,0.5615233999999999
115,19,105,-374955.66,15328.269,0.5,0.6816405999999999
115,20,120,-374954.47,15328.661,1.6900000000023283,1.07421872
115,21,135,-374953.16,15329.324,3,1.73730466
115,22,150,-374952.16,15330.046,4,2.4589843
115,23,165,-374952.03,15330.098,4.129999999946449,2.5107422
115,24,180,-374952.28,15329.99,3.879999999946449,2.4033203
116,1,-165,-287078,10300,6.5,4.1259764
116,2,-150,-287077.4,10301.182,7.099999999976717,5.307617
116,3,-135,-287076.34,10302.794,8.159999999974389,6.9199217
116,4,-120,-287075.2,10304.095,9.299999999988358,8.220703
116,5,-105,-287074.3,10304.539,10.200000000011642,8.665038899999999
116,6,-90,-287074.38,10304.528,10.119999999995343,8.6542967
116,7,-75,-287076.03,10304.01,8.46999999997206,8.135742
116,8,-60,-287078.47,10302.429,6.03000000002794,6.554687299999999
116,9,-45,-287080.9,10300.191,3.599999999976717,4.317382599999999
116,10,-30,-287082.88,10298.059,1.6199999999953434,2.1845700999999997
116,11,-15,-287084.1,10296.483,0.400000000023283,0.609375
116,12,0,-287084.5,10295.874,0,0
116,13,15,-287084.1,10296.483,0.400000000023283,0.609375
116,14,30,-287082.88,10298.062,1.6199999999953434,2.1874997999999994
116,15,45,-287080.9,10300.196,3.599999999976717,4.322265399999999
116,16,60,-287078.47,10302.45,6.03000000002794,6.5761717
116,17,75,-287076,10304.011,8.5,8.1367186
116,18,90,-287074.4,10304.517,10.099999999976715,8.642578
116,19,105,-287074.3,10304.544,10.200000000011642,8.6699217
116,20,120,-287075.2,10304.077,9.299999999988358,8.2031248
116,21,135,-287076.34,10302.799,8.159999999974389,6.9248045
116,22,150,-287077.4,10301.178,7.099999999976717,5.30371075
116,23,165,-287078.03,10300.014,6.46999999997206,4.1396482
116,24,180,-287078.16,10299.591,6.340000000025611,3.7167966999999997
117,1,-165,-477511.2,19289.377,0.3300000000162981,0.5839844999999997
117,2,-150,-477510.22,19290.934,1.3100000000558794,2.140625
117,3,-135,-477508.7,19293.03,2.830000000016298,4.2363281
117,4,-120,-477506.62,19295.217,4.910000000032596,6.4238281
117,5,-105,-477504.28,19297.049,7.25,8.2558594
117,6,-90,-477502.25,19297.781,9.28000000002794,8.9882813
117,7,-75,-477501.34,19297.963,10.190000000002328,9.1699219
117,8,-60,-477501.2,19298.453,10.330000000016298,9.6601563
117,9,-45,-477500.97,19299.09,10.56000000005588,10.296875
117,10,-30,-477500.38,19299.701,11.150000000023285,10.9082031
117,11,-15,-477499.94,19298.72,11.590000000025611,9.9277344
117,12,0,-477500.28,19298.252,11.25,9.4589844
117,13,15,-477500.9,19298.365,10.630000000004657,9.5722656
117,14,30,-477501.38,19298.469,10.150000000023285,9.6757813
117,15,45,-477501.5,19298.438,10.03000000002794,9.6445313
117,16,60,-477501.38,19298.219,10.150000000023285,9.4257813
117,17,75,-477501.44,19297.857,10.090000000025611,9.0644531
117,18,90,-477502.3,19297.78,9.23000000003958,8.9863281
117,19,105,-477504.34,19297.002,7.190000000002328,8.2089844
117,20,120,-477506.56,19295.227,4.970000000030268,6.43359375
117,21,135,-477508.56,19293.074,2.970000000030268,4.28125
117,22,150,-477510.12,19291.01,1.4100000000325963,2.2167969000000003
117,23,165,-477511.12,19289.422,0.4100000000325963,0.6289062999999997
117,24,180,-477511.53,19288.793,0,0
118,1,-165,-537794.94,18250.715,0.0600000000558793,0.8554688000000001
118,2,-150,-537794.9,18249.932,0.0999999999767169,0.07226569999999999
118,3,-135,-537794.44,18249.86,0.5600000000558794,0
118,4,-120,-537793.25,18250.459,1.75,0.5996094000000003
118,5,-105,-537791.75,18251.457,3.25,1.5976563000000001
118,6,-90,-537790.4,18252.314,4.599999999976717,2.4550782
118,7,-75,-537789.4,18252.875,5.599999999976717,3.01562505
118,8,-60,-537788.25,18253.795,6.75,3.93554692
118,9,-45,-537786.75,18255.408,8.25,5.5488282
118,10,-30,-537785.06,18258.092,9.93999999994412,8.232421800000001
118,11,-15,-537783.5,18261.281,11.5,11.421875
118,12,0,-537782.8,18263.021,12.199999999953434,13.162109800000001
118,13,15,-537783.5,18261.26,11.5,11.4003908
118,14,30,-537785.06,18258.107,9.93999999994412,8.248046800000001
118,15,45,-537786.75,18255.418,8.25,5.558593800000001
118,16,60,-537788.25,18253.795,6.75,3.93554692
118,17,75,-537789.4,18252.875,5.599999999976717,3.01562505
118,18,90,-537790.4,18252.318,4.599999999976717,2.4589844000000003
118,19,105,-537791.75,18251.457,3.25,1.5976563000000001
118,20,120,-537793.25,18250.455,1.75,0.5957032
118,21,135,-537794.44,18249.86,0.5600000000558794,0
118,22,150,-537794.9,18249.932,0.0999999999767169,0.07226569999999999
118,23,165,-537794.94,18250.713,0.0600000000558793,0.8535157
118,24,180,-537795,18251.078,0,1.21875
119,1,-165,-392949.94,12353.515,4.900000000023283,1.10839841
119,2,-150,-392951.5,12354.927,3.340000000025612,2.5205078
119,3,-135,-392953.1,12353.361,1.7400000000488944,0.9550781
119,4,-120,-392954.28,12352.589,0.5599999999976717,0.18261716000000006
119,5,-105,-392954.84,12352.406,0,0
119,6,-90,-392954.6,12352.748,0.2400000000488944,0.34179685000000004
119,7,-75,-392953.56,12353.314,1.2800000000279397,0.9082031
119,8,-60,-392952.2,12353.602,2.64000000001397,1.1953124800000001
119,9,-45,-392951.2,12353.578,3.64000000001397,1.1718749800000001
119,10,-30,-392950.56,12353.574,4.28000000002794,1.16796872
119,11,-15,-392949.97,12353.588,4.870000000053551,1.1816406000000002
119,12,0,-392949.34,12353.779,5.5,1.3730468500000002
119,13,15,-392949.97,12353.587,4.870000000053551,1.1806640400000001
119,14,30,-392950.56,12353.57,4.28000000002794,1.1640624800000001
119,15,45,-392951.22,12353.575,3.620000000053551,1.1689452900000001
119,16,60,-392952.2,12353.593,2.64000000001397,1.18652341
119,17,75,-392953.56,12353.318,1.2800000000279397,0.91210935
119,18,90,-392954.6,12352.744,0.2400000000488944,0.33789060000000004
119,19,105,-392954.84,12352.412,0,0.005859350000000041
119,20,120,-392954.28,12352.585,0.5599999999976717,0.1787109
119,21,135,-392953.1,12353.379,1.7400000000488944,0.972656225
119,22,150,-392951.5,12354.924,3.340000000025612,2.5175781
119,23,165,-392949.94,12353.512,4.900000000023283,1.1054687250000002
119,24,180,-392949.47,12353.404,5.370000000053551,0.99804685
120,1,-165,-418092.22,15269.447,0,0.14941400000000016
120,2,-150,-418091.94,15270.016,0.279999999969732,0.7177734000000002
120,3,-135,-418091.22,15270.9375,1,1.6396483800000001
120,4,-120,-418090.16,15272.175,2.059999999997672,2.87695306
120,5,-105,-418088.9,15273.508,3.3199999999487773,4.2099609000000004
120,6,-90,-418087.53,15274.6,4.689999999944121,5.301757800000001
120,7,-75,-418089.06,15273.627,3.1599999999743886,4.3291015
120,8,-60,-418090.34,15272.193,1.879999999946449,2.89550775
120,9,-45,-418091.38,15270.889,0.8399999999674037,1.5908202500000002
120,10,-30,-418092,15269.951,0.2199999999720603,0.6533202000000002
120,11,-15,-418092.22,15269.41,0,0.11230460000000009
120,12,0,-418092.12,15269.302,0.0999999999767169,0.003906200000000304
120,13,15,-418092.22,15269.411,0,0.11328120000000008
120,14,30,-418092,15269.954,0.2199999999720603,0.6562499000000002
120,15,45,-418091.38,15270.886,0.8399999999674037,1.5878905600000002
120,16,60,-418090.34,15272.189,1.879999999946449,2.8916015
120,17,75,-418089.06,15273.616,3.1599999999743886,4.3183593
120,18,90,-418087.53,15274.601,4.689999999944121,5.3027343
120,19,105,-418088.9,15273.513,3.3199999999487773,4.2148437
120,20,120,-418090.16,15272.178,2.059999999997672,2.87988275
120,21,135,-418091.22,15270.939,1,1.6416015000000002
120,22,150,-418091.94,15270.01,0.279999999969732,0.7119140000000002
120,23,165,-418092.22,15269.449,0,0.1513671000000001
120,24,180,-418092.12,15269.298,0.0999999999767169,0
121,1,-165,-405002.66,14828.231,1.120000000053551,0.71679688
121,2,-150,-405003.22,14828.077,0.5600000000558794,0.5625
121,3,-135,-405003.56,14827.937,0.2200000000302679,0.421875
121,4,-120,-405003.78,14827.919,0,0.40429687999999997
121,5,-105,-405003.72,14827.826,0.0600000000558793,0.31152344
121,6,-90,-405002.6,14827.515,1.1800000000512227,0
121,7,-75,-405002.88,14827.903,0.9000000000232831,0.38867187999999997
121,8,-60,-405003,14828.338,0.7800000000279397,0.82324219
121,9,-45,-405002.97,14828.385,0.8100000000558794,0.8701171999999999
121,10,-30,-405002.75,14828.359,1.0300000000279397,0.84472656
121,11,-15,-405002.38,14828.239,1.400000000023283,0.72460938
121,12,0,-405001.66,14828.416,2.120000000053551,0.9013671999999999
121,13,15,-405002.38,14828.239,1.400000000023283,0.72460938
121,14,30,-405002.75,14828.3545,1.0300000000279397,0.83984375
121,15,45,-405002.97,14828.385,0.8100000000558794,0.8701171999999999
121,16,60,-405003,14828.333,0.7800000000279397,0.81835938
121,17,75,-405002.88,14827.901,0.9000000000232831,0.38671875
121,18,90,-405002.6,14827.516,1.1800000000512227,0.0009765600000000152
121,19,105,-405003.72,14827.813,0.0600000000558793,0.29882812
121,20,120,-405003.78,14827.916,0,0.40136719
121,21,135,-405003.56,14827.934,0.2200000000302679,0.41894531
121,22,150,-405003.22,14828.08,0.5600000000558794,0.565429688
121,23,165,-405002.66,14828.227,1.120000000053551,0.71191406
121,24,180,-405002.06,14828.376,1.720000000030268,0.86132812
122,1,-165,-512443.6,13523.48,0.2800000000279397,0.4101562000000001
122,2,-150,-512442.47,13524.247,1.4100000000325963,1.17675776
122,3,-135,-512441.47,13524.886,2.4100000000325963,1.81542964
122,4,-120,-512441.03,13525.113,2.849999999976717,2.0429687000000003
122,5,-105,-512441.47,13524.802,2.4100000000325963,1.73144526
122,6,-90,-512442.47,13524.136,1.4100000000325963,1.0654296380000001
122,7,-75,-512443.56,13523.433,0.3200000000069849,0.36230464000000007
122,8,-60,-512443.88,13523.114,0,0.043945300000000076
122,9,-45,-512443.6,13523.457,0.2800000000279397,0.3867187000000001
122,10,-30,-512442.44,13524.114,1.4400000000023283,1.043945262
122,11,-15,-512441.47,13524.845,2.4100000000325963,1.7744140000000002
122,12,0,-512441,13525.129,2.8800000000046566,2.0585937000000003
122,13,15,-512441.47,13524.8545,2.4100000000325963,1.78417964
122,14,30,-512442.4,13524.215,1.4799999999813735,1.1445312
122,15,45,-512443.6,13523.466,0.2800000000279397,0.3955077600000001
122,16,60,-512443.88,13523.116,0,0.045898400000000006
122,17,75,-512443.56,13523.433,0.3200000000069849,0.36230464000000007
122,18,90,-512442.47,13524.156,1.4100000000325963,1.08593745
122,19,105,-512441.5,13524.84,2.3800000000046566,1.7695312
122,20,120,-512441.03,13525.135,2.849999999976717,2.0644531
122,21,135,-512441.47,13524.883,2.4100000000325963,1.81249995
122,22,150,-512442.47,13524.248,1.4100000000325963,1.177734325
122,23,165,-512443.6,13523.492,0.2800000000279397,0.4218749500000001
122,24,180,-512443.84,13523.07,0.0399999999790452,0
123,1,-165,-311625.84,11990.146,1.0399999999790452,0.203125
123,2,-150,-311626.28,11990.271,0.5999999999767169,0.3281250000000001
123,3,-135,-311626.16,11990.522,0.720000000030268,0.5791016000000001
123,4,-120,-311625.47,11991.162,1.4100000000325963,1.218750025
123,5,-105,-311624.44,11992.232,2.4400000000023283,2.2890625
123,6,-90,-311623.66,11993.191,3.220000000030268,3.2480469000000003
123,7,-75,-311623.6,11993.025,3.28000000002794,3.0820313
123,8,-60,-311624.3,11992.085,2.580000000016298,2.1416016
123,9,-45,-311625.44,11991.206,1.4400000000023283,1.262695338
123,10,-30,-311626.4,11990.567,0.4799999999813735,0.6240234600000001
123,11,-15,-311626.84,11990.187,0.0399999999790452,0.2431641
123,12,0,-311626.88,11990.021,0,0.078125
123,13,15,-311626.84,11990.187,0.0399999999790452,0.2431641
123,14,30,-311626.4,11990.567,0.4799999999813735,0.6240234600000001
123,15,45,-311625.44,11991.206,1.4400000000023283,1.262695338
123,16,60,-311624.3,11992.084,2.580000000016298,2.140625
123,17,75,-311623.6,11993.025,3.28000000002794,3.0820313
123,18,90,-311623.66,11993.193,3.220000000030268,3.25
123,19,105,-311624.44,11992.231,2.4400000000023283,2.288086
123,20,120,-311625.47,11991.165,1.4100000000325963,1.221679712
123,21,135,-311626.16,11990.521,0.720000000030268,0.5781250000000001
123,22,150,-311626.28,11990.2705,0.5999999999767169,0.3271484600000001
123,23,165,-311625.84,11990.151,1.0399999999790452,0.20800780000000008
123,24,180,-311625.5,11989.943,1.3800000000046566,0
124,1,-165,-448786.9,15637.382,1.0399999999790452,1.18847654
124,2,-150,-448787.94,15636.939,0,0.7460937
124,3,-135,-448787.9,15636.71,0.0399999999790452,0.5166015399999999
124,4,-120,-448787.06,15636.931,0.8800000000046566,0.73730466
124,5,-105,-448786.12,15637.757,1.820000000006985,1.56347654
124,6,-90,-448785.88,15638.347,2.059999999997672,2.1533203
124,7,-75,-448786.53,15637.356,1.4099999999743886,1.1630859
124,8,-60,-448787.53,15636.193,0.4099999999743886,0
124,9,-45,-448787.56,15636.215,0.3800000000046566,0.02148430000000001
124,10,-30,-448785.9,15637.846,2.039999999979045,1.65234372
124,11,-15,-448782.72,15640.52,5.220000000030268,4.3261719
124,12,0,-448778.44,15642.464,9.5,6.2705078
124,13,15,-448782.72,15640.579,5.220000000030268,4.3857421
124,14,30,-448785.9,15637.876,2.039999999979045,1.68261716
124,15,45,-448787.56,15636.216,0.3800000000046566,0.022460900000000006
124,16,60,-448787.53,15636.196,0.4099999999743886,0.002929699999999924
124,17,75,-448786.53,15637.318,1.4099999999743886,1.12499998
124,18,90,-448785.88,15638.347,2.059999999997672,2.1533203
124,19,105,-448786.12,15637.759,1.820000000006985,1.56542966
124,20,120,-448787.03,15636.928,0.9099999999743886,0.7343749999999999
124,21,135,-448787.9,15636.717,0.0399999999790452,0.5234374999999999
124,22,150,-448787.78,15636.938,0.1599999999743886,0.74511716
124,23,165,-448786.9,15637.381,1.0399999999790452,1.18749998
124,24,180,-448785.44,15637.023,2.5,0.8300780999999999
125,1,-165,-218981.64,9128.702,1.889999999984866,2.16992186
125,2,-150,-218982.56,9127.818,0.9700000000011642,1.2861328
125,3,-135,-218983.3,9126.896,0.2300000000104773,0.3642578000000001
125,4,-120,-218983.53,9126.659,0,0.12695310000000015
125,5,-105,-218983.11,9127.419,0.4200000000128057,0.8867187400000001
125,6,-90,-218982,9129.095,1.5299999999988358,2.5625
125,7,-75,-218980.83,9129.327,2.700000000011641,2.7949219000000003
125,8,-60,-218980.56,9130.048,2.970000000001164,3.515625
125,9,-45,-218981.11,9129.439,2.4200000000128057,2.9072266
125,10,-30,-218982,9128.105,1.5299999999988358,1.573242175
125,11,-15,-218982.72,9126.952,0.8099999999976717,0.41992190000000007
125,12,0,-218982.98,9126.532,0.5499999999883585,0
125,13,15,-218982.72,9126.952,0.8099999999976717,0.41992190000000007
125,14,30,-218982,9128.106,1.5299999999988358,1.57421874
125,15,45,-218981.11,9129.439,2.4200000000128057,2.9072266
125,16,60,-218980.56,9130.048,2.970000000001164,3.515625
125,17,75,-218980.83,9129.326,2.700000000011641,2.7939453
125,18,90,-218982,9129.104,1.5299999999988358,2.57128905
125,19,105,-218983.11,9127.419,0.4200000000128057,0.8867187400000001
125,20,120,-218983.53,9126.659,0,0.12695310000000015
125,21,135,-218983.3,9126.896,0.2300000000104773,0.3642578000000001
125,22,150,-218982.56,9127.818,0.9700000000011642,1.2861328
125,23,165,-218981.64,9128.702,1.889999999984866,2.16992186
125,24,180,-218981.14,9128.797,2.389999999984866,2.2646484
126,1,-165,-428174.28,15385.295,0.0599999999976716,0.08300780000000008
126,2,-150,-428173.88,15385.748,0.4600000000209547,0.5361328000000001
126,3,-135,-428172.8,15386.735,1.540000000037253,1.5234374800000001
126,4,-120,-428171.16,15388.08,3.1800000000512227,2.86816404
126,5,-105,-428169.25,15389.494,5.090000000025611,4.2822265
126,6,-90,-428167.72,15390.638,6.620000000053551,5.4257812
126,7,-75,-428169.16,15389.603,5.180000000051223,4.390625
126,8,-60,-428171.1,15388.15,3.2400000000488944,2.93847654
126,9,-45,-428172.78,15386.746,1.5599999999976717,1.5341796600000002
126,10,-30,-428173.84,15385.743,0.5,0.5312500000000002
126,11,-15,-428174.28,15385.294,0.0599999999976716,0.08203120000000008
126,12,0,-428174.34,15385.212,0,0
126,13,15,-428174.28,15385.293,0.0599999999976716,0.08105470000000015
126,14,30,-428173.84,15385.743,0.5,0.5312500000000002
126,15,45,-428172.78,15386.746,1.5599999999976717,1.5341796600000002
126,16,60,-428171.1,15388.15,3.2400000000488944,2.93847654
126,17,75,-428169.16,15389.603,5.180000000051223,4.390625
126,18,90,-428167.72,15390.64,6.620000000053551,5.4277343
126,19,105,-428169.25,15389.498,5.090000000025611,4.286132800000001
126,20,120,-428171.2,15388.084,3.14000000001397,2.8720703000000003
126,21,135,-428172.8,15386.735,1.540000000037253,1.5234374800000001
126,22,150,-428173.88,15385.749,0.4600000000209547,0.5371093000000002
126,23,165,-428174.28,15385.294,0.0599999999976716,0.08203120000000008
126,24,180,-428174.34,15385.212,0,0
127,1,-165,-315669.53,14620.243,2.5699999999487773,1.5683594
127,2,-150,-315669.44,14621.658,2.6599999999743886,2.98339844
127,3,-135,-315668.2,14623.778,3.8999999999650754,5.1035156
127,4,-120,-315668.1,14623.653,4,4.9785156
127,5,-105,-315669.12,14622.686,2.979999999981373,4.0107422
127,6,-90,-315670.7,14621.007,1.3999999999650754,2.33203125
127,7,-75,-315671.75,14619.454,0.3499999999767169,0.7792969000000001
127,8,-60,-315671.97,14618.931,0.1300000000046566,0.25585939999999985
127,9,-45,-315670.72,14619.852,1.3800000000046566,1.1767578
127,10,-30,-315668.75,14621.808,3.349999999976717,3.1328125
127,11,-15,-315666.9,14623.446,5.199999999953434,4.7714844
127,12,0,-315666.44,14623.87,5.659999999974389,5.1953125
127,13,15,-315667.72,14622.789,4.380000000004657,4.1142578
127,14,30,-315669.6,14620.921,2.5,2.24609375
127,15,45,-315671.4,14619.251,0.6999999999534339,0.5761718999999998
127,16,60,-315671.75,14619.354,0.3499999999767169,0.6787109999999998
127,17,75,-315671.3,14619.807,0.7999999999883585,1.1318359
127,18,90,-315669.88,14621.617,2.2199999999720603,2.94238281
127,19,105,-315668.34,14623.255,3.7599999999511056,4.5800781
127,20,120,-315668,14624.125,4.099999999976717,5.4501953
127,21,135,-315668.8,14622.882,3.2999999999883585,4.2070312
127,22,150,-315670.34,14620.851,1.7599999999511056,2.17578125
127,23,165,-315671.66,14619.128,0.4400000000023283,0.453125
127,24,180,-315672.1,14618.675,0,0
128,1,-165,-408936.22,16629.945,2.31000000005588,2.9140625
128,2,-150,-408937.2,16629.277,1.330000000016298,2.2460937
128,3,-135,-408937.97,16628.635,0.5600000000558794,1.6035156
128,4,-120,-408938.38,16628.21,0.150000000023283,1.17968748
128,5,-105,-408938.25,16627.889,0.2800000000279397,0.8574218499999999
128,6,-90,-408937.7,16627.434,0.8300000000162981,0.40234369999999986
128,7,-75,-408937.03,16627.031,1.5,0
128,8,-60,-408936.53,16627.266,2,0.234375
128,9,-45,-408936.12,16628.162,2.4100000000325963,1.13085935
128,10,-30,-408935.75,16628.975,2.78000000002794,1.94335935
128,11,-15,-408935.38,16629.18,3.150000000023283,2.1484375
128,12,0,-408935.2,16628.982,3.330000000016298,1.95117185
128,13,15,-408935.16,16628.654,3.370000000053551,1.62304685
128,14,30,-408936,16629.139,2.53000000002794,2.1074218499999997
128,15,45,-408936.53,16628.246,2,1.21484372
128,16,60,-408937.06,16627.314,1.470000000030268,0.28320309999999993
128,17,75,-408937.56,16627.033,0.970000000030268,0.00195309999999993
128,18,90,-408938.1,16627.334,0.4300000000512227,0.3027343
128,19,105,-408938.53,16627.857,0,0.8261718499999999
128,20,120,-408938.44,16628.104,0.0900000000256113,1.0722656
128,21,135,-408937.94,16628.469,0.5900000000256114,1.437499975
128,22,150,-408937.25,16629.145,1.2800000000279397,2.1132812
128,23,165,-408936.25,16629.895,2.28000000002794,2.8632812
128,24,180,-408935.38,16630.377,3.150000000023283,3.3457030999999997
129,1,-165,-408151.1,15341.531,1.3400000000256114,0.4179687999999999
129,2,-150,-408151.47,15341.211,0.970000000030268,0.09765629999999992
129,3,-135,-408151.16,15341.975,1.2800000000279397,0.8613281999999998
129,4,-120,-408150.34,15343.842,2.099999999976717,2.72851565
129,5,-105,-408151.5,15344.868,0.9400000000023284,3.7548828
129,6,-90,-408151.12,15345.716,1.320000000006985,4.6025390999999996
129,7,-75,-408151.44,15344.897,1,3.7841797
129,8,-60,-408152.1,15343.335,0.3400000000256113,2.2216797099999996
129,9,-45,-408152.44,15342.263,0,1.1494141
129,10,-30,-408152.16,15342.198,0.2800000000279397,1.0849609599999999
129,11,-15,-408151.12,15343.314,1.320000000006985,2.2011719
129,12,0,-408149.5,15342.762,2.9400000000023283,1.6484375199999999
129,13,15,-408150.78,15341.52,1.6599999999743886,0.4062499999999998
129,14,30,-408151.44,15341.113,1,0
129,15,45,-408151.38,15341.708,1.0599999999976717,0.5947265999999998
129,16,60,-408150.72,15343.359,1.720000000030268,2.24609378
129,17,75,-408151.72,15344.75,0.720000000030268,3.6367187999999997
129,18,90,-408151.12,15345.731,1.320000000006985,4.6181640999999996
129,19,105,-408151.28,15345.091,1.1599999999743886,3.9775390999999996
129,20,120,-408151.88,15343.588,0.5599999999976717,2.4746094
129,21,135,-408152.34,15342.429,0.0999999999767169,1.3154296999999997
129,22,150,-408152.34,15342.254,0.0999999999767169,1.140625
129,23,165,-408151.56,15343.113,0.8800000000046566,2.000000025
129,24,180,-408149.94,15342.648,2.5,1.5351562799999998
130,1,-165,-421134.5,19613.13,4.03000000002794,2.4648436999999994
130,2,-150,-421132.84,19615.65,5.690000000002328,4.984375
130,3,-135,-421134.53,19612.434,4,1.7675780999999997
130,4,-120,-421128.38,19619.582,10.150000000023285,8.9160156
130,5,-105,-421128.53,19618.867,10,8.201171800000001
130,6,-90,-421130,19617.432,8.53000000002794,6.765625
130,7,-75,-421131.84,19615.81,6.690000000002328,5.144531199999999
130,8,-60,-421133.3,19614.438,5.230000000039581,3.7714843499999997
130,9,-45,-421134.28,19613.748,4.25,3.0820311999999994
130,10,-30,-421132.75,19613.076,5.78000000002794,2.4101561999999994
130,11,-15,-421134.38,19613.146,4.150000000023283,2.4804686999999994
130,12,0,-421138.53,19612.62,0,1.9531249999999996
130,13,15,-421134.6,19612.963,3.930000000051223,2.296875
130,14,30,-421135.78,19610.666,2.75,0
130,15,45,-421134.88,19612.121,3.650000000023283,1.4550780999999997
130,16,60,-421128.44,19619.598,10.090000000025611,8.9316406
130,17,75,-421128.5,19618.828,10.03000000002794,8.162109399999999
130,18,90,-421129.8,19617.24,8.730000000039581,6.574218699999999
130,19,105,-421131.5,19615.734,7.03000000002794,5.06835935
130,20,120,-421133,19614.494,5.53000000002794,3.8281249799999997
130,21,135,-421134.06,19613.799,4.470000000030268,3.1328124999999996
130,22,150,-421132.72,19613.234,5.810000000055879,2.5683593999999994
130,23,165,-421134.44,19613.244,4.090000000025611,2.578125
130,24,180,-421138.53,19612.611,0,1.9453124999999996
131,1,-165,-261822.2,7527.2183,6.049999999988359,2.0864258000000007
131,2,-150,-261821.7,7529.151,6.549999999988359,4.019043
131,3,-135,-261820.55,7532.472,7.7000000000116415,7.340332
131,4,-120,-261818.75,7536.3066,9.5,11.174804700000001
131,5,-105,-261816.69,7540.13,11.559999999997672,14.9980469
131,6,-90,-261818.88,7542.2476,9.369999999995343,17.115722400000003
131,7,-75,-261822.06,7538.7764,6.190000000002328,13.6445314
131,8,-60,-261824.6,7535.3633,3.6499999999941792,10.2314454
131,9,-45,-261826.44,7532.0557,1.809999999997672,6.923828100000001
131,10,-30,-261827.64,7529.285,0.6099999999860302,4.1533204
131,11,-15,-261828.25,7527.7485,0,2.616699400000001
131,12,0,-261828.1,7527.072,0.1499999999941792,1.9399414000000004
131,13,15,-261828.25,7527.7515,0,2.6196289000000004
131,14,30,-261827.64,7529.286,0.6099999999860302,4.1542969
131,15,45,-261826.44,7532.062,1.809999999997672,6.930175800000001
131,16,60,-261824.6,7535.3726,3.6499999999941792,10.2407226
131,17,75,-261822.06,7538.7583,6.190000000002328,13.6264648
131,18,90,-261818.88,7542.2515,9.369999999995343,17.119628900000002
131,19,105,-261816.69,7540.127,11.559999999997672,14.995117400000002
131,20,120,-261818.75,7536.314,9.5,11.1821289
131,21,135,-261820.55,7532.4575,7.7000000000116415,7.3256836000000005
131,22,150,-261821.7,7529.1475,6.549999999988359,4.015625
131,23,165,-261822.2,7527.2236,6.049999999988359,2.0917969000000003
131,24,180,-261821.39,7525.132,6.85999999998603,0
132,1,-165,-672654,15034.471,0.5999999999767169,0.3037110000000003
132,2,-150,-672652.25,15036.194,2.349999999976717,2.0273438
132,3,-135,-672650.06,15038.684,4.539999999920838,4.5166016
132,4,-120,-672648.9,15040.101,5.699999999953434,5.933593800000001
132,5,-105,-672647.44,15042.043,7.160000000032596,7.8759768
132,6,-90,-672646.9,15040.465,7.699999999953434,6.2978515999999996
132,7,-75,-672648.9,15037.256,5.699999999953434,3.08886724
132,8,-60,-672649.5,15035.177,5.099999999976717,1.0097657
132,9,-45,-672647.9,15035.821,6.699999999953434,1.6542969
132,10,-30,-672648.94,15039.011,5.660000000032596,4.84375
132,11,-15,-672648.6,15040.493,6,6.3261719
132,12,0,-672649.7,15039.838,4.900000000023283,5.6708985
132,13,15,-672650.25,15039.201,4.349999999976717,5.0341797
132,14,30,-672650.7,15037.972,3.900000000023283,3.80468755
132,15,45,-672652,15035.971,2.599999999976717,1.803711
132,16,60,-672654.2,15034.283,0.400000000023283,0.11621100000000029
132,17,75,-672654.6,15034.167,0,0
132,18,90,-672653.56,15035.641,1.0399999999208376,1.4736329000000001
132,19,105,-672652.4,15037.238,2.199999999953434,3.0712891
132,20,120,-672651.4,15038.351,3.199999999953434,4.183593800000001
132,21,135,-672651.94,15040.208,2.6600000000325963,6.0410157
132,22,150,-672651.44,15039.354,3.1600000000325963,5.1865235
132,23,165,-672652.9,15036.682,1.699999999953434,2.5146485000000003
132,24,180,-672654.25,15034.541,0.3499999999767169,0.3740235000000003
133,1,-165,-479899.5,17991.48,8.700000000011642,7.2050781
133,2,-150,-479903.88,17987.123,4.320000000006985,2.84765628
133,3,-135,-479906.22,17984.9,1.9800000000395808,0.625
133,4,-120,-479907.25,17984.283,0.9500000000116416,0.0078125
133,5,-105,-479907.6,17984.451,0.6000000000349246,0.1757812999999997
133,6,-90,-479907.75,17984.656,0.4500000000116415,0.38085939999999985
133,7,-75,-479908.2,17984.365,0,0.0898437999999997
133,8,-60,-479907.94,17984.344,0.2600000000093132,0.06835939999999985
133,9,-45,-479906.47,17985.594,1.7300000000395812,1.3183593999999998
133,10,-30,-479903.72,17988.271,4.480000000039581,3.9960937999999997
133,11,-15,-479899.5,17992.613,8.700000000011642,8.337890699999999
133,12,0,-479893.72,17998.3,14.48000000003958,14.0253909
133,13,15,-479899.5,17992.58,8.700000000011642,8.3046875
133,14,30,-479903.72,17988.248,4.480000000039581,3.9726562999999997
133,15,45,-479906.47,17985.584,1.7300000000395812,1.3085938
133,16,60,-479907.94,17984.344,0.2600000000093132,0.06835939999999985
133,17,75,-479908.2,17984.365,0,0.0898437999999997
133,18,90,-479907.75,17984.656,0.4500000000116415,0.38085939999999985
133,19,105,-479907.6,17984.457,0.6000000000349246,0.1816407
133,20,120,-479907.25,17984.275,0.9500000000116416,0
133,21,135,-479906.22,17984.904,1.9800000000395808,0.6289062999999997
133,22,150,-479903.88,17987.127,4.320000000006985,2.85156252
133,23,165,-479899.56,17991.486,8.64000000001397,7.2109375
133,24,180,-479892.72,17997.732,15.48000000003958,13.4570309
134,1,-165,-247811.23,6947.7017,0.6499999999941792,0.6152343
134,2,-150,-247809.45,6949.3174,2.429999999993015,2.2309569999999996
134,3,-135,-247807.14,6951.4697,4.739999999990687,4.38330077
134,4,-120,-247804.98,6953.5845,6.899999999994179,6.4980469
134,5,-105,-247803.38,6954.8677,8.5,7.78125
134,6,-90,-247802.8,6955.359,9.080000000016298,8.2724609
134,7,-75,-247803.55,6955.0117,8.330000000016298,7.925293
134,8,-60,-247805.28,6953.6895,6.600000000005821,6.6030273
134,9,-45,-247807.45,6951.4507,4.429999999993015,4.3642578
134,10,-30,-247809.62,6949.1963,2.260000000009313,2.1098632999999998
134,11,-15,-247811.28,6947.658,0.6000000000058208,0.5717772999999999
134,12,0,-247811.88,6947.09,0,0.003417999999999921
134,13,15,-247811.28,6947.658,0.6000000000058208,0.5717772999999999
134,14,30,-247809.62,6949.2085,2.260000000009313,2.1220703
134,15,45,-247807.45,6951.4507,4.429999999993015,4.3642578
134,16,60,-247805.28,6953.663,6.600000000005821,6.5766601
134,17,75,-247803.55,6955.0117,8.330000000016298,7.925293
134,18,90,-247802.8,6955.359,9.080000000016298,8.2724609
134,19,105,-247803.38,6954.864,8.5,7.777343699999999
134,20,120,-247804.98,6953.5664,6.899999999994179,6.4799805
134,21,135,-247807.14,6951.473,4.739999999990687,4.38671874
134,22,150,-247809.45,6949.314,2.429999999993015,2.2275391
134,23,165,-247811.23,6947.7017,0.6499999999941792,0.6152343
134,24,180,-247811.88,6947.0864,0,0
135,1,-165,-147231.95,6530.2935,2,2.0180664
135,2,-150,-147232.86,6529.415,1.0900000000256114,1.13964844
135,3,-135,-147233.62,6528.586,0.3300000000162981,0.31054690000000007
135,4,-120,-147233.95,6528.2754,0,0
135,5,-105,-147233.75,6528.599,0.2000000000116415,0.32373050000000003
135,6,-90,-147233.03,6529.3584,0.9200000000128056,1.0830078200000002
135,7,-75,-147232.05,6530.1367,1.900000000023283,1.86132813
135,8,-60,-147231.94,6530.494,2.010000000009313,2.21875
135,9,-45,-147232.44,6530.3506,1.5100000000093132,2.0751953
135,10,-30,-147233.06,6529.8013,0.8900000000139698,1.5258789000000001
135,11,-15,-147233.36,6529.3135,0.5900000000256114,1.03808594
135,12,0,-147233.11,6529.237,0.8400000000256114,0.9614258
135,13,15,-147233.36,6529.3135,0.5900000000256114,1.03808594
135,14,30,-147233.06,6529.802,0.8900000000139698,1.5263672000000001
135,15,45,-147232.44,6530.3496,1.5100000000093132,2.07421876
135,16,60,-147231.94,6530.4927,2.010000000009313,2.2172851600000003
135,17,75,-147232.05,6530.1367,1.900000000023283,1.86132813
135,18,90,-147233.03,6529.359,0.9200000000128056,1.0834961
135,19,105,-147233.75,6528.6035,0.2000000000116415,0.3281250000000001
135,20,120,-147233.95,6528.2754,0,0
135,21,135,-147233.62,6528.5854,0.3300000000162981,0.3100586000000001
135,22,150,-147232.86,6529.415,1.0900000000256114,1.13964844
135,23,165,-147231.95,6530.2935,2,2.0180664
135,24,180,-147231.48,6530.6304,2.470000000001164,2.3549805
136,1,-165,-274627.4,10811.541,4.5,3.94433594
136,2,-150,-274627.72,10810.691,4.180000000051223,3.0947266
136,3,-135,-274627.6,10810.521,4.300000000046566,2.9248047
136,4,-120,-274627.03,10811.238,4.869999999995343,3.64160156
136,5,-105,-274625.8,10812.838,6.100000000034925,5.24121094
136,6,-90,-274624.06,10815.107,7.840000000025611,7.5107422
136,7,-75,-274622.2,10817.502,9.700000000011642,9.9052735
136,8,-60,-274620.88,10818.757,11.020000000018626,11.1601563
136,9,-45,-274629.03,10809.738,2.8699999999953434,2.1416015
136,10,-30,-274631.22,10808.275,0.6800000000512227,0.6787109
136,11,-15,-274631.9,10807.597,0,0
136,12,0,-274631.9,10807.838,0,0.24121089999999956
136,13,15,-274631.9,10807.597,0,0
136,14,30,-274630.94,10808.059,0.9600000000209548,0.4619141
136,15,45,-274629.03,10809.737,2.8699999999953434,2.140625
136,16,60,-274620.88,10818.755,11.020000000018626,11.1582031
136,17,75,-274622.2,10817.501,9.700000000011642,9.9042969
136,18,90,-274624.06,10815.113,7.840000000025611,7.5166015
136,19,105,-274625.8,10812.838,6.100000000034925,5.24121094
136,20,120,-274627.03,10811.237,4.869999999995343,3.640625
136,21,135,-274627.6,10810.518,4.300000000046566,2.9208984
136,22,150,-274627.72,10810.688,4.180000000051223,3.0917969000000003
136,23,165,-274627.4,10811.541,4.5,3.94433594
136,24,180,-274627.12,10812.266,4.78000000002794,4.6689453
137,1,-165,-494195,16558.059,3.78000000002794,3.2285157
137,2,-150,-494196.72,16556.219,2.06000000005588,1.3886718999999998
137,3,-135,-494197.44,16555.703,1.3400000000256114,0.8730468999999998
137,4,-120,-494197.47,16556.248,1.3100000000558794,1.4179688
137,5,-105,-494197.4,16557.357,1.3800000000046566,2.5273437999999997
137,6,-90,-494197.56,16557.383,1.220000000030268,2.5527344
137,7,-75,-494197.62,16556.03,1.1600000000325963,1.1992188
137,8,-60,-494198.62,16555.006,0.1600000000325963,0.17578129999999992
137,9,-45,-494198.78,16554.832,0,0.0019531999999999883
137,10,-30,-494197.88,16555.783,0.9000000000232831,0.9531250499999999
137,11,-15,-494195.97,16557.832,2.81000000005588,3.0019532
137,12,0,-494193.3,16560.451,5.480000000039581,5.6210938
137,13,15,-494195.97,16557.812,2.81000000005588,2.9824219
137,14,30,-494197.88,16555.781,0.9000000000232831,0.9511719
137,15,45,-494198.78,16554.83,0,0
137,16,60,-494198.62,16555.008,0.1600000000325963,0.17773439999999985
137,17,75,-494197.62,16556.03,1.1600000000325963,1.1992188
137,18,90,-494197.56,16557.385,1.220000000030268,2.5546875499999997
137,19,105,-494197.4,16557.367,1.3800000000046566,2.5371094
137,20,120,-494197.47,16556.248,1.3100000000558794,1.4179688
137,21,135,-494197.44,16555.7,1.3400000000256114,0.8691407
137,22,150,-494196.72,16556.223,2.06000000005588,1.3925782
137,23,165,-494195,16557.99,3.78000000002794,3.1601562999999997
137,24,180,-494192.22,16560.318,6.560000000055879,5.4882813
138,1,-165,-374326.88,16315.093,2.6199999999953434,3.05078125
138,2,-150,-374327,16315.181,2.5,3.1386719
138,3,-135,-374326.7,16315.767,2.7999999999883585,3.72460938
138,4,-120,-374326.38,16316.564,3.1199999999953434,4.52246094
138,5,-105,-374326.88,16316.667,2.6199999999953434,4.625
138,6,-90,-374328.38,16314.994,1.1199999999953434,2.95214844
138,7,-75,-374329.25,16313.642,0.25,1.5996093999999998
138,8,-60,-374329.5,16312.854,0,0.8115234
138,9,-45,-374329.28,16312.042,0.2199999999720603,0
138,10,-30,-374328.38,16312.162,1.1199999999953434,0.12011720000000015
138,11,-15,-374327.53,16312.84,1.9699999999720603,0.7978516
138,12,0,-374326.78,16314.242,2.7199999999720603,2.2001953
138,13,15,-374326.75,16314.795,2.75,2.7529297
138,14,30,-374326.8,16314.643,2.700000000011641,2.6005859
138,15,45,-374326.88,16315.727,2.6199999999953434,3.68457031
138,16,60,-374326.12,16315.108,3.3800000000046566,3.06640625
138,17,75,-374324.47,16316.286,5.03000000002794,4.24414062
138,18,90,-374321.88,16318.573,7.619999999995343,6.53125
138,19,105,-374318.9,16321.501,10.599999999976715,9.4589844
138,20,120,-374317.62,16322.111,11.880000000004657,10.069336
138,21,135,-374318.72,16319.888,10.78000000002794,7.8457031
138,22,150,-374321.06,16318.492,8.440000000002328,6.4501953
138,23,165,-374323.9,16317.105,5.599999999976717,5.0634765999999996
138,24,180,-374325.94,16316.089,3.559999999997672,4.046875
139,1,-165,-422004.47,16186.8545,0.8300000000162981,3.5234374500000003
139,2,-150,-422004.38,16185.84,0.919999999983702,2.508789
139,3,-135,-422003.9,16186.703,1.3999999999650754,3.37207026
139,4,-120,-422004.3,16188.75,1,5.418945300000001
139,5,-105,-422004.88,16187.705,0.4199999999837018,4.3740234000000004
139,6,-90,-422005.12,16186.154,0.179999999993015,2.8232421000000003
139,7,-75,-422004.8,16186.14,0.5,2.8085937000000003
139,8,-60,-422004.25,16186.028,1.0499999999883585,2.6972656000000006
139,9,-45,-422002.7,16186.847,2.599999999976717,3.5156249500000003
139,10,-30,-422000.94,16189.487,4.35999999998603,6.15625
139,11,-15,-421998.97,16191.493,6.330000000016298,8.1621092
139,12,0,-421998.8,16189.6045,6.5,6.273437400000001
139,13,15,-421998.97,16191.511,6.330000000016298,8.1796874
139,14,30,-422000.94,16189.49,4.35999999998603,6.1591796
139,15,45,-422002.7,16186.847,2.599999999976717,3.5156249500000003
139,16,60,-422005.16,16183.413,0.1400000000139698,0.0820312000000003
139,17,75,-422005.3,16183.331,0,0
139,18,90,-422005.12,16186.156,0.179999999993015,2.8251953000000003
139,19,105,-422004.88,16187.707,0.4199999999837018,4.3759765
139,20,120,-422004.3,16188.749,1,5.4179687
139,21,135,-422003.94,16188.739,1.3599999999860302,5.408203100000001
139,22,150,-422004.06,16187.556,1.2399999999906868,4.224609325
139,23,165,-422004.47,16186.8545,0.8300000000162981,3.5234374500000003
139,24,180,-422004.88,16186.694,0.4199999999837018,3.3632812000000003
140,1,-165,-422778.28,17232.47,0.4699999999720603,0
140,2,-150,-422777.22,17232.562,1.5300000000279397,0.09179680000000001
140,3,-135,-422775.4,17232.926,3.349999999976717,0.45507810000000015
140,4,-120,-422772.9,17234.164,5.849999999976717,1.6933594000000003
140,5,-105,-422770,17236.203,8.75,3.73242185
140,6,-90,-422767,17237.873,11.75,5.4023437
140,7,-75,-422764.3,17238.47,14.450000000011642,6
140,8,-60,-422765.4,17234.783,13.349999999976715,2.3125
140,9,-45,-422765.97,17235.303,12.78000000002794,2.8320312000000003
140,10,-30,-422765.84,17237.148,12.909999999974389,4.67773435
140,11,-15,-422764.94,17239.246,13.809999999997672,6.7753906
140,12,0,-422763.75,17244.104,15,11.6328126
140,13,15,-422763.88,17241.426,14.869999999995343,8.9550781
140,14,30,-422764.97,17239.152,13.78000000002794,6.6816406
140,15,45,-422765.66,17237.021,13.090000000025611,4.5507812
140,16,60,-422765.94,17236.184,12.809999999997672,3.7128906
140,17,75,-422765.88,17237.197,12.869999999995343,4.7265625
140,18,90,-422767.97,17237.637,10.78000000002794,5.1660156
140,19,105,-422771.12,17235.914,7.630000000004657,3.44335935
140,20,120,-422773.78,17233.93,4.96999999997206,1.4589844000000003
140,21,135,-422775.38,17235.787,3.3699999999953434,3.31640622
140,22,150,-422777.28,17234.35,1.4699999999720603,1.8789062
140,23,165,-422778.4,17233.168,0.3499999999767169,0.6972656000000002
140,24,180,-422778.75,17232.496,0,0.025390600000000152
141,1,-165,-487138.4,14005.079,0.2999999999883584,0.36230470000000015
141,2,-150,-487137.7,14006.007,1,1.2900390400000001
141,3,-135,-487136.88,14007.016,1.820000000006985,2.2988281
141,4,-120,-487137.16,14007.635,1.540000000037253,2.9179687000000003
141,5,-105,-487137.78,14006.849,0.919999999983702,2.13183591
141,6,-90,-487138.4,14005.8,0.2999999999883584,1.0830078
141,7,-75,-487138.56,14005.122,0.1400000000139698,0.40527340000000023
141,8,-60,-487138,14005.493,0.7000000000116415,0.7763672000000001
141,9,-45,-487136.78,14006.965,1.9199999999837016,2.24804685
141,10,-30,-487135.25,14008.831,3.450000000011641,4.1142578
141,11,-15,-487133.97,14010.323,4.730000000039581,5.606445300000001
141,12,0,-487133.3,14011.012,5.400000000023283,6.294921800000001
141,13,15,-487133.97,14010.323,4.730000000039581,5.606445300000001
141,14,30,-487135.25,14008.829,3.450000000011641,4.1123047
141,15,45,-487136.78,14006.97,1.9199999999837016,2.252929662
141,16,60,-487138,14005.493,0.7000000000116415,0.7763672000000001
141,17,75,-487138.56,14005.122,0.1400000000139698,0.40527340000000023
141,18,90,-487138.4,14005.797,0.2999999999883584,1.0800781000000002
141,19,105,-487137.78,14006.8545,0.919999999983702,2.137695288
141,20,120,-487137.16,14007.634,1.540000000037253,2.9169921600000004
141,21,135,-487136.88,14007.018,1.820000000006985,2.300781225
141,22,150,-487137.7,14005.952,1,1.2353515400000001
141,23,165,-487138.4,14005.079,0.2999999999883584,0.36230470000000015
141,24,180,-487138.7,14004.717,0,0
142,1,-165,-454627.2,15493.633,0.5499999999883585,0.6484375
142,2,-150,-454625.78,15494.201,1.9699999999720603,1.2167969000000003
142,3,-135,-454622.88,15496.501,4.869999999995343,3.51660158
142,4,-120,-454619.5,15498.244,8.25,5.2597656
142,5,-105,-454616.25,15500.237,11.5,7.2529297
142,6,-90,-454614.4,15500.811,13.349999999976715,7.8261719
142,7,-75,-454615.97,15499.612,11.78000000002794,6.6279297
142,8,-60,-454618.56,15497.662,9.190000000002328,4.6777344
142,9,-45,-454620.94,15496.448,6.809999999997672,3.4638672
142,10,-30,-454622.5,15495.993,5.25,3.0087891
142,11,-15,-454623.25,15496.051,4.5,3.06640626
142,12,0,-454623.34,15496.196,4.409999999974389,3.2119141
142,13,15,-454622.94,15496.191,4.809999999997672,3.20703126
142,14,30,-454621.97,15496.208,5.78000000002794,3.2236328000000003
142,15,45,-454620.25,15496.623,7.5,3.6386719000000003
142,16,60,-454618.56,15497.639,9.190000000002328,4.6542969
142,17,75,-454615.2,15499.405,12.549999999988358,6.4208985
142,18,90,-454614.5,15501.191,13.25,8.2070313
142,19,105,-454616.62,15500.356,11.130000000004657,7.372070300000001
142,20,120,-454619.94,15498.218,7.809999999997672,5.2333985
142,21,135,-454623.25,15495.926,4.5,2.9414063
142,22,150,-454625.78,15494.1875,1.9699999999720603,1.203125
142,23,165,-454627.28,15493.173,0.4699999999720603,0.1884766
142,24,180,-454627.75,15492.984,0,0
143,1,-165,-444299.28,19456.934,5.159999999974389,4.59375
143,2,-150,-444299.72,19457.494,4.720000000030268,5.1542969
143,3,-135,-444299.8,19456.26,4.64000000001397,3.91992188
143,4,-120,-444299.34,19455.57,5.099999999976717,3.2304687999999997
143,5,-105,-444298.12,19456.674,6.320000000006985,4.333984375
143,6,-90,-444295.84,19458.89,8.599999999976717,6.550781199999999
143,7,-75,-444293.7,19461.29,10.739999999990689,8.9492188
143,8,-60,-444292.97,19461.963,11.470000000030268,9.623047
143,9,-45,-444301.16,19454.592,3.28000000002794,2.2519531
143,10,-30,-444303.16,19452.77,1.2800000000279397,0.4296875
143,11,-15,-444304.25,19452.34,0.1900000000023283,0
143,12,0,-444304.44,19453.014,0,0.6738281000000002
143,13,15,-444304.25,19452.344,0.1900000000023283,0.003906200000000304
143,14,30,-444303.12,19452.79,1.320000000006985,0.44921880000000014
143,15,45,-444301.16,19454.588,3.28000000002794,2.2480469
143,16,60,-444292.97,19461.965,11.470000000030268,9.625
143,17,75,-444293.7,19461.29,10.739999999990689,8.9492188
143,18,90,-444295.84,19458.887,8.599999999976717,6.546875
143,19,105,-444298.12,19456.674,6.320000000006985,4.333984375
143,20,120,-444299.34,19455.568,5.099999999976717,3.2285155999999997
143,21,135,-444299.8,19456.256,4.64000000001397,3.91601562
143,22,150,-444299.72,19457.49,4.720000000030268,5.1503906
143,23,165,-444299.28,19456.924,5.159999999974389,4.58398438
143,24,180,-444299.25,19457.826,5.190000000002328,5.4863281
144,1,-165,-358051.28,11392.617,0.6199999999953434,0.803710925
144,2,-150,-358051.9,11391.851,0,0.03710935999999998
144,3,-135,-358051.8,11391.824,0.1000000000349246,0.010742199999999924
144,4,-120,-358051.06,11392.59,0.8400000000256114,0.7763671799999999
144,5,-105,-358050.2,11393.715,1.7000000000116415,1.9013672
144,6,-90,-358049.8,11394.331,2.1000000000349246,2.5175781
144,7,-75,-358050.16,11393.742,1.7400000000488944,1.9287109
144,8,-60,-358051,11392.618,0.9000000000232831,0.80468749
144,9,-45,-358051.78,11391.835,0.1199999999953433,0.02148435999999998
144,10,-30,-358051.9,11391.813,0,0
144,11,-15,-358051.34,11392.549,0.5599999999976717,0.73535155
144,12,0,-358050.88,11393.199,1.0200000000186265,1.38574218
144,13,15,-358051.34,11392.549,0.5599999999976717,0.73535155
144,14,30,-358051.9,11391.813,0,0
144,15,45,-358051.78,11391.838,0.1199999999953433,0.024414049999999965
144,16,60,-358051,11392.613,0.9000000000232831,0.799804675
144,17,75,-358050.16,11393.742,1.7400000000488944,1.9287109
144,18,90,-358049.8,11394.33,2.1000000000349246,2.5166016
144,19,105,-358050.2,11393.715,1.7000000000116415,1.9013672
144,20,120,-358051.06,11392.59,0.8400000000256114,0.7763671799999999
144,21,135,-358051.8,11391.824,0.1000000000349246,0.010742199999999924
144,22,150,-358051.9,11391.851,0,0.03710935999999998
144,23,165,-358051.28,11392.617,0.6199999999953434,0.803710925
144,24,180,-358050.88,11393.201,1.0200000000186265,1.3876952999999999
145,1,-165,-327138.97,15831.555,3.910000000032596,3.9697265
145,2,-150,-327140.4,15830.666,2.479999999981373,3.08105462
145,3,-135,-327141.3,15830.14,1.580000000016298,2.5546874400000004
145,4,-120,-327141.8,15829.818,1.080000000016298,2.2333984
145,5,-105,-327141.97,15829.552,0.9100000000325964,1.9667968
145,6,-90,-327141.7,15829.545,1.179999999993015,1.9599609
145,7,-75,-327140.72,15830.132,2.1600000000325963,2.5468749400000004
145,8,-60,-327139.22,15831.363,3.660000000032596,3.7783202000000005
145,9,-45,-327137.94,15832.18,4.940000000002328,4.5947265
145,10,-30,-327137.7,15832.147,5.179999999993015,4.562499900000001
145,11,-15,-327138.53,15831.958,4.349999999976717,4.3730468
145,12,0,-327139.78,15831.49,3.099999999976717,3.9052734000000004
145,13,15,-327141,15830.57,1.8800000000046568,2.9853515
145,14,30,-327141.94,15829.34,0.9400000000023284,1.7548827500000002
145,15,45,-327142.47,15828.189,0.4100000000325963,0.6044921000000003
145,16,60,-327142.88,15827.585,0,0
145,17,75,-327142.88,15827.758,0,0.17285150000000016
145,18,90,-327142.4,15828.604,0.4799999999813735,1.0185546
145,19,105,-327141.66,15829.774,1.220000000030268,2.18945306
145,20,120,-327141.06,15830.625,1.820000000006985,3.040039
145,21,135,-327140.4,15830.921,2.479999999981373,3.3359374400000004
145,22,150,-327139.56,15830.994,3.320000000006985,3.4091796000000003
145,23,165,-327138.4,15831.288,4.4799999999813735,3.7031249400000004
145,24,180,-327137.84,15831.677,5.039999999979045,4.0917968
146,1,-165,-286939.2,10578.364,0,0.1865234
146,2,-150,-286939.12,10578.896,0.0800000000162981,0.71875
146,3,-135,-286938.47,10579.863,0.7300000000395812,1.68554688
146,4,-120,-286937.3,10581.152,1.900000000023283,2.9746094
146,5,-105,-286936.1,10582.368,3.1000000000349246,4.1904297
146,6,-90,-286935.56,10582.882,3.64000000001397,4.7041015
146,7,-75,-286936.12,10582.371,3.080000000016298,4.1933594
146,8,-60,-286937.3,10581.189,1.900000000023283,3.01171875
146,9,-45,-286938.47,10579.884,0.7300000000395812,1.7060547
146,10,-30,-286939.12,10578.898,0.0800000000162981,0.7207030999999999
146,11,-15,-286939.2,10578.365,0,0.1875
146,12,0,-286939.1,10578.182,0.1000000000349246,0.00390630000000014
146,13,15,-286939.2,10578.368,0,0.19042969999999992
146,14,30,-286939.12,10578.8955,0.0800000000162981,0.7177734
146,15,45,-286938.47,10579.884,0.7300000000395812,1.7060547
146,16,60,-286937.3,10581.189,1.900000000023283,3.01171875
146,17,75,-286936.12,10582.372,3.080000000016298,4.1943359000000004
146,18,90,-286935.56,10582.883,3.64000000001397,4.7050781
146,19,105,-286936.1,10582.369,3.1000000000349246,4.191406300000001
146,20,120,-286937.3,10581.15,1.900000000023283,2.97265625
146,21,135,-286938.47,10579.862,0.7300000000395812,1.6845703
146,22,150,-286939.12,10578.896,0.0800000000162981,0.71875
146,23,165,-286939.2,10578.364,0,0.1865234
146,24,180,-286939.1,10578.178,0.1000000000349246,0
147,1,-165,-522959.2,9728.128,8.399999999965075,7.399413900000001
147,2,-150,-522959.56,9728.543,8.039999999979045,7.814453
147,3,-135,-522959.28,9728.706,8.319999999948777,7.977538900000001
147,4,-120,-522958.62,9728.862,8.979999999981374,8.133789
147,5,-105,-522958.03,9729.068,9.569999999948775,8.3398436
147,6,-90,-522958.53,9729.529,9.069999999948775,8.8007811
147,7,-75,-522960.03,9729.013,7.569999999948777,8.2841796
147,8,-60,-522962.16,9727.169,5.440000000002328,6.44042956
147,9,-45,-522964.4,9724.627,3.199999999953434,3.8984374
147,10,-30,-522966.28,9722.4,1.3199999999487773,1.671875
147,11,-15,-522967.4,9721.017,0.1999999999534338,0.28808600000000073
147,12,0,-522967.6,9720.729,0,0
147,13,15,-522967.4,9721.014,0.1999999999534338,0.28515600000000063
147,14,30,-522966.28,9722.396,1.3199999999487773,1.6679686
147,15,45,-522964.4,9724.633,3.199999999953434,3.9042968000000005
147,16,60,-522962.16,9727.173,5.440000000002328,6.4443358
147,17,75,-522960.03,9729.019,7.569999999948777,8.290039
147,18,90,-522958.53,9729.531,9.069999999948775,8.8027342
147,19,105,-522958.03,9729.073,9.569999999948775,8.3447264
147,20,120,-522958.62,9728.861,8.979999999981374,8.1328124
147,21,135,-522959.28,9728.713,8.319999999948777,7.984374900000001
147,22,150,-522959.56,9728.537,8.039999999979045,7.8085936
147,23,165,-522959.2,9728.161,8.399999999965075,7.4326171
147,24,180,-522958.28,9726.991,9.319999999948775,6.2626951900000005
148,1,-165,-374951.28,15228.535,0,0.12207030000000008
148,2,-150,-374950.62,15229.065,0.6600000000325963,0.6523437400000001
148,3,-135,-374949.3,15229.677,1.9800000000395808,1.263671863
148,4,-120,-374947.94,15230.581,3.340000000025612,2.16796874
148,5,-105,-374949.47,15229.77,1.8100000000558796,1.3564453
148,6,-90,-374950.72,15229.143,0.5600000000558794,0.7294922
148,7,-75,-374951.28,15228.52,0,0.10644530000000008
148,8,-60,-374950.56,15228.592,0.720000000030268,0.1787109
148,9,-45,-374948.38,15230.175,2.900000000023283,1.76171874
148,10,-30,-374945.75,15233.297,5.53000000002794,4.883789
148,11,-15,-374948.56,15230.255,2.720000000030268,1.84179686
148,12,0,-374950.5,15228.799,0.7800000000279397,0.38574220000000004
148,13,15,-374951.28,15228.47,0,0.05664060000000015
148,14,30,-374950.94,15228.983,0.3400000000256113,0.5703125000000001
148,15,45,-374949.8,15229.639,1.4800000000395812,1.225585925
148,16,60,-374948.38,15230.46,2.900000000023283,2.046875
148,17,75,-374949.94,15229.711,1.3400000000256114,1.29785155
148,18,90,-374951,15229.012,0.2800000000279397,0.5986328000000001
148,19,105,-374951.25,15228.413,0.0300000000279396,0
148,20,120,-374950.34,15228.685,0.9400000000023284,0.2714843600000001
148,21,135,-374948.16,15230.373,3.120000000053551,1.9599609
148,22,150,-374945.84,15232.997,5.440000000002328,4.5839844
148,23,165,-374948.75,15230.155,2.53000000002794,1.7421875
148,24,180,-374950.7,15228.724,0.5800000000162981,0.3105468600000001
149,1,-165,-646230.9,7330.379,6.349999999976717,6.6567383
149,2,-150,-646232.8,7329.124,4.449999999953434,5.4018555
149,3,-135,-646234.8,7327.302,2.449999999953434,3.57958987
149,4,-120,-646236.25,7325.47,1,1.7480468999999998
149,5,-105,-646237,7324.24,0.25,0.5180663999999999
149,6,-90,-646237.25,7323.722,0,0
149,7,-75,-646237.1,7324.1313,0.150000000023283,0.4091796999999997
149,8,-60,-646236.7,7325.3496,0.5500000000465661,1.6274414
149,9,-45,-646236.1,7326.672,1.150000000023283,2.949707056
149,10,-30,-646235.6,7327.4536,1.650000000023283,3.7314453399999996
149,11,-15,-646235.25,7327.8584,2,4.1362305
149,12,0,-646235.06,7328.1743,2.1899999999441206,4.4521485
149,13,15,-646235.25,7327.859,2,4.1367188
149,14,30,-646235.6,7327.458,1.650000000023283,3.73583987
149,15,45,-646236.1,7326.6704,1.150000000023283,2.9482422099999996
149,16,60,-646236.7,7325.349,0.5500000000465661,1.6269531
149,17,75,-646237.1,7324.1313,0.150000000023283,0.4091796999999997
149,18,90,-646237.25,7323.7227,0,0.000488299999999775
149,19,105,-646237,7324.237,0.25,0.5146484999999998
149,20,120,-646236.25,7325.4688,1,1.7465821
149,21,135,-646234.8,7327.301,2.449999999953434,3.5786132999999998
149,22,150,-646232.8,7329.124,4.449999999953434,5.4018555
149,23,165,-646230.9,7330.379,6.349999999976717,6.6567383
149,24,180,-646230,7330.831,7.25,7.1088869
150,1,-165,-370413.7,14495.939,0.3300000000162981,0.5712891
150,2,-150,-370413.97,14495.541,0.0600000000558793,0.17285150000000016
150,3,-135,-370413.34,14496.193,0.6900000000023283,0.8251953000000001
150,4,-120,-370412.34,14497.408,1.6900000000023283,2.04003905
150,5,-105,-370411.44,14498.466,2.590000000025612,3.0976562000000003
150,6,-90,-370411.03,14498.802,3,3.4335937000000003
150,7,-75,-370412,14498.633,2.03000000002794,3.2646484
150,8,-60,-370413.16,14497.287,0.870000000053551,1.9189453
150,9,-45,-370413.9,14495.991,0.1300000000046566,0.6230469000000001
150,10,-30,-370413.94,14495.59,0.0900000000256113,0.22167970000000015
150,11,-15,-370413.16,14496.49,0.870000000053551,1.1220703
150,12,0,-370411.53,14498.447,2.5,3.0791015
150,13,15,-370413.25,14496.247,0.7800000000279397,0.8789062400000001
150,14,30,-370414.03,14495.368,0,0
150,15,45,-370414,14495.834,0.0300000000279396,0.4658203000000001
150,16,60,-370413.16,14497.22,0.870000000053551,1.85156249
150,17,75,-370411.9,14498.602,2.1300000000046566,3.2333984
150,18,90,-370411.03,14498.765,3,3.3964844000000003
150,19,105,-370411.44,14498.546,2.590000000025612,3.1777344000000003
150,20,120,-370412.47,14497.482,1.5600000000558794,2.1142578
150,21,135,-370413.44,14496.347,0.5900000000256114,0.9785156
150,22,150,-370413.9,14495.749,0.1300000000046566,0.38085940000000007
150,23,165,-370413.7,14496.161,0.3300000000162981,0.7929687400000001
150,24,180,-370412.25,14497.382,1.7800000000279397,2.01367186
151,1,-165,-384265.03,15403.916,4.75,2.6201171399999996
151,2,-150,-384265.8,15403.93,3.980000000039581,2.6337889999999997
151,3,-135,-384266.12,15404.46,3.660000000032596,3.1640623999999997
151,4,-120,-384266.56,15404.925,3.220000000030268,3.6289062
151,5,-105,-384268.56,15403.217,1.220000000030268,1.9208983899999998
151,6,-90,-384269.1,15402.7295,0.6800000000512227,1.4335936999999999
151,7,-75,-384269.56,15402.635,0.2200000000302679,1.3388671399999998
151,8,-60,-384269.78,15401.297,0,0.0009764999999997137
151,9,-45,-384269.2,15401.847,0.5800000000162981,0.5507811999999999
151,10,-30,-384268,15402.796,1.7800000000279397,1.4999999499999999
151,11,-15,-384266.7,15403.61,3.080000000016298,2.31445308
151,12,0,-384264.34,15405.304,5.440000000002328,4.0078124
151,13,15,-384266.7,15403.609,3.080000000016298,2.3134765099999997
151,14,30,-384268,15402.792,1.7800000000279397,1.4960936999999999
151,15,45,-384269.2,15401.845,0.5800000000162981,0.5488280999999999
151,16,60,-384269.78,15401.296,0,0
151,17,75,-384269.56,15402.638,0.2200000000302679,1.3417968
151,18,90,-384269.1,15402.716,0.6800000000512227,1.4199218
151,19,105,-384268.56,15403.215,1.220000000030268,1.9189452599999999
151,20,120,-384266.56,15404.913,3.220000000030268,3.6171873999999997
151,21,135,-384266.12,15404.462,3.660000000032596,3.1660155999999997
151,22,150,-384265.8,15403.932,3.980000000039581,2.6357421399999996
151,23,165,-384265.03,15403.915,4.75,2.6191405999999997
151,24,180,-384263.66,15404.666,6.120000000053551,3.3701171
152,1,-165,-197350.64,10458.88,2.529999999998836,2.4296874600000002
152,2,-150,-197351.39,10458.463,1.7799999999988358,2.01269528
152,3,-135,-197352.06,10457.87,1.110000000015134,1.41992184
152,4,-120,-197352.27,10457.59,0.9000000000232831,1.1396484
152,5,-105,-197351.94,10457.767,1.2300000000104774,1.3164062
152,6,-90,-197351.31,10458.144,1.860000000015134,1.693359338
152,7,-75,-197350.98,10457.786,2.1900000000023283,1.33593746
152,8,-60,-197350.81,10457.952,2.360000000015134,1.50195309
152,9,-45,-197350.92,10458.187,2.25,1.73632809
152,10,-30,-197351.17,10458.261,2,1.81054684
152,11,-15,-197351.12,10458.443,2.0500000000174623,1.99316402
152,12,0,-197351.1,10458.974,2.070000000006985,2.5234374600000002
152,13,15,-197351.06,10458.842,2.110000000015134,2.3916015
152,14,30,-197350.7,10459.012,2.470000000001164,2.5615234
152,15,45,-197350.56,10458.994,2.610000000015134,2.5439453
152,16,60,-197350.94,10458.685,2.2300000000104774,2.2343749600000002
152,17,75,-197351.62,10458.141,1.5500000000174623,1.69042965
152,18,90,-197352.58,10457.309,0.5900000000256114,0.8583984
152,19,105,-197353.16,10456.607,0.0100000000093132,0.15722649999999994
152,20,120,-197353.17,10456.45,0,0
152,21,135,-197352.67,10456.957,0.5,0.5068359
152,22,150,-197351.83,10457.816,1.3400000000256114,1.3662109
152,23,165,-197350.92,10458.531,2.25,2.08105465
152,24,180,-197350.42,10458.87,2.75,2.4199218399999998
153,1,-165,-172680.86,8972.678,3.03000000002794,3.0322266
153,2,-150,-172682.22,8971.533,1.6700000000128057,1.88769535
153,3,-135,-172683.14,8970.615,0.75,0.9697266
153,4,-120,-172683.7,8969.873,0.1900000000023283,0.2275391
153,5,-105,-172683.89,8969.6455,0,0
153,6,-90,-172683.55,8970.464,0.3400000000256113,0.8183594
153,7,-75,-172682.84,8971.193,1.0500000000174623,1.5478516
153,8,-60,-172681.86,8971.918,2.03000000002794,2.272461
153,9,-45,-172681.78,8972.256,2.110000000015134,2.6103516
153,10,-30,-172682.61,8971.654,1.2800000000279397,2.0087891
153,11,-15,-172683.25,8970.891,0.6400000000139698,1.24511722
153,12,0,-172683.5,8970.459,0.3900000000139698,0.8134766
153,13,15,-172683.25,8970.895,0.6400000000139698,1.24902348
153,14,30,-172682.61,8971.651,1.2800000000279397,2.0058594
153,15,45,-172681.78,8972.257,2.110000000015134,2.6113282
153,16,60,-172681.86,8971.917,2.03000000002794,2.2714844
153,17,75,-172682.84,8971.196,1.0500000000174623,1.550781288
153,18,90,-172683.55,8970.465,0.3400000000256113,0.819336
153,19,105,-172683.89,8969.6455,0,0
153,20,120,-172683.7,8969.881,0.1900000000023283,0.2353516
153,21,135,-172683.14,8970.615,0.75,0.9697266
153,22,150,-172682.22,8971.533,1.6700000000128057,1.88769535
153,23,165,-172680.86,8972.679,3.03000000002794,3.0332032
153,24,180,-172680.12,8973.074,3.7700000000186265,3.428711
154,1,-165,-379021,11428.4375,4.880000000004657,4.100586
154,2,-150,-379021.5,11427.292,4.380000000004657,2.95507819
154,3,-135,-379022.3,11426.181,3.580000000016298,1.8437500999999998
154,4,-120,-379022.9,11425.669,2.979999999981373,1.3320313
154,5,-105,-379022.72,11425.776,3.1600000000325963,1.4394531999999998
154,6,-90,-379022.2,11426.243,3.679999999993015,1.9062500999999998
154,7,-75,-379021.66,11426.82,4.220000000030268,2.4833985
154,8,-60,-379020.56,11427.431,5.320000000006985,3.093750063
154,9,-45,-379018.56,11428.594,7.320000000006985,4.256836
154,10,-30,-379017.06,11430.486,8.820000000006985,6.1494140999999996
154,11,-15,-379018.1,11430.348,7.78000000002794,6.010742199999999
154,12,0,-379021.75,11429.678,4.130000000004657,5.3408204
154,13,15,-379023.78,11427.497,2.099999999976717,3.160156312
154,14,30,-379024.78,11426.046,1.099999999976717,1.7089843999999998
154,15,45,-379025.6,11425.045,0.2800000000279397,0.7080078999999997
154,16,60,-379025.88,11424.411,0,0.0742187999999997
154,17,75,-379025.03,11424.337,0.8499999999767169,0
154,18,90,-379023.78,11425.186,2.099999999976717,0.8486328999999997
154,19,105,-379021.6,11426.936,4.28000000002794,2.5986328999999997
154,20,120,-379020.75,11427.587,5.130000000004657,3.2500000599999996
154,21,135,-379019.16,11428.593,6.720000000030268,4.2558594
154,22,150,-379017.34,11430.158,8.539999999979045,5.8212890999999996
154,23,165,-379017.6,11430.329,8.28000000002794,5.992187599999999
154,24,180,-379019.72,11429.414,6.160000000032596,5.0771485
155,1,-165,-478419.47,9324.547,2.370000000053551,2.6191406
155,2,-150,-478417.3,9328.278,4.540000000037253,6.3505859000000004
155,3,-135,-478416.7,9329.2295,5.14000000001397,7.301757800000001
155,4,-120,-478416.34,9329.531,5.5,7.6035156
155,5,-105,-478416.4,9328.951,5.440000000002328,7.0234375
155,6,-90,-478418.44,9325.317,3.400000000023283,3.389648412
155,7,-75,-478419.66,9323.54,2.1800000000512227,1.6123047000000001
155,8,-60,-478419.84,9323.288,2,1.3603515000000002
155,9,-45,-478419.06,9324.345,2.78000000002794,2.4169921600000004
155,10,-30,-478417.84,9326.308,4,4.3798828
155,11,-15,-478416.3,9329.242,5.540000000037253,7.3144531
155,12,0,-478416.4,9329.457,5.440000000002328,7.529296800000001
155,13,15,-478416.78,9329.061,5.059999999997672,7.1328125
155,14,30,-478417.47,9328.018,4.370000000053551,6.0898437
155,15,45,-478419.7,9324.231,2.14000000001397,2.3037109000000004
155,16,60,-478421,9322.553,0.8400000000256114,0.625
155,17,75,-478421.78,9321.928,0.0599999999976716,0
155,18,90,-478421.75,9322.349,0.0900000000256113,0.4208984
155,19,105,-478421.28,9323.221,0.5599999999976717,1.2929687000000003
155,20,120,-478421.1,9323.553,0.7400000000488944,1.6250000000000002
155,21,135,-478421.4,9323.011,0.4400000000023283,1.0830078000000003
155,22,150,-478421.84,9322.118,0,0.1904296000000003
155,23,165,-478421.62,9322.015,0.2200000000302679,0.08691400000000016
155,24,180,-478420.88,9322.652,0.9600000000209548,0.7246094000000003
156,1,-165,-395351.3,12354.425,0.7300000000395812,0.6132811999999999
156,2,-150,-395349.7,12355.827,2.330000000016298,2.015625
156,3,-135,-395347.22,12358.351,4.810000000055879,4.539062449999999
156,4,-120,-395344.22,12360.687,7.810000000055879,6.875
156,5,-105,-395340.97,12362.276,11.06000000005588,8.4648437
156,6,-90,-395340.66,12361.247,11.370000000053553,7.4355468
156,7,-75,-395343.4,12359.146,8.630000000004657,5.3349609
156,8,-60,-395346.28,12357.126,5.75,3.3144530999999997
156,9,-45,-395348.8,12356.078,3.230000000039581,2.2666015
156,10,-30,-395350.8,12356.269,1.2300000000395812,2.4570312
156,11,-15,-395352.03,12355.988,0,2.1767578
156,12,0,-395350,12354.007,2.03000000002794,0.19531239999999972
156,13,15,-395352.03,12355.976,0,2.1640623999999997
156,14,30,-395350.8,12356.352,1.2300000000395812,2.540039
156,15,45,-395348.8,12356.093,3.230000000039581,2.28125
156,16,60,-395346.28,12357.095,5.75,3.2832030999999997
156,17,75,-395343.38,12359.122,8.650000000023283,5.3105468
156,18,90,-395340.66,12361.239,11.370000000053553,7.4277343
156,19,105,-395340.97,12362.346,11.06000000005588,8.5341796
156,20,120,-395344.22,12360.668,7.810000000055879,6.8564452
156,21,135,-395347.22,12358.346,4.810000000055879,4.53417964
156,22,150,-395349.62,12356.068,2.4100000000325963,2.2568358999999996
156,23,165,-395351.25,12354.543,0.7800000000279397,0.7314452
156,24,180,-395351.8,12353.812,0.2300000000395812,0
157,1,-165,-383365.3,14587.618,1.7999999999883585,1.3681640800000001
157,2,-150,-383366.7,14586.499,0.3999999999650754,0.24902345000000004
157,3,-135,-383367.1,14586.264,0,0.01367190000000007
157,4,-120,-383366.75,14586.794,0.3499999999767169,0.54394532
157,5,-105,-383366.12,14587.563,0.9799999999813735,1.3134765800000001
157,6,-90,-383365.78,14587.945,1.3199999999487773,1.6953125
157,7,-75,-383366.16,14587.574,0.9400000000023284,1.32421876
157,8,-60,-383366.78,14586.791,0.3199999999487772,0.54101564
157,9,-45,-383367.1,14586.25,0,0
157,10,-30,-383366.62,14586.525,0.4799999999813735,0.27539064
157,11,-15,-383365.25,14587.715,1.849999999976717,1.46484376
157,12,0,-383363.12,14589.217,3.9799999999813735,2.9667969
157,13,15,-383365.25,14587.715,1.849999999976717,1.46484376
157,14,30,-383366.62,14586.525,0.4799999999813735,0.27539064
157,15,45,-383367.1,14586.25,0,0
157,16,60,-383366.78,14586.793,0.3199999999487772,0.54296876
157,17,75,-383366.16,14587.574,0.9400000000023284,1.32421876
157,18,90,-383365.78,14587.939,1.3199999999487773,1.68945314
157,19,105,-383366.12,14587.563,0.9799999999813735,1.3134765800000001
157,20,120,-383366.75,14586.797,0.3499999999767169,0.546875
157,21,135,-383367.1,14586.265,0,0.014648450000000035
157,22,150,-383366.7,14586.498,0.3999999999650754,0.24804690000000007
157,23,165,-383365.3,14587.618,1.7999999999883585,1.3681640800000001
157,24,180,-383363.12,14589.036,3.9799999999813735,2.7861328
158,1,-165,-405250.3,12295.937,0.5400000000372529,0.8417969999999997
158,2,-150,-405248.75,12298.005,2.090000000025612,2.9101564
158,3,-135,-405246.2,12300.479,4.64000000001397,5.3837892
158,4,-120,-405242.94,12302.577,7.900000000023283,7.482422
158,5,-105,-405239.5,12304.38,11.340000000025611,9.2851564
158,6,-90,-405239.34,12305.302,11.5,10.2070314
158,7,-75,-405241.94,12302.112,8.900000000023283,7.017578199999999
158,8,-60,-405243.8,12299.408,7.040000000037253,4.313476688
158,9,-45,-405244.8,12297.215,6.040000000037253,2.1201172999999995
158,10,-30,-405245.06,12296.076,5.78000000002794,0.9814453999999997
158,11,-15,-405244.75,12296.158,6.090000000025611,1.0634766999999998
158,12,0,-405244,12296.885,6.840000000025611,1.7900391999999998
158,13,15,-405244.75,12296.162,6.090000000025611,1.0673829999999995
158,14,30,-405245.06,12296.075,5.78000000002794,0.9804688999999995
158,15,45,-405244.8,12297.207,6.040000000037253,2.1123047999999995
158,16,60,-405243.8,12299.4,7.040000000037253,4.30566419
158,17,75,-405241.94,12302.109,8.900000000023283,7.014648599999999
158,18,90,-405239.34,12305.272,11.5,10.1777345
158,19,105,-405239.5,12304.36,11.340000000025611,9.265625
158,20,120,-405242.94,12302.579,7.900000000023283,7.484375099999999
158,21,135,-405246.2,12300.477,4.64000000001397,5.381836099999999
158,22,150,-405248.75,12297.998,2.090000000025612,2.9033203999999997
158,23,165,-405250.3,12295.937,0.5400000000372529,0.8417969999999997
158,24,180,-405250.84,12295.095,0,0
159,1,-165,-456624.28,17901.172,0,0.38085939999999985
159,2,-150,-456624,17901.47,0.2800000000279397,0.6796874999999999
159,3,-135,-456623.3,17902.205,0.9800000000395812,1.414062475
159,4,-120,-456622.3,17902.908,1.9800000000395808,2.1171875
159,5,-105,-456621.12,17903.213,3.1600000000325963,2.421875
159,6,-90,-456620.06,17903.451,4.220000000030268,2.6601562
159,7,-75,-456621.7,17901.547,2.580000000016298,0.7558593499999999
159,8,-60,-456622.16,17900.791,2.120000000053551,0
159,9,-45,-456621.84,17900.975,2.4400000000023283,0.18359369999999986
159,10,-30,-456620.94,17902.113,3.340000000025612,1.3222656
159,11,-15,-456619.75,17903.99,4.53000000002794,3.1992187
159,12,0,-456618.6,17905.979,5.680000000051223,5.1875
159,13,15,-456619.75,17903.99,4.53000000002794,3.1992187
159,14,30,-456620.94,17902.115,3.340000000025612,1.32421872
159,15,45,-456621.84,17900.975,2.4400000000023283,0.18359369999999986
159,16,60,-456622.16,17900.791,2.120000000053551,0
159,17,75,-456621.7,17901.547,2.580000000016298,0.7558593499999999
159,18,90,-456620.06,17903.451,4.220000000030268,2.6601562
159,19,105,-456621.12,17903.21,3.1600000000325963,2.4199218499999997
159,20,120,-456622.3,17902.906,1.9800000000395808,2.1152343499999997
159,21,135,-456623.3,17902.205,0.9800000000395812,1.414062475
159,22,150,-456624,17901.47,0.2800000000279397,0.6796874999999999
159,23,165,-456624.28,17901.172,0,0.38085939999999985
159,24,180,-456624.06,17901.508,0.2200000000302679,0.7167968499999999
160,1,-165,-347979.9,11709.504,0,1.2558594999999997
160,2,-150,-347978.22,11710.621,1.6800000000512227,2.3730469999999997
160,3,-135,-347975.88,11712.699,4.0200000000186265,4.451172
160,4,-120,-347973.22,11715.3125,6.680000000051223,7.0644532
160,5,-105,-347971,11717.536,8.900000000023283,9.288086
160,6,-90,-347970,11719.254,9.900000000023285,11.0058595
160,7,-75,-347970.72,11719.6,9.180000000051225,11.3515626
160,8,-60,-347972.75,11717.141,7.150000000023283,8.892578199999999
160,9,-45,-347975.38,11713.274,4.5200000000186265,5.0263672999999995
160,10,-30,-347977.66,11710.073,2.2400000000488944,1.8251953999999997
160,11,-15,-347979.12,11708.321,0.7800000000279397,0.07324229999999954
160,12,0,-347977.28,11708.248,2.6199999999953434,0
160,13,15,-347979.12,11708.321,0.7800000000279397,0.07324229999999954
160,14,30,-347977.66,11710.078,2.2400000000488944,1.8300781999999995
160,15,45,-347975.38,11713.267,4.5200000000186265,5.0185547999999995
160,16,60,-347972.75,11717.141,7.150000000023283,8.892578199999999
160,17,75,-347970.72,11719.596,9.180000000051225,11.3476564
160,18,90,-347970,11719.251,9.900000000023285,11.00293
160,19,105,-347971,11717.54,8.900000000023283,9.2919923
160,20,120,-347973.22,11715.312,6.680000000051223,7.0634767
160,21,135,-347975.88,11712.705,4.0200000000186265,4.4570314
160,22,150,-347978.22,11710.621,1.6800000000512227,2.3730469999999997
160,23,165,-347979.9,11709.502,0,1.2539064
160,24,180,-347978.22,11709.756,1.6800000000512227,1.5078125999999998
161,1,-165,-503083.25,10617.808,2.4699999999720603,1.06152344
161,2,-150,-503084.16,10616.783,1.5599999999976717,0.03710940000000007
161,3,-135,-503085.03,10616.746,0.6899999999441206,0
161,4,-120,-503085.62,10617.141,0.0999999999767169,0.3945312000000001
161,5,-105,-503085.7,10617.689,0.0199999999604187,0.9433594
161,6,-90,-503085.34,10618.229,0.3799999999464489,1.48242188
161,7,-75,-503085.72,10617.511,0,0.76464844
161,8,-60,-503085.53,10617.825,0.1899999999441206,1.07910156
161,9,-45,-503084.5,10619.167,1.2199999999720603,2.42089844
161,10,-30,-503083.22,10620.721,2.5,3.9746094
161,11,-15,-503082.3,10621.814,3.419999999983702,5.0683594
161,12,0,-503082.22,10622.014,3.5,5.2675781
161,13,15,-503082.3,10621.819,3.419999999983702,5.0732422
161,14,30,-503083.22,10620.742,2.5,3.9960938
161,15,45,-503084.5,10619.156,1.2199999999720603,2.41015625
161,16,60,-503085.53,10617.885,0.1899999999441206,1.1386718999999998
161,17,75,-503085.72,10617.534,0,0.78808594
161,18,90,-503085.34,10618.229,0.3799999999464489,1.48242188
161,19,105,-503085.7,10617.616,0.0199999999604187,0.8701172
161,20,120,-503085.62,10617.141,0.0999999999767169,0.3945312000000001
161,21,135,-503085.03,10616.75,0.6899999999441206,0.003906200000000082
161,22,150,-503084.16,10616.812,1.5599999999976717,0.06542969999999992
161,23,165,-503083.25,10617.73,2.4699999999720603,0.984375
161,24,180,-503083.03,10618.282,2.6899999999441206,1.53613281
162,1,-165,-349026.3,12406.591,1.419999999983702,0.1445312999999997
162,2,-150,-349025.56,12407.081,2.1599999999743886,0.6347655999999999
162,3,-135,-349024.62,12407.426,3.099999999976717,0.9794921999999999
162,4,-120,-349027.62,12408.378,0.0999999999767169,1.9316405999999997
162,5,-105,-349027.72,12407.836,0,1.3896483999999998
162,6,-90,-349027.3,12407.964,0.4199999999837018,1.5175781
162,7,-75,-349026.47,12409.012,1.25,2.565429675
162,8,-60,-349026.62,12408.144,1.099999999976717,1.6972655999999997
162,9,-45,-349024.97,12409.555,2.75,3.1083984
162,10,-30,-349023.6,12412.577,4.119999999995343,6.1308593
162,11,-15,-349022.28,12414.399,5.439999999944121,7.953125
162,12,0,-349018.28,12412.594,9.43999999994412,6.1474609000000004
162,13,15,-349022.28,12414.38,5.439999999944121,7.933593699999999
162,14,30,-349023.6,12412.545,4.119999999995343,6.0986328
162,15,45,-349024.97,12409.556,2.75,3.109375
162,16,60,-349026.62,12408.177,1.099999999976717,1.7304687399999998
162,17,75,-349026.47,12409.009,1.25,2.562499988
162,18,90,-349027.3,12407.943,0.4199999999837018,1.4970702999999999
162,19,105,-349027.72,12407.835,0,1.3886718999999998
162,20,120,-349027.62,12408.374,0.0999999999767169,1.9277343599999999
162,21,135,-349024.62,12407.426,3.099999999976717,0.9794921999999999
162,22,150,-349025.56,12407.093,2.1599999999743886,0.6464843999999998
162,23,165,-349026.3,12406.543,1.419999999983702,0.0966796999999997
162,24,180,-349026.53,12406.446,1.1899999999441206,0
163,1,-165,-460348.06,15964.636,2.78000000002794,1.0869141000000002
163,2,-150,-460349.44,15964.274,1.400000000023283,0.7255860000000003
163,3,-135,-460350.06,15964.271,0.7800000000279397,0.7226563000000001
163,4,-120,-460350.6,15964.042,0.2400000000488944,0.4931641
163,5,-105,-460350.84,15963.549,0,0
163,6,-90,-460348.7,15967.01,2.14000000001397,3.46093755
163,7,-75,-460347.22,15964.156,3.620000000053551,0.6074219000000003
163,8,-60,-460345.4,15968.37,5.440000000002328,4.8212890999999996
163,9,-45,-460345.6,15969.062,5.240000000048894,5.5126954
163,10,-30,-460345.66,15969.092,5.180000000051223,5.542968800000001
163,11,-15,-460345.6,15968.546,5.240000000048894,4.9970704
163,12,0,-460345.47,15967.635,5.370000000053551,4.0859376
163,13,15,-460347.22,15966.898,3.620000000053551,3.3496094000000003
163,14,30,-460348.94,15964.93,1.900000000023283,1.3808594
163,15,45,-460349.53,15963.868,1.3099999999976717,0.3193360000000003
163,16,60,-460349.6,15963.821,1.2400000000488944,0.2724610000000003
163,17,75,-460348.8,15964.728,2.040000000037253,1.178711
163,18,90,-460347.16,15966.423,3.680000000051223,2.8740234900000003
163,19,105,-460345.38,15968.45,5.460000000020955,4.9013672
163,20,120,-460343.7,15969.856,7.14000000001397,6.3076172
163,21,135,-460342.22,15969.301,8.620000000053551,5.7519532
163,22,150,-460343.78,15968.085,7.059999999997672,4.5361329
163,23,165,-460345.7,15966.21,5.14000000001397,2.66113286
163,24,180,-460347.03,15964.986,3.809999999997672,1.4375000000000002
164,1,-165,-398206.72,15047.529,1.75,2.216796838
164,2,-150,-398207.4,15046.656,1.0699999999487773,1.34374996
164,3,-135,-398208.03,15045.92,0.4399999999441206,0.6074218
164,4,-120,-398208.47,15045.3125,0,0
164,5,-105,-398208.4,15045.34,0.0699999999487772,0.02734369999999986
164,6,-90,-398207.56,15045.833,0.9099999999743886,0.5205078000000001
164,7,-75,-398206.8,15046.087,1.669999999983702,0.7744139999999999
164,8,-60,-398205.25,15047.202,3.2199999999720603,1.8896484
164,9,-45,-398203.62,15048.847,4.849999999976717,3.5341796
164,10,-30,-398201.97,15050.6875,6.5,5.375
164,11,-15,-398202.47,15051.525,6,6.212890399999999
164,12,0,-398202.88,15050.524,5.589999999967404,5.211914
164,13,15,-398202.47,15051.525,6,6.212890399999999
164,14,30,-398201.97,15050.677,6.5,5.3642578
164,15,45,-398203.62,15048.847,4.849999999976717,3.5341796
164,16,60,-398205.25,15047.202,3.2199999999720603,1.8896484
164,17,75,-398206.8,15046.091,1.669999999983702,0.7783203000000001
164,18,90,-398207.56,15045.828,0.9099999999743886,0.515625
164,19,105,-398208.4,15045.335,0.0699999999487772,0.022460900000000006
164,20,120,-398208.47,15045.313,0,0.0009765000000001578
164,21,135,-398208.03,15045.923,0.4399999999441206,0.6103514999999999
164,22,150,-398207.4,15046.656,1.0699999999487773,1.34374996
164,23,165,-398206.72,15047.5205,1.75,2.208007775
164,24,180,-398206.38,15047.964,2.089999999967404,2.65136715
165,1,-165,-329690.2,8968.196,1.679999999993015,3.3466797
165,2,-150,-329690.94,8967.2705,0.9400000000023284,2.4208985
165,3,-135,-329691.6,8966.237,0.2800000000279397,1.38769536
165,4,-120,-329691.88,8965.622,0,0.772461
165,5,-105,-329691.7,8965.629,0.179999999993015,0.7792969
165,6,-90,-329691.06,8966.008,0.8200000000069849,1.1582032
165,7,-75,-329690.47,8966.443,1.4100000000325963,1.59375005
165,8,-60,-329690.25,8966.66,1.6300000000046566,1.810546925
165,9,-45,-329690.4,8966.494,1.4799999999813735,1.6445313
165,10,-30,-329691,8966.065,0.8800000000046566,1.21582036
165,11,-15,-329691.66,8965.665,0.2200000000302679,0.8154297399999999
165,12,0,-329691.88,8965.602,0,0.7519531999999999
165,13,15,-329691.62,8966.175,0.2600000000093132,1.32519536
165,14,30,-329690.97,8967.204,0.9100000000325964,2.35449224
165,15,45,-329690.2,8968.159,1.679999999993015,3.3095704
165,16,60,-329689.72,8968.314,2.1600000000325963,3.4648437999999997
165,17,75,-329689.88,8967.547,2,2.6972657
165,18,90,-329690.62,8966.363,1.2600000000093132,1.51367192
165,19,105,-329691.47,8965.335,0.4100000000325963,0.4853516
165,20,120,-329691.75,8964.85,0.1300000000046566,0
165,21,135,-329691.53,8965.258,0.3499999999767169,0.4082032
165,22,150,-329690.72,8966.27,1.1600000000325963,1.41992192
165,23,165,-329689.9,8967.497,1.979999999981373,2.647461
165,24,180,-329689.72,8968.3125,2.1600000000325963,3.4628907
166,1,-165,-863720.9,10738.134,8.039999999920838,8.1220704
166,2,-150,-863724.75,10734.43,4.189999999944121,4.4179688
166,3,-135,-863727.3,10731.852,1.6399999998975543,1.8398438
166,4,-120,-863728.56,10730.518,0.3799999998882413,0.5058593999999998
166,5,-105,-863728.9,10730.072,0.0399999999208375,0.06054689999999985
166,6,-90,-863728.94,10730.013,0,0.0009765999999999941
166,7,-75,-863728.9,10730.074,0.0399999999208375,0.0625
166,8,-60,-863728.56,10730.56,0.3799999998882413,0.5478516
166,9,-45,-863727.4,10731.967,1.5399999999208376,1.9550781999999998
166,10,-30,-863724.94,10734.6,4,4.5878906
166,11,-15,-863721.25,10738.228,7.689999999944121,8.2158204
166,12,0,-863716.9,10741.862,12.039999999920838,11.850586400000001
166,13,15,-863721.25,10738.218,7.689999999944121,8.2060547
166,14,30,-863724.94,10734.591,4,4.5791015999999996
166,15,45,-863727.4,10731.966,1.5399999999208376,1.9541015999999998
166,16,60,-863728.56,10730.558,0.3799999998882413,0.5458984
166,17,75,-863728.9,10730.073,0.0399999999208375,0.061523400000000006
166,18,90,-863728.94,10730.012,0,0
166,19,105,-863728.9,10730.072,0.0399999999208375,0.06054689999999985
166,20,120,-863728.56,10730.517,0.3799999998882413,0.5048827999999999
166,21,135,-863727.3,10731.854,1.6399999998975543,1.8417968999999998
166,22,150,-863724.75,10734.427,4.189999999944121,4.4150390999999996
166,23,165,-863720.75,10738.115,8.18999999994412,8.1035156
166,24,180,-863716.56,10741.723,12.37999999988824,11.7109374
167,1,-165,-383477.6,13968.719,0,0.001953100000000152
167,2,-150,-383477.03,13969.4375,0.5699999999487773,0.7207031
167,3,-135,-383476.34,13970.059,1.2599999999511056,1.34179686
167,4,-120,-383475.88,13970.28,1.7199999999720603,1.56347655
167,5,-105,-383475.72,13970.159,1.8800000000046568,1.4423828
167,6,-90,-383475.72,13969.778,1.8800000000046568,1.0615234
167,7,-75,-383475.5,13969.432,2.099999999976717,0.7148437400000001
167,8,-60,-383474.53,13969.686,3.0699999999487773,0.9687500000000001
167,9,-45,-383472.97,13970.777,4.630000000004657,2.06054686
167,10,-30,-383471.44,13971.891,6.159999999974389,3.1738281
167,11,-15,-383470.06,13972.87,7.539999999979045,4.1533203
167,12,0,-383469.06,13973.685,8.539999999979045,4.9677734000000004
167,13,15,-383470.06,13972.88,7.539999999979045,4.1630859000000004
167,14,30,-383471.44,13971.905,6.159999999974389,3.1884766
167,15,45,-383472.97,13970.776,4.630000000004657,2.0595703
167,16,60,-383474.53,13969.683,3.0699999999487773,0.9658203000000001
167,17,75,-383475.5,13969.469,2.099999999976717,0.7519531
167,18,90,-383475.72,13969.778,1.8800000000046568,1.0615234
167,19,105,-383475.72,13970.156,1.8800000000046568,1.43945311
167,20,120,-383475.88,13970.28,1.7199999999720603,1.56347655
167,21,135,-383476.34,13970.061,1.2599999999511056,1.34375
167,22,150,-383477.03,13969.4375,0.5699999999487773,0.7207031
167,23,165,-383477.6,13968.717,0,0
167,24,180,-383477.38,13969.151,0.2199999999720603,0.4345703000000001
168,1,-165,-683323.6,14985.446,1.9600000000791624,0.5380859
168,2,-150,-683322.75,14986.095,2.81000000005588,1.1865234
168,3,-135,-683321.25,14987.472,4.310000000055879,2.5634765
168,4,-120,-683319.4,14989.47,6.160000000032596,4.5615234000000004
168,5,-105,-683317.7,14991.752,7.860000000102445,6.84375
168,6,-90,-683317,14993.036,8.56000000005588,8.1279296
168,7,-75,-683318,14991.606,7.560000000055879,6.6982421
168,8,-60,-683319.94,14989.316,5.620000000111759,4.4082031
168,9,-45,-683322.2,14987.353,3.360000000102445,2.4443359
168,10,-30,-683324.44,14985.842,1.1200000001117587,0.9335937000000003
168,11,-15,-683325.56,14984.908,0,0
168,12,0,-683323.8,14985.375,1.7600000000093132,0.4667968
168,13,15,-683325.56,14984.908,0,0
168,14,30,-683324.44,14985.845,1.1200000001117587,0.9365234
168,15,45,-683322.2,14987.3125,3.360000000102445,2.4042968
168,16,60,-683319.94,14989.32,5.620000000111759,4.4121093
168,17,75,-683317.94,14991.603,7.620000000111759,6.6943359000000004
168,18,90,-683317,14993.035,8.56000000005588,8.126953
168,19,105,-683317.7,14991.75,7.860000000102445,6.8417968
168,20,120,-683319.4,14989.458,6.160000000032596,4.5498046
168,21,135,-683321.25,14987.445,4.310000000055879,2.5371093
168,22,150,-683322.75,14986.095,2.81000000005588,1.1865234
168,23,165,-683323.6,14985.446,1.9600000000791624,0.5380859
168,24,180,-683321.9,14986.093,3.660000000032596,1.1845702
169,1,-165,-385172.22,15160.728,0.8400000000256114,2.8134766
169,2,-150,-385171.12,15162.415,1.9400000000023283,4.5009766
169,3,-135,-385169.84,15163.84,3.2199999999720603,5.925781300000001
169,4,-120,-385169.94,15163.677,3.1199999999953434,5.7626954
169,5,-105,-385171,15162.867,2.059999999997672,4.953125
169,6,-90,-385172,15161.81,1.0599999999976717,3.89550786
169,7,-75,-385172.8,15160.577,0.2600000000093132,2.663086
169,8,-60,-385173.06,15160.139,0,2.2246094000000003
169,9,-45,-385172.28,15160.652,0.779999999969732,2.7382813
169,10,-30,-385171.25,15163.026,1.809999999997672,5.1123047
169,11,-15,-385170,15163.83,3.059999999997672,5.9160157
169,12,0,-385169.44,15163.675,3.619999999995344,5.7607422
169,13,15,-385169.78,15163.028,3.279999999969732,5.1142579
169,14,30,-385171.03,15161.649,2.029999999969732,3.735351612
169,15,45,-385172.47,15159.768,0.5900000000256114,1.8535157000000002
169,16,60,-385172.88,15157.914,0.179999999993015,0
169,17,75,-385172.66,15159.293,0.400000000023283,1.3789063000000001
169,18,90,-385171.22,15160.787,1.8400000000256116,2.8730469000000003
169,19,105,-385169.56,15162.223,3.5,4.308593800000001
169,20,120,-385168.5,15163.04,4.559999999997672,5.1259766
169,21,135,-385168.56,15163.136,4.5,5.2216797
169,22,150,-385169.7,15162.178,3.35999999998603,4.26367192
169,23,165,-385171.38,15160.774,1.679999999993015,2.8603516
169,24,180,-385172.4,15159.939,0.6599999999743886,2.0253907
170,1,-165,-454275.94,7783.327,0.4600000000209547,0.5527344000000001
170,2,-150,-454276.4,7782.7744,0,0
170,3,-135,-454276.2,7783.258,0.2000000000116415,0.48339850000000006
170,4,-120,-454275.3,7784.7935,1.1000000000349246,2.019043
170,5,-105,-454274.22,7786.4697,2.1800000000512227,3.6953125
170,6,-90,-454273.7,7787.1445,2.700000000011641,4.3701172
170,7,-75,-454274.2,7786.4614,2.200000000011641,3.6870117000000002
170,8,-60,-454275.28,7784.811,1.1199999999953434,2.03662112
170,9,-45,-454276.16,7783.2686,0.2400000000488944,0.4941407
170,10,-30,-454276.4,7782.7793,0,0.004882800000000076
170,11,-15,-454275.94,7783.3096,0.4600000000209547,0.5351563000000001
170,12,0,-454275.38,7783.808,1.0200000000186265,1.0336914300000002
170,13,15,-454275.94,7783.31,0.4600000000209547,0.5356446000000001
170,14,30,-454276.4,7782.7793,0,0.004882800000000076
170,15,45,-454276.16,7783.268,0.2400000000488944,0.4936524
170,16,60,-454275.28,7784.811,1.1199999999953434,2.03662112
170,17,75,-454274.2,7786.4614,2.200000000011641,3.6870117000000002
170,18,90,-454273.7,7787.1445,2.700000000011641,4.3701172
170,19,105,-454274.22,7786.4707,2.1800000000512227,3.6962891000000004
170,20,120,-454275.3,7784.7935,1.1000000000349246,2.019043
170,21,135,-454276.2,7783.258,0.2000000000116415,0.48339850000000006
170,22,150,-454276.4,7782.7744,0,0
170,23,165,-454275.94,7783.327,0.4600000000209547,0.5527344000000001
170,24,180,-454275.38,7783.8096,1.0200000000186265,1.0351563000000001
171,1,-165,-745019.8,17929.234,2.699999999953434,3.4609375
171,2,-150,-745021.3,17928.291,1.199999999953434,2.5175781500000003
171,3,-135,-745022.25,17927.848,0.25,2.0742187800000003
171,4,-120,-745022.5,17927.492,0,1.71875002
171,5,-105,-745022.2,17927.139,0.3000000000465661,1.3652344
171,6,-90,-745021.4,17927.107,1.099999999976717,1.3339844
171,7,-75,-745021.94,17926.006,0.5600000000558794,0.23242190000000007
171,8,-60,-745022.06,17925.773,0.4399999999441206,0
171,9,-45,-745021.56,17926.303,0.9399999999441206,0.5292969000000001
171,10,-30,-745020.6,17927.398,1.900000000023283,1.62500002
171,11,-15,-745019.2,17929.06,3.300000000046566,3.2871094000000003
171,12,0,-745017.56,17931.123,4.939999999944121,5.3496094
171,13,15,-745019.2,17929.064,3.300000000046566,3.2910156
171,14,30,-745020.6,17927.398,1.900000000023283,1.62500002
171,15,45,-745021.56,17926.3,0.9399999999441206,0.5273438000000001
171,16,60,-745022.06,17925.773,0.4399999999441206,0
171,17,75,-745021.94,17926.004,0.5600000000558794,0.23046880000000014
171,18,90,-745021.4,17927.117,1.099999999976717,1.34375
171,19,105,-745022.2,17927.139,0.3000000000465661,1.3652344
171,20,120,-745022.5,17927.49,0,1.7167969
171,21,135,-745022.25,17927.848,0.25,2.0742187800000003
171,22,150,-745021.3,17928.291,1.199999999953434,2.5175781500000003
171,23,165,-745019.8,17929.236,2.699999999953434,3.4628906
171,24,180,-745017.8,17930.732,4.699999999953434,4.9589844
172,1,-165,-491369.1,10295.863,0.1199999999953433,0.6064453000000001
172,2,-150,-491368.28,10296.525,0.9399999999441206,1.2685547000000001
172,3,-135,-491367.78,10297.67,1.4399999999441206,2.41308598
172,4,-120,-491367.56,10298.432,1.6599999999743886,3.1748047
172,5,-105,-491367.12,10298.874,2.099999999976717,3.6171875
172,6,-90,-491366.62,10299.174,2.599999999976717,3.9169922
172,7,-75,-491366.8,10297.801,2.419999999983702,2.54394535
172,8,-60,-491367.72,10295.365,1.5,0.10839850000000006
172,9,-45,-491367.53,10295.257,1.6899999999441206,0
172,10,-30,-491366.44,10296.264,2.779999999969732,1.0068359999999998
172,11,-15,-491365.1,10297.68,4.119999999995343,2.4228516
172,12,0,-491364.3,10298.586,4.919999999983702,3.3291016
172,13,15,-491365.1,10297.679,4.119999999995343,2.4218750399999998
172,14,30,-491366.44,10296.277,2.779999999969732,1.02050785
172,15,45,-491367.53,10295.257,1.6899999999441206,0
172,16,60,-491367.72,10295.365,1.5,0.10839850000000006
172,17,75,-491366.8,10297.784,2.419999999983702,2.5273438
172,18,90,-491366.62,10299.161,2.599999999976717,3.9042969000000003
172,19,105,-491367.12,10298.874,2.099999999976717,3.6171875
172,20,120,-491367.56,10298.432,1.6599999999743886,3.1748047
172,21,135,-491367.78,10297.689,1.4399999999441206,2.4326172
172,22,150,-491368.28,10296.527,0.9399999999441206,1.27050785
172,23,165,-491369.1,10295.863,0.1199999999953433,0.6064453000000001
172,24,180,-491369.22,10295.7,0,0.44335940000000007
173,1,-165,-245918.72,11618.275,0.6799999999930151,1.4150389999999993
173,2,-150,-245918.53,11618.545,0.8699999999953434,1.68457
173,3,-135,-245917.94,11619.049,1.459999999991851,2.1884763999999994
173,4,-120,-245916.44,11620.732,2.959999999991851,3.8720700999999993
173,5,-105,-245914.16,11624.06,5.239999999990687,7.1992186
173,6,-90,-245911.95,11627.795,7.449999999982538,10.93457
173,7,-75,-245910.16,11630.057,9.239999999990689,13.196289
173,8,-60,-245908.33,11630.972,11.070000000006983,14.111328
173,9,-45,-245908.14,11630.143,11.25999999998021,13.282226399999999
173,10,-30,-245907.81,11630.974,11.589999999996508,14.113281
173,11,-15,-245908.3,11631.615,11.10000000000582,14.754883
173,12,0,-245909.83,11630.256,9.570000000006983,13.395507599999998
173,13,15,-245911.77,11627.683,7.630000000004657,10.8222654
173,14,30,-245914.05,11624.254,5.350000000005821,7.3935545
173,15,45,-245916.19,11621.186,3.209999999991851,4.325195099999999
173,16,60,-245917.72,11619.276,1.679999999993015,2.4160153999999996
173,17,75,-245918.44,11618.558,0.9599999999918508,1.6972653999999991
173,18,90,-245918.75,11618.254,0.6499999999941792,1.3935544999999996
173,19,105,-245919.02,11617.812,0.3800000000046566,0.9511716999999997
173,20,120,-245919.27,11617.262,0.1300000000046566,0.4013669999999996
173,21,135,-245919.4,11616.884,0,0.02343729999999944
173,22,150,-245919.38,11616.86,0.0199999999895226,0
173,23,165,-245919.17,11617.228,0.2299999999813735,0.36718729999999944
173,24,180,-245918.92,11617.798,0.4799999999813735,0.9375
174,1,-165,-335537.5,12481.095,0.8800000000046566,0.13574216000000006
174,2,-150,-335538.3,12480.959,0.0800000000162981,0
174,3,-135,-335538.28,12481.2295,0.0999999999767169,0.2705078000000001
174,4,-120,-335537.47,12481.999,0.9100000000325964,1.0400390400000001
174,5,-105,-335536.56,12483.222,1.820000000006985,2.2626953
174,6,-90,-335536.16,12484.076,2.220000000030268,3.1171875
174,7,-75,-335536.53,12483.255,1.849999999976717,2.2958984
174,8,-60,-335537.38,12481.957,1,0.99804685
174,9,-45,-335538.2,12481.214,0.179999999993015,0.2548828000000001
174,10,-30,-335538.38,12480.992,0,0.03320310000000004
174,11,-15,-335537.6,12481.112,0.7800000000279397,0.15332030000000008
174,12,0,-335536.88,12481.031,1.5,0.07226560000000004
174,13,15,-335537.6,12481.116,0.7800000000279397,0.15722654000000003
174,14,30,-335538.38,12480.992,0,0.03320310000000004
174,15,45,-335538.2,12481.214,0.179999999993015,0.2548828000000001
174,16,60,-335537.38,12481.953,1,0.9941406
174,17,75,-335536.53,12483.246,1.849999999976717,2.2871094
174,18,90,-335536.16,12484.075,2.220000000030268,3.1162109
174,19,105,-335536.56,12483.22,1.820000000006985,2.2607422
174,20,120,-335537.47,12482.002,0.9100000000325964,1.04296872
174,21,135,-335538.28,12481.2295,0.0999999999767169,0.2705078000000001
174,22,150,-335538.3,12480.959,0.0800000000162981,0
174,23,165,-335537.5,12481.084,0.8800000000046566,0.125
174,24,180,-335536.88,12481.026,1.5,0.06738280000000008
175,1,-165,-502093.7,9726.915,0.0800000000162981,0.1171875
175,2,-150,-502093.28,9727.43,0.5,0.6318359999999998
175,3,-135,-502092.4,9728.422,1.3800000000046566,1.62402345
175,4,-120,-502091.12,9729.66,2.6600000000325963,2.8623047
175,5,-105,-502089.88,9730.672,3.900000000023283,3.8740233999999996
175,6,-90,-502089.38,9731.062,4.400000000023283,4.2636719
175,7,-75,-502089.84,9730.674,3.940000000002328,3.8759765999999996
175,8,-60,-502091.06,9729.633,2.720000000030268,2.83496095
175,9,-45,-502092.38,9728.3955,1.400000000023283,1.59765626
175,10,-30,-502093.28,9727.423,0.5,0.625
175,11,-15,-502093.7,9726.915,0.0800000000162981,0.1171875
175,12,0,-502093.78,9726.798,0,0
175,13,15,-502093.7,9726.923,0.0800000000162981,0.125
175,14,30,-502093.28,9727.423,0.5,0.625
175,15,45,-502092.38,9728.3955,1.400000000023283,1.59765626
175,16,60,-502091.06,9729.632,2.720000000030268,2.8339844
175,17,75,-502089.84,9730.674,3.940000000002328,3.8759765999999996
175,18,90,-502089.38,9731.062,4.400000000023283,4.2636719
175,19,105,-502089.88,9730.672,3.900000000023283,3.8740233999999996
175,20,120,-502091.12,9729.66,2.6600000000325963,2.8623047
175,21,135,-502092.4,9728.417,1.3800000000046566,1.61914064
175,22,150,-502093.28,9727.43,0.5,0.6318359999999998
175,23,165,-502093.7,9726.915,0.0800000000162981,0.1171875
175,24,180,-502093.78,9726.8,0,0.00195309999999993
176,1,-165,-618010.9,11687.833,0,0.013671899999999848
176,2,-150,-618010.75,11688.126,0.150000000023283,0.30664059999999993
176,3,-135,-618010,11689.139,0.9000000000232831,1.31933595
176,4,-120,-618008.75,11690.748,2.150000000023283,2.92871095
176,5,-105,-618007.5,11692.313,3.400000000023283,4.4941406
176,6,-90,-618007,11692.992,3.900000000023283,5.1728515999999996
176,7,-75,-618007.6,11692.357,3.300000000046566,4.538086
176,8,-60,-618008.9,11690.809,2,2.9892578
176,9,-45,-618010.1,11689.145,0.8000000000465661,1.3251952999999999
176,10,-30,-618010.8,11688.095,0.0999999999767169,0.27539059999999993
176,11,-15,-618010.8,11687.827,0.0999999999767169,0.0078125
176,12,0,-618010.7,11687.819,0.2000000000698492,0
176,13,15,-618010.8,11687.827,0.0999999999767169,0.0078125
176,14,30,-618010.8,11688.092,0.0999999999767169,0.27246099999999984
176,15,45,-618010.1,11689.145,0.8000000000465661,1.3251952999999999
176,16,60,-618008.9,11690.809,2,2.9892578
176,17,75,-618007.6,11692.359,3.300000000046566,4.5400390999999996
176,18,90,-618007,11692.992,3.900000000023283,5.1728515999999996
176,19,105,-618007.5,11692.313,3.400000000023283,4.4941406
176,20,120,-618008.75,11690.748,2.150000000023283,2.92871095
176,21,135,-618010,11689.141,0.9000000000232831,1.3212891
176,22,150,-618010.75,11688.117,0.150000000023283,0.2978516
176,23,165,-618010.9,11687.831,0,0.011718799999999918
176,24,180,-618010.7,11687.829,0.2000000000698492,0.00976559999999993
177,1,-165,-421242.9,15074.489,0,0.00097659999999955
177,2,-150,-421241.8,15075.74,1.1000000000349246,1.2519529999999994
177,3,-135,-421240.1,15077.398,2.800000000046566,2.9101562999999997
177,4,-120,-421238,15079.342,4.900000000023283,4.8535157
177,5,-105,-421236.06,15081.292,6.840000000025611,6.803711
177,6,-90,-421233.2,15085.093,9.700000000011642,10.6044922
177,7,-75,-421233.7,15084.522,9.200000000011642,10.0341798
177,8,-60,-421234.94,15082.849,7.960000000020955,8.3603516
177,9,-45,-421236.3,15081.154,6.600000000034925,6.6660157
177,10,-30,-421237.25,15079.921,5.650000000023283,5.43261725
177,11,-15,-421237.53,15079.2,5.369999999995343,4.7119140999999996
177,12,0,-421237.5,15078.871,5.400000000023283,4.38281256
177,13,15,-421237.53,15079.205,5.369999999995343,4.71679694
177,14,30,-421237.25,15079.916,5.650000000023283,5.42773444
177,15,45,-421236.3,15081.164,6.600000000034925,6.6757813
177,16,60,-421234.94,15082.848,7.960000000020955,8.359375
177,17,75,-421233.7,15084.522,9.200000000011642,10.0341798
177,18,90,-421233.2,15085.093,9.700000000011642,10.6044922
177,19,105,-421236.06,15081.292,6.840000000025611,6.803711
177,20,120,-421238,15079.342,4.900000000023283,4.8535157
177,21,135,-421240.1,15077.401,2.800000000046566,2.913086
177,22,150,-421241.8,15075.739,1.1000000000349246,1.2509765999999996
177,23,165,-421242.9,15074.488,0,0
177,24,180,-421241.25,15075.242,1.650000000023283,0.7539062999999997
178,1,-165,-479158.66,17011.924,8.220000000030268,7.2070311
178,2,-150,-479161.16,17009.992,5.720000000030268,5.2753906
178,3,-135,-479163.4,17008.113,3.479999999981373,3.39648435
178,4,-120,-479165.1,17006.393,1.7800000000279397,1.6757812
178,5,-105,-479166.16,17005.227,0.720000000030268,0.5097656000000002
178,6,-90,-479166.88,17004.717,0,0
178,7,-75,-479166.8,17004.955,0.0800000000162981,0.2382812000000003
178,8,-60,-479166.34,17005.918,0.5399999999790452,1.2011719
178,9,-45,-479165.97,17007.123,0.9100000000325964,2.40625
178,10,-30,-479165.53,17007.932,1.349999999976717,3.21484372
178,11,-15,-479165.16,17008.393,1.720000000030268,3.6757812000000003
178,12,0,-479165.03,17008.53,1.849999999976717,3.8125
178,13,15,-479165.16,17008.393,1.720000000030268,3.6757812000000003
178,14,30,-479165.53,17007.928,1.349999999976717,3.21093748
178,15,45,-479165.97,17007.125,0.9100000000325964,2.4082031
178,16,60,-479166.34,17005.918,0.5399999999790452,1.2011719
178,17,75,-479166.8,17004.957,0.0800000000162981,0.2402343
178,18,90,-479166.88,17004.719,0,0.001953100000000152
178,19,105,-479166.16,17005.227,0.720000000030268,0.5097656000000002
178,20,120,-479165.1,17006.39,1.7800000000279397,1.6738281000000002
178,21,135,-479163.4,17008.12,3.479999999981373,3.40234372
178,22,150,-479161.16,17009.998,5.720000000030268,5.28125
178,23,165,-479158.66,17011.91,8.220000000030268,7.193359300000001
178,24,180,-479157.38,17013.047,9.5,8.3300781
179,1,-165,-466823.3,18315.139,1.540000000037253,4.6523437
179,2,-150,-466822.22,18313.398,2.620000000053551,2.91210935
179,3,-135,-466823.12,18313.072,1.720000000030268,2.5859375
179,4,-120,-466824.06,18312.213,0.7800000000279397,1.7265625000000002
179,5,-105,-466824.7,18311.229,0.1400000000139698,0.7421875
179,6,-90,-466824.84,18310.486,0,0
179,7,-75,-466824,18310.594,0.8400000000256114,0.10742190000000029
179,8,-60,-466821.44,18314.11,3.400000000023283,3.62304685
179,9,-45,-466820.22,18314.963,4.620000000053551,4.4765625
179,10,-30,-466819.06,18316.258,5.78000000002794,5.7714843
179,11,-15,-466818.47,18317.182,6.370000000053551,6.6953125
179,12,0,-466819.4,18316.771,5.440000000002328,6.2851562
179,13,15,-466820.1,18316.79,4.740000000048894,6.3027343
179,14,30,-466817.1,18314.736,7.740000000048894,4.25
179,15,45,-466819.25,18313.61,5.590000000025611,3.12304685
179,16,60,-466820.88,18312.57,3.9600000000209543,2.0839843
179,17,75,-466824.47,18311.086,0.370000000053551,0.5996093
179,18,90,-466824.5,18311.15,0.3400000000256113,0.6640625
179,19,105,-466823.38,18312.129,1.4600000000209548,1.6425781000000002
179,20,120,-466820.84,18316.06,4,5.5742187
179,21,135,-466820.72,18316.566,4.120000000053551,6.0800781
179,22,150,-466821.7,18315.38,3.14000000001397,4.8945312
179,23,165,-466822.38,18315.375,2.4600000000209548,4.8886719
179,24,180,-466823,18315.205,1.8400000000256116,4.71875
180,1,-165,-370267.88,13686.157,2.5200000000186265,0.88476558
180,2,-150,-370269.4,13685.277,1,0.004882800000000076
180,3,-135,-370270.2,13685.748,0.2000000000116415,0.4755859000000001
180,4,-120,-370270.4,13686.793,0,1.52050776
180,5,-105,-370270.38,13687.273,0.0200000000186264,2.0009765
180,6,-90,-370270.22,13688.433,0.1800000000512227,3.1601562000000003
180,7,-75,-370270.34,13687.341,0.0599999999976716,2.0683593
180,8,-60,-370270.4,13686.879,0,1.60644526
180,9,-45,-370270.25,13685.987,0.150000000023283,0.7148437000000001
180,10,-30,-370269.66,13685.422,0.7400000000488944,0.14941400000000016
180,11,-15,-370268.44,13686.024,1.9600000000209548,0.7519531
180,12,0,-370266.5,13687.68,3.900000000023283,2.4072265
180,13,15,-370268.44,13686.022,1.9600000000209548,0.7499999500000001
180,14,30,-370269.66,13685.42,0.7400000000488944,0.1474609
180,15,45,-370270.25,13685.987,0.150000000023283,0.7148437000000001
180,16,60,-370270.4,13686.88,0,1.6074218200000001
180,17,75,-370270.34,13687.339,0.0599999999976716,2.0664062000000003
180,18,90,-370270.22,13688.438,0.1800000000512227,3.1660156
180,19,105,-370270.38,13687.273,0.0200000000186264,2.0009765
180,20,120,-370270.4,13686.797,0,1.52441401
180,21,135,-370270.2,13685.753,0.2000000000116415,0.4804687000000001
180,22,150,-370269.4,13685.272,1,0
180,23,165,-370267.88,13686.162,2.5200000000186265,0.8896484
180,24,180,-370265.62,13688.141,4.78000000002794,2.868164
181,1,-165,-469088.2,17571.14,0,0
181,2,-150,-469087.8,17571.76,0.400000000023283,0.6191405999999997
181,3,-135,-469086.4,17573.525,1.7999999999883585,2.38476565
181,4,-120,-469084.28,17576.102,3.919999999983702,4.9609375
181,5,-105,-469081.97,17578.47,6.230000000039581,7.330078199999999
181,6,-90,-469080.75,17578.553,7.4500000000116415,7.4121094
181,7,-75,-469081.53,17576.334,6.669999999983702,5.1933594
181,8,-60,-469083.25,17574.299,4.9500000000116415,3.15820315
181,9,-45,-469085,17572.809,3.200000000011641,1.6679688
181,10,-30,-469086.16,17572.156,2.040000000037253,1.015625
181,11,-15,-469086.22,17572.473,1.9800000000395808,1.3320313
181,12,0,-469085.12,17573.78,3.080000000016298,2.6386719
181,13,15,-469086.22,17572.47,1.9800000000395808,1.3300781999999998
181,14,30,-469086.16,17572.154,2.040000000037253,1.0136718999999998
181,15,45,-469085,17572.809,3.200000000011641,1.6679688
181,16,60,-469083.25,17574.295,4.9500000000116415,3.1542969
181,17,75,-469081.53,17576.355,6.669999999983702,5.2148438
181,18,90,-469080.75,17578.555,7.4500000000116415,7.414062400000001
181,19,105,-469081.97,17578.465,6.230000000039581,7.324218800000001
181,20,120,-469084.28,17576.047,3.919999999983702,4.90625
181,21,135,-469086.4,17573.53,1.7999999999883585,2.3886719
181,22,150,-469087.8,17571.76,0.400000000023283,0.6191405999999997
181,23,165,-469088.2,17571.14,0,0
181,24,180,-469087.5,17571.656,0.7000000000116415,0.515625
182,1,-165,-434217.47,19374.486,3.370000000053551,0.84375
182,2,-150,-434220.1,19373.643,0.7400000000488944,0
182,3,-135,-434220.84,19374.129,0,0.4863282
182,4,-120,-434220.5,19374.586,0.3400000000256113,0.9433594000000001
182,5,-105,-434220.28,19374.305,0.5599999999976717,0.6621094000000003
182,6,-90,-434220.75,19373.984,0.0900000000256113,0.3417969000000003
182,7,-75,-434220.8,19374.363,0.0400000000372529,0.7207032
182,8,-60,-434220.06,19375.828,0.7800000000279397,2.1855469000000003
182,9,-45,-434218.47,19377.795,2.370000000053551,4.152343800000001
182,10,-30,-434216.2,19379.643,4.64000000001397,6
182,11,-15,-434213.2,19381.555,7.64000000001397,7.9121094
182,12,0,-434212.94,19379.701,7.900000000023283,6.058593800000001
182,13,15,-434216.8,19377.291,4.040000000037253,3.64843755
182,14,30,-434219.1,19376.176,1.7400000000488944,2.53320318
182,15,45,-434219.94,19376.06,0.9000000000232831,2.4179688
182,16,60,-434219.84,19374.965,1,1.3222657000000002
182,17,75,-434219.8,19374.525,1.040000000037253,0.8828126000000001
182,18,90,-434219.84,19375.316,1,1.6738282000000002
182,19,105,-434219.94,19376.002,0.9000000000232831,2.35937505
182,20,120,-434219.7,19376.775,1.1400000000139698,3.13281255
182,21,135,-434218.62,19377.785,2.220000000030268,4.1425782
182,22,150,-434216.62,19378.947,4.220000000030268,5.3046876
182,23,165,-434213.9,19380.98,6.940000000002328,7.3378908
182,24,180,-434213.4,19377.11,7.440000000002328,3.4667969000000003
183,1,-165,-440696.7,11893.464,0.5199999999604188,0.5458984
183,2,-150,-440695.34,11894.733,1.879999999946449,1.815429688
183,3,-135,-440693.97,11896.247,3.25,3.3291016
183,4,-120,-440693.16,11897.175,4.059999999997672,4.256836
183,5,-105,-440694.06,11895.799,3.1599999999743886,2.8808594000000003
183,6,-90,-440695.44,11894.319,1.779999999969732,1.4013672
183,7,-75,-440696.72,11893.22,0.5,0.3017578000000001
183,8,-60,-440697.22,11892.924,0,0.00585940000000007
183,9,-45,-440696.7,11893.467,0.5199999999604188,0.5488280999999999
183,10,-30,-440695.34,11894.744,1.879999999946449,1.826171875
183,11,-15,-440693.97,11896.228,3.25,3.3095703
183,12,0,-440693.1,11897.301,4.119999999995343,4.3828125
183,13,15,-440693.94,11895.988,3.279999999969732,3.0703125
183,14,30,-440695.34,11894.444,1.879999999946449,1.5263672
183,15,45,-440696.72,11893.255,0.5,0.3369141
183,16,60,-440697.22,11892.919,0,0.0009765999999999941
183,17,75,-440696.7,11893.435,0.5199999999604188,0.5166016
183,18,90,-440695.4,11894.612,1.8199999999487773,1.69433594
183,19,105,-440694.1,11896.053,3.1199999999953434,3.1347655999999997
183,20,120,-440693.22,11897.388,4,4.4697265999999996
183,21,135,-440693.94,11895.989,3.279999999969732,3.0712891
183,22,150,-440695.34,11894.418,1.879999999946449,1.5
183,23,165,-440696.7,11893.238,0.5199999999604188,0.3203125
183,24,180,-440697.22,11892.918,0,0
184,1,-165,-319967.06,19187.672,2.9099999999743886,3.6054687
184,2,-150,-319965.28,19189.594,4.689999999944121,5.527343699999999
184,3,-135,-319963.9,19190.785,6.069999999948777,6.71875
184,4,-120,-319964.06,19190.26,5.909999999974389,6.1933593
184,5,-105,-319965.47,19188.75,4.5,4.683593699999999
184,6,-90,-319966.66,19187.545,3.309999999997672,3.478515575
184,7,-75,-319966.75,19187.63,3.2199999999720603,3.564453075
184,8,-60,-319967.22,19187.383,2.75,3.3164062
184,9,-45,-319966.66,19187.97,3.309999999997672,3.90429682
184,10,-30,-319964.97,19189.564,5,5.4980468
184,11,-15,-319963.66,19190.83,6.309999999997672,6.7636718
184,12,0,-319963.84,19190.637,6.129999999946449,6.5703124
184,13,15,-319965.44,19189.096,4.529999999969732,5.0292968
184,14,30,-319967.6,19186.805,2.3699999999953434,2.7382812
184,15,45,-319969.3,19184.816,0.6699999999837019,0.75
184,16,60,-319969.97,19184.066,0,0
184,17,75,-319969.78,19184.637,0.1899999999441206,0.5703123999999997
184,18,90,-319969.1,19185.875,0.8699999999953434,1.8085936999999999
184,19,105,-319968.28,19186.771,1.6899999999441206,2.7050780999999997
184,20,120,-319968.06,19186.904,1.9099999999743889,2.8378905999999997
184,21,135,-319968.22,19186.54,1.75,2.4726562
184,22,150,-319967.9,19186.447,2.0699999999487773,2.3808593
184,23,165,-319968.03,19186.783,1.9399999999441209,2.7167968
184,24,180,-319968.1,19186.541,1.8699999999953436,2.4746093
185,1,-165,-501458.1,9461.782,0.2800000000279397,0.5087891
185,2,-150,-501457.03,9462.971,1.349999999976717,1.6972656
185,3,-135,-501455.44,9464.397,2.9400000000023283,3.124023462
185,4,-120,-501453.56,9465.702,4.820000000006985,4.428711
185,5,-105,-501452,9466.585,6.380000000004657,5.3115234000000004
185,6,-90,-501451.4,9466.805,6.9799999999813735,5.53125
185,7,-75,-501452.16,9466.561,6.220000000030268,5.2871094
185,8,-60,-501453.78,9466.013,4.599999999976717,4.7392578
185,9,-45,-501455.53,9464.869,2.849999999976717,3.59570315
185,10,-30,-501456.9,9463.508,1.4799999999813735,2.234375
185,11,-15,-501457.66,9462.407,0.720000000030268,1.1337891
185,12,0,-501457.88,9461.924,0.5,0.6503905999999997
185,13,15,-501457.66,9462.407,0.720000000030268,1.1337891
185,14,30,-501456.9,9463.512,1.4799999999813735,2.2382812999999997
185,15,45,-501455.53,9464.904,2.849999999976717,3.6308594
185,16,60,-501453.78,9465.998,4.599999999976717,4.7246094
185,17,75,-501452.16,9466.549,6.220000000030268,5.2753906
185,18,90,-501451.4,9466.807,6.9799999999813735,5.5332032
185,19,105,-501452.03,9466.612,6.349999999976717,5.338867199999999
185,20,120,-501453.56,9465.701,4.820000000006985,4.4277344
185,21,135,-501455.44,9464.397,2.9400000000023283,3.124023462
185,22,150,-501457.03,9462.97,1.349999999976717,1.6962890999999998
185,23,165,-501458.1,9461.781,0.2800000000279397,0.5078125
185,24,180,-501458.38,9461.273,0,0
186,1,-165,-321660.38,11828.034,3.320000000006985,2.993164
186,2,-150,-321660.94,11827.709,2.760000000009313,2.6679687000000003
186,3,-135,-321661.47,11827.094,2.230000000039581,2.0527343
186,4,-120,-321662.12,11826.804,1.580000000016298,1.76269526
186,5,-105,-321662.88,11826.204,0.8200000000069849,1.16308589
186,6,-90,-321663.44,11825.528,0.2600000000093132,0.48730464000000007
186,7,-75,-321663.7,11825.083,0,0.04199210000000009
186,8,-60,-321663.66,11825.043,0.0400000000372529,0.001953100000000152
186,9,-45,-321663.4,11825.374,0.2999999999883584,0.3330077600000001
186,10,-30,-321663,11825.774,0.7000000000116415,0.7333984000000001
186,11,-15,-321662.6,11826.026,1.1000000000349246,0.9853515000000002
186,12,0,-321662.44,11826.105,1.2600000000093132,1.06445308
186,13,15,-321662.6,11826.025,1.1000000000349246,0.9843749500000001
186,14,30,-321663,11825.736,0.7000000000116415,0.6953124500000001
186,15,45,-321663.4,11825.374,0.2999999999883584,0.3330077600000001
186,16,60,-321663.66,11825.041,0.0400000000372529,0
186,17,75,-321663.7,11825.09,0,0.04882810000000015
186,18,90,-321663.44,11825.528,0.2600000000093132,0.48730464000000007
186,19,105,-321662.88,11826.209,0.8200000000069849,1.1679687
186,20,120,-321662.12,11826.8,1.580000000016298,1.7587890000000002
186,21,135,-321661.47,11827.066,2.230000000039581,2.0253906
186,22,150,-321660.94,11827.615,2.760000000009313,2.5742187000000003
186,23,165,-321660.38,11828.006,3.320000000006985,2.9648437000000003
186,24,180,-321660.06,11828.182,3.64000000001397,3.140625
187,1,-165,-358362.12,11278.812,4.099999999976717,2.56640625
187,2,-150,-358365.97,11276.752,0.25,0.5068359
187,3,-135,-358365.94,11276.563,0.279999999969732,0.31835940000000007
187,4,-120,-358365.88,11276.801,0.3399999999674037,0.5556641
187,5,-105,-358366.22,11276.245,0,0
187,6,-90,-358363.25,11277.229,2.9699999999720603,0.9833984
187,7,-75,-358363.66,11277.018,2.559999999997672,0.7724609
187,8,-60,-358363.38,11277.194,2.839999999967404,0.9492187999999999
187,9,-45,-358362.16,11278.221,4.059999999997672,1.97558594
187,10,-30,-358360.25,11280.433,5.96999999997206,4.1875
187,11,-15,-358359.12,11281.506,7.099999999976717,5.2607422
187,12,0,-358358.38,11282.485,7.839999999967404,6.2402344
187,13,15,-358359.12,11281.511,7.099999999976717,5.265625
187,14,30,-358360.25,11280.521,5.96999999997206,4.2763672
187,15,45,-358362.16,11278.222,4.059999999997672,1.9765625
187,16,60,-358363.38,11277.218,2.839999999967404,0.9726562000000001
187,17,75,-358363.66,11276.93,2.559999999997672,0.6845703000000001
187,18,90,-358363.25,11277.228,2.9699999999720603,0.9824219000000001
187,19,105,-358362.75,11277.863,3.4699999999720603,1.61816406
187,20,120,-358362.62,11278.327,3.599999999976717,2.08203125
187,21,135,-358362.53,11278.385,3.6899999999441206,2.139648438
187,22,150,-358362.34,11278.487,3.879999999946449,2.2421875
187,23,165,-358362.12,11278.816,4.099999999976717,2.57128906
187,24,180,-358361.75,11279.25,4.46999999997206,3.0048828
188,1,-165,-317141.94,9440.077,0.4400000000023283,0.38281259999999984
188,2,-150,-317140.7,9441.114,1.679999999993015,1.4199218999999998
188,3,-135,-317138.8,9442.504,3.580000000016298,2.809570375
188,4,-120,-317136.78,9443.917,5.599999999976717,4.2226563
188,5,-105,-317135.1,9445.074,7.28000000002794,5.3798829
188,6,-90,-317134.4,9445.606,7.979999999981373,5.9121094
188,7,-75,-317135.1,9445.017,7.28000000002794,5.3222657
188,8,-60,-317136.84,9443.729,5.539999999979045,4.0341797999999995
188,9,-45,-317138.94,9442.336,3.4400000000023283,2.64160162
188,10,-30,-317140.75,9441.041,1.6300000000046566,1.3466797999999998
188,11,-15,-317141.97,9440.061,0.4100000000325963,0.36621099999999984
188,12,0,-317142.38,9439.694,0,0
188,13,15,-317141.97,9440.061,0.4100000000325963,0.36621099999999984
188,14,30,-317140.75,9441.041,1.6300000000046566,1.3466797999999998
188,15,45,-317138.94,9442.333,3.4400000000023283,2.63867194
188,16,60,-317136.84,9443.7295,5.539999999979045,4.0351563
188,17,75,-317135.1,9445.015,7.28000000002794,5.320312599999999
188,18,90,-317134.4,9445.606,7.979999999981373,5.9121094
188,19,105,-317135.1,9445.074,7.28000000002794,5.3798829
188,20,120,-317136.78,9443.913,5.599999999976717,4.218750099999999
188,21,135,-317138.8,9442.504,3.580000000016298,2.809570375
188,22,150,-317140.7,9441.116,1.679999999993015,1.4218750999999998
188,23,165,-317141.94,9440.077,0.4400000000023283,0.38281259999999984
188,24,180,-317142.38,9439.695,0,0.0009765999999999941
189,1,-165,-630550.8,8404.285,4.799999999930151,5.3535156
189,2,-150,-630551.7,8403.928,3.900000000023283,4.9960938
189,3,-135,-630552.56,8403.168,3.0399999999208376,4.2363281
189,4,-120,-630553.75,8400.481,1.849999999976717,1.54980468
189,5,-105,-630554.75,8399.815,0.8499999999767169,0.8837890000000002
189,6,-90,-630555.1,8399.928,0.5,0.9960937400000001
189,7,-75,-630555.25,8400.136,0.3499999999767169,1.20410155
189,8,-60,-630555.4,8400.028,0.1999999999534338,1.0966797000000001
189,9,-45,-630555.56,8399.57,0.0399999999208375,0.6386719000000001
189,10,-30,-630555.6,8399.069,0,0.13769530000000008
189,11,-15,-630555.4,8398.932,0.1999999999534338,0
189,12,0,-630554.75,8399.182,0.8499999999767169,0.25
189,13,15,-630555.4,8398.932,0.1999999999534338,0
189,14,30,-630555.6,8399.069,0,0.13769530000000008
189,15,45,-630555.56,8399.57,0.0399999999208375,0.6386719000000001
189,16,60,-630555.4,8400.028,0.1999999999534338,1.0966797000000001
189,17,75,-630555.25,8400.136,0.3499999999767169,1.20410155
189,18,90,-630555.1,8399.928,0.5,0.9960937400000001
189,19,105,-630554.75,8399.815,0.8499999999767169,0.8837890000000002
189,20,120,-630553.75,8400.491,1.849999999976717,1.5595703
189,21,135,-630552.56,8403.168,3.0399999999208376,4.2363281
189,22,150,-630551.7,8403.927,3.900000000023283,4.9951172
189,23,165,-630550.8,8404.288,4.799999999930151,5.3564453
189,24,180,-630550.3,8404.206,5.299999999930151,5.274414
190,1,-165,-479159.16,16992.494,9.14000000001397,12.3515624
190,2,-150,-479163.22,16987.04,5.080000000016298,6.8964844
190,3,-135,-479166,16983.635,2.2999999999883585,3.4921875000000004
190,4,-120,-479167.53,16981.492,0.7699999999604188,1.3496094000000003
190,5,-105,-479168.2,16980.434,0.0999999999767169,0.2910156000000006
190,6,-90,-479168.3,16980.143,0,0
190,7,-75,-479168.16,16980.459,0.1400000000139698,0.3164064
190,8,-60,-479167.44,16981.607,0.8599999999860302,1.4648438000000006
190,9,-45,-479165.75,16983.865,2.5499999999883585,3.7226563000000006
190,10,-30,-479162.84,16987.354,5.459999999962747,7.2109375
190,11,-15,-479158.72,16992.568,9.580000000016298,12.4257814
190,12,0,-479154,16998.748,14.299999999988358,18.6054684
190,13,15,-479158.75,16992.635,9.549999999988358,12.4921874
190,14,30,-479162.84,16987.352,5.459999999962747,7.2089844
190,15,45,-479165.75,16983.88,2.5499999999883585,3.7382813000000006
190,16,60,-479167.44,16981.61,0.8599999999860302,1.4667969000000003
190,17,75,-479168.16,16980.459,0.1400000000139698,0.3164064
190,18,90,-479168.3,16980.143,0,0
190,19,105,-479168.2,16980.432,0.0999999999767169,0.2890624000000006
190,20,120,-479167.53,16981.492,0.7699999999604188,1.3496094000000003
190,21,135,-479166,16983.633,2.2999999999883585,3.4902344000000003
190,22,150,-479163.22,16987.049,5.080000000016298,6.90625
190,23,165,-479159.16,16992.486,9.14000000001397,12.34375
190,24,180,-479154.78,16998.287,13.51999999996042,18.144531399999998
191,1,-165,-316292.6,13484.938,1.1199999999953434,1.1865234999999998
191,2,-150,-316290.47,13486.845,3.25,3.09277346
191,3,-135,-316289.8,13487.197,3.919999999983702,3.4453125
191,4,-120,-316289.88,13487.133,3.839999999967404,3.3808594
191,5,-105,-316289.84,13487.186,3.879999999946449,3.4335937999999997
191,6,-90,-316290.6,13486.758,3.1199999999953434,3.0058594
191,7,-75,-316292.7,13484.847,1.0199999999604188,1.0947265999999998
191,8,-60,-316293.72,13483.754,0,0.0019530999999997078
191,9,-45,-316292.47,13484.98,1.25,1.2285156999999998
191,10,-30,-316290.44,13486.863,3.279999999969732,3.11132815
191,11,-15,-316289.8,13487.199,3.919999999983702,3.4472657
191,12,0,-316289.88,13487.128,3.839999999967404,3.3759765999999996
191,13,15,-316289.8,13487.185,3.919999999983702,3.4326172
191,14,30,-316290.44,13486.865,3.279999999969732,3.1132812999999997
191,15,45,-316292.47,13484.981,1.25,1.2294922
191,16,60,-316293.72,13483.754,0,0.0019530999999997078
191,17,75,-316292.7,13484.845,1.0199999999604188,1.0927734999999998
191,18,90,-316290.6,13486.757,3.1199999999953434,3.0048828399999996
191,19,105,-316289.84,13487.185,3.879999999946449,3.4326172
191,20,120,-316289.88,13487.137,3.839999999967404,3.3847657
191,21,135,-316289.8,13487.197,3.919999999983702,3.4453125
191,22,150,-316290.47,13486.844,3.25,3.0917969
191,23,165,-316292.6,13484.938,1.1199999999953434,1.1865234999999998
191,24,180,-316293.72,13483.752,0,0
192,1,-165,-286489.44,9170.456,5.590000000025611,1.7119141000000004
192,2,-150,-286488.34,9172.256,6.690000000002328,3.5117188000000006
192,3,-135,-286486.4,9175.167,8.630000000004657,6.4228516
192,4,-120,-286483.7,9178.408,11.330000000016298,9.664062600000001
192,5,-105,-286480.1,9179.205,14.930000000051225,10.460937600000001
192,6,-90,-286479.6,9181.689,15.430000000051225,12.945312600000001
192,7,-75,-286483.12,9180.045,11.910000000032596,11.3007813
192,8,-60,-286487.16,9178.104,7.870000000053551,9.359375
192,9,-45,-286490.62,9175.08,4.410000000032596,6.335937540000001
192,10,-30,-286493.12,9172.044,1.9100000000325963,3.2998047000000006
192,11,-15,-286494.5,9170.069,0.5300000000279397,1.3251954000000001
192,12,0,-286495.03,9168.744,0,0
192,13,15,-286494.5,9170.083,0.5300000000279397,1.3388672000000001
192,14,30,-286493.1,9172.051,1.9300000000512227,3.3066406000000006
192,15,45,-286490.66,9175.122,4.370000000053551,6.377929725
192,16,60,-286487.16,9178.05,7.870000000053551,9.305664100000001
192,17,75,-286483.1,9179.909,11.930000000051225,11.165039100000001
192,18,90,-286479.6,9181.643,15.430000000051225,12.898437600000001
192,19,105,-286480.1,9179.226,14.930000000051225,10.4814454
192,20,120,-286483.7,9178.663,11.330000000016298,9.9189454
192,21,135,-286486.4,9175.371,8.630000000004657,6.62695316
192,22,150,-286488.34,9172.248,6.690000000002328,3.5039063000000006
192,23,165,-286489.44,9170.444,5.590000000025611,1.7001954000000001
192,24,180,-286489.72,9169.919,5.310000000055879,1.1748046000000008
193,1,-165,-393411.34,13872.925,0.779999999969732,1.25585939
193,2,-150,-393412.12,13871.933,0,0.26367189999999996
193,3,-135,-393411.9,13871.669,0.2199999999720603,0
193,4,-120,-393410.88,13872.34,1.2399999999906868,0.6708984499999999
193,5,-105,-393409.72,13873.632,2.400000000023283,1.96289064
193,6,-90,-393409.25,13874.36,2.8699999999953434,2.6914062999999997
193,7,-75,-393409.8,13873.638,2.320000000006985,1.96875
193,8,-60,-393411.06,13872.386,1.0599999999976717,0.7167968999999998
193,9,-45,-393412.03,13871.696,0.0899999999674037,0.027343799999999918
193,10,-30,-393412.06,13872.045,0.0599999999976716,0.3759765999999999
193,11,-15,-393411.25,13873.078,0.8699999999953434,1.4091797
193,12,0,-393410.5,13873.573,1.6199999999953434,1.9042968999999998
193,13,15,-393411.25,13873.07,0.8699999999953434,1.4013672
193,14,30,-393412.06,13872.045,0.0599999999976716,0.3759765999999999
193,15,45,-393412.03,13871.696,0.0899999999674037,0.027343799999999918
193,16,60,-393411.06,13872.386,1.0599999999976717,0.7167968999999998
193,17,75,-393409.8,13873.64,2.320000000006985,1.97070314
193,18,90,-393409.25,13874.36,2.8699999999953434,2.6914062999999997
193,19,105,-393409.72,13873.632,2.400000000023283,1.96289064
193,20,120,-393410.88,13872.34,1.2399999999906868,0.6708984499999999
193,21,135,-393411.9,13871.669,0.2199999999720603,0
193,22,150,-393412.12,13871.933,0,0.26367189999999996
193,23,165,-393411.34,13872.925,0.779999999969732,1.25585939
193,24,180,-393410.5,13873.569,1.6199999999953434,1.90039064
194,1,-165,-317116.5,9630.581,0.2800000000279397,0.31054669999999973
194,2,-150,-317115.66,9631.467,1.120000000053551,1.1962888999999994
194,3,-135,-317114.28,9632.7705,2.5,2.4999997999999994
194,4,-120,-317112.66,9634.33,4.120000000053551,4.059570125
194,5,-105,-317111.1,9635.876,5.680000000051223,5.6054686
194,6,-90,-317110.03,9636.748,6.75,6.477538899999999
194,7,-75,-317109.84,9636.514,6.940000000002328,6.243163899999999
194,8,-60,-317110.22,9636.121,6.560000000055879,5.850585799999999
194,9,-45,-317110.53,9635.742,6.25,5.4716795
194,10,-30,-317110.5,9635.371,6.28000000002794,5.10058575
194,11,-15,-317110.12,9635.021,6.660000000032596,4.7509764
194,12,0,-317109.84,9634.763,6.940000000002328,4.492187299999999
194,13,15,-317110.12,9635.021,6.660000000032596,4.7509764
194,14,30,-317110.5,9635.371,6.28000000002794,5.10058575
194,15,45,-317110.53,9635.742,6.25,5.4716795
194,16,60,-317110.22,9636.121,6.560000000055879,5.850585799999999
194,17,75,-317109.84,9636.508,6.940000000002328,6.2373045
194,18,90,-317110.03,9636.748,6.75,6.477538899999999
194,19,105,-317111.1,9635.876,5.680000000051223,5.6054686
194,20,120,-317112.66,9634.328,4.120000000053551,4.057617
194,21,135,-317114.28,9632.772,2.5,2.5019528999999996
194,22,150,-317115.66,9631.467,1.120000000053551,1.1962888999999994
194,23,165,-317116.5,9630.586,0.2800000000279397,0.3154294999999996
194,24,180,-317116.78,9630.2705,0,0
195,1,-165,-361330.44,11758.868,2.559999999997672,2.7128906
195,2,-150,-361331.16,11757.942,1.8400000000256116,1.7871093
195,3,-135,-361331.9,11757.078,1.099999999976717,0.9228515000000002
195,4,-120,-361332.6,11756.3955,0.400000000023283,0.24023430000000012
195,5,-105,-361332.97,11756.24,0.0300000000279396,0.0849609
195,6,-90,-361333,11756.3,0,0.14453120000000008
195,7,-75,-361332.9,11756.156,0.0999999999767169,0.0009765000000001578
195,8,-60,-361332.4,11756.338,0.5999999999767169,0.1826171000000001
195,9,-45,-361331.75,11757.116,1.25,0.9609374500000001
195,10,-30,-361331,11758.029,2,1.8740234
195,11,-15,-361330.38,11758.931,2.6199999999953434,2.7753906
195,12,0,-361330.12,11759.307,2.8800000000046566,3.1513671
195,13,15,-361330.38,11758.935,2.6199999999953434,2.7792968
195,14,30,-361331,11758.031,2,1.8759765000000002
195,15,45,-361331.75,11757.116,1.25,0.9609374500000001
195,16,60,-361332.4,11756.339,0.5999999999767169,0.18359370000000008
195,17,75,-361332.9,11756.155,0.0999999999767169,0
195,18,90,-361333,11756.3,0,0.14453120000000008
195,19,105,-361332.97,11756.237,0.0300000000279396,0.08203120000000008
195,20,120,-361332.6,11756.395,0.400000000023283,0.2392577600000001
195,21,135,-361331.9,11757.079,1.099999999976717,0.92382808
195,22,150,-361331.16,11757.949,1.8400000000256116,1.79394526
195,23,165,-361330.44,11758.869,2.559999999997672,2.7138671
195,24,180,-361330.12,11759.311,2.8800000000046566,3.1552734
196,1,-165,-331738.25,11399.065,0.1300000000046566,0.785156248
196,2,-150,-331738.38,11398.47,0,0.18945312000000003
196,3,-135,-331737.94,11398.332,0.4400000000023283,0.051757810000000015
196,4,-120,-331736.9,11398.91,1.4799999999813735,0.62988281
196,5,-105,-331735.75,11399.906,2.6300000000046566,1.62597656
196,6,-90,-331735.28,11400.362,3.099999999976717,2.08203126
196,7,-75,-331735.72,11399.883,2.6600000000325963,1.60253906
196,8,-60,-331736.78,11398.882,1.599999999976717,0.6015625
196,9,-45,-331737.8,11398.28,0.5800000000162981,0
196,10,-30,-331738.38,11398.407,0,0.12695312000000003
196,11,-15,-331738.25,11399.018,0.1300000000046566,0.737304685
196,12,0,-331738,11399.409,0.3800000000046566,1.12890626
196,13,15,-331738.25,11399.02,0.1300000000046566,0.73925781
196,14,30,-331738.38,11398.406,0,0.12597656000000002
196,15,45,-331737.8,11398.28,0.5800000000162981,0
196,16,60,-331736.78,11398.887,1.599999999976717,0.60644531
196,17,75,-331735.72,11399.881,2.6600000000325963,1.60058596
196,18,90,-331735.28,11400.363,3.099999999976717,2.08300776
196,19,105,-331735.75,11399.906,2.6300000000046566,1.62597656
196,20,120,-331736.9,11398.91,1.4799999999813735,0.62988281
196,21,135,-331737.94,11398.332,0.4400000000023283,0.051757810000000015
196,22,150,-331738.38,11398.47,0,0.18945312000000003
196,23,165,-331738.25,11399.063,0.1300000000046566,0.783203123
196,24,180,-331738,11399.412,0.3800000000046566,1.13183594
197,1,-165,-286491.75,9251.12,0.8699999999953434,1.72851565
197,2,-150,-286492.28,9250.466,0.3399999999674037,1.07421875
197,3,-135,-286492.62,9249.775,0,0.38378905
197,4,-120,-286492.6,9249.508,0.0200000000186264,0.11621095000000004
197,5,-105,-286492.12,9249.65,0.5,0.25878905
197,6,-90,-286491.3,9249.97,1.320000000006985,0.578125
197,7,-75,-286490.94,9249.941,1.679999999993015,0.54980469
197,8,-60,-286492.1,9249.3955,0.5200000000186265,0.00390625
197,9,-45,-286492.62,9249.474,0,0.08203125
197,10,-30,-286492.53,9249.95,0.0899999999674037,0.55859375
197,11,-15,-286492.06,9250.349,0.5599999999976717,0.95703125
197,12,0,-286491.5,9251.31,1.1199999999953434,1.91796875
197,13,15,-286492.06,9250.349,0.5599999999976717,0.95703125
197,14,30,-286492.53,9249.95,0.0899999999674037,0.55859375
197,15,45,-286492.62,9249.482,0,0.09082031000000002
197,16,60,-286492.1,9249.392,0.5200000000186265,0
197,17,75,-286490.94,9249.922,1.679999999993015,0.53027344
197,18,90,-286491.3,9249.969,1.320000000006985,0.57714844
197,19,105,-286492.12,9249.653,0.5,0.26171875
197,20,120,-286492.6,9249.505,0.0200000000186264,0.11328125
197,21,135,-286492.62,9249.775,0,0.38378905
197,22,150,-286492.28,9250.466,0.3399999999674037,1.07421875
197,23,165,-286491.75,9251.121,0.8699999999953434,1.72949215
197,24,180,-286491.5,9251.309,1.1199999999953434,1.91699215
198,1,-165,-510743.7,8019.7817,0.3599999999860301,0.4921875
198,2,-150,-510742.62,8021.082,1.4400000000023283,1.7924804
198,3,-135,-510741.2,8022.726,2.85999999998603,3.4365234
198,4,-120,-510739.66,8024.291,4.400000000023283,5.0014648
198,5,-105,-510738.44,8025.343,5.619999999995343,6.0532226
198,6,-90,-510737.97,8025.538,6.090000000025611,6.2485351
198,7,-75,-510738.28,8025.2896,5.779999999969732,6
198,8,-60,-510739.03,8024.908,5.029999999969732,5.6186523
198,9,-45,-510739.78,8024.3696,4.279999999969732,5.0800781
198,10,-30,-510740.22,8023.654,3.8400000000256114,4.36425778
198,11,-15,-510740.44,8022.8667,3.619999999995344,3.5771484
198,12,0,-510740.47,8022.5054,3.590000000025612,3.2158203
198,13,15,-510740.44,8022.8667,3.619999999995344,3.5771484
198,14,30,-510740.22,8023.654,3.8400000000256114,4.36425778
198,15,45,-510739.78,8024.3696,4.279999999969732,5.0800781
198,16,60,-510739.03,8024.904,5.029999999969732,5.6142578
198,17,75,-510738.28,8025.287,5.779999999969732,5.9975586
198,18,90,-510737.97,8025.538,6.090000000025611,6.2485351
198,19,105,-510738.44,8025.3438,5.619999999995343,6.0541992
198,20,120,-510739.66,8024.291,4.400000000023283,5.0014648
198,21,135,-510741.2,8022.727,2.85999999998603,3.43749997
198,22,150,-510742.62,8021.082,1.4400000000023283,1.7924804
198,23,165,-510743.7,8019.7817,0.3599999999860301,0.4921875
198,24,180,-510744.06,8019.2896,0,0
199,1,-165,-397218.94,15286.622,0,0.2421875
199,2,-150,-397218.78,15287.344,0.1599999999743886,0.9638671000000003
199,3,-135,-397217.88,15288.764,1.0599999999976717,2.38378904
199,4,-120,-397216.34,15290.912,2.599999999976717,4.5322265
199,5,-105,-397214.8,15293.399,4.14000000001397,7.0195312
199,6,-90,-397214.16,15294.745,4.78000000002794,8.365234300000001
199,7,-75,-397214.8,15293.387,4.14000000001397,7.0068359000000004
199,8,-60,-397216.3,15290.816,2.64000000001397,4.4365234000000004
199,9,-45,-397217.84,15288.675,1.099999999976717,2.29492185
199,10,-30,-397218.78,15287.335,0.1599999999743886,0.9550781000000002
199,11,-15,-397218.94,15286.638,0,0.2578125
199,12,0,-397218.8,15286.38,0.1400000000139698,0
199,13,15,-397218.94,15286.638,0,0.2578125
199,14,30,-397218.78,15287.335,0.1599999999743886,0.9550781000000002
199,15,45,-397217.84,15288.675,1.099999999976717,2.29492185
199,16,60,-397216.3,15290.821,2.64000000001397,4.4414062
199,17,75,-397214.8,15293.387,4.14000000001397,7.0068359000000004
199,18,90,-397214.16,15294.743,4.78000000002794,8.3632811
199,19,105,-397214.8,15293.399,4.14000000001397,7.0195312
199,20,120,-397216.34,15290.912,2.599999999976717,4.5322265
199,21,135,-397217.88,15288.764,1.0599999999976717,2.38378904
199,22,150,-397218.78,15287.344,0.1599999999743886,0.9638671000000003
199,23,165,-397218.94,15286.622,0,0.2421875
199,24,180,-397218.8,15286.38,0.1400000000139698,0
200,1,-165,-286944.1,10520.849,0.0599999999976716,0.23730470000000015
200,2,-150,-286943.7,10521.494,0.4599999999627471,0.8828125000000002
200,3,-135,-286942.78,10522.488,1.379999999946449,1.8769531000000002
200,4,-120,-286941.44,10523.655,2.7199999999720603,3.0439453000000003
200,5,-105,-286940.2,10524.667,3.959999999962747,4.055664
200,6,-90,-286939.7,10525.092,4.459999999962747,4.4804687
200,7,-75,-286940.22,10524.678,3.940000000002328,4.0664062
200,8,-60,-286941.47,10523.654,2.6900000000023283,3.0429687000000003
200,9,-45,-286942.78,10522.477,1.379999999946449,1.8652343500000002
200,10,-30,-286943.7,10521.492,0.4599999999627471,0.8808594000000001
200,11,-15,-286944.1,10520.851,0.0599999999976716,0.23925780000000008
200,12,0,-286944.16,10520.611,0,0
200,13,15,-286944.1,10520.851,0.0599999999976716,0.23925780000000008
200,14,30,-286943.7,10521.492,0.4599999999627471,0.8808594000000001
200,15,45,-286942.78,10522.479,1.379999999946449,1.8671874800000001
200,16,60,-286941.47,10523.654,2.6900000000023283,3.0429687000000003
200,17,75,-286940.22,10524.677,3.940000000002328,4.0654296
200,18,90,-286939.7,10525.09,4.459999999962747,4.4785156
200,19,105,-286940.2,10524.67,3.959999999962747,4.0585937
200,20,120,-286941.44,10523.656,2.7199999999720603,3.04492185
200,21,135,-286942.78,10522.488,1.379999999946449,1.8769531000000002
200,22,150,-286943.7,10521.494,0.4599999999627471,0.8828125000000002
200,23,165,-286944.1,10520.849,0.0599999999976716,0.23730470000000015
200,24,180,-286944.16,10520.614,0,0.0029296000000003097
201,1,-165,-309464.6,9674.95,0.3000000000465661,0.3730468
201,2,-150,-309463.7,9675.944,1.2000000000116415,1.3671875
201,3,-135,-309462.25,9677.296,2.650000000023283,2.718749963
201,4,-120,-309460.44,9678.694,4.460000000020955,4.1171875
201,5,-105,-309458.75,9679.728,6.150000000023283,5.1503906
201,6,-90,-309458.03,9680.006,6.869999999995343,5.4287109000000004
201,7,-75,-309458.75,9679.6875,6.150000000023283,5.1103515
201,8,-60,-309460.38,9678.673,4.5200000000186265,4.0957031
201,9,-45,-309462.2,9677.283,2.700000000011641,2.70605465
201,10,-30,-309463.66,9675.936,1.2400000000488944,1.3583984
201,11,-15,-309464.6,9674.944,0.3000000000465661,0.36718740000000016
201,12,0,-309464.9,9674.577,0,0
201,13,15,-309464.6,9674.944,0.3000000000465661,0.36718740000000016
201,14,30,-309463.66,9675.936,1.2400000000488944,1.3583984
201,15,45,-309462.2,9677.284,2.700000000011641,2.707031212
201,16,60,-309460.38,9678.675,4.5200000000186265,4.0976562
201,17,75,-309458.75,9679.687,6.150000000023283,5.109375
201,18,90,-309458.03,9680.012,6.869999999995343,5.4345703
201,19,105,-309458.75,9679.728,6.150000000023283,5.1503906
201,20,120,-309460.44,9678.694,4.460000000020955,4.1171875
201,21,135,-309462.25,9677.296,2.650000000023283,2.718749963
201,22,150,-309463.7,9675.944,1.2000000000116415,1.3671875
201,23,165,-309464.6,9674.95,0.3000000000465661,0.3730468
201,24,180,-309464.9,9674.577,0,0
202,1,-165,-330987,10222.512,0.0999999999767169,0.5
202,2,-150,-330987.1,10223.62,0,1.6083983999999998
202,3,-135,-330986.88,10224.814,0.2199999999720603,2.802734325
202,4,-120,-330986.22,10225.909,0.8800000000046566,3.8974608999999996
202,5,-105,-330985.5,10226.774,1.599999999976717,4.7626952
202,6,-90,-330985.2,10227.123,1.8999999999650756,5.1113281
202,7,-75,-330985.5,10226.776,1.599999999976717,4.7646484000000004
202,8,-60,-330986.22,10225.919,0.8800000000046566,3.9072265
202,9,-45,-330986.88,10224.829,0.2199999999720603,2.8173827599999997
202,10,-30,-330987.1,10223.629,0,1.6171874
202,11,-15,-330987,10222.508,0.0999999999767169,0.49609369999999986
202,12,0,-330986.94,10222.012,0.1599999999743886,0
202,13,15,-330987,10222.508,0.0999999999767169,0.49609369999999986
202,14,30,-330987.1,10223.629,0,1.6171874
202,15,45,-330986.88,10224.829,0.2199999999720603,2.8173827599999997
202,16,60,-330986.22,10225.919,0.8800000000046566,3.9072265
202,17,75,-330985.5,10226.776,1.599999999976717,4.7646484000000004
202,18,90,-330985.2,10227.124,1.8999999999650756,5.1123046
202,19,105,-330985.5,10226.774,1.599999999976717,4.7626952
202,20,120,-330986.22,10225.912,0.8800000000046566,3.9003905999999997
202,21,135,-330986.88,10224.814,0.2199999999720603,2.802734325
202,22,150,-330987.1,10223.628,0,1.6162108999999998
202,23,165,-330987,10222.509,0.0999999999767169,0.4970702
202,24,180,-330986.94,10222.013,0.1599999999743886,0.0009764999999997137
203,1,-165,-432985.62,18080,14.130000000004657,8.6953124
203,2,-150,-432986.66,18080.1,13.090000000025611,8.794921800000001
203,3,-135,-432989.6,18077.955,10.150000000023285,6.6503906
203,4,-120,-432992.1,18076.223,7.650000000023283,4.9179687
203,5,-105,-432993.8,18075.48,5.9500000000116415,4.1757812
203,6,-90,-432993.38,18075.248,6.369999999995343,3.9433593000000005
203,7,-75,-432994.25,18074.666,5.5,3.3613281000000006
203,8,-60,-432995.34,18074.186,4.409999999974389,2.8808593
203,9,-45,-432996.75,18073.238,3,1.9335937000000003
203,10,-30,-432998.4,18072.13,1.349999999976717,0.8261718000000005
203,11,-15,-432999.06,18071.316,0.6900000000023283,0.011718700000000304
203,12,0,-432999.75,18071.305,0,0
203,13,15,-432997.72,18072.908,2.03000000002794,1.6035156000000002
203,14,30,-432994.94,18075.41,4.809999999997672,4.1054687
203,15,45,-432992.06,18077.924,7.690000000002328,6.6191406
203,16,60,-432990.4,18078.96,9.349999999976715,7.65625
203,17,75,-432992.4,18075.451,7.349999999976717,4.14648432
203,18,90,-432993.72,18073.658,6.03000000002794,2.3535156
203,19,105,-432994.44,18073.006,5.309999999997672,1.7011718000000005
203,20,120,-432994.06,18073.39,5.690000000002328,2.0859374
203,21,135,-432992.34,18075.25,7.409999999974389,3.9453124500000003
203,22,150,-432989.6,18077.838,10.150000000023285,6.5332031
203,23,165,-432986.4,18081,13.349999999976715,9.6953124
203,24,180,-432985.5,18082.012,14.25,10.7070312
204,1,-165,-321680.44,11641.194,0.1599999999743886,0.15722650000000016
204,2,-150,-321679.84,11641.717,0.7599999999511056,0.6796875
204,3,-135,-321678.62,11642.583,1.979999999981373,1.5458984
204,4,-120,-321676.9,11643.787,3.699999999953434,2.75
204,5,-105,-321675,11645.267,5.599999999976717,4.2294922
204,6,-90,-321673.53,11646.314,7.069999999948777,5.277343699999999
204,7,-75,-321673.16,11645.863,7.440000000002328,4.8261719
204,8,-60,-321673.47,11645.138,7.130000000004657,4.10058594
204,9,-45,-321673.66,11644.797,6.940000000002328,3.7597656
204,10,-30,-321673.22,11644.88,7.380000000004657,3.84277344
204,11,-15,-321672.06,11645.427,8.539999999979045,4.3896484000000004
204,12,0,-321671.16,11645.835,9.440000000002328,4.7978515999999996
204,13,15,-321672.06,11645.427,8.539999999979045,4.3896484000000004
204,14,30,-321673.22,11644.88,7.380000000004657,3.84277344
204,15,45,-321673.66,11644.797,6.940000000002328,3.7597656
204,16,60,-321673.47,11645.141,7.130000000004657,4.1035156
204,17,75,-321673.16,11645.86,7.440000000002328,4.8232422
204,18,90,-321673.53,11646.314,7.069999999948777,5.277343699999999
204,19,105,-321675,11645.265,5.599999999976717,4.2275390999999996
204,20,120,-321676.9,11643.785,3.699999999953434,2.74804688
204,21,135,-321678.62,11642.584,1.979999999981373,1.546875
204,22,150,-321679.84,11641.717,0.7599999999511056,0.6796875
204,23,165,-321680.44,11641.195,0.1599999999743886,0.15820310000000015
204,24,180,-321680.6,11641.037,0,0
205,1,-165,-487630.12,7752.5444,0,0.17431639999999993
205,2,-150,-487629.8,7753.4727,0.3200000000069849,1.1025391000000002
205,3,-135,-487628.94,7755.4204,1.179999999993015,3.05029298
205,4,-120,-487627.75,7757.242,2.3699999999953434,4.8720703
205,5,-105,-487626.72,7758.6504,3.400000000023283,6.2802735
205,6,-90,-487626.22,7758.7764,3.900000000023283,6.40625
205,7,-75,-487626.53,7758.624,3.589999999967404,6.253906300000001
205,8,-60,-487627.5,7756.9023,2.6199999999953434,4.5322266
205,9,-45,-487628.72,7754.5024,1.400000000023283,2.13232423
205,10,-30,-487629.53,7753.1,0.5899999999674037,0.7299805000000004
205,11,-15,-487629.84,7752.378,0.279999999969732,0.0078125
205,12,0,-487629.75,7752.7466,0.3699999999953434,0.3764649000000002
205,13,15,-487629.84,7752.37,0.279999999969732,0
205,14,30,-487629.53,7753.0967,0.5899999999674037,0.7265625
205,15,45,-487628.7,7754.766,1.419999999983702,2.3959961
205,16,60,-487627.53,7756.714,2.589999999967404,4.34375
205,17,75,-487626.53,7758.64,3.589999999967404,6.2700195
205,18,90,-487626.22,7758.802,3.900000000023283,6.4316407
205,19,105,-487626.72,7758.6504,3.400000000023283,6.2802735
205,20,120,-487627.75,7757.2666,2.3699999999953434,4.8964844
205,21,135,-487628.94,7755.4746,1.179999999993015,3.1044922
205,22,150,-487629.8,7753.4756,0.3200000000069849,1.1054688000000001
205,23,165,-487630.12,7752.5454,0,0.17529300000000037
205,24,180,-487630,7752.7925,0.1199999999953433,0.4223633000000002
206,1,-165,-459901.6,10344.3955,3.1000000000349246,3.8466797
206,2,-150,-459903.03,10342.608,1.669999999983702,2.05957031
206,3,-135,-459904.22,10341.173,0.4800000000395812,0.6240234
206,4,-120,-459904.7,10340.55,0,0.0009765999999999941
206,5,-105,-459904.3,10341.059,0.400000000023283,0.5097655999999999
206,6,-90,-459903.2,10342.422,1.5,1.87304688
206,7,-75,-459901.78,10344.236,2.919999999983702,3.6875
206,8,-60,-459900.88,10345.409,3.820000000006985,4.8603515999999996
206,9,-45,-459901.5,10344.462,3.200000000011641,3.9130859
206,10,-30,-459903,10342.603,1.7000000000116415,2.05371094
206,11,-15,-459904.25,10341.139,0.4500000000116415,0.5898437999999999
206,12,0,-459904.7,10340.549,0,0
206,13,15,-459904.25,10341.139,0.4500000000116415,0.5898437999999999
206,14,30,-459903,10342.602,1.7000000000116415,2.05273438
206,15,45,-459901.5,10344.462,3.200000000011641,3.9130859
206,16,60,-459900.88,10345.41,3.820000000006985,4.8613281
206,17,75,-459901.78,10344.236,2.919999999983702,3.6875
206,18,90,-459903.2,10342.422,1.5,1.87304688
206,19,105,-459904.3,10341.058,0.400000000023283,0.5087891
206,20,120,-459904.7,10340.55,0,0.0009765999999999941
206,21,135,-459904.22,10341.173,0.4800000000395812,0.6240234
206,22,150,-459903.03,10342.609,1.669999999983702,2.06054688
206,23,165,-459901.6,10344.397,3.1000000000349246,3.8486328
206,24,180,-459900.88,10345.404,3.820000000006985,4.855468800000001
207,1,-165,-427540.8,14077.528,6.5,3.9589844
207,2,-150,-427542.4,14075.986,4.899999999965075,2.4169922
207,3,-135,-427543.16,14075.363,4.14000000001397,1.79394535
207,4,-120,-427543.38,14075.517,3.919999999983702,1.94726566
207,5,-105,-427543.4,14075.953,3.8999999999650754,2.3837891
207,6,-90,-427543.9,14076.117,3.3999999999650754,2.5478516
207,7,-75,-427545.06,14075.421,2.2399999999906868,1.851562538
207,8,-60,-427546.5,14074.428,0.7999999999883585,0.8583985
207,9,-45,-427547.3,14073.629,0,0.059570300000000076
207,10,-30,-427547.22,14073.569,0.0800000000162981,0
207,11,-15,-427546.47,14074.073,0.8300000000162981,0.5039062999999999
207,12,0,-427545.84,14074.3545,1.459999999962747,0.7851562999999999
207,13,15,-427546.47,14074.091,0.8300000000162981,0.5214844000000001
207,14,30,-427547.22,14073.572,0.0800000000162981,0.002929699999999924
207,15,45,-427547.3,14073.628,0,0.05859379999999992
207,16,60,-427546.5,14074.415,0.7999999999883585,0.84570316
207,17,75,-427545.06,14075.437,2.2399999999906868,1.867187538
207,18,90,-427543.9,14076.114,3.3999999999650754,2.5449219
207,19,105,-427543.44,14075.941,3.85999999998603,2.37207035
207,20,120,-427543.34,14075.54,3.959999999962747,1.97070316
207,21,135,-427543.16,14075.413,4.14000000001397,1.843750038
207,22,150,-427542.4,14075.985,4.899999999965075,2.4160156600000002
207,23,165,-427540.8,14077.528,6.5,3.9589844
207,24,180,-427538.66,14079.8,8.64000000001397,6.230468800000001
208,1,-165,-501513.16,19159.148,0.5,0.48046875
208,2,-150,-501513.66,19158.836,0,0.16796875
208,3,-135,-501513.6,19158.777,0.0599999999976716,0.109375
208,4,-120,-501513.06,19159.006,0.5999999999767169,0.33789062999999997
208,5,-105,-501512.28,19159.297,1.379999999946449,0.62890625
208,6,-90,-501511.56,19159.545,2.099999999976717,0.87695313
208,7,-75,-501511.72,19160.041,1.9400000000023283,1.3730468500000002
208,8,-60,-501512.47,19159.752,1.1900000000023283,1.0839843500000002
208,9,-45,-501513.16,19159.021,0.5,0.35351562999999997
208,10,-30,-501513.28,19158.672,0.3799999999464489,0.00390625
208,11,-15,-501512.88,19158.74,0.779999999969732,0.07226563000000003
208,12,0,-501512.3,19158.879,1.3599999999860302,0.2109375
208,13,15,-501512.88,19158.734,0.779999999969732,0.06640625
208,14,30,-501513.28,19158.668,0.3799999999464489,0
208,15,45,-501513.16,19159.025,0.5,0.35742187000000003
208,16,60,-501512.47,19159.752,1.1900000000023283,1.0839843500000002
208,17,75,-501511.75,19160.027,1.9099999999743889,1.359375
208,18,90,-501511.56,19159.541,2.099999999976717,0.87304687
208,19,105,-501512.28,19159.275,1.379999999946449,0.607421875
208,20,120,-501513,19159.006,0.6599999999743886,0.33789062999999997
208,21,135,-501513.6,19158.781,0.0599999999976716,0.11328125
208,22,150,-501513.66,19158.844,0,0.17578125
208,23,165,-501513.16,19159.15,0.5,0.482421875
208,24,180,-501512.53,19159.24,1.129999999946449,0.572265625
209,1,-165,-123338.24,6125.2593,1.75,1.7880859
209,2,-150,-123339.04,6124.5527,0.9500000000116416,1.08154295
209,3,-135,-123339.73,6123.794,0.2600000000093132,0.32275390000000004
209,4,-120,-123339.99,6123.471,0,0
209,5,-105,-123339.76,6123.798,0.2300000000104773,0.32666014
209,6,-90,-123339.09,6124.531,0.9000000000087311,1.0595703
209,7,-75,-123338.25,6125.1865,1.7400000000052387,1.715332
209,8,-60,-123337.68,6125.479,2.310000000012224,2.0078125
209,9,-45,-123337.75,6125.4644,2.2400000000052387,1.99316404
209,10,-30,-123338.4,6125.0806,1.5900000000110597,1.6093749800000001
209,11,-15,-123339.13,6124.454,0.8600000000005821,0.98291014
209,12,0,-123339.43,6124.1387,0.5600000000122236,0.66748045
209,13,15,-123339.13,6124.454,0.8600000000005821,0.98291014
209,14,30,-123338.4,6125.08,1.5900000000110597,1.6088867
209,15,45,-123337.75,6125.464,2.2400000000052387,1.99267576
209,16,60,-123337.68,6125.479,2.310000000012224,2.0078125
209,17,75,-123338.25,6125.1865,1.7400000000052387,1.715332
209,18,90,-123339.09,6124.5317,0.9000000000087311,1.06054686
209,19,105,-123339.76,6123.798,0.2300000000104773,0.32666014
209,20,120,-123339.99,6123.471,0,0
209,21,135,-123339.73,6123.794,0.2600000000093132,0.32275390000000004
209,22,150,-123339.04,6124.5522,0.9500000000116416,1.08105467
209,23,165,-123338.24,6125.259,1.75,1.78759764
209,24,180,-123337.87,6125.522,2.1200000000098957,2.05078123
210,1,-165,-445178.12,17112.215,0.5399999999790452,0.6269530999999997
210,2,-150,-445176.44,17114.598,2.2199999999720603,3.0097655999999997
210,3,-135,-445174.16,17117.514,4.5,5.925781199999999
210,4,-120,-445171.2,17120.432,7.459999999962747,8.84375
210,5,-105,-445168.9,17123.803,9.759999999951106,12.2148436
210,6,-90,-445171.56,17120.678,7.099999999976717,9.0898436
210,7,-75,-445174.5,17117.426,4.159999999974389,5.8378906
210,8,-60,-445176.72,17114.594,1.9400000000023283,3.0058593999999994
210,9,-45,-445177.9,17112.727,0.7599999999511056,1.1386717999999996
210,10,-30,-445178.25,17112.059,0.4099999999743886,0.4707030999999997
210,11,-15,-445177.94,17112.34,0.7199999999720603,0.7519530999999997
210,12,0,-445177.1,17113.229,1.5599999999976717,1.6406249999999996
210,13,15,-445177.94,17112.346,0.7199999999720603,0.7578124999999996
210,14,30,-445178.25,17112.06,0.4099999999743886,0.47265619999999986
210,15,45,-445177.9,17112.73,0.7599999999511056,1.1425780999999997
210,16,60,-445176.72,17114.596,1.9400000000023283,3.0078125
210,17,75,-445174.5,17117.418,4.159999999974389,5.8300781
210,18,90,-445171.56,17120.674,7.099999999976717,9.0859376
210,19,105,-445168.84,17123.828,9.819999999948775,12.240234399999999
210,20,120,-445171.2,17120.432,7.459999999962747,8.84375
210,21,135,-445174.16,17117.514,4.5,5.925781199999999
210,22,150,-445176.38,17114.035,2.279999999969732,2.4472655999999997
210,23,165,-445178.12,17112.22,0.5399999999790452,0.6328124999999996
210,24,180,-445178.66,17111.588,0,0
211,1,-165,-393433.38,14213.831,0.5200000000186265,0.5078125999999998
211,2,-150,-393431.9,14215.2,2,1.8769531999999998
211,3,-135,-393429.66,14217.073,4.240000000048894,3.7500000599999996
211,4,-120,-393427,14218.991,6.900000000023283,5.6679688
211,5,-105,-393424.6,14220.614,9.300000000046566,7.2910157
211,6,-90,-393423.47,14221.397,10.430000000051225,8.074219
211,7,-75,-393424.5,14220.59,9.400000000023285,7.2666015999999996
211,8,-60,-393426.9,14218.983,7,5.6601563
211,9,-45,-393429.66,14217.069,4.240000000048894,3.7460938099999996
211,10,-30,-393431.94,14215.171,1.9600000000209548,1.8476562999999997
211,11,-15,-393433.4,14213.821,0.5,0.4980469999999997
211,12,0,-393433.9,14213.323,0,0
211,13,15,-393433.4,14213.821,0.5,0.4980469999999997
211,14,30,-393431.94,14215.171,1.9600000000209548,1.8476562999999997
211,15,45,-393429.66,14217.066,4.240000000048894,3.743164125
211,16,60,-393426.9,14219.005,7,5.6816407
211,17,75,-393424.5,14220.601,9.400000000023285,7.2773438
211,18,90,-393423.47,14221.397,10.430000000051225,8.074219
211,19,105,-393424.6,14220.614,9.300000000046566,7.2910157
211,20,120,-393427,14218.994,6.900000000023283,5.6708985
211,21,135,-393429.66,14217.068,4.240000000048894,3.74511725
211,22,150,-393431.9,14215.203,2,1.8798829
211,23,165,-393433.38,14213.831,0.5200000000186265,0.5078125999999998
211,24,180,-393433.9,14213.324,0,0.0009765999999999941
212,1,-165,-354260.7,10306.184,0.2399999999906867,0.34179690000000007
212,2,-150,-354259.97,10306.953,0.970000000030268,1.1113281000000002
212,3,-135,-354258.84,10307.762,2.099999999976717,1.91992186
212,4,-120,-354257.56,10308.475,3.3800000000046566,2.6328125
212,5,-105,-354256.56,10309.062,4.380000000004657,3.2197266
212,6,-90,-354256.25,10309.274,4.690000000002328,3.4326172
212,7,-75,-354256.88,10308.969,4.059999999997672,3.1269531
212,8,-60,-354258,10308.328,2.9400000000023283,2.4863281
212,9,-45,-354259.16,10307.612,1.7800000000279397,1.7705078
212,10,-30,-354259.94,10306.873,1,1.03125
212,11,-15,-354260.28,10306.178,0.6599999999743886,0.3359375
212,12,0,-354260.38,10305.87,0.5599999999976717,0.028320300000000076
212,13,15,-354260.28,10306.178,0.6599999999743886,0.3359375
212,14,30,-354259.94,10306.876,1,1.0341797000000001
212,15,45,-354259.16,10307.611,1.7800000000279397,1.7695312380000001
212,16,60,-354258,10308.331,2.9400000000023283,2.4892578
212,17,75,-354256.88,10308.969,4.059999999997672,3.1269531
212,18,90,-354256.25,10309.271,4.690000000002328,3.4296875
212,19,105,-354256.56,10309.062,4.380000000004657,3.2197266
212,20,120,-354257.56,10308.475,3.3800000000046566,2.6328125
212,21,135,-354258.84,10307.7705,2.099999999976717,1.92871092
212,22,150,-354259.97,10306.957,0.970000000030268,1.11523436
212,23,165,-354260.7,10306.185,0.2399999999906867,0.3427734
212,24,180,-354260.94,10305.842,0,0
213,1,-165,-575341.3,10565.079,0.1999999999534338,1.293945288
213,2,-150,-575341.5,10564.244,0,0.45898434999999993
213,3,-135,-575341.2,10563.785,0.3000000000465661,0
213,4,-120,-575340.4,10563.818,1.099999999976717,0.03320309999999993
213,5,-105,-575339.56,10564.261,1.9399999999441209,0.4755858999999999
213,6,-90,-575339.06,10565.15,2.4399999999441206,1.36523435
213,7,-75,-575339.4,10566.019,2.099999999976717,2.2333984
213,8,-60,-575340.06,10565.504,1.4399999999441206,1.71874998
213,9,-45,-575340.56,10564.875,0.9399999999441206,1.08984372
213,10,-30,-575340.4,10565.172,1.099999999976717,1.38671872
213,11,-15,-575339.5,10566.238,2,2.453125
213,12,0,-575338.6,10566.809,2.900000000023283,3.0234375
213,13,15,-575339.5,10566.237,2,2.4521484
213,14,30,-575340.4,10565.169,1.099999999976717,1.38378904
213,15,45,-575340.56,10564.878,0.9399999999441206,1.09277341
213,16,60,-575340.06,10565.503,1.4399999999441206,1.7177734
213,17,75,-575339.4,10566.02,2.099999999976717,2.234375
213,18,90,-575339.06,10565.149,2.4399999999441206,1.36425779
213,19,105,-575339.56,10564.26,1.9399999999441209,0.47460934999999993
213,20,120,-575340.4,10563.817,1.099999999976717,0.032226499999999936
213,21,135,-575341.2,10563.786,0.3000000000465661,0.0009764999999999358
213,22,150,-575341.5,10564.244,0,0.45898434999999993
213,23,165,-575341.3,10565.078,0.1999999999534338,1.292968725
213,24,180,-575341,10565.578,0.5,1.7929686999999999
214,1,-165,-395954.22,13592.145,0.3100000000558793,0.31542970000000015
214,2,-150,-395953.38,13592.977,1.150000000023283,1.1474609
214,3,-135,-395952.4,13593.904,2.1300000000046566,2.0751953
214,4,-120,-395952.1,13594.649,2.4300000000512227,2.8203125
214,5,-105,-395952.3,13594.602,2.230000000039581,2.7724609
214,6,-90,-395952.3,13594.069,2.230000000039581,2.2402343
214,7,-75,-395951.88,13593.903,2.650000000023283,2.0742187000000003
214,8,-60,-395950.97,13594.762,3.56000000005588,2.9326171600000004
214,9,-45,-395950.22,13596.852,4.310000000055879,5.0224609000000004
214,10,-30,-395949.56,13598.294,4.970000000030268,6.4648437
214,11,-15,-395948.8,13599.555,5.730000000039581,7.725586100000001
214,12,0,-395948.66,13600.954,5.870000000053551,9.1250001
214,13,15,-395948.8,13599.552,5.730000000039581,7.7226561
214,14,30,-395949.56,13598.294,4.970000000030268,6.4648437
214,15,45,-395950.22,13596.852,4.310000000055879,5.0224609000000004
214,16,60,-395950.97,13594.762,3.56000000005588,2.9326171600000004
214,17,75,-395951.88,13593.903,2.650000000023283,2.0742187000000003
214,18,90,-395952.3,13594.069,2.230000000039581,2.2402343
214,19,105,-395952.3,13594.602,2.230000000039581,2.7724609
214,20,120,-395952.1,13594.648,2.4300000000512227,2.8193359
214,21,135,-395952.4,13593.904,2.1300000000046566,2.0751953
214,22,150,-395953.38,13592.971,1.150000000023283,1.1416015000000002
214,23,165,-395954.22,13592.144,0.3100000000558793,0.31445310000000015
214,24,180,-395954.53,13591.829,0,0
215,1,-165,-355674.56,12248.257,0.3200000000069849,0.33691400000000016
215,2,-150,-355673.66,12249.124,1.220000000030268,1.2041016
215,3,-135,-355672.12,12250.531,2.760000000009313,2.6113280999999997
215,4,-120,-355669.94,12252.586,4.940000000002328,4.66601562
215,5,-105,-355667.28,12254.565,7.599999999976717,6.6455078
215,6,-90,-355665.25,12257.359,9.630000000004657,9.439453
215,7,-75,-355667.1,12257.055,7.78000000002794,9.1347656
215,8,-60,-355669.9,12254.707,4.9799999999813735,6.7871094
215,9,-45,-355672.16,12252.319,2.720000000030268,4.39941406
215,10,-30,-355673.72,12250.579,1.1600000000325963,2.6591797
215,11,-15,-355674.6,12249.603,0.2800000000279397,1.6826172000000001
215,12,0,-355674.88,12249.257,0,1.3369140000000002
215,13,15,-355674.6,12249.603,0.2800000000279397,1.6826172000000001
215,14,30,-355673.72,12250.579,1.1600000000325963,2.6591797
215,15,45,-355672.16,12252.319,2.720000000030268,4.39941406
215,16,60,-355669.9,12254.694,4.9799999999813735,6.774414
215,17,75,-355667.1,12257.056,7.78000000002794,9.135742
215,18,90,-355665.25,12257.358,9.630000000004657,9.438476600000001
215,19,105,-355667.28,12254.565,7.599999999976717,6.6455078
215,20,120,-355669.94,12252.594,4.940000000002328,4.67382812
215,21,135,-355672.12,12250.533,2.760000000009313,2.6132812000000003
215,22,150,-355673.66,12249.125,1.220000000030268,1.2050781000000002
215,23,165,-355674.56,12248.257,0.3200000000069849,0.33691400000000016
215,24,180,-355674.84,12247.92,0.0399999999790452,0
216,1,-165,-522211.88,8820.03,5.919999999983702,5.04199222
216,2,-150,-522211.8,8820.517,6,5.52832035
216,3,-135,-522211.4,8821.065,6.399999999965075,6.077148500000001
216,4,-120,-522210.66,8821.439,7.14000000001397,6.4511719
216,5,-105,-522210,8821.505,7.7999999999883585,6.5166016
216,6,-90,-522210,8821.6045,7.7999999999883585,6.616211000000001
216,7,-75,-522211,8821.55,6.799999999988359,6.561523500000001
216,8,-60,-522212.8,8820.402,5,5.414062540000001
216,9,-45,-522214.75,8818.454,3.0499999999883585,3.4658204
216,10,-30,-522216.38,8816.589,1.419999999983702,1.6005860000000003
216,11,-15,-522217.44,8815.376,0.3599999999860301,0.38769540000000013
216,12,0,-522217.8,8814.988,0,0
216,13,15,-522217.44,8815.378,0.3599999999860301,0.3896486000000001
216,14,30,-522216.38,8816.589,1.419999999983702,1.6005860000000003
216,15,45,-522214.75,8818.454,3.0499999999883585,3.4658204
216,16,60,-522212.8,8820.403,5,5.4150391
216,17,75,-522211,8821.56,6.799999999988359,6.5712891
216,18,90,-522210,8821.595,7.7999999999883585,6.6064454
216,19,105,-522210,8821.505,7.7999999999883585,6.5166016
216,20,120,-522210.66,8821.439,7.14000000001397,6.4511719
216,21,135,-522211.4,8821.065,6.399999999965075,6.077148500000001
216,22,150,-522211.8,8820.517,6,5.52832035
216,23,165,-522211.88,8820.03,5.919999999983702,5.04199222
216,24,180,-522211.84,8819.796,5.959999999962747,4.80761722
217,1,-165,-334131.12,11078.34,0.3200000000069849,0.27734369999999986
217,2,-150,-334130.2,11079.108,1.2399999999906868,1.0458984
217,3,-135,-334128.72,11080.141,2.720000000030268,2.078125
217,4,-120,-334126.94,11081.124,4.5,3.06152344
217,5,-105,-334125.28,11081.766,6.159999999974389,3.703125
217,6,-90,-334124.34,11082.118,7.099999999976717,4.0556640999999996
217,7,-75,-334124.3,11082.3955,7.14000000001397,4.3330078
217,8,-60,-334124.94,11082.386,6.5,4.3232422
217,9,-45,-334125.7,11082.036,5.739999999990687,3.9736328
217,10,-30,-334126.16,11081.569,5.28000000002794,3.50683594
217,11,-15,-334126.25,11081.194,5.190000000002328,3.13183594
217,12,0,-334126.22,11081.041,5.220000000030268,2.978515625
217,13,15,-334126.25,11081.194,5.190000000002328,3.13183594
217,14,30,-334126.16,11081.569,5.28000000002794,3.50683594
217,15,45,-334125.7,11082.036,5.739999999990687,3.9736328
217,16,60,-334124.94,11082.386,6.5,4.3232422
217,17,75,-334124.3,11082.3955,7.14000000001397,4.3330078
217,18,90,-334124.34,11082.118,7.099999999976717,4.0556640999999996
217,19,105,-334125.28,11081.761,6.159999999974389,3.6982422
217,20,120,-334126.94,11081.124,4.5,3.06152344
217,21,135,-334128.72,11080.139,2.720000000030268,2.0761719
217,22,150,-334130.2,11079.107,1.2399999999906868,1.0449219
217,23,165,-334131.12,11078.34,0.3200000000069849,0.27734369999999986
217,24,180,-334131.44,11078.0625,0,0
218,1,-165,-440597.47,14808.838,1.5600000000558794,1.6699219399999998
218,2,-150,-440597.22,14809.3545,1.8100000000558796,2.1865235
218,3,-135,-440596.62,14809.934,2.4100000000325963,2.7656250599999996
218,4,-120,-440596,14810.392,3.03000000002794,3.2236329
218,5,-105,-440595.75,14810.833,3.28000000002794,3.6650390999999996
218,6,-90,-440595.94,14811.081,3.090000000025612,3.913086
218,7,-75,-440596.03,14810.465,3,3.2968751
218,8,-60,-440597.28,14809.162,1.75,1.9941406899999998
218,9,-45,-440598.25,14808.171,0.7800000000279397,1.0029297999999998
218,10,-30,-440598.84,14807.54,0.1900000000023283,0.3720703999999999
218,11,-15,-440599.03,14807.185,0,0.016601599999999994
218,12,0,-440599,14807.261,0.0300000000279396,0.09277349999999984
218,13,15,-440599.03,14807.168,0,0
218,14,30,-440598.84,14807.545,0.1900000000023283,0.37695319999999977
218,15,45,-440598.25,14808.157,0.7800000000279397,0.9892578999999999
218,16,60,-440597.28,14809.161,1.75,1.9931641249999998
218,17,75,-440596.03,14810.459,3,3.2910157
218,18,90,-440595.94,14811.076,3.090000000025612,3.9082032
218,19,105,-440595.75,14810.836,3.28000000002794,3.6679687999999997
218,20,120,-440596,14810.385,3.03000000002794,3.2167969
218,21,135,-440596.62,14809.932,2.4100000000325963,2.76367194
218,22,150,-440597.22,14809.351,1.8100000000558796,2.18261725
218,23,165,-440597.47,14808.841,1.5600000000558794,1.6728516199999999
218,24,180,-440597.34,14808.954,1.6900000000023283,1.7861328799999998
219,1,-165,-321672.03,11632.277,1.849999999976717,1.2587890499999999
219,2,-150,-321673.28,11631.429,0.5999999999767169,0.41015623999999995
219,3,-135,-321673.88,11631.0205,0,0.00195309999999993
219,4,-120,-321673.75,11631.293,0.1300000000046566,0.27441404999999996
219,5,-105,-321673.16,11632.086,0.720000000030268,1.0673827999999999
219,6,-90,-321672.7,11632.693,1.179999999993015,1.6748047
219,7,-75,-321672.72,11632.47,1.1600000000325963,1.45117186
219,8,-60,-321673.25,11631.856,0.6300000000046566,0.8378906119999999
219,9,-45,-321673.8,11631.384,0.0800000000162981,0.36523436
219,10,-30,-321673.8,11631.451,0.0800000000162981,0.43261718
219,11,-15,-321673.03,11632.162,0.8499999999767169,1.14355468
219,12,0,-321672.2,11632.738,1.679999999993015,1.7197265499999999
219,13,15,-321673.03,11632.165,0.8499999999767169,1.14648436
219,14,30,-321673.8,11631.455,0.0800000000162981,0.43652341999999994
219,15,45,-321673.8,11631.382,0.0800000000162981,0.36328123999999995
219,16,60,-321673.25,11631.856,0.6300000000046566,0.8378906119999999
219,17,75,-321672.72,11632.47,1.1600000000325963,1.45117186
219,18,90,-321672.7,11632.695,1.179999999993015,1.6767577999999999
219,19,105,-321673.16,11632.085,0.720000000030268,1.06640624
219,20,120,-321673.75,11631.296,0.1300000000046566,0.27734373999999995
219,21,135,-321673.88,11631.019,0,0
219,22,150,-321673.28,11631.425,0.5999999999767169,0.40624999999999994
219,23,165,-321672.03,11632.279,1.849999999976717,1.26074218
219,24,180,-321671.25,11632.775,2.6300000000046566,1.7568359
220,1,-165,-355026.88,11618.742,0,0
220,2,-150,-355026.47,11619.549,0.4100000000325963,0.8066407000000002
220,3,-135,-355025.7,11620.365,1.179999999993015,1.6230469000000003
220,4,-120,-355024.56,11621.141,2.320000000006985,2.39843755
220,5,-105,-355023.3,11621.872,3.580000000016298,3.1298828600000004
220,6,-90,-355022.3,11622.258,4.580000000016298,3.515625
220,7,-75,-355022.03,11621.703,4.849999999976717,2.96093755
220,8,-60,-355022.38,11621.063,4.5,2.32128911
220,9,-45,-355022.34,11621.156,4.539999999979045,2.41406255
220,10,-30,-355021.62,11622.08,5.260000000009313,3.3378907
220,11,-15,-355020.22,11623.251,6.660000000032596,4.5087890999999996
220,12,0,-355018.88,11623.307,8,4.5644532
220,13,15,-355020.22,11623.251,6.660000000032596,4.5087890999999996
220,14,30,-355021.62,11622.081,5.260000000009313,3.33886724
220,15,45,-355022.34,11621.155,4.539999999979045,2.4130859900000003
220,16,60,-355022.38,11621.063,4.5,2.32128911
220,17,75,-355022.03,11621.71,4.849999999976717,2.9677735000000003
220,18,90,-355022.3,11622.258,4.580000000016298,3.515625
220,19,105,-355023.3,11621.881,3.580000000016298,3.1386719000000003
220,20,120,-355024.56,11621.138,2.320000000006985,2.39550786
220,21,135,-355025.7,11620.365,1.179999999993015,1.6230469000000003
220,22,150,-355026.47,11619.554,0.4100000000325963,0.8115235000000001
220,23,165,-355026.88,11618.742,0,0
220,24,180,-355026.44,11620.028,0.4400000000023283,1.2861329000000001
221,1,-165,-358192.84,12557.844,8.059999999997672,4.618164
221,2,-150,-358194.75,12555.476,6.150000000023283,2.25
221,3,-135,-358196.1,12555.031,4.800000000046566,1.805664
221,4,-120,-358198.22,12553.226,2.6800000000512227,0
221,5,-105,-358197.34,12555.232,3.559999999997672,2.0068359
221,6,-90,-358197.06,12556.103,3.8400000000256114,2.8769531
221,7,-75,-358196.47,12557.888,4.430000000051223,4.6621093
221,8,-60,-358195.44,12558.7,5.460000000020955,5.4746094
221,9,-45,-358195.44,12558.369,5.460000000020955,5.1435546
221,10,-30,-358197.75,12556.312,3.150000000023283,3.08593746
221,11,-15,-358199.78,12555.1875,1.1199999999953434,1.961914
221,12,0,-358200.84,12554.58,0.0599999999976716,1.3544922
221,13,15,-358200.9,12554.311,0,1.0849609
221,14,30,-358200,12554.727,0.9000000000232831,1.5009765
221,15,45,-358198.6,12556.234,2.300000000046566,3.00878902
221,16,60,-358197.47,12557.781,3.4300000000512227,4.555664
221,17,75,-358196.4,12557.388,4.5,4.16210934
221,18,90,-358194.9,12555.769,6,2.5429687
221,19,105,-358194.22,12555.309,6.680000000051223,2.0830078
221,20,120,-358193.1,12555.244,7.800000000046566,2.0185546
221,21,135,-358191.53,12556.253,9.369999999995343,3.0273437
221,22,150,-358189.56,12558.106,11.340000000025611,4.8808593
221,23,165,-358187.88,12560.186,13.020000000018626,6.9599609000000004
221,24,180,-358190.16,12560.873,10.740000000048894,7.6474609000000004
222,1,-165,-383475.88,14048.144,0.3200000000069849,0.32910150000000016
222,2,-150,-383475.1,14049.157,1.1000000000349246,1.3427734
222,3,-135,-383474.1,14050.26,2.1000000000349246,2.4453125
222,4,-120,-383473.75,14051.227,2.450000000011641,3.4121094
222,5,-105,-383474.62,14050.158,1.580000000016298,2.34375
222,6,-90,-383475.4,14049.142,0.7999999999883585,1.3271484
222,7,-75,-383475.44,14048.43,0.7600000000093132,0.6152344000000001
222,8,-60,-383474.9,14048.879,1.2999999999883585,1.0644531
222,9,-45,-383473.7,14050.415,2.5,2.600585938
222,10,-30,-383472.06,14052.434,4.14000000001397,4.6191406
222,11,-15,-383470.56,14054.306,5.64000000001397,6.4912109000000004
222,12,0,-383469.66,14055.3955,6.540000000037253,7.5810545
222,13,15,-383470.56,14054.303,5.64000000001397,6.488281300000001
222,14,30,-383472.03,14052.405,4.169999999983702,4.5908203
222,15,45,-383473.7,14050.411,2.5,2.596679688
222,16,60,-383474.9,14048.897,1.2999999999883585,1.0830078
222,17,75,-383475.44,14048.426,0.7600000000093132,0.6113280999999999
222,18,90,-383475.4,14049.18,0.7999999999883585,1.3652344
222,19,105,-383474.62,14050.318,1.580000000016298,2.50390625
222,20,120,-383473.75,14051.221,2.450000000011641,3.40625
222,21,135,-383474.1,14050.258,2.1000000000349246,2.443359375
222,22,150,-383475.1,14049.157,1.1000000000349246,1.3427734
222,23,165,-383475.88,14048.145,0.3200000000069849,0.33007810000000015
222,24,180,-383476.2,14047.814,0,0
223,1,-165,-310866.94,11121.664,0,0.3662109
223,2,-150,-310866.62,11122.565,0.3200000000069849,1.2675780999999997
223,3,-135,-310865.6,11124.001,1.3400000000256114,2.703125
223,4,-120,-310863.94,11126.031,3,4.7333984
223,5,-105,-310862.34,11128.354,4.599999999976717,7.055664
223,6,-90,-310861.7,11129.691,5.239999999990687,8.3935548
223,7,-75,-310862.34,11128.351,4.599999999976717,7.0527344
223,8,-60,-310863.94,11125.881,3,4.5830078
223,9,-45,-310865.56,11123.883,1.3800000000046566,2.5849609
223,10,-30,-310866.62,11122.542,0.3200000000069849,1.2441405999999997
223,11,-15,-310866.94,11121.671,0,0.3730468
223,12,0,-310866.9,11121.298,0.0399999999790452,0
223,13,15,-310866.94,11121.671,0,0.3730468
223,14,30,-310866.62,11122.542,0.3200000000069849,1.2441405999999997
223,15,45,-310865.56,11123.883,1.3800000000046566,2.5849609
223,16,60,-310863.94,11125.88,3,4.582031199999999
223,17,75,-310862.34,11128.35,4.599999999976717,7.0517578
223,18,90,-310861.7,11129.691,5.239999999990687,8.3935548
223,19,105,-310862.34,11128.3545,4.599999999976717,7.0566406
223,20,120,-310863.94,11126.017,3,4.71875
223,21,135,-310865.6,11124.001,1.3400000000256114,2.703125
223,22,150,-310866.62,11122.565,0.3200000000069849,1.2675780999999997
223,23,165,-310866.94,11121.663,0,0.36523439999999985
223,24,180,-310866.9,11121.302,0.0399999999790452,0.00390619999999986
224,1,-165,-344956.03,11941.13,0.1299999999464489,0
224,2,-150,-344956.16,11941.147,0,0.01757809999999993
224,3,-135,-344955.78,11941.281,0.3799999999464489,0.15136719999999992
224,4,-120,-344954.88,11941.845,1.279999999969732,0.7148437999999999
224,5,-105,-344953.84,11942.949,2.3199999999487773,1.81933595
224,6,-90,-344953.03,11943.702,3.129999999946449,2.57226564
224,7,-75,-344953.25,11943.128,2.9099999999743886,1.99804689
224,8,-60,-344953.72,11942.39,2.4400000000023283,1.25976564
224,9,-45,-344953.8,11942.762,2.35999999998603,1.63183595
224,10,-30,-344953.1,11944.181,3.059999999997672,3.0507812999999997
224,11,-15,-344951.75,11945.912,4.409999999974389,4.7822265999999996
224,12,0,-344950.62,11946.608,5.539999999979045,5.4785157
224,13,15,-344951.75,11945.916,4.409999999974389,4.7861328
224,14,30,-344953.1,11944.173,3.059999999997672,3.0429687999999997
224,15,45,-344953.8,11942.761,2.35999999998603,1.63085939
224,16,60,-344953.72,11942.39,2.4400000000023283,1.25976564
224,17,75,-344953.25,11943.132,2.9099999999743886,2.00195314
224,18,90,-344953.06,11943.737,3.099999999976717,2.6074219
224,19,105,-344953.84,11942.95,2.3199999999487773,1.8203125119999999
224,20,120,-344954.88,11941.844,1.279999999969732,0.7138671999999999
224,21,135,-344955.78,11941.282,0.3799999999464489,0.15234379999999992
224,22,150,-344956.16,11941.148,0,0.018554699999999924
224,23,165,-344956.03,11941.132,0.1299999999464489,0.00195309999999993
224,24,180,-344955.56,11942.459,0.5999999999767169,1.32910158
225,1,-165,-443527.53,17922.021,0.3099999999976717,0.5097656000000002
225,2,-150,-443526.5,17923.453,1.3400000000256114,1.9414062000000003
225,3,-135,-443524.75,17925.574,3.090000000025612,4.06249995
225,4,-120,-443522.6,17928.06,5.240000000048894,6.5488281
225,5,-105,-443520.7,17930.373,7.14000000001397,8.861328199999999
225,6,-90,-443519.88,17931.4,7.960000000020955,9.888671800000001
225,7,-75,-443520.66,17930.383,7.180000000051223,8.8710937
225,8,-60,-443522.56,17928.111,5.28000000002794,6.599609300000001
225,9,-45,-443524.72,17925.605,3.120000000053551,4.09374995
225,10,-30,-443526.47,17923.463,1.370000000053551,1.9511718000000005
225,11,-15,-443527.53,17922.023,0.3099999999976717,0.5117187000000003
225,12,0,-443527.84,17921.512,0,0
225,13,15,-443527.53,17922.03,0.3099999999976717,0.5175781000000002
225,14,30,-443526.47,17923.467,1.370000000053551,1.9550781000000002
225,15,45,-443524.72,17925.61,3.120000000053551,4.0976562
225,16,60,-443522.56,17928.12,5.28000000002794,6.607421800000001
225,17,75,-443520.7,17930.38,7.14000000001397,8.869140600000001
225,18,90,-443519.88,17931.4,7.960000000020955,9.888671800000001
225,19,105,-443520.7,17930.379,7.14000000001397,8.8671874
225,20,120,-443522.6,17928.072,5.240000000048894,6.560546800000001
225,21,135,-443524.75,17925.576,3.090000000025612,4.064453080000001
225,22,150,-443526.47,17923.455,1.370000000053551,1.9433593000000005
225,23,165,-443527.53,17922.025,0.3099999999976717,0.5136718000000005
225,24,180,-443527.84,17921.514,0,0.0019531999999999883
226,1,-165,-446040.44,15909.169,0.9400000000023284,1.416992213
226,2,-150,-446040.56,15909.222,0.8200000000069849,1.46972659
226,3,-135,-446040.7,15908.819,0.6799999999930151,1.06738284
226,4,-120,-446041.12,15908.4,0.2600000000093132,0.6484375000000001
226,5,-105,-446041.38,15908.044,0,0.29199220000000015
226,6,-90,-446041.12,15907.752,0.2600000000093132,0
226,7,-75,-446040.6,15907.784,0.7800000000279397,0.032226599999999994
226,8,-60,-446040.22,15909.002,1.1600000000325963,1.25000002
226,9,-45,-446039.44,15909.289,1.9400000000023283,1.5371094
226,10,-30,-446038.12,15910.066,3.260000000009313,2.3144531500000003
226,11,-15,-446036.97,15910.689,4.410000000032596,2.9375
226,12,0,-446036.4,15910.814,4.9799999999813735,3.0625
226,13,15,-446036.97,15910.684,4.410000000032596,2.9316407
226,14,30,-446037.34,15913.436,4.039999999979045,5.6835939
226,15,45,-446039.44,15909.296,1.9400000000023283,1.54394534
226,16,60,-446040.22,15909.003,1.1600000000325963,1.25097659
226,17,75,-446040.6,15907.785,0.7800000000279397,0.03320310000000015
226,18,90,-446041.12,15907.752,0.2600000000093132,0
226,19,105,-446041.38,15908.047,0,0.29492190000000007
226,20,120,-446041.12,15908.404,0.2600000000093132,0.6523438
226,21,135,-446040.72,15908.835,0.6600000000325963,1.08300784
226,22,150,-446040.56,15909.222,0.8200000000069849,1.46972659
226,23,165,-446040.44,15909.17,0.9400000000023284,1.417968775
226,24,180,-446040,15909.0625,1.3800000000046566,1.3105469
227,1,-165,-330324.25,9830.844,0.1300000000046566,0.30566400000000016
227,2,-150,-330323.75,9831.443,0.6300000000046566,0.9052734000000002
227,3,-135,-330322.84,9832.12,1.5399999999790452,1.5820312
227,4,-120,-330321.47,9832.903,2.9100000000325963,2.36523431
227,5,-105,-330320.1,9833.908,4.28000000002794,3.3701171000000003
227,6,-90,-330319.12,9834.703,5.260000000009313,4.165039
227,7,-75,-330318.97,9834.692,5.410000000032596,4.1542968
227,8,-60,-330319.38,9834.315,5,3.7773437000000003
227,9,-45,-330319.97,9833.961,4.410000000032596,3.4228515
227,10,-30,-330320.6,9833.467,3.78000000002794,2.92871088
227,11,-15,-330320.97,9832.735,3.4100000000325963,2.19726556
227,12,0,-330320.9,9833.129,3.479999999981373,2.59082025
227,13,15,-330320.66,9833.485,3.720000000030268,2.94726556
227,14,30,-330319.88,9834.247,4.5,3.7089843
227,15,45,-330319.97,9833.961,4.410000000032596,3.4228515
227,16,60,-330319.38,9834.315,5,3.7773437000000003
227,17,75,-330318.97,9834.693,5.410000000032596,4.1552734000000004
227,18,90,-330319.12,9834.704,5.260000000009313,4.1660156
227,19,105,-330320.1,9833.885,4.28000000002794,3.3466796000000003
227,20,120,-330321.47,9832.9,2.9100000000325963,2.36230462
227,21,135,-330322.84,9832.121,1.5399999999790452,1.5830078
227,22,150,-330323.75,9831.443,0.6300000000046566,0.9052734000000002
227,23,165,-330324.25,9830.844,0.1300000000046566,0.30566400000000016
227,24,180,-330324.38,9830.538,0,0
228,1,-165,-301080.44,11570.503,0.400000000023283,0.9882812000000003
228,2,-150,-301079.28,11572.304,1.5599999999976717,2.7890624400000004
228,3,-135,-301077.75,11573.567,3.090000000025612,4.0527343
228,4,-120,-301076.34,11574.116,4.5,4.60156244
228,5,-105,-301075.38,11573.655,5.460000000020955,4.14062494
228,6,-90,-301075.5,11573.278,5.340000000025611,3.76367181
228,7,-75,-301075.97,11572.946,4.870000000053551,3.43164056
228,8,-60,-301076.28,11572.762,4.559999999997672,3.24707025
228,9,-45,-301076.2,11573.085,4.64000000001397,3.5703124400000004
228,10,-30,-301075.72,11574.148,5.120000000053551,4.633789
228,11,-15,-301074.9,11575.538,5.940000000002328,6.023437400000001
228,12,0,-301073.97,11576.426,6.870000000053551,6.911132800000001
228,13,15,-301074.94,11574.799,5.900000000023283,5.2841796
228,14,30,-301075.66,11573.46,5.180000000051223,3.9453124400000004
228,15,45,-301076.03,11572.616,4.809999999997672,3.1015624400000004
228,16,60,-301076.06,11572.761,4.78000000002794,3.2460937000000003
228,17,75,-301075.7,11573.462,5.14000000001397,3.94726556
228,18,90,-301075.16,11574.023,5.680000000051223,4.508789
228,19,105,-301075.22,11574.336,5.620000000053551,4.821289
228,20,120,-301076.28,11573.933,4.559999999997672,4.4179687
228,21,135,-301077.72,11573.204,3.120000000053551,3.689453063
228,22,150,-301079.22,11571.951,1.620000000053551,2.4365234000000004
228,23,165,-301080.4,11570.286,0.4400000000023283,0.7714843
228,24,180,-301080.84,11569.515,0,0
229,1,-165,-476746.3,17320.102,0.2600000000093132,0.3222655999999997
229,2,-150,-476746.56,17319.78,0,0
229,3,-135,-476745.97,17320.34,0.5900000000256114,0.5605468999999998
229,4,-120,-476744.62,17321.812,1.9400000000023283,2.03320315
229,5,-105,-476742.88,17323.752,3.679999999993015,3.9726562999999997
229,6,-90,-476741.4,17325.21,5.159999999974389,5.4316406
229,7,-75,-476741.62,17325.52,4.940000000002328,5.7402344
229,8,-60,-476741.44,17323.926,5.119999999995343,4.1464844
229,9,-45,-476741.84,17323.174,4.71999999997206,3.39453128
229,10,-30,-476741.7,17323.113,4.85999999998603,3.3339844
229,11,-15,-476740.78,17323.691,5.779999999969732,3.9121094
229,12,0,-476739.47,17324.316,7.090000000025611,4.5371094
229,13,15,-476740.78,17323.69,5.779999999969732,3.9101562999999997
229,14,30,-476741.7,17323.111,4.85999999998603,3.33203128
229,15,45,-476741.84,17323.174,4.71999999997206,3.39453128
229,16,60,-476741.44,17323.922,5.119999999995343,4.1425782
229,17,75,-476741.62,17325.52,4.940000000002328,5.7402344
229,18,90,-476741.4,17325.213,5.159999999974389,5.4335938
229,19,105,-476742.88,17323.748,3.679999999993015,3.96875
229,20,120,-476744.62,17321.814,1.9400000000023283,2.0351562999999997
229,21,135,-476745.97,17320.338,0.5900000000256114,0.5585937999999997
229,22,150,-476746.56,17319.787,0,0.0078125
229,23,165,-476746.3,17320.104,0.2600000000093132,0.3242187999999997
229,24,180,-476745.44,17320.959,1.1199999999953434,1.1796874999999998
230,1,-165,-307077.06,10041.285,0.1599999999743886,0.703125
230,2,-150,-307076.44,10042.423,0.779999999969732,1.8408202999999999
230,3,-135,-307075.2,10044.163,2.019999999960419,3.581054675
230,4,-120,-307073.4,10046.106,3.819999999948777,5.5244140999999996
230,5,-105,-307071.47,10047.56,5.75,6.9775390999999996
230,6,-90,-307070.3,10047.692,6.919999999983702,7.1103515
230,7,-75,-307071.53,10047.067,5.689999999944121,6.4853515
230,8,-60,-307073.47,10045.463,3.75,4.8808594
230,9,-45,-307075.25,10043.689,1.9699999999720603,3.1074218599999996
230,10,-30,-307076.47,10042.121,0.75,1.5390624999999998
230,11,-15,-307077.06,10041.001,0.1599999999743886,0.41894529999999985
230,12,0,-307077.22,10040.582,0,0
230,13,15,-307077.06,10041.006,0.1599999999743886,0.4238280999999997
230,14,30,-307076.47,10042.121,0.75,1.5390624999999998
230,15,45,-307075.25,10043.689,1.9699999999720603,3.1074218599999996
230,16,60,-307073.47,10045.464,3.75,4.8818359
230,17,75,-307071.53,10047.085,5.689999999944121,6.502929699999999
230,18,90,-307070.3,10047.688,6.919999999983702,7.1064453
230,19,105,-307071.47,10047.558,5.75,6.9755859000000004
230,20,120,-307073.4,10046.106,3.819999999948777,5.5244140999999996
230,21,135,-307075.2,10044.163,2.019999999960419,3.581054675
230,22,150,-307076.44,10042.424,0.779999999969732,1.8417968999999998
230,23,165,-307077.06,10041.285,0.1599999999743886,0.703125
230,24,180,-307077.22,10040.887,0,0.3046875
231,1,-165,-326481.06,13859.597,3.5,2.4667968
231,2,-150,-326480,13862.021,4.559999999997672,4.8916015
231,3,-135,-326479.03,13863.777,5.529999999969732,6.6474609000000004
231,4,-120,-326478.97,13863.491,5.590000000025611,6.3613281
231,5,-105,-326480.1,13861.372,4.460000000020955,4.24218746
231,6,-90,-326481.9,13858.892,2.6599999999743886,1.7617186999999999
231,7,-75,-326483.6,13857.318,0.9600000000209548,0.18847650000000016
231,8,-60,-326484.56,13857.13,0,0
231,9,-45,-326483.8,13858.463,0.7600000000093132,1.3330077999999999
231,10,-30,-326481.72,13861.5,2.840000000025612,4.3701171500000004
231,11,-15,-326479.5,13865.246,5.059999999997672,8.1162109
231,12,0,-326478.5,13867.017,6.059999999997672,9.8867187
231,13,15,-326479.5,13865.243,5.059999999997672,8.1132814
231,14,30,-326481.72,13861.504,2.840000000025612,4.3740234000000004
231,15,45,-326483.8,13858.462,0.7600000000093132,1.3320311999999999
231,16,60,-326484.56,13857.131,0,0.0009765000000001578
231,17,75,-326483.6,13857.321,0.9600000000209548,0.19140619999999986
231,18,90,-326481.9,13858.892,2.6599999999743886,1.7617186999999999
231,19,105,-326480.1,13861.372,4.460000000020955,4.24218746
231,20,120,-326478.97,13863.492,5.590000000025611,6.3623046
231,21,135,-326479.03,13863.777,5.529999999969732,6.6474609000000004
231,22,150,-326480,13862.028,4.559999999997672,4.8984375
231,23,165,-326481.06,13859.597,3.5,2.4667968
231,24,180,-326481.47,13858.313,3.090000000025612,1.1835936999999999
232,1,-165,-354267.47,10423.349,0.25,0.3847655999999997
232,2,-150,-354266.66,10424.499,1.0599999999976717,1.5351561999999999
232,3,-135,-354265.38,10426.264,2.339999999967404,3.2998046599999995
232,4,-120,-354263.8,10428.085,3.919999999983702,5.121093699999999
232,5,-105,-354262.25,10429.258,5.46999999997206,6.2939453
232,6,-90,-354261.28,10429.443,6.439999999944121,6.479492199999999
232,7,-75,-354261.4,10429.23,6.319999999948777,6.2666015999999996
232,8,-60,-354262.44,10428.865,5.279999999969732,5.901367199999999
232,9,-45,-354263.7,10428.111,4.019999999960419,5.1474609
232,10,-30,-354264.72,10427.096,3,4.131835912
232,11,-15,-354265.3,10426.211,2.419999999983702,3.2470703
232,12,0,-354265.53,10425.85,2.1899999999441206,2.8857421999999997
232,13,15,-354265.3,10426.212,2.419999999983702,3.2480468499999997
232,14,30,-354264.72,10427.096,3,4.131835912
232,15,45,-354263.7,10428.11,4.019999999960419,5.146484399999999
232,16,60,-354262.44,10428.865,5.279999999969732,5.901367199999999
232,17,75,-354261.4,10429.23,6.319999999948777,6.2666015999999996
232,18,90,-354261.28,10429.443,6.439999999944121,6.479492199999999
232,19,105,-354262.25,10429.248,5.46999999997206,6.2841796
232,20,120,-354263.8,10428.085,3.919999999983702,5.121093699999999
232,21,135,-354265.38,10426.264,2.339999999967404,3.2998046599999995
232,22,150,-354266.66,10424.499,1.0599999999976717,1.5351561999999999
232,23,165,-354267.47,10423.348,0.25,0.3837889999999997
232,24,180,-354267.72,10422.964,0,0
233,1,-165,-466701.12,8707.624,2.1600000000325963,2.39746096
233,2,-150,-466701.53,8707.649,1.75,2.4228516
233,3,-135,-466701.8,8707.469,1.4800000000395812,2.2421875
233,4,-120,-466701.88,8707.238,1.400000000023283,2.0117187800000003
233,5,-105,-466702.84,8705.632,0.4400000000023283,0.40527350000000006
233,6,-90,-466703.28,8705.227,0,0
233,7,-75,-466703.12,8705.67,0.1600000000325963,0.44335940000000007
233,8,-60,-466702.78,8706.413,0.5,1.18652346
233,9,-45,-466702.56,8706.957,0.720000000030268,1.73046878
233,10,-30,-466702.47,8707.199,0.8100000000558794,1.97265628
233,11,-15,-466702.38,8707.305,0.9000000000232831,2.07812502
233,12,0,-466702.34,8707.343,0.9400000000023284,2.11621096
233,13,15,-466702.38,8707.305,0.9000000000232831,2.07812502
233,14,30,-466702.47,8707.199,0.8100000000558794,1.97265628
233,15,45,-466702.56,8706.956,0.720000000030268,1.72949221
233,16,60,-466702.78,8706.414,0.5,1.18750002
233,17,75,-466703.12,8705.67,0.1600000000325963,0.44335940000000007
233,18,90,-466703.28,8705.227,0,0
233,19,105,-466702.84,8705.59,0.4400000000023283,0.36328130000000014
233,20,120,-466701.88,8707.238,1.400000000023283,2.0117187800000003
233,21,135,-466701.8,8707.469,1.4800000000395812,2.2421875
233,22,150,-466701.53,8707.649,1.75,2.4228516
233,23,165,-466701.12,8707.624,2.1600000000325963,2.39746096
233,24,180,-466700.94,8707.561,2.340000000025612,2.3339844000000003
234,1,-165,-442004.3,16065.008,0.3599999999860301,0.89257816
234,2,-150,-442004.66,16064.116,0,0.0009765999999999941
234,3,-135,-442004.3,16064.166,0.3599999999860301,0.05078129999999992
234,4,-120,-442003.4,16064.998,1.2599999999511056,0.88281254
234,5,-105,-442002.34,16066.039,2.3199999999487773,1.92382816
234,6,-90,-442001.6,16066.9,3.059999999997672,2.7851562999999997
234,7,-75,-442002.5,16066.068,2.1599999999743886,1.95312504
234,8,-60,-442003.6,16064.975,1.0599999999976717,0.85937504
234,9,-45,-442004.44,16064.161,0.2199999999720603,0.045898500000000064
234,10,-30,-442004.66,16064.212,0,0.09667970000000004
234,11,-15,-442004.2,16065.177,0.4599999999627471,1.061523475
234,12,0,-442003.34,16066.622,1.3199999999487773,2.506836
234,13,15,-442004.2,16065.179,0.4599999999627471,1.0634766
234,14,30,-442004.66,16064.215,0,0.09960939999999996
234,15,45,-442004.44,16064.163,0.2199999999720603,0.047851599999999994
234,16,60,-442003.6,16064.977,1.0599999999976717,0.86132816
234,17,75,-442002.5,16066.068,2.1599999999743886,1.95312504
234,18,90,-442001.6,16066.903,3.059999999997672,2.788086
234,19,105,-442002.34,16066.043,2.3199999999487773,1.9277343999999998
234,20,120,-442003.4,16064.998,1.2599999999511056,0.88281254
234,21,135,-442004.3,16064.166,0.3599999999860301,0.05078129999999992
234,22,150,-442004.66,16064.115,0,0
234,23,165,-442004.3,16065.005,0.3599999999860301,0.88964848
234,24,180,-442003.44,16066.387,1.2199999999720603,2.2714844000000003
235,1,-165,-344203.3,10919.042,0.2600000000093132,0.39453119999999986
235,2,-150,-344202.5,10920.009,1.0599999999976717,1.3613281
235,3,-135,-344201.22,10921.18,2.340000000025612,2.532226525
235,4,-120,-344199.66,10922.336,3.900000000023283,3.6884765
235,5,-105,-344198.22,10923.292,5.340000000025611,4.644531199999999
235,6,-90,-344197.62,10923.683,5.940000000002328,5.035156199999999
235,7,-75,-344198.2,10923.286,5.35999999998603,4.6386718
235,8,-60,-344199.6,10922.319,3.9600000000209543,3.671875
235,9,-45,-344201.2,10921.144,2.35999999998603,2.496093712
235,10,-30,-344202.5,10919.979,1.0599999999976717,1.3310546
235,11,-15,-344203.3,10919.029,0.2600000000093132,0.3818359
235,12,0,-344203.56,10918.65,0,0.0029295999999998656
235,13,15,-344203.3,10919.029,0.2600000000093132,0.3818359
235,14,30,-344202.5,10919.978,1.0599999999976717,1.3300781
235,15,45,-344201.2,10921.144,2.35999999998603,2.496093712
235,16,60,-344199.6,10922.319,3.9600000000209543,3.671875
235,17,75,-344198.2,10923.286,5.35999999998603,4.6386718
235,18,90,-344197.62,10923.683,5.940000000002328,5.035156199999999
235,19,105,-344198.22,10923.292,5.340000000025611,4.644531199999999
235,20,120,-344199.66,10922.336,3.900000000023283,3.6884765
235,21,135,-344201.22,10921.181,2.340000000025612,2.533203088
235,22,150,-344202.5,10920.009,1.0599999999976717,1.3613281
235,23,165,-344203.3,10919.042,0.2600000000093132,0.39453119999999986
235,24,180,-344203.56,10918.647,0,0
236,1,-165,-355676.6,12224.17,0.3000000000465661,0.26464849999999984
236,2,-150,-355675.56,12224.963,1.3400000000256114,1.0576171999999997
236,3,-135,-355673.8,12226.529,3.1000000000349246,2.6240235
236,4,-120,-355671.3,12228.912,5.600000000034925,5.006836
236,5,-105,-355668.28,12231.622,8.619999999995343,7.716797
236,6,-90,-355665.5,12234.247,11.400000000023285,10.341797
236,7,-75,-355668.78,12231.677,8.119999999995343,7.771484399999999
236,8,-60,-355671.8,12228.788,5.100000000034925,4.882812599999999
236,9,-45,-355674.16,12226.386,2.7400000000488944,2.4804687999999997
236,10,-30,-355675.75,12224.894,1.150000000023283,0.9882812999999997
236,11,-15,-355676.62,12224.15,0.2800000000279397,0.2451171999999997
236,12,0,-355676.9,12223.905,0,0
236,13,15,-355676.62,12224.15,0.2800000000279397,0.2451171999999997
236,14,30,-355675.75,12224.894,1.150000000023283,0.9882812999999997
236,15,45,-355674.16,12226.387,2.7400000000488944,2.4814454
236,16,60,-355671.8,12228.787,5.100000000034925,4.881836
236,17,75,-355668.78,12231.687,8.119999999995343,7.78125
236,18,90,-355665.5,12234.247,11.400000000023285,10.341797
236,19,105,-355668.28,12231.629,8.619999999995343,7.7236329999999995
236,20,120,-355671.3,12228.912,5.600000000034925,5.006836
236,21,135,-355673.8,12226.529,3.1000000000349246,2.6240235
236,22,150,-355675.56,12224.963,1.3400000000256114,1.0576171999999997
236,23,165,-355676.6,12224.17,0.3000000000465661,0.26464849999999984
236,24,180,-355676.9,12223.905,0,0
237,1,-165,-408138.34,15007.178,1.4099999999743886,0.5371093
237,2,-150,-408137.6,15007.782,2.150000000023283,1.14160154
237,3,-135,-408136.62,15010.182,3.1300000000046566,3.5410155999999997
237,4,-120,-408137.47,15009.44,2.28000000002794,2.7998047
237,5,-105,-408138.56,15008.459,1.1900000000023283,1.81835935
237,6,-90,-408139.47,15007.388,0.2800000000279397,0.7470702999999999
237,7,-75,-408139.75,15006.644,0,0.002929699999999924
237,8,-60,-408139.25,15006.71,0.5,0.0693359
237,9,-45,-408138.06,15007.563,1.6900000000023283,0.9228515399999999
237,10,-30,-408136.25,15009.374,3.5,2.7333984
237,11,-15,-408134.28,15010.86,5.46999999997206,4.2197265
237,12,0,-408132.56,15012.186,7.190000000002328,5.5449219
237,13,15,-408134.28,15010.862,5.46999999997206,4.2216797
237,14,30,-408136.25,15009.149,3.5,2.50878904
237,15,45,-408138.06,15007.563,1.6900000000023283,0.9228515399999999
237,16,60,-408139.25,15006.718,0.5,0.0771484
237,17,75,-408139.75,15006.641,0,0
237,18,90,-408139.47,15007.381,0.2800000000279397,0.7402343
237,19,105,-408138.56,15008.448,1.1900000000023283,1.8076171619999999
237,20,120,-408137.47,15009.483,2.28000000002794,2.8427734
237,21,135,-408136.62,15010.101,3.1300000000046566,3.4599609
237,22,150,-408137.6,15007.792,2.150000000023283,1.15136716
237,23,165,-408138.34,15007.177,1.4099999999743886,0.5361327999999999
237,24,180,-408138.66,15007.058,1.0900000000256114,0.4169921999999999
238,1,-165,-416733.4,13555.432,0.3800000000046566,0.7763672000000001
238,2,-150,-416732.12,13557.58,1.6600000000325963,2.9248046000000003
238,3,-135,-416729.94,13560.503,3.8400000000256114,5.8476562
238,4,-120,-416727.03,13563.512,6.75,8.8564452
238,5,-105,-416723.72,13566.02,10.06000000005588,11.3642578
238,6,-90,-416722.1,13566.561,11.680000000051225,11.9052732
238,7,-75,-416724.28,13562.767,9.5,8.1113281
238,8,-60,-416725.78,13560.186,8,5.5302733900000005
238,9,-45,-416726.56,13558.758,7.220000000030268,4.102539
238,10,-30,-416726.72,13558.24,7.060000000055879,3.5849609000000004
238,11,-15,-416726.34,13558.424,7.440000000002328,3.7685546000000003
238,12,0,-416725.56,13559.204,8.220000000030268,4.548828100000001
238,13,15,-416726.34,13558.421,7.440000000002328,3.765625
238,14,30,-416726.72,13558.238,7.060000000055879,3.5830078000000003
238,15,45,-416726.56,13558.758,7.220000000030268,4.102539
238,16,60,-416725.78,13560.185,8,5.52929682
238,17,75,-416724.28,13562.7705,9.5,8.115234300000001
238,18,90,-416722.1,13566.568,11.680000000051225,11.9130859
238,19,105,-416723.72,13566.004,10.06000000005588,11.3486328
238,20,120,-416727.03,13563.513,6.75,8.857421800000001
238,21,135,-416729.94,13560.505,3.8400000000256114,5.849609325
238,22,150,-416732.12,13557.58,1.6600000000325963,2.9248046000000003
238,23,165,-416733.4,13555.432,0.3800000000046566,0.7763672000000001
238,24,180,-416733.78,13554.655,0,0
239,1,-165,-383475.56,13662.687,0.0399999999790452,0
239,2,-150,-383473.47,13666.037,2.1300000000046566,3.3505859000000004
239,3,-135,-383472.12,13666.312,3.479999999981373,3.625
239,4,-120,-383470.47,13666.959,5.130000000004657,4.2724609000000004
239,5,-105,-383469.28,13668.103,6.319999999948777,5.416015600000001
239,6,-90,-383469,13669.164,6.599999999976717,6.477539
239,7,-75,-383469.4,13669.553,6.199999999953434,6.8662109000000004
239,8,-60,-383469.9,13669.29,5.699999999953434,6.603515600000001
239,9,-45,-383470,13668.741,5.599999999976717,6.054687400000001
239,10,-30,-383469.22,13668.377,6.380000000004657,5.6904296400000005
239,11,-15,-383467.53,13668.339,8.069999999948777,5.6523437
239,12,0,-383465.47,13667.92,10.130000000004657,5.2333984000000004
239,13,15,-383467.53,13668.352,8.069999999948777,5.665039
239,14,30,-383469.22,13668.369,6.380000000004657,5.6826171400000005
239,15,45,-383470,13668.739,5.599999999976717,6.0527343
239,16,60,-383469.9,13669.293,5.699999999953434,6.606445300000001
239,17,75,-383469.4,13669.544,6.199999999953434,6.857421800000001
239,18,90,-383469,13669.164,6.599999999976717,6.477539
239,19,105,-383468.06,13669.032,7.539999999979045,6.345703100000001
239,20,120,-383470.47,13666.962,5.130000000004657,4.275390580000001
239,21,135,-383472.16,13666.299,3.4400000000023283,3.6123046000000003
239,22,150,-383473.47,13666.101,2.1300000000046566,3.4140624000000006
239,23,165,-383475.56,13662.687,0.0399999999790452,0
239,24,180,-383475.6,13662.92,0,0.2333981999999999
240,1,-165,-358954.3,13554.299,5.799999999988359,2.4873047
240,2,-150,-358955.97,13553.126,4.130000000004657,1.31445314
240,3,-135,-358957,13552.965,3.099999999976717,1.1533202999999999
240,4,-120,-358957.94,13553.179,2.1599999999743886,1.3671875
240,5,-105,-358958.62,13553.136,1.4799999999813735,1.32421876
240,6,-90,-358958.8,13553.507,1.2999999999883585,1.69531251
240,7,-75,-358958.3,13554.446,1.7999999999883585,2.63476564
240,8,-60,-358957.12,13555.917,2.979999999981373,4.1054687
240,9,-45,-358957.22,13555.247,2.8800000000046566,3.4355469
240,10,-30,-358958.84,13554.116,1.2599999999511056,2.3046875
240,11,-15,-358959.8,13553.439,0.2999999999883584,1.6279297
240,12,0,-358960.1,13552.75,0,0.9384765999999999
240,13,15,-358959.94,13552.145,0.1599999999743886,0.33300779999999985
240,14,30,-358959.6,13552.276,0.5,0.4648437999999999
240,15,45,-358959.5,13553.367,0.5999999999767169,1.55566408
240,16,60,-358959.5,13553.659,0.5999999999767169,1.847656263
240,17,75,-358958.78,13553.245,1.3199999999487773,1.43359376
240,18,90,-358957.03,13551.838,3.0699999999487773,0.026367199999999924
240,19,105,-358956.03,13551.812,4.069999999948777,0
240,20,120,-358954.8,13552.333,5.299999999988359,0.5214843999999998
240,21,135,-358953.38,13553.595,6.71999999997206,1.78320314
240,22,150,-358951.75,13555.047,8.349999999976717,3.2353516
240,23,165,-358950.16,13556.195,9.940000000002328,4.3837890999999996
240,24,180,-358951.62,13556.142,8.479999999981374,4.3300781
241,1,-165,-672652,15036.505,3.4399999999441206,2.4453125
241,2,-150,-672650.6,15037.997,4.839999999967404,3.9374999600000002
241,3,-135,-672650.8,15038.152,4.6399999998975545,4.0927734000000004
241,4,-120,-672650.5,15039.107,4.939999999944121,5.0478515
241,5,-105,-672652.9,15036.793,2.5399999999208376,2.7333984
241,6,-90,-672654.25,15035.591,1.1899999999441206,1.53125
241,7,-75,-672655.44,15034.06,0,0
241,8,-60,-672653.56,15036.045,1.8799999998882413,1.9853515
241,9,-45,-672650.94,15037.794,4.5,3.73437496
241,10,-30,-672649.4,15039.393,6.039999999920838,5.3330078
241,11,-15,-672649.3,15040.205,6.1399999998975545,6.1455078
241,12,0,-672649.56,15040.043,5.879999999888241,5.9833984000000004
241,13,15,-672649.9,15039.199,5.539999999920838,5.1396484000000004
241,14,30,-672650.56,15037.977,4.879999999888241,3.91699215
241,15,45,-672652.2,15035.69,3.2399999999906868,1.6308593
241,16,60,-672653.25,15034.558,2.1899999999441206,0.4980468
241,17,75,-672652.7,15035.959,2.7399999999906868,1.899414
241,18,90,-672651.4,15038.565,4.039999999920838,4.5058593
241,19,105,-672650.7,15039.888,4.739999999990687,5.828125
241,20,120,-672650.3,15039.557,5.1399999998975545,5.4970703
241,21,135,-672650,15038.265,5.439999999944121,4.2050781
241,22,150,-672650.6,15037.95,4.839999999967404,3.8906249600000002
241,23,165,-672652.1,15036.34,3.339999999967404,2.2802734
241,24,180,-672652.8,15035.7705,2.6399999998975545,1.7109375
242,1,-165,-535432.8,9631.324,0.5999999999767169,1.0185547000000001
242,2,-150,-535432.2,9632.262,1.2000000000698492,1.9560547000000001
242,3,-135,-535431.1,9633.312,2.300000000046566,3.005859388
242,4,-120,-535429.8,9634.323,3.599999999976717,4.0175781
242,5,-105,-535428.56,9635.322,4.839999999967404,5.0166015999999996
242,6,-90,-535427.94,9636.074,5.460000000079162,5.7685547
242,7,-75,-535428.4,9635.664,5,5.3583985
242,8,-60,-535429.5,9634.605,3.900000000023283,4.2998047
242,9,-45,-535431,9633.296,2.400000000023283,2.990234388
242,10,-30,-535432.25,9631.941,1.150000000023283,1.6357422000000001
242,11,-15,-535433.06,9630.775,0.3399999999674037,0.4697266
242,12,0,-535433.4,9630.306,0,0
242,13,15,-535433.06,9630.775,0.3399999999674037,0.4697266
242,14,30,-535432.25,9631.941,1.150000000023283,1.6357422000000001
242,15,45,-535431,9633.296,2.400000000023283,2.990234388
242,16,60,-535429.5,9634.605,3.900000000023283,4.2998047
242,17,75,-535428.4,9635.664,5,5.3583985
242,18,90,-535427.94,9636.074,5.460000000079162,5.7685547
242,19,105,-535428.56,9635.322,4.839999999967404,5.0166015999999996
242,20,120,-535429.8,9634.325,3.599999999976717,4.019531300000001
242,21,135,-535431.1,9633.312,2.300000000046566,3.005859388
242,22,150,-535432.2,9632.262,1.2000000000698492,1.9560547000000001
242,23,165,-535432.8,9631.324,0.5999999999767169,1.0185547000000001
242,24,180,-535433,9630.915,0.400000000023283,0.609375
243,1,-165,-417338.16,14392.884,0.1800000000512227,1.3496093
243,2,-150,-417338.34,14393.247,0,1.7128906000000002
243,3,-135,-417337.8,14393.703,0.5400000000372529,2.16894528
243,4,-120,-417336.53,14394.509,1.809999999997672,2.9746093399999998
243,5,-105,-417335.2,14395.611,3.14000000001397,4.0771484000000004
243,6,-90,-417334.44,14396.195,3.900000000023283,4.6611328
243,7,-75,-417334.6,14395.256,3.7400000000488944,3.7216796
243,8,-60,-417334.9,14393.982,3.4400000000023283,2.44824215
243,9,-45,-417334.66,14393.499,3.680000000051223,1.9648437
243,10,-30,-417333.3,14393.457,5.040000000037253,1.9228515000000002
243,11,-15,-417330.9,14393.299,7.440000000002328,1.7646484
243,12,0,-417328.62,14391.534,9.720000000030268,0
243,13,15,-417330.9,14393.295,7.440000000002328,1.76074215
243,14,30,-417333.3,14393.457,5.040000000037253,1.9228515000000002
243,15,45,-417334.66,14393.499,3.680000000051223,1.9648437
243,16,60,-417334.9,14393.982,3.4400000000023283,2.44824215
243,17,75,-417334.6,14395.252,3.7400000000488944,3.7177734
243,18,90,-417334.44,14396.193,3.900000000023283,4.6591796
243,19,105,-417335.2,14395.611,3.14000000001397,4.0771484000000004
243,20,120,-417336.53,14394.509,1.809999999997672,2.9746093399999998
243,21,135,-417337.8,14393.703,0.5400000000372529,2.16894528
243,22,150,-417338.34,14393.248,0,1.71386715
243,23,165,-417338.16,14392.884,0.1800000000512227,1.3496093
243,24,180,-417337.94,14392.458,0.400000000023283,0.9238280999999999
244,1,-165,-512159.1,9447.317,0.2400000000488944,0.4052734
244,2,-150,-512158.28,9448.42,1.0599999999976717,1.5078124999999998
244,3,-135,-512156.94,9449.927,2.400000000023283,3.01464842
244,4,-120,-512155.28,9451.635,4.059999999997672,4.722656199999999
244,5,-105,-512153.84,9453.281,5.5,6.3691406
244,6,-90,-512153.3,9454.042,6.040000000037253,7.1298828
244,7,-75,-512153.84,9453.278,5.5,6.3662109000000004
244,8,-60,-512155.25,9451.67,4.090000000025611,4.7578125
244,9,-45,-512156.88,9449.958,2.4600000000209548,3.04589842
244,10,-30,-512158.25,9448.43,1.0900000000256114,1.5175781
244,11,-15,-512159.1,9447.318,0.2400000000488944,0.40625
244,12,0,-512159.34,9446.912,0,0
244,13,15,-512159.1,9447.319,0.2400000000488944,0.4072266
244,14,30,-512158.25,9448.431,1.0900000000256114,1.5185547
244,15,45,-512156.88,9449.958,2.4600000000209548,3.04589842
244,16,60,-512155.25,9451.67,4.090000000025611,4.7578125
244,17,75,-512153.84,9453.278,5.5,6.3662109000000004
244,18,90,-512153.3,9454.042,6.040000000037253,7.1298828
244,19,105,-512153.84,9453.279,5.5,6.3671875
244,20,120,-512155.28,9451.635,4.059999999997672,4.722656199999999
244,21,135,-512156.94,9449.927,2.400000000023283,3.01464842
244,22,150,-512158.28,9448.417,1.0599999999976717,1.5048827999999999
244,23,165,-512159.1,9447.317,0.2400000000488944,0.4052734
244,24,180,-512159.34,9446.913,0,0.0009765999999999941
245,1,-165,-358809.72,12713.171,1.3400000000256114,2.19042966
245,2,-150,-358809.53,12713.496,1.529999999969732,2.515625
245,3,-135,-358809.44,12713.8125,1.6199999999953434,2.8320312
245,4,-120,-358809.7,12713.937,1.3599999999860302,2.9560547
245,5,-105,-358810.22,12713.086,0.8400000000256114,2.1054687
245,6,-90,-358810.75,12712.0625,0.3099999999976717,1.08203122
245,7,-75,-358811.06,12711.337,0,0.35644529999999985
245,8,-60,-358810.94,12710.98,0.1199999999953433,0
245,9,-45,-358810.4,12711.19,0.6599999999743886,0.2099609
245,10,-30,-358809.6,12711.709,1.4600000000209548,0.7285155999999999
245,11,-15,-358808.88,12712.311,2.179999999993015,1.3300781
245,12,0,-358808.56,12712.602,2.5,1.621093725
245,13,15,-358808.88,12712.311,2.179999999993015,1.3300781
245,14,30,-358809.6,12711.699,1.4600000000209548,0.7187499999999999
245,15,45,-358810.4,12711.19,0.6599999999743886,0.2099609
245,16,60,-358810.94,12710.98,0.1199999999953433,0
245,17,75,-358810.97,12711.1045,0.0900000000256113,0.1240234
245,18,90,-358810.75,12712.06,0.3099999999976717,1.07910154
245,19,105,-358810.22,12713.089,0.8400000000256114,2.1083984
245,20,120,-358809.72,12713.948,1.3400000000256114,2.9677734
245,21,135,-358809.44,12713.81,1.6199999999953434,2.8291015
245,22,150,-358809.53,12713.494,1.529999999969732,2.5136719
245,23,165,-358809.72,12713.165,1.3400000000256114,2.1845703
245,24,180,-358809.8,12713.017,1.2600000000093132,2.0361328
246,1,-165,-584647.3,12824.242,0.1399999998975545,0.3359375
246,2,-150,-584646.94,12825.103,0.5,1.1962891000000002
246,3,-135,-584646.06,12826.279,1.3799999998882413,2.3730468900000004
246,4,-120,-584644.8,12827.614,2.6399999998975545,3.7080078
246,5,-105,-584643.7,12828.832,3.739999999990687,4.925781300000001
246,6,-90,-584643.2,12829.396,4.239999999990687,5.4902344
246,7,-75,-584643.7,12828.868,3.739999999990687,4.9619140999999996
246,8,-60,-584644.8,12827.643,2.6399999998975545,3.7363281
246,9,-45,-584646.06,12826.274,1.3799999998882413,2.36816408
246,10,-30,-584646.94,12825.084,0.5,1.1777344
246,11,-15,-584647.4,12824.235,0.0399999999208375,0.3291016
246,12,0,-584647.44,12823.906,0,0
246,13,15,-584647.4,12824.235,0.0399999999208375,0.3291016
246,14,30,-584646.94,12825.084,0.5,1.1777344
246,15,45,-584646.06,12826.274,1.3799999998882413,2.36816408
246,16,60,-584644.8,12827.643,2.6399999998975545,3.7363281
246,17,75,-584643.7,12828.868,3.739999999990687,4.9619140999999996
246,18,90,-584643.2,12829.4,4.239999999990687,5.4941407
246,19,105,-584643.7,12828.832,3.739999999990687,4.925781300000001
246,20,120,-584644.8,12827.613,2.6399999998975545,3.7070313
246,21,135,-584646.06,12826.279,1.3799999998882413,2.3730468900000004
246,22,150,-584646.94,12825.102,0.5,1.1953125000000002
246,23,165,-584647.3,12824.242,0.1399999998975545,0.3359375
246,24,180,-584647.44,12823.907,0,0.0009765999999999941
247,1,-165,-468929.5,13949.936,9.440000000002328,4.658202999999999
247,2,-150,-468929.22,13950.507,9.720000000030268,5.229492
247,3,-135,-468928.28,13951.691,10.659999999974389,6.414062299999999
247,4,-120,-468926.56,13953.304,12.380000000004657,8.026367
247,5,-105,-468924.06,13955.469,14.880000000004657,10.191406
247,6,-90,-468921.72,13959.398,17.220000000030268,14.1210936
247,7,-75,-468926,13957.469,12.940000000002328,12.191406
247,8,-60,-468930.38,13954.491,8.559999999997672,9.213867
247,9,-45,-468934.2,13950.91,4.739999999990687,5.632812299999999
247,10,-30,-468936.88,13947.817,2.059999999997672,2.5400389999999993
247,11,-15,-468938.44,13945.908,0.5,0.6308589999999992
247,12,0,-468938.94,13945.277,0,0
247,13,15,-468938.44,13945.908,0.5,0.6308589999999992
247,14,30,-468936.88,13947.818,2.059999999997672,2.541015399999999
247,15,45,-468934.2,13950.904,4.739999999990687,5.626952899999999
247,16,60,-468930.38,13954.523,8.559999999997672,9.2460936
247,17,75,-468925.97,13957.463,12.970000000030268,12.1855467
247,18,90,-468921.75,13959.351,17.19000000000233,14.073242
247,19,105,-468924.06,13955.468,14.880000000004657,10.1904295
247,20,120,-468926.56,13953.304,12.380000000004657,8.026367
247,21,135,-468928.28,13951.694,10.659999999974389,6.416992
247,22,150,-468929.22,13950.506,9.720000000030268,5.228515399999999
247,23,165,-468929.5,13949.936,9.440000000002328,4.658202999999999
247,24,180,-468929.12,13950.218,9.820000000006983,4.9404295
248,1,-165,-372667.38,13256.078,9.419999999983702,9.96875
248,2,-150,-372671.72,13251.311,5.080000000016298,5.2011717
248,3,-135,-372674.6,13248.221,2.200000000011641,2.1113279999999994
248,4,-120,-372676.06,13246.663,0.7399999999906868,0.5537107999999997
248,5,-105,-372676.66,13246.169,0.1400000000139698,0.0595699999999999
248,6,-90,-372676.8,13246.114,0,0.004882599999999293
248,7,-75,-372676.62,13246.167,0.179999999993015,0.057616999999999585
248,8,-60,-372675.97,13246.696,0.8300000000162981,0.5869138999999994
248,9,-45,-372674.3,13248.364,2.5,2.2548825999999997
248,10,-30,-372671.28,13251.436,5.519999999960419,5.3261717
248,11,-15,-372666.94,13256.073,9.85999999998603,9.963867
248,12,0,-372661.75,13261.795,15.049999999988358,15.685547
248,13,15,-372666.94,13256.043,9.85999999998603,9.9335936
248,14,30,-372671.28,13251.379,5.519999999960419,5.269531059999999
248,15,45,-372674.3,13248.364,2.5,2.2548825999999997
248,16,60,-372675.97,13246.69,0.8300000000162981,0.5810544999999996
248,17,75,-372676.62,13246.167,0.179999999993015,0.057616999999999585
248,18,90,-372676.8,13246.109,0,0
248,19,105,-372676.66,13246.169,0.1400000000139698,0.0595699999999999
248,20,120,-372676.06,13246.662,0.7399999999906868,0.5527341999999997
248,21,135,-372674.6,13248.215,2.200000000011641,2.1054685999999996
248,22,150,-372671.72,13251.238,5.080000000016298,5.128906059999999
248,23,165,-372667.38,13256.095,9.419999999983702,9.985351399999999
248,24,180,-372662.53,13261.431,14.26999999996042,15.321289
249,1,-165,-334142.44,11254.711,0.2600000000093132,0.3955078999999997
249,2,-150,-334141.66,11255.683,1.040000000037253,1.3671875999999998
249,3,-135,-334140.34,11256.845,2.35999999998603,2.529296938
249,4,-120,-334138.75,11257.994,3.9500000000116415,3.678711
249,5,-105,-334137.25,11258.936,5.4500000000116415,4.620117199999999
249,6,-90,-334136.62,11259.302,6.080000000016298,4.9863282
249,7,-75,-334137.22,11258.93,5.480000000039581,4.6142579
249,8,-60,-334138.72,11257.981,3.980000000039581,3.6660157
249,9,-45,-334140.34,11256.816,2.35999999998603,2.500976625
249,10,-30,-334141.66,11255.651,1.040000000037253,1.3359375999999998
249,11,-15,-334142.44,11254.699,0.2600000000093132,0.3837891
249,12,0,-334142.7,11254.315,0,0
249,13,15,-334142.44,11254.699,0.2600000000093132,0.3837891
249,14,30,-334141.66,11255.652,1.040000000037253,1.3369140999999998
249,15,45,-334140.34,11256.816,2.35999999998603,2.500976625
249,16,60,-334138.72,11257.981,3.980000000039581,3.6660157
249,17,75,-334137.22,11258.93,5.480000000039581,4.6142579
249,18,90,-334136.62,11259.302,6.080000000016298,4.9863282
249,19,105,-334137.25,11258.936,5.4500000000116415,4.620117199999999
249,20,120,-334138.75,11257.993,3.9500000000116415,3.6777344
249,21,135,-334140.34,11256.845,2.35999999998603,2.529296938
249,22,150,-334141.66,11255.682,1.040000000037253,1.3662109999999998
249,23,165,-334142.44,11254.712,0.2600000000093132,0.39648439999999985
249,24,180,-334142.7,11254.315,0,0
250,1,-165,-526978.94,11027.646,2.5,1.1123047000000001
250,2,-150,-526980.94,11027.431,0.5,0.8964844000000001
250,3,-135,-526981.06,11027.817,0.3799999998882413,1.2832031000000002
250,4,-120,-526979.94,11028.719,1.5,2.18457032
250,5,-105,-526980.1,11029.146,1.3399999999674037,2.6123047
250,6,-90,-526981,11028.193,0.4399999999441206,1.6591797000000001
250,7,-75,-526981.44,11028.176,0,1.6416016
250,8,-60,-526981.4,11028.495,0.0399999999208375,1.9609375
250,9,-45,-526980.5,11029.987,0.9399999999441206,3.453125
250,10,-30,-526979.25,11031.651,2.1899999999441206,5.1171875
250,11,-15,-526978.3,11032.928,3.1399999998975545,6.3935547
250,12,0,-526977.9,11033.261,3.5399999999208376,6.726562700000001
250,13,15,-526978.3,11032.931,3.1399999998975545,6.3964844
250,14,30,-526979.25,11031.719,2.1899999999441206,5.184570300000001
250,15,45,-526980.5,11029.978,0.9399999999441206,3.4433594000000003
250,16,60,-526981.4,11028.511,0.0399999999208375,1.9765625
250,17,75,-526981.44,11028.174,0,1.6396484500000001
250,18,90,-526981,11028.194,0.4399999999441206,1.6601562600000002
250,19,105,-526980.7,11027.714,0.7399999999906868,1.1796875000000002
250,20,120,-526980.3,11027.166,1.1399999998975543,0.6318359000000002
250,21,135,-526979.7,11026.649,1.7399999999906868,0.11523440000000029
250,22,150,-526981,11026.534,0.4399999999441206,0
250,23,165,-526978.56,11029.325,2.8799999998882413,2.7910156400000004
250,24,180,-526978.8,11029.173,2.6399999998975545,2.638671888
251,1,-165,-624680.44,13545.61,3.31000000005588,3.6035156
251,2,-150,-624681.25,13545.117,2.5,3.1103515
251,3,-135,-624681.8,13544.604,1.9499999999534336,2.596679625
251,4,-120,-624682.25,13544.171,1.5,2.1640624400000004
251,5,-105,-624683.3,13542.981,0.4499999999534338,0.9746093000000002
251,6,-90,-624683.75,13542.261,0,0.2539062000000003
251,7,-75,-624683.7,13542.007,0.0500000000465661,0
251,8,-60,-624682.8,13542.608,0.949999999953434,0.6015624000000002
251,9,-45,-624681.25,13544.092,2.5,2.08496088
251,10,-30,-624679.56,13545.887,4.189999999944121,3.8798828
251,11,-15,-624678.44,13547.512,5.310000000055879,5.504882800000001
251,12,0,-624678.06,13548.081,5.689999999944121,6.0742187
251,13,15,-624678.44,13547.512,5.310000000055879,5.504882800000001
251,14,30,-624679.56,13545.895,4.189999999944121,3.8876952000000005
251,15,45,-624681.25,13544.106,2.5,2.0996093
251,16,60,-624682.8,13542.586,0.949999999953434,0.5791015000000002
251,17,75,-624683.7,13542.008,0.0500000000465661,0.0009765000000001578
251,18,90,-624683.75,13542.261,0,0.2539062000000003
251,19,105,-624683.3,13542.9795,0.4499999999534338,0.9726562000000001
251,20,120,-624682.25,13544.176,1.5,2.16894525
251,21,135,-624681.8,13544.603,1.9499999999534336,2.59570306
251,22,150,-624681.25,13545.115,2.5,3.1083984
251,23,165,-624680.44,13545.61,3.31000000005588,3.6035156
251,24,180,-624679.8,13545.835,3.949999999953434,3.8281249
252,1,-165,-565402.5,10368.558,9.06000000005588,10.9873047
252,2,-150,-565404.6,10362.863,6.960000000079162,5.292968800000001
252,3,-135,-565406.8,10360.953,4.760000000009313,3.3828125
252,4,-120,-565409.44,10358.924,2.1200000001117587,1.3535157
252,5,-105,-565411,10357.891,0.5600000000558794,0.3203125
252,6,-90,-565411.56,10357.571,0,0.0009765999999999941
252,7,-75,-565411.3,10357.858,0.2600000000093132,0.2880859
252,8,-60,-565410.25,10359.1045,1.3100000000558794,1.5341797000000001
252,9,-45,-565409.25,10360.461,2.31000000005588,2.890625
252,10,-30,-565408.25,10361.689,3.31000000005588,4.11914064
252,11,-15,-565407.44,10362.755,4.120000000111759,5.1845703
252,12,0,-565406.9,10363.799,4.660000000032596,6.2285157
252,13,15,-565407.44,10362.774,4.120000000111759,5.2041016
252,14,30,-565408.25,10361.683,3.31000000005588,4.1123047
252,15,45,-565409.25,10360.457,2.31000000005588,2.88671876
252,16,60,-565410.25,10359.108,1.3100000000558794,1.5380859
252,17,75,-565411.3,10357.857,0.2600000000093132,0.2871094000000003
252,18,90,-565411.56,10357.57,0,0
252,19,105,-565411,10357.894,0.5600000000558794,0.32324220000000015
252,20,120,-565409.44,10358.927,2.1200000001117587,1.3564453000000003
252,21,135,-565406.8,10360.947,4.760000000009313,3.3769531400000004
252,22,150,-565404.6,10362.865,6.960000000079162,5.2949219
252,23,165,-565402.5,10368.558,9.06000000005588,10.9873047
252,24,180,-565401.7,10370.305,9.860000000102444,12.7343747
253,1,-165,-356413.16,12649.086,0.120000000053551,0
253,2,-150,-356411.94,12649.917,1.3400000000256114,0.8310550000000001
253,3,-135,-356409.8,12651.459,3.480000000039581,2.3730469999999997
253,4,-120,-356407.1,12653.467,6.180000000051223,4.3808595
253,5,-105,-356404.2,12655.74,9.080000000016298,6.654297
253,6,-90,-356401.84,12657.913,11.440000000002328,8.8271486
253,7,-75,-356401.22,12658.597,12.06000000005588,9.5107423
253,8,-60,-356401.94,12657.76,11.340000000025611,8.673828199999999
253,9,-45,-356402.56,12657.141,10.720000000030268,8.0546876
253,10,-30,-356402.5,12657.23,10.78000000002794,8.1445314
253,11,-15,-356401.5,12658.151,11.78000000002794,9.0654298
253,12,0,-356399.78,12659.511,13.5,10.424805
253,13,15,-356401.5,12658.149,11.78000000002794,9.063476699999999
253,14,30,-356402.5,12657.23,10.78000000002794,8.1445314
253,15,45,-356402.56,12657.141,10.720000000030268,8.0546876
253,16,60,-356401.94,12657.758,11.340000000025611,8.6718751
253,17,75,-356401.22,12658.599,12.06000000005588,9.5126954
253,18,90,-356401.84,12657.906,11.440000000002328,8.8203126
253,19,105,-356404.2,12655.742,9.080000000016298,6.656250099999999
253,20,120,-356407.1,12653.463,6.180000000051223,4.3769532
253,21,135,-356409.8,12651.453,3.480000000039581,2.3671876
253,22,150,-356411.94,12649.914,1.3400000000256114,0.828125
253,23,165,-356413.16,12649.092,0.120000000053551,0.005859499999999684
253,24,180,-356413.28,12649.949,0,0.8632814
254,1,-165,-665825.4,13396.811,0.0399999999208375,0.4482421999999997
254,2,-150,-665824.9,13397.982,0.5399999999208376,1.6201172
254,3,-135,-665823.94,13399.529,1.5,3.16699225
254,4,-120,-665822.6,13401.316,2.839999999967404,4.9541015999999996
254,5,-105,-665821.4,13403.074,4.039999999920838,6.7119140999999996
254,6,-90,-665820.8,13404.012,4.6399999998975545,7.649414
254,7,-75,-665821.44,13403.085,4,6.7226563
254,8,-60,-665822.7,13401.181,2.7399999999906868,4.8183594
254,9,-45,-665824,13399.329,1.4399999999441206,2.96679694
254,10,-30,-665824.94,13397.8545,0.5,1.4921875999999998
254,11,-15,-665825.4,13396.769,0.0399999999208375,0.40625
254,12,0,-665825.44,13396.362,0,0
254,13,15,-665825.4,13396.768,0.0399999999208375,0.40527349999999984
254,14,30,-665824.94,13397.854,0.5,1.4912109999999998
254,15,45,-665824,13399.328,1.4399999999441206,2.96582038
254,16,60,-665822.7,13401.186,2.7399999999906868,4.8232422
254,17,75,-665821.44,13403.084,4,6.7216798
254,18,90,-665820.8,13404.009,4.6399999998975545,7.646484399999999
254,19,105,-665821.4,13403.074,4.039999999920838,6.7119140999999996
254,20,120,-665822.6,13401.315,2.839999999967404,4.953125099999999
254,21,135,-665823.94,13399.529,1.5,3.16699225
254,22,150,-665824.9,13397.982,0.5399999999208376,1.6201172
254,23,165,-665825.4,13396.811,0.0399999999208375,0.4482421999999997
254,24,180,-665825.44,13396.366,0,0.003906299999999696
255,1,-165,-443943.7,14508.069,0.0999999999767169,0.0390625
255,2,-150,-443943.8,14508.657,0,0.6269530999999999
255,3,-135,-443943.75,14509.342,0.0499999999883584,1.3115234
255,4,-120,-443943.12,14509.259,0.6799999999930151,1.2285156000000002
255,5,-105,-443943.56,14508.79,0.2399999999906867,0.7597655999999999
255,6,-90,-443943.75,14508.256,0.0499999999883584,0.2255859
255,7,-75,-443943.1,14508.111,0.7000000000116415,0.08105460000000009
255,8,-60,-443942.16,14508.62,1.6400000000139698,0.5898437000000001
255,9,-45,-443940.3,14510.429,3.5,2.3984374600000002
255,10,-30,-443938.1,14512.857,5.7000000000116415,4.8271484000000004
255,11,-15,-443936.16,14515.395,7.64000000001397,7.364257800000001
255,12,0,-443934.72,14517.181,9.080000000016298,9.1503904
255,13,15,-443936.16,14515.399,7.64000000001397,7.369140399999999
255,14,30,-443938.1,14512.871,5.7000000000116415,4.8408203
255,15,45,-443940.3,14510.422,3.5,2.39160152
255,16,60,-443942.2,14508.737,1.599999999976717,0.7070312000000001
255,17,75,-443943.1,14508.038,0.7000000000116415,0.0078125
255,18,90,-443943.72,14508.03,0.0800000000162981,0
255,19,105,-443943.56,14508.793,0.2399999999906867,0.7626953000000001
255,20,120,-443943.12,14509.309,0.6799999999930151,1.2783202999999999
255,21,135,-443943.75,14509.344,0.0499999999883584,1.3134765000000002
255,22,150,-443943.8,14508.657,0,0.6269530999999999
255,23,165,-443943.7,14508.071,0.0999999999767169,0.04101559999999993
255,24,180,-443943.34,14508.061,0.4599999999627471,0.030273400000000006
256,1,-165,-463101.8,13525.023,2.040000000037253,1.3847656
256,2,-150,-463101.88,13524.747,1.9600000000209548,1.1083984199999999
256,3,-135,-463101.38,13525.097,2.4600000000209548,1.4580077999999999
256,4,-120,-463100.56,13525.337,3.28000000002794,1.6982422
256,5,-105,-463099.94,13524.897,3.900000000023283,1.2587890499999999
256,6,-90,-463100.2,13524.156,3.64000000001397,0.5175780999999999
256,7,-75,-463101.16,13523.99,2.6800000000512227,0.35156249999999994
256,8,-60,-463102.44,13523.945,1.400000000023283,0.30664059999999993
256,9,-45,-463103.4,13523.669,0.4400000000023283,0.030273400000000006
256,10,-30,-463103.84,13523.639,0,0
256,11,-15,-463103.62,13523.965,0.2200000000302679,0.32617186
256,12,0,-463102.84,13524.675,1,1.0361327999999999
256,13,15,-463103.62,13523.962,0.2200000000302679,0.3232421999999999
256,14,30,-463103.84,13523.639,0,0
256,15,45,-463103.4,13523.678,0.4400000000023283,0.0390625
256,16,60,-463102.44,13523.95,1.400000000023283,0.3115234
256,17,75,-463101.16,13523.987,2.6800000000512227,0.34863279999999996
256,18,90,-463100.2,13524.154,3.64000000001397,0.515625
256,19,105,-463099.94,13524.898,3.900000000023283,1.2597656
256,20,120,-463100.56,13525.338,3.28000000002794,1.69921874
256,21,135,-463101.38,13525.093,2.4600000000209548,1.4541015499999999
256,22,150,-463101.88,13524.747,1.9600000000209548,1.1083984199999999
256,23,165,-463101.8,13525.03,2.040000000037253,1.3916015499999999
256,24,180,-463101.25,13525.678,2.590000000025612,2.0390625
257,1,-165,-489995.53,17916.736,0.7699999999604188,1.4863281000000002
257,2,-150,-489995.94,17916.316,0.3599999999860301,1.06640622
257,3,-135,-489996.16,17915.79,0.1400000000139698,0.53906248
257,4,-120,-489996.3,17915.426,0,0.17578120000000008
257,5,-105,-489996.2,17915.25,0.0999999999767169,0
257,6,-90,-489995.62,17915.4,0.6799999999930151,0.15039060000000004
257,7,-75,-489996.2,17915.273,0.0999999999767169,0.0234375
257,8,-60,-489996.3,17915.441,0,0.19140620000000008
257,9,-45,-489996.12,17915.844,0.179999999993015,0.59374998
257,10,-30,-489995.88,17916.352,0.4199999999837018,1.1015624800000001
257,11,-15,-489995.5,17916.746,0.7999999999883585,1.4960937
257,12,0,-489995.03,17917.064,1.2699999999604188,1.8144531000000002
257,13,15,-489995.5,17916.746,0.7999999999883585,1.4960937
257,14,30,-489995.88,17916.35,0.4199999999837018,1.0996093500000002
257,15,45,-489996.12,17915.842,0.179999999993015,0.59179685
257,16,60,-489996.3,17915.436,0,0.18554685000000004
257,17,75,-489996.2,17915.273,0.0999999999767169,0.0234375
257,18,90,-489995.62,17915.4,0.6799999999930151,0.15039060000000004
257,19,105,-489996.2,17915.254,0.0999999999767169,0.003906200000000082
257,20,120,-489996.3,17915.424,0,0.17382810000000004
257,21,135,-489996.16,17915.791,0.1400000000139698,0.5410156
257,22,150,-489995.94,17916.316,0.3599999999860301,1.06640622
257,23,165,-489995.53,17916.736,0.7699999999604188,1.4863281000000002
257,24,180,-489995.03,17917.064,1.2699999999604188,1.8144531000000002
258,1,-165,-311611.94,12039.464,0.9000000000232831,0.41015625
258,2,-150,-311612.78,12039.054,0.0599999999976716,0
258,3,-135,-311612.84,12039.212,0,0.15820314999999996
258,4,-120,-311612.25,12039.829,0.5900000000256114,0.775390625
258,5,-105,-311611.5,12040.668,1.3400000000256114,1.61425781
258,6,-90,-311611.16,12041.172,1.6800000000512227,2.11816405
258,7,-75,-311611.47,12040.682,1.370000000053551,1.62792969
258,8,-60,-311612.22,12039.853,0.620000000053551,0.798828125
258,9,-45,-311612.8,12039.227,0.0400000000372529,0.17285154999999996
258,10,-30,-311612.8,12039.062,0.0400000000372529,0.0078125
258,11,-15,-311612.03,12039.468,0.8099999999976717,0.4140625
258,12,0,-311611.28,12039.806,1.5599999999976717,0.751953125
258,13,15,-311612.03,12039.474,0.8099999999976717,0.41992187
258,14,30,-311612.8,12039.059,0.0400000000372529,0.004882810000000015
258,15,45,-311612.8,12039.235,0.0400000000372529,0.18164064999999996
258,16,60,-311612.22,12039.854,0.620000000053551,0.799804688
258,17,75,-311611.47,12040.683,1.370000000053551,1.62890625
258,18,90,-311611.16,12041.173,1.6800000000512227,2.1191406500000003
258,19,105,-311611.5,12040.661,1.3400000000256114,1.6074218500000002
258,20,120,-311612.25,12039.83,0.5900000000256114,0.776367188
258,21,135,-311612.84,12039.212,0,0.15820314999999996
258,22,150,-311612.78,12039.054,0.0599999999976716,0
258,23,165,-311611.94,12039.464,0.9000000000232831,0.41015625
258,24,180,-311611.28,12039.808,1.5599999999976717,0.75390625
259,1,-165,-524576.4,19008.88,3.099999999976717,2.4023438
259,2,-150,-524578.6,19007.123,0.9000000000232831,0.6445313
259,3,-135,-524579.5,19006.48,0,0.0019531999999999883
259,4,-120,-524579.4,19006.871,0.0999999999767169,0.3925782
259,5,-105,-524578.7,19007.885,0.8000000000465661,1.406250025
259,6,-90,-524577.6,19009.73,1.900000000023283,3.2519532
259,7,-75,-524578.7,19007.916,0.8000000000465661,1.437500025
259,8,-60,-524579.3,19006.9,0.1999999999534338,0.421875
259,9,-45,-524579.5,19006.479,0,0
259,10,-30,-524578.75,19007.088,0.75,0.6093750000000001
259,11,-15,-524576.8,19008.842,2.699999999953434,2.3632813
259,12,0,-524573.8,19011.45,5.699999999953434,4.9707032
259,13,15,-524576.8,19008.852,2.699999999953434,2.3730469000000003
259,14,30,-524578.75,19007.088,0.75,0.6093750000000001
259,15,45,-524579.5,19006.479,0,0
259,16,60,-524579.3,19006.9,0.1999999999534338,0.421875
259,17,75,-524578.7,19007.916,0.8000000000465661,1.437500025
259,18,90,-524577.6,19009.73,1.900000000023283,3.2519532
259,19,105,-524578.7,19007.887,0.8000000000465661,1.40820315
259,20,120,-524579.4,19006.871,0.0999999999767169,0.3925782
259,21,135,-524579.5,19006.48,0,0.0019531999999999883
259,22,150,-524578.6,19007.121,0.9000000000232831,0.6425781500000001
259,23,165,-524576.4,19008.88,3.099999999976717,2.4023438
259,24,180,-524573,19011.389,6.5,4.9101563
260,1,-165,-315406.28,13057.251,4.019999999960419,2.2841797
260,2,-150,-315408.94,13055.771,1.3599999999860302,0.80468748
260,3,-135,-315410.2,13054.967,0.0999999999767169,0
260,4,-120,-315410.3,13055.026,0,0.059570300000000076
260,5,-105,-315409.97,13055.906,0.3300000000162981,0.9394531
260,6,-90,-315409.78,13056.579,0.5199999999604188,1.61230466
260,7,-75,-315410,13055.842,0.2999999999883584,0.874999975
260,8,-60,-315410.3,13054.986,0,0.019531200000000082
260,9,-45,-315410.1,13054.973,0.2000000000116415,0.005859350000000041
260,10,-30,-315408.66,13055.8545,1.6400000000139698,0.88769529
260,11,-15,-315405.97,13057.235,4.330000000016298,2.2685547
260,12,0,-315403.4,13056.951,6.899999999965075,1.984375
260,13,15,-315405.97,13057.245,4.330000000016298,2.2783203
260,14,30,-315408.66,13055.852,1.6400000000139698,0.8847656
260,15,45,-315410.1,13054.973,0.2000000000116415,0.005859350000000041
260,16,60,-315410.3,13054.986,0,0.019531200000000082
260,17,75,-315410,13055.842,0.2999999999883584,0.874999975
260,18,90,-315409.78,13056.579,0.5199999999604188,1.61230466
260,19,105,-315409.97,13055.906,0.3300000000162981,0.9394531
260,20,120,-315410.3,13055.026,0,0.059570300000000076
260,21,135,-315410.2,13054.967,0.0999999999767169,0
260,22,150,-315408.94,13055.771,1.3599999999860302,0.80468748
260,23,165,-315406.28,13057.24,4.019999999960419,2.2734375
260,24,180,-315403.4,13056.949,6.899999999965075,1.9824218
261,1,-165,-464520.9,15138.225,1.9400000000023283,1.48828128
261,2,-150,-464520.5,15138.269,2.340000000025612,1.53222659
261,3,-135,-464519.34,15138.605,3.5,1.86914065
261,4,-120,-464518.03,15139.085,4.809999999997672,2.34863284
261,5,-105,-464517.03,15139.694,5.809999999997672,2.9580078
261,6,-90,-464516.56,15140.159,6.28000000002794,3.4228516
261,7,-75,-464516.94,15140.164,5.900000000023283,3.4277344000000003
261,8,-60,-464519.03,15137.666,3.809999999997672,0.9296875000000001
261,9,-45,-464520.94,15136.853,1.900000000023283,0.11621100000000006
261,10,-30,-464522.22,15136.736,0.620000000053551,0
261,11,-15,-464522.84,15137.077,0,0.3408203000000001
261,12,0,-464522.78,15137.59,0.0599999999976716,0.8535156500000001
261,13,15,-464522.84,15137.09,0,0.3535157
261,14,30,-464522.22,15136.736,0.620000000053551,0
261,15,45,-464520.94,15136.859,1.900000000023283,0.12304690000000007
261,16,60,-464519.03,15137.668,3.809999999997672,0.9316406500000001
261,17,75,-464516.94,15140.164,5.900000000023283,3.4277344000000003
261,18,90,-464516.56,15140.159,6.28000000002794,3.4228516
261,19,105,-464517.03,15139.692,5.809999999997672,2.9560547
261,20,120,-464518.03,15139.085,4.809999999997672,2.34863284
261,21,135,-464519.34,15138.605,3.5,1.86914065
261,22,150,-464520.5,15138.266,2.340000000025612,1.5292969
261,23,165,-464520.9,15138.222,1.9400000000023283,1.48535159
261,24,180,-464520.62,15138.707,2.220000000030268,1.97070315
262,1,-165,-720323.8,16428.887,3.899999999906868,4.8105469
262,2,-150,-720326.2,16426.639,1.5,2.5625
262,3,-135,-720327.4,16425.463,0.2999999999301508,1.3867188
262,4,-120,-720327.7,16425.205,0,1.1289062
262,5,-105,-720327.44,16425.285,0.2600000000093132,1.2089844
262,6,-90,-720326.8,16425.27,0.8999999999068677,1.1933594
262,7,-75,-720327.56,16424.2,0.1399999998975545,0.12304689999999985
262,8,-60,-720327.7,16424.08,0,0.00390619999999986
262,9,-45,-720326.8,16425.293,0.8999999999068677,1.2167969
262,10,-30,-720324.9,16427.738,2.799999999930151,3.6621094
262,11,-15,-720321.9,16431.074,5.799999999930151,6.998047
262,12,0,-720318,16434.934,9.699999999953434,10.857422
262,13,15,-720321.9,16431.123,5.799999999930151,7.046875
262,14,30,-720324.9,16427.719,2.799999999930151,3.6425781
262,15,45,-720326.8,16425.29,0.8999999999068677,1.2128906
262,16,60,-720327.7,16424.076,0,0
262,17,75,-720327.56,16424.201,0.1399999998975545,0.125
262,18,90,-720326.8,16425.258,0.8999999999068677,1.1816406
262,19,105,-720327.44,16425.283,0.2600000000093132,1.2070312
262,20,120,-720327.7,16425.203,0,1.1269531
262,21,135,-720327.4,16425.467,0.2999999999301508,1.390625
262,22,150,-720326.2,16426.639,1.5,2.5625
262,23,165,-720323.8,16428.88,3.899999999906868,4.8046875
262,24,180,-720320.25,16431.758,7.449999999953434,7.6816406
263,1,-165,-452802.06,16438.822,4.239999999990687,1.76953125
263,2,-150,-452802.03,16439.176,4.269999999960419,2.12304688
263,3,-135,-452801.94,16439.598,4.35999999998603,2.5449219
263,4,-120,-452802.1,16440.531,4.2000000000116415,3.4785155999999997
263,5,-105,-452802.9,16440.287,3.3999999999650754,3.234375
263,6,-90,-452803.78,16439.623,2.519999999960419,2.5703125
263,7,-75,-452804.4,16438.996,1.8999999999650756,1.943359375
263,8,-60,-452806.3,16437.053,0,0
263,9,-45,-452805.72,16437.24,0.5800000000162981,0.1875
263,10,-30,-452804.9,16437.64,1.3999999999650754,0.5878905999999999
263,11,-15,-452803.97,16438.586,2.330000000016298,1.53320312
263,12,0,-452803.3,16439.455,3,2.40234375
263,13,15,-452803.97,16438.584,2.330000000016298,1.53125
263,14,30,-452804.9,16437.652,1.3999999999650754,0.5996094000000001
263,15,45,-452805.72,16437.24,0.5800000000162981,0.1875
263,16,60,-452806.3,16437.059,0,0.00585940000000007
263,17,75,-452804.4,16438.998,1.8999999999650756,1.9453125
263,18,90,-452803.78,16439.623,2.519999999960419,2.5703125
263,19,105,-452802.9,16440.287,3.3999999999650754,3.234375
263,20,120,-452802.1,16440.531,4.2000000000116415,3.4785155999999997
263,21,135,-452801.94,16439.588,4.35999999998603,2.53515625
263,22,150,-452802.03,16439.178,4.269999999960419,2.125
263,23,165,-452802.06,16438.822,4.239999999990687,1.76953125
263,24,180,-452802.03,16438.752,4.269999999960419,1.69921875
264,1,-165,-516287.06,17732.63,0.1599999999743886,0.04492190000000007
264,2,-150,-516286.5,17732.877,0.7199999999720603,0.29101559999999993
264,3,-135,-516285.66,17733.232,1.5599999999976717,0.6464844000000001
264,4,-120,-516284.78,17733.555,2.4399999999441206,0.96875
264,5,-105,-516283.94,17734.094,3.279999999969732,1.5078125
264,6,-90,-516283.3,17734.945,3.919999999983702,2.359375
264,7,-75,-516282.72,17736.348,4.5,3.7617187000000003
264,8,-60,-516283.06,17736.328,4.159999999974389,3.7421875
264,9,-45,-516282.88,17735.871,4.339999999967404,3.2851562999999997
264,10,-30,-516282.34,17735.33,4.879999999946449,2.7441406
264,11,-15,-516281.72,17734.816,5.5,2.23046875
264,12,0,-516281.3,17734.66,5.919999999983702,2.07421875
264,13,15,-516281.72,17734.816,5.5,2.23046875
264,14,30,-516282.34,17735.36,4.879999999946449,2.7734375
264,15,45,-516282.88,17735.873,4.339999999967404,3.2871094000000003
264,16,60,-516283.06,17736.348,4.159999999974389,3.7617187000000003
264,17,75,-516282.72,17736.36,4.5,3.7734375
264,18,90,-516283.3,17734.943,3.919999999983702,2.35742188
264,19,105,-516283.94,17734.096,3.279999999969732,1.50976562
264,20,120,-516284.78,17733.549,2.4399999999441206,0.9628906
264,21,135,-516285.66,17733.14,1.5599999999976717,0.5546875
264,22,150,-516286.5,17732.873,0.7199999999720603,0.28710940000000007
264,23,165,-516287.06,17732.63,0.1599999999743886,0.04492190000000007
264,24,180,-516287.22,17732.586,0,0
265,1,-165,-334148.53,11340.237,0.2699999999604188,0.47460939999999985
265,2,-150,-334147.7,11341.428,1.099999999976717,1.6650391
265,3,-135,-334146.3,11342.952,2.5,3.18945316
265,4,-120,-334144.62,11344.535,4.179999999993015,4.772461
265,5,-105,-334143.03,11345.946,5.769999999960419,6.183593800000001
265,6,-90,-334142.34,11346.635,6.459999999962747,6.8720704
265,7,-75,-334143,11345.923,5.799999999988359,6.160156300000001
265,8,-60,-334144.53,11344.506,4.269999999960419,4.7431640999999996
265,9,-45,-334146.22,11342.94,2.580000000016298,3.17773441
265,10,-30,-334147.62,11341.433,1.179999999993015,1.6699219
265,11,-15,-334148.5,11340.239,0.2999999999883584,0.47656259999999984
265,12,0,-334148.8,11339.763,0,0
265,13,15,-334148.5,11340.239,0.2999999999883584,0.47656259999999984
265,14,30,-334147.62,11341.433,1.179999999993015,1.6699219
265,15,45,-334146.22,11342.94,2.580000000016298,3.17773441
265,16,60,-334144.53,11344.507,4.269999999960419,4.7441407
265,17,75,-334143,11345.923,5.799999999988359,6.160156300000001
265,18,90,-334142.34,11346.635,6.459999999962747,6.8720704
265,19,105,-334143.03,11345.946,5.769999999960419,6.183593800000001
265,20,120,-334144.62,11344.535,4.179999999993015,4.772461
265,21,135,-334146.3,11342.952,2.5,3.18945316
265,22,150,-334147.7,11341.428,1.099999999976717,1.6650391
265,23,165,-334148.53,11340.237,0.2699999999604188,0.47460939999999985
265,24,180,-334148.8,11339.763,0,0
266,1,-165,-420629.1,15119.232,0.6000000000349246,1.8408202999999999
266,2,-150,-420628.2,15119.99,1.5,2.5986328
266,3,-135,-420627.34,15121.326,2.35999999998603,3.9345703
266,4,-120,-420627.3,15121.902,2.400000000023283,4.5107422
266,5,-105,-420628.22,15120.633,1.4800000000395812,3.2412109
266,6,-90,-420629.22,15118.325,0.4800000000395812,0.9335936999999999
266,7,-75,-420629.7,15117.395,0,0.002929699999999702
266,8,-60,-420629.16,15117.835,0.5400000000372529,0.44335939999999985
266,9,-45,-420627.75,15119.325,1.9500000000116413,1.9335937399999998
266,10,-30,-420626.03,15121.185,3.669999999983702,3.7929687
266,11,-15,-420624.56,15122.888,5.14000000001397,5.4960938
266,12,0,-420623.78,15123.84,5.919999999983702,6.448242199999999
266,13,15,-420624.56,15122.877,5.14000000001397,5.4853515999999996
266,14,30,-420626.03,15121.125,3.669999999983702,3.7333984
266,15,45,-420627.75,15119.299,1.9500000000116413,1.9072265499999999
266,16,60,-420629.16,15117.836,0.5400000000372529,0.4443359
266,17,75,-420629.7,15117.392,0,0
266,18,90,-420629.22,15118.511,0.4800000000395812,1.1191406
266,19,105,-420628.22,15120.625,1.4800000000395812,3.23339842
266,20,120,-420627.3,15121.898,2.400000000023283,4.5068359
266,21,135,-420627.16,15121.39,2.540000000037253,3.9980469
266,22,150,-420628.22,15120.087,1.4800000000395812,2.695312488
266,23,165,-420629.1,15119.235,0.6000000000349246,1.84375
266,24,180,-420629.38,15118.97,0.3200000000069849,1.5781249999999998
267,1,-165,-341196.12,9771.112,0,0.0078125
267,2,-150,-341195.56,9771.254,0.5599999999976717,0.1494141
267,3,-135,-341193.47,9772.889,2.650000000023283,1.7841797000000001
267,4,-120,-341190.03,9775.402,6.089999999967404,4.297851580000001
267,5,-105,-341186.97,9781.654,9.150000000023285,10.5498047
267,6,-90,-341183.88,9784.332,12.239999999990689,13.227539199999999
267,7,-75,-341186.8,9779.24,9.320000000006983,8.1357422
267,8,-60,-341191.2,9775.813,4.919999999983702,4.7089844
267,9,-45,-341194.22,9772.86,1.900000000023283,1.7558594000000003
267,10,-30,-341195.84,9771.269,0.279999999969732,0.1640625
267,11,-15,-341196.06,9771.156,0.0599999999976716,0.0517578000000003
267,12,0,-341195.4,9771.895,0.7199999999720603,0.7900391
267,13,15,-341196.06,9771.155,0.0599999999976716,0.050781200000000304
267,14,30,-341195.84,9771.2705,0.279999999969732,0.16601560000000015
267,15,45,-341194.22,9772.871,1.900000000023283,1.7666016
267,16,60,-341191.2,9775.868,4.919999999983702,4.7636719
267,17,75,-341186.9,9779.471,9.21999999997206,8.366211
267,18,90,-341183.88,9784.334,12.239999999990689,13.2294922
267,19,105,-341186.8,9781.402,9.320000000006983,10.297851600000001
267,20,120,-341190.06,9775.445,6.059999999997672,4.3408203
267,21,135,-341193.47,9772.888,2.650000000023283,1.7832032
267,22,150,-341195.56,9771.246,0.5599999999976717,0.1416016
267,23,165,-341196.12,9771.1045,0,0
267,24,180,-341195.5,9771.932,0.6199999999953434,0.8271484
268,1,-165,-312358.62,12585.8125,0.9400000000023284,0.14746099999999984
268,2,-150,-312357.47,12586.332,2.090000000025612,0.6669921999999999
268,3,-135,-312355.9,12587.345,3.6599999999743886,1.6796875
268,4,-120,-312354.28,12588.964,5.279999999969732,3.29882815
268,5,-105,-312353.03,12590.845,6.529999999969732,5.1796875
268,6,-90,-312352.94,12591.83,6.619999999995343,6.1650390999999996
268,7,-75,-312354.22,12591.288,5.340000000025611,5.6230469
268,8,-60,-312356.12,12589.574,3.4400000000023283,3.9091797
268,9,-45,-312357.94,12587.788,1.6199999999953434,2.1230469
268,10,-30,-312359.12,12586.513,0.4400000000023283,0.8476562999999999
268,11,-15,-312359.56,12585.848,0,0.1826171999999997
268,12,0,-312359.34,12585.665,0.2199999999720603,0
268,13,15,-312358.62,12585.806,0.9400000000023284,0.140625
268,14,30,-312357.47,12586.304,2.090000000025612,0.6386718999999998
268,15,45,-312355.9,12587.299,3.6599999999743886,1.6337891
268,16,60,-312354.22,12588.983,5.340000000025611,3.3183594
268,17,75,-312353.03,12590.881,6.529999999969732,5.2158204
268,18,90,-312352.88,12591.735,6.679999999993015,6.0703125
268,19,105,-312354.16,12591.174,5.400000000023283,5.5087890999999996
268,20,120,-312356.12,12589.534,3.4400000000023283,3.8691405999999997
268,21,135,-312357.94,12587.805,1.6199999999953434,2.13964846
268,22,150,-312359.12,12586.519,0.4400000000023283,0.8535155999999999
268,23,165,-312359.56,12585.846,0,0.1806641
268,24,180,-312359.34,12585.665,0.2199999999720603,0
269,1,-165,-418108.16,15576.087,0.1400000000139698,0.3466796999999997
269,2,-150,-418107.53,15576.735,0.7699999999604188,0.9951171999999997
269,3,-135,-418106.16,15577.72,2.14000000001397,1.9794922
269,4,-120,-418104.12,15579.056,4.179999999993015,3.31542968
269,5,-105,-418102.03,15580.208,6.269999999960419,4.4677734
269,6,-90,-418100.56,15580.807,7.739999999990687,5.066406199999999
269,7,-75,-418100.22,15580.664,8.080000000016298,4.9238281
269,8,-60,-418100.53,15580.223,7.769999999960419,4.4824219
269,9,-45,-418100.72,15579.992,7.580000000016298,4.2519531
269,10,-30,-418100.25,15580.225,8.049999999988358,4.484375
269,11,-15,-418098.97,15580.745,9.330000000016298,5.0048828
269,12,0,-418097.66,15580.365,10.64000000001397,4.625
269,13,15,-418098.97,15580.749,9.330000000016298,5.0087890999999996
269,14,30,-418100.25,15580.221,8.049999999988358,4.480468699999999
269,15,45,-418100.72,15579.992,7.580000000016298,4.2519531
269,16,60,-418100.53,15580.219,7.769999999960419,4.4785156
269,17,75,-418100.22,15580.663,8.080000000016298,4.9228515
269,18,90,-418100.56,15580.806,7.739999999990687,5.0654297
269,19,105,-418102.03,15580.193,6.269999999960419,4.453125
269,20,120,-418104.2,15578.985,4.099999999976717,3.24511718
269,21,135,-418106.16,15577.728,2.14000000001397,1.9873047
269,22,150,-418107.53,15576.747,0.7699999999604188,1.0068359
269,23,165,-418108.16,15576.084,0.1400000000139698,0.34375
269,24,180,-418108.3,15575.74,0,0
270,1,-165,-355667.97,11872.839,0.2800000000279397,0.26367189999999985
270,2,-150,-355667.16,11873.581,1.0900000000256114,1.0058593999999998
270,3,-135,-355665.75,11874.991,2.5,2.4160156600000002
270,4,-120,-355663.84,11877.109,4.409999999974389,4.5341797
270,5,-105,-355661.6,11879.496,6.650000000023283,6.9208985
270,6,-90,-355660.84,11881.148,7.409999999974389,8.5732422
270,7,-75,-355662.53,11878.619,5.71999999997206,6.0439454
270,8,-60,-355664.66,11876.568,3.590000000025612,3.9931641
270,9,-45,-355666.16,11874.606,2.090000000025612,2.03125
270,10,-30,-355667.12,11873.474,1.1300000000046566,0.8984375999999998
270,11,-15,-355667.66,11872.824,0.5900000000256114,0.24902349999999984
270,12,0,-355667.8,11872.575,0.4500000000116415,0
270,13,15,-355667.66,11872.824,0.5900000000256114,0.24902349999999984
270,14,30,-355667.12,11873.473,1.1300000000046566,0.8974609999999998
270,15,45,-355666.16,11874.607,2.090000000025612,2.0322266
270,16,60,-355664.66,11876.569,3.590000000025612,3.9941406600000002
270,17,75,-355662.53,11878.621,5.71999999997206,6.0458985
270,18,90,-355660.84,11881.148,7.409999999974389,8.5732422
270,19,105,-355661.6,11879.499,6.650000000023283,6.9238282
270,20,120,-355663.84,11877.108,4.409999999974389,4.5332032
270,21,135,-355665.75,11874.993,2.5,2.4179688
270,22,150,-355667.16,11873.583,1.0900000000256114,1.0078125999999998
270,23,165,-355667.97,11872.84,0.2800000000279397,0.26464849999999984
270,24,180,-355668.25,11872.591,0,0.015625
271,1,-165,-431734.9,12199.34,0.1599999999743886,2.9394531
271,2,-150,-431735,12198.775,0.0599999999976716,2.374999975
271,3,-135,-431735.06,12198.208,0,1.8076171600000002
271,4,-120,-431735,12197.732,0.0599999999976716,1.3320312
271,5,-105,-431734.94,12197.226,0.1199999999953433,0.8251953000000001
271,6,-90,-431735,12196.728,0.0599999999976716,0.3271484
271,7,-75,-431734.97,12196.4,0.0900000000256113,0
271,8,-60,-431734.5,12196.47,0.5599999999976717,0.0693359
271,9,-45,-431734.06,12198.897,1,2.497070288
271,10,-30,-431733.1,12200.582,1.9600000000209548,4.1816406
271,11,-15,-431731.4,12202.944,3.6599999999743886,6.543945300000001
271,12,0,-431728.72,12206.123,6.340000000025611,9.7226562
271,13,15,-431731.4,12202.943,3.6599999999743886,6.5429686
271,14,30,-431733.1,12200.581,1.9600000000209548,4.180664
271,15,45,-431734.06,12198.903,1,2.502929662
271,16,60,-431734.5,12196.47,0.5599999999976717,0.0693359
271,17,75,-431734.97,12196.4,0.0900000000256113,0
271,18,90,-431735,12196.728,0.0599999999976716,0.3271484
271,19,105,-431734.94,12197.226,0.1199999999953433,0.8251953000000001
271,20,120,-431735,12197.732,0.0599999999976716,1.3320312
271,21,135,-431735.06,12198.208,0,1.8076171600000002
271,22,150,-431735,12198.773,0.0599999999976716,2.37304685
271,23,165,-431734.9,12199.34,0.1599999999743886,2.9394531
271,24,180,-431734.97,12199.605,0.0900000000256113,3.2050781
272,1,-165,-397347.97,17326.639,5.830000000016298,4.687499900000001
272,2,-150,-397346.62,17328.451,7.179999999993015,6.499999900000001
272,3,-135,-397345.5,17329.389,8.299999999988358,7.437499900000001
272,4,-120,-397347.16,17328.604,6.64000000001397,6.6523436
272,5,-105,-397349.12,17326.363,4.679999999993015,4.41210925
272,6,-90,-397350.34,17324.885,3.459999999962747,2.9335936
272,7,-75,-397350.72,17324.521,3.080000000016298,2.5703124000000006
272,8,-60,-397350.16,17325.186,3.64000000001397,3.2343749
272,9,-45,-397348.53,17326.88,5.269999999960419,4.929687400000001
272,10,-30,-397346.16,17329.754,7.64000000001397,7.8027342
272,11,-15,-397344.22,17332.773,9.580000000016298,10.8222655
272,12,0,-397343.28,17332.41,10.51999999996042,10.4589842
272,13,15,-397344.4,17328.83,9.399999999965075,6.8789061
272,14,30,-397347.22,17325.46,6.580000000016298,3.5097655000000003
272,15,45,-397350.44,17324.436,3.35999999998603,2.4843749000000006
272,16,60,-397352.78,17322.762,1.0199999999604188,0.8105468000000005
272,17,75,-397353.8,17321.951,0,0
272,18,90,-397353.62,17322.213,0.179999999993015,0.26171860000000047
272,19,105,-397353,17322.7,0.7999999999883585,0.7480468000000005
272,20,120,-397352.78,17323.238,1.0199999999604188,1.2871092000000002
272,21,135,-397352.4,17323.86,1.3999999999650754,1.9082030000000003
272,22,150,-397351.66,17323.727,2.14000000001397,1.7753905000000003
272,23,165,-397350.9,17324.21,2.8999999999650754,2.2597655000000003
272,24,180,-397349.28,17325.504,4.519999999960419,3.5527342500000003
273,1,-165,-297006.62,10181.197,0.4100000000325963,0.47558599999999984
273,2,-150,-297005.38,10182.386,1.650000000023283,1.6640625999999998
273,3,-135,-297003.5,10183.884,3.53000000002794,3.1621094
273,4,-120,-297001.22,10185.474,5.810000000055879,4.75195319
273,5,-105,-296999.06,10187.003,7.970000000030268,6.281250099999999
273,6,-90,-296997.7,10187.826,9.330000000016298,7.104492199999999
273,7,-75,-296997.72,10187.509,9.31000000005588,6.7871094
273,8,-60,-296998.6,10187.145,8.430000000051223,6.4228515999999996
273,9,-45,-296999.44,10186.612,7.590000000025611,5.890625099999999
273,10,-30,-296999.75,10186.089,7.28000000002794,5.36718756
273,11,-15,-296999.5,10185.581,7.53000000002794,4.85937506
273,12,0,-296999.25,10185.206,7.78000000002794,4.48437506
273,13,15,-296999.5,10185.585,7.53000000002794,4.8632813
273,14,30,-296999.75,10186.089,7.28000000002794,5.36718756
273,15,45,-296999.44,10186.612,7.590000000025611,5.890625099999999
273,16,60,-296998.6,10187.141,8.430000000051223,6.4189454
273,17,75,-296997.72,10187.509,9.31000000005588,6.7871094
273,18,90,-296997.7,10187.826,9.330000000016298,7.104492199999999
273,19,105,-296999.06,10187.004,7.970000000030268,6.2822265999999996
273,20,120,-297001.22,10185.474,5.810000000055879,4.75195319
273,21,135,-297003.5,10183.891,3.53000000002794,3.1689454
273,22,150,-297005.38,10182.386,1.650000000023283,1.6640625999999998
273,23,165,-297006.62,10181.197,0.4100000000325963,0.47558599999999984
273,24,180,-297007.03,10180.722,0,0
274,1,-165,-478996.66,19983.342,1.1800000000512227,2.140625
274,2,-150,-478996.8,19983.3,1.040000000037253,2.0996093499999997
274,3,-135,-478996.78,19983.164,1.0599999999976717,1.9628906
274,4,-120,-478996.8,19982.824,1.040000000037253,1.62304685
274,5,-105,-478997.03,19982.389,0.8099999999976717,1.18749998
274,6,-90,-478997.34,19982.025,0.5,0.8242187
274,7,-75,-478997.84,19981.361,0,0.16015619999999986
274,8,-60,-478997.75,19981.201,0.0900000000256113,0
274,9,-45,-478996.88,19981.896,0.9600000000209548,0.6953124999999999
274,10,-30,-478995.5,19983.193,2.340000000025612,1.99218748
274,11,-15,-478994.16,19984.361,3.680000000051223,3.1601562
274,12,0,-478993.72,19984.854,4.120000000053551,3.6523437000000003
274,13,15,-478994.44,19984.463,3.400000000023283,3.2617187
274,14,30,-478995.8,19983.201,2.040000000037253,1.99999998
274,15,45,-478997.1,19981.908,0.7400000000488944,0.7070312
274,16,60,-478997.8,19981.207,0.0400000000372529,0.005859300000000012
274,17,75,-478997.8,19981.332,0.0400000000372529,0.1308593
274,18,90,-478997.25,19982.078,0.5900000000256114,0.8769530999999999
274,19,105,-478996.94,19982.492,0.9000000000232831,1.2910156
274,20,120,-478996.72,19982.906,1.120000000053551,1.7050781
274,21,135,-478996.66,19983.209,1.1800000000512227,2.00781248
274,22,150,-478996.7,19983.299,1.1400000000139698,2.0976562
274,23,165,-478996.6,19983.307,1.2400000000488944,2.1054687
274,24,180,-478996.47,19983.379,1.370000000053551,2.1777343499999997
275,1,-165,-373879.62,12211.868,2.039999999979045,2.1396484
275,2,-150,-373880.56,12210.312,1.099999999976717,0.5830078
275,3,-135,-373880.62,12209.7295,1.0399999999790452,0.0009764999999999358
275,4,-120,-373880.16,12210.172,1.5,0.4433593
275,5,-105,-373879.62,12211.033,2.039999999979045,1.30468748
275,6,-90,-373879.75,12211.418,1.9099999999743889,1.6894531
275,7,-75,-373880.75,12210.807,0.9099999999743886,1.07812498
275,8,-60,-373881.66,12210.066,0,0.33789059999999993
275,9,-45,-373881.62,12210.17,0.0399999999790452,0.44140619999999986
275,10,-30,-373880.4,12211.534,1.2599999999511056,1.80566404
275,11,-15,-373878.25,12214.039,3.4099999999743886,4.3105469
275,12,0,-373876,12215.707,5.659999999974389,5.9785156
275,13,15,-373878.25,12214.028,3.4099999999743886,4.2998047
275,14,30,-373880.4,12211.548,1.2599999999511056,1.8193359
275,15,45,-373881.62,12210.166,0.0399999999790452,0.4375
275,16,60,-373881.66,12210.066,0,0.33789059999999993
275,17,75,-373880.75,12210.809,0.9099999999743886,1.0800781
275,18,90,-373879.75,12211.406,1.9099999999743889,1.67773435
275,19,105,-373879.62,12211.021,2.039999999979045,1.29296872
275,20,120,-373880.16,12210.172,1.5,0.4433593
275,21,135,-373880.62,12209.729,1.0399999999790452,0
275,22,150,-373880.56,12210.313,1.099999999976717,0.5849608999999999
275,23,165,-373879.62,12211.866,2.039999999979045,2.1376953
275,24,180,-373878.4,12212.675,3.2599999999511056,2.946289
276,1,-165,-522218.44,8958.531,0.279999999969732,0.515625
276,2,-150,-522217.66,8959.771,1.0599999999976717,1.7558594
276,3,-135,-522216.4,8961.266,2.3199999999487773,3.24999998
276,4,-120,-522214.97,8962.569,3.75,4.5537109000000004
276,5,-105,-522213.78,8963.409,4.939999999944121,5.3935546
276,6,-90,-522213.3,8963.741,5.419999999983702,5.7255859000000004
276,7,-75,-522213.78,8963.365,4.939999999944121,5.3496094
276,8,-60,-522215,8962.474,3.71999999997206,4.4580078
276,9,-45,-522216.47,8961.166,2.25,3.1503906
276,10,-30,-522217.7,8959.697,1.0199999999604188,1.6816406000000002
276,11,-15,-522218.47,8958.498,0.25,0.4824218
276,12,0,-522218.72,8958.016,0,0
276,13,15,-522218.47,8958.498,0.25,0.4824218
276,14,30,-522217.7,8959.695,1.0199999999604188,1.6796875000000002
276,15,45,-522216.47,8961.166,2.25,3.1503906
276,16,60,-522215,8962.473,3.71999999997206,4.4570312
276,17,75,-522213.78,8963.365,4.939999999944121,5.3496094
276,18,90,-522213.3,8963.741,5.419999999983702,5.7255859000000004
276,19,105,-522213.78,8963.409,4.939999999944121,5.3935546
276,20,120,-522214.97,8962.568,3.75,4.5527344
276,21,135,-522216.4,8961.262,2.3199999999487773,3.24609372
276,22,150,-522217.66,8959.771,1.0599999999976717,1.7558594
276,23,165,-522218.44,8958.531,0.279999999969732,0.515625
276,24,180,-522218.72,8958.016,0,0
277,1,-165,-307081.7,9690.233,0.5499999999883585,0.4101562999999997
277,2,-150,-307080.03,9691.42,2.2199999999720603,1.5966796999999997
277,3,-135,-307077.56,9693.219,4.690000000002328,3.3955078
277,4,-120,-307074.75,9695.31,7.5,5.4863281
277,5,-105,-307072.2,9697.13,10.049999999988358,7.3066406
277,6,-90,-307070.7,9697.464,11.549999999988358,7.640625
277,7,-75,-307070.78,9697.191,11.46999999997206,7.3681640999999996
277,8,-60,-307071.84,9697.076,10.409999999974389,7.252929699999999
277,9,-45,-307072.94,9696.683,9.309999999997672,6.859375
277,10,-30,-307073.6,9696.256,8.650000000023283,6.4326172
277,11,-15,-307073.72,9695.91,8.53000000002794,6.08691405
277,12,0,-307073.62,9695.688,8.630000000004657,5.86523436
277,13,15,-307073.72,9695.91,8.53000000002794,6.08691405
277,14,30,-307073.6,9696.256,8.650000000023283,6.4326172
277,15,45,-307072.94,9696.682,9.309999999997672,6.8583984
277,16,60,-307071.84,9697.076,10.409999999974389,7.252929699999999
277,17,75,-307070.78,9697.191,11.46999999997206,7.3681640999999996
277,18,90,-307070.7,9697.468,11.549999999988358,7.6445313
277,19,105,-307072.2,9697.13,10.049999999988358,7.3066406
277,20,120,-307074.75,9695.337,7.5,5.51367186
277,21,135,-307077.56,9693.219,4.690000000002328,3.3955078
277,22,150,-307080.03,9691.42,2.2199999999720603,1.5966796999999997
277,23,165,-307081.7,9690.233,0.5499999999883585,0.4101562999999997
277,24,180,-307082.25,9689.823,0,0
278,1,-165,-372052.28,13065.887,3.4699999999720603,3.8066406999999995
278,2,-150,-372050.78,13068.093,4.96999999997206,6.0126953599999995
278,3,-135,-372048.47,13071.013,7.28000000002794,8.9326172
278,4,-120,-372045.47,13074.178,10.28000000002794,12.0976563
278,5,-105,-372042.3,13077.197,13.450000000011642,15.1171878
278,6,-90,-372040.5,13076.97,15.25,14.8896488
278,7,-75,-372043.1,13074.166,12.650000000023285,12.0859376
278,8,-60,-372046.47,13070.95,9.28000000002794,8.8701172
278,9,-45,-372049.72,13067.438,6.03000000002794,5.3583985
278,10,-30,-372052.16,13064.354,3.590000000025612,2.2734375999999994
278,11,-15,-372053.56,13062.645,2.1900000000023283,0.5644532
278,12,0,-372054.03,13062.196,1.7199999999720603,0.11621079999999928
278,13,15,-372053.53,13062.836,2.2199999999720603,0.7558593999999994
278,14,30,-372052,13064.898,3.75,2.8183593999999994
278,15,45,-372049.47,13068.064,6.28000000002794,5.98437505
278,16,60,-372046.03,13071.866,9.71999999997206,9.7861328
278,17,75,-372042.16,13075.372,13.590000000025611,13.2919922
278,18,90,-372042.4,13075.765,13.349999999976715,13.6845704
278,19,105,-372045.53,13072.902,10.21999999997206,10.822265699999999
278,20,120,-372048.84,13070.276,6.909999999974389,8.1962891
278,21,135,-372051.72,13067.555,4.03000000002794,5.474609399999999
278,22,150,-372053.88,13065,1.8699999999953436,2.9199219
278,23,165,-372055.2,13063.134,0.5499999999883585,1.0537107999999993
278,24,180,-372055.75,13062.08,0,0
279,1,-165,-347998.38,11795.479,0.6199999999953434,1.32617188
279,2,-150,-347998.75,11794.388,0.25,0.23535154000000003
279,3,-135,-347999,11794.222,0,0.06933593999999998
279,4,-120,-347998.97,11794.52,0.0300000000279396,0.3671875
279,5,-105,-347998.9,11794.9,0.0999999999767169,0.748046878
279,6,-90,-347998.88,11795.016,0.1199999999953433,0.86328125
279,7,-75,-347998.94,11794.814,0.0599999999976716,0.66210938
279,8,-60,-347999,11794.393,0,0.24023437999999997
279,9,-45,-347998.94,11794.152,0.0599999999976716,0
279,10,-30,-347998.66,11794.534,0.3400000000256113,0.38183594
279,11,-15,-347998.34,11795.864,0.6599999999743886,1.71191404
279,12,0,-347998.25,11796.426,0.75,2.2734375399999998
279,13,15,-347998.34,11795.867,0.6599999999743886,1.71484374
279,14,30,-347998.66,11794.533,0.3400000000256113,0.38085937999999997
279,15,45,-347998.94,11794.152,0.0599999999976716,0
279,16,60,-347999,11794.394,0,0.24121093999999998
279,17,75,-347998.94,11794.814,0.0599999999976716,0.66210938
279,18,90,-347998.88,11795.015,0.1199999999953433,0.86230469
279,19,105,-347998.9,11794.9,0.0999999999767169,0.748046878
279,20,120,-347998.97,11794.52,0.0300000000279396,0.3671875
279,21,135,-347999,11794.223,0,0.0703125
279,22,150,-347998.75,11794.388,0.25,0.23535154000000003
279,23,165,-347998.38,11795.479,0.6199999999953434,1.32617188
279,24,180,-347998.25,11796.423,0.75,2.27050784
280,1,-165,-408036.16,16068.74,0.6800000000512227,1.09179685
280,2,-150,-408036.22,16068.751,0.620000000053551,1.102539038
280,3,-135,-408036.22,16068.838,0.620000000053551,1.1894531
280,4,-120,-408036.2,16068.875,0.6400000000139698,1.22656248
280,5,-105,-408036.28,16068.764,0.5599999999976717,1.11523435
280,6,-90,-408036.38,16068.623,0.4600000000209547,0.9746093499999999
280,7,-75,-408036.84,16067.951,0,0.30273434999999993
280,8,-60,-408036.8,16067.649,0.0400000000372529,0.0009764999999999358
280,9,-45,-408036.03,16068.062,0.8099999999976717,0.4130858999999999
280,10,-30,-408034.7,16068.994,2.14000000001397,1.3457031
280,11,-15,-408033.38,16069.884,3.4600000000209548,2.2353515
280,12,0,-408032.72,16070.217,4.120000000053551,2.5683594
280,13,15,-408033.38,16069.887,3.4600000000209548,2.2382812
280,14,30,-408034.7,16068.993,2.14000000001397,1.34472654
280,15,45,-408036.03,16068.057,0.8099999999976717,0.40820309999999993
280,16,60,-408036.8,16067.648,0.0400000000372529,0
280,17,75,-408036.84,16067.958,0,0.30957029999999996
280,18,90,-408036.38,16068.616,0.4600000000209547,0.96777341
280,19,105,-408036.28,16068.764,0.5599999999976717,1.11523435
280,20,120,-408036.2,16068.877,0.6400000000139698,1.2285156
280,21,135,-408036.22,16068.838,0.620000000053551,1.1894531
280,22,150,-408036.22,16068.745,0.620000000053551,1.0966796619999999
280,23,165,-408036.16,16068.738,0.6800000000512227,1.089843725
280,24,180,-408036.06,16068.803,0.7800000000279397,1.15429685
281,1,-165,-392018.56,12639.531,0.5,0.2851562999999997
281,2,-150,-392017.16,12640.491,1.900000000023283,1.2451171999999997
281,3,-135,-392015.06,12642.275,4,3.0292969
281,4,-120,-392012.66,12644.612,6.400000000023283,5.366211
281,5,-105,-392010.66,12646.853,8.400000000023283,7.6064454
281,6,-90,-392009.78,12647.972,9.279999999969732,8.725586
281,7,-75,-392010.38,12647.445,8.679999999993015,8.1992188
281,8,-60,-392012,12645.744,7.059999999997672,6.498047
281,9,-45,-392013.8,12643.816,5.260000000009313,4.57031256
281,10,-30,-392015.25,12642.311,3.809999999997672,3.0644532
281,11,-15,-392016.1,12641.488,2.9600000000209548,2.2421876
281,12,0,-392016.3,12641.226,2.760000000009313,1.9794921999999997
281,13,15,-392016.1,12641.488,2.9600000000209548,2.2421876
281,14,30,-392015.25,12642.311,3.809999999997672,3.0644532
281,15,45,-392013.8,12643.815,5.260000000009313,4.569336
281,16,60,-392012,12645.743,7.059999999997672,6.4970704
281,17,75,-392010.38,12647.445,8.679999999993015,8.1992188
281,18,90,-392009.78,12647.972,9.279999999969732,8.725586
281,19,105,-392010.66,12646.853,8.400000000023283,7.6064454
281,20,120,-392012.66,12644.612,6.400000000023283,5.366211
281,21,135,-392015.03,12642.274,4.029999999969732,3.0283204
281,22,150,-392017.16,12640.491,1.900000000023283,1.2451171999999997
281,23,165,-392018.56,12639.533,0.5,0.2871093999999994
281,24,180,-392019.06,12639.246,0,0
282,1,-165,-300799.56,11247.357,1.099999999976717,0.3232421999999999
282,2,-150,-300800.56,11247.035,0.0999999999767169,0.0009765999999999941
282,3,-135,-300800.66,11247.4375,0,0.4033203999999999
282,4,-120,-300799.88,11248.871,0.779999999969732,1.8369141
282,5,-105,-300798.78,11250.913,1.879999999946449,3.8789063
282,6,-90,-300798.3,11252.088,2.35999999998603,5.053711
282,7,-75,-300798.78,11250.934,1.879999999946449,3.8994141
282,8,-60,-300799.84,11248.875,0.8199999999487773,1.84082035
282,9,-45,-300800.62,11247.439,0.0399999999790452,0.40527350000000006
282,10,-30,-300800.56,11247.034,0.0999999999767169,0
282,11,-15,-300799.56,11247.349,1.099999999976717,0.3144532
282,12,0,-300798.7,11247.461,1.959999999962747,0.4267578000000001
282,13,15,-300799.56,11247.349,1.099999999976717,0.3144532
282,14,30,-300800.56,11247.034,0.0999999999767169,0
282,15,45,-300800.62,11247.439,0.0399999999790452,0.40527350000000006
282,16,60,-300799.84,11248.875,0.8199999999487773,1.84082035
282,17,75,-300798.78,11250.934,1.879999999946449,3.8994141
282,18,90,-300798.3,11252.088,2.35999999998603,5.053711
282,19,105,-300798.78,11250.913,1.879999999946449,3.8789063
282,20,120,-300799.88,11248.871,0.779999999969732,1.8369141
282,21,135,-300800.66,11247.4375,0,0.4033203999999999
282,22,150,-300800.56,11247.035,0.0999999999767169,0.0009765999999999941
282,23,165,-300799.56,11247.357,1.099999999976717,0.3232421999999999
282,24,180,-300798.7,11247.461,1.959999999962747,0.4267578000000001
283,1,-165,-341805.44,10815.928,0,0
283,2,-150,-341804.7,10816.836,0.7399999999906868,0.9082031000000002
283,3,-135,-341803.06,10818.263,2.3800000000046566,2.3349609
283,4,-120,-341800.7,10819.993,4.739999999990687,4.0654296
283,5,-105,-341797.94,10821.829,7.5,5.9013671
283,6,-90,-341795.72,10822.715,9.720000000030268,6.7871093
283,7,-75,-341798.06,10821.817,7.380000000004657,5.8896484000000004
283,8,-60,-341800.8,10820.053,4.64000000001397,4.124999900000001
283,9,-45,-341803.12,10818.278,2.320000000006985,2.3505859
283,10,-30,-341804.72,10816.816,0.720000000030268,0.8886718000000002
283,11,-15,-341805.44,10815.928,0,0
283,12,0,-341804.94,10817.091,0.5,1.1630859000000002
283,13,15,-341805.44,10815.929,0,0.0009765000000001578
283,14,30,-341804.72,10816.823,0.720000000030268,0.8955078000000001
283,15,45,-341803.12,10818.277,2.320000000006985,2.3496093
283,16,60,-341800.8,10820.053,4.64000000001397,4.124999900000001
283,17,75,-341798.06,10821.818,7.380000000004657,5.890625
283,18,90,-341795.72,10822.717,9.720000000030268,6.789062400000001
283,19,105,-341797.94,10821.825,7.5,5.8974609000000004
283,20,120,-341800.7,10819.993,4.739999999990687,4.0654296
283,21,135,-341803.06,10818.268,2.3800000000046566,2.3398437000000003
283,22,150,-341804.7,10816.838,0.7399999999906868,0.9101562000000001
283,23,165,-341805.44,10815.928,0,0
283,24,180,-341804.94,10817.091,0.5,1.1630859000000002
284,1,-165,-456621.56,17889.033,0.8200000000069849,0.07617189999999985
284,2,-150,-456620.75,17889.574,1.6300000000046566,0.6171875
284,3,-135,-456620.84,17892.72,1.5399999999790452,3.76367188
284,4,-120,-456619.62,17894.42,2.760000000009313,5.4628906
284,5,-105,-456618.28,17896.344,4.099999999976717,7.386718800000001
284,6,-90,-456617.56,17897.352,4.820000000006985,8.3945312
284,7,-75,-456618.66,17896.105,3.720000000030268,7.1484375
284,8,-60,-456620,17894.18,2.3800000000046566,5.2226562
284,9,-45,-456621.12,17892.605,1.2600000000093132,3.6484375
284,10,-30,-456621.97,17891.56,0.4100000000325963,2.6035156
284,11,-15,-456622.38,17890.938,0,1.9804688
284,12,0,-456621.97,17888.957,0.4100000000325963,0
284,13,15,-456621.6,17889.05,0.7800000000279397,0.09375
284,14,30,-456620.84,17889.61,1.5399999999790452,0.6523438000000001
284,15,45,-456619.88,17890.855,2.5,1.8984375
284,16,60,-456618.53,17892.852,3.849999999976717,3.89453125
284,17,75,-456616.62,17895.154,5.760000000009313,6.1972656
284,18,90,-456617.56,17897.346,4.820000000006985,8.388672
284,19,105,-456618.28,17896.346,4.099999999976717,7.3886719
284,20,120,-456619.62,17894.408,2.760000000009313,5.4511719
284,21,135,-456620.88,17892.71,1.5,3.75390625
284,22,150,-456620.75,17889.568,1.6300000000046566,0.6113281000000002
284,23,165,-456621.56,17889.033,0.8200000000069849,0.07617189999999985
284,24,180,-456621.97,17888.973,0.4100000000325963,0.015625
285,1,-165,-300896.88,10591.377,0.150000000023283,1.2705078999999997
285,2,-150,-300896.7,10591.976,0.3300000000162981,1.8691406899999998
285,3,-135,-300896.44,10592.252,0.5900000000256114,2.14550788
285,4,-120,-300896.3,10592.052,0.7300000000395812,1.9453125619999998
285,5,-105,-300896.4,10591.2295,0.6300000000046566,1.1230469399999998
285,6,-90,-300896.8,10590.305,0.2300000000395812,0.19824219999999992
285,7,-75,-300897.03,10590.107,0,0.0009765999999999941
285,8,-60,-300896.7,10591.328,0.3300000000162981,1.2216797499999998
285,9,-45,-300895.34,10592.418,1.6900000000023283,2.3115235
285,10,-30,-300893.7,10593.986,3.330000000016298,3.8798829
285,11,-15,-300892.38,10595.188,4.650000000023283,5.0820313
285,12,0,-300891.9,10595.63,5.130000000004657,5.523437599999999
285,13,15,-300892.38,10595.189,4.650000000023283,5.0830079
285,14,30,-300893.7,10593.984,3.330000000016298,3.8779297999999995
285,15,45,-300895.34,10592.418,1.6900000000023283,2.3115235
285,16,60,-300896.7,10591.38,0.3300000000162981,1.2734375599999999
285,17,75,-300897.03,10590.106,0,0
285,18,90,-300896.8,10590.308,0.2300000000395812,0.20117189999999985
285,19,105,-300896.4,10591.403,0.6300000000046566,1.2968750599999999
285,20,120,-300896.3,10592.053,0.7300000000395812,1.9462891249999998
285,21,135,-300896.44,10592.254,0.5900000000256114,2.147461
285,22,150,-300896.7,10591.977,0.3300000000162981,1.8701172499999998
285,23,165,-300896.88,10591.378,0.150000000023283,1.2714844399999998
285,24,180,-300896.78,10590.405,0.25,0.29882819999999977
286,1,-165,-415938.94,13410.345,0.1199999999953433,0.22558599999999984
286,2,-150,-415938.38,13410.981,0.6799999999930151,0.8623046999999999
286,3,-135,-415937.3,13411.94,1.7600000000093132,1.82128906
286,4,-120,-415935.84,13412.997,3.2199999999720603,2.8779297
286,5,-105,-415934.5,13413.867,4.559999999997672,3.7480469000000003
286,6,-90,-415933.94,13414.411,5.119999999995343,4.2919922
286,7,-75,-415934.56,13414.477,4.5,4.3574219
286,8,-60,-415935.9,13413.707,3.1599999999743886,3.5878905999999997
286,9,-45,-415937.2,13412.562,1.8599999999860304,2.44238281
286,10,-30,-415937.97,13411.662,1.0900000000256114,1.54296875
286,11,-15,-415938.3,13411.229,0.7600000000093132,1.109375
286,12,0,-415938.38,13411.113,0.6799999999930151,0.9941405999999999
286,13,15,-415938.3,13411.229,0.7600000000093132,1.109375
286,14,30,-415937.97,13411.662,1.0900000000256114,1.54296875
286,15,45,-415937.2,13412.562,1.8599999999860304,2.44238281
286,16,60,-415935.9,13413.707,3.1599999999743886,3.5878905999999997
286,17,75,-415934.56,13414.478,4.5,4.3583984000000004
286,18,90,-415933.94,13414.411,5.119999999995343,4.2919922
286,19,105,-415934.5,13413.867,4.559999999997672,3.7480469000000003
286,20,120,-415935.84,13412.997,3.2199999999720603,2.8779297
286,21,135,-415937.3,13411.94,1.7600000000093132,1.82128906
286,22,150,-415938.38,13410.981,0.6799999999930151,0.8623046999999999
286,23,165,-415938.94,13410.345,0.1199999999953433,0.22558599999999984
286,24,180,-415939.06,13410.119,0,0
287,1,-165,-498312.12,8631.661,0.4799999999813735,0.4443359
287,2,-150,-498310.8,8632.726,1.7999999999883585,1.5087891
287,3,-135,-498308.94,8633.885,3.6599999999743886,2.6679688
287,4,-120,-498306.88,8635,5.71999999997206,3.7832031400000004
287,5,-105,-498305.03,8636.143,7.569999999948777,4.92578126
287,6,-90,-498303.84,8636.878,8.759999999951106,5.6611328
287,7,-75,-498303.66,8636.891,8.940000000002328,5.6738281
287,8,-60,-498304.16,8637.092,8.440000000002328,5.875
287,9,-45,-498304.75,8637.3,7.849999999976717,6.0830078
287,10,-30,-498305,8637.104,7.599999999976717,5.886718800000001
287,11,-15,-498304.94,8636.529,7.659999999974389,5.3125
287,12,0,-498304.84,8636.136,7.759999999951106,4.9189453
287,13,15,-498304.94,8636.529,7.659999999974389,5.3125
287,14,30,-498305,8637.104,7.599999999976717,5.886718800000001
287,15,45,-498304.75,8637.298,7.849999999976717,6.0810547
287,16,60,-498304.16,8637.092,8.440000000002328,5.875
287,17,75,-498303.66,8636.891,8.940000000002328,5.6738281
287,18,90,-498303.84,8636.879,8.759999999951106,5.6621094
287,19,105,-498305.03,8636.141,7.569999999948777,4.92382814
287,20,120,-498306.88,8635,5.71999999997206,3.7832031400000004
287,21,135,-498308.94,8633.885,3.6599999999743886,2.6679688
287,22,150,-498310.8,8632.726,1.7999999999883585,1.5087891
287,23,165,-498312.12,8631.661,0.4799999999813735,0.4443359
287,24,180,-498312.6,8631.217,0,0
288,1,-165,-358815.16,12863.148,1.6800000000512227,2.7451172
288,2,-150,-358815.1,12863.248,1.7400000000488944,2.8447265
288,3,-135,-358815.25,12863.038,1.5900000000256114,2.6347655999999997
288,4,-120,-358815.62,12862.07,1.220000000030268,1.66699216
288,5,-105,-358816.06,12861.026,0.7800000000279397,0.6230468499999999
288,6,-90,-358816.53,12860.444,0.3099999999976717,0.04101559999999993
288,7,-75,-358816.84,12860.405,0,0.00195309999999993
288,8,-60,-358816.75,12860.581,0.0900000000256113,0.17773439999999985
288,9,-45,-358816.28,12860.748,0.5599999999976717,0.3447265399999999
288,10,-30,-358815.6,12861.015,1.2400000000488944,0.6113280999999999
288,11,-15,-358814.9,12861.42,1.9400000000023283,1.01660154
288,12,0,-358814.62,12861.632,2.220000000030268,1.2285156
288,13,15,-358814.9,12861.422,1.9400000000023283,1.01855466
288,14,30,-358815.6,12861.022,1.2400000000488944,0.6191405999999999
288,15,45,-358816.3,12860.717,0.5400000000372529,0.3134765399999999
288,16,60,-358816.75,12860.592,0.0900000000256113,0.18847649999999994
288,17,75,-358816.84,12860.403,0,0
288,18,90,-358816.53,12860.444,0.3099999999976717,0.04101559999999993
288,19,105,-358816.06,12861.026,0.7800000000279397,0.6230468499999999
288,20,120,-358815.62,12862.07,1.220000000030268,1.66699216
288,21,135,-358815.25,12863.039,1.5900000000256114,2.6357422
288,22,150,-358815.1,12863.262,1.7400000000488944,2.8583984
288,23,165,-358815.16,12863.147,1.6800000000512227,2.7441405999999997
288,24,180,-358815.2,12862.864,1.6400000000139698,2.4609375
289,1,-165,-366475,12628.926,1.7199999999720603,0.79394531
289,2,-150,-366475.6,12628.375,1.1199999999953434,0.24316405000000002
289,3,-135,-366476.06,12628.134,0.6599999999743886,0.001953149999999959
289,4,-120,-366476.4,12628.172,0.3199999999487772,0.040039049999999965
289,5,-105,-366476.66,12628.197,0.0599999999976716,0.06542968999999998
289,6,-90,-366476.72,12628.2295,0,0.09765625
289,7,-75,-366476.56,12628.389,0.1599999999743886,0.25683595
289,8,-60,-366476.3,12628.659,0.4199999999837018,0.52734375
289,9,-45,-366475.88,12628.983,0.8399999999674037,0.8515625
289,10,-30,-366475.38,12629.37,1.3399999999674037,1.23828125
289,11,-15,-366474.84,12629.797,1.879999999946449,1.66503905
289,12,0,-366474.4,12630.057,2.3199999999487773,1.92480465
289,13,15,-366474.84,12629.797,1.879999999946449,1.66503905
289,14,30,-366475.38,12629.372,1.3399999999674037,1.2402343500000002
289,15,45,-366475.88,12628.986,0.8399999999674037,0.85449219
289,16,60,-366476.3,12628.657,0.4199999999837018,0.525390625
289,17,75,-366476.56,12628.389,0.1599999999743886,0.25683595
289,18,90,-366476.72,12628.228,0,0.09570314999999996
289,19,105,-366476.66,12628.197,0.0599999999976716,0.06542968999999998
289,20,120,-366476.4,12628.171,0.3199999999487772,0.0390625
289,21,135,-366476.06,12628.132,0.6599999999743886,0
289,22,150,-366475.6,12628.381,1.1199999999953434,0.24902344999999998
289,23,165,-366475,12628.923,1.7199999999720603,0.79101563
289,24,180,-366474.3,12629.337,2.419999999983702,1.2050781499999998
290,1,-165,-559491.4,13909.935,0.6600000000325963,0.2373046000000003
290,2,-150,-559491.5,13910.15,0.5600000000558794,0.453125
290,3,-135,-559491.6,13910.39,0.4600000000791624,0.6923828000000003
290,4,-120,-559491.8,13910.257,0.2600000000093132,0.5595703000000003
290,5,-105,-559492.06,13909.714,0,0.016601599999999994
290,6,-90,-559491.75,13909.697,0.3100000000558793,0
290,7,-75,-559490.3,13911.13,1.7600000000093132,1.4326172000000001
290,8,-60,-559488.8,13914.351,3.260000000009313,4.6533203
290,9,-45,-559487.6,13916.67,4.460000000079162,6.9726562
290,10,-30,-559486.2,13918.867,5.8600000001024455,9.169921800000001
290,11,-15,-559485.1,13920.416,6.960000000079162,10.71875
290,12,0,-559484.7,13921.2705,7.360000000102445,11.5732426
290,13,15,-559485.1,13920.422,6.960000000079162,10.7246094
290,14,30,-559486.2,13918.864,5.8600000001024455,9.166992200000001
290,15,45,-559487.6,13916.67,4.460000000079162,6.9726562
290,16,60,-559488.8,13914.349,3.260000000009313,4.6513672
290,17,75,-559490.3,13911.132,1.7600000000093132,1.4345703
290,18,90,-559491.75,13909.697,0.3100000000558793,0
290,19,105,-559492.06,13909.714,0,0.016601599999999994
290,20,120,-559491.8,13910.257,0.2600000000093132,0.5595703000000003
290,21,135,-559491.6,13910.386,0.4600000000791624,0.6884766
290,22,150,-559491.5,13910.149,0.5600000000558794,0.4521484
290,23,165,-559491.4,13909.935,0.6600000000325963,0.2373046000000003
290,24,180,-559491.3,13909.929,0.7600000000093132,0.2314453000000003
291,1,-165,-358352.1,11128.145,0.2800000000279397,1.2167969
291,2,-150,-358351.88,11128.195,0.5,1.2675781000000002
291,3,-135,-358351.53,11128.147,0.8499999999767169,1.2197265000000002
291,4,-120,-358351.5,11128.017,0.8800000000046566,1.0888672000000001
291,5,-105,-358351.88,11127.577,0.5,0.6494140000000002
291,6,-90,-358352.38,11127.009,0,0.08105470000000015
291,7,-75,-358352.25,11126.929,0.1300000000046566,0.0009765000000001578
291,8,-60,-358351,11127.926,1.3800000000046566,0.9980469000000001
291,9,-45,-358348.72,11129.925,3.660000000032596,2.9970703000000003
291,10,-30,-358346.22,11132.197,6.160000000032596,5.2695312
291,11,-15,-358344.47,11134.332,7.910000000032596,7.4042969
291,12,0,-358344.16,11135.789,8.220000000030268,8.8613281
291,13,15,-358344.5,11134.566,7.880000000004657,7.6386719
291,14,30,-358346.22,11132.192,6.160000000032596,5.2646484000000004
291,15,45,-358348.72,11129.925,3.660000000032596,2.9970703000000003
291,16,60,-358351,11127.928,1.3800000000046566,1.0000000000000002
291,17,75,-358352.25,11126.928,0.1300000000046566,0
291,18,90,-358352.38,11127.017,0,0.08886710000000031
291,19,105,-358351.88,11127.574,0.5,0.6464843000000002
291,20,120,-358351.5,11128.016,0.8800000000046566,1.0878906000000002
291,21,135,-358351.53,11128.148,0.8499999999767169,1.2207031000000002
291,22,150,-358351.88,11128.199,0.5,1.2714843000000002
291,23,165,-358352.1,11128.149,0.2800000000279397,1.2216797000000001
291,24,180,-358351.94,11128.255,0.4400000000023283,1.3271484
292,1,-165,-374813.47,15610.14,0.3100000000558793,0.9951171999999999
292,2,-150,-374812.62,15610.588,1.1600000000325963,1.4433593999999998
292,3,-135,-374812.06,15611.511,1.720000000030268,2.36621096
292,4,-120,-374811.66,15612.049,2.120000000053551,2.9042969
292,5,-105,-374812.2,15610.768,1.580000000016298,1.6230468999999998
292,6,-90,-374812.12,15610.606,1.6600000000325963,1.4619141
292,7,-75,-374811.53,15609.68,2.25,0.5351562999999999
292,8,-60,-374812.22,15609.547,1.5600000000558794,0.4023437999999999
292,9,-45,-374811.06,15610.575,2.720000000030268,1.4306641
292,10,-30,-374809.16,15612.3545,4.620000000053551,3.209961
292,11,-15,-374807.16,15614.056,6.620000000053551,4.9111328
292,12,0,-374805.62,15615.258,8.160000000032596,6.1132814
292,13,15,-374807.12,15614.07,6.660000000032596,4.9257813
292,14,30,-374809.16,15612.3545,4.620000000053551,3.209961
292,15,45,-374811.06,15610.575,2.720000000030268,1.4306641
292,16,60,-374812.22,15609.55,1.5600000000558794,0.40527349999999984
292,17,75,-374812.44,15609.626,1.3400000000256114,0.48144529999999985
292,18,90,-374812.88,15609.145,0.9000000000232831,0
292,19,105,-374812.2,15610.768,1.580000000016298,1.6230468999999998
292,20,120,-374811.66,15612.044,2.120000000053551,2.8994141
292,21,135,-374812.06,15611.511,1.720000000030268,2.36621096
292,22,150,-374812.62,15610.588,1.1600000000325963,1.4433593999999998
292,23,165,-374813.47,15610.135,0.3100000000558793,0.9902343999999998
292,24,180,-374813.78,15610.092,0,0.9472655999999999
293,1,-165,-324091.94,11663.8,0.1199999999953433,0.2890625
293,2,-150,-324091.47,11664.594,0.5900000000256114,1.0830077999999999
293,3,-135,-324090.53,11665.789,1.529999999969732,2.2783203
293,4,-120,-324089.2,11667.225,2.85999999998603,3.7138672
293,5,-105,-324087.75,11668.54,4.309999999997672,5.0292969
293,6,-90,-324087.03,11669.096,5.029999999969732,5.5849609000000004
293,7,-75,-324087.72,11668.518,4.340000000025611,5.0068359000000004
293,8,-60,-324089.1,11667.213,2.9600000000209548,3.7021483999999996
293,9,-45,-324090.44,11665.784,1.6199999999953434,2.2734375
293,10,-30,-324091.44,11664.602,0.6199999999953434,1.0908202999999999
293,11,-15,-324091.94,11663.802,0.1199999999953433,0.2910155999999997
293,12,0,-324092.06,11663.511,0,0
293,13,15,-324091.94,11663.802,0.1199999999953433,0.2910155999999997
293,14,30,-324091.44,11664.602,0.6199999999953434,1.0908202999999999
293,15,45,-324090.44,11665.784,1.6199999999953434,2.2734375
293,16,60,-324089.1,11667.212,2.9600000000209548,3.7011719
293,17,75,-324087.72,11668.518,4.340000000025611,5.0068359000000004
293,18,90,-324087.03,11669.096,5.029999999969732,5.5849609000000004
293,19,105,-324087.75,11668.532,4.309999999997672,5.0214843
293,20,120,-324089.2,11667.226,2.85999999998603,3.7148437
293,21,135,-324090.53,11665.79,1.529999999969732,2.2792968599999996
293,22,150,-324091.47,11664.594,0.5900000000256114,1.0830077999999999
293,23,165,-324091.94,11663.8,0.1199999999953433,0.2890625
293,24,180,-324092.06,11663.511,0,0
294,1,-165,-409200.53,13228.604,0.029999999969732,0.5478516
294,2,-150,-409200.06,13229.6455,0.5,1.5898436999999999
294,3,-135,-409199.66,13231.039,0.9000000000232831,2.98339842
294,4,-120,-409198.5,13232.784,2.059999999997672,4.7285156
294,5,-105,-409196.9,13234.704,3.6599999999743886,6.6484375
294,6,-90,-409195.53,13235.89,5.029999999969732,7.8339844
294,7,-75,-409195.12,13235.272,5.440000000002328,7.2167968
294,8,-60,-409195.8,13233.263,4.760000000009313,5.207031199999999
294,9,-45,-409197.34,13231.105,3.2199999999720603,3.04980468
294,10,-30,-409198.88,13229.371,1.679999999993015,1.3154296999999997
294,11,-15,-409199.94,13228.315,0.6199999999953434,0.2597655999999997
294,12,0,-409200.5,13228.056,0.0599999999976716,0
294,13,15,-409200.56,13228.585,0,0.5292968
294,14,30,-409200.1,13229.601,0.4600000000209547,1.5449218999999998
294,15,45,-409199.75,13230.959,0.8099999999976717,2.9033203
294,16,60,-409198.66,13232.831,1.900000000023283,4.7753906
294,17,75,-409197,13234.825,3.559999999997672,6.769531199999999
294,18,90,-409195.6,13235.962,4.960000000020955,7.906249799999999
294,19,105,-409195.12,13235.34,5.440000000002328,7.284179699999999
294,20,120,-409195.75,13233.235,4.809999999997672,5.1796875
294,21,135,-409197.25,13231.075,3.309999999997672,3.01953124
294,22,150,-409198.78,13229.403,1.779999999969732,1.3476561999999999
294,23,165,-409199.9,13228.348,0.6599999999743886,0.2919921999999997
294,24,180,-409200.5,13228.071,0.0599999999976716,0.015625
295,1,-165,-303797.97,8739.014,3.910000000032596,1.3251952999999999
295,2,-150,-303797.56,8739.84,4.320000000006985,2.1513672
295,3,-135,-303796.9,8741.292,4.9799999999813735,3.6035155999999997
295,4,-120,-303796.1,8742.932,5.78000000002794,5.2431640999999996
295,5,-105,-303795.34,8744.239,6.539999999979045,6.5507813
295,6,-90,-303795.4,8744.427,6.4799999999813735,6.7382813
295,7,-75,-303796.56,8743.229,5.320000000006985,5.5400390999999996
295,8,-60,-303798.22,8741.377,3.660000000032596,3.68847655
295,9,-45,-303799.62,8739.804,2.260000000009313,2.1152344
295,10,-30,-303800.88,8738.579,1,0.890625
295,11,-15,-303801.62,8737.896,0.2600000000093132,0.20800779999999985
295,12,0,-303801.88,8737.688,0,0
295,13,15,-303801.62,8737.897,0.2600000000093132,0.2089843
295,14,30,-303800.88,8738.578,1,0.8896484
295,15,45,-303799.62,8739.804,2.260000000009313,2.1152344
295,16,60,-303798.22,8741.38,3.660000000032596,3.69140624
295,17,75,-303796.56,8743.21,5.320000000006985,5.5214843
295,18,90,-303795.4,8744.43,6.4799999999813735,6.7412109000000004
295,19,105,-303795.34,8744.239,6.539999999979045,6.5507813
295,20,120,-303796.1,8742.932,5.78000000002794,5.2431640999999996
295,21,135,-303796.9,8741.292,4.9799999999813735,3.6035155999999997
295,22,150,-303797.56,8739.84,4.320000000006985,2.1513672
295,23,165,-303797.97,8739.014,3.910000000032596,1.3251952999999999
295,24,180,-303798.06,8738.754,3.820000000006985,1.0654296999999997
296,1,-165,-458870.78,14168.995,0.2199999999720603,0.25292970000000015
296,2,-150,-458870.12,14169.623,0.8800000000046566,0.8808594000000001
296,3,-135,-458869.12,14170.481,1.8800000000046568,1.7392578600000002
296,4,-120,-458867.88,14171.696,3.1199999999953434,2.9541016
296,5,-105,-458866.6,14173.317,4.400000000023283,4.5751954
296,6,-90,-458865.94,14174.393,5.059999999997672,5.6503907
296,7,-75,-458866.72,14173.416,4.28000000002794,4.6738282
296,8,-60,-458868.03,14171.744,2.9699999999720603,3.0019532
296,9,-45,-458869.3,14170.411,1.7000000000116415,1.6689453600000002
296,10,-30,-458870.25,14169.526,0.75,0.7841797000000001
296,11,-15,-458870.8,14168.957,0.2000000000116415,0.21484380000000014
296,12,0,-458871,14168.742,0,0
296,13,15,-458870.8,14168.957,0.2000000000116415,0.21484380000000014
296,14,30,-458870.25,14169.527,0.75,0.7851563000000001
296,15,45,-458869.3,14170.412,1.7000000000116415,1.6699219000000003
296,16,60,-458868.03,14171.74,2.9699999999720603,2.9980469000000003
296,17,75,-458866.72,14173.422,4.28000000002794,4.6796876
296,18,90,-458865.94,14174.393,5.059999999997672,5.6503907
296,19,105,-458866.6,14173.317,4.400000000023283,4.5751954
296,20,120,-458867.88,14171.694,3.1199999999953434,2.9521485000000003
296,21,135,-458869.12,14170.481,1.8800000000046568,1.7392578600000002
296,22,150,-458870.12,14169.608,0.8800000000046566,0.8662110000000001
296,23,165,-458870.78,14168.996,0.2199999999720603,0.25390630000000014
296,24,180,-458871,14168.743,0,0.0009765999999999941
297,1,-165,-325740.22,13103.341,1.0300000000279397,1.0957030000000003
297,2,-150,-325737.9,13105.668,3.349999999976717,3.4228516000000004
297,3,-135,-325734.84,13109.229,6.409999999974389,6.9833984000000004
297,4,-120,-325731.6,13112.553,9.650000000023285,10.3076172
297,5,-105,-325728.53,13113.974,12.71999999997206,11.7285156
297,6,-90,-325726.25,13114.224,15,11.9785156
297,7,-75,-325724.97,13115.386,16.28000000002794,13.140625
297,8,-60,-325724.8,13115.708,16.45000000001164,13.4628906
297,9,-45,-325725.1,13117.681,16.150000000023283,15.435547
297,10,-30,-325726.03,13117.223,15.21999999997206,14.977539
297,11,-15,-325726.6,13116.576,14.650000000023285,14.3310547
297,12,0,-325727.84,13114.817,13.409999999974389,12.5722656
297,13,15,-325727.2,13115.087,14.049999999988358,12.8417969
297,14,30,-325727.34,13115.735,13.909999999974389,13.4902344
297,15,45,-325726.75,13114.279,14.5,12.0341797
297,16,60,-325726.5,13113.404,14.75,11.1591797
297,17,75,-325726.56,13112.85,14.690000000002328,10.6044922
297,18,90,-325726.78,13113.027,14.46999999997206,10.7822266
297,19,105,-325728.5,13113.829,12.75,11.5839844
297,20,120,-325731.78,13112.067,9.46999999997206,9.82226562
297,21,135,-325735.38,13108.349,5.869999999995343,6.1035156
297,22,150,-325738.6,13105.09,2.650000000023283,2.8447266000000004
297,23,165,-325740.7,13102.899,0.5499999999883585,0.6542969999999997
297,24,180,-325741.25,13102.245,0,0
298,1,-165,-536812.44,10817.246,2.260000000009313,2.3242188
298,2,-150,-536812.5,10817.129,2.199999999953434,2.2070313
298,3,-135,-536812.75,10816.832,1.9499999999534336,1.9101563000000001
298,4,-120,-536813.25,10816.534,1.449999999953434,1.6123047000000001
298,5,-105,-536813.8,10816.246,0.8999999999068677,1.32421878
298,6,-90,-536814.3,10815.771,0.3999999999068677,0.8496094000000001
298,7,-75,-536814.6,10815.336,0.0999999999767169,0.4140625000000001
298,8,-60,-536814.7,10815.19,0,0.26855470000000004
298,9,-45,-536814.44,10814.923,0.2600000000093132,0.0009765999999999941
298,10,-30,-536814.2,10814.935,0.5,0.012695300000000076
298,11,-15,-536813.9,10815.048,0.7999999999301508,0.1259766000000001
298,12,0,-536813.8,10815.144,0.8999999999068677,0.22167970000000004
298,13,15,-536813.9,10815.028,0.7999999999301508,0.10644534000000005
298,14,30,-536814.2,10814.934,0.5,0.01171880000000014
298,15,45,-536814.44,10814.922,0.2600000000093132,0
298,16,60,-536814.7,10815.19,0,0.26855470000000004
298,17,75,-536814.6,10815.337,0.0999999999767169,0.4150391000000001
298,18,90,-536814.3,10815.777,0.3999999999068677,0.85546878
298,19,105,-536813.8,10816.243,0.8999999999068677,1.3212891
298,20,120,-536813.25,10816.533,1.449999999953434,1.61132815
298,21,135,-536812.75,10816.831,1.9499999999534336,1.9091797000000001
298,22,150,-536812.5,10817.128,2.199999999953434,2.2060547
298,23,165,-536812.44,10817.247,2.260000000009313,2.3251953
298,24,180,-536812.44,10817.325,2.260000000009313,2.4033203
299,1,-165,-358209.3,11319.844,0.5,0.7333989999999986
299,2,-150,-358207.75,11321.937,2.0499999999883585,2.826171999999999
299,3,-135,-358205.16,11324.947,4.64000000001397,5.8369143999999995
299,4,-120,-358201.56,11328.351,8.239999999990687,9.240234699999998
299,5,-105,-358197.28,11331.432,12.51999999996042,12.3212894
299,6,-90,-358192.8,11333.949,17,14.8388675
299,7,-75,-358188.94,11335.864,20.85999999998603,16.7539066
299,8,-60,-358196.53,11329.968,13.26999999996042,10.857422199999998
299,9,-45,-358198.44,11329.042,11.35999999998603,9.9316409
299,10,-30,-358199.62,11328.145,10.179999999993017,9.03418
299,11,-15,-358200.2,11327.446,9.599999999976715,8.3359378
299,12,0,-358200.28,11327.062,9.51999999996042,7.951172199999999
299,13,15,-358200.2,11327.432,9.599999999976715,8.3212894
299,14,30,-358199.25,11327.897,10.549999999988358,8.787109688
299,15,45,-358198,11329.612,11.799999999988358,10.5019534
299,16,60,-358196.06,11332.275,13.739999999990689,13.1650394
299,17,75,-358188.94,11335.861,20.85999999998603,16.750977
299,18,90,-358192.84,11333.907,16.959999999962747,14.7968753
299,19,105,-358197.28,11331.433,12.51999999996042,12.322265999999999
299,20,120,-358201.56,11328.354,8.239999999990687,9.24316438
299,21,135,-358205.16,11324.959,4.64000000001397,5.848633099999999
299,22,150,-358207.75,11321.937,2.0499999999883585,2.826171999999999
299,23,165,-358209.3,11319.844,0.5,0.7333989999999986
299,24,180,-358209.8,11319.11,0,0
300,1,-165,-467715.62,16341.721,2.820000000006985,1.97656254
300,2,-150,-467717,16341.16,1.4400000000023283,1.41601566
300,3,-135,-467717.9,16340.605,0.5399999999790452,0.86132816
300,4,-120,-467718.28,16340.063,0.1599999999743886,0.31933600000000006
300,5,-105,-467718.44,16339.744,0,0
300,6,-90,-467718.28,16339.853,0.1599999999743886,0.10839850000000006
300,7,-75,-467717.5,16340.269,0.9400000000023284,0.5244141
300,8,-60,-467716.3,16341.394,2.14000000001397,1.6494141
300,9,-45,-467714.88,16342.93,3.559999999997672,3.1855469000000003
300,10,-30,-467713.72,16343.863,4.720000000030268,4.1191406
300,11,-15,-467712.94,16344.115,5.5,4.371093800000001
300,12,0,-467712.7,16344.181,5.739999999990687,4.4365235
300,13,15,-467712.94,16344.111,5.5,4.367187599999999
300,14,30,-467713.72,16343.858,4.720000000030268,4.1142578
300,15,45,-467714.88,16342.928,3.559999999997672,3.1835937999999997
300,16,60,-467716.3,16341.384,2.14000000001397,1.63964848
300,17,75,-467717.5,16340.267,0.9400000000023284,0.5224610000000001
300,18,90,-467718.28,16339.854,0.1599999999743886,0.109375
300,19,105,-467718.44,16339.744,0,0
300,20,120,-467718.28,16340.065,0.1599999999743886,0.3212891
300,21,135,-467717.9,16340.6045,0.5399999999790452,0.8603516
300,22,150,-467717,16341.16,1.4400000000023283,1.41601566
300,23,165,-467715.62,16341.729,2.820000000006985,1.98437504
300,24,180,-467714.66,16342.159,3.78000000002794,2.4150391
301,1,-165,-547035.56,10104.838,0.3799999998882413,0.2792969999999997
301,2,-150,-547034.5,10105.729,1.4399999999441206,1.1699218999999998
301,3,-135,-547032.94,10106.769,3,2.209961
301,4,-120,-547031.4,10107.35,4.539999999920838,2.7910157
301,5,-105,-547030.44,10107.573,5.5,3.0146485
301,6,-90,-547029.94,10107.2,6,2.64160162
301,7,-75,-547029.5,10106.905,6.439999999944121,2.34667975
301,8,-60,-547029.5,10106.925,6.439999999944121,2.366211
301,9,-45,-547029.8,10107.712,6.1399999998975545,3.1533203999999997
301,10,-30,-547030.5,10108.273,5.439999999944121,3.7148437999999997
301,11,-15,-547031.06,10108.449,4.879999999888241,3.8906251
301,12,0,-547031.25,10108.497,4.689999999944121,3.9384765999999996
301,13,15,-547031.06,10108.449,4.879999999888241,3.8906251
301,14,30,-547030.5,10108.271,5.439999999944121,3.7128907
301,15,45,-547029.8,10107.712,6.1399999998975545,3.1533203999999997
301,16,60,-547029.5,10106.929,6.439999999944121,2.37011725
301,17,75,-547029.5,10106.906,6.439999999944121,2.3476563099999996
301,18,90,-547029.94,10107.197,6,2.63867194
301,19,105,-547030.44,10107.516,5.5,2.9570312999999997
301,20,120,-547031.4,10107.35,4.539999999920838,2.7910157
301,21,135,-547032.94,10106.769,3,2.209961
301,22,150,-547034.5,10105.729,1.4399999999441206,1.1699218999999998
301,23,165,-547035.56,10104.838,0.3799999998882413,0.2792969999999997
301,24,180,-547035.94,10104.559,0,0
302,1,-165,-492023.78,10020.854,0.2199999999720603,0
302,2,-150,-492024,10020.981,0,0.12792969999999992
302,3,-135,-492023.72,10021.57,0.2800000000279397,0.71679692
302,4,-120,-492022.94,10022.611,1.0599999999976717,1.75781255
302,5,-105,-492022.06,10023.741,1.9400000000023283,2.8876954
302,6,-90,-492021.7,10024.211,2.2999999999883585,3.3574219000000003
302,7,-75,-492022.03,10023.734,1.9699999999720603,2.8808594
302,8,-60,-492022.9,10022.608,1.099999999976717,1.75488286
302,9,-45,-492023.7,10021.576,0.2999999999883584,0.7226562999999999
302,10,-30,-492024,10020.991,0,0.1376953999999999
302,11,-15,-492023.78,10020.865,0.2199999999720603,0.011718799999999918
302,12,0,-492023.56,10020.876,0.4400000000023283,0.022460999999999842
302,13,15,-492023.78,10020.865,0.2199999999720603,0.011718799999999918
302,14,30,-492024,10020.991,0,0.1376953999999999
302,15,45,-492023.7,10021.576,0.2999999999883584,0.7226562999999999
302,16,60,-492022.9,10022.61,1.099999999976717,1.7568359999999998
302,17,75,-492022.03,10023.734,1.9699999999720603,2.8808594
302,18,90,-492021.7,10024.211,2.2999999999883585,3.3574219000000003
302,19,105,-492022.06,10023.741,1.9400000000023283,2.8876954
302,20,120,-492022.94,10022.611,1.0599999999976717,1.75781255
302,21,135,-492023.72,10021.57,0.2800000000279397,0.71679692
302,22,150,-492024,10020.981,0,0.12792969999999992
302,23,165,-492023.78,10020.854,0.2199999999720603,0
302,24,180,-492023.56,10020.879,0.4400000000023283,0.02539069999999999
303,1,-165,-651003.94,13650.143,0,0.3486328000000001
303,2,-150,-651003.94,13650.314,0,0.5205078000000001
303,3,-135,-651003.9,13650.727,0.0399999999208375,0.9326171000000001
303,4,-120,-651003.7,13651.257,0.2399999999906867,1.4628905600000002
303,5,-105,-651003.56,13651.523,0.3799999998882413,1.7294921000000003
303,6,-90,-651003.5,13651.339,0.4399999999441206,1.5449218
303,7,-75,-651003.3,13651.012,0.6399999998975545,1.2177734000000002
303,8,-60,-651002.7,13651.361,1.2399999999906868,1.5673827500000002
303,9,-45,-651001.5,13652.691,2.4399999999441206,2.8974609
303,10,-30,-651000,13654.627,3.9399999999441206,4.833007800000001
303,11,-15,-650998.7,13656.259,5.239999999990687,6.4648437
303,12,0,-650998.1,13656.558,5.839999999967404,6.763672000000001
303,13,15,-650998.7,13656.259,5.239999999990687,6.4648437
303,14,30,-651000,13654.631,3.9399999999441206,4.836914
303,15,45,-651001.5,13652.684,2.4399999999441206,2.8896484
303,16,60,-651002.7,13651.361,1.2399999999906868,1.5673827500000002
303,17,75,-651003.3,13651.012,0.6399999998975545,1.2177734000000002
303,18,90,-651003.5,13651.34,0.4399999999441206,1.5458984
303,19,105,-651003.56,13651.521,0.3799999998882413,1.7275390000000002
303,20,120,-651003.7,13651.258,0.2399999999906867,1.4638671000000003
303,21,135,-651003.9,13650.731,0.0399999999208375,0.9374999000000002
303,22,150,-651003.94,13650.313,0,0.5195312000000001
303,23,165,-651003.94,13650.145,0,0.35058590000000023
303,24,180,-651003.94,13649.794,0,0
304,1,-165,-584021.4,11526.952,0.1999999999534338,0.4785157
304,2,-150,-584020.6,11528.208,1,1.7343750000000002
304,3,-135,-584019.44,11529.739,2.1600000000325963,3.26562501
304,4,-120,-584017.94,11531.323,3.660000000032596,4.8496094
304,5,-105,-584016.56,11532.725,5.039999999920838,6.2509765999999996
304,6,-90,-584016,11533.451,5.599999999976717,6.9775390999999996
304,7,-75,-584016.56,11532.7295,5.039999999920838,6.2558594
304,8,-60,-584017.9,11531.306,3.699999999953434,4.832031300000001
304,9,-45,-584019.4,11529.738,2.199999999953434,3.26464845
304,10,-30,-584020.6,11528.217,1,1.7431641000000002
304,11,-15,-584021.4,11526.962,0.1999999999534338,0.48828130000000014
304,12,0,-584021.6,11526.474,0,0
304,13,15,-584021.4,11526.962,0.1999999999534338,0.48828130000000014
304,14,30,-584020.6,11528.217,1,1.7431641000000002
304,15,45,-584019.4,11529.737,2.199999999953434,3.2636718900000004
304,16,60,-584017.9,11531.307,3.699999999953434,4.8330078
304,17,75,-584016.56,11532.7295,5.039999999920838,6.2558594
304,18,90,-584016.06,11533.471,5.539999999920838,6.997070300000001
304,19,105,-584016.56,11532.725,5.039999999920838,6.2509765999999996
304,20,120,-584017.94,11531.323,3.660000000032596,4.8496094
304,21,135,-584019.44,11529.739,2.1600000000325963,3.26562501
304,22,150,-584020.6,11528.209,1,1.7353516000000002
304,23,165,-584021.4,11526.953,0.1999999999534338,0.47949220000000015
304,24,180,-584021.6,11526.478,0,0.00390630000000014
305,1,-165,-468465.38,16024.1045,1.9600000000209548,4.4082032
305,2,-150,-468466.5,16021.611,0.8400000000256114,1.91503909
305,3,-135,-468467.16,16020.025,0.1800000000512227,0.3291016
305,4,-120,-468467.34,16019.698,0,0.0019531999999999883
305,5,-105,-468467,16020.246,0.3400000000256113,0.5498047000000001
305,6,-90,-468466.6,16020.83,0.7400000000488944,1.1337891
305,7,-75,-468466.3,16021.143,1.040000000037253,1.4462891
305,8,-60,-468466.4,16019.75,0.9400000000023284,0.053711000000000064
305,9,-45,-468466,16020.048,1.3400000000256114,0.3515625
305,10,-30,-468465.16,16021.171,2.1800000000512227,1.4746094
305,11,-15,-468464,16022.737,3.340000000025612,3.0410156
305,12,0,-468463.03,16024.354,4.309999999997672,4.6572266
305,13,15,-468464,16022.733,3.340000000025612,3.0371094000000003
305,14,30,-468465.16,16021.175,2.1800000000512227,1.47851565
305,15,45,-468466,16020.048,1.3400000000256114,0.3515625
305,16,60,-468466.4,16019.752,0.9400000000023284,0.055664099999999994
305,17,75,-468466.3,16021.147,1.040000000037253,1.4511719
305,18,90,-468466.6,16020.83,0.7400000000488944,1.1337891
305,19,105,-468467,16020.246,0.3400000000256113,0.5498047000000001
305,20,120,-468467.34,16019.696,0,0
305,21,135,-468467.16,16020.024,0.1800000000512227,0.328125
305,22,150,-468466.5,16021.608,0.8400000000256114,1.9121094
305,23,165,-468465.38,16024.085,1.9600000000209548,4.3886719
305,24,180,-468464.25,16026.66,3.090000000025612,6.963867400000001
306,1,-165,-475992.47,17510.816,0.1300000000046566,0.1484375
306,2,-150,-475991.72,17511.186,0.8800000000046566,0.5175782
306,3,-135,-475990.3,17511.84,2.2999999999883585,1.1718749999999998
306,4,-120,-475988.38,17512.832,4.21999999997206,2.16406252
306,5,-105,-475986.3,17514.28,6.299999999988359,3.6113282
306,6,-90,-475984.84,17515.893,7.759999999951106,5.2246094
306,7,-75,-475985.1,17515.24,7.5,4.5722656
306,8,-60,-475986.38,17514.414,6.21999999997206,3.7460937999999997
306,9,-45,-475987.62,17513.824,4.9799999999813735,3.15625
306,10,-30,-475988.38,17513.42,4.21999999997206,2.75195315
306,11,-15,-475988.53,17513.06,4.069999999948777,2.39257815
306,12,0,-475988.4,17512.588,4.199999999953434,1.9199218999999998
306,13,15,-475988.53,17513.05,4.069999999948777,2.38281252
306,14,30,-475988.38,17513.432,4.21999999997206,2.7636719
306,15,45,-475987.62,17513.824,4.9799999999813735,3.15625
306,16,60,-475986.38,17514.416,6.21999999997206,3.7480469
306,17,75,-475985.1,17515.246,7.5,4.578125
306,18,90,-475984.84,17515.893,7.759999999951106,5.2246094
306,19,105,-475986.3,17514.28,6.299999999988359,3.6113282
306,20,120,-475988.38,17512.846,4.21999999997206,2.1777344
306,21,135,-475990.3,17511.84,2.2999999999883585,1.1718749999999998
306,22,150,-475991.72,17511.19,0.8800000000046566,0.5214843999999998
306,23,165,-475992.47,17510.816,0.1300000000046566,0.1484375
306,24,180,-475992.6,17510.668,0,0
307,1,-165,-595476.06,13649.081,0.2399999999906867,0.4296875
307,2,-150,-595475.3,13650.182,1,1.5302733999999998
307,3,-135,-595474,13651.619,2.300000000046566,2.96777342
307,4,-120,-595472.44,13653.209,3.8600000001024455,4.5576172
307,5,-105,-595471.06,13654.822,5.239999999990687,6.1708984000000004
307,6,-90,-595470.56,13655.685,5.739999999990687,7.0332031
307,7,-75,-595471.1,13654.922,5.200000000069849,6.2705078
307,8,-60,-595472.44,13653.381,3.8600000001024455,4.7294922
307,9,-45,-595474,13651.789,2.300000000046566,3.1376953
307,10,-30,-595475.25,13650.297,1.050000000046566,1.6455077999999999
307,11,-15,-595476,13649.124,0.3000000000465661,0.4726562999999997
307,12,0,-595476.3,13648.651,0,0
307,13,15,-595476.06,13649.084,0.2399999999906867,0.4326171999999997
307,14,30,-595475.25,13650.18,1.050000000046566,1.5283202999999999
307,15,45,-595474,13651.624,2.300000000046566,2.97265624
307,16,60,-595472.44,13653.209,3.8600000001024455,4.5576172
307,17,75,-595471.1,13654.825,5.200000000069849,6.1738281
307,18,90,-595470.56,13655.684,5.739999999990687,7.0322265
307,19,105,-595471.06,13654.935,5.239999999990687,6.2832031
307,20,120,-595472.44,13653.384,3.8600000001024455,4.7324219
307,21,135,-595474,13651.79,2.300000000046566,3.1386718599999996
307,22,150,-595475.25,13650.301,1.050000000046566,1.6494140999999998
307,23,165,-595476,13649.129,0.3000000000465661,0.4775391
307,24,180,-595476.3,13648.653,0,0.0019530999999997078
308,1,-165,-336287.8,13483.405,0.0400000000372529,0.01171873999999995
308,2,-150,-336287.84,13483.444,0,0.05078123999999995
308,3,-135,-336287.22,13484.006,0.620000000053551,0.61230468
308,4,-120,-336286.06,13484.914,1.7800000000279397,1.5205077999999999
308,5,-105,-336285,13485.688,2.840000000025612,2.2949219
308,6,-90,-336284.56,13486.145,3.28000000002794,2.7509766
308,7,-75,-336285.03,13485.696,2.809999999997672,2.3027344
308,8,-60,-336286.06,13484.943,1.7800000000279397,1.5498047
308,9,-45,-336287.2,13484.01,0.6400000000139698,0.6162109199999999
308,10,-30,-336287.8,13483.433,0.0400000000372529,0.0390625
308,11,-15,-336287.84,13483.434,0,0.040039049999999965
308,12,0,-336287.66,13483.496,0.1800000000512227,0.10253904999999996
308,13,15,-336287.8,13483.394,0.0400000000372529,0
308,14,30,-336287.8,13483.433,0.0400000000372529,0.0390625
308,15,45,-336287.2,13484,0.6400000000139698,0.6064453
308,16,60,-336286.06,13484.945,1.7800000000279397,1.5517577999999999
308,17,75,-336285.03,13485.7,2.809999999997672,2.3066406
308,18,90,-336284.56,13486.1455,3.28000000002794,2.7519531
308,19,105,-336285,13485.6875,2.840000000025612,2.2939453
308,20,120,-336286.06,13484.913,1.7800000000279397,1.51953124
308,21,135,-336287.22,13484.005,0.620000000053551,0.6113280999999999
308,22,150,-336287.8,13483.432,0.0400000000372529,0.038085900000000006
308,23,165,-336287.84,13483.431,0,0.03710935999999998
308,24,180,-336287.66,13483.493,0.1800000000512227,0.09960935999999998
309,1,-165,-297000.72,10285.667,0.8800000000046566,0.13671876000000005
309,2,-150,-297001.44,10285.534,0.1599999999743886,0.00390626000000005
309,3,-135,-297001.6,10285.763,0,0.23242190000000001
309,4,-120,-297001.25,10286.422,0.3499999999767169,0.89160158
309,5,-105,-297000.72,10287.178,0.8800000000046566,1.6474609500000001
309,6,-90,-297000.47,10287.527,1.1300000000046566,1.9970702999999999
309,7,-75,-297000.72,10287.182,0.8800000000046566,1.6513672000000001
309,8,-60,-297001.25,10286.424,0.3499999999767169,0.8935547
309,9,-45,-297001.6,10285.762,0,0.23144532
309,10,-30,-297001.44,10285.539,0.1599999999743886,0.008789099999999994
309,11,-15,-297000.72,10285.687,0.8800000000046566,0.15625
309,12,0,-297000.1,10285.679,1.5,0.1484375
309,13,15,-297000.72,10285.689,0.8800000000046566,0.15917970000000004
309,14,30,-297001.44,10285.539,0.1599999999743886,0.008789099999999994
309,15,45,-297001.6,10285.762,0,0.23144532
309,16,60,-297001.25,10286.423,0.3499999999767169,0.89257814
309,17,75,-297000.72,10287.178,0.8800000000046566,1.6474609500000001
309,18,90,-297000.47,10287.529,1.1300000000046566,1.9990234
309,19,105,-297000.72,10287.177,0.8800000000046566,1.6464844
309,20,120,-297001.25,10286.422,0.3499999999767169,0.89160158
309,21,135,-297001.6,10285.761,0,0.23046876000000005
309,22,150,-297001.44,10285.53,0.1599999999743886,0
309,23,165,-297000.72,10285.673,0.8800000000046566,0.14257814000000002
309,24,180,-297000.1,10285.681,1.5,0.15039064000000002
310,1,-165,-330986.38,10097.058,0.150000000023283,0.4833984
310,2,-150,-330985.88,10098.247,0.6500000000232831,1.6728515000000002
310,3,-135,-330984.84,10099.679,1.6900000000023283,3.10449212
310,4,-120,-330983.4,10101,3.1300000000046566,4.4257812
310,5,-105,-330982.1,10101.998,4.430000000051223,5.423828
310,6,-90,-330981.56,10102.431,4.970000000030268,5.8564452
310,7,-75,-330982.12,10101.953,4.410000000032596,5.3789062
310,8,-60,-330983.47,10100.821,3.06000000005588,4.2470702000000005
310,9,-45,-330984.9,10099.486,1.6300000000046566,2.912109312
310,10,-30,-330985.9,10098.151,0.6300000000046566,1.5771484000000002
310,11,-15,-330986.38,10097.033,0.150000000023283,0.4589843
310,12,0,-330986.53,10096.574,0,0
310,13,15,-330986.38,10097.033,0.150000000023283,0.4589843
310,14,30,-330985.9,10098.151,0.6300000000046566,1.5771484000000002
310,15,45,-330984.9,10099.486,1.6300000000046566,2.912109312
310,16,60,-330983.47,10100.817,3.06000000005588,4.243164
310,17,75,-330982.12,10101.953,4.410000000032596,5.3789062
310,18,90,-330981.56,10102.429,4.970000000030268,5.8544921
310,19,105,-330982.1,10101.998,4.430000000051223,5.423828
310,20,120,-330983.4,10101.003,3.1300000000046566,4.4287109000000004
310,21,135,-330984.84,10099.679,1.6900000000023283,3.10449212
310,22,150,-330985.88,10098.247,0.6500000000232831,1.6728515000000002
310,23,165,-330986.38,10097.058,0.150000000023283,0.4833984
310,24,180,-330986.53,10096.578,0,0.003906200000000304
311,1,-165,-503795.8,18438.777,2.5,2
311,2,-150,-503795.3,18439.477,3,2.69921875
311,3,-135,-503795.16,18439.502,3.14000000001397,2.7246094
311,4,-120,-503795.44,18438.986,2.85999999998603,2.20898438
311,5,-105,-503796.38,18438.041,1.9199999999837016,1.2636718999999998
311,6,-90,-503797.44,18437.209,0.8599999999860302,0.43164059999999993
311,7,-75,-503798.22,18436.777,0.0800000000162981,0
311,8,-60,-503798.3,18436.783,0,0.00585940000000007
311,9,-45,-503797.84,18436.842,0.4599999999627471,0.06445309999999993
311,10,-30,-503796.78,18437.537,1.5199999999604188,0.7597655999999999
311,11,-15,-503795.75,18438.553,2.5499999999883585,1.775390625
311,12,0,-503795.22,18439.348,3.080000000016298,2.5703125
311,13,15,-503795.22,18439.535,3.080000000016298,2.7578125
311,14,30,-503795.56,18439.305,2.7399999999906868,2.52734375
311,15,45,-503796.3,18438.318,2,1.54101562
311,16,60,-503797,18438.186,1.2999999999883585,1.40820312
311,17,75,-503797.38,18438.54,0.919999999983702,1.76171875
311,18,90,-503797.47,18439.123,0.8300000000162981,2.3457031
311,19,105,-503797.4,18439.82,0.8999999999650754,3.0429687000000003
311,20,120,-503797.34,18440.338,0.9599999999627472,3.5605469000000003
311,21,135,-503797.44,18439.363,0.8599999999860302,2.5859375
311,22,150,-503797.44,18438.764,0.8599999999860302,1.98632812
311,23,165,-503797.2,18438.27,1.099999999976717,1.4921875
311,24,180,-503796.62,18438.207,1.679999999993015,1.4296875
312,1,-165,-332747.84,9971.739,0.2599999999511055,0.4970703000000003
312,2,-150,-332747.1,9972.885,1,1.6425781000000002
312,3,-135,-332745.94,9974.102,2.1599999999743886,2.85937498
312,4,-120,-332744.53,9975.067,3.5699999999487773,3.8251953000000003
312,5,-105,-332743.22,9975.7705,4.880000000004657,4.5283203
312,6,-90,-332742.47,9976.288,5.630000000004657,5.0458984000000004
312,7,-75,-332742.66,9976.356,5.440000000002328,5.1142578
312,8,-60,-332743.72,9976.021,4.380000000004657,4.7792968
312,9,-45,-332745.12,9975.234,2.979999999981373,3.9921875
312,10,-30,-332746.4,9974.057,1.699999999953434,2.8144531
312,11,-15,-332747.28,9972.943,0.8199999999487773,1.7011718000000002
312,12,0,-332747.56,9972.5,0.5399999999790452,1.2578125000000002
312,13,15,-332747.28,9972.943,0.8199999999487773,1.7011718000000002
312,14,30,-332746.4,9974.057,1.699999999953434,2.8144531
312,15,45,-332745.12,9975.234,2.979999999981373,3.9921875
312,16,60,-332743.72,9976.021,4.380000000004657,4.7792968
312,17,75,-332742.66,9976.356,5.440000000002328,5.1142578
312,18,90,-332742.47,9976.288,5.630000000004657,5.0458984000000004
312,19,105,-332743.22,9975.7705,4.880000000004657,4.5283203
312,20,120,-332744.53,9975.065,3.5699999999487773,3.8232421600000004
312,21,135,-332745.94,9974.102,2.1599999999743886,2.85937498
312,22,150,-332747.1,9972.886,1,1.6435547000000001
312,23,165,-332747.84,9971.739,0.2599999999511055,0.4970703000000003
312,24,180,-332748.1,9971.242,0,0
313,1,-165,-297162.78,10241.756,5.689999999944121,6.7021485
313,2,-150,-297162.94,10242.811,5.529999999969732,7.7568359000000004
313,3,-135,-297162.62,10242.105,5.849999999976717,7.0517579
313,4,-120,-297162.97,10239.516,5.5,4.4619140999999996
313,5,-105,-297164.72,10238.424,3.75,3.3701171999999997
313,6,-90,-297166.88,10237.161,1.5899999999674037,2.1074219
313,7,-75,-297168.34,10235.866,0.1299999999464489,0.8125
313,8,-60,-297168.47,10235.223,0,0.16894529999999985
313,9,-45,-297167.03,10235.054,1.4399999999441206,0
313,10,-30,-297165.03,10237.292,3.4399999999441206,2.2382812999999997
313,11,-15,-297162.6,10239.36,5.869999999995343,4.30664065
313,12,0,-297161.75,10239.64,6.71999999997206,4.5859375
313,13,15,-297162.6,10239.347,5.869999999995343,4.2929688
313,14,30,-297165.03,10237.204,3.4399999999441206,2.1503907
313,15,45,-297167.25,10235.803,1.2199999999720603,0.7490234999999998
313,16,60,-297168.47,10235.221,0,0.1669921999999997
313,17,75,-297168.34,10235.874,0.1299999999464489,0.8203125
313,18,90,-297166.88,10237.191,1.5899999999674037,2.1376953
313,19,105,-297164.72,10238.416,3.75,3.3623046999999997
313,20,120,-297162.97,10239.516,5.5,4.4619140999999996
313,21,135,-297162.88,10242.801,5.589999999967404,7.747070299999999
313,22,150,-297162.94,10242.812,5.529999999969732,7.7578125
313,23,165,-297162.78,10241.76,5.689999999944121,6.706054699999999
313,24,180,-297162.4,10240.699,6.069999999948777,5.6455078
314,1,-165,-524590,19274.387,0,0.578125
314,2,-150,-524589.56,19274.65,0.4399999999441206,0.841796875
314,3,-135,-524588,19275.965,2,2.1562499500000003
314,4,-120,-524584.44,19273.809,5.560000000055879,0
314,5,-105,-524584.6,19274.146,5.400000000023283,0.33789064999999996
314,6,-90,-524585.4,19274.877,4.599999999976717,1.068359375
314,7,-75,-524587.06,19275.469,2.9399999999441206,1.66015625
314,8,-60,-524588.6,19274.936,1.400000000023283,1.12695313
314,9,-45,-524589.4,19274.441,0.5999999999767169,0.6328125
314,10,-30,-524589.2,19274.547,0.8000000000465661,0.73828125
314,11,-15,-524588.2,19274.969,1.800000000046566,1.16015625
314,12,0,-524587.25,19274.684,2.75,0.875
314,13,15,-524588.2,19274.977,1.800000000046566,1.16796875
314,14,30,-524589.2,19274.547,0.8000000000465661,0.73828125
314,15,45,-524589.4,19274.45,0.5999999999767169,0.640625
314,16,60,-524588.6,19274.928,1.400000000023283,1.11914063
314,17,75,-524587.06,19275.453,2.9399999999441206,1.64453125
314,18,90,-524585.4,19274.87,4.599999999976717,1.060546875
314,19,105,-524584.6,19274.146,5.400000000023283,0.33789064999999996
314,20,120,-524584.44,19273.809,5.560000000055879,0
314,21,135,-524588,19275.96,2,2.15234375
314,22,150,-524589.56,19274.656,0.4399999999441206,0.84765625
314,23,165,-524590,19274.383,0,0.57421875
314,24,180,-524589.3,19275.12,0.6999999999534339,1.31054687
315,1,-165,-488240.72,8926.913,0.3400000000256113,0.8544921999999999
315,2,-150,-488240.44,8927.604,0.6199999999953434,1.5449218999999998
315,3,-135,-488239.72,8928.421,1.3400000000256114,2.362304712
315,4,-120,-488238.66,8929.265,2.400000000023283,3.2060546999999997
315,5,-105,-488237.7,8929.967,3.35999999998603,3.9082030999999997
315,6,-90,-488237.25,8930.272,3.809999999997672,4.2138672
315,7,-75,-488237.72,8930.189,3.340000000025612,4.1308594
315,8,-60,-488238.75,8929.689,2.309999999997672,3.6308594
315,9,-45,-488239.84,8928.687,1.2199999999720603,2.6279297099999996
315,10,-30,-488240.6,8927.538,0.4600000000209547,1.4794921999999997
315,11,-15,-488240.97,8926.518,0.0900000000256113,0.45898439999999985
315,12,0,-488241.06,8926.059,0,0
315,13,15,-488240.97,8926.518,0.0900000000256113,0.45898439999999985
315,14,30,-488240.6,8927.538,0.4600000000209547,1.4794921999999997
315,15,45,-488239.84,8928.688,1.2199999999720603,2.62988284
315,16,60,-488238.75,8929.6875,2.309999999997672,3.6289062999999997
315,17,75,-488237.72,8930.205,3.340000000025612,4.1464844
315,18,90,-488237.25,8930.271,3.809999999997672,4.2128907
315,19,105,-488237.7,8929.967,3.35999999998603,3.9082030999999997
315,20,120,-488238.66,8929.265,2.400000000023283,3.2060546999999997
315,21,135,-488239.72,8928.421,1.3400000000256114,2.362304712
315,22,150,-488240.44,8927.604,0.6199999999953434,1.5449218999999998
315,23,165,-488240.72,8926.913,0.3400000000256113,0.8544921999999999
315,24,180,-488240.78,8926.53,0.279999999969732,0.4716796999999999
316,1,-165,-346336.34,13213.482,0.8199999999487773,0.8671874999999999
316,2,-150,-346336.88,13213.103,0.279999999969732,0.48730465999999995
316,3,-135,-346337.16,13212.771,0,0.15625
316,4,-120,-346337.16,13212.615,0,0
316,5,-105,-346336.2,13213.247,0.9599999999627472,0.6318358999999999
316,6,-90,-346336.06,13213.646,1.099999999976717,1.03124998
316,7,-75,-346335.25,13213.718,1.9099999999743889,1.10253904
316,8,-60,-346335.03,13214.217,2.129999999946449,1.60156248
316,9,-45,-346334.75,13214.912,2.4099999999743886,2.296875
316,10,-30,-346334.47,13215.58,2.6900000000023283,2.9648437
316,11,-15,-346334.16,13215.882,3,3.2666015
316,12,0,-346334.03,13215.938,3.129999999946449,3.3232422
316,13,15,-346334.16,13215.881,3,3.265625
316,14,30,-346334.47,13215.586,2.6900000000023283,2.9707030999999997
316,15,45,-346334.75,13214.923,2.4099999999743886,2.30761716
316,16,60,-346335.03,13214.214,2.129999999946449,1.59863279
316,17,75,-346335.25,13213.72,1.9099999999743889,1.10449216
316,18,90,-346336.06,13213.6455,1.099999999976717,1.0302734
316,19,105,-346336.2,13213.245,0.9599999999627472,0.6298828
316,20,120,-346337.16,13212.619,0,0.00390619999999986
316,21,135,-346337.16,13212.772,0,0.15722649999999994
316,22,150,-346336.88,13213.101,0.279999999969732,0.4853515399999999
316,23,165,-346336.34,13213.484,0.8199999999487773,0.8691405999999999
316,24,180,-346335.88,13213.71,1.279999999969732,1.09472654
317,1,-165,-490948.12,15989.851,0.9100000000325964,0.2099609
317,2,-150,-490947.84,15990.311,1.1900000000023283,0.6699218
317,3,-135,-490947.22,15990.745,1.8100000000558796,1.1044920999999999
317,4,-120,-490946.2,15991.556,2.830000000016298,1.9150389999999997
317,5,-105,-490945.16,15992.732,3.870000000053551,3.09179682
317,6,-90,-490944.72,15993.98,4.310000000055879,4.339843699999999
317,7,-75,-490945.12,15993.949,3.910000000032596,4.308593699999999
317,8,-60,-490945.94,15993.137,3.090000000025612,3.4960937
317,9,-45,-490946.78,15992.393,2.25,2.751953075
317,10,-30,-490947.38,15991.819,1.650000000023283,2.1787109
317,11,-15,-490947.56,15991.28,1.470000000030268,1.6396483999999998
317,12,0,-490949.03,15992.712,0,3.0712889999999997
317,13,15,-490948.88,15993.142,0.150000000023283,3.5009764999999997
317,14,30,-490948.38,15993.937,0.6500000000232831,4.2958984
317,15,45,-490947.53,15994.943,1.5,5.3027343
317,16,60,-490946.38,15995.808,2.650000000023283,6.166992199999999
317,17,75,-490945.22,15996.377,3.81000000005588,6.7363281
317,18,90,-490944.72,15993.982,4.310000000055879,4.3417968
317,19,105,-490945.16,15992.732,3.870000000053551,3.09179682
317,20,120,-490946.2,15991.566,2.830000000016298,1.9257811999999999
317,21,135,-490947.22,15990.745,1.8100000000558796,1.1044920999999999
317,22,150,-490947.84,15990.309,1.1900000000023283,0.6679686999999999
317,23,165,-490948.12,15989.839,0.9100000000325964,0.1982421999999997
317,24,180,-490948.2,15989.641,0.8300000000162981,0
318,1,-165,-477594.34,18623.379,0.0599999999976716,0.28710939999999985
318,2,-150,-477593.9,18624.154,0.5,1.0624999999999998
318,3,-135,-477593.06,18625.252,1.3400000000256114,2.16015628
318,4,-120,-477590.72,18627.016,3.680000000051223,3.9238282
318,5,-105,-477590.16,18627.596,4.240000000048894,4.5039063
318,6,-90,-477590.1,18627.809,4.300000000046566,4.7167969
318,7,-75,-477590.53,18627.38,3.869999999995344,4.2890625
318,8,-60,-477592.22,18625.89,2.1800000000512227,2.79882815
318,9,-45,-477593.16,18625.158,1.2400000000488944,2.06640628
318,10,-30,-477593.75,18624.566,0.6500000000232831,1.4746093999999998
318,11,-15,-477593.94,18624.137,0.4600000000209547,1.0449218999999998
318,12,0,-477593.9,18623.947,0.5,0.8554687999999999
318,13,15,-477593.94,18624.137,0.4600000000209547,1.0449218999999998
318,14,30,-477593.75,18624.572,0.6500000000232831,1.4804687999999997
318,15,45,-477593.16,18625.154,1.2400000000488944,2.06250002
318,16,60,-477592.22,18625.887,2.1800000000512227,2.7949219
318,17,75,-477590.53,18627.383,3.869999999995344,4.2910156
318,18,90,-477590.1,18627.807,4.300000000046566,4.7148438
318,19,105,-477590.16,18627.598,4.240000000048894,4.5058594
318,20,120,-477590.72,18627.014,3.680000000051223,3.921875
318,21,135,-477593.06,18625.248,1.3400000000256114,2.15625002
318,22,150,-477593.9,18624.15,0.5,1.0585938
318,23,165,-477594.34,18623.377,0.0599999999976716,0.2851562999999997
318,24,180,-477594.4,18623.092,0,0
319,1,-165,-320288.2,10440.749,0.3300000000162981,0.6015625
319,2,-150,-320287.22,10442.276,1.3100000000558794,2.1289062000000003
319,3,-135,-320285.88,10444.185,2.650000000023283,4.03710935
319,4,-120,-320284.38,10445.798,4.150000000023283,5.6503906
319,5,-105,-320283.16,10446.629,5.370000000053551,6.481445300000001
319,6,-90,-320282.72,10446.625,5.810000000055879,6.477539
319,7,-75,-320283.3,10446.1875,5.230000000039581,6.040039
319,8,-60,-320284.6,10445.393,3.930000000051223,5.2451172
319,9,-45,-320285.94,10444.184,2.590000000025612,4.0361328
319,10,-30,-320287,10442.699,1.5300000000279397,2.5517578
319,11,-15,-320287.66,10441.43,0.870000000053551,1.2822266
319,12,0,-320287.84,10440.928,0.6900000000023283,0.7802734
319,13,15,-320287.66,10441.43,0.870000000053551,1.2822266
319,14,30,-320287,10442.699,1.5300000000279397,2.5517578
319,15,45,-320285.94,10444.185,2.590000000025612,4.03710935
319,16,60,-320284.6,10445.394,3.930000000051223,5.2460937
319,17,75,-320283.3,10446.1875,5.230000000039581,6.040039
319,18,90,-320282.72,10446.625,5.810000000055879,6.477539
319,19,105,-320283.16,10446.63,5.370000000053551,6.4824218
319,20,120,-320284.38,10445.796,4.150000000023283,5.6484375
319,21,135,-320285.88,10444.183,2.650000000023283,4.03515622
319,22,150,-320287.22,10442.276,1.3100000000558794,2.1289062000000003
319,23,165,-320288.2,10440.748,0.3300000000162981,0.6005859
319,24,180,-320288.53,10440.147,0,0
320,1,-165,-462899.16,16881.904,0.370000000053551,0.26757810000000004
320,2,-150,-462899.53,16881.648,0,0.01171875
320,3,-135,-462899.47,16881.887,0.0600000000558793,0.25
320,4,-120,-462899.12,16882.68,0.4100000000325963,1.04296875
320,5,-105,-462898.72,16883.74,0.8100000000558794,2.1035155999999997
320,6,-90,-462898.44,16884.395,1.0900000000256114,2.7578125
320,7,-75,-462898.78,16883.62,0.75,1.9824219
320,8,-60,-462899.22,16882.502,0.3100000000558793,0.865234375
320,9,-45,-462899.5,16881.797,0.0300000000279396,0.16015625
320,10,-30,-462899.47,16881.64,0.0600000000558793,0.00390625
320,11,-15,-462899.03,16881.947,0.5,0.31054689999999996
320,12,0,-462898.22,16882.697,1.3100000000558794,1.06054688
320,13,15,-462899.03,16881.947,0.5,0.31054689999999996
320,14,30,-462899.47,16881.637,0.0600000000558793,0
320,15,45,-462899.5,16881.797,0.0300000000279396,0.16015625
320,16,60,-462899.22,16882.504,0.3100000000558793,0.8671875
320,17,75,-462898.78,16883.621,0.75,1.984375
320,18,90,-462898.44,16884.4,1.0900000000256114,2.7636719000000003
320,19,105,-462898.72,16883.736,0.8100000000558794,2.0996094000000003
320,20,120,-462899.12,16882.674,0.4100000000325963,1.03710938
320,21,135,-462899.47,16881.887,0.0600000000558793,0.25
320,22,150,-462899.53,16881.648,0,0.01171875
320,23,165,-462899.16,16881.904,0.370000000053551,0.26757810000000004
320,24,180,-462898.3,16882.63,1.2300000000395812,0.994140625
321,1,-165,-374818.38,15554.584,0.0599999999976716,0.10351559999999993
321,2,-150,-374818.44,15554.48,0,0
321,3,-135,-374818.22,15555.055,0.2200000000302679,0.5742187000000001
321,4,-120,-374817.7,15556.089,0.7399999999906868,1.6083984
321,5,-105,-374817.03,15556.838,1.4099999999743886,2.3574218399999998
321,6,-90,-374816.44,15557.043,2,2.5624999600000002
321,7,-75,-374817.6,15555.908,0.8400000000256114,1.42773434
321,8,-60,-374817.4,15555.594,1.0399999999790452,1.1132811999999999
321,9,-45,-374816.47,15556.137,1.970000000030268,1.65624996
321,10,-30,-374815.1,15557.385,3.340000000025612,2.9042968
321,11,-15,-374813.53,15559.169,4.909999999974389,4.6884765
321,12,0,-374812,15561.041,6.440000000002328,6.5605469
321,13,15,-374813.53,15559.169,4.909999999974389,4.6884765
321,14,30,-374815.1,15557.385,3.340000000025612,2.9042968
321,15,45,-374816.47,15556.139,1.970000000030268,1.65820309
321,16,60,-374817.4,15555.594,1.0399999999790452,1.1132811999999999
321,17,75,-374817.6,15555.908,0.8400000000256114,1.42773434
321,18,90,-374816.9,15556.804,1.5399999999790452,2.32324215
321,19,105,-374817.03,15556.838,1.4099999999743886,2.3574218399999998
321,20,120,-374817.7,15556.088,0.7399999999906868,1.60742184
321,21,135,-374818.22,15555.055,0.2200000000302679,0.5742187000000001
321,22,150,-374818.44,15554.48,0,0
321,23,165,-374818.38,15554.584,0.0599999999976716,0.10351559999999993
321,24,180,-374817.97,15555.33,0.470000000030268,0.8496093
322,1,-165,-309471,9764.012,0.5599999999976717,0.37695310000000015
322,2,-150,-309469.4,9765.144,2.1599999999743886,1.5087890000000002
322,3,-135,-309467.12,9766.826,4.440000000002328,3.19140622
322,4,-120,-309464.6,9768.544,6.960000000020955,4.9091797
322,5,-105,-309462.53,9769.64,9.029999999969732,6.004882800000001
322,6,-90,-309461.72,9769.88,9.840000000025611,6.2451172
322,7,-75,-309462.47,9769.67,9.090000000025611,6.0351562
322,8,-60,-309464.2,9769.015,7.35999999998603,5.3798828
322,9,-45,-309466.03,9767.839,5.529999999969732,4.20410154
322,10,-30,-309467.44,9766.6,4.119999999995343,2.9648437000000003
322,11,-15,-309468.22,9765.732,3.340000000025612,2.0976562000000003
322,12,0,-309468.47,9765.419,3.090000000025612,1.7841797000000001
322,13,15,-309468.22,9765.732,3.340000000025612,2.0976562000000003
322,14,30,-309467.44,9766.6,4.119999999995343,2.9648437000000003
322,15,45,-309466.03,9767.839,5.529999999969732,4.20410154
322,16,60,-309464.2,9769.011,7.35999999998603,5.3759765
322,17,75,-309462.47,9769.669,9.090000000025611,6.0341796
322,18,90,-309461.72,9769.882,9.840000000025611,6.247070300000001
322,19,105,-309462.53,9769.64,9.029999999969732,6.004882800000001
322,20,120,-309464.6,9768.544,6.960000000020955,4.9091797
322,21,135,-309467.12,9766.83,4.440000000002328,3.19531248
322,22,150,-309469.4,9765.144,2.1599999999743886,1.5087890000000002
322,23,165,-309471,9764.012,0.5599999999976717,0.37695310000000015
322,24,180,-309471.56,9763.635,0,0
323,1,-165,-455999.78,16623.459,0.5999999999767169,0.517578125
323,2,-150,-455999.97,16623.373,0.4100000000325963,0.43164062999999997
323,3,-135,-456000.25,16623.426,0.1300000000046566,0.484375
323,4,-120,-456000.38,16623.744,0,0.80273437
323,5,-105,-455999.97,16624.244,0.4100000000325963,1.3027343500000002
323,6,-90,-456000.25,16622.943,0.1300000000046566,0.001953149999999959
323,7,-75,-456000.03,16624.281,0.3499999999767169,1.33984375
323,8,-60,-456000.38,16623.7,0,0.7578125
323,9,-45,-456000.22,16623.355,0.1600000000325963,0.4140625
323,10,-30,-455999.94,16623.346,0.4400000000023283,0.40429687000000003
323,11,-15,-455999.75,16623.434,0.6300000000046566,0.4921875
323,12,0,-455999.53,16623.518,0.8499999999767169,0.576171875
323,13,15,-455999.75,16623.438,0.6300000000046566,0.49609375
323,14,30,-455999.94,16623.342,0.4400000000023283,0.40039062999999997
323,15,45,-456000.22,16623.352,0.1600000000325963,0.41015625
323,16,60,-456000.38,16623.701,0,0.75976563
323,17,75,-456000.03,16624.281,0.3499999999767169,1.33984375
323,18,90,-456000.25,16622.941,0.1300000000046566,0
323,19,105,-455999.97,16624.246,0.4100000000325963,1.3046875
323,20,120,-456000.38,16623.744,0,0.80273437
323,21,135,-456000.25,16623.426,0.1300000000046566,0.484375
323,22,150,-455999.97,16623.371,0.4100000000325963,0.4296875
323,23,165,-455999.78,16623.459,0.5999999999767169,0.517578125
323,24,180,-455999.53,16623.521,0.8499999999767169,0.580078125
324,1,-165,-358796.34,12552.77,5.940000000002328,5.696289
324,2,-150,-358797.97,12551.824,4.310000000055879,4.7509765999999996
324,3,-135,-358798.8,12551.333,3.480000000039581,4.2597656
324,4,-120,-358798.78,12551.622,3.5,4.5488281
324,5,-105,-358798.3,12552.319,3.980000000039581,5.246093699999999
324,6,-90,-358798.06,12552.42,4.220000000030268,5.3466797
324,7,-75,-358798.56,12551.299,3.720000000030268,4.2255859
324,8,-60,-358799.4,12550.005,2.8800000000046566,2.9316405999999997
324,9,-45,-358800.25,12549.26,2.03000000002794,2.1865233999999996
324,10,-30,-358800.75,12549.217,1.5300000000279397,2.1435547
324,11,-15,-358802.28,12547.073,0,0
324,12,0,-358801.94,12547.351,0.3400000000256113,0.2773437999999997
324,13,15,-358802.28,12547.073,0,0
324,14,30,-358800.75,12549.217,1.5300000000279397,2.1435547
324,15,45,-358800.25,12549.262,2.03000000002794,2.1884765999999996
324,16,60,-358799.4,12550.004,2.8800000000046566,2.93066405
324,17,75,-358798.56,12551.292,3.720000000030268,4.21875
324,18,90,-358798.06,12552.418,4.220000000030268,5.3447265999999996
324,19,105,-358798.3,12552.325,3.980000000039581,5.2519531
324,20,120,-358798.78,12551.622,3.5,4.5488281
324,21,135,-358798.8,12551.334,3.480000000039581,4.2607422
324,22,150,-358797.97,12551.825,4.310000000055879,4.7519531
324,23,165,-358796.34,12552.769,5.940000000002328,5.6953125
324,24,180,-358794.84,12553.142,7.440000000002328,6.0683594
325,1,-165,-502088,9668.952,0.8400000000256114,0.1494139999999997
325,2,-150,-502087.38,9669.538,1.4600000000209548,0.7353514999999999
325,3,-135,-502086.22,9670.674,2.620000000053551,1.8710936999999999
325,4,-120,-502084.78,9672.086,4.059999999997672,3.2832030999999997
325,5,-105,-502083.56,9673.272,5.28000000002794,4.4697265
325,6,-90,-502083.12,9673.694,5.720000000030268,4.8916015
325,7,-75,-502083.75,9673.174,5.090000000025611,4.371093699999999
325,8,-60,-502085.12,9672.121,3.720000000030268,3.3183593
325,9,-45,-502086.7,9670.873,2.14000000001397,2.07031245
325,10,-30,-502087.9,9669.812,0.9400000000023284,1.008789
325,11,-15,-502088.62,9669.194,0.2200000000302679,0.39160149999999994
325,12,0,-502088.84,9669.02,0,0.2167968
325,13,15,-502088.62,9669.194,0.2200000000302679,0.39160149999999994
325,14,30,-502087.9,9669.812,0.9400000000023284,1.008789
325,15,45,-502086.7,9670.873,2.14000000001397,2.07031245
325,16,60,-502085.12,9672.12,3.720000000030268,3.3173828
325,17,75,-502083.75,9673.173,5.090000000025611,4.370117199999999
325,18,90,-502083.12,9673.694,5.720000000030268,4.8916015
325,19,105,-502083.56,9673.272,5.28000000002794,4.4697265
325,20,120,-502084.78,9672.086,4.059999999997672,3.2832030999999997
325,21,135,-502086.22,9670.675,2.620000000053551,1.8720702599999999
325,22,150,-502087.38,9669.538,1.4600000000209548,0.7353514999999999
325,23,165,-502088,9668.952,0.8400000000256114,0.1494139999999997
325,24,180,-502088.2,9668.803,0.6400000000139698,0
326,1,-165,-327921,10051.678,0,0.4277343
326,2,-150,-327920.9,10051.918,0.0999999999767169,0.6679686999999999
326,3,-135,-327920.12,10052.417,0.8800000000046566,1.1669921999999997
326,4,-120,-327918.62,10053.216,2.3800000000046566,1.9658202999999999
326,5,-105,-327916.62,10054.265,4.380000000004657,3.0146484
326,6,-90,-327914.62,10055.207,6.380000000004657,3.9570312
326,7,-75,-327913.3,10055.339,7.7000000000116415,4.08886714
326,8,-60,-327912.6,10055.688,8.400000000023283,4.4384765
326,9,-45,-327911.88,10056.555,9.119999999995343,5.3046874
326,10,-30,-327911,10057.687,10,6.4365234000000004
326,11,-15,-327909.9,10058.599,11.099999999976715,7.3486328
326,12,0,-327910.9,10059.005,10.099999999976715,7.7548828
326,13,15,-327911.12,10059.265,9.880000000004657,8.0146482
326,14,30,-327911.44,10058.902,9.559999999997672,7.652343699999999
326,15,45,-327911.47,10058.219,9.53000000002794,6.96875
326,16,60,-327911.3,10057.581,9.700000000011642,6.3310546
326,17,75,-327911.38,10057.31,9.619999999995343,6.0595702
326,18,90,-327911.9,10057.345,9.099999999976715,6.0947265
326,19,105,-327916.62,10054.29,4.380000000004657,3.0400389999999997
326,20,120,-327918.62,10053.215,2.3800000000046566,1.9648436999999999
326,21,135,-327920.12,10052.416,0.8800000000046566,1.1660155999999997
326,22,150,-327920.9,10051.917,0.0999999999767169,0.6669921999999997
326,23,165,-327921,10051.68,0,0.4296873999999997
326,24,180,-327920.72,10051.25,0.2800000000279397,0
327,1,-165,-292374.88,13363.87,3.589999999967404,3.2207032
327,2,-150,-292377.62,13361.4375,0.8499999999767169,0.7880859999999998
327,3,-135,-292378.25,13360.886,0.2199999999720603,0.2363282
327,4,-120,-292378.47,13360.649,0,0
327,5,-105,-292378.16,13360.97,0.3099999999976717,0.32031259999999984
327,6,-90,-292377.4,13361.975,1.0699999999487773,1.3251954
327,7,-75,-292377,13362.603,1.4699999999720603,1.9531250599999999
327,8,-60,-292376.06,13363.607,2.4099999999743886,2.95800788
327,9,-45,-292374.56,13364.872,3.9099999999743886,4.2226563
327,10,-30,-292371.7,13366.562,6.769999999960419,5.9121094
327,11,-15,-292371.4,13367.205,7.069999999948777,6.5556640999999996
327,12,0,-292370.94,13368.005,7.529999999969732,7.355469
327,13,15,-292370.28,13368.98,8.18999999994412,8.3310548
327,14,30,-292372.3,13365.519,6.169999999983702,4.8691407
327,15,45,-292373.3,13364.323,5.169999999983702,3.6738282
327,16,60,-292375.06,13362.93,3.4099999999743886,2.2802735
327,17,75,-292376.34,13362.008,2.129999999946449,1.3583984999999998
327,18,90,-292377.2,13361.481,1.2699999999604188,0.8320312999999999
327,19,105,-292377.72,13361.771,0.75,1.1220704
327,20,120,-292378.38,13361.329,0.0899999999674037,0.6796875999999998
327,21,135,-292378.4,13361.488,0.0699999999487772,0.8388671999999999
327,22,150,-292378,13362.119,0.4699999999720603,1.4697265999999998
327,23,165,-292377.3,13362.829,1.169999999983702,2.1796875599999996
327,24,180,-292374.88,13363.953,3.589999999967404,3.303711
328,1,-165,-393410.6,14454.09,0.2000000000116415,0.5224609
328,2,-150,-393409.97,14455.389,0.8300000000162981,1.821289
328,3,-135,-393408.8,14457.036,2,3.46874999
328,4,-120,-393407.25,14458.733,3.5499999999883585,5.1660156
328,5,-105,-393405.75,14460.159,5.049999999988359,6.5917968
328,6,-90,-393405.06,14460.776,5.739999999990687,7.2089844
328,7,-75,-393405.72,14460.182,5.080000000016298,6.6142578
328,8,-60,-393407.22,14458.781,3.580000000016298,5.2138672
328,9,-45,-393408.8,14457.055,2,3.487304675
328,10,-30,-393409.97,14455.38,0.8300000000162981,1.8124999999999998
328,11,-15,-393410.6,14454.077,0.2000000000116415,0.5097655999999997
328,12,0,-393410.8,14453.57,0,0.002929699999999702
328,13,15,-393410.6,14454.077,0.2000000000116415,0.5097655999999997
328,14,30,-393409.97,14455.38,0.8300000000162981,1.8124999999999998
328,15,45,-393408.8,14457.062,2,3.494140612
328,16,60,-393407.22,14458.781,3.580000000016298,5.2138672
328,17,75,-393405.72,14460.184,5.080000000016298,6.6162109000000004
328,18,90,-393405.06,14460.779,5.739999999990687,7.211914
328,19,105,-393405.75,14460.163,5.049999999988359,6.5957031
328,20,120,-393407.25,14458.73,3.5499999999883585,5.1630859
328,21,135,-393408.8,14457.036,2,3.46874999
328,22,150,-393409.97,14455.397,0.8300000000162981,1.8300781
328,23,165,-393410.6,14454.09,0.2000000000116415,0.5224609
328,24,180,-393410.8,14453.567,0,0
329,1,-165,-382724.84,13255.228,6.159999999974389,3.2304687000000003
329,2,-150,-382726.38,13255.686,4.619999999995343,3.6884765
329,3,-135,-382726.84,13255.93,4.159999999974389,3.932617125
329,4,-120,-382726.3,13256.925,4.7000000000116415,4.9277343
329,5,-105,-382725.34,13259.055,5.659999999974389,7.0576171
329,6,-90,-382724.7,13260.328,6.299999999988359,8.3310546
329,7,-75,-382725.06,13258.766,5.940000000002328,6.7685546
329,8,-60,-382726.44,13257.054,4.559999999997672,5.0566406
329,9,-45,-382730.28,13254.076,0.7199999999720603,2.0791015
329,10,-30,-382730.97,13253.321,0.0300000000279396,1.3242187000000003
329,11,-15,-382731,13252.491,0,0.49414060000000015
329,12,0,-382730.84,13251.997,0.1599999999743886,0
329,13,15,-382731,13252.491,0,0.49414060000000015
329,14,30,-382730.97,13253.322,0.0300000000279396,1.3251952
329,15,45,-382730.28,13254.069,0.7199999999720603,2.0722656
329,16,60,-382726.44,13257.073,4.559999999997672,5.0761718
329,17,75,-382725.06,13258.762,5.940000000002328,6.7646484000000004
329,18,90,-382724.7,13260.328,6.299999999988359,8.3310546
329,19,105,-382725.34,13259.07,5.659999999974389,7.0732421
329,20,120,-382726.3,13256.928,4.7000000000116415,4.930664
329,21,135,-382726.84,13255.921,4.159999999974389,3.923828062
329,22,150,-382726.38,13255.684,4.619999999995343,3.68652338
329,23,165,-382724.84,13255.212,6.159999999974389,3.2148437000000003
329,24,180,-382723.2,13253.653,7.7999999999883585,1.65625
330,1,-165,-463645.94,16942.777,0.1199999999953433,0.5292968999999998
330,2,-150,-463645.4,16944.05,0.6599999999743886,1.8027343999999998
330,3,-135,-463644.34,16945.574,1.7199999999720603,3.3261719
330,4,-120,-463642.9,16946.973,3.1599999999743886,4.7246094
330,5,-105,-463641.6,16948.078,4.460000000020955,5.8300781
330,6,-90,-463641.06,16948.682,5,6.4335938
330,7,-75,-463641.6,16948.314,4.460000000020955,6.0664063
330,8,-60,-463642.94,16947.13,3.1199999999953434,4.8828125
330,9,-45,-463644.34,16945.654,1.7199999999720603,3.406250025
330,10,-30,-463645.34,16944.178,0.7199999999720603,1.9296874999999998
330,11,-15,-463645.84,16942.975,0.2199999999720603,0.7265625
330,12,0,-463645.97,16942.488,0.0900000000256113,0.24023439999999985
330,13,15,-463645.88,16942.986,0.179999999993015,0.7382812999999997
330,14,30,-463645.38,16944.205,0.6799999999930151,1.9570313
330,15,45,-463644.4,16945.682,1.6599999999743886,3.433593775
330,16,60,-463642.97,16947.154,3.090000000025612,4.90625
330,17,75,-463641.66,16948.336,4.400000000023283,6.0878907
330,18,90,-463641.12,16948.7,4.940000000002328,6.4511719
330,19,105,-463641.7,16948.111,4.35999999998603,5.8632813
330,20,120,-463643,16947.006,3.059999999997672,4.7578125
330,21,135,-463644.4,16945.605,1.6599999999743886,3.3574219
330,22,150,-463645.47,16944.082,0.5900000000256114,1.8339843999999998
330,23,165,-463645.97,16942.781,0.0900000000256113,0.5332030999999997
330,24,180,-463646.06,16942.248,0,0
331,1,-165,-297007.38,10178.032,0.7199999999720603,0.2509766
331,2,-150,-297008.06,10178.163,0.0399999999790452,0.3818359499999999
331,3,-135,-297008.1,10178.672,0,0.890625
331,4,-120,-297007.56,10179.617,0.5399999999790452,1.8359375
331,5,-105,-297006.88,10180.663,1.2199999999720603,2.8818359
331,6,-90,-297006.53,10181.156,1.5699999999487773,3.375
331,7,-75,-297006.88,10180.654,1.2199999999720603,2.8730469
331,8,-60,-297007.6,10179.589,0.5,1.8076172
331,9,-45,-297008.1,10178.631,0,0.8496093999999998
331,10,-30,-297008.1,10178.138,0,0.35644529999999996
331,11,-15,-297007.44,10178.039,0.6599999999743886,0.2578125
331,12,0,-297006.78,10177.781,1.3199999999487773,0
331,13,15,-297007.44,10178.039,0.6599999999743886,0.2578125
331,14,30,-297008.1,10178.138,0,0.35644529999999996
331,15,45,-297008.1,10178.631,0,0.8496093999999998
331,16,60,-297007.6,10179.589,0.5,1.8076172
331,17,75,-297006.88,10180.654,1.2199999999720603,2.8730469
331,18,90,-297006.53,10181.156,1.5699999999487773,3.375
331,19,105,-297006.88,10180.663,1.2199999999720603,2.8818359
331,20,120,-297007.56,10179.617,0.5399999999790452,1.8359375
331,21,135,-297008.1,10178.673,0,0.8916015799999999
331,22,150,-297008.06,10178.163,0.0399999999790452,0.3818359499999999
331,23,165,-297007.38,10178.031,0.7199999999720603,0.25
331,24,180,-297006.7,10177.82,1.3999999999650754,0.0390625
332,1,-165,-713431.4,7763.221,5.039999999920838,2.1250001
332,2,-150,-713431.3,7764.218,5.1399999998975545,3.1215821
332,3,-135,-713430.9,7765.2246,5.539999999920838,4.12841803
332,4,-120,-713430.2,7765.8315,6.239999999990687,4.7353515999999996
332,5,-105,-713429.56,7765.995,6.879999999888241,4.8989258
332,6,-90,-713429.44,7766.059,7,4.9628907
332,7,-75,-713430.3,7766.1846,6.1399999998975545,5.088379
332,8,-60,-713431.9,7765.699,4.539999999920838,4.6030274
332,9,-45,-713433.6,7764.338,2.839999999967404,3.2416992799999997
332,10,-30,-713435.1,7762.7627,1.3399999999674037,1.6665039999999998
332,11,-15,-713436.1,7761.55,0.3399999999674037,0.4536132999999998
332,12,0,-713436.44,7761.096,0,0
332,13,15,-713436.1,7761.55,0.3399999999674037,0.4536132999999998
332,14,30,-713435.1,7762.761,1.3399999999674037,1.6650390999999998
332,15,45,-713433.6,7764.3394,2.839999999967404,3.243164125
332,16,60,-713431.9,7765.6987,4.539999999920838,4.6025390999999996
332,17,75,-713430.3,7766.19,6.1399999998975545,5.093750099999999
332,18,90,-713429.44,7766.059,7,4.9628907
332,19,105,-713429.56,7765.9956,6.879999999888241,4.8994140999999996
332,20,120,-713430.2,7765.8315,6.239999999990687,4.7353515999999996
332,21,135,-713430.9,7765.214,5.539999999920838,4.1176758399999995
332,22,150,-713431.3,7764.2144,5.1399999998975545,3.11816412
332,23,165,-713431.4,7763.221,5.039999999920838,2.1250001
332,24,180,-713431.4,7762.726,5.039999999920838,1.6298829
333,1,-165,-403472.3,13530.248,0.6000000000349246,1.223632775
333,2,-150,-403472.9,13529.302,0,0.27734369999999997
333,3,-135,-403472.62,13529.024,0.2800000000279397,0
333,4,-120,-403471.6,13529.6875,1.300000000046566,0.6630859
333,5,-105,-403470.56,13531.027,2.340000000025612,2.00292965
333,6,-90,-403470.16,13531.776,2.7400000000488944,2.7519530999999997
333,7,-75,-403470.66,13531.02,2.2400000000488944,1.99511715
333,8,-60,-403471.78,13529.737,1.1199999999953434,0.7128905999999999
333,9,-45,-403472.75,13529.086,0.150000000023283,0.061523400000000006
333,10,-30,-403472.88,13529.411,0.0200000000186264,0.38671869999999997
333,11,-15,-403472.22,13530.384,0.6800000000512227,1.35937496
333,12,0,-403471.62,13530.904,1.2800000000279397,1.8798827999999999
333,13,15,-403472.22,13530.384,0.6800000000512227,1.35937496
333,14,30,-403472.88,13529.411,0.0200000000186264,0.38671869999999997
333,15,45,-403472.72,13529.068,0.1800000000512227,0.043945300000000076
333,16,60,-403471.78,13529.737,1.1199999999953434,0.7128905999999999
333,17,75,-403470.66,13531.02,2.2400000000488944,1.99511715
333,18,90,-403470.16,13531.772,2.7400000000488944,2.7480468
333,19,105,-403470.56,13531.028,2.340000000025612,2.0039062
333,20,120,-403471.6,13529.686,1.300000000046566,0.66113278
333,21,135,-403472.62,13529.024,0.2800000000279397,0
333,22,150,-403472.9,13529.301,0,0.27636715
333,23,165,-403472.3,13530.248,0.6000000000349246,1.223632775
333,24,180,-403471.62,13530.897,1.2800000000279397,1.87304684
334,1,-165,-393540.5,13752.111,1,0.9375
334,2,-150,-393539.7,13753.1045,1.7999999999883585,1.9306641
334,3,-135,-393538.7,13754.056,2.7999999999883585,2.881836
334,4,-120,-393539.25,13754.56,2.25,3.3857422
334,5,-105,-393540.34,13753.371,1.1599999999743886,2.19726566
334,6,-90,-393541.28,13752.072,0.2199999999720603,0.8984375
334,7,-75,-393541.5,13751.232,0,0.05859379999999992
334,8,-60,-393540.75,13751.176,0.75,0.0019531999999999883
334,9,-45,-393539.53,13752.408,1.9699999999720603,1.23437504
334,10,-30,-393537.88,13754.043,3.619999999995344,2.8691406600000002
334,11,-15,-393536.28,13755.433,5.21999999997206,4.2587890999999996
334,12,0,-393535.22,13756.249,6.28000000002794,5.0751954
334,13,15,-393536.28,13755.439,5.21999999997206,4.265625
334,14,30,-393537.88,13754.029,3.619999999995344,2.8554688
334,15,45,-393539.53,13752.4,1.9699999999720603,1.22656254
334,16,60,-393540.75,13751.174,0.75,0
334,17,75,-393541.47,13751.292,0.0300000000279396,0.1181641
334,18,90,-393541.28,13752.067,0.2199999999720603,0.8935546999999999
334,19,105,-393540.34,13753.372,1.1599999999743886,2.19824222
334,20,120,-393539.25,13754.554,2.25,3.3798828
334,21,135,-393538.7,13754.054,2.7999999999883585,2.87988285
334,22,150,-393539.7,13753.107,1.7999999999883585,1.933593788
334,23,165,-393540.5,13752.098,1,0.9238282
334,24,180,-393540.78,13751.693,0.7199999999720603,0.5195312999999999
335,1,-165,-368876.16,12218.556,8.900000000023283,7.2880861
335,2,-150,-368876.94,12218.415,8.119999999995343,7.1474611
335,3,-135,-368877.03,12218.942,8.029999999969732,7.674804900000001
335,4,-120,-368876.56,12219.74,8.5,8.4726564
335,5,-105,-368875.88,12219.9795,9.179999999993017,8.7119142
335,6,-90,-368875.4,12219.714,9.659999999974389,8.4462892
335,7,-75,-368875.84,12219.442,9.21999999997206,8.1748049
335,8,-60,-368879.7,12216.847,5.35999999998603,5.57910175
335,9,-45,-368881.8,12215.01,3.260000000009313,3.7421877000000006
335,10,-30,-368883.62,12213.03,1.4400000000023283,1.7626955000000004
335,11,-15,-368884.72,12211.699,0.3400000000256113,0.43164100000000083
335,12,0,-368885.06,12211.268,0,0
335,13,15,-368884.72,12211.697,0.3400000000256113,0.42968770000000056
335,14,30,-368883.62,12213.032,1.4400000000023283,1.7646486000000001
335,15,45,-368881.8,12215.009,3.260000000009313,3.7412111000000006
335,16,60,-368879.7,12216.846,5.35999999998603,5.578125200000001
335,17,75,-368875.84,12219.396,9.21999999997206,8.1289064
335,18,90,-368875.4,12219.713,9.659999999974389,8.4453127
335,19,105,-368875.88,12219.979,9.179999999993017,8.7109377
335,20,120,-368876.56,12219.742,8.5,8.4746096
335,21,135,-368877.03,12218.945,8.029999999969732,7.677734600000001
335,22,150,-368876.94,12218.412,8.119999999995343,7.1445314
335,23,165,-368876.16,12218.555,8.900000000023283,7.287109600000001
335,24,180,-368875.22,12218.301,9.840000000025611,7.0332033
336,1,-165,-501707.66,16518.44,6.309999999997672,5.4453126
336,2,-150,-501711.22,16515.441,2.75,2.447265675
336,3,-135,-501713.22,16513.662,0.75,0.6679688000000001
336,4,-120,-501713.94,16513.01,0.029999999969732,0.015625
336,5,-105,-501713.97,16512.994,0,0
336,6,-90,-501713.9,16513.066,0.0699999999487772,0.07226569999999999
336,7,-75,-501713.97,16513,0,0.005859400000000292
336,8,-60,-501713.94,16513.002,0.029999999969732,0.00781260000000028
336,9,-45,-501713.22,16513.639,0.75,0.6445313000000001
336,10,-30,-501711.3,16515.484,2.669999999983702,2.49023442
336,11,-15,-501708.2,16518.873,5.769999999960419,5.878906300000001
336,12,0,-501705.1,16523.473,8.869999999995343,10.4785158
336,13,15,-501708.2,16518.863,5.769999999960419,5.8691407
336,14,30,-501711.3,16515.484,2.669999999983702,2.49023442
336,15,45,-501713.22,16513.639,0.75,0.6445313000000001
336,16,60,-501713.94,16513.002,0.029999999969732,0.00781260000000028
336,17,75,-501713.97,16513,0,0.005859400000000292
336,18,90,-501713.9,16513.068,0.0699999999487772,0.07421880000000014
336,19,105,-501713.97,16512.994,0,0
336,20,120,-501713.94,16513.01,0.029999999969732,0.015625
336,21,135,-501713.22,16513.662,0.75,0.6679688000000001
336,22,150,-501711.22,16515.441,2.75,2.447265675
336,23,165,-501707.66,16518.404,6.309999999997672,5.410156300000001
336,24,180,-501704.72,16523.738,9.25,10.7441408
337,1,-165,-386546.8,18449.582,0.4199999999837018,0
337,2,-150,-386545.56,18450.842,1.6599999999743886,1.2597656000000002
337,3,-135,-386543.5,18453.979,3.71999999997206,4.396484375
337,4,-120,-386540.66,18457.346,6.559999999997672,7.7636719
337,5,-105,-386540,18461.55,7.21999999997206,11.96875
337,6,-90,-386541.62,18458.096,5.599999999976717,8.5136719
337,7,-75,-386542.94,18454.422,4.279999999969732,4.83984375
337,8,-60,-386543.47,18451.854,3.75,2.2714844
337,9,-45,-386543.44,18451.184,3.779999999969732,1.6015625
337,10,-30,-386543,18451.928,4.21999999997206,2.3457031
337,11,-15,-386541.66,18453.906,5.559999999997672,4.32421875
337,12,0,-386541.03,18454.96,6.189999999944121,5.37890625
337,13,15,-386541.66,18453.908,5.559999999997672,4.326171875
337,14,30,-386543,18451.924,4.21999999997206,2.3417969
337,15,45,-386543.44,18451.197,3.779999999969732,1.6152343999999998
337,16,60,-386543.47,18451.87,3.75,2.2871094
337,17,75,-386542.94,18454.393,4.279999999969732,4.81054688
337,18,90,-386541.62,18458.084,5.599999999976717,8.5019531
337,19,105,-386540,18461.553,7.21999999997206,11.9707031
337,20,120,-386540.66,18457.34,6.559999999997672,7.7578125
337,21,135,-386543.44,18454.02,3.779999999969732,4.4375
337,22,150,-386545.56,18450.803,1.6599999999743886,1.2207031000000002
337,23,165,-386546.84,18449.738,0.3799999999464489,0.15625
337,24,180,-386547.22,18450.67,0,1.0878906000000002
338,1,-165,-325469.38,12772.799,0.6500000000232831,0.94628904
338,2,-150,-325469.7,12772.325,0.3300000000162981,0.47265622500000004
338,3,-135,-325469.9,12771.94,0.1300000000046566,0.08789060000000004
338,4,-120,-325470.03,12771.859,0,0.006835900000000061
338,5,-105,-325469.97,12772.057,0.0600000000558793,0.20410154000000003
338,6,-90,-325469.5,12773.16,0.5300000000279397,1.30761716
338,7,-75,-325469.97,12772.076,0.0600000000558793,0.22363280000000002
338,8,-60,-325470.03,12771.853,0,0
338,9,-45,-325469.9,12771.959,0.1300000000046566,0.10644530000000002
338,10,-30,-325469.62,12772.388,0.4100000000325963,0.535156225
338,11,-15,-325469.38,12772.833,0.6500000000232831,0.98046872
338,12,0,-325469.25,12773.014,0.7800000000279397,1.1611328
338,13,15,-325469.38,12772.831,0.6500000000232831,0.9785156
338,14,30,-325469.62,12772.383,0.4100000000325963,0.530273412
338,15,45,-325469.9,12771.962,0.1300000000046566,0.10937498000000007
338,16,60,-325470.03,12771.855,0,0.002929660000000056
338,17,75,-325469.97,12772.098,0.0600000000558793,0.24511716000000006
338,18,90,-325469.5,12773.108,0.5300000000279397,1.2558593500000002
338,19,105,-325469.97,12772.058,0.0600000000558793,0.20507810000000004
338,20,120,-325470.03,12771.86,0,0.007812480000000066
338,21,135,-325469.9,12771.94,0.1300000000046566,0.08789060000000004
338,22,150,-325469.7,12772.325,0.3300000000162981,0.47265622500000004
338,23,165,-325469.38,12772.798,0.6500000000232831,0.9453124800000001
338,24,180,-325469.25,12773.016,0.7800000000279397,1.1630859
339,1,-165,-361337.28,11784.083,4.75,4.65429681
339,2,-150,-361336.28,11785.861,5.75,6.4326171
339,3,-135,-361335.22,11787.093,6.810000000055879,7.664062400000001
339,4,-120,-361335.3,11786.5205,6.730000000039581,7.0917968
339,5,-105,-361336.78,11783.66,5.25,4.23144525
339,6,-90,-361338.62,11781.252,3.4100000000325963,1.8232421000000003
339,7,-75,-361340.34,11779.588,1.6900000000023283,0.15917959999999987
339,8,-60,-361341.1,11779.429,0.9300000000512229,0
339,9,-45,-361340.28,11780.861,1.75,1.4326171000000003
339,10,-30,-361338.12,11783.661,3.910000000032596,4.2324218
339,11,-15,-361335.88,11786.71,6.150000000023283,7.28125
339,12,0,-361335.53,11788.965,6.5,9.5361328
339,13,15,-361335.88,11786.709,6.150000000023283,7.2802734000000004
339,14,30,-361338.12,11783.645,3.910000000032596,4.21582025
339,15,45,-361340.12,11781.55,1.9100000000325963,2.1210937000000003
339,16,60,-361342.03,11781.364,0,1.9355468
339,17,75,-361340.34,11779.593,1.6900000000023283,0.16406239999999972
339,18,90,-361340.25,11782.568,1.7800000000279397,3.1396484000000004
339,19,105,-361338.38,11785.465,3.650000000023283,6.0361328
339,20,120,-361335.97,11785.339,6.060000000055879,5.9101562
339,21,135,-361335.22,11787.094,6.810000000055879,7.665039
339,22,150,-361336.28,11785.839,5.75,6.4101562
339,23,165,-361337.28,11784.083,4.75,4.65429681
339,24,180,-361337.66,11783.2,4.370000000053551,3.7714843
340,1,-165,-547097.56,18440.291,4.379999999888241,2.8339843
340,2,-150,-547100.25,18438.578,1.6899999999441206,1.12109372
340,3,-135,-547101.6,18437.605,0.3399999999674037,0.1484375
340,4,-120,-547101.94,18437.459,0,0.00195309999999993
340,5,-105,-547101.75,18437.867,0.1899999999441206,0.41015619999999997
340,6,-90,-547101.6,18438.186,0.3399999999674037,0.7285155999999999
340,7,-75,-547101.75,18437.875,0.1899999999441206,0.41796869999999997
340,8,-60,-547101.94,18437.457,0,0
340,9,-45,-547101.6,18437.578,0.3399999999674037,0.12109369999999986
340,10,-30,-547100.3,18438.578,1.6399999998975543,1.12109372
340,11,-15,-547097.94,18440.43,4,2.9726562
340,12,0,-547095.5,18442.945,6.439999999944121,5.4882811
340,13,15,-547097.94,18440.434,4,2.9765625
340,14,30,-547100.3,18438.578,1.6399999998975543,1.12109372
340,15,45,-547101.6,18437.58,0.3399999999674037,0.12304689999999985
340,16,60,-547101.94,18437.46,0,0.00390619999999986
340,17,75,-547101.75,18437.883,0.1899999999441206,0.42578119999999997
340,18,90,-547101.6,18438.19,0.3399999999674037,0.7324218499999999
340,19,105,-547101.75,18437.87,0.1899999999441206,0.41210934999999993
340,20,120,-547101.94,18437.457,0,0
340,21,135,-547101.6,18437.607,0.3399999999674037,0.15039059999999993
340,22,150,-547100.25,18438.574,1.6899999999441206,1.11718748
340,23,165,-547097.56,18440.377,4.379999999888241,2.9199219
340,24,180,-547095.4,18442.932,6.539999999920838,5.4746093
341,1,-165,-549285.56,10222.163,0.0399999999208375,1.8085938
341,2,-150,-549285.44,10221.343,0.1600000000325963,0.98828125
341,3,-135,-549285.5,10220.596,0.0999999999767169,0.24121093999999998
341,4,-120,-549285.4,10220.3545,0.1999999999534338,0
341,5,-105,-549285.25,10220.43,0.3499999999767169,0.07519529999999996
341,6,-90,-549285.3,10220.556,0.2999999999301508,0.20117189999999996
341,7,-75,-549285.3,10220.422,0.2999999999301508,0.06738279999999996
341,8,-60,-549285.44,10220.415,0.1600000000325963,0.06054689999999996
341,9,-45,-549285.5,10220.769,0.0999999999767169,0.4140625
341,10,-30,-549285.5,10221.587,0.0999999999767169,1.23242188
341,11,-15,-549285.56,10222.246,0.0399999999208375,1.8916016
341,12,0,-549285.6,10222.547,0,2.1923828
341,13,15,-549285.56,10222.267,0.0399999999208375,1.9121094
341,14,30,-549285.5,10221.586,0.0999999999767169,1.2314453
341,15,45,-549285.5,10220.769,0.0999999999767169,0.4140625
341,16,60,-549285.44,10220.422,0.1600000000325963,0.06738279999999996
341,17,75,-549285.3,10220.422,0.2999999999301508,0.06738279999999996
341,18,90,-549285.3,10220.556,0.2999999999301508,0.20117189999999996
341,19,105,-549285.25,10220.428,0.3499999999767169,0.07324220000000004
341,20,120,-549285.4,10220.3545,0.1999999999534338,0
341,21,135,-549285.5,10220.595,0.0999999999767169,0.24023439999999996
341,22,150,-549285.44,10221.342,0.1600000000325963,0.98730469
341,23,165,-549285.56,10222.162,0.0399999999208375,1.8076172
341,24,180,-549285.6,10222.546,0,2.1914062000000003
342,1,-165,-608573.44,13293.244,0.5,0.4824219000000003
342,2,-150,-608572.06,13294.467,1.8799999998882413,1.7050781000000002
342,3,-135,-608569.94,13296.205,4,3.4433594000000003
342,4,-120,-608567.56,13298.251,6.379999999888241,5.4892578
342,5,-105,-608565.6,13300.159,8.339999999967404,7.3974609000000004
342,6,-90,-608564.9,13301.123,9.039999999920838,8.3613281
342,7,-75,-608565.7,13300.496,8.239999999990687,7.734375
342,8,-60,-608567.6,13298.765,6.339999999967404,6.0029297
342,9,-45,-608569.9,13296.712,4.039999999920838,3.950195325
342,10,-30,-608571.94,13294.898,2,2.1367188
342,11,-15,-608573.25,13293.687,0.6899999999441206,0.9248047000000001
342,12,0,-608573.75,13293.201,0.1899999999441206,0.43945310000000015
342,13,15,-608573.25,13293.691,0.6899999999441206,0.9296875
342,14,30,-608571.94,13294.898,2,2.1367188
342,15,45,-608569.9,13296.712,4.039999999920838,3.950195325
342,16,60,-608567.6,13298.766,6.339999999967404,6.003906300000001
342,17,75,-608565.7,13300.496,8.239999999990687,7.734375
342,18,90,-608564.9,13301.123,9.039999999920838,8.3613281
342,19,105,-608565.6,13300.159,8.339999999967404,7.3974609000000004
342,20,120,-608567.56,13298.251,6.379999999888241,5.4892578
342,21,135,-608569.94,13296.205,4,3.4433594000000003
342,22,150,-608572.06,13294.467,1.8799999998882413,1.7050781000000002
342,23,165,-608573.44,13293.244,0.5,0.4824219000000003
342,24,180,-608573.94,13292.762,0,0
343,1,-165,-362598.5,13670.221,3.7999999999883594,2.3105469000000003
343,2,-150,-362600.06,13669.683,2.2399999999906868,1.772460962
343,3,-135,-362600.47,13669.449,1.830000000016298,1.53906252
343,4,-120,-362599.8,13669.959,2.5,2.0488281500000003
343,5,-105,-362601.1,13669.583,1.2000000000116415,1.67285159
343,6,-90,-362600.72,13670.456,1.580000000016298,2.54589846
343,7,-75,-362601.2,13669.534,1.099999999976717,1.62402346
343,8,-60,-362601.97,13668.335,0.3300000000162981,0.42480470000000015
343,9,-45,-362602.3,13667.91,0,0
343,10,-30,-362601.6,13668.169,0.7000000000116415,0.2587891
343,11,-15,-362599.9,13668.617,2.3999999999650754,0.7070313000000001
343,12,0,-362596.38,13670.686,5.919999999983702,2.7753907
343,13,15,-362598.3,13670.321,4,2.41113284
343,14,30,-362599.94,13669.763,2.35999999998603,1.85253909
343,15,45,-362600.47,13669.454,1.830000000016298,1.54394534
343,16,60,-362599.9,13669.957,2.3999999999650754,2.04687502
343,17,75,-362601.2,13669.534,1.099999999976717,1.62402346
343,18,90,-362600.72,13670.456,1.580000000016298,2.54589846
343,19,105,-362601.1,13669.582,1.2000000000116415,1.671875025
343,20,120,-362599.8,13669.984,2.5,2.0742187800000003
343,21,135,-362600.47,13669.453,1.830000000016298,1.54296878
343,22,150,-362600.06,13669.683,2.2399999999906868,1.772460962
343,23,165,-362598.5,13670.306,3.7999999999883594,2.39550784
343,24,180,-362596.4,13670.695,5.899999999965075,2.7851563
344,1,-165,-493127.97,17359.498,0.2800000000279397,3.4746094000000003
344,2,-150,-493128.22,17358.441,0.0300000000279396,2.41796872
344,3,-135,-493128.25,17357.967,0,1.9433593500000002
344,4,-120,-493128.16,17358.031,0.0900000000256113,2.007812475
344,5,-105,-493128.1,17358.123,0.150000000023283,2.09960935
344,6,-90,-493128.12,17357.473,0.1300000000046566,1.4492187000000003
344,7,-75,-493128.1,17356.547,0.150000000023283,0.5234375000000002
344,8,-60,-493127.84,17356.023,0.4099999999743886,0
344,9,-45,-493127.12,17356.4,1.1300000000046566,0.37695310000000015
344,10,-30,-493125.94,17357.82,2.309999999997672,1.7968749800000001
344,11,-15,-493124.53,17360.027,3.71999999997206,4.0039062
344,12,0,-493123.34,17362.467,4.909999999974389,6.4433594
344,13,15,-493124.53,17360.055,3.71999999997206,4.03125
344,14,30,-493125.94,17357.816,2.309999999997672,1.7929687200000002
344,15,45,-493127.12,17356.385,1.1300000000046566,0.36132810000000015
344,16,60,-493127.84,17356.023,0.4099999999743886,0
344,17,75,-493128.1,17356.547,0.150000000023283,0.5234375000000002
344,18,90,-493128.12,17357.475,0.1300000000046566,1.4511718500000002
344,19,105,-493128.1,17358.129,0.150000000023283,2.105468725
344,20,120,-493128.16,17358.031,0.0900000000256113,2.007812475
344,21,135,-493128.25,17357.975,0,1.9511718500000002
344,22,150,-493128.22,17358.441,0.0300000000279396,2.41796872
344,23,165,-493127.97,17359.498,0.2800000000279397,3.4746094000000003
344,24,180,-493127.75,17360.201,0.5,4.1777344
345,1,-165,-245919.19,11618.919,1.3399999999965075,1.4121094000000003
345,2,-150,-245919.05,11619.13,1.4800000000104774,1.6230469000000003
345,3,-135,-245919.05,11619.306,1.4800000000104774,1.7988282000000004
345,4,-120,-245918.89,11619.806,1.639999999984866,2.2988282000000004
345,5,-105,-245918.3,11621.006,2.2300000000104774,3.4990235000000007
345,6,-90,-245917.2,11622.703,3.3299999999871943,5.1962891
345,7,-75,-245915.89,11624.085,4.639999999984866,6.578125
345,8,-60,-245914.64,11624.436,5.889999999984866,6.928711
345,9,-45,-245913.1,11625.608,7.429999999993015,8.101562600000001
345,10,-30,-245910.92,11628.342,9.60999999998603,10.834961
345,11,-15,-245909.12,11633.071,11.410000000003492,15.5644536
345,12,0,-245910.58,11632.187,9.950000000011642,14.679687600000001
345,13,15,-245912.62,11629.406,7.910000000003492,11.899414100000001
345,14,30,-245914.9,11625.794,5.630000000004657,8.2871094
345,15,45,-245916.97,11622.519,3.559999999997672,5.011718800000001
345,16,60,-245918.42,11620.337,2.10999999998603,2.8300782000000004
345,17,75,-245919.17,11619.386,1.3599999999860302,1.8789063000000006
345,18,90,-245919.61,11618.927,0.9200000000128056,1.4199219000000003
345,19,105,-245920.02,11618.39,0.5100000000093132,0.8828126000000003
345,20,120,-245920.34,11617.835,0.1900000000023283,0.328125
345,21,135,-245920.53,11617.507,0,0
345,22,150,-245920.42,11617.552,0.1099999999860301,0.04492190000000029
345,23,165,-245920.05,11617.935,0.4800000000104774,0.42773460000000085
345,24,180,-245919.53,11618.495,1,0.9882813000000006
346,1,-165,-385155.1,12907.957,0.150000000023283,4.02734375
346,2,-150,-385155.2,12907.221,0.0499999999883584,3.29101562
346,3,-135,-385155.25,12906.52,0,2.58984375
346,4,-120,-385155.12,12905.8955,0.1300000000046566,1.9658203
346,5,-105,-385154.9,12905.173,0.3499999999767169,1.2431641
346,6,-90,-385154.72,12904.437,0.5300000000279397,0.5068359999999998
346,7,-75,-385154.34,12903.93,0.9099999999743886,0
346,8,-60,-385153.3,12904.112,1.9500000000116413,0.18261720000000015
346,9,-45,-385151.44,12905.562,3.809999999997672,1.6318359
346,10,-30,-385149.03,12908.443,6.21999999997206,4.5136719
346,11,-15,-385146.7,12912.666,8.549999999988358,8.736328
346,12,0,-385145.75,12916.394,9.5,12.463867
346,13,15,-385146.7,12912.705,8.549999999988358,8.7753906
346,14,30,-385149.03,12908.461,6.21999999997206,4.53125
346,15,45,-385151.44,12905.554,3.809999999997672,1.6240234
346,16,60,-385153.3,12904.111,1.9500000000116413,0.18164060000000015
346,17,75,-385154.34,12903.93,0.9099999999743886,0
346,18,90,-385154.72,12904.436,0.5300000000279397,0.5058593999999998
346,19,105,-385154.9,12905.173,0.3499999999767169,1.2431641
346,20,120,-385155.12,12905.894,0.1300000000046566,1.9638672
346,21,135,-385155.25,12906.52,0,2.58984375
346,22,150,-385155.2,12907.222,0.0499999999883584,3.29199219
346,23,165,-385155.1,12907.957,0.150000000023283,4.02734375
346,24,180,-385155.06,12908.278,0.1900000000023283,4.3486328
347,1,-165,-393421.2,14390.164,0.2699999999604188,0.14550780000000074
347,2,-150,-393420.16,14390.784,1.3099999999976717,0.7656250000000004
347,3,-135,-393418.38,14392.163,3.089999999967404,2.1445313000000006
347,4,-120,-393416.03,14394.309,5.439999999944121,4.2900391
347,5,-105,-393413.7,14396.904,7.769999999960419,6.885742200000001
347,6,-90,-393412.38,14398.407,9.089999999967404,8.3886719
347,7,-75,-393412.94,14398.166,8.529999999969732,8.147461
347,8,-60,-393414.6,14396.703,6.869999999995343,6.6845704
347,9,-45,-393416.25,14395.144,5.21999999997206,5.125000040000001
347,10,-30,-393417.4,14394.1045,4.069999999948777,4.085937540000001
347,11,-15,-393417.97,14393.604,3.5,3.5849610000000003
347,12,0,-393418.06,14393.443,3.4099999999743886,3.4248047000000006
347,13,15,-393417.97,14393.604,3.5,3.5849610000000003
347,14,30,-393417.4,14394.1045,4.069999999948777,4.085937540000001
347,15,45,-393416.25,14395.144,5.21999999997206,5.125000040000001
347,16,60,-393414.6,14396.703,6.869999999995343,6.6845704
347,17,75,-393412.94,14398.158,8.529999999969732,8.1396485
347,18,90,-393412.38,14398.407,9.089999999967404,8.3886719
347,19,105,-393413.7,14396.9,7.769999999960419,6.881836
347,20,120,-393416.03,14394.309,5.439999999944121,4.2900391
347,21,135,-393418.38,14392.162,3.089999999967404,2.1435547000000006
347,22,150,-393420.16,14390.786,1.3099999999976717,0.7675782000000004
347,23,165,-393421.2,14390.164,0.2699999999604188,0.14550780000000074
347,24,180,-393421.47,14390.019,0,0
348,1,-165,-703366.25,8082.9395,0.150000000023283,0.3745117000000002
348,2,-150,-703365.7,8083.9956,0.7000000000698492,1.4306641000000002
348,3,-135,-703364.75,8085.462,1.650000000023283,2.896972669
348,4,-120,-703363.56,8086.8535,2.839999999967404,4.2885742
348,5,-105,-703362.7,8087.767,3.700000000069849,5.2021484000000004
348,6,-90,-703362.3,8087.997,4.099999999976717,5.4321289
348,7,-75,-703362.9,8087.592,3.5,5.0268555
348,8,-60,-703363.94,8086.6694,2.4600000000791624,4.1044922
348,9,-45,-703365,8085.4097,1.400000000023283,2.844726575
348,10,-30,-703365.8,8084.234,0.5999999999767169,1.6689453
348,11,-15,-703366.2,8083.4375,0.2000000000698492,0.8725586000000001
348,12,0,-703366.3,8083.1514,0.0999999999767169,0.5864258000000002
348,13,15,-703366.2,8083.4375,0.2000000000698492,0.8725586000000001
348,14,30,-703365.8,8084.234,0.5999999999767169,1.6689453
348,15,45,-703365,8085.4097,1.400000000023283,2.844726575
348,16,60,-703363.94,8086.6685,2.4600000000791624,4.1035156
348,17,75,-703362.9,8087.592,3.5,5.0268555
348,18,90,-703362.3,8087.999,4.099999999976717,5.434082
348,19,105,-703362.7,8087.767,3.700000000069849,5.2021484000000004
348,20,120,-703363.56,8086.8535,2.839999999967404,4.2885742
348,21,135,-703364.75,8085.462,1.650000000023283,2.896972669
348,22,150,-703365.7,8083.994,0.7000000000698492,1.4291992000000002
348,23,165,-703366.25,8082.9395,0.150000000023283,0.3745117000000002
348,24,180,-703366.4,8082.565,0,0
349,1,-165,-512157.62,9342.859,0.4100000000325963,0.4492187000000003
349,2,-150,-512156.47,9344.067,1.5600000000558794,1.6572265000000002
349,3,-135,-512154.75,9345.7705,3.28000000002794,3.3603516
349,4,-120,-512152.8,9347.513,5.230000000039581,5.10253906
349,5,-105,-512151.25,9348.996,6.78000000002794,6.5859375
349,6,-90,-512150.5,9349.837,7.53000000002794,7.4267578
349,7,-75,-512150.62,9349.767,7.410000000032596,7.3564453
349,8,-60,-512151.3,9349.282,6.730000000039581,6.8720703
349,9,-45,-512151.97,9348.725,6.060000000055879,6.3144531
349,10,-30,-512152.2,9348.197,5.830000000016298,5.7871094
349,11,-15,-512152.03,9347.743,6,5.3330078
349,12,0,-512151.88,9347.484,6.150000000023283,5.07421875
349,13,15,-512152.03,9347.743,6,5.3330078
349,14,30,-512152.2,9348.197,5.830000000016298,5.7871094
349,15,45,-512151.97,9348.726,6.060000000055879,6.3154297
349,16,60,-512151.3,9349.282,6.730000000039581,6.8720703
349,17,75,-512150.62,9349.768,7.410000000032596,7.3574219
349,18,90,-512150.5,9349.834,7.53000000002794,7.4238281
349,19,105,-512151.25,9348.992,6.78000000002794,6.5820313
349,20,120,-512152.8,9347.513,5.230000000039581,5.10253906
349,21,135,-512154.75,9345.7705,3.28000000002794,3.3603516
349,22,150,-512156.47,9344.067,1.5600000000558794,1.6572265000000002
349,23,165,-512157.62,9342.862,0.4100000000325963,0.45214849999999984
349,24,180,-512158.03,9342.41,0,0
350,1,-165,-366473.1,12324.024,0,0
350,2,-150,-366472.2,12324.917,0.8999999999650754,0.8925780999999999
350,3,-135,-366470.38,12326.387,2.7199999999720603,2.36230465
350,4,-120,-366467.88,12328.169,5.21999999997206,4.1445312
350,5,-105,-366465.1,12329.917,8,5.8925781
350,6,-90,-366462.8,12330.455,10.299999999988358,6.430664
350,7,-75,-366465.22,12329.877,7.880000000004657,5.852539
350,8,-60,-366468,12328.188,5.099999999976717,4.1640625
350,9,-45,-366470.47,12326.39,2.6300000000046566,2.3652343399999998
350,10,-30,-366472.22,12324.901,0.8800000000046566,0.8769530999999999
350,11,-15,-366473.1,12324.027,0,0.0029295999999998656
350,12,0,-366473.1,12324.761,0,0.7363281000000002
350,13,15,-366473.1,12324.029,0,0.004882799999999854
350,14,30,-366472.22,12324.901,0.8800000000046566,0.8769530999999999
350,15,45,-366470.47,12326.3955,2.6300000000046566,2.3710937
350,16,60,-366468,12328.208,5.099999999976717,4.1835937
350,17,75,-366465.22,12329.882,7.880000000004657,5.8574218
350,18,90,-366462.8,12330.452,10.299999999988358,6.4277344
350,19,105,-366465.1,12329.915,8,5.890625
350,20,120,-366467.88,12328.169,5.21999999997206,4.1445312
350,21,135,-366470.38,12326.387,2.7199999999720603,2.36230465
350,22,150,-366472.2,12324.922,0.8999999999650754,0.8974609
350,23,165,-366473.1,12324.024,0,0
350,24,180,-366473.1,12324.761,0,0.7363281000000002
351,1,-165,-442740.34,16857.86,3.599999999976717,3.3125
351,2,-150,-442742.2,16856.27,1.7399999999906868,1.7226562
351,3,-135,-442743.3,16855.072,0.6400000000139698,0.5253906000000002
351,4,-120,-442743.84,16854.547,0.0999999999767169,0
351,5,-105,-442743.94,16854.887,0,0.3398437000000001
351,6,-90,-442743.47,16855.47,0.470000000030268,0.9238281
351,7,-75,-442743.94,16854.875,0,0.328125
351,8,-60,-442743.88,16854.615,0.0599999999976716,0.06835930000000001
351,9,-45,-442743.2,16855.156,0.7399999999906868,0.6093749500000001
351,10,-30,-442741.8,16856.55,2.14000000001397,2.0039062000000003
351,11,-15,-442739.8,16858.4,4.14000000001397,3.8535155999999997
351,12,0,-442737.34,16860.303,6.599999999976717,5.755859200000001
351,13,15,-442739.8,16858.416,4.14000000001397,3.8691405999999997
351,14,30,-442741.8,16856.543,2.14000000001397,1.9960937
351,15,45,-442743.2,16855.154,0.7399999999906868,0.6074218000000001
351,16,60,-442743.88,16854.617,0.0599999999976716,0.07031240000000016
351,17,75,-442743.94,16854.871,0,0.3242187000000001
351,18,90,-442743.47,16855.469,0.470000000030268,0.9218749500000001
351,19,105,-442743.94,16854.885,0,0.33789060000000015
351,20,120,-442743.84,16854.55,0.0999999999767169,0.003906200000000082
351,21,135,-442743.3,16855.072,0.6400000000139698,0.5253906000000002
351,22,150,-442742.22,16856.285,1.720000000030268,1.7382812
351,23,165,-442740.34,16857.86,3.599999999976717,3.3125
351,24,180,-442737.8,16859.697,6.14000000001397,5.1503906
352,1,-165,-374042.7,14572.534,0.2000000000116415,0.966796878
352,2,-150,-374042.9,14571.721,0,0.15332033999999994
352,3,-135,-374040.53,14572.576,2.3699999999953434,1.008789065
352,4,-120,-374042.28,14572.039,0.6199999999953434,0.47167969
352,5,-105,-374041.56,14572.81,1.3400000000256114,1.2421875
352,6,-90,-374040.75,14573.654,2.150000000023283,2.08691404
352,7,-75,-374041.7,14572.898,1.2000000000116415,1.33105469
352,8,-60,-374042.44,14572.026,0.4600000000209547,0.45898437999999997
352,9,-45,-374042.84,14571.567,0.0599999999976716,0
352,10,-30,-374042.88,14571.855,0.0200000000186264,0.28808594
352,11,-15,-374042.62,14572.664,0.2800000000279397,1.09667969
352,12,0,-374042.16,14573.434,0.7400000000488944,1.86621094
352,13,15,-374042.62,14572.664,0.2800000000279397,1.09667969
352,14,30,-374042.88,14571.856,0.0200000000186264,0.2890625
352,15,45,-374042.84,14571.57,0.0599999999976716,0.002929689999999985
352,16,60,-374042.44,14572.023,0.4600000000209547,0.45605469
352,17,75,-374041.7,14572.898,1.2000000000116415,1.33105469
352,18,90,-374040.75,14573.654,2.150000000023283,2.08691404
352,19,105,-374041.56,14572.81,1.3400000000256114,1.2421875
352,20,120,-374042.28,14572.039,0.6199999999953434,0.47167969
352,21,135,-374040.53,14572.579,2.3699999999953434,1.01171875
352,22,150,-374042.9,14571.721,0,0.15332033999999994
352,23,165,-374042.7,14572.534,0.2000000000116415,0.966796878
352,24,180,-374042.22,14573.409,0.6800000000512227,1.84179688
353,1,-165,-344201.6,10797.052,0.6800000000512227,0.3310546999999999
353,2,-150,-344201.2,10797.812,1.080000000016298,1.0908202999999999
353,3,-135,-344200.34,10798.638,1.9400000000023283,1.916992188
353,4,-120,-344199.16,10799.403,3.120000000053551,2.6826172
353,5,-105,-344198,10800.085,4.28000000002794,3.3642578
353,6,-90,-344197.4,10800.467,4.880000000004657,3.7460937999999997
353,7,-75,-344197.72,10800.231,4.560000000055879,3.5107422
353,8,-60,-344198.8,10799.657,3.480000000039581,2.93652344
353,9,-45,-344200.16,10798.918,2.120000000053551,2.19726562
353,10,-30,-344201.3,10798.018,0.9800000000395812,1.296875
353,11,-15,-344202.03,10797.2,0.25,0.4794921999999999
353,12,0,-344202.28,10796.8545,0,0.1337891
353,13,15,-344202.03,10797.2,0.25,0.4794921999999999
353,14,30,-344201.3,10798.019,0.9800000000395812,1.29785156
353,15,45,-344200.16,10798.916,2.120000000053551,2.1953125
353,16,60,-344198.8,10799.66,3.480000000039581,2.9394531
353,17,75,-344197.72,10800.231,4.560000000055879,3.5107422
353,18,90,-344197.4,10800.467,4.880000000004657,3.7460937999999997
353,19,105,-344198,10800.09,4.28000000002794,3.3691405999999997
353,20,120,-344199.16,10799.404,3.120000000053551,2.68359375
353,21,135,-344200.34,10798.64,1.9400000000023283,1.918945312
353,22,150,-344201.2,10797.812,1.080000000016298,1.0908202999999999
353,23,165,-344201.6,10797.052,0.6800000000512227,0.3310546999999999
353,24,180,-344201.72,10796.721,0.5600000000558794,0
354,1,-165,-445121.94,16734.602,9.679999999993017,8.947265600000001
354,2,-150,-445124.5,16731.596,7.119999999995343,5.941406300000001
354,3,-135,-445127.38,16728.861,4.239999999990687,3.2070313000000006
354,4,-120,-445129.53,16726.912,2.089999999967404,1.2578125000000004
354,5,-105,-445130.8,16726.021,0.8200000000069849,0.3671874000000006
354,6,-90,-445131.53,16725.656,0.0899999999674037,0.0019531999999999883
354,7,-75,-445131.62,16725.662,0,0.007812400000000608
354,8,-60,-445130.84,16726.684,0.779999999969732,1.0292969000000003
354,9,-45,-445128.94,16729.166,2.679999999993015,3.5117188
354,10,-30,-445126.22,16732.783,5.400000000023283,7.128906300000001
354,11,-15,-445123.47,16736.572,8.150000000023283,10.9179688
354,12,0,-445121.38,16739.432,10.239999999990689,13.7773434
354,13,15,-445123.47,16736.574,8.150000000023283,10.9199219
354,14,30,-445126.22,16732.795,5.400000000023283,7.140625
354,15,45,-445128.94,16729.168,2.679999999993015,3.5136719000000003
354,16,60,-445130.84,16726.684,0.779999999969732,1.0292969000000003
354,17,75,-445131.62,16725.662,0,0.007812400000000608
354,18,90,-445131.53,16725.654,0.0899999999674037,0
354,19,105,-445130.8,16726.018,0.8200000000069849,0.3632814
354,20,120,-445129.53,16726.912,2.089999999967404,1.2578125000000004
354,21,135,-445127.38,16728.863,4.239999999990687,3.2089844000000003
354,22,150,-445124.5,16731.596,7.119999999995343,5.941406300000001
354,23,165,-445121.97,16734.254,9.650000000023285,8.5996094
354,24,180,-445121.94,16735.701,9.679999999993017,10.046875
355,1,-165,-350144.78,14166.905,0.0999999999767169,0.06835940000000007
355,2,-150,-350144.88,14166.877,0,0.040039099999999994
355,3,-135,-350144.66,14167.427,0.2200000000302679,0.5898438
355,4,-120,-350144.1,14168.678,0.7800000000279397,1.84082035
355,5,-105,-350143.3,14170.192,1.580000000016298,3.3554687999999997
355,6,-90,-350142.5,14171.29,2.3800000000046566,4.453125
355,7,-75,-350143.47,14170.159,1.4100000000325963,3.3222657
355,8,-60,-350144.28,14168.461,0.5999999999767169,1.62402348
355,9,-45,-350144.75,14167.254,0.1300000000046566,0.41699220000000004
355,10,-30,-350144.88,14166.837,0,0
355,11,-15,-350144.72,14166.916,0.1600000000325963,0.0791016
355,12,0,-350144.3,14167.392,0.5800000000162981,0.55468754
355,13,15,-350144.72,14166.916,0.1600000000325963,0.0791016
355,14,30,-350144.88,14166.837,0,0
355,15,45,-350144.75,14167.254,0.1300000000046566,0.41699220000000004
355,16,60,-350144.28,14168.461,0.5999999999767169,1.62402348
355,17,75,-350143.47,14170.159,1.4100000000325963,3.3222657
355,18,90,-350142.5,14171.29,2.3800000000046566,4.453125
355,19,105,-350143.3,14170.193,1.580000000016298,3.3564454
355,20,120,-350144.1,14168.668,0.7800000000279397,1.83105472
355,21,135,-350144.66,14167.427,0.2200000000302679,0.5898438
355,22,150,-350144.88,14166.877,0,0.040039099999999994
355,23,165,-350144.78,14166.904,0.0999999999767169,0.06738280000000008
355,24,180,-350144.34,14167.346,0.5399999999790452,0.5087891
356,1,-165,-502585.06,16906.4,2.470000000030268,0.80664062
356,2,-150,-502584.7,16906.98,2.830000000016298,1.38671875
356,3,-135,-502583.78,16907.318,3.75,1.72460938
356,4,-120,-502584.75,16905.791,2.78000000002794,0.19726559999999993
356,5,-105,-502584.8,16905.594,2.730000000039581,0
356,6,-90,-502584.28,16906.225,3.25,0.6308594
356,7,-75,-502583.16,16907.201,4.370000000053551,1.60742188
356,8,-60,-502581.8,16907.695,5.730000000039581,2.1015625
356,9,-45,-502581.06,16907.648,6.470000000030268,2.0546875
356,10,-30,-502581.72,16907.56,5.810000000055879,1.9667968999999998
356,11,-15,-502582.3,16907.072,5.230000000039581,1.47851562
356,12,0,-502582.9,16906.693,4.630000000004657,1.09960938
356,13,15,-502583.6,16906.75,3.930000000051223,1.15625
356,14,30,-502584.22,16907.074,3.31000000005588,1.48046875
356,15,45,-502584.78,16907.432,2.75,1.8378906000000002
356,16,60,-502585.56,16907.734,1.970000000030268,2.140625
356,17,75,-502586.66,16907.367,0.870000000053551,1.7734375
356,18,90,-502587.47,16906.5,0.0600000000558793,0.90625
356,19,105,-502587.53,16905.96,0,0.3671875
356,20,120,-502586.8,16906.121,0.7300000000395812,0.52734375
356,21,135,-502585.6,16906.777,1.9300000000512227,1.18359375
356,22,150,-502584.25,16907.955,3.28000000002794,2.3613280999999997
356,23,165,-502584.34,16905.943,3.1900000000023283,0.34960939999999996
356,24,180,-502584.84,16905.857,2.6900000000023283,0.26367189999999996
357,1,-165,-403482.3,14041.336,0.0800000000162981,0.0625
357,2,-150,-403482,14041.706,0.3800000000046566,0.4326171999999999
357,3,-135,-403481.2,14042.62,1.179999999993015,1.3466797000000001
357,4,-120,-403480.03,14044.078,2.349999999976717,2.8046875
357,5,-105,-403478.97,14045.641,3.4100000000325963,4.3671875
357,6,-90,-403478.47,14046.379,3.910000000032596,5.105468800000001
357,7,-75,-403478.94,14045.638,3.4400000000023283,4.3642578
357,8,-60,-403480.03,14044.113,2.349999999976717,2.83984375
357,9,-45,-403481.16,14042.662,1.220000000030268,1.3886718999999998
357,10,-30,-403481.97,14041.732,0.4100000000325963,0.45898440000000007
357,11,-15,-403482.3,14041.342,0.0800000000162981,0.06835940000000007
357,12,0,-403482.38,14041.273,0,0
357,13,15,-403482.3,14041.342,0.0800000000162981,0.06835940000000007
357,14,30,-403481.97,14041.732,0.4100000000325963,0.45898440000000007
357,15,45,-403481.16,14042.662,1.220000000030268,1.3886718999999998
357,16,60,-403480.03,14044.111,2.349999999976717,2.8378906
357,17,75,-403478.94,14045.637,3.4400000000023283,4.363281199999999
357,18,90,-403478.47,14046.379,3.910000000032596,5.105468800000001
357,19,105,-403478.97,14045.641,3.4100000000325963,4.3671875
357,20,120,-403480.03,14044.078,2.349999999976717,2.8046875
357,21,135,-403481.2,14042.623,1.179999999993015,1.3496093999999998
357,22,150,-403482,14041.706,0.3800000000046566,0.4326171999999999
357,23,165,-403482.3,14041.336,0.0800000000162981,0.0625
357,24,180,-403482.38,14041.274,0,0.0009765999999999941
358,1,-165,-418861.94,16358.107,0,0.0019531999999999883
358,2,-150,-418861.34,16359.551,0.5999999999767169,1.4453125000000004
358,3,-135,-418860,16361.579,1.9400000000023283,3.4736328000000003
358,4,-120,-418858.12,16363.364,3.820000000006985,5.2587891
358,5,-105,-418856.2,16364.05,5.739999999990687,5.944336
358,6,-90,-418854.94,16364.179,7,6.0732422
358,7,-75,-418854.34,16364.343,7.599999999976717,6.2373047
358,8,-60,-418853.94,16364.394,8,6.288086
358,9,-45,-418853.34,16364.277,8.599999999976717,6.171875
358,10,-30,-418852.5,16363.849,9.440000000002328,5.7431641
358,11,-15,-418851.4,16363.349,10.539999999979043,5.2431641
358,12,0,-418850.28,16363.284,11.659999999974389,5.17871096
358,13,15,-418851.4,16363.348,10.539999999979043,5.2421875
358,14,30,-418852.5,16363.85,9.440000000002328,5.744140600000001
358,15,45,-418853.34,16364.275,8.599999999976717,6.1699219
358,16,60,-418853.94,16364.394,8,6.288086
358,17,75,-418854.34,16364.345,7.599999999976717,6.239257800000001
358,18,90,-418854.94,16364.181,7,6.075195300000001
358,19,105,-418856.2,16364.053,5.739999999990687,5.947265600000001
358,20,120,-418858.12,16363.365,3.820000000006985,5.25976565
358,21,135,-418860,16361.571,1.9400000000023283,3.4658203000000003
358,22,150,-418861.34,16359.546,0.5999999999767169,1.4404297000000001
358,23,165,-418861.94,16358.105,0,0
358,24,180,-418860.97,16359.538,0.970000000030268,1.4326172000000001
359,1,-165,-393957.12,11183.097,0.5999999999767169,0.9218752999999991
359,2,-150,-393955.47,11185.747,2.25,3.572265999999999
359,3,-135,-393952.84,11189.725,4.879999999946449,7.549804999999999
359,4,-120,-393949.38,11193.289,8.339999999967404,11.114258099999999
359,5,-105,-393946,11194.794,11.71999999997206,12.619140999999999
359,6,-90,-393944.3,11194.906,13.419999999983702,12.731445599999999
359,7,-75,-393944.75,11195.065,12.96999999997206,12.8906253
359,8,-60,-393946.66,11194.402,11.059999999997672,12.2275394
359,9,-45,-393948.88,11192.257,8.839999999967404,10.082031599999999
359,10,-30,-393950.66,11189.8,7.059999999997672,7.625000299999999
359,11,-15,-393951.72,11188.091,6,5.916015999999999
359,12,0,-393952.06,11187.508,5.659999999974389,5.333008099999999
359,13,15,-393951.72,11188.103,6,5.927734699999999
359,14,30,-393950.66,11189.796,7.059999999997672,7.621094059999999
359,15,45,-393948.88,11192.248,8.839999999967404,10.0732425
359,16,60,-393946.66,11194.397,11.059999999997672,12.222656599999999
359,17,75,-393944.75,11195.06,12.96999999997206,12.884765999999999
359,18,90,-393944.3,11194.979,13.419999999983702,12.803711199999999
359,19,105,-393946,11194.78,11.71999999997206,12.605469
359,20,120,-393949.38,11193.268,8.339999999967404,11.0927738
359,21,135,-393952.84,11189.732,4.879999999946449,7.557617499999999
359,22,150,-393955.47,11185.773,2.25,3.5986329999999995
359,23,165,-393957.12,11183.1045,0.5999999999767169,0.9296879999999996
359,24,180,-393957.72,11182.175,0,0
360,1,-165,-428923.25,15921.396,0.150000000023283,0.5332032
360,2,-150,-428922.75,15922.679,0.6500000000232831,1.8154297000000001
360,3,-135,-428921.7,15924.184,1.7000000000116415,3.32031255
360,4,-120,-428920.28,15925.58,3.1199999999953434,4.7167969
360,5,-105,-428918.97,15926.6875,4.430000000051223,5.824218800000001
360,6,-90,-428918.4,15927.291,5,6.4277344
360,7,-75,-428918.94,15926.934,4.460000000020955,6.0703126
360,8,-60,-428920.28,15925.76,3.1199999999953434,4.8964844
360,9,-45,-428921.7,15924.281,1.7000000000116415,3.4179688
360,10,-30,-428922.7,15922.802,0.7000000000116415,1.9384766000000002
360,11,-15,-428923.16,15921.588,0.2400000000488944,0.7246094000000003
360,12,0,-428923.3,15921.095,0.1000000000349246,0.23144540000000013
360,13,15,-428923.2,15921.596,0.2000000000116415,0.7324219000000003
360,14,30,-428922.7,15922.798,0.7000000000116415,1.9345704000000001
360,15,45,-428921.7,15924.283,1.7000000000116415,3.419921925
360,16,60,-428920.28,15925.756,3.1199999999953434,4.8925782
360,17,75,-428918.97,15926.94,4.430000000051223,6.0771485
360,18,90,-428918.44,15927.314,4.960000000020955,6.4511719
360,19,105,-428918.97,15926.719,4.430000000051223,5.855468800000001
360,20,120,-428920.28,15925.62,3.1199999999953434,4.756836
360,21,135,-428921.72,15924.217,1.6800000000512227,3.353515675
360,22,150,-428922.78,15922.694,0.6199999999953434,1.8310547000000001
360,23,165,-428923.28,15921.404,0.1199999999953433,0.5410157
360,24,180,-428923.4,15920.863,0,0
361,1,-165,-397330.22,14628.131,6.880000000004657,5.5888672
361,2,-150,-397332.3,14625.744,4.799999999988359,3.2021484
361,3,-135,-397334.3,14623.908,2.7999999999883585,1.36621092
361,4,-120,-397335.8,14622.874,1.2999999999883585,0.3320312000000001
361,5,-105,-397336.66,14622.542,0.4400000000023283,0
361,6,-90,-397337.03,14622.713,0.0699999999487772,0.1708984
361,7,-75,-397337.1,14623.005,0,0.46289060000000015
361,8,-60,-397337,14623.168,0.0999999999767169,0.6259765000000002
361,9,-45,-397336.78,14623.359,0.3199999999487772,0.8173828000000001
361,10,-30,-397336.47,14623.887,0.6300000000046566,1.34472655
361,11,-15,-397336.1,14624.694,1,2.15234374
361,12,0,-397335.84,14625.302,1.2599999999511056,2.7597656
361,13,15,-397336.1,14624.699,1,2.15722655
361,14,30,-397336.47,14623.888,0.6300000000046566,1.3457031000000002
361,15,45,-397336.78,14623.367,0.3199999999487772,0.8251953000000001
361,16,60,-397337,14623.167,0.0999999999767169,0.625
361,17,75,-397337.1,14623.005,0,0.46289060000000015
361,18,90,-397337.03,14622.713,0.0699999999487772,0.1708984
361,19,105,-397336.66,14622.544,0.4400000000023283,0.001953100000000152
361,20,120,-397335.8,14622.87,1.2999999999883585,0.328125
361,21,135,-397334.3,14623.911,2.7999999999883585,1.3691406000000002
361,22,150,-397332.3,14625.743,4.799999999988359,3.2011719000000003
361,23,165,-397330.22,14628.123,6.880000000004657,5.5810547
361,24,180,-397328.88,14629.953,8.21999999997206,7.4111328
362,1,-165,-502236.62,19597.012,0.1300000000046566,0.12695310000000015
362,2,-150,-502236.22,19597.639,0.5300000000279397,0.7539061999999999
362,3,-135,-502236,19598.42,0.75,1.5351562
362,4,-120,-502236.22,19598.799,0.5300000000279397,1.9140625
362,5,-105,-502236.47,19598.66,0.2800000000279397,1.7753906
362,6,-90,-502235.78,19599.014,0.9699999999720604,2.12890625
362,7,-75,-502235.66,19597.955,1.0900000000256114,1.0703125
362,8,-60,-502236.75,19596.885,0,0
362,9,-45,-502235.7,19597.28,1.0499999999883585,0.39453119999999986
362,10,-30,-502233.6,19598.574,3.150000000023283,1.6894531
362,11,-15,-502229.47,19603.984,7.28000000002794,7.0996094
362,12,0,-502230.2,19603.654,6.549999999988359,6.769531199999999
362,13,15,-502231.44,19602.168,5.309999999997672,5.2832031
362,14,30,-502232.47,19600.924,4.28000000002794,4.0390625
362,15,45,-502232.84,19600.822,3.9099999999743886,3.9375
362,16,60,-502232.4,19600.348,4.349999999976717,3.4628906
362,17,75,-502232.7,19600.934,4.049999999988359,4.0488281
362,18,90,-502231.84,19601.201,4.909999999974389,4.3164062
362,19,105,-502231.22,19602.145,5.53000000002794,5.2597656
362,20,120,-502230.84,19602.164,5.909999999974389,5.2792969
362,21,135,-502231.47,19601.105,5.28000000002794,4.2207031
362,22,150,-502233.2,19599.236,3.5499999999883585,2.3515625
362,23,165,-502235.3,19597.635,1.4500000000116415,0.75
362,24,180,-502236.62,19596.916,0.1300000000046566,0.03125
363,1,-165,-401562.1,10799.14,1.9300000000512227,1.82226566
363,2,-150,-401560.9,10800.413,3.1300000000046566,3.0957032
363,3,-135,-401560.12,10800.839,3.910000000032596,3.5214844000000003
363,4,-120,-401560.2,10800.755,3.830000000016298,3.4375
363,5,-105,-401561.12,10799.832,2.9100000000325963,2.5146485
363,6,-90,-401562.53,10798.912,1.5,1.5947266
363,7,-75,-401563.5,10797.994,0.5300000000279397,0.67675785
363,8,-60,-401562.62,10799.479,1.4100000000325963,2.16113285
363,9,-45,-401563.53,10797.926,0.5,0.6083985000000001
363,10,-30,-401562.6,10798.836,1.4300000000512227,1.51855472
363,11,-15,-401561.22,10799.699,2.81000000005588,2.381836
363,12,0,-401560.25,10800.346,3.78000000002794,3.0283204
363,13,15,-401560.1,10800.894,3.930000000051223,3.5761719000000003
363,14,30,-401560.75,10800.637,3.28000000002794,3.319336
363,15,45,-401561.9,10799.475,2.1300000000046566,2.1572266
363,16,60,-401563.06,10798.162,0.970000000030268,0.8447266
363,17,75,-401563.84,10797.767,0.1900000000023283,0.4492187999999999
363,18,90,-401564.03,10798.007,0,0.68945316
363,19,105,-401563.6,10797.875,0.4300000000512227,0.5576171999999999
363,20,120,-401563.44,10797.317,0.5900000000256114,0
363,21,135,-401563.47,10797.521,0.5600000000558794,0.2041016
363,22,150,-401563.97,10797.971,0.0600000000558793,0.6533203999999999
363,23,165,-401563.94,10797.979,0.0900000000256113,0.6611328000000001
363,24,180,-401563.25,10797.973,0.7800000000279397,0.6552735000000001
364,1,-165,-206031.9,8785.058,0.4800000000104774,0.3583984
364,2,-150,-206031.05,8785.913,1.330000000016298,1.2138672
364,3,-135,-206030.28,8786.735,2.1000000000058208,2.0361328399999996
364,4,-120,-206030.03,8787.069,2.3500000000058208,2.3701171999999997
364,5,-105,-206030.39,8786.782,1.9899999999906868,2.0830078399999996
364,6,-90,-206030.88,8786.165,1.5,1.4658202999999999
364,7,-75,-206030.86,8785.957,1.5200000000186265,1.2578124999999998
364,8,-60,-206030.17,8786.462,2.209999999991851,1.7626953399999998
364,9,-45,-206028.69,8787.714,3.690000000002328,3.01464846
364,10,-30,-206026.66,8789.643,5.720000000001164,4.9433594
364,11,-15,-206024.28,8791.727,8.10000000000582,7.027343800000001
364,12,0,-206023.67,8792.31,8.709999999991851,7.610351399999999
364,13,15,-206024.28,8791.763,8.10000000000582,7.063476399999999
364,14,30,-206025.64,8790.321,6.739999999990687,5.6220704
364,15,45,-206027.33,8788.318,5.050000000017462,3.61914065
364,16,60,-206028.84,8786.834,3.540000000008149,2.13476565
364,17,75,-206029.58,8786.384,2.8000000000174623,1.6845703399999998
364,18,90,-206029.62,8786.72,2.760000000009313,2.0205078399999996
364,19,105,-206029.62,8786.421,2.760000000009313,1.7216796999999997
364,20,120,-206030.06,8786.684,2.320000000006985,1.984375
364,21,135,-206030.69,8786.499,1.6900000000023283,1.7998046999999997
364,22,150,-206031.56,8785.814,0.8200000000069849,1.1152343999999998
364,23,165,-206032.25,8785.036,0.1300000000046566,0.3369141
364,24,180,-206032.38,8784.699,0,0
365,1,-165,-272479.62,8514.784,5.849999999976717,2.8808593599999996
365,2,-150,-272479.28,8514.774,6.189999999944121,2.87109374
365,3,-135,-272478.7,8514.305,6.769999999960419,2.401367175
365,4,-120,-272478.38,8514.034,7.089999999967404,2.1308593599999996
365,5,-105,-272478.47,8514.507,7,2.6035156099999996
365,6,-90,-272478.8,8515.082,6.669999999983702,3.1787109
365,7,-75,-272479.56,8515.435,5.909999999974389,3.53125
365,8,-60,-272481.03,8515.226,4.439999999944121,3.3222655999999997
365,9,-45,-272482.88,8514.304,2.589999999967404,2.400390613
365,10,-30,-272484.4,8513.273,1.0699999999487773,1.3701172
365,11,-15,-272485.38,8512.56,0.0899999999674037,0.6562499999999998
365,12,0,-272485.47,8511.903,0,0
365,13,15,-272485.38,8512.56,0.0899999999674037,0.6562499999999998
365,14,30,-272484.4,8513.273,1.0699999999487773,1.3701172
365,15,45,-272482.88,8514.3125,2.589999999967404,2.409179675
365,16,60,-272481.03,8515.24,4.439999999944121,3.33691405
365,17,75,-272479.56,8515.448,5.909999999974389,3.5449219
365,18,90,-272478.8,8515.078,6.669999999983702,3.1748046999999997
365,19,105,-272478.47,8514.492,7,2.58886718
365,20,120,-272478.38,8514.033,7.089999999967404,2.1298828
365,21,135,-272478.7,8514.3,6.769999999960419,2.396484363
365,22,150,-272479.28,8514.764,6.189999999944121,2.86035155
365,23,165,-272479.62,8514.788,5.849999999976717,2.8847655999999997
365,24,180,-272479.8,8514.877,5.669999999983702,2.9736328
366,1,-165,-477873.03,14974.784,0.4099999999743886,2.1328124500000003
366,2,-150,-477873.2,14973.93,0.2399999999906867,1.278320263
366,3,-135,-477873.2,14973.242,0.2399999999906867,0.5908202600000001
366,4,-120,-477873.4,14972.651,0.0399999999790452,0
366,5,-105,-477873.44,14972.799,0,0.1474609
366,6,-90,-477873.34,14973.103,0.0999999999767169,0.4511718000000001
366,7,-75,-477873.16,14973.146,0.2800000000279397,0.49511714000000007
366,8,-60,-477872.56,14973.444,0.8800000000046566,0.7929687000000001
366,9,-45,-477871.97,14974.123,1.470000000030268,1.47167964
366,10,-30,-477871.34,14974.774,2.099999999976717,2.1230468
366,11,-15,-477870.78,14975.491,2.6599999999743886,2.8398437000000003
366,12,0,-477870.5,14975.804,2.9400000000023283,3.1523437000000003
366,13,15,-477870.78,14975.49,2.6599999999743886,2.8388671
366,14,30,-477871.34,14974.769,2.099999999976717,2.1171874500000003
366,15,45,-477871.97,14974.125,1.470000000030268,1.47363276
366,16,60,-477872.56,14973.444,0.8800000000046566,0.7929687000000001
366,17,75,-477873.16,14973.149,0.2800000000279397,0.4980468000000001
366,18,90,-477873.34,14973.1,0.0999999999767169,0.44824214000000007
366,19,105,-477873.44,14972.799,0,0.1474609
366,20,120,-477873.4,14972.652,0.0399999999790452,0.0009765000000001578
366,21,135,-477873.2,14973.248,0.2399999999906867,0.5966796400000001
366,22,150,-477873.16,14973.928,0.2800000000279397,1.276367138
366,23,165,-477873.03,14974.784,0.4099999999743886,2.1328124500000003
366,24,180,-477872.97,14975.311,0.470000000030268,2.6591796
367,1,-165,-245919.17,11617.228,0.2299999999813735,0.36718770000000056
367,2,-150,-245919.38,11616.86,0.0199999999895226,0
367,3,-135,-245919.4,11616.883,0,0.02246100000000073
367,4,-120,-245919.27,11617.262,0.1300000000046566,0.4013674000000007
367,5,-105,-245919.02,11617.811,0.3800000000046566,0.9501955000000004
367,6,-90,-245918.75,11618.254,0.6499999999941792,1.393555
367,7,-75,-245918.44,11618.56,0.9599999999918508,1.6992190000000003
367,8,-60,-245917.72,11619.274,1.679999999993015,2.4140627000000006
367,9,-45,-245916.19,11621.166,3.209999999991851,4.305664200000001
367,10,-30,-245914.05,11624.254,5.350000000005821,7.393554900000001
367,11,-15,-245911.77,11627.667,7.630000000004657,10.806641
367,12,0,-245909.83,11630.255,9.570000000006983,13.3945314
367,13,15,-245908.3,11631.625,11.10000000000582,14.764649000000002
367,14,30,-245907.39,11631.0625,12.00999999998021,14.202149000000002
367,15,45,-245908.12,11630.195,11.279999999998836,13.334961
367,16,60,-245908.94,11630.324,10.459999999991853,13.463867400000002
367,17,75,-245910.16,11630.063,9.239999999990689,13.203125
367,18,90,-245911.95,11627.811,7.449999999982538,10.9501955
367,19,105,-245914.16,11624.062,5.239999999990687,7.201172100000001
367,20,120,-245916.44,11620.717,2.959999999991851,3.8564455000000004
367,21,135,-245917.94,11619.051,1.459999999991851,2.1904299000000003
367,22,150,-245918.53,11618.543,0.8699999999953434,1.6826174000000007
367,23,165,-245918.72,11618.275,0.6799999999930151,1.4150392000000007
367,24,180,-245918.92,11617.8,0.4799999999813735,0.9394533000000003
368,1,-165,-452445.72,14209.074,0.3100000000558793,0.5283202999999999
368,2,-150,-452444.8,14209.999,1.2300000000395812,1.4531249999999998
368,3,-135,-452443.38,14211.001,2.650000000023283,2.455078075
368,4,-120,-452441.62,14212.18,4.410000000032596,3.633789
368,5,-105,-452440.1,14213.136,5.930000000051223,4.589843699999999
368,6,-90,-452439.47,14213.508,6.560000000055879,4.961914
368,7,-75,-452440.16,14213.159,5.870000000053551,4.613281199999999
368,8,-60,-452441.72,14212.227,4.310000000055879,3.680664
368,9,-45,-452443.4,14211.04,2.6300000000046566,2.494140575
368,10,-30,-452444.75,14209.867,1.2800000000279397,1.321289
368,11,-15,-452445.56,14208.949,0.470000000030268,0.4033202
368,12,0,-452445.8,14208.574,0.2300000000395812,0.028320200000000018
368,13,15,-452445.56,14208.947,0.470000000030268,0.4013671999999997
368,14,30,-452444.75,14209.866,1.2800000000279397,1.3203124
368,15,45,-452443.4,14211.04,2.6300000000046566,2.494140575
368,16,60,-452441.75,14212.315,4.28000000002794,3.7695312
368,17,75,-452440.16,14213.159,5.870000000053551,4.613281199999999
368,18,90,-452439.47,14213.508,6.560000000055879,4.961914
368,19,105,-452440.1,14213.132,5.930000000051223,4.5859374
368,20,120,-452441.62,14212.18,4.410000000032596,3.633789
368,21,135,-452443.38,14211.002,2.650000000023283,2.45605464
368,22,150,-452444.84,14210.09,1.1900000000023283,1.5439452599999999
368,23,165,-452445.72,14209.069,0.3100000000558793,0.5234373999999999
368,24,180,-452446.03,14208.546,0,0
369,1,-165,-411207.4,19391.719,0.4799999999813735,0.1835937000000003
369,2,-150,-411206.44,19392.941,1.4400000000023283,1.4062500000000002
369,3,-135,-411204.5,19395.238,3.3800000000046566,3.70312498
369,4,-120,-411202.56,19396.88,5.320000000006985,5.3457031
369,5,-105,-411203.4,19394.078,4.4799999999813735,2.5429687000000003
369,6,-90,-411205.97,19392.334,1.9100000000325963,0.7988281000000002
369,7,-75,-411207.53,19391.535,0.3499999999767169,0
369,8,-60,-411207.88,19391.803,0,0.26757810000000015
369,9,-45,-411206.97,19393.229,0.9100000000325964,1.6933594
369,10,-30,-411205.03,19395.385,2.849999999976717,3.84960935
369,11,-15,-411202.6,19397.398,5.28000000002794,5.8632812
369,12,0,-411200.62,19398.408,7.260000000009313,6.8730468
369,13,15,-411200.34,19397.969,7.539999999979045,6.4335937
369,14,30,-411202,19396.367,5.880000000004657,4.8320312
369,15,45,-411204.8,19394.383,3.080000000016298,2.84765622
369,16,60,-411206.78,19392.898,1.099999999976717,1.3632812
369,17,75,-411204.7,19394.42,3.179999999993015,2.8847656
369,18,90,-411203.75,19396.256,4.130000000004657,4.7207031
369,19,105,-411202.34,19398.604,5.539999999979045,7.0683594
369,20,120,-411200.34,19397.78,7.539999999979045,6.2441406
369,21,135,-411201.53,19396.432,6.349999999976717,4.8964844
369,22,150,-411203.97,19394.627,3.910000000032596,3.09179685
369,23,165,-411206.22,19392.75,1.6600000000325963,1.2148437000000003
369,24,180,-411207.44,19391.623,0.4400000000023283,0.08789060000000015
370,1,-165,-331738.56,11405.467,0.2399999999906867,0.8476562480000001
370,2,-150,-331738.8,11404.791,0,0.171875
370,3,-135,-331738.44,11404.67,0.3599999999860301,0.05078126000000005
370,4,-120,-331737.44,11405.346,1.3599999999860302,0.7265625
370,5,-105,-331736.28,11406.41,2.519999999960419,1.79101562
370,6,-90,-331735.7,11406.945,3.099999999976717,2.32617186
370,7,-75,-331735.9,11406.447,2.8999999999650754,1.828125
370,8,-60,-331736.72,11405.333,2.080000000016298,0.71386718
370,9,-45,-331737.53,11404.621,1.2699999999604188,0.0019531200000000304
370,10,-30,-331737.8,11404.757,1,0.13769531000000002
370,11,-15,-331737.47,11405.546,1.330000000016298,0.92675781
370,12,0,-331737.06,11406.084,1.7399999999906868,1.46484376
370,13,15,-331737.47,11405.537,1.330000000016298,0.917968748
370,14,30,-331737.8,11404.757,1,0.13769531000000002
370,15,45,-331737.53,11404.619,1.2699999999604188,0
370,16,60,-331736.72,11405.332,2.080000000016298,0.71289062
370,17,75,-331735.9,11406.45,2.8999999999650754,1.83105466
370,18,90,-331735.7,11406.945,3.099999999976717,2.32617186
370,19,105,-331736.28,11406.422,2.519999999960419,1.80273436
370,20,120,-331737.44,11405.346,1.3599999999860302,0.7265625
370,21,135,-331738.44,11404.672,0.3599999999860301,0.05273435999999998
370,22,150,-331738.8,11404.791,0,0.171875
370,23,165,-331738.56,11405.47,0.2399999999906867,0.850585935
370,24,180,-331738.28,11405.875,0.5199999999604188,1.25585936
371,1,-165,-307067.16,9858.424,0.3099999999976717,0.5117186999999999
371,2,-150,-307066.12,9859.664,1.349999999976717,1.7519531
371,3,-135,-307064.47,9861.089,3,3.1767577599999997
371,4,-120,-307062.44,9862.394,5.029999999969732,4.4814453
371,5,-105,-307060.44,9863.211,7.029999999969732,5.2988281
371,6,-90,-307059.47,9863.05,8,5.1376952
371,7,-75,-307060.47,9863.226,7,5.3134765
371,8,-60,-307062.53,9862.488,4.939999999944121,4.5761718
371,9,-45,-307064.62,9861.122,2.849999999976717,3.20996089
371,10,-30,-307066.22,9859.624,1.25,1.711914
371,11,-15,-307067.16,9858.404,0.3099999999976717,0.4921873999999997
371,12,0,-307067.47,9857.912,0,0
371,13,15,-307067.16,9858.404,0.3099999999976717,0.4921873999999997
371,14,30,-307066.22,9859.624,1.25,1.711914
371,15,45,-307064.62,9861.123,2.849999999976717,3.21093745
371,16,60,-307062.53,9862.486,4.939999999944121,4.574218699999999
371,17,75,-307060.47,9863.2295,7,5.3173828
371,18,90,-307059.47,9863.046,8,5.133789
371,19,105,-307060.44,9863.214,7.029999999969732,5.3017578
371,20,120,-307062.44,9862.395,5.029999999969732,4.4824218
371,21,135,-307064.47,9861.092,3,3.17968745
371,22,150,-307066.12,9859.664,1.349999999976717,1.7519531
371,23,165,-307067.16,9858.424,0.3099999999976717,0.5117186999999999
371,24,180,-307067.47,9857.917,0,0.004882799999999854
372,1,-165,-324067.28,11505.299,0.0199999999604187,0.23632809999999993
372,2,-150,-324066.97,11505.914,0.3300000000162981,0.8515625
372,3,-135,-324066.2,11506.771,1.099999999976717,1.708984375
372,4,-120,-324065,11507.64,2.2999999999883585,2.57714844
372,5,-105,-324063.84,11508.218,3.459999999962747,3.1552734
372,6,-90,-324063.38,11508.388,3.919999999983702,3.3251953
372,7,-75,-324063.88,11508.227,3.419999999983702,3.1640625
372,8,-60,-324065,11507.646,2.2999999999883585,2.5839844
372,9,-45,-324066.2,11506.783,1.099999999976717,1.720703125
372,10,-30,-324066.97,11505.933,0.3300000000162981,0.8701172
372,11,-15,-324067.28,11505.304,0.0199999999604187,0.2412109
372,12,0,-324067.3,11505.0625,0,0
372,13,15,-324067.28,11505.304,0.0199999999604187,0.2412109
372,14,30,-324066.97,11505.933,0.3300000000162981,0.8701172
372,15,45,-324066.2,11506.783,1.099999999976717,1.720703125
372,16,60,-324065,11507.646,2.2999999999883585,2.5839844
372,17,75,-324063.88,11508.227,3.419999999983702,3.1640625
372,18,90,-324063.38,11508.388,3.919999999983702,3.3251953
372,19,105,-324063.84,11508.214,3.459999999962747,3.1513672
372,20,120,-324065,11507.64,2.2999999999883585,2.57714844
372,21,135,-324066.2,11506.7705,1.099999999976717,1.708007813
372,22,150,-324066.97,11505.915,0.3300000000162981,0.85253906
372,23,165,-324067.28,11505.299,0.0199999999604187,0.23632809999999993
372,24,180,-324067.3,11505.063,0,0.0009765999999999941
373,1,-165,-444415.78,15706.025,0.5599999999976717,1.43359374
373,2,-150,-444416.1,15704.962,0.2400000000488944,0.37011717999999993
373,3,-135,-444416.3,15704.592,0.0400000000372529,0
373,4,-120,-444416.34,15704.647,0,0.055664049999999965
373,5,-105,-444416.25,15704.823,0.0900000000256113,0.23144529999999996
373,6,-90,-444416.25,15704.896,0.0900000000256113,0.30468749999999994
373,7,-75,-444416.34,15704.812,0,0.21972654999999996
373,8,-60,-444416.34,15704.605,0,0.01367185999999998
373,9,-45,-444416.28,15704.614,0.0599999999976716,0.022460900000000006
373,10,-30,-444416,15705.198,0.3400000000256113,0.6064453
373,11,-15,-444415.75,15706.218,0.5900000000256114,1.6259765000000002
373,12,0,-444415.7,15706.606,0.6400000000139698,2.0146484
373,13,15,-444415.75,15706.218,0.5900000000256114,1.6259765000000002
373,14,30,-444416,15705.2,0.3400000000256113,0.608398425
373,15,45,-444416.25,15704.644,0.0900000000256113,0.051757799999999965
373,16,60,-444416.34,15704.6045,0,0.012695299999999965
373,17,75,-444416.28,15704.799,0.0599999999976716,0.20703123999999995
373,18,90,-444416.25,15704.896,0.0900000000256113,0.30468749999999994
373,19,105,-444416.25,15704.823,0.0900000000256113,0.23144529999999996
373,20,120,-444416.34,15704.647,0,0.055664049999999965
373,21,135,-444416.3,15704.592,0.0400000000372529,0
373,22,150,-444416.1,15704.962,0.2400000000488944,0.37011717999999993
373,23,165,-444415.78,15706.028,0.5599999999976717,1.4365234
373,24,180,-444415.7,15706.6045,0.6400000000139698,2.0126953
374,1,-165,-372671.22,13338.287,0,1.0585938000000001
374,2,-150,-372670.78,13339.134,0.4399999999441206,1.9052735000000003
374,3,-135,-372670.38,13339.778,0.8399999999674037,2.5498047400000003
374,4,-120,-372670.16,13340.135,1.0599999999976717,2.90625005
374,5,-105,-372670.8,13338.69,0.4199999999837018,1.4619141000000002
374,6,-90,-372671.1,13337.949,0.1199999999953433,0.7207032
374,7,-75,-372670.97,13337.617,0.25,0.3886719000000003
374,8,-60,-372669.94,13338.333,1.279999999969732,1.1044922000000001
374,9,-45,-372667.9,13340.16,3.3199999999487773,2.93164068
374,10,-30,-372665.47,13342.702,5.75,5.473632800000001
374,11,-15,-372663.28,13345.11,7.939999999944121,7.881835799999999
374,12,0,-372661.8,13346.717,9.419999999983702,9.4882813
374,13,15,-372663.28,13345.116,7.939999999944121,7.8876954
374,14,30,-372665.47,13342.697,5.75,5.46875
374,15,45,-372667.9,13340.151,3.3199999999487773,2.92285161
374,16,60,-372669.94,13338.331,1.279999999969732,1.1025391000000002
374,17,75,-372670.97,13337.619,0.25,0.390625
374,18,90,-372671.1,13337.941,0.1199999999953433,0.7128907
374,19,105,-372670.8,13338.688,0.4199999999837018,1.459961
374,20,120,-372670.16,13339.845,1.0599999999976717,2.6162109900000003
374,21,135,-372670.38,13339.744,0.8399999999674037,2.51562505
374,22,150,-372670.78,13339.13,0.4399999999441206,1.9013672400000001
374,23,165,-372671.22,13338.287,0,1.0585938000000001
374,24,180,-372671.22,13337.229,0,0
375,1,-165,-229197.62,8578.749,2.1000000000058208,1.16601565
375,2,-150,-229198.1,8578.621,1.6199999999953434,1.038085962
375,3,-135,-229199.14,8577.891,0.5799999999871943,0.30761720000000004
375,4,-120,-229199.72,8577.583,0,0
375,5,-105,-229199.7,8577.989,0.0199999999895226,0.4062500000000001
375,6,-90,-229197.02,8578.106,2.700000000011641,0.5234375000000001
375,7,-75,-229196.08,8578.583,3.64000000001397,1.000000025
375,8,-60,-229196.81,8578.701,2.9100000000034925,1.1181640880000001
375,9,-45,-229197.33,8579.985,2.39000000001397,2.4023438
375,10,-30,-229197.27,8579.544,2.450000000011641,1.9609375
375,11,-15,-229197.19,8578.786,2.529999999998836,1.20312502
375,12,0,-229196.98,8578.205,2.7399999999906868,0.62207034
375,13,15,-229197.19,8578.786,2.529999999998836,1.20312502
375,14,30,-229197.27,8579.545,2.450000000011641,1.9619141
375,15,45,-229196.92,8578.631,2.7999999999883585,1.047851588
375,16,60,-229197.62,8579.917,2.1000000000058208,2.3339844000000003
375,17,75,-229196.08,8578.591,3.64000000001397,1.007812525
375,18,90,-229199.14,8578.837,0.5799999999871943,1.25390628
375,19,105,-229199.7,8577.989,0.0199999999895226,0.4062500000000001
375,20,120,-229199.72,8577.584,0,0.0009765999999999941
375,21,135,-229199.14,8577.889,0.5799999999871943,0.3056641000000001
375,22,150,-229198.1,8578.612,1.6199999999953434,1.0292969
375,23,165,-229196.86,8579.161,2.860000000015134,1.578125
375,24,180,-229195.94,8579.14,3.779999999998836,1.55664065
376,1,-165,-331748.4,11322.259,0.2999999999883584,0.47949220000000015
376,2,-150,-331747.56,11323.413,1.1400000000139698,1.6337891
376,3,-135,-331746.25,11324.717,2.450000000011641,2.9375
376,4,-120,-331744.72,11325.901,3.980000000039581,4.1220703
376,5,-105,-331743.4,11326.856,5.299999999988359,5.0771484000000004
376,6,-90,-331742.84,11327.303,5.85999999998603,5.5234375
376,7,-75,-331743.38,11326.955,5.320000000006985,5.1757812
376,8,-60,-331744.6,11326.254,4.100000000034925,4.4746094
376,9,-45,-331745.94,11325.503,2.760000000009313,3.7236328
376,10,-30,-331746.94,11324.664,1.7600000000093132,2.88476562
376,11,-15,-331747.5,11323.869,1.2000000000116415,2.0898437999999997
376,12,0,-331747.66,11323.516,1.040000000037253,1.7363281
376,13,15,-331747.5,11323.871,1.2000000000116415,2.0917969000000003
376,14,30,-331746.94,11324.662,1.7600000000093132,2.8828125
376,15,45,-331745.94,11325.502,2.760000000009313,3.72265625
376,16,60,-331744.6,11326.261,4.100000000034925,4.4814453
376,17,75,-331743.38,11326.952,5.320000000006985,5.1728515999999996
376,18,90,-331742.84,11327.303,5.85999999998603,5.5234375
376,19,105,-331743.4,11326.857,5.299999999988359,5.078125
376,20,120,-331744.72,11325.902,3.980000000039581,4.1230469
376,21,135,-331746.25,11324.716,2.450000000011641,2.93652344
376,22,150,-331747.56,11323.412,1.1400000000139698,1.6328125
376,23,165,-331748.4,11322.259,0.2999999999883584,0.47949220000000015
376,24,180,-331748.7,11321.779,0,0
377,1,-165,-394931.28,15990.606,7.96999999997206,4.1884765
377,2,-150,-394932.12,15990.023,7.130000000004657,3.6054687
377,3,-135,-394932.3,15989.983,6.9500000000116415,3.565429638
377,4,-120,-394931.9,15990.69,7.349999999976717,4.2724609
377,5,-105,-394931.28,15991.705,7.96999999997206,5.2871093
377,6,-90,-394931.47,15992.294,7.78000000002794,5.8759765
377,7,-75,-394933.3,15991.685,5.9500000000116415,5.2666015
377,8,-60,-394935.44,15990.094,3.809999999997672,3.6757812
377,9,-45,-394937.16,15988.442,2.090000000025612,2.024414
377,10,-30,-394938.3,15987.283,0.9500000000116416,0.8652343
377,11,-15,-394938.94,15986.666,0.3099999999976717,0.2480468
377,12,0,-394939.25,15986.418,0,0
377,13,15,-394939.22,15986.485,0.0300000000279396,0.06738279999999985
377,14,30,-394938.62,15987.045,0.6300000000046566,0.6269530999999997
377,15,45,-394937.38,15988.285,1.8699999999953436,1.8671874
377,16,60,-394935.47,15990.04,3.78000000002794,3.6220702599999997
377,17,75,-394933.22,15991.663,6.03000000002794,5.2451171
377,18,90,-394931.44,15992.253,7.809999999997672,5.8349609000000004
377,19,105,-394931.22,15991.831,8.03000000002794,5.4130859
377,20,120,-394931.6,15991.01,7.650000000023283,4.5917968
377,21,135,-394931.62,15990.721,7.630000000004657,4.3027343
377,22,150,-394930.9,15991.365,8.349999999976717,4.9472656
377,23,165,-394929.84,15991.536,9.409999999974389,5.118164
377,24,180,-394930.16,15991.095,9.090000000025611,4.6767578
378,1,-165,-265549.38,9128.117,2.339999999967404,3.8671874
378,2,-150,-265550.7,9126.771,1.0199999999604188,2.5214843
378,3,-135,-265551.53,9125.219,0.1899999999441206,0.9687499500000001
378,4,-120,-265551.72,9124.25,0,0
378,5,-105,-265551.28,9124.31,0.4399999999441206,0.059570300000000076
378,6,-90,-265550.4,9125.203,1.3199999999487773,0.9531249500000001
378,7,-75,-265549.5,9126.162,2.2199999999720603,1.912109325
378,8,-60,-265549.22,9126.76,2.5,2.5097656
378,9,-45,-265549.97,9127.14,1.75,2.8896484
378,10,-30,-265551,9126.702,0.7199999999720603,2.4521484
378,11,-15,-265551.53,9125.8955,0.1899999999441206,1.64550776
378,12,0,-265551.34,9125.546,0.3799999999464489,1.2958984
378,13,15,-265551.53,9125.8955,0.1899999999441206,1.64550776
378,14,30,-265551,9126.704,0.7199999999720603,2.4541015
378,15,45,-265549.97,9127.14,1.75,2.8896484
378,16,60,-265549.22,9126.76,2.5,2.5097656
378,17,75,-265549.5,9126.162,2.2199999999720603,1.912109325
378,18,90,-265550.4,9125.204,1.3199999999487773,0.9541015
378,19,105,-265551.28,9124.31,0.4399999999441206,0.059570300000000076
378,20,120,-265551.72,9124.25,0,0
378,21,135,-265551.53,9125.217,0.1899999999441206,0.9667968000000001
378,22,150,-265550.7,9126.777,1.0199999999604188,2.5273437000000003
378,23,165,-265549.38,9128.117,2.339999999967404,3.8671874
378,24,180,-265548.28,9129.225,3.4399999999441206,4.9746093
379,1,-165,-476736.88,17360.197,0,0
379,2,-150,-476736.47,17360.268,0.4100000000325963,0.0703125
379,3,-135,-476735.38,17361.135,1.5,0.9374999999999998
379,4,-120,-476733.9,17362.553,2.979999999981373,2.355468775
379,5,-105,-476732.62,17364.07,4.260000000009313,3.8730469
379,6,-90,-476732.2,17365.111,4.679999999993015,4.9140625
379,7,-75,-476732.88,17365.129,4,4.9316406
379,8,-60,-476733.84,17364.51,3.039999999979045,4.3125
379,9,-45,-476734.38,17363.84,2.5,3.6425782
379,10,-30,-476734.28,17363.326,2.599999999976717,3.1289062999999997
379,11,-15,-476733.9,17362.512,2.979999999981373,2.31445315
379,12,0,-476733.8,17361.762,3.080000000016298,1.5644531499999998
379,13,15,-476734.2,17361.62,2.679999999993015,1.421875
379,14,30,-476734.3,17361.766,2.580000000016298,1.5683593999999998
379,15,45,-476733.9,17362.33,2.979999999981373,2.13281252
379,16,60,-476733,17363.305,3.8800000000046566,3.1074219
379,17,75,-476732.88,17365.135,4,4.9375
379,18,90,-476732.2,17365.043,4.679999999993015,4.8457032
379,19,105,-476732.62,17364.07,4.260000000009313,3.8730469
379,20,120,-476733.94,17362.535,2.9400000000023283,2.33789065
379,21,135,-476735.38,17361.14,1.5,0.9433593999999998
379,22,150,-476736.47,17360.268,0.4100000000325963,0.0703125
379,23,165,-476736.88,17360.201,0,0.003906299999999696
379,24,180,-476736.56,17360.79,0.3200000000069849,0.5917968999999998
380,1,-165,-321818.78,11201.529,4.71999999997206,3.7539062000000003
380,2,-150,-321818.47,11202.404,5.03000000002794,4.6289062
380,3,-135,-321817.75,11202.834,5.75,5.0585937
380,4,-120,-321817.2,11202.637,6.299999999988359,4.8613281
380,5,-105,-321820.22,11201.17,3.28000000002794,3.3945312000000003
380,6,-90,-321822.28,11199.578,1.2199999999720603,1.8027343500000002
380,7,-75,-321823.5,11198.421,0,0.6455078000000003
380,8,-60,-321823.4,11197.815,0.0999999999767169,0.04003900000000016
380,9,-45,-321822.22,11197.889,1.2800000000279397,0.1132812000000003
380,10,-30,-321819.3,11199.786,4.2000000000116415,2.0107421600000004
380,11,-15,-321818.1,11200.815,5.400000000023283,3.04003904
380,12,0,-321817.25,11201.298,6.25,3.5224609
380,13,15,-321818.1,11200.816,5.400000000023283,3.0410156
380,14,30,-321819.3,11199.78,4.2000000000116415,2.0048828000000003
380,15,45,-321822.16,11197.775,1.3400000000256114,0
380,16,60,-321823.4,11197.803,0.0999999999767169,0.027343700000000304
380,17,75,-321823.5,11198.47,0,0.6943359
380,18,90,-321822.28,11199.53,1.2199999999720603,1.7548828000000003
380,19,105,-321820.22,11201.134,3.28000000002794,3.3583984
380,20,120,-321817.2,11202.634,6.299999999988359,4.8583984000000004
380,21,135,-321817.75,11202.851,5.75,5.075195300000001
380,22,150,-321818.47,11202.385,5.03000000002794,4.609375
380,23,165,-321818.78,11201.535,4.71999999997206,3.7597656
380,24,180,-321818.6,11200.818,4.900000000023283,3.04296872
381,1,-165,-491284.72,11945.766,0.120000000053551,0.08593740000000061
381,2,-150,-491284.66,11945.68,0.1800000000512227,0
381,3,-135,-491282.75,11948.544,2.090000000025612,2.8642577000000005
381,4,-120,-491282.25,11949.754,2.590000000025612,4.0742186
381,5,-105,-491281,11951.923,3.8400000000256114,6.2431639400000005
381,6,-90,-491279.44,11954.7705,5.400000000023283,9.0908202
381,7,-75,-491277.7,11958.09,7.14000000001397,12.410156
381,8,-60,-491277.06,11958.614,7.78000000002794,12.93457
381,9,-45,-491278.56,11954.208,6.28000000002794,8.5283202
381,10,-30,-491281.34,11950.762,3.5,5.0820311
381,11,-15,-491282.7,11948.812,2.14000000001397,3.1318358
381,12,0,-491282.28,11948.373,2.559999999997672,2.6933592
381,13,15,-491282.56,11949.12,2.28000000002794,3.4404296000000003
381,14,30,-491281.8,11950.379,3.040000000037253,4.6992186
381,15,45,-491280.12,11952.479,4.720000000030268,6.798828
381,16,60,-491277.53,11955.384,7.309999999997672,9.7041014
381,17,75,-491274.28,11958.419,10.559999999997672,12.7392577
381,18,90,-491275.9,11958.706,8.940000000002328,13.026367
381,19,105,-491278.6,11954.978,6.240000000048894,9.2978514
381,20,120,-491280.94,11951.722,3.900000000023283,6.04199206
381,21,135,-491282.38,11949.548,2.4600000000209548,3.8681639000000003
381,22,150,-491284.56,11946.332,0.2800000000279397,0.6523436
381,23,165,-491284.84,11946.47,0,0.7900390000000002
381,24,180,-491284.5,11945.891,0.3400000000256113,0.2109374000000006
382,1,-165,-636394.4,11865,2.5399999999208376,0.8837890500000001
382,2,-150,-636394.25,11865.292,2.6899999999441206,1.17578124
382,3,-135,-636394,11866.035,2.9399999999441206,1.9189453
382,4,-120,-636393.75,11866.928,3.1899999999441206,2.8115234
382,5,-105,-636393.6,11867.578,3.339999999967404,3.461914
382,6,-90,-636393.8,11867.77,3.1399999998975545,3.6533203
382,7,-75,-636394.3,11867.439,2.6399999998975545,3.3232422
382,8,-60,-636395.06,11866.603,1.8799999998882413,2.4863281
382,9,-45,-636395.75,11865.579,1.1899999999441206,1.4628906000000002
382,10,-30,-636396.44,11864.773,0.5,0.6572266
382,11,-15,-636396.8,11864.422,0.1399999998975545,0.30566400000000016
382,12,0,-636396.94,11864.116,0,0
382,13,15,-636396.8,11864.437,0.1399999998975545,0.3203125
382,14,30,-636396.44,11864.767,0.5,0.6503906000000002
382,15,45,-636395.75,11865.579,1.1899999999441206,1.4628906000000002
382,16,60,-636395.06,11866.603,1.8799999998882413,2.4863281
382,17,75,-636394.3,11867.439,2.6399999998975545,3.3232422
382,18,90,-636393.8,11867.771,3.1399999998975545,3.6552734
382,19,105,-636393.6,11867.58,3.339999999967404,3.4638672
382,20,120,-636393.75,11866.927,3.1899999999441206,2.81054686
382,21,135,-636394,11866.035,2.9399999999441206,1.9189453
382,22,150,-636394.25,11865.296,2.6899999999441206,1.1796875
382,23,165,-636394.4,11864.998,2.5399999999208376,0.8818359000000001
382,24,180,-636394.4,11864.582,2.5399999999208376,0.4658203000000001
383,1,-165,-467061.56,14793.093,1.099999999976717,2.0097656
383,2,-150,-467062.44,14791.633,0.2199999999720603,0.5498047
383,3,-135,-467062.62,14791.089,0.0399999999790452,0.00585940000000007
383,4,-120,-467062.2,14791.3125,0.4599999999627471,0.22949220000000004
383,5,-105,-467061.47,14791.807,1.1900000000023283,0.7236328200000001
383,6,-90,-467061.12,14791.993,1.5399999999790452,0.910156262
383,7,-75,-467061.56,14791.881,1.099999999976717,0.797851575
383,8,-60,-467062.3,14791.327,0.3599999999860301,0.24414064000000002
383,9,-45,-467062.66,14791.15,0,0.06738280000000008
383,10,-30,-467062.3,14791.919,0.3599999999860301,0.835937512
383,11,-15,-467061.75,14792.128,0.9099999999743886,1.0449218900000001
383,12,0,-467061.4,14792.593,1.2599999999511056,1.50976564
383,13,15,-467061.75,14792.13,0.9099999999743886,1.04687501
383,14,30,-467062.3,14791.916,0.3599999999860301,0.833007825
383,15,45,-467062.66,14791.151,0,0.06835940000000007
383,16,60,-467062.3,14791.322,0.3599999999860301,0.23925780000000008
383,17,75,-467061.3,14793.139,1.3599999999860302,2.0556641
383,18,90,-467061.12,14791.982,1.5399999999790452,0.899414075
383,19,105,-467061.22,14793.144,1.4400000000023283,2.0605469
383,20,120,-467062.2,14791.315,0.4599999999627471,0.23242190000000007
383,21,135,-467062.62,14791.083,0.0399999999790452,0
383,22,150,-467062.44,14791.715,0.2199999999720603,0.63183595
383,23,165,-467061.56,14793.072,1.099999999976717,1.9892577999999999
383,24,180,-467061.4,14792.589,1.2599999999511056,1.5058594
384,1,-165,-383478.1,13936.633,0.0599999999976716,1.39257812
384,2,-150,-383477.84,13936.927,0.3199999999487772,1.686523438
384,3,-135,-383477.25,13937.225,0.9099999999743886,1.984375
384,4,-120,-383476.4,13937.608,1.7599999999511056,2.36816406
384,5,-105,-383475.56,13938.282,2.599999999976717,3.0419922
384,6,-90,-383475.25,13938.687,2.9099999999743886,3.4462891
384,7,-75,-383475.78,13938.32,2.379999999946449,3.0800780999999997
384,8,-60,-383476.62,13937.685,1.5399999999790452,2.44433594
384,9,-45,-383477.2,13937.285,0.9599999999627472,2.04492188
384,10,-30,-383477.9,13936.925,0.2599999999511055,1.684570312
384,11,-15,-383478.12,13936.603,0.0399999999790452,1.3623047
384,12,0,-383478.16,13935.845,0,0.6044921999999999
384,13,15,-383478.03,13935.246,0.1299999999464489,0.00585940000000007
384,14,30,-383477.34,13935.833,0.8199999999487773,0.5927734
384,15,45,-383476.78,13935.892,1.379999999946449,0.6513671999999999
384,16,60,-383475.7,13936.618,2.459999999962747,1.3779297
384,17,75,-383474.44,13937.658,3.71999999997206,2.41796875
384,18,90,-383471.78,13941.084,6.379999999946449,5.84375
384,19,105,-383474.1,13937.755,4.059999999997672,2.51464844
384,20,120,-383475.38,13936.544,2.779999999969732,1.30371094
384,21,135,-383476.56,13935.842,1.599999999976717,0.6015625
384,22,150,-383477.47,13935.416,0.6900000000023283,0.17578120000000008
384,23,165,-383478,13935.24,0.1599999999743886,0
384,24,180,-383478.16,13935.8545,0,0.6142578000000001
385,1,-165,-318108.03,7947.456,0.2699999999604188,0.3881834999999998
385,2,-150,-318107.16,7948.3687,1.1400000000139698,1.3007813
385,3,-135,-318105.9,7949.2925,2.3999999999650754,2.22460938
385,4,-120,-318104.5,7949.8955,3.7999999999883594,2.82763672
385,5,-105,-318103.25,7950.34,5.049999999988359,3.27197266
385,6,-90,-318102.7,7950.6646,5.599999999976717,3.5966797
385,7,-75,-318103.16,7950.7437,5.14000000001397,3.6757812999999997
385,8,-60,-318104.38,7950.8906,3.919999999983702,3.8227539
385,9,-45,-318105.75,7950.7793,2.5499999999883585,3.7114257999999998
385,10,-30,-318106.94,7950.155,1.3599999999860302,3.08691406
385,11,-15,-318107.7,7949.395,0.5999999999767169,2.32714844
385,12,0,-318107.94,7949.0405,0.3599999999860301,1.97265625
385,13,15,-318107.7,7949.3906,0.5999999999767169,2.3227539
385,14,30,-318106.94,7950.153,1.3599999999860302,3.08496094
385,15,45,-318105.75,7950.7793,2.5499999999883585,3.7114257999999998
385,16,60,-318104.38,7950.8955,3.919999999983702,3.8276367000000002
385,17,75,-318103.16,7950.7437,5.14000000001397,3.6757812999999997
385,18,90,-318102.7,7950.6646,5.599999999976717,3.5966797
385,19,105,-318103.25,7950.3335,5.049999999988359,3.265625
385,20,120,-318104.5,7949.8955,3.7999999999883594,2.82763672
385,21,135,-318105.9,7949.2925,2.3999999999650754,2.22460938
385,22,150,-318107.16,7948.3687,1.1400000000139698,1.3007813
385,23,165,-318108.03,7947.456,0.2699999999604188,0.3881834999999998
385,24,180,-318108.3,7947.068,0,0
386,1,-165,-311622.03,12028.88,0.4399999999441206,1.0263672099999999
386,2,-150,-311622.47,12028.03,0,0.17675783999999994
386,3,-135,-311622.16,12027.854,0.3099999999976717,0
386,4,-120,-311621.2,12028.427,1.2699999999604188,0.5732421999999999
386,5,-105,-311620.1,12029.224,2.3699999999953434,1.3701172
386,6,-90,-311619.28,12029.85,3.1899999999441206,1.9960938000000001
386,7,-75,-311620.16,12029.263,2.309999999997672,1.4091797
386,8,-60,-311621.3,12028.447,1.169999999983702,0.59375002
386,9,-45,-311622.25,12027.882,0.2199999999720603,0.028320339999999944
386,10,-30,-311622.44,12028.114,0.029999999969732,0.2607421999999999
386,11,-15,-311621.97,12028.936,0.5,1.08203128
386,12,0,-311621.53,12029.352,0.9399999999441206,1.4980468999999998
386,13,15,-311621.97,12028.936,0.5,1.08203128
386,14,30,-311622.44,12028.114,0.029999999969732,0.2607421999999999
386,15,45,-311622.25,12027.883,0.2199999999720603,0.02929689999999996
386,16,60,-311621.3,12028.452,1.169999999983702,0.5986328399999999
386,17,75,-311620.16,12029.266,2.309999999997672,1.4121093999999998
386,18,90,-311619.28,12029.847,3.1899999999441206,1.9931641
386,19,105,-311620.1,12029.222,2.3699999999953434,1.3681641
386,20,120,-311621.2,12028.432,1.2699999999604188,0.5781250199999999
386,21,135,-311622.16,12027.8545,0.3099999999976717,0.0009765999999999941
386,22,150,-311622.47,12028.03,0,0.17675783999999994
386,23,165,-311622.03,12028.878,0.4399999999441206,1.02441409
386,24,180,-311621.53,12029.35,0.9399999999441206,1.4960938
387,1,-165,-290847.06,11081.656,1.8400000000256116,2.5175780999999997
387,2,-150,-290847.9,11080.458,1,1.3193359
387,3,-135,-290848.62,11079.436,0.2800000000279397,0.296875
387,4,-120,-290848.9,11079.139,0,0
387,5,-105,-290848.56,11079.656,0.3400000000256113,0.5175780999999999
387,6,-90,-290847.72,11080.815,1.1800000000512227,1.67675779
387,7,-75,-290846.9,11082.169,2,3.0302734
387,8,-60,-290846.03,11082.803,2.8699999999953434,3.6640625
387,9,-45,-290846.22,11082.423,2.6800000000512227,3.2841797
387,10,-30,-290847,11081.313,1.900000000023283,2.17480466
387,11,-15,-290847.78,11080.258,1.1199999999953434,1.1191406
387,12,0,-290848.16,11079.819,0.7400000000488944,0.6806639999999999
387,13,15,-290847.78,11080.259,1.1199999999953434,1.12011716
387,14,30,-290847,11081.315,1.900000000023283,2.1767578
387,15,45,-290846.22,11082.423,2.6800000000512227,3.2841797
387,16,60,-290846.03,11082.803,2.8699999999953434,3.6640625
387,17,75,-290846.9,11082.171,2,3.0322265
387,18,90,-290847.72,11080.815,1.1800000000512227,1.67675779
387,19,105,-290848.56,11079.656,0.3400000000256113,0.5175780999999999
387,20,120,-290848.9,11079.139,0,0
387,21,135,-290848.62,11079.436,0.2800000000279397,0.296875
387,22,150,-290847.9,11080.458,1,1.3193359
387,23,165,-290847.06,11081.656,1.8400000000256116,2.5175780999999997
387,24,180,-290846.66,11082.235,2.2400000000488944,3.0966797
388,1,-165,-297009.62,10321.81,0.0800000000162981,0.004882800000000076
388,2,-150,-297009.25,10322.053,0.4500000000116415,0.24804690000000007
388,3,-135,-297008.3,10322.879,1.400000000023283,1.07421878
388,4,-120,-297007,10324.128,2.700000000011641,2.3232422
388,5,-105,-297005.72,10325.276,3.980000000039581,3.4716797
388,6,-90,-297005.16,10325.769,4.540000000037253,3.9638672
388,7,-75,-297005.72,10325.266,3.980000000039581,3.4609375
388,8,-60,-297007.03,10324.111,2.669999999983702,2.3066406500000003
388,9,-45,-297008.34,10322.854,1.3599999999860302,1.04882815
388,10,-30,-297009.25,10322.05,0.4500000000116415,0.24511720000000015
388,11,-15,-297009.62,10321.8125,0.0800000000162981,0.0078125
388,12,0,-297009.7,10321.805,0,0
388,13,15,-297009.62,10321.8125,0.0800000000162981,0.0078125
388,14,30,-297009.25,10322.05,0.4500000000116415,0.24511720000000015
388,15,45,-297008.34,10322.854,1.3599999999860302,1.04882815
388,16,60,-297007.03,10324.108,2.669999999983702,2.30371096
388,17,75,-297005.72,10325.266,3.980000000039581,3.4609375
388,18,90,-297005.16,10325.769,4.540000000037253,3.9638672
388,19,105,-297005.72,10325.276,3.980000000039581,3.4716797
388,20,120,-297007,10324.128,2.700000000011641,2.3232422
388,21,135,-297008.3,10322.874,1.400000000023283,1.06933596
388,22,150,-297009.25,10322.053,0.4500000000116415,0.24804690000000007
388,23,165,-297009.62,10321.81,0.0800000000162981,0.004882800000000076
388,24,180,-297009.7,10321.807,0,0.001953100000000152
389,1,-165,-366481.97,12739.624,2.230000000039581,0.3671875
389,2,-150,-366481.38,12740.356,2.820000000006985,1.0996093999999998
389,3,-135,-366479.88,12742.377,4.320000000006985,3.1201172
389,4,-120,-366477.62,12745.232,6.580000000016298,5.9755859000000004
389,5,-105,-366475.56,12748.51,8.64000000001397,9.2529297
389,6,-90,-366472.7,12752.234,11.5,12.977539
389,7,-75,-366475.94,12748.859,8.260000000009313,9.602539
389,8,-60,-366477.97,12745.18,6.230000000039581,5.9228515999999996
389,9,-45,-366480.16,12742.219,4.040000000037253,2.9619141
389,10,-30,-366481.5,12740.281,2.700000000011641,1.0244140000000002
389,11,-15,-366481.97,12739.628,2.230000000039581,0.3710937999999997
389,12,0,-366484.2,12739.258,0,0.0009766000000004382
389,13,15,-366481.97,12739.627,2.230000000039581,0.3701169999999996
389,14,30,-366481.5,12740.278,2.700000000011641,1.0214843999999998
389,15,45,-366480.16,12742.219,4.040000000037253,2.9619141
389,16,60,-366477.97,12745.182,6.230000000039581,5.9248047
389,17,75,-366475.94,12748.85,8.260000000009313,9.592773399999999
389,18,90,-366472.7,12752.233,11.5,12.9765625
389,19,105,-366475.56,12748.517,8.64000000001397,9.2597656
389,20,120,-366477.62,12745.255,6.580000000016298,5.9980469
389,21,135,-366479.88,12742.375,4.320000000006985,3.1181641
389,22,150,-366481.38,12740.358,2.820000000006985,1.1015625
389,23,165,-366481.97,12739.623,2.230000000039581,0.36621099999999984
389,24,180,-366484.2,12739.257,0,0
390,1,-165,-474585,15197.555,2.599999999976717,2.25976562
390,2,-150,-474584.88,15197.563,2.7199999999720603,2.26855469
390,3,-135,-474584.1,15197.742,3.5,2.44726562
390,4,-120,-474583.06,15198.067,4.539999999979045,2.77246094
390,5,-105,-474582.22,15198.603,5.380000000004657,3.3076172
390,6,-90,-474581.8,15199.08,5.799999999988359,3.7851562999999997
390,7,-75,-474581.88,15199.441,5.71999999997206,4.1464844
390,8,-60,-474584.2,15196.03,3.3999999999650754,0.7353516
390,9,-45,-474585.97,15195.295,1.6300000000046566,0
390,10,-30,-474587.12,15195.503,0.4799999999813735,0.20800780000000008
390,11,-15,-474587.6,15196.256,0,0.9609375
390,12,0,-474587.3,15197.214,0.2999999999883584,1.91894531
390,13,15,-474587.6,15196.256,0,0.9609375
390,14,30,-474587.12,15195.507,0.4799999999813735,0.2119141
390,15,45,-474585.94,15195.371,1.6599999999743886,0.07617189999999985
390,16,60,-474584.2,15196.019,3.3999999999650754,0.7236328000000001
390,17,75,-474581.88,15199.441,5.71999999997206,4.1464844
390,18,90,-474581.8,15199.088,5.799999999988359,3.7929687000000003
390,19,105,-474582.22,15198.606,5.380000000004657,3.3115234
390,20,120,-474583.06,15198.067,4.539999999979045,2.77246094
390,21,135,-474584.1,15197.742,3.5,2.44726562
390,22,150,-474584.88,15197.562,2.7199999999720603,2.26660156
390,23,165,-474585,15197.553,2.599999999976717,2.2578125
390,24,180,-474584.34,15197.957,3.2599999999511056,2.6621094
391,1,-165,-334273.22,11050.718,0,0.9960937999999997
391,2,-150,-334271.84,11052.424,1.379999999946449,2.7021485
391,3,-135,-334269.75,11054.719,3.4699999999720603,4.9970703599999995
391,4,-120,-334266.8,11057.453,6.419999999983702,7.7314454
391,5,-105,-334263.22,11059.955,10,10.2333985
391,6,-90,-334260.75,11062.162,12.46999999997206,12.4404298
391,7,-75,-334261.6,11061.248,11.619999999995343,11.5263672
391,8,-60,-334264.3,11058.774,8.919999999983702,9.0527344
391,9,-45,-334267.2,11055.661,6.019999999960419,5.939453175
391,10,-30,-334269.47,11052.747,3.75,3.0253906999999995
391,11,-15,-334270.78,11050.543,2.4399999999441206,0.8212890999999996
391,12,0,-334271.2,11049.722,2.019999999960419,0
391,13,15,-334270.78,11050.575,2.4399999999441206,0.8535157999999994
391,14,30,-334269.47,11052.747,3.75,3.0253906999999995
391,15,45,-334267.2,11055.665,6.019999999960419,5.943359425
391,16,60,-334264.3,11058.775,8.919999999983702,9.053711
391,17,75,-334261.6,11061.222,11.619999999995343,11.5
391,18,90,-334260.75,11062.178,12.46999999997206,12.4560548
391,19,105,-334263.25,11060,9.96999999997206,10.2783204
391,20,120,-334266.75,11057.43,6.46999999997206,7.7080079
391,21,135,-334269.75,11054.733,3.4699999999720603,5.0117188
391,22,150,-334271.84,11052.425,1.379999999946449,2.7031249999999996
391,23,165,-334273.22,11050.718,0,0.9960937999999997
391,24,180,-334272.3,11050.879,0.919999999983702,1.1572268
392,1,-165,-310843.44,10848.303,0,0.1767578000000003
392,2,-150,-310843.38,10848.797,0.0599999999976716,0.6708984000000002
392,3,-135,-310842.6,10849.817,0.8400000000256114,1.6914062600000002
392,4,-120,-310841.12,10851.635,2.320000000006985,3.5087891
392,5,-105,-310839.6,10853.965,3.8400000000256114,5.8388672
392,6,-90,-310838.9,10855.242,4.539999999979045,7.116211
392,7,-75,-310839.6,10853.983,3.8400000000256114,5.8574219
392,8,-60,-310841.12,10851.731,2.320000000006985,3.6054688
392,9,-45,-310842.6,10849.888,0.8400000000256114,1.7617187600000002
392,10,-30,-310843.38,10848.8,0.0599999999976716,0.6738281000000002
392,11,-15,-310843.44,10848.291,0,0.1650391
392,12,0,-310843.3,10848.126,0.1400000000139698,0
392,13,15,-310843.44,10848.291,0,0.1650391
392,14,30,-310843.38,10848.799,0.0599999999976716,0.6728516000000002
392,15,45,-310842.6,10849.888,0.8400000000256114,1.7617187600000002
392,16,60,-310841.12,10851.732,2.320000000006985,3.6064453
392,17,75,-310839.6,10853.983,3.8400000000256114,5.8574219
392,18,90,-310838.9,10855.242,4.539999999979045,7.116211
392,19,105,-310839.6,10853.965,3.8400000000256114,5.8388672
392,20,120,-310841.16,10851.631,2.28000000002794,3.5048828000000003
392,21,135,-310842.6,10849.822,0.8400000000256114,1.6962891
392,22,150,-310843.38,10848.797,0.0599999999976716,0.6708984000000002
392,23,165,-310843.44,10848.303,0,0.1767578000000003
392,24,180,-310843.3,10848.126,0.1400000000139698,0
393,1,-165,-498310.12,8618.519,0.4400000000023283,0.4921876000000003
393,2,-150,-498308.94,8619.697,1.6199999999953434,1.6708985000000003
393,3,-135,-498307.3,8621.025,3.260000000009313,2.9990235000000007
393,4,-120,-498305.62,8622.1875,4.940000000002328,4.16113285
393,5,-105,-498304.28,8623.173,6.279999999969732,5.1464844
393,6,-90,-498303.66,8624.094,6.900000000023283,6.067382800000001
393,7,-75,-498303.84,8624.774,6.71999999997206,6.7480469
393,8,-60,-498304.44,8624.922,6.119999999995343,6.895507800000001
393,9,-45,-498304.94,8624.401,5.619999999995343,6.375
393,10,-30,-498305.03,8623.386,5.529999999969732,5.359375
393,11,-15,-498304.88,8622.231,5.679999999993015,4.20507816
393,12,0,-498304.78,8621.663,5.779999999969732,3.6367188000000006
393,13,15,-498304.88,8622.231,5.679999999993015,4.20507816
393,14,30,-498305.03,8623.386,5.529999999969732,5.359375
393,15,45,-498304.94,8624.401,5.619999999995343,6.375
393,16,60,-498304.44,8624.922,6.119999999995343,6.895507800000001
393,17,75,-498303.84,8624.774,6.71999999997206,6.7480469
393,18,90,-498303.66,8624.094,6.900000000023283,6.067382800000001
393,19,105,-498304.28,8623.173,6.279999999969732,5.1464844
393,20,120,-498305.62,8622.187,4.940000000002328,4.160156290000001
393,21,135,-498307.3,8621.025,3.260000000009313,2.9990235000000007
393,22,150,-498308.94,8619.696,1.6199999999953434,1.6699219000000003
393,23,165,-498310.12,8618.519,0.4400000000023283,0.4921876000000003
393,24,180,-498310.56,8618.026,0,0
394,1,-165,-670545.4,12049.273,0.5,0.8574214999999992
394,2,-150,-670543.94,12051.746,1.9600000000791624,3.330077799999999
394,3,-135,-670542,12054.692,3.900000000023283,6.276366799999999
394,4,-120,-670538.9,12058.457,7,10.041015199999999
394,5,-105,-670534.94,12061.746,10.960000000079162,13.330077799999998
394,6,-90,-670530.56,12064.39,15.339999999967404,15.9736324
394,7,-75,-670530.9,12063.805,15,15.3886715
394,8,-60,-670533.44,12060.249,12.460000000079162,11.8330074
394,9,-45,-670535.1,12057.285,10.800000000046566,8.86914025
394,10,-30,-670535.8,12055.266,10.099999999976715,6.849608999999999
394,11,-15,-670535.8,12054.066,10.099999999976715,5.650390199999999
394,12,0,-670535.3,12053.743,10.599999999976715,5.327147999999999
394,13,15,-670535.8,12054.063,10.099999999976715,5.647460599999999
394,14,30,-670535.8,12055.267,10.099999999976715,6.850585599999999
394,15,45,-670535.1,12057.281,10.800000000046566,8.865234
394,16,60,-670533.44,12060.195,12.460000000079162,11.7792965
394,17,75,-670530.9,12063.81,15,15.393554299999998
394,18,90,-670530.6,12064.672,15.300000000046566,16.255859
394,19,105,-670534.94,12061.92,10.960000000079162,13.503905999999999
394,20,120,-670538.9,12058.479,7,10.062499599999999
394,21,135,-670542,12054.702,3.900000000023283,6.2861324
394,22,150,-670544.25,12051.341,1.650000000023283,2.924804299999999
394,23,165,-670545.3,12049.03,0.5999999999767169,0.6142573999999987
394,24,180,-670545.9,12048.416,0,0
395,1,-165,-407422.53,14526.069,1.5,2.48730466
395,2,-150,-407422.88,14525.542,1.150000000023283,1.95996091
395,3,-135,-407423.56,14525.494,0.470000000030268,1.91210935
395,4,-120,-407424.03,14525.081,0,1.4990234
395,5,-105,-407423.97,14524.799,0.0600000000558793,1.21679685
395,6,-90,-407423.47,14523.997,0.5600000000558794,0.41503899999999994
395,7,-75,-407423.97,14524.832,0.0600000000558793,1.25
395,8,-60,-407424,14525.07,0.0300000000279396,1.48828122
395,9,-45,-407423.47,14525.478,0.5600000000558794,1.89550779
395,10,-30,-407422.84,14525.268,1.1900000000023283,1.68554685
395,11,-15,-407422.5,14526.048,1.5300000000279397,2.4658203
395,12,0,-407422.34,14527.206,1.6900000000023283,3.6240234
395,13,15,-407422.5,14526.048,1.5300000000279397,2.4658203
395,14,30,-407422.84,14525.342,1.1900000000023283,1.7597656
395,15,45,-407423.47,14525.4795,0.5600000000558794,1.89746091
395,16,60,-407424,14525.071,0.0300000000279396,1.4892577999999999
395,17,75,-407423.97,14524.832,0.0600000000558793,1.25
395,18,90,-407423.47,14523.999,0.5600000000558794,0.4169921999999999
395,19,105,-407423.97,14524.799,0.0600000000558793,1.21679685
395,20,120,-407423.72,14523.582,0.3100000000558793,0
395,21,135,-407423.56,14525.496,0.470000000030268,1.91406248
395,22,150,-407422.88,14525.582,1.150000000023283,1.99999998
395,23,165,-407422.53,14526.069,1.5,2.48730466
395,24,180,-407422.34,14527.553,1.6900000000023283,3.9707030999999997
396,1,-165,-295616.5,8921.581,0.3400000000256113,0.5849609
396,2,-150,-295615.53,8923.14,1.3099999999976717,2.1435546
396,3,-135,-295614.12,8925.161,2.720000000030268,4.16503902
396,4,-120,-295612.7,8926.892,4.14000000001397,5.8955078
396,5,-105,-295611.5,8927.85,5.340000000025611,6.8535156
396,6,-90,-295611.06,8927.879,5.78000000002794,6.882812400000001
396,7,-75,-295611.66,8927.342,5.180000000051223,6.3457031
396,8,-60,-295612.9,8926.527,3.940000000002328,5.53125
396,9,-45,-295614.25,8925.257,2.590000000025612,4.2607421500000004
396,10,-30,-295615.3,8923.703,1.540000000037253,2.7070312000000003
396,11,-15,-295615.97,8922.408,0.870000000053551,1.4121093999999998
396,12,0,-295616.16,8921.887,0.6800000000512227,0.890625
396,13,15,-295615.97,8922.408,0.870000000053551,1.4121093999999998
396,14,30,-295615.3,8923.704,1.540000000037253,2.7080078
396,15,45,-295614.25,8925.257,2.590000000025612,4.2607421500000004
396,16,60,-295612.9,8926.527,3.940000000002328,5.53125
396,17,75,-295611.66,8927.342,5.180000000051223,6.3457031
396,18,90,-295611.06,8927.875,5.78000000002794,6.878906199999999
396,19,105,-295611.5,8927.85,5.340000000025611,6.8535156
396,20,120,-295612.7,8926.892,4.14000000001397,5.8955078
396,21,135,-295614.12,8925.161,2.720000000030268,4.16503902
396,22,150,-295615.53,8923.151,1.3099999999976717,2.1552734
396,23,165,-295616.5,8921.581,0.3400000000256113,0.5849609
396,24,180,-295616.84,8920.996,0,0
397,1,-165,-611602.44,13801.807,0.9600000000791624,4.1582031
397,2,-150,-611603.06,13800.242,0.3399999999674037,2.59375
397,3,-135,-611603.4,13798.357,0,0.7089844000000003
397,4,-120,-611602.94,13797.648,0.4600000000791624,0
397,5,-105,-611601.44,13798.255,1.9600000000791624,0.6064453000000003
397,6,-90,-611599.3,13799.604,4.099999999976717,1.9550781000000002
397,7,-75,-611597.5,13800.829,5.900000000023283,3.180664075
397,8,-60,-611597.1,13801.383,6.300000000046566,3.734375
397,9,-45,-611600.1,13802.752,3.300000000046566,5.1035157
397,10,-30,-611602.25,13800.695,1.150000000023283,3.046875012
397,11,-15,-611603.4,13798.38,0,0.7314453000000003
397,12,0,-611602.9,13798.399,0.5,0.7509766
397,13,15,-611603.06,13799.36,0.3399999999674037,1.7119141000000002
397,14,30,-611602.3,13801.27,1.099999999976717,3.62109376
397,15,45,-611601.06,13801.738,2.339999999967404,4.089843800000001
397,16,60,-611599.1,13802.483,4.300000000046566,4.8349609000000004
397,17,75,-611596.56,13803.705,6.839999999967404,6.0566407
397,18,90,-611594.25,13804.344,9.150000000023285,6.6953125
397,19,105,-611593.1,13804.248,10.300000000046566,6.5996094
397,20,120,-611602.06,13798.895,1.3399999999674037,1.2460938000000001
397,21,135,-611603.06,13798.918,0.3399999999674037,1.2695313000000001
397,22,150,-611602.94,13800.327,0.4600000000791624,2.67871095
397,23,165,-611602.25,13801.798,1.150000000023283,4.1494141
397,24,180,-611601.9,13801.669,1.5,4.0205078
398,1,-165,-432713.9,17527.498,0.0699999999487772,0.046875
398,2,-150,-432713.97,17527.502,0,0.05078125
398,3,-135,-432713.9,17527.525,0.0699999999487772,0.07421875
398,4,-120,-432713.66,17527.646,0.3099999999976717,0.1953125
398,5,-105,-432713.12,17527.898,0.8499999999767169,0.44726562999999997
398,6,-90,-432712.44,17528.166,1.529999999969732,0.71484375
398,7,-75,-432713.16,17527.934,0.8099999999976717,0.48242187
398,8,-60,-432713.7,17527.662,0.2699999999604188,0.2109375
398,9,-45,-432713.9,17527.523,0.0699999999487772,0.07226563
398,10,-30,-432713.94,17527.502,0.029999999969732,0.05078125
398,11,-15,-432713.88,17527.49,0.0899999999674037,0.0390625
398,12,0,-432713.84,17527.453,0.1299999999464489,0.0019531299999999974
398,13,15,-432713.88,17527.496,0.0899999999674037,0.04492187
398,14,30,-432713.94,17527.502,0.029999999969732,0.05078125
398,15,45,-432713.9,17527.525,0.0699999999487772,0.07421875
398,16,60,-432713.7,17527.66,0.2699999999604188,0.208984375
398,17,75,-432713.16,17527.936,0.8099999999976717,0.484375
398,18,90,-432712.44,17528.162,1.529999999969732,0.7109375
398,19,105,-432713.12,17527.893,0.8499999999767169,0.44140625
398,20,120,-432713.66,17527.646,0.3099999999976717,0.1953125
398,21,135,-432713.9,17527.521,0.0699999999487772,0.0703125
398,22,150,-432713.97,17527.502,0,0.05078125
398,23,165,-432713.9,17527.498,0.0699999999487772,0.046875
398,24,180,-432713.84,17527.451,0.1299999999464489,0
399,1,-165,-549475.4,17995.814,1.400000000023283,0.41796877999999993
399,2,-150,-549475.25,17995.44,1.550000000046566,0.04296879999999992
399,3,-135,-549474.5,17995.885,2.300000000046566,0.48828127999999993
399,4,-120,-549473.6,17996.521,3.200000000069849,1.125
399,5,-105,-549473.06,17996.672,3.739999999990687,1.2753906499999998
399,6,-90,-549473.3,17996.436,3.5,1.0390625199999999
399,7,-75,-549474.25,17996.24,2.550000000046566,0.84375002
399,8,-60,-549475.44,17995.932,1.3600000001024457,0.535156275
399,9,-45,-549476.44,17995.463,0.3600000001024455,0.06640629999999992
399,10,-30,-549476.8,17995.396,0,0
399,11,-15,-549476.56,17995.762,0.2399999999906867,0.36523439999999996
399,12,0,-549475.9,17996.518,0.9000000000232831,1.1210938
399,13,15,-549476.56,17995.76,0.2399999999906867,0.36328128
399,14,30,-549476.8,17995.396,0,0
399,15,45,-549476.44,17995.463,0.3600000001024455,0.06640629999999992
399,16,60,-549475.44,17995.932,1.3600000001024457,0.535156275
399,17,75,-549474.25,17996.24,2.550000000046566,0.84375002
399,18,90,-549473.3,17996.436,3.5,1.0390625199999999
399,19,105,-549473.06,17996.676,3.739999999990687,1.2792968999999998
399,20,120,-549473.6,17996.498,3.200000000069849,1.1015625199999999
399,21,135,-549474.5,17995.885,2.300000000046566,0.48828127999999993
399,22,150,-549475.25,17995.443,1.550000000046566,0.046875
399,23,165,-549475.4,17995.799,1.400000000023283,0.40234377999999993
399,24,180,-549474.8,17996.652,2,1.2558593999999998
400,1,-165,-350897.06,15226.637,0.0599999999976716,0
400,2,-150,-350896.88,15226.709,0.2399999999906867,0.07226560000000004
400,3,-135,-350896.47,15227.087,0.6500000000232831,0.4501953
400,4,-120,-350895.8,15227.698,1.320000000006985,1.06152344
400,5,-105,-350895.03,15228.395,2.089999999967404,1.7578125
400,6,-90,-350894.38,15228.975,2.7399999999906868,2.3378905999999997
400,7,-75,-350895.1,15228.435,2.0200000000186265,1.7978516
400,8,-60,-350895.9,15227.71,1.2199999999720603,1.0732422
400,9,-45,-350896.53,15227.075,0.5899999999674037,0.43847656
400,10,-30,-350896.9,15226.706,0.2199999999720603,0.06933593999999998
400,11,-15,-350897.06,15226.641,0.0599999999976716,0.00390625
400,12,0,-350897.12,15226.667,0,0.030273439999999985
400,13,15,-350897.06,15226.644,0.0599999999976716,0.006835939999999985
400,14,30,-350896.9,15226.706,0.2199999999720603,0.06933593999999998
400,15,45,-350896.53,15227.076,0.5899999999674037,0.43945312
400,16,60,-350895.9,15227.711,1.2199999999720603,1.07421875
400,17,75,-350895.1,15228.434,2.0200000000186265,1.796875
400,18,90,-350894.38,15228.975,2.7399999999906868,2.3378905999999997
400,19,105,-350895.03,15228.395,2.089999999967404,1.7578125
400,20,120,-350895.8,15227.698,1.320000000006985,1.06152344
400,21,135,-350896.47,15227.091,0.6500000000232831,0.45410156
400,22,150,-350896.88,15226.708,0.2399999999906867,0.07128906000000002
400,23,165,-350897.06,15226.637,0.0599999999976716,0
400,24,180,-350897.12,15226.663,0,0.026367200000000035
401,1,-165,-396692.44,14049.507,0.029999999969732,0.0019530000000003156
401,2,-150,-396691.84,14050.513,0.629999999946449,1.0078124000000002
401,3,-135,-396691.25,14051.73,1.2199999999720603,2.225585875
401,4,-120,-396691.2,14052.588,1.2699999999604188,3.08300775
401,5,-105,-396691.6,14052.785,0.8699999999953434,3.2802734000000004
401,6,-90,-396692.12,14052.2295,0.3499999999767169,2.7246093
401,7,-75,-396692.47,14051.414,0,1.9091796200000002
401,8,-60,-396692.16,14051.041,0.3099999999976717,1.5361327500000002
401,9,-45,-396691.47,14051.341,1,1.8359374400000001
401,10,-30,-396690.72,14051.8125,1.75,2.30761712
401,11,-15,-396690.1,14052.358,2.3699999999953434,2.85351556
401,12,0,-396689.1,14054.299,3.3699999999953434,4.7939452
401,13,15,-396690.1,14052.349,2.3699999999953434,2.8437499400000004
401,14,30,-396690.72,14051.808,1.75,2.30273431
401,15,45,-396691.5,14051.33,0.9699999999720604,1.8251952500000002
401,16,60,-396692.16,14051.039,0.3099999999976717,1.5341796000000003
401,17,75,-396692.47,14051.411,0,1.9062499400000001
401,18,90,-396692.12,14052.237,0.3499999999767169,2.7324218
401,19,105,-396691.6,14052.749,0.8699999999953434,3.2441406
401,20,120,-396691.2,14052.59,1.2699999999604188,3.0849609
401,21,135,-396691.25,14051.73,1.2199999999720603,2.225585875
401,22,150,-396691.84,14050.516,0.629999999946449,1.0107421
401,23,165,-396692.44,14049.505,0.029999999969732,0
401,24,180,-396691.97,14050.825,0.5,1.3203124400000001
402,1,-165,-408147.03,15490.5,3.089999999967404,3.7490233999999996
402,2,-150,-408147.8,15489.897,2.320000000006985,3.1464843599999996
402,3,-135,-408148.66,15489.24,1.4600000000209548,2.4892578
402,4,-120,-408149.25,15488.582,0.8699999999953434,1.8310546999999997
402,5,-105,-408149.72,15487.965,0.400000000023283,1.2138672
402,6,-90,-408150.12,15487.211,0,0.4599608999999998
402,7,-75,-408150.12,15486.754,0,0.002929699999999702
402,8,-60,-408149.34,15487.107,0.779999999969732,0.35644529999999985
402,9,-45,-408148.12,15488.424,2,1.6728515499999999
402,10,-30,-408146.75,15490.161,3.3699999999953434,3.4101562
402,11,-15,-408145.7,15491.896,4.419999999983702,5.1455078
402,12,0,-408145.34,15492.671,4.779999999969732,5.9199219
402,13,15,-408145.7,15491.887,4.419999999983702,5.135742199999999
402,14,30,-408146.78,15490.172,3.339999999967404,3.4208983999999996
402,15,45,-408148.12,15488.417,2,1.6660155999999997
402,16,60,-408149.34,15487.109,0.779999999969732,0.3583984
402,17,75,-408150.12,15486.751,0,0
402,18,90,-408150.12,15487.218,0,0.46679689999999985
402,19,105,-408149.72,15487.965,0.400000000023283,1.2138672
402,20,120,-408149.25,15488.582,0.8699999999953434,1.8310546999999997
402,21,135,-408148.66,15489.252,1.4600000000209548,2.50097655
402,22,150,-408147.8,15489.893,2.320000000006985,3.14160155
402,23,165,-408147.03,15490.504,3.089999999967404,3.7529297
402,24,180,-408146.62,15490.79,3.5,4.0390625
403,1,-165,-434458.88,15674.681,6.089999999967404,2.538086
403,2,-150,-434460.56,15673.459,4.409999999974389,1.316406275
403,3,-135,-434461.75,15672.366,3.2199999999720603,0.22363280000000008
403,4,-120,-434461.6,15672.499,3.3699999999953434,0.35644534000000005
403,5,-105,-434460.53,15674.068,4.439999999944121,1.9257813000000001
403,6,-90,-434464.97,15672.143,0,0
403,7,-75,-434460.53,15674.09,4.439999999944121,1.94726565
403,8,-60,-434461.56,15672.502,3.4099999999743886,0.3593750000000001
403,9,-45,-434461.75,15672.373,3.2199999999720603,0.23046880000000014
403,10,-30,-434460.53,15673.476,4.439999999944121,1.3330078380000001
403,11,-15,-434457.84,15675.272,7.129999999946449,3.1298828
403,12,0,-434456.66,15673.535,8.309999999997672,1.39257815
403,13,15,-434457.8,15675.247,7.169999999983702,3.1044922
403,14,30,-434461.88,15672.548,3.089999999967404,0.4052734600000001
403,15,45,-434461.75,15672.371,3.2199999999720603,0.22851560000000015
403,16,60,-434461.56,15672.5,3.4099999999743886,0.35742190000000007
403,17,75,-434460.53,15674.084,4.439999999944121,1.9414063000000001
403,18,90,-434464.97,15672.145,0,0.0019531999999999883
403,19,105,-434460.53,15674.072,4.439999999944121,1.9296875
403,20,120,-434461.6,15672.498,3.3699999999953434,0.35546880000000003
403,21,135,-434461.75,15672.369,3.2199999999720603,0.2265625
403,22,150,-434460.56,15673.447,4.409999999974389,1.304687525
403,23,165,-434458.88,15674.767,6.089999999967404,2.6240235
403,24,180,-434455.34,15675.805,9.629999999946447,3.6621094000000003
404,1,-165,-296999.22,10280.043,0.1800000000512227,0.3525391
404,2,-150,-296998.62,10280.954,0.7800000000279397,1.2636719
404,3,-135,-296997.5,10282.157,1.900000000023283,2.4667968900000004
404,4,-120,-296996.03,10283.48,3.3699999999953434,3.7900391000000004
404,5,-105,-296994.6,10284.643,4.800000000046566,4.9521485
404,6,-90,-296993.94,10285.154,5.460000000020955,5.4638672
404,7,-75,-296994.6,10284.648,4.800000000046566,4.958007800000001
404,8,-60,-296996.03,10283.509,3.3699999999953434,3.8183594000000003
404,9,-45,-296997.5,10282.173,1.900000000023283,2.4824218900000004
404,10,-30,-296998.62,10280.938,0.7800000000279397,1.2480469
404,11,-15,-296999.22,10280.04,0.1800000000512227,0.3496094000000003
404,12,0,-296999.4,10279.69,0,0
404,13,15,-296999.22,10280.04,0.1800000000512227,0.3496094000000003
404,14,30,-296998.62,10280.938,0.7800000000279397,1.2480469
404,15,45,-296997.5,10282.172,1.900000000023283,2.481445325
404,16,60,-296996.03,10283.509,3.3699999999953434,3.8183594000000003
404,17,75,-296994.6,10284.654,4.800000000046566,4.9638672
404,18,90,-296993.94,10285.156,5.460000000020955,5.465820300000001
404,19,105,-296994.6,10284.649,4.800000000046566,4.9589844
404,20,120,-296996.03,10283.48,3.3699999999953434,3.7900391000000004
404,21,135,-296997.5,10282.157,1.900000000023283,2.4667968900000004
404,22,150,-296998.62,10280.954,0.7800000000279397,1.2636719
404,23,165,-296999.22,10280.043,0.1800000000512227,0.3525391
404,24,180,-296999.4,10279.691,0,0.0009765999999999941
405,1,-165,-358805.84,12630.671,0,0.11328120000000008
405,2,-150,-358805.56,12630.571,0.2800000000279397,0.013671800000000012
405,3,-135,-358804.4,12631.636,1.4400000000023283,1.07812496
405,4,-120,-358801.12,12633.699,4.720000000030268,3.1416015
405,5,-105,-358801.9,12633.959,3.940000000002328,3.4013671
405,6,-90,-358802.22,12634.345,3.620000000053551,3.7871093
405,7,-75,-358802.5,12634.483,3.340000000025612,3.9257812
405,8,-60,-358803.2,12633.403,2.64000000001397,2.8457030999999997
405,9,-45,-358804.47,12631.571,1.370000000053551,1.01367184
405,10,-30,-358805.6,12630.564,0.2400000000488944,0.006835900000000006
405,11,-15,-358805.84,12630.677,0,0.11914059999999993
405,12,0,-358804.9,12631.779,0.9400000000023284,1.22167965
405,13,15,-358805.84,12630.678,0,0.12011710000000009
405,14,30,-358805.6,12630.558,0.2400000000488944,0
405,15,45,-358804.47,12631.571,1.370000000053551,1.01367184
405,16,60,-358800.9,12633.529,4.940000000002328,2.9716797
405,17,75,-358801.8,12633.798,4.040000000037253,3.2402343
405,18,90,-358802.22,12634.345,3.620000000053551,3.7871093
405,19,105,-358801.9,12633.959,3.940000000002328,3.4013671
405,20,120,-358801.12,12633.706,4.720000000030268,3.1484375
405,21,135,-358804.4,12631.631,1.4400000000023283,1.07324215
405,22,150,-358805.56,12630.572,0.2800000000279397,0.014648400000000006
405,23,165,-358805.84,12630.672,0,0.11425780000000008
405,24,180,-358804.78,12631.649,1.0599999999976717,1.09179684
406,1,-165,-321685.7,11728.739,0,0.00976559999999993
406,2,-150,-321685.66,11728.936,0.0400000000372529,0.20605469999999992
406,3,-135,-321685.47,11729.382,0.2300000000395812,0.6523437999999999
406,4,-120,-321685.28,11729.836,0.4199999999837018,1.1064452999999999
406,5,-105,-321685.12,11730.13,0.5800000000162981,1.4003906000000002
406,6,-90,-321685.06,11730.498,0.6400000000139698,1.76855469
406,7,-75,-321684.88,11731.177,0.8200000000069849,2.44726562
406,8,-60,-321684.47,11731.932,1.2300000000395812,3.2021484
406,9,-45,-321683.9,11732.253,1.7999999999883585,3.5234375
406,10,-30,-321683.4,11732.298,2.2999999999883585,3.5683594000000003
406,11,-15,-321683.06,11732.44,2.64000000001397,3.7109375
406,12,0,-321682.9,11732.414,2.7999999999883585,3.6845703
406,13,15,-321683.06,11732.44,2.64000000001397,3.7109375
406,14,30,-321683.4,11732.297,2.2999999999883585,3.5673828
406,15,45,-321683.9,11732.251,1.7999999999883585,3.5214844000000003
406,16,60,-321684.47,11731.932,1.2300000000395812,3.2021484
406,17,75,-321684.88,11731.177,0.8200000000069849,2.44726562
406,18,90,-321685.06,11730.497,0.6400000000139698,1.76757812
406,19,105,-321685.12,11730.128,0.5800000000162981,1.3984375
406,20,120,-321685.25,11729.833,0.4500000000116415,1.1035156000000002
406,21,135,-321685.47,11729.388,0.2300000000395812,0.6582030999999999
406,22,150,-321685.66,11728.911,0.0400000000372529,0.18164059999999993
406,23,165,-321685.7,11728.756,0,0.026367199999999924
406,24,180,-321685.66,11728.7295,0.0400000000372529,0
407,1,-165,-463943.3,13827.672,0.4500000000116415,0.5859372999999994
407,2,-150,-463941.94,13829.416,1.809999999997672,2.3300779999999994
407,3,-135,-463939.62,13832.016,4.130000000004657,4.929687299999999
407,4,-120,-463936.56,13834.778,7.190000000002328,7.6923826
407,5,-105,-463932.97,13837.246,10.78000000002794,10.160156
407,6,-90,-463930.5,13838.61,13.25,11.524414
407,7,-75,-463932.8,13835.672,10.950000000011642,8.5859373
407,8,-60,-463934.47,13833.039,9.28000000002794,5.953124799999999
407,9,-45,-463935.34,13830.928,8.409999999974389,3.8417966999999997
407,10,-30,-463935.6,13830.015,8.150000000023283,2.9287107999999997
407,11,-15,-463935.3,13830.27,8.450000000011642,3.1835935999999996
407,12,0,-463934.62,13831.086,9.130000000004657,3.9999997999999994
407,13,15,-463935.3,13830.26,8.450000000011642,3.1738279999999994
407,14,30,-463935.6,13830.018,8.150000000023283,2.9316403999999996
407,15,45,-463935.34,13830.936,8.409999999974389,3.8496091999999997
407,16,60,-463934.5,13832.973,9.25,5.886718559999999
407,17,75,-463932.8,13835.663,10.950000000011642,8.5771482
407,18,90,-463930.5,13838.611,13.25,11.5253904
407,19,105,-463932.97,13837.249,10.78000000002794,10.1630858
407,20,120,-463936.56,13834.78,7.190000000002328,7.694335799999999
407,21,135,-463939.62,13832.018,4.130000000004657,4.93164044
407,22,150,-463941.94,13829.416,1.809999999997672,2.3300779999999994
407,23,165,-463943.3,13827.682,0.4500000000116415,0.5957029999999994
407,24,180,-463943.75,13827.086,0,0
408,1,-165,-358815.03,12614.931,0.25,0.0791016
408,2,-150,-358814.34,12615.238,0.9400000000023284,0.3867187999999999
408,3,-135,-358813.22,12615.768,2.06000000005588,0.91601565
408,4,-120,-358811.94,12616.35,3.340000000025612,1.4980468999999998
408,5,-105,-358810.97,12616.843,4.310000000055879,1.9912109999999998
408,6,-90,-358810.7,12616.987,4.580000000016298,2.1357422
408,7,-75,-358811.34,12616.683,3.940000000002328,1.8310547
408,8,-60,-358812.44,12615.978,2.840000000025612,1.12597659
408,9,-45,-358813.3,12615.285,1.9800000000395808,0.43359378
408,10,-30,-358813.66,12615.024,1.620000000053551,0.1728516
408,11,-15,-358813.62,12615.07,1.6600000000325963,0.21875
408,12,0,-358813.56,12615.138,1.720000000030268,0.28613283999999994
408,13,15,-358813.62,12615.065,1.6600000000325963,0.21386719999999992
408,14,30,-358813.66,12615.024,1.620000000053551,0.1728516
408,15,45,-358813.3,12615.296,1.9800000000395808,0.44433596
408,16,60,-358812.44,12615.974,2.840000000025612,1.12207034
408,17,75,-358811.34,12616.6875,3.940000000002328,1.8359375
408,18,90,-358810.7,12616.987,4.580000000016298,2.1357422
408,19,105,-358810.97,12616.843,4.310000000055879,1.9912109999999998
408,20,120,-358811.94,12616.357,3.340000000025612,1.5058593999999998
408,21,135,-358813.22,12615.767,2.06000000005588,0.915039088
408,22,150,-358814.34,12615.234,0.9400000000023284,0.3828125
408,23,165,-358815.03,12614.931,0.25,0.0791016
408,24,180,-358815.28,12614.852,0,0
409,1,-165,-535427.4,9577.958,0.1999999999534338,0.5253906000000002
409,2,-150,-535426.5,9579.274,1.099999999976717,1.8417968000000002
409,3,-135,-535425.2,9580.906,2.400000000023283,3.47363275
409,4,-120,-535423.7,9582.376,3.900000000023283,4.9433593
409,5,-105,-535422.44,9583.345,5.160000000032596,5.9121093
409,6,-90,-535422,9583.455,5.599999999976717,6.0224609000000004
409,7,-75,-535422.6,9583.111,5,5.6787109000000004
409,8,-60,-535424,9582.472,3.599999999976717,5.039062400000001
409,9,-45,-535425.4,9581.296,2.199999999953434,3.8632812000000003
409,10,-30,-535426.5,9579.901,1.099999999976717,2.4687499400000004
409,11,-15,-535427.1,9578.76,0.5,1.3271484
409,12,0,-535427.4,9578.321,0.1999999999534338,0.8886718
409,13,15,-535427.1,9578.759,0.5,1.3261718
409,14,30,-535426.5,9579.902,1.099999999976717,2.4697265
409,15,45,-535425.4,9581.296,2.199999999953434,3.8632812000000003
409,16,60,-535424,9582.472,3.599999999976717,5.039062400000001
409,17,75,-535422.6,9583.111,5,5.6787109000000004
409,18,90,-535422,9583.455,5.599999999976717,6.0224609000000004
409,19,105,-535422.44,9583.345,5.160000000032596,5.9121093
409,20,120,-535423.7,9582.376,3.900000000023283,4.9433593
409,21,135,-535425.2,9580.906,2.400000000023283,3.47363275
409,22,150,-535426.5,9579.274,1.099999999976717,1.8417968000000002
409,23,165,-535427.4,9577.958,0.1999999999534338,0.5253906000000002
409,24,180,-535427.6,9577.433,0,0
410,1,-165,-331720.38,11119.944,0.0599999999976716,1.3720703
410,2,-150,-331720.44,11119.31,0,0.73730469
410,3,-135,-331720.1,11119.014,0.3400000000256113,0.44140625
410,4,-120,-331719.34,11119.295,1.099999999976717,0.72265625
410,5,-105,-331718.44,11120.033,2,1.4609375
410,6,-90,-331718,11120.478,2.4400000000023283,1.90527344
410,7,-75,-331718.4,11120.002,2.039999999979045,1.4296875
410,8,-60,-331719.38,11119.268,1.0599999999976717,0.6953125
410,9,-45,-331720.16,11119.032,0.2800000000279397,0.45996094
410,10,-30,-331720.44,11119.354,0,0.78125
410,11,-15,-331720.38,11119.98,0.0599999999976716,1.40820312
410,12,0,-331720.22,11119.077,0.2200000000302679,0.5048828000000001
410,13,15,-331720.2,11118.893,0.2399999999906867,0.3203125
410,14,30,-331719.94,11118.572,0.5,0
410,15,45,-331720.16,11119.032,0.2800000000279397,0.45996094
410,16,60,-331719.38,11119.268,1.0599999999976717,0.6953125
410,17,75,-331718.4,11120.005,2.039999999979045,1.4326172
410,18,90,-331718,11120.477,2.4400000000023283,1.9042968999999998
410,19,105,-331718.44,11120.032,2,1.45996094
410,20,120,-331719.34,11119.292,1.099999999976717,0.71972656
410,21,135,-331720.1,11119.015,0.3400000000256113,0.44238279999999996
410,22,150,-331720.44,11119.31,0,0.73730469
410,23,165,-331720.38,11119.947,0.0599999999976716,1.375
410,24,180,-331720.28,11120.327,0.1599999999743886,1.7548827999999999
411,1,-165,-321819,11317.225,2.7199999999720603,2.4199218
411,2,-150,-321818.03,11319.351,3.6899999999441206,4.5458984
411,3,-135,-321818.16,11321.165,3.559999999997672,6.3603515
411,4,-120,-321819.5,11321.415,2.2199999999720603,6.6103515
411,5,-105,-321820.97,11320.442,0.75,5.6376953
411,6,-90,-321821.72,11319.005,0,4.20019526
411,7,-75,-321821.62,11318.085,0.0999999999767169,3.2802734
411,8,-60,-321820.2,11314.805,1.5199999999604188,0
411,9,-45,-321819.8,11315.755,1.9199999999837016,0.9501952
411,10,-30,-321818.4,11318.156,3.3199999999487773,3.35156245
411,11,-15,-321817,11321.02,4.71999999997206,6.214843699999999
411,12,0,-321817.12,11322.081,4.599999999976717,7.276367199999999
411,13,15,-321817,11321.005,4.71999999997206,6.2001952
411,14,30,-321818.4,11318.162,3.3199999999487773,3.3574218
411,15,45,-321819.8,11315.761,1.9199999999837016,0.9560545999999999
411,16,60,-321820.2,11314.809,1.5199999999604188,0.00390619999999986
411,17,75,-321821.62,11318.089,0.0999999999767169,3.2841796399999996
411,18,90,-321821.72,11319.004,0,4.199218699999999
411,19,105,-321820.94,11320.325,0.779999999969732,5.5205078
411,20,120,-321819.5,11321.414,2.2199999999720603,6.609375
411,21,135,-321818.16,11321.099,3.559999999997672,6.2939452
411,22,150,-321818.03,11319.331,3.6899999999441206,4.52636714
411,23,165,-321818.75,11316.93,2.9699999999720603,2.125
411,24,180,-321819.28,11316.605,2.4399999999441206,1.8007811999999999
412,1,-165,-285672.84,9071.546,8.599999999976717,7.9404296
412,2,-150,-285673.56,9071.527,7.880000000004657,7.921875
412,3,-135,-285674.44,9071.055,7,7.449218699999999
412,4,-120,-285675.34,9070.485,6.099999999976717,6.8798828
412,5,-105,-285676.2,9069.708,5.239999999990687,6.10253904
412,6,-90,-285676.9,9068.557,4.539999999979045,4.95117185
412,7,-75,-285677.6,9067.1875,3.8400000000256114,3.5820311999999994
412,8,-60,-285678.5,9066.025,2.9400000000023283,2.4199217999999996
412,9,-45,-285679.84,9065.527,1.599999999976717,1.9218749999999996
412,10,-30,-285681,9064.932,0.4400000000023283,1.3261718
412,11,-15,-285681.44,9064.126,0,0.5205075999999993
412,12,0,-285681.16,9063.605,0.2800000000279397,0
412,13,15,-285680.38,9064.091,1.0599999999976717,0.48535159999999955
412,14,30,-285679.34,9065.791,2.099999999976717,2.1855467999999996
412,15,45,-285678.03,9067.557,3.4099999999743886,3.9511718
412,16,60,-285676.34,9068.839,5.099999999976717,5.2333984
412,17,75,-285674.72,9069.356,6.720000000030268,5.75097654
412,18,90,-285673.28,9070.363,8.159999999974389,6.7578125
412,19,105,-285671.88,9071.896,9.559999999997672,8.2910156
412,20,120,-285670.94,9074.468,10.5,10.8623046
412,21,135,-285670.94,9074.421,10.5,10.8154296
412,22,150,-285671.2,9073.833,10.239999999990689,10.227539
412,23,165,-285671.7,9072.443,9.739999999990689,8.8378906
412,24,180,-285672.28,9071.774,9.159999999974389,8.1689453
413,1,-165,-358077.47,11624.018,0.6300000000046566,0.2861328000000001
413,2,-150,-358078.1,11623.731,0,0
413,3,-135,-358077.75,11623.979,0.3499999999767169,0.24707030000000008
413,4,-120,-358076.56,11624.792,1.5399999999790452,1.0605468900000001
413,5,-105,-358075.25,11625.656,2.849999999976717,1.9248047000000001
413,6,-90,-358074.72,11626.049,3.3800000000046566,2.3173828
413,7,-75,-358075.3,11625.719,2.7999999999883585,1.9873047000000001
413,8,-60,-358076.66,11624.831,1.4400000000023283,1.0996094
413,9,-45,-358077.8,11623.978,0.2999999999883584,0.24609376000000005
413,10,-30,-358078.1,11623.734,0,0.002929700000000035
413,11,-15,-358077.47,11624.059,0.6300000000046566,0.32714845000000004
413,12,0,-358076.8,11624.014,1.2999999999883585,0.2822266
413,13,15,-358077.47,11624.059,0.6300000000046566,0.32714845000000004
413,14,30,-358078.1,11623.739,0,0.0078125
413,15,45,-358077.8,11623.978,0.2999999999883584,0.24609376000000005
413,16,60,-358076.66,11624.839,1.4400000000023283,1.1074219
413,17,75,-358075.3,11625.719,2.7999999999883585,1.9873047000000001
413,18,90,-358074.72,11626.053,3.3800000000046566,2.3212891
413,19,105,-358075.25,11625.666,2.849999999976717,1.9345702999999999
413,20,120,-358076.56,11624.792,1.5399999999790452,1.0605468900000001
413,21,135,-358077.75,11623.979,0.3499999999767169,0.24707030000000008
413,22,150,-358078.1,11623.732,0,0.0009765999999999941
413,23,165,-358077.47,11624.012,0.6300000000046566,0.28027345000000004
413,24,180,-358076.8,11624.012,1.2999999999883585,0.28027345000000004
414,1,-165,-594702.6,12310.019,1.150000000023283,1.2666015000000002
414,2,-150,-594702,12310.363,1.75,1.6113281000000002
414,3,-135,-594700.8,12311.746,2.949999999953434,2.9941406
414,4,-120,-594699.2,12313.979,4.550000000046566,5.2265625
414,5,-105,-594697.8,12316.412,5.949999999953434,7.6601562
414,6,-90,-594697.25,12317.517,6.5,8.7646484
414,7,-75,-594697.94,12316.463,5.810000000055879,7.7109375
414,8,-60,-594699.44,12314.005,4.310000000055879,5.2529297
414,9,-45,-594701.2,12311.472,2.550000000046566,2.7197265
414,10,-30,-594702.6,12309.747,1.150000000023283,0.9951171000000003
414,11,-15,-594703.44,12308.941,0.3100000000558793,0.18945310000000015
414,12,0,-594703.75,12308.752,0,0
414,13,15,-594703.44,12308.941,0.3100000000558793,0.18945310000000015
414,14,30,-594702.6,12309.752,1.150000000023283,1
414,15,45,-594701.2,12311.472,2.550000000046566,2.7197265
414,16,60,-594699.44,12314.004,4.310000000055879,5.2519531
414,17,75,-594697.94,12316.463,5.810000000055879,7.7109375
414,18,90,-594697.25,12317.518,6.5,8.7656251
414,19,105,-594697.8,12316.412,5.949999999953434,7.6601562
414,20,120,-594699.2,12313.979,4.550000000046566,5.2265625
414,21,135,-594700.8,12311.746,2.949999999953434,2.9941406
414,22,150,-594702,12310.364,1.75,1.6123047000000001
414,23,165,-594702.6,12310.019,1.150000000023283,1.2666015000000002
414,24,180,-594702.9,12309.995,0.8499999999767169,1.2431641
415,1,-165,-526764.94,11150.933,0.5600000000558794,0.2998046999999999
415,2,-150,-526765.5,11150.633,0,0
415,3,-135,-526765.4,11151.053,0.0999999999767169,0.41992189999999996
415,4,-120,-526764.7,11152.239,0.8000000000465661,1.60644532
415,5,-105,-526763.8,11153.572,1.699999999953434,2.9394530999999997
415,6,-90,-526762.8,11154.861,2.699999999953434,4.2285157
415,7,-75,-526763.8,11153.591,1.699999999953434,2.9580078
415,8,-60,-526764.6,11152.272,0.9000000000232831,1.63964845
415,9,-45,-526765.3,11151.088,0.1999999999534338,0.4550781399999999
415,10,-30,-526765.5,11150.64,0,0.006835900000000006
415,11,-15,-526765,11150.92,0.5,0.28710939999999996
415,12,0,-526764.56,11151.196,0.9399999999441206,0.5634765999999999
415,13,15,-526765,11150.921,0.5,0.2880859499999999
415,14,30,-526765.5,11150.64,0,0.006835900000000006
415,15,45,-526765.3,11151.088,0.1999999999534338,0.4550781399999999
415,16,60,-526764.6,11152.272,0.9000000000232831,1.63964845
415,17,75,-526763.8,11153.59,1.699999999953434,2.9570312999999997
415,18,90,-526762.8,11154.86,2.699999999953434,4.2275390999999996
415,19,105,-526763.8,11153.574,1.699999999953434,2.9414062999999997
415,20,120,-526764.7,11152.239,0.8000000000465661,1.60644532
415,21,135,-526765.4,11151.052,0.0999999999767169,0.41894529999999996
415,22,150,-526765.5,11150.633,0,0
415,23,165,-526764.94,11150.933,0.5600000000558794,0.2998046999999999
415,24,180,-526764.56,11151.197,0.9399999999441206,0.5644531399999999
416,1,-165,-395683.8,16038.487,2.080000000016298,2.2099608999999996
416,2,-150,-395682.84,16040.045,3.039999999979045,3.76757808
416,3,-135,-395681.8,16041.874,4.080000000016298,5.5966796
416,4,-120,-395681.7,16042.388,4.179999999993015,6.1103515
416,5,-105,-395682.84,16041.509,3.039999999979045,5.2314453
416,6,-90,-395684.38,16039.547,1.5,3.2695312
416,7,-75,-395685.56,16037.34,0.3200000000069849,1.0625
416,8,-60,-395685.88,16036.277,0,0
416,9,-45,-395684.9,16036.879,0.9799999999813735,0.6015623999999997
416,10,-30,-395683.03,16039.008,2.849999999976717,2.7304687
416,11,-15,-395681.16,16041.444,4.720000000030268,5.1669921
416,12,0,-395680.03,16042.736,5.849999999976717,6.4589843
416,13,15,-395681.16,16041.438,4.720000000030268,5.1611328
416,14,30,-395683.03,16039.003,2.849999999976717,2.7255859
416,15,45,-395684.9,16036.878,0.9799999999813735,0.6005859
416,16,60,-395685.88,16036.277,0,0
416,17,75,-395685.56,16037.338,0.3200000000069849,1.0605468
416,18,90,-395684.38,16039.545,1.5,3.267578075
416,19,105,-395682.84,16041.526,3.039999999979045,5.2490234
416,20,120,-395681.7,16042.382,4.179999999993015,6.104492199999999
416,21,135,-395681.56,16041.685,4.320000000006985,5.4072265
416,22,150,-395682.4,16039.986,3.479999999981373,3.70898432
416,23,165,-395683.62,16038.46,2.260000000009313,2.1826171
416,24,180,-395684.3,16037.834,1.580000000016298,1.5566406
417,1,-165,-335539.44,12581.522,0.1599999999743886,0.004882799999999854
417,2,-150,-335539.2,12582.023,0.3999999999650754,0.5058593
417,3,-135,-335538.44,12583.259,1.1599999999743886,1.7412109
417,4,-120,-335537.2,12585.101,2.3999999999650754,3.58300776
417,5,-105,-335535.53,12587.356,4.069999999948777,5.8388671
417,6,-90,-335533.8,12589.89,5.799999999988359,8.3720702
417,7,-75,-335532.47,12592.265,7.130000000004657,10.7470702
417,8,-60,-335535.84,12587.815,3.7599999999511056,6.2978515
417,9,-45,-335537.53,12585.688,2.0699999999487773,4.1708984
417,10,-30,-335538.7,12584.097,0.8999999999650754,2.5791015
417,11,-15,-335539.38,12583.363,0.2199999999720603,1.8457030999999997
417,12,0,-335539.6,12583.217,0,1.6992186999999999
417,13,15,-335539.38,12583.364,0.2199999999720603,1.8466795999999999
417,14,30,-335538.7,12584.132,0.8999999999650754,2.6142578
417,15,45,-335537.53,12585.6875,2.0699999999487773,4.16992182
417,16,60,-335535.84,12587.807,3.7599999999511056,6.2890624
417,17,75,-335532.47,12592.256,7.130000000004657,10.7382812
417,18,90,-335533.8,12589.889,5.799999999988359,8.3710937
417,19,105,-335535.53,12587.353,4.069999999948777,5.8349609
417,20,120,-335537.2,12585.102,2.3999999999650754,3.58398432
417,21,135,-335538.44,12583.261,1.1599999999743886,1.7431639999999997
417,22,150,-335539.2,12582.023,0.3999999999650754,0.5058593
417,23,165,-335539.44,12581.524,0.1599999999743886,0.006835900000000006
417,24,180,-335539.3,12581.518,0.2999999999883584,0
418,1,-165,-595455.75,13288.648,0.3100000000558793,0.21679689999999996
418,2,-150,-595456.06,13288.588,0,0.15625
418,3,-135,-595455.8,13288.778,0.2600000000093132,0.34667970000000004
418,4,-120,-595455.3,13289.328,0.7600000000093132,0.896484375
418,5,-105,-595454.6,13290.013,1.4600000000791624,1.5810547000000001
418,6,-90,-595454.3,13290.375,1.7600000000093132,1.9433593999999998
418,7,-75,-595454.6,13290.166,1.4600000000791624,1.734375
418,8,-60,-595455.25,13289.938,0.8100000000558794,1.50683594
418,9,-45,-595455.6,13289.86,0.4600000000791624,1.42871094
418,10,-30,-595455.6,13289.615,0.4600000000791624,1.18359375
418,11,-15,-595455.44,13288.903,0.6200000001117587,0.4716797
418,12,0,-595455.44,13288.432,0.6200000001117587,0
418,13,15,-595455.75,13288.755,0.3100000000558793,0.32324220000000004
418,14,30,-595456,13289.248,0.0600000000558793,0.81640625
418,15,45,-595455.8,13289.637,0.2600000000093132,1.20507812
418,16,60,-595455.3,13289.883,0.7600000000093132,1.45117188
418,17,75,-595454.7,13290.086,1.3600000001024457,1.6542968999999998
418,18,90,-595454.3,13290.396,1.7600000000093132,1.9648437
418,19,105,-595454.56,13290.059,1.5,1.6269531000000002
418,20,120,-595455,13289.415,1.0600000000558794,0.983398438
418,21,135,-595455.4,13288.963,0.6600000000325963,0.53125
418,22,150,-595455.3,13288.852,0.7600000000093132,0.41992189999999996
418,23,165,-595455.1,13288.785,0.9600000000791624,0.35351560000000004
418,24,180,-595455.25,13288.671,0.8100000000558794,0.23925779999999996
419,1,-165,-422014.9,15948.037,7.880000000004657,3.344726625
419,2,-150,-422015.56,15947.493,7.220000000030268,2.8007812999999997
419,3,-135,-422015.9,15947.524,6.880000000004657,2.8320312999999997
419,4,-120,-422015.6,15948.412,7.180000000051223,3.71972662
419,5,-105,-422014.8,15950.231,7.980000000039581,5.539062599999999
419,6,-90,-422014.44,15952.478,8.340000000025611,7.7851563
419,7,-75,-422015.38,15951.515,7.400000000023283,6.8222657
419,8,-60,-422017.4,15948.795,5.380000000004657,4.1025390999999996
419,9,-45,-422020.06,15946.546,2.720000000030268,1.8535156999999998
419,10,-30,-422021.66,15945.325,1.120000000053551,0.6328125999999998
419,11,-15,-422022.5,15944.789,0.2800000000279397,0.09667979999999998
419,12,0,-422022.78,15944.692,0,0
419,13,15,-422022.5,15944.796,0.2800000000279397,0.10351569999999999
419,14,30,-422021.66,15945.33,1.120000000053551,0.6376953999999997
419,15,45,-422020.06,15946.544,2.720000000030268,1.8515625999999998
419,16,60,-422017.4,15948.769,5.380000000004657,4.07617194
419,17,75,-422015.38,15951.506,7.400000000023283,6.8134765999999996
419,18,90,-422014.44,15952.476,8.340000000025611,7.783202999999999
419,19,105,-422014.8,15950.228,7.980000000039581,5.5351563
419,20,120,-422015.6,15948.4,7.180000000051223,3.70800788
419,21,135,-422015.9,15947.523,6.880000000004657,2.83105475
419,22,150,-422015.56,15947.493,7.220000000030268,2.8007812999999997
419,23,165,-422014.9,15948.038,7.880000000004657,3.34570319
419,24,180,-422014.53,15948.332,8.25,3.6396485
420,1,-165,-351875,10826.944,11.340000000025611,7.9833984000000004
420,2,-150,-351875.34,10826.928,11,7.9667969
420,3,-135,-351874.97,10827.696,11.370000000053553,8.7353516
420,4,-120,-351874.03,10828.968,12.309999999997672,10.006836
420,5,-105,-351872.88,10829.979,13.460000000020957,11.017578
420,6,-90,-351873.7,10830.333,12.64000000001397,11.3720703
420,7,-75,-351876.84,10827.7295,9.5,8.7685547
420,8,-60,-351880.28,10824.602,6.059999999997672,5.640625
420,9,-45,-351883.06,10821.954,3.28000000002794,2.993164
420,10,-30,-351884.97,10820.028,1.370000000053551,1.0673830000000004
420,11,-15,-351886.06,10818.961,0.2800000000279397,0
420,12,0,-351886.34,10819.708,0,0.7470702999999999
420,13,15,-351886.06,10818.962,0.2800000000279397,0.0009766000000004382
420,14,30,-351885,10820.028,1.3400000000256114,1.0673830000000004
420,15,45,-351883.06,10821.951,3.28000000002794,2.9902344
420,16,60,-351880.28,10824.598,6.059999999997672,5.6367188
420,17,75,-351876.84,10827.6875,9.5,8.7265625
420,18,90,-351873.7,10830.33,12.64000000001397,11.3691406
420,19,105,-351872.88,10829.979,13.460000000020957,11.017578
420,20,120,-351874.03,10828.968,12.309999999997672,10.006836
420,21,135,-351875,10827.6875,11.340000000025611,8.7265625
420,22,150,-351875.34,10826.928,11,7.9667969
420,23,165,-351875,10826.941,11.340000000025611,7.9804688
420,24,180,-351874.1,10827.654,12.240000000048894,8.6933594
421,1,-165,-428151.94,14940.579,0,0.3906250000000002
421,2,-150,-428151.72,14941.292,0.2200000000302679,1.1035156000000002
421,3,-135,-428151.1,14942.301,0.8400000000256114,2.11230466
421,4,-120,-428150.22,14943.443,1.720000000030268,3.2548828000000003
421,5,-105,-428149.1,14944.701,2.840000000025612,4.512695300000001
421,6,-90,-428147.88,14945.689,4.059999999997672,5.5009765999999996
421,7,-75,-428149.22,14944.8,2.720000000030268,4.6113281
421,8,-60,-428150.4,14943.45,1.5399999999790452,3.2617187000000003
421,9,-45,-428151.28,14942.166,0.6599999999743886,1.9775390400000001
421,10,-30,-428151.78,14941.158,0.1599999999743886,0.9697265000000002
421,11,-15,-428151.94,14940.508,0,0.3193359
421,12,0,-428151.84,14940.201,0.0999999999767169,0.012695300000000298
421,13,15,-428151.94,14940.5,0,0.3115234
421,14,30,-428151.78,14941.269,0.1599999999743886,1.0800781000000002
421,15,45,-428151.28,14942.173,0.6599999999743886,1.9843749800000001
421,16,60,-428150.4,14943.422,1.5399999999790452,3.2333984
421,17,75,-428149.22,14944.81,2.720000000030268,4.6210937
421,18,90,-428147.88,14945.728,4.059999999997672,5.5390625
421,19,105,-428149.06,14944.731,2.8800000000046566,4.5429687
421,20,120,-428150.22,14943.438,1.720000000030268,3.25
421,21,135,-428151.16,14942.236,0.7800000000279397,2.04785154
421,22,150,-428151.72,14941.3,0.2200000000302679,1.1113281000000002
421,23,165,-428151.94,14940.576,0,0.3876953000000001
421,24,180,-428151.88,14940.188,0.0599999999976716,0
422,1,-165,-383348.94,14483.69,2.400000000023283,3.6542969
422,2,-150,-383350.6,14481.599,0.7400000000488944,1.56250001
422,3,-135,-383351.06,14480.778,0.2800000000279397,0.7421874999999999
422,4,-120,-383350.75,14481.038,0.5900000000256114,1.00195314
422,5,-105,-383350.25,14481.679,1.0900000000256114,1.642578138
422,6,-90,-383350.1,14481.96,1.2400000000488944,1.92382814
422,7,-75,-383350.66,14481.232,0.6800000000512227,1.19628908
422,8,-60,-383351.34,14480.273,0,0.23730469999999992
422,9,-45,-383351.34,14480.036,0,0
422,10,-30,-383350.4,14480.8955,0.9400000000023284,0.8593749999999999
422,11,-15,-383348.75,14482.462,2.590000000025612,2.42578126
422,12,0,-383347.53,14483.305,3.809999999997672,3.2685547
422,13,15,-383348.75,14482.462,2.590000000025612,2.42578126
422,14,30,-383350.4,14480.894,0.9400000000023284,0.8574219
422,15,45,-383351.34,14480.037,0,0.0009765999999999941
422,16,60,-383351.34,14480.267,0,0.23046879999999992
422,17,75,-383350.66,14481.232,0.6800000000512227,1.19628908
422,18,90,-383350.1,14481.958,1.2400000000488944,1.92187501
422,19,105,-383350.25,14481.679,1.0900000000256114,1.642578138
422,20,120,-383350.75,14481.036,0.5900000000256114,0.9999999999999999
422,21,135,-383351.06,14480.778,0.2800000000279397,0.7421874999999999
422,22,150,-383350.6,14481.599,0.7400000000488944,1.56250001
422,23,165,-383348.97,14483.713,2.370000000053551,3.6767578
422,24,180,-383346.16,14486.435,5.180000000051223,6.398437700000001
423,1,-165,-452827.9,17015.195,1.1300000000046566,1.0371093999999998
423,2,-150,-452827.97,17014.936,1.0600000000558794,0.777343775
423,3,-135,-452828.1,17014.594,0.9300000000512229,0.43554689999999996
423,4,-120,-452828.38,17014.287,0.6500000000232831,0.12890629999999992
423,5,-105,-452828.7,17014.158,0.3300000000162981,0
423,6,-90,-452829,17014.303,0.0300000000279396,0.14453129999999992
423,7,-75,-452829.03,17014.584,0,0.42578128
423,8,-60,-452828.72,17014.863,0.3100000000558793,0.70507815
423,9,-45,-452828.16,17015.11,0.870000000053551,0.9511719
423,10,-30,-452827.53,17015.31,1.5,1.15234378
423,11,-15,-452827.1,17015.518,1.9300000000512227,1.359375
423,12,0,-452826.97,17015.615,2.06000000005588,1.4570313
423,13,15,-452827.1,17015.52,1.9300000000512227,1.3613281499999998
423,14,30,-452827.53,17015.31,1.5,1.15234378
423,15,45,-452828.16,17015.111,0.870000000053551,0.9531250199999999
423,16,60,-452828.72,17014.863,0.3100000000558793,0.70507815
423,17,75,-452829.03,17014.588,0,0.42968751999999993
423,18,90,-452829,17014.3,0.0300000000279396,0.14257814999999996
423,19,105,-452828.7,17014.158,0.3300000000162981,0
423,20,120,-452828.38,17014.287,0.6500000000232831,0.12890629999999992
423,21,135,-452828.1,17014.59,0.9300000000512229,0.43164064999999996
423,22,150,-452827.97,17014.936,1.0600000000558794,0.777343775
423,23,165,-452827.9,17015.2,1.1300000000046566,1.0410156499999998
423,24,180,-452827.9,17015.295,1.1300000000046566,1.13671878
424,1,-165,-395953.88,13538.073,3.2399999999906868,2.4453125
424,2,-150,-395954.94,13537.569,2.179999999993015,1.94140626
424,3,-135,-395955.9,13536.832,1.2199999999720603,1.20410158
424,4,-120,-395956.62,13536.135,0.5,0.5068359499999999
424,5,-105,-395957.03,13535.628,0.0899999999674037,0
424,6,-90,-395957.12,13535.673,0,0.04492189999999985
424,7,-75,-395956.84,13536.17,0.279999999969732,0.5419921999999999
424,8,-60,-395956.2,13536.866,0.919999999983702,1.23828126
424,9,-45,-395955.28,13538.225,1.839999999967404,2.5966797
424,10,-30,-395955.22,13538.014,1.900000000023283,2.3857422
424,11,-15,-395955.2,13537.459,1.9199999999837016,1.8310547
424,12,0,-395955.03,13537.009,2.089999999967404,1.380859388
424,13,15,-395955.2,13537.459,1.9199999999837016,1.8310547
424,14,30,-395955.22,13538.028,1.900000000023283,2.4003905999999997
424,15,45,-395955.28,13538.236,1.839999999967404,2.6083985
424,16,60,-395956.16,13536.829,0.9600000000209548,1.20117189
424,17,75,-395956.84,13536.172,0.279999999969732,0.5439453
424,18,90,-395957.12,13535.676,0,0.047851599999999994
424,19,105,-395957.03,13535.628,0.0899999999674037,0
424,20,120,-395956.62,13536.116,0.5,0.48828125999999994
424,21,135,-395955.9,13536.826,1.2199999999720603,1.1982422
424,22,150,-395954.94,13537.571,2.179999999993015,1.9433593999999998
424,23,165,-395953.88,13538.076,3.2399999999906868,2.4482422
424,24,180,-395953.22,13538.232,3.900000000023283,2.6044922
425,1,-165,-480519.1,19249.578,3.1000000000349246,3.2773437
425,2,-150,-480515.2,19252.861,7,6.5605468
425,3,-135,-480518.16,19249.764,4.040000000037253,3.4628905999999997
425,4,-120,-480519.6,19248.67,2.6000000000349246,2.36914058
425,5,-105,-480520.06,19248.695,2.14000000001397,2.3945312
425,6,-90,-480520.53,19248.467,1.669999999983702,2.16601558
425,7,-75,-480521.22,19247.541,0.9800000000395812,1.2402342999999998
425,8,-60,-480521.94,19246.617,0.2600000000093132,0.31640619999999986
425,9,-45,-480522.2,19246.3,0,0
425,10,-30,-480521.56,19247.033,0.6400000000139698,0.7324217999999998
425,11,-15,-480519.75,19249.018,2.450000000011641,2.716796825
425,12,0,-480516.94,19251.973,5.260000000009313,5.671875
425,13,15,-480519.75,19249.023,2.450000000011641,2.7226562
425,14,30,-480521.56,19247.031,0.6400000000139698,0.7304686999999999
425,15,45,-480522.2,19246.3,0,0
425,16,60,-480521.94,19246.62,0.2600000000093132,0.3183593
425,17,75,-480521.22,19247.543,0.9800000000395812,1.2421874
425,18,90,-480520.5,19248.475,1.7000000000116415,2.17382808
425,19,105,-480520.06,19248.695,2.14000000001397,2.3945312
425,20,120,-480519.6,19248.674,2.6000000000349246,2.37304682
425,21,135,-480518.12,19249.77,4.080000000016298,3.46874995
425,22,150,-480515.2,19252.863,7,6.5625
425,23,165,-480519.1,19249.582,3.1000000000349246,3.28124995
425,24,180,-480516.16,19252.457,6.040000000037253,6.15625
426,1,-165,-344209.3,10891.6455,0.2999999999883584,0.42382810000000015
426,2,-150,-344208.47,10892.89,1.1300000000046566,1.6679687000000003
426,3,-135,-344207.12,10894.7295,2.479999999981373,3.5078125
426,4,-120,-344205.47,10896.584,4.130000000004657,5.3623047
426,5,-105,-344203.84,10897.83,5.759999999951106,6.6083985
426,6,-90,-344202.8,10898.19,6.799999999988359,6.96875
426,7,-75,-344202.88,10897.874,6.71999999997206,6.6523437
426,8,-60,-344203.88,10897.38,5.71999999997206,6.1582031
426,9,-45,-344205.12,10896.669,4.4799999999813735,5.4472656
426,10,-30,-344206.16,10895.763,3.4400000000023283,4.54101564
426,11,-15,-344206.78,10894.929,2.8199999999487773,3.70703126
426,12,0,-344206.97,10894.574,2.6300000000046566,3.3525391000000004
426,13,15,-344206.78,10894.929,2.8199999999487773,3.70703126
426,14,30,-344206.16,10895.763,3.4400000000023283,4.54101564
426,15,45,-344205.12,10896.669,4.4799999999813735,5.4472656
426,16,60,-344203.88,10897.383,5.71999999997206,6.1611328
426,17,75,-344202.88,10897.874,6.71999999997206,6.6523437
426,18,90,-344202.8,10898.19,6.799999999988359,6.96875
426,19,105,-344203.84,10897.83,5.759999999951106,6.6083985
426,20,120,-344205.47,10896.585,4.130000000004657,5.36328126
426,21,135,-344207.12,10894.7295,2.479999999981373,3.5078125
426,22,150,-344208.47,10892.884,1.1300000000046566,1.6621094000000003
426,23,165,-344209.3,10891.6455,0.2999999999883584,0.42382810000000015
426,24,180,-344209.6,10891.222,0,0
427,1,-165,-509328.75,16806.146,0.4099999999743886,0.5996093999999998
427,2,-150,-509327.62,16807.756,1.5399999999790452,2.2089844
427,3,-135,-509326.34,16810.436,2.8199999999487773,4.88867188
427,4,-120,-509324.28,16811.799,4.879999999946449,6.2519531
427,5,-105,-509322.88,16813.068,6.279999999969732,7.5214844
427,6,-90,-509322.34,16813.17,6.819999999948777,7.6230469
427,7,-75,-509323.06,16812.438,6.099999999976717,6.890625
427,8,-60,-509324.56,16811.58,4.599999999976717,6.0332031
427,9,-45,-509326.16,16810.436,3,4.88867188
427,10,-30,-509327.44,16809.049,1.7199999999720603,3.5019531
427,11,-15,-509328.2,16807.846,0.9599999999627472,2.2988281
427,12,0,-509328.44,16807.352,0.7199999999720603,1.8046875
427,13,15,-509328.2,16807.846,0.9599999999627472,2.2988281
427,14,30,-509327.44,16809.049,1.7199999999720603,3.5019531
427,15,45,-509326.16,16810.438,3,4.890625
427,16,60,-509324.56,16811.582,4.599999999976717,6.0351563
427,17,75,-509323.06,16812.438,6.099999999976717,6.890625
427,18,90,-509322.34,16813.17,6.819999999948777,7.6230469
427,19,105,-509322.88,16813.068,6.279999999969732,7.5214844
427,20,120,-509324.28,16811.803,4.879999999946449,6.2558594
427,21,135,-509326.03,16809.846,3.129999999946449,4.29882812
427,22,150,-509327.62,16807.756,1.5399999999790452,2.2089844
427,23,165,-509328.75,16806.146,0.4099999999743886,0.5996093999999998
427,24,180,-509329.16,16805.547,0,0
428,1,-165,-582620.94,10166.364,0.1600000000325963,0.5205078000000003
428,2,-150,-582620.3,10167.551,0.7999999999301508,1.7070313000000001
428,3,-135,-582619.3,10168.842,1.7999999999301508,2.9980469000000003
428,4,-120,-582618.06,10169.814,3.0399999999208376,3.9707031400000004
428,5,-105,-582616.94,10170.559,4.160000000032596,4.714843800000001
428,6,-90,-582616.25,10171.107,4.849999999976717,5.2636719
428,7,-75,-582616.4,10171.184,4.699999999953434,5.3398437
428,8,-60,-582617.25,10170.85,3.849999999976717,5.0058594
428,9,-45,-582618.5,10170.096,2.599999999976717,4.25195314
428,10,-30,-582619.7,10168.871,1.400000000023283,3.02734376
428,11,-15,-582620.44,10167.747,0.6600000000325963,1.9033203
428,12,0,-582620.75,10167.28,0.3499999999767169,1.4365235
428,13,15,-582620.44,10167.748,0.6600000000325963,1.9042969
428,14,30,-582619.7,10168.872,1.400000000023283,3.02832032
428,15,45,-582618.5,10170.086,2.599999999976717,4.2421875
428,16,60,-582617.25,10170.842,3.849999999976717,4.9980469
428,17,75,-582616.4,10171.184,4.699999999953434,5.3398437
428,18,90,-582616.25,10171.107,4.849999999976717,5.2636719
428,19,105,-582616.94,10170.56,4.160000000032596,4.7158203
428,20,120,-582618.06,10169.812,3.0399999999208376,3.96777345
428,21,135,-582619.3,10168.842,1.7999999999301508,2.9980469000000003
428,22,150,-582620.3,10167.553,0.7999999999301508,1.7089844
428,23,165,-582620.94,10166.364,0.1600000000325963,0.5205078000000003
428,24,180,-582621.1,10165.844,0,0
429,1,-165,-422759.88,17027.912,0.8200000000069849,0.9199219
429,2,-150,-422760.34,17027.736,0.3599999999860301,0.74414065
429,3,-135,-422760.7,17027.24,0,0.24804689999999996
429,4,-120,-422760.53,17027.037,0.1699999999837018,0.04492189999999996
429,5,-105,-422759.75,17027.553,0.9500000000116416,0.5605469
429,6,-90,-422758.2,17028.771,2.5,1.7792968999999998
429,7,-75,-422759.2,17028.035,1.5,1.04296878
429,8,-60,-422760.28,17027.682,0.4199999999837018,0.68945315
429,9,-45,-422760.47,17027.867,0.2300000000395812,0.875000025
429,10,-30,-422760.12,17027.998,0.5800000000162981,1.0058593999999998
429,11,-15,-422759.7,17027.814,1,0.82226565
429,12,0,-422759.2,17027.88,1.5,0.8886719
429,13,15,-422759.78,17027.807,0.919999999983702,0.81445315
429,14,30,-422760.25,17027.717,0.4500000000116415,0.7246094
429,15,45,-422760.66,17027.277,0.0400000000372529,0.2851562999999999
429,16,60,-422760.53,17026.992,0.1699999999837018,0
429,17,75,-422759.75,17027.436,0.9500000000116416,0.44335939999999996
429,18,90,-422758.12,17028.613,2.580000000016298,1.6210938
429,19,105,-422759.22,17028.305,1.4800000000395812,1.3125
429,20,120,-422760.28,17027.725,0.4199999999837018,0.7324219
429,21,135,-422760.5,17027.854,0.2000000000116415,0.86132815
429,22,150,-422760.2,17028.03,0.5,1.0371093999999998
429,23,165,-422759.75,17027.895,0.9500000000116416,0.902343775
429,24,180,-422759.25,17027.887,1.4500000000116415,0.894531275
430,1,-165,-459013.72,17568.656,3.06000000005588,3.3164062
430,2,-150,-459015.88,17566.744,0.9000000000232831,1.4042967999999998
430,3,-135,-459014.94,17567.545,1.8400000000256116,2.2050780999999997
430,4,-120,-459014.1,17567.932,2.6800000000512227,2.59179682
430,5,-105,-459015.3,17567.26,1.4800000000395812,1.9199218
430,6,-90,-459016.22,17566.361,0.5600000000558794,1.0214842999999998
430,7,-75,-459016.4,17566.023,0.3800000000046566,0.6835936999999999
430,8,-60,-459015.6,17566.656,1.1800000000512227,1.3164061999999999
430,9,-45,-459013.97,17568.371,2.81000000005588,3.03124995
430,10,-30,-459012.03,17570.545,4.75,5.2050781
430,11,-15,-459010.4,17572.207,6.380000000004657,6.867187400000001
430,12,0,-459009.62,17572.764,7.160000000032596,7.423828199999999
430,13,15,-459010.4,17572.209,6.380000000004657,6.8691406
430,14,30,-459012.03,17570.545,4.75,5.2050781
430,15,45,-459013.97,17568.371,2.81000000005588,3.03124995
430,16,60,-459015.6,17566.66,1.1800000000512227,1.3203124
430,17,75,-459016.4,17566.025,0.3800000000046566,0.6855468
430,18,90,-459016.16,17566.287,0.620000000053551,0.9472655999999999
430,19,105,-459015.3,17567.264,1.4800000000395812,1.9238280999999997
430,20,120,-459014.1,17567.928,2.6800000000512227,2.58789058
430,21,135,-459014.94,17567.541,1.8400000000256116,2.2011718
430,22,150,-459015.88,17566.742,0.9000000000232831,1.4023436999999999
430,23,165,-459013.72,17568.656,3.06000000005588,3.3164062
430,24,180,-459016.78,17565.34,0,0
431,1,-165,-229813.55,9761.724,0.0100000000093132,0.5478516000000002
431,2,-150,-229813.14,9761.187,0.4199999999837018,0.010742200000000146
431,3,-135,-229812.83,9761.765,0.7300000000104774,0.5888672000000001
431,4,-120,-229812.44,9762.905,1.1199999999953434,1.7294922000000001
431,5,-105,-229811.6,9764.344,1.959999999991851,3.16796876
431,6,-90,-229810.6,9765.962,2.959999999991851,4.786132800000001
431,7,-75,-229809.92,9767.342,3.639999999984866,6.1660157
431,8,-60,-229809.81,9767.701,3.75,6.5253907
431,9,-45,-229812.86,9761.588,0.7000000000116415,0.41210940000000007
431,10,-30,-229813.19,9761.176,0.3699999999953434,0
431,11,-15,-229812.58,9762.911,0.9800000000104774,1.7353516
431,12,0,-229813.45,9763.183,0.1099999999860301,2.00683595
431,13,15,-229813.56,9761.759,0,0.5830078000000001
431,14,30,-229813.19,9761.178,0.3699999999953434,0.001953100000000152
431,15,45,-229812.86,9761.59,0.7000000000116415,0.4140625000000002
431,16,60,-229812.53,9762.825,1.0299999999988358,1.6494141
431,17,75,-229811.64,9764.433,1.9199999999837016,3.25683595
431,18,90,-229810.56,9766.119,3,4.9433594
431,19,105,-229809.9,9767.406,3.660000000003493,6.2304687
431,20,120,-229809.8,9767.71,3.760000000009313,6.5341797
431,21,135,-229812.83,9761.766,0.7300000000104774,0.5898438000000001
431,22,150,-229813.14,9761.1875,0.4199999999837018,0.011718700000000304
431,23,165,-229813.55,9761.722,0.0100000000093132,0.5458985000000001
431,24,180,-229813.45,9763.182,0.1099999999860301,2.0058594000000003
432,1,-165,-474793.03,15184.111,0.5,1.40039064
432,2,-150,-474793.16,15183.902,0.370000000053551,1.19140624
432,3,-135,-474793.16,15183.657,0.370000000053551,0.946289065
432,4,-120,-474793.38,15183.215,0.150000000023283,0.5039062400000001
432,5,-105,-474792.56,15183.886,0.970000000030268,1.17480469
432,6,-90,-474792.97,15183.642,0.5600000000558794,0.930664065
432,7,-75,-474793.53,15183.003,0,0.29199219
432,8,-60,-474793.28,15182.711,0.25,0
432,9,-45,-474792.9,15183.436,0.6300000000046566,0.72460938
432,10,-30,-474792.75,15183.79,0.7800000000279397,1.07910156
432,11,-15,-474792.62,15184.159,0.9100000000325964,1.44824219
432,12,0,-474792.97,15184.034,0.5600000000558794,1.32324219
432,13,15,-474793.03,15184.107,0.5,1.39648438
432,14,30,-474793.16,15183.934,0.370000000053551,1.22265624
432,15,45,-474793.2,15183.725,0.3300000000162981,1.01367188
432,16,60,-474793.22,15183.105,0.3100000000558793,0.39453124
432,17,75,-474793.44,15183.349,0.0900000000256113,0.63769532
432,18,90,-474792.7,15183.725,0.8300000000162981,1.01367188
432,19,105,-474793.47,15183.038,0.0600000000558793,0.32714844
432,20,120,-474793.4,15182.891,0.1300000000046566,0.1796875
432,21,135,-474792.9,15183.417,0.6300000000046566,0.70605469
432,22,150,-474792.78,15183.739,0.75,1.02832032
432,23,165,-474792.94,15183.786,0.5900000000256114,1.07519532
432,24,180,-474792.97,15184.029,0.5600000000558794,1.31835938
433,1,-165,-730389.8,16136.1875,3.599999999976717,4.7851563
433,2,-150,-730391.44,16134.75,1.9600000000791624,3.3476562999999997
433,3,-135,-730392.2,16134.2705,1.2000000000698492,2.86816412
433,4,-120,-730392.3,16134.325,1.099999999976717,2.922851625
433,5,-105,-730392.3,16134.191,1.099999999976717,2.7890625599999996
433,6,-90,-730392.06,16133.58,1.3399999999674037,2.17773444
433,7,-75,-730393,16132.048,0.400000000023283,0.6455078999999997
433,8,-60,-730393.4,16131.402,0,0
433,9,-45,-730392.9,16132.091,0.5,0.6884766
433,10,-30,-730391.25,16134.099,2.150000000023283,2.69628912
433,11,-15,-730388.9,16137.063,4.5,5.6611329
433,12,0,-730385.8,16140.232,7.599999999976717,8.830078
433,13,15,-730388.9,16137.034,4.5,5.631836
433,14,30,-730391.3,16134.161,2.099999999976717,2.75878912
433,15,45,-730392.9,16132.1,0.5,0.6972657
433,16,60,-730393.4,16131.402,0,0
433,17,75,-730393,16132.045,0.400000000023283,0.6425782
433,18,90,-730392.06,16133.573,1.3399999999674037,2.1708985
433,19,105,-730392.3,16134.192,1.099999999976717,2.79003912
433,20,120,-730392.3,16134.326,1.099999999976717,2.92382819
433,21,135,-730392.2,16134.2705,1.2000000000698492,2.86816412
433,22,150,-730391.44,16134.755,1.9600000000791624,3.35253912
433,23,165,-730389.8,16136.173,3.599999999976717,4.7705079
433,24,180,-730387.5,16137.902,5.900000000023283,6.5
434,1,-165,-341807.6,11238.612,3.8400000000256114,0.32519529999999985
434,2,-150,-341807.16,11239.434,4.28000000002794,1.1464843999999998
434,3,-135,-341805.9,11240.918,5.539999999979045,2.6308594000000003
434,4,-120,-341803.94,11243.214,7.5,4.9267578
434,5,-105,-341800.53,11246.349,10.909999999974389,8.0615234
434,6,-90,-341798.16,11249.005,13.28000000002794,10.717773399999999
434,7,-75,-341801.38,11247.82,10.059999999997672,9.533203
434,8,-60,-341804.94,11245.072,6.5,6.785156199999999
434,9,-45,-341807.88,11242.439,3.559999999997672,4.15234375
434,10,-30,-341809.9,11240.516,1.5399999999790452,2.2285156
434,11,-15,-341811.06,11239.501,0.3800000000046566,1.2138672000000001
434,12,0,-341811.44,11239.243,0,0.9560547000000001
434,13,15,-341811.06,11239.497,0.3800000000046566,1.2099609999999998
434,14,30,-341809.9,11240.512,1.5399999999790452,2.2246094
434,15,45,-341807.88,11242.432,3.559999999997672,4.14453125
434,16,60,-341804.94,11245.071,6.5,6.7841797
434,17,75,-341801.38,11247.8125,10.059999999997672,9.5253906
434,18,90,-341798.16,11249.014,13.28000000002794,10.7265625
434,19,105,-341800.53,11246.363,10.909999999974389,8.0761719
434,20,120,-341803.94,11243.104,7.5,4.81640625
434,21,135,-341805.9,11240.918,5.539999999979045,2.6308594000000003
434,22,150,-341807.16,11239.398,4.28000000002794,1.1113281000000002
434,23,165,-341807.6,11238.607,3.8400000000256114,0.3203125
434,24,180,-341807.47,11238.287,3.970000000030268,0
435,1,-165,-489322.94,16300.336,4.5,0.5439453599999999
435,2,-150,-489323.7,16299.917,3.739999999990687,0.125
435,3,-135,-489323.78,16299.792,3.6599999999743886,0
435,4,-120,-489323.4,16300.317,4.039999999979045,0.5253906999999999
435,5,-105,-489322.94,16301.233,4.5,1.4414063
435,6,-90,-489322.8,16302.045,4.64000000001397,2.2529297
435,7,-75,-489323.3,16302.452,4.14000000001397,2.6601562999999997
435,8,-60,-489324.47,16302.198,2.970000000030268,2.40625
435,9,-45,-489325.72,16301.65,1.720000000030268,1.8583984999999998
435,10,-30,-489326.7,16301.074,0.7399999999906868,1.28222661
435,11,-15,-489327.25,16300.559,0.1900000000023283,0.7666016
435,12,0,-489327.44,16300.03,0,0.23828129999999992
435,13,15,-489327.25,16300.564,0.1900000000023283,0.7724609999999998
435,14,30,-489326.7,16301.086,0.7399999999906868,1.29394536
435,15,45,-489325.7,16301.641,1.7399999999906868,1.84863286
435,16,60,-489324.47,16302.199,2.970000000030268,2.4072266
435,17,75,-489323.3,16302.444,4.14000000001397,2.6523437999999997
435,18,90,-489322.8,16302.038,4.64000000001397,2.2460937999999997
435,19,105,-489322.94,16301.231,4.5,1.4394531799999999
435,20,120,-489323.4,16300.323,4.039999999979045,0.5312500499999999
435,21,135,-489323.78,16299.792,3.6599999999743886,0
435,22,150,-489323.7,16299.9,3.739999999990687,0.10839849999999984
435,23,165,-489322.94,16300.335,4.5,0.5429687999999999
435,24,180,-489321.94,16300.991,5.5,1.1992188
436,1,-165,-431949.5,16428.363,0.1599999999743886,0.4843749500000001
436,2,-150,-431949.62,16427.879,0.0399999999790452,0
436,3,-135,-431949.1,16428.219,0.5599999999976717,0.3398437000000001
436,4,-120,-431948.06,16429.365,1.599999999976717,1.48632808
436,5,-105,-431946.97,16430.754,2.6900000000023283,2.875
436,6,-90,-431946.3,16431.553,3.35999999998603,3.6738280999999997
436,7,-75,-431947.03,16430.75,2.629999999946449,2.8710937000000003
436,8,-60,-431948.16,16429.355,1.5,1.47656245
436,9,-45,-431949.2,16428.217,0.4599999999627471,0.33789060000000004
436,10,-30,-431949.66,16427.918,0,0.039062400000000164
436,11,-15,-431949.44,16428.412,0.2199999999720603,0.5332031
436,12,0,-431948.75,16429.188,0.9099999999743886,1.3085937
436,13,15,-431949.44,16428.414,0.2199999999720603,0.5351562000000001
436,14,30,-431949.66,16427.916,0,0.03710930000000001
436,15,45,-431949.2,16428.215,0.4599999999627471,0.3359374500000001
436,16,60,-431948.16,16429.354,1.5,1.4746093200000001
436,17,75,-431947.03,16430.746,2.629999999946449,2.8671874
436,18,90,-431946.3,16431.555,3.35999999998603,3.6757812000000003
436,19,105,-431946.97,16430.758,2.6900000000023283,2.8789062000000003
436,20,120,-431948.06,16429.37,1.599999999976717,1.4902343200000001
436,21,135,-431949.1,16428.217,0.5599999999976717,0.33789060000000004
436,22,150,-431949.62,16427.885,0.0399999999790452,0.005859300000000012
436,23,165,-431949.5,16428.363,0.1599999999743886,0.4843749500000001
436,24,180,-431948.8,16429.16,0.8599999999860302,1.28124995
437,1,-165,-456736.25,18429.947,3.0499999999883585,0.5019530999999997
437,2,-150,-456738.66,18429.445,0.6400000000139698,0
437,3,-135,-456739.3,18429.97,0,0.5253905999999997
437,4,-120,-456739.06,18430.42,0.2399999999906867,0.9746092999999998
437,5,-105,-456738.88,18430.184,0.4199999999837018,0.7382811999999999
437,6,-90,-456739.28,18429.902,0.0199999999604187,0.45703119999999986
437,7,-75,-456739.28,18430.225,0.0199999999604187,0.7792967999999998
437,8,-60,-456738.53,18431.58,0.7699999999604188,2.13476558
437,9,-45,-456736.94,18433.24,2.35999999998603,3.7949218
437,10,-30,-456734.78,18434.531,4.519999999960419,5.0859374
437,11,-15,-456732,18436.02,7.2999999999883585,6.574218699999999
437,12,0,-456731.9,18434.871,7.399999999965075,5.425781199999999
437,13,15,-456735.47,18433.074,3.830000000016298,3.6289062
437,14,30,-456737.6,18432.143,1.7000000000116415,2.69726558
437,15,45,-456738.34,18432.014,0.9599999999627472,2.568359325
437,16,60,-456738.44,18430.416,0.8599999999860302,0.9707030999999999
437,17,75,-456738.44,18430.215,0.8599999999860302,0.7695311999999999
437,18,90,-456738.4,18431.219,0.8999999999650754,1.7734374499999999
437,19,105,-456738.34,18432.002,0.9599999999627472,2.556640575
437,20,120,-456738.1,18432.62,1.2000000000116415,3.1738280999999997
437,21,135,-456737.1,18433.059,2.200000000011641,3.6132812
437,22,150,-456735.34,18433.453,3.959999999962747,4.0078124
437,23,165,-456732.84,18434.654,6.459999999962747,5.2089843
437,24,180,-456732.53,18432.31,6.769999999960419,2.86523432
438,1,-165,-520788.2,17703.355,0.9599999999627472,0.7207032000000002
438,2,-150,-520789,17702.635,0.1599999999743886,0
438,3,-135,-520789.16,17702.768,0,0.13281260000000028
438,4,-120,-520788.53,17703.729,0.629999999946449,1.0937500000000002
438,5,-105,-520787.4,17705.025,1.7599999999511056,2.39062505
438,6,-90,-520786.28,17706.088,2.879999999946449,3.453125
438,7,-75,-520785.8,17705.781,3.35999999998603,3.1464844000000003
438,8,-60,-520785.75,17704.893,3.4099999999743886,2.25781255
438,9,-45,-520785.3,17704.582,3.85999999998603,1.94726568
438,10,-30,-520784.06,17705.365,5.099999999976717,2.7304688
438,11,-15,-520781.72,17707.22,7.440000000002328,4.5859376
438,12,0,-520778.5,17709.195,10.659999999974389,6.560546800000001
438,13,15,-520781.72,17707.225,7.440000000002328,4.589843800000001
438,14,30,-520784.06,17705.361,5.099999999976717,2.72656255
438,15,45,-520785.3,17704.582,3.85999999998603,1.94726568
438,16,60,-520785.75,17704.89,3.4099999999743886,2.255859425
438,17,75,-520785.8,17705.762,3.35999999998603,3.1269532
438,18,90,-520786.28,17706.086,2.879999999946449,3.4511719000000003
438,19,105,-520787.4,17705.023,1.7599999999511056,2.38867192
438,20,120,-520788.53,17703.729,0.629999999946449,1.0937500000000002
438,21,135,-520789.16,17702.77,0,0.1347657
438,22,150,-520789,17702.635,0.1599999999743886,0
438,23,165,-520788.2,17703.355,0.9599999999627472,0.7207032000000002
438,24,180,-520787.62,17703.947,1.5399999999790452,1.3125000500000001
439,1,-165,-321676.78,11740.767,0.3399999999674037,0.869140625
439,2,-150,-321677.12,11740.055,0,0.15722654999999996
439,3,-135,-321676.88,11739.897,0.2399999999906867,0
439,4,-120,-321676,11740.465,1.1199999999953434,0.56738281
439,5,-105,-321674.97,11741.367,2.150000000023283,1.4697265499999999
439,6,-90,-321674.5,11741.848,2.6199999999953434,1.95019535
439,7,-75,-321675.03,11741.379,2.089999999967404,1.48144531
439,8,-60,-321676.1,11740.479,1.0200000000186265,0.58105469
439,9,-45,-321676.94,11739.919,0.179999999993015,0.02148435000000004
439,10,-30,-321677.12,11740.118,0,0.22070314999999996
439,11,-15,-321676.75,11740.814,0.3699999999953434,0.91699219
439,12,0,-321676.4,11741.17,0.7199999999720603,1.27246095
439,13,15,-321676.75,11740.813,0.3699999999953434,0.916015625
439,14,30,-321677.12,11740.118,0,0.22070314999999996
439,15,45,-321676.94,11739.919,0.179999999993015,0.02148435000000004
439,16,60,-321676.1,11740.4795,1.0200000000186265,0.58203125
439,17,75,-321675.03,11741.379,2.089999999967404,1.48144531
439,18,90,-321674.5,11741.849,2.6199999999953434,1.95117185
439,19,105,-321674.97,11741.368,2.150000000023283,1.4707031499999998
439,20,120,-321676,11740.462,1.1199999999953434,0.56445313
439,21,135,-321676.88,11739.9,0.2399999999906867,0.002929689999999985
439,22,150,-321677.12,11740.053,0,0.15527345000000004
439,23,165,-321676.78,11740.768,0.3399999999674037,0.87011719
439,24,180,-321676.4,11741.171,0.7199999999720603,1.2734375
440,1,-165,-311615.06,12052.48,0.0599999999976716,0.26269540000000013
440,2,-150,-311614.62,12053.169,0.5,0.9511719000000001
440,3,-135,-311613.66,12054.177,1.4600000000209548,1.9589844200000002
440,4,-120,-311612.28,12055.345,2.839999999967404,3.1269532
440,5,-105,-311611,12056.357,4.119999999995343,4.1396485
440,6,-90,-311610.47,12056.788,4.650000000023283,4.5703126
440,7,-75,-311611.03,12056.374,4.089999999967404,4.15625
440,8,-60,-311612.3,12055.347,2.820000000006985,3.1289063
440,9,-45,-311613.66,12054.164,1.4600000000209548,1.9462891100000002
440,10,-30,-311614.62,12053.159,0.5,0.9414063000000001
440,11,-15,-311615.06,12052.473,0.0599999999976716,0.25488290000000013
440,12,0,-311615.12,12052.219,0,0.0009765999999999941
440,13,15,-311615.06,12052.484,0.0599999999976716,0.2666016000000002
440,14,30,-311614.62,12053.159,0.5,0.9414063000000001
440,15,45,-311613.66,12054.164,1.4600000000209548,1.9462891100000002
440,16,60,-311612.3,12055.349,2.820000000006985,3.1308594000000003
440,17,75,-311611.03,12056.374,4.089999999967404,4.15625
440,18,90,-311610.47,12056.788,4.650000000023283,4.5703126
440,19,105,-311611,12056.357,4.119999999995343,4.1396485
440,20,120,-311612.28,12055.345,2.839999999967404,3.1269532
440,21,135,-311613.66,12054.177,1.4600000000209548,1.9589844200000002
440,22,150,-311614.62,12053.165,0.5,0.9472657000000002
440,23,165,-311615.06,12052.48,0.0599999999976716,0.26269540000000013
440,24,180,-311615.12,12052.218,0,0
441,1,-165,-383929.75,11991.008,3.450000000011641,3.3427734
441,2,-150,-383930.38,11990.362,2.820000000006985,2.6972655999999997
441,3,-135,-383931.03,11989.575,2.169999999983702,1.91015626
441,4,-120,-383931.66,11988.83,1.540000000037253,1.16503908
441,5,-105,-383932.28,11988.303,0.919999999983702,0.6376953
441,6,-90,-383932.7,11987.711,0.5,0.045898400000000006
441,7,-75,-383933.2,11987.668,0,0.002929699999999924
441,8,-60,-383933.06,11987.728,0.1400000000139698,0.0625
441,9,-45,-383932.44,11988.427,0.7600000000093132,0.7617187599999999
441,10,-30,-383931.62,11988.943,1.580000000016298,1.278320325
441,11,-15,-383931.2,11989.26,2,1.59472658
441,12,0,-383931,11989.691,2.200000000011641,2.0263672
441,13,15,-383931.2,11989.245,2,1.58007814
441,14,30,-383931.62,11988.831,1.580000000016298,1.16601564
441,15,45,-383932.44,11988.386,0.7600000000093132,0.7207031399999999
441,16,60,-383933.06,11987.724,0.1400000000139698,0.05859379999999992
441,17,75,-383933.2,11987.665,0,0
441,18,90,-383932.7,11987.711,0.5,0.045898400000000006
441,19,105,-383932.28,11988.332,0.919999999983702,0.6669921999999999
441,20,120,-383931.62,11988.83,1.580000000016298,1.16503908
441,21,135,-383931.03,11989.593,2.169999999983702,1.9277343999999998
441,22,150,-383930.38,11990.358,2.820000000006985,2.6933594
441,23,165,-383929.75,11991.039,3.450000000011641,3.3740233999999996
441,24,180,-383929.4,11991.243,3.7999999999883594,3.578125
442,1,-165,-148009.84,7589.634,1.7600000000093132,1.51074222
442,2,-150,-148010.62,7589.0044,0.9800000000104774,0.8813476899999999
442,3,-135,-148011.31,7588.3555,0.2900000000081491,0.23242189999999996
442,4,-120,-148011.6,7588.123,0,0
442,5,-105,-148011.39,7588.4756,0.2099999999918509,0.3525390999999999
442,6,-90,-148010.77,7589.212,0.8300000000162981,1.088867219
442,7,-75,-148009.97,7589.869,1.6300000000046566,1.7460938
442,8,-60,-148009.38,7590.1045,2.220000000001164,1.98144534
442,9,-45,-148009.33,7589.9966,2.2700000000186265,1.8735352
442,10,-30,-148009.89,7589.604,1.709999999991851,1.48095706
442,11,-15,-148010.55,7589.0415,1.0500000000174623,0.9184570599999999
442,12,0,-148010.83,7588.7627,0.7700000000186265,0.6396484699999999
442,13,15,-148010.55,7589.0415,1.0500000000174623,0.9184570599999999
442,14,30,-148009.89,7589.604,1.709999999991851,1.48095706
442,15,45,-148009.33,7589.997,2.2700000000186265,1.87402347
442,16,60,-148009.38,7590.1045,2.220000000001164,1.98144534
442,17,75,-148009.97,7589.868,1.6300000000046566,1.7451172
442,18,90,-148010.77,7589.212,0.8300000000162981,1.088867219
442,19,105,-148011.39,7588.4756,0.2099999999918509,0.3525390999999999
442,20,120,-148011.6,7588.123,0,0
442,21,135,-148011.31,7588.3564,0.2900000000081491,0.2333984699999999
442,22,150,-148010.62,7589.0044,0.9800000000104774,0.8813476899999999
442,23,165,-148009.84,7589.634,1.7600000000093132,1.51074222
442,24,180,-148009.48,7589.8643,2.1199999999953434,1.74121097
443,1,-165,-368130.3,11195.307,0.2999999999883584,0.005859300000000012
443,2,-150,-368129.34,11195.813,1.2599999999511056,0.5126953000000001
443,3,-135,-368127.97,11196.886,2.6300000000046566,1.5849609
443,4,-120,-368126.53,11198.308,4.069999999948777,3.0068359
443,5,-105,-368125.47,11199.612,5.130000000004657,4.3115234000000004
443,6,-90,-368125.12,11200.168,5.4799999999813735,4.867187400000001
443,7,-75,-368125.66,11199.583,4.940000000002328,4.2822265
443,8,-60,-368126.84,11198.261,3.7599999999511056,2.9599609
443,9,-45,-368128.28,11196.809,2.3199999999487773,1.50781246
443,10,-30,-368129.56,11195.748,1.0399999999790452,0.44726559999999993
443,11,-15,-368130.34,11195.301,0.2599999999511055,0
443,12,0,-368130.6,11195.431,0,0.12988280000000008
443,13,15,-368130.34,11195.302,0.2599999999511055,0.0009764999999999358
443,14,30,-368129.56,11195.744,1.0399999999790452,0.4433593
443,15,45,-368128.28,11196.807,2.3199999999487773,1.50585934
443,16,60,-368126.84,11198.265,3.7599999999511056,2.96386715
443,17,75,-368125.66,11199.587,4.940000000002328,4.2861328
443,18,90,-368125.12,11200.168,5.4799999999813735,4.867187400000001
443,19,105,-368125.47,11199.595,5.130000000004657,4.2939453
443,20,120,-368126.53,11198.308,4.069999999948777,3.0068359
443,21,135,-368127.97,11196.886,2.6300000000046566,1.5849609
443,22,150,-368129.34,11195.816,1.2599999999511056,0.515625
443,23,165,-368130.3,11195.303,0.2999999999883584,0.00195309999999993
443,24,180,-368130.6,11195.414,0,0.11328120000000008
444,1,-165,-477750.06,15643.33,0.6599999999743886,1.68554684
444,2,-150,-477747.34,15645.547,3.379999999946449,3.9023437000000003
444,3,-135,-477746.72,15645.269,4,3.6240234
444,4,-120,-477748.47,15643.728,2.25,2.083007775
444,5,-105,-477749.66,15642.844,1.0599999999976717,1.1992186999999999
444,6,-90,-477750.53,15642.123,0.1899999999441206,0.47851559999999993
444,7,-75,-477750.72,15641.645,0,0
444,8,-60,-477750.2,15641.904,0.5199999999604188,0.25976559999999993
444,9,-45,-477748.94,15643.156,1.779999999969732,1.5117187
444,10,-30,-477747.38,15644.865,3.339999999967404,3.2207030999999997
444,11,-15,-477745.94,15646.104,4.779999999969732,4.4589844
444,12,0,-477745.03,15646.641,5.689999999944121,4.996093699999999
444,13,15,-477745.94,15646.105,4.779999999969732,4.460937400000001
444,14,30,-477747.38,15644.867,3.339999999967404,3.2226562000000003
444,15,45,-477748.94,15643.151,1.779999999969732,1.5068359
444,16,60,-477750.2,15641.903,0.5199999999604188,0.25878899999999994
444,17,75,-477750.72,15641.645,0,0
444,18,90,-477750.53,15642.123,0.1899999999441206,0.47851559999999993
444,19,105,-477749.66,15642.838,1.0599999999976717,1.19335934
444,20,120,-477748.47,15643.711,2.25,2.06640621
444,21,135,-477748.62,15643.793,2.099999999976717,2.14843746
444,22,150,-477749.4,15643.725,1.3199999999487773,2.08007809
444,23,165,-477750.06,15643.33,0.6599999999743886,1.68554684
444,24,180,-477750.28,15643.065,0.4399999999441206,1.4208984
445,1,-165,-449235.9,9588.338,0.5699999999487773,0.5917969999999997
445,2,-150,-449234.44,9590.006,2.029999999969732,2.2597658
445,3,-135,-449232.4,9591.547,4.069999999948777,3.8007814
445,4,-120,-449230.44,9593.26,6.029999999969732,5.513672
445,5,-105,-449228.7,9594.394,7.769999999960419,6.647461099999999
445,6,-90,-449227.53,9595.258,8.93999999994412,7.5117189
445,7,-75,-449228.34,9597.069,8.129999999946449,9.3232423
445,8,-60,-449229.06,9596.264,7.409999999974389,8.517578199999999
445,9,-45,-449228.44,9594.014,8.029999999969732,6.2675782
445,10,-30,-449229.72,9591.838,6.75,4.091797
445,11,-15,-449230.66,9590.525,5.809999999997672,2.7792969999999997
445,12,0,-449230.97,9590.049,5.5,2.3027344999999997
445,13,15,-449230.66,9590.523,5.809999999997672,2.7773438999999995
445,14,30,-449229.72,9591.838,6.75,4.091797
445,15,45,-449228.5,9594.437,7.96999999997206,6.6904297999999995
445,16,60,-449229.06,9596.262,7.409999999974389,8.5156251
445,17,75,-449228.34,9597.071,8.129999999946449,9.325195399999998
445,18,90,-449227.53,9595.258,8.93999999994412,7.5117189
445,19,105,-449228.7,9594.395,7.769999999960419,6.648437599999999
445,20,120,-449230.44,9593.259,6.029999999969732,5.51269544
445,21,135,-449232.4,9591.547,4.069999999948777,3.8007814
445,22,150,-449234.44,9590.004,2.029999999969732,2.2578126
445,23,165,-449235.9,9588.338,0.5699999999487773,0.5917969999999997
445,24,180,-449236.47,9587.746,0,0
446,1,-165,-447433.72,18232.959,0.7800000000279397,0.06640625
446,2,-150,-447434.1,18233.125,0.400000000023283,0.23242188
446,3,-135,-447434.34,18233.066,0.1599999999743886,0.17382812
446,4,-120,-447434.06,18233.158,0.4400000000023283,0.265625
446,5,-105,-447433.12,18233.768,1.3800000000046566,0.875
446,6,-90,-447431.88,18234.328,2.6199999999953434,1.4355469
446,7,-75,-447433.25,18233.545,1.25,0.65234375
446,8,-60,-447434.22,18233.049,0.2800000000279397,0.15625
446,9,-45,-447434.5,18233.037,0,0.14453125
446,10,-30,-447434.2,18233.195,0.2999999999883584,0.302734375
446,11,-15,-447433.72,18233.104,0.7800000000279397,0.2109375
446,12,0,-447433.16,18232.996,1.3400000000256114,0.10351561999999997
446,13,15,-447433.66,18232.893,0.8400000000256114,0
446,14,30,-447434.12,18233.018,0.3800000000046566,0.125
446,15,45,-447434.34,18233.072,0.1599999999743886,0.1796875
446,16,60,-447434.06,18233.102,0.4400000000023283,0.20898438
446,17,75,-447433.1,18233.63,1.400000000023283,0.73828125
446,18,90,-447431.75,18234.18,2.75,1.2871093999999998
446,19,105,-447433.3,18233.652,1.2000000000116415,0.75976562
446,20,120,-447434.22,18233.096,0.2800000000279397,0.203125
446,21,135,-447434.5,18233.023,0,0.13085938
446,22,150,-447434.25,18233.217,0.25,0.32421875
446,23,165,-447433.8,18233.184,0.7000000000116415,0.291015625
446,24,180,-447433.22,18233.016,1.2800000000279397,0.12304688000000003
447,1,-165,-297013.16,10252.925,0.0900000000256113,0.6875
447,2,-150,-297012.78,10253.795,0.4699999999720603,1.5576172000000001
447,3,-135,-297011.88,10255.111,1.3699999999953434,2.87402345
447,4,-120,-297010.44,10256.628,2.809999999997672,4.390625
447,5,-105,-297008.9,10257.821,4.349999999976717,5.5839844
447,6,-90,-297008.16,10258.342,5.090000000025611,6.1044922
447,7,-75,-297009,10257.577,4.25,5.3398437
447,8,-60,-297010.53,10256.097,2.7199999999720603,3.859375
447,9,-45,-297011.94,10254.632,1.3099999999976717,2.39453126
447,10,-30,-297012.88,10253.4375,0.3699999999953434,1.2001953
447,11,-15,-297013.22,10252.596,0.0300000000279396,0.3583985000000003
447,12,0,-297013.25,10252.237,0,0
447,13,15,-297013.22,10252.595,0.0300000000279396,0.3574219000000003
447,14,30,-297012.88,10253.4375,0.3699999999953434,1.2001953
447,15,45,-297011.94,10254.631,1.3099999999976717,2.3935547
447,16,60,-297010.53,10256.105,2.7199999999720603,3.8681641
447,17,75,-297009,10257.577,4.25,5.3398437
447,18,90,-297008.16,10258.347,5.090000000025611,6.109375
447,19,105,-297008.9,10257.828,4.349999999976717,5.590820300000001
447,20,120,-297010.44,10256.629,2.809999999997672,4.3916016
447,21,135,-297011.88,10255.117,1.3699999999953434,2.879882825
447,22,150,-297012.78,10253.798,0.4699999999720603,1.5605469
447,23,165,-297013.16,10252.925,0.0900000000256113,0.6875
447,24,180,-297013.22,10252.579,0.0300000000279396,0.3417969000000003
448,1,-165,-358805.75,12478.484,1.2199999999720603,1.82031252
448,2,-150,-358806.34,12477.906,0.629999999946449,1.24218752
448,3,-135,-358806.75,12477.316,0.2199999999720603,0.6523438
448,4,-120,-358806.94,12476.882,0.029999999969732,0.21777350000000006
448,5,-105,-358806.97,12476.664,0,0
448,6,-90,-358806.8,12476.709,0.1699999999837018,0.04492190000000007
448,7,-75,-358806.56,12477.063,0.4099999999743886,0.3994141
448,8,-60,-358806.16,12477.781,0.8099999999976717,1.11718752
448,9,-45,-358805.47,12478.542,1.5,1.8779297000000001
448,10,-30,-358804.47,12479.496,2.5,2.8320313
448,11,-15,-358803.4,12480.305,3.5699999999487773,3.640625
448,12,0,-358802.72,12480.725,4.25,4.0605469
448,13,15,-358803.4,12480.282,3.5699999999487773,3.6181641000000004
448,14,30,-358804.47,12479.458,2.5,2.7939453
448,15,45,-358805.47,12478.537,1.5,1.8730469
448,16,60,-358806.16,12477.788,0.8099999999976717,1.12402346
448,17,75,-358806.56,12477.064,0.4099999999743886,0.40039060000000015
448,18,90,-358806.8,12476.708,0.1699999999837018,0.043945300000000076
448,19,105,-358806.97,12476.671,0,0.006836000000000064
448,20,120,-358806.94,12476.877,0.029999999969732,0.21289060000000015
448,21,135,-358806.75,12477.317,0.2199999999720603,0.65332034
448,22,150,-358806.34,12477.907,0.629999999946449,1.24316409
448,23,165,-358805.75,12478.481,1.2199999999720603,1.81738284
448,24,180,-358805.06,12478.865,1.9099999999743889,2.2011719000000003
449,1,-165,-393426.53,14235.464,0.629999999946449,0.11523437999999997
449,2,-150,-393427.16,14235.379,0,0.030273439999999985
449,3,-135,-393427.03,14235.742,0.1299999999464489,0.39355469
449,4,-120,-393426.34,14236.711,0.8199999999487773,1.36230469
449,5,-105,-393425.5,14237.841,1.6599999999743886,2.4921875399999998
449,6,-90,-393425.1,14238.358,2.059999999997672,3.0097656400000004
449,7,-75,-393425.47,14237.844,1.6900000000023283,2.49511714
449,8,-60,-393426.3,14236.736,0.8599999999860302,1.38769532
449,9,-45,-393427,14235.768,0.1599999999743886,0.41894533999999994
449,10,-30,-393427.16,14235.39,0,0.04101564000000002
449,11,-15,-393426.6,14235.499,0.5599999999976717,0.15039064000000002
449,12,0,-393425.94,14235.349,1.2199999999720603,0
449,13,15,-393426.6,14235.499,0.5599999999976717,0.15039064000000002
449,14,30,-393427.16,14235.39,0,0.04101564000000002
449,15,45,-393427,14235.768,0.1599999999743886,0.41894533999999994
449,16,60,-393426.3,14236.736,0.8599999999860302,1.38769532
449,17,75,-393425.47,14237.847,1.6900000000023283,2.4980468399999998
449,18,90,-393425.1,14238.359,2.059999999997672,3.0107421399999996
449,19,105,-393425.5,14237.841,1.6599999999743886,2.4921875399999998
449,20,120,-393426.34,14236.711,0.8199999999487773,1.36230469
449,21,135,-393427.03,14235.742,0.1299999999464489,0.39355469
449,22,150,-393427.16,14235.379,0,0.030273439999999985
449,23,165,-393426.53,14235.464,0.629999999946449,0.11523437999999997
449,24,180,-393425.94,14235.349,1.2199999999720603,0
450,1,-165,-353005.78,11803.099,1.3399999999674037,0.4941406399999999
450,2,-150,-353006.97,11802.608,0.150000000023283,0.003906299999999918
450,3,-135,-353007.1,11802.707,0.0200000000186264,0.10253909999999988
450,4,-120,-353006.34,11803.642,0.779999999969732,1.037109388
450,5,-105,-353005.34,11805.273,1.779999999969732,2.6689453
450,6,-90,-353004.94,11806.292,2.179999999993015,3.6875
450,7,-75,-353005.4,11805.238,1.7199999999720603,2.6337891
450,8,-60,-353006.4,11803.631,0.7199999999720603,1.0263672
450,9,-45,-353007.12,11802.6875,0,0.08300779999999996
450,10,-30,-353006.9,11802.6045,0.2199999999720603,0
450,11,-15,-353005.72,11803.075,1.400000000023283,0.4707031399999999
450,12,0,-353004.62,11803.098,2.5,0.4931640999999999
450,13,15,-353005.72,11803.075,1.400000000023283,0.4707031399999999
450,14,30,-353006.9,11802.6045,0.2199999999720603,0
450,15,45,-353007.12,11802.6875,0,0.08300779999999996
450,16,60,-353006.4,11803.63,0.7199999999720603,1.025390638
450,17,75,-353005.4,11805.238,1.7199999999720603,2.6337891
450,18,90,-353004.94,11806.292,2.179999999993015,3.6875
450,19,105,-353005.34,11805.273,1.779999999969732,2.6689453
450,20,120,-353006.34,11803.642,0.779999999969732,1.037109388
450,21,135,-353007.1,11802.707,0.0200000000186264,0.10253909999999988
450,22,150,-353006.97,11802.608,0.150000000023283,0.003906299999999918
450,23,165,-353005.78,11803.068,1.3399999999674037,0.4638671999999999
450,24,180,-353004.62,11803.096,2.5,0.4912109499999999
451,1,-165,-539333,11097.759,4.560000000055879,3.7089844
451,2,-150,-539335.56,11096.986,2,2.9365234
451,3,-135,-539336.6,11095.337,0.9600000000791624,1.2871093999999998
451,4,-120,-539337.44,11094.185,0.1200000001117587,0.13476559999999993
451,5,-105,-539337.56,11094.056,0,0.005859399999999848
451,6,-90,-539337.06,11094.61,0.5,0.5605468999999998
451,7,-75,-539337.56,11094.05,0,0
451,8,-60,-539337.4,11094.195,0.1600000000325963,0.14550779999999985
451,9,-45,-539336.5,11095.387,1.0600000000558794,1.33691408
451,10,-30,-539335.4,11097.102,2.1600000000325963,3.0517578
451,11,-15,-539332.9,11097.759,4.660000000032596,3.7089844
451,12,0,-539332.56,11097.92,5,3.8701172
451,13,15,-539332.9,11097.759,4.660000000032596,3.7089844
451,14,30,-539335.4,11097.095,2.1600000000325963,3.0449219
451,15,45,-539336.5,11095.387,1.0600000000558794,1.33691408
451,16,60,-539337.4,11094.195,0.1600000000325963,0.14550779999999985
451,17,75,-539337.56,11094.05,0,0
451,18,90,-539337.06,11094.61,0.5,0.5605468999999998
451,19,105,-539337.56,11094.056,0,0.005859399999999848
451,20,120,-539337.44,11094.185,0.1200000001117587,0.13476559999999993
451,21,135,-539336.6,11095.334,0.9600000000791624,1.2841797
451,22,150,-539335.56,11096.985,2,2.9355469
451,23,165,-539333,11097.764,4.560000000055879,3.7138672
451,24,180,-539332.56,11097.921,5,3.8710937999999997
452,1,-165,-423605.5,13378.4375,0.1599999999743886,0.19921869999999986
452,2,-150,-423605.66,13379.037,0,0.7988280999999999
452,3,-135,-423605.34,13379.91,0.3199999999487772,1.67187498
452,4,-120,-423604.47,13380.993,1.1900000000023283,2.7548828
452,5,-105,-423603.4,13382.249,2.2599999999511056,4.0107421
452,6,-90,-423602.8,13383.01,2.85999999998603,4.7714843
452,7,-75,-423603.38,13382.293,2.279999999969732,4.0546875
452,8,-60,-423604.44,13381.0625,1.2199999999720603,2.8242187
452,9,-45,-423605.34,13379.939,0.3199999999487772,1.70117185
452,10,-30,-423605.66,13379.053,0,0.8144530999999999
452,11,-15,-423605.5,13378.473,0.1599999999743886,0.234375
452,12,0,-423605.28,13378.238,0.3799999999464489,0
452,13,15,-423605.5,13378.473,0.1599999999743886,0.234375
452,14,30,-423605.66,13379.053,0,0.8144530999999999
452,15,45,-423605.34,13379.94,0.3199999999487772,1.7021484
452,16,60,-423604.44,13381.0625,1.2199999999720603,2.8242187
452,17,75,-423603.38,13382.287,2.279999999969732,4.0488281
452,18,90,-423602.8,13383.017,2.85999999998603,4.7783203
452,19,105,-423603.4,13382.25,2.2599999999511056,4.0117187
452,20,120,-423604.47,13380.993,1.1900000000023283,2.7548828
452,21,135,-423605.34,13379.91,0.3199999999487772,1.67187498
452,22,150,-423605.66,13379.037,0,0.7988280999999999
452,23,165,-423605.5,13378.4375,0.1599999999743886,0.19921869999999986
452,24,180,-423605.28,13378.238,0.3799999999464489,0
453,1,-165,-362601.25,13679.309,0.0499999999883584,0.7255859
453,2,-150,-362600.56,13680.317,0.7399999999906868,1.73437496
453,3,-135,-362599.62,13681.285,1.679999999993015,2.7021484
453,4,-120,-362599.38,13681.904,1.9199999999837016,3.321289
453,5,-105,-362600.22,13680.619,1.080000000016298,2.03613278
453,6,-90,-362601.06,13679.263,0.2399999999906867,0.6796875
453,7,-75,-362601.22,13678.583,0.0800000000162981,0
453,8,-60,-362600.44,13679.22,0.8599999999860302,0.6367187000000001
453,9,-45,-362598.84,13681.021,2.459999999962747,2.438476525
453,10,-30,-362596.9,13683.399,4.399999999965075,4.816406199999999
453,11,-15,-362595.25,13685.404,6.049999999988359,6.821289
453,12,0,-362594.4,13686.412,6.899999999965075,7.829101400000001
453,13,15,-362595.25,13685.403,6.049999999988359,6.820312400000001
453,14,30,-362596.9,13683.401,4.399999999965075,4.8183594
453,15,45,-362598.84,13681.026,2.459999999962747,2.44335934
453,16,60,-362600.44,13679.219,0.8599999999860302,0.6357421999999999
453,17,75,-362601.22,13678.583,0.0800000000162981,0
453,18,90,-362601.06,13679.287,0.2399999999906867,0.7041014999999999
453,19,105,-362600.22,13680.616,1.080000000016298,2.0332031
453,20,120,-362599.38,13681.904,1.9199999999837016,3.321289
453,21,135,-362599.62,13681.286,1.679999999993015,2.70312496
453,22,150,-362600.56,13680.325,0.7399999999906868,1.74218746
453,23,165,-362601.25,13679.311,0.0499999999883584,0.7275389999999999
453,24,180,-362601.3,13679.262,0,0.6787109
454,1,-165,-323201.72,13427.616,0.400000000023283,0.8583985000000001
454,2,-150,-323201.22,13427.877,0.9000000000232831,1.1191407000000002
454,3,-135,-323199.75,13429.243,2.3699999999953434,2.48535161
454,4,-120,-323195.66,13434.427,6.460000000020955,7.6689454
454,5,-105,-323195.9,13433.8955,6.21999999997206,7.1376954
454,6,-90,-323197.1,13432.322,5.0200000000186265,5.5644532
454,7,-75,-323198.88,13430.487,3.2399999999906868,3.7294922
454,8,-60,-323200.47,13428.689,1.650000000023283,1.9316407
454,9,-45,-323201.47,13427.347,0.6500000000232831,0.5888672000000001
454,10,-30,-323201.9,13426.758,0.2199999999720603,0
454,11,-15,-323202.1,13426.782,0.0200000000186264,0.024414099999999994
454,12,0,-323202.1,13427.608,0.0200000000186264,0.8505860000000001
454,13,15,-323201.78,13427.802,0.3399999999674037,1.0439454000000001
454,14,30,-323201.62,13427.582,0.5,0.8242188000000001
454,15,45,-323201.06,13428.381,1.0599999999976717,1.6230469
454,16,60,-323199.66,13430.231,2.4600000000209548,3.4736328600000004
454,17,75,-323192.66,13435.048,9.460000000020957,8.2900391
454,18,90,-323194.38,13433.421,7.739999999990687,6.663086
454,19,105,-323196.84,13431.492,5.279999999969732,4.734375
454,20,120,-323199.22,13429.568,2.900000000023283,2.810546925
454,21,135,-323200.97,13428.001,1.150000000023283,1.2431641000000002
454,22,150,-323201.9,13427.24,0.2199999999720603,0.4824219000000003
454,23,165,-323202.12,13427.112,0,0.35449220000000015
454,24,180,-323201.75,13428.042,0.3699999999953434,1.2841797000000001
455,1,-165,-445922.1,17575.695,12.78000000002794,10.859375
455,2,-150,-445928.06,17569.654,6.820000000006985,4.81835935
455,3,-135,-445932.12,17566.469,2.760000000009313,1.6328124999999996
455,4,-120,-445934.16,17565.094,0.720000000030268,0.2578125999999994
455,5,-105,-445934.84,17564.836,0.0399999999790452,0
455,6,-90,-445934.88,17565.02,0,0.18359360000000002
455,7,-75,-445934.47,17565.23,0.4100000000325963,0.3945311999999994
455,8,-60,-445933.47,17565.834,1.4100000000325963,0.9980467999999996
455,9,-45,-445931.28,17567.648,3.599999999976717,2.8125
455,10,-30,-445927.4,17571.799,7.479999999981373,6.9628906
455,11,-15,-445922.72,17577.572,12.160000000032596,12.7363281
455,12,0,-445919.2,17580.385,15.679999999993017,15.5488281
455,13,15,-445924.28,17575.262,10.599999999976715,10.4257812
455,14,30,-445929.03,17569.803,5.849999999976717,4.96679685
455,15,45,-445932.5,17566.47,2.3800000000046566,1.6347655999999997
455,16,60,-445934.28,17565.117,0.5999999999767169,0.28125
455,17,75,-445934.88,17564.854,0,0.017578099999999708
455,18,90,-445934.88,17565.014,0,0.1777343999999994
455,19,105,-445934.4,17565.223,0.4799999999813735,0.3867186
455,20,120,-445933.28,17565.87,1.599999999976717,1.0332030999999997
455,21,135,-445930.66,17567.854,4.220000000030268,3.0175780999999997
455,22,150,-445926.03,17572.605,8.849999999976717,7.769531199999999
455,23,165,-445918.78,17576.209,16.099999999976717,11.373046800000001
455,24,180,-445916.84,17580.018,18.039999999979045,15.1816406
456,1,-165,-536672.2,14658.983,0.5,0.4609374000000006
456,2,-150,-536670.75,14660.397,1.9499999999534336,1.875
456,3,-135,-536668.7,14662.779,4,4.2568359000000004
456,4,-120,-536666.25,14666.201,6.449999999953434,7.6787109000000004
456,5,-105,-536663.8,14670.108,8.899999999906868,11.5859374
456,6,-90,-536662.3,14671.543,10.399999999906868,13.0205078
456,7,-75,-536662.25,14668.918,10.449999999953434,10.3955078
456,8,-60,-536663.3,14665.298,9.399999999906868,6.775390600000001
456,9,-45,-536664.3,14663.2,8.399999999906868,4.6777343
456,10,-30,-536664.5,14662.531,8.199999999953434,4.008789
456,11,-15,-536664.06,14662.655,8.639999999897555,4.132812400000001
456,12,0,-536663.7,14663.003,9,4.4804687
456,13,15,-536664.06,14662.666,8.639999999897555,4.1435546
456,14,30,-536664.5,14662.521,8.199999999953434,3.9990234000000004
456,15,45,-536664.3,14663.202,8.399999999906868,4.679687400000001
456,16,60,-536663.3,14665.303,9.399999999906868,6.7802734000000004
456,17,75,-536662.25,14668.923,10.449999999953434,10.400390600000001
456,18,90,-536662.3,14671.55,10.399999999906868,13.0273437
456,19,105,-536663.8,14670.108,8.899999999906868,11.5859374
456,20,120,-536666.25,14666.191,6.449999999953434,7.668945300000001
456,21,135,-536668.7,14662.781,4,4.258789
456,22,150,-536670.75,14660.397,1.9499999999534336,1.875
456,23,165,-536672.2,14658.981,0.5,0.4589842000000006
456,24,180,-536672.7,14658.522,0,0
457,1,-165,-274982.66,7728.185,6.900000000023283,3.978027344
457,2,-150,-274981.9,7729.928,7.659999999974389,5.7211914
457,3,-135,-274981.03,7731.1675,8.529999999969732,6.960449199999999
457,4,-120,-274984.44,7730.796,5.119999999995343,6.5888672
457,5,-105,-274986.6,7728.54,2.9600000000209548,4.3330078
457,6,-90,-274988.5,7725.9844,1.0599999999976717,1.7773436999999999
457,7,-75,-274989.56,7724.3164,0,0.109375
457,8,-60,-274989,7724.2173,0.5599999999976717,0.010253899999999927
457,9,-45,-274987.06,7725.8325,2.5,1.6254883000000002
457,10,-30,-274982.34,7727.9307,7.21999999997206,3.7236328
457,11,-15,-274983.2,7731.6826,6.35999999998603,7.4755859000000004
457,12,0,-274983.28,7732.6704,6.279999999969732,8.4633789
457,13,15,-274983.2,7731.681,6.35999999998603,7.4741211
457,14,30,-274982.34,7727.927,7.21999999997206,3.71972656
457,15,45,-274987.06,7725.7715,2.5,1.5644531000000002
457,16,60,-274989,7724.207,0.5599999999976717,0
457,17,75,-274989.56,7724.3154,0,0.10839849999999984
457,18,90,-274988.5,7725.9844,1.0599999999976717,1.7773436999999999
457,19,105,-274986.6,7728.5747,2.9600000000209548,4.36767578
457,20,120,-274984.44,7730.7954,5.119999999995343,6.5883789
457,21,135,-274981.03,7731.1807,8.529999999969732,6.9736328
457,22,150,-274981.9,7729.9463,7.659999999974389,5.7392578
457,23,165,-274982.66,7728.174,6.900000000023283,3.966796875
457,24,180,-274982.8,7727.3438,6.760000000009313,3.13671875
458,1,-165,-608569.6,13398.994,2.099999999976717,1.22167968
458,2,-150,-608571.1,13397.974,0.5999999999767169,0.20117185999999998
458,3,-135,-608571.7,13397.799,0,0.026367199999999924
458,4,-120,-608571.4,13398.327,0.2999999999301508,0.5546875
458,5,-105,-608570.75,13399.092,0.949999999953434,1.3193359199999999
458,6,-90,-608570.4,13399.456,1.2999999999301508,1.68359374
458,7,-75,-608570.75,13399.106,0.949999999953434,1.33398436
458,8,-60,-608571.4,13398.342,0.2999999999301508,0.5693359199999999
458,9,-45,-608571.7,13397.772,0,0
458,10,-30,-608571,13397.971,0.6999999999534339,0.19824219999999992
458,11,-15,-608569.44,13399.022,2.260000000009313,1.25
458,12,0,-608567.56,13399.24,4.1399999998975545,1.4677734
458,13,15,-608569.44,13399.022,2.260000000009313,1.25
458,14,30,-608571,13397.97,0.6999999999534339,0.19726559999999993
458,15,45,-608571.7,13397.772,0,0
458,16,60,-608571.4,13398.342,0.2999999999301508,0.5693359199999999
458,17,75,-608570.75,13399.1045,0.949999999953434,1.33203124
458,18,90,-608570.4,13399.456,1.2999999999301508,1.68359374
458,19,105,-608570.75,13399.092,0.949999999953434,1.3193359199999999
458,20,120,-608571.4,13398.327,0.2999999999301508,0.5546875
458,21,135,-608571.7,13397.798,0,0.02539059999999993
458,22,150,-608571.1,13397.974,0.5999999999767169,0.20117185999999998
458,23,165,-608569.6,13398.994,2.099999999976717,1.22167968
458,24,180,-608567.6,13399.772,4.099999999976717,2
459,1,-165,-367218.6,13240.838,1.7800000000279397,0.078125
459,2,-150,-367218.5,13241.139,1.8800000000046568,0.37890625
459,3,-135,-367218.25,13241.659,2.1300000000046566,0.8994140500000001
459,4,-120,-367218.72,13242.185,1.6600000000325963,1.42480469
459,5,-105,-367219.38,13241.847,1,1.08691405
459,6,-90,-367220.03,13241.294,0.3499999999767169,0.53417969
459,7,-75,-367220.38,13240.8955,0,0.13574218999999998
459,8,-60,-367220.28,13240.761,0.0999999999767169,0.000976549999999965
459,9,-45,-367219.5,13240.897,0.8800000000046566,0.13769531000000002
459,10,-30,-367218.3,13241.44,2.080000000016298,0.680664062
459,11,-15,-367217.12,13242.136,3.260000000009313,1.3759765499999999
459,12,0,-367216.5,13242.407,3.8800000000046566,1.64746095
459,13,15,-367217.12,13242.124,3.260000000009313,1.36425781
459,14,30,-367218.3,13241.439,2.080000000016298,0.6796875
459,15,45,-367219.5,13240.917,0.8800000000046566,0.15722655000000002
459,16,60,-367220.28,13240.76,0.0999999999767169,0
459,17,75,-367220.38,13240.896,0,0.13671875
459,18,90,-367220.03,13241.294,0.3499999999767169,0.53417969
459,19,105,-367219.38,13241.847,1,1.08691405
459,20,120,-367218.72,13242.186,1.6600000000325963,1.42578125
459,21,135,-367218.25,13241.791,2.1300000000046566,1.03125
459,22,150,-367218.5,13241.137,1.8800000000046568,0.37695313
459,23,165,-367218.6,13240.84,1.7800000000279397,0.08007814999999996
459,24,180,-367218.28,13240.961,2.099999999976717,0.20117186999999997
460,1,-165,-467697.34,16110.954,0.7199999999720603,0.23242190000000007
460,2,-150,-467696.88,16111.702,1.179999999993015,0.98046875
460,3,-135,-467696,16112.915,2.059999999997672,2.19335938
460,4,-120,-467694.9,16114.114,3.1599999999743886,3.3925780999999997
460,5,-105,-467694.06,16114.711,4,3.9892578
460,6,-90,-467693.97,16114.54,4.090000000025611,3.8183594000000003
460,7,-75,-467694.78,16113.981,3.279999999969732,3.2597655999999997
460,8,-60,-467696.03,16113.259,2.029999999969732,2.5371094
460,9,-45,-467697.1,16112.415,0.9600000000209548,1.69335938
460,10,-30,-467697.72,16111.599,0.3400000000256113,0.8769530999999999
460,11,-15,-467698,16111.043,0.0599999999976716,0.3212891
460,12,0,-467698.06,16110.846,0,0.1240234
460,13,15,-467698,16111.043,0.0599999999976716,0.3212891
460,14,30,-467697.72,16111.601,0.3400000000256113,0.8789062999999999
460,15,45,-467697.1,16112.415,0.9600000000209548,1.69335938
460,16,60,-467696.03,16113.258,2.029999999969732,2.5361328
460,17,75,-467694.78,16113.972,3.279999999969732,3.25
460,18,90,-467693.97,16114.54,4.090000000025611,3.8183594000000003
460,19,105,-467694.06,16114.711,4,3.9892578
460,20,120,-467694.9,16114.113,3.1599999999743886,3.3916016
460,21,135,-467696,16112.915,2.059999999997672,2.19335938
460,22,150,-467696.88,16111.702,1.179999999993015,0.98046875
460,23,165,-467697.34,16110.954,0.7199999999720603,0.23242190000000007
460,24,180,-467697.47,16110.722,0.5900000000256114,0
461,1,-165,-417468.75,14365.027,0.8499999999767169,1.120117175
461,2,-150,-417469.44,14364.096,0.1599999999743886,0.18847655000000008
461,3,-135,-417469.56,14363.921,0.0399999999790452,0.01367190000000007
461,4,-120,-417469.1,14364.531,0.5,0.6240234200000001
461,5,-105,-417469.03,14365.769,0.5699999999487773,1.8613281000000002
461,6,-90,-417468.3,14366.177,1.2999999999883585,2.2695312000000003
461,7,-75,-417469.16,14365.72,0.4400000000023283,1.8125
461,8,-60,-417469.2,14364.462,0.3999999999650754,0.5546875
461,9,-45,-417469.6,14363.907,0,0
461,10,-30,-417469.4,14364.174,0.1999999999534338,0.2666015500000001
461,11,-15,-417468.62,14365.136,0.9799999999813735,1.22851561
461,12,0,-417467.84,14366.38,1.7599999999511056,2.4726562000000003
461,13,15,-417468.62,14365.134,0.9799999999813735,1.22656249
461,14,30,-417469.4,14364.182,0.1999999999534338,0.2744140500000001
461,15,45,-417469.6,14363.908,0,0.0009765000000001578
461,16,60,-417469.2,14364.462,0.3999999999650754,0.5546875
461,17,75,-417469.16,14365.722,0.4400000000023283,1.8144531000000002
461,18,90,-417468.38,14366.245,1.2199999999720603,2.3378906
461,19,105,-417469,14365.732,0.5999999999767169,1.8251953
461,20,120,-417469.1,14364.5205,0.5,0.6132812400000001
461,21,135,-417469.56,14363.918,0.0399999999790452,0.010742200000000146
461,22,150,-417469.5,14364.107,0.0999999999767169,0.20019530000000008
461,23,165,-417468.72,14364.911,0.8800000000046566,1.0039062380000001
461,24,180,-417467.84,14366.29,1.7599999999511056,2.3828125
462,1,-165,-299391.1,10048.118,0.1000000000349246,0.2109375
462,2,-150,-299390.7,10048.727,0.5,0.8193359600000001
462,3,-135,-299389.78,10049.642,1.419999999983702,1.734375025
462,4,-120,-299388.44,10050.662,2.760000000009313,2.75488284
462,5,-105,-299387.1,10051.346,4.100000000034925,3.4384766
462,6,-90,-299386.47,10051.41,4.730000000039581,3.5029297
462,7,-75,-299387.1,10051.315,4.100000000034925,3.4082031
462,8,-60,-299388.4,10050.628,2.7999999999883585,2.7207031500000003
462,9,-45,-299389.72,10049.618,1.4800000000395812,1.710937525
462,10,-30,-299390.66,10048.72,0.5400000000372529,0.8125000000000001
462,11,-15,-299391.1,10048.124,0.1000000000349246,0.21679690000000007
462,12,0,-299391.2,10047.912,0,0.004882800000000076
462,13,15,-299391.1,10048.124,0.1000000000349246,0.21679690000000007
462,14,30,-299390.66,10048.72,0.5400000000372529,0.8125000000000001
462,15,45,-299389.72,10049.621,1.4800000000395812,1.71386721
462,16,60,-299388.4,10050.636,2.7999999999883585,2.7285156500000003
462,17,75,-299387.1,10051.315,4.100000000034925,3.4082031
462,18,90,-299386.47,10051.41,4.730000000039581,3.5029297
462,19,105,-299387.1,10051.346,4.100000000034925,3.4384766
462,20,120,-299388.44,10050.663,2.760000000009313,2.7558594000000003
462,21,135,-299389.78,10049.645,1.419999999983702,1.737304712
462,22,150,-299390.7,10048.7295,0.5,0.8222656500000001
462,23,165,-299391.1,10048.118,0.1000000000349246,0.2109375
462,24,180,-299391.2,10047.907,0,0
463,1,-165,-444421.47,15840.572,3.330000000016298,2.54980464
463,2,-150,-444423.78,15838.836,1.0199999999604188,0.813476565
463,3,-135,-444424.78,15838.035,0.0199999999604187,0.012695339999999944
463,4,-120,-444424.7,15838.057,0.0999999999767169,0.034179689999999985
463,5,-105,-444424.2,15838.373,0.5999999999767169,0.35058594
463,6,-90,-444423.88,15838.531,0.919999999983702,0.50878906
463,7,-75,-444424.16,15838.363,0.6400000000139698,0.34082033999999994
463,8,-60,-444424.66,15838.051,0.1400000000139698,0.028320339999999944
463,9,-45,-444424.8,15838.022,0,0
463,10,-30,-444423.9,15838.776,0.8999999999650754,0.75390625
463,11,-15,-444421.75,15840.434,3.0499999999883585,2.41113284
463,12,0,-444419.06,15841.249,5.739999999990687,3.2265624400000004
463,13,15,-444421.75,15840.434,3.0499999999883585,2.41113284
463,14,30,-444423.9,15838.776,0.8999999999650754,0.75390625
463,15,45,-444424.8,15838.022,0,0
463,16,60,-444424.66,15838.05,0.1400000000139698,0.02734373999999995
463,17,75,-444424.16,15838.363,0.6400000000139698,0.34082033999999994
463,18,90,-444423.88,15838.531,0.919999999983702,0.50878906
463,19,105,-444424.2,15838.373,0.5999999999767169,0.35058594
463,20,120,-444424.7,15838.057,0.0999999999767169,0.034179689999999985
463,21,135,-444424.78,15838.035,0.0199999999604187,0.012695339999999944
463,22,150,-444423.78,15838.836,1.0199999999604188,0.813476565
463,23,165,-444421.47,15840.572,3.330000000016298,2.54980464
463,24,180,-444419.06,15841.251,5.739999999990687,3.2285156400000004
464,1,-165,-403499.66,13931.469,0.370000000053551,0.34375
464,2,-150,-403498.47,13932.519,1.5600000000558794,1.3935546
464,3,-135,-403496.6,13934.184,3.4300000000512227,3.0585937
464,4,-120,-403494.16,13936.129,5.870000000053551,5.0039062
464,5,-105,-403491.6,13937.861,8.430000000051223,6.7363281
464,6,-90,-403489.72,13937.684,10.31000000005588,6.558593699999999
464,7,-75,-403491.66,13938.062,8.370000000053551,6.9365234000000004
464,8,-60,-403494.28,13936.263,5.75,5.1376953
464,9,-45,-403496.72,13934.187,3.31000000005588,3.0615234
464,10,-30,-403498.56,13932.485,1.470000000030268,1.3603515
464,11,-15,-403499.66,13931.456,0.370000000053551,0.33105459999999987
464,12,0,-403500.03,13931.128,0,0.0029295999999998656
464,13,15,-403499.66,13931.456,0.370000000053551,0.33105459999999987
464,14,30,-403498.56,13932.485,1.470000000030268,1.3603515
464,15,45,-403496.72,13934.187,3.31000000005588,3.0615234
464,16,60,-403494.28,13936.257,5.75,5.1318359000000004
464,17,75,-403491.66,13938.064,8.370000000053551,6.9394531
464,18,90,-403489.72,13937.687,10.31000000005588,6.5615234000000004
464,19,105,-403491.6,13937.858,8.430000000051223,6.7333984000000004
464,20,120,-403494.16,13936.129,5.870000000053551,5.0039062
464,21,135,-403496.6,13934.182,3.4300000000512227,3.0566406
464,22,150,-403498.47,13932.519,1.5600000000558794,1.3935546
464,23,165,-403499.66,13931.47,0.370000000053551,0.34472650000000016
464,24,180,-403500.03,13931.125,0,0
465,1,-165,-368868.8,12213.439,0.5800000000162981,0.14355469999999992
465,2,-150,-368868.94,12214.492,0.4400000000023283,1.196289025
465,3,-135,-368868.94,12213.305,0.4400000000023283,0.008788999999999936
465,4,-120,-368868.53,12214.703,0.8499999999767169,1.40722652
465,5,-105,-368868.97,12214.052,0.4100000000325963,0.75585934
465,6,-90,-368869.38,12213.704,0,0.40820310000000004
465,7,-75,-368869.38,12213.703,0,0.40722650000000005
465,8,-60,-368869.16,12213.648,0.2200000000302679,0.35253900000000005
465,9,-45,-368868.34,12214.315,1.0399999999790452,1.01953121
465,10,-30,-368867.1,12215.521,2.28000000002794,2.2255859
465,11,-15,-368865.7,12216.929,3.679999999993015,3.6328125
465,12,0,-368864.66,12217.901,4.720000000030268,4.605468699999999
465,13,15,-368865.7,12216.928,3.679999999993015,3.6318359
465,14,30,-368867.1,12215.525,2.28000000002794,2.2294921
465,15,45,-368868.34,12214.319,1.0399999999790452,1.02343746
465,16,60,-368869.16,12213.649,0.2200000000302679,0.35351560000000004
465,17,75,-368869.38,12213.709,0,0.4130859
465,18,90,-368869.38,12213.718,0,0.42187496
465,19,105,-368868.97,12214.046,0.4100000000325963,0.74999996
465,20,120,-368868.53,12214.703,0.8499999999767169,1.40722652
465,21,135,-368868.94,12213.296,0.4400000000023283,0
465,22,150,-368868.94,12214.492,0.4400000000023283,1.196289025
465,23,165,-368868.8,12213.437,0.5800000000162981,0.140625
465,24,180,-368869.25,12213.455,0.1300000000046566,0.15917969999999992
466,1,-165,-422004.8,16142.535,1.320000000006985,1.8818359
466,2,-150,-422004.4,16143.085,1.7199999999720603,2.43164059
466,3,-135,-422003.94,16143.448,2.179999999993015,2.7949218399999998
466,4,-120,-422004.22,16143.439,1.900000000023283,2.7861328
466,5,-105,-422004.75,16142.63,1.3699999999953434,1.97656246
466,6,-90,-422004.2,16141.408,1.9199999999837016,0.7548828000000001
466,7,-75,-422004.3,16140.862,1.820000000006985,0.20898439999999985
466,8,-60,-422004.97,16141.196,1.150000000023283,0.5429687000000001
466,9,-45,-422003.9,16142.709,2.2199999999720603,2.05566402
466,10,-30,-422002.44,16144.39,3.679999999993015,3.7363280999999997
466,11,-15,-422001.22,16145.785,4.900000000023283,5.1318359000000004
466,12,0,-422000.72,16146.257,5.400000000023283,5.6035156
466,13,15,-422000.97,16145.715,5.150000000023283,5.0615234000000004
466,14,30,-422001.8,16144.333,4.320000000006985,3.6796875
466,15,45,-422003.9,16142.733,2.2199999999720603,2.08007809
466,16,60,-422003.94,16141.464,2.179999999993015,0.8105468
466,17,75,-422004.5,16141.088,1.6199999999953434,0.4345703000000001
466,18,90,-422005.5,16141.233,0.6199999999953434,0.5800780999999999
466,19,105,-422004.75,16142.605,1.3699999999953434,1.9521484
466,20,120,-422004.22,16143.446,1.900000000023283,2.7929687
466,21,135,-422003.94,16143.447,2.179999999993015,2.7939453
466,22,150,-422004.4,16143.078,1.7199999999720603,2.42480465
466,23,165,-422004.8,16142.508,1.320000000006985,1.85449215
466,24,180,-422006.12,16140.653,0,0
467,1,-165,-360957.25,14913.6455,0,0.06738280000000008
467,2,-150,-360957.16,14913.578,0.0900000000256113,0
467,3,-135,-360956.9,14913.73,0.3499999999767169,0.15234379999999992
467,4,-120,-360956.34,14914.214,0.9099999999743886,0.6357422
467,5,-105,-360956.06,14914.832,1.1900000000023283,1.25390625
467,6,-90,-360956.72,14914.342,0.5300000000279397,0.76367188
467,7,-75,-360957.06,14914.019,0.1900000000023283,0.44042970000000004
467,8,-60,-360956.88,14914.129,0.3699999999953434,0.55078125
467,9,-45,-360956.38,14914.652,0.8699999999953434,1.07421875
467,10,-30,-360955.2,14915.878,2.0499999999883585,2.2998047
467,11,-15,-360953.9,14917.536,3.349999999976717,3.9580078
467,12,0,-360953,14918.651,4.25,5.0732422
467,13,15,-360953.9,14917.536,3.349999999976717,3.9580078
467,14,30,-360955.2,14915.877,2.0499999999883585,2.2988280999999997
467,15,45,-360956.38,14914.653,0.8699999999953434,1.07519531
467,16,60,-360956.88,14914.124,0.3699999999953434,0.54589844
467,17,75,-360957.06,14914.02,0.1900000000023283,0.44140625
467,18,90,-360956.72,14914.342,0.5300000000279397,0.76367188
467,19,105,-360956.06,14914.832,1.1900000000023283,1.25390625
467,20,120,-360956.34,14914.214,0.9099999999743886,0.6357422
467,21,135,-360956.9,14913.7295,0.3499999999767169,0.15136719999999992
467,22,150,-360957.16,14913.578,0.0900000000256113,0
467,23,165,-360957.25,14913.6455,0,0.06738280000000008
467,24,180,-360957.1,14913.865,0.150000000023283,0.28710939999999996
468,1,-165,-296992.78,10308.907,0.1199999999953433,0.09082030000000008
468,2,-150,-296992.9,10309.22,0,0.4033203000000001
468,3,-135,-296992.5,10309.992,0.400000000023283,1.1757812
468,4,-120,-296991.66,10311.178,1.2400000000488944,2.3613281
468,5,-105,-296990.72,10312.377,2.1800000000512227,3.5605468
468,6,-90,-296990.3,10312.896,2.6000000000349246,4.0800781
468,7,-75,-296990.72,10312.369,2.1800000000512227,3.5527343
468,8,-60,-296991.62,10311.198,1.2800000000279397,2.3818359
468,9,-45,-296992.5,10310.003,0.400000000023283,1.1865234
468,10,-30,-296992.9,10309.224,0,0.40722649999999994
468,11,-15,-296992.78,10308.91,0.1199999999953433,0.09375
468,12,0,-296992.62,10308.818,0.2800000000279397,0.00195309999999993
468,13,15,-296992.78,10308.91,0.1199999999953433,0.09375
468,14,30,-296992.9,10309.224,0,0.40722649999999994
468,15,45,-296992.5,10310.005,0.400000000023283,1.18847652
468,16,60,-296991.62,10311.197,1.2800000000279397,2.3808593399999998
468,17,75,-296990.72,10312.371,2.1800000000512227,3.5546875
468,18,90,-296990.3,10312.896,2.6000000000349246,4.0800781
468,19,105,-296990.72,10312.377,2.1800000000512227,3.5605468
468,20,120,-296991.66,10311.178,1.2400000000488944,2.3613281
468,21,135,-296992.5,10309.983,0.400000000023283,1.16699215
468,22,150,-296992.9,10309.22,0,0.4033203000000001
468,23,165,-296992.78,10308.907,0.1199999999953433,0.09082030000000008
468,24,180,-296992.62,10308.816,0.2800000000279397,0
469,1,-165,-512144.6,9305.071,0.0599999999976716,0.12109370000000008
469,2,-150,-512144.25,9305.55,0.4099999999743886,0.5996094000000001
469,3,-135,-512143.53,9306.481,1.129999999946449,1.53124999
469,4,-120,-512142.4,9307.626,2.2599999999511056,2.67578124
469,5,-105,-512141.28,9308.567,3.379999999946449,3.6171875
469,6,-90,-512140.8,9308.982,3.85999999998603,4.0322265
469,7,-75,-512141.28,9308.56,3.379999999946449,3.609375
469,8,-60,-512142.44,9307.65,2.2199999999720603,2.7001953
469,9,-45,-512143.56,9306.49,1.099999999976717,1.54003905
469,10,-30,-512144.28,9305.545,0.3799999999464489,0.5947265000000002
469,11,-15,-512144.6,9305.07,0.0599999999976716,0.12011720000000015
469,12,0,-512144.66,9304.95,0,0
469,13,15,-512144.6,9305.07,0.0599999999976716,0.12011720000000015
469,14,30,-512144.28,9305.545,0.3799999999464489,0.5947265000000002
469,15,45,-512143.56,9306.492,1.099999999976717,1.54199218
469,16,60,-512142.44,9307.65,2.2199999999720603,2.7001953
469,17,75,-512141.28,9308.56,3.379999999946449,3.609375
469,18,90,-512140.8,9308.982,3.85999999998603,4.0322265
469,19,105,-512141.28,9308.567,3.379999999946449,3.6171875
469,20,120,-512142.4,9307.626,2.2599999999511056,2.67578124
469,21,135,-512143.53,9306.481,1.129999999946449,1.53124999
469,22,150,-512144.25,9305.55,0.4099999999743886,0.5996094000000001
469,23,165,-512144.6,9305.071,0.0599999999976716,0.12109370000000008
469,24,180,-512144.66,9304.95,0,0
470,1,-165,-321679.6,11769.7,0.4300000000512227,1.5302734
470,2,-150,-321679.7,11769.474,0.3300000000162981,1.3037109
470,3,-135,-321679.7,11769.1045,0.3300000000162981,0.9345702880000001
470,4,-120,-321679.72,11768.699,0.3100000000558793,0.52929685
470,5,-105,-321679.9,11768.368,0.1300000000046566,0.19824216000000006
470,6,-90,-321680.03,11768.197,0,0.027343700000000082
470,7,-75,-321679.88,11768.17,0.150000000023283,0
470,8,-60,-321679.34,11768.397,0.6900000000023283,0.22753904000000003
470,9,-45,-321678.56,11769.24,1.470000000030268,1.0703124750000002
470,10,-30,-321677.66,11770.08,2.370000000053551,1.9101562
470,11,-15,-321676.88,11770.365,3.150000000023283,2.1953125
470,12,0,-321676.56,11770.346,3.470000000030268,2.1757812
470,13,15,-321676.88,11770.366,3.150000000023283,2.196289
470,14,30,-321677.66,11770.08,2.370000000053551,1.9101562
470,15,45,-321678.56,11769.24,1.470000000030268,1.0703124750000002
470,16,60,-321679.34,11768.395,0.6900000000023283,0.22460935000000004
470,17,75,-321679.88,11768.172,0.150000000023283,0.001953100000000041
470,18,90,-321680.03,11768.198,0,0.028320300000000076
470,19,105,-321679.9,11768.373,0.1300000000046566,0.203125
470,20,120,-321679.72,11768.699,0.3100000000558793,0.52929685
470,21,135,-321679.7,11769.105,0.3300000000162981,0.93554685
470,22,150,-321679.7,11769.476,0.3300000000162981,1.30566404
470,23,165,-321679.6,11769.7,0.4300000000512227,1.5302734
470,24,180,-321679.5,11769.784,0.5300000000279397,1.6142578
471,1,-165,-454611.2,15306.009,0.4599999999627471,0.22949219999999992
471,2,-150,-454610.6,15305.779,1.0599999999976717,0
471,3,-135,-454609.7,15306.119,1.959999999962747,0.3398437000000001
471,4,-120,-454610.03,15308.889,1.629999999946449,3.109375
471,5,-105,-454608.25,15310.287,3.4099999999743886,4.5078125
471,6,-90,-454607,15310.367,4.659999999974389,4.5878906
471,7,-75,-454608.38,15310.253,3.279999999969732,4.4736328
471,8,-60,-454610.1,15308.868,1.5599999999976717,3.0888672
471,9,-45,-454609.84,15306.094,1.8199999999487773,0.31445309999999993
471,10,-30,-454610.66,15305.917,1,0.13769530000000008
471,11,-15,-454611.22,15306.046,0.4400000000023283,0.2666016
471,12,0,-454611.66,15306.376,0,0.5966796999999999
471,13,15,-454611.22,15306.046,0.4400000000023283,0.2666016
471,14,30,-454610.7,15305.8,0.9599999999627472,0.020507800000000076
471,15,45,-454609.84,15306.088,1.8199999999487773,0.3085937000000001
471,16,60,-454610.12,15308.842,1.5399999999790452,3.0625
471,17,75,-454608.38,15310.283,3.279999999969732,4.503906300000001
471,18,90,-454607,15310.356,4.659999999974389,4.5771485
471,19,105,-454608.25,15310.29,3.4099999999743886,4.5107422
471,20,120,-454610.03,15308.893,1.629999999946449,3.1132812999999997
471,21,135,-454609.7,15306.119,1.959999999962747,0.3398437000000001
471,22,150,-454610.56,15305.903,1.099999999976717,0.1240234
471,23,165,-454611.2,15306.011,0.4599999999627471,0.23144530000000008
471,24,180,-454611.66,15306.351,0,0.5712891
472,1,-165,-453586.5,17463.242,0.2000000000116415,0.578125
472,2,-150,-453585.94,17464.666,0.7600000000093132,2.0019532
472,3,-135,-453584.84,17466.373,1.8599999999860304,3.7089844
472,4,-120,-453583.34,17467.959,3.35999999998603,5.2949219
472,5,-105,-453582.03,17469.188,4.669999999983702,6.5234375
472,6,-90,-453581.47,17469.795,5.230000000039581,7.1308594
472,7,-75,-453582,17469.375,4.7000000000116415,6.7109375
472,8,-60,-453583.34,17468.1,3.35999999998603,5.4355469
472,9,-45,-453584.78,17466.502,1.9199999999837016,3.83789065
472,10,-30,-453585.84,17464.89,0.8599999999860302,2.2265625
472,11,-15,-453586.38,17463.582,0.3200000000069849,0.9179687999999997
472,12,0,-453586.53,17463.049,0.1699999999837018,0.3847655999999997
472,13,15,-453586.4,17463.594,0.2999999999883584,0.9296875
472,14,30,-453585.88,17464.916,0.8200000000069849,2.2519532
472,15,45,-453584.84,17466.527,1.8599999999860304,3.86328128
472,16,60,-453583.4,17468.121,3.2999999999883585,5.4570313
472,17,75,-453582.1,17469.383,4.600000000034925,6.71875
472,18,90,-453581.56,17469.805,5.14000000001397,7.140625
472,19,105,-453582.12,17469.217,4.580000000016298,6.5527344
472,20,120,-453583.47,17467.996,3.230000000039581,5.3320313
472,21,135,-453584.9,17466.404,1.7999999999883585,3.7402344
472,22,150,-453586,17464.691,0.7000000000116415,2.0273437999999997
472,23,165,-453586.53,17463.258,0.1699999999837018,0.59375
472,24,180,-453586.7,17462.664,0,0
473,1,-165,-372666.88,13200.315,0.279999999969732,1.8076172
473,2,-150,-372667.12,13199.449,0.0399999999790452,0.9414062599999999
473,3,-135,-372667.16,13199.059,0,0.5507812999999999
473,4,-120,-372667.12,13198.969,0.0399999999790452,0.4609375
473,5,-105,-372667.1,13198.862,0.0599999999976716,0.3544921999999999
473,6,-90,-372667.06,13198.635,0.0999999999767169,0.12695309999999993
473,7,-75,-372666.84,13198.508,0.3199999999487772,0
473,8,-60,-372666.06,13198.927,1.099999999976717,0.41894529999999985
473,9,-45,-372664.72,13200.182,2.4400000000023283,1.67382814
473,10,-30,-372663.03,13202.231,4.129999999946449,3.7236328
473,11,-15,-372661.4,13204.436,5.759999999951106,5.9277344
473,12,0,-372660.7,13205.501,6.459999999962747,6.9931641
473,13,15,-372661.5,13204.51,5.659999999974389,6.0019531
473,14,30,-372663.06,13202.564,4.099999999976717,4.0566407
473,15,45,-372664.7,13200.631,2.459999999962747,2.12304689
473,16,60,-372665.94,13199.448,1.2199999999720603,0.9404296999999999
473,17,75,-372666.7,13199.031,0.4599999999627471,0.5234375
473,18,90,-372666.9,13199.144,0.2599999999511055,0.6357421999999999
473,19,105,-372666.9,13199.36,0.2599999999511055,0.8525391
473,20,120,-372666.97,13199.482,0.1900000000023283,0.9746094
473,21,135,-372667.03,13199.594,0.1299999999464489,1.0859375
473,22,150,-372667.03,13199.97,0.1299999999464489,1.46191408
473,23,165,-372666.84,13200.656,0.3199999999487772,2.14843751
473,24,180,-372666.66,13201.286,0.5,2.7783203
474,1,-165,-431143.1,12506.132,0.2000000000116415,0.3300782
474,2,-150,-431142.4,12506.948,0.8999999999650754,1.1464844
474,3,-135,-431141.38,12507.864,1.9199999999837016,2.0625000250000003
474,4,-120,-431140.25,12508.546,3.0499999999883585,2.7441406500000003
474,5,-105,-431139.4,12509.001,3.8999999999650754,3.1992188
474,6,-90,-431139.2,12509.051,4.099999999976717,3.2490235
474,7,-75,-431139.75,12508.68,3.5499999999883585,2.8779297
474,8,-60,-431140.75,12507.998,2.5499999999883585,2.1962891
474,9,-45,-431141.62,12507.381,1.679999999993015,1.5791016
474,10,-30,-431142.1,12507.128,1.2000000000116415,1.3261719
474,11,-15,-431142.2,12507.024,1.099999999976717,1.2226563000000001
474,12,0,-431141.97,12508.576,1.330000000016298,2.7744141
474,13,15,-431142.2,12507.026,1.099999999976717,1.2246094
474,14,30,-431142.1,12507.106,1.2000000000116415,1.3046875
474,15,45,-431141.62,12507.381,1.679999999993015,1.5791016
474,16,60,-431140.75,12508.003,2.5499999999883585,2.2011719000000003
474,17,75,-431139.75,12508.677,3.5499999999883585,2.875
474,18,90,-431139.2,12509.05,4.099999999976717,3.2480469000000003
474,19,105,-431139.4,12509.002,3.8999999999650754,3.2001953
474,20,120,-431140.25,12508.545,3.0499999999883585,2.7431641
474,21,135,-431141.38,12507.858,1.9199999999837016,2.0566406500000003
474,22,150,-431142.38,12506.944,0.919999999983702,1.14257815
474,23,165,-431143.1,12506.134,0.2000000000116415,0.33203130000000014
474,24,180,-431143.3,12505.802,0,0
475,1,-165,-272486.28,8356.669,0.6199999999953434,0.5458984999999998
475,2,-150,-272484.6,8358.065,2.300000000046566,1.9423829
475,3,-135,-272482.38,8359.802,4.5200000000186265,3.678711
475,4,-120,-272480.3,8361.758,6.600000000034925,5.6347657
475,5,-105,-272478.78,8363.094,8.119999999995343,6.9707032
475,6,-90,-272478.22,8363.658,8.680000000051223,7.5351563
475,7,-75,-272478.94,8363.2,7.960000000020955,7.0771485
475,8,-60,-272480.6,8361.816,6.300000000046566,5.6933594
475,9,-45,-272482.66,8359.763,4.240000000048894,3.6396485
475,10,-30,-272484.75,8357.965,2.150000000023283,1.8417968999999998
475,11,-15,-272486.34,8356.638,0.5599999999976717,0.5146484999999998
475,12,0,-272486.9,8356.123,0,0
475,13,15,-272486.34,8356.639,0.5599999999976717,0.515625
475,14,30,-272484.75,8357.962,2.150000000023283,1.8388672
475,15,45,-272482.66,8359.761,4.240000000048894,3.637695375
475,16,60,-272480.6,8361.822,6.300000000046566,5.6992188
475,17,75,-272478.94,8363.2,7.960000000020955,7.0771485
475,18,90,-272478.22,8363.658,8.680000000051223,7.5351563
475,19,105,-272478.78,8363.093,8.119999999995343,6.9697265999999996
475,20,120,-272480.3,8361.758,6.600000000034925,5.6347657
475,21,135,-272482.38,8359.81,4.5200000000186265,3.6865235
475,22,150,-272484.6,8358.068,2.300000000046566,1.9453125999999998
475,23,165,-272486.28,8356.669,0.6199999999953434,0.5458984999999998
475,24,180,-272486.9,8356.127,0,0.003906299999999696
476,1,-165,-598505.44,13620.729,1.2600000000093132,1.71386715
476,2,-150,-598506.4,13619.841,0.2999999999301508,0.82617184
476,3,-135,-598506.44,13620.092,0.2600000000093132,1.0771484
476,4,-120,-598505.94,13621.152,0.7600000000093132,2.1376953
476,5,-105,-598505.44,13622.032,1.2600000000093132,3.0175780999999997
476,6,-90,-598505.3,13621.9375,1.3999999999068675,2.9228515
476,7,-75,-598505.8,13620.751,0.8999999999068677,1.7363281
476,8,-60,-598506.56,13619.519,0.1399999998975545,0.5039062
476,9,-45,-598506.7,13619.015,0,0
476,10,-30,-598506.06,13619.356,0.6399999998975545,0.3417968
476,11,-15,-598504.8,13620.154,1.899999999906868,1.1396484
476,12,0,-598504,13620.53,2.699999999953434,1.515624962
476,13,15,-598504.8,13620.154,1.899999999906868,1.1396484
476,14,30,-598506.06,13619.356,0.6399999998975545,0.3417968
476,15,45,-598506.7,13619.015,0,0
476,16,60,-598506.56,13619.518,0.1399999998975545,0.50292965
476,17,75,-598505.8,13620.751,0.8999999999068677,1.7363281
476,18,90,-598505.3,13621.9375,1.3999999999068675,2.9228515
476,19,105,-598505.44,13622.032,1.2600000000093132,3.0175780999999997
476,20,120,-598505.94,13621.148,0.7600000000093132,2.133789
476,21,135,-598506.44,13620.091,0.2600000000093132,1.07617184
476,22,150,-598506.4,13619.841,0.2999999999301508,0.82617184
476,23,165,-598505.44,13620.73,1.2600000000093132,1.71582028
476,24,180,-598503.7,13622.055,3,3.040039
477,1,-165,-311616.9,11956.125,0.0399999999790452,0.002929660000000056
477,2,-150,-311616.94,11956.122,0,0
477,3,-135,-311616.4,11956.657,0.5399999999790452,0.5351562599999999
477,4,-120,-311615.3,11957.492,1.6400000000139698,1.37011718
477,5,-105,-311614.3,11958.297,2.64000000001397,2.17480466
477,6,-90,-311613.9,11958.758,3.039999999979045,2.63574216
477,7,-75,-311614.34,11958.313,2.599999999976717,2.19140626
477,8,-60,-311615.3,11957.521,1.6400000000139698,1.39941406
477,9,-45,-311616.38,11956.668,0.5599999999976717,0.54589844
477,10,-30,-311616.94,11956.126,0,0.00390626000000005
477,11,-15,-311616.9,11956.127,0.0399999999790452,0.004882810000000015
477,12,0,-311616.72,11956.247,0.2200000000302679,0.125
477,13,15,-311616.9,11956.127,0.0399999999790452,0.004882810000000015
477,14,30,-311616.94,11956.126,0,0.00390626000000005
477,15,45,-311616.38,11956.668,0.5599999999976717,0.54589844
477,16,60,-311615.3,11957.522,1.6400000000139698,1.40039062
477,17,75,-311614.34,11958.303,2.599999999976717,2.18066406
477,18,90,-311613.9,11958.758,3.039999999979045,2.63574216
477,19,105,-311614.3,11958.297,2.64000000001397,2.17480466
477,20,120,-311615.3,11957.493,1.6400000000139698,1.37109376
477,21,135,-311616.4,11956.657,0.5399999999790452,0.5351562599999999
477,22,150,-311616.94,11956.122,0,0
477,23,165,-311616.9,11956.125,0.0399999999790452,0.002929660000000056
477,24,180,-311616.72,11956.247,0.2200000000302679,0.125
478,1,-165,-418838.3,16356.949,1.1400000000139698,0.41796880000000003
478,2,-150,-418839.4,16356.532,0.0399999999790452,0.0009765999999999941
478,3,-135,-418839.44,16356.9375,0,0.4062500000000001
478,4,-120,-418838.7,16357.777,0.7399999999906868,1.24609378
478,5,-105,-418837.8,16358.737,1.6400000000139698,2.2060547
478,6,-90,-418837.34,16359.352,2.099999999976717,2.8203125
478,7,-75,-418837.8,16358.72,1.6400000000139698,2.1884766
478,8,-60,-418838.66,16357.787,0.7800000000279397,1.2558594
478,9,-45,-418839.4,16356.958,0.0399999999790452,0.42675784000000005
478,10,-30,-418839.44,16356.542,0,0.010742200000000146
478,11,-15,-418838.3,16356.978,1.1400000000139698,0.4462891000000001
478,12,0,-418836.28,16357.949,3.1599999999743886,1.41796878
478,13,15,-418838.3,16356.975,1.1400000000139698,0.44335940000000007
478,14,30,-418839.44,16356.542,0,0.010742200000000146
478,15,45,-418839.4,16356.954,0.0399999999790452,0.4228516000000001
478,16,60,-418838.66,16357.787,0.7800000000279397,1.2558594
478,17,75,-418837.8,16358.721,1.6400000000139698,2.1894532
478,18,90,-418837.34,16359.352,2.099999999976717,2.8203125
478,19,105,-418837.8,16358.732,1.6400000000139698,2.2011719000000003
478,20,120,-418838.7,16357.774,0.7399999999906868,1.24316409
478,21,135,-418839.44,16356.939,0,0.40820315000000007
478,22,150,-418839.4,16356.531,0.0399999999790452,0
478,23,165,-418838.3,16356.947,1.1400000000139698,0.41601565000000007
478,24,180,-418836.34,16357.913,3.099999999976717,1.38183596
479,1,-165,-372673.84,13169.628,0,0.05078120000000008
479,2,-150,-372673.4,13169.58,0.4400000000023283,0.0029296000000000877
479,3,-135,-372672.72,13170.032,1.120000000053551,0.45507810000000004
479,4,-120,-372671.97,13170.531,1.870000000053551,0.9541015100000001
479,5,-105,-372671.38,13170.477,2.4600000000209548,0.8994140100000001
479,6,-90,-372670.97,13170.071,2.870000000053551,0.49414060000000004
479,7,-75,-372670.62,13169.725,3.220000000030268,0.14746090000000012
479,8,-60,-372670,13169.811,3.8400000000256114,0.23339840000000012
479,9,-45,-372668.94,13170.503,4.900000000023283,0.9257812000000001
479,10,-30,-372667.56,13171.915,6.28000000002794,2.3378906
479,11,-15,-372666.22,13173.49,7.620000000053551,3.9130859000000004
479,12,0,-372665.6,13174.269,8.240000000048894,4.6914062
479,13,15,-372666.22,13173.486,7.620000000053551,3.9091796
479,14,30,-372667.56,13171.89,6.28000000002794,2.3125
479,15,45,-372668.94,13170.499,4.900000000023283,0.9218749500000001
479,16,60,-372670,13169.8125,3.8400000000256114,0.23535150000000005
479,17,75,-372670.62,13169.726,3.220000000030268,0.14843745000000008
479,18,90,-372670.97,13170.068,2.870000000053551,0.4912109000000001
479,19,105,-372671.38,13170.484,2.4600000000209548,0.9072265100000001
479,20,120,-372671.97,13170.529,1.870000000053551,0.9521483900000001
479,21,135,-372672.72,13170.032,1.120000000053551,0.45507810000000004
479,22,150,-372673.4,13169.577,0.4400000000023283,0
479,23,165,-372673.84,13169.628,0,0.05078120000000008
479,24,180,-372673.84,13170.074,0,0.4970702600000001
480,1,-165,-382608.8,16521.682,0.3200000000069849,0.8222655000000003
480,2,-150,-382607.53,16522.346,1.5899999999674037,1.4863280000000003
480,3,-135,-382605.22,16523.883,3.900000000023283,3.0234374000000006
480,4,-120,-382594.34,16533.334,14.779999999969732,12.474609000000001
480,5,-105,-382595.78,16531.885,13.339999999967404,11.0253905
480,6,-90,-382597.9,16529.408,11.21999999997206,8.548828
480,7,-75,-382600.3,16526.701,8.820000000006985,5.8417968
480,8,-60,-382602.5,16524.105,6.619999999995343,3.2460936
480,9,-45,-382604.22,16522.186,4.900000000023283,1.3261718000000005
480,10,-30,-382605.28,16521.227,3.839999999967404,0.3671874000000006
480,11,-15,-382605.75,16521.162,3.3699999999953434,0.3027342000000006
480,12,0,-382605.75,16521.592,3.3699999999953434,0.7324218000000005
480,13,15,-382605.47,16521.457,3.650000000023283,0.5976561000000005
480,14,30,-382604.47,16522.125,4.650000000023283,1.2656249000000002
480,15,45,-382603.4,16523.178,5.71999999997206,2.3183592
480,16,60,-382601.84,16525.166,7.279999999969732,4.3066405
480,17,75,-382599.72,16527.842,9.400000000023285,6.982421800000001
480,18,90,-382597.28,16530.814,11.839999999967404,9.955078
480,19,105,-382595.2,16533.084,13.919999999983702,12.2246092
480,20,120,-382593.88,16534.428,15.239999999990689,13.568359000000001
480,21,135,-382602.94,16523.363,6.179999999993015,2.5039061
480,22,150,-382604.44,16522.285,4.679999999993015,1.4257811000000005
480,23,165,-382605.97,16520.86,3.150000000023283,0
480,24,180,-382609.12,16521.902,0,1.0429686000000005
481,1,-165,-607114.6,8407.243,2.839999999967404,3.3730468
481,2,-150,-607115.2,8406.633,2.2399999999906868,2.7626953
481,3,-135,-607116,8405.917,1.4399999999441206,2.04687498
481,4,-120,-607116.8,8404.902,0.6399999998975545,1.03222654
481,5,-105,-607117.3,8404.049,0.1399999998975545,0.1787109
481,6,-90,-607117.44,8403.87,0,0
481,7,-75,-607117.2,8404.057,0.2399999999906867,0.1865234
481,8,-60,-607116.56,8404.79,0.8799999998882413,0.9199218499999999
481,9,-45,-607115.8,8405.858,1.6399999998975543,1.98828122
481,10,-30,-607115.06,8406.674,2.3799999998882413,2.8037109
481,11,-15,-607114.56,8407.256,2.8799999998882413,3.3857422
481,12,0,-607114.3,8407.426,3.1399999998975545,3.555664
481,13,15,-607114.56,8407.256,2.8799999998882413,3.3857422
481,14,30,-607115.06,8406.674,2.3799999998882413,2.8037109
481,15,45,-607115.8,8405.858,1.6399999998975543,1.98828122
481,16,60,-607116.56,8404.795,0.8799999998882413,0.92480466
481,17,75,-607117.2,8404.057,0.2399999999906867,0.1865234
481,18,90,-607117.44,8403.87,0,0
481,19,105,-607117.3,8404.048,0.1399999998975545,0.17773439999999985
481,20,120,-607116.8,8404.901,0.6399999998975545,1.03125
481,21,135,-607116,8405.917,1.4399999999441206,2.04687498
481,22,150,-607115.2,8406.633,2.2399999999906868,2.7626953
481,23,165,-607114.6,8407.243,2.839999999967404,3.3730468
481,24,180,-607114.3,8407.429,3.1399999998975545,3.5585937
482,1,-165,-444520.22,15595.985,4.580000000016298,2.9980469
482,2,-150,-444524.8,15592.987,0,0
482,3,-135,-444524.2,15594.368,0.5999999999767169,1.3808594
482,4,-120,-444524.38,15595.107,0.4199999999837018,2.1201172
482,5,-105,-444523.94,15597.383,0.8599999999860302,4.3955078
482,6,-90,-444523.62,15599.082,1.179999999993015,6.0947265
482,7,-75,-444523.88,15597.754,0.919999999983702,4.7666015
482,8,-60,-444524.34,15595.33,0.4599999999627471,2.34277344
482,9,-45,-444524.25,15594.073,0.5499999999883585,1.0859375
482,10,-30,-444522.9,15594.272,1.8999999999650756,1.2851563
482,11,-15,-444520.38,15595.185,4.419999999983702,2.19726562
482,12,0,-444519.1,15593.029,5.7000000000116415,0.041992200000000146
482,13,15,-444520.38,15595.278,4.419999999983702,2.29101562
482,14,30,-444522.9,15594.268,1.8999999999650756,1.2802734
482,15,45,-444524.25,15594.116,0.5499999999883585,1.1289063
482,16,60,-444524.34,15595.33,0.4599999999627471,2.34277344
482,17,75,-444523.88,15597.755,0.919999999983702,4.7675781
482,18,90,-444523.62,15599.082,1.179999999993015,6.0947265
482,19,105,-444523.94,15597.424,0.8599999999860302,4.4365234000000004
482,20,120,-444524.38,15595.11,0.4199999999837018,2.12304688
482,21,135,-444524.2,15594.369,0.5999999999767169,1.3818359
482,22,150,-444522.88,15594.972,1.9199999999837016,1.984375
482,23,165,-444520.22,15595.969,4.580000000016298,2.9814453
482,24,180,-444518.97,15593.242,5.830000000016298,0.25488279999999985
483,1,-165,-392771.75,13667.154,0,0.14648440000000007
483,2,-150,-392771.16,13667.559,0.5900000000256114,0.5507812000000001
483,3,-135,-392770.12,13668.021,1.6300000000046566,1.0136718999999998
483,4,-120,-392768.84,13668.561,2.9099999999743886,1.552734375
483,5,-105,-392767.72,13669.241,4.03000000002794,2.23339844
483,6,-90,-392767.22,13669.749,4.53000000002794,2.7412109
483,7,-75,-392767.7,13670.007,4.049999999988359,2.9990234
483,8,-60,-392768.7,13669.898,3.0499999999883585,2.890625
483,9,-45,-392769.7,13669.5205,2.0499999999883585,2.5126953
483,10,-30,-392770.34,13668.916,1.4099999999743886,1.90820312
483,11,-15,-392770.62,13668.123,1.1300000000046566,1.1152343999999998
483,12,0,-392770.72,13667.648,1.0300000000279397,0.640625
483,13,15,-392770.72,13668.025,1.0300000000279397,1.0175781000000002
483,14,30,-392770.4,13668.8,1.349999999976717,1.79199219
483,15,45,-392769.72,13669.465,2.03000000002794,2.45703125
483,16,60,-392768.72,13669.918,3.03000000002794,2.9101562000000003
483,17,75,-392767.72,13670.026,4.03000000002794,3.0185547
483,18,90,-392767.25,13669.759,4.5,2.7509766
483,19,105,-392767.62,13669.184,4.130000000004657,2.17578125
483,20,120,-392768.5,13668.466,3.25,1.45800781
483,21,135,-392769.56,13667.995,2.1900000000023283,0.9873047
483,22,150,-392770.53,13667.6455,1.2199999999720603,0.6376953000000001
483,23,165,-392771.3,13667.252,0.4500000000116415,0.24414059999999993
483,24,180,-392771.75,13667.008,0,0
484,1,-165,-407284.97,14985.347,0.3300000000162981,0.4511718
484,2,-150,-407283.9,14986.59,1.3999999999650754,1.6943359
484,3,-135,-407282.12,14988.45,3.179999999993015,3.5546874600000002
484,4,-120,-407279.94,14990.679,5.35999999998603,5.7832031
484,5,-105,-407278,14992.884,7.2999999999883585,7.988281199999999
484,6,-90,-407277.16,14993.966,8.14000000001397,9.0703124
484,7,-75,-407277.97,14992.908,7.330000000016298,8.0126954
484,8,-60,-407279.94,14990.68,5.35999999998603,5.7841796
484,9,-45,-407282.12,14988.419,3.179999999993015,3.5234374600000002
484,10,-30,-407283.9,14986.57,1.3999999999650754,1.6748045999999999
484,11,-15,-407284.97,14985.345,0.3300000000162981,0.44921869999999986
484,12,0,-407285.3,14984.8955,0,0
484,13,15,-407284.97,14985.345,0.3300000000162981,0.44921869999999986
484,14,30,-407283.9,14986.573,1.3999999999650754,1.6777343999999998
484,15,45,-407282.12,14988.415,3.179999999993015,3.5195312
484,16,60,-407279.94,14990.682,5.35999999998603,5.7861328
484,17,75,-407277.97,14992.908,7.330000000016298,8.0126954
484,18,90,-407277.16,14993.965,8.14000000001397,9.0693359
484,19,105,-407278,14992.882,7.2999999999883585,7.9863281
484,20,120,-407279.94,14990.68,5.35999999998603,5.7841796
484,21,135,-407282.12,14988.45,3.179999999993015,3.5546874600000002
484,22,150,-407283.9,14986.59,1.3999999999650754,1.6943359
484,23,165,-407284.97,14985.345,0.3300000000162981,0.44921869999999986
484,24,180,-407285.3,14984.898,0,0.0029295999999998656
485,1,-165,-540199.1,18471.594,5.150000000023283,1.8476561999999999
485,2,-150,-540200,18471.348,4.25,1.6015624499999999
485,3,-135,-540200.06,18472.236,4.189999999944121,2.490234325
485,4,-120,-540199.7,18473.824,4.550000000046566,4.078125
485,5,-105,-540199.3,18475.076,4.949999999953434,5.3300781
485,6,-90,-540199.75,18474.973,4.5,5.2265624
485,7,-75,-540201.25,18473.611,3,3.8652343
485,8,-60,-540203,18471.91,1.25,2.16406245
485,9,-45,-540204.06,18470.385,0.1899999999441206,0.6386717999999998
485,10,-30,-540204.25,18469.762,0,0.015625
485,11,-15,-540203.75,18470.297,0.5,0.5507811999999999
485,12,0,-540202.8,18471.646,1.449999999953434,1.9003905999999997
485,13,15,-540203.75,18470.303,0.5,0.5566405999999999
485,14,30,-540204.25,18469.746,0,0
485,15,45,-540204.06,18470.385,0.1899999999441206,0.6386717999999998
485,16,60,-540203,18471.912,1.25,2.16601558
485,17,75,-540201.25,18473.611,3,3.8652343
485,18,90,-540199.75,18474.973,4.5,5.2265624
485,19,105,-540199.3,18475.078,4.949999999953434,5.332031199999999
485,20,120,-540199.7,18473.822,4.550000000046566,4.0761718
485,21,135,-540200.06,18472.236,4.189999999944121,2.490234325
485,22,150,-540200,18471.346,4.25,1.5996093
485,23,165,-540199.1,18471.604,5.150000000023283,1.8574218
485,24,180,-540197.7,18472.684,6.550000000046566,2.93749995
486,1,-165,-382130,11967.49,15.75,5.2353515999999996
486,2,-150,-382131.22,11966.607,14.53000000002794,4.3525390999999996
486,3,-135,-382131.66,11965.692,14.090000000025611,3.43750002
486,4,-120,-382131.44,11964.866,14.309999999997672,2.61132815
486,5,-105,-382131.1,11964.7705,14.650000000023285,2.515625
486,6,-90,-382131.6,11965.16,14.150000000023285,2.9052734599999996
486,7,-75,-382133.5,11965.3,12.25,3.0449219
486,8,-60,-382136.6,11965.388,9.150000000023285,3.132812525
486,9,-45,-382140.1,11965.381,5.650000000023283,3.12597659
486,10,-30,-382143.1,11964.447,2.650000000023283,2.1923828399999996
486,11,-15,-382145.06,11963.003,0.6900000000023283,0.7480468999999998
486,12,0,-382145.75,11962.255,0,0
486,13,15,-382145.06,11963.007,0.6900000000023283,0.7519530999999997
486,14,30,-382143.1,11964.457,2.650000000023283,2.20214846
486,15,45,-382140.1,11965.385,5.650000000023283,3.12988284
486,16,60,-382136.6,11965.424,9.150000000023285,3.16894534
486,17,75,-382133.5,11965.216,12.25,2.960937525
486,18,90,-382131.6,11965.162,14.150000000023285,2.90722659
486,19,105,-382131.1,11964.769,14.650000000023285,2.5136719
486,20,120,-382131.44,11964.865,14.309999999997672,2.6103516
486,21,135,-382131.66,11965.692,14.090000000025611,3.43750002
486,22,150,-382131.22,11966.599,14.53000000002794,4.34375
486,23,165,-382130,11967.49,15.75,5.2353515999999996
486,24,180,-382128,11968.741,17.75,6.4863281
487,1,-165,-488504.94,15790.039,1.179999999993015,0.3242187000000001
487,2,-150,-488504.88,15790.584,1.2399999999906868,0.8691405999999999
487,3,-135,-488504.38,15791.872,1.7399999999906868,2.15722652
487,4,-120,-488503.62,15793.261,2.5,3.5458984
487,5,-105,-488503.12,15793.938,3,4.2236328
487,6,-90,-488502.8,15793.763,3.320000000006985,4.0478515
487,7,-75,-488504,15792.708,2.1199999999953434,2.993164
487,8,-60,-488505.38,15791.296,0.7399999999906868,1.58105465
487,9,-45,-488506.12,15790.209,0,0.49414059999999993
487,10,-30,-488503.56,15792.059,2.559999999997672,2.3437499600000002
487,11,-15,-488504.12,15791.132,2,1.41699215
487,12,0,-488504.8,15790.293,1.320000000006985,0.578125
487,13,15,-488505.56,15789.729,0.5599999999976717,0.013671800000000012
487,14,30,-488506.06,15789.715,0.0599999999976716,0
487,15,45,-488506.12,15790.213,0,0.4980468
487,16,60,-488505.38,15791.294,0.7399999999906868,1.57910152
487,17,75,-488504,15792.706,2.1199999999953434,2.9912109
487,18,90,-488500.16,15795.324,5.960000000020955,5.609375
487,19,105,-488503.12,15793.928,3,4.2128906
487,20,120,-488503.62,15793.258,2.5,3.5429687000000003
487,21,135,-488504.38,15791.875,1.7399999999906868,2.16015621
487,22,150,-488503.28,15791.309,2.839999999967404,1.59374996
487,23,165,-488502.88,15790.686,3.2399999999906868,0.9707030999999999
487,24,180,-488504.28,15790.295,1.839999999967404,0.5800780999999999
488,1,-165,-371154.5,14236.318,0.75,1.410156275
488,2,-150,-371153.28,14238.024,1.9699999999720603,3.116211
488,3,-135,-371152.3,14240.282,2.950000000011641,5.3740234000000004
488,4,-120,-371153.56,14235.545,1.6900000000023283,0.6367188
488,5,-105,-371154.3,14235.449,0.9500000000116416,0.5410156500000001
488,6,-90,-371154.3,14235.621,0.9500000000116416,0.7128906500000001
488,7,-75,-371153.6,14236.027,1.650000000023283,1.11914065
488,8,-60,-371152.28,14237.075,2.9699999999720603,2.1669922
488,9,-45,-371153.62,14235.949,1.6300000000046566,1.04101565
488,10,-30,-371154.3,14235.592,0.9500000000116416,0.6835938
488,11,-15,-371154.3,14235.471,0.9500000000116416,0.5625000000000001
488,12,0,-371153.6,14235.611,1.650000000023283,0.7031250000000001
488,13,15,-371152.2,14240.499,3.0499999999883585,5.5908204
488,14,30,-371153.1,14238.412,2.150000000023283,3.5039062999999997
488,15,45,-371154.4,14236.295,0.8499999999767169,1.386718775
488,16,60,-371155.22,14235.044,0.0300000000279396,0.13574220000000015
488,17,75,-371155.25,14234.958,0,0.049804700000000146
488,18,90,-371154.3,14235.476,0.9500000000116416,0.56738284
488,19,105,-371152.97,14236.266,2.28000000002794,1.3574219
488,20,120,-371151.47,14237.378,3.78000000002794,2.4697266
488,21,135,-371152.8,14236.127,2.450000000011641,1.21875002
488,22,150,-371154.25,14235.378,1,0.4697266000000001
488,23,165,-371155.22,14234.908,0.0300000000279396,0
488,24,180,-371155.25,14235.102,0,0.19335940000000007
489,1,-165,-604752.4,12049.181,0.1600000000325963,0.04296879999999992
489,2,-150,-604751.7,12049.466,0.8600000001024455,0.328125
489,3,-135,-604750.7,12050.186,1.8600000001024453,1.0478516
489,4,-120,-604749.44,12051.275,3.1200000001117587,2.13769535
489,5,-105,-604748.3,12052.375,4.260000000009313,3.2373047
489,6,-90,-604747.8,12052.9,4.760000000009313,3.7626954
489,7,-75,-604748.3,12052.396,4.260000000009313,3.2587891
489,8,-60,-604749.5,12051.298,3.06000000005588,2.1601563
489,9,-45,-604750.8,12050.202,1.7600000000093132,1.06445316
489,10,-30,-604751.75,12049.475,0.8100000000558794,0.3369141
489,11,-15,-604752.4,12049.1875,0.1600000000325963,0.049804699999999924
489,12,0,-604752.56,12049.139,0,0.0009765999999999941
489,13,15,-604752.4,12049.1875,0.1600000000325963,0.049804699999999924
489,14,30,-604751.75,12049.475,0.8100000000558794,0.3369141
489,15,45,-604750.8,12050.202,1.7600000000093132,1.06445316
489,16,60,-604749.5,12051.298,3.06000000005588,2.1601563
489,17,75,-604748.3,12052.396,4.260000000009313,3.2587891
489,18,90,-604747.8,12052.9,4.760000000009313,3.7626954
489,19,105,-604748.3,12052.393,4.260000000009313,3.2548828
489,20,120,-604749.44,12051.275,3.1200000001117587,2.13769535
489,21,135,-604750.7,12050.1875,1.8600000001024453,1.04980472
489,22,150,-604751.7,12049.466,0.8600000001024455,0.328125
489,23,165,-604752.4,12049.181,0.1600000000325963,0.04296879999999992
489,24,180,-604752.56,12049.138,0,0
490,1,-165,-324092.38,11576.417,0.3200000000069849,0.390625
490,2,-150,-324091.4,11577.482,1.2999999999883585,1.4560547000000001
490,3,-135,-324089.88,11578.983,2.820000000006985,2.95703126
490,4,-120,-324088,11580.652,4.7000000000116415,4.6259766
490,5,-105,-324086.2,11582.052,6.5,6.0253906
490,6,-90,-324085.4,11582.649,7.2999999999883585,6.6230469
490,7,-75,-324086.16,11582.022,6.540000000037253,5.996093800000001
490,8,-60,-324087.88,11580.611,4.820000000006985,4.584961
490,9,-45,-324089.78,11578.965,2.919999999983702,2.93847658
490,10,-30,-324091.38,11577.477,1.320000000006985,1.4501953
490,11,-15,-324092.34,11576.415,0.3599999999860301,0.3886719000000003
490,12,0,-324092.7,11576.026,0,0
490,13,15,-324092.34,11576.415,0.3599999999860301,0.3886719000000003
490,14,30,-324091.38,11577.477,1.320000000006985,1.4501953
490,15,45,-324089.78,11578.965,2.919999999983702,2.93847658
490,16,60,-324087.88,11580.611,4.820000000006985,4.584961
490,17,75,-324086.16,11582.021,6.540000000037253,5.9951172
490,18,90,-324085.4,11582.649,7.2999999999883585,6.6230469
490,19,105,-324086.2,11582.052,6.5,6.0253906
490,20,120,-324088,11580.652,4.7000000000116415,4.6259766
490,21,135,-324089.88,11578.983,2.820000000006985,2.95703126
490,22,150,-324091.4,11577.482,1.2999999999883585,1.4560547000000001
490,23,165,-324092.38,11576.417,0.3200000000069849,0.390625
490,24,180,-324092.7,11576.026,0,0
491,1,-165,-393540.06,14682.416,0.1599999999743886,0.1777343
491,2,-150,-393539.34,14682.938,0.879999999946449,0.7001953000000001
491,3,-135,-393538.2,14683.569,2.019999999960419,1.33105464
491,4,-120,-393536.8,14684.215,3.419999999983702,1.97656245
491,5,-105,-393535.7,14684.803,4.519999999960419,2.5644531
491,6,-90,-393535.25,14685.163,4.96999999997206,2.9248046
491,7,-75,-393535.8,14685.442,4.419999999983702,3.2041015
491,8,-60,-393536.9,14685.434,3.3199999999487773,3.1953124
491,9,-45,-393537.94,14685.082,2.279999999969732,2.8437499500000003
491,10,-30,-393538.6,14684.441,1.6199999999953434,2.2031249500000003
491,11,-15,-393538.84,14683.572,1.379999999946449,1.3339843
491,12,0,-393538.94,14683.031,1.279999999969732,0.7929687000000001
491,13,15,-393538.94,14683.605,1.279999999969732,1.36718745
491,14,30,-393538.66,14684.481,1.5599999999976717,2.243164
491,15,45,-393537.94,14685.179,2.279999999969732,2.9404296
491,16,60,-393536.9,14685.492,3.3199999999487773,3.2539062000000003
491,17,75,-393535.88,14685.461,4.339999999967404,3.2226562000000003
491,18,90,-393535.38,14685.155,4.839999999967404,2.9169921
491,19,105,-393535.75,14684.733,4.46999999997206,2.49511714
491,20,120,-393536.72,14684.097,3.5,1.8583983880000001
491,21,135,-393537.9,14683.52,2.3199999999487773,1.28124995
491,22,150,-393539,14682.998,1.2199999999720603,0.7597656000000002
491,23,165,-393539.8,14682.494,0.4199999999837018,0.2558593
491,24,180,-393540.22,14682.238,0,0
492,1,-165,-445919.25,16669.297,0.4500000000116415,0.4140625
492,2,-150,-445918.53,16670.418,1.169999999983702,1.5351561999999999
492,3,-135,-445917.47,16671.918,2.230000000039581,3.03515625
492,4,-120,-445915.94,16673.79,3.760000000009313,4.90625
492,5,-105,-445914.34,16675.893,5.35999999998603,7.0097656
492,6,-90,-445913.56,16677.064,6.14000000001397,8.1816406
492,7,-75,-445914.16,16676.184,5.540000000037253,7.300781199999999
492,8,-60,-445915.75,16674.32,3.9500000000116415,5.4375
492,9,-45,-445917.56,16672.32,2.14000000001397,3.4375
492,10,-30,-445918.97,16670.545,0.7300000000395812,1.6621094
492,11,-15,-445919.66,16669.34,0.0400000000372529,0.45703119999999986
492,12,0,-445919.7,16668.889,0,0.005859399999999848
492,13,15,-445919.28,16669.291,0.4199999999837018,0.40820310000000015
492,14,30,-445918.6,16670.393,1.1000000000349246,1.5097656000000002
492,15,45,-445917.6,16671.912,2.1000000000349246,3.0292969
492,16,60,-445916.12,16673.85,3.580000000016298,4.9667969
492,17,75,-445914.56,16675.914,5.14000000001397,7.03125
492,18,90,-445913.56,16677.06,6.14000000001397,8.1777344
492,19,105,-445914.12,16676.182,5.580000000016298,7.2988281
492,20,120,-445915.72,16674.266,3.980000000039581,5.3828125
492,21,135,-445917.56,16672.273,2.14000000001397,3.390625
492,22,150,-445918.97,16670.488,0.7300000000395812,1.6054688000000001
492,23,165,-445919.66,16669.342,0.0400000000372529,0.45898439999999985
492,24,180,-445919.7,16668.883,0,0
493,1,-165,-418214.56,15175.679,1.0599999999976717,0.984375
493,2,-150,-418213.97,15176.448,1.650000000023283,1.7539062
493,3,-135,-418212.28,15178.575,3.339999999967404,3.8808593
493,4,-120,-418213.38,15177.645,2.2399999999906868,2.9501953
493,5,-105,-418214.47,15176.885,1.150000000023283,2.19042965
493,6,-90,-418215.4,15175.775,0.2199999999720603,1.08105465
493,7,-75,-418215.4,15174.694,0.2199999999720603,0
493,8,-60,-418214.72,15175.053,0.9000000000232831,0.3583984
493,9,-45,-418213.44,15176.273,2.179999999993015,1.57910152
493,10,-30,-418211.75,15177.809,3.869999999995344,3.1142578
493,11,-15,-418210.22,15178.927,5.400000000023283,4.2324218
493,12,0,-418209.2,15179.363,6.419999999983702,4.6689453
493,13,15,-418210.22,15178.94,5.400000000023283,4.246093699999999
493,14,30,-418211.75,15177.801,3.869999999995344,3.1064453
493,15,45,-418213.44,15176.216,2.179999999993015,1.52148434
493,16,60,-418214.72,15175.057,0.9000000000232831,0.3623046000000001
493,17,75,-418215.62,15175.034,0,0.3398437000000001
493,18,90,-418215.4,15175.775,0.2199999999720603,1.08105465
493,19,105,-418214.5,15176.847,1.1199999999953434,2.15234371
493,20,120,-418213.38,15177.645,2.2399999999906868,2.9501953
493,21,135,-418212.28,15178.576,3.339999999967404,3.8818359
493,22,150,-418213.97,15176.449,1.650000000023283,1.75488278
493,23,165,-418214.56,15175.693,1.0599999999976717,0.9990234
493,24,180,-418214.94,15175.318,0.6799999999930151,0.6240234
494,1,-165,-332500.66,12327.701,0.620000000053551,0.7695312400000001
494,2,-150,-332501.12,12328.411,0.1600000000325963,1.47949218
494,3,-135,-332501.28,12328.405,0,1.4736328
494,4,-120,-332501.06,12328.157,0.2200000000302679,1.225585925
494,5,-105,-332500.66,12328.24,0.620000000053551,1.30859374
494,6,-90,-332500.38,12328.442,0.9000000000232831,1.51074218
494,7,-75,-332500.6,12328.217,0.6800000000512227,1.28515624
494,8,-60,-332501,12328.223,0.2800000000279397,1.29101561
494,9,-45,-332501.28,12328.399,0,1.46777342
494,10,-30,-332501.16,12328.311,0.120000000053551,1.37890624
494,11,-15,-332500.72,12327.661,0.5600000000558794,0.72949218
494,12,0,-332500.28,12326.932,1,0
494,13,15,-332500.72,12327.665,0.5600000000558794,0.7333984200000001
494,14,30,-332501.16,12328.3125,0.120000000053551,1.38085936
494,15,45,-332501.28,12328.399,0,1.46777342
494,16,60,-332501,12328.223,0.2800000000279397,1.29101561
494,17,75,-332500.6,12328.217,0.6800000000512227,1.28515624
494,18,90,-332500.38,12328.443,0.9000000000232831,1.51171874
494,19,105,-332500.66,12328.243,0.620000000053551,1.31152342
494,20,120,-332501.06,12328.157,0.2200000000302679,1.225585925
494,21,135,-332501.28,12328.406,0,1.47460936
494,22,150,-332501.12,12328.411,0.1600000000325963,1.47949218
494,23,165,-332500.66,12327.7,0.620000000053551,0.76855468
494,24,180,-332500.28,12326.936,1,0.003906200000000082
495,1,-165,-297991,8677.902,2.1199999999953434,0.8613281500000001
495,2,-150,-297990.53,8678.386,2.589999999967404,1.3447266
495,3,-135,-297989.7,8678.673,3.419999999983702,1.631835962
495,4,-120,-297988.56,8678.749,4.559999999997672,1.70800784
495,5,-105,-297987.47,8678.955,5.650000000023283,1.91406252
495,6,-90,-297986.97,8679.469,6.150000000023283,2.4277344000000003
495,7,-75,-297987.5,8679.858,5.619999999995343,2.8173828
495,8,-60,-297988.84,8679.761,4.279999999969732,2.7197266
495,9,-45,-297990.47,8679.115,2.650000000023283,2.0742187800000003
495,10,-30,-297991.88,8678.1875,1.2399999999906868,1.1464844
495,11,-15,-297992.78,8677.374,0.3399999999674037,0.3330078000000001
495,12,0,-297993.12,8677.041,0,0
495,13,15,-297992.78,8677.375,0.3399999999674037,0.33398440000000007
495,14,30,-297991.88,8678.1875,1.2399999999906868,1.1464844
495,15,45,-297990.47,8679.116,2.650000000023283,2.07519534
495,16,60,-297988.84,8679.761,4.279999999969732,2.7197266
495,17,75,-297987.5,8679.844,5.619999999995343,2.8027344000000003
495,18,90,-297986.97,8679.469,6.150000000023283,2.4277344000000003
495,19,105,-297987.47,8678.959,5.650000000023283,1.91796878
495,20,120,-297988.56,8678.748,4.559999999997672,1.707031275
495,21,135,-297989.7,8678.673,3.419999999983702,1.631835962
495,22,150,-297990.53,8678.386,2.589999999967404,1.3447266
495,23,165,-297991,8677.903,2.1199999999953434,0.8623047
495,24,180,-297991.16,8677.649,1.9600000000209548,0.6083984600000001
496,1,-165,-341802,10851.926,0.25,0.17187490000000016
496,2,-150,-341801.2,10852.525,1.0499999999883585,0.7714842000000002
496,3,-135,-341799.78,10853.735,2.4699999999720603,1.9814452000000005
496,4,-120,-341797.88,10855.367,4.369999999995343,3.6132811200000003
496,5,-105,-341795.72,10856.954,6.53000000002794,5.2001952000000005
496,6,-90,-341794.16,10857.792,8.090000000025611,6.0380858
496,7,-75,-341793.7,10857.735,8.549999999988358,5.9814452000000005
496,8,-60,-341794.03,10857.416,8.21999999997206,5.662109200000001
496,9,-45,-341794.4,10857.021,7.849999999976717,5.267578
496,10,-30,-341794.28,10857.061,7.96999999997206,5.3066405
496,11,-15,-341793.56,10857.443,8.690000000002328,5.689453
496,12,0,-341793,10857.556,9.25,5.8017577000000005
496,13,15,-341793.56,10857.443,8.690000000002328,5.689453
496,14,30,-341794.28,10857.061,7.96999999997206,5.3066405
496,15,45,-341794.4,10857.021,7.849999999976717,5.267578
496,16,60,-341794.03,10857.415,8.21999999997206,5.6611327000000005
496,17,75,-341793.7,10857.73,8.549999999988358,5.976562400000001
496,18,90,-341794.16,10857.794,8.090000000025611,6.040038900000001
496,19,105,-341795.72,10856.954,6.53000000002794,5.2001952000000005
496,20,120,-341797.84,10855.347,4.409999999974389,3.5927733
496,21,135,-341799.78,10853.732,2.4699999999720603,1.9785155000000003
496,22,150,-341801.2,10852.525,1.0499999999883585,0.7714842000000002
496,23,165,-341802,10851.926,0.25,0.17187490000000016
496,24,180,-341802.25,10851.754,0,0
497,1,-165,-512153.94,9420.3545,0.4600000000209547,0.33300779999999985
497,2,-150,-512152.56,9421.411,1.8400000000256116,1.3896483999999998
497,3,-135,-512150.5,9422.986,3.900000000023283,2.96484374
497,4,-120,-512148.2,9424.741,6.2000000000116415,4.7197265
497,5,-105,-512146.25,9426.249,8.150000000023283,6.2275390999999996
497,6,-90,-512145.5,9426.924,8.900000000023283,6.902343699999999
497,7,-75,-512146.28,9426.286,8.119999999995343,6.2646484000000004
497,8,-60,-512148.2,9424.773,6.2000000000116415,4.7519531
497,9,-45,-512150.53,9422.976,3.869999999995344,2.95410155
497,10,-30,-512152.56,9421.39,1.8400000000256116,1.3681640999999998
497,11,-15,-512153.94,9420.354,0.4600000000209547,0.3320312999999997
497,12,0,-512154.4,9420.021,0,0
497,13,15,-512153.94,9420.354,0.4600000000209547,0.3320312999999997
497,14,30,-512152.56,9421.39,1.8400000000256116,1.3681640999999998
497,15,45,-512150.53,9422.976,3.869999999995344,2.95410155
497,16,60,-512148.2,9424.773,6.2000000000116415,4.7519531
497,17,75,-512146.28,9426.284,8.119999999995343,6.2626953
497,18,90,-512145.5,9426.924,8.900000000023283,6.902343699999999
497,19,105,-512146.25,9426.249,8.150000000023283,6.2275390999999996
497,20,120,-512148.2,9424.741,6.2000000000116415,4.7197265
497,21,135,-512150.5,9422.99,3.900000000023283,2.96874999
497,22,150,-512152.56,9421.41,1.8400000000256116,1.3886718999999998
497,23,165,-512153.94,9420.3545,0.4600000000209547,0.33300779999999985
497,24,180,-512154.4,9420.022,0,0.0009764999999997137
498,1,-165,-148009.2,7589.9307,0.9599999999918508,1.09228514
498,2,-150,-148009.6,7589.498,0.5599999999976717,0.6596680000000001
498,3,-135,-148009.98,7589.017,0.179999999993015,0.1787109
498,4,-120,-148010.16,7588.8384,0,0
498,5,-105,-148010.02,7589.101,0.1400000000139698,0.2626953000000001
498,6,-90,-148009.61,7589.6387,0.5500000000174623,0.8002930000000001
498,7,-75,-148008.95,7590.2495,1.209999999991851,1.4111328
498,8,-60,-148007.88,7591.0674,2.279999999998836,2.2290039
498,9,-45,-148006.56,7592.1973,3.6000000000058208,3.3588867000000002
498,10,-30,-148006,7593.406,4.1600000000034925,4.5673828
498,11,-15,-148006.22,7593.1187,3.940000000002328,4.2802734000000004
498,12,0,-148005.5,7592.8477,4.6600000000034925,4.0092773
498,13,15,-148006.22,7593.1123,3.940000000002328,4.2739258
498,14,30,-148006,7593.4087,4.1600000000034925,4.5703125
498,15,45,-148006.2,7592.517,3.959999999991851,3.6787109
498,16,60,-148007.88,7591.0664,2.279999999998836,2.22802733
498,17,75,-148008.95,7590.2495,1.209999999991851,1.4111328
498,18,90,-148009.61,7589.6387,0.5500000000174623,0.8002930000000001
498,19,105,-148010.02,7589.101,0.1400000000139698,0.2626953000000001
498,20,120,-148010.16,7588.8384,0,0
498,21,135,-148009.98,7589.017,0.179999999993015,0.1787109
498,22,150,-148009.6,7589.498,0.5599999999976717,0.6596680000000001
498,23,165,-148009.2,7589.93,0.9599999999918508,1.09179686
498,24,180,-148009.05,7590.079,1.110000000015134,1.24072264
499,1,-165,-395071.66,15834.44,2.400000000023283,2.02636724
499,2,-150,-395072.72,15833.652,1.3400000000256114,1.2382813
499,3,-135,-395073.4,15832.884,0.6599999999743886,0.4697266
499,4,-120,-395073.75,15832.577,0.3099999999976717,0.16308599999999984
499,5,-105,-395073.66,15832.921,0.400000000023283,0.5068359999999998
499,6,-90,-395073.22,15833.66,0.8400000000256114,1.2460938
499,7,-75,-395072.6,15833.821,1.4600000000209548,1.40722661
499,8,-60,-395071.9,15833.882,2.1599999999743886,1.467773488
499,9,-45,-395071.25,15834.571,2.809999999997672,2.1572266
499,10,-30,-395070.62,15835.373,3.4400000000023283,2.9589844
499,11,-15,-395070.22,15835.599,3.8400000000256114,3.1845704
499,12,0,-395070.16,15835.293,3.900000000023283,2.8789062999999997
499,13,15,-395070.47,15834.703,3.590000000025612,2.2890625499999997
499,14,30,-395070.78,15833.969,3.279999999969732,1.55468755
499,15,45,-395071.8,15834.69,2.260000000009313,2.27636724
499,16,60,-395072.6,15833.864,1.4600000000209548,1.4501953619999999
499,17,75,-395073.25,15833.709,0.8099999999976717,1.29492192
499,18,90,-395073.75,15833.534,0.3099999999976717,1.12011724
499,19,105,-395074.06,15832.9795,0,0.5654297399999999
499,20,120,-395074,15832.414,0.0599999999976716,0
499,21,135,-395073.6,15832.65,0.4600000000209547,0.2363282
499,22,150,-395072.8,15833.579,1.2600000000093132,1.1650391
499,23,165,-395071.78,15834.557,2.279999999969732,2.1425782
499,24,180,-395070.6,15834.894,3.4600000000209548,2.47949224
500,1,-165,-393413.34,13953.679,0.0399999999790452,0.1103516
500,2,-150,-393413.03,13954.018,0.3499999999767169,0.44921874000000006
500,3,-135,-393412.25,13954.677,1.1300000000046566,1.10839842
500,4,-120,-393411.06,13955.58,2.320000000006985,2.01171874
500,5,-105,-393409.94,13956.421,3.4400000000023283,2.852539
500,6,-90,-393409.44,13956.801,3.940000000002328,3.2324219000000003
500,7,-75,-393409.97,13956.447,3.4100000000325963,2.8789062000000003
500,8,-60,-393411.1,13955.605,2.28000000002794,2.03710936
500,9,-45,-393412.28,13954.6875,1.099999999976717,1.11914061
500,10,-30,-393413.06,13954.017,0.3200000000069849,0.44824220000000004
500,11,-15,-393413.34,13953.677,0.0399999999790452,0.1083984
500,12,0,-393413.38,13953.571,0,0.002929700000000146
500,13,15,-393413.34,13953.679,0.0399999999790452,0.1103516
500,14,30,-393413.06,13954.017,0.3200000000069849,0.44824220000000004
500,15,45,-393412.28,13954.6875,1.099999999976717,1.11914061
500,16,60,-393411.1,13955.605,2.28000000002794,2.03710936
500,17,75,-393409.97,13956.447,3.4100000000325963,2.8789062000000003
500,18,90,-393409.44,13956.799,3.940000000002328,3.2304687000000003
500,19,105,-393409.94,13956.419,3.4400000000023283,2.8505859
500,20,120,-393411.06,13955.583,2.320000000006985,2.0146484
500,21,135,-393412.25,13954.677,1.1300000000046566,1.10839842
500,22,150,-393413.03,13954.018,0.3499999999767169,0.44921874000000006
500,23,165,-393413.34,13953.686,0.0399999999790452,0.1171875
500,24,180,-393413.38,13953.568,0,0
