mol_id,conf_id,scan,b3lyp_energy,mm_energy,b3lyp_relative_energy,mm_relative_energy
1,1,-165,-351878.6,-254.07034,11.100000000034925,16.74673999999999
1,2,-150,-351878.88,-253.6476,10.820000000006983,17.169479999999965
1,3,-135,-351879.12,-253.30147,10.580000000016298,17.51560999999998
1,4,-120,-351879.44,-253.85332,10.260000000009311,16.96375999999998
1,5,-105,-351880,-255.76262,9.700000000011642,15.054459999999978
1,6,-90,-351881.03,-259.06418,8.669999999983702,11.752899999999954
1,7,-75,-351882.8,-262.3712,6.900000000023283,8.445879999999988
1,8,-60,-351885.1,-265.03604,4.600000000034925,5.781039999999962
1,9,-45,-351887.12,-267.38107,2.580000000016298,3.4360099999999534
1,10,-30,-351888.56,-269.21985,1.1400000000139698,1.5972299999999677
1,11,-15,-351889.4,-270.4151,0.2999999999883584,0.40197999999998046
1,12,0,-351889.7,-270.81708,0,0
1,13,15,-351889.4,-270.4151,0.2999999999883584,0.40197999999998046
1,14,30,-351888.56,-269.2254,1.1400000000139698,1.5916799999999967
1,15,45,-351887.12,-267.38113,2.580000000016298,3.435949999999991
1,16,60,-351885.1,-265.04825,4.600000000034925,5.76882999999998
1,17,75,-351882.8,-262.37332,6.900000000023283,8.443759999999997
1,18,90,-351881.03,-259.06232,8.669999999983702,11.754759999999976
1,19,105,-351880,-255.76262,9.700000000011642,15.054459999999978
1,20,120,-351879.44,-253.85335,10.260000000009311,16.96372999999997
1,21,135,-351879.12,-253.30199,10.580000000016298,17.515089999999987
1,22,150,-351878.88,-253.6476,10.820000000006983,17.169479999999965
1,23,165,-351878.6,-254.07034,11.100000000034925,16.74673999999999
1,24,180,-351878.34,-254.39291,11.35999999998603,16.424169999999975
2,1,-165,-462460.88,16.27597,2.279999999969732,1.8694450000000007
2,2,-150,-462462,15.36387,1.1599999999743886,0.9573450000000001
2,3,-135,-462462.8,14.664764,0.3599999999860301,0.25823899999999966
2,4,-120,-462463.12,14.441396,0.0399999999790452,0.034870999999998986
2,5,-105,-462463.12,14.508256,0.0399999999790452,0.10173099999999913
2,6,-90,-462463.12,14.562283,0.0399999999790452,0.1557580000000005
2,7,-75,-462463.16,14.473456,0,0.0669310000000003
2,8,-60,-462463.06,14.406525,0.0999999999767169,0
2,9,-45,-462462.56,14.696975,0.5999999999767169,0.2904499999999999
2,10,-30,-462461.7,15.460992,1.459999999962747,1.054466999999999
2,11,-15,-462460.7,16.314018,2.459999999962747,1.9074930000000005
2,12,0,-462460.06,16.682863,3.099999999976717,2.276338000000001
2,13,15,-462460.7,16.311504,2.459999999962747,1.904978999999999
2,14,30,-462461.7,15.449592,1.459999999962747,1.0430670000000006
2,15,45,-462462.56,14.69905,0.5999999999767169,0.2925249999999995
2,16,60,-462463.06,14.407393,0.0999999999767169,0.000868000000000535
2,17,75,-462463.16,14.474333,0,0.06780799999999942
2,18,90,-462463.12,14.562289,0.0399999999790452,0.15576399999999957
2,19,105,-462463.12,14.507138,0.0399999999790452,0.10061299999999918
2,20,120,-462463.12,14.440917,0.0399999999790452,0.03439200000000042
2,21,135,-462462.8,14.666187,0.3599999999860301,0.2596620000000005
2,22,150,-462462,15.363999,1.1599999999743886,0.9574739999999995
2,23,165,-462460.88,16.27532,2.279999999969732,1.8687950000000004
2,24,180,-462460.06,16.678946,3.099999999976717,2.2724209999999996
3,1,-165,-549398.5,-148.20122,1,0.8658299999999883
3,2,-150,-549399.3,-148.59038,0.1999999999534338,0.4766699999999844
3,3,-135,-549399.5,-148.03877,0,1.0282799999999952
3,4,-120,-549399.4,-146.92908,0.0999999999767169,2.1379699999999957
3,5,-105,-549398.6,-145.30635,0.9000000000232831,3.7606999999999857
3,6,-90,-549397.6,-143.34512,1.900000000023283,5.721929999999986
3,7,-75,-549398.7,-145.48259,0.8000000000465661,3.584460000000007
3,8,-60,-549399.44,-147.02896,0.0600000000558793,2.0380899999999826
3,9,-45,-549399.44,-148.25105,0.0600000000558793,0.8160000000000025
3,10,-30,-549399.3,-148.71059,0.1999999999534338,0.35645999999999844
3,11,-15,-549398.5,-148.29501,1,0.7720400000000041
3,12,0,-549398.7,-149.06705,0.8000000000465661,0
3,13,15,-549398.5,-148.33157,1,0.7354799999999955
3,14,30,-549399.3,-148.71057,0.1999999999534338,0.3564800000000048
3,15,45,-549399.44,-148.25291,0.0600000000558793,0.8141399999999805
3,16,60,-549399.44,-147.02895,0.0600000000558793,2.038099999999986
3,17,75,-549398.7,-145.50737,0.8000000000465661,3.559679999999986
3,18,90,-549397.6,-143.31006,1.900000000023283,5.756990000000002
3,19,105,-549398.6,-145.18965,0.9000000000232831,3.8773999999999944
3,20,120,-549399.4,-146.93248,0.0999999999767169,2.1345699999999965
3,21,135,-549399.5,-148.04057,0,1.0264799999999923
3,22,150,-549399.3,-148.59016,0.1999999999534338,0.47688999999999737
3,23,165,-549398.5,-148.20813,1,0.8589199999999835
3,24,180,-549398.7,-149.04623,0.8000000000465661,0.020819999999986294
4,1,-165,-123337.586,12.986755,0.9640000000072176,2.0358410000000013
4,2,-150,-123338,12.791709,0.5500000000029104,1.8407950000000017
4,3,-135,-123338.4,12.367397,0.1500000000087311,1.4164830000000013
4,4,-120,-123338.55,11.872036,0,0.9211220000000004
4,5,-105,-123338.375,11.438655,0.1750000000029103,0.48774100000000153
4,6,-90,-123337.94,11.06097,0.6100000000005821,0.11005600000000015
4,7,-75,-123337.28,10.950914,1.2700000000040743,0
4,8,-60,-123336.23,11.670615,2.320000000006985,0.7197010000000006
4,9,-45,-123334.984,13.216723,3.56600000000617,2.265809000000001
4,10,-30,-123334.484,15.373204,4.06600000000617,4.42229
4,11,-15,-123334.73,15.605229,3.820000000006985,4.654315
4,12,0,-123334.87,15.571031,3.680000000007567,4.6201170000000005
4,13,15,-123334.734,15.61049,3.81600000000617,4.659576000000001
4,14,30,-123334.484,15.374794,4.06600000000617,4.4238800000000005
4,15,45,-123334.984,13.216725,3.56600000000617,2.265811000000001
4,16,60,-123336.23,11.670609,2.320000000006985,0.7196950000000015
4,17,75,-123337.28,10.950915,1.2700000000040743,1.0000000010279564e-06
4,18,90,-123337.94,11.06097,0.6100000000005821,0.11005600000000015
4,19,105,-123338.375,11.438655,0.1750000000029103,0.48774100000000153
4,20,120,-123338.55,11.872036,0,0.9211220000000004
4,21,135,-123338.4,12.367396,0.1500000000087311,1.4164820000000002
4,22,150,-123338,12.79171,0.5500000000029104,1.840796000000001
4,23,165,-123337.586,12.986756,0.9640000000072176,2.0358420000000006
4,24,180,-123337.414,13.021422,1.135999999998603,2.0705080000000002
5,1,-165,-300277.47,92.16261,4.330000000016298,6.455359999999999
5,2,-150,-300277.5,93.01579,4.299999999988359,7.308539999999994
5,3,-135,-300277.75,94.2534,4.049999999988359,8.546149999999997
5,4,-120,-300278.2,95.33421,3.599999999976717,9.626959999999997
5,5,-105,-300278.72,96.02985,3.080000000016298,10.322599999999994
5,6,-90,-300279.44,95.62889,2.35999999998603,9.921639999999996
5,7,-75,-300280.22,94.1129,1.580000000016298,8.405649999999994
5,8,-60,-300280.97,91.99066,0.8300000000162981,6.2834100000000035
5,9,-45,-300281.56,89.85725,0.2399999999906867,4.1499999999999915
5,10,-30,-300281.8,88.00965,0,2.3023999999999916
5,11,-15,-300281.78,86.459206,0.0199999999604187,0.7519559999999927
5,12,0,-300281.72,85.70725,0.0800000000162981,0
5,13,15,-300281.78,86.45888,0.0199999999604187,0.7516299999999916
5,14,30,-300281.8,88.00967,0,2.302419999999998
5,15,45,-300281.56,89.85815,0.2399999999906867,4.150899999999993
5,16,60,-300280.97,91.990654,0.8300000000162981,6.283404000000004
5,17,75,-300280.22,94.11663,1.580000000016298,8.409379999999999
5,18,90,-300279.44,95.63342,2.35999999998603,9.926169999999999
5,19,105,-300278.72,96.02833,3.080000000016298,10.321079999999995
5,20,120,-300278.2,95.32658,3.599999999976717,9.619330000000005
5,21,135,-300277.75,94.24601,4.049999999988359,8.538759999999996
5,22,150,-300277.5,93.01764,4.299999999988359,7.310389999999998
5,23,165,-300277.47,92.16298,4.330000000016298,6.455730000000003
5,24,180,-300277.53,92.01766,4.269999999960419,6.3104100000000045
6,1,-165,-537791.56,-3.9783447,0.3399999999674037,4.5601083000000004
6,2,-150,-537791.9,-1.3866562,0,7.1517968000000005
6,3,-135,-537791.8,3.2692885,0.0999999999767169,11.8077415
6,4,-120,-537790.44,6.5232573,1.4600000000791624,15.061710300000001
6,5,-105,-537789.2,10.39034,2.700000000069849,18.928793
6,6,-90,-537789.94,10.090673,1.9600000000791624,18.629126
6,7,-75,-537790.1,7.7290235,1.800000000046566,16.2674765
6,8,-60,-537790.56,3.214825,1.3399999999674037,11.753278
6,9,-45,-537791.2,-1.8895495,0.7000000000698492,6.6489035
6,10,-30,-537791.56,-5.8146887,0.3399999999674037,2.723764300000001
6,11,-15,-537791.5,-7.9724503,0.400000000023283,0.5660027000000003
6,12,0,-537791,-8.538453,0.9000000000232831,0
6,13,15,-537791.5,-7.973363,0.400000000023283,0.5650900000000005
6,14,30,-537791.56,-5.8146214,0.3399999999674037,2.7238316000000005
6,15,45,-537791.2,-1.8849207,0.7000000000698492,6.6535323
6,16,60,-537790.56,3.2166147,1.3399999999674037,11.755067700000001
6,17,75,-537790.1,7.728479,1.800000000046566,16.266932
6,18,90,-537789.94,10.107287,1.9600000000791624,18.64574
6,19,105,-537789.2,10.388328,2.700000000069849,18.926781
6,20,120,-537790.44,6.5532737,1.4600000000791624,15.0917267
6,21,135,-537791.44,2.4555585,0.4600000000791624,10.994011500000001
6,22,150,-537791.9,-1.3809762,0,7.1574768
6,23,165,-537791.56,-3.979045,0.3399999999674037,4.559408
6,24,180,-537790.75,-5.2578187,1.150000000023283,3.280634300000001
7,1,-165,-303955.53,26.880688,4.269999999960419,5.401232
7,2,-150,-303954.56,27.297464,5.239999999990687,5.8180080000000025
7,3,-135,-303953.6,27.997581,6.2000000000116415,6.518125000000001
7,4,-120,-303953.44,28.204075,6.35999999998603,6.724619000000001
7,5,-105,-303954.47,27.509045,5.330000000016298,6.029589000000001
7,6,-90,-303956.4,26.044567,3.3999999999650754,4.565111000000002
7,7,-75,-303958.44,24.244926,1.3599999999860302,2.7654700000000005
7,8,-60,-303959.78,22.603374,0.0199999999604187,1.1239179999999998
7,9,-45,-303959.8,21.590792,0,0.11133600000000143
7,10,-30,-303958.56,21.479456,1.2399999999906868,0
7,11,-15,-303957.06,22.694878,2.7399999999906868,1.2154220000000002
7,12,0,-303956.28,24.09151,3.519999999960419,2.6120540000000005
7,13,15,-303956.56,22.939861,3.2399999999906868,1.4604050000000015
7,14,30,-303958.1,21.70596,1.7000000000116415,0.22650400000000204
7,15,45,-303959.25,21.981062,0.5499999999883585,0.5016060000000024
7,16,60,-303959.22,23.120914,0.5800000000162981,1.641458
7,17,75,-303957.78,24.712221,2.019999999960419,3.2327650000000006
7,18,90,-303955.66,26.385326,4.14000000001397,4.90587
7,19,105,-303954.06,27.965755,5.739999999990687,6.4862990000000025
7,20,120,-303953.38,28.863644,6.419999999983702,7.384188000000002
7,21,135,-303953.2,28.023125,6.599999999976717,6.543669000000001
7,22,150,-303954.22,27.283401,5.580000000016298,5.803945000000002
7,23,165,-303955.1,27.047718,4.7000000000116415,5.568262000000001
7,24,180,-303956.06,27.162905,3.739999999990687,5.6834489999999995
8,1,-165,-382736.22,-129.87639,0.5600000000558794,0.08629000000001952
8,2,-150,-382734.7,-129.29607,2.080000000016298,0.6666100000000199
8,3,-135,-382732.9,-127.15934,3.8800000000046566,2.8033400000000057
8,4,-120,-382731.12,-126.2905,5.660000000032596,3.6721800000000115
8,5,-105,-382729.53,-125.54983,7.25,4.412850000000006
8,6,-90,-382728.47,-124.83833,8.31000000005588,5.124350000000007
8,7,-75,-382728.2,-124.35318,8.580000000016298,5.609500000000011
8,8,-60,-382728.72,-123.79937,8.06000000005588,6.16331000000001
8,9,-45,-382729.94,-123.34354,6.840000000025611,6.619140000000002
8,10,-30,-382731.25,-123.46164,5.53000000002794,6.501040000000003
8,11,-15,-382732.16,-123.5829,4.620000000053551,6.379780000000011
8,12,0,-382732.3,-123.20331,4.480000000039581,6.759370000000004
8,13,15,-382732.16,-123.580246,4.620000000053551,6.3824340000000035
8,14,30,-382731.25,-123.47498,5.53000000002794,6.487700000000004
8,15,45,-382729.94,-123.34346,6.840000000025611,6.619220000000013
8,16,60,-382728.72,-123.79459,8.06000000005588,6.1680900000000065
8,17,75,-382728.2,-124.357864,8.580000000016298,5.604816
8,18,90,-382728.47,-124.84222,8.31000000005588,5.1204600000000084
8,19,105,-382729.53,-125.5553,7.25,4.407380000000003
8,20,120,-382731.12,-126.292,5.660000000032596,3.6706800000000044
8,21,135,-382732.9,-127.16303,3.8800000000046566,2.7996499999999997
8,22,150,-382734.72,-129.25735,2.06000000005588,0.7053300000000036
8,23,165,-382736.22,-129.81868,0.5600000000558794,0.14400000000000546
8,24,180,-382736.78,-129.96268,0,0
9,1,-165,-358038.28,29.507063,0.3799999999464489,3.7257479999999994
9,2,-150,-358038.44,26.630152,0.2199999999720603,0.8488369999999996
9,3,-135,-358038.62,25.792023,0.0399999999790452,0.01070800000000105
9,4,-120,-358038.62,25.887505,0.0399999999790452,0.10619000000000156
9,5,-105,-358038.6,26.241325,0.0599999999976716,0.4600100000000005
9,6,-90,-358038.56,26.3782,0.0999999999767169,0.5968850000000003
9,7,-75,-358038.6,26.13736,0.0599999999976716,0.3560450000000017
9,8,-60,-358038.66,25.781315,0,0
9,9,-45,-358038.56,25.911974,0.0999999999767169,0.1306590000000014
9,10,-30,-358038.38,27.264217,0.279999999969732,1.4829019999999993
9,11,-15,-358038.28,29.816092,0.3799999999464489,4.034777000000002
9,12,0,-358038.28,30.596725,0.3799999999464489,4.81541
9,13,15,-358038.28,29.818895,0.3799999999464489,4.037580000000002
9,14,30,-358038.38,27.264221,0.279999999969732,1.4829059999999998
9,15,45,-358038.56,25.911974,0.0999999999767169,0.1306590000000014
9,16,60,-358038.66,25.781315,0,0
9,17,75,-358038.6,26.132519,0.0599999999976716,0.3512039999999992
9,18,90,-358038.56,26.375532,0.0999999999767169,0.5942170000000004
9,19,105,-358038.6,26.241322,0.0599999999976716,0.46000700000000094
9,20,120,-358038.62,25.887505,0.0399999999790452,0.10619000000000156
9,21,135,-358038.62,25.792019,0.0399999999790452,0.010704000000000491
9,22,150,-358038.44,26.630154,0.2199999999720603,0.8488390000000017
9,23,165,-358038.28,29.507063,0.3799999999464489,3.7257479999999994
9,24,180,-358038.28,30.599281,0.3799999999464489,4.817966000000002
10,1,-165,-372779.6,6.310808,0.4600000000209547,0.20010549999999938
10,2,-150,-372779,6.954595,1.0599999999976717,0.8438924999999999
10,3,-135,-372778.38,7.7382793,1.679999999993015,1.6275768
10,4,-120,-372778.47,9.223839,1.5900000000256114,3.1131364999999995
10,5,-105,-372779.03,8.49322,1.029999999969732,2.3825175000000005
10,6,-90,-372779.62,7.995811,0.4400000000023283,1.8851084999999994
10,7,-75,-372780.03,7.7072206,0.029999999969732,1.5965181
10,8,-60,-372779.7,8.193819,0.3599999999860301,2.083116499999999
10,9,-45,-372778.62,9.242916,1.4400000000023283,3.132213499999999
10,10,-30,-372777.3,10.545471,2.760000000009313,4.434768499999999
10,11,-15,-372776.06,11.6973295,4,5.586627
10,12,0,-372775.47,12.164014,4.590000000025611,6.0533114999999995
10,13,15,-372776.06,11.699208,4,5.5885055
10,14,30,-372777.28,10.53022,2.779999999969732,4.4195174999999995
10,15,45,-372778.62,9.243988,1.4400000000023283,3.1332854999999995
10,16,60,-372779.7,8.194349,0.3599999999860301,2.0836465000000004
10,17,75,-372780.03,7.7095437,0.029999999969732,1.5988411999999999
10,18,90,-372779.62,8.016195,0.4400000000023283,1.9054924999999994
10,19,105,-372779.03,8.485657,1.029999999969732,2.3749544999999994
10,20,120,-372778.5,9.232742,1.5599999999976717,3.1220394999999996
10,21,135,-372778.38,7.7938285,1.679999999993015,1.6831259999999997
10,22,150,-372779,6.9044743,1.0599999999976717,0.7937718
10,23,165,-372779.44,6.6339912,0.6199999999953434,0.5232886999999993
10,24,180,-372780.06,6.1107025,0,0
11,1,-165,-469086.84,29.914656,0.1299999999464489,1.4420280000000005
11,2,-150,-469086.97,28.800692,0,0.32806400000000124
11,3,-135,-469086.5,28.472628,0.4699999999720603,0
11,4,-120,-469085.62,28.754417,1.349999999976717,0.28178899999999985
11,5,-105,-469084.75,29.361012,2.2199999999720603,0.8883839999999985
11,6,-90,-469084.34,29.784382,2.629999999946449,1.3117540000000005
11,7,-75,-469084.8,29.477053,2.169999999983702,1.0044250000000012
11,8,-60,-469085.72,28.864363,1.25,0.3917350000000006
11,9,-45,-469086.6,28.490704,0.3699999999953434,0.018076000000000647
11,10,-30,-469086.97,28.891743,0,0.41911500000000146
11,11,-15,-469086.78,30.166706,0.1899999999441206,1.694078000000001
11,12,0,-469086.1,32.052814,0.8699999999953434,3.5801859999999976
11,13,15,-469086.78,30.16709,0.1899999999441206,1.6944620000000015
11,14,30,-469086.97,28.88717,0,0.41454200000000085
11,15,45,-469086.6,28.490334,0.3699999999953434,0.017706000000000444
11,16,60,-469085.72,28.864435,1.25,0.391807
11,17,75,-469084.8,29.495628,2.169999999983702,1.0229999999999997
11,18,90,-469084.34,29.784382,2.629999999946449,1.3117540000000005
11,19,105,-469084.75,29.328175,2.2199999999720603,0.8555470000000014
11,20,120,-469085.62,28.78594,1.349999999976717,0.3133119999999998
11,21,135,-469086.5,28.47851,0.4699999999720603,0.005881999999999721
11,22,150,-469086.97,28.794813,0,0.32218500000000105
11,23,165,-469086.84,29.926699,0.1299999999464489,1.454070999999999
11,24,180,-469086.22,38.304718,1.9800000000395808,1.5025750000000002
12,1,-165,-417769.47,-67.30709,4.370000000053551,3.1026159999999976
12,2,-150,-417771.88,-65.99929,1.9600000000209548,4.410415999999998
12,3,-135,-417772.9,-67.8655,0.9400000000023284,2.5442060000000026
12,4,-120,-417773.6,-69.379005,0.2400000000488944,1.0307009999999934
12,5,-105,-417773.84,-70.38657,0,0.023135999999993828
12,6,-90,-417773.66,-69.66572,0.1800000000512227,0.7439860000000067
12,7,-75,-417772.3,-70.409706,1.540000000037253,0
12,8,-60,-417770.78,-66.40509,3.059999999997672,4.004615999999999
12,9,-45,-417769.6,-63.746223,4.240000000048894,6.663482999999999
12,10,-30,-417767.44,-61.574368,6.400000000023283,8.835338
12,11,-15,-417767.75,-62.54238,6.090000000025611,7.8673259999999985
12,12,0,-417767.75,-62.070972,6.090000000025611,8.338734000000002
12,13,15,-417768.12,-62.2357,5.720000000030268,8.174005999999999
12,14,30,-417767.44,-61.581173,6.400000000023283,8.828533
12,15,45,-417769.6,-63.75976,4.240000000048894,6.649946
12,16,60,-417770.78,-66.39384,3.059999999997672,4.015866000000003
12,17,75,-417772.3,-70.34321,1.540000000037253,0.06649600000000078
12,18,90,-417773.66,-69.67037,0.1800000000512227,0.7393359999999944
12,19,105,-417773.84,-70.38642,0,0.023285999999998808
12,20,120,-417773.6,-69.386604,0.2400000000488944,1.0231019999999944
12,21,135,-417772.9,-67.86828,0.9400000000023284,2.5414260000000013
12,22,150,-417771.88,-66.01995,1.9600000000209548,4.3897560000000055
12,23,165,-417769.47,-67.303314,4.370000000053551,3.1063919999999996
12,24,180,-417768.53,-66.53203,5.309999999997672,3.877675999999994
13,1,-165,-338036.06,20.412008,2.220000000030268,0.14098900000000114
13,2,-150,-338036.78,20.407248,1.5,0.13622900000000016
13,3,-135,-338037.2,20.370451,1.080000000016298,0.09943200000000019
13,4,-120,-338037.12,20.401941,1.1600000000325963,0.13092200000000176
13,5,-105,-338036.53,20.564112,1.75,0.2930930000000025
13,6,-90,-338035.62,20.782402,2.6600000000325963,0.5113830000000021
13,7,-75,-338034.7,20.868208,3.580000000016298,0.5971890000000002
13,8,-60,-338034.28,20.841396,4,0.5703770000000006
13,9,-45,-338034.8,20.905033,3.480000000039581,0.6340140000000005
13,10,-30,-338036,21.039732,2.28000000002794,0.7687130000000018
13,11,-15,-338037.03,21.126726,1.25,0.8557070000000024
13,12,0,-338038.28,20.646326,0,0.3753069999999994
13,13,15,-338037.12,20.888624,1.1600000000325963,0.6176050000000011
13,14,30,-338036.22,20.966251,2.06000000005588,0.6952320000000007
13,15,45,-338035.16,20.739126,3.120000000053551,0.46810699999999983
13,16,60,-338034.62,20.697788,3.660000000032596,0.4267690000000002
13,17,75,-338034.9,20.89337,3.3800000000046566,0.6223510000000019
13,18,90,-338035.66,20.968323,2.620000000053551,0.6973040000000026
13,19,105,-338036.44,20.872944,1.8400000000256116,0.6019250000000014
13,20,120,-338036.88,20.77453,1.400000000023283,0.5035109999999996
13,21,135,-338036.9,20.726925,1.3800000000046566,0.45590600000000236
13,22,150,-338036.47,20.64576,1.8100000000558796,0.3747410000000002
13,23,165,-338035.84,20.444735,2.4400000000023283,0.17371600000000242
13,24,180,-338035.62,20.271019,2.6600000000325963,0
14,1,-165,-526139.8,-34.25725,1.599999999976717,0.4300630000000041
14,2,-150,-526139.25,-33.498867,2.150000000023283,1.188446000000006
14,3,-135,-526138.2,-32.209908,3.200000000069849,2.4774050000000045
14,4,-120,-526136.75,-30.7003,4.650000000023283,3.9870130000000046
14,5,-105,-526135.3,-29.438086,6.099999999976717,5.249227000000005
14,6,-90,-526134.6,-28.84044,6.800000000046566,5.846873000000002
14,7,-75,-526135.2,-29.505737,6.200000000069849,5.181576000000003
14,8,-60,-526136.7,-30.921293,4.700000000069849,3.7660200000000046
14,9,-45,-526138.5,-32.46325,2.900000000023283,2.224063000000001
14,10,-30,-526140,-33.72488,1.400000000023283,0.9624330000000043
14,11,-15,-526141,-34.44015,0.400000000023283,0.24716300000000047
14,12,0,-526141.4,-34.687313,0,0
14,13,15,-526141,-34.438683,0.400000000023283,0.24863000000000568
14,14,30,-526140,-33.727085,1.400000000023283,0.9602280000000007
14,15,45,-526138.5,-32.461494,2.900000000023283,2.2258190000000013
14,16,60,-526136.7,-30.92168,4.700000000069849,3.7656330000000047
14,17,75,-526135.2,-29.505423,6.200000000069849,5.181890000000003
14,18,90,-526134.6,-28.840958,6.800000000046566,5.846355000000003
14,19,105,-526135.3,-29.438086,6.099999999976717,5.249227000000005
14,20,120,-526136.75,-30.7003,4.650000000023283,3.9870130000000046
14,21,135,-526138.2,-32.20915,3.200000000069849,2.478163000000002
14,22,150,-526139.25,-33.498875,2.150000000023283,1.188438000000005
14,23,165,-526139.8,-34.25725,1.599999999976717,0.4300630000000041
14,24,180,-526140,-34.47577,1.400000000023283,0.21154300000000603
15,1,-165,-348143.66,47.542183,0.7400000000488944,0.5082730000000026
15,2,-150,-348143.5,48.948288,0.9000000000232831,1.9143779999999992
15,3,-135,-348143.25,50.050434,1.150000000023283,3.016524000000004
15,4,-120,-348143.66,50.626724,0.7400000000488944,3.592814000000004
15,5,-105,-348144.16,49.82776,0.2400000000488944,2.793849999999999
15,6,-90,-348144.4,48.65236,0,1.6184500000000028
15,7,-75,-348143.9,48.308727,0.5,1.2748169999999988
15,8,-60,-348142.6,49.506786,1.800000000046566,2.4728759999999994
15,9,-45,-348140.56,52.17515,3.8400000000256114,5.141240000000003
15,10,-30,-348138.38,55.53424,6.0200000000186265,8.500329999999998
15,11,-15,-348136.75,58.355247,7.650000000023283,11.321337
15,12,0,-348136.12,59.51948,8.28000000002794,12.485570000000003
15,13,15,-348136.75,58.351353,7.650000000023283,11.317443000000004
15,14,30,-348138.38,55.524136,6.0200000000186265,8.490226
15,15,45,-348140.56,52.186634,3.8400000000256114,5.152723999999999
15,16,60,-348142.6,49.5098,1.800000000046566,2.4758899999999997
15,17,75,-348143.9,48.30436,0.5,1.2704500000000039
15,18,90,-348144.4,48.648857,0,1.6149470000000008
15,19,105,-348144.16,49.82452,0.2400000000488944,2.790610000000001
15,20,120,-348143.66,50.62535,0.7400000000488944,3.5914399999999986
15,21,135,-348143.47,50.187885,0.9300000000512229,3.1539750000000026
15,22,150,-348143.5,48.919662,0.9000000000232831,1.8857520000000036
15,23,165,-348143.66,47.579426,0.7400000000488944,0.5455159999999992
15,24,180,-348143.72,47.03391,0.6800000000512227,0
16,1,-165,-351008.28,-7.669007,0.1599999999743886,0.2757643000000005
16,2,-150,-351007.72,-7.7966986,0.720000000030268,0.14807270000000017
16,3,-135,-351006.72,-7.46893,1.720000000030268,0.4758412999999999
16,4,-120,-351005.44,-6.6118274,3,1.3329439
16,5,-105,-351004.22,-5.544986,4.220000000030268,2.3997853000000005
16,6,-90,-351003.6,-4.957315,4.840000000025611,2.9874563
16,7,-75,-351003.88,-5.3805423,4.559999999997672,2.564229
16,8,-60,-351004.9,-6.4224215,3.539999999979045,1.5223498000000006
16,9,-45,-351006.12,-7.399911,2.320000000006985,0.5448602999999999
16,10,-30,-351007.03,-7.915238,1.4099999999743886,0.029533299999999763
16,11,-15,-351007.44,-7.9447713,1,0
16,12,0,-351007.53,-7.8704953,0.9099999999743886,0.07427600000000023
16,13,15,-351007.44,-7.9447694,1,1.8999999999991246e-06
16,14,30,-351007.03,-7.915234,1.4099999999743886,0.02953730000000032
16,15,45,-351006.12,-7.4053187,2.320000000006985,0.5394526000000006
16,16,60,-351004.9,-6.429413,3.539999999979045,1.5153583
16,17,75,-351003.88,-5.3887787,4.559999999997672,2.5559926000000006
16,18,90,-351003.6,-4.9572897,4.840000000025611,2.9874816000000006
16,19,105,-351004.22,-5.5473166,4.220000000030268,2.3974547
16,20,120,-351005.44,-6.6206527,3,1.3241186000000003
16,21,135,-351006.72,-7.4702964,1.720000000030268,0.4744749000000006
16,22,150,-351007.72,-7.7967005,0.720000000030268,0.14807080000000017
16,23,165,-351008.28,-7.6731186,0.1599999999743886,0.27165270000000064
16,24,180,-351008.44,-7.5442305,0,0.4005407999999999
17,1,-165,-382611,-97.82994,0.1599999999743886,0.1875
17,2,-150,-382610.1,-97.73028,1.0599999999976717,0.2871600000000001
17,3,-135,-382608.22,-96.94578,2.9400000000023283,1.0716599999999943
17,4,-120,-382605.62,-95.68934,5.539999999979045,2.328099999999992
17,5,-105,-382602.62,-94.12674,8.539999999979045,3.8906999999999954
17,6,-90,-382599.8,-92.53726,11.35999999998603,5.48017999999999
17,7,-75,-382597.8,-91.46085,13.35999999998603,6.55659
17,8,-60,-382597.3,-91.94163,13.85999999998603,6.07580999999999
17,9,-45,-382608.53,-96.845665,2.629999999946449,1.1717749999999967
17,10,-30,-382610.25,-97.685425,0.9099999999743886,0.3320149999999984
17,11,-15,-382611.06,-97.79488,0.0999999999767169,0.2225599999999872
17,12,0,-382611.16,-96.90826,0,1.109179999999995
17,13,15,-382611.06,-97.92145,0.0999999999767169,0.09599000000000046
17,14,30,-382610.28,-97.89146,0.879999999946449,0.12597999999999843
17,15,45,-382608.6,-97.06291,2.559999999997672,0.9545299999999912
17,16,60,-382606,-95.63556,5.159999999974389,2.3818799999999953
17,17,75,-382602.8,-93.81484,8.35999999998603,4.20259999999999
17,18,90,-382599.72,-92.20948,11.440000000002328,5.807959999999994
17,19,105,-382597.66,-91.28376,13.5,6.733679999999993
17,20,120,-382597.2,-91.71803,13.959999999962749,6.299409999999995
17,21,135,-382608.2,-97.28381,2.959999999962747,0.7336299999999909
17,22,150,-382610.03,-98.01449,1.129999999946449,0.002949999999998454
17,23,165,-382611,-98.01744,0.1599999999743886,0
17,24,180,-382611.16,-96.91335,0,1.1040899999999993
18,1,-165,-429068.03,-161.67181,2.1899999999441206,3.2763300000000015
18,2,-150,-429066.34,-160.0682,3.879999999946449,4.879940000000005
18,3,-135,-429064.22,-157.75098,6,7.197159999999997
18,4,-120,-429062.4,-151.9912,7.819999999948777,12.956940000000003
18,5,-105,-429062.38,-150.49559,7.839999999967404,14.452550000000002
18,6,-90,-429063.16,-152.18861,7.059999999997672,12.759529999999984
18,7,-75,-429064.22,-154.15634,6,10.791799999999995
18,8,-60,-429065.12,-155.8099,5.099999999976717,9.138239999999996
18,9,-45,-429065.62,-157.12688,4.599999999976717,7.821259999999995
18,10,-30,-429065.66,-158.01291,4.559999999997672,6.93522999999999
18,11,-15,-429065.47,-158.91554,4.75,6.032600000000002
18,12,0,-429065.5,-160.35811,4.71999999997206,4.5900299999999845
18,13,15,-429065.88,-161.91766,4.339999999967404,3.030479999999983
18,14,30,-429067.25,-163.74545,2.9699999999720603,1.2026899999999898
18,15,45,-429068.47,-164.20316,1.75,0.7449799999999982
18,16,60,-429069.12,-163.88385,1.099999999976717,1.0642899999999997
18,17,75,-429069.2,-163.83432,1.0199999999604188,1.113820000000004
18,18,90,-429069.06,-164.23285,1.1599999999743886,0.7152899999999818
18,19,105,-429069.2,-163.75786,1.0199999999604188,1.1902800000000013
18,20,120,-429069.34,-164.17165,0.879999999946449,0.7764899999999955
18,21,135,-429069.8,-164.94814,0.4199999999837018,0
18,22,150,-429070.22,-164.88585,0,0.06228999999999019
18,23,165,-429070.03,-164.10883,0.1899999999441206,0.8393099999999833
18,24,180,-429069.25,-162.97272,0.9699999999720604,1.9754199999999855
19,1,-165,-345707.2,-93.91526,0.5800000000162981,0
19,2,-150,-345705.75,-93.807465,2.03000000002794,0.10779500000001008
19,3,-135,-345703.84,-93.12454,3.940000000002328,0.7907200000000074
19,4,-120,-345701.97,-92.33502,5.810000000055879,1.5802400000000034
19,5,-105,-345700.22,-91.59551,7.560000000055879,2.319749999999999
19,6,-90,-345698.72,-90.39368,9.06000000005588,3.52158
19,7,-75,-345698.1,-88.85987,9.680000000051225,5.055390000000003
19,8,-60,-345698.8,-87.87719,8.980000000039581,6.038070000000005
19,9,-45,-345700.3,-87.39954,7.480000000039581,6.515720000000002
19,10,-30,-345701.78,-87.19749,6,6.717770000000002
19,11,-15,-345702.78,-87.07812,5,6.837140000000005
19,12,0,-345703.1,-87.13438,4.680000000051223,6.7808800000000105
19,13,15,-345702.56,-87.31137,5.220000000030268,6.603890000000007
19,14,30,-345701.44,-87.52241,6.340000000025611,6.39285000000001
19,15,45,-345700.03,-87.690735,7.75,6.224525
19,16,60,-345699.16,-87.998764,8.620000000053551,5.916496000000009
19,17,75,-345698.8,-88.700356,8.980000000039581,5.214904000000004
19,18,90,-345699,-89.42513,8.78000000002794,4.490130000000008
19,19,105,-345699.84,-90.32564,7.940000000002328,3.5896199999999965
19,20,120,-345701.4,-91.301384,6.380000000004657,2.6138760000000048
19,21,135,-345703.62,-92.07666,4.160000000032596,1.8385999999999996
19,22,150,-345705.78,-92.77336,2,1.1419000000000068
19,23,165,-345707.28,-93.338554,0.5,0.5767060000000015
19,24,180,-345707.78,-93.712845,0,0.202415000000002
20,1,-165,-371133.25,30.010025,3.9500000000116415,2.8379019999999997
20,2,-150,-371134.66,30.277006,2.540000000037253,3.104883000000001
20,3,-135,-371135.97,29.97131,1.2300000000395812,2.799187
20,4,-120,-371136.7,29.19373,0.5,2.0216069999999995
20,5,-105,-371136.8,28.128868,0.400000000023283,0.9567450000000015
20,6,-90,-371136.4,27.335402,0.7999999999883585,0.16327899999999929
20,7,-75,-371135.97,27.172123,1.2300000000395812,0
20,8,-60,-371135.75,27.888226,1.4500000000116415,0.7161030000000004
20,9,-45,-371135.94,29.286528,1.2600000000093132,2.1144050000000014
20,10,-30,-371136.25,30.790108,0.9500000000116416,3.617985000000001
20,11,-15,-371136.5,31.791082,0.7000000000116415,4.618959
20,12,0,-371137.2,30.531567,0,3.359444
20,13,15,-371136.97,30.244856,0.2300000000395812,3.0727329999999995
20,14,30,-371136.1,31.04167,1.1000000000349246,3.8695470000000007
20,15,45,-371136.16,29.501234,1.040000000037253,2.329111000000001
20,16,60,-371136.4,27.84579,0.7999999999883585,0.6736670000000018
20,17,75,-371136.72,27.252157,0.4800000000395812,0.08003400000000127
20,18,90,-371136.9,27.867512,0.2999999999883584,0.6953890000000023
20,19,105,-371136.75,28.876333,0.4500000000116415,1.7042099999999998
20,20,120,-371136.1,29.40495,1.1000000000349246,2.2328270000000003
20,21,135,-371135,29.674053,2.200000000011641,2.5019300000000015
20,22,150,-371133.84,29.836157,3.35999999998603,2.664034000000001
20,23,165,-371132.97,29.46826,4.230000000039581,2.2961370000000016
20,24,180,-371132.5,29.35673,4.7000000000116415,2.1846069999999997
21,1,-165,-413521.22,56.62369,1.9800000000395808,2.340563000000003
21,2,-150,-413520.94,55.52007,2.260000000009313,1.2369429999999966
21,3,-135,-413520.28,55.34993,2.919999999983702,1.0668030000000002
21,4,-120,-413519.3,55.94465,3.900000000023283,1.6615230000000025
21,5,-105,-413518.56,56.65265,4.64000000001397,2.369523000000001
21,6,-90,-413518.53,56.747837,4.669999999983702,2.4647099999999966
21,7,-75,-413519.44,56.145752,3.760000000009313,1.8626250000000013
21,8,-60,-413520.84,55.247116,2.35999999998603,0.963988999999998
21,9,-45,-413522.12,54.567245,1.080000000016298,0.2841179999999994
21,10,-30,-413522.9,54.283127,0.2999999999883584,0
21,11,-15,-413523.16,54.345425,0.0400000000372529,0.06229799999999841
21,12,0,-413523.2,54.459507,0,0.17638000000000176
21,13,15,-413523.16,54.345425,0.0400000000372529,0.06229799999999841
21,14,30,-413522.9,54.283127,0.2999999999883584,0
21,15,45,-413522.12,54.567245,1.080000000016298,0.2841179999999994
21,16,60,-413520.84,55.247116,2.35999999998603,0.963988999999998
21,17,75,-413519.44,56.145752,3.760000000009313,1.8626250000000013
21,18,90,-413518.53,56.747837,4.669999999983702,2.4647099999999966
21,19,105,-413518.56,56.65746,4.64000000001397,2.374333
21,20,120,-413519.3,55.95208,3.900000000023283,1.668953000000002
21,21,135,-413520.28,55.34993,2.919999999983702,1.0668030000000002
21,22,150,-413520.94,55.520065,2.260000000009313,1.236938000000002
21,23,165,-413521.22,56.62369,1.9800000000395808,2.340563000000003
21,24,180,-413521.25,57.412838,1.9500000000116413,3.1297110000000004
22,1,-165,-300930.03,65.603325,0.2199999999720603,0.5545749999999998
22,2,-150,-300929.3,65.99964,0.9500000000116416,0.9508900000000011
22,3,-135,-300928.2,66.34438,2.0499999999883585,1.2956300000000027
22,4,-120,-300926.62,66.85669,3.6300000000046566,1.807940000000002
22,5,-105,-300924.9,67.38782,5.349999999976717,2.3390700000000066
22,6,-90,-300923.97,67.46769,6.28000000002794,2.4189400000000063
22,7,-75,-300924.44,67.200516,5.809999999997672,2.151765999999995
22,8,-60,-300925.97,66.60225,4.28000000002794,1.5534999999999997
22,9,-45,-300927.62,65.82869,2.6300000000046566,0.7799399999999963
22,10,-30,-300929.03,65.22925,1.2199999999720603,0.180499999999995
22,11,-15,-300929.94,65.04875,0.3099999999976717,0
22,12,0,-300930.25,65.2464,0,0.19764999999999588
22,13,15,-300930.03,65.60091,0.2199999999720603,0.5521600000000007
22,14,30,-300929.34,65.98462,0.9099999999743886,0.9358700000000084
22,15,45,-300928.25,66.2906,2,1.2418499999999995
22,16,60,-300926.7,66.80929,3.5499999999883585,1.760540000000006
22,17,75,-300924.97,67.36305,5.28000000002794,2.314300000000003
22,18,90,-300923.97,67.46742,6.28000000002794,2.418670000000006
22,19,105,-300924.44,67.20387,5.809999999997672,2.1551199999999966
22,20,120,-300925.9,66.62467,4.349999999976717,1.5759199999999964
22,21,135,-300927.6,65.87084,2.650000000023283,0.8220900000000029
22,22,150,-300929,65.26068,1.25,0.2119299999999953
22,23,165,-300929.94,65.06242,0.3099999999976717,0.013670000000004734
22,24,180,-300930.25,65.24119,0,0.19244000000000483
23,1,-165,-397592.4,89.35605,12.539999999979043,19.44941
23,2,-150,-397593.53,82.60269,11.409999999974389,12.69605
23,3,-135,-397594.3,79.7798,10.64000000001397,9.873159999999999
23,4,-120,-397594.78,79.45783,10.159999999974389,9.551190000000005
23,5,-105,-397594.62,79.17301,10.320000000006983,9.266370000000009
23,6,-90,-397593.84,81.01483,11.099999999976715,11.108190000000008
23,7,-75,-397592.25,88.82468,12.690000000002328,18.918040000000005
23,8,-60,-397593.06,86.88235,11.880000000004657,16.975710000000007
23,9,-45,-397594.62,82.61846,10.320000000006983,12.711820000000003
23,10,-30,-397597.4,76.90547,7.539999999979045,6.998829999999998
23,11,-15,-397600.53,73.72035,4.409999999974389,3.8137100000000004
23,12,0,-397604.06,69.90664,0.8800000000046566,0
23,13,15,-397604.94,71.49309,0,1.5864499999999992
23,14,30,-397604.62,73.54476,0.3200000000069849,3.6381200000000007
23,15,45,-397603.34,78.83259,1.599999999976717,8.92595
23,16,60,-397601.25,82.475426,3.690000000002328,12.568786000000003
23,17,75,-397602.25,81.91815,2.6900000000023283,12.011510000000001
23,18,90,-397602.78,77.04621,2.1599999999743886,7.139570000000006
23,19,105,-397602.84,73.80532,2.099999999976717,3.898679999999999
23,20,120,-397602.66,72.777916,2.28000000002794,2.871276000000009
23,21,135,-397600.66,73.9807,4.28000000002794,4.074060000000003
23,22,150,-397597.53,77.119934,7.409999999974389,7.213294000000005
23,23,165,-397594.72,82.67997,10.220000000030268,12.773330000000001
23,24,180,-397593.16,87.14813,11.78000000002794,17.24149
24,1,-165,-276877.72,18.443638,0.720000000030268,1.2085860000000004
24,2,-150,-276878.44,17.462847,0,0.2277950000000004
24,3,-135,-276878.34,17.235052,0.0999999999767169,0
24,4,-120,-276877.62,17.552732,0.8200000000069849,0.3176799999999993
24,5,-105,-276876.66,18.137478,1.7800000000279397,0.902426000000002
24,6,-90,-276876.16,18.534622,2.28000000002794,1.2995699999999992
24,7,-75,-276876.66,18.145157,1.7800000000279397,0.9101050000000015
24,8,-60,-276877.62,17.561419,0.8200000000069849,0.3263670000000012
24,9,-45,-276878.34,17.23665,0.0999999999767169,0.0015980000000013206
24,10,-30,-276878.44,17.45311,0,0.2180579999999992
24,11,-15,-276877.75,18.403786,0.6900000000023283,1.1687340000000006
24,12,0,-276876.97,19.665096,1.470000000030268,2.4300439999999988
24,13,15,-276877.75,18.403784,0.6900000000023283,1.168732000000002
24,14,30,-276878.44,17.450682,0,0.21563000000000088
24,15,45,-276878.34,17.236647,0.0999999999767169,0.0015950000000017894
24,16,60,-276877.62,17.56047,0.8200000000069849,0.3254179999999991
24,17,75,-276876.66,18.145157,1.7800000000279397,0.9101050000000015
24,18,90,-276876.16,18.532873,2.28000000002794,1.297820999999999
24,19,105,-276876.66,18.137474,1.7800000000279397,0.9024220000000014
24,20,120,-276877.62,17.552004,0.8200000000069849,0.31695200000000057
24,21,135,-276878.34,17.235054,0.0999999999767169,2.0000000020559128e-06
24,22,150,-276878.44,17.462847,0,0.2277950000000004
24,23,165,-276877.72,18.443638,0.720000000030268,1.2085860000000004
24,24,180,-276876.97,19.665092,1.470000000030268,2.4300400000000018
25,1,-165,-442780.8,-17.20579,0.6400000000139698,1.4293270000000007
25,2,-150,-442781.1,-17.829327,0.3400000000256113,0.8057900000000018
25,3,-135,-442781.3,-18.365128,0.1400000000139698,0.2699890000000025
25,4,-120,-442781.44,-18.630123,0,0.004993999999999943
25,5,-105,-442781.28,-18.483242,0.1599999999743886,0.15187500000000043
25,6,-90,-442780.62,-17.849728,0.8200000000069849,0.7853890000000021
25,7,-75,-442781.28,-18.475176,0.1599999999743886,0.1599409999999999
25,8,-60,-442781.4,-18.635117,0.0399999999790452,0
25,9,-45,-442781.28,-18.330143,0.1599999999743886,0.3049740000000014
25,10,-30,-442781.06,-17.79711,0.3800000000046566,0.8380070000000011
25,11,-15,-442780.72,-17.197515,0.720000000030268,1.4376020000000018
25,12,0,-442780.4,-16.687117,1.0399999999790452,1.9480000000000004
25,13,15,-442780.72,-17.197515,0.720000000030268,1.4376020000000018
25,14,30,-442781.06,-17.776785,0.3800000000046566,0.8583320000000008
25,15,45,-442781.28,-18.329742,0.1599999999743886,0.3053750000000015
25,16,60,-442781.4,-18.62973,0.0399999999790452,0.005387000000002473
25,17,75,-442781.28,-18.475262,0.1599999999743886,0.1598550000000003
25,18,90,-442780.62,-17.83584,0.8200000000069849,0.799277
25,19,105,-442781.28,-18.48337,0.1599999999743886,0.1517470000000003
25,20,120,-442781.44,-18.631884,0,0.0032330000000015957
25,21,135,-442781.3,-18.367771,0.1400000000139698,0.26734599999999986
25,22,150,-442781.1,-17.837746,0.3400000000256113,0.7973710000000018
25,23,165,-442780.8,-17.2196,0.6400000000139698,1.4155170000000012
25,24,180,-442780.44,-16.68396,1,1.951157000000002
26,1,-165,-512305.38,-49.42446,0.7199999999720603,6.614099999999993
26,2,-150,-512305.22,-47.385593,0.8800000000046566,8.652966999999997
26,3,-135,-512304.84,-44.14889,1.2599999999511056,11.889669999999995
26,4,-120,-512304.22,-40.564045,1.8800000000046568,15.474514999999997
26,5,-105,-512303.47,-37.06099,2.6300000000046566,18.97757
26,6,-90,-512302.88,-34.71305,3.2199999999720603,21.325509999999994
26,7,-75,-512303.22,-36.675102,2.8800000000046566,19.363457999999994
26,8,-60,-512304.38,-42.017086,1.7199999999720603,14.021473999999998
26,9,-45,-512305.47,-46.872417,0.6300000000046566,9.166142999999998
26,10,-30,-512306.1,-50.768288,0,5.2702719999999985
26,11,-15,-512306.06,-53.702595,0.0399999999790452,2.3359649999999945
26,12,0,-512305.72,-56.03856,0.3800000000046566,0
26,13,15,-512306.06,-53.755894,0.0399999999790452,2.282665999999999
26,14,30,-512306.1,-50.76679,0,5.2717699999999965
26,15,45,-512305.47,-46.841106,0.6300000000046566,9.197453999999993
26,16,60,-512304.38,-42.01126,1.7199999999720603,14.027299999999997
26,17,75,-512303.22,-36.709137,2.8800000000046566,19.329423
26,18,90,-512302.88,-34.71293,3.2199999999720603,21.325629999999997
26,19,105,-512303.47,-37.12599,2.6300000000046566,18.912569999999995
26,20,120,-512304.22,-40.589073,1.8800000000046568,15.449486999999998
26,21,135,-512304.84,-44.14628,1.2599999999511056,11.89228
26,22,150,-512305.22,-47.384033,0.8800000000046566,8.654526999999995
26,23,165,-512305.38,-49.424366,0.7199999999720603,6.614193999999998
26,24,180,-512305.12,-49.439938,0.9799999999813735,6.598621999999999
27,1,-165,-442697.84,-34.11232,0.7599999999511056,1.1216050000000024
27,2,-150,-442697.5,-32.516563,1.099999999976717,2.7173620000000014
27,3,-135,-442696.12,-31.131876,2.479999999981373,4.102049000000001
27,4,-120,-442694.88,-28.299595,3.71999999997206,6.934329999999999
27,5,-105,-442693.97,-23.945267,4.630000000004657,11.288657999999998
27,6,-90,-442692.78,-20.647211,5.819999999948777,14.586714
27,7,-75,-442689.56,-21.394855,9.039999999979043,13.83907
27,8,-60,-442693.03,-25.28508,5.569999999948777,9.948844999999999
27,9,-45,-442695.72,-28.68209,2.8800000000046566,6.5518350000000005
27,10,-30,-442697.56,-30.731401,1.0399999999790452,4.5025239999999975
27,11,-15,-442698.4,-32.8168,0.1999999999534338,2.4171249999999986
27,12,0,-442698.6,-33.873127,0,1.3607980000000026
27,13,15,-442698.4,-32.81616,0.1999999999534338,2.4177649999999957
27,14,30,-442697.56,-30.726131,1.0399999999790452,4.5077940000000005
27,15,45,-442695.72,-28.685324,2.8800000000046566,6.548600999999998
27,16,60,-442693.03,-25.272764,5.569999999948777,9.961161
27,17,75,-442689.56,-21.399801,9.039999999979043,13.834124
27,18,90,-442692.78,-20.658068,5.819999999948777,14.575857
27,19,105,-442693.97,-23.940659,4.630000000004657,11.293266
27,20,120,-442694.88,-28.293304,3.71999999997206,6.940621
27,21,135,-442696.12,-31.131968,2.479999999981373,4.101956999999999
27,22,150,-442697.5,-32.51497,1.099999999976717,2.718955000000001
27,23,165,-442697.84,-34.119972,0.7599999999511056,1.1139530000000022
27,24,180,-442697.56,-35.233925,1.0399999999790452,0
28,1,-165,-355821.56,-238.30139,6.409999999974389,6.18762000000001
28,2,-150,-355821.28,-238.54341,6.689999999944121,5.945600000000013
28,3,-135,-355820.53,-239.71776,7.439999999944121,4.771250000000009
28,4,-120,-355823.88,-241.34187,4.089999999967404,3.1471400000000074
28,5,-105,-355826.56,-243.73512,1.4099999999743886,0.7538900000000126
28,6,-90,-355827.97,-244.48901,0,0
28,7,-75,-355821.47,-238.83846,6.5,5.65055000000001
28,8,-60,-355827.5,-242.95425,0.4699999999720603,1.5347600000000057
28,9,-45,-355822.66,-238.02759,5.309999999997672,6.461420000000004
28,10,-30,-355821.06,-237.61311,6.909999999974389,6.8759000000000015
28,11,-15,-355819.75,-236.1877,8.21999999997206,8.30131
28,12,0,-355818.84,-234.73111,9.129999999946447,9.757900000000006
28,13,15,-355819.75,-235.99492,8.21999999997206,8.49409
28,14,30,-355821.06,-237.60724,6.909999999974389,6.881770000000017
28,15,45,-355822.66,-238.01414,5.309999999997672,6.47487000000001
28,16,60,-355827.5,-243.01479,0.4699999999720603,1.4742200000000025
28,17,75,-355821.5,-238.93314,6.46999999997206,5.555869999999999
28,18,90,-355827.97,-244.43839,0,0.05062000000000921
28,19,105,-355826.56,-243.64163,1.4099999999743886,0.8473800000000153
28,20,120,-355823.84,-241.40117,4.129999999946449,3.08784
28,21,135,-355820.53,-239.65276,7.439999999944121,4.836250000000007
28,22,150,-355821.28,-238.54012,6.689999999944121,5.948890000000006
28,23,165,-355821.56,-238.23827,6.409999999974389,6.2507400000000075
28,24,180,-355821.44,-237.96812,6.529999999969732,6.5208900000000085
29,1,-165,-450770.9,35.647575,8.539999999979045,11.973312000000004
29,2,-150,-450772.8,31.84983,6.64000000001397,8.175567000000001
29,3,-135,-450775.9,28.477905,3.539999999979045,4.803642
29,4,-120,-450778,26.621378,1.4400000000023283,2.947115
29,5,-105,-450779.1,26.102066,0.3400000000256113,2.427803000000001
29,6,-90,-450779.44,25.696205,0,2.0219419999999992
29,7,-75,-450779.03,25.323063,0.4099999999743886,1.6488000000000014
29,8,-60,-450778.1,25.093939,1.3400000000256114,1.419675999999999
29,9,-45,-450776.4,24.021358,3.039999999979045,0.3470949999999995
29,10,-30,-450775.62,24.770403,3.820000000006985,1.096140000000002
29,11,-15,-450775.12,25.335495,4.320000000006985,1.6612320000000018
29,12,0,-450774.97,26.170715,4.470000000030268,2.4964520000000014
29,13,15,-450775.12,25.326422,4.320000000006985,1.652159000000001
29,14,30,-450775.62,24.768223,3.820000000006985,1.0939599999999992
29,15,45,-450776.4,24.030455,3.039999999979045,0.35619200000000006
29,16,60,-450777.25,23.674263,2.1900000000023283,0
29,17,75,-450777.72,23.682304,1.720000000030268,0.008040999999998633
29,18,90,-450777.62,23.817045,1.820000000006985,0.1427820000000004
29,19,105,-450777.16,25.254183,2.28000000002794,1.5799200000000013
29,20,120,-450778,26.615616,1.4400000000023283,2.9413529999999994
29,21,135,-450774.72,28.7901,4.720000000030268,5.115836999999999
29,22,150,-450772.8,31.84765,6.64000000001397,8.173387000000002
29,23,165,-450770.9,35.642254,8.539999999979045,11.967991000000001
29,24,180,-450769.84,38.77029,9.599999999976715,15.096027000000003
30,1,-165,-524878.6,-201.52313,0.5999999999767169,4.263919999999985
30,2,-150,-524877.5,-197.95525,1.699999999953434,7.831799999999987
30,3,-135,-524876.5,-195.97435,2.699999999953434,9.812700000000007
30,4,-120,-524874.25,-200.2675,4.949999999953434,5.519549999999981
30,5,-105,-524874.8,-201.48782,4.399999999906868,4.299229999999994
30,6,-90,-524876.2,-203.02087,3,2.7661799999999914
30,7,-75,-524877.56,-204.07063,1.6399999998975543,1.7164199999999994
30,8,-60,-524878,-203.09122,1.199999999953434,2.695830000000001
30,9,-45,-524877.56,-200.64684,1.6399999998975543,5.140209999999996
30,10,-30,-524876.75,-197.58331,2.449999999953434,8.203739999999982
30,11,-15,-524876.25,-195.78145,2.949999999953434,10.005599999999987
30,12,0,-524876.4,-195.74062,2.799999999930151,10.046429999999987
30,13,15,-524877.2,-197.2865,2,8.500550000000004
30,14,30,-524878.3,-200.53314,0.8999999999068677,5.2539099999999905
30,15,45,-524879.1,-203.80104,0.0999999999767169,1.9860099999999932
30,16,60,-524879.06,-205.00851,0.1399999998975545,0.7785399999999925
30,17,75,-524877.9,-204.99068,1.2999999999301508,0.796369999999996
30,18,90,-524875.94,-203.29431,3.260000000009313,2.4927399999999977
30,19,105,-524874.44,-201.37508,4.760000000009313,4.411969999999997
30,20,120,-524874.06,-200.92671,5.1399999998975545,4.8603399999999795
30,21,135,-524875.4,-202.63873,3.799999999930151,3.148319999999984
30,22,150,-524877.3,-204.56668,1.899999999906868,1.2203700000000026
30,23,165,-524878.9,-205.78705,0.2999999999301508,0
30,24,180,-524879.2,-204.56238,0,1.2246700000000033
31,1,-165,-335618.34,14.764505,1.7199999999720603,2.4915909999999997
31,2,-150,-335619.28,13.689982,0.779999999969732,1.4170680000000004
31,3,-135,-335619.88,12.898307,0.179999999993015,0.6253930000000008
31,4,-120,-335620.06,12.419036,0,0.14612200000000009
31,5,-105,-335619.66,12.272914,0.400000000023283,0
31,6,-90,-335618.6,12.515177,1.4600000000209548,0.24226299999999945
31,7,-75,-335618,17.37529,2.059999999997672,5.102376
31,8,-60,-335617.22,17.7508,2.840000000025612,5.477886000000002
31,9,-45,-335615.3,18.12033,4.760000000009313,5.847415999999999
31,10,-30,-335613.34,18.479605,6.71999999997206,6.206690999999999
31,11,-15,-335612,19.126734,8.059999999997672,6.853819999999999
31,12,0,-335611.22,19.15612,8.840000000025611,6.883206000000001
31,13,15,-335611.97,19.02974,8.090000000025611,6.756826
31,14,30,-335613.34,18.557045,6.71999999997206,6.284130999999999
31,15,45,-335615.28,18.102118,4.779999999969732,5.829204000000001
31,16,60,-335617.22,17.733637,2.840000000025612,5.4607230000000015
31,17,75,-335618,17.37529,2.059999999997672,5.102376
31,18,90,-335618.6,12.514961,1.4600000000209548,0.24204699999999946
31,19,105,-335619.66,12.272914,0.400000000023283,0
31,20,120,-335620.06,12.419042,0,0.14612799999999915
31,21,135,-335619.88,12.912256,0.179999999993015,0.6393419999999992
31,22,150,-335619.28,13.721969,0.779999999969732,1.4490549999999995
31,23,165,-335618.34,14.72316,1.7199999999720603,2.450246
31,24,180,-335617.12,15.852303,2.9400000000023283,3.579388999999999
32,1,-165,-529927.94,3.946759,0,2.9729056000000003
32,2,-150,-529927.9,2.2609637,0.0399999999208375,1.2871103000000002
32,3,-135,-529927.25,1.148731,0.6899999999441206,0.17487759999999997
32,4,-120,-529926.5,1.3390201,1.4399999999441206,0.36516669999999996
32,5,-105,-529925.9,0.9741041,2.0399999999208376,0.0002507000000000481
32,6,-90,-529925.4,1.2275221,2.5399999999208376,0.2536687000000001
32,7,-75,-529925.25,1.5082382,2.6899999999441206,0.5343848000000001
32,8,-60,-529925.56,1.7704637,2.3799999998882413,0.7966103000000001
32,9,-45,-529925.9,2.2325115,2.0399999999208376,1.2586581000000003
32,10,-30,-529926.2,2.974009,1.7399999999906868,2.0001556000000003
32,11,-15,-529926.25,4.0866284,1.6899999999441206,3.1127750000000005
32,12,0,-529926.1,4.6624627,1.839999999967404,3.6886093
32,13,15,-529926.25,4.086164,1.6899999999441206,3.1123106000000003
32,14,30,-529926.2,2.9740102,1.7399999999906868,2.0001568
32,15,45,-529925.9,2.2325115,2.0399999999208376,1.2586581000000003
32,16,60,-529925.56,1.770925,2.3799999998882413,0.7970716000000001
32,17,75,-529925.25,1.5082396,2.6899999999441206,0.5343862
32,18,90,-529925.4,1.2285058,2.5399999999208376,0.2546524
32,19,105,-529925.9,0.9738534,2.0399999999208376,0
32,20,120,-529926.5,1.3354696,1.4399999999441206,0.36161619999999994
32,21,135,-529927.25,1.1451049,0.6899999999441206,0.1712515
32,22,150,-529927.9,2.2609625,0.0399999999208375,1.2871091000000003
32,23,165,-529927.94,3.9451196,0,2.9712662
32,24,180,-529927.9,4.9296074,0.0399999999208375,3.955754
33,1,-165,-362615.5,49.361057,2.099999999976717,0.5531800000000047
33,2,-150,-362613.56,51.27767,4.039999999979045,2.469793000000003
33,3,-135,-362611.78,54.229195,5.819999999948777,5.421317999999999
33,4,-120,-362612.78,57.669273,4.819999999948777,8.861396
33,5,-105,-362613.53,55.38495,4.069999999948777,6.577073000000006
33,6,-90,-362613.9,54.268707,3.699999999953434,5.460830000000001
33,7,-75,-362613.5,55.01515,4.099999999976717,6.207273000000001
33,8,-60,-362612.8,53.59021,4.799999999988359,4.782333000000001
33,9,-45,-362613.56,52.850353,4.039999999979045,4.042476000000001
33,10,-30,-362613.44,52.986084,4.159999999974389,4.1782070000000004
33,11,-15,-362612.78,54.5127,4.819999999948777,5.704823000000005
33,12,0,-362612.06,55.637516,5.539999999979045,6.829639
33,13,15,-362612.06,56.57657,5.539999999979045,7.768692999999999
33,14,30,-362614.12,53.266983,3.479999999981373,4.459106000000006
33,15,45,-362616.06,51.376186,1.5399999999790452,2.5683089999999993
33,16,60,-362617.1,51.08337,0.5,2.2754930000000044
33,17,75,-362617.16,52.431046,0.4400000000023283,3.6231690000000043
33,18,90,-362616.88,55.574013,0.7199999999720603,6.766136000000003
33,19,105,-362617.12,55.680035,0.4799999999813735,6.872157999999999
33,20,120,-362617.47,54.69962,0.1300000000046566,5.891743000000005
33,21,135,-362617.6,53.302315,0,4.494438000000002
33,22,150,-362617.1,52.457844,0.5,3.6499670000000037
33,23,165,-362616.75,49.154984,0.8499999999767169,0.34710700000000116
33,24,180,-362616.62,48.807877,0.9799999999813735,0
34,1,-165,-373440.78,10.030042,2.8199999999487773,3.0945275
34,2,-150,-373439.75,11.2564,3.849999999976717,4.320885499999999
34,3,-135,-373438,13.794679,5.599999999976717,6.8591645
34,4,-120,-373436.16,18.68331,7.440000000002328,11.747795499999999
34,5,-105,-373434.5,21.746006,9.099999999976715,14.810491500000001
34,6,-90,-373433.9,23.079018,9.699999999953434,16.1435035
34,7,-75,-373435.4,19.504625,8.199999999953434,12.5691105
34,8,-60,-373437.72,15.349572,5.880000000004657,8.4140575
34,9,-45,-373440.2,10.295792,3.3999999999650754,3.3602775000000005
34,10,-30,-373442.22,7.9452624,1.3800000000046566,1.0097478999999998
34,11,-15,-373443.28,7.056321,0.3199999999487772,0.1208064999999996
34,12,0,-373443.6,6.9355145,0,0
34,13,15,-373443.28,7.0550127,0.3199999999487772,0.11949819999999978
34,14,30,-373442.22,7.934086,1.3800000000046566,0.9985714999999997
34,15,45,-373440.22,10.319534,3.3800000000046566,3.384019500000001
34,16,60,-373437.72,15.33898,5.880000000004657,8.4034655
34,17,75,-373435.4,19.424507,8.199999999953434,12.488992499999998
34,18,90,-373433.9,23.056639,9.699999999953434,16.1211245
34,19,105,-373434.5,21.729591,9.099999999976715,14.7940765
34,20,120,-373436.16,18.715645,7.440000000002328,11.780130499999999
34,21,135,-373438,13.7479105,5.599999999976717,6.812396
34,22,150,-373439.75,11.2551365,3.849999999976717,4.319622000000001
34,23,165,-373440.78,10.033447,2.8199999999487773,3.0979325000000006
34,24,180,-373441.06,9.969563,2.539999999979045,3.034048500000001
35,1,-165,-193826.47,16.486002,3.559999999997672,3.188395
35,2,-150,-193825.5,17.96364,4.529999999998836,4.666033000000002
35,3,-135,-193824.64,19.288729,5.389999999984866,5.991122000000001
35,4,-120,-193824.6,19.437256,5.429999999993015,6.139649000000002
35,5,-105,-193825.73,18.35779,4.299999999988359,5.060183000000002
35,6,-90,-193827.55,16.431368,2.4800000000104774,3.133761
35,7,-75,-193829.25,14.466472,0.7799999999988358,1.1688650000000003
35,8,-60,-193830.03,13.297611,0,4.000000000559112e-06
35,9,-45,-193829.25,13.3186245,0.7799999999988358,0.02101750000000102
35,10,-30,-193827.19,14.374533,2.8399999999965075,1.0769260000000003
35,11,-15,-193825.02,15.661845,5.010000000009313,2.3642380000000003
35,12,0,-193824.06,16.060148,5.970000000001164,2.7625410000000024
35,13,15,-193825.02,15.663793,5.010000000009313,2.366186000000001
35,14,30,-193827.19,14.37617,2.8399999999965075,1.0785630000000008
35,15,45,-193829.25,13.318662,0.7799999999988358,0.02105500000000049
35,16,60,-193830.03,13.297607,0,0
35,17,75,-193829.25,14.466471,0.7799999999988358,1.168864000000001
35,18,90,-193827.55,16.431372,2.4800000000104774,3.1337650000000004
35,19,105,-193825.73,18.357788,4.299999999988359,5.060181
35,20,120,-193824.6,19.437256,5.429999999993015,6.139649000000002
35,21,135,-193824.64,19.288929,5.389999999984866,5.991322
35,22,150,-193825.5,17.963139,4.529999999998836,4.6655320000000025
35,23,165,-193826.47,16.486002,3.559999999997672,3.188395
35,24,180,-193826.84,15.8678,3.1900000000023283,2.5701930000000015
36,1,-165,-361208.03,2.783126,1,1.2920468000000003
36,2,-150,-361208.2,3.0860043,0.8300000000162981,1.5949251
36,3,-135,-361208.25,3.2975955,0.7800000000279397,1.8065163
36,4,-120,-361208.34,3.4728265,0.6900000000023283,1.9817473
36,5,-105,-361208.56,3.40846,0.470000000030268,1.9173807999999999
36,6,-90,-361208.88,3.143801,0.150000000023283,1.6527218
36,7,-75,-361209.03,2.6544294,0,1.1633502000000002
36,8,-60,-361208.94,2.0217261,0.0900000000256113,0.5306469
36,9,-45,-361208.5,1.5822641,0.5300000000279397,0.09118490000000001
36,10,-30,-361207.88,1.4910792,1.150000000023283,0
36,11,-15,-361207.22,1.7105149,1.8100000000558796,0.2194357
36,12,0,-361206.75,2.0366318,2.28000000002794,0.5455525999999999
36,13,15,-361207.22,1.7100526,1.8100000000558796,0.2189734000000001
36,14,30,-361207.88,1.4926155,1.150000000023283,0.001536300000000157
36,15,45,-361208.5,1.583298,0.5300000000279397,0.09221880000000016
36,16,60,-361208.94,2.0222578,0.0900000000256113,0.5311786000000003
36,17,75,-361209.03,2.6546044,0,1.1635252000000003
36,18,90,-361208.88,3.143803,0.150000000023283,1.6527238000000002
36,19,105,-361208.56,3.408645,0.470000000030268,1.9175658
36,20,120,-361208.34,3.4730353,0.6900000000023283,1.9819560999999999
36,21,135,-361208.25,3.2936661,0.7800000000279397,1.8025868999999999
36,22,150,-361208.2,3.0877202,0.8300000000162981,1.5966410000000002
36,23,165,-361208.03,2.7845192,1,1.2934400000000001
36,24,180,-361207.66,2.3839018,1.370000000053551,0.8928225999999999
37,1,-165,-335819.94,-40.667503,11.340000000025611,12.393741999999996
37,2,-150,-335822.44,-47.385498,8.840000000025611,5.675747000000001
37,3,-135,-335825.3,-50.33927,5.980000000039581,2.7219750000000005
37,4,-120,-335827.22,-52.137928,4.060000000055879,0.9233169999999973
37,5,-105,-335828.22,-52.580883,3.06000000005588,0.4803619999999995
37,6,-90,-335828.4,-52.2502,2.8800000000046566,0.811045
37,7,-75,-335827.97,-51.45518,3.31000000005588,1.606065000000001
37,8,-60,-335827.28,-50.830734,4,2.230511
37,9,-45,-335827.16,-49.48895,4.120000000053551,3.572294999999997
37,10,-30,-335827.62,-51.59058,3.660000000032596,1.4706649999999968
37,11,-15,-335828.03,-53.061245,3.25,0
37,12,0,-335831.28,-52.524574,0,0.5366709999999983
37,13,15,-335831.12,-51.7798,0.1600000000325963,1.281444999999998
37,14,30,-335827.62,-51.60306,3.660000000032596,1.4581850000000003
37,15,45,-335827.16,-49.502476,4.120000000053551,3.558768999999998
37,16,60,-335827.28,-50.742348,4,2.3188969999999998
37,17,75,-335827.97,-51.46902,3.31000000005588,1.5922249999999991
37,18,90,-335828.4,-52.24783,2.8800000000046566,0.8134149999999991
37,19,105,-335828.22,-52.5827,3.06000000005588,0.4785449999999969
37,20,120,-335827.22,-52.11847,4.060000000055879,0.9427749999999975
37,21,135,-335825.28,-50.455288,6,2.6059569999999965
37,22,150,-335822.5,-47.122456,8.78000000002794,5.938789
37,23,165,-335819.88,-40.938217,11.400000000023285,12.123027999999998
37,24,180,-335819.06,-38.012222,12.220000000030268,15.049022999999998
38,1,-165,-375091.78,30.312843,12.779999999969732,12.642618000000002
38,2,-150,-375094.88,31.289593,9.679999999993017,13.619368000000001
38,3,-135,-375096.62,30.4887,7.940000000002328,12.818475000000003
38,4,-120,-375097.4,30.899336,7.159999999974389,13.229111000000003
38,5,-105,-375097.62,31.670305,6.940000000002328,14.00008
38,6,-90,-375098.44,30.149767,6.119999999995343,12.479542000000002
38,7,-75,-375100.1,27.464838,4.460000000020955,9.794613000000002
38,8,-60,-375101.78,24.695726,2.779999999969732,7.025501000000002
38,9,-45,-375103.22,21.999166,1.3400000000256114,4.328941
38,10,-30,-375104.16,19.940134,0.400000000023283,2.269909000000002
38,11,-15,-375104.56,18.466726,0,0.7965010000000028
38,12,0,-375104.4,17.670225,0.1599999999743886,0
38,13,15,-375104.56,18.480808,0,0.8105830000000012
38,14,30,-375104.16,19.962421,0.400000000023283,2.2921960000000006
38,15,45,-375103.22,21.990883,1.3400000000256114,4.320658000000002
38,16,60,-375101.78,24.695839,2.779999999969732,7.025614000000001
38,17,75,-375100.1,27.446693,4.460000000020955,9.776468000000001
38,18,90,-375098.44,30.151287,6.119999999995343,12.481062000000001
38,19,105,-375097.62,31.684237,6.940000000002328,14.014012000000001
38,20,120,-375097.4,30.889442,7.159999999974389,13.219217
38,21,135,-375096.62,30.50703,7.940000000002328,12.836805000000002
38,22,150,-375094.88,31.281376,9.679999999993017,13.611151000000003
38,23,165,-375091.78,30.275858,12.779999999969732,12.605633000000001
38,24,180,-375089.72,33.86605,14.840000000025611,16.195825000000003
39,1,-165,-289471.28,4.814303,2.75,0.29645929999999954
39,2,-150,-289470.88,5.615599,3.150000000023283,1.0977552999999993
39,3,-135,-289470.56,6.5642524,3.470000000030268,2.0464086999999997
39,4,-120,-289471,6.823924,3.03000000002794,2.3060802999999996
39,5,-105,-289472.53,5.8996444,1.5,1.3818006999999994
39,6,-90,-289473.8,4.933432,0.2300000000395812,0.4155882999999996
39,7,-75,-289474.03,4.5402718,0,0.02242809999999995
39,8,-60,-289473.16,4.7284193,0.870000000053551,0.21057559999999942
39,9,-45,-289471.5,5.7878613,2.53000000002794,1.2700176
39,10,-30,-289469.56,7.5341167,4.470000000030268,3.016273
39,11,-15,-289468,9.243307,6.03000000002794,4.7254632999999995
39,12,0,-289467.25,10.277945,6.78000000002794,5.7601013000000005
39,13,15,-289468,9.243216,6.03000000002794,4.7253723
39,14,30,-289469.56,7.534118,4.470000000030268,3.0162743
39,15,45,-289471.5,5.7878633,2.53000000002794,1.2700195999999995
39,16,60,-289473.16,4.7284193,0.870000000053551,0.21057559999999942
39,17,75,-289474.03,4.54027,0,0.022426299999999344
39,18,90,-289473.8,4.9346447,0.2300000000395812,0.41680099999999953
39,19,105,-289472.53,5.8996453,1.5,1.3818016000000002
39,20,120,-289471,6.8237495,3.03000000002794,2.3059057999999997
39,21,135,-289470.56,6.5642543,3.470000000030268,2.0464105999999997
39,22,150,-289470.88,5.615744,3.150000000023283,1.0979003
39,23,165,-289471.28,4.814302,2.75,0.2964582999999994
39,24,180,-289471.47,4.5178437,2.56000000005588,0
40,1,-165,-298536.1,-177.36646,0,3.933390000000003
40,2,-150,-298535.94,-177.22702,0.1599999999743886,4.072829999999982
40,3,-135,-298535.6,-176.97232,0.5,4.327529999999996
40,4,-120,-298535.2,-177.15572,0.8999999999650754,4.14412999999999
40,5,-105,-298535.03,-178.11464,1.0699999999487773,3.1852099999999837
40,6,-90,-298535.44,-179.6192,0.6599999999743886,1.6806499999999858
40,7,-75,-298535.94,-180.82797,0.1599999999743886,0.47187999999999874
40,8,-60,-298535.84,-181.29985,0.2599999999511055,0
40,9,-45,-298535.03,-180.68353,1.0699999999487773,0.6163200000000018
40,10,-30,-298533.94,-179.35327,2.1599999999743886,1.946579999999983
40,11,-15,-298533,-177.90453,3.099999999976717,3.395319999999998
40,12,0,-298532.4,-176.96452,3.699999999953434,4.335329999999999
40,13,15,-298532.4,-176.95863,3.699999999953434,4.341219999999993
40,14,30,-298532.94,-177.78297,3.1599999999743886,3.5168799999999862
40,15,45,-298533.97,-179.1053,2.1300000000046566,2.1945499999999925
40,16,60,-298535.1,-180.11165,1,1.1881999999999948
40,17,75,-298535.72,-180.1627,0.3800000000046566,1.1371499999999912
40,18,90,-298535.72,-179.2766,0.3800000000046566,2.0232499999999902
40,19,105,-298535.4,-178.1538,0.6999999999534339,3.1460500000000025
40,20,120,-298535.1,-177.09253,1,4.2073199999999815
40,21,135,-298534.94,-176.67142,1.1599999999743886,4.62842999999998
40,22,150,-298535.16,-176.80376,0.9400000000023284,4.496089999999981
40,23,165,-298535.6,-177.09267,0.5,4.207179999999994
40,24,180,-298535.97,-177.26418,0.1300000000046566,4.035669999999982
41,1,-165,-440003.75,-71.15956,0.4699999999720603,0.005160000000003606
41,2,-150,-440002.56,-68.901344,1.6599999999743886,2.263376000000008
41,3,-135,-440000.62,-65.424835,3.599999999976717,5.739885000000001
41,4,-120,-439998.16,-61.569275,6.059999999997672,9.595445000000005
41,5,-105,-439995.53,-57.457195,8.68999999994412,13.707525000000004
41,6,-90,-439995.8,-52.089188,8.419999999983702,19.075532000000003
41,7,-75,-439998.12,-55.850437,6.099999999976717,15.314283000000003
41,8,-60,-439999.75,-58.588978,4.46999999997206,12.575742000000005
41,9,-45,-440000.56,-60.73679,3.6599999999743886,10.427930000000003
41,10,-30,-440000.7,-61.632675,3.519999999960419,9.532045000000004
41,11,-15,-440000.38,-61.22281,3.839999999967404,9.94191
41,12,0,-439999.88,-57.112305,4.339999999967404,14.052415000000003
41,13,15,-440000.38,-61.22529,3.839999999967404,9.939430000000002
41,14,30,-440000.7,-61.63242,3.519999999960419,9.5323
41,15,45,-440000.56,-60.779694,3.6599999999743886,10.385026000000003
41,16,60,-439999.75,-58.810944,4.46999999997206,12.353776000000003
41,17,75,-439998.12,-55.835285,6.099999999976717,15.329435000000004
41,18,90,-439995.8,-52.085224,8.419999999983702,19.079496000000006
41,19,105,-439995.53,-57.445335,8.68999999994412,13.719385000000003
41,20,120,-439998.16,-61.561962,6.059999999997672,9.602758000000001
41,21,135,-440000.62,-65.42585,3.599999999976717,5.738870000000006
41,22,150,-440002.56,-68.861084,1.6599999999743886,2.3036359999999974
41,23,165,-440003.75,-71.16472,0.4699999999720603,0
41,24,180,-440004.22,-70.98254,0,0.18218000000000245
42,1,-165,-350266.62,-17.783857,4.760000000009313,5.56917
42,2,-150,-350267.06,-17.220589,4.320000000006985,6.1324380000000005
42,3,-135,-350266.28,-17.729986,5.099999999976717,5.623041000000001
42,4,-120,-350268.47,-18.72092,2.9100000000325963,4.632107000000001
42,5,-105,-350270.25,-20.769896,1.1300000000046566,2.5831310000000016
42,6,-90,-350271.28,-22.613272,0.0999999999767169,0.7397550000000024
42,7,-75,-350271.38,-23.353027,0,0
42,8,-60,-350270.7,-22.942316,0.6799999999930151,0.41071099999999916
42,9,-45,-350269.62,-21.84661,1.7600000000093132,1.5064170000000026
42,10,-30,-350268.94,-22.371431,2.4400000000023283,0.9815959999999997
42,11,-15,-350268.1,-19.98443,3.28000000002794,3.368597000000001
42,12,0,-350267.44,-19.21713,3.940000000002328,4.135897
42,13,15,-350266.62,-17.864775,4.760000000009313,5.488251999999999
42,14,30,-350267,-17.186188,4.380000000004657,6.1668389999999995
42,15,45,-350266.1,-17.689508,5.28000000002794,5.663519000000001
42,16,60,-350268.5,-18.725534,2.8800000000046566,4.627493000000001
42,17,75,-350270.34,-20.872417,1.0399999999790452,2.480610000000002
42,18,90,-350271.3,-22.71106,0.0800000000162981,0.6419670000000011
42,19,105,-350271.38,-23.344147,0,0.008880000000001331
42,20,120,-350270.78,-22.980017,0.5999999999767169,0.37301000000000073
42,21,135,-350269.84,-21.94916,1.5399999999790452,1.4038670000000018
42,22,150,-350268.9,-20.838694,2.479999999981373,2.5143330000000006
42,23,165,-350268.16,-20.014269,3.220000000030268,3.338758000000002
42,24,180,-350267.4,-19.191029,3.9799999999813735,4.1619980000000005
43,1,-165,-393432.1,-13.831012,0.150000000023283,2.630727000000002
43,2,-150,-393432.25,-15.521156,0,0.940583000000002
43,3,-135,-393431.62,-16.369173,0.6300000000046566,0.09256600000000148
43,4,-120,-393430.38,-16.461739,1.8699999999953436,0
43,5,-105,-393428.88,-15.805548,3.3699999999953434,0.6561910000000015
43,6,-90,-393427.88,-14.630226,4.369999999995343,1.831513000000001
43,7,-75,-393428.56,-14.835973,3.690000000002328,1.6257660000000023
43,8,-60,-393430.03,-14.824015,2.2199999999720603,1.6377240000000022
43,9,-45,-393431.3,-14.472487,0.9500000000116416,1.9892520000000022
43,10,-30,-393432.03,-13.791895,0.2199999999720603,2.669844000000001
43,11,-15,-393432.16,-12.684319,0.0900000000256113,3.777420000000001
43,12,0,-393432,-11.646292,0.25,4.815447000000001
43,13,15,-393432.16,-12.684319,0.0900000000256113,3.777420000000001
43,14,30,-393432.03,-13.791903,0.2199999999720603,2.669836000000002
43,15,45,-393431.3,-14.472487,0.9500000000116416,1.9892520000000022
43,16,60,-393430.03,-14.824015,2.2199999999720603,1.6377240000000022
43,17,75,-393428.56,-14.778578,3.690000000002328,1.683161000000002
43,18,90,-393427.88,-14.63205,4.369999999995343,1.829689000000002
43,19,105,-393428.88,-15.807152,3.3699999999953434,0.6545870000000011
43,20,120,-393430.38,-16.461739,1.8699999999953436,0
43,21,135,-393431.62,-16.35824,0.6300000000046566,0.1034990000000029
43,22,150,-393432.25,-15.522604,0,0.939135000000002
43,23,165,-393432.1,-13.831012,0.150000000023283,2.630727000000002
43,24,180,-393431.25,-9.39467,1,7.067069000000002
44,1,-165,-337946.22,58.780884,1.2800000000279397,0.5943439999999995
44,2,-150,-337943.8,59.88606,3.7000000000116415,1.6995199999999997
44,3,-135,-337941.1,61.15455,6.400000000023283,2.9680099999999996
44,4,-120,-337939.8,63.17872,7.7000000000116415,4.992179999999998
44,5,-105,-337942.34,65.02402,5.159999999974389,6.837479999999992
44,6,-90,-337944.84,62.275444,2.6599999999743886,4.088903999999999
44,7,-75,-337946.6,60.07918,0.9000000000232831,1.89264
44,8,-60,-337944.56,60.36027,2.9400000000023283,2.173729999999999
44,9,-45,-337943.66,60.718967,3.8400000000256114,2.5324269999999984
44,10,-30,-337941.94,62.116817,5.559999999997672,3.9302769999999967
44,11,-15,-337940.12,62.795868,7.380000000004657,4.609327999999998
44,12,0,-337940.5,61.80139,7,3.614849999999997
44,13,15,-337942.4,60.547398,5.099999999976717,2.3608580000000003
44,14,30,-337944.72,59.255753,2.78000000002794,1.0692129999999977
44,15,45,-337946.56,58.383602,0.9400000000023284,0.1970620000000025
44,16,60,-337947.3,58.18654,0.2000000000116415,0
44,17,75,-337946.78,58.717747,0.7199999999720603,0.531207000000002
44,18,90,-337945.12,60.152813,2.3800000000046566,1.966273000000001
44,19,105,-337942.56,63.024776,4.940000000002328,4.838236000000002
44,20,120,-337941.44,65.25507,6.059999999997672,7.068530000000003
44,21,135,-337944.22,61.044655,3.28000000002794,2.858114999999998
44,22,150,-337946.3,59.052773,1.2000000000116415,0.8662330000000011
44,23,165,-337947.44,58.372078,0.0599999999976716,0.1855380000000011
44,24,180,-337947.5,58.26268,0,0.07614000000000232
45,1,-165,-684800.44,-18.87076,2.06000000005588,3.574663000000001
45,2,-150,-684801.5,-20.680468,1,1.7649550000000005
45,3,-135,-684802.2,-21.877054,0.3000000000465661,0.5683690000000006
45,4,-120,-684802.4,-22.265821,0.0999999999767169,0.1796020000000027
45,5,-105,-684802.3,-22.171535,0.1999999999534338,0.273888000000003
45,6,-90,-684802.3,-22.106972,0.1999999999534338,0.3384510000000027
45,7,-75,-684802.44,-22.285395,0.0600000000558793,0.1600280000000005
45,8,-60,-684802.5,-22.445423,0,0
45,9,-45,-684802.25,-21.984428,0.25,0.4609950000000005
45,10,-30,-684801.5,-20.550179,1,1.8952440000000017
45,11,-15,-684800.44,-18.457226,2.06000000005588,3.988197000000003
45,12,0,-684799.8,-17.20277,2.699999999953434,5.242653000000001
45,13,15,-684800.44,-18.457218,2.06000000005588,3.9882050000000007
45,14,30,-684801.5,-20.550179,1,1.8952440000000017
45,15,45,-684802.25,-21.984428,0.25,0.4609950000000005
45,16,60,-684802.5,-22.445423,0,0
45,17,75,-684802.44,-22.28767,0.0600000000558793,0.15775300000000314
45,18,90,-684802.3,-22.106968,0.1999999999534338,0.3384550000000033
45,19,105,-684802.3,-22.171528,0.1999999999534338,0.2738950000000031
45,20,120,-684802.4,-22.265821,0.0999999999767169,0.1796020000000027
45,21,135,-684802.2,-21.87624,0.3000000000465661,0.5691830000000024
45,22,150,-684801.5,-20.680508,1,1.764915000000002
45,23,165,-684800.44,-18.87076,2.06000000005588,3.574663000000001
45,24,180,-684799.9,-17.810537,2.599999999976717,4.634886000000002
46,1,-165,-470730.34,23.303852,4.319999999948777,0.8897069999999978
46,2,-150,-470729.56,23.496792,5.099999999976717,1.082646999999998
46,3,-135,-470728.53,24.177376,6.129999999946449,1.7632309999999976
46,4,-120,-470732.1,25.692242,2.559999999997672,3.278096999999999
46,5,-105,-470733.22,24.4587,1.4400000000023283,2.044554999999999
46,6,-90,-470734,23.252584,0.6599999999743886,0.8384389999999975
46,7,-75,-470734.12,22.491482,0.5399999999790452,0.07733699999999999
46,8,-60,-470733.6,22.414145,1.0599999999976717,0
46,9,-45,-470731.75,24.564837,2.9099999999743886,2.1506919999999994
46,10,-30,-470730.06,24.518702,4.599999999976717,2.104557
46,11,-15,-470728,25.989523,6.659999999974389,3.575377999999997
46,12,0,-470725.28,27.62834,9.379999999946447,5.214195
46,13,15,-470728.84,25.547611,5.819999999948777,3.1334659999999985
46,14,30,-470731.1,24.318796,3.559999999997672,1.9046509999999977
46,15,45,-470733.12,23.506529,1.5399999999790452,1.0923839999999991
46,16,60,-470734.3,23.22954,0.3599999999860301,0.8153949999999988
46,17,75,-470734.66,23.715902,0,1.3017569999999985
46,18,90,-470733.97,24.449324,0.6900000000023283,2.0351789999999994
46,19,105,-470732.75,25.58106,1.9099999999743889,3.1669149999999995
46,20,120,-470731.6,26.793505,3.059999999997672,4.379359999999998
46,21,135,-470731.8,26.685993,2.85999999998603,4.2718479999999985
46,22,150,-470732.6,25.249207,2.059999999997672,2.835061999999997
46,23,165,-470733.22,24.078817,1.4400000000023283,1.6646719999999995
46,24,180,-470733.4,23.563467,1.2599999999511056,1.149321999999998
47,1,-165,-382133.34,-121.15865,0.7199999999720603,1.7603300000000104
47,2,-150,-382131.9,-122.2463,2.1599999999743886,0.6726799999999997
47,3,-135,-382130.12,-122.864265,3.940000000002328,0.05471500000000162
47,4,-120,-382128.4,-122.35249,5.659999999974389,0.5664900000000017
47,5,-105,-382126.88,-120.82569,7.179999999993015,2.0932900000000103
47,6,-90,-382125.97,-118.60553,8.090000000025611,4.313450000000003
47,7,-75,-382126.06,-117.36899,8,5.549990000000008
47,8,-60,-382126.56,-117.02004,7.5,5.89894000000001
47,9,-45,-382127.16,-115.87206,6.900000000023283,7.04692
47,10,-30,-382127.4,-114.09124,6.659999999974389,8.827740000000006
47,11,-15,-382127.53,-112.20571,6.529999999969732,10.713270000000009
47,12,0,-382127.7,-111.26999,6.35999999998603,11.648989999999998
47,13,15,-382127.53,-112.20571,6.529999999969732,10.713270000000009
47,14,30,-382127.4,-114.09124,6.659999999974389,8.827740000000006
47,15,45,-382127.16,-115.87331,6.900000000023283,7.045670000000001
47,16,60,-382126.56,-117.01409,7.5,5.904890000000009
47,17,75,-382126.1,-117.32573,7.960000000020955,5.593250000000012
47,18,90,-382125.97,-118.611725,8.090000000025611,4.307254999999998
47,19,105,-382126.88,-120.82589,7.179999999993015,2.0930900000000037
47,20,120,-382128.4,-122.38796,5.659999999974389,0.531019999999998
47,21,135,-382130.12,-122.91898,3.940000000002328,0
47,22,150,-382131.9,-122.243515,2.1599999999743886,0.6754650000000026
47,23,165,-382133.34,-121.15864,0.7199999999720603,1.7603399999999993
47,24,180,-382134.06,-120.692116,0,2.226864000000006
48,1,-165,-421260.75,-4.392448,0.9699999999720604,0.6371690000000001
48,2,-150,-421261.66,-5.029617,0.0599999999976716,0
48,3,-135,-421261.6,-4.9465737,0.1199999999953433,0.08304329999999993
48,4,-120,-421260.88,-4.461757,0.8399999999674037,0.5678599999999996
48,5,-105,-421259.97,-3.9163148,1.75,1.1133022000000001
48,6,-90,-421259.62,-3.583409,2.099999999976717,1.446208
48,7,-75,-421260.2,-3.797474,1.5199999999604188,1.2321430000000002
48,8,-60,-421261.16,-4.455047,0.5599999999976717,0.5745699999999996
48,9,-45,-421261.72,-5.019158,0,0.010458999999999996
48,10,-30,-421261.44,-4.9989285,0.279999999969732,0.03068850000000012
48,11,-15,-421260.3,-4.243991,1.419999999983702,0.7856259999999997
48,12,0,-421258.53,-2.8487663,3.1899999999441206,2.1808507
48,13,15,-421260.3,-4.243564,1.419999999983702,0.7860529999999999
48,14,30,-421261.44,-4.996941,0.279999999969732,0.03267600000000037
48,15,45,-421261.72,-5.016448,0,0.01316900000000043
48,16,60,-421261.16,-4.453296,0.5599999999976717,0.5763210000000001
48,17,75,-421260.2,-3.795694,1.5199999999604188,1.2339229999999999
48,18,90,-421259.62,-3.5824354,2.099999999976717,1.4471816
48,19,105,-421259.97,-3.923922,1.75,1.1056949999999999
48,20,120,-421260.88,-4.461575,0.8399999999674037,0.5680420000000002
48,21,135,-421261.6,-4.9465737,0.1199999999953433,0.08304329999999993
48,22,150,-421261.66,-5.0215244,0.0599999999976716,0.008092600000000338
48,23,165,-421260.75,-4.392215,0.9699999999720604,0.6374019999999998
48,24,180,-421259,-3.015345,2.7199999999720603,2.014272
49,1,-165,-516840.12,-5.4262204,4.5,2.2012786
49,2,-150,-516841.5,-5.4409623,3.1199999999953434,2.1865367000000004
49,3,-135,-516842.84,-5.648005,1.779999999969732,1.9794939999999999
49,4,-120,-516843.88,-6.0594473,0.7399999999906868,1.5680516999999998
49,5,-105,-516844.5,-6.656933,0.1199999999953433,0.9705659999999998
49,6,-90,-516844.62,-7.1510324,0,0.4764666000000002
49,7,-75,-516844.38,-7.585418,0.2399999999906867,0.04208100000000048
49,8,-60,-516843.94,-7.627473,0.6799999999930151,2.6000000000081513e-05
49,9,-45,-516843.34,-6.4745326,1.279999999969732,1.1529664000000004
49,10,-30,-516842.72,-4.5467906,1.900000000023283,3.0807084000000007
49,11,-15,-516842.28,-2.5873652,2.339999999967404,5.0401338
49,12,0,-516841.66,-4.067578,2.9600000000209548,3.559921
49,13,15,-516842.28,-2.5872939,2.339999999967404,5.0402051
49,14,30,-516842.72,-4.546791,1.900000000023283,3.0807080000000004
49,15,45,-516843.34,-6.475873,1.279999999969732,1.1516260000000003
49,16,60,-516843.94,-7.627499,0.6799999999930151,0
49,17,75,-516844.38,-7.600678,0.2399999999906867,0.026820999999999984
49,18,90,-516844.62,-7.151035,0,0.476464
49,19,105,-516844.5,-6.6569443,0.1199999999953433,0.9705547000000001
49,20,120,-516843.88,-6.0612354,0.7399999999906868,1.5662636
49,21,135,-516842.8,-5.6424026,1.820000000006985,1.9850964000000006
49,22,150,-516841.5,-5.449979,3.1199999999953434,2.1775200000000003
49,23,165,-516840.12,-5.4257917,4.5,2.2017073
49,24,180,-516839.47,-5.6366634,5.150000000023283,1.9908356000000005
50,1,-165,-358207.4,-107.00311,0.1999999999534338,0.015314999999986867
50,2,-150,-358206.7,-106.67796,0.8999999999650754,0.3404649999999947
50,3,-135,-358205.44,-105.612625,2.1599999999743886,1.4057999999999993
50,4,-120,-358203.88,-104.06628,3.71999999997206,2.9521449999999874
50,5,-105,-358199.8,-101.39133,7.7999999999883585,5.627094999999997
50,6,-90,-358199.88,-100.203896,7.71999999997206,6.814528999999993
50,7,-75,-358200.6,-99.57679,7,7.441634999999991
50,8,-60,-358201.34,-99.297165,6.259999999951106,7.721259999999987
50,9,-45,-358203.28,-99.367294,4.319999999948777,7.651130999999992
50,10,-30,-358201.03,-98.08315,6.569999999948777,8.93527499999999
50,11,-15,-358199.7,-96.37929,7.899999999965075,10.639134999999996
50,12,0,-358198.12,-94.17725,9.479999999981374,12.841174999999993
50,13,15,-358199.7,-96.30461,7.899999999965075,10.713814999999997
50,14,30,-358202.75,-98.26791,4.849999999976717,8.750514999999993
50,15,45,-358203.28,-99.370346,4.319999999948777,7.648078999999996
50,16,60,-358201.34,-99.29621,6.259999999951106,7.722214999999991
50,17,75,-358200.6,-99.57699,7,7.4414349999999985
50,18,90,-358199.88,-100.206406,7.71999999997206,6.812018999999992
50,19,105,-358199.8,-101.38874,7.7999999999883585,5.629684999999995
50,20,120,-358203.88,-104.0583,3.71999999997206,2.960124999999991
50,21,135,-358205.44,-105.59677,2.1599999999743886,1.421654999999987
50,22,150,-358206.7,-106.71406,0.8999999999650754,0.30436499999999
50,23,165,-358207.4,-107.018425,0.1999999999534338,0
50,24,180,-358207.6,-106.970375,0,0.04804999999998927
51,1,-165,-398865.53,25.60224,5,6.703619999999997
51,2,-150,-398867.1,23.93848,3.4300000000512227,5.039859999999997
51,3,-135,-398867.03,24.003185,3.5,5.104564999999997
51,4,-120,-398866.56,24.278059,3.970000000030268,5.379438999999998
51,5,-105,-398866.1,24.694593,4.430000000051223,5.795973
51,6,-90,-398866,25.483719,4.53000000002794,6.585099
51,7,-75,-398866.72,18.89862,3.81000000005588,0
51,8,-60,-398866.66,26.519571,3.870000000053551,7.620950999999998
51,9,-45,-398866.72,26.897968,3.81000000005588,7.999347999999998
51,10,-30,-398866.06,27.643084,4.470000000030268,8.744464
51,11,-15,-398864.5,29.091408,6.03000000002794,10.192788
51,12,0,-398867.62,27.515482,2.9100000000325963,8.616861999999998
51,13,15,-398869.56,25.083023,0.970000000030268,6.184403
51,14,30,-398870.53,23.484558,0,4.585937999999999
51,15,45,-398870.5,22.810547,0.0300000000279396,3.9119269999999986
51,16,60,-398869.72,22.866161,0.8100000000558794,3.9675410000000007
51,17,75,-398868.62,23.107012,1.9100000000325963,4.208392
51,18,90,-398867.78,22.963959,2.75,4.065338999999998
51,19,105,-398867.44,22.331495,3.090000000025612,3.4328749999999992
51,20,120,-398867.97,22.480726,2.56000000005588,3.5821059999999996
51,21,135,-398869.1,21.478848,1.4300000000512227,2.580227999999998
51,22,150,-398869.66,21.188356,0.870000000053551,2.2897359999999978
51,23,165,-398869.28,21.830545,1.25,2.9319249999999997
51,24,180,-398867.8,23.37428,2.730000000039581,4.475659999999998
52,1,-165,-395967.12,-61.486347,0.0999999999767169,0.6603780000000015
52,2,-150,-395966.56,-61.15296,0.6599999999743886,0.9937650000000033
52,3,-135,-395965.7,-60.060516,1.5199999999604188,2.0862090000000038
52,4,-120,-395964.75,-58.0254,2.4699999999720603,4.121325000000006
52,5,-105,-395963.9,-56.008266,3.3199999999487773,6.1384590000000046
52,6,-90,-395963.28,-54.12746,3.9399999999441206,8.019265000000004
52,7,-75,-395962.88,-53.247883,4.339999999967404,8.898842000000002
52,8,-60,-395962.88,-52.708767,4.339999999967404,9.437958000000002
52,9,-45,-395962.7,-52.754086,4.519999999960419,9.392639000000003
52,10,-30,-395962.22,-52.989517,5,9.157208000000004
52,11,-15,-395961.75,-52.99598,5.46999999997206,9.150745
52,12,0,-395961.47,-53.18484,5.75,8.961885000000002
52,13,15,-395961.75,-52.93425,5.46999999997206,9.212475000000005
52,14,30,-395962.22,-52.975704,5,9.171021000000003
52,15,45,-395962.7,-52.771984,4.519999999960419,9.374741
52,16,60,-395962.84,-52.806293,4.379999999946449,9.340432000000007
52,17,75,-395962.88,-53.194115,4.339999999967404,8.952610000000007
52,18,90,-395963.28,-54.079994,3.9399999999441206,8.066731000000004
52,19,105,-395963.9,-55.946426,3.3199999999487773,6.200299000000001
52,20,120,-395964.75,-58.022537,2.4699999999720603,4.124188000000004
52,21,135,-395965.7,-60.034954,1.5199999999604188,2.1117710000000045
52,22,150,-395966.56,-61.035744,0.6599999999743886,1.1109810000000024
52,23,165,-395967.12,-61.471767,0.0999999999767169,0.6749580000000037
52,24,180,-395967.22,-62.146725,0,0
53,1,-165,-311748.38,-37.659405,3.869999999995344,5.439165000000003
53,2,-150,-311748.47,-38.637836,3.78000000002794,4.460734000000002
53,3,-135,-311747.94,-39.63253,4.309999999997672,3.4660399999999996
53,4,-120,-311747.28,-40.445766,4.96999999997206,2.6528040000000033
53,5,-105,-311749.06,-39.074844,3.1900000000023283,4.0237260000000035
53,6,-90,-311751.22,-41.99544,1.0300000000279397,1.1031300000000002
53,7,-75,-311752.25,-42.998894,0,0.09967600000000232
53,8,-60,-311751.97,-42.943382,0.2800000000279397,0.15518800000000255
53,9,-45,-311750.94,-42.386303,1.3099999999976717,0.7122670000000042
53,10,-30,-311748.94,-40.233536,3.309999999997672,2.8650340000000014
53,11,-15,-311747.97,-39.300068,4.28000000002794,3.798501999999999
53,12,0,-311747.12,-38.531937,5.130000000004657,4.566633000000003
53,13,15,-311747.97,-39.282085,4.28000000002794,3.816485
53,14,30,-311748.94,-40.343246,3.309999999997672,2.7553240000000017
53,15,45,-311750.94,-42.418457,1.3099999999976717,0.6801130000000057
53,16,60,-311751.97,-42.971573,0.2800000000279397,0.1269970000000029
53,17,75,-311752.25,-43.09857,0,0
53,18,90,-311751.22,-42.006653,1.0300000000279397,1.0919170000000022
53,19,105,-311746.94,-39.98955,5.309999999997672,3.109020000000001
53,20,120,-311747.28,-40.630604,4.96999999997206,2.467966000000004
53,21,135,-311747.94,-39.640656,4.309999999997672,3.4579140000000024
53,22,150,-311748.22,-39.028366,4.03000000002794,4.070204000000004
53,23,165,-311748.4,-37.550476,3.849999999976717,5.548093999999999
53,24,180,-311747.84,-37.29741,4.409999999974389,5.801160000000003
54,1,-165,-563141.25,24.045242,0,2.781088999999998
54,2,-150,-563140.75,26.428904,0.5,5.164750999999999
54,3,-135,-563139.4,30.285608,1.849999999976717,9.021455
54,4,-120,-563137.6,34.94981,3.650000000023283,13.685656999999999
54,5,-105,-563136.1,39.091034,5.150000000023283,17.826881
54,6,-90,-563135.56,40.48763,5.689999999944121,19.223477000000003
54,7,-75,-563136.3,37.435905,4.949999999953434,16.171751999999998
54,8,-60,-563137.75,32.393517,3.5,11.129364000000002
54,9,-45,-563139.1,27.47615,2.150000000023283,6.211997
54,10,-30,-563139.94,23.704973,1.3100000000558794,2.4408199999999987
54,11,-15,-563140.1,21.554255,1.150000000023283,0.29010200000000097
54,12,0,-563139.56,21.264153,1.6899999999441206,0
54,13,15,-563140.1,21.556059,1.150000000023283,0.2919060000000009
54,14,30,-563139.94,23.70156,1.3100000000558794,2.4374070000000003
54,15,45,-563139.1,27.464415,2.150000000023283,6.200261999999999
54,16,60,-563137.75,32.397793,3.5,11.13364
54,17,75,-563136.3,37.43172,4.949999999953434,16.167567
54,18,90,-563135.56,40.488785,5.689999999944121,19.224632
54,19,105,-563136.1,39.091194,5.150000000023283,17.827041
54,20,120,-563137.6,34.91283,3.650000000023283,13.648677
54,21,135,-563139.4,30.283836,1.849999999976717,9.019683
54,22,150,-563140.75,26.436401,0.5,5.172248
54,23,165,-563141.25,24.044865,0,2.780712000000001
54,24,180,-563140.8,23.733318,0.4499999999534338,2.4691650000000003
55,1,-165,-462154.06,-401.0055,0.9400000000023284,0.08830000000000382
55,2,-150,-462153.66,-400.5915,1.3400000000256114,0.5022999999999911
55,3,-135,-462152.78,-399.7887,2.2199999999720603,1.3050999999999817
55,4,-120,-462151.44,-398.66656,3.559999999997672,2.4272399999999834
55,5,-105,-462149.66,-397.25607,5.340000000025611,3.837729999999965
55,6,-90,-462147.9,-396.7676,7.099999999976717,4.326199999999972
55,7,-75,-462149.75,-398.3451,5.25,2.7486999999999853
55,8,-60,-462151.62,-399.4553,3.3800000000046566,1.638499999999965
55,9,-45,-462153.16,-400.11758,1.8400000000256116,0.9762200000000121
55,10,-30,-462154.16,-400.46973,0.8400000000256114,0.6240699999999606
55,11,-15,-462154.8,-400.6368,0.2000000000116415,0.45699999999999363
55,12,0,-462155,-400.66818,0,0.4256199999999808
55,13,15,-462154.8,-400.6368,0.2000000000116415,0.45699999999999363
55,14,30,-462154.22,-400.46378,0.7800000000279397,0.6300200000000018
55,15,45,-462153.16,-400.11835,1.8400000000256116,0.9754499999999666
55,16,60,-462151.62,-399.4553,3.3800000000046566,1.638499999999965
55,17,75,-462149.75,-398.3451,5.25,2.7486999999999853
55,18,90,-462147.88,-396.7084,7.119999999995343,4.385400000000004
55,19,105,-462149.66,-397.26874,5.340000000025611,3.8250600000000077
55,20,120,-462151.44,-398.66412,3.559999999997672,2.429679999999962
55,21,135,-462152.78,-399.782,2.2199999999720603,1.3118000000000052
55,22,150,-462153.66,-400.59164,1.3400000000256114,0.5021600000000035
55,23,165,-462154.06,-401.0055,0.9400000000023284,0.08830000000000382
55,24,180,-462154.16,-401.0938,0.8400000000256114,0
56,1,-165,-349505.44,-14.388293,0.2199999999720603,0.15904899999999955
56,2,-150,-349504.84,-13.842841,0.8199999999487773,0.7045010000000005
56,3,-135,-349504.16,-13.183061,1.5,1.364281
56,4,-120,-349503.9,-12.518446,1.7599999999511056,2.0288959999999996
56,5,-105,-349503.9,-11.869528,1.7599999999511056,2.6778139999999997
56,6,-90,-349503.94,-11.597158,1.7199999999720603,2.950184
56,7,-75,-349503.9,-11.876132,1.7599999999511056,2.6712100000000003
56,8,-60,-349503.9,-12.469039,1.7599999999511056,2.078303
56,9,-45,-349504.25,-13.050314,1.4099999999743886,1.4970280000000002
56,10,-30,-349504.9,-13.653172,0.7599999999511056,0.8941700000000008
56,11,-15,-349505.44,-14.125766,0.2199999999720603,0.42157599999999995
56,12,0,-349505.62,-14.306209,0.0399999999790452,0.2411329999999996
56,13,15,-349505.44,-14.130973,0.2199999999720603,0.4163690000000013
56,14,30,-349504.9,-13.643333,0.7599999999511056,0.9040090000000003
56,15,45,-349504.25,-13.050114,1.4099999999743886,1.4972279999999998
56,16,60,-349503.9,-12.491668,1.7599999999511056,2.055674
56,17,75,-349503.9,-11.862525,1.7599999999511056,2.6848170000000007
56,18,90,-349503.94,-11.6045265,1.7199999999720603,2.9428155
56,19,105,-349503.9,-11.877683,1.7599999999511056,2.669659000000001
56,20,120,-349503.9,-12.515899,1.7599999999511056,2.031443000000001
56,21,135,-349504.16,-13.184252,1.5,1.3630899999999997
56,22,150,-349504.84,-13.843611,0.8199999999487773,0.7037310000000012
56,23,165,-349505.44,-14.3478,0.2199999999720603,0.199542000000001
56,24,180,-349505.66,-14.547342,0,0
57,1,-165,-487200.44,-48.325504,0.0900000000256113,0.30557599999999496
57,2,-150,-487200.3,-47.353027,0.2300000000395812,1.2780529999999999
57,3,-135,-487200.28,-46.13406,0.25,2.497019999999999
57,4,-120,-487200.22,-45.378056,0.3100000000558793,3.2530239999999964
57,5,-105,-487200,-45.161552,0.5300000000279397,3.469527999999997
57,6,-90,-487199.56,-44.823734,0.970000000030268,3.8073459999999955
57,7,-75,-487199.03,-44.039776,1.5,4.591303999999994
57,8,-60,-487198.06,-42.637863,2.470000000030268,5.993216999999994
57,9,-45,-487196.78,-40.625805,3.75,8.005274999999997
57,10,-30,-487195.7,-38.318947,4.830000000016298,10.312132999999996
57,11,-15,-487194.97,-36.46378,5.560000000055879,12.167299999999997
57,12,0,-487194.7,-35.973198,5.830000000016298,12.657882
57,13,15,-487195.03,-37.32001,5.5,11.311069999999994
57,14,30,-487195.97,-40.00169,4.560000000055879,8.629389999999994
57,15,45,-487197.3,-42.80757,3.230000000039581,5.823509999999999
57,16,60,-487198.47,-44.67748,2.06000000005588,3.9535999999999945
57,17,75,-487198.94,-45.13795,1.5900000000256114,3.4931300000000007
57,18,90,-487198.78,-44.649395,1.75,3.981684999999999
57,19,105,-487200,-45.167744,0.5300000000279397,3.463335999999998
57,20,120,-487200.22,-45.378056,0.3100000000558793,3.2530239999999964
57,21,135,-487200.28,-46.13406,0.25,2.497019999999999
57,22,150,-487200.3,-47.354248,0.2300000000395812,1.2768319999999989
57,23,165,-487200.44,-48.331207,0.0900000000256113,0.29987299999999806
57,24,180,-487200.53,-48.63108,0,0
58,1,-165,-474126.66,14.8118305,7.809999999997672,9.599034499999998
58,2,-150,-474125,17.089586,9.46999999997206,11.87679
58,3,-135,-474122.38,20.385712,12.089999999967404,15.172916
58,4,-120,-474119.03,24.182526,15.43999999994412,18.96973
58,5,-105,-474116.34,30.500969,18.12999999994645,25.288173
58,6,-90,-474119.62,27.599216,14.849999999976715,22.386419999999998
58,7,-75,-474123.88,22.751211,10.589999999967404,17.538415
58,8,-60,-474127.84,17.620937,6.629999999946449,12.408141
58,9,-45,-474130.9,12.646223,3.5699999999487773,7.433427000000001
58,10,-30,-474133.03,8.889467,1.4399999999441206,3.676671
58,11,-15,-474134.16,6.244981,0.3099999999976717,1.0321850000000001
58,12,0,-474134.47,5.212796,0,0
58,13,15,-474134.16,6.241932,0.3099999999976717,1.0291360000000003
58,14,30,-474133.06,8.853101,1.4099999999743886,3.6403050000000006
58,15,45,-474130.9,12.662328,3.5699999999487773,7.4495320000000005
58,16,60,-474127.84,17.510145,6.629999999946449,12.297349
58,17,75,-474123.88,22.692715,10.589999999967404,17.479919
58,18,90,-474119.62,27.574696,14.849999999976715,22.3619
58,19,105,-474116.34,30.51048,18.12999999994645,25.297684
58,20,120,-474119.03,24.13818,15.43999999994412,18.925383999999998
58,21,135,-474122.38,20.387564,12.089999999967404,15.174768
58,22,150,-474125,17.083109,9.46999999997206,11.870313
58,23,165,-474126.66,14.807994,7.809999999997672,9.595198
58,24,180,-474127.16,13.808223,7.309999999997672,8.595427
59,1,-165,-685735.2,11.939042,0.0500000000465661,0.2486050000000013
59,2,-150,-685734.9,11.691735,0.3499999999767169,0.0012980000000002434
59,3,-135,-685734.44,11.79266,0.8100000000558794,0.1022230000000004
59,4,-120,-685734,12.249541,1.25,0.5591040000000014
59,5,-105,-685733.75,12.871229,1.5,1.1807920000000003
59,6,-90,-685733.6,13.066658,1.650000000023283,1.376221000000001
59,7,-75,-685733.5,12.8093815,1.75,1.1189445000000013
59,8,-60,-685732.94,12.72798,2.31000000005588,1.0375430000000012
59,9,-45,-685731.75,13.2676525,3.5,1.5772155000000012
59,10,-30,-685730.3,15.021861,4.949999999953434,3.331424
59,11,-15,-685729.2,16.522823,6.050000000046566,4.832386
59,12,0,-685728.56,17.316477,6.689999999944121,5.62604
59,13,15,-685729.2,16.518461,6.050000000046566,4.828023999999999
59,14,30,-685730.3,15.021861,4.949999999953434,3.331424
59,15,45,-685731.75,13.267627,3.5,1.5771899999999999
59,16,60,-685732.94,12.726699,2.31000000005588,1.0362620000000007
59,17,75,-685733.5,12.809378,1.75,1.1189410000000013
59,18,90,-685733.6,13.066658,1.650000000023283,1.376221000000001
59,19,105,-685733.75,12.8705435,1.5,1.1801065000000008
59,20,120,-685734,12.252137,1.25,0.5617000000000001
59,21,135,-685734.44,11.792762,0.8100000000558794,0.10232500000000044
59,22,150,-685734.9,11.690437,0.3499999999767169,0
59,23,165,-685735.2,11.939042,0.0500000000465661,0.2486050000000013
59,24,180,-685735.25,12.216187,0,0.5257500000000004
60,1,-165,-327886.28,2.394733,5,5.4363611
60,2,-150,-327889.1,-0.006301814,2.1800000000512227,3.035326286
60,3,-135,-327890.88,-2.4581487,0.400000000023283,0.5834793999999999
60,4,-120,-327891.28,-3.0416281,0,0
60,5,-105,-327891.06,-2.844226,0.2200000000302679,0.19740210000000014
60,6,-90,-327889.62,-1.1039625,1.6600000000325963,1.9376656
60,7,-75,-327887.06,1.3971391,4.220000000030268,4.4387672
60,8,-60,-327883.72,4.5334077,7.560000000055879,7.5750358
60,9,-45,-327883.8,1.4904774,7.480000000039581,4.5321055
60,10,-30,-327884.22,1.4840553,7.060000000055879,4.5256834
60,11,-15,-327884.44,1.3228667,6.840000000025611,4.3644948
60,12,0,-327885.25,0.052569818,6.03000000002794,3.094197918
60,13,15,-327886.44,-1.9617168,4.840000000025611,1.0799113
60,14,30,-327887.16,-2.978723,4.120000000053551,0.06290510000000005
60,15,45,-327886.97,-2.1102543,4.310000000055879,0.9313738000000003
60,16,60,-327885.6,1.0839083,5.680000000051223,4.1255364
60,17,75,-327886.44,-0.7387564,4.840000000025611,2.3028717
60,18,90,-327887.22,-2.9259782,4.060000000055879,0.1156499000000002
60,19,105,-327886.66,-2.171201,4.620000000053551,0.8704271000000001
60,20,120,-327885.44,-0.08966591,5.840000000025611,2.95196219
60,21,135,-327884.44,1.3493212,6.840000000025611,4.3909493
60,22,150,-327884.2,1.5470151,7.080000000016298,4.5886432
60,23,165,-327883.7,1.5009367,7.580000000016298,4.5425648
60,24,180,-327882.25,6.4440002,9.03000000002794,9.4856283
61,1,-165,-441985.84,29.11749,1.0399999999790452,0.774799999999999
61,2,-150,-441986.75,28.364923,0.1300000000046566,0.022232999999999947
61,3,-135,-441986.84,28.516714,0.0399999999790452,0.1740239999999993
61,4,-120,-441986.34,29.30863,0.5399999999790452,0.9659399999999998
61,5,-105,-441985.56,30.368717,1.320000000006985,2.026026999999999
61,6,-90,-441984.9,31.157192,1.979999999981373,2.8145019999999974
61,7,-75,-441985.66,30.23294,1.220000000030268,1.8902499999999982
61,8,-60,-441986.44,29.215452,0.4400000000023283,0.872761999999998
61,9,-45,-441986.88,28.438528,0,0.09583800000000053
61,10,-30,-441986.62,28.34269,0.2600000000093132,0
61,11,-15,-441985.62,29.199865,1.2600000000093132,0.857174999999998
61,12,0,-441984.22,31.052958,2.6600000000325963,2.7102679999999992
61,13,15,-441985.62,29.201866,1.2600000000093132,0.8591759999999979
61,14,30,-441986.62,28.345745,0.2600000000093132,0.003054999999999808
61,15,45,-441986.88,28.441914,0,0.09922399999999953
61,16,60,-441986.44,29.213564,0.4400000000023283,0.8708740000000006
61,17,75,-441985.66,30.233797,1.220000000030268,1.891106999999998
61,18,90,-441984.9,31.155567,1.979999999981373,2.8128770000000003
61,19,105,-441985.56,30.36385,1.320000000006985,2.0211599999999983
61,20,120,-441986.34,29.308014,0.5399999999790452,0.965323999999999
61,21,135,-441986.84,28.520918,0.0399999999790452,0.17822800000000072
61,22,150,-441986.75,28.361423,0.1300000000046566,0.018732999999997446
61,23,165,-441985.84,29.119967,1.0399999999790452,0.777276999999998
61,24,180,-441984.34,30.87689,2.539999999979045,2.5341999999999985
62,1,-165,-438241.16,-187.84065,0.720000000030268,0.0438699999999983
62,2,-150,-438239.03,-187.88452,2.849999999976717,0
62,3,-135,-438235.88,-187.47049,6,0.4140299999999968
62,4,-120,-438232.06,-186.16606,9.820000000006983,1.7184600000000216
62,5,-105,-438228.34,-183.39203,13.539999999979043,4.492490000000004
62,6,-90,-438225.34,-179.34181,16.539999999979045,8.54271
62,7,-75,-438223.66,-174.83125,18.220000000030268,13.053269999999998
62,8,-60,-438223.25,-171.11188,18.630000000004657,16.772639999999996
62,9,-45,-438223.1,-168.21046,18.78000000002794,19.674059999999997
62,10,-30,-438222.5,-165.31021,19.380000000004657,22.574309999999997
62,11,-15,-438221.25,-162.4474,20.630000000004657,25.43712000000002
62,12,0,-438219.25,-159.8501,22.630000000004657,28.03442000000001
62,13,15,-438221.25,-162.44795,20.630000000004657,25.436570000000017
62,14,30,-438222.5,-165.31021,19.380000000004657,22.574309999999997
62,15,45,-438223.1,-168.21046,18.78000000002794,19.674059999999997
62,16,60,-438223.25,-171.12785,18.630000000004657,16.756670000000014
62,17,75,-438223.66,-174.83311,18.220000000030268,13.051410000000004
62,18,90,-438225.34,-179.25621,16.539999999979045,8.628309999999999
62,19,105,-438228.34,-183.30115,13.539999999979043,4.583370000000002
62,20,120,-438232.06,-186.16248,9.820000000006983,1.722040000000021
62,21,135,-438235.88,-187.49034,6,0.39418000000000575
62,22,150,-438239.03,-187.88452,2.849999999976717,0
62,23,165,-438241.16,-187.84518,0.720000000030268,0.03934000000000992
62,24,180,-438241.88,-187.77542,0,0.10910000000001219
63,1,-165,-420507.44,3.2775023,1.2199999999720603,1.7472588
63,2,-150,-420508.53,1.7207494,0.1299999999464489,0.1905059
63,3,-135,-420508.66,1.535802,0,0.0055584999999998
63,4,-120,-420507.88,2.1716511,0.779999999969732,0.6414076
63,5,-105,-420506.8,3.0079467,1.8599999999860304,1.4777032
63,6,-90,-420506.28,3.3830698,2.379999999946449,1.8528262999999998
63,7,-75,-420506.8,3.014263,1.8599999999860304,1.4840195
63,8,-60,-420507.88,2.1801398,0.779999999969732,0.6498963
63,9,-45,-420508.66,1.5302435,0,0
63,10,-30,-420508.56,1.7082306,0.0999999999767169,0.17798709999999995
63,11,-15,-420507.47,3.2347076,1.1900000000023283,1.7044641
63,12,0,-420506.44,5.2594485,2.2199999999720603,3.7292050000000003
63,13,15,-420507.47,3.2347095,1.1900000000023283,1.704466
63,14,30,-420508.56,1.7082254,0.0999999999767169,0.1779818999999998
63,15,45,-420508.66,1.530246,0,2.4999999999053557e-06
63,16,60,-420507.88,2.1802163,0.779999999969732,0.6499728
63,17,75,-420506.8,3.0142648,1.8599999999860304,1.4840212999999998
63,18,90,-420506.28,3.3830695,2.379999999946449,1.8528259999999999
63,19,105,-420506.8,3.0079455,1.8599999999860304,1.4777019999999998
63,20,120,-420507.88,2.1716547,0.779999999969732,0.6414111999999998
63,21,135,-420508.66,1.5358044,0,0.005560899999999869
63,22,150,-420508.53,1.7224267,0.1299999999464489,0.1921831999999999
63,23,165,-420507.44,3.2774997,1.2199999999720603,1.7472561999999998
63,24,180,-420506.44,5.2628326,2.2199999999720603,3.7325891
64,1,-165,-442924.47,-32.064407,3.370000000053551,4.077968999999996
64,2,-150,-442925.12,-31.299454,2.720000000030268,4.842921999999998
64,3,-135,-442926.34,-32.275303,1.5,3.8670729999999978
64,4,-120,-442926.88,-34.007915,0.9600000000209548,2.1344610000000017
64,5,-105,-442927,-34.999138,0.8400000000256114,1.1432379999999966
64,6,-90,-442927.25,-35.76528,0.5900000000256114,0.37709600000000165
64,7,-75,-442927.7,-36.142376,0.1400000000139698,0
64,8,-60,-442927.84,-35.958378,0,0.18399799999999544
64,9,-45,-442927.3,-35.370483,0.5400000000372529,0.7718929999999986
64,10,-30,-442926.22,-34.469944,1.620000000053551,1.6724320000000006
64,11,-15,-442925.03,-33.31007,2.809999999997672,2.8323059999999955
64,12,0,-442924.38,-32.395145,3.4600000000209548,3.7472309999999993
64,13,15,-442925.03,-33.31774,2.809999999997672,2.824635999999998
64,14,30,-442926.22,-34.470856,1.620000000053551,1.671520000000001
64,15,45,-442927.3,-35.371567,0.5400000000372529,0.7708089999999999
64,16,60,-442927.8,-35.69804,0.0400000000372529,0.44433599999999984
64,17,75,-442927.7,-36.14125,0.1400000000139698,0.0011259999999992942
64,18,90,-442927.25,-35.778557,0.5900000000256114,0.36381899999999945
64,19,105,-442927,-34.999138,0.8400000000256114,1.1432379999999966
64,20,120,-442926.88,-34.007423,0.9600000000209548,2.134952999999996
64,21,135,-442926.34,-32.266083,1.5,3.876292999999997
64,22,150,-442925.12,-31.26061,2.720000000030268,4.881765999999999
64,23,165,-442924.47,-32.06331,3.370000000053551,4.079065999999997
64,24,180,-442924.25,-32.67295,3.590000000025612,3.4694259999999986
65,1,-165,-335804.25,65.35712,0.4500000000116415,0.24005499999999813
65,2,-150,-335803.1,66.48174,1.6000000000349246,1.3646750000000054
65,3,-135,-335801.62,68.22269,3.080000000016298,3.1056250000000034
65,4,-120,-335800.2,69.95061,4.5,4.833545000000001
65,5,-105,-335799.12,69.77195,5.580000000016298,4.654885000000007
65,6,-90,-335799.03,67.37524,5.669999999983702,2.2581750000000085
65,7,-75,-335799.56,67.224266,5.14000000001397,2.1072010000000034
65,8,-60,-335800,68.54751,4.7000000000116415,3.430445000000006
65,9,-45,-335800.22,70.59084,4.480000000039581,5.473775000000003
65,10,-30,-335799.75,72.806564,4.9500000000116415,7.689498999999998
65,11,-15,-335798.97,75.35342,5.730000000039581,10.236355000000003
65,12,0,-335798.12,78.27605,6.580000000016298,13.158985000000001
65,13,15,-335798.97,75.334885,5.730000000039581,10.217820000000003
65,14,30,-335799.75,72.86782,4.9500000000116415,7.750754999999998
65,15,45,-335800.22,70.60696,4.480000000039581,5.489895000000004
65,16,60,-335800,68.547386,4.7000000000116415,3.4303210000000064
65,17,75,-335799.56,67.208275,5.14000000001397,2.091210000000004
65,18,90,-335799.03,67.315926,5.669999999983702,2.198861000000008
65,19,105,-335799.12,69.792496,5.580000000016298,4.675431000000003
65,20,120,-335800.2,69.95119,4.5,4.834125
65,21,135,-335801.62,68.22298,3.080000000016298,3.10591500000001
65,22,150,-335803.1,66.49553,1.6000000000349246,1.3784650000000056
65,23,165,-335804.25,65.36396,0.4500000000116415,0.2468950000000092
65,24,180,-335804.7,65.117065,0,0
66,1,-165,-741882.8,16.906511,2.449999999953434,3.1970769999999984
66,2,-150,-741883.1,17.544832,2.150000000023283,3.8353979999999996
66,3,-135,-741883.6,18.830128,1.650000000023283,5.1206939999999985
66,4,-120,-741884.25,19.763718,1,6.054284000000001
66,5,-105,-741884.9,20.436773,0.3499999999767169,6.727338999999999
66,6,-90,-741884.1,19.888645,1.150000000023283,6.1792110000000005
66,7,-75,-741885.25,18.73314,0,5.023705999999999
66,8,-60,-741884.8,17.179157,0.4499999999534338,3.469723
66,9,-45,-741884.1,15.876845,1.150000000023283,2.1674109999999995
66,10,-30,-741883.4,14.794537,1.849999999976717,1.0851030000000002
66,11,-15,-741882.75,13.980556,2.5,0.2711220000000001
66,12,0,-741882.56,13.709434,2.6899999999441206,0
66,13,15,-741882.75,13.98305,2.5,0.2736160000000005
66,14,30,-741883.4,14.793069,1.849999999976717,1.0836349999999992
66,15,45,-741884.1,15.882883,1.150000000023283,2.1734489999999997
66,16,60,-741884.8,17.177067,0.4499999999534338,3.467633000000001
66,17,75,-741885.25,18.732626,0,5.023192
66,18,90,-741884.1,19.873907,1.150000000023283,6.164472999999999
66,19,105,-741884.9,20.437187,0.3499999999767169,6.727753000000002
66,20,120,-741884.25,19.762884,1,6.05345
66,21,135,-741883.6,18.831152,1.650000000023283,5.1217179999999995
66,22,150,-741883.1,17.5455,2.150000000023283,3.8360660000000006
66,23,165,-741882.8,16.906511,2.449999999953434,3.1970769999999984
66,24,180,-741882.7,16.70854,2.550000000046566,2.9991059999999994
67,1,-165,-456882.22,-16.117765,4,5.778969
67,2,-150,-456884.94,-19.652689,1.279999999969732,2.244045
67,3,-135,-456886.16,-21.395027,0.0599999999976716,0.5017069999999997
67,4,-120,-456886.16,-21.8966,0.0599999999976716,0.00013399999999919032
67,5,-105,-456885.6,-21.717552,0.6199999999953434,0.1791819999999973
67,6,-90,-456885.22,-21.54116,1,0.35557399999999717
67,7,-75,-456885.62,-21.741312,0.5999999999767169,0.15542199999999795
67,8,-60,-456886.22,-21.857058,0,0.039676000000000045
67,9,-45,-456886.03,-21.216085,0.1899999999441206,0.680648999999999
67,10,-30,-456884.44,-19.177372,1.779999999969732,2.7193620000000003
67,11,-15,-456881.4,-15.260251,4.819999999948777,6.636482999999998
67,12,0,-456877.44,-8.136798,8.779999999969732,13.759935999999998
67,13,15,-456881.4,-15.260209,4.819999999948777,6.636524999999999
67,14,30,-456884.44,-19.177368,1.779999999969732,2.7193659999999973
67,15,45,-456886.03,-21.214312,0.1899999999441206,0.682421999999999
67,16,60,-456886.22,-21.856544,0,0.04018999999999906
67,17,75,-456885.62,-21.743603,0.5999999999767169,0.15313099999999835
67,18,90,-456885.22,-21.541103,1,0.3556309999999989
67,19,105,-456885.6,-21.717552,0.6199999999953434,0.1791819999999973
67,20,120,-456886.16,-21.896734,0.0599999999976716,0
67,21,135,-456886.16,-21.395027,0.0599999999976716,0.5017069999999997
67,22,150,-456884.94,-19.652943,1.279999999969732,2.243790999999998
67,23,165,-456882.22,-16.10241,4,5.794324
67,24,180,-456878.3,-10.131614,7.919999999983702,11.765119999999998
68,1,-165,-499209.06,-29.701345,0.8200000000069849,0.004355000000000331
68,2,-150,-499208.4,-29.114868,1.4799999999813735,0.5908319999999989
68,3,-135,-499207.06,-18.338556,2.820000000006985,11.367144
68,4,-120,-499204.2,-14.647808,5.679999999993015,15.057892
68,5,-105,-499202.3,-11.557461,7.580000000016298,18.148239
68,6,-90,-499203.56,-14.532683,6.320000000006985,15.173017
68,7,-75,-499204.84,-17.076471,5.039999999979045,12.629228999999999
68,8,-60,-499206.34,-19.755253,3.539999999979045,9.950447
68,9,-45,-499207.7,-22.405807,2.179999999993015,7.299893000000001
68,10,-30,-499208.4,-24.262903,1.4799999999813735,5.442796999999999
68,11,-15,-499209.88,-28.88117,0,0.8245299999999993
68,12,0,-499207.97,-28.23051,1.9100000000325963,1.4751900000000013
68,13,15,-499209.88,-28.925814,0,0.7798860000000012
68,14,30,-499208.44,-24.208738,1.4400000000023283,5.496962
68,15,45,-499207.66,-22.47472,2.220000000030268,7.230979999999999
68,16,60,-499206.3,-19.851393,3.580000000016298,9.854306999999999
68,17,75,-499204.84,-17.089687,5.039999999979045,12.616012999999999
68,18,90,-499203.56,-14.538802,6.320000000006985,15.166898
68,19,105,-499202.3,-11.684132,7.580000000016298,18.021568000000002
68,20,120,-499204.06,-14.970652,5.820000000006985,14.735048
68,21,135,-499207.06,-18.333588,2.820000000006985,11.372112000000001
68,22,150,-499208.4,-29.123968,1.4799999999813735,0.5817319999999988
68,23,165,-499209.06,-29.7057,0.8200000000069849,0
68,24,180,-499209.8,-26.644825,0.0800000000162981,3.0608749999999993
69,1,-165,-409061.4,8.60325,0.5,0.2600719999999992
69,2,-150,-409060,9.651458,1.900000000023283,1.3082799999999999
69,3,-135,-409058.06,11.476069,3.8400000000256114,3.1328910000000008
69,4,-120,-409056.1,12.895692,5.800000000046566,4.552514
69,5,-105,-409054.56,14.092284,7.340000000025611,5.749105999999999
69,6,-90,-409053.78,14.751041,8.119999999995343,6.407863000000001
69,7,-75,-409053.72,14.597493,8.180000000051223,6.254315
69,8,-60,-409053.9,13.942875,8,5.599697000000001
69,9,-45,-409054,13.322387,7.900000000023283,4.979209000000001
69,10,-30,-409053.75,13.0821295,8.150000000023283,4.738951500000001
69,11,-15,-409053.16,13.332977,8.740000000048894,4.989799
69,12,0,-409052.34,14.116471,9.559999999997672,5.773293000000001
69,13,15,-409053.16,13.325535,8.740000000048894,4.982357
69,14,30,-409053.75,13.080773,8.150000000023283,4.737595000000001
69,15,45,-409054,13.322307,7.900000000023283,4.979129
69,16,60,-409053.9,13.944425,8,5.601247000000001
69,17,75,-409053.72,14.597815,8.180000000051223,6.254637000000001
69,18,90,-409053.78,14.753348,8.119999999995343,6.410170000000001
69,19,105,-409054.56,14.089744,7.340000000025611,5.746566
69,20,120,-409056.1,12.936684,5.800000000046566,4.593506
69,21,135,-409058.06,11.474359,3.8400000000256114,3.1311809999999998
69,22,150,-409060,9.682039,1.900000000023283,1.3388609999999996
69,23,165,-409061.4,8.599478,0.5,0.25629999999999953
69,24,180,-409061.9,8.343178,0,0
70,1,-165,-500655.66,-193.76353,1.900000000023283,5.240669999999994
70,2,-150,-500656.8,-197.62845,0.7600000000093132,1.3757500000000107
70,3,-135,-500657.5,-198.98639,0.0599999999976716,0.017809999999997217
70,4,-120,-500657.53,-198.76614,0.029999999969732,0.23805999999999017
70,5,-105,-500657.16,-197.7141,0.400000000023283,1.2900999999999954
70,6,-90,-500656.5,-196.46997,1.0599999999976717,2.534230000000008
70,7,-75,-500657.22,-197.85715,0.3400000000256113,1.1470500000000072
70,8,-60,-500657.56,-198.89174,0,0.11245999999999867
70,9,-45,-500657.4,-198.90448,0.1599999999743886,0.0997199999999907
70,10,-30,-500656.66,-197.16118,0.9000000000232831,1.8430199999999957
70,11,-15,-500655.5,-192.94803,2.059999999997672,6.056170000000009
70,12,0,-500654.78,-186.5935,2.779999999969732,12.410699999999991
70,13,15,-500655.5,-192.92322,2.059999999997672,6.080980000000011
70,14,30,-500656.66,-197.15639,0.9000000000232831,1.8478100000000097
70,15,45,-500657.4,-198.948,0.1599999999743886,0.056199999999989814
70,16,60,-500657.56,-198.8829,0,0.12129999999999086
70,17,75,-500657.22,-197.85715,0.3400000000256113,1.1470500000000072
70,18,90,-500656.5,-196.47072,1.0599999999976717,2.5334799999999973
70,19,105,-500657.16,-197.71146,0.400000000023283,1.292740000000009
70,20,120,-500657.53,-198.77298,0.029999999969732,0.23122000000000753
70,21,135,-500657.5,-199.0042,0.0599999999976716,0
70,22,150,-500656.8,-197.633,0.7600000000093132,1.3711999999999875
70,23,165,-500655.66,-193.78552,1.900000000023283,5.218680000000006
70,24,180,-500654.78,-186.59686,2.779999999969732,12.407340000000005
71,1,-165,-609329.6,26.403091,0.9000000000232831,1.6492739999999984
71,2,-150,-609329.7,30.945936,0.8000000000465661,6.192118999999998
71,3,-135,-609329.5,37.860477,1,13.106660000000002
71,4,-120,-609328.94,46.176605,1.5600000000558794,21.422788
71,5,-105,-609328.3,54.11306,2.199999999953434,29.359242999999996
71,6,-90,-609328.06,58.123474,2.4399999999441206,33.369657000000004
71,7,-75,-609328.4,56.071033,2.099999999976717,31.317216
71,8,-60,-609329.1,50.02104,1.400000000023283,25.267222999999998
71,9,-45,-609330,43.516544,0.5,18.762727
71,10,-30,-609330.5,37.84248,0,13.088663
71,11,-15,-609330.44,34.158756,0.0600000000558793,9.404938999999995
71,12,0,-609330.2,32.83587,0.3000000000465661,8.082052999999998
71,13,15,-609330.44,34.16823,0.0600000000558793,9.414413
71,14,30,-609330.5,37.83151,0,13.077693
71,15,45,-609330,43.510918,0.5,18.757100999999995
71,16,60,-609329.1,50.028763,1.400000000023283,25.274945999999996
71,17,75,-609328.4,56.072956,2.099999999976717,31.319138999999996
71,18,90,-609328.06,58.122776,2.4399999999441206,33.368959000000004
71,19,105,-609328.3,54.11283,2.199999999953434,29.359013
71,20,120,-609328.94,46.178307,1.5600000000558794,21.424489999999995
71,21,135,-609329.5,37.83965,1,13.085832999999997
71,22,150,-609329.7,30.936811,0.8000000000465661,6.182993999999997
71,23,165,-609329.6,26.403088,0.9000000000232831,1.6492709999999988
71,24,180,-609329.56,24.753817,0.9399999999441206,0
72,1,-165,-313387.22,29.35658,0.120000000053551,3.013440000000003
72,2,-150,-313386.47,29.757767,0.870000000053551,3.414627000000003
72,3,-135,-313385.62,30.30329,1.720000000030268,3.9601500000000023
72,4,-120,-313385.28,30.851183,2.059999999997672,4.508043000000001
72,5,-105,-313385.38,31.242825,1.9600000000209548,4.899685000000002
72,6,-90,-313385.78,31.117865,1.5599999999976717,4.774725
72,7,-75,-313386.4,30.411034,0.9400000000023284,4.067894000000003
72,8,-60,-313386.9,29.628927,0.4400000000023283,3.2857870000000027
72,9,-45,-313387.03,28.98815,0.3099999999976717,2.6450100000000027
72,10,-30,-313387,28.218204,0.3400000000256113,1.8750640000000018
72,11,-15,-313386.88,27.676363,0.4600000000209547,1.3332230000000003
72,12,0,-313386.47,26.34314,0.870000000053551,0
72,13,15,-313386.88,27.682999,0.4600000000209547,1.3398590000000006
72,14,30,-313387,28.221285,0.3400000000256113,1.8781450000000035
72,15,45,-313387.03,28.973005,0.3099999999976717,2.6298650000000023
72,16,60,-313386.9,29.637398,0.4400000000023283,3.294258000000003
72,17,75,-313386.4,30.40918,0.9400000000023284,4.066040000000001
72,18,90,-313385.78,31.118896,1.5599999999976717,4.775756000000001
72,19,105,-313385.38,31.239521,1.9600000000209548,4.896381000000002
72,20,120,-313385.28,30.85344,2.059999999997672,4.510300000000001
72,21,135,-313385.62,30.308643,1.720000000030268,3.9655030000000018
72,22,150,-313386.47,29.757769,0.870000000053551,3.4146290000000015
72,23,165,-313387.22,29.342295,0.120000000053551,2.999155000000002
72,24,180,-313387.34,28.52569,0,2.1825500000000027
73,1,-165,-583339.2,8.577465,2.1000000000931323,6.9121195
73,2,-150,-583338.8,8.074892,2.5,6.4095465
73,3,-135,-583339.06,5.973514,2.2399999999906868,4.3081685
73,4,-120,-583339.9,4.249363,1.400000000023283,2.5840175
73,5,-105,-583340.6,3.05142,0.7000000000698492,1.3860744999999999
73,6,-90,-583341,2.5847247,0.3000000000465661,0.9193792000000003
73,7,-75,-583340.75,1.6653455,0.5500000000465661,0
73,8,-60,-583341.3,3.51317,0,1.8478245000000002
73,9,-45,-583341,3.597581,0.3000000000465661,1.9322355
73,10,-30,-583339.5,4.1592264,1.800000000046566,2.4938808999999997
73,11,-15,-583337.2,5.127251,4.100000000093132,3.4619055000000003
73,12,0,-583334.75,6.1219716,6.550000000046566,4.4566261
73,13,15,-583337.2,5.166375,4.100000000093132,3.5010295000000005
73,14,30,-583339.5,4.1592555,1.800000000046566,2.4939100000000005
73,15,45,-583341,3.5977304,0.3000000000465661,1.9323849000000002
73,16,60,-583341.3,3.5135312,0,1.8481857000000002
73,17,75,-583340.75,1.7946566,0.5500000000465661,0.1293111
73,18,90,-583341,2.4825938,0.3000000000465661,0.8172483000000001
73,19,105,-583340.6,3.0733743,0.7000000000698492,1.4080287999999999
73,20,120,-583339.9,4.2488413,1.400000000023283,2.5834957999999997
73,21,135,-583339.06,5.975961,2.2399999999906868,4.3106155
73,22,150,-583338.8,8.069801,2.5,6.4044555
73,23,165,-583339.2,8.588669,2.1000000000931323,6.9233234999999995
73,24,180,-583339.4,8.588344,1.900000000023283,6.922998499999999
74,1,-165,-489954.97,6.840424,3.25,5.6469131
74,2,-150,-489956.2,4.1166015,2.019999999960419,2.9230906
74,3,-135,-489956.5,2.8799763,1.7199999999720603,1.6864654000000001
74,4,-120,-489956.1,2.5584762,2.1199999999953434,1.3649653
74,5,-105,-489955.38,2.6093476,2.839999999967404,1.4158367
74,6,-90,-489954.94,2.395787,3.279999999969732,1.2022761
74,7,-75,-489955.47,1.6622639,2.75,0.468753
74,8,-60,-489956.88,1.2050769,1.3399999999674037,0.011565999999999965
74,9,-45,-489958.06,1.9652282,0.1599999999743886,0.7717173000000002
74,10,-30,-489958.22,4.71746,0,3.5239491000000003
74,11,-15,-489957.38,8.854158,0.8399999999674037,7.6606471
74,12,0,-489957.72,13.6268,0.5,12.4332891
74,13,15,-489957.38,8.849212,0.8399999999674037,7.6557011
74,14,30,-489958.22,4.7185774,0,3.5250665000000003
74,15,45,-489958.06,1.9631449,0.1599999999743886,0.7696340000000002
74,16,60,-489956.88,1.1935109,1.3399999999674037,0
74,17,75,-489955.47,1.6622657,2.75,0.46875480000000014
74,18,90,-489954.94,2.3957844,3.279999999969732,1.2022735000000002
74,19,105,-489955.38,2.609343,2.839999999967404,1.4158321
74,20,120,-489956.1,2.557231,2.1199999999953434,1.3637200999999999
74,21,135,-489956.5,2.8799708,1.7199999999720603,1.6864599000000002
74,22,150,-489956.2,4.1080084,2.019999999960419,2.9144975000000004
74,23,165,-489954.97,6.8883877,3.25,5.6948768
74,24,180,-489953.25,11.976512,4.96999999997206,10.7830011
75,1,-165,-317137.28,-76.1235,0.279999999969732,0.006344999999996048
75,2,-150,-317136.38,-76.01595,1.179999999993015,0.11389499999999941
75,3,-135,-317134.9,-75.58226,2.6599999999743886,0.547584999999998
75,4,-120,-317133.12,-74.904175,4.440000000002328,1.225670000000008
75,5,-105,-317131.44,-74.22228,6.119999999995343,1.9075650000000053
75,6,-90,-317130.7,-73.92981,6.85999999998603,2.2000349999999997
75,7,-75,-317131.5,-74.62273,6.059999999997672,1.5071149999999989
75,8,-60,-317133.22,-75.275185,4.340000000025611,0.8546600000000097
75,9,-45,-317135.03,-75.76316,2.529999999969732,0.3666850000000039
75,10,-30,-317136.44,-76.06426,1.1199999999953434,0.06558499999999867
75,11,-15,-317137.28,-76.12282,0.279999999969732,0.007024999999998727
75,12,0,-317137.56,-76.129845,0,0
75,13,15,-317137.28,-76.122826,0.279999999969732,0.007018999999999664
75,14,30,-317136.44,-76.06414,1.1199999999953434,0.06570500000000834
75,15,45,-317135.03,-75.76304,2.529999999969732,0.3668049999999994
75,16,60,-317133.22,-75.2753,4.340000000025611,0.8545450000000017
75,17,75,-317131.5,-74.62273,6.059999999997672,1.5071149999999989
75,18,90,-317130.7,-73.9213,6.85999999998603,2.208545000000001
75,19,105,-317131.44,-74.22227,6.119999999995343,1.9075750000000085
75,20,120,-317133.12,-74.90418,4.440000000002328,1.2256650000000064
75,21,135,-317134.9,-75.582436,2.6599999999743886,0.5474090000000018
75,22,150,-317136.38,-76.0148,1.179999999993015,0.11504500000000917
75,23,165,-317137.28,-76.12725,0.279999999969732,0.002594999999999459
75,24,180,-317137.56,-76.12794,0,0.001905000000007817
76,1,-165,-383474.1,14.361755,1.5200000000186265,0.9636570000000013
76,2,-150,-383474.28,14.088379,1.3399999999674037,0.6902810000000006
76,3,-135,-383474.88,14.252544,0.7399999999906868,0.8544460000000011
76,4,-120,-383475.25,13.398098,0.3699999999953434,0
76,5,-105,-383475.62,13.949678,0,0.5515800000000013
76,6,-90,-383475.3,14.480347,0.3200000000069849,1.082249000000001
76,7,-75,-383474.56,15.098408,1.0599999999976717,1.70031
76,8,-60,-383473.56,15.942302,2.059999999997672,2.5442040000000006
76,9,-45,-383472.66,16.29628,2.9600000000209548,2.8981820000000003
76,10,-30,-383472.6,16.378786,3.0200000000186265,2.9806880000000024
76,11,-15,-383473.16,15.6398115,2.4600000000209548,2.2417135000000012
76,12,0,-383473.78,14.8717,1.839999999967404,1.4736020000000014
76,13,15,-383474.1,14.376043,1.5200000000186265,0.9779450000000001
76,14,30,-383474.25,14.10351,1.3699999999953434,0.7054120000000008
76,15,45,-383474.84,14.301657,0.779999999969732,0.9035590000000013
76,16,60,-383475.25,13.412611,0.3699999999953434,0.014513000000000886
76,17,75,-383475.62,13.997539,0,0.5994410000000006
76,18,90,-383475.22,14.526215,0.400000000023283,1.1281170000000014
76,19,105,-383474.47,15.101409,1.150000000023283,1.7033110000000011
76,20,120,-383473.6,15.844485,2.0200000000186265,2.4463870000000014
76,21,135,-383472.72,17.002098,2.900000000023283,3.604000000000001
76,22,150,-383472.56,16.456444,3.059999999997672,3.058346000000002
76,23,165,-383473.06,15.735106,2.559999999997672,2.337008000000001
76,24,180,-383473.72,14.891819,1.900000000023283,1.4937210000000007
77,1,-165,-261760.55,-9.798822,0.5700000000069849,0.23872500000000052
77,2,-150,-261760.62,-8.90291,0.5,1.1346369999999997
77,3,-135,-261760.69,-7.8732266,0.4299999999930151,2.1643204000000003
77,4,-120,-261760.8,-7.3670363,0.3200000000069849,2.6705107000000003
77,5,-105,-261760.98,-7.678403,0.139999999984866,2.3591439999999997
77,6,-90,-261761.12,-8.442126,0,1.595421
77,7,-75,-261760.92,-9.010135,0.1999999999825377,1.027412
77,8,-60,-261759.98,-8.764322,1.139999999984866,1.273225
77,9,-45,-261758.25,-7.635229,2.8699999999953434,2.402318
77,10,-30,-261756.12,-5.1764917,5,4.8610553
77,11,-15,-261755.55,2.2983332,5.570000000006985,12.3358802
77,12,0,-261753.17,-3.972958,7.949999999982538,6.064589
77,13,15,-261755.55,2.287614,5.570000000006985,12.325161
77,14,30,-261756.12,-5.634976,5,4.402571
77,15,45,-261758.25,-7.6301055,2.8699999999953434,2.4074415
77,16,60,-261759.98,-8.770416,1.139999999984866,1.2671309999999991
77,17,75,-261760.92,-9.008412,0.1999999999825377,1.0291350000000001
77,18,90,-261761.12,-8.445598,0,1.5919489999999996
77,19,105,-261760.98,-7.6799097,0.139999999984866,2.3576373000000004
77,20,120,-261760.8,-7.3668084,0.3200000000069849,2.6707386
77,21,135,-261760.69,-7.8732266,0.4299999999930151,2.1643204000000003
77,22,150,-261760.62,-8.900844,0.5,1.1367030000000007
77,23,165,-261760.55,-9.790978,0.5700000000069849,0.24656899999999915
77,24,180,-261760.45,-10.037547,0.6699999999837019,0
78,1,-165,-172683.86,17.765425,0.8100000000267755,2.0628455
78,2,-150,-172684.17,17.69075,0.5,1.9881705000000007
78,3,-135,-172684.52,17.39269,0.150000000023283,1.6901105000000012
78,4,-120,-172684.67,16.917555,0,1.2149754999999995
78,5,-105,-172684.58,16.379993,0.0900000000256113,0.6774134999999983
78,6,-90,-172684.27,15.859879,0.400000000023283,0.15729949999999882
78,7,-75,-172683.66,15.7025795,1.0100000000093132,0
78,8,-60,-172682.47,16.524214,2.200000000011641,0.8216345
78,9,-45,-172680.89,18.335781,3.779999999998836,2.6332015
78,10,-30,-172680.08,21.14581,4.590000000025611,5.4432305
78,11,-15,-172680.17,21.51039,4.5,5.8078105
78,12,0,-172680.27,21.47734,4.400000000023283,5.774760500000001
78,13,15,-172680.17,21.502598,4.5,5.800018499999998
78,14,30,-172680.08,21.14881,4.590000000025611,5.4462305
78,15,45,-172680.53,18.192633,4.14000000001397,2.4900535
78,16,60,-172682.08,16.49251,2.590000000025612,0.7899304999999988
78,17,75,-172683.66,15.702716,1.0100000000093132,0.00013649999999998386
78,18,90,-172684.27,15.859879,0.400000000023283,0.15729949999999882
78,19,105,-172684.58,16.378517,0.0900000000256113,0.6759374999999981
78,20,120,-172684.67,16.915264,0,1.2126845
78,21,135,-172684.52,17.392689,0.150000000023283,1.6901095000000002
78,22,150,-172684.17,17.69076,0.5,1.9881805000000004
78,23,165,-172683.86,17.765423,0.8100000000267755,2.062843499999998
78,24,180,-172683.73,17.770906,0.9400000000023284,2.0683264999999995
79,1,-165,-321670.22,19.001804,0.3400000000256113,4.141968
79,2,-150,-321670.56,16.918436,0,2.0586
79,3,-135,-321670.4,15.584364,0.1599999999743886,0.7245280000000012
79,4,-120,-321669.78,15.046475,0.779999999969732,0.18663899999999956
79,5,-105,-321669.06,14.948595,1.5,0.08875899999999959
79,6,-90,-321668.7,14.90943,1.8599999999860304,0.049594000000000804
79,7,-75,-321669.1,14.861545,1.4600000000209548,0.0017089999999999606
79,8,-60,-321669.94,15.09746,0.6199999999953434,0.23762400000000028
79,9,-45,-321670.5,15.897524,0.0599999999976716,1.037688000000001
79,10,-30,-321670.5,17.461695,0.0599999999976716,2.6018589999999993
79,11,-15,-321670.12,19.36055,0.4400000000023283,4.500714
79,12,0,-321669.9,20.335266,0.6599999999743886,5.475430000000001
79,13,15,-321670.12,19.357962,0.4400000000023283,4.498126000000001
79,14,30,-321670.5,17.461695,0.0599999999976716,2.6018589999999993
79,15,45,-321670.5,15.897526,0.0599999999976716,1.0376899999999996
79,16,60,-321669.94,15.09746,0.6199999999953434,0.23762400000000028
79,17,75,-321669.1,14.859836,1.4600000000209548,0
79,18,90,-321668.7,14.909426,1.8599999999860304,0.049590000000000245
79,19,105,-321669.06,14.950308,1.5,0.09047200000000011
79,20,120,-321669.78,15.046476,0.779999999969732,0.18664000000000058
79,21,135,-321670.4,15.58436,0.1599999999743886,0.7245240000000006
79,22,150,-321670.56,16.92207,0,2.062234000000002
79,23,165,-321670.22,19.014793,0.3400000000256113,4.154957000000001
79,24,180,-321669.9,20.347178,0.6599999999743886,5.487342
80,1,-165,-476297,16.568903,3.900000000023283,0.14962999999999838
80,2,-150,-476297.88,16.842508,3.0200000000186265,0.42323499999999825
80,3,-135,-476298.8,17.122108,2.1000000000349246,0.7028350000000003
80,4,-120,-476299.3,17.653172,1.6000000000349246,1.233899000000001
80,5,-105,-476299.97,17.623178,0.9300000000512229,1.203904999999999
80,6,-90,-476300.9,17.11279,0,0.6935169999999999
80,7,-75,-476300.8,17.195135,0.1000000000349246,0.775862
80,8,-60,-476300.34,17.461699,0.5599999999976717,1.042425999999999
80,9,-45,-476300,17.35504,0.9000000000232831,0.9357669999999985
80,10,-30,-476299.84,16.983213,1.0599999999976717,0.5639399999999988
80,11,-15,-476299.72,16.622,1.1800000000512227,0.20272699999999944
80,12,0,-476299.66,16.419273,1.2400000000488944,0
80,13,15,-476299.72,16.622004,1.1800000000512227,0.202731
80,14,30,-476299.84,16.983213,1.0599999999976717,0.5639399999999988
80,15,45,-476300,17.358772,0.9000000000232831,0.9394989999999979
80,16,60,-476300.34,17.461697,0.5599999999976717,1.0424240000000005
80,17,75,-476300.8,17.195143,0.1000000000349246,0.7758700000000012
80,18,90,-476300.9,17.115576,0,0.6963030000000003
80,19,105,-476299.97,17.61431,0.9300000000512229,1.1950369999999992
80,20,120,-476299.3,17.652304,1.6000000000349246,1.2330310000000004
80,21,135,-476298.8,17.152786,2.1000000000349246,0.7335129999999985
80,22,150,-476297.88,16.842508,3.0200000000186265,0.42323499999999825
80,23,165,-476297,16.568903,3.900000000023283,0.14962999999999838
80,24,180,-476296.66,16.439304,4.240000000048894,0.020030999999999466
81,1,-165,-310388.9,-21.985657,5.130000000004657,1.3145270000000018
81,2,-150,-310388.8,-19.340164,5.230000000039581,3.96002
81,3,-135,-310388.12,-15.209909,5.910000000032596,8.090275000000002
81,4,-120,-310384.12,-6.8463593,9.910000000032596,16.453824700000002
81,5,-105,-310383.72,-5.0203357,10.31000000005588,18.2798483
81,6,-90,-310384.28,-2.6633186,9.75,20.6368654
81,7,-75,-310386.34,0.59374905,7.690000000002328,23.89393305
81,8,-60,-310389.03,-2.4853945,5,20.814789500000003
81,9,-45,-310391.56,-6.656065,2.470000000030268,16.644119000000003
81,10,-30,-310393.4,-10.1353445,0.6300000000046566,13.164839500000001
81,11,-15,-310394,-13.04784,0.0300000000279396,10.252344
81,12,0,-310393.78,-14.786593,0.25,8.513591000000002
81,13,15,-310394.03,-12.893052,0,10.407132
81,14,30,-310393.4,-10.1377735,0.6300000000046566,13.162410500000002
81,15,45,-310391.62,-6.2549295,2.4100000000325963,17.045254500000002
81,16,60,-310389.06,-2.4106627,4.970000000030268,20.889521300000002
81,17,75,-310386.3,0.5220075,7.730000000039581,23.822191500000002
81,18,90,-310384.28,-2.6745949,9.75,20.625589100000003
81,19,105,-310383.72,-5.0214005,10.31000000005588,18.278783500000003
81,20,120,-310384.12,-6.856257,9.910000000032596,16.443927000000002
81,21,135,-310388.12,-15.22794,5.910000000032596,8.072244000000001
81,22,150,-310388.8,-19.340164,5.230000000039581,3.96002
81,23,165,-310388.88,-22.043701,5.150000000023283,1.256483000000003
81,24,180,-310388.38,-23.300184,5.650000000023283,0
82,1,-165,-420017.5,11.130123,0,2.7239079999999998
82,2,-150,-420016.25,13.728665,1.25,5.32245
82,3,-135,-420014.34,17.547543,3.1599999999743886,9.141328000000001
82,4,-120,-420012,22.293644,5.5,13.887429000000001
82,5,-105,-420009.6,27.069368,7.900000000023283,18.663153
82,6,-90,-420008.2,29.887148,9.299999999988358,21.480933
82,7,-75,-420008.9,28.793047,8.599999999976717,20.386832000000002
82,8,-60,-420010.5,25.028154,7,16.621939
82,9,-45,-420014.75,19.884539,2.75,11.478324
82,10,-30,-420014.5,17.499681,3,9.093466
82,11,-15,-420013.72,12.288763,3.78000000002794,3.882548
82,12,0,-420014.16,11.162004,3.340000000025612,2.755789
82,13,15,-420013.72,12.370125,3.78000000002794,3.9639100000000003
82,14,30,-420014.5,17.521086,3,9.114871
82,15,45,-420014.75,19.887857,2.75,11.481642
82,16,60,-420009.9,24.864061,7.599999999976717,16.457846
82,17,75,-420008.56,28.004713,8.940000000002328,19.598498
82,18,90,-420008.16,29.511745,9.340000000025611,21.10553
82,19,105,-420010.78,26.85353,6.71999999997206,18.447315
82,20,120,-420013.2,22.511644,4.299999999988359,14.105429
82,21,135,-420015.7,18.349665,1.7999999999883585,9.943450000000002
82,22,150,-420016.25,13.734263,1.25,5.328048000000001
82,23,165,-420017.5,11.131039,0,2.724824
82,24,180,-420017.2,8.406215,0.2999999999883584,0
83,1,-165,-419272.97,-38.22679,0.870000000053551,4.218603000000002
83,2,-150,-419273.44,-40.3094,0.400000000023283,2.1359930000000062
83,3,-135,-419273.84,-41.301456,0,1.143937000000001
83,4,-120,-419272,-41.260517,1.8400000000256116,1.1848760000000027
83,5,-105,-419273.1,-42.0342,0.7400000000488944,0.41119300000000436
83,6,-90,-419273.7,-42.445393,0.1400000000139698,0
83,7,-75,-419272.6,-39.669415,1.2400000000488944,2.775978000000002
83,8,-60,-419273.2,-39.93072,0.6400000000139698,2.514673000000002
83,9,-45,-419272.8,-38.879772,1.040000000037253,3.565621
83,10,-30,-419271.3,-36.6822,2.540000000037253,5.763193000000001
83,11,-15,-419268.94,-33.743423,4.900000000023283,8.701970000000003
83,12,0,-419266.1,-31.24252,7.740000000048894,11.202873000000004
83,13,15,-419268.94,-33.93347,4.900000000023283,8.511923000000003
83,14,30,-419271.3,-36.630028,2.540000000037253,5.815365
83,15,45,-419272.8,-38.885117,1.040000000037253,3.5602760000000018
83,16,60,-419273.2,-39.930557,0.6400000000139698,2.5148360000000025
83,17,75,-419272.6,-39.679333,1.2400000000488944,2.766060000000003
83,18,90,-419271.56,-38.913452,2.28000000002794,3.5319410000000033
83,19,105,-419272.47,-38.9221,1.370000000053551,3.5232930000000025
83,20,120,-419272.1,-38.955307,1.7400000000488944,3.490086000000005
83,21,135,-419273.84,-41.27753,0,1.167863000000004
83,22,150,-419273.44,-40.313873,0.400000000023283,2.131520000000002
83,23,165,-419272.97,-38.22177,0.870000000053551,4.2236230000000035
83,24,180,-419272.75,-36.78858,1.0900000000256114,5.656813
84,1,-165,-289340.5,77.00426,4,5.312250000000006
84,2,-150,-289339.6,77.538155,4.900000000023283,5.846145000000007
84,3,-135,-289338.56,78.22564,5.940000000002328,6.533630000000002
84,4,-120,-289338.3,78.42843,6.2000000000116415,6.73642000000001
84,5,-105,-289339.22,77.738754,5.28000000002794,6.046744000000004
84,6,-90,-289341.06,76.29089,3.4400000000023283,4.598880000000008
84,7,-75,-289343.12,74.529755,1.3800000000046566,2.837744999999998
84,8,-60,-289344.5,72.932495,0,1.2404850000000067
84,9,-45,-289344.47,71.787,0.0300000000279396,0.0949900000000099
84,10,-30,-289343.2,71.69201,1.2999999999883585,0
84,11,-15,-289341.66,73.18876,2.840000000025612,1.4967500000000058
84,12,0,-289340.78,74.82828,3.71999999997206,3.1362700000000103
84,13,15,-289341.66,73.18844,2.840000000025612,1.4964300000000037
84,14,30,-289343.2,71.69599,1.2999999999883585,0.00397999999999854
84,15,45,-289344.47,71.786995,0.0300000000279396,0.09498500000000831
84,16,60,-289344.5,72.92775,0,1.235740000000007
84,17,75,-289343.12,74.529755,1.3800000000046566,2.837744999999998
84,18,90,-289341.06,76.29589,3.4400000000023283,4.603880000000004
84,19,105,-289339.22,77.74379,5.28000000002794,6.051780000000008
84,20,120,-289338.3,78.4237,6.2000000000116415,6.73169
84,21,135,-289338.56,78.226036,5.940000000002328,6.534025999999997
84,22,150,-289339.6,77.53922,4.900000000023283,5.847210000000004
84,23,165,-289340.5,77.00426,4,5.312250000000006
84,24,180,-289340.8,77.271774,3.7000000000116415,5.579763999999997
85,1,-165,-443939.38,29.643303,11.179999999993017,17.325212
85,2,-150,-443939.72,29.574587,10.840000000025611,17.256496
85,3,-135,-443939.7,29.337868,10.85999999998603,17.019776999999998
85,4,-120,-443939.4,29.198017,11.159999999974389,16.879925999999998
85,5,-105,-443939.12,29.238527,11.440000000002328,16.920436000000002
85,6,-90,-443939.2,28.990728,11.35999999998603,16.672637
85,7,-75,-443940.06,27.780045,10.5,15.461954
85,8,-60,-443941.9,25.481144,8.659999999974389,13.163053
85,9,-45,-443944.38,22.731394,6.179999999993015,10.413303
85,10,-30,-443946.72,20.302279,3.8400000000256114,7.984187999999998
85,11,-15,-443949.22,19.224653,1.3400000000256114,6.906561999999999
85,12,0,-443950.56,12.318091,0,0
85,13,15,-443950.38,12.7972555,0.179999999993015,0.47916449999999955
85,14,30,-443948.97,14.280829,1.5900000000256114,1.9627379999999999
85,15,45,-443946.6,16.75969,3.9600000000209543,4.441598999999998
85,16,60,-443943.84,20.195942,6.71999999997206,7.877850999999998
85,17,75,-443941.66,24.643908,8.900000000023283,12.325816999999999
85,18,90,-443940.84,27.506842,9.71999999997206,15.188750999999998
85,19,105,-443941,27.809532,9.559999999997672,15.491441
85,20,120,-443941.2,27.95276,9.35999999998603,15.634669
85,21,135,-443940.94,28.579294,9.619999999995343,16.261203000000002
85,22,150,-443940.25,29.667576,10.309999999997672,17.349485
85,23,165,-443939.28,30.79924,11.279999999969732,18.481149000000002
85,24,180,-443938.7,29.593115,11.85999999998603,17.275024000000002
86,1,-165,-297896.38,-50.825737,7.0200000000186265,12.621013000000005
86,2,-150,-297896.06,-51.63348,7.340000000025611,11.813270000000003
86,3,-135,-297895.7,-52.51831,7.7000000000116415,10.928440000000002
86,4,-120,-297895.3,-53.864536,8.100000000034925,9.582214
86,5,-105,-297895.6,-57.087116,7.800000000046566,6.359634
86,6,-90,-297897.47,-58.847504,5.930000000051223,4.599246000000001
86,7,-75,-297899.66,-60.61403,3.7400000000488944,2.832720000000002
86,8,-60,-297900,-61.51618,3.400000000023283,1.930570000000003
86,9,-45,-297901.53,-62.40856,1.8699999999953436,1.0381900000000002
86,10,-30,-297902.56,-63.11945,0.8400000000256114,0.32730000000000103
86,11,-15,-297903.2,-63.29444,0.2000000000116415,0.15230999999999995
86,12,0,-297903.4,-63.44675,0,0
86,13,15,-297903.2,-63.22181,0.2000000000116415,0.2249400000000037
86,14,30,-297902.56,-62.93272,0.8400000000256114,0.5140299999999982
86,15,45,-297901.53,-62.413837,1.8699999999953436,1.0329130000000006
86,16,60,-297900,-61.521458,3.400000000023283,1.925291999999999
86,17,75,-297899.66,-60.627254,3.7400000000488944,2.819496000000001
86,18,90,-297897.47,-58.83429,5.930000000051223,4.612459999999999
86,19,105,-297895.6,-57.105446,7.800000000046566,6.341304000000001
86,20,120,-297895.3,-53.826427,8.100000000034925,9.620322999999999
86,21,135,-297895.7,-52.52487,7.7000000000116415,10.921880000000002
86,22,150,-297896.06,-51.792316,7.340000000025611,11.654434000000002
86,23,165,-297896.38,-50.865494,7.0200000000186265,12.581256000000003
86,24,180,-297896.53,-50.237545,6.869999999995343,13.209205000000004
87,1,-165,-392821.06,-166.29005,2.6900000000023283,12.000649999999979
87,2,-150,-392823.12,-173.94884,0.6300000000046566,4.341859999999997
87,3,-135,-392823.75,-177.33636,0,0.9543399999999735
87,4,-120,-392823.25,-178.20818,0.5,0.08251999999998816
87,5,-105,-392822.4,-178.02425,1.349999999976717,0.26644999999999186
87,6,-90,-392822,-177.9973,1.75,0.2933999999999912
87,7,-75,-392822.44,-178.12544,1.3099999999976717,0.1652599999999893
87,8,-60,-392823.22,-178.28769,0.5300000000279397,0.003009999999989077
87,9,-45,-392823.72,-177.4228,0.0300000000279396,0.8678999999999917
87,10,-30,-392823.22,-174.32045,0.5300000000279397,3.970249999999993
87,11,-15,-392821.44,-167.61969,2.309999999997672,10.671009999999995
87,12,0,-392818.78,-158.54893,4.96999999997206,19.741769999999974
87,13,15,-392821.44,-167.69359,2.309999999997672,10.597109999999986
87,14,30,-392823.22,-174.37566,0.5300000000279397,3.9150399999999763
87,15,45,-392823.72,-177.45743,0.0300000000279396,0.8332699999999988
87,16,60,-392823.22,-178.2907,0.5300000000279397,0
87,17,75,-392822.4,-178.15889,1.349999999976717,0.13180999999997312
87,18,90,-392822,-177.991,1.75,0.299699999999973
87,19,105,-392822.4,-178.02425,1.349999999976717,0.26644999999999186
87,20,120,-392823.25,-178.2436,0.5,0.047100000000000364
87,21,135,-392823.75,-177.3801,0,0.9105999999999881
87,22,150,-392823.12,-173.94998,0.6300000000046566,4.340719999999976
87,23,165,-392821.06,-166.20036,2.6900000000023283,12.090339999999998
87,24,180,-392818.06,-155.7128,5.690000000002328,22.5779
88,1,-165,-368874,20.459852,0,0
88,2,-150,-368873.4,20.703491,0.5999999999767169,0.24363899999999816
88,3,-135,-368872.6,21.035303,1.400000000023283,0.5754509999999975
88,4,-120,-368872.16,21.296051,1.8400000000256116,0.836198999999997
88,5,-105,-368872.06,21.523941,1.9400000000023283,1.0640889999999992
88,6,-90,-368871.97,21.297508,2.03000000002794,0.8376559999999991
88,7,-75,-368871.53,20.619987,2.4699999999720603,0.1601349999999968
88,8,-60,-368870.38,20.478233,3.619999999995344,0.018380999999997982
88,9,-45,-368869.4,21.04658,4.599999999976717,0.5867279999999973
88,10,-30,-368868.94,21.80543,5.059999999997672,1.3455779999999997
88,11,-15,-368868.56,22.795792,5.440000000002328,2.3359399999999972
88,12,0,-368868.4,23.704052,5.599999999976717,3.2441999999999993
88,13,15,-368868.56,22.798475,5.440000000002328,2.3386229999999983
88,14,30,-368868.94,21.793194,5.059999999997672,1.3333419999999983
88,15,45,-368869.4,21.034918,4.599999999976717,0.5750659999999996
88,16,60,-368870.38,20.478235,3.619999999995344,0.018383000000000038
88,17,75,-368871.53,20.621344,2.4699999999720603,0.16149199999999908
88,18,90,-368871.97,21.297853,2.03000000002794,0.8380009999999984
88,19,105,-368872.06,21.523943,1.9400000000023283,1.0640909999999977
88,20,120,-368872.16,21.297476,1.8400000000256116,0.8376239999999981
88,21,135,-368872.6,21.090137,1.400000000023283,0.6302849999999971
88,22,150,-368873.4,20.707586,0.5999999999767169,0.24773399999999768
88,23,165,-368874,20.459852,0,0
88,24,180,-368873.88,23.190636,0.1199999999953433,2.730784
89,1,-165,-446083.88,-17.154242,0.5200000000186265,0.6895400000000009
89,2,-150,-446082.28,-15.229281,2.1199999999953434,2.6145010000000006
89,3,-135,-446080,-12.031578,4.400000000023283,5.812204000000001
89,4,-120,-446077.66,-9.010008,6.740000000048894,8.833774000000002
89,5,-105,-446075.56,-6.1509094,8.840000000025611,11.692872600000001
89,6,-90,-446073.44,-2.6645606,10.960000000020957,15.179221400000001
89,7,-75,-446072.16,0.16668262,12.240000000048894,18.01046462
89,8,-60,-446070,1.1124215,14.400000000023285,18.9562035
89,9,-45,-446070.6,3.3399777,13.800000000046566,21.1837597
89,10,-30,-446071.34,3.545208,13.059999999997672,21.38899
89,11,-15,-446071.22,3.6361394,13.180000000051225,21.479921400000002
89,12,0,-446070.34,4.88322,14.059999999997672,22.727002
89,13,15,-446068.88,6.6510506,15.520000000018626,24.494832600000002
89,14,30,-446074.7,-2.4017406,9.700000000011642,15.4420414
89,15,45,-446075.22,-3.5528135,9.180000000051225,14.290968500000002
89,16,60,-446075.22,-4.677279,9.180000000051225,13.166503
89,17,75,-446075.53,-5.9041524,8.869999999995343,11.9396296
89,18,90,-446076.34,-7.0218854,8.059999999997672,10.8218966
89,19,105,-446077.25,-8.278638,7.150000000023283,9.565144
89,20,120,-446078.9,-10.3648615,5.5,7.478920500000001
89,21,135,-446081,-13.156175,3.400000000023283,4.687607000000002
89,22,150,-446083.06,-15.891406,1.3400000000256114,1.952376000000001
89,23,165,-446083.72,-17.207745,0.6800000000512227,0.6360370000000017
89,24,180,-446084.4,-17.843782,0,0
90,1,-165,-512307.78,-64.97286,0.3399999999674037,2.0735499999999973
90,2,-150,-512306.28,-62.61917,1.839999999967404,4.427239999999998
90,3,-135,-512303.9,-58.340816,4.21999999997206,8.705593999999998
90,4,-120,-512301.03,-52.44644,7.089999999967404,14.599969999999992
90,5,-105,-512295.4,-41.617577,12.71999999997206,25.428832999999997
90,6,-90,-512294.44,-39.329178,13.679999999993017,27.717231999999996
90,7,-75,-512295.47,-38.09725,12.650000000023285,28.949159999999992
90,8,-60,-512296.78,-43.04211,11.339999999967404,24.004299999999994
90,9,-45,-512298.72,-47.754265,9.400000000023285,19.292144999999998
90,10,-30,-512300.44,-51.657703,7.679999999993015,15.388706999999997
90,11,-15,-512301.4,-54.637424,6.71999999997206,12.408985999999992
90,12,0,-512301.3,-54.58894,6.820000000006985,12.457469999999994
90,13,15,-512301.4,-54.745422,6.71999999997206,12.300987999999997
90,14,30,-512300.44,-51.643974,7.679999999993015,15.402435999999994
90,15,45,-512298.72,-47.74646,9.400000000023285,19.299949999999995
90,16,60,-512296.78,-42.93297,11.339999999967404,24.113439999999997
90,17,75,-512295.47,-37.97427,12.650000000023285,29.072139999999997
90,18,90,-512294.44,-39.34246,13.679999999993017,27.703949999999992
90,19,105,-512295.4,-41.54962,12.71999999997206,25.496789999999997
90,20,120,-512301.03,-52.45567,7.089999999967404,14.590739999999997
90,21,135,-512303.9,-58.34473,4.21999999997206,8.701679999999996
90,22,150,-512306.28,-62.61917,1.839999999967404,4.427239999999998
90,23,165,-512307.78,-65.01879,0.3399999999674037,2.027619999999999
90,24,180,-512308.12,-67.04641,0,0
91,1,-165,-441992.06,33.657608,4.409999999974389,5.988031000000003
91,2,-150,-441993.16,31.43221,3.309999999997672,3.762633000000001
91,3,-135,-441993.5,29.933594,2.9699999999720603,2.264016999999999
91,4,-120,-441993.3,29.14573,3.169999999983702,1.476153
91,5,-105,-441993.03,28.758419,3.4399999999441206,1.0888419999999996
91,6,-90,-441993.34,28.603397,3.129999999946449,0.9338200000000008
91,7,-75,-441994.2,28.534395,2.269999999960419,0.8648179999999996
91,8,-60,-441995,28.23792,1.4699999999720603,0.5683429999999987
91,9,-45,-441995.84,27.678816,0.629999999946449,0.009239000000000885
91,10,-30,-441996.44,27.800804,0.029999999969732,0.1312269999999991
91,11,-15,-441996.47,28.422573,0,0.7529959999999996
91,12,0,-441996.1,29.239262,0.3699999999953434,1.5696849999999998
91,13,15,-441996.47,28.421337,0,0.7517600000000009
91,14,30,-441996.44,27.78672,0.029999999969732,0.11714299999999866
91,15,45,-441995.84,27.669577,0.629999999946449,0
91,16,60,-441995,28.239014,1.4699999999720603,0.5694370000000006
91,17,75,-441994.2,28.534,2.269999999960419,0.8644229999999986
91,18,90,-441993.34,28.56989,3.129999999946449,0.9003130000000006
91,19,105,-441993.03,28.748394,3.4399999999441206,1.0788170000000008
91,20,120,-441993.3,29.135803,3.169999999983702,1.466225999999999
91,21,135,-441993.5,29.933521,2.9699999999720603,2.2639439999999986
91,22,150,-441993.16,31.431303,3.309999999997672,3.7617259999999995
91,23,165,-441992.06,33.655785,4.409999999974389,5.986208000000001
91,24,180,-441990.28,36.248238,6.189999999944121,8.578661
92,1,-165,-323209.56,-153.40164,0.1400000000139698,2.140020000000021
92,2,-150,-323209,-154.62004,0.7000000000116415,0.9216200000000185
92,3,-135,-323207.9,-155.54166,1.7999999999883585,0
92,4,-120,-323206.2,-155.45398,3.5,0.08768000000000598
92,5,-105,-323204.03,-154.59178,5.669999999983702,0.9498800000000074
92,6,-90,-323201.94,-153.52754,7.760000000009313,2.0141200000000197
92,7,-75,-323200.47,62.276466,1.650000000023283,0.4032089999999968
92,8,-60,-323200.12,-153.12775,9.580000000016298,2.4139100000000155
92,9,-45,-323206.88,-152.8822,2.820000000006985,2.6594599999999957
92,10,-30,-323208.7,-153.20372,1,2.3379400000000032
92,11,-15,-323209.44,-153.09079,0.2600000000093132,2.450870000000009
92,12,0,-323209.66,-152.92372,0.0400000000372529,2.6179400000000044
92,13,15,-323209.7,-153.24438,0,2.2972800000000007
92,14,30,-323209.2,-153.89201,0.5,1.6496500000000083
92,15,45,-323207.84,-154.05257,1.8599999999860304,1.4890900000000045
92,16,60,-323205.53,-153.28543,4.169999999983702,2.2562300000000164
92,17,75,-323202.47,-151.88022,7.230000000039581,3.661439999999999
92,18,90,-323199.3,-150.66165,10.400000000023285,4.880009999999999
92,19,105,-323197.25,-150.23314,12.450000000011642,5.308520000000016
92,20,120,-323205.3,-153.62743,4.400000000023283,1.9142300000000034
92,21,135,-323207.6,-154.26402,2.1000000000349246,1.2776400000000194
92,22,150,-323208.9,-153.92328,0.7999999999883585,1.618380000000002
92,23,165,-323209.47,-153.22137,0.2300000000395812,2.32029
92,24,180,-323209.7,-153.05339,0,2.48827
93,1,-165,-409654.16,15.77718,2.2400000000488944,4.370234
93,2,-150,-409656.03,12.775667,0.3699999999953434,1.3687210000000007
93,3,-135,-409656.4,11.630756,0,0.2238100000000003
93,4,-120,-409656.4,11.406946,0,0
93,5,-105,-409656.3,11.894721,0.1000000000349246,0.48777500000000096
93,6,-90,-409655.56,13.30965,0.8400000000256114,1.902704
93,7,-75,-409654.44,16.979279,1.9600000000209548,5.572332999999999
93,8,-60,-409652,18.97051,4.400000000023283,7.563564000000001
93,9,-45,-409650.16,21.01864,6.240000000048894,9.611694000000002
93,10,-30,-409646.75,23.766817,9.650000000023285,12.359871
93,11,-15,-409644.53,25.259447,11.869999999995343,13.852501000000002
93,12,0,-409644.47,26.737331,11.930000000051225,15.330385000000001
93,13,15,-409646.16,27.235031,10.240000000048894,15.828085
93,14,30,-409649.12,25.436977,7.28000000002794,14.030031
93,15,45,-409651.22,23.645044,5.180000000051223,12.238097999999999
93,16,60,-409651.7,22.450481,4.7000000000116415,11.043535
93,17,75,-409651.38,22.40525,5.0200000000186265,10.998304
93,18,90,-409651.03,22.054874,5.369999999995343,10.647928000000002
93,19,105,-409649,23.420317,7.400000000023283,12.013371000000001
93,20,120,-409645.94,25.575672,10.460000000020957,14.168726000000001
93,21,135,-409646.72,24.624771,9.680000000051225,13.217825
93,22,150,-409648.22,23.197912,8.180000000051223,11.790966
93,23,165,-409649.6,21.56231,6.800000000046566,10.155364
93,24,180,-409651.56,20.075575,4.840000000025611,8.668629000000001
94,1,-165,-401480.3,69.82892,0.1699999999837018,1.5881299999999925
94,2,-150,-401479.8,73.24095,0.6699999999837019,5.000159999999994
94,3,-135,-401479,78.14889,1.4699999999720603,9.90809999999999
94,4,-120,-401478.03,83.36197,2.4399999999441206,15.121179999999995
94,5,-105,-401477.2,87.46294,3.269999999960419,19.22215
94,6,-90,-401476.88,88.828476,3.589999999967404,20.58768599999999
94,7,-75,-401477.22,86.873375,3.25,18.63258499999999
94,8,-60,-401478,82.598,2.4699999999720603,14.357209999999995
94,9,-45,-401478.88,77.45565,1.5899999999674037,9.214860000000002
94,10,-30,-401479.56,72.704735,0.9099999999743886,4.463944999999995
94,11,-15,-401479.94,69.40358,0.529999999969732,1.162790000000001
94,12,0,-401480.1,68.24079,0.3699999999953434,0
94,13,15,-401479.94,69.406715,0.529999999969732,1.1659250000000014
94,14,30,-401479.56,72.70473,0.9099999999743886,4.463939999999994
94,15,45,-401478.88,77.455635,1.5899999999674037,9.214844999999997
94,16,60,-401478,82.59815,2.4699999999720603,14.35736
94,17,75,-401477.22,86.86866,3.25,18.62787
94,18,90,-401476.88,88.849945,3.589999999967404,20.609155
94,19,105,-401477.2,87.46294,3.269999999960419,19.22215
94,20,120,-401478.03,83.36197,2.4399999999441206,15.121179999999995
94,21,135,-401479,78.14888,1.4699999999720603,9.908090000000001
94,22,150,-401479.8,73.24095,0.6699999999837019,5.000159999999994
94,23,165,-401480.3,69.82796,0.1699999999837018,1.5871700000000004
94,24,180,-401480.47,68.57637,0,0.3355799999999931
95,1,-165,-373422,30.429848,2.559999999997672,7.328292999999999
95,2,-150,-373420.34,34.61169,4.21999999997206,11.510135000000002
95,3,-135,-373416.06,29.197725,8.5,6.096169999999997
95,4,-120,-373414.62,33.645565,9.940000000002328,10.544009999999997
95,5,-105,-373412.9,37.35179,11.659999999974389,14.250235
95,6,-90,-373411.1,40.690716,13.460000000020957,17.589161
95,7,-75,-373412.06,37.82412,12.5,14.722565
95,8,-60,-373416.1,34.230724,8.460000000020955,11.129169000000001
95,9,-45,-373419.94,30.239103,4.619999999995343,7.137547999999999
95,10,-30,-373422.75,26.85337,1.809999999997672,3.7518150000000006
95,11,-15,-373424.28,24.505836,0.279999999969732,1.4042809999999974
95,12,0,-373424.56,23.101555,0,0
95,13,15,-373424.28,24.514648,0.279999999969732,1.413093
95,14,30,-373422.75,26.833832,1.809999999997672,3.732277
95,15,45,-373419.94,30.23666,4.619999999995343,7.135104999999999
95,16,60,-373416.1,34.17716,8.460000000020955,11.075605
95,17,75,-373412.06,37.81013,12.5,14.708575
95,18,90,-373411.1,40.686836,13.460000000020957,17.585281
95,19,105,-373412.9,37.346615,11.659999999974389,14.245059999999999
95,20,120,-373414.62,33.639694,9.940000000002328,10.538138999999997
95,21,135,-373416.06,28.880947,8.5,5.779391999999998
95,22,150,-373422.72,27.0117,1.8400000000256116,3.910145
95,23,165,-373422,30.425835,2.559999999997672,7.324279999999998
95,24,180,-373423,27.302773,1.5599999999976717,4.201217999999997
96,1,-165,-417579.4,-8.896781,4.599999999976717,7.320373
96,2,-150,-417580.94,-11.225728,3.059999999997672,4.991426000000001
96,3,-135,-417582.28,-13.614876,1.7199999999720603,2.602278
96,4,-120,-417583.34,-15.308174,0.6599999999743886,0.9089800000000015
96,5,-105,-417584,-15.386774,0,0.8303799999999999
96,6,-90,-417583.56,-15.643872,0.4400000000023283,0.5732820000000007
96,7,-75,-417583.47,-16.217154,0.5300000000279397,0
96,8,-60,-417583.75,-15.574045,0.25,0.6431090000000008
96,9,-45,-417583.53,-15.063033,0.4699999999720603,1.154121
96,10,-30,-417582.7,-14.855959,1.2999999999883585,1.3611950000000004
96,11,-15,-417581.6,-14.548666,2.400000000023283,1.668488
96,12,0,-417580.1,-14.3779335,3.900000000023283,1.8392205000000015
96,13,15,-417581.6,-14.548669,2.400000000023283,1.6684850000000004
96,14,30,-417582.7,-14.855954,1.2999999999883585,1.3612000000000002
96,15,45,-417583.53,-15.063029,0.4699999999720603,1.1541250000000005
96,16,60,-417583.75,-15.574145,0.25,0.643009000000001
96,17,75,-417583.47,-16.21708,0.5300000000279397,7.400000000146179e-05
96,18,90,-417583.56,-15.642717,0.4400000000023283,0.5744370000000014
96,19,105,-417584,-15.374672,0,0.8424820000000004
96,20,120,-417583.34,-15.346682,0.6599999999743886,0.8704720000000012
96,21,135,-417582.28,-13.60876,1.7199999999720603,2.6083940000000005
96,22,150,-417580.94,-11.230064,3.059999999997672,4.98709
96,23,165,-417579.4,-8.876944,4.599999999976717,7.340210000000001
96,24,180,-417577.78,-9.057617,6.21999999997206,7.159537
97,1,-165,-523752.66,-138.29799,7,8.366060000000004
97,2,-150,-523752.22,-138.64525,7.440000000002328,8.018799999999999
97,3,-135,-523751.44,-138.6729,8.21999999997206,7.991150000000005
97,4,-120,-523750.25,-137.9668,9.409999999974389,8.697249999999997
97,5,-105,-523748.75,-136.58498,10.909999999974389,10.079070000000002
97,6,-90,-523747.16,-134.87926,12.5,11.784790000000015
97,7,-75,-523752.6,-139.6482,7.059999999997672,7.01585
97,8,-60,-523755.25,-141.71819,4.409999999974389,4.94586000000001
97,9,-45,-523757.3,-143.68457,2.35999999998603,2.9794799999999952
97,10,-30,-523758.66,-145.22563,1,1.4384200000000078
97,11,-15,-523759.4,-146.2771,0.2599999999511055,0.386950000000013
97,12,0,-523759.66,-146.66405,0,0
97,13,15,-523759.4,-146.27525,0.2599999999511055,0.38880000000000337
97,14,30,-523758.66,-145.23323,1,1.4308200000000113
97,15,45,-523757.3,-143.68118,2.35999999998603,2.9828699999999913
97,16,60,-523755.25,-141.72047,4.409999999974389,4.943579999999997
97,17,75,-523752.6,-139.5995,7.059999999997672,7.064549999999997
97,18,90,-523747.16,-134.8831,12.5,11.78094999999999
97,19,105,-523748.75,-136.58484,10.909999999974389,10.07920999999999
97,20,120,-523750.25,-137.9668,9.409999999974389,8.697249999999997
97,21,135,-523751.44,-138.67136,8.21999999997206,7.99269000000001
97,22,150,-523752.2,-138.64499,7.459999999962747,8.019059999999996
97,23,165,-523752.66,-138.29541,7,8.36864
97,24,180,-523752.8,-138.12138,6.85999999998603,8.542670000000015
98,1,-165,-318672.8,-339.08203,0.400000000023283,3.337130000000002
98,2,-150,-318671.56,-340.50696,1.6400000000139698,1.9121999999999844
98,3,-135,-318669.88,-341.91467,3.320000000006985,0.5044899999999757
98,4,-120,-318668.03,-342.41916,5.169999999983702,0
98,5,-105,-318666.5,-341.93262,6.7000000000116415,0.48653999999999087
98,6,-90,-318665.97,-341.4281,7.230000000039581,0.9910600000000045
98,7,-75,-318666.78,-341.8084,6.419999999983702,0.6107599999999707
98,8,-60,-318668.38,-342.20007,4.820000000006985,0.21908999999999423
98,9,-45,-318670.2,-341.7064,3,0.712760000000003
98,10,-30,-318671.78,-340.42514,1.419999999983702,1.9940199999999777
98,11,-15,-318673.2,-338.56326,0,3.855899999999963
98,12,0,-318672.8,-332.37048,0.400000000023283,10.04867999999999
98,13,15,-318673.2,-338.56732,0,3.8518399999999815
98,14,30,-318671.78,-340.40555,1.419999999983702,2.0136099999999715
98,15,45,-318670.2,-341.6964,3,0.7227599999999939
98,16,60,-318668.38,-342.20413,4.820000000006985,0.2150299999999561
98,17,75,-318666.78,-341.8084,6.419999999983702,0.6107599999999707
98,18,90,-318665.97,-341.42816,7.230000000039581,0.9909999999999854
98,19,105,-318666.5,-341.95416,6.7000000000116415,0.464999999999975
98,20,120,-318668.03,-342.37045,5.169999999983702,0.04870999999997139
98,21,135,-318669.88,-341.92453,3.320000000006985,0.49462999999997237
98,22,150,-318671.56,-340.50336,1.6400000000139698,1.9157999999999902
98,23,165,-318673.12,-338.69052,0.0800000000162981,3.7286399999999844
98,24,180,-318672.8,-332.38376,0.400000000023283,10.035399999999981
99,1,-165,-319524.2,38.30175,0.2699999999604188,0.243583000000001
99,2,-150,-319523.34,39.039684,1.129999999946449,0.9815170000000037
99,3,-135,-319522,40.238693,2.4699999999720603,2.1805260000000004
99,4,-120,-319520.44,41.74037,4.029999999969732,3.6822030000000012
99,5,-105,-319519.06,43.17283,5.409999999974389,5.114663
99,6,-90,-319518.34,43.94078,6.129999999946449,5.882612999999999
99,7,-75,-319518.72,43.803154,5.75,5.744987000000002
99,8,-60,-319519.88,43.19745,4.589999999967404,5.139283000000006
99,9,-45,-319521.2,42.565876,3.269999999960419,4.5077090000000055
99,10,-30,-319522.22,42.110313,2.25,4.0521460000000005
99,11,-15,-319522.8,41.861893,1.669999999983702,3.8037260000000046
99,12,0,-319523,41.791603,1.4699999999720603,3.7334360000000046
99,13,15,-319522.8,41.861893,1.669999999983702,3.8037260000000046
99,14,30,-319522.22,42.110313,2.25,4.0521460000000005
99,15,45,-319521.2,42.566242,3.269999999960419,4.508075000000005
99,16,60,-319519.88,43.19745,4.589999999967404,5.139283000000006
99,17,75,-319518.72,43.793644,5.75,5.735477000000003
99,18,90,-319518.34,43.946304,6.129999999946449,5.888137
99,19,105,-319519.06,43.166847,5.409999999974389,5.10868
99,20,120,-319520.44,41.740726,4.029999999969732,3.682559000000005
99,21,135,-319522,40.238693,2.4699999999720603,2.1805260000000004
99,22,150,-319523.34,39.039684,1.129999999946449,0.9815170000000037
99,23,165,-319524.2,38.30175,0.2699999999604188,0.243583000000001
99,24,180,-319524.47,38.058167,0,0
100,1,-165,-406803.44,49.55173,15.85999999998603,16.580523
100,2,-150,-406804.66,47.13427,14.64000000001397,14.163063000000001
100,3,-135,-406805.06,45.577015,14.239999999990689,12.605808000000003
100,4,-120,-406804.84,44.446903,14.459999999962749,11.475696
100,5,-105,-406804.53,43.32964,14.76999999996042,10.358432999999998
100,6,-90,-406805.03,41.971233,14.26999999996042,9.000025999999998
100,7,-75,-406806.97,40.13096,12.330000000016298,7.159753000000002
100,8,-60,-406810.12,38.141304,9.179999999993017,5.170096999999998
100,9,-45,-406813.66,36.2642,5.64000000001397,3.2929930000000027
100,10,-30,-406816.7,34.570328,2.599999999976717,1.5991210000000038
100,11,-15,-406818.66,33.396294,0.6400000000139698,0.42508699999999777
100,12,0,-406819.3,32.971207,0,0
100,13,15,-406818.66,33.38439,0.6400000000139698,0.41318300000000363
100,14,30,-406816.7,34.56259,2.599999999976717,1.5913830000000004
100,15,45,-406813.66,36.25772,5.64000000001397,3.2865129999999994
100,16,60,-406810.12,38.14493,9.179999999993017,5.1737230000000025
100,17,75,-406806.97,40.13096,12.330000000016298,7.159753000000002
100,18,90,-406805,41.959206,14.299999999988358,8.987999000000002
100,19,105,-406804.53,43.329407,14.76999999996042,10.358200000000004
100,20,120,-406804.84,44.446903,14.459999999962749,11.475696
100,21,135,-406805.06,45.577007,14.239999999990689,12.605800000000002
100,22,150,-406804.66,47.13427,14.64000000001397,14.163063000000001
100,23,165,-406803.44,49.560593,15.85999999998603,16.589385999999998
100,24,180,-406801.44,52.439568,17.85999999998603,19.468361
101,1,-165,-356557.8,-31.109926,4.820000000006985,6.027414
101,2,-150,-356557.56,-31.177786,5.059999999997672,5.959554000000001
101,3,-135,-356557.2,-31.332415,5.419999999983702,5.804925000000001
101,4,-120,-356556.84,-31.432117,5.779999999969732,5.705223
101,5,-105,-356556.6,-31.347178,6.0200000000186265,5.790162000000002
101,6,-90,-356556.4,-31.045849,6.21999999997206,6.091491000000001
101,7,-75,-356556.22,-30.533152,6.400000000023283,6.604188000000001
101,8,-60,-356555.78,-29.984417,6.839999999967404,7.152923000000001
101,9,-45,-356555.16,-29.275997,7.460000000020955,7.8613430000000015
101,10,-30,-356554.44,-28.824934,8.179999999993015,8.312406000000003
101,11,-15,-356553.94,-28.527512,8.679999999993015,8.609828
101,12,0,-356559.53,-34.218887,3.089999999967404,2.9184529999999995
101,13,15,-356560.16,-34.734043,2.4600000000209548,2.403297000000002
101,14,30,-356560.56,-34.787365,2.059999999997672,2.3499750000000006
101,15,45,-356561.6,-36.330986,1.0200000000186265,0.8063539999999989
101,16,60,-356562.62,-37.13734,0,0
101,17,75,-356562.6,-37.136246,0.0200000000186264,0.0010940000000019268
101,18,90,-356561.6,-36.274433,1.0200000000186265,0.8629069999999999
101,19,105,-356560.06,-34.916996,2.559999999997672,2.2203440000000043
101,20,120,-356558.78,-33.612644,3.839999999967404,3.5246959999999987
101,21,135,-356558.1,-32.27655,4.5200000000186265,4.8607900000000015
101,22,150,-356557.56,-31.177605,5.059999999997672,5.959735000000002
101,23,165,-356557.8,-31.109976,4.820000000006985,6.027364000000002
101,24,180,-356557.9,-31.120884,4.71999999997206,6.016456000000002
102,1,-165,-488362.53,-12.428602,2.769999999960419,1.871855
102,2,-150,-488363.25,-12.614992,2.0499999999883585,1.6854649999999989
102,3,-135,-488364.12,-13.029399,1.179999999993015,1.271058
102,4,-120,-488364.94,-13.57321,0.3599999999860301,0.7272470000000002
102,5,-105,-488365.3,-14.148891,0,0.15156599999999898
102,6,-90,-488364.8,-14.300456,0.5,9.999999992515995e-07
102,7,-75,-488363.97,-14.293205,1.330000000016298,0.00725199999999937
102,8,-60,-488363.25,-14.048713,2.0499999999883585,0.2517440000000004
102,9,-45,-488363,-13.707866,2.2999999999883585,0.5925910000000005
102,10,-30,-488363.12,-13.409866,2.179999999993015,0.8905910000000006
102,11,-15,-488363.34,-13.155148,1.959999999962747,1.1453089999999992
102,12,0,-488363.6,-12.983378,1.7000000000116415,1.3170789999999997
102,13,15,-488363.38,-13.152614,1.9199999999837016,1.147843
102,14,30,-488363.12,-13.409869,2.179999999993015,0.8905879999999993
102,15,45,-488363,-13.720866,2.2999999999883585,0.5795910000000006
102,16,60,-488363.25,-14.0503435,2.0499999999883585,0.25011349999999943
102,17,75,-488363.97,-14.285364,1.330000000016298,0.015093000000000245
102,18,90,-488364.8,-14.300457,0.5,0
102,19,105,-488365.3,-14.149904,0,0.15055300000000038
102,20,120,-488364.94,-13.568187,0.3599999999860301,0.7322699999999998
102,21,135,-488364.12,-13.029398,1.179999999993015,1.2710589999999993
102,22,150,-488363.25,-12.61696,2.0499999999883585,1.6834969999999991
102,23,165,-488362.53,-12.428597,2.769999999960419,1.8718599999999999
102,24,180,-488362.34,-12.351199,2.959999999962747,1.9492580000000004
103,1,-165,-366831.12,3.0311127,2.039999999979045,0.36733649999999995
103,2,-150,-366829.9,4.1188273,3.2599999999511056,1.4550511000000004
103,3,-135,-366829.22,5.7141905,3.940000000002328,3.0504143
103,4,-120,-366829.3,6.5991716,3.85999999998603,3.9353954
103,5,-105,-366830.47,5.6669536,2.6900000000023283,3.0031774
103,6,-90,-366832.03,4.5924225,1.129999999946449,1.9286462999999996
103,7,-75,-366833,3.6657166,0.1599999999743886,1.0019404
103,8,-60,-366833.1,2.7325215,0.0599999999976716,0.06874529999999979
103,9,-45,-366833,3.699059,0.1599999999743886,1.0352828
103,10,-30,-366832.1,4.6643434,1.0599999999976717,2.0005672
103,11,-15,-366830.56,5.6821294,2.599999999976717,3.0183532
103,12,0,-366829.38,6.594629,3.779999999969732,3.9308528000000003
103,13,15,-366829.22,5.8945055,3.940000000002328,3.2307293
103,14,30,-366829.75,4.389469,3.4099999999743886,1.7256928
103,15,45,-366830.9,3.2194762,2.2599999999511056,0.5556999999999999
103,16,60,-366831.47,4.5107903,1.6900000000023283,1.8470141
103,17,75,-366833.06,2.7019978,0.0999999999767169,0.03822159999999997
103,18,90,-366833.06,2.6637762,0.0999999999767169,0
103,19,105,-366832.34,3.2906063,0.8199999999487773,0.6268300999999998
103,20,120,-366831.78,4.204322,1.379999999946449,1.5405458000000003
103,21,135,-366832.16,3.4204807,1,0.7567045000000001
103,22,150,-366832.94,2.7140968,0.2199999999720603,0.05032060000000005
103,23,165,-366833.16,2.69344,0,0.029663799999999796
103,24,180,-366831.7,4.4557343,1.459999999962747,1.7919580999999996
104,1,-165,-265555.12,20.20773,1.179999999993015,0.3212440000000001
104,2,-150,-265554.53,20.929811,1.7699999999604188,1.0433249999999994
104,3,-135,-265553.9,21.550861,2.3999999999650754,1.6643749999999997
104,4,-120,-265553.75,21.585579,2.5499999999883585,1.6990929999999977
104,5,-105,-265554.28,21.006044,2.019999999960419,1.1195579999999978
104,6,-90,-265555.22,20.128319,1.080000000016298,0.24183299999999974
104,7,-75,-265556.3,20.423208,0,0.5367219999999975
104,8,-60,-265556.12,20.435673,0.179999999993015,0.5491869999999999
104,9,-45,-265555.28,21.414066,1.0199999999604188,1.5275799999999968
104,10,-30,-265554.06,22.865114,2.2399999999906868,2.978627999999997
104,11,-15,-265553,24.115927,3.2999999999883585,4.229440999999998
104,12,0,-265552.62,24.662983,3.679999999993015,4.776496999999999
104,13,15,-265553,24.11662,3.2999999999883585,4.230134
104,14,30,-265554.06,22.870409,2.2399999999906868,2.983922999999997
104,15,45,-265555.28,21.414097,1.0199999999604188,1.5276110000000003
104,16,60,-265556.12,20.43567,0.179999999993015,0.5491839999999968
104,17,75,-265556.3,20.416811,0,0.5303249999999977
104,18,90,-265555.22,20.128853,1.080000000016298,0.242366999999998
104,19,105,-265554.28,21.004091,2.019999999960419,1.1176049999999975
104,20,120,-265553.75,21.596895,2.5499999999883585,1.7104089999999985
104,21,135,-265553.9,21.553272,2.3999999999650754,1.6667859999999983
104,22,150,-265554.53,20.924568,1.7699999999604188,1.0380819999999993
104,23,165,-265555.12,20.20535,1.179999999993015,0.3188639999999978
104,24,180,-265555.34,19.886486,0.9599999999627472,0
105,1,-165,-314275.84,31.158812,0.9099999999743886,1.4510480000000001
105,2,-150,-314274.38,33.282597,2.3699999999953434,3.5748330000000017
105,3,-135,-314273.4,36.711315,3.349999999976717,7.003550999999998
105,4,-120,-314272.72,37.7065,4.03000000002794,7.998735999999997
105,5,-105,-314272.62,37.707756,4.130000000004657,7.999992000000002
105,6,-90,-314274.94,34.173775,1.809999999997672,4.466010999999998
105,7,-75,-314276.62,31.640978,0.1300000000046566,1.9332139999999995
105,8,-60,-314276.75,30.754883,0,1.0471189999999986
105,9,-45,-314275.34,32.148537,1.4099999999743886,2.4407729999999965
105,10,-30,-314273.06,34.229206,3.690000000002328,4.521441999999997
105,11,-15,-314272.66,36.906544,4.090000000025611,7.198779999999996
105,12,0,-314271.34,41.89943,5.409999999974389,12.191666000000001
105,13,15,-314272.7,40.46502,4.049999999988359,10.757256000000002
105,14,30,-314274.34,38.288624,2.4099999999743886,8.580859999999998
105,15,45,-314275.38,36.419846,1.3699999999953434,6.712081999999999
105,16,60,-314275.38,34.779556,1.3699999999953434,5.0717919999999985
105,17,75,-314275.94,31.711512,0.8099999999976717,2.003747999999998
105,18,90,-314274.22,32.487095,2.53000000002794,2.7793309999999956
105,19,105,-314272.22,33.45888,4.53000000002794,3.7511159999999997
105,20,120,-314271.25,33.199646,5.5,3.4918820000000004
105,21,135,-314272.22,32.18395,4.53000000002794,2.476186000000002
105,22,150,-314274.34,30.752888,2.4099999999743886,1.0451239999999977
105,23,165,-314276.06,29.707764,0.6900000000023283,0
105,24,180,-314276.62,29.894205,0.1300000000046566,0.18644099999999852
106,1,-165,-261817.78,-114.86872,12.820000000006983,8.261865
106,2,-150,-261817.5,-112.97437,13.10000000000582,10.156215000000003
106,3,-135,-261816.81,-109.94223,13.790000000008147,13.188355000000001
106,4,-120,-261815.89,-106.01383,14.709999999991853,17.116754999999998
106,5,-105,-261817.39,-100.38005,13.209999999991853,22.750535
106,6,-90,-261819.42,-103.462296,11.179999999993017,19.668289
106,7,-75,-261822.22,-107.41097,8.380000000004657,15.71961499999999
106,8,-60,-261825.33,-111.73965,5.2700000000186265,11.390934999999999
106,9,-45,-261827.86,-116.06408,2.7400000000197906,7.066504999999992
106,10,-30,-261829.5,-119.79016,1.1000000000058208,3.340424999999996
106,11,-15,-261830.36,-122.231766,0.2400000000197906,0.8988190000000031
106,12,0,-261830.6,-123.130585,0,0
106,13,15,-261830.36,-122.16963,0.2400000000197906,0.9609549999999984
106,14,30,-261829.5,-119.77919,1.1000000000058208,3.3513949999999966
106,15,45,-261827.84,-116.00555,2.760000000009313,7.125034999999997
106,16,60,-261825.33,-111.74222,5.2700000000186265,11.388364999999993
106,17,75,-261822.22,-107.465836,8.380000000004657,15.664749
106,18,90,-261819.42,-103.477684,11.179999999993017,19.652901
106,19,105,-261817.39,-100.39659,13.209999999991853,22.733994999999993
106,20,120,-261816.11,-100.067535,14.49000000001979,23.06304999999999
106,21,135,-261816.81,-109.94656,13.790000000008147,13.184024999999991
106,22,150,-261817.5,-112.97291,13.10000000000582,10.157674999999998
106,23,165,-261817.78,-114.90694,12.820000000006983,8.22364499999999
106,24,180,-261817.38,-118.13059,13.220000000001164,4.999994999999998
107,1,-165,-563891.1,22.256866,0,0.8631589999999996
107,2,-150,-563891.1,21.732054,0,0.3383470000000024
107,3,-135,-563890.94,21.591276,0.1600000000325963,0.19756900000000144
107,4,-120,-563890.6,21.39371,0.5,2.9999999995311555e-06
107,5,-105,-563890.44,21.754854,0.6600000000325963,0.36114700000000255
107,6,-90,-563890.3,22.057371,0.7999999999301508,0.6636640000000007
107,7,-75,-563890.5,21.7208,0.5999999999767169,0.3270930000000014
107,8,-60,-563890.7,21.566347,0.400000000023283,0.17264000000000124
107,9,-45,-563891,21.623661,0.0999999999767169,0.22995399999999933
107,10,-30,-563891.1,21.791588,0,0.3978810000000017
107,11,-15,-563891.06,22.31964,0.0399999999208375,0.9259330000000006
107,12,0,-563890.94,22.92583,0.1600000000325963,1.5321230000000021
107,13,15,-563891.06,22.319643,0.0399999999208375,0.9259360000000001
107,14,30,-563891.1,21.788548,0,0.39484099999999955
107,15,45,-563891,21.62187,0.0999999999767169,0.22816300000000211
107,16,60,-563890.7,21.56565,0.400000000023283,0.1719430000000024
107,17,75,-563890.5,21.7208,0.5999999999767169,0.3270930000000014
107,18,90,-563890.3,22.055538,0.7999999999301508,0.6618309999999994
107,19,105,-563890.44,21.74621,0.6600000000325963,0.35250300000000223
107,20,120,-563890.6,21.393707,0.5,0
107,21,135,-563890.94,21.591278,0.1600000000325963,0.19757099999999994
107,22,150,-563891.1,21.73205,0,0.33834300000000184
107,23,165,-563891.1,22.256552,0,0.8628450000000001
107,24,180,-563890.94,22.909369,0.1600000000325963,1.5156620000000025
108,1,-165,-407524.28,-25.530155,0.5,3.4524079999999984
108,2,-150,-407523.9,-24.749666,0.8800000000046566,4.232896999999998
108,3,-135,-407523.66,-23.793112,1.120000000053551,5.189450999999998
108,4,-120,-407523.75,-25.521204,1.0300000000279397,3.461358999999998
108,5,-105,-407524.22,-27.702858,0.5600000000558794,1.2797049999999999
108,6,-90,-407524.78,-28.680792,0,0.3017709999999987
108,7,-75,-407524.75,-28.982563,0.0300000000279396,0
108,8,-60,-407524.12,-28.468761,0.6600000000325963,0.5138019999999983
108,9,-45,-407523.22,-26.85119,1.5600000000558794,2.131373
108,10,-30,-407521.88,-24.963057,2.900000000023283,4.019506
108,11,-15,-407520.53,-22.122156,4.25,6.860406999999999
108,12,0,-407519.44,-18.492823,5.340000000025611,10.489739999999998
108,13,15,-407520.5,-21.12991,4.28000000002794,7.852653
108,14,30,-407521.84,-23.932076,2.9400000000023283,5.050487
108,15,45,-407523.1,-26.350506,1.6800000000512227,2.6320569999999996
108,16,60,-407524,-27.961761,0.7800000000279397,1.0208019999999998
108,17,75,-407524.5,-28.708315,0.2800000000279397,0.27424800000000005
108,18,90,-407524.47,-28.674023,0.3100000000558793,0.3085400000000007
108,19,105,-407523.97,-27.585447,0.8100000000558794,1.3971160000000005
108,20,120,-407523.66,-24.978954,1.120000000053551,4.003608999999997
108,21,135,-407523.62,-23.636189,1.1600000000325963,5.346373999999997
108,22,150,-407523.88,-24.772726,0.9000000000232831,4.209837
108,23,165,-407524.25,-25.510426,0.5300000000279397,3.472137
108,24,180,-407524.44,-25.632362,0.3400000000256113,3.3502009999999984
109,1,-165,-480795.16,-6.7910433,4.14000000001397,2.5733137
109,2,-150,-480795.16,-5.958569,4.14000000001397,3.4057880000000003
109,3,-135,-480795.12,-4.94254,4.179999999993015,4.421817
109,4,-120,-480795,-4.4540915,4.299999999988359,4.9102655
109,5,-105,-480794.8,-4.4793425,4.5,4.8850145000000005
109,6,-90,-480794.56,-4.822091,4.739999999990687,4.542266
109,7,-75,-480794.28,-5.0832953,5.019999999960419,4.2810617
109,8,-60,-480793.84,-4.705522,5.459999999962747,4.658835
109,9,-45,-480793.34,-3.3747818,5.959999999962747,5.9895752
109,10,-30,-480793.34,-2.3866808,5.959999999962747,6.977676199999999
109,11,-15,-480793.25,-1.5842717,6.049999999988359,7.7800853
109,12,0,-480797.97,-6.4715323,1.330000000016298,2.8928247000000002
109,13,15,-480798.88,-7.8613667,0.4199999999837018,1.5029903000000004
109,14,30,-480799.3,-8.819338,0,0.5450189999999999
109,15,45,-480799.3,-9.364357,0,0
109,16,60,-480798.62,-8.8853245,0.6799999999930151,0.47903250000000064
109,17,75,-480797.16,-7.1533175,2.14000000001397,2.2110395
109,18,90,-480794.56,-4.828444,4.739999999990687,4.535913
109,19,105,-480794.8,-4.4826026,4.5,4.8817544
109,20,120,-480795,-4.4495983,4.299999999988359,4.9147587
109,21,135,-480795.12,-4.9379964,4.179999999993015,4.4263606
109,22,150,-480795.16,-5.958569,4.14000000001397,3.4057880000000003
109,23,165,-480795.16,-6.7910433,4.14000000001397,2.5733137
109,24,180,-480795.22,-6.9593105,4.080000000016298,2.4050465
110,1,-165,-513808.62,46.324127,7.410000000032596,5.788686999999996
110,2,-150,-513808.1,47.72005,7.930000000051223,7.184609999999999
110,3,-135,-513808.44,47.95593,7.590000000025611,7.420490000000001
110,4,-120,-513809.72,46.264423,6.310000000055879,5.7289829999999995
110,5,-105,-513810.97,43.97424,5.060000000055879,3.4388000000000005
110,6,-90,-513811.62,42.76564,4.410000000032596,2.2301999999999964
110,7,-75,-513811.25,44.58478,4.78000000002794,4.049340000000001
110,8,-60,-513812.78,41.036987,3.25,0.5015470000000022
110,9,-45,-513814.06,40.53544,1.970000000030268,0
110,10,-30,-513814.5,41.189133,1.5300000000279397,0.653692999999997
110,11,-15,-513814.94,46.492836,1.0900000000256114,5.957395999999996
110,12,0,-513815.12,45.26949,0.9100000000325964,4.734049999999996
110,13,15,-513816,43.755196,0.0300000000279396,3.2197559999999967
110,14,30,-513816.03,43.309372,0,2.773932000000002
110,15,45,-513815.16,43.823574,0.870000000053551,3.2881339999999994
110,16,60,-513813.6,44.59389,2.4300000000512227,4.058450000000001
110,17,75,-513812.22,45.51732,3.81000000005588,4.981879999999997
110,18,90,-513809.4,45.90756,6.630000000004657,5.372119999999995
110,19,105,-513809.16,45.838387,6.870000000053551,5.302946999999996
110,20,120,-513809.53,46.05637,6.5,5.52093
110,21,135,-513809.66,46.003277,6.370000000053551,5.467836999999996
110,22,150,-513809.72,45.679977,6.310000000055879,5.144537
110,23,165,-513809.6,45.42955,6.430000000051223,4.894109999999998
110,24,180,-513809.25,45.72828,6.78000000002794,5.192839999999997
111,1,-165,-469972.22,30.156204,2.6800000000512227,0.8559699999999992
111,2,-150,-469973.47,29.741215,1.4300000000512227,0.44098100000000073
111,3,-135,-469974.53,29.421116,0.3699999999953434,0.12088200000000171
111,4,-120,-469974.9,29.300234,0,0
111,5,-105,-469974.6,29.426474,0.3000000000465661,0.12623999999999924
111,6,-90,-469973.6,29.718212,1.300000000046566,0.4179780000000015
111,7,-75,-469972.34,30.11799,2.559999999997672,0.8177559999999993
111,8,-60,-469971.56,30.272667,3.340000000025612,0.9724329999999988
111,9,-45,-469972.12,30.072147,2.78000000002794,0.7719130000000014
111,10,-30,-469973.44,29.678726,1.4600000000209548,0.3784920000000014
111,11,-15,-469974.53,29.403069,0.3699999999953434,0.1028349999999989
111,12,0,-469974.9,29.306812,0,0.006578000000001083
111,13,15,-469974.53,29.403067,0.3699999999953434,0.1028330000000004
111,14,30,-469973.44,29.685253,1.4600000000209548,0.3850189999999998
111,15,45,-469972.12,30.072147,2.78000000002794,0.7719130000000014
111,16,60,-469971.56,30.272669,3.340000000025612,0.9724350000000008
111,17,75,-469972.34,30.117992,2.559999999997672,0.8177580000000013
111,18,90,-469973.6,29.731462,1.300000000046566,0.43122800000000083
111,19,105,-469974.6,29.42647,0.3000000000465661,0.12623599999999868
111,20,120,-469974.9,29.300236,0,2.0000000020559128e-06
111,21,135,-469974.53,29.421112,0.3699999999953434,0.12087800000000115
111,22,150,-469973.47,29.750296,1.4300000000512227,0.4500619999999991
111,23,165,-469972.22,30.156208,2.6800000000512227,0.8559739999999998
111,24,180,-469971.56,30.27205,3.340000000025612,0.9718160000000005
112,1,-165,-440756.84,45.718353,6.039999999979045,7.483963000000003
112,2,-150,-440757.22,45.259796,5.660000000032596,7.025406000000004
112,3,-135,-440758.03,44.171944,4.849999999976717,5.937554000000006
112,4,-120,-440758.62,42.86296,4.260000000009313,4.628570000000003
112,5,-105,-440758.78,42.404694,4.099999999976717,4.170304000000002
112,6,-90,-440758.66,42.182995,4.220000000030268,3.9486050000000006
112,7,-75,-440758.22,40.859756,4.660000000032596,2.6253659999999996
112,8,-60,-440759.56,39.449524,3.320000000006985,1.215133999999999
112,9,-45,-440760.78,38.874,2.099999999976717,0.6396100000000047
112,10,-30,-440761.6,39.300526,1.2800000000279397,1.0661360000000002
112,11,-15,-440762.06,40.566147,0.8200000000069849,2.331757000000003
112,12,0,-440762.4,40.629684,0.4799999999813735,2.395294
112,13,15,-440762.88,39.30356,0,1.0691699999999997
112,14,30,-440762.62,38.31276,0.2600000000093132,0.0783699999999996
112,15,45,-440761.6,38.23439,1.2800000000279397,0
112,16,60,-440760.2,39.27556,2.679999999993015,1.041170000000001
112,17,75,-440758.78,41.02898,4.099999999976717,2.7945899999999995
112,18,90,-440758.66,42.183,4.220000000030268,3.948610000000002
112,19,105,-440758.78,42.404694,4.099999999976717,4.170304000000002
112,20,120,-440758.62,42.860817,4.260000000009313,4.626427
112,21,135,-440758.03,44.220005,4.849999999976717,5.985615000000003
112,22,150,-440757.22,45.257805,5.660000000032596,7.023415
112,23,165,-440756.84,45.718353,6.039999999979045,7.483963000000003
112,24,180,-440756.62,45.77004,6.260000000009313,7.535650000000004
113,1,-165,-600008.1,3.5182433,0,0.9415933000000001
113,2,-150,-600008.06,3.2383163,0.0399999999208375,0.6616663000000003
113,3,-135,-600007.94,3.0244048,0.1600000000325963,0.44775480000000023
113,4,-120,-600007.9,2.7538571,0.1999999999534338,0.17720709999999995
113,5,-105,-600007.8,2.57665,0.2999999999301508,0
113,6,-90,-600007.56,2.8156388,0.5399999999208376,0.2389888
113,7,-75,-600006.44,3.8161056,1.6600000000325963,1.2394556000000003
113,8,-60,-600005.94,4.6593695,2.1600000000325963,2.0827195000000005
113,9,-45,-600004.44,6.437632,3.660000000032596,3.860982
113,10,-30,-600002.6,8.728538,5.5,6.1518880000000005
113,11,-15,-600001.25,10.678057,6.849999999976717,8.101407000000002
113,12,0,-600000.75,11.541647,7.349999999976717,8.964997
113,13,15,-600001.25,10.678506,6.849999999976717,8.101856000000002
113,14,30,-600002.6,8.72856,5.5,6.15191
113,15,45,-600004.44,6.4509597,3.660000000032596,3.8743097000000004
113,16,60,-600005.7,5.5797343,2.400000000023283,3.0030843000000003
113,17,75,-600006.9,3.842182,1.199999999953434,1.2655320000000003
113,18,90,-600007.56,2.815625,0.5399999999208376,0.23897499999999994
113,19,105,-600007.8,2.577152,0.2999999999301508,0.0005020000000000024
113,20,120,-600007.9,2.7530735,0.1999999999534338,0.1764235000000003
113,21,135,-600007.94,3.0255063,0.1600000000325963,0.4488563000000001
113,22,150,-600008.06,3.2441857,0.0399999999208375,0.6675357000000002
113,23,165,-600008.1,3.5246866,0,0.9480366
113,24,180,-600008,3.8871744,0.0999999999767169,1.3105244000000003
114,1,-165,-386005.56,19.07058,2.7399999999906868,0.08495800000000031
114,2,-150,-386006.3,19.28333,2,0.2977080000000001
114,3,-135,-386007.1,19.320137,1.2000000000116415,0.3345149999999997
114,4,-120,-386007.78,19.19829,0.5199999999604188,0.21266800000000075
114,5,-105,-386008.25,19.087538,0.0499999999883584,0.10191599999999923
114,6,-90,-386008.3,19.173275,0,0.18765300000000096
114,7,-75,-386008.2,19.05121,0.0999999999767169,0.06558800000000176
114,8,-60,-386007.6,19.158842,0.7000000000116415,0.1732200000000006
114,9,-45,-386006.94,19.24166,1.3599999999860302,0.2560380000000002
114,10,-30,-386006.16,19.114346,2.14000000001397,0.12872400000000184
114,11,-15,-386005.5,19.018257,2.7999999999883585,0.03263499999999908
114,12,0,-386005.25,18.98713,3.0499999999883585,0.001508000000001175
114,13,15,-386005.5,19.022482,2.7999999999883585,0.03686000000000078
114,14,30,-386006.16,19.1147,2.14000000001397,0.1290779999999998
114,15,45,-386006.94,19.234024,1.3599999999860302,0.24840200000000223
114,16,60,-386007.6,19.170574,0.7000000000116415,0.18495199999999912
114,17,75,-386008.2,19.050278,0.0999999999767169,0.06465599999999938
114,18,90,-386008.3,19.176617,0,0.19099500000000091
114,19,105,-386008.25,19.101965,0.0499999999883584,0.11634300000000053
114,20,120,-386007.78,19.202227,0.5199999999604188,0.21660500000000127
114,21,135,-386007.1,19.31999,1.2000000000116415,0.33436800000000133
114,22,150,-386006.3,19.233515,2,0.24789300000000125
114,23,165,-386005.56,19.069601,2.7399999999906868,0.08397899999999936
114,24,180,-386005.25,18.985622,3.0499999999883585,0
115,1,-165,-374952.84,18.6563,3.3199999999487773,7.201639000000002
115,2,-150,-374953.16,15.465776,3,4.011115
115,3,-135,-374954.5,14.914891,1.6599999999743886,3.460230000000001
115,4,-120,-374955.62,13.032439,0.5399999999790452,1.5777780000000003
115,5,-105,-374956.16,11.483274,0,0.028613
115,6,-90,-374955.66,11.856447,0.5,0.40178599999999953
115,7,-75,-374955.75,12.747193,0.4099999999743886,1.2925319999999996
115,8,-60,-374954.47,13.886233,1.6900000000023283,2.431572000000001
115,9,-45,-374953,15.859569,3.1599999999743886,4.404908000000001
115,10,-30,-374952.1,17.335434,4.059999999997672,5.880773
115,11,-15,-374952.03,17.492275,4.129999999946449,6.037614
115,12,0,-374952.28,18.007341,3.879999999946449,6.5526800000000005
115,13,15,-374952.8,18.66375,3.35999999998603,7.2090890000000005
115,14,30,-374953.06,15.506609,3.099999999976717,4.051947999999999
115,15,45,-374954.38,15.047416,1.779999999969732,3.5927550000000004
115,16,60,-374955.62,12.963464,0.5399999999790452,1.5088030000000003
115,17,75,-374956.16,11.454661,0,0
115,18,90,-374955.56,11.866666,0.5999999999767169,0.4120050000000006
115,19,105,-374955.66,12.809237,0.5,1.3545759999999998
115,20,120,-374954.47,13.882127,1.6900000000023283,2.427466000000001
115,21,135,-374953.16,15.619128,3,4.164467
115,22,150,-374952.16,17.23621,4,5.781549
115,23,165,-374952.03,17.479292,4.129999999946449,6.024631000000001
115,24,180,-374952.28,17.937857,3.879999999946449,6.483196000000001
116,1,-165,-287078,32.618763,6.5,8.727516000000001
116,2,-150,-287077.4,35.198845,7.099999999976717,11.307597999999999
116,3,-135,-287076.34,39.37761,8.159999999974389,15.486362999999997
116,4,-120,-287075.2,43.522984,9.299999999988358,19.631737
116,5,-105,-287074.3,46.818462,10.200000000011642,22.927214999999997
116,6,-90,-287074.38,47.37803,10.119999999995343,23.486783000000003
116,7,-75,-287076.03,43.860336,8.46999999997206,19.969088999999997
116,8,-60,-287078.47,38.437523,6.03000000002794,14.546275999999999
116,9,-45,-287080.9,32.86571,3.599999999976717,8.974463
116,10,-30,-287082.88,28.232527,1.6199999999953434,4.341280000000001
116,11,-15,-287084.1,25.13877,0.400000000023283,1.247523000000001
116,12,0,-287084.5,23.891247,0,0
116,13,15,-287084.1,25.123615,0.400000000023283,1.232368000000001
116,14,30,-287082.88,28.229698,1.6199999999953434,4.338450999999999
116,15,45,-287080.9,32.821724,3.599999999976717,8.930477000000003
116,16,60,-287078.47,38.443726,6.03000000002794,14.552478999999998
116,17,75,-287076,43.854206,8.5,19.962958999999998
116,18,90,-287074.4,47.416058,10.099999999976715,23.524811
116,19,105,-287074.3,46.82778,10.200000000011642,22.936532999999997
116,20,120,-287075.2,43.518936,9.299999999988358,19.627688999999997
116,21,135,-287076.34,39.40349,8.159999999974389,15.512242999999998
116,22,150,-287077.4,35.202065,7.099999999976717,11.310817999999998
116,23,165,-287078.03,32.679302,6.46999999997206,8.788055
116,24,180,-287078.16,31.739119,6.340000000025611,7.847871999999999
117,1,-165,-477511.2,55.09663,0.3300000000162981,0.5255930000000006
117,2,-150,-477510.22,56.617386,1.3100000000558794,2.0463490000000064
117,3,-135,-477508.7,58.92663,2.830000000016298,4.355593000000006
117,4,-120,-477506.62,61.836754,4.910000000032596,7.265717000000002
117,5,-105,-477504.28,65.1597,7.25,10.588663000000004
117,6,-90,-477502.25,69.49922,9.28000000002794,14.928182999999997
117,7,-75,-477501.34,72.11079,10.190000000002328,17.539752999999997
117,8,-60,-477501.2,71.30347,10.330000000016298,16.732433000000007
117,9,-45,-477500.97,70.15853,10.56000000005588,15.587493000000002
117,10,-30,-477500.38,69.41345,11.150000000023285,14.842413
117,11,-15,-477499.94,68.80494,11.590000000025611,14.233903000000005
117,12,0,-477500.28,68.34422,11.25,13.77318300000001
117,13,15,-477500.9,68.14137,10.630000000004657,13.570332999999998
117,14,30,-477501.38,68.51966,10.150000000023285,13.948623000000005
117,15,45,-477501.5,69.59203,10.03000000002794,15.020992999999997
117,16,60,-477501.38,71.111664,10.150000000023285,16.540627000000008
117,17,75,-477501.44,72.09578,10.090000000025611,17.524743000000008
117,18,90,-477502.3,69.359985,9.23000000003958,14.788947999999998
117,19,105,-477504.34,65.343155,7.190000000002328,10.772117999999999
117,20,120,-477506.56,62.05854,4.970000000030268,7.487503000000004
117,21,135,-477508.56,59.08672,2.970000000030268,4.515683000000003
117,22,150,-477510.12,56.732674,1.4100000000325963,2.161637000000006
117,23,165,-477511.12,55.1464,0.4100000000325963,0.575363000000003
117,24,180,-477511.53,54.571037,0,0
118,1,-165,-537794.94,8.677051,0.0600000000558793,4.563046000000001
118,2,-150,-537794.9,5.0641093,0.0999999999767169,0.9501043000000005
118,3,-135,-537794.44,4.114005,0.5600000000558794,0
118,4,-120,-537793.25,4.452523,1.75,0.33851800000000054
118,5,-105,-537791.75,5.785036,3.25,1.6710310000000002
118,6,-90,-537790.4,7.960752,4.599999999976717,3.8467470000000006
118,7,-75,-537789.4,10.816283,5.599999999976717,6.702278000000001
118,8,-60,-537788.25,14.233131,6.75,10.119126000000001
118,9,-45,-537786.75,18.573023,8.25,14.459018
118,10,-30,-537785.06,23.949482,9.93999999994412,19.835477
118,11,-15,-537783.5,29.829947,11.5,25.715942000000002
118,12,0,-537782.8,33.088413,12.199999999953434,28.974408000000004
118,13,15,-537783.5,29.800165,11.5,25.68616
118,14,30,-537785.06,23.99951,9.93999999994412,19.885505000000002
118,15,45,-537786.75,18.559618,8.25,14.445613000000002
118,16,60,-537788.25,14.233129,6.75,10.119124
118,17,75,-537789.4,10.815882,5.599999999976717,6.7018770000000005
118,18,90,-537790.4,7.9563684,4.599999999976717,3.8423634
118,19,105,-537791.75,5.7931323,3.25,1.6791273000000002
118,20,120,-537793.25,4.4487395,1.75,0.3347345000000006
118,21,135,-537794.44,4.114007,0.5600000000558794,2.000000000279556e-06
118,22,150,-537794.9,5.063708,0.0999999999767169,0.9497030000000004
118,23,165,-537794.94,8.676978,0.0600000000558793,4.562973
118,24,180,-537795,11.006749,0,6.8927439999999995
119,1,-165,-392949.94,32.99459,4.900000000023283,3.6183850000000035
119,2,-150,-392951.5,31.474249,3.340000000025612,2.0980440000000016
119,3,-135,-392953.1,29.840103,1.7400000000488944,0.46389800000000037
119,4,-120,-392954.28,29.376583,0.5599999999976717,0.0003780000000013217
119,5,-105,-392954.84,29.925915,0,0.549710000000001
119,6,-90,-392954.6,31.417255,0.2400000000488944,2.041050000000002
119,7,-75,-392953.56,33.37332,1.2800000000279397,3.997115000000001
119,8,-60,-392952.2,34.87498,2.64000000001397,5.498775000000002
119,9,-45,-392951.2,35.207832,3.64000000001397,5.831627000000005
119,10,-30,-392950.56,35.174885,4.28000000002794,5.7986800000000045
119,11,-15,-392949.97,35.44243,4.870000000053551,6.066225000000003
119,12,0,-392949.34,36.240696,5.5,6.864491000000001
119,13,15,-392949.97,35.445312,4.870000000053551,6.0691070000000025
119,14,30,-392950.56,35.1947,4.28000000002794,5.818494999999999
119,15,45,-392951.22,35.21721,3.620000000053551,5.841005000000003
119,16,60,-392952.2,34.884136,2.64000000001397,5.507930999999999
119,17,75,-392953.56,33.36811,1.2800000000279397,3.9919050000000027
119,18,90,-392954.6,31.423141,0.2400000000488944,2.0469360000000023
119,19,105,-392954.84,29.917833,0,0.5416280000000029
119,20,120,-392954.28,29.376205,0.5599999999976717,0
119,21,135,-392953.1,29.85747,1.7400000000488944,0.4812650000000005
119,22,150,-392951.5,31.471165,3.340000000025612,2.0949600000000004
119,23,165,-392949.94,32.992775,4.900000000023283,3.616570000000003
119,24,180,-392949.47,33.600506,5.370000000053551,4.224301000000004
120,1,-165,-418092.22,33.97285,0,1.31447
120,2,-150,-418091.94,35.081238,0.279999999969732,2.422857999999998
120,3,-135,-418091.22,36.49313,1,3.8347499999999997
120,4,-120,-418090.16,38.290768,2.059999999997672,5.632387999999999
120,5,-105,-418088.9,40.346714,3.3199999999487773,7.688333999999998
120,6,-90,-418087.53,42.10614,4.689999999944121,9.447760000000002
120,7,-75,-418089.06,40.29421,3.1599999999743886,7.635829999999999
120,8,-60,-418090.34,38.16573,1.879999999946449,5.507350000000002
120,9,-45,-418091.38,36.42235,0.8399999999674037,3.7639700000000005
120,10,-30,-418092,34.99268,0.2199999999720603,2.334299999999999
120,11,-15,-418092.22,33.83586,0,1.1774799999999956
120,12,0,-418092.12,32.65838,0.0999999999767169,0
120,13,15,-418092.22,33.848682,0,1.1903019999999955
120,14,30,-418092,34.97533,0.2199999999720603,2.3169499999999985
120,15,45,-418091.38,36.423683,0.8399999999674037,3.765302999999996
120,16,60,-418090.34,38.173298,1.879999999946449,5.5149180000000015
120,17,75,-418089.06,40.265785,3.1599999999743886,7.607405
120,18,90,-418087.53,42.100174,4.689999999944121,9.441794000000002
120,19,105,-418088.9,40.34808,3.3199999999487773,7.689700000000002
120,20,120,-418090.16,38.27091,2.059999999997672,5.61253
120,21,135,-418091.22,36.48981,1,3.8314299999999974
120,22,150,-418091.94,35.06582,0.279999999969732,2.407440000000001
120,23,165,-418092.22,33.97423,0,1.3158499999999975
120,24,180,-418092.12,32.75399,0.0999999999767169,0.09561000000000064
121,1,-165,-405002.66,-176.08672,1.120000000053551,1.7804699999999798
121,2,-150,-405003.22,-176.55971,0.5600000000558794,1.3074799999999982
121,3,-135,-405003.56,-177.22162,0.2200000000302679,0.6455699999999922
121,4,-120,-405003.78,-177.80399,0,0.06319999999999482
121,5,-105,-405003.72,-177.86719,0.0600000000558793,0
121,6,-90,-405002.6,-176.73624,1.1800000000512227,1.1309499999999844
121,7,-75,-405002.88,-176.84853,0.9000000000232831,1.0186599999999828
121,8,-60,-405003,-176.54456,0.7800000000279397,1.3226300000000037
121,9,-45,-405002.97,-175.93205,0.8100000000558794,1.9351399999999899
121,10,-30,-405002.75,-175.39217,1.0300000000279397,2.4750200000000007
121,11,-15,-405002.38,-175.14444,1.400000000023283,2.7227499999999907
121,12,0,-405001.66,-175.78935,2.120000000053551,2.0778399999999806
121,13,15,-405002.38,-175.15541,1.400000000023283,2.7117800000000045
121,14,30,-405002.75,-175.39685,1.0300000000279397,2.470339999999993
121,15,45,-405002.97,-175.9378,0.8100000000558794,1.9293899999999837
121,16,60,-405003,-176.54198,0.7800000000279397,1.3252099999999984
121,17,75,-405002.88,-176.84816,0.9000000000232831,1.0190299999999866
121,18,90,-405002.6,-176.73782,1.1800000000512227,1.1293699999999944
121,19,105,-405003.72,-177.86449,0.0600000000558793,0.0027000000000043656
121,20,120,-405003.78,-177.80516,0,0.062029999999992924
121,21,135,-405003.56,-177.2279,0.2200000000302679,0.6392899999999884
121,22,150,-405003.22,-176.54436,0.5600000000558794,1.322829999999982
121,23,165,-405002.66,-176.09541,1.120000000053551,1.7717800000000068
121,24,180,-405002.06,-177.19261,1.720000000030268,0.6745799999999917
122,1,-165,-512443.6,-24.952782,0.2800000000279397,0.11403400000000019
122,2,-150,-512442.47,-23.904442,1.4100000000325963,1.1623739999999998
122,3,-135,-512441.47,-22.876535,2.4100000000325963,2.190280999999999
122,4,-120,-512441.03,-22.451853,2.849999999976717,2.6149629999999995
122,5,-105,-512441.47,-22.991144,2.4100000000325963,2.075672000000001
122,6,-90,-512442.47,-24.003424,1.4100000000325963,1.0633920000000003
122,7,-75,-512443.56,-24.995092,0.3200000000069849,0.07172399999999968
122,8,-60,-512443.88,-25.052809,0,0.014006999999999437
122,9,-45,-512443.6,-24.934786,0.2800000000279397,0.1320300000000003
122,10,-30,-512442.44,-23.900154,1.4400000000023283,1.1666619999999988
122,11,-15,-512441.47,-22.873531,2.4100000000325963,2.1932849999999995
122,12,0,-512441,-22.39536,2.8800000000046566,2.671455999999999
122,13,15,-512441.47,-22.873974,2.4100000000325963,2.192841999999999
122,14,30,-512442.4,-23.870762,1.4799999999813735,1.1960540000000002
122,15,45,-512443.6,-24.937214,0.2800000000279397,0.12960199999999844
122,16,60,-512443.88,-25.049812,0,0.01700400000000002
122,17,75,-512443.56,-24.996098,0.3200000000069849,0.07071799999999939
122,18,90,-512442.47,-23.98355,1.4100000000325963,1.0832659999999983
122,19,105,-512441.5,-22.97355,2.3800000000046566,2.093266
122,20,120,-512441.03,-22.428688,2.849999999976717,2.6381279999999983
122,21,135,-512441.47,-22.879425,2.4100000000325963,2.187390999999998
122,22,150,-512442.47,-23.910397,1.4100000000325963,1.1564189999999996
122,23,165,-512443.6,-24.948858,0.2800000000279397,0.11795799999999801
122,24,180,-512443.84,-25.066816,0.0399999999790452,0
123,1,-165,-311625.84,9.116118,1.0399999999790452,1.7075649999999998
123,2,-150,-311626.28,7.9648757,0.5999999999767169,0.5563227
123,3,-135,-311626.16,7.510748,0.720000000030268,0.10219500000000004
123,4,-120,-311625.47,7.712375,1.4100000000325963,0.30382199999999937
123,5,-105,-311624.44,8.062004,2.4400000000023283,0.6534509999999996
123,6,-90,-311623.66,8.086412,3.220000000030268,0.6778589999999989
123,7,-75,-311623.6,7.7349133,3.28000000002794,0.32636029999999927
123,8,-60,-311624.3,7.408553,2.580000000016298,0
123,9,-45,-311625.44,7.563464,1.4400000000023283,0.15491099999999935
123,10,-30,-311626.4,8.455814,0.4799999999813735,1.0472609999999998
123,11,-15,-311626.84,10.106323,0.0399999999790452,2.6977699999999993
123,12,0,-311626.88,11.204993,0,3.7964399999999996
123,13,15,-311626.84,10.100348,0.0399999999790452,2.691795
123,14,30,-311626.4,8.45698,0.4799999999813735,1.0484269999999993
123,15,45,-311625.44,7.5634685,1.4400000000023283,0.15491549999999954
123,16,60,-311624.3,7.4090366,2.580000000016298,0.00048359999999991743
123,17,75,-311623.6,7.737134,3.28000000002794,0.3285809999999998
123,18,90,-311623.66,8.094489,3.220000000030268,0.685935999999999
123,19,105,-311624.44,8.062003,2.4400000000023283,0.6534500000000003
123,20,120,-311625.47,7.717892,1.4100000000325963,0.3093389999999996
123,21,135,-311626.16,7.51079,0.720000000030268,0.10223699999999969
123,22,150,-311626.28,7.96424,0.5999999999767169,0.5556869999999998
123,23,165,-311625.84,9.117211,1.0399999999790452,1.708657999999999
123,24,180,-311625.5,9.8831625,1.3800000000046566,2.474609499999999
124,1,-165,-448786.9,35.665833,1.0399999999790452,7.154668999999998
124,2,-150,-448787.94,30.138664,0,1.6274999999999977
124,3,-135,-448787.9,28.511164,0.0399999999790452,0
124,4,-120,-448787.06,29.015455,0.8800000000046566,0.5042909999999985
124,5,-105,-448786.12,30.162554,1.820000000006985,1.6513899999999992
124,6,-90,-448785.88,30.896692,2.059999999997672,2.3855280000000008
124,7,-75,-448786.53,30.842295,1.4099999999743886,2.331130999999999
124,8,-60,-448787.53,30.505636,0.4099999999743886,1.9944719999999982
124,9,-45,-448787.56,30.874155,0.3800000000046566,2.3629909999999974
124,10,-30,-448785.9,32.953957,2.039999999979045,4.442793000000002
124,11,-15,-448782.72,36.961884,5.220000000030268,8.450719999999997
124,12,0,-448778.44,43.504124,9.5,14.992959999999997
124,13,15,-448782.72,37.41763,5.220000000030268,8.906466000000002
124,14,30,-448785.9,32.93991,2.039999999979045,4.428745999999997
124,15,45,-448787.56,30.882082,0.3800000000046566,2.3709179999999996
124,16,60,-448787.53,30.507849,0.4099999999743886,1.9966849999999994
124,17,75,-448786.53,30.828863,1.4099999999743886,2.3176989999999975
124,18,90,-448785.88,30.895084,2.059999999997672,2.38392
124,19,105,-448786.12,30.16322,1.820000000006985,1.6520559999999982
124,20,120,-448787.03,29.009785,0.9099999999743886,0.498621
124,21,135,-448787.9,28.533945,0.0399999999790452,0.022780999999998386
124,22,150,-448787.78,29.997871,0.1599999999743886,1.4867069999999991
124,23,165,-448786.9,35.655415,1.0399999999790452,7.144250999999997
124,24,180,-448785.44,43.838898,2.5,15.327734
125,1,-165,-218981.64,11.509134,1.889999999984866,3.6807396
125,2,-150,-218982.56,10.903583,0.9700000000011642,3.0751885999999997
125,3,-135,-218983.3,10.096293,0.2300000000104773,2.2678985999999997
125,4,-120,-218983.53,9.576072,0,1.7476776000000003
125,5,-105,-218983.11,9.6172,0.4200000000128057,1.7888056000000008
125,6,-90,-218982,10.255903,1.5299999999988358,2.4275086000000003
125,7,-75,-218980.83,9.823002,2.700000000011641,1.994607600000001
125,8,-60,-218980.56,9.654127,2.970000000001164,1.8257326000000011
125,9,-45,-218981.11,9.221376,2.4200000000128057,1.3929815999999997
125,10,-30,-218982,8.605203,1.5299999999988358,0.7768085999999998
125,11,-15,-218982.72,8.051233,0.8099999999976717,0.22283860000000022
125,12,0,-218982.98,7.8283944,0.5499999999883585,0
125,13,15,-218982.72,8.051259,0.8099999999976717,0.2228646000000003
125,14,30,-218982,8.605399,1.5299999999988358,0.7770046000000006
125,15,45,-218981.11,9.221376,2.4200000000128057,1.3929815999999997
125,16,60,-218980.56,9.654124,2.970000000001164,1.8257295999999998
125,17,75,-218980.83,9.82336,2.700000000011641,1.9949655999999996
125,18,90,-218982,10.258037,1.5299999999988358,2.4296426
125,19,105,-218983.11,9.617207,0.4200000000128057,1.7888126000000009
125,20,120,-218983.53,9.576072,0,1.7476776000000003
125,21,135,-218983.3,10.096294,0.2300000000104773,2.2678996000000007
125,22,150,-218982.56,10.903586,0.9700000000011642,3.075191600000001
125,23,165,-218981.64,11.508536,1.889999999984866,3.6801416
125,24,180,-218981.14,11.524013,2.389999999984866,3.6956186000000004
126,1,-165,-428174.28,-110.32383,0.0599999999976716,3.2298700000000053
126,2,-150,-428173.88,-111.709145,0.4600000000209547,1.8445549999999997
126,3,-135,-428172.8,-112.78549,1.540000000037253,0.7682100000000105
126,4,-120,-428171.16,-113.3115,3.1800000000512227,0.24220000000001107
126,5,-105,-428169.25,-113.459335,5.090000000025611,0.09436500000001047
126,6,-90,-428167.72,-112.97268,6.620000000053551,0.5810200000000094
126,7,-75,-428169.16,-113.553474,5.180000000051223,0.0002260000000120499
126,8,-60,-428171.1,-113.39647,3.2400000000488944,0.15723000000001264
126,9,-45,-428172.78,-112.81394,1.5599999999976717,0.739760000000004
126,10,-30,-428173.84,-111.71247,0.5,1.8412300000000101
126,11,-15,-428174.28,-110.33463,0.0599999999976716,3.219070000000002
126,12,0,-428174.34,-109.54588,0,4.0078200000000095
126,13,15,-428174.28,-110.333496,0.0599999999976716,3.2202040000000096
126,14,30,-428173.84,-111.71273,0.5,1.8409700000000129
126,15,45,-428172.78,-112.82025,1.5599999999976717,0.7334500000000048
126,16,60,-428171.1,-113.37978,3.2400000000488944,0.17392000000000962
126,17,75,-428169.16,-113.5537,5.180000000051223,0
126,18,90,-428167.72,-112.974594,6.620000000053551,0.5791060000000101
126,19,105,-428169.25,-113.47056,5.090000000025611,0.08314000000000021
126,20,120,-428171.2,-113.31653,3.14000000001397,0.2371700000000061
126,21,135,-428172.8,-112.78748,1.540000000037253,0.7662200000000041
126,22,150,-428173.88,-111.71146,0.4600000000209547,1.8422400000000039
126,23,165,-428174.28,-110.32382,0.0599999999976716,3.2298800000000085
126,24,180,-428174.34,-109.544624,0,4.009076000000007
127,1,-165,-315669.53,29.53492,2.5699999999487773,0
127,2,-150,-315669.44,33.065372,2.6599999999743886,3.530452000000004
127,3,-135,-315668.2,34.048923,3.8999999999650754,4.514003000000002
127,4,-120,-315668.1,34.05756,4,4.522640000000003
127,5,-105,-315669.12,33.150837,2.979999999981373,3.615917000000003
127,6,-90,-315670.7,31.591398,1.3999999999650754,2.056478000000002
127,7,-75,-315671.75,30.409742,0.3499999999767169,0.8748220000000018
127,8,-60,-315671.97,30.494299,0.1300000000046566,0.959379000000002
127,9,-45,-315670.72,31.974586,1.3800000000046566,2.439665999999999
127,10,-30,-315668.75,33.75865,3.349999999976717,4.223730000000003
127,11,-15,-315666.9,34.972168,5.199999999953434,5.437248000000004
127,12,0,-315666.44,35.084774,5.659999999974389,5.549854000000003
127,13,15,-315667.72,34.2203,4.380000000004657,4.685380000000002
127,14,30,-315669.6,32.580315,2.5,3.045394999999999
127,15,45,-315671.4,30.976843,0.6999999999534339,1.4419229999999992
127,16,60,-315671.75,30.447811,0.3499999999767169,0.9128910000000019
127,17,75,-315671.3,31.162601,0.7999999999883585,1.627680999999999
127,18,90,-315669.88,32.661533,2.2199999999720603,3.126612999999999
127,19,105,-315668.34,33.89161,3.7599999999511056,4.35669
127,20,120,-315668,34.150143,4.099999999976717,4.615223
127,21,135,-315668.8,33.49859,3.2999999999883585,3.9636700000000005
127,22,150,-315670.34,32.21194,1.7599999999511056,2.677019999999999
127,23,165,-315671.66,31.007557,0.4400000000023283,1.4726369999999989
127,24,180,-315672.1,30.752539,0,1.2176189999999991
128,1,-165,-408936.22,-58.61352,2.31000000005588,2.1889779999999988
128,2,-150,-408937.2,-59.518085,1.330000000016298,1.2844130000000007
128,3,-135,-408937.97,-60.275806,0.5600000000558794,0.526691999999997
128,4,-120,-408938.38,-60.52283,0.150000000023283,0.2796680000000009
128,5,-105,-408938.25,-60.057278,0.2800000000279397,0.7452200000000033
128,6,-90,-408937.7,-59.222946,0.8300000000162981,1.5795519999999996
128,7,-75,-408937.03,-58.363506,1.5,2.438991999999999
128,8,-60,-408936.53,-57.546253,2,3.256245
128,9,-45,-408936.12,-56.940235,2.4100000000325963,3.8622629999999987
128,10,-30,-408935.75,-56.491604,2.78000000002794,4.310893999999998
128,11,-15,-408935.38,-56.095676,3.150000000023283,4.7068220000000025
128,12,0,-408935.2,-55.720703,3.330000000016298,5.081795
128,13,15,-408935.16,-55.338993,3.370000000053551,5.463504999999998
128,14,30,-408936,-55.99762,2.53000000002794,4.804878000000002
128,15,45,-408936.53,-56.615707,2,4.1867909999999995
128,16,60,-408937.06,-57.449036,1.470000000030268,3.3534620000000004
128,17,75,-408937.56,-58.403168,0.970000000030268,2.399329999999999
128,18,90,-408938.1,-59.413013,0.4300000000512227,1.3894850000000005
128,19,105,-408938.53,-60.293816,0,0.5086820000000003
128,20,120,-408938.44,-60.802498,0.0900000000256113,0
128,21,135,-408937.94,-60.679714,0.5900000000256114,0.12278400000000289
128,22,150,-408937.25,-59.937244,1.2800000000279397,0.8652540000000002
128,23,165,-408936.25,-59.012257,2.28000000002794,1.7902410000000017
128,24,180,-408935.38,-58.243355,3.150000000023283,2.559142999999999
129,1,-165,-408151.1,-63.06447,1.3400000000256114,3.7257450000000034
129,2,-150,-408151.47,-64.77048,0.970000000030268,2.019734999999997
129,3,-135,-408151.16,-65.47984,1.2800000000279397,1.3103750000000076
129,4,-120,-408150.34,-65.48787,2.099999999976717,1.3023450000000025
129,5,-105,-408151.5,-66.790215,0.9400000000023284,0
129,6,-90,-408151.12,-66.36782,1.320000000006985,0.42239500000000874
129,7,-75,-408151.44,-66.230606,1,0.5596090000000089
129,8,-60,-408152.1,-66.20598,0.3400000000256113,0.5842350000000067
129,9,-45,-408152.44,-65.92776,0,0.8624549999999971
129,10,-30,-408152.16,-64.9853,0.2800000000279397,1.8049150000000083
129,11,-15,-408151.12,-63.08845,1.320000000006985,3.7017650000000017
129,12,0,-408149.5,-59.68826,2.9400000000023283,7.101955000000004
129,13,15,-408150.78,-62.370125,1.6599999999743886,4.420090000000002
129,14,30,-408151.44,-64.26132,1,2.5288950000000057
129,15,45,-408151.38,-65.18581,1.0599999999976717,1.6044049999999999
129,16,60,-408150.72,-65.265594,1.720000000030268,1.5246210000000104
129,17,75,-408151.72,-66.705025,0.720000000030268,0.08518999999999721
129,18,90,-408151.12,-66.38172,1.320000000006985,0.40849500000000205
129,19,105,-408151.28,-66.35114,1.1599999999743886,0.43907500000000255
129,20,120,-408151.88,-66.32148,0.5599999999976717,0.46873500000000945
129,21,135,-408152.34,-66.13083,0.0999999999767169,0.6593850000000003
129,22,150,-408152.34,-65.414116,0.0999999999767169,1.3760989999999964
129,23,165,-408151.56,-63.773212,0.8800000000046566,3.0170030000000025
129,24,180,-408149.94,-60.466873,2.5,6.323342000000004
130,1,-165,-421134.5,-158.2368,4.03000000002794,3.292190000000005
130,2,-150,-421132.84,-158.53062,5.690000000002328,2.998369999999994
130,3,-135,-421134.53,-158.07614,4,3.4528499999999838
130,4,-120,-421128.38,-161.10527,10.150000000023285,0.423720000000003
130,5,-105,-421128.53,-160.74611,10,0.7828800000000058
130,6,-90,-421130,-161.1263,8.53000000002794,0.4026900000000069
130,7,-75,-421131.84,-161.26335,6.690000000002328,0.26563999999999055
130,8,-60,-421133.3,-160.64127,5.230000000039581,0.8877200000000016
130,9,-45,-421134.28,-159.51779,4.25,2.0112000000000023
130,10,-30,-421132.75,-151.90015,5.78000000002794,9.628839999999997
130,11,-15,-421134.38,-155.06961,4.150000000023283,6.459379999999982
130,12,0,-421138.53,-161.51181,0,0.0171799999999962
130,13,15,-421134.6,-158.20363,3.930000000051223,3.325359999999989
130,14,30,-421135.78,-156.52837,2.75,5.000619999999998
130,15,45,-421134.88,-157.81834,3.650000000023283,3.710649999999987
130,16,60,-421128.44,-161.21451,10.090000000025611,0.3144800000000032
130,17,75,-421128.5,-160.73894,10.03000000002794,0.7900499999999795
130,18,90,-421129.8,-161.12495,8.730000000039581,0.40403999999998064
130,19,105,-421131.5,-161.31435,7.03000000002794,0.21464000000000283
130,20,120,-421133,-160.85622,5.53000000002794,0.6727699999999857
130,21,135,-421134.06,-159.85794,4.470000000030268,1.6710499999999797
130,22,150,-421132.72,-152.0059,5.810000000055879,9.523089999999996
130,23,165,-421134.44,-155.22928,4.090000000025611,6.299710000000005
130,24,180,-421138.53,-161.52899,0,0
131,1,-165,-261822.2,-124.84001,6.049999999988359,11.352489999999989
131,2,-150,-261821.7,-123.62882,6.549999999988359,12.56367999999999
131,3,-135,-261820.55,-121.88807,7.7000000000116415,14.304429999999996
131,4,-120,-261818.75,-119.90544,9.5,16.287059999999997
131,5,-105,-261816.69,-117.44472,11.559999999997672,18.74777999999999
131,6,-90,-261818.88,-116.07002,9.369999999995343,20.122479999999996
131,7,-75,-261822.06,-121.02496,6.190000000002328,15.167540000000002
131,8,-60,-261824.6,-124.687225,3.6499999999941792,11.505274999999997
131,9,-45,-261826.44,-128.06914,1.809999999997672,8.123359999999991
131,10,-30,-261827.64,-130.99413,0.6099999999860302,5.198369999999983
131,11,-15,-261828.25,-132.77725,0,3.415249999999986
131,12,0,-261828.1,-136.1925,0.1499999999941792,0
131,13,15,-261828.25,-132.7734,0,3.419099999999986
131,14,30,-261827.64,-131.07962,0.6099999999860302,5.11287999999999
131,15,45,-261826.44,-127.97938,1.809999999997672,8.21311999999999
131,16,60,-261824.6,-124.68283,3.6499999999941792,11.50967
131,17,75,-261822.06,-121.0292,6.190000000002328,15.163299999999992
131,18,90,-261818.88,-116.13435,9.369999999995343,20.058149999999998
131,19,105,-261816.69,-117.42919,11.559999999997672,18.76330999999999
131,20,120,-261818.75,-119.967735,9.5,16.22476499999999
131,21,135,-261820.55,-121.99206,7.7000000000116415,14.20044
131,22,150,-261821.7,-123.637535,6.549999999988359,12.554964999999996
131,23,165,-261822.2,-124.73421,6.049999999988359,11.458289999999991
131,24,180,-261821.39,-129.54791,6.85999999998603,6.644589999999994
132,1,-165,-672654,40.804123,0.5999999999767169,0.6798669999999944
132,2,-150,-672652.25,42.8309,2.349999999976717,2.706643999999997
132,3,-135,-672650.06,44.787807,4.539999999920838,4.663550999999998
132,4,-120,-672648.9,46.359386,5.699999999953434,6.235129999999998
132,5,-105,-672647.44,48.187737,7.160000000032596,8.063480999999996
132,6,-90,-672646.9,49.828953,7.699999999953434,9.704696999999996
132,7,-75,-672648.9,46.244526,5.699999999953434,6.120269999999998
132,8,-60,-672649.5,45.300194,5.099999999976717,5.175937999999995
132,9,-45,-672647.9,46.23972,6.699999999953434,6.115463999999996
132,10,-30,-672648.94,47.146782,5.660000000032596,7.022525999999999
132,11,-15,-672648.6,46.086872,6,5.962615999999997
132,12,0,-672649.7,45.1128,4.900000000023283,4.988543999999997
132,13,15,-672650.25,45.0433,4.349999999976717,4.9190439999999995
132,14,30,-672650.7,44.380814,4.739999999990687,2.288584
132,15,45,-672652,45.224144,3.4399999999441206,3.131914000000002
132,16,60,-672654.2,43.213852,0.400000000023283,3.0895960000000002
132,17,75,-672654.6,43.777924,0,3.653667999999996
132,18,90,-672653.56,45.583736,1.8799999998882413,3.491506000000001
132,19,105,-672652.4,46.21179,2.199999999953434,6.087533999999998
132,20,120,-672651.4,44.370136,4.039999999920838,2.2779060000000015
132,21,135,-672651.94,45.79407,2.6600000000325963,5.669813999999995
132,22,150,-672651.44,44.985905,3.1600000000325963,4.861649
132,23,165,-672652.9,44.408756,2.5399999999208376,2.316525999999996
132,24,180,-672654.25,43.630062,1.1899999999441206,1.5378320000000016
133,1,-165,-479899.5,26.459906,8.700000000011642,8.234426
133,2,-150,-479903.88,21.99237,4.320000000006985,3.76689
133,3,-135,-479906.22,20.13316,1.9800000000395808,1.9076799999999992
133,4,-120,-479907.25,19.501692,0.9500000000116416,1.2762119999999975
133,5,-105,-479907.6,19.2883,0.6000000000349246,1.0628199999999985
133,6,-90,-479907.75,18.907225,0.4500000000116415,0.6817449999999994
133,7,-75,-479908.2,18.225483,0,2.9999999995311555e-06
133,8,-60,-479907.94,18.395086,0.2600000000093132,0.16960599999999815
133,9,-45,-479906.47,19.415852,1.7300000000395812,1.190372
133,10,-30,-479903.72,21.498653,4.480000000039581,3.273173
133,11,-15,-479899.5,25.579159,8.700000000011642,7.353679
133,12,0,-479893.72,32.162,14.48000000003958,13.936519999999998
133,13,15,-479899.5,25.591024,8.700000000011642,7.365544
133,14,30,-479903.72,21.532692,4.480000000039581,3.307212
133,15,45,-479906.47,19.427923,1.7300000000395812,1.2024429999999988
133,16,60,-479907.94,18.406427,0.2600000000093132,0.18094699999999975
133,17,75,-479908.2,18.22548,0,0
133,18,90,-479907.75,18.9105,0.4500000000116415,0.685019999999998
133,19,105,-479907.6,19.274237,0.6000000000349246,1.0487569999999984
133,20,120,-479907.25,19.504839,0.9500000000116416,1.2793589999999995
133,21,135,-479906.22,20.13766,1.9800000000395808,1.9121799999999993
133,22,150,-479903.88,21.978436,4.320000000006985,3.7529559999999975
133,23,165,-479899.56,26.45537,8.64000000001397,8.229889999999997
133,24,180,-479892.72,35.99219,15.48000000003958,17.76671
134,1,-165,-247811.23,-183.44128,0.6499999999941792,0.014839999999992415
134,2,-150,-247809.45,-183.41234,2.429999999993015,0.043779999999998154
134,3,-135,-247807.14,-183.22672,4.739999999990687,0.22939999999999827
134,4,-120,-247804.98,-182.89844,6.899999999994179,0.5576800000000048
134,5,-105,-247803.38,-182.72113,8.5,0.7349900000000105
134,6,-90,-247802.8,-182.60287,9.080000000016298,0.8532500000000027
134,7,-75,-247803.55,-182.65363,8.330000000016298,0.8024900000000059
134,8,-60,-247805.28,-182.80956,6.600000000005821,0.6465599999999938
134,9,-45,-247807.45,-183.13298,4.429999999993015,0.3231399999999951
134,10,-30,-247809.62,-183.44864,2.260000000009313,0.0074799999999868305
134,11,-15,-247811.28,-183.44833,0.6000000000058208,0.007789999999999964
134,12,0,-247811.88,-183.45612,0,0
134,13,15,-247811.28,-183.44833,0.6000000000058208,0.007789999999999964
134,14,30,-247809.62,-183.4381,2.260000000009313,0.01802000000000703
134,15,45,-247807.45,-183.1302,4.429999999993015,0.32591999999999643
134,16,60,-247805.28,-182.8061,6.600000000005821,0.650020000000012
134,17,75,-247803.55,-182.65363,8.330000000016298,0.8024900000000059
134,18,90,-247802.8,-182.60289,9.080000000016298,0.8532299999999964
134,19,105,-247803.38,-182.7197,8.5,0.7364200000000096
134,20,120,-247804.98,-182.89322,6.899999999994179,0.5628999999999849
134,21,135,-247807.14,-183.1562,4.739999999990687,0.299919999999986
134,22,150,-247809.45,-183.41367,2.429999999993015,0.04245000000000232
134,23,165,-247811.23,-183.44127,0.6499999999941792,0.014849999999995589
134,24,180,-247811.88,-183.45312,0,0.002999999999985903
135,1,-165,-147231.95,19.194658,2,3.398879000000001
135,2,-150,-147232.86,18.426323,1.0900000000256114,2.6305440000000004
135,3,-135,-147233.62,17.504105,0.3300000000162981,1.7083259999999996
135,4,-120,-147233.95,16.844875,0,1.0490959999999987
135,5,-105,-147233.75,16.65208,0.2000000000116415,0.856301000000002
135,6,-90,-147233.03,16.834848,0.9200000000128056,1.0390690000000014
135,7,-75,-147232.05,17.074404,1.900000000023283,1.2786250000000017
135,8,-60,-147231.94,16.830791,2.010000000009313,1.0350120000000018
135,9,-45,-147232.44,16.473654,1.5100000000093132,0.6778750000000002
135,10,-30,-147233.06,16.05914,0.8900000000139698,0.26336099999999973
135,11,-15,-147233.36,15.795779,0.5900000000256114,0
135,12,0,-147233.11,15.853832,0.8400000000256114,0.05805300000000102
135,13,15,-147233.36,15.795781,0.5900000000256114,2.000000000279556e-06
135,14,30,-147233.06,16.059141,0.8900000000139698,0.26336200000000076
135,15,45,-147232.44,16.473406,1.5100000000093132,0.6776270000000011
135,16,60,-147231.94,16.831408,2.010000000009313,1.0356290000000001
135,17,75,-147232.05,17.074404,1.900000000023283,1.2786250000000017
135,18,90,-147233.03,16.831951,0.9200000000128056,1.0361720000000005
135,19,105,-147233.75,16.651146,0.2000000000116415,0.8553670000000011
135,20,120,-147233.95,16.844875,0,1.0490959999999987
135,21,135,-147233.62,17.50716,0.3300000000162981,1.7113809999999994
135,22,150,-147232.86,18.426323,1.0900000000256114,2.6305440000000004
135,23,165,-147231.95,19.197956,2,3.402177000000002
135,24,180,-147231.48,19.522623,2.470000000001164,3.726844
136,1,-165,-274627.4,-160.13844,4.5,1.2682700000000011
136,2,-150,-274627.72,-160.65854,4.180000000051223,0.748170000000016
136,3,-135,-274627.6,-160.75897,4.300000000046566,0.6477399999999989
136,4,-120,-274627.03,-160.30699,4.869999999995343,1.0997199999999907
136,5,-105,-274625.8,-159.28238,6.100000000034925,2.1243300000000147
136,6,-90,-274624.06,-157.38979,7.840000000025611,4.016919999999999
136,7,-75,-274622.2,-155.3195,9.700000000011642,6.087209999999999
136,8,-60,-274620.88,-153.91046,11.020000000018626,7.496250000000003
136,9,-45,-274629.03,-158.30417,2.8699999999953434,3.1025400000000047
136,10,-30,-274631.22,-158.2995,0.6800000000512227,3.107210000000009
136,11,-15,-274631.9,-160.50247,0,0.9042400000000157
136,12,0,-274631.9,-161.40671,0,0
136,13,15,-274631.9,-160.50099,0,0.9057200000000023
136,14,30,-274630.94,-159.49167,0.9600000000209548,1.9150400000000047
136,15,45,-274629.03,-158.30328,2.8699999999953434,3.103430000000003
136,16,60,-274620.88,-153.91676,11.020000000018626,7.489949999999993
136,17,75,-274622.2,-155.31947,9.700000000011642,6.087240000000008
136,18,90,-274624.06,-157.40282,7.840000000025611,4.003890000000013
136,19,105,-274625.8,-159.28238,6.100000000034925,2.1243300000000147
136,20,120,-274627.03,-160.307,4.869999999995343,1.099710000000016
136,21,135,-274627.6,-160.75735,4.300000000046566,0.6493600000000015
136,22,150,-274627.72,-160.65631,4.180000000051223,0.7504000000000133
136,23,165,-274627.4,-160.13844,4.5,1.2682700000000011
136,24,180,-274627.12,-160.10506,4.78000000002794,1.301649999999995
137,1,-165,-494195,26.658886,3.78000000002794,3.7013529999999975
137,2,-150,-494196.72,24.648764,2.06000000005588,1.6912309999999984
137,3,-135,-494197.44,23.833574,1.3400000000256114,0.8760409999999972
137,4,-120,-494197.47,23.772606,1.3100000000558794,0.8150729999999982
137,5,-105,-494197.4,24.710926,1.3800000000046566,1.753392999999999
137,6,-90,-494197.56,25.275564,1.220000000030268,2.3180309999999977
137,7,-75,-494197.62,23.54419,1.1600000000325963,0.5866569999999989
137,8,-60,-494198.62,22.957838,0.1600000000325963,0.0003049999999973352
137,9,-45,-494198.78,23.32914,0,0.37160699999999736
137,10,-30,-494197.88,25.027624,0.9000000000232831,2.070090999999998
137,11,-15,-494195.97,28.007576,2.81000000005588,5.050042999999999
137,12,0,-494193.3,32.04507,5.480000000039581,9.087537000000001
137,13,15,-494195.97,28.008434,2.81000000005588,5.050901
137,14,30,-494197.88,25.02886,0.9000000000232831,2.071327
137,15,45,-494198.78,23.326225,0,0.36869199999999935
137,16,60,-494198.62,22.957533,0.1600000000325963,0
137,17,75,-494197.62,23.550392,1.1600000000325963,0.5928589999999971
137,18,90,-494197.56,25.287521,1.220000000030268,2.329988
137,19,105,-494197.4,24.714005,1.3800000000046566,1.7564719999999987
137,20,120,-494197.47,23.772818,1.3100000000558794,0.8152849999999994
137,21,135,-494197.44,23.836674,1.3400000000256114,0.8791409999999971
137,22,150,-494196.72,24.650103,2.06000000005588,1.69257
137,23,165,-494195,26.671844,3.78000000002794,3.7143109999999986
137,24,180,-494192.22,29.718924,6.560000000055879,6.761391
138,1,-165,-374326.88,52.070778,2.6199999999953434,2.895167999999998
138,2,-150,-374327,54.23084,2.5,5.055230000000002
138,3,-135,-374326.7,56.353848,2.7999999999883585,7.178238
138,4,-120,-374326.38,57.10217,3.1199999999953434,7.926560000000002
138,5,-105,-374326.88,52.60828,2.6199999999953434,3.4326700000000017
138,6,-90,-374328.38,51.604965,1.1199999999953434,2.429355000000001
138,7,-75,-374329.25,50.877365,0.25,1.7017549999999986
138,8,-60,-374329.5,51.24892,0,2.0733099999999993
138,9,-45,-374329.28,54.021717,0.2199999999720603,4.8461070000000035
138,10,-30,-374328.38,57.15939,1.1199999999953434,7.983780000000003
138,11,-15,-374327.53,60.96795,1.9699999999720603,11.792340000000003
138,12,0,-374326.78,63.352596,2.7199999999720603,14.176986
138,13,15,-374326.75,62.373524,2.75,13.197914000000004
138,14,30,-374326.8,56.54317,2.700000000011641,7.3675600000000045
138,15,45,-374326.88,50.451263,2.6199999999953434,1.2756529999999984
138,16,60,-374326.12,52.145916,3.3800000000046566,2.970306000000001
138,17,75,-374324.47,51.758137,5.03000000002794,2.582526999999999
138,18,90,-374321.88,53.52141,7.619999999995343,4.345800000000004
138,19,105,-374318.9,57.039337,10.599999999976715,7.863727000000004
138,20,120,-374317.62,62.735302,11.880000000004657,13.559691999999998
138,21,135,-374318.72,58.222374,10.78000000002794,9.046764000000003
138,22,150,-374321.06,52.847275,8.440000000002328,3.6716650000000044
138,23,165,-374323.9,49.60566,5.599999999976717,0.4300500000000014
138,24,180,-374325.94,49.17561,3.559999999997672,0
139,1,-165,-422004.47,-16.69723,0.8300000000162981,0.4446329999999996
139,2,-150,-422004.38,-17.141863,0.919999999983702,0
139,3,-135,-422003.9,18.241238,2.2199999999720603,2.4522069999999996
139,4,-120,-422004.3,16.834793,1.820000000006985,1.0457620000000016
139,5,-105,-422004.88,-16.627277,0.4199999999837018,0.5145860000000013
139,6,-90,-422005.12,-16.73669,0.179999999993015,0.40517300000000134
139,7,-75,-422004.8,18.04091,1.320000000006985,2.2518790000000006
139,8,-60,-422004.25,-15.628433,1.0499999999883585,1.5134300000000014
139,9,-45,-422002.7,-15.0295925,2.599999999976717,2.112270500000001
139,10,-30,-422000.94,-13.804868,4.35999999998603,3.336995
139,11,-15,-421998.97,-13.003727,6.330000000016298,4.138136000000001
139,12,0,-421998.8,-11.80482,6.5,5.337043000000001
139,13,15,-421998.97,-12.995099,6.330000000016298,4.146764000000001
139,14,30,-422000.94,-13.795444,4.35999999998603,3.346419000000001
139,15,45,-422002.7,-15.028037,2.599999999976717,2.1138260000000013
139,16,60,-422005.16,-14.656967,0.1400000000139698,2.484896000000001
139,17,75,-422005.3,-15.182682,0,1.959181000000001
139,18,90,-422005.12,-16.743696,0.179999999993015,0.3981670000000008
139,19,105,-422004.88,-16.632252,0.4199999999837018,0.5096109999999996
139,20,120,-422004.3,-16.329832,1,0.8120310000000011
139,21,135,-422003.94,18.600117,2.179999999993015,2.8110860000000013
139,22,150,-422004.06,-15.649875,1.2399999999906868,1.491988000000001
139,23,165,-422004.47,-16.69723,0.8300000000162981,0.4446329999999996
139,24,180,-422004.88,-16.301466,0.4199999999837018,0.8403969999999994
140,1,-165,-422778.28,-19.801014,0.4699999999720603,0.29391299999999987
140,2,-150,-422777.22,-19.67613,1.5300000000279397,0.41879699999999787
140,3,-135,-422775.4,-19.31983,3.349999999976717,0.7750969999999988
140,4,-120,-422772.9,-18.657953,5.849999999976717,1.4369739999999993
140,5,-105,-422770,-17.735909,8.75,2.359017999999999
140,6,-90,-422767,-16.987553,11.75,3.107374
140,7,-75,-422764.3,-16.63705,14.450000000011642,3.457877
140,8,-60,-422765.4,-6.0421925,13.349999999976715,14.0527345
140,9,-45,-422765.97,-5.90496,12.78000000002794,14.189967
140,10,-30,-422765.84,-5.7664514,12.909999999974389,14.328475599999997
140,11,-15,-422764.94,-5.2089524,13.809999999997672,14.885974599999997
140,12,0,-422763.75,-16.952631,15,3.142295999999998
140,13,15,-422763.88,-18.47203,14.869999999995343,1.6228969999999983
140,14,30,-422764.97,-18.733137,13.78000000002794,1.3617899999999992
140,15,45,-422765.66,-18.311245,13.090000000025611,1.7836819999999989
140,16,60,-422765.94,-16.636715,12.809999999997672,3.4582119999999996
140,17,75,-422765.88,-14.14313,12.869999999995343,5.951796999999999
140,18,90,-422767.97,-17.992153,10.78000000002794,2.102774
140,19,105,-422771.12,-18.507978,7.630000000004657,1.586948999999997
140,20,120,-422773.78,-19.252531,4.96999999997206,0.8423959999999973
140,21,135,-422775.38,-19.798986,3.3699999999953434,0.2959409999999991
140,22,150,-422777.28,-20.094927,1.4699999999720603,0
140,23,165,-422778.4,-20.080723,0.3499999999767169,0.01420399999999944
140,24,180,-422778.75,-19.875557,0,0.21936999999999784
141,1,-165,-487138.4,-9.649286,0.2999999999883584,0.3782274999999995
141,2,-150,-487137.7,-8.629798,1,1.3977155000000003
141,3,-135,-487136.88,-7.398725,1.820000000006985,2.6287884999999998
141,4,-120,-487137.16,-6.379498,1.540000000037253,3.6480154999999996
141,5,-105,-487137.78,-6.6175046,0.919999999983702,3.4100088999999993
141,6,-90,-487138.4,-7.2771673,0.2999999999883584,2.750346199999999
141,7,-75,-487138.56,-7.909345,0.1400000000139698,2.1181684999999995
141,8,-60,-487138,-8.019308,0.7000000000116415,2.008205499999999
141,9,-45,-487136.78,-7.3072233,1.9199999999837016,2.720290199999999
141,10,-30,-487135.25,-5.834389,3.450000000011641,4.1931245
141,11,-15,-487133.97,-4.2983294,4.730000000039581,5.7291840999999994
141,12,0,-487133.3,-3.6283514,5.400000000023283,6.3991621
141,13,15,-487133.97,-4.2998486,4.730000000039581,5.7276649
141,14,30,-487135.25,-5.819198,3.450000000011641,4.208315499999999
141,15,45,-487136.78,-7.305626,1.9199999999837016,2.7218874999999993
141,16,60,-487138,-8.02026,0.7000000000116415,2.007253499999999
141,17,75,-487138.56,-7.9093437,0.1400000000139698,2.1181697999999995
141,18,90,-487138.4,-7.2912297,0.2999999999883584,2.7362838
141,19,105,-487137.78,-6.631921,0.919999999983702,3.3955924999999993
141,20,120,-487137.16,-6.3795,1.540000000037253,3.6480134999999994
141,21,135,-487136.88,-7.3994107,1.820000000006985,2.6281027999999997
141,22,150,-487137.7,-8.656515,1,1.370998499999999
141,23,165,-487138.4,-9.649408,0.2999999999883584,0.3781055000000002
141,24,180,-487138.7,-10.0275135,0,0
142,1,-165,-454627.2,-104.74971,0.5499999999883585,1.4329100000000068
142,2,-150,-454625.78,-106.15851,1.9699999999720603,0.024109999999993192
142,3,-135,-454622.88,-103.168015,4.869999999995343,3.014605000000003
142,4,-120,-454619.5,-102.4077,8.25,3.7749199999999945
142,5,-105,-454616.25,-100.78863,11.5,5.393990000000002
142,6,-90,-454614.4,-101.99102,13.349999999976715,4.191599999999994
142,7,-75,-454615.97,-102.5454,11.78000000002794,3.6372199999999992
142,8,-60,-454618.56,-103.37919,9.190000000002328,2.803430000000006
142,9,-45,-454620.94,-104.00123,6.809999999997672,2.1813899999999933
142,10,-30,-454622.5,-104.01148,5.25,2.171139999999994
142,11,-15,-454623.25,-103.50363,4.5,2.678989999999999
142,12,0,-454623.34,-102.96419,4.409999999974389,3.218429999999998
142,13,15,-454622.94,-102.741066,4.809999999997672,3.4415539999999964
142,14,30,-454621.97,-102.543846,5.78000000002794,3.638773999999998
142,15,45,-454620.25,-101.83467,7.5,4.347949999999997
142,16,60,-454618.56,-103.42743,9.190000000002328,2.755189999999999
142,17,75,-454615.2,-99.584076,12.549999999988358,6.598544000000004
142,18,90,-454614.5,-102.35053,13.25,3.832089999999994
142,19,105,-454616.62,-103.321625,11.130000000004657,2.8609950000000026
142,20,120,-454619.94,-104.70372,7.809999999997672,1.4788999999999959
142,21,135,-454623.25,-105.792755,4.5,0.38986500000000035
142,22,150,-454625.78,-106.18262,1.9699999999720603,0
142,23,165,-454627.28,-105.789764,0.4699999999720603,0.39285599999999476
142,24,180,-454627.75,-105.32173,0,0.8608899999999977
143,1,-165,-444299.28,-150.85089,5.159999999974389,3.620609999999999
143,2,-150,-444299.72,-152.63782,4.720000000030268,1.8336799999999869
143,3,-135,-444299.8,-154.2063,4.64000000001397,0.265199999999993
143,4,-120,-444299.34,-154.4715,5.099999999976717,0
143,5,-105,-444298.12,-153.47392,6.320000000006985,0.9975799999999992
143,6,-90,-444295.84,-150.92072,8.599999999976717,3.550780000000003
143,7,-75,-444293.7,-149.86469,10.739999999990689,4.606809999999996
143,8,-60,-444292.97,-148.50122,11.470000000030268,5.9702800000000025
143,9,-45,-444301.16,-151.8693,3.28000000002794,2.602199999999982
143,10,-30,-444303.16,-152.82048,1.2800000000279397,1.6510199999999884
143,11,-15,-444304.25,-153.3755,0.1900000000023283,1.0960000000000036
143,12,0,-444304.44,-153.63022,0,0.8412799999999834
143,13,15,-444304.25,-153.36824,0.1900000000023283,1.103260000000006
143,14,30,-444303.12,-152.8075,1.320000000006985,1.6639999999999873
143,15,45,-444301.16,-151.88495,3.28000000002794,2.5865499999999884
143,16,60,-444292.97,-148.50183,11.470000000030268,5.969669999999979
143,17,75,-444293.7,-149.86455,10.739999999990689,4.6069499999999834
143,18,90,-444295.84,-150.91571,8.599999999976717,3.555790000000002
143,19,105,-444298.12,-153.4742,6.320000000006985,0.9972999999999956
143,20,120,-444299.34,-154.4715,5.099999999976717,0
143,21,135,-444299.8,-154.20982,4.64000000001397,0.26167999999998415
143,22,150,-444299.72,-152.63747,4.720000000030268,1.8340299999999843
143,23,165,-444299.28,-150.85199,5.159999999974389,3.619509999999991
143,24,180,-444299.25,-150.44774,5.190000000002328,4.023759999999982
144,1,-165,-358051.28,49.857952,0.6199999999953434,5.8624519999999976
144,2,-150,-358051.9,45.64077,0,1.6452700000000036
144,3,-135,-358051.8,44.06034,0.1000000000349246,0.06483999999999668
144,4,-120,-358051.06,44.345757,0.8400000000256114,0.35025699999999915
144,5,-105,-358050.2,45.319588,1.7000000000116415,1.3240880000000033
144,6,-90,-358049.8,45.80666,2.1000000000349246,1.811160000000001
144,7,-75,-358050.16,45.31598,1.7400000000488944,1.3204800000000034
144,8,-60,-358051,44.32595,0.9000000000232831,0.330449999999999
144,9,-45,-358051.78,43.996094,0.1199999999953433,0.0005939999999995393
144,10,-30,-358051.9,45.382698,0,1.387197999999998
144,11,-15,-358051.34,49.291214,0.5599999999976717,5.295713999999997
144,12,0,-358050.88,53.24805,1.0200000000186265,9.25255
144,13,15,-358051.34,49.291214,0.5599999999976717,5.295713999999997
144,14,30,-358051.9,45.382698,0,1.387197999999998
144,15,45,-358051.78,43.9955,0.1199999999953433,0
144,16,60,-358051,44.3196,0.9000000000232831,0.3241000000000014
144,17,75,-358050.16,45.315987,1.7400000000488944,1.320487
144,18,90,-358049.8,45.80664,2.1000000000349246,1.8111400000000017
144,19,105,-358050.2,45.319588,1.7000000000116415,1.3240880000000033
144,20,120,-358051.06,44.345757,0.8400000000256114,0.35025699999999915
144,21,135,-358051.8,44.06051,0.1000000000349246,0.0650100000000009
144,22,150,-358051.9,45.64077,0,1.6452700000000036
144,23,165,-358051.28,49.857952,0.6199999999953434,5.8624519999999976
144,24,180,-358050.88,53.234837,1.0200000000186265,9.239336999999999
145,1,-165,-327138.97,13.615835,3.910000000032596,6.3585494
145,2,-150,-327140.4,13.148534,2.479999999981373,5.891248399999999
145,3,-135,-327141.3,12.449283,1.580000000016298,5.191997399999999
145,4,-120,-327141.8,12.332154,1.080000000016298,5.074868399999999
145,5,-105,-327141.97,12.66833,0.9100000000325964,5.411044399999999
145,6,-90,-327141.7,13.494579,1.179999999993015,6.2372933999999995
145,7,-75,-327140.72,14.783527,2.1600000000325963,7.526241399999999
145,8,-60,-327139.22,15.113126,3.660000000032596,7.855840399999999
145,9,-45,-327137.94,14.6751175,4.940000000002328,7.4178319
145,10,-30,-327137.7,14.17323,5.179999999993015,6.9159444
145,11,-15,-327138.53,11.178791,4.349999999976717,3.9215054
145,12,0,-327139.78,9.251944,3.099999999976717,1.9946583999999996
145,13,15,-327141,8.160214,1.8800000000046568,0.9029283999999995
145,14,30,-327141.94,7.517288,0.9400000000023284,0.2600023999999994
145,15,45,-327142.47,7.2572856,0.4100000000325963,0
145,16,60,-327142.88,7.364046,0,0.10676039999999976
145,17,75,-327142.88,7.388212,0,0.1309263999999999
145,18,90,-327142.4,7.420478,0.4799999999813735,0.1631923999999998
145,19,105,-327141.66,7.753246,1.220000000030268,0.4959603999999995
145,20,120,-327141.06,8.749743,1.820000000006985,1.4924574000000002
145,21,135,-327140.4,10.3542,2.479999999981373,3.0969144
145,22,150,-327139.56,12.870235,3.320000000006985,5.612949399999999
145,23,165,-327138.4,15.979002,4.4799999999813735,8.721716399999998
145,24,180,-327137.84,15.576053,5.039999999979045,8.318767399999999
146,1,-165,-286939.2,16.560198,0,1.055726
146,2,-150,-286939.12,15.729853,0.0800000000162981,0.2253810000000005
146,3,-135,-286938.47,15.508616,0.7300000000395812,0.0041440000000001476
146,4,-120,-286937.3,15.809405,1.900000000023283,0.3049330000000001
146,5,-105,-286936.1,16.377535,3.1000000000349246,0.8730630000000019
146,6,-90,-286935.56,16.650742,3.64000000001397,1.1462700000000012
146,7,-75,-286936.12,16.298296,3.080000000016298,0.7938240000000008
146,8,-60,-286937.3,15.768968,1.900000000023283,0.2644959999999994
146,9,-45,-286938.47,15.513913,0.7300000000395812,0.009441000000000699
146,10,-30,-286939.12,15.750322,0.0800000000162981,0.2458500000000008
146,11,-15,-286939.2,16.540571,0,1.036099
146,12,0,-286939.1,17.165613,0.1000000000349246,1.6611410000000006
146,13,15,-286939.2,16.544165,0,1.0396929999999998
146,14,30,-286939.12,15.748155,0.0800000000162981,0.24368300000000076
146,15,45,-286938.47,15.50981,0.7300000000395812,0.005338000000000065
146,16,60,-286937.3,15.768966,1.900000000023283,0.2644940000000009
146,17,75,-286936.12,16.299133,3.080000000016298,0.7946610000000014
146,18,90,-286935.56,16.653656,3.64000000001397,1.1491840000000018
146,19,105,-286936.1,16.377079,3.1000000000349246,0.8726069999999986
146,20,120,-286937.3,15.810693,1.900000000023283,0.30622100000000074
146,21,135,-286938.47,15.504472,0.7300000000395812,0
146,22,150,-286939.12,15.7298565,0.0800000000162981,0.22538450000000054
146,23,165,-286939.2,16.560194,0,1.0557219999999994
146,24,180,-286939.1,17.166166,0.1000000000349246,1.6616940000000007
147,1,-165,-522959.2,9.005518,8.399999999965075,11.4944501
147,2,-150,-522959.56,9.205236,8.039999999979045,11.694168099999999
147,3,-135,-522959.28,9.878757,8.319999999948777,12.3676891
147,4,-120,-522958.62,10.7017565,8.979999999981374,13.1906886
147,5,-105,-522958.03,10.388868,9.569999999948775,12.8778001
147,6,-90,-522958.53,9.253367,9.069999999948775,11.7422991
147,7,-75,-522960.03,6.964073,7.569999999948777,9.4530051
147,8,-60,-522962.16,4.011761,5.440000000002328,6.5006930999999994
147,9,-45,-522964.4,1.1375796,3.199999999953434,3.6265117
147,10,-30,-522966.28,-1.1409785,1.3199999999487773,1.3479536
147,11,-15,-522967.4,-2.485927,0.1999999999534338,0.0030050999999997607
147,12,0,-522967.6,-2.4091456,0,0.07978649999999998
147,13,15,-522967.4,-2.4889321,0.1999999999534338,0
147,14,30,-522966.28,-1.1418099,1.3199999999487773,1.3471222
147,15,45,-522964.4,1.1376525,3.199999999953434,3.6265846
147,16,60,-522962.16,3.9993834,5.440000000002328,6.488315500000001
147,17,75,-522960.03,6.9453063,7.569999999948777,9.4342384
147,18,90,-522958.53,9.241923,9.069999999948775,11.7308551
147,19,105,-522958.03,10.383004,9.569999999948775,12.8719361
147,20,120,-522958.62,10.701559,8.979999999981374,13.1904911
147,21,135,-522959.28,9.86514,8.319999999948777,12.3540721
147,22,150,-522959.56,9.20269,8.039999999979045,11.6916221
147,23,165,-522959.2,8.977349,8.399999999965075,11.4662811
147,24,180,-522958.28,9.832135,9.319999999948775,12.321067099999999
148,1,-165,-374951.28,26.10757,0,0.016407999999998424
148,2,-150,-374950.62,26.495731,0.6600000000325963,0.4045689999999986
148,3,-135,-374949.3,27.554283,1.9800000000395808,1.463121000000001
148,4,-120,-374947.94,28.828884,3.340000000025612,2.737721999999998
148,5,-105,-374949.47,27.188229,1.8100000000558796,1.0970669999999991
148,6,-90,-374950.72,26.30046,0.5600000000558794,0.20929800000000043
148,7,-75,-374951.28,26.11008,0,0.018917999999999324
148,8,-60,-374950.56,27.045057,0.720000000030268,0.9538949999999993
148,9,-45,-374948.38,29.490913,2.900000000023283,3.3997509999999984
148,10,-30,-374945.75,32.011173,5.53000000002794,5.920010999999999
148,11,-15,-374948.56,28.840061,2.720000000030268,2.748898999999998
148,12,0,-374950.5,26.63604,0.7800000000279397,0.5448780000000006
148,13,15,-374951.28,26.091162,0,0
148,14,30,-374950.94,26.496443,0.3400000000256113,0.40528099999999867
148,15,45,-374949.8,27.457937,1.4800000000395812,1.3667750000000005
148,16,60,-374948.38,28.62593,2.900000000023283,2.5347679999999997
148,17,75,-374949.94,27.136593,1.3400000000256114,1.0454310000000007
148,18,90,-374951,26.351782,0.2800000000279397,0.2606199999999994
148,19,105,-374951.25,26.133244,0.0300000000279396,0.04208200000000062
148,20,120,-374950.34,26.966398,0.9400000000023284,0.875236000000001
148,21,135,-374948.16,29.537071,3.120000000053551,3.4459090000000003
148,22,150,-374945.84,32.137592,5.440000000002328,6.046429999999997
148,23,165,-374948.75,28.78351,2.53000000002794,2.692347999999999
148,24,180,-374950.7,26.682007,0.5800000000162981,0.5908449999999981
149,1,-165,-646230.9,13.684785,6.349999999976717,9.129803299999999
149,2,-150,-646232.8,12.805889,4.449999999953434,8.250907300000001
149,3,-135,-646234.8,11.788371,2.449999999953434,7.2333893
149,4,-120,-646236.25,10.882321,1,6.327339299999999
149,5,-105,-646237,10.430676,0.25,5.8756943
149,6,-90,-646237.25,9.51293,0,4.957948300000001
149,7,-75,-646237.1,8.006764,0.150000000023283,3.4517823000000005
149,8,-60,-646236.7,6.471997,0.5500000000465661,1.9170153
149,9,-45,-646236.1,5.406954,1.150000000023283,0.8519722999999999
149,10,-30,-646235.6,4.898434,1.650000000023283,0.34345230000000004
149,11,-15,-646235.25,4.7001038,2,0.14512210000000003
149,12,0,-646235.06,4.5549817,2.1899999999441206,0
149,13,15,-646235.25,4.6979856,2,0.14300390000000007
149,14,30,-646235.6,4.8955107,1.650000000023283,0.3405290000000001
149,15,45,-646236.1,5.4079785,1.150000000023283,0.8529967999999997
149,16,60,-646236.7,6.471998,0.5500000000465661,1.9170163000000002
149,17,75,-646237.1,8.006764,0.150000000023283,3.4517823000000005
149,18,90,-646237.25,9.513265,0,4.958283300000001
149,19,105,-646237,10.431471,0.25,5.8764893
149,20,120,-646236.25,10.880809,1,6.325827299999999
149,21,135,-646234.8,11.789383,2.449999999953434,7.234401300000001
149,22,150,-646232.8,12.805891,4.449999999953434,8.2509093
149,23,165,-646230.9,13.684789,6.349999999976717,9.1298073
149,24,180,-646230,13.795658,7.25,9.2406763
150,1,-165,-370413.7,6.088409,0.3300000000162981,0.18079400000000057
150,2,-150,-370413.97,7.9594464,0.0600000000558793,2.0518314
150,3,-135,-370413.34,10.976346,0.6900000000023283,5.068731
150,4,-120,-370412.34,14.793388,1.6900000000023283,8.885773
150,5,-105,-370411.44,18.628515,2.590000000025612,12.7209
150,6,-90,-370411.03,20.535137,3,14.627521999999999
150,7,-75,-370412,17.149912,2.03000000002794,11.242297
150,8,-60,-370413.16,13.452517,0.870000000053551,7.544902
150,9,-45,-370413.9,10.792058,0.1300000000046566,4.884443000000001
150,10,-30,-370413.94,9.496378,0.0900000000256113,3.588763
150,11,-15,-370413.16,9.570321,0.870000000053551,3.662706
150,12,0,-370411.53,11.051683,2.5,5.144068000000001
150,13,15,-370413.25,7.035159,0.7800000000279397,1.1275440000000003
150,14,30,-370414.03,7.7587576,0,1.8511426000000002
150,15,45,-370414,9.8037405,0.0300000000279396,3.8961255
150,16,60,-370413.16,12.992951,0.870000000053551,7.085336
150,17,75,-370411.9,16.9014,2.1300000000046566,10.993784999999999
150,18,90,-370411.03,20.472937,3,14.565322000000002
150,19,105,-370411.44,18.679543,2.590000000025612,12.771927999999999
150,20,120,-370412.47,15.132752,1.5600000000558794,9.225137
150,21,135,-370413.44,11.751016,0.5900000000256114,5.843401
150,22,150,-370413.9,9.230225,0.1300000000046566,3.322610000000001
150,23,165,-370413.7,8.016312,0.3300000000162981,2.1086969999999994
150,24,180,-370412.25,5.907615,1.7800000000279397,0
151,1,-165,-384265.03,20.82209,4.75,11.171799499999999
151,2,-150,-384265.8,19.257166,3.980000000039581,9.606875500000001
151,3,-135,-384266.12,18.184084,3.660000000032596,8.533793499999998
151,4,-120,-384266.56,17.99772,3.220000000030268,8.3474295
151,5,-105,-384268.56,14.645713,1.220000000030268,4.9954225
151,6,-90,-384269.1,14.879994,0.6800000000512227,5.229703499999999
151,7,-75,-384269.56,15.341763,0.2200000000302679,5.6914725
151,8,-60,-384269.78,13.864155,0,4.2138645
151,9,-45,-384269.2,15.159223,0.5800000000162981,5.5089325
151,10,-30,-384268,15.861324,1.7800000000279397,6.211033499999999
151,11,-15,-384266.7,15.961423,3.080000000016298,6.311132499999999
151,12,0,-384264.34,9.6502905,5.440000000002328,0
151,13,15,-384266.7,15.959936,3.080000000016298,6.3096455
151,14,30,-384268,15.863155,1.7800000000279397,6.2128645
151,15,45,-384269.2,15.150992,0.5800000000162981,5.5007015
151,16,60,-384269.78,13.868682,0,4.218391499999999
151,17,75,-384269.56,15.341595,0.2200000000302679,5.691304499999999
151,18,90,-384269.1,14.807815,0.6800000000512227,5.157524499999999
151,19,105,-384268.56,14.643603,1.220000000030268,4.9933125
151,20,120,-384266.56,18.062569,3.220000000030268,8.4122785
151,21,135,-384266.12,18.18354,3.660000000032596,8.5332495
151,22,150,-384265.8,19.263283,3.980000000039581,9.6129925
151,23,165,-384265.03,20.81791,4.75,11.1676195
151,24,180,-384263.66,22.13608,6.120000000053551,12.4857895
152,1,-165,-197350.64,11.801597,2.529999999998836,2.9154539999999987
152,2,-150,-197351.39,11.567887,1.7799999999988358,2.681744
152,3,-135,-197352.06,10.866101,1.110000000015134,1.9799579999999999
152,4,-120,-197352.27,10.131934,0.9000000000232831,1.2457909999999988
152,5,-105,-197351.94,9.59702,1.2300000000104774,0.710877
152,6,-90,-197351.31,9.2626295,1.860000000015134,0.3764864999999986
152,7,-75,-197350.98,8.970475,2.1900000000023283,0.08433199999999985
152,8,-60,-197350.81,8.886143,2.360000000015134,0
152,9,-45,-197350.92,9.4797535,2.25,0.5936104999999987
152,10,-30,-197351.17,10.289086,2,1.4029429999999987
152,11,-15,-197351.12,11.161067,2.0500000000174623,2.2749239999999986
152,12,0,-197351.1,12.020141,2.070000000006985,3.133998
152,13,15,-197351.06,12.36056,2.110000000015134,3.474416999999999
152,14,30,-197350.7,12.608967,2.470000000001164,3.7228239999999992
152,15,45,-197350.56,12.377365,2.610000000015134,3.4912219999999987
152,16,60,-197350.94,11.980897,2.2300000000104774,3.094754
152,17,75,-197351.62,11.79887,1.5500000000174623,2.9127270000000003
152,18,90,-197352.58,10.985324,0.5900000000256114,2.0991809999999997
152,19,105,-197353.16,10.716124,0.0100000000093132,1.829981
152,20,120,-197353.17,10.799478,0,1.913335
152,21,135,-197352.67,11.104679,0.5,2.2185360000000003
152,22,150,-197351.83,11.395827,1.3400000000256114,2.509684
152,23,165,-197350.92,11.480576,2.25,2.5944329999999987
152,24,180,-197350.42,11.584955,2.75,2.698812
153,1,-165,-172680.86,21.422583,3.03000000002794,4.561879999999999
153,2,-150,-172682.22,20.308527,1.6700000000128057,3.4478240000000007
153,3,-135,-172683.14,18.91443,0.75,2.0537269999999985
153,4,-120,-172683.7,17.874622,0.1900000000023283,1.0139189999999978
153,5,-105,-172683.89,17.483583,0,0.6228799999999985
153,6,-90,-172683.55,17.203814,0.3400000000256113,0.3431110000000004
153,7,-75,-172682.84,17.271643,1.0500000000174623,0.4109400000000001
153,8,-60,-172681.86,17.31927,2.03000000002794,0.4585669999999986
153,9,-45,-172681.78,17.503965,2.110000000015134,0.643262
153,10,-30,-172682.61,17.327953,1.2800000000279397,0.46724999999999994
153,11,-15,-172683.25,16.996807,0.6400000000139698,0.13610399999999956
153,12,0,-172683.5,16.860703,0.3900000000139698,0
153,13,15,-172683.25,16.994589,0.6400000000139698,0.1338860000000004
153,14,30,-172682.61,17.327333,1.2800000000279397,0.46662999999999855
153,15,45,-172681.78,17.504795,2.110000000015134,0.6440920000000006
153,16,60,-172681.86,17.31927,2.03000000002794,0.4585669999999986
153,17,75,-172682.84,17.271013,1.0500000000174623,0.41030999999999906
153,18,90,-172683.55,17.204548,0.3400000000256113,0.3438449999999982
153,19,105,-172683.89,17.484205,0,0.6235019999999984
153,20,120,-172683.7,17.875162,0.1900000000023283,1.0144589999999987
153,21,135,-172683.14,18.914513,0.75,2.0538099999999986
153,22,150,-172682.22,20.308525,1.6700000000128057,3.4478219999999986
153,23,165,-172680.86,21.420012,3.03000000002794,4.559308999999999
153,24,180,-172680.12,21.719507,3.7700000000186265,4.858803999999999
154,1,-165,-379021,-2.829974,4.880000000004657,5.493161000000001
154,2,-150,-379021.5,-4.377073,4.380000000004657,3.9460620000000004
154,3,-135,-379022.3,-5.472666,3.580000000016298,2.8504690000000004
154,4,-120,-379022.9,-5.744344,2.979999999981373,2.5787910000000007
154,5,-105,-379022.72,-5.2423763,3.1600000000325963,3.0807587000000005
154,6,-90,-379022.2,-4.6773863,3.679999999993015,3.6457487000000004
154,7,-75,-379021.66,-3.9537063,4.220000000030268,4.3694287
154,8,-60,-379020.56,-2.664544,5.320000000006985,5.658591000000001
154,9,-45,-379018.56,-0.52566904,7.320000000006985,7.79746596
154,10,-30,-379017.06,1.7498,8.820000000006985,10.072935000000001
154,11,-15,-379018.1,2.4039013,7.78000000002794,10.7270363
154,12,0,-379021.75,-1.8084236,4.130000000004657,6.5147114
154,13,15,-379023.78,-4.796851,2.099999999976717,3.5262840000000004
154,14,30,-379024.78,-6.8061414,1.099999999976717,1.516993600000001
154,15,45,-379025.6,-8.187737,0.2800000000279397,0.13539800000000035
154,16,60,-379025.88,-8.323135,0,0
154,17,75,-379025.03,-7.2483516,0.8499999999767169,1.0747834000000003
154,18,90,-379023.78,-5.7255006,2.099999999976717,2.5976344000000005
154,19,105,-379021.6,-3.897938,4.28000000002794,4.425197000000001
154,20,120,-379020.75,-2.751606,5.130000000004657,5.571529
154,21,135,-379019.16,-0.9846657,6.720000000030268,7.338469300000001
154,22,150,-379017.34,1.0913152,8.539999999979045,9.414450200000001
154,23,165,-379017.6,3.017318,8.28000000002794,11.340453
154,24,180,-379019.72,-0.1677165,6.160000000032596,8.155418500000001
155,1,-165,-478419.47,-134.72368,2.370000000053551,3.226619999999997
155,2,-150,-478417.3,-127.73582,4.540000000037253,10.214479999999995
155,3,-135,-478416.7,-126.34867,5.14000000001397,11.60163
155,4,-120,-478416.34,-126.12191,5.5,11.828389999999999
155,5,-105,-478416.4,-126.76113,5.440000000002328,11.189170000000004
155,6,-90,-478418.44,-132.53232,3.400000000023283,5.41798
155,7,-75,-478419.66,-134.91338,2.1800000000512227,3.036920000000009
155,8,-60,-478419.84,-135.11052,2,2.8397799999999904
155,9,-45,-478419.06,-133.99234,2.78000000002794,3.9579599999999857
155,10,-30,-478417.84,-131.1076,4,6.842700000000008
155,11,-15,-478416.3,-126.308105,5.540000000037253,11.642195000000001
155,12,0,-478416.4,-126.47405,5.440000000002328,11.476249999999993
155,13,15,-478416.78,-126.58846,5.059999999997672,11.36184
155,14,30,-478417.47,-128.14728,4.370000000053551,9.803020000000004
155,15,45,-478419.7,-135.11719,2.14000000001397,2.833110000000005
155,16,60,-478421,-137.84055,0.8400000000256114,0.10974999999999113
155,17,75,-478421.78,-137.9503,0.0599999999976716,0
155,18,90,-478421.75,-137.24553,0.0900000000256113,0.7047699999999963
155,19,105,-478421.28,-135.69202,0.5599999999976717,2.258279999999985
155,20,120,-478421.1,-135.04343,0.7400000000488944,2.906869999999998
155,21,135,-478421.4,-136.1187,0.4400000000023283,1.8316000000000088
155,22,150,-478421.84,-137.57587,0,0.3744299999999896
155,23,165,-478421.62,-137.92871,0.2200000000302679,0.02159000000000333
155,24,180,-478420.88,-137.6519,0.9600000000209548,0.2983999999999867
156,1,-165,-395351.3,17.2684,0.7300000000395812,2.5269580000000005
156,2,-150,-395349.7,20.077452,2.330000000016298,5.336010000000002
156,3,-135,-395347.22,25.09588,4.810000000055879,10.354438000000002
156,4,-120,-395344.22,29.277103,7.810000000055879,14.535661000000001
156,5,-105,-395340.97,32.668976,11.06000000005588,17.927534
156,6,-90,-395340.66,34.66491,11.370000000053553,19.923468
156,7,-75,-395343.4,31.048746,8.630000000004657,16.307304000000002
156,8,-60,-395346.28,26.678411,5.75,11.936969000000001
156,9,-45,-395348.8,22.459927,3.230000000039581,7.718485000000001
156,10,-30,-395350.8,18.217928,1.2300000000395812,3.4764860000000013
156,11,-15,-395352.03,14.741442,0,0
156,12,0,-395350,17.147335,2.03000000002794,2.4058930000000025
156,13,15,-395352.03,14.748094,0,0.006652000000000768
156,14,30,-395350.8,18.084755,1.2300000000395812,3.343313000000002
156,15,45,-395348.8,22.487621,3.230000000039581,7.7461790000000015
156,16,60,-395346.28,26.68486,5.75,11.943418000000001
156,17,75,-395343.38,31.08434,8.650000000023283,16.342898
156,18,90,-395340.66,34.661175,11.370000000053553,19.919733
156,19,105,-395340.97,32.572063,11.06000000005588,17.830621
156,20,120,-395344.22,29.21285,7.810000000055879,14.471408
156,21,135,-395347.22,25.071901,4.810000000055879,10.330459000000001
156,22,150,-395349.62,20.42175,2.4100000000325963,5.680308
156,23,165,-395351.25,17.401978,0.7800000000279397,2.6605360000000005
156,24,180,-395351.8,16.148952,0.2300000000395812,1.407510000000002
157,1,-165,-383365.3,28.449251,1.7999999999883585,1.997012999999999
157,2,-150,-383366.7,27.058372,0.3999999999650754,0.6061339999999973
157,3,-135,-383367.1,26.508265,0,0.05602700000000027
157,4,-120,-383366.75,26.45613,0.3499999999767169,0.0038920000000004507
157,5,-105,-383366.12,26.79225,0.9799999999813735,0.340011999999998
157,6,-90,-383365.78,27.118805,1.3199999999487773,0.666566999999997
157,7,-75,-383366.16,26.775852,0.9400000000023284,0.3236139999999992
157,8,-60,-383366.78,26.452238,0.3199999999487772,0
157,9,-45,-383367.1,26.515451,0,0.06321299999999752
157,10,-30,-383366.62,27.114618,0.4799999999813735,0.6623799999999989
157,11,-15,-383365.25,28.548965,1.849999999976717,2.096726999999998
157,12,0,-383363.12,31.657822,3.9799999999813735,5.205583999999998
157,13,15,-383365.25,28.544872,1.849999999976717,2.0926340000000003
157,14,30,-383366.62,27.114618,0.4799999999813735,0.6623799999999989
157,15,45,-383367.1,26.515451,0,0.06321299999999752
157,16,60,-383366.78,26.459578,0.3199999999487772,0.007339999999999236
157,17,75,-383366.16,26.775852,0.9400000000023284,0.3236139999999992
157,18,90,-383365.78,27.098858,1.3199999999487773,0.6466199999999986
157,19,105,-383366.12,26.800064,0.9799999999813735,0.34782599999999775
157,20,120,-383366.75,26.455868,0.3499999999767169,0.0036299999999975796
157,21,135,-383367.1,26.497034,0,0.04479599999999806
157,22,150,-383366.7,27.048176,0.3999999999650754,0.5959380000000003
157,23,165,-383365.3,28.44925,1.7999999999883585,1.997011999999998
157,24,180,-383363.12,31.753082,3.9799999999813735,5.300843999999998
158,1,-165,-405250.3,-35.18738,0.5400000000372529,0.35537000000000063
158,2,-150,-405248.75,-33.18867,2.090000000025612,2.354079999999996
158,3,-135,-405246.2,-30.106642,4.64000000001397,5.436107999999997
158,4,-120,-405242.94,-26.289932,7.900000000023283,9.252817999999998
158,5,-105,-405239.5,-22.06851,11.340000000025611,13.474239999999998
158,6,-90,-405239.34,-16.776691,11.5,18.766059
158,7,-75,-405241.94,-20.558702,8.900000000023283,14.984047999999998
158,8,-60,-405243.8,-23.982983,7.040000000037253,11.559766999999997
158,9,-45,-405244.8,-26.631845,6.040000000037253,8.910905
158,10,-30,-405245.06,-28.312906,5.78000000002794,7.229843999999996
158,11,-15,-405244.75,-28.82236,6.090000000025611,6.720389999999998
158,12,0,-405244,-27.950298,6.840000000025611,7.592451999999998
158,13,15,-405244.75,-28.837597,6.090000000025611,6.705152999999999
158,14,30,-405245.06,-28.31288,5.78000000002794,7.229869999999998
158,15,45,-405244.8,-26.65041,6.040000000037253,8.892339999999997
158,16,60,-405243.8,-23.95144,7.040000000037253,11.591309999999996
158,17,75,-405241.94,-20.543322,8.900000000023283,14.999427999999998
158,18,90,-405239.34,-16.746819,11.5,18.795931
158,19,105,-405239.5,-22.078848,11.340000000025611,13.463901999999997
158,20,120,-405242.94,-26.289528,7.900000000023283,9.253221999999997
158,21,135,-405246.2,-30.104475,4.64000000001397,5.438274999999997
158,22,150,-405248.75,-33.186535,2.090000000025612,2.356214999999999
158,23,165,-405250.3,-35.1868,0.5400000000372529,0.35595
158,24,180,-405250.84,-35.54275,0,0
159,1,-165,-456624.28,-58.679173,0,0.12761300000000375
159,2,-150,-456624,-58.806786,0.2800000000279397,0
159,3,-135,-456623.3,-58.131535,0.9800000000395812,0.6752510000000029
159,4,-120,-456622.3,-56.97229,1.9800000000395808,1.8344960000000015
159,5,-105,-456621.12,-55.54595,3.1600000000325963,3.2608360000000047
159,6,-90,-456620.06,-54.247257,4.220000000030268,4.559529000000005
159,7,-75,-456621.7,-54.87536,2.580000000016298,3.931426000000002
159,8,-60,-456622.16,-56.251907,2.120000000053551,2.5548789999999997
159,9,-45,-456621.84,-56.857113,2.4400000000023283,1.9496730000000042
159,10,-30,-456620.94,-56.456505,3.340000000025612,2.3502810000000025
159,11,-15,-456619.75,-55.032005,4.53000000002794,3.7747810000000044
159,12,0,-456618.6,-52.962532,5.680000000051223,5.844253999999999
159,13,15,-456619.75,-55.031998,4.53000000002794,3.774788000000001
159,14,30,-456620.94,-56.454132,3.340000000025612,2.352654000000001
159,15,45,-456621.84,-56.857105,2.4400000000023283,1.9496810000000053
159,16,60,-456622.16,-56.251907,2.120000000053551,2.5548789999999997
159,17,75,-456621.7,-54.87536,2.580000000016298,3.931426000000002
159,18,90,-456620.06,-54.24725,4.220000000030268,4.559536000000001
159,19,105,-456621.12,-55.547623,3.1600000000325963,3.259163000000001
159,20,120,-456622.3,-56.97222,1.9800000000395808,1.8345660000000024
159,21,135,-456623.3,-58.131535,0.9800000000395812,0.6752510000000029
159,22,150,-456624,-58.806786,0.2800000000279397,0
159,23,165,-456624.28,-58.67918,0,0.1276060000000001
159,24,180,-456624.06,-57.65416,0.2200000000302679,1.152626000000005
160,1,-165,-347979.9,27.595743,0,2.136875
160,2,-150,-347978.22,28.706104,1.6800000000512227,3.247236000000001
160,3,-135,-347975.88,30.57436,4.0200000000186265,5.115492
160,4,-120,-347973.22,32.8271,6.680000000051223,7.368232000000003
160,5,-105,-347971,35.19803,8.900000000023283,9.739162000000004
160,6,-90,-347970,36.394077,9.900000000023285,10.935209000000004
160,7,-75,-347970.72,36.016434,9.180000000051225,10.557565999999998
160,8,-60,-347972.75,34.48743,7.150000000023283,9.028562000000004
160,9,-45,-347975.38,32.827805,4.5200000000186265,7.368936999999999
160,10,-30,-347977.66,31.594925,2.2400000000488944,6.136057000000001
160,11,-15,-347979.12,30.78547,0.7800000000279397,5.326602000000001
160,12,0,-347977.28,28.717329,2.6199999999953434,3.2584610000000005
160,13,15,-347979.12,30.785196,0.7800000000279397,5.326328
160,14,30,-347977.66,31.596664,2.2400000000488944,6.137796000000002
160,15,45,-347975.38,32.827293,4.5200000000186265,7.3684249999999984
160,16,60,-347972.75,34.48743,7.150000000023283,9.028562000000004
160,17,75,-347970.72,36.01437,9.180000000051225,10.555502
160,18,90,-347970,36.39591,9.900000000023285,10.937042000000002
160,19,105,-347971,35.19223,8.900000000023283,9.733362000000003
160,20,120,-347973.22,32.823822,6.680000000051223,7.364954000000001
160,21,135,-347975.88,30.574665,4.0200000000186265,5.115797000000001
160,22,150,-347978.22,28.7061,1.6800000000512227,3.2472320000000003
160,23,165,-347979.9,27.596748,0,2.1378800000000027
160,24,180,-347978.22,25.458868,1.6800000000512227,0
161,1,-165,-503083.25,-78.84627,2.4699999999720603,4.098469999999992
161,2,-150,-503084.16,-79.12072,1.5599999999976717,3.82401999999999
161,3,-135,-503085.03,-80.16266,0.6899999999441206,2.7820799999999934
161,4,-120,-503085.62,-80.926254,0.0999999999767169,2.018485999999996
161,5,-105,-503085.7,-80.98998,0.0199999999604187,1.9547599999999932
161,6,-90,-503085.34,-80.52809,0.3799999999464489,2.41664999999999
161,7,-75,-503085.72,-80.81456,0,2.1301799999999957
161,8,-60,-503085.53,-81.496124,0.1899999999441206,1.4486160000000012
161,9,-45,-503084.5,-81.26117,1.2199999999720603,1.683569999999989
161,10,-30,-503083.22,-80.668625,2.5,2.27611499999999
161,11,-15,-503082.3,-80.1439,3.419999999983702,2.800839999999994
161,12,0,-503082.22,-80.370285,3.5,2.5744550000000004
161,13,15,-503082.3,-80.14222,3.419999999983702,2.8025200000000012
161,14,30,-503083.22,-80.643875,2.5,2.3008650000000017
161,15,45,-503084.5,-81.27386,1.2199999999720603,1.6708799999999968
161,16,60,-503085.53,-81.48597,0.1899999999441206,1.4587700000000012
161,17,75,-503085.72,-80.82018,0,2.1245600000000024
161,18,90,-503085.34,-80.52649,0.3799999999464489,2.4182500000000005
161,19,105,-503085.7,-81.0246,0.0199999999604187,1.9201399999999893
161,20,120,-503085.62,-80.926254,0.0999999999767169,2.018485999999996
161,21,135,-503085.03,-80.15476,0.6899999999441206,2.78998
161,22,150,-503084.16,-79.10158,1.5599999999976717,3.8431599999999975
161,23,165,-503083.25,-78.90023,2.4699999999720603,4.0445100000000025
161,24,180,-503083.03,-82.94474,2.6899999999441206,0
162,1,-165,-349026.3,-8.150754,1.419999999983702,1.4447420000000015
162,2,-150,-349025.56,-7.4037704,2.1599999999743886,2.1917256000000007
162,3,-135,-349024.62,-6.8824816,3.099999999976717,2.7130144000000005
162,4,-120,-349027.62,-7.9850125,0.0999999999767169,1.6104835000000008
162,5,-105,-349027.72,-9.276925,0,0.3185710000000004
162,6,-90,-349027.3,-9.576858,0.4199999999837018,0.018638000000001043
162,7,-75,-349026.47,-8.379255,1.25,1.2162410000000001
162,8,-60,-349026.62,-8.138627,1.099999999976717,1.456869000000001
162,9,-45,-349024.97,-6.158506,2.75,3.4369900000000007
162,10,-30,-349023.6,-2.3820639,4.119999999995343,7.2134321
162,11,-15,-349022.28,-0.029492343,5.439999999944121,9.566003657000001
162,12,0,-349018.28,0.10380305,9.43999999994412,9.69929905
162,13,15,-349022.28,-0.060822714,5.439999999944121,9.534673286
162,14,30,-349023.6,-2.4213753,4.119999999995343,7.174120700000001
162,15,45,-349024.97,-6.1574574,2.75,3.4380386000000005
162,16,60,-349026.62,-8.092036,1.099999999976717,1.5034600000000005
162,17,75,-349026.47,-8.384215,1.25,1.2112810000000014
162,18,90,-349027.3,-9.595496,0.4199999999837018,0
162,19,105,-349027.72,-9.281634,0,0.3138620000000003
162,20,120,-349027.62,-7.9879155,0.0999999999767169,1.607580500000001
162,21,135,-349024.62,-6.884387,3.099999999976717,2.7111090000000004
162,22,150,-349025.56,-7.3968487,2.1599999999743886,2.198647300000001
162,23,165,-349026.3,-8.189925,1.419999999983702,1.4055710000000001
162,24,180,-349026.53,-8.465371,1.1899999999441206,1.1301250000000014
163,1,-165,-460348.06,28.845083,2.78000000002794,3.1077270000000006
163,2,-150,-460349.44,26.724445,1.400000000023283,0.987089000000001
163,3,-135,-460350.06,25.983362,0.7800000000279397,0.24600600000000128
163,4,-120,-460350.6,25.737356,0.2400000000488944,0
163,5,-105,-460350.84,26.012138,0,0.27478200000000186
163,6,-90,-460348.7,30.542313,2.14000000001397,4.804957000000002
163,7,-75,-460347.22,31.33421,3.620000000053551,5.596854
163,8,-60,-460345.4,28.336313,5.440000000002328,2.598957000000002
163,9,-45,-460345.6,29.453049,5.240000000048894,3.7156930000000017
163,10,-30,-460345.66,30.108112,5.180000000051223,4.370756
163,11,-15,-460345.6,29.992085,5.240000000048894,4.254729000000001
163,12,0,-460345.47,29.781767,5.370000000053551,4.044411
163,13,15,-460347.22,30.790714,3.620000000053551,5.053358000000003
163,14,30,-460348.94,29.116243,1.900000000023283,3.3788870000000024
163,15,45,-460349.53,28.354145,1.3099999999976717,2.6167890000000007
163,16,60,-460349.6,27.934763,1.2400000000488944,2.197407000000002
163,17,75,-460348.8,28.312103,2.040000000037253,2.574747000000002
163,18,90,-460347.16,29.422573,3.680000000051223,3.6852170000000015
163,19,105,-460345.38,31.831125,5.460000000020955,6.093769000000002
163,20,120,-460343.7,36.58262,7.14000000001397,10.845264
163,21,135,-460342.22,34.626522,8.620000000053551,8.889166000000003
163,22,150,-460343.78,33.92715,7.059999999997672,8.189794
163,23,165,-460345.7,31.339025,5.14000000001397,5.601669000000001
163,24,180,-460347.03,29.809294,3.809999999997672,4.071938000000003
164,1,-165,-398206.72,29.132729,1.75,0.07006900000000016
164,2,-150,-398207.4,29.286036,1.0699999999487773,0.22337599999999824
164,3,-135,-398208.03,29.456436,0.4399999999441206,0.393775999999999
164,4,-120,-398208.47,29.601822,0,0.5391619999999975
164,5,-105,-398208.4,29.752687,0.0699999999487772,0.6900270000000006
164,6,-90,-398207.56,30.363539,0.9099999999743886,1.3008789999999983
164,7,-75,-398206.8,31.22114,1.669999999983702,2.1584799999999973
164,8,-60,-398205.25,32.662487,3.2199999999720603,3.5998269999999977
164,9,-45,-398203.62,34.276764,4.849999999976717,5.214103999999999
164,10,-30,-398201.97,36.036674,6.5,6.974013999999997
164,11,-15,-398202.47,38.26557,6,9.202909999999996
164,12,0,-398202.88,39.06848,5.589999999967404,10.00582
164,13,15,-398202.47,38.26409,6,9.201430000000002
164,14,30,-398201.97,36.038948,6.5,6.976287999999997
164,15,45,-398203.62,34.276764,4.849999999976717,5.214103999999999
164,16,60,-398205.25,32.65319,3.2199999999720603,3.590530000000001
164,17,75,-398206.8,31.219608,1.669999999983702,2.156948
164,18,90,-398207.56,30.362381,0.9099999999743886,1.2997209999999981
164,19,105,-398208.4,29.757658,0.0699999999487772,0.6949979999999982
164,20,120,-398208.47,29.599295,0,0.5366350000000004
164,21,135,-398208.03,29.459316,0.4399999999441206,0.3966560000000001
164,22,150,-398207.4,29.28911,1.0699999999487773,0.22644999999999982
164,23,165,-398206.72,29.133854,1.75,0.07119399999999843
164,24,180,-398206.38,29.06266,2.089999999967404,0
165,1,-165,-329690.2,12.979049,1.679999999993015,3.1598059999999997
165,2,-150,-329690.94,12.157384,0.9400000000023284,2.3381410000000002
165,3,-135,-329691.6,11.236156,0.2800000000279397,1.4169129999999992
165,4,-120,-329691.88,10.613195,0,0.7939519999999991
165,5,-105,-329691.7,10.240882,0.179999999993015,0.421638999999999
165,6,-90,-329691.06,9.977132,0.8200000000069849,0.15788899999999906
165,7,-75,-329690.47,9.886153,1.4100000000325963,0.06691000000000003
165,8,-60,-329690.25,9.848852,1.6300000000046566,0.029609000000000663
165,9,-45,-329690.4,9.819243,1.4799999999813735,0
165,10,-30,-329691,9.867379,0.8800000000046566,0.04813599999999951
165,11,-15,-329691.66,10.162678,0.2200000000302679,0.3434349999999995
165,12,0,-329691.88,10.57987,0,0.7606269999999995
165,13,15,-329691.62,11.211915,0.2600000000093132,1.3926719999999992
165,14,30,-329690.97,12.132903,0.9100000000325964,2.3136600000000005
165,15,45,-329690.2,12.991762,1.679999999993015,3.1725189999999994
165,16,60,-329689.72,13.21928,2.1600000000325963,3.4000369999999993
165,17,75,-329689.88,12.529257,2,2.7100139999999993
165,18,90,-329690.62,11.3315735,1.2600000000093132,1.5123304999999991
165,19,105,-329691.47,10.391221,0.4100000000325963,0.5719779999999997
165,20,120,-329691.75,10.152805,0.1300000000046566,0.3335620000000006
165,21,135,-329691.53,10.44076,0.3499999999767169,0.621516999999999
165,22,150,-329690.72,11.448234,1.1600000000325963,1.6289909999999992
165,23,165,-329689.9,12.600699,1.979999999981373,2.7814560000000004
165,24,180,-329689.72,13.199495,2.1600000000325963,3.3802520000000005
166,1,-165,-863720.9,25.74493,8.039999999920838,9.617809999999999
166,2,-150,-863724.75,21.012909,4.189999999944121,4.885788999999999
166,3,-135,-863727.3,18.14745,1.6399999998975543,2.0203299999999977
166,4,-120,-863728.56,16.708464,0.3799999998882413,0.5813439999999979
166,5,-105,-863728.9,16.202599,0.0399999999208375,0.07547899999999785
166,6,-90,-863728.94,16.12712,0,0
166,7,-75,-863728.9,16.224648,0.0399999999208375,0.09752799999999695
166,8,-60,-863728.56,16.761229,0.3799999998882413,0.6341089999999987
166,9,-45,-863727.4,18.192612,1.5399999999208376,2.065491999999999
166,10,-30,-863724.94,20.871574,4,4.7444539999999975
166,11,-15,-863721.25,24.841745,7.689999999944121,8.714624999999998
166,12,0,-863716.9,30.817503,12.039999999920838,14.690382999999997
166,13,15,-863721.25,24.914188,7.689999999944121,8.787067999999998
166,14,30,-863724.94,20.86786,4,4.740739999999999
166,15,45,-863727.4,18.19279,1.5399999999208376,2.0656699999999972
166,16,60,-863728.56,16.758257,0.3799999998882413,0.631136999999999
166,17,75,-863728.9,16.218542,0.0399999999208375,0.0914219999999979
166,18,90,-863728.94,16.127579,0,0.00045899999999932106
166,19,105,-863728.9,16.213303,0.0399999999208375,0.08618299999999834
166,20,120,-863728.56,16.70706,0.3799999998882413,0.579939999999997
166,21,135,-863727.3,18.139822,1.6399999998975543,2.0127019999999973
166,22,150,-863724.75,21.011173,4.189999999944121,4.884052999999998
166,23,165,-863720.75,25.681057,8.18999999994412,9.553936999999998
166,24,180,-863716.56,32.930943,12.37999999988824,16.803822999999998
167,1,-165,-383477.6,17.927242,0,0
167,2,-150,-383477.03,18.675426,0.5699999999487773,0.748184000000002
167,3,-135,-383476.34,19.917414,1.2599999999511056,1.9901720000000012
167,4,-120,-383475.88,21.305557,1.7199999999720603,3.3783150000000006
167,5,-105,-383475.72,22.405487,1.8800000000046568,4.478245000000001
167,6,-90,-383475.72,22.848831,1.8800000000046568,4.921589000000001
167,7,-75,-383475.5,22.514328,2.099999999976717,4.587085999999999
167,8,-60,-383474.53,22.173698,3.0699999999487773,4.246456000000002
167,9,-45,-383472.97,22.423695,4.630000000004657,4.496452999999999
167,10,-30,-383471.44,22.739399,6.159999999974389,4.812156999999999
167,11,-15,-383470.06,22.921982,7.539999999979045,4.99474
167,12,0,-383469.06,23.076109,8.539999999979045,5.148866999999999
167,13,15,-383470.06,22.912142,7.539999999979045,4.9849
167,14,30,-383471.44,22.74407,6.159999999974389,4.816828000000001
167,15,45,-383472.97,22.417068,4.630000000004657,4.489826000000001
167,16,60,-383474.53,22.172428,3.0699999999487773,4.245186
167,17,75,-383475.5,22.517805,2.099999999976717,4.5905629999999995
167,18,90,-383475.72,22.869938,1.8800000000046568,4.9426960000000015
167,19,105,-383475.72,22.40669,1.8800000000046568,4.479448000000001
167,20,120,-383475.88,21.298887,1.7199999999720603,3.371645000000001
167,21,135,-383476.34,19.916925,1.2599999999511056,1.9896829999999994
167,22,150,-383477.03,18.675426,0.5699999999487773,0.748184000000002
167,23,165,-383477.6,17.93624,0,0.008998000000001838
167,24,180,-383477.38,21.060213,0.2199999999720603,3.1329710000000013
168,1,-165,-683323.6,-34.02807,1.9600000000791624,4.09695
168,2,-150,-683322.75,-33.24168,2.81000000005588,4.883339999999997
168,3,-135,-683321.25,-31.963602,4.310000000055879,6.161417999999998
168,4,-120,-683319.4,-30.437553,6.160000000032596,7.687466999999998
168,5,-105,-683317.7,-29.159904,7.860000000102445,8.965115999999998
168,6,-90,-683317,-28.810978,8.56000000005588,9.314042
168,7,-75,-683318,-29.842892,7.560000000055879,8.282128
168,8,-60,-683319.94,-31.665783,5.620000000111759,6.459236999999998
168,9,-45,-683322.2,-33.568398,3.360000000102445,4.556621999999997
168,10,-30,-683324.44,-35.15823,1.1200000001117587,2.966789999999996
168,11,-15,-683325.56,-36.168423,0,1.9565970000000021
168,12,0,-683323.8,-38.12502,1.7600000000093132,0
168,13,15,-683325.56,-36.15817,0,1.9668500000000009
168,14,30,-683324.44,-35.158703,1.1200000001117587,2.9663169999999965
168,15,45,-683322.2,-33.594692,3.360000000102445,4.530327999999997
168,16,60,-683319.94,-31.604094,5.620000000111759,6.520925999999999
168,17,75,-683317.94,-29.823374,7.620000000111759,8.301645999999998
168,18,90,-683317,-28.810438,8.56000000005588,9.314581999999998
168,19,105,-683317.7,-29.158289,7.860000000102445,8.966731
168,20,120,-683319.4,-30.435406,6.160000000032596,7.689613999999999
168,21,135,-683321.25,-31.967424,4.310000000055879,6.157595999999998
168,22,150,-683322.75,-33.241943,2.81000000005588,4.883077
168,23,165,-683323.6,-34.02796,1.9600000000791624,4.097059999999999
168,24,180,-683321.9,-35.96071,3.660000000032596,2.1643100000000004
169,1,-165,-385172.22,0.51499826,0.8400000000256114,7.1847537599999995
169,2,-150,-385171.12,1.7404969,1.9400000000023283,8.4102524
169,3,-135,-385169.84,3.0966558,3.2199999999720603,9.7664113
169,4,-120,-385169.94,-2.677155,3.1199999999953434,3.9926005
169,5,-105,-385171,-3.836302,2.059999999997672,2.8334535
169,6,-90,-385172,-4.4874167,1.0599999999976717,2.1823388
169,7,-75,-385172.8,-4.733158,0.2600000000093132,1.9365974999999995
169,8,-60,-385173.06,-4.7124076,0,1.9573479000000003
169,9,-45,-385172.28,-4.4304304,0.779999999969732,2.2393251000000003
169,10,-30,-385171.25,-2.7134707,1.809999999997672,3.9562848
169,11,-15,-385170,-1.9249562,3.059999999997672,4.7447993
169,12,0,-385169.44,-1.9423736,3.619999999995344,4.7273819
169,13,15,-385169.78,-2.8004415,3.279999999969732,3.869314
169,14,30,-385171.03,-4.0050654,2.029999999969732,2.6646900999999996
169,15,45,-385172.47,-5.3209043,0.5900000000256114,1.3488512000000004
169,16,60,-385172.88,-6.6697555,0.179999999993015,0
169,17,75,-385172.66,-5.9298463,0.400000000023283,0.7399091999999996
169,18,90,-385171.22,-4.647033,1.8400000000256116,2.0227224999999995
169,19,105,-385169.56,-3.0278172,3.5,3.6419383
169,20,120,-385168.5,-1.4248737,4.559999999997672,5.2448818
169,21,135,-385168.56,-0.42614558,4.5,6.24360992
169,22,150,-385169.7,-0.54279476,3.35999999998603,6.1269607399999995
169,23,165,-385171.38,1.2285473,1.679999999993015,7.8983028
169,24,180,-385172.4,0.2594903,0.6599999999743886,6.9292458
170,1,-165,-454275.94,-21.081312,0.4600000000209547,0.32312399999999997
170,2,-150,-454276.4,-20.890406,0,0.5140300000000018
170,3,-135,-454276.2,-20.23161,0.2000000000116415,1.1728260000000006
170,4,-120,-454275.3,-19.046328,1.1000000000349246,2.3581080000000014
170,5,-105,-454274.22,-17.801107,2.1800000000512227,3.6033290000000022
170,6,-90,-454273.7,-17.239628,2.700000000011641,4.164808000000001
170,7,-75,-454274.2,-17.774754,2.200000000011641,3.629681999999999
170,8,-60,-454275.28,-18.991112,1.1199999999953434,2.4133239999999994
170,9,-45,-454276.16,-20.177423,0.2400000000488944,1.2270129999999995
170,10,-30,-454276.4,-20.90255,0,0.5018859999999989
170,11,-15,-454275.94,-21.122805,0.4600000000209547,0.28163100000000085
170,12,0,-454275.38,-21.404436,1.0200000000186265,0
170,13,15,-454275.94,-21.122227,0.4600000000209547,0.2822090000000017
170,14,30,-454276.4,-20.902552,0,0.5018840000000004
170,15,45,-454276.16,-20.185242,0.2400000000488944,1.2191940000000017
170,16,60,-454275.28,-18.991108,1.1199999999953434,2.413328
170,17,75,-454274.2,-17.775295,2.200000000011641,3.6291410000000006
170,18,90,-454273.7,-17.23963,2.700000000011641,4.164806000000002
170,19,105,-454274.22,-17.798918,2.1800000000512227,3.605518
170,20,120,-454275.3,-19.046328,1.1000000000349246,2.3581080000000014
170,21,135,-454276.2,-20.231611,0.2000000000116415,1.1728249999999996
170,22,150,-454276.4,-20.890408,0,0.5140279999999997
170,23,165,-454275.94,-21.060328,0.4600000000209547,0.3441080000000021
170,24,180,-454275.38,-21.40358,1.0200000000186265,0.0008559999999988577
171,1,-165,-745019.8,-21.180489,2.699999999953434,3.914303999999998
171,2,-150,-745021.3,-23.250702,1.199999999953434,1.8440909999999988
171,3,-135,-745022.25,-24.377487,0.25,0.7173060000000007
171,4,-120,-745022.5,-24.37561,0,0.7191829999999975
171,5,-105,-745022.2,-23.619732,0.3000000000465661,1.4750610000000002
171,6,-90,-745021.4,-22.627928,1.099999999976717,2.4668649999999985
171,7,-75,-745021.94,-24.075846,0.5600000000558794,1.0189470000000007
171,8,-60,-745022.06,-25.074364,0.4399999999441206,0.02042900000000003
171,9,-45,-745021.56,-25.094793,0.9399999999441206,0
171,10,-30,-745020.6,-23.945797,1.900000000023283,1.1489960000000004
171,11,-15,-745019.2,-21.8883,3.300000000046566,3.2064929999999983
171,12,0,-745017.56,-19.367918,4.939999999944121,5.726875
171,13,15,-745019.2,-21.888676,3.300000000046566,3.206116999999999
171,14,30,-745020.6,-23.945787,1.900000000023283,1.149006
171,15,45,-745021.56,-25.09319,0.9399999999441206,0.001602999999999355
171,16,60,-745022.06,-25.07436,0.4399999999441206,0.02043300000000059
171,17,75,-745021.94,-24.08074,0.5600000000558794,1.0140530000000005
171,18,90,-745021.4,-22.635069,1.099999999976717,2.459723999999998
171,19,105,-745022.2,-23.619324,0.3000000000465661,1.4754690000000004
171,20,120,-745022.5,-24.375526,0,0.7192669999999985
171,21,135,-745022.25,-24.37748,0.25,0.7173130000000008
171,22,150,-745021.3,-23.250704,1.199999999953434,1.8440890000000003
171,23,165,-745019.8,-21.178522,2.699999999953434,3.9162709999999983
171,24,180,-745017.8,-18.956705,4.699999999953434,6.138088
172,1,-165,-491369.1,29.2673,0.1199999999953433,1.0346399999999996
172,2,-150,-491368.28,30.458284,0.9399999999441206,2.225624
172,3,-135,-491367.78,32.597015,1.4399999999441206,4.364355
172,4,-120,-491367.56,32.47451,1.6599999999743886,4.241850000000003
172,5,-105,-491367.12,32.267094,2.099999999976717,4.034434000000001
172,6,-90,-491366.62,33.94086,2.599999999976717,5.7082000000000015
172,7,-75,-491366.8,33.50306,2.419999999983702,5.270399999999999
172,8,-60,-491367.72,31.677399,1.5,3.444739000000002
172,9,-45,-491367.53,31.92517,1.6899999999441206,3.692510000000002
172,10,-30,-491366.44,33.18711,2.779999999969732,4.954449999999998
172,11,-15,-491365.1,34.669727,4.119999999995343,6.4370670000000025
172,12,0,-491364.3,35.638973,4.919999999983702,7.406313000000001
172,13,15,-491365.1,34.669727,4.119999999995343,6.4370670000000025
172,14,30,-491366.44,33.150154,2.779999999969732,4.917494000000001
172,15,45,-491367.53,31.925653,1.6899999999441206,3.6929930000000013
172,16,60,-491367.72,31.677402,1.5,3.4447420000000015
172,17,75,-491366.8,33.488136,2.419999999983702,5.255475999999998
172,18,90,-491366.62,33.93979,2.599999999976717,5.707130000000003
172,19,105,-491367.12,32.26709,2.099999999976717,4.034430000000004
172,20,120,-491367.56,32.474506,1.6599999999743886,4.241845999999999
172,21,135,-491367.78,32.57902,1.4399999999441206,4.346360000000001
172,22,150,-491368.28,30.457607,0.9399999999441206,2.2249470000000002
172,23,165,-491369.1,29.266659,0.1199999999953433,1.0339990000000014
172,24,180,-491369.22,28.23266,0,0
173,1,-165,-245918.72,19.463614,0.6799999999930151,1.2271439999999991
173,2,-150,-245918.53,18.540651,0.8699999999953434,0.3041809999999998
173,3,-135,-245917.94,18.244312,1.459999999991851,0.007842000000000127
173,4,-120,-245916.44,19.72146,2.959999999991851,1.4849899999999998
173,5,-105,-245914.16,23.906855,5.239999999990687,5.670385
173,6,-90,-245911.95,29.677183,7.449999999982538,11.440712999999999
173,7,-75,-245910.16,33.92354,9.239999999990689,15.687070000000002
173,8,-60,-245908.33,36.36384,11.070000000006983,18.129375000000003
173,9,-45,-245908.14,38.237473,11.25999999998021,20.003008
173,10,-30,-245907.81,39.50929,11.589999999996508,21.274825
173,11,-15,-245908.3,37.213276,11.10000000000582,18.976806
173,12,0,-245909.83,33.912163,9.570000000006983,15.675692999999999
173,13,15,-245911.77,29.422474,7.630000000004657,11.186004
173,14,30,-245914.05,24.191286,5.350000000005821,5.954816000000001
173,15,45,-245916.19,20.170109,3.209999999991851,1.9336389999999994
173,16,60,-245917.72,18.2855,1.679999999993015,0.04902999999999835
173,17,75,-245918.44,18.23647,0.9599999999918508,0
173,18,90,-245918.75,19.08013,0.6499999999941792,0.8436599999999999
173,19,105,-245919.02,20.100163,0.3800000000046566,1.8636929999999978
173,20,120,-245919.27,21.058878,0.1300000000046566,2.8224079999999994
173,21,135,-245919.4,21.752716,0,3.516245999999999
173,22,150,-245919.38,21.915466,0.0199999999895226,3.678995999999998
173,23,165,-245919.17,18.18916,1.3599999999860302,0.14119800000000282
173,24,180,-245918.92,20.51662,0.4799999999813735,2.280149999999999
174,1,-165,-335537.5,-51.44134,0.8800000000046566,4.484655000000004
174,2,-150,-335538.3,-54.521156,0.0800000000162981,1.4048390000000026
174,3,-135,-335538.28,-55.86788,0.0999999999767169,0.058115000000000805
174,4,-120,-335537.47,-55.716557,0.9100000000325964,0.20943799999999868
174,5,-105,-335536.56,-54.9449,1.820000000006985,0.9810950000000034
174,6,-90,-335536.16,-54.553974,2.220000000030268,1.3720210000000037
174,7,-75,-335536.53,-54.93856,1.849999999976717,0.9874349999999978
174,8,-60,-335537.38,-55.682888,1,0.24310700000000196
174,9,-45,-335538.2,-55.924477,0.179999999993015,0.0015179999999972438
174,10,-30,-335538.38,-54.85024,0,1.075755000000001
174,11,-15,-335537.6,-51.932533,0.7800000000279397,3.993462000000001
174,12,0,-335536.88,-48.904396,1.5,7.021599000000002
174,13,15,-335537.6,-51.93251,0.7800000000279397,3.9934849999999997
174,14,30,-335538.38,-54.85024,0,1.075755000000001
174,15,45,-335538.2,-55.925995,0.179999999993015,0
174,16,60,-335537.38,-55.680912,1,0.24508300000000105
174,17,75,-335536.53,-54.941914,1.849999999976717,0.9840810000000033
174,18,90,-335536.16,-54.553974,2.220000000030268,1.3720210000000037
174,19,105,-335536.56,-54.947784,1.820000000006985,0.9782110000000017
174,20,120,-335537.47,-55.714554,0.9100000000325964,0.21144100000000066
174,21,135,-335538.28,-55.867886,0.0999999999767169,0.05810900000000174
174,22,150,-335538.3,-54.5211,0.0800000000162981,1.4048950000000033
174,23,165,-335537.5,-51.423267,0.8800000000046566,4.502727999999998
174,24,180,-335536.88,-48.903893,1.5,7.022102000000004
175,1,-165,-502093.7,10.683869,0.0800000000162981,0.10998399999999897
175,2,-150,-502093.28,11.157927,0.5,0.5840420000000002
175,3,-135,-502092.4,12.097481,1.3800000000046566,1.5235959999999995
175,4,-120,-502091.12,13.374886,2.6600000000325963,2.8010009999999994
175,5,-105,-502089.88,14.589498,3.900000000023283,4.015613
175,6,-90,-502089.38,15.095092,4.400000000023283,4.521206999999999
175,7,-75,-502089.84,14.586077,3.940000000002328,4.012191999999999
175,8,-60,-502091.06,13.37485,2.720000000030268,2.8009649999999997
175,9,-45,-502092.38,12.106711,1.400000000023283,1.532826
175,10,-30,-502093.28,11.165683,0.5,0.5917979999999989
175,11,-15,-502093.7,10.686358,0.0800000000162981,0.1124729999999996
175,12,0,-502093.78,10.573885,0,0
175,13,15,-502093.7,10.690766,0.0800000000162981,0.11688099999999935
175,14,30,-502093.28,11.165687,0.5,0.5918019999999995
175,15,45,-502092.38,12.1055,1.400000000023283,1.5316149999999986
175,16,60,-502091.06,13.378588,2.720000000030268,2.804703
175,17,75,-502089.84,14.586079,3.940000000002328,4.012193999999999
175,18,90,-502089.38,15.095092,4.400000000023283,4.521206999999999
175,19,105,-502089.88,14.589498,3.900000000023283,4.015613
175,20,120,-502091.12,13.374884,2.6600000000325963,2.800998999999999
175,21,135,-502092.4,12.099969,1.3800000000046566,1.526083999999999
175,22,150,-502093.28,11.157923,0.5,0.5840379999999996
175,23,165,-502093.7,10.683835,0.0800000000162981,0.10994999999999955
175,24,180,-502093.78,10.574186,0,0.0003009999999985524
176,1,-165,-618010.9,-43.741425,0,0.3215450000000004
176,2,-150,-618010.75,-44.036938,0.150000000023283,0.02603200000000072
176,3,-135,-618010,-43.66367,0.9000000000232831,0.39929999999999666
176,4,-120,-618008.75,-42.807472,2.150000000023283,1.255498000000003
176,5,-105,-618007.5,-41.937187,3.400000000023283,2.1257829999999984
176,6,-90,-618007,-41.523865,3.900000000023283,2.5391049999999993
176,7,-75,-618007.6,-41.92378,3.300000000046566,2.1391899999999993
176,8,-60,-618008.9,-42.84596,2,1.217010000000002
176,9,-45,-618010.1,-43.7414,0.8000000000465661,0.32157000000000124
176,10,-30,-618010.8,-44.06297,0.0999999999767169,0
176,11,-15,-618010.8,-43.700726,0.0999999999767169,0.3622439999999969
176,12,0,-618010.7,-43.303326,0.2000000000698492,0.7596440000000015
176,13,15,-618010.8,-43.700726,0.0999999999767169,0.3622439999999969
176,14,30,-618010.8,-44.047787,0.0999999999767169,0.01518300000000039
176,15,45,-618010.1,-43.741394,0.8000000000465661,0.3215760000000003
176,16,60,-618008.9,-42.845955,2,1.2170150000000035
176,17,75,-618007.6,-41.91863,3.300000000046566,2.1443399999999997
176,18,90,-618007,-41.523865,3.900000000023283,2.5391049999999993
176,19,105,-618007.5,-41.93719,3.400000000023283,2.125779999999999
176,20,120,-618008.75,-42.807472,2.150000000023283,1.255498000000003
176,21,135,-618010,-43.66733,0.9000000000232831,0.3956400000000002
176,22,150,-618010.75,-44.03884,0.150000000023283,0.02412999999999954
176,23,165,-618010.9,-43.747997,0,0.31497300000000195
176,24,180,-618010.7,-43.294292,0.2000000000698492,0.7686780000000013
177,1,-165,-421242.9,-7.567153,0,1.6799460000000002
177,2,-150,-421241.8,-7.1273003,1.1000000000349246,2.1197987000000005
177,3,-135,-421240.1,-6.169846,2.800000000046566,3.0772530000000007
177,4,-120,-421238,-4.776139,4.900000000023283,4.470960000000001
177,5,-105,-421236.06,-3.3107207,6.840000000025611,5.9363783
177,6,-90,-421233.2,-1.0588634,9.700000000011642,8.1882356
177,7,-75,-421233.7,-0.9513186,9.200000000011642,8.2957804
177,8,-60,-421234.94,-1.0119809,7.960000000020955,8.235118100000001
177,9,-45,-421236.3,-0.91121566,6.600000000034925,8.33588334
177,10,-30,-421237.25,-0.44849184,5.650000000023283,8.79860716
177,11,-15,-421237.53,0.16714759,5.369999999995343,9.414246590000001
177,12,0,-421237.5,0.620818,5.400000000023283,9.867917
177,13,15,-421237.53,0.1675214,5.369999999995343,9.4146204
177,14,30,-421237.25,-0.45328933,5.650000000023283,8.79380967
177,15,45,-421236.3,-0.9165128,6.600000000034925,8.3305862
177,16,60,-421234.94,-1.0154618,7.960000000020955,8.2316372
177,17,75,-421233.7,-0.9510232,9.200000000011642,8.2960758
177,18,90,-421233.2,-1.0588634,9.700000000011642,8.1882356
177,19,105,-421236.06,-3.3147395,6.840000000025611,5.9323595000000005
177,20,120,-421238,-4.776142,4.900000000023283,4.470957
177,21,135,-421240.1,-6.1742826,2.800000000046566,3.0728164000000007
177,22,150,-421241.8,-7.122968,1.1000000000349246,2.124131
177,23,165,-421242.9,-7.567512,0,1.6795870000000006
177,24,180,-421241.25,-9.247099,1.650000000023283,0
178,1,-165,-479158.66,-49.5291,8.220000000030268,8.851377999999997
178,2,-150,-479161.16,-51.34343,5.720000000030268,7.037047999999999
178,3,-135,-479163.4,-53.810013,3.479999999981373,4.570464999999999
178,4,-120,-479165.1,-56.098877,1.7800000000279397,2.281600999999995
178,5,-105,-479166.16,-57.58176,0.720000000030268,0.7987179999999938
178,6,-90,-479166.88,-58.31209,0,0.06838799999999878
178,7,-75,-479166.8,-58.38036,0.0800000000162981,0.00011799999999340116
178,8,-60,-479166.34,-57.7871,0.5399999999790452,0.5933779999999942
178,9,-45,-479165.97,-57.6428,0.9100000000325964,0.7376779999999954
178,10,-30,-479165.53,-57.889263,1.349999999976717,0.49121499999999685
178,11,-15,-479165.16,-58.068974,1.720000000030268,0.31150399999999934
178,12,0,-479165.03,-58.09354,1.849999999976717,0.28693799999999925
178,13,15,-479165.16,-58.068977,1.720000000030268,0.3115009999999998
178,14,30,-479165.53,-57.89525,1.349999999976717,0.4852279999999993
178,15,45,-479165.97,-57.64131,0.9100000000325964,0.7391679999999994
178,16,60,-479166.34,-57.787003,0.5399999999790452,0.593474999999998
178,17,75,-479166.8,-58.380478,0.0800000000162981,0
178,18,90,-479166.88,-58.31066,0,0.06981799999999794
178,19,105,-479166.16,-57.57427,0.720000000030268,0.806207999999998
178,20,120,-479165.1,-56.09822,1.7800000000279397,2.282257999999999
178,21,135,-479163.4,-53.804024,3.479999999981373,4.576453999999998
178,22,150,-479161.16,-51.33592,5.720000000030268,7.044557999999995
178,23,165,-479158.66,-49.549667,8.220000000030268,8.830810999999997
178,24,180,-479157.38,-49.174015,9.5,9.206463
179,1,-165,-466823.3,43.34992,1.540000000037253,4.1234639999999985
179,2,-150,-466822.22,43.4051,2.620000000053551,4.1786439999999985
179,3,-135,-466823.12,42.0325,1.720000000030268,2.806044
179,4,-120,-466824.06,40.64388,0.7800000000279397,1.417424000000004
179,5,-105,-466824.7,39.58754,0.1400000000139698,0.3610839999999982
179,6,-90,-466824.84,39.226456,0,0
179,7,-75,-466824,40.01228,0.8400000000256114,0.7858239999999981
179,8,-60,-466821.44,44.85394,3.400000000023283,5.627484000000003
179,9,-45,-466820.22,45.353806,4.620000000053551,6.12735
179,10,-30,-466819.06,45.76353,5.78000000002794,6.537074000000004
179,11,-15,-466818.47,46.230366,6.370000000053551,7.003909999999998
179,12,0,-466819.4,46.503548,5.440000000002328,7.277092000000003
179,13,15,-466820.1,46.97584,4.740000000048894,7.749383999999999
179,14,30,-466817.1,48.11253,7.740000000048894,8.886074
179,15,45,-466819.25,45.536083,5.590000000025611,6.309626999999999
179,16,60,-466820.88,43.977768,3.9600000000209543,4.751311999999999
179,17,75,-466824.47,40.995693,0.370000000053551,1.769237000000004
179,18,90,-466824.5,40.925106,0.3400000000256113,1.6986500000000007
179,19,105,-466823.38,42.087337,1.4600000000209548,2.860880999999999
179,20,120,-466820.84,44.734856,4,5.508400000000002
179,21,135,-466820.72,44.89136,4.120000000053551,5.664904
179,22,150,-466821.7,44.020096,3.14000000001397,4.7936400000000035
179,23,165,-466822.38,43.52868,2.4600000000209548,4.3022240000000025
179,24,180,-466823,43.313877,1.8400000000256116,4.087420999999999
180,1,-165,-370267.88,-147.25574,2.5200000000186265,5.293929999999989
180,2,-150,-370269.4,-149.34721,1,3.202460000000002
180,3,-135,-370270.2,-151.5552,0.2000000000116415,0.9944699999999784
180,4,-120,-370270.4,-152.54126,0,0.008409999999997808
180,5,-105,-370270.38,-152.03194,0.0200000000186264,0.5177300000000002
180,6,-90,-370270.22,-149.75238,0.1800000000512227,2.797290000000004
180,7,-75,-370270.34,-151.92688,0.0599999999976716,0.6227899999999806
180,8,-60,-370270.4,-152.54967,0,0
180,9,-45,-370270.25,-151.78773,0.150000000023283,0.7619399999999814
180,10,-30,-370269.66,-149.74559,0.7400000000488944,2.804079999999999
180,11,-15,-370268.44,-147.53421,1.9600000000209548,5.01545999999999
180,12,0,-370266.5,-145.57893,3.900000000023283,6.970739999999978
180,13,15,-370268.44,-147.53859,1.9600000000209548,5.011079999999993
180,14,30,-370269.66,-149.74443,0.7400000000488944,2.8052399999999977
180,15,45,-370270.25,-151.78502,0.150000000023283,0.764649999999989
180,16,60,-370270.4,-152.5457,0,0.003969999999981155
180,17,75,-370270.34,-151.92722,0.0599999999976716,0.6224499999999864
180,18,90,-370270.22,-149.74948,0.1800000000512227,2.8001899999999864
180,19,105,-370270.38,-152.03246,0.0200000000186264,0.5172100000000057
180,20,120,-370270.4,-152.54182,0,0.007849999999990587
180,21,135,-370270.2,-151.55478,0.2000000000116415,0.994889999999998
180,22,150,-370269.4,-149.34969,1,3.1999799999999823
180,23,165,-370267.88,-147.26,2.5200000000186265,5.289670000000001
180,24,180,-370265.62,-145.56752,4.78000000002794,6.98214999999999
181,1,-165,-469088.2,36.802143,0,0
181,2,-150,-469087.8,38.58802,0.400000000023283,1.7858769999999993
181,3,-135,-469086.4,42.061478,1.7999999999883585,5.259335
181,4,-120,-469084.28,46.756496,3.919999999983702,9.954352999999998
181,5,-105,-469081.97,51.872505,6.230000000039581,15.070361999999996
181,6,-90,-469080.75,54.98364,7.4500000000116415,18.181497
181,7,-75,-469081.53,52.207195,6.669999999983702,15.405051999999998
181,8,-60,-469083.25,47.75942,4.9500000000116415,10.957276999999998
181,9,-45,-469085,43.405663,3.200000000011641,6.603519999999996
181,10,-30,-469086.16,40.048515,2.040000000037253,3.246372000000001
181,11,-15,-469086.22,38.302418,1.9800000000395808,1.500275000000002
181,12,0,-469085.12,38.61726,3.080000000016298,1.8151170000000008
181,13,15,-469086.22,31.799532,0.75,3.326903999999999
181,14,30,-469086.16,40.053783,2.040000000037253,3.251640000000002
181,15,45,-469085,43.406063,3.200000000011641,6.603920000000002
181,16,60,-469083.25,47.757233,4.9500000000116415,10.955089999999998
181,17,75,-469081.53,52.28246,6.669999999983702,15.480317
181,18,90,-469080.75,54.983513,7.4500000000116415,18.18137
181,19,105,-469081.97,51.88655,6.230000000039581,15.084406999999999
181,20,120,-469084.28,46.73994,3.919999999983702,9.937796999999996
181,21,135,-469086.4,42.048428,1.7999999999883585,5.246285
181,22,150,-469087.8,38.58859,0.400000000023283,1.7864470000000026
181,23,165,-469088.2,36.803097,0,0.0009540000000001214
181,24,180,-469087.5,36.900265,0.7000000000116415,0.09812199999999649
182,1,-165,-434217.47,-4.52706,3.370000000053551,9.890421
182,2,-150,-434220.1,-9.978324,0.7400000000488944,4.439157
182,3,-135,-434220.84,-13.255065,0,1.1624160000000003
182,4,-120,-434220.5,-13.752661,0.3400000000256113,0.6648200000000006
182,5,-105,-434220.28,-12.353168,0.5599999999976717,2.0643130000000003
182,6,-90,-434220.75,-13.089434,0.0900000000256113,1.3280469999999998
182,7,-75,-434220.8,-13.27229,0.0400000000372529,1.1451910000000005
182,8,-60,-434220.06,-12.562414,0.7800000000279397,1.855067
182,9,-45,-434218.47,-9.539716,2.370000000053551,4.877765
182,10,-30,-434216.2,-3.615881,4.64000000001397,10.8016
182,11,-15,-434213.2,3.5989137,7.64000000001397,18.0163947
182,12,0,-434212.94,3.5590715,7.900000000023283,17.9765525
182,13,15,-434216.8,-3.6067965,4.040000000037253,10.8106845
182,14,30,-434219.1,-9.04249,1.7400000000488944,5.374991
182,15,45,-434219.94,-12.903319,0.9000000000232831,1.5141620000000007
182,16,60,-434219.84,-14.07468,1,0.3428009999999997
182,17,75,-434219.8,-14.417481,1.040000000037253,0
182,18,90,-434219.84,-13.896432,1,0.5210489999999997
182,19,105,-434219.94,-13.430618,0.9000000000232831,0.9868629999999996
182,20,120,-434219.7,-12.639896,1.1400000000139698,1.7775850000000002
182,21,135,-434218.62,-10.031946,2.220000000030268,4.385535000000001
182,22,150,-434216.62,-3.987967,4.220000000030268,10.429514000000001
182,23,165,-434213.9,3.3849585,6.940000000002328,17.802439500000002
182,24,180,-434213.4,3.1534798,7.440000000002328,17.5709608
183,1,-165,-440696.7,69.52391,0.5199999999604188,0.4021800000000013
183,2,-150,-440695.34,70.56548,1.879999999946449,1.4437499999999943
183,3,-135,-440693.97,73.28638,3.25,4.164649999999995
183,4,-120,-440693.16,77.102425,4.059999999997672,7.980694999999997
183,5,-105,-440694.06,73.63851,3.1599999999743886,4.516779999999997
183,6,-90,-440695.44,70.84137,1.779999999969732,1.7196399999999983
183,7,-75,-440696.72,69.35989,0.5,0.2381599999999935
183,8,-60,-440697.22,69.12947,0,0.007739999999998304
183,9,-45,-440696.7,69.588295,0.5199999999604188,0.4665650000000028
183,10,-30,-440695.34,70.634735,1.879999999946449,1.5130050000000068
183,11,-15,-440693.97,73.51977,3.25,4.398039999999995
183,12,0,-440693.1,77.683945,4.119999999995343,8.562214999999995
183,13,15,-440693.94,74.03635,3.279999999969732,4.914619999999999
183,14,30,-440695.34,71.08194,1.879999999946449,1.9602100000000036
183,15,45,-440696.72,69.498085,0.5,0.37635500000000377
183,16,60,-440697.22,69.1241,0,0.002369999999999095
183,17,75,-440696.7,69.48372,0.5199999999604188,0.3619900000000058
183,18,90,-440695.4,70.468735,1.8199999999487773,1.3470049999999958
183,19,105,-440694.1,73.13827,3.1199999999953434,4.016540000000006
183,20,120,-440693.22,76.96084,4,7.839110000000005
183,21,135,-440693.94,73.8817,3.279999999969732,4.759969999999996
183,22,150,-440695.34,70.887054,1.879999999946449,1.7653240000000068
183,23,165,-440696.7,69.39723,0.5199999999604188,0.27549999999999386
183,24,180,-440697.22,69.12173,0,0
184,1,-165,-319967.06,16.246878,2.9099999999743886,3.0410329999999988
184,2,-150,-319965.28,18.208149,4.689999999944121,5.002303999999999
184,3,-135,-319963.9,19.412903,6.069999999948777,6.207058
184,4,-120,-319964.06,18.696688,5.909999999974389,5.490843000000002
184,5,-105,-319965.47,17.023176,4.5,3.8173309999999994
184,6,-90,-319966.66,16.283092,3.309999999997672,3.077247
184,7,-75,-319966.75,17.383833,3.2199999999720603,4.177987999999999
184,8,-60,-319967.22,15.966604,2.75,2.760759
184,9,-45,-319966.66,16.453842,3.309999999997672,3.2479970000000016
184,10,-30,-319964.97,18.337828,5,5.131982999999998
184,11,-15,-319963.66,19.825718,6.309999999997672,6.619872999999998
184,12,0,-319963.84,19.44569,6.129999999946449,6.239844999999999
184,13,15,-319965.44,17.708683,4.529999999969732,4.502838000000001
184,14,30,-319967.6,15.443302,2.3699999999953434,2.237456999999999
184,15,45,-319969.3,13.663012,0.6699999999837019,0.4571670000000001
184,16,60,-319969.97,13.205845,0,0
184,17,75,-319969.78,13.690316,0.1899999999441206,0.4844709999999992
184,18,90,-319969.1,14.468318,0.8699999999953434,1.262473
184,19,105,-319968.28,15.208345,1.6899999999441206,2.0024999999999995
184,20,120,-319968.06,15.231461,1.9099999999743889,2.0256159999999994
184,21,135,-319968.22,14.932866,1.75,1.7270210000000006
184,22,150,-319967.9,15.893032,2.0699999999487773,2.6871869999999998
184,23,165,-319968.03,15.178443,1.9399999999441209,1.9725979999999996
184,24,180,-319968.1,15.06681,1.8699999999953436,1.8609650000000002
185,1,-165,-501458.1,18.009752,0.2800000000279397,0.6167119999999997
185,2,-150,-501457.03,19.236525,1.349999999976717,1.8434850000000012
185,3,-135,-501455.44,21.101864,2.9400000000023283,3.708824
185,4,-120,-501453.56,23.192125,4.820000000006985,5.799085000000002
185,5,-105,-501452,25.102722,6.380000000004657,7.709682000000001
185,6,-90,-501451.4,25.891848,6.9799999999813735,8.498808
185,7,-75,-501452.16,24.879684,6.220000000030268,7.486644000000002
185,8,-60,-501453.78,22.927551,4.599999999976717,5.534511000000002
185,9,-45,-501455.53,20.87748,2.849999999976717,3.4844399999999993
185,10,-30,-501456.9,19.077747,1.4799999999813735,1.6847069999999995
185,11,-15,-501457.66,17.849127,0.720000000030268,0.45608700000000013
185,12,0,-501457.88,17.39304,0.5,0
185,13,15,-501457.66,17.849363,0.720000000030268,0.45632300000000114
185,14,30,-501456.9,19.07384,1.4799999999813735,1.6808000000000014
185,15,45,-501455.53,20.866138,2.849999999976717,3.4730980000000002
185,16,60,-501453.78,22.93701,4.599999999976717,5.543970000000002
185,17,75,-501452.16,24.884314,6.220000000030268,7.491274000000001
185,18,90,-501451.4,25.8892,6.9799999999813735,8.49616
185,19,105,-501452.03,25.108936,6.349999999976717,7.715896000000001
185,20,120,-501453.56,23.19016,4.820000000006985,5.79712
185,21,135,-501455.44,21.111273,2.9400000000023283,3.7182330000000015
185,22,150,-501457.03,19.23801,1.349999999976717,1.84497
185,23,165,-501458.1,18.01221,0.2800000000279397,0.6191700000000004
185,24,180,-501458.38,17.48019,0,0.08715000000000117
186,1,-165,-321660.38,1.9204577,3.320000000006985,3.7066158
186,2,-150,-321660.94,1.5976949,2.760000000009313,3.383853
186,3,-135,-321661.47,0.9819114,2.230000000039581,2.7680695
186,4,-120,-321662.12,0.6093764,1.580000000016298,2.3955345
186,5,-105,-321662.88,0.153583,0.8200000000069849,1.9397411
186,6,-90,-321663.44,-0.43949956,0.2600000000093132,1.34665854
186,7,-75,-321663.7,-0.8312856,0,0.9548725
186,8,-60,-321663.66,-1.0899216,0.0400000000372529,0.6962364999999999
186,9,-45,-321663.4,-1.338701,0.2999999999883584,0.44745710000000005
186,10,-30,-321663,-1.5773959,0.7000000000116415,0.2087622
186,11,-15,-321662.6,-1.7393261,1.1000000000349246,0.046831999999999985
186,12,0,-321662.44,-1.7861581,1.2600000000093132,0
186,13,15,-321662.6,-1.7385873,1.1000000000349246,0.04757079999999991
186,14,30,-321663,-1.57866,0.7000000000116415,0.20749810000000002
186,15,45,-321663.4,-1.3371598,0.2999999999883584,0.44899829999999996
186,16,60,-321663.66,-1.0899571,0.0400000000372529,0.6962010000000001
186,17,75,-321663.7,-0.83217674,0,0.95398136
186,18,90,-321663.44,-0.44176427,0.2600000000093132,1.34439383
186,19,105,-321662.88,0.16059916,0.8200000000069849,1.94675726
186,20,120,-321662.12,0.6071176,1.580000000016298,2.3932757000000002
186,21,135,-321661.47,0.9726037,2.230000000039581,2.7587618
186,22,150,-321660.94,1.5610733,2.760000000009313,3.3472314
186,23,165,-321660.38,1.8997447,3.320000000006985,3.6859028
186,24,180,-321660.06,1.9193819,3.64000000001397,3.70554
187,1,-165,-358362.12,-76.25577,4.099999999976717,4.830015000000003
187,2,-150,-358365.97,-79.07278,0.25,2.013005000000007
187,3,-135,-358365.94,-79.96223,0.279999999969732,1.123554999999996
187,4,-120,-358365.88,-81.085785,0.3399999999674037,0
187,5,-105,-358366.22,-80.61809,0,0.4676950000000062
187,6,-90,-358363.25,-79.493286,2.9699999999720603,1.5924990000000037
187,7,-75,-358363.66,-79.41434,2.559999999997672,1.6714450000000056
187,8,-60,-358363.38,-78.44538,2.839999999967404,2.6404050000000012
187,9,-45,-358362.16,-76.99338,4.059999999997672,4.092404999999999
187,10,-30,-358360.25,-77.93121,5.96999999997206,3.1545750000000083
187,11,-15,-358359.12,-77.41902,7.099999999976717,3.666764999999998
187,12,0,-358358.38,-79.73033,7.839999999967404,1.3554550000000063
187,13,15,-358359.12,-77.42646,7.099999999976717,3.6593249999999955
187,14,30,-358360.25,-77.90034,5.96999999997206,3.1854450000000014
187,15,45,-358362.16,-76.95578,4.059999999997672,4.130004999999997
187,16,60,-358363.38,-78.48376,2.839999999967404,2.6020249999999976
187,17,75,-358363.66,-79.36892,2.559999999997672,1.7168649999999985
187,18,90,-358363.25,-79.47292,2.9699999999720603,1.6128649999999993
187,19,105,-358362.75,-79.28581,3.4699999999720603,1.7999750000000034
187,20,120,-358362.62,-78.07231,3.599999999976717,3.0134749999999997
187,21,135,-358362.53,-77.192726,3.6899999999441206,3.893059000000008
187,22,150,-358362.34,-76.66517,3.879999999946449,4.420614999999998
187,23,165,-358362.12,-76.26127,4.099999999976717,4.824515000000005
187,24,180,-358361.75,-75.93709,4.46999999997206,5.148695000000004
188,1,-165,-317141.94,-21.749887,0.4400000000023283,0.2570529999999991
188,2,-150,-317140.7,-20.99497,1.679999999993015,1.0119700000000016
188,3,-135,-317138.8,-19.898554,3.580000000016298,2.1083859999999994
188,4,-120,-317136.78,-18.631754,5.599999999976717,3.3751859999999994
188,5,-105,-317135.1,-17.530624,7.28000000002794,4.476316000000001
188,6,-90,-317134.4,-17.138826,7.979999999981373,4.8681139999999985
188,7,-75,-317135.1,-17.744238,7.28000000002794,4.262702000000001
188,8,-60,-317136.84,-18.916824,5.539999999979045,3.090116000000002
188,9,-45,-317138.94,-20.119331,3.4400000000023283,1.8876090000000012
188,10,-30,-317140.75,-21.122332,1.6300000000046566,0.8846080000000001
188,11,-15,-317141.97,-21.784328,0.4100000000325963,0.2226120000000016
188,12,0,-317142.38,-22.00694,0,0
188,13,15,-317141.97,-21.784328,0.4100000000325963,0.2226120000000016
188,14,30,-317140.75,-21.122335,1.6300000000046566,0.8846050000000005
188,15,45,-317138.94,-20.118914,3.4400000000023283,1.888026
188,16,60,-317136.84,-18.917217,5.539999999979045,3.0897229999999993
188,17,75,-317135.1,-17.743326,7.28000000002794,4.2636140000000005
188,18,90,-317134.4,-17.138823,7.979999999981373,4.868117000000002
188,19,105,-317135.1,-17.530624,7.28000000002794,4.476316000000001
188,20,120,-317136.78,-18.633158,5.599999999976717,3.3737819999999985
188,21,135,-317138.8,-19.898554,3.580000000016298,2.1083859999999994
188,22,150,-317140.7,-21.002375,1.679999999993015,1.0045649999999995
188,23,165,-317141.94,-21.749887,0.4400000000023283,0.2570529999999991
188,24,180,-317142.38,-22.00555,0,0.0013900000000006685
189,1,-165,-630550.8,9.16175,4.799999999930151,1.9110079999999998
189,2,-150,-630551.7,8.909469,3.900000000023283,1.6587269999999998
189,3,-135,-630552.56,8.782024,3.0399999999208376,1.531282
189,4,-120,-630553.75,7.9560256,1.849999999976717,0.7052836000000005
189,5,-105,-630554.75,7.825005,0.8499999999767169,0.5742630000000002
189,6,-90,-630555.1,8.110535,0.5,0.8597930000000007
189,7,-75,-630555.25,8.333411,0.3499999999767169,1.082669
189,8,-60,-630555.4,8.32932,0.1999999999534338,1.0785779999999994
189,9,-45,-630555.56,8.023212,0.0399999999208375,0.7724699999999993
189,10,-30,-630555.6,7.691128,0,0.44038600000000017
189,11,-15,-630555.4,7.419061,0.1999999999534338,0.16831900000000033
189,12,0,-630554.75,7.250742,0.8499999999767169,0
189,13,15,-630555.4,7.419061,0.1999999999534338,0.16831900000000033
189,14,30,-630555.6,7.6911287,0,0.44038670000000035
189,15,45,-630555.56,8.023212,0.0399999999208375,0.7724699999999993
189,16,60,-630555.4,8.329321,0.1999999999534338,1.0785790000000004
189,17,75,-630555.25,8.333413,0.3499999999767169,1.0826710000000004
189,18,90,-630555.1,8.110535,0.5,0.8597930000000007
189,19,105,-630554.75,7.825003,0.8499999999767169,0.5742609999999999
189,20,120,-630553.75,7.9363394,1.849999999976717,0.6855973999999998
189,21,135,-630552.56,8.782025,3.0399999999208376,1.531283000000001
189,22,150,-630551.7,8.909467,3.900000000023283,1.6587249999999996
189,23,165,-630550.8,9.173812,4.799999999930151,1.92307
189,24,180,-630550.3,9.568001,5.299999999930151,2.317259000000001
190,1,-165,-479159.16,-47.223576,9.14000000001397,12.832346999999999
190,2,-150,-479163.22,-54.011673,5.080000000016298,6.044249999999998
190,3,-135,-479166,-57.666344,2.2999999999883585,2.3895789999999977
190,4,-120,-479167.53,-59.454544,0.7699999999604188,0.6013790000000014
190,5,-105,-479168.2,-60.003902,0.0999999999767169,0.052021000000003426
190,6,-90,-479168.3,-60.055923,0,0
190,7,-75,-479168.16,-59.97044,0.1400000000139698,0.08548299999999642
190,8,-60,-479167.44,-59.241142,0.8599999999860302,0.8147809999999964
190,9,-45,-479165.75,-57.164135,2.5499999999883585,2.8917879999999982
190,10,-30,-479162.84,-53.163548,5.459999999962747,6.892375000000001
190,11,-15,-479158.72,-46.33238,9.580000000016298,13.723543
190,12,0,-479154,-36.00004,14.299999999988358,24.055883
190,13,15,-479158.75,-46.315216,9.549999999988358,13.740707
190,14,30,-479162.84,-53.16092,5.459999999962747,6.895003000000003
190,15,45,-479165.75,-57.1466,2.5499999999883585,2.9093230000000005
190,16,60,-479167.44,-59.243015,0.8599999999860302,0.8129080000000002
190,17,75,-479168.16,-59.976433,0.1400000000139698,0.07948999999999984
190,18,90,-479168.3,-60.055923,0,0
190,19,105,-479168.2,-59.997543,0.0999999999767169,0.058379999999999654
190,20,120,-479167.53,-59.45441,0.7699999999604188,0.6015129999999971
190,21,135,-479166,-57.66651,2.2999999999883585,2.3894129999999976
190,22,150,-479163.22,-54.013752,5.080000000016298,6.042171000000003
190,23,165,-479159.16,-47.24915,9.14000000001397,12.806773
190,24,180,-479154.78,-37.71836,13.51999999996042,22.337563000000003
191,1,-165,-316292.6,10.522501,1.1199999999953434,1.2388934999999996
191,2,-150,-316290.47,11.647111,3.25,2.3635035
191,3,-135,-316289.8,11.118341,3.919999999983702,1.8347334999999987
191,4,-120,-316289.88,10.539008,3.839999999967404,1.2554005000000004
191,5,-105,-316289.84,11.207657,3.879999999946449,1.9240494999999989
191,6,-90,-316290.6,11.630469,3.1199999999953434,2.3468614999999993
191,7,-75,-316292.7,10.362528,1.0199999999604188,1.0789204999999988
191,8,-60,-316293.72,9.28793,0,0.004322499999998897
191,9,-45,-316292.47,10.719279,1.25,1.4356714999999998
191,10,-30,-316290.44,11.662462,3.279999999969732,2.378854499999999
191,11,-15,-316289.8,11.120551,3.919999999983702,1.8369435000000003
191,12,0,-316289.88,10.540818,3.839999999967404,1.2572104999999993
191,13,15,-316289.8,11.131222,3.919999999983702,1.8476144999999988
191,14,30,-316290.44,11.662446,3.279999999969732,2.3788384999999987
191,15,45,-316292.47,10.717374,1.25,1.433766499999999
191,16,60,-316293.72,9.28793,0,0.004322499999998897
191,17,75,-316292.7,10.364707,1.0199999999604188,1.0810994999999988
191,18,90,-316290.6,11.630471,3.1199999999953434,2.3468634999999995
191,19,105,-316289.84,11.207656,3.879999999946449,1.9240484999999996
191,20,120,-316289.88,10.538905,3.839999999967404,1.2552974999999993
191,21,135,-316289.8,11.116222,3.919999999983702,1.8326145
191,22,150,-316290.47,11.643892,3.25,2.360284499999999
191,23,165,-316292.6,10.521555,1.1199999999953434,1.2379474999999989
191,24,180,-316293.72,9.2836075,0,0
192,1,-165,-286489.44,-91.84446,5.590000000025611,0.07178000000000395
192,2,-150,-286488.34,-91.35995,6.690000000002328,0.5562900000000042
192,3,-135,-286486.4,-90.24102,8.630000000004657,1.675219999999996
192,4,-120,-286483.7,-87.578285,11.330000000016298,4.337955000000008
192,5,-105,-286480.1,-81.96618,14.930000000051225,9.950060000000008
192,6,-90,-286479.6,-80.90039,15.430000000051225,11.01585
192,7,-75,-286483.12,-82.403,11.910000000032596,9.513239999999996
192,8,-60,-286487.16,-84.02353,7.870000000053551,7.892710000000008
192,9,-45,-286490.62,-86.20289,4.410000000032596,5.7133500000000055
192,10,-30,-286493.12,-87.96296,1.9100000000325963,3.9532800000000066
192,11,-15,-286494.5,-88.558205,0.5300000000279397,3.358035000000001
192,12,0,-286495.03,-89.32483,0,2.591409999999996
192,13,15,-286494.5,-88.59617,0.5300000000279397,3.320070000000001
192,14,30,-286493.1,-87.99621,1.9300000000512227,3.920029999999997
192,15,45,-286490.66,-86.0677,4.370000000053551,5.84854
192,16,60,-286487.16,-84.05581,7.870000000053551,7.860430000000008
192,17,75,-286483.1,-82.53242,11.930000000051225,9.38382
192,18,90,-286479.6,-80.91427,15.430000000051225,11.00197
192,19,105,-286480.1,-81.98358,14.930000000051225,9.932659999999998
192,20,120,-286483.7,-87.225975,11.330000000016298,4.690264999999997
192,21,135,-286486.4,-90.21817,8.630000000004657,1.6980700000000013
192,22,150,-286488.34,-91.364075,6.690000000002328,0.5521650000000022
192,23,165,-286489.44,-91.83818,5.590000000025611,0.07806000000000779
192,24,180,-286489.72,-91.91624,5.310000000055879,0
193,1,-165,-393411.34,25.408932,0.779999999969732,5.125620000000001
193,2,-150,-393412.12,21.209867,0,0.9265550000000005
193,3,-135,-393411.9,20.283312,0.2199999999720603,0
193,4,-120,-393410.88,21.084011,1.2399999999906868,0.8006990000000016
193,5,-105,-393409.72,22.402576,2.400000000023283,2.119264000000001
193,6,-90,-393409.25,23.01329,2.8699999999953434,2.7299780000000027
193,7,-75,-393409.8,22.345974,2.320000000006985,2.0626619999999996
193,8,-60,-393411.06,41.580826,2.320000000006985,0.6878760000000028
193,9,-45,-393412.03,20.403234,0.0899999999674037,0.11992200000000253
193,10,-30,-393412.06,21.508112,0.0599999999976716,1.2248000000000019
193,11,-15,-393411.25,25.810263,0.8699999999953434,5.526951
193,12,0,-393410.5,31.034044,1.6199999999953434,10.750732000000003
193,13,15,-393411.25,25.80095,0.8699999999953434,5.517638000000002
193,14,30,-393412.06,21.508112,0.0599999999976716,1.2248000000000019
193,15,45,-393412.03,20.403238,0.0899999999674037,0.11992600000000309
193,16,60,-393411.06,41.580074,2.320000000006985,0.6871240000000043
193,17,75,-393409.8,22.351974,2.320000000006985,2.068662
193,18,90,-393409.25,23.01329,2.8699999999953434,2.7299780000000027
193,19,105,-393409.72,22.402576,2.400000000023283,2.119264000000001
193,20,120,-393410.88,21.079006,1.2399999999906868,0.795694000000001
193,21,135,-393411.9,20.283314,0.2199999999720603,2.0000000020559128e-06
193,22,150,-393412.12,21.209871,0,0.926559000000001
193,23,165,-393411.34,25.408928,0.779999999969732,5.125616000000001
193,24,180,-393410.5,31.047968,1.6199999999953434,10.764656000000002
194,1,-165,-317116.5,-20.44765,0.2800000000279397,0.049165000000002124
194,2,-150,-317115.66,-20.197086,1.120000000053551,0.2997290000000028
194,3,-135,-317114.28,-19.489645,2.5,1.0071700000000021
194,4,-120,-317112.66,-18.245275,4.120000000053551,2.251540000000002
194,5,-105,-317111.1,-16.561771,5.680000000051223,3.9350440000000013
194,6,-90,-317110.03,-14.901234,6.75,5.595581000000001
194,7,-75,-317109.84,-13.882174,6.940000000002328,6.614641000000002
194,8,-60,-317110.22,-13.281753,6.560000000055879,7.215062000000001
194,9,-45,-317110.53,-12.684811,6.25,7.812004000000002
194,10,-30,-317110.5,-11.967781,6.28000000002794,8.529034000000001
194,11,-15,-317110.12,-11.05329,6.660000000032596,9.443525000000001
194,12,0,-317109.84,-10.428729,6.940000000002328,10.068086000000001
194,13,15,-317110.12,-11.05329,6.660000000032596,9.443525000000001
194,14,30,-317110.5,-11.967781,6.28000000002794,8.529034000000001
194,15,45,-317110.53,-12.684811,6.25,7.812004000000002
194,16,60,-317110.22,-13.281753,6.560000000055879,7.215062000000001
194,17,75,-317109.84,-13.890378,6.940000000002328,6.6064370000000014
194,18,90,-317110.03,-14.901234,6.75,5.595581000000001
194,19,105,-317111.1,-16.561773,5.680000000051223,3.935042000000003
194,20,120,-317112.66,-18.245344,4.120000000053551,2.251471000000002
194,21,135,-317114.28,-19.492052,2.5,1.0047630000000005
194,22,150,-317115.66,-20.197086,1.120000000053551,0.2997290000000028
194,23,165,-317116.5,-20.451056,0.2800000000279397,0.04575900000000033
194,24,180,-317116.78,-20.496815,0,0
195,1,-165,-361330.44,21.628965,2.559999999997672,0.2352550000000022
195,2,-150,-361331.16,21.680107,1.8400000000256116,0.2863970000000009
195,3,-135,-361331.9,21.650856,1.099999999976717,0.2571460000000023
195,4,-120,-361332.6,21.52665,0.400000000023283,0.1329400000000014
195,5,-105,-361332.97,21.429897,0.0300000000279396,0.036187000000001746
195,6,-90,-361333,21.51664,0,0.1229300000000002
195,7,-75,-361332.9,21.39371,0.0999999999767169,0
195,8,-60,-361332.4,21.520395,0.5999999999767169,0.12668500000000193
195,9,-45,-361331.75,21.594975,1.25,0.2012650000000029
195,10,-30,-361331,21.614765,2,0.22105499999999978
195,11,-15,-361330.38,21.596842,2.6199999999953434,0.2031320000000001
195,12,0,-361330.12,21.587687,2.8800000000046566,0.1939770000000003
195,13,15,-361330.38,21.600489,2.6199999999953434,0.20677900000000093
195,14,30,-361331,21.616323,2,0.22261300000000261
195,15,45,-361331.75,21.59945,1.25,0.20574000000000225
195,16,60,-361332.4,21.518824,0.5999999999767169,0.12511399999999995
195,17,75,-361332.9,21.393711,0.0999999999767169,1.0000000010279564e-06
195,18,90,-361333,21.516338,0,0.1226280000000024
195,19,105,-361332.97,21.435524,0.0300000000279396,0.04181400000000224
195,20,120,-361332.6,21.526901,0.400000000023283,0.13319100000000006
195,21,135,-361331.9,21.654177,1.099999999976717,0.260467000000002
195,22,150,-361331.16,21.68834,1.8400000000256116,0.2946300000000015
195,23,165,-361330.44,21.628963,2.559999999997672,0.23525300000000016
195,24,180,-361330.12,21.586143,2.8800000000046566,0.1924330000000012
196,1,-165,-331738.25,0.62889767,0.1300000000046566,1.22885007
196,2,-150,-331738.38,-0.40408194,0,0.19587046000000008
196,3,-135,-331737.94,-0.59989405,0.4400000000023283,5.8350000000095825e-05
196,4,-120,-331736.9,-0.022741962,1.4799999999813735,0.577210438
196,5,-105,-331735.75,0.8305776,2.6300000000046566,1.43053
196,6,-90,-331735.28,1.2806723,3.099999999976717,1.8806247
196,7,-75,-331735.72,0.85071206,2.6600000000325963,1.45066446
196,8,-60,-331736.78,-0.00112324,1.599999999976717,0.5988291600000001
196,9,-45,-331737.8,-18.793486,1,1.0838520000000003
196,10,-30,-331738.38,-0.48008662,0,0.11986578000000003
196,11,-15,-331738.25,0.51225215,0.1300000000046566,1.11220455
196,12,0,-331738,1.4584578,0.3800000000046566,2.0584102
196,13,15,-331738.25,0.51195675,0.1300000000046566,1.11190915
196,14,30,-331738.38,-0.47980583,0,0.12014657000000006
196,15,45,-331737.8,-18.791162,1,1.0861760000000018
196,16,60,-331736.78,-0.002757044,1.599999999976717,0.5971953560000001
196,17,75,-331735.72,0.84997904,2.6600000000325963,1.44993144
196,18,90,-331735.28,1.2807088,3.099999999976717,1.8806612
196,19,105,-331735.75,0.830574,2.6300000000046566,1.4305264000000002
196,20,120,-331736.9,-0.02274561,1.4799999999813735,0.5772067900000001
196,21,135,-331737.94,-0.5999524,0.4400000000023283,0
196,22,150,-331738.38,-0.40439558,0,0.19555682000000008
196,23,165,-331738.25,0.63217986,0.1300000000046566,1.2321322600000002
196,24,180,-331738,1.4590194,0.3800000000046566,2.0589718
197,1,-165,-286491.75,-101.80582,0.8699999999953434,3.6752500000000055
197,2,-150,-286492.28,-102.62916,0.3399999999674037,2.8519100000000037
197,3,-135,-286492.62,-103.626305,0,1.8547650000000004
197,4,-120,-286492.6,-104.498024,0.0200000000186264,0.9830460000000016
197,5,-105,-286492.12,-105.124596,0.5,0.35647400000000573
197,6,-90,-286491.3,-105.48107,1.320000000006985,0
197,7,-75,-286490.94,-104.08946,1.679999999993015,1.39161
197,8,-60,-286492.1,-104.4556,0.5200000000186265,1.0254699999999985
197,9,-45,-286492.62,-104.24926,0,1.2318099999999959
197,10,-30,-286492.53,-103.36407,0.0899999999674037,2.1170000000000044
197,11,-15,-286492.06,-102.30267,0.5599999999976717,3.1783999999999963
197,12,0,-286491.5,-101.48311,1.1199999999953434,3.997960000000006
197,13,15,-286492.06,-102.30181,0.5599999999976717,3.1792599999999993
197,14,30,-286492.53,-103.3692,0.0899999999674037,2.111869999999996
197,15,45,-286492.62,-104.24714,0,1.2339300000000009
197,16,60,-286492.1,-104.4624,0.5200000000186265,1.0186700000000002
197,17,75,-286490.94,-104.16252,1.679999999993015,1.3185500000000019
197,18,90,-286491.3,-105.48078,1.320000000006985,0.00029000000000678483
197,19,105,-286492.12,-105.121574,0.5,0.35949600000000714
197,20,120,-286492.6,-104.50053,0.0200000000186264,0.9805400000000049
197,21,135,-286492.62,-103.626305,0,1.8547650000000004
197,22,150,-286492.28,-102.631966,0.3399999999674037,2.849103999999997
197,23,165,-286491.75,-101.80723,0.8699999999953434,3.6738399999999984
197,24,180,-286491.5,-101.48596,1.1199999999953434,3.995109999999997
198,1,-165,-510743.7,32.374893,0.3599999999860301,1.7521400000000007
198,2,-150,-510742.62,37.30925,1.4400000000023283,6.686496999999999
198,3,-135,-510741.2,44.654533,2.85999999998603,14.031780000000001
198,4,-120,-510739.66,52.834354,4.400000000023283,22.211600999999998
198,5,-105,-510738.44,60.256004,5.619999999995343,29.633250999999998
198,6,-90,-510737.97,63.517273,6.090000000025611,32.89452
198,7,-75,-510738.28,60.65842,5.779999999969732,30.035667
198,8,-60,-510739.03,54.116848,5.029999999969732,23.494094999999998
198,9,-45,-510739.78,46.596066,4.279999999969732,15.973313000000001
198,10,-30,-510740.22,39.64224,3.8400000000256114,9.019487000000002
198,11,-15,-510740.44,35.02142,3.619999999995344,4.398667
198,12,0,-510740.47,33.279125,3.590000000025612,2.656372000000001
198,13,15,-510740.44,35.02142,3.619999999995344,4.398667
198,14,30,-510740.22,39.64224,3.8400000000256114,9.019487000000002
198,15,45,-510739.78,46.587383,4.279999999969732,15.964630000000003
198,16,60,-510739.03,54.124252,5.029999999969732,23.501499
198,17,75,-510738.28,60.662712,5.779999999969732,30.039959
198,18,90,-510737.97,63.517273,6.090000000025611,32.89452
198,19,105,-510738.44,60.25385,5.619999999995343,29.631097
198,20,120,-510739.66,52.836914,4.400000000023283,22.214161
198,21,135,-510741.2,44.703,2.85999999998603,14.080247000000004
198,22,150,-510742.62,37.308277,1.4400000000023283,6.685523999999997
198,23,165,-510743.7,32.37489,0.3599999999860301,1.7521370000000012
198,24,180,-510744.06,30.622753,0,0
199,1,-165,-397218.94,2.4321008,0,0.35260610000000003
199,2,-150,-397218.78,2.0794947,0.1599999999743886,0
199,3,-135,-397217.88,2.6647992,1.0599999999976717,0.5853044999999999
199,4,-120,-397216.34,3.9203882,2.599999999976717,1.8408935
199,5,-105,-397214.8,5.191296,4.14000000001397,3.1118013
199,6,-90,-397214.16,5.743445,4.78000000002794,3.6639503
199,7,-75,-397214.8,5.1836944,4.14000000001397,3.1041997
199,8,-60,-397216.3,3.9080966,2.64000000001397,1.8286018999999998
199,9,-45,-397217.84,2.6659172,1.099999999976717,0.5864224999999998
199,10,-30,-397218.78,2.0809078,0.1599999999743886,0.001413099999999723
199,11,-15,-397218.94,2.4094975,0,0.33000279999999993
199,12,0,-397218.8,2.9471574,0.1400000000139698,0.8676626999999999
199,13,15,-397218.94,2.4094992,0,0.3300044999999998
199,14,30,-397218.78,2.0809097,0.1599999999743886,0.001414999999999722
199,15,45,-397217.84,2.6659172,1.099999999976717,0.5864224999999998
199,16,60,-397216.3,3.9150403,2.64000000001397,1.8355455999999997
199,17,75,-397214.8,5.183696,4.14000000001397,3.1042013
199,18,90,-397214.16,5.742535,4.78000000002794,3.6630403
199,19,105,-397214.8,5.191296,4.14000000001397,3.1118013
199,20,120,-397216.34,3.9203901,2.599999999976717,1.8408954
199,21,135,-397217.88,2.6647992,1.0599999999976717,0.5853044999999999
199,22,150,-397218.78,2.0794947,0.1599999999743886,0
199,23,165,-397218.94,2.4321027,0,0.35260800000000003
199,24,180,-397218.8,2.951003,0.1400000000139698,0.8715082999999999
200,1,-165,-286944.1,22.20639,0.0599999999976716,0.006537999999999045
200,2,-150,-286943.7,22.21812,0.4599999999627471,0.018267999999999063
200,3,-135,-286942.78,22.758371,1.379999999946449,0.5585190000000004
200,4,-120,-286941.44,23.643106,2.7199999999720603,1.4432539999999996
200,5,-105,-286940.2,24.474712,3.959999999962747,2.2748600000000003
200,6,-90,-286939.7,24.691418,4.459999999962747,2.491565999999999
200,7,-75,-286940.22,24.226133,3.940000000002328,2.026281000000001
200,8,-60,-286941.47,23.419243,2.6900000000023283,1.2193910000000017
200,9,-45,-286942.78,22.663963,1.379999999946449,0.46411099999999905
200,10,-30,-286943.7,22.206802,0.4599999999627471,0.00694999999999979
200,11,-15,-286944.1,22.199852,0.0599999999976716,0
200,12,0,-286944.16,22.319036,0,0.11918400000000062
200,13,15,-286944.1,22.199852,0.0599999999976716,0
200,14,30,-286943.7,22.206806,0.4599999999627471,0.006954000000000349
200,15,45,-286942.78,22.663347,1.379999999946449,0.46349500000000177
200,16,60,-286941.47,23.419243,2.6900000000023283,1.2193910000000017
200,17,75,-286940.22,24.226227,3.940000000002328,2.0263750000000016
200,18,90,-286939.7,24.691381,4.459999999962747,2.491529
200,19,105,-286940.2,24.456858,3.959999999962747,2.2570060000000005
200,20,120,-286941.44,23.63861,2.7199999999720603,1.438758
200,21,135,-286942.78,22.758371,1.379999999946449,0.5585190000000004
200,22,150,-286943.7,22.21812,0.4599999999627471,0.018267999999999063
200,23,165,-286944.1,22.20639,0.0599999999976716,0.006537999999999045
200,24,180,-286944.16,22.327652,0,0.12780000000000058
201,1,-165,-309464.6,15.268374,0.3000000000465661,0.21471599999999924
201,2,-150,-309463.7,15.959486,1.2000000000116415,0.9058279999999996
201,3,-135,-309462.25,17.104355,2.650000000023283,2.0506970000000013
201,4,-120,-309460.44,18.542534,4.460000000020955,3.4888759999999994
201,5,-105,-309458.75,19.892626,6.150000000023283,4.8389679999999995
201,6,-90,-309458.03,20.505384,6.869999999995343,5.451725999999999
201,7,-75,-309458.75,19.942385,6.150000000023283,4.888727000000001
201,8,-60,-309460.38,18.590548,4.5200000000186265,3.536889999999998
201,9,-45,-309462.2,17.124304,2.700000000011641,2.070645999999998
201,10,-30,-309463.66,15.960272,1.2400000000488944,0.9066139999999994
201,11,-15,-309464.6,15.271417,0.3000000000465661,0.21775899999999915
201,12,0,-309464.9,15.055288,0,0.001629999999998688
201,13,15,-309464.6,-32.976116,6.960000000020955,3.9878440000000026
201,14,30,-309463.66,15.960272,1.2400000000488944,0.9066139999999994
201,15,45,-309462.2,17.125687,2.700000000011641,2.072028999999999
201,16,60,-309460.38,18.590504,4.5200000000186265,3.536845999999999
201,17,75,-309458.75,19.944996,6.150000000023283,4.891337999999999
201,18,90,-309458.03,20.516113,6.869999999995343,5.462455
201,19,105,-309458.75,19.892626,6.150000000023283,4.8389679999999995
201,20,120,-309460.44,18.54253,4.460000000020955,3.488871999999999
201,21,135,-309462.25,17.104353,2.650000000023283,2.0506949999999993
201,22,150,-309463.7,15.959482,1.2000000000116415,0.9058239999999991
201,23,165,-309464.6,-32.97612,6.960000000020955,3.9878399999999985
201,24,180,-309464.9,15.053658,0,0
202,1,-165,-330987,-52.390114,0.0999999999767169,0.15665800000000019
202,2,-150,-330987.1,-52.025185,0,0.5215869999999967
202,3,-135,-330986.88,-51.528366,0.2199999999720603,1.0184059999999988
202,4,-120,-330986.22,-50.962265,0.8800000000046566,1.584506999999995
202,5,-105,-330985.5,-50.458675,1.599999999976717,2.0880969999999976
202,6,-90,-330985.2,-50.23731,1.8999999999650756,2.3094619999999964
202,7,-75,-330985.5,-50.456013,1.599999999976717,2.0907589999999985
202,8,-60,-330986.22,-50.953945,0.8800000000046566,1.5928269999999998
202,9,-45,-330986.88,-51.522705,0.2199999999720603,1.0240669999999952
202,10,-30,-330987.1,-52.022247,0,0.524524999999997
202,11,-15,-330987,-52.385826,0.0999999999767169,0.1609459999999956
202,12,0,-330986.94,-52.546772,0.1599999999743886,0
202,13,15,-330987,-52.385826,0.0999999999767169,0.1609459999999956
202,14,30,-330987.1,-52.022247,0,0.524524999999997
202,15,45,-330986.88,-51.522705,0.2199999999720603,1.0240669999999952
202,16,60,-330986.22,-50.95393,0.8800000000046566,1.5928419999999974
202,17,75,-330985.5,-50.456005,1.599999999976717,2.0907669999999996
202,18,90,-330985.2,-50.23723,1.8999999999650756,2.3095420000000004
202,19,105,-330985.5,-50.458675,1.599999999976717,2.0880969999999976
202,20,120,-330986.22,-50.962143,0.8800000000046566,1.5846289999999996
202,21,135,-330986.88,-51.528366,0.2199999999720603,1.0184059999999988
202,22,150,-330987.1,-52.025303,0,0.5214689999999962
202,23,165,-330987,-52.388344,0.0999999999767169,0.15842800000000068
202,24,180,-330986.94,-52.546772,0.1599999999743886,0
203,1,-165,-432985.62,-13.340109,14.130000000004657,13.628151
203,2,-150,-432986.66,-18.54481,13.090000000025611,8.423450000000003
203,3,-135,-432989.6,-21.291277,10.150000000023285,5.676983
203,4,-120,-432992.1,-22.668795,7.650000000023283,4.299465000000001
203,5,-105,-432993.8,-23.110437,5.9500000000116415,3.857823
203,6,-90,-432993.38,-20.497583,6.369999999995343,6.470677000000002
203,7,-75,-432994.25,-19.904465,5.5,7.0637950000000025
203,8,-60,-432995.34,-19.53488,4.409999999974389,7.43338
203,9,-45,-432996.75,-23.06251,3,3.905750000000001
203,10,-30,-432998.4,-25.573761,1.349999999976717,1.3944989999999997
203,11,-15,-432999.06,-25.914915,0.6900000000023283,1.0533450000000002
203,12,0,-432999.75,-26.96826,0,0
203,13,15,-432997.72,-24.32018,2.03000000002794,2.64808
203,14,30,-432994.94,-20.78595,4.809999999997672,6.182310000000001
203,15,45,-432992.06,-16.650217,7.690000000002328,10.318043
203,16,60,-432990.4,-14.613994,9.349999999976715,12.354266
203,17,75,-432992.4,-17.753942,7.349999999976717,9.214318000000002
203,18,90,-432993.72,-20.972553,6.03000000002794,5.9957069999999995
203,19,105,-432994.44,-23.21884,5.309999999997672,3.7494200000000006
203,20,120,-432994.06,-24.486311,5.690000000002328,2.481949
203,21,135,-432992.34,-23.985222,7.409999999974389,2.9830380000000005
203,22,150,-432989.6,-21.515392,10.150000000023285,5.452868000000002
203,23,165,-432986.4,-17.235388,13.349999999976715,9.732872
203,24,180,-432985.5,-11.514479,14.25,15.453781000000001
204,1,-165,-321680.44,15.60303,0.1599999999743886,0.7587349999999997
204,2,-150,-321679.84,14.954358,0.7599999999511056,0.11006299999999847
204,3,-135,-321678.62,14.8443,1.979999999981373,4.999999999810711e-06
204,4,-120,-321676.9,15.492648,3.699999999953434,0.6483530000000002
204,5,-105,-321675,16.545866,5.599999999976717,1.7015709999999995
204,6,-90,-321673.53,17.584713,7.069999999948777,2.740418
204,7,-75,-321673.16,18.427557,7.440000000002328,3.5832619999999995
204,8,-60,-321673.47,19.532887,7.130000000004657,4.688591999999998
204,9,-45,-321673.66,21.03056,6.940000000002328,6.186265000000001
204,10,-30,-321673.22,23.178152,7.380000000004657,8.333857
204,11,-15,-321672.06,26.45349,8.539999999979045,11.609194999999998
204,12,0,-321671.16,29.828962,9.440000000002328,14.984667
204,13,15,-321672.06,26.45349,8.539999999979045,11.609194999999998
204,14,30,-321673.22,23.178152,7.380000000004657,8.333857
204,15,45,-321673.66,21.03056,6.940000000002328,6.186265000000001
204,16,60,-321673.47,19.530867,7.130000000004657,4.686572
204,17,75,-321673.16,18.42924,7.440000000002328,3.5849449999999994
204,18,90,-321673.53,17.576668,7.069999999948777,2.732373000000001
204,19,105,-321675,16.552856,5.599999999976717,1.7085609999999978
204,20,120,-321676.9,15.492864,3.699999999953434,0.6485690000000002
204,21,135,-321678.62,14.844295,1.979999999981373,0
204,22,150,-321679.84,14.956492,0.7599999999511056,0.1121970000000001
204,23,165,-321680.44,15.606637,0.1599999999743886,0.7623419999999985
204,24,180,-321680.6,16.006804,0,1.1625089999999982
205,1,-165,-487630.12,-40.150963,0,4.750197
205,2,-150,-487629.8,-37.264095,0.3200000000069849,7.637065
205,3,-135,-487628.94,-32.687813,1.179999999993015,12.213346999999999
205,4,-120,-487627.75,-27.728098,2.3699999999953434,17.173061999999998
205,5,-105,-487626.72,-23.536293,3.400000000023283,21.364866999999997
205,6,-90,-487626.22,-22.60656,3.900000000023283,22.294599999999996
205,7,-75,-487626.53,-24.914759,3.589999999967404,19.986400999999997
205,8,-60,-487627.5,-30.04724,2.6199999999953434,14.853919999999999
205,9,-45,-487628.72,-35.816704,1.400000000023283,9.084455999999996
205,10,-30,-487629.53,-40.384777,0.5899999999674037,4.516382999999998
205,11,-15,-487629.84,-43.664284,0.279999999969732,1.2368759999999952
205,12,0,-487629.75,-44.90116,0.3699999999953434,0
205,13,15,-487629.84,-43.69268,0.279999999969732,1.2084799999999944
205,14,30,-487629.53,-40.38589,0.5899999999674037,4.515269999999994
205,15,45,-487628.7,-35.64357,1.419999999983702,9.25759
205,16,60,-487627.53,-30.090857,2.589999999967404,14.810302999999998
205,17,75,-487626.53,-24.916107,3.589999999967404,19.985052999999997
205,18,90,-487626.22,-22.568283,3.900000000023283,22.332876999999996
205,19,105,-487626.72,-23.536293,3.400000000023283,21.364866999999997
205,20,120,-487627.75,-27.734503,2.3699999999953434,17.166656999999997
205,21,135,-487628.94,-32.637535,1.179999999993015,12.263624999999998
205,22,150,-487629.8,-37.26573,0.3200000000069849,7.6354299999999995
205,23,165,-487630.12,-40.148663,0,4.752496999999998
205,24,180,-487630,-40.81148,0.1199999999953433,4.089679999999994
206,1,-165,-459901.6,29.592648,3.1000000000349246,0.5370470000000012
206,2,-150,-459903.03,29.320278,1.669999999983702,0.26467699999999894
206,3,-135,-459904.22,29.150219,0.4800000000395812,0.09461800000000054
206,4,-120,-459904.7,29.065502,0,0.009900999999999271
206,5,-105,-459904.3,29.129692,0.400000000023283,0.07409099999999924
206,6,-90,-459903.2,29.346706,1.5,0.2911050000000017
206,7,-75,-459901.78,29.621967,2.919999999983702,0.5663660000000021
206,8,-60,-459900.88,29.680128,3.820000000006985,0.6245270000000005
206,9,-45,-459901.5,29.502247,3.200000000011641,0.4466460000000012
206,10,-30,-459903,29.261625,1.7000000000116415,0.20602399999999932
206,11,-15,-459904.25,29.111607,0.4500000000116415,0.056006
206,12,0,-459904.7,29.055601,0,0
206,13,15,-459904.25,29.111607,0.4500000000116415,0.056006
206,14,30,-459903,29.261627,1.7000000000116415,0.20602600000000137
206,15,45,-459901.5,29.502235,3.200000000011641,0.44663399999999953
206,16,60,-459900.88,29.680128,3.820000000006985,0.6245270000000005
206,17,75,-459901.78,29.621971,2.919999999983702,0.5663699999999992
206,18,90,-459903.2,29.346706,1.5,0.2911050000000017
206,19,105,-459904.3,29.129696,0.400000000023283,0.0740949999999998
206,20,120,-459904.7,29.0655,0,0.009899000000000768
206,21,135,-459904.22,29.15022,0.4800000000395812,0.09461900000000156
206,22,150,-459903.03,29.320276,1.669999999983702,0.26467500000000044
206,23,165,-459901.6,29.605356,3.1000000000349246,0.5497550000000011
206,24,180,-459900.88,29.65753,3.820000000006985,0.6019290000000019
207,1,-165,-427540.8,-20.32316,6.5,6.509172999999997
207,2,-150,-427542.4,-22.398268,4.899999999965075,4.434064999999997
207,3,-135,-427543.16,-23.695358,4.14000000001397,3.1369749999999996
207,4,-120,-427543.38,-24.030195,3.919999999983702,2.8021379999999994
207,5,-105,-427543.4,-24.482847,3.8999999999650754,2.349485999999999
207,6,-90,-427543.9,-25.049732,3.3999999999650754,1.7826009999999997
207,7,-75,-427545.06,-26.294024,2.2399999999906868,0.5383089999999982
207,8,-60,-427546.5,-26.831682,0.7999999999883585,0.0006509999999977367
207,9,-45,-427547.3,-26.614277,0,0.21805599999999714
207,10,-30,-427547.22,-25.461527,0.0800000000162981,1.3708059999999982
207,11,-15,-427546.47,-23.409235,0.8300000000162981,3.4230979999999995
207,12,0,-427545.84,-21.77539,1.459999999962747,5.056942999999997
207,13,15,-427546.47,-23.52105,0.8300000000162981,3.3112829999999995
207,14,30,-427547.22,-25.459728,0.0800000000162981,1.372605
207,15,45,-427547.3,-26.616364,0,0.21596899999999764
207,16,60,-427546.5,-26.832333,0.7999999999883585,0
207,17,75,-427545.06,-26.322645,2.2399999999906868,0.509687999999997
207,18,90,-427543.9,-25.053242,3.3999999999650754,1.7790909999999975
207,19,105,-427543.44,-24.4103,3.85999999998603,2.422032999999999
207,20,120,-427543.34,-24.122698,3.959999999962747,2.7096349999999987
207,21,135,-427543.16,-23.576706,4.14000000001397,3.255626999999997
207,22,150,-427542.4,-22.38727,4.899999999965075,4.4450629999999975
207,23,165,-427540.8,-20.306993,6.5,6.52534
207,24,180,-427538.66,-17.178045,8.64000000001397,9.654287999999998
208,1,-165,-501513.16,-86.09295,0.5,1.4028799999999961
208,2,-150,-501513.66,-87.137,0,0.35882999999999754
208,3,-135,-501513.6,-87.49583,0.0599999999976716,0
208,4,-120,-501513.06,-87.17113,0.5999999999767169,0.3246999999999929
208,5,-105,-501512.28,-86.435036,1.379999999946449,1.0607940000000013
208,6,-90,-501511.56,-85.69231,2.099999999976717,1.8035199999999918
208,7,-75,-501511.72,-85.32427,1.9400000000023283,2.1715599999999995
208,8,-60,-501512.47,-85.4658,1.1900000000023283,2.0300299999999964
208,9,-45,-501513.16,-85.28632,0.5,2.2095099999999945
208,10,-30,-501513.28,-84.26155,0.3799999999464489,3.2342799999999983
208,11,-15,-501512.88,-82.54622,0.779999999969732,4.949609999999993
208,12,0,-501512.3,-81.17512,1.3599999999860302,6.320709999999991
208,13,15,-501512.88,-82.558014,0.779999999969732,4.937815999999998
208,14,30,-501513.28,-84.267746,0.3799999999464489,3.2280839999999955
208,15,45,-501513.16,-85.28816,0.5,2.207669999999993
208,16,60,-501512.47,-85.46303,1.1900000000023283,2.0327999999999946
208,17,75,-501511.75,-85.41671,1.9099999999743889,2.079120000000003
208,18,90,-501511.56,-85.69083,2.099999999976717,1.8049999999999926
208,19,105,-501512.28,-86.45888,1.379999999946449,1.0369500000000045
208,20,120,-501513,-87.15612,0.6599999999743886,0.3397099999999966
208,21,135,-501513.6,-87.49541,0.0599999999976716,0.0004199999999912052
208,22,150,-501513.66,-87.13367,0,0.3621600000000029
208,23,165,-501513.16,-86.094666,0.5,1.4011639999999943
208,24,180,-501512.53,-85.20255,1.129999999946449,2.2932799999999958
209,1,-165,-123338.24,12.959015,1.75,3.0604250000000004
209,2,-150,-123339.04,12.301216,0.9500000000116416,2.4026259999999997
209,3,-135,-123339.73,11.478475,0.2600000000093132,1.579884999999999
209,4,-120,-123339.99,10.879,0,0.9804099999999991
209,5,-105,-123339.76,10.68733,0.2300000000104773,0.7887399999999989
209,6,-90,-123339.09,10.778893,0.9000000000087311,0.8803029999999996
209,7,-75,-123338.25,10.859383,1.7400000000052387,0.9607929999999989
209,8,-60,-123337.68,10.810945,2.310000000012224,0.9123549999999998
209,9,-45,-123337.75,10.712907,2.2400000000052387,0.8143169999999991
209,10,-30,-123338.4,10.451067,1.5900000000110597,0.5524769999999997
209,11,-15,-123339.13,10.07441,0.8600000000005821,0.17581999999999987
209,12,0,-123339.43,9.89859,0.5600000000122236,0
209,13,15,-123339.13,10.074411,0.8600000000005821,0.17582099999999912
209,14,30,-123338.4,10.451065,1.5900000000110597,0.5524749999999994
209,15,45,-123337.75,10.712907,2.2400000000052387,0.8143169999999991
209,16,60,-123337.68,10.810945,2.310000000012224,0.9123549999999998
209,17,75,-123338.25,10.859384,1.7400000000052387,0.9607939999999999
209,18,90,-123339.09,10.778893,0.9000000000087311,0.8803029999999996
209,19,105,-123339.76,10.687329,0.2300000000104773,0.7887389999999996
209,20,120,-123339.99,10.879,0,0.9804099999999991
209,21,135,-123339.73,11.478475,0.2600000000093132,1.579884999999999
209,22,150,-123339.04,12.301215,0.9500000000116416,2.4026249999999987
209,23,165,-123338.24,12.959015,1.75,3.0604250000000004
209,24,180,-123337.87,13.186613,2.1200000000098957,3.288022999999999
210,1,-165,-445178.12,28.149977,0.5399999999790452,1.2340449999999983
210,2,-150,-445176.44,30.267603,2.2199999999720603,3.3516709999999996
210,3,-135,-445174.16,32.56784,4.5,5.651907999999995
210,4,-120,-445171.2,34.993507,7.459999999962747,8.077575
210,5,-105,-445168.9,42.575275,9.759999999951106,15.659342999999996
210,6,-90,-445171.56,39.32798,7.099999999976717,12.412047999999995
210,7,-75,-445174.5,35.147537,4.159999999974389,8.231604999999998
210,8,-60,-445176.72,31.494019,1.9400000000023283,4.578087
210,9,-45,-445177.9,28.778393,0.7599999999511056,1.8624609999999997
210,10,-30,-445178.25,27.234407,0.4099999999743886,0.3184749999999994
210,11,-15,-445177.94,26.915932,0.7199999999720603,0
210,12,0,-445177.1,27.918493,1.5599999999976717,1.002561
210,13,15,-445177.94,26.922983,0.7199999999720603,0.007050999999997032
210,14,30,-445178.25,27.235096,0.4099999999743886,0.3191639999999971
210,15,45,-445177.9,28.781181,0.7599999999511056,1.8652489999999986
210,16,60,-445176.72,31.49527,1.9400000000023283,4.579338
210,17,75,-445174.5,35.149784,4.159999999974389,8.233851999999995
210,18,90,-445171.56,39.2948,7.099999999976717,12.378868
210,19,105,-445168.84,42.60367,9.819999999948775,15.687738
210,20,120,-445171.2,35.009438,7.459999999962747,8.093506000000001
210,21,135,-445174.16,32.55858,4.5,5.642647999999998
210,22,150,-445176.38,29.166311,2.279999999969732,2.250378999999999
210,23,165,-445178.12,28.160065,0.5399999999790452,1.244132999999998
210,24,180,-445178.66,28.181679,0,1.2657469999999975
211,1,-165,-393433.38,-82.758156,0.5200000000186265,0.2338840000000033
211,2,-150,-393431.9,-82.072815,2,0.9192249999999973
211,3,-135,-393429.66,-80.83131,4.240000000048894,2.160730000000001
211,4,-120,-393427,-79.082924,6.900000000023283,3.9091159999999974
211,5,-105,-393424.6,-77.149124,9.300000000046566,5.842916000000002
211,6,-90,-393423.47,-76.180664,10.430000000051225,6.81137600000001
211,7,-75,-393424.5,-77.41859,9.400000000023285,5.573450000000008
211,8,-60,-393426.9,-79.33186,7,3.660179999999997
211,9,-45,-393429.66,-80.99441,4.240000000048894,1.997630000000001
211,10,-30,-393431.94,-82.16231,1.9600000000209548,0.8297299999999979
211,11,-15,-393433.4,-82.78254,0.5,0.20950000000000557
211,12,0,-393433.9,-82.99204,0,0
211,13,15,-393433.4,-82.78254,0.5,0.20950000000000557
211,14,30,-393431.94,-82.1623,1.9600000000209548,0.829740000000001
211,15,45,-393429.66,-80.98009,4.240000000048894,2.011949999999999
211,16,60,-393426.9,-79.334335,7,3.657705000000007
211,17,75,-393424.5,-77.40024,9.400000000023285,5.591800000000006
211,18,90,-393423.47,-76.180664,10.430000000051225,6.81137600000001
211,19,105,-393424.6,-77.149124,9.300000000046566,5.842916000000002
211,20,120,-393427,-79.08235,6.900000000023283,3.9096899999999977
211,21,135,-393429.66,-80.82229,4.240000000048894,2.1697500000000076
211,22,150,-393431.9,-82.0738,2,0.9182399999999973
211,23,165,-393433.38,-82.758156,0.5200000000186265,0.2338840000000033
211,24,180,-393433.9,-82.99174,0,0.00030000000000995897
212,1,-165,-354260.7,70.87256,0.2399999999906867,0.1506739999999951
212,2,-150,-354259.97,71.38302,0.970000000030268,0.6611340000000041
212,3,-135,-354258.84,72.28068,2.099999999976717,1.558794000000006
212,4,-120,-354257.56,73.444885,3.3800000000046566,2.7229990000000015
212,5,-105,-354256.56,74.479904,4.380000000004657,3.758018000000007
212,6,-90,-354256.25,74.89636,4.690000000002328,4.174474000000004
212,7,-75,-354256.88,74.56751,4.059999999997672,3.845624000000001
212,8,-60,-354258,73.77787,2.9400000000023283,3.055983999999995
212,9,-45,-354259.16,72.95612,1.7800000000279397,2.2342340000000007
212,10,-30,-354259.94,72.31723,1,1.5953439999999972
212,11,-15,-354260.28,71.94662,0.6599999999743886,1.224733999999998
212,12,0,-354260.38,71.81767,0.5599999999976717,1.095784000000009
212,13,15,-354260.28,71.94662,0.6599999999743886,1.224733999999998
212,14,30,-354259.94,72.314186,1,1.5923000000000087
212,15,45,-354259.16,72.955154,1.7800000000279397,2.2332679999999954
212,16,60,-354258,73.77675,2.9400000000023283,3.054864000000009
212,17,75,-354256.88,74.56507,4.059999999997672,3.843184000000008
212,18,90,-354256.25,74.89865,4.690000000002328,4.176764000000006
212,19,105,-354256.56,74.479904,4.380000000004657,3.758018000000007
212,20,120,-354257.56,73.444885,3.3800000000046566,2.7229990000000015
212,21,135,-354258.84,72.263954,2.099999999976717,1.5420680000000004
212,22,150,-354259.97,71.3754,0.970000000030268,0.6535140000000013
212,23,165,-354260.7,70.87168,0.2399999999906867,0.14979399999999998
212,24,180,-354260.94,70.721886,0,0
213,1,-165,-575341.3,16.70903,0.1999999999534338,0.4291099999999979
213,2,-150,-575341.5,16.27992,0,0
213,3,-135,-575341.2,16.544493,0.3000000000465661,0.2645729999999986
213,4,-120,-575340.4,17.396889,1.099999999976717,1.116969000000001
213,5,-105,-575339.56,18.510122,1.9399999999441209,2.2302019999999985
213,6,-90,-575339.06,19.442781,2.4399999999441206,3.1628609999999995
213,7,-75,-575339.4,20.095566,2.099999999976717,3.815646000000001
213,8,-60,-575340.06,20.290081,1.4399999999441206,4.010161
213,9,-45,-575340.56,20.62575,0.9399999999441206,4.345829999999999
213,10,-30,-575340.4,21.661608,1.099999999976717,5.3816880000000005
213,11,-15,-575339.5,23.074224,2,6.794304
213,12,0,-575338.6,23.551857,2.900000000023283,7.271936999999998
213,13,15,-575339.5,23.074886,2,6.794965999999999
213,14,30,-575340.4,21.658838,1.099999999976717,5.378917999999999
213,15,45,-575340.56,20.627655,0.9399999999441206,4.347735
213,16,60,-575340.06,20.291344,1.4399999999441206,4.011423999999998
213,17,75,-575339.4,20.096748,2.099999999976717,3.816828000000001
213,18,90,-575339.06,19.44264,2.4399999999441206,3.16272
213,19,105,-575339.56,18.506529,1.9399999999441209,2.226609
213,20,120,-575340.4,17.398533,1.099999999976717,1.1186129999999999
213,21,135,-575341.2,16.537262,0.3000000000465661,0.25734199999999774
213,22,150,-575341.5,16.284018,0,0.004097999999999047
213,23,165,-575341.3,16.709198,0.1999999999534338,0.42927800000000005
213,24,180,-575341,17.198534,0.5,0.918613999999998
214,1,-165,-395954.22,6.084901,0.3100000000558793,0.0932000000000004
214,2,-150,-395953.38,6.3312845,1.150000000023283,0.3395834999999998
214,3,-135,-395952.4,6.5900564,2.1300000000046566,0.5983554
214,4,-120,-395952.1,6.5595684,2.4300000000512227,0.5678673999999999
214,5,-105,-395952.3,6.8673306,2.230000000039581,0.8756295999999999
214,6,-90,-395952.3,7.321083,2.230000000039581,1.3293819999999998
214,7,-75,-395951.88,7.4127164,2.650000000023283,1.4210154
214,8,-60,-395950.97,7.7997665,3.56000000005588,1.8080654999999997
214,9,-45,-395950.22,8.995,4.310000000055879,3.0032989999999993
214,10,-30,-395949.56,9.542007,4.970000000030268,3.550306
214,11,-15,-395948.8,10.071808,5.730000000039581,4.080107000000001
214,12,0,-395948.66,12.462218,5.870000000053551,6.470517
214,13,15,-395948.8,10.058775,5.730000000039581,4.067074000000001
214,14,30,-395949.56,9.5420065,4.970000000030268,3.5503054999999994
214,15,45,-395950.22,8.986472,4.310000000055879,2.994770999999999
214,16,60,-395950.97,7.825372,3.56000000005588,1.8336709999999998
214,17,75,-395951.88,7.41272,2.650000000023283,1.4210190000000003
214,18,90,-395952.3,7.321081,2.230000000039581,1.3293800000000005
214,19,105,-395952.3,6.8673267,2.230000000039581,0.8756256999999996
214,20,120,-395952.1,6.5594754,2.4300000000512227,0.5677744000000002
214,21,135,-395952.4,6.5900545,2.1300000000046566,0.5983535
214,22,150,-395953.38,6.3402085,1.150000000023283,0.3485075000000002
214,23,165,-395954.22,6.088289,0.3100000000558793,0.09658799999999967
214,24,180,-395954.53,5.991701,0,0
215,1,-165,-355674.56,-260.0662,0.3200000000069849,1.8292000000000144
215,2,-150,-355673.66,-259.75323,1.220000000030268,2.1421700000000214
215,3,-135,-355672.12,-259.07532,2.760000000009313,2.8200800000000186
215,4,-120,-355669.94,-257.6044,4.940000000002328,4.290999999999997
215,5,-105,-355667.28,-260.11548,7.599999999976717,1.7799200000000042
215,6,-90,-355665.25,-258.14294,9.630000000004657,3.752459999999985
215,7,-75,-355667.1,-257.4546,7.78000000002794,4.440799999999967
215,8,-60,-355669.9,-259.03882,4.9799999999813735,2.856580000000008
215,9,-45,-355672.16,-260.23642,2.720000000030268,1.6589799999999855
215,10,-30,-355673.72,-261.1143,1.1600000000325963,0.7810999999999808
215,11,-15,-355674.6,-261.69226,0.2800000000279397,0.20314000000001897
215,12,0,-355674.88,-261.8954,0,0
215,13,15,-355674.6,-261.69043,0.2800000000279397,0.20497000000000298
215,14,30,-355673.72,-261.1143,1.1600000000325963,0.7810999999999808
215,15,45,-355672.16,-260.23642,2.720000000030268,1.6589799999999855
215,16,60,-355669.9,-259.03223,4.9799999999813735,2.8631699999999682
215,17,75,-355667.1,-257.46494,7.78000000002794,4.430459999999982
215,18,90,-355665.25,-258.14288,9.630000000004657,3.752520000000004
215,19,105,-355667.28,-260.11548,7.599999999976717,1.7799200000000042
215,20,120,-355669.94,-257.6091,4.940000000002328,4.286299999999983
215,21,135,-355672.12,-259.07532,2.760000000009313,2.8200800000000186
215,22,150,-355673.66,-259.75482,1.220000000030268,2.14058
215,23,165,-355674.56,-260.0615,0.3200000000069849,1.8338999999999714
215,24,180,-355674.84,-260.16782,0.0399999999790452,1.727579999999989
216,1,-165,-522211.88,82.91354,5.919999999983702,7.5230299999999914
216,2,-150,-522211.8,82.90518,6,7.514669999999995
216,3,-135,-522211.4,83.08128,6.399999999965075,7.6907700000000006
216,4,-120,-522210.66,83.37037,7.14000000001397,7.979859999999988
216,5,-105,-522210,83.41046,7.7999999999883585,8.019949999999994
216,6,-90,-522210,82.707756,7.7999999999883585,7.317245999999997
216,7,-75,-522211,81.147835,6.799999999988359,5.7573249999999945
216,8,-60,-522212.8,79.29852,5,3.90800999999999
216,9,-45,-522214.75,77.61286,3.0499999999883585,2.2223499999999916
216,10,-30,-522216.38,76.367,1.419999999983702,0.9764899999999983
216,11,-15,-522217.44,75.63483,0.3599999999860301,0.24431999999998766
216,12,0,-522217.8,75.39051,0,0
216,13,15,-522217.44,75.63472,0.3599999999860301,0.24420999999999538
216,14,30,-522216.38,76.367,1.419999999983702,0.9764899999999983
216,15,45,-522214.75,77.61286,3.0499999999883585,2.2223499999999916
216,16,60,-522212.8,79.302345,5,3.9118349999999964
216,17,75,-522211,81.14377,6.799999999988359,5.753259999999997
216,18,90,-522210,82.72876,7.7999999999883585,7.338249999999988
216,19,105,-522210,83.41046,7.7999999999883585,8.019949999999994
216,20,120,-522210.66,83.37037,7.14000000001397,7.979859999999988
216,21,135,-522211.4,83.08128,6.399999999965075,7.6907700000000006
216,22,150,-522211.8,82.90518,6,7.514669999999995
216,23,165,-522211.88,82.91354,5.919999999983702,7.5230299999999914
216,24,180,-522211.84,82.94823,5.959999999962747,7.557719999999989
217,1,-165,-334131.12,20.291998,0.3200000000069849,0.3525179999999999
217,2,-150,-334130.2,21.291546,1.2399999999906868,1.3520660000000007
217,3,-135,-334128.72,22.90287,2.720000000030268,2.9633900000000004
217,4,-120,-334126.94,24.757483,4.5,4.818003000000001
217,5,-105,-334125.28,26.432638,6.159999999974389,6.493158000000001
217,6,-90,-334124.34,27.440907,7.099999999976717,7.501427
217,7,-75,-334124.3,27.702255,7.14000000001397,7.762775000000001
217,8,-60,-334124.94,27.50241,6.5,7.5629300000000015
217,9,-45,-334125.7,27.263908,5.739999999990687,7.324428000000001
217,10,-30,-334126.16,27.20334,5.28000000002794,7.263860000000001
217,11,-15,-334126.25,27.410593,5.190000000002328,7.471112999999999
217,12,0,-334126.22,27.542562,5.220000000030268,7.603082000000001
217,13,15,-334126.25,27.410593,5.190000000002328,7.471112999999999
217,14,30,-334126.16,27.203348,5.28000000002794,7.263867999999999
217,15,45,-334125.7,27.263912,5.739999999990687,7.324432000000002
217,16,60,-334124.94,27.502407,6.5,7.562927000000002
217,17,75,-334124.3,27.70226,7.14000000001397,7.762779999999999
217,18,90,-334124.34,27.441074,7.099999999976717,7.501594000000001
217,19,105,-334125.28,26.453136,6.159999999974389,6.513656000000001
217,20,120,-334126.94,24.779501,4.5,4.840021
217,21,135,-334128.72,22.8989,2.720000000030268,2.9594200000000015
217,22,150,-334130.2,21.293268,1.2399999999906868,1.3537880000000015
217,23,165,-334131.12,20.291998,0.3200000000069849,0.3525179999999999
217,24,180,-334131.44,19.93948,0,0
218,1,-165,-440597.47,67.580284,1.5600000000558794,6.757450000000006
218,2,-150,-440597.22,72.10059,1.8100000000558796,11.277755999999997
218,3,-135,-440596.62,78.559616,2.4100000000325963,17.736782000000005
218,4,-120,-440596,85.81495,3.03000000002794,24.992115999999996
218,5,-105,-440595.75,91.618935,3.28000000002794,30.796100999999993
218,6,-90,-440595.94,92.868225,3.090000000025612,32.045390999999995
218,7,-75,-440596.03,88.780365,3,27.957531000000003
218,8,-60,-440597.28,81.43094,1.75,20.608106000000006
218,9,-45,-440598.25,73.72535,0.7800000000279397,12.902516000000006
218,10,-30,-440598.84,67.04409,0.1900000000023283,6.221255999999997
218,11,-15,-440599.03,62.505497,0,1.682662999999998
218,12,0,-440599,60.822834,0.0300000000279396,0
218,13,15,-440599.03,62.503338,0,1.680503999999999
218,14,30,-440598.84,67.04807,0.1900000000023283,6.225235999999995
218,15,45,-440598.25,73.71015,0.7800000000279397,12.887315999999998
218,16,60,-440597.28,81.44221,1.75,20.619376000000003
218,17,75,-440596.03,88.79482,3,27.971986
218,18,90,-440595.94,92.86608,3.090000000025612,32.043245999999996
218,19,105,-440595.75,91.630974,3.28000000002794,30.808139999999995
218,20,120,-440596,85.84109,3.03000000002794,25.018255999999994
218,21,135,-440596.62,78.5648,2.4100000000325963,17.741966000000005
218,22,150,-440597.22,72.10871,1.8100000000558796,11.285876000000002
218,23,165,-440597.47,67.57902,1.5600000000558794,6.756186
218,24,180,-440597.34,65.737724,1.6900000000023283,4.91489
219,1,-165,-321672.03,-11.030474,1.849999999976717,4.025394
219,2,-150,-321673.28,-13.280856,0.5999999999767169,1.7750120000000003
219,3,-135,-321673.88,-14.667474,0,0.3883939999999999
219,4,-120,-321673.75,-15.055868,0.1300000000046566,0
219,5,-105,-321673.16,-14.820794,0.720000000030268,0.2350740000000009
219,6,-90,-321672.7,-14.639727,1.179999999993015,0.41614099999999965
219,7,-75,-321672.72,-14.66043,1.1600000000325963,0.3954380000000004
219,8,-60,-321673.25,-14.541067,0.6300000000046566,0.5148010000000003
219,9,-45,-321673.8,-13.853035,0.0800000000162981,1.202833
219,10,-30,-321673.8,-12.199885,0.0800000000162981,2.855983
219,11,-15,-321673.03,-9.116489,0.8499999999767169,5.939379000000001
219,12,0,-321672.2,-5.323109,1.679999999993015,9.732759000000001
219,13,15,-321673.03,-9.127904,0.8499999999767169,5.927964000000001
219,14,30,-321673.8,-12.196407,0.0800000000162981,2.8594609999999996
219,15,45,-321673.8,-13.850493,0.0800000000162981,1.205375
219,16,60,-321673.25,-14.541067,0.6300000000046566,0.5148010000000003
219,17,75,-321672.72,-14.660554,1.1600000000325963,0.39531400000000083
219,18,90,-321672.7,-14.64326,1.179999999993015,0.41260800000000053
219,19,105,-321673.16,-14.822968,0.720000000030268,0.23290000000000077
219,20,120,-321673.75,-15.052759,0.1300000000046566,0.0031090000000002505
219,21,135,-321673.88,-14.675957,0,0.3799109999999999
219,22,150,-321673.28,-13.279811,0.5999999999767169,1.7760569999999998
219,23,165,-321672.03,-11.040802,1.849999999976717,4.015066000000001
219,24,180,-321671.25,-9.429074,2.6300000000046566,5.626794
220,1,-165,-355026.88,25.06931,0,3.6521800000000013
220,2,-150,-355026.47,29.22315,0.4100000000325963,7.80602
220,3,-135,-355025.7,35.43824,1.179999999993015,14.02111
220,4,-120,-355024.56,42.95545,2.320000000006985,21.53832
220,5,-105,-355023.3,50.709244,3.580000000016298,29.292113999999998
220,6,-90,-355022.3,56.312923,4.580000000016298,34.895793
220,7,-75,-355022.03,54.92225,4.849999999976717,33.50512
220,8,-60,-355022.38,49.58453,4.5,28.1674
220,9,-45,-355022.34,44.72025,4.539999999979045,23.30312
220,10,-30,-355021.62,41.464043,5.260000000009313,20.046912999999996
220,11,-15,-355020.22,40.250275,6.660000000032596,18.833145000000002
220,12,0,-355018.88,40.679707,8,19.262577
220,13,15,-355020.22,40.251633,6.660000000032596,18.834502999999998
220,14,30,-355021.62,41.47105,5.260000000009313,20.053919999999998
220,15,45,-355022.34,44.720936,4.539999999979045,23.303806
220,16,60,-355022.38,49.58393,4.5,28.166800000000002
220,17,75,-355022.03,54.968506,4.849999999976717,33.551376
220,18,90,-355022.3,56.312466,4.580000000016298,34.895336
220,19,105,-355023.3,50.676167,3.580000000016298,29.259037
220,20,120,-355024.56,42.95245,2.320000000006985,21.53532
220,21,135,-355025.7,35.438976,1.179999999993015,14.021845999999996
220,22,150,-355026.47,29.21805,0.4100000000325963,7.800920000000001
220,23,165,-355026.88,25.069304,0,3.6521739999999987
220,24,180,-355026.44,21.41713,0.4400000000023283,0
221,1,-165,-358192.84,-67.912766,16.959999999962747,9.467733999999993
221,2,-150,-358194.75,-52.302498,6.150000000023283,13.166561999999999
221,3,-135,-358196.1,-53.4736,4.800000000046566,11.995460000000001
221,4,-120,-358198.22,-56.249466,2.6800000000512227,9.219594
221,5,-105,-358197.34,-55.585316,3.559999999997672,9.883744
221,6,-90,-358197.06,-54.70008,3.8400000000256114,10.768979999999999
221,7,-75,-358196.47,-55.815346,4.430000000051223,9.653714
221,8,-60,-358195.44,-54.244186,5.460000000020955,11.224874
221,9,-45,-358195.44,-52.058624,5.460000000020955,13.410435999999997
221,10,-30,-358197.75,-54.911602,3.150000000023283,10.557457999999997
221,11,-15,-358199.78,-58.81597,1.1199999999953434,6.653089999999999
221,12,0,-358200.84,-61.554672,0.0599999999976716,3.9143880000000024
221,13,15,-358200.9,-63.11681,0,2.352249999999998
221,14,30,-358200,-63.978073,0.9000000000232831,1.490986999999997
221,15,45,-358198.6,-65.10904,2.300000000046566,0.3600200000000058
221,16,60,-358197.47,-65.46906,3.4300000000512227,0
221,17,75,-358196.4,-63.3276,4.5,2.141460000000002
221,18,90,-358194.9,-62.097477,6,3.371583000000001
221,19,105,-358194.22,-60.632,6.680000000051223,4.837060000000001
221,20,120,-358193.1,-57.060978,7.800000000046566,8.408082
221,21,135,-358191.53,-53.26038,9.369999999995343,12.208680000000001
221,22,150,-358189.56,-49.53162,11.340000000025611,15.937440000000002
221,23,165,-358187.88,-48.191814,13.020000000018626,17.277245999999998
221,24,180,-358190.16,-47.778076,10.740000000048894,17.690984
222,1,-165,-383475.88,-5.8614645,0.3200000000069849,0.3698378
222,2,-150,-383475.1,-5.045716,1.1000000000349246,1.1855863000000006
222,3,-135,-383474.1,-4.1488047,2.1000000000349246,2.0824976
222,4,-120,-383473.75,-2.736225,2.450000000011641,3.4950773
222,5,-105,-383474.62,-3.5241172,1.580000000016298,2.7071851000000002
222,6,-90,-383475.4,-4.4710374,0.7999999999883585,1.7602649000000001
222,7,-75,-383475.44,-5.5357184,0.7600000000093132,0.6955838999999999
222,8,-60,-383474.9,-5.612847,1.2999999999883585,0.6184552999999999
222,9,-45,-383473.7,-4.555101,2.5,1.6762013000000007
222,10,-30,-383472.06,-2.6641068,4.14000000001397,3.5671955000000004
222,11,-15,-383470.56,-0.7493451,5.64000000001397,5.4819572
222,12,0,-383469.66,0.41650823,6.540000000037253,6.64781053
222,13,15,-383470.56,-0.73605907,5.64000000001397,5.49524323
222,14,30,-383472.03,-2.6664162,4.169999999983702,3.5648861000000003
222,15,45,-383473.7,-4.5647964,2.5,1.6665059000000007
222,16,60,-383474.9,-5.61359,1.2999999999883585,0.6177123
222,17,75,-383475.44,-5.5341086,0.7600000000093132,0.6971937000000006
222,18,90,-383475.4,-4.4862456,0.7999999999883585,1.7450567000000001
222,19,105,-383474.62,-3.5256913,1.580000000016298,2.705611
222,20,120,-383473.75,-2.7364678,2.450000000011641,3.4948345000000005
222,21,135,-383474.1,-4.1484365,2.1000000000349246,2.0828658000000004
222,22,150,-383475.1,-5.04901,1.1000000000349246,1.1822923000000003
222,23,165,-383475.88,-5.8813753,0.3200000000069849,0.3499270000000001
222,24,180,-383476.2,-6.2313023,0,0
223,1,-165,-310866.94,-79.53418,0,0.18098399999999515
223,2,-150,-310866.62,-79.715164,0.3200000000069849,0
223,3,-135,-310865.6,-79.05248,1.3400000000256114,0.6626839999999987
223,4,-120,-310863.94,-77.780754,3,1.9344099999999997
223,5,-105,-310862.34,-76.523026,4.599999999976717,3.192138
223,6,-90,-310861.7,-75.987724,5.239999999990687,3.7274400000000014
223,7,-75,-310862.34,-76.54258,4.599999999976717,3.1725840000000005
223,8,-60,-310863.94,-77.796005,3,1.9191590000000076
223,9,-45,-310865.56,-79.04217,1.3800000000046566,0.6729940000000028
223,10,-30,-310866.62,-79.700005,0.3200000000069849,0.015158999999997036
223,11,-15,-310866.94,-79.54139,0,0.17377399999999454
223,12,0,-310866.9,-79.18094,0.0399999999790452,0.5342239999999947
223,13,15,-310866.94,-79.54139,0,0.17377399999999454
223,14,30,-310866.62,-79.700005,0.3200000000069849,0.015158999999997036
223,15,45,-310865.56,-79.04217,1.3800000000046566,0.6729940000000028
223,16,60,-310863.94,-77.795876,3,1.9192879999999946
223,17,75,-310862.34,-76.542076,4.599999999976717,3.173088000000007
223,18,90,-310861.7,-75.98772,5.239999999990687,3.7274440000000055
223,19,105,-310862.34,-76.52304,4.599999999976717,3.192124000000007
223,20,120,-310863.94,-77.7874,3,1.9277639999999963
223,21,135,-310865.6,-79.05248,1.3400000000256114,0.6626839999999987
223,22,150,-310866.62,-79.715164,0.3200000000069849,0
223,23,165,-310866.94,-79.53417,0,0.18099399999999832
223,24,180,-310866.9,-79.18273,0.0399999999790452,0.532433999999995
224,1,-165,-344956.03,18.88154,0.1299999999464489,3.580908000000001
224,2,-150,-344956.16,22.350573,0,7.0499410000000005
224,3,-135,-344955.78,27.764761,0.3799999999464489,12.464129
224,4,-120,-344954.88,34.470425,1.279999999969732,19.169793
224,5,-105,-344953.84,41.37746,2.3199999999487773,26.076828
224,6,-90,-344953.03,45.280518,3.129999999946449,29.979886
224,7,-75,-344953.25,41.895607,2.9099999999743886,26.594974999999998
224,8,-60,-344953.72,35.479374,2.4400000000023283,20.178742
224,9,-45,-344953.8,29.843023,2.35999999998603,14.542390999999999
224,10,-30,-344953.1,25.852015,3.059999999997672,10.551383000000001
224,11,-15,-344951.75,23.90111,4.409999999974389,8.600477999999999
224,12,0,-344950.62,24.030735,5.539999999979045,8.730103
224,13,15,-344951.75,23.906956,4.409999999974389,8.606324
224,14,30,-344953.1,25.8693,3.059999999997672,10.568667999999999
224,15,45,-344953.8,29.841078,2.35999999998603,14.540446
224,16,60,-344953.72,35.478584,2.4400000000023283,20.177951999999998
224,17,75,-344953.25,41.885662,2.9099999999743886,26.585030000000003
224,18,90,-344953.06,45.266426,3.099999999976717,29.965794000000002
224,19,105,-344953.84,41.36494,2.3199999999487773,26.064307999999997
224,20,120,-344954.88,34.46416,1.279999999969732,19.163528
224,21,135,-344955.78,27.764458,0.3799999999464489,12.463826000000001
224,22,150,-344956.16,22.350992,0,7.050360000000001
224,23,165,-344956.03,18.886084,0.1299999999464489,3.585452
224,24,180,-344955.56,15.300632,0.5999999999767169,0
225,1,-165,-443527.53,-107.967964,0.3099999999976717,0.14016600000000778
225,2,-150,-443526.5,-107.3418,1.3400000000256114,0.7663299999999964
225,3,-135,-443524.75,-106.04479,3.090000000025612,2.0633399999999966
225,4,-120,-443522.6,-104.23018,5.240000000048894,3.8779499999999985
225,5,-105,-443520.7,-102.479904,7.14000000001397,5.628225999999998
225,6,-90,-443519.88,-101.700806,7.960000000020955,6.407324000000003
225,7,-75,-443520.66,-102.46119,7.180000000051223,5.646940000000001
225,8,-60,-443522.56,-104.18346,5.28000000002794,3.924670000000006
225,9,-45,-443524.72,-106.00518,3.120000000053551,2.102950000000007
225,10,-30,-443526.47,-107.31438,1.370000000053551,0.7937500000000028
225,11,-15,-443527.53,-107.953674,0.3099999999976717,0.15445599999999615
225,12,0,-443527.84,-108.10813,0,0
225,13,15,-443527.53,-107.96112,0.3099999999976717,0.14701000000000874
225,14,30,-443526.47,-107.33636,1.370000000053551,0.7717700000000036
225,15,45,-443524.72,-106.027,3.120000000053551,2.0811300000000017
225,16,60,-443522.56,-104.21216,5.28000000002794,3.8959700000000055
225,17,75,-443520.7,-102.470955,7.14000000001397,5.637174999999999
225,18,90,-443519.88,-101.700294,7.960000000020955,6.407836000000003
225,19,105,-443520.7,-102.46366,7.14000000001397,5.644469999999998
225,20,120,-443522.6,-104.207054,5.240000000048894,3.9010760000000033
225,21,135,-443524.75,-106.00647,3.090000000025612,2.1016600000000096
225,22,150,-443526.47,-107.31131,1.370000000053551,0.7968199999999968
225,23,165,-443527.53,-107.948845,0.3099999999976717,0.159284999999997
225,24,180,-443527.84,-108.10807,0,6.0000000004833964e-05
226,1,-165,-446040.44,-18.205065,0.9400000000023284,2.8243139999999975
226,2,-150,-446040.56,-18.898535,0.8200000000069849,2.1308439999999997
226,3,-135,-446040.7,-19.768925,0.6799999999930151,1.2604539999999993
226,4,-120,-446041.12,-20.587555,0.2600000000093132,0.44182400000000044
226,5,-105,-446041.38,-21.02774,0,0.0016389999999972815
226,6,-90,-446041.12,-20.990625,0.2600000000093132,0.03875399999999729
226,7,-75,-446040.6,-19.704048,0.7800000000279397,1.3253309999999985
226,8,-60,-446040.22,-16.948484,1.1600000000325963,4.080894999999998
226,9,-45,-446039.44,-15.795872,1.9400000000023283,5.2335069999999995
226,10,-30,-446038.12,-14.263459,3.260000000009313,6.7659199999999995
226,11,-15,-446036.97,-13.067438,4.410000000032596,7.9619409999999995
226,12,0,-446036.4,-12.512716,4.9799999999813735,8.516663
226,13,15,-446036.97,-13.064263,4.410000000032596,7.965115999999998
226,14,30,-446037.34,-13.9716835,4.039999999979045,7.0576954999999995
226,15,45,-446039.44,-15.794769,1.9400000000023283,5.234609999999998
226,16,60,-446040.22,-16.949997,1.1600000000325963,4.079381999999999
226,17,75,-446040.6,-19.70406,0.7800000000279397,1.3253190000000004
226,18,90,-446041.12,-20.990627,0.2600000000093132,0.03875199999999879
226,19,105,-446041.38,-21.029379,0,0
226,20,120,-446041.12,-20.592896,0.2600000000093132,0.43648299999999907
226,21,135,-446040.72,-19.7577,0.6600000000325963,1.271678999999999
226,22,150,-446040.56,-18.89854,0.8200000000069849,2.130838999999998
226,23,165,-446040.44,-18.200764,0.9400000000023284,2.828614999999999
226,24,180,-446040,-17.552288,1.3800000000046566,3.477090999999998
227,1,-165,-330324.25,93.03062,0.1300000000046566,1.824629999999999
227,2,-150,-330323.75,98.308716,0.6300000000046566,7.102726000000004
227,3,-135,-330322.84,105.777275,1.5399999999790452,14.571285000000003
227,4,-120,-330321.47,114.62941,2.9100000000325963,23.423419999999993
227,5,-105,-330320.1,122.80421,4.28000000002794,31.598219999999998
227,6,-90,-330319.12,127.28336,5.260000000009313,36.07737
227,7,-75,-330318.97,125.27942,5.410000000032596,34.07343
227,8,-60,-330319.38,119.66974,5,28.463750000000005
227,9,-45,-330319.97,113.218506,4.410000000032596,22.012516000000005
227,10,-30,-330320.6,107.09522,3.78000000002794,15.889229999999998
227,11,-15,-330320.97,102.644165,3.4100000000325963,11.438175000000001
227,12,0,-330320.9,100.18951,3.479999999981373,8.983519999999999
227,13,15,-330320.66,101.72695,3.720000000030268,10.520960000000002
227,14,30,-330319.88,106.06833,4.5,14.862340000000003
227,15,45,-330319.97,113.207306,4.410000000032596,22.001316000000003
227,16,60,-330319.38,119.66395,5,28.45796
227,17,75,-330318.97,125.27939,5.410000000032596,34.07340000000001
227,18,90,-330319.12,127.28249,5.260000000009313,36.076499999999996
227,19,105,-330320.1,122.82489,4.28000000002794,31.618899999999996
227,20,120,-330321.47,114.62604,2.9100000000325963,23.420050000000003
227,21,135,-330322.84,105.76872,1.5399999999790452,14.562730000000002
227,22,150,-330323.75,98.30516,0.6300000000046566,7.099170000000001
227,23,165,-330324.25,93.0264,0.1300000000046566,1.8204099999999954
227,24,180,-330324.38,91.20599,0,0
228,1,-165,-301080.44,33.659206,0.400000000023283,0.4421119999999945
228,2,-150,-301079.28,34.908127,1.5599999999976717,1.6910329999999973
228,3,-135,-301077.75,36.794716,3.090000000025612,3.577621999999998
228,4,-120,-301076.34,38.42965,4.5,5.212555999999999
228,5,-105,-301075.38,37.78334,5.460000000020955,4.566246
228,6,-90,-301075.5,36.55564,5.340000000025611,3.338545999999994
228,7,-75,-301075.97,36.311703,4.870000000053551,3.0946089999999984
228,8,-60,-301076.28,37.620216,4.559999999997672,4.403121999999996
228,9,-45,-301076.2,39.68401,4.64000000001397,6.466915999999998
228,10,-30,-301075.72,41.978848,5.120000000053551,8.761753999999996
228,11,-15,-301074.9,44.49806,5.940000000002328,11.280966
228,12,0,-301073.97,48.37793,6.870000000053551,15.160835999999996
228,13,15,-301074.94,45.694214,5.900000000023283,12.47712
228,14,30,-301075.66,42.69233,5.180000000051223,9.475235999999995
228,15,45,-301076.03,39.79283,4.809999999997672,6.575735999999999
228,16,60,-301076.06,37.617714,4.78000000002794,4.400619999999996
228,17,75,-301075.7,36.25003,5.14000000001397,3.0329359999999994
228,18,90,-301075.16,36.188835,5.680000000051223,2.9717409999999944
228,19,105,-301075.22,38.314972,5.620000000053551,5.097877999999994
228,20,120,-301076.28,38.301464,4.559999999997672,5.08437
228,21,135,-301077.72,36.59178,3.120000000053551,3.374685999999997
228,22,150,-301079.22,34.797375,1.620000000053551,1.5802809999999994
228,23,165,-301080.4,33.606056,0.4400000000023283,0.38896199999999936
228,24,180,-301080.84,33.217094,0,0
229,1,-165,-476746.3,-80.03248,0.2600000000093132,2.228499999999997
229,2,-150,-476746.56,-81.790146,0,0.47083400000001063
229,3,-135,-476745.97,-82.26098,0.5900000000256114,0
229,4,-120,-476744.62,-81.98179,1.9400000000023283,0.2791899999999998
229,5,-105,-476742.88,-81.15829,3.679999999993015,1.1026900000000097
229,6,-90,-476741.4,-80.30075,5.159999999974389,1.96023000000001
229,7,-75,-476741.62,-78.14277,4.940000000002328,4.118210000000005
229,8,-60,-476741.44,-79.834854,5.119999999995343,2.4261259999999965
229,9,-45,-476741.84,-80.07904,4.71999999997206,2.1819399999999973
229,10,-30,-476741.7,-78.980194,4.85999999998603,3.280786000000006
229,11,-15,-476740.78,-76.66231,5.779999999969732,5.5986699999999985
229,12,0,-476739.47,-73.5309,7.090000000025611,8.730080000000001
229,13,15,-476740.78,-76.66139,5.779999999969732,5.599590000000006
229,14,30,-476741.7,-78.984634,4.85999999998603,3.2763460000000038
229,15,45,-476741.84,-80.07818,4.71999999997206,2.1828000000000003
229,16,60,-476741.44,-79.828896,5.119999999995343,2.4320840000000032
229,17,75,-476741.62,-78.14275,4.940000000002328,4.118229999999997
229,18,90,-476741.4,-80.31849,5.159999999974389,1.9424900000000065
229,19,105,-476742.88,-81.15672,3.679999999993015,1.1042599999999965
229,20,120,-476744.62,-81.95624,1.9400000000023283,0.30474000000000956
229,21,135,-476745.97,-82.25242,0.5900000000256114,0.008560000000002788
229,22,150,-476746.56,-81.79877,0,0.4622099999999989
229,23,165,-476746.3,-80.03497,0.2600000000093132,2.2260100000000023
229,24,180,-476745.44,-77.33377,1.1199999999953434,4.927210000000002
230,1,-165,-307077.06,-104.80393,0.1599999999743886,0.08164000000000726
230,2,-150,-307076.44,-104.88557,0.779999999969732,0
230,3,-135,-307075.2,-104.7,2.019999999960419,0.18556999999999846
230,4,-120,-307073.4,-104.32577,3.819999999948777,0.5597999999999956
230,5,-105,-307071.47,-103.871765,5.75,1.013805000000005
230,6,-90,-307070.3,-103.43396,6.919999999983702,1.4516100000000023
230,7,-75,-307071.53,-103.917206,5.689999999944121,0.9683640000000082
230,8,-60,-307073.47,-104.46029,3.75,0.42528000000000077
230,9,-45,-307075.25,-104.72582,1.9699999999720603,0.1597500000000025
230,10,-30,-307076.47,-104.57243,0.75,0.3131400000000042
230,11,-15,-307077.06,-104.13935,0.1599999999743886,0.7462200000000081
230,12,0,-307077.22,-103.88495,0,1.0006199999999978
230,13,15,-307077.06,-104.1348,0.1599999999743886,0.7507700000000028
230,14,30,-307076.47,-104.57242,0.75,0.31315000000000737
230,15,45,-307075.25,-104.72582,1.9699999999720603,0.1597500000000025
230,16,60,-307073.47,-104.4613,3.75,0.42427000000000703
230,17,75,-307071.53,-103.92104,5.689999999944121,0.9645299999999963
230,18,90,-307070.3,-103.43224,6.919999999983702,1.4533300000000082
230,19,105,-307071.47,-103.87583,5.75,1.0097400000000079
230,20,120,-307073.4,-104.32577,3.819999999948777,0.5597999999999956
230,21,135,-307075.2,-104.7,2.019999999960419,0.18556999999999846
230,22,150,-307076.44,-104.88557,0.779999999969732,0
230,23,165,-307077.06,-104.80393,0.1599999999743886,0.08164000000000726
230,24,180,-307077.22,-104.66986,0,0.2157100000000014
231,1,-165,-326481.06,11.531392,3.5,4.473765800000001
231,2,-150,-326480,12.738638,4.559999999997672,5.6810118
231,3,-135,-326479.03,13.770433,5.529999999969732,6.712806800000001
231,4,-120,-326478.97,13.832895,5.590000000025611,6.775268800000001
231,5,-105,-326480.1,12.62368,4.460000000020955,5.566053800000001
231,6,-90,-326481.9,10.576554,2.6599999999743886,3.5189278
231,7,-75,-326483.6,8.437276,0.9600000000209548,1.379649800000001
231,8,-60,-326484.56,7.2461004,0,0.1884742000000008
231,9,-45,-326483.8,7.0582466,0.7600000000093132,0.0006204000000007426
231,10,-30,-326481.72,7.9389563,2.840000000025612,0.8813301000000004
231,11,-15,-326479.5,9.099403,5.059999999997672,2.041776800000001
231,12,0,-326478.5,9.8349695,6.059999999997672,2.7773433
231,13,15,-326479.5,9.097938,5.059999999997672,2.0403117999999996
231,14,30,-326481.72,7.9451833,2.840000000025612,0.8875571000000004
231,15,45,-326483.8,7.0576262,0.7600000000093132,0
231,16,60,-326484.56,7.2474847,0,0.1898585000000006
231,17,75,-326483.6,8.43898,0.9600000000209548,1.3813538000000012
231,18,90,-326481.9,10.576561,2.6599999999743886,3.5189348000000003
231,19,105,-326480.1,12.62312,4.460000000020955,5.5654938000000005
231,20,120,-326478.97,13.831546,5.590000000025611,6.7739198
231,21,135,-326479.03,13.770435,5.529999999969732,6.712808800000001
231,22,150,-326480,12.741598,4.559999999997672,5.6839718
231,23,165,-326481.06,11.53139,3.5,4.4737638
231,24,180,-326481.47,11.013111,3.090000000025612,3.9554848000000007
232,1,-165,-354267.47,65.80536,0.25,0.21607999999999095
232,2,-150,-354266.66,66.45027,1.0599999999976717,0.860990000000001
232,3,-135,-354265.38,67.50163,2.339999999967404,1.9123500000000035
232,4,-120,-354263.8,68.828705,3.919999999983702,3.239424999999997
232,5,-105,-354262.25,70.09863,5.46999999997206,4.509349999999998
232,6,-90,-354261.28,70.73549,6.439999999944121,5.146209999999996
232,7,-75,-354261.4,70.31869,6.319999999948777,4.7294100000000014
232,8,-60,-354262.44,69.34925,5.279999999969732,3.7599699999999956
232,9,-45,-354263.7,68.38345,4.019999999960419,2.794169999999994
232,10,-30,-354264.72,67.64712,3,2.057839999999999
232,11,-15,-354265.3,67.197556,2.419999999983702,1.6082760000000036
232,12,0,-354265.53,67.05213,2.1899999999441206,1.462850000000003
232,13,15,-354265.3,67.19756,2.419999999983702,1.6082799999999935
232,14,30,-354264.72,67.64712,3,2.057839999999999
232,15,45,-354263.7,68.38357,4.019999999960419,2.7942900000000037
232,16,60,-354262.44,69.34925,5.279999999969732,3.7599699999999956
232,17,75,-354261.4,70.31869,6.319999999948777,4.7294100000000014
232,18,90,-354261.28,70.73549,6.439999999944121,5.146209999999996
232,19,105,-354262.25,70.10898,5.46999999997206,4.5197
232,20,120,-354263.8,68.828705,3.919999999983702,3.239424999999997
232,21,135,-354265.38,67.501625,2.339999999967404,1.912345000000002
232,22,150,-354266.66,66.45027,1.0599999999976717,0.860990000000001
232,23,165,-354267.47,65.80536,0.25,0.21607999999999095
232,24,180,-354267.72,65.58928,0,0
233,1,-165,-466701.12,15.1147995,2.1600000000325963,0.6362505000000009
233,2,-150,-466701.53,15.412906,1.75,0.9343570000000003
233,3,-135,-466701.8,15.81062,1.4800000000395812,1.332071000000001
233,4,-120,-466701.88,16.183271,1.400000000023283,1.704722000000002
233,5,-105,-466702.84,16.128307,0.4400000000023283,1.6497580000000003
233,6,-90,-466703.28,15.785387,0,1.3068380000000008
233,7,-75,-466703.12,15.760552,0.1600000000325963,1.2820030000000013
233,8,-60,-466702.78,15.824296,0.5,1.3457470000000011
233,9,-45,-466702.56,15.607296,0.720000000030268,1.1287470000000006
233,10,-30,-466702.47,15.118803,0.8100000000558794,0.6402540000000005
233,11,-15,-466702.38,14.676809,0.9000000000232831,0.1982600000000012
233,12,0,-466702.34,14.478549,0.9400000000023284,0
233,13,15,-466702.38,14.676809,0.9000000000232831,0.1982600000000012
233,14,30,-466702.47,15.118805,0.8100000000558794,0.6402560000000008
233,15,45,-466702.56,15.607296,0.720000000030268,1.1287470000000006
233,16,60,-466702.78,15.824296,0.5,1.3457470000000011
233,17,75,-466703.12,15.760552,0.1600000000325963,1.2820030000000013
233,18,90,-466703.28,15.785391,0,1.3068420000000014
233,19,105,-466702.84,16.134869,0.4400000000023283,1.6563199999999991
233,20,120,-466701.88,16.183271,1.400000000023283,1.704722000000002
233,21,135,-466701.8,15.81062,1.4800000000395812,1.332071000000001
233,22,150,-466701.53,15.412902,1.75,0.9343530000000015
233,23,165,-466701.12,15.1148,2.1600000000325963,0.6362510000000015
233,24,180,-466700.94,14.994249,2.340000000025612,0.5157000000000007
234,1,-165,-442004.3,32.26282,0.3599999999860301,0.8981639999999977
234,2,-150,-442004.66,31.364656,0,0
234,3,-135,-442004.3,31.469378,0.3599999999860301,0.10472199999999887
234,4,-120,-442003.4,32.39417,1.2599999999511056,1.0295140000000025
234,5,-105,-442002.34,33.844757,2.3199999999487773,2.480101000000001
234,6,-90,-442001.6,35.190258,3.059999999997672,3.825602
234,7,-75,-442002.5,33.74065,2.1599999999743886,2.375994000000002
234,8,-60,-442003.6,32.341457,1.0599999999976717,0.9768009999999983
234,9,-45,-442004.44,31.435873,0.2199999999720603,0.07121700000000075
234,10,-30,-442004.66,31.461784,0,0.09712800000000144
234,11,-15,-442004.2,32.502293,0.4599999999627471,1.1376370000000016
234,12,0,-442003.34,34.141056,1.3199999999487773,2.776399999999999
234,13,15,-442004.2,32.503517,0.4599999999627471,1.1388610000000021
234,14,30,-442004.66,31.46256,0,0.09790399999999977
234,15,45,-442004.44,31.43433,0.2199999999720603,0.06967399999999913
234,16,60,-442003.6,32.34993,1.0599999999976717,0.9852740000000004
234,17,75,-442002.5,33.743023,2.1599999999743886,2.378367000000001
234,18,90,-442001.6,35.184887,3.059999999997672,3.8202310000000033
234,19,105,-442002.34,33.84041,2.3199999999487773,2.4757539999999985
234,20,120,-442003.4,32.394165,1.2599999999511056,1.029509000000001
234,21,135,-442004.3,31.46825,0.3599999999860301,0.10359400000000107
234,22,150,-442004.66,31.367424,0,0.0027679999999996596
234,23,165,-442004.3,32.263737,0.3599999999860301,0.8990809999999989
234,24,180,-442003.44,34.013836,1.2199999999720603,2.6491799999999976
235,1,-165,-344203.3,-18.216892,0.2600000000093132,0.22528699999999802
235,2,-150,-344202.5,-17.50525,1.0599999999976717,0.9369289999999992
235,3,-135,-344201.22,-16.312975,2.340000000025612,2.129203999999998
235,4,-120,-344199.66,-14.835877,3.900000000023283,3.6063019999999995
235,5,-105,-344198.22,-13.519353,5.340000000025611,4.922825999999999
235,6,-90,-344197.62,-12.930567,5.940000000002328,5.5116119999999995
235,7,-75,-344198.2,-13.421905,5.35999999998603,5.020273999999999
235,8,-60,-344199.6,-14.72227,3.9600000000209543,3.7199089999999995
235,9,-45,-344201.2,29.303974,1.080000000016298,2.5072170000000007
235,10,-30,-344202.5,-17.475945,1.0599999999976717,0.966234
235,11,-15,-344203.3,-18.210403,0.2600000000093132,0.23177599999999998
235,12,0,-344203.56,-18.442179,0,0
235,13,15,-344203.3,-18.210403,0.2600000000093132,0.23177599999999998
235,14,30,-344202.5,-17.475945,1.0599999999976717,0.966234
235,15,45,-344201.2,29.303982,1.080000000016298,2.507225000000002
235,16,60,-344199.6,-14.72227,3.9600000000209543,3.7199089999999995
235,17,75,-344198.2,-13.421905,5.35999999998603,5.020273999999999
235,18,90,-344197.62,-12.930567,5.940000000002328,5.5116119999999995
235,19,105,-344198.22,-13.519357,5.340000000025611,4.922822
235,20,120,-344199.66,-14.835877,3.900000000023283,3.6063019999999995
235,21,135,-344201.22,-16.311584,2.340000000025612,2.1305949999999996
235,22,150,-344202.5,-17.505257,1.0599999999976717,0.9369219999999991
235,23,165,-344203.3,-18.216885,0.2600000000093132,0.2252939999999981
235,24,180,-344203.56,-18.442175,0,4.000000000559112e-06
236,1,-165,-355676.6,-284.4053,0.3000000000465661,0.19745000000000346
236,2,-150,-355675.56,-283.8112,1.3400000000256114,0.7915500000000293
236,3,-135,-355673.8,-282.81863,3.1000000000349246,1.78412000000003
236,4,-120,-355671.3,-281.32196,5.600000000034925,3.2807900000000245
236,5,-105,-355668.28,-279.2974,8.619999999995343,5.305350000000033
236,6,-90,-355665.5,-277.07068,11.400000000023285,7.532070000000033
236,7,-75,-355668.78,-279.38574,8.119999999995343,5.217010000000016
236,8,-60,-355671.8,-281.3827,5.100000000034925,3.2200500000000147
236,9,-45,-355674.16,-282.81818,2.7400000000488944,1.7845700000000306
236,10,-30,-355675.75,-283.80475,1.150000000023283,0.7980000000000018
236,11,-15,-355676.62,-284.39905,0.2800000000279397,0.2037000000000262
236,12,0,-355676.9,-284.60275,0,0
236,13,15,-355676.62,-284.39905,0.2800000000279397,0.2037000000000262
236,14,30,-355675.75,-283.8041,1.150000000023283,0.7986500000000092
236,15,45,-355674.16,-282.81818,2.7400000000488944,1.7845700000000306
236,16,60,-355671.8,-281.3827,5.100000000034925,3.2200500000000147
236,17,75,-355668.78,-279.39236,8.119999999995343,5.210390000000018
236,18,90,-355665.5,-277.07068,11.400000000023285,7.532070000000033
236,19,105,-355668.28,-279.30847,8.619999999995343,5.294280000000015
236,20,120,-355671.3,-281.32196,5.600000000034925,3.2807900000000245
236,21,135,-355673.8,-282.81863,3.1000000000349246,1.78412000000003
236,22,150,-355675.56,-283.8112,1.3400000000256114,0.7915500000000293
236,23,165,-355676.6,-284.4053,0.3000000000465661,0.19745000000000346
236,24,180,-355676.9,-284.6023,0,0.0004500000000007276
237,1,-165,-408138.34,-17.196493,1.4099999999743886,0.009146000000001209
237,2,-150,-408137.6,-16.636013,2.150000000023283,0.5696260000000031
237,3,-135,-408136.62,-12.566955,3.1300000000046566,4.638684000000001
237,4,-120,-408137.47,-13.156747,2.28000000002794,4.048892000000002
237,5,-105,-408138.56,-14.156664,1.1900000000023283,3.048975000000002
237,6,-90,-408139.47,-15.046899,0.2800000000279397,2.1587400000000017
237,7,-75,-408139.75,-15.679975,0,1.5256640000000008
237,8,-60,-408139.25,-15.98357,0.5,1.2220690000000012
237,9,-45,-408138.06,-15.843044,1.6900000000023283,1.3625950000000007
237,10,-30,-408136.25,-14.365502,3.5,2.840137000000002
237,11,-15,-408134.28,-13.358319,5.46999999997206,3.8473200000000016
237,12,0,-408132.56,-12.432383,7.190000000002328,4.773256000000002
237,13,15,-408134.28,-13.353785,5.46999999997206,3.851854000000001
237,14,30,-408136.25,-14.740517,3.5,2.465122000000001
237,15,45,-408138.06,-15.842772,1.6900000000023283,1.3628670000000014
237,16,60,-408139.25,-15.982461,0.5,1.2231780000000008
237,17,75,-408139.75,-15.715573,0,1.4900660000000023
237,18,90,-408139.47,-15.04701,0.2800000000279397,2.1586290000000012
237,19,105,-408138.56,-14.153903,1.1900000000023283,3.051736000000002
237,20,120,-408137.47,-13.156385,2.28000000002794,4.049254000000001
237,21,135,-408136.62,-12.572405,3.1300000000046566,4.633234000000002
237,22,150,-408137.6,-16.642958,2.150000000023283,0.5626810000000013
237,23,165,-408138.34,-17.205639,1.4099999999743886,0
237,24,180,-408138.66,-17.043642,1.0900000000256114,0.16199700000000306
238,1,-165,-416733.4,-176.65222,0.3800000000046566,0.3665200000000084
238,2,-150,-416732.12,-175.4085,1.6600000000325963,1.6102400000000046
238,3,-135,-416729.94,-173.46198,3.8400000000256114,3.556759999999997
238,4,-120,-416727.03,-170.98798,6.75,6.030760000000015
238,5,-105,-416723.72,-168.05519,10.06000000005588,8.963549999999998
238,6,-90,-416722.1,-161.36807,11.680000000051225,15.65067000000002
238,7,-75,-416724.28,-164.01247,9.5,13.00627
238,8,-60,-416725.78,-166.23154,8,10.787200000000013
238,9,-45,-416726.56,-168.12126,7.220000000030268,8.897480000000002
238,10,-30,-416726.72,-169.51256,7.060000000055879,7.5061800000000005
238,11,-15,-416726.34,-170.14413,7.440000000002328,6.874610000000018
238,12,0,-416725.56,-169.75217,8.220000000030268,7.2665700000000015
238,13,15,-416726.34,-170.15227,7.440000000002328,6.866470000000021
238,14,30,-416726.72,-169.517,7.060000000055879,7.501740000000012
238,15,45,-416726.56,-168.12126,7.220000000030268,8.897480000000002
238,16,60,-416725.78,-166.23558,8,10.78316000000001
238,17,75,-416724.28,-164.00818,9.5,13.010559999999998
238,18,90,-416722.1,-161.35068,11.680000000051225,15.668059999999997
238,19,105,-416723.72,-168.06668,10.06000000005588,8.952060000000017
238,20,120,-416727.03,-170.9859,6.75,6.0328400000000215
238,21,135,-416729.94,-173.45941,3.8400000000256114,3.559330000000017
238,22,150,-416732.12,-175.40498,1.6600000000325963,1.6137600000000134
238,23,165,-416733.4,-176.65222,0.3800000000046566,0.3665200000000084
238,24,180,-416733.78,-177.01874,0,0
239,1,-165,-383475.56,-63.13894,0.0399999999790452,0
239,2,-150,-383473.47,-62.0616,2.1300000000046566,1.0773399999999995
239,3,-135,-383472.12,-62.080963,3.479999999981373,1.057977000000001
239,4,-120,-383470.47,-61.34378,5.130000000004657,1.7951599999999956
239,5,-105,-383469.28,-60.057186,6.319999999948777,3.0817539999999966
239,6,-90,-383469,-58.97438,6.599999999976717,4.164560000000002
239,7,-75,-383469.4,-58.38755,6.199999999953434,4.751390000000001
239,8,-60,-383469.9,-57.960983,5.699999999953434,5.177956999999999
239,9,-45,-383470,-57.284325,5.599999999976717,5.8546149999999955
239,10,-30,-383469.22,-55.998306,6.380000000004657,7.140633999999999
239,11,-15,-383467.53,-54.22531,8.069999999948777,8.913629999999998
239,12,0,-383465.47,-52.3008,10.130000000004657,10.838139999999996
239,13,15,-383467.53,-54.2306,8.069999999948777,8.908339999999995
239,14,30,-383469.22,-56.008823,6.380000000004657,7.1301169999999985
239,15,45,-383470,-57.28362,5.599999999976717,5.855319999999999
239,16,60,-383469.9,-57.96758,5.699999999953434,5.17136
239,17,75,-383469.4,-58.401237,6.199999999953434,4.737702999999996
239,18,90,-383469,-58.97438,6.599999999976717,4.164560000000002
239,19,105,-383468.06,-59.93332,7.539999999979045,3.205619999999996
239,20,120,-383470.47,-61.34218,5.130000000004657,1.796759999999999
239,21,135,-383472.16,-62.063576,3.4400000000023283,1.0753640000000004
239,22,150,-383473.47,-61.9831,2.1300000000046566,1.1558399999999978
239,23,165,-383475.56,9.674516,2.599999999976717,1.8938520000000008
239,24,180,-383475.6,-62.25982,0,0.8791200000000003
240,1,-165,-358954.3,-44.71217,5.799999999988359,14.81711
240,2,-150,-358955.97,-46.10691,4.130000000004657,13.42237
240,3,-135,-358957,-47.07211,3.099999999976717,12.457169999999998
240,4,-120,-358957.94,-49.070705,2.1599999999743886,10.458575000000003
240,5,-105,-358958.62,-49.58818,1.4799999999813735,9.941099999999999
240,6,-90,-358958.8,-48.394978,1.2999999999883585,11.134301999999998
240,7,-75,-358958.3,-46.02414,1.7999999999883585,13.505139999999997
240,8,-60,-358957.12,-48.58036,2.979999999981373,10.948920000000001
240,9,-45,-358957.22,-45.072376,2.8800000000046566,14.456904000000002
240,10,-30,-358958.84,-49.463734,1.2599999999511056,10.065545999999998
240,11,-15,-358959.8,-52.82902,0.2999999999883584,6.70026
240,12,0,-358960.1,-55.164253,0,4.365026999999998
240,13,15,-358959.94,-56.660778,0.1599999999743886,2.8685019999999994
240,14,30,-358959.6,-58.082825,0.5,1.4464550000000003
240,15,45,-358959.5,-59.334644,0.5999999999767169,0.1946360000000027
240,16,60,-358959.5,-59.52928,0.5999999999767169,0
240,17,75,-358958.78,-58.111084,1.3199999999487773,1.4181960000000018
240,18,90,-358957.03,-56.654976,3.0699999999487773,2.874304000000002
240,19,105,-358956.03,-55.244564,4.069999999948777,4.284716000000003
240,20,120,-358954.8,-52.37462,5.299999999988359,7.15466
240,21,135,-358953.38,-49.5474,6.71999999997206,9.981879999999997
240,22,150,-358951.75,-46.30657,8.349999999976717,13.22271
240,23,165,-358950.16,-43.911556,9.940000000002328,15.617724000000003
240,24,180,-358951.62,-43.153336,8.479999999981374,16.375943999999997
241,1,-165,-672652,44.507156,2.599999999976717,4.382899999999999
241,2,-150,-672650.6,46.726055,4.839999999967404,4.633825000000002
241,3,-135,-672650.8,46.113144,4.6399999998975545,4.020913999999998
241,4,-120,-672650.5,48.328278,4.939999999944121,6.236047999999997
241,5,-105,-672652.9,41.67307,1.699999999953434,1.5488140000000001
241,6,-90,-672654.25,40.124256,0.3499999999767169,0
241,7,-75,-672655.44,42.09223,0,0
241,8,-60,-672653.56,46.188766,1.0399999999208376,6.0645099999999985
241,9,-45,-672650.94,47.118526,4.5,5.026296000000002
241,10,-30,-672649.4,47.58221,6.039999999920838,5.489980000000003
241,11,-15,-672649.3,47.5828,6.1399999998975545,5.490569999999998
241,12,0,-672649.56,47.380722,5.879999999888241,5.288491999999998
241,13,15,-672649.9,47.50262,5.539999999920838,5.41039
241,14,30,-672650.56,47.611477,4.879999999888241,5.519247
241,15,45,-672652.2,46.04184,3.2399999999906868,3.94961
241,16,60,-672653.25,44.285088,2.1899999999441206,2.192858000000001
241,17,75,-672652.7,43.94942,2.7399999999906868,1.8571900000000028
241,18,90,-672651.4,45.350163,3.199999999953434,5.225906999999999
241,19,105,-672650.7,44.917057,3.900000000023283,4.792800999999997
241,20,120,-672650.3,44.46681,5.1399999998975545,2.3745800000000017
241,21,135,-672650,44.90729,5.439999999944121,2.8150600000000026
241,22,150,-672650.6,45.796726,4.839999999967404,3.704495999999999
241,23,165,-672652.1,45.291943,3.339999999967404,3.1997130000000027
241,24,180,-672652.8,44.37728,2.6399999998975545,2.2850499999999982
242,1,-165,-535432.8,1.7886266,0.5999999999767169,1.51409473
242,2,-150,-535432.2,6.3619337,1.2000000000698492,6.08740183
242,3,-135,-535431.1,13.124765,2.300000000046566,12.85023313
242,4,-120,-535429.8,21.294905,3.599999999976717,21.02037313
242,5,-105,-535428.56,29.519794,4.839999999967404,29.24526213
242,6,-90,-535427.94,33.399643,5.460000000079162,33.12511113
242,7,-75,-535428.4,30.381208,5,30.10667613
242,8,-60,-535429.5,22.567646,3.900000000023283,22.29311413
242,9,-45,-535431,14.376327,2.400000000023283,14.10179513
242,10,-30,-535432.25,7.290446,1.150000000023283,7.0159141300000005
242,11,-15,-535433.06,2.624994,0.3399999999674037,2.35046213
242,12,0,-535433.4,1.1037036,0,0.82917173
242,13,15,-535433.06,2.6249936,0.3399999999674037,2.3504617299999997
242,14,30,-535432.25,7.290447,1.150000000023283,7.015915130000001
242,15,45,-535431,14.376332,2.400000000023283,14.101800129999999
242,16,60,-535429.5,22.567652,3.900000000023283,22.29312013
242,17,75,-535428.4,30.381208,5,30.10667613
242,18,90,-535427.94,33.399647,5.460000000079162,33.125115130000005
242,19,105,-535428.56,29.519793,4.839999999967404,29.24526113
242,20,120,-535429.8,21.298475,3.599999999976717,21.02394313
242,21,135,-535431.1,13.124759,2.300000000046566,12.850227129999999
242,22,150,-535432.2,6.361929,1.2000000000698492,6.08739713
242,23,165,-535432.8,1.7886238,0.5999999999767169,1.5140919300000002
242,24,180,-535433,0.27453187,0.400000000023283,0
243,1,-165,-417338.16,57.81666,0.1800000000512227,3.625489999999999
243,2,-150,-417338.34,54.87149,0,0.6803200000000018
243,3,-135,-417337.8,54.191174,0.5400000000372529,3.999999997006398e-06
243,4,-120,-417336.53,55.303024,1.809999999997672,1.111854000000001
243,5,-105,-417335.2,57.25384,3.14000000001397,3.062669999999997
243,6,-90,-417334.44,59.02425,3.900000000023283,4.8330800000000025
243,7,-75,-417334.6,60.010036,3.7400000000488944,5.818866
243,8,-60,-417334.9,60.662674,3.4400000000023283,6.471504000000003
243,9,-45,-417334.66,61.6589,3.680000000051223,7.467730000000003
243,10,-30,-417333.3,63.406155,5.040000000037253,9.214984999999999
243,11,-15,-417330.9,65.84488,7.440000000002328,11.653710000000004
243,12,0,-417328.62,67.92238,9.720000000030268,13.731210000000004
243,13,15,-417330.9,65.82669,7.440000000002328,11.63552
243,14,30,-417333.3,63.40616,5.040000000037253,9.21499
243,15,45,-417334.66,61.6589,3.680000000051223,7.467730000000003
243,16,60,-417334.9,60.662674,3.4400000000023283,6.471504000000003
243,17,75,-417334.6,60.015594,3.7400000000488944,5.8244240000000005
243,18,90,-417334.44,59.019302,3.900000000023283,4.828132000000004
243,19,105,-417335.2,57.25384,3.14000000001397,3.062669999999997
243,20,120,-417336.53,55.301105,1.809999999997672,1.1099350000000001
243,21,135,-417337.8,54.19117,0.5400000000372529,0
243,22,150,-417338.34,54.871487,0,0.6803170000000023
243,23,165,-417338.16,57.81667,0.1800000000512227,3.6255000000000024
243,24,180,-417337.94,60.33547,0.400000000023283,6.144300000000001
244,1,-165,-512159.1,10.804977,0.2400000000488944,0.2036099999999994
244,2,-150,-512158.28,11.511467,1.0599999999976717,0.9100999999999999
244,3,-135,-512156.94,12.774677,2.400000000023283,2.1733100000000007
244,4,-120,-512155.28,14.361484,4.059999999997672,3.760117000000001
244,5,-105,-512153.84,15.747128,5.5,5.145761
244,6,-90,-512153.3,16.293722,6.040000000037253,5.692354999999999
244,7,-75,-512153.84,15.710823,5.5,5.109456
244,8,-60,-512155.25,14.306206,4.090000000025611,3.7048389999999998
244,9,-45,-512156.88,12.732374,2.4600000000209548,2.1310070000000003
244,10,-30,-512158.25,11.489489,1.0900000000256114,0.888122000000001
244,11,-15,-512159.1,10.804189,0.2400000000488944,0.2028219999999994
244,12,0,-512159.34,10.603882,0,0.002515000000000711
244,13,15,-512159.1,10.804359,0.2400000000488944,0.20299200000000006
244,14,30,-512158.25,11.489647,1.0900000000256114,0.88828
244,15,45,-512156.88,12.732375,2.4600000000209548,2.1310079999999996
244,16,60,-512155.25,14.310444,4.090000000025611,3.7090770000000006
244,17,75,-512153.84,15.711553,5.5,5.110186000000001
244,18,90,-512153.3,16.293722,6.040000000037253,5.692354999999999
244,19,105,-512153.84,15.747659,5.5,5.146292000000001
244,20,120,-512155.28,14.3614855,4.059999999997672,3.760118500000001
244,21,135,-512156.94,12.774675,2.400000000023283,2.1733080000000005
244,22,150,-512158.28,11.5131445,1.0599999999976717,0.9117774999999995
244,23,165,-512159.1,10.804981,0.2400000000488944,0.20361399999999996
244,24,180,-512159.34,10.601367,0,0
245,1,-165,-358809.72,-15.623907,1.3400000000256114,1.175082999999999
245,2,-150,-358809.53,-15.906759,1.529999999969732,0.8922310000000007
245,3,-135,-358809.44,-16.242542,1.6199999999953434,0.5564479999999996
245,4,-120,-358809.7,-16.154945,1.3599999999860302,0.6440449999999984
245,5,-105,-358810.22,-16.491617,0.8400000000256114,0.30737299999999834
245,6,-90,-358810.75,-16.702429,0.3099999999976717,0.09656100000000123
245,7,-75,-358811.06,-16.579773,0,0.21921700000000044
245,8,-60,-358810.94,-16.452414,0.1199999999953433,0.3465759999999989
245,9,-45,-358810.4,-15.841914,0.6599999999743886,0.9570760000000007
245,10,-30,-358809.6,-15.298711,1.4600000000209548,1.500278999999999
245,11,-15,-358808.88,-14.935941,2.179999999993015,1.8630490000000002
245,12,0,-358808.56,-14.829229,2.5,1.969761
245,13,15,-358808.88,-14.935941,2.179999999993015,1.8630490000000002
245,14,30,-358809.6,-15.308638,1.4600000000209548,1.4903519999999997
245,15,45,-358810.4,-15.841914,0.6599999999743886,0.9570760000000007
245,16,60,-358810.94,-16.452415,0.1199999999953433,0.3465750000000014
245,17,75,-358810.97,-16.79899,0.0900000000256113,0
245,18,90,-358810.75,-16.704748,0.3099999999976717,0.09424200000000127
245,19,105,-358810.22,-16.491898,0.8400000000256114,0.3070920000000008
245,20,120,-358809.72,-16.140337,1.3400000000256114,0.658653000000001
245,21,135,-358809.44,-16.240236,1.6199999999953434,0.5587540000000004
245,22,150,-358809.53,-15.906293,1.529999999969732,0.8926970000000001
245,23,165,-358809.72,-15.623003,1.3400000000256114,1.1759869999999992
245,24,180,-358809.8,-15.51659,1.2600000000093132,1.282399999999999
246,1,-165,-584647.3,33.858696,0.1399999998975545,0
246,2,-150,-584646.94,33.920113,0.5,0.06141699999999872
246,3,-135,-584646.06,34.416637,1.3799999998882413,0.5579409999999996
246,4,-120,-584644.8,35.33955,2.6399999998975545,1.4808540000000008
246,5,-105,-584643.7,36.219078,3.739999999990687,2.3603820000000013
246,6,-90,-584643.2,36.563896,4.239999999990687,2.705199999999998
246,7,-75,-584643.7,36.08958,3.739999999990687,2.230883999999996
246,8,-60,-584644.8,35.18393,2.6399999998975545,1.3252339999999947
246,9,-45,-584646.06,34.355526,1.3799999998882413,0.49682999999999566
246,10,-30,-584646.94,33.916027,0.5,0.0573309999999978
246,11,-15,-584647.4,33.872738,0.0399999999208375,0.014041999999996335
246,12,0,-584647.44,33.95606,0,0.0973639999999989
246,13,15,-584647.4,33.871002,0.0399999999208375,0.012305999999995265
246,14,30,-584646.94,33.916027,0.5,0.0573309999999978
246,15,45,-584646.06,34.355526,1.3799999998882413,0.49682999999999566
246,16,60,-584644.8,35.18393,2.6399999998975545,1.3252339999999947
246,17,75,-584643.7,36.08958,3.739999999990687,2.230883999999996
246,18,90,-584643.2,36.566505,4.239999999990687,2.7078089999999975
246,19,105,-584643.7,36.21816,3.739999999990687,2.3594639999999956
246,20,120,-584644.8,35.32843,2.6399999998975545,1.4697339999999954
246,21,135,-584646.06,34.416637,1.3799999998882413,0.5579409999999996
246,22,150,-584646.94,33.91981,0.5,0.06111399999999634
246,23,165,-584647.3,33.858696,0.1399999998975545,0
246,24,180,-584647.44,33.95626,0,0.09756399999999843
247,1,-165,-468929.5,-96.537865,9.440000000002328,5.2998150000000095
247,2,-150,-468929.22,-95.02397,9.720000000030268,6.81371
247,3,-135,-468928.28,-92.889656,10.659999999974389,8.948024000000004
247,4,-120,-468926.56,-90.53456,12.380000000004657,11.303120000000007
247,5,-105,-468924.06,-88.1198,14.880000000004657,13.717880000000008
247,6,-90,-468921.72,-89.41307,17.220000000030268,12.424610000000001
247,7,-75,-468926,-93.014824,12.940000000002328,8.822856000000002
247,8,-60,-468930.38,-96.06869,8.559999999997672,5.768990000000002
247,9,-45,-468934.2,-98.458206,4.739999999990687,3.379474000000002
247,10,-30,-468936.88,-100.31355,2.059999999997672,1.5241299999999995
247,11,-15,-468938.44,-101.46522,0.5,0.3724600000000038
247,12,0,-468938.94,-101.83768,0,0
247,13,15,-468938.44,-101.4652,0.5,0.37248000000001014
247,14,30,-468936.88,-100.32358,2.059999999997672,1.5140999999999991
247,15,45,-468934.2,-98.45662,4.739999999990687,3.381060000000005
247,16,60,-468930.38,-96.06415,8.559999999997672,5.773530000000008
247,17,75,-468925.97,-93.09445,12.970000000030268,8.743230000000011
247,18,90,-468921.75,-89.441895,17.19000000000233,12.395785000000004
247,19,105,-468924.06,-88.1198,14.880000000004657,13.717880000000008
247,20,120,-468926.56,-90.52839,12.380000000004657,11.309290000000004
247,21,135,-468928.28,-92.88433,10.659999999974389,8.95335
247,22,150,-468929.22,-95.02329,9.720000000030268,6.814390000000003
247,23,165,-468929.5,-96.536964,9.440000000002328,5.300716000000008
247,24,180,-468929.12,-96.85691,9.820000000006983,4.980770000000007
248,1,-165,-372667.38,0.7893168,9.419999999983702,12.5876248
248,2,-150,-372671.72,-6.270582,5.080000000016298,5.527726
248,3,-135,-372674.6,-9.874887,2.200000000011641,1.9234210000000012
248,4,-120,-372676.06,-11.468495,0.7399999999906868,0.3298129999999997
248,5,-105,-372676.66,-11.798308,0.1400000000139698,0
248,6,-90,-372676.8,-11.746555,0,0.051752999999999716
248,7,-75,-372676.62,-11.776686,0.179999999993015,0.021622000000000696
248,8,-60,-372675.97,-11.280075,0.8300000000162981,0.5182330000000004
248,9,-45,-372674.3,-9.361972,2.5,2.4363360000000007
248,10,-30,-372671.28,-5.44123,5.519999999960419,6.3570780000000005
248,11,-15,-372666.94,1.546479,9.85999999998603,13.344787
248,12,0,-372661.75,13.44383,15.049999999988358,25.242138
248,13,15,-372666.94,1.5504322,9.85999999998603,13.3487402
248,14,30,-372671.28,-5.437878,5.519999999960419,6.36043
248,15,45,-372674.3,-9.361968,2.5,2.4363400000000013
248,16,60,-372675.97,-11.295874,0.8300000000162981,0.5024340000000009
248,17,75,-372676.62,-11.776683,0.179999999993015,0.021625000000000227
248,18,90,-372676.8,-11.742468,0,0.05583999999999989
248,19,105,-372676.66,-11.797889,0.1400000000139698,0.00041900000000083537
248,20,120,-372676.06,-11.468547,0.7399999999906868,0.3297610000000013
248,21,135,-372674.6,-9.874465,2.200000000011641,1.9238429999999997
248,22,150,-372671.72,-6.2393427,5.080000000016298,5.5589653000000006
248,23,165,-372667.38,0.7803564,9.419999999983702,12.578664400000001
248,24,180,-372662.53,11.9100895,14.26999999996042,23.7083975
249,1,-165,-334142.44,-5.039862,0.2600000000093132,0.1943009999999994
249,2,-150,-334141.66,-4.384557,1.040000000037253,0.8496059999999996
249,3,-135,-334140.34,-3.2180383,2.35999999998603,2.0161246999999998
249,4,-120,-334138.75,-1.7320634,3.9500000000116415,3.5020995999999998
249,5,-105,-334137.25,-0.3920153,5.4500000000116415,4.8421477
249,6,-90,-334136.62,0.19026427,6.080000000016298,5.42442727
249,7,-75,-334137.22,-0.31892994,5.480000000039581,4.915233059999999
249,8,-60,-334138.72,-1.6482329,3.980000000039581,3.5859300999999997
249,9,-45,-334140.34,-3.1614642,2.35999999998603,2.0726987999999995
249,10,-30,-334141.66,-4.364235,1.040000000037253,0.8699279999999998
249,11,-15,-334142.44,-5.035537,0.2600000000093132,0.19862599999999997
249,12,0,-334142.7,-5.2340775,0,8.549999999996061e-05
249,13,15,-334142.44,-5.035536,0.2600000000093132,0.1986270000000001
249,14,30,-334141.66,-4.364235,1.040000000037253,0.8699279999999998
249,15,45,-334140.34,-3.1614642,2.35999999998603,2.0726987999999995
249,16,60,-334138.72,-1.6482329,3.980000000039581,3.5859300999999997
249,17,75,-334137.22,-0.31891355,5.480000000039581,4.915249449999999
249,18,90,-334136.62,0.19026518,6.080000000016298,5.42442818
249,19,105,-334137.25,-0.39201713,5.4500000000116415,4.8421458699999995
249,20,120,-334138.75,-1.7299368,3.9500000000116415,3.5042261999999997
249,21,135,-334140.34,-3.2180424,2.35999999998603,2.0161206
249,22,150,-334141.66,-4.3845563,1.040000000037253,0.8496066999999998
249,23,165,-334142.44,-5.0398602,0.2600000000093132,0.1943028
249,24,180,-334142.7,-5.234163,0,0
250,1,-165,-526978.94,-86.49239,2.5,2.1160699999999935
250,2,-150,-526980.94,-86.91974,0.5,1.6887199999999893
250,3,-135,-526981.06,-86.88985,0.3799999998882413,1.7186099999999982
250,4,-120,-526979.94,-84.94507,1.5,3.6633899999999926
250,5,-105,-526980.1,-84.27,1.3399999999674037,4.338459999999998
250,6,-90,-526981,-83.07523,0.4399999999441206,5.533229999999989
250,7,-75,-526981.44,-83.48852,0,5.11994
250,8,-60,-526981.4,-84.43127,0.0399999999208375,4.177189999999996
250,9,-45,-526980.5,-84.32986,0.9399999999441206,4.278599999999997
250,10,-30,-526979.25,-83.92347,2.1899999999441206,4.684989999999999
250,11,-15,-526978.3,-83.70295,3.1399999998975545,4.9055099999999925
250,12,0,-526977.9,-84.09035,3.5399999999208376,4.518109999999993
250,13,15,-526978.3,-83.70091,3.1399999998975545,4.9075500000000005
250,14,30,-526979.25,-83.873055,2.1899999999441206,4.735405
250,15,45,-526980.5,-84.32811,0.9399999999441206,4.2803499999999985
250,16,60,-526981.4,-84.412964,0.0399999999208375,4.1954959999999915
250,17,75,-526981.44,-83.48888,0,5.119579999999999
250,18,90,-526981,-83.07526,0.4399999999441206,5.533199999999994
250,19,105,-526980.7,-83.48325,0.7399999999906868,5.125209999999996
250,20,120,-526980.3,-83.47232,1.1399999998975543,5.1361399999999975
250,21,135,-526979.7,-82.63049,1.7399999999906868,5.977969999999999
250,22,150,-526981,-88.60846,0.4399999999441206,0
250,23,165,-526978.56,-81.770035,2.8799999998882413,6.838425000000001
250,24,180,-526978.8,-86.20818,2.6399999998975545,2.400279999999995
251,1,-165,-624680.44,6.2674756,3.31000000005588,3.4603422
251,2,-150,-624681.25,5.4531293,2.5,2.6459958999999995
251,3,-135,-624681.8,4.4113545,1.9499999999534336,1.6042210999999997
251,4,-120,-624682.25,3.8536558,1.5,1.0465223999999997
251,5,-105,-624683.3,4.5428257,0.4499999999534338,1.7356922999999997
251,6,-90,-624683.75,3.8776605,0,1.0705271
251,7,-75,-624683.7,3.4813204,0.0500000000465661,0.6741869999999999
251,8,-60,-624682.8,3.1780005,0.949999999953434,0.3708670999999999
251,9,-45,-624681.25,2.8071334,2.5,0
251,10,-30,-624679.56,2.9573786,4.189999999944121,0.15024520000000008
251,11,-15,-624678.44,3.5831716,5.310000000055879,0.7760381999999999
251,12,0,-624678.06,3.720199,5.689999999944121,0.9130655999999999
251,13,15,-624678.44,3.5842128,5.310000000055879,0.7770793999999999
251,14,30,-624679.56,2.9596057,4.189999999944121,0.1524722999999999
251,15,45,-624681.25,2.8654008,2.5,0.05826740000000008
251,16,60,-624682.8,3.1211958,0.949999999953434,0.3140624000000001
251,17,75,-624683.7,3.479488,0.0500000000465661,0.6723545999999998
251,18,90,-624683.75,3.878925,0,1.0717916
251,19,105,-624683.3,4.540483,0.4499999999534338,1.7333496
251,20,120,-624682.25,3.8854973,1.5,1.0783638999999998
251,21,135,-624681.8,4.412671,1.9499999999534336,1.6055375999999995
251,22,150,-624681.25,5.447958,2.5,2.6408245999999997
251,23,165,-624680.44,6.268737,3.31000000005588,3.4616035999999997
251,24,180,-624679.8,6.5463457,3.949999999953434,3.7392122999999997
252,1,-165,-565402.5,23.072834,9.06000000005588,7.9606010000000005
252,2,-150,-565404.6,20.5794,6.960000000079162,5.467167
252,3,-135,-565406.8,19.101192,4.760000000009313,3.9889590000000013
252,4,-120,-565409.44,17.564272,2.1200000001117587,2.452038999999999
252,5,-105,-565411,16.074074,0.5600000000558794,0.9618409999999997
252,6,-90,-565411.56,15.358033,0,0.2458000000000009
252,7,-75,-565411.3,15.112233,0.2600000000093132,0
252,8,-60,-565410.25,15.673765,1.3100000000558794,0.5615319999999997
252,9,-45,-565409.25,16.269857,2.31000000005588,1.1576239999999984
252,10,-30,-565408.25,16.79306,3.31000000005588,1.6808270000000007
252,11,-15,-565407.44,17.263596,4.120000000111759,2.151363
252,12,0,-565406.9,16.679106,4.660000000032596,1.566873000000001
252,13,15,-565407.44,17.228588,4.120000000111759,2.1163549999999987
252,14,30,-565408.25,16.795685,3.31000000005588,1.683451999999999
252,15,45,-565409.25,16.267742,2.31000000005588,1.1555089999999986
252,16,60,-565410.25,15.677618,1.3100000000558794,0.5653850000000009
252,17,75,-565411.3,15.113197,0.2600000000093132,0.0009639999999997428
252,18,90,-565411.56,15.358031,0,0.24579800000000063
252,19,105,-565411,16.077562,0.5600000000558794,0.9653290000000005
252,20,120,-565409.44,17.571268,2.1200000001117587,2.459035
252,21,135,-565406.8,19.10527,4.760000000009313,3.993037000000001
252,22,150,-565404.6,20.583529,6.960000000079162,5.471295999999999
252,23,165,-565402.5,23.07283,9.06000000005588,7.960597
252,24,180,-565401.7,23.984179,9.860000000102444,8.871946000000001
253,1,-165,-356413.16,3.9388816,0.120000000053551,0.42539970000000027
253,2,-150,-356411.94,3.8458169,1.3400000000256114,0.33233500000000005
253,3,-135,-356409.8,4.290288,3.480000000039581,0.7768061000000004
253,4,-120,-356407.1,5.4326687,6.180000000051223,1.9191867999999999
253,5,-105,-356404.2,6.9597573,9.080000000016298,3.4462753999999998
253,6,-90,-356401.84,8.251981,11.440000000002328,4.7384991
253,7,-75,-356401.22,8.768633,12.06000000005588,5.255151099999999
253,8,-60,-356401.94,9.780043,11.340000000025611,6.266561099999999
253,9,-45,-356402.56,11.401768,10.720000000030268,7.8882861
253,10,-30,-356402.5,13.920944,10.78000000002794,10.4074621
253,11,-15,-356401.5,17.745914,11.78000000002794,14.232432099999999
253,12,0,-356399.78,22.66887,13.5,19.1553881
253,13,15,-356401.5,17.747269,11.78000000002794,14.233787099999999
253,14,30,-356402.5,13.92094,10.78000000002794,10.4074581
253,15,45,-356402.56,11.401777,10.720000000030268,7.888295099999999
253,16,60,-356401.94,9.779718,11.340000000025611,6.2662361
253,17,75,-356401.22,8.768422,12.06000000005588,5.254940099999999
253,18,90,-356401.84,8.246554,11.440000000002328,4.733072099999999
253,19,105,-356404.2,6.944896,9.080000000016298,3.4314141
253,20,120,-356407.1,5.425918,6.180000000051223,1.9124361000000003
253,21,135,-356409.8,4.2952003,3.480000000039581,0.7817184000000004
253,22,150,-356411.94,3.8440263,1.3400000000256114,0.33054439999999996
253,23,165,-356413.16,3.9286158,0.120000000053551,0.4151339000000003
253,24,180,-356413.28,3.5134819,0,0
254,1,-165,-665825.4,49.221813,0.0399999999208375,1.0713689999999971
254,2,-150,-665824.9,48.437725,0.5399999999208376,0.2872810000000001
254,3,-135,-665823.94,48.28473,1.5,0.13428600000000301
254,4,-120,-665822.6,48.81547,2.839999999967404,0.6650259999999975
254,5,-105,-665821.4,49.717995,4.039999999920838,1.5675510000000017
254,6,-90,-665820.8,50.091038,4.6399999998975545,1.9405939999999973
254,7,-75,-665821.44,49.669094,4,1.518650000000001
254,8,-60,-665822.7,48.716923,2.7399999999906868,0.5664790000000011
254,9,-45,-665824,48.150444,1.4399999999441206,0
254,10,-30,-665824.94,48.40249,0.5,0.252046
254,11,-15,-665825.4,49.23001,0.0399999999208375,1.0795659999999998
254,12,0,-665825.44,49.705887,0,1.5554429999999968
254,13,15,-665825.4,49.22449,0.0399999999208375,1.0740460000000027
254,14,30,-665824.94,48.41267,0.5,0.2622259999999983
254,15,45,-665824,48.15133,1.4399999999441206,0.0008860000000012747
254,16,60,-665822.7,48.71852,2.7399999999906868,0.5680759999999978
254,17,75,-665821.44,49.669094,4,1.518650000000001
254,18,90,-665820.8,50.108932,4.6399999998975545,1.9584880000000027
254,19,105,-665821.4,49.717995,4.039999999920838,1.5675510000000017
254,20,120,-665822.6,48.81547,2.839999999967404,0.6650259999999975
254,21,135,-665823.94,48.285656,1.5,0.13521200000000277
254,22,150,-665824.9,48.43773,0.5399999999208376,0.2872860000000017
254,23,165,-665825.4,49.221813,0.0399999999208375,1.0713689999999971
254,24,180,-665825.44,49.710037,0,1.5595929999999996
255,1,-165,-443943.7,-13.8197975,0.0999999999767169,0.5107754999999994
255,2,-150,-443943.8,-12.679118,0,1.6514549999999986
255,3,-135,-443943.75,-11.247017,0.0499999999883584,3.0835559999999997
255,4,-120,-443943.12,-10.005545,0.6799999999930151,4.325028
255,5,-105,-443943.56,-10.642312,0.2399999999906867,3.688260999999999
255,6,-90,-443943.75,-11.730243,0.0499999999883584,2.6003299999999996
255,7,-75,-443943.1,-11.914469,0.7000000000116415,2.416103999999999
255,8,-60,-443942.16,-10.782578,1.6400000000139698,3.5479949999999985
255,9,-45,-443940.3,-8.283581,3.5,6.0469919999999995
255,10,-30,-443938.1,-4.922964,5.7000000000116415,9.407608999999999
255,11,-15,-443936.16,-1.741146,7.64000000001397,12.589426999999999
255,12,0,-443934.72,0.45130908,9.080000000016298,14.781882079999999
255,13,15,-443936.16,-1.7407156,7.64000000001397,12.5898574
255,14,30,-443938.1,-4.915867,5.7000000000116415,9.414705999999999
255,15,45,-443940.3,-8.297068,3.5,6.033505
255,16,60,-443942.2,-10.697927,1.599999999976717,3.6326459999999994
255,17,75,-443943.1,-11.863967,0.7000000000116415,2.4666059999999987
255,18,90,-443943.72,-11.739981,0.0800000000162981,2.590591999999999
255,19,105,-443943.56,-10.642202,0.2399999999906867,3.688371
255,20,120,-443943.12,-9.983838,0.6799999999930151,4.346734999999999
255,21,135,-443943.75,-11.245244,0.0499999999883584,3.0853289999999998
255,22,150,-443943.8,-12.678914,0,1.6516589999999987
255,23,165,-443943.7,-13.820513,0.0999999999767169,0.5100599999999993
255,24,180,-443943.34,-14.330573,0.4599999999627471,0
256,1,-165,-463101.8,97.556854,2.040000000037253,6.1321180000000055
256,2,-150,-463101.88,95.64252,1.9600000000209548,4.217784000000009
256,3,-135,-463101.38,94.38506,2.4600000000209548,2.960324
256,4,-120,-463100.56,93.65308,3.28000000002794,2.228344000000007
256,5,-105,-463099.94,93.08072,3.900000000023283,1.6559840000000037
256,6,-90,-463100.2,92.51824,3.64000000001397,1.09350400000001
256,7,-75,-463101.16,91.74754,2.6800000000512227,0.322804000000005
256,8,-60,-463102.44,91.4266,1.400000000023283,0.0018639999999976453
256,9,-45,-463103.4,91.92957,0.4400000000023283,0.5048340000000024
256,10,-30,-463103.84,92.86553,0,1.440794000000011
256,11,-15,-463103.62,94.02505,0.2200000000302679,2.6003139999999973
256,12,0,-463102.84,95.14924,1,3.7245040000000103
256,13,15,-463103.62,94.03574,0.2200000000302679,2.6110040000000083
256,14,30,-463103.84,92.86553,0,1.440794000000011
256,15,45,-463103.4,91.95129,0.4400000000023283,0.5265540000000044
256,16,60,-463102.44,91.424736,1.400000000023283,0
256,17,75,-463101.16,91.74589,2.6800000000512227,0.32115400000000704
256,18,90,-463100.2,92.50707,3.64000000001397,1.082334000000003
256,19,105,-463099.94,93.07792,3.900000000023283,1.6531840000000102
256,20,120,-463100.56,93.65742,3.28000000002794,2.232684000000006
256,21,135,-463101.38,94.38824,2.4600000000209548,2.9635040000000004
256,22,150,-463101.88,95.64252,1.9600000000209548,4.217784000000009
256,23,165,-463101.8,97.57217,2.040000000037253,6.147434000000004
256,24,180,-463101.25,100.48896,2.590000000025612,9.06422400000001
257,1,-165,-489995.53,-19.111889,0.7699999999604188,1.0495679999999972
257,2,-150,-489995.94,-19.526335,0.3599999999860301,0.6351219999999991
257,3,-135,-489996.16,-19.88126,0.1400000000139698,0.2801969999999976
257,4,-120,-489996.3,-20.161457,0,0
257,5,-105,-489996.2,-20.13373,0.0999999999767169,0.027726999999998725
257,6,-90,-489995.62,-19.93365,0.6799999999930151,0.22780699999999854
257,7,-75,-489996.2,-20.13258,0.0999999999767169,0.02887699999999782
257,8,-60,-489996.3,-20.147451,0,0.014005999999998409
257,9,-45,-489996.12,-19.857883,0.179999999993015,0.30357399999999757
257,10,-30,-489995.88,-19.498562,0.4199999999837018,0.6628949999999989
257,11,-15,-489995.5,-19.098555,0.7999999999883585,1.0629019999999976
257,12,0,-489995.03,-18.811098,1.2699999999604188,1.3503589999999974
257,13,15,-489995.5,-19.098557,0.7999999999883585,1.062899999999999
257,14,30,-489995.88,-19.4929,0.4199999999837018,0.6685569999999998
257,15,45,-489996.12,-19.856176,0.179999999993015,0.30528099999999725
257,16,60,-489996.3,-20.149769,0,0.011687999999999477
257,17,75,-489996.2,-20.132578,0.0999999999767169,0.028878999999999877
257,18,90,-489995.62,-19.933653,0.6799999999930151,0.227803999999999
257,19,105,-489996.2,-20.142977,0.0999999999767169,0.018480000000000274
257,20,120,-489996.3,-20.160324,0,0.0011329999999993845
257,21,135,-489996.16,-19.882399,0.1400000000139698,0.27905799999999914
257,22,150,-489995.94,-19.526962,0.3599999999860301,0.6344949999999976
257,23,165,-489995.53,-19.111893,0.7699999999604188,1.0495640000000002
257,24,180,-489995.03,-18.808714,1.2699999999604188,1.3527430000000003
258,1,-165,-311611.94,20.278635,0.9000000000232831,4.519691000000002
258,2,-150,-311612.78,17.461782,0.0599999999976716,1.7028379999999999
258,3,-135,-311612.84,16.078375,0,0.3194310000000016
258,4,-120,-311612.25,15.80691,0.5900000000256114,0.04796600000000062
258,5,-105,-311611.5,16.045593,1.3400000000256114,0.2866490000000006
258,6,-90,-311611.16,16.206854,1.6800000000512227,0.44791000000000025
258,7,-75,-311611.47,15.989584,1.370000000053551,0.23064000000000107
258,8,-60,-311612.22,15.76049,0.620000000053551,0.0015460000000011576
258,9,-45,-311612.8,16.026955,0.0400000000372529,0.26801100000000133
258,10,-30,-311612.8,17.247452,0.0400000000372529,1.4885079999999995
258,11,-15,-311612.03,19.822947,0.8099999999976717,4.064003
258,12,0,-311611.28,22.676868,1.5599999999976717,6.917923999999999
258,13,15,-311612.03,19.819374,0.8099999999976717,4.06043
258,14,30,-311612.8,17.251966,0.0400000000372529,1.4930219999999998
258,15,45,-311612.8,16.03389,0.0400000000372529,0.2749459999999999
258,16,60,-311612.22,15.758944,0.620000000053551,0
258,17,75,-311611.47,15.986459,1.370000000053551,0.22751500000000036
258,18,90,-311611.16,16.208277,1.6800000000512227,0.4493329999999993
258,19,105,-311611.5,16.04767,1.3400000000256114,0.2887260000000005
258,20,120,-311612.25,15.808651,0.5900000000256114,0.049706999999999724
258,21,135,-311612.84,16.078375,0,0.3194310000000016
258,22,150,-311612.78,17.46136,0.0599999999976716,1.7024159999999995
258,23,165,-311611.94,20.278635,0.9000000000232831,4.519691000000002
258,24,180,-311611.28,22.671501,1.5599999999976717,6.912557
259,1,-165,-524576.4,54.31953,3.099999999976717,7.447760000000002
259,2,-150,-524578.6,49.43252,0.9000000000232831,2.5607499999999987
259,3,-135,-524579.5,47.6089,0,0.7371300000000005
259,4,-120,-524579.4,47.24111,0.0999999999767169,0.3693400000000011
259,5,-105,-524578.7,47.647663,0.8000000000465661,0.7758930000000035
259,6,-90,-524577.6,46.87177,1.900000000023283,0
259,7,-75,-524578.7,47.6331,0.8000000000465661,0.761330000000001
259,8,-60,-524579.3,47.28642,0.1999999999534338,0.41465000000000174
259,9,-45,-524579.5,47.57303,0,0.7012600000000049
259,10,-30,-524578.75,49.1494,0.75,2.277630000000002
259,11,-15,-524576.8,52.967503,2.699999999953434,6.095733000000003
259,12,0,-524573.8,60.522858,5.699999999953434,13.651088000000001
259,13,15,-524576.8,52.91027,2.699999999953434,6.038499999999999
259,14,30,-524578.75,49.1494,0.75,2.277630000000002
259,15,45,-524579.5,47.535435,0,0.6636650000000017
259,16,60,-524579.3,47.286427,0.1999999999534338,0.4146570000000054
259,17,75,-524578.7,47.633106,0.8000000000465661,0.761336
259,18,90,-524577.6,46.87177,1.900000000023283,0
259,19,105,-524578.7,47.648052,0.8000000000465661,0.7762820000000019
259,20,120,-524579.4,47.27103,0.0999999999767169,0.3992600000000053
259,21,135,-524579.5,47.608276,0,0.7365059999999986
259,22,150,-524578.6,49.430714,0.9000000000232831,2.558944000000004
259,23,165,-524576.4,54.251747,3.099999999976717,7.379977000000004
259,24,180,-524573,64.77162,6.5,17.89985
260,1,-165,-315406.28,15.838878,4.019999999960419,6.934524
260,2,-150,-315408.94,11.282066,1.3599999999860302,2.3777120000000007
260,3,-135,-315410.2,9.329691,0.0999999999767169,0.42533700000000074
260,4,-120,-315410.3,8.904354,0,0
260,5,-105,-315409.97,9.187825,0.3300000000162981,0.2834710000000005
260,6,-90,-315409.78,9.397116,0.5199999999604188,0.4927620000000008
260,7,-75,-315410,9.171108,0.2999999999883584,0.2667540000000006
260,8,-60,-315410.3,8.907265,0,0.002911000000000996
260,9,-45,-315410.1,9.518843,0.2000000000116415,0.6144890000000007
260,10,-30,-315408.66,11.844099,1.6400000000139698,2.9397450000000003
260,11,-15,-315405.97,16.638311,4.330000000016298,7.733957000000002
260,12,0,-315403.4,25.534485,6.899999999965075,16.630131
260,13,15,-315405.97,16.63489,4.330000000016298,7.730535999999999
260,14,30,-315408.66,11.843895,1.6400000000139698,2.939541
260,15,45,-315410.1,9.518843,0.2000000000116415,0.6144890000000007
260,16,60,-315410.3,8.9073,0,0.002945999999999671
260,17,75,-315410,9.171108,0.2999999999883584,0.2667540000000006
260,18,90,-315409.78,9.397117,0.5199999999604188,0.49276300000000006
260,19,105,-315409.97,9.187825,0.3300000000162981,0.2834710000000005
260,20,120,-315410.3,8.904426,0,7.200000000118223e-05
260,21,135,-315410.2,9.32969,0.0999999999767169,0.4253359999999997
260,22,150,-315408.94,11.279637,1.3599999999860302,2.3752829999999996
260,23,165,-315406.28,15.848012,4.019999999960419,6.943658000000001
260,24,180,-315403.4,25.539165,6.899999999965075,16.634811
261,1,-165,-464520.9,-41.187386,1.9400000000023283,4.537294000000003
261,2,-150,-464520.5,-42.28103,2.340000000025612,3.443649999999998
261,3,-135,-464519.34,-42.67473,3.5,3.0499500000000026
261,4,-120,-464518.03,-42.742783,4.809999999997672,2.9818969999999965
261,5,-105,-464517.03,-42.476437,5.809999999997672,3.248243000000002
261,6,-90,-464516.56,-42.125694,6.28000000002794,3.5989859999999965
261,7,-75,-464516.94,-42.89622,5.900000000023283,2.8284599999999998
261,8,-60,-464519.03,-44.400658,3.809999999997672,1.3240219999999994
261,9,-45,-464520.94,-45.386993,1.900000000023283,0.3376870000000025
261,10,-30,-464522.22,-45.72456,0.620000000053551,0.0001200000000025625
261,11,-15,-464522.84,-45.628517,0,0.09616299999999711
261,12,0,-464522.78,-45.33118,0.0599999999976716,0.39349999999999596
261,13,15,-464522.84,-45.62403,0,0.10065000000000168
261,14,30,-464522.22,-45.72468,0.620000000053551,0
261,15,45,-464520.94,-45.39885,1.900000000023283,0.3258299999999963
261,16,60,-464519.03,-44.399986,3.809999999997672,1.324694000000001
261,17,75,-464516.94,-42.89622,5.900000000023283,2.8284599999999998
261,18,90,-464516.56,-42.125927,6.28000000002794,3.598753000000002
261,19,105,-464517.03,-42.473152,5.809999999997672,3.2515280000000004
261,20,120,-464518.03,-42.742897,4.809999999997672,2.981783
261,21,135,-464519.34,-42.675182,3.5,3.049498
261,22,150,-464520.5,-42.28032,2.340000000025612,3.444359999999996
261,23,165,-464520.9,-41.188904,1.9400000000023283,4.5357759999999985
261,24,180,-464520.62,-39.68288,2.220000000030268,6.041800000000002
262,1,-165,-720323.8,30.138561,3.899999999906868,4.201006
262,2,-150,-720326.2,27.615417,1.5,1.677862000000001
262,3,-135,-720327.4,26.36521,0.2999999999301508,0.42765500000000145
262,4,-120,-720327.7,26.047155,0,0.10960000000000036
262,5,-105,-720327.44,26.237638,0.2600000000093132,0.30008300000000077
262,6,-90,-720326.8,26.928179,0.8999999999068677,0.9906240000000004
262,7,-75,-720327.56,25.983938,0.1399999998975545,0.04638299999999873
262,8,-60,-720327.7,25.93897,0,0.0014150000000014984
262,9,-45,-720326.8,27.284554,0.8999999999068677,1.3469990000000003
262,10,-30,-720324.9,30.211956,2.799999999930151,4.274401000000001
262,11,-15,-720321.9,34.4783,5.799999999930151,8.540744999999998
262,12,0,-720318,40.07271,9.699999999953434,14.135155000000001
262,13,15,-720321.9,34.517254,5.799999999930151,8.579699000000002
262,14,30,-720324.9,30.166344,2.799999999930151,4.228788999999999
262,15,45,-720326.8,27.284605,0.8999999999068677,1.3470499999999994
262,16,60,-720327.7,25.937555,0,0
262,17,75,-720327.56,25.984472,0.1399999998975545,0.04691700000000054
262,18,90,-720326.8,26.930565,0.8999999999068677,0.9930100000000017
262,19,105,-720327.44,26.242504,0.2600000000093132,0.3049490000000006
262,20,120,-720327.7,26.034908,0,0.0973530000000018
262,21,135,-720327.4,26.364113,0.2999999999301508,0.426558
262,22,150,-720326.2,27.617025,1.5,1.679470000000002
262,23,165,-720323.8,30.143347,3.899999999906868,4.205791999999999
262,24,180,-720320.25,34.051815,7.449999999953434,8.114259999999998
263,1,-165,-452802.06,59.865345,4.239999999990687,5.380054999999999
263,2,-150,-452802.03,59.46387,4.269999999960419,4.978580000000001
263,3,-135,-452801.94,59.056267,4.35999999998603,4.570976999999999
263,4,-120,-452802.1,58.8795,4.2000000000116415,4.394210000000001
263,5,-105,-452802.9,58.249546,3.3999999999650754,3.764256000000003
263,6,-90,-452803.78,57.336143,2.519999999960419,2.8508530000000007
263,7,-75,-452804.4,56.644115,1.8999999999650756,2.158825
263,8,-60,-452806.3,55.59614,0,1.1108499999999992
263,9,-45,-452805.72,54.886757,0.5800000000162981,0.4014670000000038
263,10,-30,-452804.9,54.48529,1.3999999999650754,0
263,11,-15,-452803.97,54.584488,2.330000000016298,0.09919800000000123
263,12,0,-452803.3,54.829372,3,0.3440820000000002
263,13,15,-452803.97,54.592613,2.330000000016298,0.10732300000000095
263,14,30,-452804.9,54.492302,1.3999999999650754,0.007012000000003127
263,15,45,-452805.72,54.894638,0.5800000000162981,0.4093480000000014
263,16,60,-452806.3,55.609272,0,1.123981999999998
263,17,75,-452804.4,56.651012,1.8999999999650756,2.1657220000000024
263,18,90,-452803.78,57.330555,2.519999999960419,2.8452649999999977
263,19,105,-452802.9,58.252773,3.3999999999650754,3.7674829999999986
263,20,120,-452802.1,58.8795,4.2000000000116415,4.394210000000001
263,21,135,-452801.94,59.064625,4.35999999998603,4.579335
263,22,150,-452802.03,59.462673,4.269999999960419,4.977383000000003
263,23,165,-452802.06,59.86048,4.239999999990687,5.3751900000000035
263,24,180,-452802.03,60.14244,4.269999999960419,5.6571500000000015
264,1,-165,-516287.06,-34.751667,0.1599999999743886,0.07550300000000476
264,2,-150,-516286.5,-34.197975,0.7199999999720603,0.6291950000000028
264,3,-135,-516285.66,-32.85806,1.5599999999976717,1.9691100000000006
264,4,-120,-516284.78,-30.852055,2.4399999999441206,3.9751150000000024
264,5,-105,-516283.94,-28.58618,3.279999999969732,6.240990000000004
264,6,-90,-516283.3,-26.598885,3.919999999983702,8.228285000000003
264,7,-75,-516282.72,-25.206392,4.5,9.620778000000001
264,8,-60,-516283.06,-25.111132,4.159999999974389,9.716038000000001
264,9,-45,-516282.88,-25.704092,4.339999999967404,9.123078000000003
264,10,-30,-516282.34,-26.07998,4.879999999946449,8.747190000000003
264,11,-15,-516281.72,-26.099222,5.5,8.727948000000001
264,12,0,-516281.3,-25.98821,5.919999999983702,8.838960000000004
264,13,15,-516281.72,-26.099174,5.5,8.727996000000001
264,14,30,-516282.34,-26.051786,4.879999999946449,8.775384000000003
264,15,45,-516282.88,-25.704096,4.339999999967404,9.123074000000003
264,16,60,-516283.06,-25.079823,4.159999999974389,9.747347000000001
264,17,75,-516282.72,-25.188944,4.5,9.638226000000003
264,18,90,-516283.3,-26.592598,3.919999999983702,8.234572000000004
264,19,105,-516283.94,-28.570415,3.279999999969732,6.256755000000002
264,20,120,-516284.78,-30.86256,2.4399999999441206,3.964610000000004
264,21,135,-516285.66,-32.971687,1.5599999999976717,1.8554829999999995
264,22,150,-516286.5,-34.203026,0.7199999999720603,0.6241440000000011
264,23,165,-516287.06,-34.751694,0.1599999999743886,0.07547600000000187
264,24,180,-516287.22,-34.82717,0,0
265,1,-165,-334148.53,1.7537168,0.2699999999604188,0.215905
265,2,-150,-334147.7,2.4293606,1.099999999976717,0.8915487999999998
265,3,-135,-334146.3,3.5599222,2.5,2.0221104
265,4,-120,-334144.62,4.9809246,4.179999999993015,3.4431127999999998
265,5,-105,-334143.03,6.3079658,5.769999999960419,4.770154
265,6,-90,-334142.34,6.9320927,6.459999999962747,5.3942809
265,7,-75,-334143,6.342167,5.799999999988359,4.8043552
265,8,-60,-334144.53,4.9906006,4.269999999960419,3.4527887999999995
265,9,-45,-334146.22,3.5564313,2.580000000016298,2.0186195
265,10,-30,-334147.62,2.4177394,1.179999999993015,0.8799275999999998
265,11,-15,-334148.5,1.7441332,0.2999999999883584,0.2063214
265,12,0,-334148.8,1.5378883,0,7.650000000003487e-05
265,13,15,-334148.5,1.7441332,0.2999999999883584,0.2063214
265,14,30,-334147.62,2.4177384,1.179999999993015,0.8799266000000001
265,15,45,-334146.22,3.5564322,2.580000000016298,2.0186204
265,16,60,-334144.53,4.9868445,4.269999999960419,3.4490327
265,17,75,-334143,6.3421674,5.799999999988359,4.8043556
265,18,90,-334142.34,6.9320917,6.459999999962747,5.3942799
265,19,105,-334143.03,6.307792,5.769999999960419,4.7699802
265,20,120,-334144.62,4.9809275,4.179999999993015,3.4431157
265,21,135,-334146.3,3.5556216,2.5,2.0178097999999998
265,22,150,-334147.7,2.4293587,1.099999999976717,0.8915468999999998
265,23,165,-334148.53,1.7537141,0.2699999999604188,0.2159023
265,24,180,-334148.8,1.5378118,0,0
266,1,-165,-420629.1,-3.9473197,0.6000000000349246,1.9607446999999998
266,2,-150,-420628.2,-1.2211537,1.5,4.6869107
266,3,-135,-420627.34,-1.279447,2.35999999998603,4.6286173999999995
266,4,-120,-420627.3,-0.3891999,2.400000000023283,5.518864499999999
266,5,-105,-420628.22,-2.2860632,1.4800000000395812,3.6220011999999997
266,6,-90,-420629.22,-5.064432,0.4800000000395812,0.8436323999999997
266,7,-75,-420629.7,-5.803684,0,0.10438040000000015
266,8,-60,-420629.16,-5.9080644,0.5400000000372529,0
266,9,-45,-420627.75,-4.935108,1.9500000000116413,0.9729564000000002
266,10,-30,-420626.03,-2.88504,3.669999999983702,3.0230243999999997
266,11,-15,-420624.56,-0.61005604,5.14000000001397,5.29800836
266,12,0,-420623.78,0.9001164,5.919999999983702,6.8081808
266,13,15,-420624.56,-0.60909605,5.14000000001397,5.29896835
266,14,30,-420626.03,-2.975974,3.669999999983702,2.9320904
266,15,45,-420627.75,-4.9030137,1.9500000000116413,1.0050507
266,16,60,-420629.16,-5.8977485,0.5400000000372529,0.010315900000000156
266,17,75,-420629.7,-5.798515,0,0.10954939999999969
266,18,90,-420629.22,-4.9344225,0.4800000000395812,0.9736418999999996
266,19,105,-420628.22,-2.30608,1.4800000000395812,3.6019843999999996
266,20,120,-420627.3,-0.3812242,2.400000000023283,5.5268402
266,21,135,-420627.16,-1.5959836,2.540000000037253,4.3120807999999995
266,22,150,-420628.22,-3.0217736,1.4800000000395812,2.8862908
266,23,165,-420629.1,-3.9443939,0.6000000000349246,1.9636704999999997
266,24,180,-420629.38,-4.2563367,0.3200000000069849,1.6517276999999995
267,1,-165,-341196.12,-184.03275,0,0.5510199999999941
267,2,-150,-341195.56,-184.50005,0.5599999999976717,0.08371999999999957
267,3,-135,-341193.47,-183.87505,2.650000000023283,0.7087199999999996
267,4,-120,-341190.03,-182.54677,6.089999999967404,2.0369999999999777
267,5,-105,-341186.97,-178.32526,9.150000000023285,6.258510000000001
267,6,-90,-341183.88,-175.33835,12.239999999990689,9.245419999999996
267,7,-75,-341186.8,-180.84222,9.320000000006983,3.7415499999999895
267,8,-60,-341191.2,-182.56137,4.919999999983702,2.022399999999976
267,9,-45,-341194.22,-184.18484,1.900000000023283,0.3989299999999787
267,10,-30,-341195.84,-184.56985,0.279999999969732,0.013919999999984611
267,11,-15,-341196.06,-183.7934,0.0599999999976716,0.7903699999999958
267,12,0,-341195.4,-182.0985,0.7199999999720603,2.4852699999999857
267,13,15,-341196.06,-183.79039,0.0599999999976716,0.7933799999999849
267,14,30,-341195.84,-184.53566,0.279999999969732,0.04810999999997989
267,15,45,-341194.22,-184.15826,1.900000000023283,0.4255099999999743
267,16,60,-341191.2,-182.67703,4.919999999983702,1.906739999999985
267,17,75,-341186.9,-180.64476,9.21999999997206,3.939009999999996
267,18,90,-341183.88,-175.34814,12.239999999990689,9.235629999999986
267,19,105,-341186.8,-178.40552,9.320000000006983,6.178249999999991
267,20,120,-341190.06,-182.55386,6.059999999997672,2.029910000000001
267,21,135,-341193.47,-184.12418,2.650000000023283,0.4595899999999915
267,22,150,-341195.56,-184.58377,0.5599999999976717,0
267,23,165,-341196.12,-184.03928,0,0.5444899999999961
267,24,180,-341195.5,-182.32552,0.6199999999953434,2.2582499999999754
268,1,-165,-312358.62,26.594484,0.9400000000023284,2.2256430000000016
268,2,-150,-312357.47,27.488928,2.090000000025612,3.1200870000000016
268,3,-135,-312355.9,28.253366,3.6599999999743886,3.884525
268,4,-120,-312354.28,28.65845,5.279999999969732,4.289608999999999
268,5,-105,-312353.03,28.790377,6.529999999969732,4.421536
268,6,-90,-312352.94,28.230518,6.619999999995343,3.8616770000000002
268,7,-75,-312354.22,26.80578,5.340000000025611,2.436938999999999
268,8,-60,-312356.12,25.463625,3.4400000000023283,1.0947840000000006
268,9,-45,-312357.94,24.596539,1.6199999999953434,0.22769800000000018
268,10,-30,-312359.12,24.37337,0.4400000000023283,0.0045290000000015596
268,11,-15,-312359.56,24.744432,0,0.375591
268,12,0,-312359.34,25.624216,0.2199999999720603,1.2553750000000008
268,13,15,-312358.62,26.567644,0.9400000000023284,2.1988030000000016
268,14,30,-312357.47,27.486603,2.090000000025612,3.117761999999999
268,15,45,-312355.9,28.281563,3.6599999999743886,3.9127219999999987
268,16,60,-312354.22,28.664818,5.340000000025611,4.295977000000001
268,17,75,-312353.03,28.8053,6.529999999969732,4.436458999999999
268,18,90,-312352.88,28.251131,6.679999999993015,3.882290000000001
268,19,105,-312354.16,26.697636,5.400000000023283,2.3287949999999995
268,20,120,-312356.12,25.430748,3.4400000000023283,1.0619070000000015
268,21,135,-312357.94,24.622938,1.6199999999953434,0.25409700000000157
268,22,150,-312359.12,24.368841,0.4400000000023283,0
268,23,165,-312359.56,24.734877,0,0.36603600000000114
268,24,180,-312359.34,25.62046,0.2199999999720603,1.2516190000000016
269,1,-165,-418108.16,38.08025,0.1400000000139698,0.1175399999999982
269,2,-150,-418107.53,38.61319,0.7699999999604188,0.6504800000000017
269,3,-135,-418106.16,39.449966,2.14000000001397,1.4872560000000021
269,4,-120,-418104.12,40.989048,4.179999999993015,3.0263379999999955
269,5,-105,-418102.03,42.970375,6.269999999960419,5.007664999999996
269,6,-90,-418100.56,44.573555,7.739999999990687,6.610844999999998
269,7,-75,-418100.22,45.299088,8.080000000016298,7.336377999999996
269,8,-60,-418100.53,45.681114,7.769999999960419,7.718404
269,9,-45,-418100.72,46.22791,7.580000000016298,8.2652
269,10,-30,-418100.25,47.387775,8.049999999988358,9.425064999999996
269,11,-15,-418098.97,49.376453,9.330000000016298,11.413742999999997
269,12,0,-418097.66,51.865353,10.64000000001397,13.902642999999998
269,13,15,-418098.97,49.3749,9.330000000016298,11.412189999999995
269,14,30,-418100.25,47.379303,8.049999999988358,9.416592999999999
269,15,45,-418100.72,46.2279,7.580000000016298,8.265189999999997
269,16,60,-418100.53,45.672413,7.769999999960419,7.7097029999999975
269,17,75,-418100.22,45.299213,8.080000000016298,7.336503
269,18,90,-418100.56,44.57264,7.739999999990687,6.6099299999999985
269,19,105,-418102.03,42.981747,6.269999999960419,5.019036999999997
269,20,120,-418104.2,41.078335,4.099999999976717,3.1156250000000014
269,21,135,-418106.16,39.399437,2.14000000001397,1.4367269999999976
269,22,150,-418107.53,38.428223,0.7699999999604188,0.4655130000000014
269,23,165,-418108.16,38.074547,0.1400000000139698,0.1118370000000013
269,24,180,-418108.3,37.96271,0,0
270,1,-165,-355667.97,-43.725903,0.2800000000279397,5.786089999999994
270,2,-150,-355667.16,-43.2129,1.0900000000256114,6.299092999999999
270,3,-135,-355665.75,-42.49583,2.5,7.016162999999999
270,4,-120,-355663.84,-41.599907,4.409999999974389,7.912085999999995
270,5,-105,-355661.6,-40.58911,6.650000000023283,8.922882999999999
270,6,-90,-355660.84,-43.036194,7.409999999974389,6.475798999999995
270,7,-75,-355662.53,-45.345352,5.71999999997206,4.1666409999999985
270,8,-60,-355664.66,-46.555935,3.590000000025612,2.9560579999999987
270,9,-45,-355666.16,-48.24845,2.090000000025612,1.2635429999999985
270,10,-30,-355667.12,-49.019238,1.1300000000046566,0.4927549999999954
270,11,-15,-355667.66,-49.39545,0.5900000000256114,0.11654300000000006
270,12,0,-355667.8,-49.511993,0.4500000000116415,0
270,13,15,-355667.66,-49.39546,0.5900000000256114,0.11653299999999689
270,14,30,-355667.12,-49.022198,1.1300000000046566,0.48979499999999376
270,15,45,-355666.16,-48.246807,2.090000000025612,1.265186
270,16,60,-355664.66,-46.555183,3.590000000025612,2.9568099999999973
270,17,75,-355662.53,-45.33991,5.71999999997206,4.1720829999999935
270,18,90,-355660.84,-43.036194,7.409999999974389,6.475798999999995
270,19,105,-355661.6,-40.59132,6.650000000023283,8.920672999999994
270,20,120,-355663.84,-41.594025,4.409999999974389,7.917967999999995
270,21,135,-355665.75,-42.49555,2.5,7.016442999999995
270,22,150,-355667.16,-43.213066,1.0900000000256114,6.298926999999999
270,23,165,-355667.97,-43.728294,0.2800000000279397,5.783698999999999
270,24,180,-355668.25,-43.926994,0,5.584998999999996
271,1,-165,-431734.9,-27.248999,0.1599999999743886,1.9311159999999994
271,2,-150,-431735,-28.505198,0.0599999999976716,0.6749170000000007
271,3,-135,-431735.06,-29.089012,0,0.09110300000000038
271,4,-120,-431735,-28.9961,0.0599999999976716,0.18401500000000226
271,5,-105,-431734.94,-28.71757,0.1199999999953433,0.4625450000000022
271,6,-90,-431735,-28.644838,0.0599999999976716,0.5352770000000007
271,7,-75,-431734.97,-28.826313,0.0900000000256113,0.3538020000000017
271,8,-60,-431734.5,-29.180113,0.5599999999976717,2.0000000020559128e-06
271,9,-45,-431734.06,-28.19452,1,0.985595
271,10,-30,-431733.1,-26.385477,1.9600000000209548,2.794637999999999
271,11,-15,-431731.4,-24.511152,3.6599999999743886,4.6689630000000015
271,12,0,-431728.72,-22.794725,6.340000000025611,6.385390000000001
271,13,15,-431731.4,-24.501223,3.6599999999743886,4.678892000000001
271,14,30,-431733.1,-26.379257,1.9600000000209548,2.8008580000000016
271,15,45,-431734.06,-28.195185,1,0.9849300000000021
271,16,60,-431734.5,-29.180115,0.5599999999976717,0
271,17,75,-431734.97,-28.826311,0.0900000000256113,0.35380400000000023
271,18,90,-431735,-28.640623,0.0599999999976716,0.5394919999999992
271,19,105,-431734.94,-28.71757,0.1199999999953433,0.4625450000000022
271,20,120,-431735,-28.996103,0.0599999999976716,0.18401199999999918
271,21,135,-431735.06,-29.089012,0,0.09110300000000038
271,22,150,-431735,-28.50417,0.0599999999976716,0.6759450000000022
271,23,165,-431734.9,-27.249,0.1599999999743886,1.931115000000002
271,24,180,-431734.97,-26.59282,0.0900000000256113,2.587295000000001
272,1,-165,-397347.97,98.878586,5.830000000016298,3.7227400000000017
272,2,-150,-397346.62,103.093544,7.179999999993015,7.9376979999999975
272,3,-135,-397345.5,105.297455,8.299999999988358,10.141609000000003
272,4,-120,-397347.16,104.5266,6.64000000001397,9.370754000000005
272,5,-105,-397349.12,102.21039,4.679999999993015,7.054544000000007
272,6,-90,-397350.34,100.13264,3.459999999962747,4.976793999999998
272,7,-75,-397350.72,99.01464,3.080000000016298,3.858794000000003
272,8,-60,-397350.16,97.54441,3.64000000001397,2.3885640000000024
272,9,-45,-397348.53,97.136215,5.269999999960419,1.9803690000000103
272,10,-30,-397346.16,100.213524,7.64000000001397,5.05767800000001
272,11,-15,-397344.22,106.62932,9.580000000016298,11.47347400000001
272,12,0,-397343.28,109.76345,10.51999999996042,14.60760400000001
272,13,15,-397344.4,104.11422,9.399999999965075,8.958374000000006
272,14,30,-397347.22,98.56021,6.580000000016298,3.404364000000001
272,15,45,-397350.44,95.54161,3.35999999998603,0.3857640000000089
272,16,60,-397352.78,95.155846,1.0199999999604188,0
272,17,75,-397353.8,95.77343,0,0.6175840000000079
272,18,90,-397353.62,96.61373,0.179999999993015,1.457884000000007
272,19,105,-397353,98.25627,0.7999999999883585,3.100424000000004
272,20,120,-397352.78,99.45441,1.0199999999604188,4.298563999999999
272,21,135,-397352.4,100.060844,1.3999999999650754,4.904998000000006
272,22,150,-397351.66,99.01141,2.14000000001397,3.855564000000001
272,23,165,-397350.9,97.9473,2.8999999999650754,2.7914540000000017
272,24,180,-397349.28,97.42052,4.519999999960419,2.2646739999999994
273,1,-165,-297006.62,18.319778,0.4100000000325963,0.08632400000000118
273,2,-150,-297005.38,18.233454,1.650000000023283,0
273,3,-135,-297003.5,18.527151,3.53000000002794,0.29369700000000165
273,4,-120,-297001.22,19.333958,5.810000000055879,1.1005040000000008
273,5,-105,-296999.06,20.466593,7.970000000030268,2.2331390000000013
273,6,-90,-296997.7,21.436544,9.330000000016298,3.203090000000003
273,7,-75,-296997.72,21.850473,9.31000000005588,3.6170190000000026
273,8,-60,-296998.6,22.210058,8.430000000051223,3.976604000000002
273,9,-45,-296999.44,22.725468,7.590000000025611,4.492014000000001
273,10,-30,-296999.75,23.458096,7.28000000002794,5.224642000000003
273,11,-15,-296999.5,24.589617,7.53000000002794,6.356163000000002
273,12,0,-296999.25,25.394245,7.78000000002794,7.160791000000003
273,13,15,-296999.5,24.57261,7.53000000002794,6.339156000000003
273,14,30,-296999.75,23.459232,7.28000000002794,5.225778000000002
273,15,45,-296999.44,22.725468,7.590000000025611,4.492014000000001
273,16,60,-296998.6,22.222216,8.430000000051223,3.9887620000000013
273,17,75,-296997.72,21.849966,9.31000000005588,3.616512
273,18,90,-296997.7,21.436544,9.330000000016298,3.203090000000003
273,19,105,-296999.06,20.45686,7.970000000030268,2.2234060000000007
273,20,120,-297001.22,19.333961,5.810000000055879,1.1005070000000003
273,21,135,-297003.5,18.527788,3.53000000002794,0.29433400000000276
273,22,150,-297005.38,18.23695,1.650000000023283,0.003496000000001942
273,23,165,-297006.62,18.319778,0.4100000000325963,0.08632400000000118
273,24,180,-297007.03,-4.2081995,2.669999999983702,2.0315242
274,1,-165,-478996.66,-64.97211,1.1800000000512227,0.33782999999999674
274,2,-150,-478996.8,-64.881744,1.040000000037253,0.4281959999999998
274,3,-135,-478996.78,-64.940994,1.0599999999976717,0.368945999999994
274,4,-120,-478996.8,-64.96526,1.040000000037253,0.34467999999999677
274,5,-105,-478997.03,-64.92433,0.8099999999976717,0.3856099999999998
274,6,-90,-478997.34,-64.56692,0.5,0.7430200000000013
274,7,-75,-478997.84,-64.336754,0,0.9731859999999983
274,8,-60,-478997.75,-64.70633,0.0900000000256113,0.6036100000000033
274,9,-45,-478996.88,-64.797455,0.9600000000209548,0.5124849999999981
274,10,-30,-478995.5,-64.55144,2.340000000025612,0.758499999999998
274,11,-15,-478994.16,-64.35459,3.680000000051223,0.9553499999999957
274,12,0,-478993.72,-64.34643,4.120000000053551,0.9635099999999994
274,13,15,-478994.44,-64.62502,3.400000000023283,0.6849199999999911
274,14,30,-478995.8,-65.09184,2.040000000037253,0.21809999999999263
274,15,45,-478997.1,-65.30994,0.7400000000488944,0
274,16,60,-478997.8,-65.20356,0.0400000000372529,0.10638000000000147
274,17,75,-478997.8,-64.7273,0.0400000000372529,0.5826399999999978
274,18,90,-478997.25,-64.27512,0.5900000000256114,1.0348199999999963
274,19,105,-478996.94,-64.639,0.9000000000232831,0.6709400000000016
274,20,120,-478996.72,-64.82238,1.120000000053551,0.487560000000002
274,21,135,-478996.66,-64.96896,1.1800000000512227,0.34098000000000184
274,22,150,-478996.7,-65.04513,1.1400000000139698,0.2648099999999971
274,23,165,-478996.6,-65.13268,1.2400000000488944,0.17726000000000397
274,24,180,-478996.47,-65.24837,1.370000000053551,0.06157000000000323
275,1,-165,-373879.62,9.6520815,2.039999999979045,4.8757114999999995
275,2,-150,-373880.56,7.2092133,1.099999999976717,2.4328433
275,3,-135,-373880.62,6.324235,1.0399999999790452,1.5478649999999998
275,4,-120,-373880.16,6.4984345,1.5,1.7220645
275,5,-105,-373879.62,7.0448246,2.039999999979045,2.2684546
275,6,-90,-373879.75,7.125152,1.9099999999743889,2.348782
275,7,-75,-373880.75,6.4762654,0.9099999999743886,1.6998954
275,8,-60,-373881.66,5.249223,0,0.47285299999999975
275,9,-45,-373881.62,4.77637,0.0399999999790452,0
275,10,-30,-373880.4,5.564398,1.2599999999511056,0.7880279999999997
275,11,-15,-373878.25,7.637598,3.4099999999743886,2.8612279999999997
275,12,0,-373876,11.669416,5.659999999974389,6.893046
275,13,15,-373878.25,7.6152873,3.4099999999743886,2.8389173000000003
275,14,30,-373880.4,5.5502505,1.2599999999511056,0.7738804999999997
275,15,45,-373881.62,4.7771826,0.0399999999790452,0.0008125999999997191
275,16,60,-373881.66,5.249223,0,0.47285299999999975
275,17,75,-373880.75,6.47487,0.9099999999743886,1.6985000000000001
275,18,90,-373879.75,7.1256566,1.9099999999743889,2.3492866
275,19,105,-373879.62,7.0059953,2.039999999979045,2.2296253000000004
275,20,120,-373880.16,6.4960666,1.5,1.7196965999999998
275,21,135,-373880.62,6.3250933,1.0399999999790452,1.5487232999999998
275,22,150,-373880.56,7.2064238,1.099999999976717,2.4300537999999996
275,23,165,-373879.62,9.653621,2.039999999979045,4.877250999999999
275,24,180,-373878.4,13.597719,3.2599999999511056,8.821349
276,1,-165,-522218.44,-23.636272,0.279999999969732,0.1401299999999992
276,2,-150,-522217.66,-23.078606,1.0599999999976717,0.6977960000000003
276,3,-135,-522216.4,-22.075315,2.3199999999487773,1.7010870000000011
276,4,-120,-522214.97,-20.839548,3.75,2.9368540000000003
276,5,-105,-522213.78,-19.812378,4.939999999944121,3.964024000000002
276,6,-90,-522213.3,-19.395317,5.419999999983702,4.381085000000002
276,7,-75,-522213.78,-20.087057,4.939999999944121,3.6893449999999994
276,8,-60,-522215,-21.221369,3.71999999997206,2.5550330000000017
276,9,-45,-522216.47,-22.31634,2.25,1.4600620000000006
276,10,-30,-522217.7,-23.173786,1.0199999999604188,0.6026160000000012
276,11,-15,-522218.47,-23.650703,0.25,0.1256990000000009
276,12,0,-522218.72,-23.776402,0,0
276,13,15,-522218.47,-23.650703,0.25,0.1256990000000009
276,14,30,-522217.7,-23.172338,1.0199999999604188,0.604064000000001
276,15,45,-522216.47,-22.31634,2.25,1.4600620000000006
276,16,60,-522215,-21.21485,3.71999999997206,2.5615520000000025
276,17,75,-522213.78,-20.087057,4.939999999944121,3.6893449999999994
276,18,90,-522213.3,-19.395317,5.419999999983702,4.381085000000002
276,19,105,-522213.78,-19.812378,4.939999999944121,3.964024000000002
276,20,120,-522214.97,-20.839548,3.75,2.9368540000000003
276,21,135,-522216.4,-22.090889,2.3199999999487773,1.6855130000000003
276,22,150,-522217.66,-23.078606,1.0599999999976717,0.6977960000000003
276,23,165,-522218.44,-23.636272,0.279999999969732,0.1401299999999992
276,24,180,-522218.72,-23.776127,0,0.0002750000000020236
277,1,-165,-307081.7,75.114426,0.5499999999883585,0.35616599999998755
277,2,-150,-307080.03,76.11679,2.2199999999720603,1.3585299999999876
277,3,-135,-307077.56,77.65443,4.690000000002328,2.896169999999998
277,4,-120,-307074.75,79.60506,7.5,4.846799999999988
277,5,-105,-307072.2,81.53347,10.049999999988358,6.775209999999987
277,6,-90,-307070.7,83.042496,11.549999999988358,8.284235999999993
277,7,-75,-307070.78,83.72985,11.46999999997206,8.971589999999992
277,8,-60,-307071.84,83.80396,10.409999999974389,9.045699999999997
277,9,-45,-307072.94,83.63874,9.309999999997672,8.880479999999991
277,10,-30,-307073.6,83.490616,8.650000000023283,8.732355999999996
277,11,-15,-307073.72,83.407936,8.53000000002794,8.649676
277,12,0,-307073.62,83.34425,8.630000000004657,8.585989999999995
277,13,15,-307073.72,83.407936,8.53000000002794,8.649676
277,14,30,-307073.6,83.49062,8.650000000023283,8.73236
277,15,45,-307072.94,83.63874,9.309999999997672,8.880479999999991
277,16,60,-307071.84,83.803955,10.409999999974389,9.045694999999995
277,17,75,-307070.78,83.72986,11.46999999997206,8.971599999999995
277,18,90,-307070.7,83.03831,11.549999999988358,8.280049999999989
277,19,105,-307072.2,81.53347,10.049999999988358,6.775209999999987
277,20,120,-307074.75,79.55648,7.5,4.798219999999986
277,21,135,-307077.56,77.65443,4.690000000002328,2.896169999999998
277,22,150,-307080.03,76.11679,2.2199999999720603,1.3585299999999876
277,23,165,-307081.7,75.114426,0.5499999999883585,0.35616599999998755
277,24,180,-307082.25,74.75826,0,0
278,1,-165,-372052.28,5.253565,3.4699999999720603,1.1380064
278,2,-150,-372050.78,5.6502438,4.96999999997206,1.5346852000000002
278,3,-135,-372048.47,7.0371184,7.28000000002794,2.9215598
278,4,-120,-372045.47,9.238204,10.28000000002794,5.1226454
278,5,-105,-372042.3,11.659581,13.450000000011642,7.544022399999999
278,6,-90,-372040.5,11.831535,15.25,7.715976400000001
278,7,-75,-372043.1,10.698179,12.650000000023285,6.5826204
278,8,-60,-372046.47,9.449669,9.28000000002794,5.3341104
278,9,-45,-372049.72,8.543553,6.03000000002794,4.427994399999999
278,10,-30,-372052.16,7.7455053,3.590000000025612,3.6299466999999996
278,11,-15,-372053.56,6.7159047,2.1900000000023283,2.6003461000000003
278,12,0,-372054.03,6.1290083,1.7199999999720603,2.0134497
278,13,15,-372053.53,6.486526,2.2199999999720603,2.3709673999999996
278,14,30,-372052,7.7218447,3.75,3.6062861
278,15,45,-372049.47,9.618924,6.28000000002794,5.5033654
278,16,60,-372046.03,11.703863,9.71999999997206,7.5883044
278,17,75,-372042.16,12.999494,13.590000000025611,8.8839354
278,18,90,-372042.4,11.518147,13.349999999976715,7.402588400000001
278,19,105,-372045.53,9.038547,10.21999999997206,4.9229883999999995
278,20,120,-372048.84,6.612603,6.909999999974389,2.4970444
278,21,135,-372051.72,4.942783,4.03000000002794,0.8272244000000004
278,22,150,-372053.88,4.1417813,1.8699999999953436,0.026222699999999932
278,23,165,-372055.2,4.1155586,0.5499999999883585,0
278,24,180,-372055.75,4.4542174,0,0.33865880000000015
279,1,-165,-347998.38,-33.6641,0.6199999999953434,2.3179939999999988
279,2,-150,-347998.75,-35.576035,0.25,0.40605899999999906
279,3,-135,-347999,-35.982094,0,0
279,4,-120,-347998.97,-35.82242,0.0300000000279396,0.15967399999999543
279,5,-105,-347998.9,-35.472054,0.0999999999767169,0.5100399999999965
279,6,-90,-347998.88,-35.327847,0.1199999999953433,0.654246999999998
279,7,-75,-347998.94,-35.56528,0.0599999999976716,0.41681399999999513
279,8,-60,-347999,-35.921753,0,0.06034099999999398
279,9,-45,-347998.94,-35.959618,0.0599999999976716,0.022475999999997498
279,10,-30,-347998.66,-35.266663,0.3400000000256113,0.7154309999999953
279,11,-15,-347998.34,-32.795094,0.6599999999743886,3.1869999999999976
279,12,0,-347998.25,-31.436401,0.75,4.545692999999996
279,13,15,-347998.34,-32.788563,0.6599999999743886,3.193530999999993
279,14,30,-347998.66,-35.26666,0.3400000000256113,0.7154339999999948
279,15,45,-347998.94,-35.959618,0.0599999999976716,0.022475999999997498
279,16,60,-347999,-35.921745,0,0.0603489999999951
279,17,75,-347998.94,-35.56528,0.0599999999976716,0.41681399999999513
279,18,90,-347998.88,-35.325367,0.1199999999953433,0.6567269999999965
279,19,105,-347998.9,-35.472054,0.0999999999767169,0.5100399999999965
279,20,120,-347998.97,-35.822414,0.0300000000279396,0.1596799999999945
279,21,135,-347999,-35.98209,0,3.999999997006398e-06
279,22,150,-347998.75,-35.576035,0.25,0.40605899999999906
279,23,165,-347998.38,-33.665222,0.6199999999953434,2.3168719999999965
279,24,180,-347998.25,-31.435501,0.75,4.546592999999998
280,1,-165,-408036.16,16.09066,0.6800000000512227,0.22115200000000002
280,2,-150,-408036.22,16.412582,0.620000000053551,0.5430740000000007
280,3,-135,-408036.22,16.718338,0.620000000053551,0.8488299999999995
280,4,-120,-408036.2,16.943682,0.6400000000139698,1.0741739999999993
280,5,-105,-408036.28,17.095781,0.5599999999976717,1.226272999999999
280,6,-90,-408036.38,17.96665,0.4600000000209547,2.0971420000000016
280,7,-75,-408036.84,18.015945,0,2.146436999999999
280,8,-60,-408036.8,17.982666,0.0400000000372529,2.1131579999999985
280,9,-45,-408036.03,18.367947,0.8099999999976717,2.498439000000001
280,10,-30,-408034.7,19.150925,2.14000000001397,3.281417000000001
280,11,-15,-408033.38,20.085457,3.4600000000209548,4.215949000000002
280,12,0,-408032.72,20.626041,4.120000000053551,4.756533000000001
280,13,15,-408033.38,20.067204,3.4600000000209548,4.1976960000000005
280,14,30,-408034.7,19.14903,2.14000000001397,3.279522
280,15,45,-408036.03,18.368952,0.8099999999976717,2.4994440000000004
280,16,60,-408036.8,17.974272,0.0400000000372529,2.1047639999999994
280,17,75,-408036.84,18.016174,0,2.1466659999999997
280,18,90,-408036.38,17.894493,0.4600000000209547,2.024985000000001
280,19,105,-408036.28,17.10075,0.5599999999976717,1.2312420000000017
280,20,120,-408036.2,16.944939,0.6400000000139698,1.0754310000000018
280,21,135,-408036.22,16.715929,0.620000000053551,0.8464209999999994
280,22,150,-408036.22,16.409266,0.620000000053551,0.5397579999999991
280,23,165,-408036.16,16.084446,0.6800000000512227,0.21493800000000007
280,24,180,-408036.06,15.869508,0.7800000000279397,0
281,1,-165,-392018.56,56.534332,0.5,1.6428939999999983
281,2,-150,-392017.16,61.180042,1.900000000023283,6.288603999999999
281,3,-135,-392015.06,68.25144,4,13.360002000000001
281,4,-120,-392012.66,76.81965,6.400000000023283,21.928211999999995
281,5,-105,-392010.66,85.006386,8.400000000023283,30.114948000000005
281,6,-90,-392009.78,88.89518,9.279999999969732,34.003741999999995
281,7,-75,-392010.38,85.92019,8.679999999993015,31.028752000000004
281,8,-60,-392012,79.17095,7.059999999997672,24.279512000000004
281,9,-45,-392013.8,71.90238,5.260000000009313,17.010941999999993
281,10,-30,-392015.25,65.790375,3.809999999997672,10.898936999999997
281,11,-15,-392016.1,61.706238,2.9600000000209548,6.814799999999998
281,12,0,-392016.3,60.268246,2.760000000009313,5.376807999999997
281,13,15,-392016.1,61.706253,2.9600000000209548,6.814814999999996
281,14,30,-392015.25,65.790375,3.809999999997672,10.898936999999997
281,15,45,-392013.8,71.9024,5.260000000009313,17.010962
281,16,60,-392012,79.17483,7.059999999997672,24.283392
281,17,75,-392010.38,85.92019,8.679999999993015,31.028752000000004
281,18,90,-392009.78,88.89518,9.279999999969732,34.003741999999995
281,19,105,-392010.66,85.00637,8.400000000023283,30.114932000000003
281,20,120,-392012.66,76.81965,6.400000000023283,21.928211999999995
281,21,135,-392015.03,68.34475,4.029999999969732,13.453312000000004
281,22,150,-392017.16,61.180042,1.900000000023283,6.288603999999999
281,23,165,-392018.56,56.522945,0.5,1.6315069999999992
281,24,180,-392019.06,54.891438,0,0
282,1,-165,-300799.56,-0.26966056,1.099999999976717,1.03727854
282,2,-150,-300800.56,-1.3013524,0.0999999999767169,0.0055866999999998335
282,3,-135,-300800.66,-1.2537968,0,0.053142299999999976
282,4,-120,-300799.88,-0.5096077,0.779999999969732,0.7973313999999999
282,5,-105,-300798.78,0.3560345,1.879999999946449,1.6629736
282,6,-90,-300798.3,0.73739886,2.35999999998603,2.04433796
282,7,-75,-300798.78,0.34476152,1.879999999946449,1.65170062
282,8,-60,-300799.84,-0.5128767,0.8199999999487773,0.7940624
282,9,-45,-300800.62,-1.2500693,0.0399999999790452,0.05686979999999986
282,10,-30,-300800.56,-1.3069391,0.0999999999767169,0
282,11,-15,-300799.56,-0.29191384,1.099999999976717,1.0150252599999998
282,12,0,-300798.7,1.0452054,1.959999999962747,2.3521444999999996
282,13,15,-300799.56,-0.29191476,1.099999999976717,1.0150243399999999
282,14,30,-300800.56,-1.3069378,0.0999999999767169,1.299999999870849e-06
282,15,45,-300800.62,-1.2500697,0.0399999999790452,0.05686939999999985
282,16,60,-300799.84,-0.5128771,0.8199999999487773,0.7940619999999999
282,17,75,-300798.78,0.34476423,1.879999999946449,1.65170333
282,18,90,-300798.3,0.73739976,2.35999999998603,2.04433886
282,19,105,-300798.78,0.3560347,1.879999999946449,1.6629737999999998
282,20,120,-300799.88,-0.5096068,0.779999999969732,0.7973322999999999
282,21,135,-300800.66,-1.2537973,0,0.053141799999999906
282,22,150,-300800.56,-1.3013524,0.0999999999767169,0.0055866999999998335
282,23,165,-300799.56,-0.26966283,1.099999999976717,1.03727627
282,24,180,-300798.7,1.0460168,1.959999999962747,2.3529559
283,1,-165,-341805.44,-60.33161,0,0.684816000000005
283,2,-150,-341804.7,-60.44772,0.7399999999906868,0.5687060000000059
283,3,-135,-341803.06,-60.193253,2.3800000000046566,0.8231730000000042
283,4,-120,-341800.7,-59.524956,4.739999999990687,1.4914699999999996
283,5,-105,-341797.94,-58.67175,7.5,2.3446759999999998
283,6,-90,-341795.72,85.55837,6.53000000002794,5.2962849999999975
283,7,-75,-341798.06,-58.972652,7.380000000004657,2.043774000000006
283,8,-60,-341800.8,-59.611195,4.64000000001397,1.4052310000000006
283,9,-45,-341803.12,-60.122,2.320000000006985,0.8944260000000028
283,10,-30,-341804.72,-60.368393,0.720000000030268,0.6480330000000052
283,11,-15,-341805.44,-60.329453,0,0.6869730000000018
283,12,0,-341804.94,-168.89996,6.5,7.609300000000019
283,13,15,-341805.44,-60.33081,0,0.6856160000000031
283,14,30,-341804.72,-60.35249,0.720000000030268,0.6639359999999996
283,15,45,-341803.12,-60.113033,2.320000000006985,0.9033930000000012
283,16,60,-341800.8,-59.611187,4.64000000001397,1.4052390000000017
283,17,75,-341798.06,-58.97242,7.380000000004657,2.044006000000003
283,18,90,-341795.72,85.56002,6.53000000002794,5.297934999999995
283,19,105,-341797.94,-58.66728,7.5,2.3491460000000046
283,20,120,-341800.7,-59.525715,4.739999999990687,1.4907110000000046
283,21,135,-341803.06,-60.190895,2.3800000000046566,0.8255310000000051
283,22,150,-341804.7,-60.446453,0.7399999999906868,0.5699730000000045
283,23,165,-341805.44,-60.330387,0,0.686039000000001
283,24,180,-341804.94,-168.87032,6.5,7.638940000000019
284,1,-165,-456621.56,-32.526875,0.8200000000069849,1.130149000000003
284,2,-150,-456620.75,-30.916323,1.6300000000046566,2.7407010000000014
284,3,-135,-456620.84,-32.092075,1.5399999999790452,1.5649489999999986
284,4,-120,-456619.62,-30.13748,2.760000000009313,3.519544
284,5,-105,-456618.28,-28.288446,4.099999999976717,5.368577999999999
284,6,-90,-456617.56,-27.359034,4.820000000006985,6.297989999999999
284,7,-75,-456618.66,-28.622843,3.720000000030268,5.034181
284,8,-60,-456620,-30.48691,2.3800000000046566,3.170113999999998
284,9,-45,-456621.12,-32.376774,1.2600000000093132,1.2802500000000023
284,10,-30,-456621.97,-33.546413,0.4100000000325963,0.11061099999999868
284,11,-15,-456622.38,-33.657024,0,0
284,12,0,-456621.97,-33.427483,0.4100000000325963,0.22954099999999755
284,13,15,-456621.6,-32.44307,0.7800000000279397,1.213954000000001
284,14,30,-456620.84,-30.901146,1.5399999999790452,2.755877999999999
284,15,45,-456619.88,-28.824913,2.5,4.832111000000001
284,16,60,-456618.53,-26.272839,3.849999999976717,7.384184999999999
284,17,75,-456616.62,-23.27181,5.760000000009313,10.385214000000001
284,18,90,-456617.56,-27.358889,4.820000000006985,6.2981349999999985
284,19,105,-456618.28,-28.287153,4.099999999976717,5.369871
284,20,120,-456619.62,-30.147556,2.760000000009313,3.5094679999999983
284,21,135,-456620.88,-32.106815,1.5,1.5502090000000024
284,22,150,-456620.75,-30.941935,1.6300000000046566,2.715088999999999
284,23,165,-456621.56,-32.53833,0.8200000000069849,1.1186939999999979
284,24,180,-456621.97,-33.481537,0.4100000000325963,0.17548699999999684
285,1,-165,-300896.88,6.528946,0.150000000023283,0.629365
285,2,-150,-300896.7,7.634582,0.3300000000162981,1.7350009999999996
285,3,-135,-300896.44,8.781081,0.5900000000256114,2.8815
285,4,-120,-300896.3,9.28701,0.7300000000395812,3.387429
285,5,-105,-300896.4,8.819445,0.6300000000046566,2.9198639999999996
285,6,-90,-300896.8,8.158927,0.2300000000395812,2.259346
285,7,-75,-300897.03,7.910981,0,2.011399999999999
285,8,-60,-300896.7,8.746777,0.3300000000162981,2.8471959999999994
285,9,-45,-300895.34,10.015235,1.6900000000023283,4.115654
285,10,-30,-300893.7,11.751622,3.330000000016298,5.852040999999999
285,11,-15,-300892.38,13.15908,4.650000000023283,7.259498999999999
285,12,0,-300891.9,13.714597,5.130000000004657,7.815015999999999
285,13,15,-300892.38,13.160904,4.650000000023283,7.261323
285,14,30,-300893.7,11.750655,3.330000000016298,5.851074
285,15,45,-300895.34,10.015235,1.6900000000023283,4.115654
285,16,60,-300896.7,8.761106,0.3300000000162981,2.8615249999999994
285,17,75,-300897.03,7.90972,0,2.0101389999999997
285,18,90,-300896.8,8.160488,0.2300000000395812,2.2609070000000004
285,19,105,-300896.4,8.901298,0.6300000000046566,3.001717
285,20,120,-300896.3,9.287072,0.7300000000395812,3.387491
285,21,135,-300896.44,8.781636,0.5900000000256114,2.8820550000000003
285,22,150,-300896.7,7.632835,0.3300000000162981,1.7332539999999996
285,23,165,-300896.88,6.5289407,0.150000000023283,0.6293596999999993
285,24,180,-300896.78,5.899581,0.25,0
286,1,-165,-415938.94,15.6526375,0.1199999999953433,1.832840000000001
286,2,-150,-415938.38,14.823935,0.6799999999930151,1.0041375000000006
286,3,-135,-415937.3,14.5350065,1.7600000000093132,0.7152089999999998
286,4,-120,-415935.84,14.928053,3.2199999999720603,1.1082555000000003
286,5,-105,-415934.5,15.605785,4.559999999997672,1.7859874999999992
286,6,-90,-415933.94,15.8425665,5.119999999995343,2.0227690000000003
286,7,-75,-415934.56,15.193115,4.5,1.3733175000000006
286,8,-60,-415935.9,14.216367,3.1599999999743886,0.3965695
286,9,-45,-415937.2,13.8197975,1.8599999999860304,0
286,10,-30,-415937.97,14.383602,1.0900000000256114,0.5638044999999998
286,11,-15,-415938.3,15.536688,0.7600000000093132,1.7168904999999999
286,12,0,-415938.38,16.181059,0.6799999999930151,2.3612615000000012
286,13,15,-415938.3,15.536688,0.7600000000093132,1.7168904999999999
286,14,30,-415937.97,14.383602,1.0900000000256114,0.5638044999999998
286,15,45,-415937.2,13.819805,1.8599999999860304,7.5000000006042455e-06
286,16,60,-415935.9,14.216367,3.1599999999743886,0.3965695
286,17,75,-415934.56,15.193115,4.5,1.3733175000000006
286,18,90,-415933.94,15.8425665,5.119999999995343,2.0227690000000003
286,19,105,-415934.5,15.605785,4.559999999997672,1.7859874999999992
286,20,120,-415935.84,14.928053,3.2199999999720603,1.1082555000000003
286,21,135,-415937.3,14.5350065,1.7600000000093132,0.7152089999999998
286,22,150,-415938.38,14.823935,0.6799999999930151,1.0041375000000006
286,23,165,-415938.94,15.6526375,0.1199999999953433,1.832840000000001
286,24,180,-415939.06,16.186037,0,2.366239499999999
287,1,-165,-498312.12,36.361668,0.4799999999813735,1.5291600000000045
287,2,-150,-498310.8,40.97151,1.7999999999883585,6.139002000000005
287,3,-135,-498308.94,36.918503,1.6199999999953434,6.564459000000003
287,4,-120,-498306.88,56.594055,5.71999999997206,21.761547
287,5,-105,-498305.03,45.064846,5.529999999969732,14.710802000000005
287,6,-90,-498303.84,63.514175,6.71999999997206,33.16013100000001
287,7,-75,-498303.66,65.33669,6.900000000023283,34.982646
287,8,-60,-498304.16,63.91355,8.440000000002328,29.081042000000004
287,9,-45,-498304.75,57.41551,7.849999999976717,22.583002
287,10,-30,-498305,51.682716,7.599999999976717,16.850208000000002
287,11,-15,-498304.94,51.22822,5.619999999995343,20.874176000000002
287,12,0,-498304.84,45.963486,7.759999999951106,11.130978000000006
287,13,15,-498304.94,51.22822,5.619999999995343,20.874176000000002
287,14,30,-498305,51.682716,7.599999999976717,16.850208000000002
287,15,45,-498304.75,57.415306,7.849999999976717,22.582798000000004
287,16,60,-498304.16,63.91355,8.440000000002328,29.081042000000004
287,17,75,-498303.66,65.336685,6.900000000023283,34.982641
287,18,90,-498303.84,63.514187,6.71999999997206,33.160143000000005
287,19,105,-498305.03,45.064846,5.529999999969732,14.710802000000005
287,20,120,-498306.88,56.589924,5.71999999997206,21.757416000000006
287,21,135,-498308.94,36.914364,1.6199999999953434,6.560320000000001
287,22,150,-498310.8,40.97151,1.7999999999883585,6.139002000000005
287,23,165,-498312.12,36.36166,0.4799999999813735,1.5291520000000034
287,24,180,-498312.6,34.832508,0,0
288,1,-165,-358815.16,-8.664814,1.6800000000512227,1.9767860000000006
288,2,-150,-358815.1,-8.879932,1.7400000000488944,1.7616680000000002
288,3,-135,-358815.25,-8.731487,1.5900000000256114,1.9101130000000008
288,4,-120,-358815.62,-9.38022,1.220000000030268,1.2613800000000008
288,5,-105,-358816.06,-10.169826,0.7800000000279397,0.4717739999999999
288,6,-90,-358816.53,-10.595935,0.3099999999976717,0.04566499999999962
288,7,-75,-358816.84,-10.6416,0,0
288,8,-60,-358816.75,-10.473513,0.0900000000256113,0.16808699999999988
288,9,-45,-358816.28,-10.246733,0.5599999999976717,0.39486699999999963
288,10,-30,-358815.6,-10.056328,1.2400000000488944,0.5852719999999998
288,11,-15,-358814.9,-9.958486,1.9400000000023283,0.6831139999999998
288,12,0,-358814.62,-9.941197,2.220000000030268,0.7004029999999997
288,13,15,-358814.9,-9.954353,1.9400000000023283,0.687247000000001
288,14,30,-358815.6,-10.043877,1.2400000000488944,0.5977230000000002
288,15,45,-358816.3,-10.248836,0.5400000000372529,0.39276399999999967
288,16,60,-358816.75,-10.472513,0.0900000000256113,0.1690870000000011
288,17,75,-358816.84,-10.639725,0,0.001875000000000071
288,18,90,-358816.53,-10.595939,0.3099999999976717,0.04566100000000084
288,19,105,-358816.06,-10.169827,0.7800000000279397,0.47177300000000066
288,20,120,-358815.62,-9.379616,1.220000000030268,1.261984
288,21,135,-358815.25,-8.739526,1.5900000000256114,1.9020740000000007
288,22,150,-358815.1,-8.855502,1.7400000000488944,1.7860980000000009
288,23,165,-358815.16,-8.666796,1.6800000000512227,1.9748040000000007
288,24,180,-358815.2,-8.643047,1.6400000000139698,1.9985530000000011
289,1,-165,-366475,-115.04149,1.7199999999720603,1.7487700000000075
289,2,-150,-366475.6,-115.783936,1.1199999999953434,1.0063240000000064
289,3,-135,-366476.06,-116.40822,0.6599999999743886,0.3820400000000035
289,4,-120,-366476.4,-116.78965,0.3199999999487772,0.0006100000000088812
289,5,-105,-366476.66,-116.65314,0.0599999999976716,0.13712000000001012
289,6,-90,-366476.72,-116.017914,0,0.7723459999999989
289,7,-75,-366476.56,-115.29931,0.1599999999743886,1.490949999999998
289,8,-60,-366476.3,-114.520134,0.4199999999837018,2.2701260000000048
289,9,-45,-366475.88,-113.64467,0.8399999999674037,3.1455899999999986
289,10,-30,-366475.38,-112.844406,1.3399999999674037,3.945853999999997
289,11,-15,-366474.84,-112.2097,1.879999999946449,4.5805600000000055
289,12,0,-366474.4,-111.82491,2.3199999999487773,4.965350000000001
289,13,15,-366474.84,-112.21168,1.879999999946449,4.578580000000002
289,14,30,-366475.38,-112.84587,1.3399999999674037,3.9443899999999985
289,15,45,-366475.88,-113.65009,0.8399999999674037,3.1401699999999977
289,16,60,-366476.3,-114.51933,0.4199999999837018,2.270930000000007
289,17,75,-366476.56,-115.29929,0.1599999999743886,1.4909700000000043
289,18,90,-366476.72,-116.01189,0,0.7783700000000096
289,19,105,-366476.66,-116.65307,0.0599999999976716,0.13719000000000392
289,20,120,-366476.4,-116.79026,0.3199999999487772,0
289,21,135,-366476.06,-116.40937,0.6599999999743886,0.38089000000000794
289,22,150,-366475.6,-115.78235,1.1199999999953434,1.0079100000000096
289,23,165,-366475,-115.0375,1.7199999999720603,1.7527600000000092
289,24,180,-366474.3,-114.26755,2.419999999983702,2.5227100000000036
290,1,-165,-559491.4,-0.60238326,0.6600000000325963,0.18199658000000007
290,2,-150,-559491.5,-0.28719226,0.5600000000558794,0.4971875800000001
290,3,-135,-559491.6,-0.017704705,0.4600000000791624,0.7666751350000001
290,4,-120,-559491.8,-0.08841366,0.2600000000093132,0.6959661800000001
290,5,-105,-559492.06,-0.4321953,0,0.35218454000000005
290,6,-90,-559491.75,-0.34768015,0.3100000000558793,0.43669969000000003
290,7,-75,-559490.3,1.0220636,1.7600000000093132,1.8064434400000002
290,8,-60,-559488.8,2.6274233,3.260000000009313,3.41180314
290,9,-45,-559487.6,3.975716,4.460000000079162,4.76009584
290,10,-30,-559486.2,5.565724,5.8600000001024455,6.35010384
290,11,-15,-559485.1,6.7748723,6.960000000079162,7.55925214
290,12,0,-559484.7,7.1715837,7.360000000102445,7.95596354
290,13,15,-559485.1,6.77681,6.960000000079162,7.56118984
290,14,30,-559486.2,5.569089,5.8600000001024455,6.35346884
290,15,45,-559487.6,3.9720738,4.460000000079162,4.75645364
290,16,60,-559488.8,2.627901,3.260000000009313,3.41228084
290,17,75,-559490.3,1.0311995,1.7600000000093132,1.8155793400000002
290,18,90,-559491.75,-0.34772208,0.3100000000558793,0.43665776000000006
290,19,105,-559492.06,-0.43219575,0,0.35218409000000006
290,20,120,-559491.8,-0.08630258,0.2600000000093132,0.69807726
290,21,135,-559491.6,-0.012703917,0.4600000000791624,0.7716759230000001
290,22,150,-559491.5,-0.2871966,0.5600000000558794,0.49718324
290,23,165,-559491.4,-0.6023821,0.6600000000325963,0.18199774000000002
290,24,180,-559491.3,-0.78437984,0.7600000000093132,0
291,1,-165,-358352.1,3.7243502,0.2800000000279397,0.3561361999999999
291,2,-150,-358351.88,4.4793754,0.5,1.1111614000000003
291,3,-135,-358351.53,5.3717604,0.8499999999767169,2.0035464000000003
291,4,-120,-358351.5,5.763578,0.8800000000046566,2.395364
291,5,-105,-358351.88,5.434268,0.5,2.0660540000000003
291,6,-90,-358352.38,4.551146,0,1.182932
291,7,-75,-358352.25,3.6493082,0.1300000000046566,0.28109420000000007
291,8,-60,-358351,3.3973742,1.3800000000046566,0.029160199999999747
291,9,-45,-358348.72,3.909962,3.660000000032596,0.5417480000000001
291,10,-30,-358346.22,5.1745625,6.160000000032596,1.8063485000000004
291,11,-15,-358344.47,7.2426257,7.910000000032596,3.8744116999999996
291,12,0,-358344.16,10.246676,8.220000000030268,6.878462000000001
291,13,15,-358344.5,7.783426,7.880000000004657,4.415212
291,14,30,-358346.22,5.1708827,6.160000000032596,1.8026687
291,15,45,-358348.72,3.9104943,3.660000000032596,0.5422802999999998
291,16,60,-358351,3.368214,1.3800000000046566,0
291,17,75,-358352.25,3.6528056,0.1300000000046566,0.28459160000000017
291,18,90,-358352.38,4.551412,0,1.183198
291,19,105,-358351.88,5.433841,0.5,2.065627
291,20,120,-358351.5,5.761612,0.8800000000046566,2.3933980000000004
291,21,135,-358351.53,5.367202,0.8499999999767169,1.9989879999999998
291,22,150,-358351.88,4.4780517,0.5,1.1098377
291,23,165,-358352.1,3.7286134,0.2800000000279397,0.3603993999999999
291,24,180,-358351.94,3.5361345,0.4400000000023283,0.16792050000000014
292,1,-165,-374813.47,-6.297031,0.3100000000558793,1.2745237000000005
292,2,-150,-374812.62,-7.122223,1.1600000000325963,0.4493317000000001
292,3,-135,-374812.06,-7.570508,1.720000000030268,0.001046699999999845
292,4,-120,-374811.66,-6.943097,2.120000000053551,0.6284577000000002
292,5,-105,-374812.2,-4.2526913,1.580000000016298,3.3188633999999997
292,6,-90,-374812.12,-4.674037,1.6600000000325963,2.8975177
292,7,-75,-374811.53,-4.681832,2.25,2.8897227
292,8,-60,-374812.22,-3.8412902,1.5600000000558794,3.7302645
292,9,-45,-374811.06,-3.7052495,2.720000000030268,3.8663052
292,10,-30,-374809.16,-3.5147374,4.620000000053551,4.0568173000000005
292,11,-15,-374807.16,-3.2210064,6.620000000053551,4.3505483
292,12,0,-374805.62,-2.8052208,8.160000000032596,4.7663339
292,13,15,-374807.12,-3.2026243,6.660000000032596,4.3689304
292,14,30,-374809.16,-3.5147338,4.620000000053551,4.0568209
292,15,45,-374811.06,-3.7055805,2.720000000030268,3.8659742
292,16,60,-374812.22,-3.8587906,1.5600000000558794,3.7127641000000002
292,17,75,-374812.44,-4.209992,1.3400000000256114,3.3615627000000003
292,18,90,-374812.88,-3.9120533,0.9000000000232831,3.6595014
292,19,105,-374812.2,-4.2661705,1.580000000016298,3.3053841999999998
292,20,120,-374811.66,-6.9346147,2.120000000053551,0.6369400000000001
292,21,135,-374812.06,-7.5715547,1.720000000030268,0
292,22,150,-374812.62,-7.122225,1.1600000000325963,0.44932969999999983
292,23,165,-374813.47,-6.296969,0.3100000000558793,1.2745857000000003
292,24,180,-374813.78,-5.9162784,0,1.6552762999999997
293,1,-165,-324091.94,9.797952,0.1199999999953433,0.009659000000000972
293,2,-150,-324091.47,10.012305,0.5900000000256114,0.2240120000000001
293,3,-135,-324090.53,10.632085,1.529999999969732,0.8437920000000005
293,4,-120,-324089.2,11.633165,2.85999999998603,1.8448720000000005
293,5,-105,-324087.75,12.677747,4.309999999997672,2.8894540000000006
293,6,-90,-324087.03,13.264013,5.029999999969732,3.475720000000001
293,7,-75,-324087.72,12.892782,4.340000000025611,3.104489000000001
293,8,-60,-324089.1,11.784131,2.9600000000209548,1.995838000000001
293,9,-45,-324090.44,10.693728,1.6199999999953434,0.9054350000000007
293,10,-30,-324091.44,10.0014925,0.6199999999953434,0.2131995
293,11,-15,-324091.94,9.788293,0.1199999999953433,0
293,12,0,-324092.06,9.789295,0,0.0010019999999997253
293,13,15,-324091.94,9.788293,0.1199999999953433,0
293,14,30,-324091.44,10.0014925,0.6199999999953434,0.2131995
293,15,45,-324090.44,10.693727,1.6199999999953434,0.9054340000000014
293,16,60,-324089.1,11.794605,2.9600000000209548,2.006312000000001
293,17,75,-324087.72,12.892778,4.340000000025611,3.1044850000000004
293,18,90,-324087.03,13.264011,5.029999999969732,3.4757180000000005
293,19,105,-324087.75,12.680482,4.309999999997672,2.892189
293,20,120,-324089.2,11.642021,2.85999999998603,1.8537280000000003
293,21,135,-324090.53,10.639361,1.529999999969732,0.8510679999999997
293,22,150,-324091.47,10.012302,0.5900000000256114,0.22400900000000057
293,23,165,-324091.94,9.797952,0.1199999999953433,0.009659000000000972
293,24,180,-324092.06,9.789451,0,0.0011580000000002144
294,1,-165,-409200.53,17.92706,0.029999999969732,0.009714999999999918
294,2,-150,-409200.06,17.986664,0.5,0.06931900000000013
294,3,-135,-409199.66,18.966074,0.9000000000232831,1.048728999999998
294,4,-120,-409198.5,18.92028,2.059999999997672,1.0029350000000008
294,5,-105,-409196.9,19.097935,3.6599999999743886,1.1805899999999987
294,6,-90,-409195.53,19.097198,5.029999999969732,1.1798529999999978
294,7,-75,-409195.12,19.30907,5.440000000002328,1.3917249999999974
294,8,-60,-409195.8,20.091787,4.760000000009313,2.174441999999999
294,9,-45,-409197.34,20.114931,3.2199999999720603,2.1975859999999976
294,10,-30,-409198.88,19.45759,1.679999999993015,1.5402449999999988
294,11,-15,-409199.94,18.770185,0.6199999999953434,0.8528400000000005
294,12,0,-409200.5,18.27946,0.0599999999976716,0.3621149999999993
294,13,15,-409200.56,17.923267,0,0.0059219999999982065
294,14,30,-409200.1,17.917345,0.4600000000209547,0
294,15,45,-409199.75,18.890898,0.8099999999976717,0.973552999999999
294,16,60,-409198.66,18.7862,1.900000000023283,0.8688549999999999
294,17,75,-409197,19.041021,3.559999999997672,1.1236759999999997
294,18,90,-409195.6,19.094044,4.960000000020955,1.1766989999999993
294,19,105,-409195.12,19.282486,5.440000000002328,1.3651409999999977
294,20,120,-409195.75,19.97489,4.809999999997672,2.0575449999999975
294,21,135,-409197.25,19.834827,3.309999999997672,1.9174819999999997
294,22,150,-409198.78,19.240295,1.779999999969732,1.3229499999999987
294,23,165,-409199.9,18.643143,0.6599999999743886,0.7257979999999975
294,24,180,-409200.5,18.24276,0.0599999999976716,0.32541499999999957
295,1,-165,-303797.97,-6.291484,3.910000000032596,1.7188609999999995
295,2,-150,-303797.56,-6.7749934,4.320000000006985,1.2353515999999996
295,3,-135,-303796.9,-6.8551393,4.9799999999813735,1.155205699999999
295,4,-120,-303796.1,-6.957507,5.78000000002794,1.0528379999999995
295,5,-105,-303795.34,-6.931056,6.539999999979045,1.0792889999999993
295,6,-90,-303795.4,-7.0431933,6.4799999999813735,0.9671516999999987
295,7,-75,-303796.56,-7.516018,5.320000000006985,0.4943269999999993
295,8,-60,-303798.22,-7.6978254,3.660000000032596,0.312519599999999
295,9,-45,-303799.62,-7.7283397,2.260000000009313,0.2820052999999989
295,10,-30,-303800.88,-8.010345,1,0
295,11,-15,-303801.62,-7.548805,0.2600000000093132,0.4615399999999994
295,12,0,-303801.88,-7.290113,0,0.7202319999999993
295,13,15,-303801.62,-7.5480633,0.2600000000093132,0.46228169999999924
295,14,30,-303800.88,-8.008263,1,0.002081999999999695
295,15,45,-303799.62,-7.7287645,2.260000000009313,0.28158049999999957
295,16,60,-303798.22,-7.641647,3.660000000032596,0.3686979999999993
295,17,75,-303796.56,-7.50286,5.320000000006985,0.5074849999999991
295,18,90,-303795.4,-7.043391,6.4799999999813735,0.9669539999999994
295,19,105,-303795.34,-6.93106,6.539999999979045,1.0792849999999987
295,20,120,-303796.1,-6.957261,5.78000000002794,1.0530839999999992
295,21,135,-303796.9,-6.8554363,4.9799999999813735,1.1549086999999991
295,22,150,-303797.56,-6.7749953,4.320000000006985,1.2353496999999996
295,23,165,-303797.97,-6.2914824,3.910000000032596,1.7188625999999996
295,24,180,-303798.06,-5.9966993,3.820000000006985,2.0136456999999988
296,1,-165,-458870.78,-29.078648,0.2199999999720603,0.37913700000000006
296,2,-150,-458870.12,-29.457785,0.8800000000046566,0
296,3,-135,-458869.12,-29.159805,1.8800000000046568,0.2979800000000026
296,4,-120,-458867.88,-28.160046,3.1199999999953434,1.297739
296,5,-105,-458866.6,-27.118681,4.400000000023283,2.3391040000000025
296,6,-90,-458865.94,-27.035791,5.059999999997672,2.4219940000000015
296,7,-75,-458866.72,-27.205988,4.28000000002794,2.251797
296,8,-60,-458868.03,-28.284124,2.9699999999720603,1.1736610000000027
296,9,-45,-458869.3,-29.246777,1.7000000000116415,0.21100799999999964
296,10,-30,-458870.25,-29.428345,0.75,0.02944000000000102
296,11,-15,-458870.8,-29.06378,0.2000000000116415,0.39400499999999994
296,12,0,-458871,-28.848354,0,0.6094310000000007
296,13,15,-458870.8,-29.06378,0.2000000000116415,0.39400499999999994
296,14,30,-458870.25,-29.42603,0.75,0.03175500000000042
296,15,45,-458869.3,-29.25453,1.7000000000116415,0.20325500000000218
296,16,60,-458868.03,-28.28687,2.9699999999720603,1.1709150000000008
296,17,75,-458866.72,-27.210194,4.28000000002794,2.247591
296,18,90,-458865.94,-27.031553,5.059999999997672,2.4262320000000024
296,19,105,-458866.6,-27.118681,4.400000000023283,2.3391040000000025
296,20,120,-458867.88,-28.16184,3.1199999999953434,1.2959449999999997
296,21,135,-458869.12,-29.159813,1.8800000000046568,0.29797200000000146
296,22,150,-458870.12,-29.429346,0.8800000000046566,0.028439000000002324
296,23,165,-458870.78,-29.073896,0.2199999999720603,0.3838889999999999
296,24,180,-458871,-28.849058,0,0.6087270000000018
297,1,-165,-325740.22,64.4803,1.0300000000279397,0
297,2,-150,-325737.9,66.17072,3.349999999976717,1.6904200000000031
297,3,-135,-325734.84,69.6001,6.409999999974389,5.119799999999998
297,4,-120,-325731.6,72.95765,9.650000000023285,8.477350000000001
297,5,-105,-325728.53,76.561424,12.71999999997206,12.081124000000003
297,6,-90,-325726.25,80.490486,15,16.010186000000004
297,7,-75,-325724.97,83.083115,16.28000000002794,18.602815000000007
297,8,-60,-325724.8,83.58676,16.45000000001164,19.10646
297,9,-45,-325725.1,79.14782,16.150000000023283,14.667519999999996
297,10,-30,-325726.03,80.18712,15.21999999997206,15.706819999999993
297,11,-15,-325726.6,80.10387,14.650000000023285,15.62357
297,12,0,-325727.84,79.52325,13.409999999974389,15.042950000000005
297,13,15,-325727.2,80.37369,14.049999999988358,15.893389999999997
297,14,30,-325727.34,81.10745,13.909999999974389,16.62715
297,15,45,-325726.75,79.43098,14.5,14.950680000000006
297,16,60,-325726.5,79.3927,14.75,14.912400000000005
297,17,75,-325726.56,79.47569,14.690000000002328,14.99539
297,18,90,-325726.78,79.49175,14.46999999997206,15.011449999999996
297,19,105,-325728.5,77.75251,12.75,13.272210000000001
297,20,120,-325731.78,74.275826,9.46999999997206,9.795525999999995
297,21,135,-325735.38,70.61597,5.869999999995343,6.135670000000005
297,22,150,-325738.6,67.64511,2.650000000023283,3.164810000000003
297,23,165,-325740.7,65.58854,0.5499999999883585,1.108239999999995
297,24,180,-325741.25,64.774445,0,0.2941450000000003
298,1,-165,-536812.44,4.3619423,2.260000000009313,2.3446214
298,2,-150,-536812.5,3.9566233,2.199999999953434,1.9393023999999999
298,3,-135,-536812.75,3.400062,1.9499999999534336,1.3827411
298,4,-120,-536813.25,2.8765783,1.449999999953434,0.8592573999999997
298,5,-105,-536813.8,2.6019416,0.8999999999068677,0.5846206999999999
298,6,-90,-536814.3,2.1860282,0.3999999999068677,0.1687072999999999
298,7,-75,-536814.6,2.0177557,0.0999999999767169,0.0004347999999998464
298,8,-60,-536814.7,2.185152,0,0.1678310999999999
298,9,-45,-536814.44,2.248493,0.2600000000093132,0.23117209999999977
298,10,-30,-536814.2,2.343901,0.5,0.3265800999999997
298,11,-15,-536813.9,2.3842537,0.7999999999301508,0.36693279999999984
298,12,0,-536813.8,2.3994312,0.8999999999068677,0.3821102999999999
298,13,15,-536813.9,2.375255,0.7999999999301508,0.35793410000000003
298,14,30,-536814.2,2.3454373,0.5,0.32811639999999986
298,15,45,-536814.44,2.2491887,0.2600000000093132,0.23186779999999985
298,16,60,-536814.7,2.18284,0,0.16551910000000003
298,17,75,-536814.6,2.0173209,0.0999999999767169,0
298,18,90,-536814.3,2.1849616,0.3999999999068677,0.16764069999999975
298,19,105,-536813.8,2.6033785,0.8999999999068677,0.5860575999999997
298,20,120,-536813.25,2.8766148,1.449999999953434,0.8592938999999999
298,21,135,-536812.75,3.3998003,1.9499999999534336,1.3824793999999998
298,22,150,-536812.5,3.9534647,2.199999999953434,1.9361438
298,23,165,-536812.44,4.3599477,2.260000000009313,2.3426268
298,24,180,-536812.44,4.5225263,2.260000000009313,2.5052054
299,1,-165,-358209.3,-77.04815,0.5,0.33234999999999104
299,2,-150,-358207.75,-76.10083,2.0499999999883585,1.2796699999999959
299,3,-135,-358205.16,-74.640076,4.64000000001397,2.7404240000000044
299,4,-120,-358201.56,-72.83542,8.239999999990687,4.545079999999999
299,5,-105,-358197.28,-70.62688,12.51999999996042,6.753619999999998
299,6,-90,-358192.8,-67.917015,17,9.463484999999991
299,7,-75,-358188.94,-64.53997,20.85999999998603,12.840530000000001
299,8,-60,-358196.53,-65.21393,13.26999999996042,12.166569999999993
299,9,-45,-358198.44,-67.01699,11.35999999998603,10.363509999999991
299,10,-30,-358199.62,-67.48041,10.179999999993017,9.900089999999992
299,11,-15,-358200.2,-67.405655,9.599999999976715,9.974845000000002
299,12,0,-358200.28,-67.27832,9.51999999996042,10.102180000000004
299,13,15,-358200.2,-67.47111,9.599999999976715,9.909390000000002
299,14,30,-358199.25,-66.911415,10.549999999988358,10.469084999999993
299,15,45,-358198,-66.37753,11.799999999988358,11.002970000000005
299,16,60,-358196.06,-65.15722,13.739999999990689,12.223280000000003
299,17,75,-358188.94,-64.53123,20.85999999998603,12.849270000000004
299,18,90,-358192.84,-50.277092,8.059999999997672,15.191967999999996
299,19,105,-358197.28,-70.616875,12.51999999996042,6.763625000000005
299,20,120,-358201.56,-72.813736,8.239999999990687,4.566763999999992
299,21,135,-358205.16,-74.66403,4.64000000001397,2.716470000000001
299,22,150,-358207.75,-76.10083,2.0499999999883585,1.2796699999999959
299,23,165,-358209.3,-77.048134,0.5,0.3323659999999933
299,24,180,-358209.8,-77.3805,0,0
300,1,-165,-467715.62,20.54873,2.820000000006985,1.6420010000000005
300,2,-150,-467717,19.819212,1.4400000000023283,0.9124830000000017
300,3,-135,-467717.9,19.328339,0.5399999999790452,0.42161000000000115
300,4,-120,-467718.28,19.089653,0.1599999999743886,0.18292399999999986
300,5,-105,-467718.44,18.906729,0,0
300,6,-90,-467718.28,18.913881,0.1599999999743886,0.0071520000000013795
300,7,-75,-467717.5,19.168966,0.9400000000023284,0.2622370000000025
300,8,-60,-467716.3,19.827074,2.14000000001397,0.9203450000000011
300,9,-45,-467714.88,21.162792,3.559999999997672,2.256063000000001
300,10,-30,-467713.72,22.597826,4.720000000030268,3.6910970000000027
300,11,-15,-467712.94,23.50094,5.5,4.594211000000001
300,12,0,-467712.7,23.833897,5.739999999990687,4.927168000000002
300,13,15,-467712.94,23.500399,5.5,4.593670000000003
300,14,30,-467713.72,22.599005,4.720000000030268,3.6922759999999997
300,15,45,-467714.88,21.16993,3.559999999997672,2.2632010000000022
300,16,60,-467716.3,19.828323,2.14000000001397,0.9215940000000025
300,17,75,-467717.5,19.170176,0.9400000000023284,0.2634470000000029
300,18,90,-467718.28,18.913881,0.1599999999743886,0.0071520000000013795
300,19,105,-467718.44,18.906733,0,4.000000000559112e-06
300,20,120,-467718.28,19.087425,0.1599999999743886,0.18069600000000108
300,21,135,-467717.9,19.328302,0.5399999999790452,0.4215730000000022
300,22,150,-467717,19.819185,1.4400000000023283,0.9124560000000024
300,23,165,-467715.62,20.550158,2.820000000006985,1.6434290000000011
300,24,180,-467714.66,21.03173,3.78000000002794,2.125001000000001
301,1,-165,-547035.56,-31.54118,0.3799999998882413,0.8112829999999995
301,2,-150,-547034.5,-29.14121,1.4399999999441206,3.2112529999999992
301,3,-135,-547032.94,-25.67266,3,6.679803
301,4,-120,-547031.4,-21.385475,4.539999999920838,10.966988
301,5,-105,-547030.44,-16.433224,5.5,15.919239000000001
301,6,-90,-547029.94,-13.442494,6,18.909969
301,7,-75,-547029.5,-12.5710535,6.439999999944121,19.781409500000002
301,8,-60,-547029.5,-14.738425,6.439999999944121,17.614038
301,9,-45,-547029.8,-18.524853,6.1399999998975545,13.82761
301,10,-30,-547030.5,-21.158092,5.439999999944121,11.194371
301,11,-15,-547031.06,-22.518211,4.879999999888241,9.834252
301,12,0,-547031.25,-22.912334,4.689999999944121,9.440128999999999
301,13,15,-547031.06,-22.518219,4.879999999888241,9.834244000000002
301,14,30,-547030.5,-21.160236,5.439999999944121,11.192226999999999
301,15,45,-547029.8,-18.539911,6.1399999998975545,13.812552
301,16,60,-547029.5,-14.732897,6.439999999944121,17.619566
301,17,75,-547029.5,-12.564169,6.439999999944121,19.788294
301,18,90,-547029.94,-13.446835,6,18.905628
301,19,105,-547030.44,-16.40073,5.5,15.951733
301,20,120,-547031.4,-21.392208,4.539999999920838,10.960255
301,21,135,-547032.94,-25.66484,3,6.6876229999999985
301,22,150,-547034.5,-29.113735,1.4399999999441206,3.238728000000002
301,23,165,-547035.56,-31.527676,0.3799999998882413,0.8247870000000006
301,24,180,-547035.94,-32.352463,0,0
302,1,-165,-492023.78,11.985656,0.2199999999720603,0.2658339999999999
302,2,-150,-492024,11.719822,0,0
302,3,-135,-492023.72,11.9624405,0.2800000000279397,0.24261849999999896
302,4,-120,-492022.94,12.662871,1.0599999999976717,0.9430490000000002
302,5,-105,-492022.06,13.499745,1.9400000000023283,1.7799230000000001
302,6,-90,-492021.7,14.002513,2.2999999999883585,2.282691
302,7,-75,-492022.03,13.602912,1.9699999999720603,1.8830899999999993
302,8,-60,-492022.9,12.753207,1.099999999976717,1.033384999999999
302,9,-45,-492023.7,11.969085,0.2999999999883584,0.24926299999999912
302,10,-30,-492024,11.723148,0,0.003325999999999496
302,11,-15,-492023.78,12.002846,0.2199999999720603,0.2830239999999993
302,12,0,-492023.56,12.200721,0.4400000000023283,0.4808989999999991
302,13,15,-492023.78,12.002845,0.2199999999720603,0.283023
302,14,30,-492024,11.723149,0,0.0033269999999987476
302,15,45,-492023.7,11.969757,0.2999999999883584,0.2499349999999989
302,16,60,-492022.9,12.760075,1.099999999976717,1.0402529999999999
302,17,75,-492022.03,13.602914,1.9699999999720603,1.8830919999999995
302,18,90,-492021.7,14.002512,2.2999999999883585,2.2826899999999988
302,19,105,-492022.06,13.499745,1.9400000000023283,1.7799230000000001
302,20,120,-492022.94,12.66287,1.0599999999976717,0.9430479999999992
302,21,135,-492023.72,11.96244,0.2800000000279397,0.24261800000000022
302,22,150,-492024,11.719822,0,0
302,23,165,-492023.78,11.985658,0.2199999999720603,0.2658360000000002
302,24,180,-492023.56,12.200636,0.4400000000023283,0.48081399999999874
303,1,-165,-651003.94,10.239079,0,0.21508400000000094
303,2,-150,-651003.94,10.02778,0,0.0037850000000005934
303,3,-135,-651003.9,10.09296,0.0399999999208375,0.06896500000000039
303,4,-120,-651003.7,10.400607,0.2399999999906867,0.3766120000000015
303,5,-105,-651003.56,10.7174225,0.3799999998882413,0.6934275000000003
303,6,-90,-651003.5,10.781113,0.4399999999441206,0.7571180000000002
303,7,-75,-651003.3,10.608029,0.6399999998975545,0.5840340000000008
303,8,-60,-651002.7,10.655833,1.2399999999906868,0.6318380000000001
303,9,-45,-651001.5,11.350976,2.4399999999441206,1.326981
303,10,-30,-651000,12.660202,3.9399999999441206,2.6362070000000006
303,11,-15,-650998.7,14.0101385,5.239999999990687,3.9861435000000007
303,12,0,-650998.1,14.541589,5.839999999967404,4.517594000000001
303,13,15,-650998.7,14.009113,5.239999999990687,3.985118
303,14,30,-651000,12.680195,3.9399999999441206,2.6562
303,15,45,-651001.5,11.3457775,2.4399999999441206,1.3217825000000012
303,16,60,-651002.7,10.655776,1.2399999999906868,0.6317810000000001
303,17,75,-651003.3,10.608031,0.6399999998975545,0.5840360000000011
303,18,90,-651003.5,10.783649,0.4399999999441206,0.7596540000000012
303,19,105,-651003.56,10.719265,0.3799999998882413,0.6952700000000007
303,20,120,-651003.7,10.40577,0.2399999999906867,0.3817750000000011
303,21,135,-651003.9,10.1008835,0.0399999999208375,0.0768885000000008
303,22,150,-651003.94,10.023995,0,0
303,23,165,-651003.94,10.237882,0,0.2138870000000015
303,24,180,-651003.94,10.407623,0,0.38362799999999986
304,1,-165,-584021.4,20.157305,0.1999999999534338,0.19086500000000228
304,2,-150,-584020.6,20.826477,1,0.8600370000000019
304,3,-135,-584019.44,22.027115,2.1600000000325963,2.060675
304,4,-120,-584017.94,23.46498,3.660000000032596,3.498540000000002
304,5,-105,-584016.56,24.856655,5.039999999920838,4.890215000000001
304,6,-90,-584016,25.453321,5.599999999976717,5.486881
304,7,-75,-584016.56,24.890276,5.039999999920838,4.923836000000001
304,8,-60,-584017.9,23.481667,3.699999999953434,3.515227000000003
304,9,-45,-584019.4,21.998695,2.199999999953434,2.032255000000003
304,10,-30,-584020.6,20.822329,1,0.8558890000000012
304,11,-15,-584021.4,20.150911,0.1999999999534338,0.18447100000000205
304,12,0,-584021.6,19.96712,0,0.0006800000000026785
304,13,15,-584021.4,20.150913,0.1999999999534338,0.18447300000000055
304,14,30,-584020.6,20.822329,1,0.8558890000000012
304,15,45,-584019.4,21.998625,2.199999999953434,2.032185000000002
304,16,60,-584017.9,23.48155,3.699999999953434,3.51511
304,17,75,-584016.56,24.89028,5.039999999920838,4.923840000000002
304,18,90,-584016.06,25.590006,5.539999999920838,5.623566
304,19,105,-584016.56,24.856655,5.039999999920838,4.890215000000001
304,20,120,-584017.94,23.464823,3.660000000032596,3.4983830000000005
304,21,135,-584019.44,22.027107,2.1600000000325963,2.0606670000000022
304,22,150,-584020.6,20.826471,1,0.8600310000000029
304,23,165,-584021.4,20.157305,0.1999999999534338,0.19086500000000228
304,24,180,-584021.6,19.96644,0,0
305,1,-165,-468465.38,-55.689953,1.9600000000209548,3.760463999999999
305,2,-150,-468466.5,-57.95501,0.8400000000256114,1.4954070000000002
305,3,-135,-468467.16,-59.25037,0.1800000000512227,0.20004700000000497
305,4,-120,-468467.34,-59.450356,0,6.100000000230921e-05
305,5,-105,-468467,-59.06148,0.3400000000256113,0.38893699999999853
305,6,-90,-468466.6,-58.48731,0.7400000000488944,0.9631070000000008
305,7,-75,-468466.3,-57.91911,1.040000000037253,1.5313069999999982
305,8,-60,-468466.4,-58.233925,0.9400000000023284,1.2164920000000023
305,9,-45,-468466,-57.786568,1.3400000000256114,1.663848999999999
305,10,-30,-468465.16,-56.27772,2.1800000000512227,3.1726969999999994
305,11,-15,-468464,-53.78063,3.340000000025612,5.6697869999999995
305,12,0,-468463.03,-51.95966,4.309999999997672,7.490757000000002
305,13,15,-468464,-53.78261,3.340000000025612,5.667807000000003
305,14,30,-468465.16,-56.278378,2.1800000000512227,3.172039000000005
305,15,45,-468466,-57.786568,1.3400000000256114,1.663848999999999
305,16,60,-468466.4,-58.231598,0.9400000000023284,1.2188190000000034
305,17,75,-468466.3,-57.9213,1.040000000037253,1.5291169999999994
305,18,90,-468466.6,-58.48731,0.7400000000488944,0.9631070000000008
305,19,105,-468467,-59.06148,0.3400000000256113,0.38893699999999853
305,20,120,-468467.34,-59.450417,0,0
305,21,135,-468467.16,-59.25274,0.1800000000512227,0.19767699999999877
305,22,150,-468466.5,-57.959152,0.8400000000256114,1.4912649999999985
305,23,165,-468465.38,-55.68821,1.9600000000209548,3.7622070000000036
305,24,180,-468464.25,-53.71726,3.090000000025612,5.7331569999999985
306,1,-165,-475992.47,26.317875,0.1300000000046566,1.4470860000000023
306,2,-150,-475991.72,30.4136,0.8800000000046566,5.542811
306,3,-135,-475990.3,36.485527,2.2999999999883585,11.614738
306,4,-120,-475988.38,44.14799,4.21999999997206,19.277201
306,5,-105,-475986.3,52.483604,6.299999999988359,27.612815
306,6,-90,-475984.84,59.839184,7.759999999951106,34.968395
306,7,-75,-475985.1,57.531273,7.5,32.660484
306,8,-60,-475986.38,50.738064,6.21999999997206,25.867275000000003
306,9,-45,-475987.62,43.925076,4.9799999999813735,19.054287
306,10,-30,-475988.38,38.2403,4.21999999997206,13.369511
306,11,-15,-475988.53,33.984547,4.069999999948777,9.113758
306,12,0,-475988.4,31.911495,4.199999999953434,7.040706
306,13,15,-475988.53,34.033333,4.069999999948777,9.162544
306,14,30,-475988.38,38.18236,4.21999999997206,13.311571000000004
306,15,45,-475987.62,43.964603,4.9799999999813735,19.093814
306,16,60,-475986.38,50.72261,6.21999999997206,25.851821000000005
306,17,75,-475985.1,57.51222,7.5,32.641431
306,18,90,-475984.84,59.839184,7.759999999951106,34.968395
306,19,105,-475986.3,52.483604,6.299999999988359,27.612815
306,20,120,-475988.38,44.11293,4.21999999997206,19.242141
306,21,135,-475990.3,36.479244,2.2999999999883585,11.608455000000003
306,22,150,-475991.72,30.39538,0.8800000000046566,5.524591000000001
306,23,165,-475992.47,26.317875,0.1300000000046566,1.4470860000000023
306,24,180,-475992.6,24.870789,0,0
307,1,-165,-595476.06,30.85323,0.2399999999906867,0.15168999999999855
307,2,-150,-595475.3,31.584864,1,0.8833239999999982
307,3,-135,-595474,32.798073,2.300000000046566,2.096533000000001
307,4,-120,-595472.44,34.28978,3.8600000001024455,3.588239999999999
307,5,-105,-595471.06,35.62356,5.239999999990687,4.922019999999996
307,6,-90,-595470.56,36.15444,5.739999999990687,5.4529
307,7,-75,-595471.1,35.668247,5.200000000069849,4.9667069999999995
307,8,-60,-595472.44,34.340626,3.8600000001024455,3.639085999999999
307,9,-45,-595474,32.807514,2.300000000046566,2.1059739999999962
307,10,-30,-595475.25,31.631977,1.050000000046566,0.9304369999999977
307,11,-15,-595476,30.955502,0.3000000000465661,0.2539619999999978
307,12,0,-595476.3,30.702896,0,0.0013559999999976924
307,13,15,-595476.06,30.847008,0.2399999999906867,0.1454679999999975
307,14,30,-595475.25,31.563616,1.050000000046566,0.8620759999999983
307,15,45,-595474,32.752247,2.300000000046566,2.0507069999999956
307,16,60,-595472.44,34.20522,3.8600000001024455,3.5036799999999957
307,17,75,-595471.1,35.555634,5.200000000069849,4.854093999999996
307,18,90,-595470.56,36.12086,5.739999999990687,5.419319999999999
307,19,105,-595471.06,35.73179,5.239999999990687,5.030249999999995
307,20,120,-595472.44,34.417263,3.8600000001024455,3.715722999999997
307,21,135,-595474,32.834274,2.300000000046566,2.1327339999999992
307,22,150,-595475.25,31.636047,1.050000000046566,0.934507
307,23,165,-595476,30.953838,0.3000000000465661,0.2522979999999997
307,24,180,-595476.3,30.70154,0,0
308,1,-165,-336287.8,20.008017,0.0400000000372529,2.712204
308,2,-150,-336287.84,18.108194,0,0.812381000000002
308,3,-135,-336287.22,17.3082,0.620000000053551,0.01238700000000037
308,4,-120,-336286.06,17.417377,1.7800000000279397,0.12156399999999934
308,5,-105,-336285,17.736673,2.840000000025612,0.4408600000000007
308,6,-90,-336284.56,17.876911,3.28000000002794,0.5810980000000008
308,7,-75,-336285.03,17.634241,2.809999999997672,0.3384280000000004
308,8,-60,-336286.06,17.308254,1.7800000000279397,0.012441000000002589
308,9,-45,-336287.2,17.302752,0.6400000000139698,0.006939000000002693
308,10,-30,-336287.8,18.126175,0.0400000000372529,0.8303620000000009
308,11,-15,-336287.84,19.971117,0,2.6753040000000006
308,12,0,-336287.66,21.213587,0.1800000000512227,3.9177740000000014
308,13,15,-336287.8,19.917284,0.0400000000372529,2.6214709999999997
308,14,30,-336287.8,18.125792,0.0400000000372529,0.8299790000000016
308,15,45,-336287.2,17.319,0.6400000000139698,0.02318700000000007
308,16,60,-336286.06,17.309101,1.7800000000279397,0.0132879999999993
308,17,75,-336285.03,17.622744,2.809999999997672,0.32693100000000186
308,18,90,-336284.56,17.876911,3.28000000002794,0.5810980000000008
308,19,105,-336285,17.79728,2.840000000025612,0.5014670000000017
308,20,120,-336286.06,17.41585,1.7800000000279397,0.12003699999999995
308,21,135,-336287.22,17.295813,0.620000000053551,0
308,22,150,-336287.8,18.159924,0.0400000000372529,0.8641110000000012
308,23,165,-336287.84,20.070402,0,2.7745890000000024
308,24,180,-336287.66,21.2146,0.1800000000512227,3.918787000000002
309,1,-165,-297000.72,14.2455635,0.8800000000046566,0.40964949999999867
309,2,-150,-297001.44,13.846608,0.1599999999743886,0.010693999999999093
309,3,-135,-297001.6,13.9320965,0,0.0961824999999994
309,4,-120,-297001.25,14.36002,0.3499999999767169,0.5241059999999997
309,5,-105,-297000.72,14.954094,0.8800000000046566,1.1181799999999988
309,6,-90,-297000.47,15.264877,1.1300000000046566,1.4289629999999995
309,7,-75,-297000.72,14.9497595,0.8800000000046566,1.1138455
309,8,-60,-297001.25,14.364175,0.3499999999767169,0.5282609999999988
309,9,-45,-297001.6,13.932173,0,0.09625899999999987
309,10,-30,-297001.44,13.853946,0.1599999999743886,0.018031999999999826
309,11,-15,-297000.72,14.22416,0.8800000000046566,0.38824599999999876
309,12,0,-297000.1,14.7690325,1.5,0.9331184999999991
309,13,15,-297000.72,14.232605,0.8800000000046566,0.3966909999999988
309,14,30,-297001.44,13.853948,0.1599999999743886,0.018034000000000106
309,15,45,-297001.6,13.932175,0,0.09626100000000015
309,16,60,-297001.25,14.360059,0.3499999999767169,0.524144999999999
309,17,75,-297000.72,14.941364,0.8800000000046566,1.1054499999999994
309,18,90,-297000.47,15.264093,1.1300000000046566,1.428179
309,19,105,-297000.72,14.945361,0.8800000000046566,1.1094469999999994
309,20,120,-297001.25,14.360016,0.3499999999767169,0.5241019999999992
309,21,135,-297001.6,13.927201,0,0.09128699999999945
309,22,150,-297001.44,13.835914,0.1599999999743886,0
309,23,165,-297000.72,14.243684,0.8800000000046566,0.4077699999999993
309,24,180,-297000.1,14.775026,1.5,0.9391119999999997
310,1,-165,-330986.38,15.279306,0.150000000023283,0.17251300000000036
310,2,-150,-330985.88,15.826747,0.6500000000232831,0.7199539999999995
310,3,-135,-330984.84,16.822523,1.6900000000023283,1.7157300000000006
310,4,-120,-330983.4,18.136328,3.1300000000046566,3.029534999999999
310,5,-105,-330982.1,19.303698,4.430000000051223,4.196905000000001
310,6,-90,-330981.56,19.718039,4.970000000030268,4.611246000000001
310,7,-75,-330982.12,19.113081,4.410000000032596,4.006288000000001
310,8,-60,-330983.47,17.941921,3.06000000005588,2.835128000000001
310,9,-45,-330984.9,16.727194,1.6300000000046566,1.620401000000001
310,10,-30,-330985.9,15.803171,0.6300000000046566,0.696378000000001
310,11,-15,-330986.38,15.274556,0.150000000023283,0.16776300000000077
310,12,0,-330986.53,15.108659,0,0.0018659999999997012
310,13,15,-330986.38,15.274556,0.150000000023283,0.16776300000000077
310,14,30,-330985.9,15.803171,0.6300000000046566,0.696378000000001
310,15,45,-330984.9,16.727194,1.6300000000046566,1.620401000000001
310,16,60,-330983.47,17.94334,3.06000000005588,2.8365469999999995
310,17,75,-330982.12,19.113081,4.410000000032596,4.006288000000001
310,18,90,-330981.56,19.71755,4.970000000030268,4.6107569999999996
310,19,105,-330982.1,19.303698,4.430000000051223,4.196905000000001
310,20,120,-330983.4,18.134882,3.1300000000046566,3.0280890000000014
310,21,135,-330984.84,16.822521,1.6900000000023283,1.7157279999999986
310,22,150,-330985.88,15.826747,0.6500000000232831,0.7199539999999995
310,23,165,-330986.38,15.279308,0.150000000023283,0.17251500000000064
310,24,180,-330986.53,15.106793,0,0
311,1,-165,-503795.8,4.2359548,2.5,2.0337498
311,2,-150,-503795.3,4.5970674,3,2.3948624
311,3,-135,-503795.16,4.1067495,3.14000000001397,1.9045445
311,4,-120,-503795.44,3.571606,2.85999999998603,1.3694009999999999
311,5,-105,-503796.38,3.0617132,1.9199999999837016,0.8595081999999996
311,6,-90,-503797.44,2.6021166,0.8599999999860302,0.3999115999999998
311,7,-75,-503798.22,2.8404424,0.0800000000162981,0.6382374
311,8,-60,-503798.3,3.2184982,0,1.0162931999999998
311,9,-45,-503797.84,2.5567603,0.4599999999627471,0.3545552999999999
311,10,-30,-503796.78,2.7168148,1.5199999999604188,0.5146097999999997
311,11,-15,-503795.75,3.2543726,2.5499999999883585,1.0521675999999998
311,12,0,-503795.22,3.8554466,3.080000000016298,1.6532415999999999
311,13,15,-503795.22,4.4272904,3.080000000016298,2.2250854
311,14,30,-503795.56,4.909266,2.7399999999906868,2.7070609999999995
311,15,45,-503796.3,3.9429078,2,1.7407027999999998
311,16,60,-503797,3.2370882,1.2999999999883585,1.0348832
311,17,75,-503797.38,2.5844803,0.919999999983702,0.3822752999999999
311,18,90,-503797.47,2.202205,0.8300000000162981,0
311,19,105,-503797.4,2.4596567,0.8999999999650754,0.25745169999999984
311,20,120,-503797.34,2.951171,0.9599999999627472,0.7489659999999998
311,21,135,-503797.44,2.2197173,0.8599999999860302,0.017512299999999925
311,22,150,-503797.44,2.3742595,0.8599999999860302,0.17205449999999978
311,23,165,-503797.2,2.9129405,1.099999999976717,0.7107354999999997
311,24,180,-503796.62,3.5793483,1.679999999993015,1.3771432999999997
312,1,-165,-332747.84,39.125843,0.2599999999511055,1.7026670000000053
312,2,-150,-332747.1,44.02001,1,6.596834000000001
312,3,-135,-332745.94,51.157597,2.1599999999743886,13.734421000000005
312,4,-120,-332744.53,59.317173,3.5699999999487773,21.893997
312,5,-105,-332743.22,67.01679,4.880000000004657,29.593614000000002
312,6,-90,-332742.47,71.136024,5.630000000004657,33.71284800000001
312,7,-75,-332742.66,68.31696,5.440000000002328,30.893783999999997
312,8,-60,-332743.72,60.777504,4.380000000004657,23.354328000000002
312,9,-45,-332745.12,52.745598,2.979999999981373,15.322422000000003
312,10,-30,-332746.4,46.106667,1.699999999953434,8.683491000000004
312,11,-15,-332747.28,41.803646,0.8199999999487773,4.3804700000000025
312,12,0,-332747.56,40.3179,0.5399999999790452,2.8947240000000036
312,13,15,-332747.28,41.803642,0.8199999999487773,4.3804660000000055
312,14,30,-332746.4,46.106667,1.699999999953434,8.683491000000004
312,15,45,-332745.12,52.74559,2.979999999981373,15.322414000000002
312,16,60,-332743.72,60.777508,4.380000000004657,23.354332
312,17,75,-332742.66,68.31697,5.440000000002328,30.893794
312,18,90,-332742.47,71.13604,5.630000000004657,33.712863999999996
312,19,105,-332743.22,67.0168,4.880000000004657,29.593624000000005
312,20,120,-332744.53,59.31718,3.5699999999487773,21.894004000000002
312,21,135,-332745.94,51.157597,2.1599999999743886,13.734421000000005
312,22,150,-332747.1,44.02,1,6.596824000000005
312,23,165,-332747.84,39.12584,0.2599999999511055,1.7026639999999986
312,24,180,-332748.1,37.423176,0,0
313,1,-165,-297162.78,-42.322487,5.689999999944121,3.9517729999999958
313,2,-150,-297162.94,-42.89851,5.529999999969732,3.3757499999999965
313,3,-135,-297162.62,-43.910378,5.849999999976717,2.3638819999999967
313,4,-120,-297162.97,-42.207726,5.5,4.066533999999997
313,5,-105,-297164.72,-42.400234,3.75,3.8740260000000006
313,6,-90,-297166.88,-43.5214,1.5899999999674037,2.7528599999999983
313,7,-75,-297168.34,-45.023453,0.1299999999464489,1.2508069999999947
313,8,-60,-297168.47,-45.87612,0,0.39813999999999794
313,9,-45,-297167.03,-46.27426,1.4399999999441206,0
313,10,-30,-297165.03,-44.72017,3.4399999999441206,1.554089999999995
313,11,-15,-297162.6,-42.466278,5.869999999995343,3.8079819999999955
313,12,0,-297161.75,-42.001633,6.71999999997206,4.272627
313,13,15,-297162.6,-42.472046,5.869999999995343,3.8022139999999993
313,14,30,-297165.03,-44.789597,3.4399999999441206,1.4846629999999976
313,15,45,-297167.25,-45.70333,1.2199999999720603,0.570929999999997
313,16,60,-297168.47,-45.881176,0,0.39308399999999466
313,17,75,-297168.34,-44.991642,0.1299999999464489,1.2826179999999994
313,18,90,-297166.88,-43.507263,1.5899999999674037,2.7669969999999964
313,19,105,-297164.72,-42.423344,3.75,3.850915999999998
313,20,120,-297162.97,-42.196945,5.5,4.077314999999999
313,21,135,-297162.88,-43.445354,5.589999999967404,2.8289059999999964
313,22,150,-297162.94,-42.898926,5.529999999969732,3.375333999999995
313,23,165,-297162.78,-42.32128,5.689999999944121,3.9529799999999966
313,24,180,-297162.4,-41.884087,6.069999999948777,4.390172999999997
314,1,-165,-524590,15.30638,0,7.876917000000001
314,2,-150,-524589.56,13.529349,0.4399999999441206,6.099886
314,3,-135,-524588,13.155813,2,5.72635
314,4,-120,-524584.44,7.619006,5.560000000055879,0.18954299999999957
314,5,-105,-524584.6,7.4993553,5.400000000023283,0.06989230000000024
314,6,-90,-524585.4,7.4341855,4.599999999976717,0.004722499999999741
314,7,-75,-524587.06,7.607949,2.9399999999441206,0.17848599999999948
314,8,-60,-524588.6,8.432468,1.400000000023283,1.003005
314,9,-45,-524589.4,10.1401,0.5999999999767169,2.710637
314,10,-30,-524589.2,12.649604,0.8000000000465661,5.220141
314,11,-15,-524588.2,15.657824,1.800000000046566,8.228361
314,12,0,-524587.25,18.052309,2.75,10.622846000000001
314,13,15,-524588.2,15.642109,1.800000000046566,8.212646
314,14,30,-524589.2,12.657105,0.8000000000465661,5.2276419999999995
314,15,45,-524589.4,10.125574,0.5999999999767169,2.696111
314,16,60,-524588.6,8.429693,1.400000000023283,1.0002300000000002
314,17,75,-524587.06,7.6112638,2.9399999999441206,0.18180079999999954
314,18,90,-524585.4,7.429463,4.599999999976717,0
314,19,105,-524584.6,7.5008874,5.400000000023283,0.07142439999999972
314,20,120,-524584.44,7.6174636,5.560000000055879,0.18800059999999963
314,21,135,-524588,13.156407,2,5.726944
314,22,150,-524589.56,13.530403,0.4399999999441206,6.10094
314,23,165,-524590,15.314429,0,7.884966
314,24,180,-524589.3,18.068665,0.6999999999534339,10.639202
315,1,-165,-488240.72,5.5133867,0.3400000000256113,2.3863425
315,2,-150,-488240.44,10.99308,0.6199999999953434,7.866035800000001
315,3,-135,-488239.72,18.125416,1.3400000000256114,14.998371800000001
315,4,-120,-488238.66,26.16936,2.400000000023283,23.0423158
315,5,-105,-488237.7,33.880016,3.35999999998603,30.752971799999997
315,6,-90,-488237.25,38.161503,3.809999999997672,35.0344588
315,7,-75,-488237.72,35.332417,3.340000000025612,32.2053728
315,8,-60,-488238.75,28.591833,2.309999999997672,25.4647888
315,9,-45,-488239.84,21.459295,1.2199999999720603,18.3322508
315,10,-30,-488240.6,15.14705,0.4600000000209547,12.0200058
315,11,-15,-488240.97,10.565669,0.0900000000256113,7.4386247999999995
315,12,0,-488241.06,8.769109,0,5.6420648
315,13,15,-488240.97,10.56567,0.0900000000256113,7.4386258000000005
315,14,30,-488240.6,15.147053,0.4600000000209547,12.0200088
315,15,45,-488239.84,21.459816,1.2199999999720603,18.3327718
315,16,60,-488238.75,28.591484,2.309999999997672,25.4644398
315,17,75,-488237.72,35.311684,3.340000000025612,32.1846398
315,18,90,-488237.25,38.161503,3.809999999997672,35.0344588
315,19,105,-488237.7,33.880013,3.35999999998603,30.752968799999998
315,20,120,-488238.66,26.169353,2.400000000023283,23.0423088
315,21,135,-488239.72,18.125412,1.3400000000256114,14.9983678
315,22,150,-488240.44,10.9959755,0.6199999999953434,7.8689313
315,23,165,-488240.72,5.5133867,0.3400000000256113,2.3863425
315,24,180,-488240.78,3.1270442,0.279999999969732,0
316,1,-165,-346336.34,-4.8246875,0.8199999999487773,0.2513835000000002
316,2,-150,-346336.88,-4.53274,0.279999999969732,0.5433309999999993
316,3,-135,-346337.16,-4.180097,0,0.8959739999999998
316,4,-120,-346337.16,-3.5446973,0,1.5313736999999996
316,5,-105,-346336.2,-3.2958345,0.9599999999627472,1.7802365
316,6,-90,-346336.06,-2.7592874,1.099999999976717,2.3167836
316,7,-75,-346335.25,-3.1199083,1.9099999999743889,1.9561626999999997
316,8,-60,-346335.03,-2.6795337,2.129999999946449,2.3965373
316,9,-45,-346334.75,-2.0669029,2.4099999999743886,3.0091680999999997
316,10,-30,-346334.47,-1.395611,2.6900000000023283,3.68046
316,11,-15,-346334.16,-0.99531096,3,4.0807600399999995
316,12,0,-346334.03,-0.7686335,3.129999999946449,4.3074375
316,13,15,-346334.16,-0.9952216,3,4.0808494
316,14,30,-346334.47,-1.393268,2.6900000000023283,3.682803
316,15,45,-346334.75,-2.0613961,2.4099999999743886,3.0146748999999997
316,16,60,-346335.03,-2.6816726,2.129999999946449,2.3943983999999996
316,17,75,-346335.25,-3.1191254,1.9099999999743889,1.9569455999999996
316,18,90,-346336.06,-2.7590864,1.099999999976717,2.3169845999999996
316,19,105,-346336.2,-3.2964642,0.9599999999627472,1.7796067999999998
316,20,120,-346337.16,-3.5371637,0,1.5389073
316,21,135,-346337.16,-4.179999,0,0.8960720000000002
316,22,150,-346336.88,-4.5347447,0.279999999969732,0.5413262999999997
316,23,165,-346336.34,-4.822699,0.8199999999487773,0.2533719999999997
316,24,180,-346335.88,-5.076071,1.279999999969732,0
317,1,-165,-490948.12,55.16106,0.9100000000325964,1.12106
317,2,-150,-490947.84,58.90689,1.1900000000023283,4.866889999999998
317,3,-135,-490947.22,63.551476,1.8100000000558796,9.511476000000002
317,4,-120,-490946.2,69.2166,2.830000000016298,15.1766
317,5,-105,-490945.16,73.8434,3.870000000053551,19.803400000000003
317,6,-90,-490944.72,76.81837,4.310000000055879,22.778370000000002
317,7,-75,-490945.12,73.525024,3.910000000032596,19.485024000000003
317,8,-60,-490945.94,66.832726,3.090000000025612,12.792725999999995
317,9,-45,-490946.78,60.851242,2.25,6.811242
317,10,-30,-490947.38,56.474487,1.650000000023283,2.4344870000000043
317,11,-15,-490947.56,54.63928,1.470000000030268,0.5992800000000003
317,12,0,-490949.03,54.81602,0,0.7760200000000026
317,13,15,-490948.88,55.846954,0.150000000023283,1.8069539999999975
317,14,30,-490948.38,58.70827,0.6500000000232831,4.66827
317,15,45,-490947.53,63.37848,1.5,9.338480000000004
317,16,60,-490946.38,69.16028,2.650000000023283,15.120280000000001
317,17,75,-490945.22,75.79892,3.81000000005588,21.758919999999996
317,18,90,-490944.72,76.81405,4.310000000055879,22.774049999999995
317,19,105,-490945.16,73.8434,3.870000000053551,19.803400000000003
317,20,120,-490946.2,69.16325,2.830000000016298,15.123250000000006
317,21,135,-490947.22,63.551476,1.8100000000558796,9.511476000000002
317,22,150,-490947.84,58.90007,1.1900000000023283,4.86007
317,23,165,-490948.12,55.08746,0.9100000000325964,1.047460000000001
317,24,180,-490948.2,54.04,0.8300000000162981,0
318,1,-165,-477594.34,32.094803,0.0599999999976716,3.2786219999999986
318,2,-150,-477593.9,35.928493,0.5,7.112312000000003
318,3,-135,-477593.06,41.82658,1.3400000000256114,13.010399
318,4,-120,-477590.72,52.68631,3.680000000051223,23.870129
318,5,-105,-477590.16,57.575195,4.240000000048894,28.759014
318,6,-90,-477590.1,59.531647,4.300000000046566,30.715466
318,7,-75,-477590.53,56.61098,3.869999999995344,27.794798999999998
318,8,-60,-477592.22,48.173096,2.1800000000512227,19.356915
318,9,-45,-477593.16,40.83685,1.2400000000488944,12.020668999999998
318,10,-30,-477593.75,34.627552,0.6500000000232831,5.811371000000001
318,11,-15,-477593.94,30.399145,0.4600000000209547,1.5829640000000005
318,12,0,-477593.9,28.816181,0.5,0
318,13,15,-477593.94,30.407024,0.4600000000209547,1.5908429999999996
318,14,30,-477593.75,34.62633,0.6500000000232831,5.810149000000003
318,15,45,-477593.16,40.83482,1.2400000000488944,12.018639
318,16,60,-477592.22,48.180122,2.1800000000512227,19.363940999999997
318,17,75,-477590.53,56.609295,3.869999999995344,27.793114000000003
318,18,90,-477590.1,59.552956,4.300000000046566,30.736775
318,19,105,-477590.16,57.583702,4.240000000048894,28.767521000000002
318,20,120,-477590.72,52.687965,3.680000000051223,23.871783999999998
318,21,135,-477593.06,41.79393,1.3400000000256114,12.977749000000003
318,22,150,-477593.9,35.90421,0.5,7.088028999999999
318,23,165,-477594.34,32.091957,0.0599999999976716,3.2757760000000005
318,24,180,-477594.4,30.823805,0,2.007624
319,1,-165,-320288.2,56.34459,0.3300000000162981,1.601229999999994
319,2,-150,-320287.22,61.094986,1.3100000000558794,6.351625999999996
319,3,-135,-320285.88,67.98308,2.650000000023283,13.239719999999998
319,4,-120,-320284.38,75.97579,4.150000000023283,21.23243
319,5,-105,-320283.16,83.329445,5.370000000053551,28.586085000000004
319,6,-90,-320282.72,86.6232,5.810000000055879,31.879839999999994
319,7,-75,-320283.3,82.82592,5.230000000039581,28.082559999999994
319,8,-60,-320284.6,75.4203,3.930000000051223,20.676939999999995
319,9,-45,-320285.94,67.37134,2.590000000025612,12.62798
319,10,-30,-320287,60.764984,1.5300000000279397,6.021623999999996
319,11,-15,-320287.66,56.359123,0.870000000053551,1.615762999999994
319,12,0,-320287.84,54.746666,0.6900000000023283,0.003305999999994924
319,13,15,-320287.66,56.359123,0.870000000053551,1.615762999999994
319,14,30,-320287,60.765,1.5300000000279397,6.021639999999998
319,15,45,-320285.94,67.370895,2.590000000025612,12.627535000000002
319,16,60,-320284.6,75.402626,3.930000000051223,20.659265999999995
319,17,75,-320283.3,82.825935,5.230000000039581,28.082575
319,18,90,-320282.72,86.62318,5.810000000055879,31.879820000000002
319,19,105,-320283.16,83.32944,5.370000000053551,28.586080000000003
319,20,120,-320284.38,75.9702,4.150000000023283,21.226840000000003
319,21,135,-320285.88,67.98472,2.650000000023283,13.241359999999993
319,22,150,-320287.22,61.094986,1.3100000000558794,6.351625999999996
319,23,165,-320288.2,56.34459,0.3300000000162981,1.601229999999994
319,24,180,-320288.53,54.74336,0,0
320,1,-165,-462899.16,-193.38933,0.370000000053551,0.2446600000000103
320,2,-150,-462899.53,-193.63399,0,0
320,3,-135,-462899.47,-193.25278,0.0600000000558793,0.38121000000001004
320,4,-120,-462899.12,-192.51396,0.4100000000325963,1.120030000000014
320,5,-105,-462898.72,-191.68285,0.8100000000558794,1.9511400000000094
320,6,-90,-462898.44,-191.11266,1.0900000000256114,2.521330000000006
320,7,-75,-462898.78,-191.78984,0.75,1.8441500000000133
320,8,-60,-462899.22,-192.67798,0.3100000000558793,0.9560100000000205
320,9,-45,-462899.5,-193.38239,0.0300000000279396,0.2516000000000247
320,10,-30,-462899.47,-193.62828,0.0600000000558793,0.005710000000021864
320,11,-15,-462899.03,-193.24228,0.5,0.39171000000001754
320,12,0,-462898.22,-192.16943,1.3100000000558794,1.4645600000000059
320,13,15,-462899.03,-193.24106,0.5,0.3929300000000069
320,14,30,-462899.47,-193.6237,0.0600000000558793,0.01028999999999769
320,15,45,-462899.5,-193.38213,0.0300000000279396,0.25186000000002196
320,16,60,-462899.22,-192.67804,0.3100000000558793,0.9559500000000014
320,17,75,-462898.78,-191.77509,0.75,1.8589000000000055
320,18,90,-462898.44,-191.11922,1.0900000000256114,2.5147699999999986
320,19,105,-462898.72,-191.68486,0.8100000000558794,1.9491300000000251
320,20,120,-462899.12,-192.50122,0.4100000000325963,1.132770000000022
320,21,135,-462899.47,-193.25119,0.0600000000558793,0.38280000000000314
320,22,150,-462899.53,-193.63399,0,0
320,23,165,-462899.16,-193.37933,0.370000000053551,0.2546600000000012
320,24,180,-462898.3,-192.4032,1.2300000000395812,1.2307900000000132
321,1,-165,-374818.38,-16.677057,0.0599999999976716,0.18970699999999852
321,2,-150,-374818.44,-16.866764,0,0
321,3,-135,-374818.22,-16.031918,0.2200000000302679,0.8348459999999989
321,4,-120,-374817.7,-14.676287,0.7399999999906868,2.1904769999999996
321,5,-105,-374817.03,-13.101991,1.4099999999743886,3.764773
321,6,-90,-374816.44,-11.732863,2,5.133901
321,7,-75,-374817.6,-11.660916,0.8400000000256114,5.205848
321,8,-60,-374817.4,-12.962082,1.0399999999790452,3.9046819999999993
321,9,-45,-374816.47,-13.638818,1.970000000030268,3.2279459999999993
321,10,-30,-374815.1,-13.191454,3.340000000025612,3.6753099999999996
321,11,-15,-374813.53,-11.711931,4.909999999974389,5.154833
321,12,0,-374812,-10.020071,6.440000000002328,6.846693
321,13,15,-374813.53,-11.711932,4.909999999974389,5.154832000000001
321,14,30,-374815.1,-13.191452,3.340000000025612,3.675312
321,15,45,-374816.47,-13.639872,1.970000000030268,3.2268919999999994
321,16,60,-374817.4,-12.96208,1.0399999999790452,3.9046839999999996
321,17,75,-374817.6,-11.661148,0.8400000000256114,5.205615999999999
321,18,90,-374816.9,-10.383787,1.5399999999790452,6.482977
321,19,105,-374817.03,-13.101992,1.4099999999743886,3.7647720000000007
321,20,120,-374817.7,-14.676583,0.7399999999906868,2.190180999999999
321,21,135,-374818.22,-16.03192,0.2200000000302679,0.8348440000000004
321,22,150,-374818.44,-16.86676,0,4.000000000559112e-06
321,23,165,-374818.38,-16.677057,0.0599999999976716,0.18970699999999852
321,24,180,-374817.97,-15.659699,0.470000000030268,1.207065
322,1,-165,-309471,-36.707268,0.5599999999976717,0.25669200000000103
322,2,-150,-309469.4,-35.92472,2.1599999999743886,1.0392399999999995
322,3,-135,-309467.12,-34.617527,4.440000000002328,2.3464329999999975
322,4,-120,-309464.6,15.271415,0.3000000000465661,0.21775699999999887
322,5,-105,-309462.53,-31.507559,9.029999999969732,5.456401
322,6,-90,-309461.72,-30.967802,9.840000000025611,5.996158000000001
322,7,-75,-309462.47,-31.33155,9.090000000025611,5.63241
322,8,-60,-309464.2,-32.012848,7.35999999998603,4.951112000000002
322,9,-45,-309466.03,-32.593105,5.529999999969732,4.370854999999999
322,10,-30,-309467.44,-32.915066,4.119999999995343,4.048893999999997
322,11,-15,-309468.22,-33.003998,3.340000000025612,3.9599619999999973
322,12,0,-309468.47,-32.99491,3.090000000025612,3.969050000000003
322,13,15,-309468.22,-33.004,3.340000000025612,3.9599600000000024
322,14,30,-309467.44,-32.915066,4.119999999995343,4.048893999999997
322,15,45,-309466.03,-32.5931,5.529999999969732,4.37086
322,16,60,-309464.2,-32.009983,7.35999999998603,4.953977000000002
322,17,75,-309462.47,-31.33549,9.090000000025611,5.62847
322,18,90,-309461.72,-31.000975,9.840000000025611,5.962985
322,19,105,-309462.53,-31.507559,9.029999999969732,5.456401
322,20,120,-309464.6,15.268373,0.3000000000465661,0.214715
322,21,135,-309467.12,-34.608963,4.440000000002328,2.3549969999999973
322,22,150,-309469.4,-35.924725,2.1599999999743886,1.039234999999998
322,23,165,-309471,-36.70727,0.5599999999976717,0.256689999999999
322,24,180,-309471.56,-36.96396,0,0
323,1,-165,-455999.78,-77.04628,0.5999999999767169,3.8688800000000043
323,2,-150,-455999.97,-77.54964,0.4100000000325963,3.3655200000000036
323,3,-135,-456000.25,-78.64424,0.1300000000046566,2.270920000000004
323,4,-120,-456000.38,-79.71398,0,1.2011799999999937
323,5,-105,-455999.97,-80.91516,0.4100000000325963,0
323,6,-90,-456000.25,-79.49405,0.1300000000046566,1.4211099999999988
323,7,-75,-456000.03,-80.53991,0.3499999999767169,0.3752499999999941
323,8,-60,-456000.38,-79.55537,0,1.3597900000000038
323,9,-45,-456000.22,-78.52801,0.1600000000325963,2.3871500000000054
323,10,-30,-455999.94,-77.46721,0.4400000000023283,3.447950000000006
323,11,-15,-455999.75,-77.08611,0.6300000000046566,3.829049999999995
323,12,0,-455999.53,-77.11171,0.8499999999767169,3.803449999999998
323,13,15,-455999.75,-77.086945,0.6300000000046566,3.828215
323,14,30,-455999.94,-77.46779,0.4400000000023283,3.4473700000000065
323,15,45,-456000.22,-78.527504,0.1600000000325963,2.387656000000007
323,16,60,-456000.38,-79.55535,0,1.359809999999996
323,17,75,-456000.03,-80.53676,0.3499999999767169,0.3783999999999992
323,18,90,-456000.25,-79.52355,0.1300000000046566,1.39161
323,19,105,-455999.97,-80.91478,0.4100000000325963,0.00038000000000693035
323,20,120,-456000.38,-79.71432,0,1.2008399999999995
323,21,135,-456000.25,-78.64441,0.1300000000046566,2.2707500000000067
323,22,150,-455999.97,-77.55295,0.4100000000325963,3.3622100000000046
323,23,165,-455999.78,-77.046196,0.5999999999767169,3.8689640000000054
323,24,180,-455999.53,-77.08939,0.8499999999767169,3.8257700000000057
324,1,-165,-358796.34,24.485275,5.940000000002328,8.738254000000001
324,2,-150,-358797.97,22.07683,4.310000000055879,6.329809000000001
324,3,-135,-358798.8,20.379356,3.480000000039581,4.632335000000001
324,4,-120,-358798.78,19.41846,3.5,3.6714389999999995
324,5,-105,-358798.3,18.879343,3.980000000039581,3.1323219999999985
324,6,-90,-358798.06,18.048538,4.220000000030268,2.3015170000000005
324,7,-75,-358798.56,16.685846,3.720000000030268,0.9388250000000014
324,8,-60,-358799.4,15.778235,2.8800000000046566,0.031214000000000297
324,9,-45,-358800.25,15.747021,2.03000000002794,0
324,10,-30,-358800.75,16.83824,1.5300000000279397,1.0912189999999988
324,11,-15,-358802.28,18.39426,0,2.647238999999999
324,12,0,-358801.94,20.727661,0.3400000000256113,4.980640000000001
324,13,15,-358802.28,18.394258,0,2.6472370000000005
324,14,30,-358800.75,16.838238,1.5300000000279397,1.0912170000000003
324,15,45,-358800.25,15.748213,2.03000000002794,0.0011919999999996378
324,16,60,-358799.4,15.78235,2.8800000000046566,0.035328999999999056
324,17,75,-358798.56,16.681892,3.720000000030268,0.9348710000000011
324,18,90,-358798.06,18.041763,4.220000000030268,2.2947419999999994
324,19,105,-358798.3,18.888351,3.980000000039581,3.14133
324,20,120,-358798.78,19.418459,3.5,3.6714379999999984
324,21,135,-358798.8,20.383137,3.480000000039581,4.636116000000001
324,22,150,-358797.97,22.077507,4.310000000055879,6.3304860000000005
324,23,165,-358796.34,24.478926,5.940000000002328,8.731905000000001
324,24,180,-358794.84,26.483894,7.440000000002328,10.736873
325,1,-165,-502088,-12.965517,0.8400000000256114,0.23306999999999967
325,2,-150,-502087.38,-12.330359,1.4600000000209548,0.8682280000000002
325,3,-135,-502086.22,-11.231395,2.620000000053551,1.9671920000000007
325,4,-120,-502084.78,-9.710856,4.059999999997672,3.487731
325,5,-105,-502083.56,-8.296948,5.28000000002794,4.901638999999999
325,6,-90,-502083.12,-7.7019744,5.720000000030268,5.4966126
325,7,-75,-502083.75,-7.9343767,5.090000000025611,5.2642103
325,8,-60,-502085.12,-8.596898,3.720000000030268,4.601689
325,9,-45,-502086.7,-9.150725,2.14000000001397,4.047862
325,10,-30,-502087.9,-9.262399,0.9400000000023284,3.9361879999999996
325,11,-15,-502088.62,-9.050652,0.2200000000302679,4.147935
325,12,0,-502088.84,-8.859493,0,4.339093999999999
325,13,15,-502088.62,-9.0506525,0.2200000000302679,4.1479345
325,14,30,-502087.9,-9.262399,0.9400000000023284,3.9361879999999996
325,15,45,-502086.7,-9.150727,2.14000000001397,4.04786
325,16,60,-502085.12,-8.596662,3.720000000030268,4.601925
325,17,75,-502083.75,-7.9343767,5.090000000025611,5.2642103
325,18,90,-502083.12,-7.7018814,5.720000000030268,5.496705599999999
325,19,105,-502083.56,-8.296948,5.28000000002794,4.901638999999999
325,20,120,-502084.78,-9.710858,4.059999999997672,3.487729
325,21,135,-502086.22,-11.231256,2.620000000053551,1.9673309999999997
325,22,150,-502087.38,-12.330359,1.4600000000209548,0.8682280000000002
325,23,165,-502088,-12.965459,0.8400000000256114,0.23312800000000067
325,24,180,-502088.2,-13.198587,0.6400000000139698,0
326,1,-165,-327921,96.87933,0,0.25064499999999157
326,2,-150,-327920.9,98.44428,0.0999999999767169,1.8155950000000018
326,3,-135,-327920.12,101.07841,0.8800000000046566,4.449725000000001
326,4,-120,-327918.62,104.552605,2.3800000000046566,7.923919999999995
326,5,-105,-327916.62,108.40965,4.380000000004657,11.780964999999995
326,6,-90,-327914.62,111.84203,6.380000000004657,15.21334499999999
326,7,-75,-327913.3,113.0862,7.7000000000116415,16.457515
326,8,-60,-327912.6,112.476746,8.400000000023283,15.848061000000001
326,9,-45,-327911.88,111.56014,9.119999999995343,14.931455
326,10,-30,-327911,110.83268,10,14.203994999999992
326,11,-15,-327909.9,110.49395,11.099999999976715,13.865264999999994
326,12,0,-327910.9,109.42668,10.099999999976715,12.797995
326,13,15,-327911.12,109.59939,9.880000000004657,12.970704999999995
326,14,30,-327911.44,110.489204,9.559999999997672,13.860518999999996
326,15,45,-327911.47,112.26033,9.53000000002794,15.631644999999992
326,16,60,-327911.3,114.58002,9.700000000011642,17.951335
326,17,75,-327911.38,116.50187,9.619999999995343,19.873184999999992
326,18,90,-327911.9,116.739525,9.099999999976715,20.110839999999996
326,19,105,-327916.62,108.37098,4.380000000004657,11.742294999999999
326,20,120,-327918.62,104.524445,2.3800000000046566,7.895759999999996
326,21,135,-327920.12,101.04371,0.8800000000046566,4.415025
326,22,150,-327920.9,98.4113,0.0999999999767169,1.7826149999999927
326,23,165,-327921,96.858635,0,0.22995000000000232
326,24,180,-327920.72,96.628685,0.2800000000279397,0
327,1,-165,-292374.88,26.852415,3.589999999967404,3.2179649999999995
327,2,-150,-292377.62,26.059122,0.8499999999767169,2.4246719999999975
327,3,-135,-292378.25,25.20674,0.2199999999720603,1.5722899999999989
327,4,-120,-292378.47,24.269875,0,0.6354249999999979
327,5,-105,-292378.16,23.63445,0.3099999999976717,0
327,6,-90,-292377.4,24.43879,1.0699999999487773,0.8043399999999998
327,7,-75,-292377,24.243475,1.4699999999720603,0.609024999999999
327,8,-60,-292376.06,25.134453,2.4099999999743886,1.5000029999999995
327,9,-45,-292374.56,27.075201,3.9099999999743886,3.440750999999999
327,10,-30,-292371.7,29.340357,6.769999999960419,5.705907
327,11,-15,-292371.4,30.213253,7.069999999948777,6.578803000000001
327,12,0,-292370.94,31.167368,7.529999999969732,7.532917999999999
327,13,15,-292370.28,32.04013,8.18999999994412,8.405679999999997
327,14,30,-292372.3,29.393602,6.169999999983702,5.759152
327,15,45,-292373.3,26.951527,5.169999999983702,3.3170769999999976
327,16,60,-292375.06,24.753689,3.4099999999743886,1.1192390000000003
327,17,75,-292376.34,23.84203,2.129999999946449,0.2075800000000001
327,18,90,-292377.2,23.918097,1.2699999999604188,0.28364699999999843
327,19,105,-292377.72,24.607983,0.75,0.9735329999999998
327,20,120,-292378.38,24.972954,0.0899999999674037,1.3385040000000004
327,21,135,-292378.4,25.627687,0.0699999999487772,1.9932370000000006
327,22,150,-292378,26.372055,0.4699999999720603,2.7376049999999985
327,23,165,-292377.3,26.91106,1.169999999983702,3.276609999999998
327,24,180,-292374.88,26.765951,3.589999999967404,3.131501
328,1,-165,-393410.6,29.233953,0.2000000000116415,0.8594830000000009
328,2,-150,-393409.97,28.682587,0.8300000000162981,0.30811700000000286
328,3,-135,-393408.8,28.37697,2,0.002500000000001279
328,4,-120,-393407.25,28.476706,3.5499999999883585,0.10223600000000133
328,5,-105,-393405.75,28.707827,5.049999999988359,0.333357000000003
328,6,-90,-393405.06,28.832064,5.739999999990687,0.4575940000000003
328,7,-75,-393405.72,28.724098,5.080000000016298,0.3496280000000027
328,8,-60,-393407.22,28.466267,3.580000000016298,0.09179699999999968
328,9,-45,-393408.8,28.37811,2,0.0036400000000007537
328,10,-30,-393409.97,28.66096,0.8300000000162981,0.2864900000000006
328,11,-15,-393410.6,29.244465,0.2000000000116415,0.869995000000003
328,12,0,-393410.8,29.549374,0,1.1749040000000015
328,13,15,-393410.6,29.244534,0.2000000000116415,0.8700640000000028
328,14,30,-393409.97,42.27437,3.4100000000325963,1.3814199999999985
328,15,45,-393408.8,28.383604,2,0.009133999999999531
328,16,60,-393407.22,28.466267,3.580000000016298,0.09179699999999968
328,17,75,-393405.72,28.722103,5.080000000016298,0.34763300000000186
328,18,90,-393405.06,28.838785,5.739999999990687,0.4643150000000027
328,19,105,-393405.75,28.752758,5.049999999988359,0.3782880000000013
328,20,120,-393407.25,28.476393,3.5499999999883585,0.10192300000000287
328,21,135,-393408.8,28.37447,2,0
328,22,150,-393409.97,42.274364,3.4100000000325963,1.3814139999999995
328,23,165,-393410.6,29.233957,0.2000000000116415,0.8594870000000014
328,24,180,-393410.8,29.543941,0,1.1694710000000015
329,1,-165,-382724.84,-85.34729,6.159999999974389,6.4608499999999935
329,2,-150,-382726.38,-87.34025,4.619999999995343,4.467889999999997
329,3,-135,-382726.84,-88.21656,4.159999999974389,3.5915799999999933
329,4,-120,-382726.3,-88.32909,4.7000000000116415,3.479050000000001
329,5,-105,-382725.34,-88.14409,5.659999999974389,3.664049999999989
329,6,-90,-382724.7,-88.31849,6.299999999988359,3.4896499999999975
329,7,-75,-382725.06,-89.25482,5.940000000002328,2.5533199999999994
329,8,-60,-382726.44,-90.45154,4.559999999997672,1.3566000000000003
329,9,-45,-382730.28,-91.80735,0.7199999999720603,0.0007899999999949614
329,10,-30,-382730.97,-90.64697,0.0300000000279396,1.1611699999999985
329,11,-15,-382731,-87.9547,0,3.853439999999992
329,12,0,-382730.84,-86.13923,0.1599999999743886,5.668909999999997
329,13,15,-382731,-87.9547,0,3.853439999999992
329,14,30,-382730.97,-90.64777,0.0300000000279396,1.1603700000000003
329,15,45,-382730.28,-91.80814,0.7199999999720603,0
329,16,60,-382726.44,-90.45117,4.559999999997672,1.3569699999999898
329,17,75,-382725.06,-89.25672,5.940000000002328,2.551419999999993
329,18,90,-382724.7,-88.318504,6.299999999988359,3.48963599999999
329,19,105,-382725.34,-88.13845,5.659999999974389,3.6696899999999886
329,20,120,-382726.3,-88.32565,4.7000000000116415,3.4824899999999985
329,21,135,-382726.84,-88.21831,4.159999999974389,3.589829999999992
329,22,150,-382726.38,-87.33929,4.619999999995343,4.468849999999989
329,23,165,-382724.84,-85.33508,6.159999999974389,6.47305999999999
329,24,180,-382723.2,-82.75968,7.7999999999883585,9.048459999999992
330,1,-165,-463645.94,-12.202897,0.1199999999953433,0.7120619999999995
330,2,-150,-463645.4,-11.630267,0.6599999999743886,1.2846919999999997
330,3,-135,-463644.34,-10.650368,1.7199999999720603,2.2645909999999994
330,4,-120,-463642.9,-9.364251,3.1599999999743886,3.550708
330,5,-105,-463641.6,-8.219575,4.460000000020955,4.695383999999999
330,6,-90,-463641.06,-7.873212,5,5.041747
330,7,-75,-463641.6,-8.60675,4.460000000020955,4.308209
330,8,-60,-463642.94,-9.932749,3.1199999999953434,2.9822100000000002
330,9,-45,-463644.34,-11.207167,1.7199999999720603,1.7077919999999995
330,10,-30,-463645.34,-12.159259,0.7199999999720603,0.7556999999999992
330,11,-15,-463645.84,-12.7155285,0.2199999999720603,0.19943050000000007
330,12,0,-463645.97,-12.914959,0.0900000000256113,0
330,13,15,-463645.88,-12.792285,0.179999999993015,0.12267399999999995
330,14,30,-463645.38,-12.307931,0.6799999999930151,0.6070279999999997
330,15,45,-463644.4,-11.41656,1.6599999999743886,1.4983989999999991
330,16,60,-463642.97,-10.201881,3.090000000025612,2.7130779999999994
330,17,75,-463641.66,-8.927683,4.400000000023283,3.9872759999999996
330,18,90,-463641.12,-8.220307,4.940000000002328,4.694652
330,19,105,-463641.7,-8.593566,4.35999999998603,4.3213930000000005
330,20,120,-463643,-9.714188,3.059999999997672,3.2007709999999996
330,21,135,-463644.4,-10.937178,1.6599999999743886,1.9777810000000002
330,22,150,-463645.47,-11.835904,0.5900000000256114,1.0790550000000003
330,23,165,-463645.97,-12.2975445,0.0900000000256113,0.6174144999999989
330,24,180,-463646.06,-12.403053,0,0.5119059999999998
331,1,-165,-297007.38,13.923927,0.7199999999720603,0.31507100000000143
331,2,-150,-297008.06,13.60886,0.0399999999790452,4.000000000559112e-06
331,3,-135,-297008.1,13.791166,0,0.18231000000000108
331,4,-120,-297007.56,14.3264885,0.5399999999790452,0.7176325000000006
331,5,-105,-297006.88,15.013885,1.2199999999720603,1.4050290000000007
331,6,-90,-297006.53,15.416884,1.5699999999487773,1.8080280000000002
331,7,-75,-297006.88,15.125602,1.2199999999720603,1.5167460000000013
331,8,-60,-297007.6,14.525987,0.5,0.9171310000000013
331,9,-45,-297008.1,14.036863,0,0.4280070000000009
331,10,-30,-297008.1,13.885289,0,0.2764330000000008
331,11,-15,-297007.44,14.205648,0.6599999999743886,0.5967920000000007
331,12,0,-297006.78,14.698999,1.3199999999487773,1.0901430000000012
331,13,15,-297007.44,14.205647,0.6599999999743886,0.5967910000000014
331,14,30,-297008.1,13.885287,0,0.27643100000000054
331,15,45,-297008.1,14.036863,0,0.4280070000000009
331,16,60,-297007.6,14.525989,0.5,0.9171329999999998
331,17,75,-297006.88,15.125602,1.2199999999720603,1.5167460000000013
331,18,90,-297006.53,15.416884,1.5699999999487773,1.8080280000000002
331,19,105,-297006.88,15.013885,1.2199999999720603,1.4050290000000007
331,20,120,-297007.56,14.326528,0.5399999999790452,0.7176720000000003
331,21,135,-297008.1,13.789564,0,0.18070800000000098
331,22,150,-297008.06,13.608856,0.0399999999790452,0
331,23,165,-297007.38,13.925417,0.7199999999720603,0.3165610000000001
331,24,180,-297006.7,14.398442,1.3999999999650754,0.7895859999999999
332,1,-165,-713431.4,41.581482,5.039999999920838,9.062871999999999
332,2,-150,-713431.3,46.208256,5.1399999998975545,13.689645999999996
332,3,-135,-713430.9,52.45568,5.539999999920838,19.93707
332,4,-120,-713430.2,59.32931,6.239999999990687,26.810699999999997
332,5,-105,-713429.56,65.09526,6.879999999888241,32.576649999999994
332,6,-90,-713429.44,66.67545,7,34.156839999999995
332,7,-75,-713430.3,61.648224,6.1399999998975545,29.129613999999997
332,8,-60,-713431.9,53.307014,4.539999999920838,20.788404
332,9,-45,-713433.6,45.101673,2.839999999967404,12.583062999999996
332,10,-30,-713435.1,38.38446,1.3399999999674037,5.865849999999995
332,11,-15,-713436.1,34.028225,0.3399999999674037,1.5096149999999966
332,12,0,-713436.44,32.51861,0,0
332,13,15,-713436.1,34.028225,0.3399999999674037,1.5096149999999966
332,14,30,-713435.1,38.38394,1.3399999999674037,5.86533
332,15,45,-713433.6,45.101864,2.839999999967404,12.583253999999997
332,16,60,-713431.9,53.30703,4.539999999920838,20.788419999999995
332,17,75,-713430.3,61.637924,6.1399999998975545,29.119313999999996
332,18,90,-713429.44,66.67545,7,34.156839999999995
332,19,105,-713429.56,65.10042,6.879999999888241,32.58181
332,20,120,-713430.2,59.32931,6.239999999990687,26.810699999999997
332,21,135,-713430.9,52.454464,5.539999999920838,19.935854
332,22,150,-713431.3,46.21699,5.1399999998975545,13.69838
332,23,165,-713431.4,41.581482,5.039999999920838,9.062871999999999
332,24,180,-713431.4,39.642685,5.039999999920838,7.124074999999998
333,1,-165,-403472.3,1.2451389,0.6000000000349246,3.9269838999999997
333,2,-150,-403472.9,-2.1141021,0,0.5677428999999998
333,3,-135,-403472.62,-2.681845,0.2800000000279397,0
333,4,-120,-403471.6,-1.7144171,1.300000000046566,0.9674279000000001
333,5,-105,-403470.56,-0.3652773,2.340000000025612,2.3165677000000002
333,6,-90,-403470.16,0.25418958,2.7400000000488944,2.9360345800000003
333,7,-75,-403470.66,-0.42516002,2.2400000000488944,2.25668498
333,8,-60,-403471.78,-1.7054795,1.1199999999953434,0.9763655
333,9,-45,-403472.75,-2.6524255,0.150000000023283,0.029419499999999932
333,10,-30,-403472.88,-1.8741328,0.0200000000186264,0.8077122000000001
333,11,-15,-403472.22,1.6385719,0.6800000000512227,4.3204169
333,12,0,-403471.62,5.6688633,1.2800000000279397,8.3507083
333,13,15,-403472.22,1.6399769,0.6800000000512227,4.3218219
333,14,30,-403472.88,-1.874135,0.0200000000186264,0.8077099999999999
333,15,45,-403472.72,-2.5937262,0.1800000000512227,0.08811880000000016
333,16,60,-403471.78,-1.7057803,1.1199999999953434,0.9760647
333,17,75,-403470.66,-0.42485732,2.2400000000488944,2.25698768
333,18,90,-403470.16,0.25291225,2.7400000000488944,2.93475725
333,19,105,-403470.56,-0.36143255,2.340000000025612,2.32041245
333,20,120,-403471.6,-1.7024798,1.300000000046566,0.9793651999999999
333,21,135,-403472.62,-2.681845,0.2800000000279397,0
333,22,150,-403472.9,-2.104852,0,0.5769929999999999
333,23,165,-403472.3,1.2451371,0.6000000000349246,3.9269821
333,24,180,-403471.62,5.643751,1.2800000000279397,8.325596
334,1,-165,-393540.5,9.610811,1,0.9659859999999991
334,2,-150,-393539.7,10.433186,1.7999999999883585,1.7883609999999983
334,3,-135,-393538.7,11.372107,2.7999999999883585,2.727281999999999
334,4,-120,-393539.25,11.944579,2.25,3.2997539999999983
334,5,-105,-393540.34,10.945861,1.1599999999743886,2.301036
334,6,-90,-393541.28,9.926586,0.2199999999720603,1.2817609999999995
334,7,-75,-393541.5,9.292519,0,0.6476939999999995
334,8,-60,-393540.75,8.644849,0.75,2.3999999999801958e-05
334,9,-45,-393539.53,9.482469,1.9699999999720603,0.8376439999999992
334,10,-30,-393537.88,11.251688,3.619999999995344,2.606862999999999
334,11,-15,-393536.28,13.125259,5.21999999997206,4.480433999999999
334,12,0,-393535.22,14.323735,6.28000000002794,5.678909999999998
334,13,15,-393536.28,13.114788,5.21999999997206,4.469963
334,14,30,-393537.88,11.240128,3.619999999995344,2.5953029999999995
334,15,45,-393539.53,9.484894,1.9699999999720603,0.8400689999999997
334,16,60,-393540.75,8.644825,0.75,0
334,17,75,-393541.47,9.25059,0.0300000000279396,0.6057649999999999
334,18,90,-393541.28,9.926322,0.2199999999720603,1.2814969999999999
334,19,105,-393540.34,10.955462,1.1599999999743886,2.310637
334,20,120,-393539.25,11.939204,2.25,3.2943789999999993
334,21,135,-393538.7,11.373872,2.7999999999883585,2.7290469999999996
334,22,150,-393539.7,10.43261,1.7999999999883585,1.7877849999999995
334,23,165,-393540.5,9.610349,1,0.9655239999999985
334,24,180,-393540.78,9.295637,0.7199999999720603,0.6508119999999984
335,1,-165,-368876.16,3.0609348,8.900000000023283,9.3610968
335,2,-150,-368876.94,2.184999,8.119999999995343,8.485161
335,3,-135,-368877.03,1.6816926,8.029999999969732,7.9818546
335,4,-120,-368876.56,1.5205587,8.5,7.820720700000001
335,5,-105,-368875.88,1.3915795,9.179999999993017,7.6917415
335,6,-90,-368875.4,0.85837233,9.659999999974389,7.15853433
335,7,-75,-368875.84,-0.23654413,9.21999999997206,6.06361787
335,8,-60,-368879.7,-3.0341537,5.35999999998603,3.2660083
335,9,-45,-368881.8,-4.402189,3.260000000009313,1.8979730000000004
335,10,-30,-368883.62,-5.483506,1.4400000000023283,0.816656
335,11,-15,-368884.72,-6.1158137,0.3400000000256113,0.1843482999999999
335,12,0,-368885.06,-6.300162,0,0
335,13,15,-368884.72,-6.1165524,0.3400000000256113,0.18360960000000048
335,14,30,-368883.62,-5.4824085,1.4400000000023283,0.8177535000000002
335,15,45,-368881.8,-4.403356,3.260000000009313,1.8968060000000007
335,16,60,-368879.7,-3.0368543,5.35999999998603,3.2633077000000004
335,17,75,-368875.84,-0.24780753,9.21999999997206,6.05235447
335,18,90,-368875.4,0.85837233,9.659999999974389,7.15853433
335,19,105,-368875.88,1.3914281,9.179999999993017,7.6915901
335,20,120,-368876.56,1.5234599,8.5,7.8236219
335,21,135,-368877.03,1.6801865,8.029999999969732,7.9803485
335,22,150,-368876.94,2.181974,8.119999999995343,8.482136
335,23,165,-368876.16,3.062222,8.900000000023283,9.362384
335,24,180,-368875.22,3.7476192,9.840000000025611,10.0477812
336,1,-165,-501707.66,-89.63951,6.309999999997672,12.329099999999997
336,2,-150,-501711.22,-98.352486,2.75,3.6161239999999992
336,3,-135,-501713.22,-101.62737,0.75,0.3412399999999991
336,4,-120,-501713.94,-101.96861,0.029999999969732,0
336,5,-105,-501713.97,-101.1285,0,0.8401099999999957
336,6,-90,-501713.9,-100.62682,0.0699999999487772,1.3417900000000031
336,7,-75,-501713.97,-101.10257,0,0.8660399999999981
336,8,-60,-501713.94,-101.961075,0.029999999969732,0.007535000000004288
336,9,-45,-501713.22,-101.62888,0.75,0.339730000000003
336,10,-30,-501711.3,-98.40644,2.669999999983702,3.5621699999999947
336,11,-15,-501708.2,-90.774185,5.769999999960419,11.194424999999995
336,12,0,-501705.1,-79.035904,8.869999999995343,22.932705999999996
336,13,15,-501708.2,-90.771576,5.769999999960419,11.197034000000002
336,14,30,-501711.3,-98.40644,2.669999999983702,3.5621699999999947
336,15,45,-501713.22,-101.6289,0.75,0.3397099999999966
336,16,60,-501713.94,-101.961075,0.029999999969732,0.007535000000004288
336,17,75,-501713.97,-101.10257,0,0.8660399999999981
336,18,90,-501713.9,-100.62954,0.0699999999487772,1.3390699999999924
336,19,105,-501713.97,-101.1285,0,0.8401099999999957
336,20,120,-501713.94,-101.9686,0.029999999969732,1.0000000003174137e-05
336,21,135,-501713.22,-101.6276,0.75,0.34100999999999715
336,22,150,-501711.22,-98.352486,2.75,3.6161239999999992
336,23,165,-501707.66,-89.68326,6.309999999997672,12.285349999999994
336,24,180,-501704.72,-75.09344,9.25,26.875169999999997
337,1,-165,-386546.8,-22.127174,0.4199999999837018,0
337,2,-150,-386545.56,-20.68352,1.6599999999743886,1.4436539999999987
337,3,-135,-386543.5,-18.633204,3.71999999997206,3.493970000000001
337,4,-120,-386540.66,-14.208674,6.559999999997672,7.9185
337,5,-105,-386540,-2.6632695,7.21999999997206,19.463904499999998
337,6,-90,-386541.62,-6.0983367,5.599999999976717,16.0288373
337,7,-75,-386542.94,-9.790553,4.279999999969732,12.336621000000001
337,8,-60,-386543.47,-12.878603,3.75,9.248571
337,9,-45,-386543.44,-14.318109,3.779999999969732,7.809065
337,10,-30,-386543,-14.67832,4.21999999997206,7.448854000000001
337,11,-15,-386541.66,-14.008031,5.559999999997672,8.119143
337,12,0,-386541.03,-13.289703,6.189999999944121,8.837471
337,13,15,-386541.66,-14.093488,5.559999999997672,8.033686
337,14,30,-386543,-14.754485,4.21999999997206,7.372688999999999
337,15,45,-386543.44,-14.3600855,3.779999999969732,7.7670885
337,16,60,-386543.47,-12.918341,3.75,9.208833
337,17,75,-386542.94,-9.832611,4.279999999969732,12.294563
337,18,90,-386541.62,-6.0999,5.599999999976717,16.027274
337,19,105,-386540,-2.6847322,7.21999999997206,19.4424418
337,20,120,-386540.66,-14.156923,6.559999999997672,7.970250999999999
337,21,135,-386543.44,-18.549936,3.779999999969732,3.5772380000000013
337,22,150,-386545.56,-20.814865,1.6599999999743886,1.312308999999999
337,23,165,-386546.84,-21.956469,0.3799999999464489,0.17070500000000166
337,24,180,-386547.22,-20.288519,0,1.8386549999999993
338,1,-165,-325469.38,-17.698141,0.6500000000232831,0.5670570000000019
338,2,-150,-325469.7,-17.930916,0.3300000000162981,0.33428200000000174
338,3,-135,-325469.9,-18.165342,0.1300000000046566,0.09985600000000261
338,4,-120,-325470.03,-18.265198,0,0
338,5,-105,-325469.97,-18.176014,0.0600000000558793,0.08918400000000304
338,6,-90,-325469.5,-18.018068,0.5300000000279397,0.24713000000000207
338,7,-75,-325469.97,-18.16961,0.0600000000558793,0.09558800000000289
338,8,-60,-325470.03,-18.259514,0,0.005684000000002243
338,9,-45,-325469.9,-18.158176,0.1300000000046566,0.10702200000000062
338,10,-30,-325469.62,-17.924137,0.4100000000325963,0.34106099999999984
338,11,-15,-325469.38,-17.69726,0.6500000000232831,0.5679380000000016
338,12,0,-325469.25,-17.59603,0.7800000000279397,0.6691680000000026
338,13,15,-325469.38,-17.697742,0.6500000000232831,0.567456
338,14,30,-325469.62,-17.924644,0.4100000000325963,0.3405540000000009
338,15,45,-325469.9,-18.163586,0.1300000000046566,0.10161200000000292
338,16,60,-325470.03,-18.260677,0,0.004521000000000441
338,17,75,-325469.97,-18.15565,0.0600000000558793,0.1095480000000002
338,18,90,-325469.5,-18.008625,0.5300000000279397,0.25657300000000305
338,19,105,-325469.97,-18.180054,0.0600000000558793,0.08514400000000322
338,20,120,-325470.03,-18.264702,0,0.0004960000000018283
338,21,135,-325469.9,-18.16507,0.1300000000046566,0.10012800000000155
338,22,150,-325469.7,-17.933365,0.3300000000162981,0.33183300000000315
338,23,165,-325469.38,-17.697857,0.6500000000232831,0.5673410000000025
338,24,180,-325469.25,-17.59628,0.7800000000279397,0.6689180000000015
339,1,-165,-361337.28,27.423311,4.75,3.4906080000000017
339,2,-150,-361336.28,28.874414,5.75,4.9417110000000015
339,3,-135,-361335.22,30.309423,6.810000000055879,6.376719999999999
339,4,-120,-361335.3,29.801907,6.730000000039581,5.869204
339,5,-105,-361336.78,29.387882,5.25,5.455179000000001
339,6,-90,-361338.62,27.489483,3.4100000000325963,3.55678
339,7,-75,-361340.34,25.514677,1.6900000000023283,1.5819739999999989
339,8,-60,-361341.1,24.299923,0.9300000000512229,0.36721999999999966
339,9,-45,-361340.28,24.240927,1.75,0.30822399999999917
339,10,-30,-361338.12,25.215633,3.910000000032596,1.2829300000000003
339,11,-15,-361335.88,26.720928,6.150000000023283,2.7882250000000006
339,12,0,-361335.53,29.36265,6.5,5.4299469999999985
339,13,15,-361335.88,26.72092,6.150000000023283,2.7882169999999995
339,14,30,-361338.12,25.217047,3.910000000032596,1.2843440000000008
339,15,45,-361340.12,24.140747,1.9100000000325963,0.208044000000001
339,16,60,-361342.03,23.932703,0,0
339,17,75,-361340.34,25.52723,1.6900000000023283,1.5945269999999994
339,18,90,-361340.25,25.984621,1.7800000000279397,2.0519180000000006
339,19,105,-361338.38,28.672024,3.650000000023283,4.739321
339,20,120,-361335.97,30.065323,6.060000000055879,6.132619999999999
339,21,135,-361335.22,30.308912,6.810000000055879,6.376208999999999
339,22,150,-361336.28,28.872715,5.75,4.940011999999999
339,23,165,-361337.28,27.423965,4.75,3.491261999999999
339,24,180,-361337.66,26.828775,4.370000000053551,2.896072
340,1,-165,-547097.56,-10.4451475,4.379999999888241,13.4634235
340,2,-150,-547100.25,-20.005262,1.6899999999441206,3.903309
340,3,-135,-547101.6,-23.361961,0.3399999999674037,0.5466099999999976
340,4,-120,-547101.94,-23.897558,0,0.011012999999998385
340,5,-105,-547101.75,-23.277231,0.1899999999441206,0.631339999999998
340,6,-90,-547101.6,-22.840246,0.3399999999674037,1.068324999999998
340,7,-75,-547101.75,-23.286888,0.1899999999441206,0.6216829999999973
340,8,-60,-547101.94,-23.90138,0,0.007190999999998837
340,9,-45,-547101.6,-23.243643,0.3399999999674037,0.6649279999999997
340,10,-30,-547100.3,-19.690287,1.6399999998975543,4.218283999999997
340,11,-15,-547097.94,-10.784264,4,13.124306999999998
340,12,0,-547095.5,5.426241,6.439999999944121,29.334812
340,13,15,-547097.94,-10.805328,4,13.103242999999999
340,14,30,-547100.3,-19.696115,1.6399999998975543,4.2124559999999995
340,15,45,-547101.6,-23.244139,0.3399999999674037,0.6644319999999979
340,16,60,-547101.94,-23.908571,0,0
340,17,75,-547101.75,-23.28192,0.1899999999441206,0.626650999999999
340,18,90,-547101.6,-22.849268,0.3399999999674037,1.0593029999999999
340,19,105,-547101.75,-23.27666,0.1899999999441206,0.6319109999999988
340,20,120,-547101.94,-23.904509,0,0.0040619999999975676
340,21,135,-547101.6,-23.357155,0.3399999999674037,0.5514159999999997
340,22,150,-547100.25,-20.002104,1.6899999999441206,3.9064669999999992
340,23,165,-547097.56,-10.826946,4.379999999888241,13.081624999999999
340,24,180,-547095.4,7.1360383,6.539999999920838,31.044609299999998
341,1,-165,-549285.56,4.191448,0.0399999999208375,4.6101639500000005
341,2,-150,-549285.44,1.781992,0.1600000000325963,2.20070795
341,3,-135,-549285.5,0.034107473,0.0999999999767169,0.452823423
341,4,-120,-549285.4,-0.36168966,0.1999999999534338,0.05702628999999998
341,5,-105,-549285.25,-0.41666093,0.3499999999767169,0.0020550200000000185
341,6,-90,-549285.3,-0.34929845,0.2999999999301508,0.06941750000000002
341,7,-75,-549285.3,-0.41833577,0.2999999999301508,0.00038018000000000773
341,8,-60,-549285.44,-0.317122,0.1600000000325963,0.10159394999999999
341,9,-45,-549285.5,0.34949812,0.0999999999767169,0.76821407
341,10,-30,-549285.5,2.4413288,0.0999999999767169,2.86004475
341,11,-15,-549285.56,4.4535165,0.0399999999208375,4.87223245
341,12,0,-549285.6,5.6208386,0,6.03955455
341,13,15,-549285.56,4.5463824,0.0399999999208375,4.96509835
341,14,30,-549285.5,2.4428723,0.0999999999767169,2.86158825
341,15,45,-549285.5,0.3494963,0.0999999999767169,0.7682122499999999
341,16,60,-549285.44,-0.3013301,0.1600000000325963,0.11738585000000001
341,17,75,-549285.3,-0.4183212,0.2999999999301508,0.00039474999999999927
341,18,90,-549285.3,-0.34929845,0.2999999999301508,0.06941750000000002
341,19,105,-549285.25,-0.41871595,0.3499999999767169,0
341,20,120,-549285.4,-0.36169058,0.1999999999534338,0.05702537000000002
341,21,135,-549285.5,0.034108385,0.0999999999767169,0.452824335
341,22,150,-549285.44,1.7824095,0.1600000000325963,2.20112545
341,23,165,-549285.56,4.1922083,0.0399999999208375,4.61092425
341,24,180,-549285.6,5.6333475,0,6.05206345
342,1,-165,-608573.44,-77.293594,0.5,0.20664999999999623
342,2,-150,-608572.06,-76.56545,1.8799999998882413,0.9347939999999966
342,3,-135,-608569.94,-75.40379,4,2.0964539999999943
342,4,-120,-608567.56,-73.92676,6.379999999888241,3.5734839999999934
342,5,-105,-608565.6,-72.56633,8.339999999967404,4.9339140000000015
342,6,-90,-608564.9,-72.04085,9.039999999920838,5.459393999999989
342,7,-75,-608565.7,-72.908844,8.239999999990687,4.591399999999993
342,8,-60,-608567.6,-74.30264,6.339999999967404,3.1976039999999983
342,9,-45,-608569.9,-75.59105,4.039999999920838,1.9091939999999994
342,10,-30,-608571.94,-76.39751,2,1.102733999999998
342,11,-15,-608573.25,-77.05741,0.6899999999441206,0.4428339999999906
342,12,0,-608573.75,-77.24463,0.1899999999441206,0.25561399999999423
342,13,15,-608573.25,-77.05651,0.6899999999441206,0.4437339999999921
342,14,30,-608571.94,-76.397514,2,1.102729999999994
342,15,45,-608569.9,-75.59106,4.039999999920838,1.9091839999999962
342,16,60,-608567.6,-49.04087,4.099999999976717,7.498498000000005
342,17,75,-608565.7,-72.908844,8.239999999990687,4.591399999999993
342,18,90,-608564.9,-72.04085,9.039999999920838,5.459393999999989
342,19,105,-608565.6,-72.56633,8.339999999967404,4.9339140000000015
342,20,120,-608567.56,-47.485634,4.1399999998975545,9.053734000000006
342,21,135,-608569.94,-75.403015,4,2.0972289999999987
342,22,150,-608572.06,-76.56545,1.8799999998882413,0.9347939999999966
342,23,165,-608573.44,-77.29359,0.5,0.20665400000000034
342,24,180,-608573.94,-77.500244,0,0
343,1,-165,-362598.5,16.67856,3.7999999999883594,5.034411
343,2,-150,-362600.06,13.009777,2.2399999999906868,1.3656279999999992
343,3,-135,-362600.47,11.843217,1.830000000016298,0.1990679999999987
343,4,-120,-362599.8,12.200555,2.5,0.5564059999999991
343,5,-105,-362601.1,12.593745,1.2000000000116415,0.9495959999999997
343,6,-90,-362600.72,12.976617,1.580000000016298,1.3324679999999987
343,7,-75,-362601.2,12.548137,1.099999999976717,0.903988
343,8,-60,-362601.97,11.76785,0.3300000000162981,0.12370099999999873
343,9,-45,-362602.3,11.644149,0,0
343,10,-30,-362601.6,13.316668,0.7000000000116415,1.6725189999999994
343,11,-15,-362599.9,17.734217,2.3999999999650754,6.0900680000000005
343,12,0,-362596.38,22.87599,5.919999999983702,11.231841000000001
343,13,15,-362598.3,17.17606,4,5.531910999999999
343,14,30,-362599.94,13.298735,2.35999999998603,1.6545860000000001
343,15,45,-362600.47,11.888089,1.830000000016298,0.24394000000000027
343,16,60,-362599.9,12.19794,2.3999999999650754,0.5537909999999986
343,17,75,-362601.2,12.548137,1.099999999976717,0.903988
343,18,90,-362600.72,12.976617,1.580000000016298,1.3324679999999987
343,19,105,-362601.1,12.593745,1.2000000000116415,0.9495959999999997
343,20,120,-362599.8,12.21329,2.5,0.5691410000000001
343,21,135,-362600.47,11.843239,1.830000000016298,0.19909
343,22,150,-362600.06,13.010731,2.2399999999906868,1.3665819999999993
343,23,165,-362598.5,16.699764,3.7999999999883594,5.055614999999998
343,24,180,-362596.4,22.742205,5.899999999965075,11.098055999999998
344,1,-165,-493127.97,5.2708235,0.2800000000279397,1.7750916999999995
344,2,-150,-493128.22,4.792689,0.0300000000279396,1.2969572
344,3,-135,-493128.25,4.595124,0,1.0993922
344,4,-120,-493128.16,4.5842643,0.0900000000256113,1.0885325
344,5,-105,-493128.1,4.523224,0.150000000023283,1.0274921999999997
344,6,-90,-493128.12,4.2898817,0.1300000000046566,0.7941498999999994
344,7,-75,-493128.1,3.8735552,0.150000000023283,0.37782340000000003
344,8,-60,-493127.84,3.4985778,0.4099999999743886,0.002845999999999904
344,9,-45,-493127.12,3.7459073,1.1300000000046566,0.25017549999999966
344,10,-30,-493125.94,4.760229,2.309999999997672,1.2644971999999997
344,11,-15,-493124.53,6.258987,3.71999999997206,2.7632552
344,12,0,-493123.34,7.776936,4.909999999974389,4.2812041999999995
344,13,15,-493124.53,6.2632008,3.71999999997206,2.7674689999999997
344,14,30,-493125.94,4.769692,2.309999999997672,1.2739601999999999
344,15,45,-493127.12,3.7404294,1.1300000000046566,0.24469759999999985
344,16,60,-493127.84,3.4957318,0.4099999999743886,0
344,17,75,-493128.1,3.8734415,0.150000000023283,0.37770970000000004
344,18,90,-493128.12,4.2875977,0.1300000000046566,0.7918658999999999
344,19,105,-493128.1,4.5288987,0.150000000023283,1.0331668999999999
344,20,120,-493128.16,4.5861936,0.0900000000256113,1.0904617999999995
344,21,135,-493128.25,4.5899878,0,1.0942560000000001
344,22,150,-493128.22,4.790674,0.0300000000279396,1.2949422
344,23,165,-493127.97,5.2714386,0.2800000000279397,1.7757067999999996
344,24,180,-493127.75,5.609777,0.5,2.1140452
345,1,-165,-245919.19,19.463747,1.3399999999965075,1.4157850000000032
345,2,-150,-245919.05,18.606413,1.4800000000104774,0.5584510000000016
345,3,-135,-245919.05,18.047962,1.4800000000104774,0
345,4,-120,-245918.89,18.087975,1.639999999984866,0.04001300000000185
345,5,-105,-245918.3,19.18006,2.2300000000104774,1.1320980000000027
345,6,-90,-245917.2,21.410744,3.3299999999871943,3.362782000000003
345,7,-75,-245915.89,24.489208,4.639999999984866,6.441246000000003
345,8,-60,-245914.64,28.185497,5.889999999984866,10.137535000000003
345,9,-45,-245913.1,29.685669,7.429999999993015,11.637707000000002
345,10,-30,-245910.92,32.436436,9.60999999998603,14.388474000000002
345,11,-15,-245909.12,36.04556,11.410000000003492,17.997598000000004
345,12,0,-245910.58,34.18205,9.950000000011642,16.134088
345,13,15,-245912.62,29.523302,7.910000000003492,11.475340000000003
345,14,30,-245914.9,24.367687,5.630000000004657,6.319725000000002
345,15,45,-245916.97,20.54402,3.559999999997672,2.4960580000000014
345,16,60,-245918.42,18.551447,2.10999999998603,0.5034850000000013
345,17,75,-245919.17,21.426226,0.2299999999813735,3.189755999999999
345,18,90,-245919.61,18.711246,0.9200000000128056,0.6632840000000009
345,19,105,-245920.02,19.395206,0.5100000000093132,1.3472440000000034
345,20,120,-245920.34,20.14008,0.1900000000023283,2.092118000000003
345,21,135,-245920.53,20.839493,0,2.7915310000000026
345,22,150,-245920.42,21.255405,0.1099999999860301,3.2074430000000014
345,23,165,-245920.05,21.139906,0.4800000000104774,3.0919440000000016
345,24,180,-245919.53,20.412231,1,2.364269
346,1,-165,-385155.1,-8.882607,0.150000000023283,2.378826
346,2,-150,-385155.2,-10.439573,0.0499999999883584,0.8218600000000009
346,3,-135,-385155.25,-11.259175,0,0.002257999999999427
346,4,-120,-385155.12,-11.261132,0.1300000000046566,0.0003010000000003288
346,5,-105,-385154.9,-10.952652,0.3499999999767169,0.30878099999999975
346,6,-90,-385154.72,-10.70956,0.5300000000279397,0.5518730000000005
346,7,-75,-385154.34,-10.596006,0.9099999999743886,0.6654270000000011
346,8,-60,-385153.3,-10.047801,1.9500000000116413,1.2136320000000005
346,9,-45,-385151.44,-8.321554,3.809999999997672,2.9398789999999995
346,10,-30,-385149.03,-5.01686,6.21999999997206,6.244573
346,11,-15,-385146.7,1.431211,8.549999999988358,12.692644
346,12,0,-385145.75,11.106814,9.5,22.368247
346,13,15,-385146.7,1.4481152,8.549999999988358,12.7095482
346,14,30,-385149.03,-5.030981,6.21999999997206,6.2304520000000005
346,15,45,-385151.44,-8.330638,3.809999999997672,2.930795
346,16,60,-385153.3,-10.049039,1.9500000000116413,1.2123939999999997
346,17,75,-385154.34,-10.596006,0.9099999999743886,0.6654270000000011
346,18,90,-385154.72,-10.708708,0.5300000000279397,0.5527250000000006
346,19,105,-385154.9,-10.9497795,0.3499999999767169,0.31165350000000025
346,20,120,-385155.12,-11.261433,0.1300000000046566,0
346,21,135,-385155.25,-11.2611,0,0.0003329999999994726
346,22,150,-385155.2,-10.439571,0.0499999999883584,0.8218619999999994
346,23,165,-385155.1,-8.882607,0.150000000023283,2.378826
346,24,180,-385155.06,-8.07538,0.1900000000023283,3.186053000000001
347,1,-165,-393421.2,-4.5525618,0.2699999999604188,0.08885119999999969
347,2,-150,-393420.16,-4.641413,1.3099999999976717,0
347,3,-135,-393418.38,-3.9073453,3.089999999967404,0.7340677000000002
347,4,-120,-393416.03,-2.3744354,5.439999999944121,2.2669776
347,5,-105,-393413.7,-0.35225335,7.769999999960419,4.28915965
347,6,-90,-393412.38,1.536433,9.089999999967404,6.177846
347,7,-75,-393412.94,2.3374186,8.529999999969732,6.9788315999999995
347,8,-60,-393414.6,2.047081,6.869999999995343,6.688494
347,9,-45,-393416.25,1.5384371,5.21999999997206,6.1798500999999995
347,10,-30,-393417.4,1.2988693,4.069999999948777,5.9402823
347,11,-15,-393417.97,1.3396707,3.5,5.9810837
347,12,0,-393418.06,1.4220829,3.4099999999743886,6.0634958999999995
347,13,15,-393417.97,1.3396708,3.5,5.9810838
347,14,30,-393417.4,1.2988702,4.069999999948777,5.9402832
347,15,45,-393416.25,1.5371217,5.21999999997206,6.1785347
347,16,60,-393414.6,2.0470822,6.869999999995343,6.6884952
347,17,75,-393412.94,2.3502557,8.529999999969732,6.9916687
347,18,90,-393412.38,1.5364323,9.089999999967404,6.1778452999999995
347,19,105,-393413.7,-0.346592,7.769999999960419,4.294821
347,20,120,-393416.03,-2.35125,5.439999999944121,2.290163
347,21,135,-393418.38,-3.9034915,3.089999999967404,0.7379215000000001
347,22,150,-393420.16,-4.637607,1.3099999999976717,0.003805999999999976
347,23,165,-393421.2,-4.5525646,0.2699999999604188,0.08884839999999983
347,24,180,-393421.47,-4.2582345,0,0.38317849999999964
348,1,-165,-703366.25,5.179188,0.150000000023283,1.8758336999999998
348,2,-150,-703365.7,9.887862,0.7000000000698492,6.5845077
348,3,-135,-703364.75,16.553654,1.650000000023283,13.250299700000001
348,4,-120,-703363.56,24.341047,2.839999999967404,21.0376927
348,5,-105,-703362.7,31.316092,3.700000000069849,28.012737700000002
348,6,-90,-703362.3,34.265614,4.099999999976717,30.9622597
348,7,-75,-703362.9,30.578644,3.5,27.275289700000002
348,8,-60,-703363.94,23.693321,2.4600000000791624,20.389966700000002
348,9,-45,-703365,16.549585,1.400000000023283,13.2462307
348,10,-30,-703365.8,10.436787,0.5999999999767169,7.1334327
348,11,-15,-703366.2,6.2722363,0.2000000000698492,2.9688820000000002
348,12,0,-703366.3,4.6918983,0.0999999999767169,1.388544
348,13,15,-703366.2,6.27224,0.2000000000698492,2.9688857
348,14,30,-703365.8,10.43663,0.5999999999767169,7.133275699999999
348,15,45,-703365,16.549587,1.400000000023283,13.246232699999998
348,16,60,-703363.94,23.692379,2.4600000000791624,20.3890247
348,17,75,-703362.9,30.578644,3.5,27.275289700000002
348,18,90,-703362.3,34.25231,4.099999999976717,30.948955700000003
348,19,105,-703362.7,31.316092,3.700000000069849,28.012737700000002
348,20,120,-703363.56,24.327824,2.839999999967404,21.0244697
348,21,135,-703364.75,16.55365,1.650000000023283,13.2502957
348,22,150,-703365.7,9.887789,0.7000000000698492,6.584434699999999
348,23,165,-703366.25,5.179185,0.150000000023283,1.8758307000000003
348,24,180,-703366.4,3.3033543,0,0
349,1,-165,-512157.62,22.944141,0.4100000000325963,0.21209899999999848
349,2,-150,-512156.47,23.772266,1.5600000000558794,1.0402239999999985
349,3,-135,-512154.75,25.261871,3.28000000002794,2.5298289999999994
349,4,-120,-512152.8,27.171566,5.230000000039581,4.439523999999999
349,5,-105,-512151.25,29.070602,6.78000000002794,6.338560000000001
349,6,-90,-512150.5,-91.89237,3.900000000023283,1.9921499999999952
349,7,-75,-512150.62,30.988977,7.410000000032596,8.256934999999999
349,8,-60,-512151.3,31.09905,6.730000000039581,8.367007999999998
349,9,-45,-512151.97,31.20659,6.060000000055879,8.474547999999999
349,10,-30,-512152.2,31.480368,5.830000000016298,8.748325999999999
349,11,-15,-512152.03,31.998667,6,9.266625000000001
349,12,0,-512151.88,32.404285,6.150000000023283,9.672243000000002
349,13,15,-512152.03,31.998667,6,9.266625000000001
349,14,30,-512152.2,31.480368,5.830000000016298,8.748325999999999
349,15,45,-512151.97,31.206863,6.060000000055879,8.474820999999999
349,16,60,-512151.3,31.09905,6.730000000039581,8.367007999999998
349,17,75,-512150.62,30.984432,7.410000000032596,8.252390000000002
349,18,90,-512150.5,-91.89229,3.900000000023283,1.9922299999999922
349,19,105,-512151.25,29.070326,6.78000000002794,6.338284000000002
349,20,120,-512152.8,27.171566,5.230000000039581,4.439523999999999
349,21,135,-512154.75,25.261871,3.28000000002794,2.5298289999999994
349,22,150,-512156.47,23.772266,1.5600000000558794,1.0402239999999985
349,23,165,-512157.62,22.95816,0.4100000000325963,0.2261179999999996
349,24,180,-512158.03,22.732042,0,0
350,1,-165,-366473.1,-59.01085,0,0.5574330000000032
350,2,-150,-366472.2,-58.987755,0.8999999999650754,0.580528000000001
350,3,-135,-366470.38,-58.62397,2.7199999999720603,0.9443130000000011
350,4,-120,-366467.88,-57.799942,5.21999999997206,1.7683409999999995
350,5,-105,-366465.1,-56.86739,8,2.7008930000000007
350,6,-90,-366462.8,-56.67754,10.299999999988358,2.8907430000000005
350,7,-75,-366465.22,-57.284435,7.880000000004657,2.283847999999999
350,8,-60,-366468,-57.963844,5.099999999976717,1.6044389999999993
350,9,-45,-366470.47,-58.58426,2.6300000000046566,0.9840230000000005
350,10,-30,-366472.22,-58.90323,0.8800000000046566,0.6650530000000003
350,11,-15,-366473.1,-58.9905,0,0.5777830000000037
350,12,0,-366473.1,-59.568283,0,0
350,13,15,-366473.1,-58.990543,0,0.5777399999999986
350,14,30,-366472.22,-58.90313,0.8800000000046566,0.6651530000000037
350,15,45,-366470.47,-58.577827,2.6300000000046566,0.9904560000000018
350,16,60,-366468,-57.936966,5.099999999976717,1.6313170000000028
350,17,75,-366465.22,-57.264767,7.880000000004657,2.303516000000002
350,18,90,-366462.8,-56.668476,10.299999999988358,2.8998070000000027
350,19,105,-366465.1,-56.858013,8,2.7102700000000013
350,20,120,-366467.88,-57.799942,5.21999999997206,1.7683409999999995
350,21,135,-366470.38,-58.62397,2.7199999999720603,0.9443130000000011
350,22,150,-366472.2,-58.98473,0.8999999999650754,0.583553000000002
350,23,165,-366473.1,-59.010857,0,0.5574259999999995
350,24,180,-366473.1,-59.567932,0,0.0003510000000019886
351,1,-165,-442740.34,66.11271,3.599999999976717,0.1267400000000123
351,2,-150,-442742.2,66.77527,1.7399999999906868,0.7893000000000114
351,3,-135,-442743.3,68.478294,0.6400000000139698,2.4923240000000106
351,4,-120,-442743.84,70.68768,0.0999999999767169,4.701710000000006
351,5,-105,-442743.94,72.93266,0,6.946690000000004
351,6,-90,-442743.47,74.70453,0.470000000030268,8.71856000000001
351,7,-75,-442743.94,73.15027,0,7.164300000000011
351,8,-60,-442743.88,70.81664,0.0599999999976716,4.830670000000012
351,9,-45,-442743.2,68.298454,0.7399999999906868,2.312484000000012
351,10,-30,-442741.8,66.49053,2.14000000001397,0.5045600000000121
351,11,-15,-442739.8,65.98597,4.14000000001397,0
351,12,0,-442737.34,67.272766,6.599999999976717,1.2867960000000096
351,13,15,-442739.8,65.98733,4.14000000001397,0.001360000000005357
351,14,30,-442741.8,66.501755,2.14000000001397,0.5157850000000082
351,15,45,-442743.2,68.30198,0.7399999999906868,2.3160100000000057
351,16,60,-442743.88,70.80762,0.0599999999976716,4.821650000000005
351,17,75,-442743.94,73.14336,0,7.157390000000007
351,18,90,-442743.47,74.72532,0.470000000030268,8.739350000000002
351,19,105,-442743.94,72.93417,0,6.9482
351,20,120,-442743.84,70.671135,0.0999999999767169,4.685165000000012
351,21,135,-442743.3,68.47721,0.6400000000139698,2.491240000000005
351,22,150,-442742.22,66.764,1.720000000030268,0.7780300000000011
351,23,165,-442740.34,66.12293,3.599999999976717,0.13696000000000197
351,24,180,-442737.8,67.13459,6.14000000001397,1.1486200000000082
352,1,-165,-374042.7,-19.86366,0.2000000000116415,0.30824600000000046
352,2,-150,-374042.9,-19.062782,0,1.1091240000000013
352,3,-135,-374040.53,-17.287153,2.3699999999953434,2.884753
352,4,-120,-374042.28,-16.269682,0.6199999999953434,3.9022240000000004
352,5,-105,-374041.56,-14.48732,1.3400000000256114,5.6845859999999995
352,6,-90,-374040.75,-12.9125395,2.150000000023283,7.2593665000000005
352,7,-75,-374041.7,-14.685896,1.2000000000116415,5.48601
352,8,-60,-374042.44,-16.584745,0.4600000000209547,3.5871609999999983
352,9,-45,-374042.84,-18.18445,0.0599999999976716,1.9874560000000017
352,10,-30,-374042.88,-19.320307,0.0200000000186264,0.8515990000000002
352,11,-15,-374042.62,-19.99805,0.2800000000279397,0.17385600000000068
352,12,0,-374042.16,-20.171906,0.7400000000488944,0
352,13,15,-374042.62,-19.997532,0.2800000000279397,0.17437400000000025
352,14,30,-374042.88,-19.320297,0.0200000000186264,0.8516089999999998
352,15,45,-374042.84,-18.184446,0.0599999999976716,1.9874599999999987
352,16,60,-374042.44,-16.578154,0.4600000000209547,3.5937519999999985
352,17,75,-374041.7,-14.686528,1.2000000000116415,5.485378000000001
352,18,90,-374040.75,-12.912542,2.150000000023283,7.259364
352,19,105,-374041.56,-14.487774,1.3400000000256114,5.684132
352,20,120,-374042.28,-16.269682,0.6199999999953434,3.9022240000000004
352,21,135,-374040.53,-17.29108,2.3699999999953434,2.880825999999999
352,22,150,-374042.9,-19.062782,0,1.1091240000000013
352,23,165,-374042.7,-19.863659,0.2000000000116415,0.3082470000000015
352,24,180,-374042.22,-20.153172,0.6800000000512227,0.018733999999998474
353,1,-165,-344201.6,29.000753,0.6800000000512227,2.203996
353,2,-150,-344201.2,-16.229391,2.35999999998603,2.2127879999999998
353,3,-135,-344200.34,29.912464,1.9400000000023283,3.1157070000000004
353,4,-120,-344199.16,30.690016,3.120000000053551,3.8932590000000005
353,5,-105,-344198,31.293436,4.28000000002794,4.496679
353,6,-90,-344197.4,31.266563,4.880000000004657,4.469806000000002
353,7,-75,-344197.72,30.47562,4.560000000055879,3.6788629999999998
353,8,-60,-344198.8,29.290003,3.480000000039581,2.493245999999999
353,9,-45,-344200.16,28.173021,2.120000000053551,1.376263999999999
353,10,-30,-344201.3,27.367672,0.9800000000395812,0.5709149999999994
353,11,-15,-344202.03,26.92889,0.25,0.1321329999999996
353,12,0,-344202.28,26.796757,0,0
353,13,15,-344202.03,26.92889,0.25,0.1321329999999996
353,14,30,-344201.3,27.367672,0.9800000000395812,0.5709149999999994
353,15,45,-344200.16,28.172642,2.120000000053551,1.3758850000000002
353,16,60,-344198.8,29.290987,3.480000000039581,2.4942300000000017
353,17,75,-344197.72,30.47562,4.560000000055879,3.6788629999999998
353,18,90,-344197.4,31.266771,4.880000000004657,4.470013999999999
353,19,105,-344198,31.293148,4.28000000002794,4.496390999999999
353,20,120,-344199.16,30.690964,3.120000000053551,3.8942070000000015
353,21,135,-344200.34,29.91075,1.9400000000023283,3.1139930000000007
353,22,150,-344201.2,-16.229391,2.35999999998603,2.2127879999999998
353,23,165,-344201.6,29.000753,0.6800000000512227,2.203996
353,24,180,-344201.72,28.9113,0.5600000000558794,2.114543000000001
354,1,-165,-445121.94,46.214184,9.679999999993017,12.092224000000002
354,2,-150,-445124.5,41.57823,7.119999999995343,7.456269999999996
354,3,-135,-445127.38,38.007835,4.239999999990687,3.8858749999999986
354,4,-120,-445129.53,36.58393,2.089999999967404,2.461970000000001
354,5,-105,-445130.8,36.29555,0.8200000000069849,2.1735899999999972
354,6,-90,-445131.53,35.995823,0.0899999999674037,1.873863
354,7,-75,-445131.62,35.051266,0,0.9293059999999969
354,8,-60,-445130.84,34.20827,0.779999999969732,0.08630999999999744
354,9,-45,-445128.94,34.127502,2.679999999993015,0.0055419999999983816
354,10,-30,-445126.22,34.911144,5.400000000023283,0.7891839999999988
354,11,-15,-445123.47,36.087997,8.150000000023283,1.966037
354,12,0,-445121.38,37.23407,10.239999999990689,3.1121100000000013
354,13,15,-445123.47,36.094727,8.150000000023283,1.9727669999999975
354,14,30,-445126.22,34.91749,5.400000000023283,0.7955299999999994
354,15,45,-445128.94,34.12196,2.679999999993015,0
354,16,60,-445130.84,34.196056,0.779999999969732,0.07409599999999728
354,17,75,-445131.62,35.051025,0,0.9290650000000014
354,18,90,-445131.53,35.994755,0.0899999999674037,1.8727949999999964
354,19,105,-445130.8,36.285446,0.8200000000069849,2.163485999999999
354,20,120,-445129.53,36.58712,2.089999999967404,2.4651599999999974
354,21,135,-445127.38,38.008995,4.239999999990687,3.8870349999999974
354,22,150,-445124.5,41.578773,7.119999999995343,7.456812999999997
354,23,165,-445121.97,45.10105,9.650000000023285,10.97909
354,24,180,-445121.94,44.718746,9.679999999993017,10.596786000000002
355,1,-165,-350144.78,-20.191471,0.0999999999767169,0
355,2,-150,-350144.88,-19.875443,0,0.3160279999999993
355,3,-135,-350144.66,-18.76008,0.2200000000302679,1.4313910000000014
355,4,-120,-350144.1,-17.281757,0.7800000000279397,2.909714000000001
355,5,-105,-350143.3,-15.67081,1.580000000016298,4.5206610000000005
355,6,-90,-350142.5,-14.354892,2.3800000000046566,5.836579
355,7,-75,-350143.47,-15.835988,1.4100000000325963,4.3554829999999995
355,8,-60,-350144.28,-17.54262,0.5999999999767169,2.6488510000000005
355,9,-45,-350144.75,-19.04557,0.1300000000046566,1.1459009999999985
355,10,-30,-350144.88,-20.033834,0,0.15763700000000114
355,11,-15,-350144.72,-20.140678,0.1600000000325963,0.050792999999998756
355,12,0,-350144.3,-19.286983,0.5800000000162981,0.9044880000000006
355,13,15,-350144.72,-20.142183,0.1600000000325963,0.049288000000000665
355,14,30,-350144.88,-20.03383,0,0.1576410000000017
355,15,45,-350144.75,-19.045572,0.1300000000046566,1.145899
355,16,60,-350144.28,-17.54262,0.5999999999767169,2.6488510000000005
355,17,75,-350143.47,-15.835988,1.4100000000325963,4.3554829999999995
355,18,90,-350142.5,-14.354891,2.3800000000046566,5.83658
355,19,105,-350143.3,-15.686783,1.580000000016298,4.504688
355,20,120,-350144.1,-17.255974,0.7800000000279397,2.9354970000000016
355,21,135,-350144.66,-18.76008,0.2200000000302679,1.4313910000000014
355,22,150,-350144.88,-19.87544,0,0.31603099999999884
355,23,165,-350144.78,-20.190414,0.0999999999767169,0.0010569999999994195
355,24,180,-350144.34,-19.393778,0.5399999999790452,0.7976929999999989
356,1,-165,-502585.06,-22.220924,2.470000000030268,2.7682119999999983
356,2,-150,-502584.7,-21.728456,2.830000000016298,3.260679999999997
356,3,-135,-502583.78,-21.212355,3.75,3.7767809999999997
356,4,-120,-502584.75,-22.664087,2.78000000002794,2.325049
356,5,-105,-502584.8,-22.030094,2.730000000039581,2.959042
356,6,-90,-502584.28,-20.453638,3.25,4.535497999999997
356,7,-75,-502583.16,-18.299854,4.370000000053551,6.689281999999999
356,8,-60,-502581.8,-16.53374,5.730000000039581,8.455395999999997
356,9,-45,-502581.06,-15.850109,6.470000000030268,9.139026999999999
356,10,-30,-502581.72,-16.944166,5.810000000055879,8.04497
356,11,-15,-502582.3,-18.686016,5.230000000039581,6.30312
356,12,0,-502582.9,-20.025024,4.630000000004657,4.964112
356,13,15,-502583.6,-20.627674,3.930000000051223,4.3614619999999995
356,14,30,-502584.22,-20.631945,3.31000000005588,4.357190999999997
356,15,45,-502584.78,-20.449387,2.75,4.539748999999997
356,16,60,-502585.56,-20.660366,1.970000000030268,4.328769999999999
356,17,75,-502586.66,-21.876768,0.870000000053551,3.112368
356,18,90,-502587.47,-23.563854,0.0600000000558793,1.4252819999999993
356,19,105,-502587.53,-24.801329,0,0.1878069999999994
356,20,120,-502586.8,-24.989136,0.7300000000395812,0
356,21,135,-502585.6,-24.29151,1.9300000000512227,0.6976259999999996
356,22,150,-502584.25,-22.692661,3.28000000002794,2.2964749999999974
356,23,165,-502584.34,-22.080658,3.1900000000023283,2.908477999999999
356,24,180,-502584.84,-22.515892,2.6900000000023283,2.4732439999999976
357,1,-165,-403482.3,-59.864277,0.0800000000162981,2.108840999999998
357,2,-150,-403482,-61.449146,0.3800000000046566,0.5239720000000005
357,3,-135,-403481.2,-61.969513,1.179999999993015,0.0036050000000003024
357,4,-120,-403480.03,-61.60767,2.349999999976717,0.36544800000000066
357,5,-105,-403478.97,-61.00371,3.4100000000325963,0.9694080000000014
357,6,-90,-403478.47,-60.69376,3.910000000032596,1.279358000000002
357,7,-75,-403478.94,-61.032738,3.4400000000023283,0.9403799999999976
357,8,-60,-403480.03,-61.64727,2.349999999976717,0.3258480000000006
357,9,-45,-403481.16,-61.973118,1.220000000030268,0
357,10,-30,-403481.97,-61.462086,0.4100000000325963,0.5110320000000002
357,11,-15,-403482.3,-59.891155,0.0800000000162981,2.081963000000002
357,12,0,-403482.38,-58.782963,0,3.190154999999997
357,13,15,-403482.3,-59.891148,0.0800000000162981,2.0819699999999983
357,14,30,-403481.97,-61.462093,0.4100000000325963,0.5110249999999965
357,15,45,-403481.16,-61.973118,1.220000000030268,0
357,16,60,-403480.03,-61.64306,2.349999999976717,0.3300580000000011
357,17,75,-403478.94,-61.032738,3.4400000000023283,0.9403799999999976
357,18,90,-403478.47,-60.69376,3.910000000032596,1.279358000000002
357,19,105,-403478.97,-61.00371,3.4100000000325963,0.9694080000000014
357,20,120,-403480.03,-61.60767,2.349999999976717,0.36544800000000066
357,21,135,-403481.2,-61.96034,1.179999999993015,0.012777999999997292
357,22,150,-403482,-61.449135,0.3800000000046566,0.5239830000000012
357,23,165,-403482.3,-59.864277,0.0800000000162981,2.108840999999998
357,24,180,-403482.38,-58.784435,0,3.1886829999999975
358,1,-165,-418861.94,77.047295,0,0.5928550000000001
358,2,-150,-418861.34,76.45444,0.5999999999767169,0
358,3,-135,-418860,76.678734,1.9400000000023283,0.22429400000000044
358,4,-120,-418858.12,77.58138,3.820000000006985,1.1269399999999905
358,5,-105,-418856.2,79.02326,5.739999999990687,2.568819999999988
358,6,-90,-418854.94,80.423355,7,3.9689149999999955
358,7,-75,-418854.34,81.34241,7.599999999976717,4.887969999999996
358,8,-60,-418853.94,82.099815,8,5.645375000000001
358,9,-45,-418853.34,82.969246,8.599999999976717,6.514805999999993
358,10,-30,-418852.5,84.50318,9.440000000002328,8.048739999999995
358,11,-15,-418851.4,86.485695,10.539999999979043,10.031255000000002
358,12,0,-418850.28,87.714516,11.659999999974389,11.260075999999998
358,13,15,-418851.4,86.48994,10.539999999979043,10.035499999999999
358,14,30,-418852.5,84.51375,9.440000000002328,8.059309999999996
358,15,45,-418853.34,82.9693,8.599999999976717,6.514859999999999
358,16,60,-418853.94,82.099815,8,5.645375000000001
358,17,75,-418854.34,81.33732,7.599999999976717,4.88288
358,18,90,-418854.94,80.42169,7,3.967249999999993
358,19,105,-418856.2,79.014366,5.739999999990687,2.55992599999999
358,20,120,-418858.12,77.58461,3.820000000006985,1.1301699999999926
358,21,135,-418860,76.68132,1.9400000000023283,0.2268799999999942
358,22,150,-418861.34,76.46792,0.5999999999767169,0.013480000000001269
358,23,165,-418861.94,77.040565,0,0.5861249999999956
358,24,180,-418860.97,77.64195,0.970000000030268,1.187509999999989
359,1,-165,-393957.12,8.019342,0.5999999999767169,0.9198089999999999
359,2,-150,-393955.47,10.239813,2.25,3.1402799999999997
359,3,-135,-393952.84,13.327519,4.879999999946449,6.2279860000000005
359,4,-120,-393949.38,17.068127,8.339999999967404,9.968594
359,5,-105,-393946,21.164839,11.71999999997206,14.065306
359,6,-90,-393944.3,23.228872,13.419999999983702,16.129338999999998
359,7,-75,-393944.75,22.658821,12.96999999997206,15.559287999999999
359,8,-60,-393946.66,20.568756,11.059999999997672,13.469223
359,9,-45,-393948.88,18.145067,8.839999999967404,11.045534
359,10,-30,-393950.66,16.212336,7.059999999997672,9.112803
359,11,-15,-393951.72,15.053451,6,7.953918000000001
359,12,0,-393952.06,14.602135,5.659999999974389,7.502602
359,13,15,-393951.72,15.041912,6,7.942379
359,14,30,-393950.66,16.214619,7.059999999997672,9.115085999999998
359,15,45,-393948.88,18.140434,8.839999999967404,11.040900999999998
359,16,60,-393946.66,20.5554,11.059999999997672,13.455866999999998
359,17,75,-393944.75,22.673985,12.96999999997206,15.574451999999997
359,18,90,-393944.3,23.308266,13.419999999983702,16.208733
359,19,105,-393946,21.182753,11.71999999997206,14.08322
359,20,120,-393949.38,17.081089,8.339999999967404,9.981555999999998
359,21,135,-393952.84,13.328431,4.879999999946449,6.228898
359,22,150,-393955.47,10.243708,2.25,3.1441749999999997
359,23,165,-393957.12,8.021268,0.5999999999767169,0.9217349999999991
359,24,180,-393957.72,7.099533,0,0
360,1,-165,-428923.25,23.127743,0.150000000023283,0.15499699999999805
360,2,-150,-428922.75,23.686779,0.6500000000232831,0.7140330000000006
360,3,-135,-428921.7,24.703266,1.7000000000116415,1.7305199999999985
360,4,-120,-428920.28,26.051264,3.1199999999953434,3.078517999999999
360,5,-105,-428918.97,27.303038,4.430000000051223,4.330292
360,6,-90,-428918.4,27.798635,5,4.825889
360,7,-75,-428918.94,27.214338,4.460000000020955,4.241592000000001
360,8,-60,-428920.28,26.023418,3.1199999999953434,3.0506719999999987
360,9,-45,-428921.7,24.864305,1.7000000000116415,1.8915590000000009
360,10,-30,-428922.7,24.019005,0.7000000000116415,1.0462589999999992
360,11,-15,-428923.16,23.545439,0.2400000000488944,0.5726929999999975
360,12,0,-428923.3,23.412313,0.1000000000349246,0.43956700000000026
360,13,15,-428923.2,23.573717,0.2000000000116415,0.6009709999999977
360,14,30,-428922.7,24.070345,0.7000000000116415,1.0975989999999989
360,15,45,-428921.7,24.924967,1.7000000000116415,1.952220999999998
360,16,60,-428920.28,26.07559,3.1199999999953434,3.1028439999999975
360,17,75,-428918.97,27.253967,4.430000000051223,4.281220999999999
360,18,90,-428918.44,27.833347,4.960000000020955,4.860600999999999
360,19,105,-428918.97,27.326937,4.430000000051223,4.354191
360,20,120,-428920.28,26.07802,3.1199999999953434,3.105273999999998
360,21,135,-428921.72,24.727905,1.6800000000512227,1.755158999999999
360,22,150,-428922.78,23.72164,0.6199999999953434,0.748894
360,23,165,-428923.28,23.154505,0.1199999999953433,0.18175899999999956
360,24,180,-428923.4,22.972746,0,0
361,1,-165,-397330.22,7.480961,6.880000000004657,3.0645143
361,2,-150,-397332.3,6.0144486,4.799999999988359,1.5980018999999999
361,3,-135,-397334.3,5.0273414,2.7999999999883585,0.6108947000000002
361,4,-120,-397335.8,4.7630954,1.2999999999883585,0.34664870000000025
361,5,-105,-397336.66,4.799495,0.4400000000023283,0.38304830000000045
361,6,-90,-397337.03,4.7984886,0.0699999999487772,0.38204189999999993
361,7,-75,-397337.1,4.639705,0,0.22325830000000035
361,8,-60,-397337,4.4267125,0.0999999999767169,0.010265799999999992
361,9,-45,-397336.78,4.4233646,0.3199999999487772,0.006917900000000365
361,10,-30,-397336.47,4.7161546,0.6300000000046566,0.29970790000000047
361,11,-15,-397336.1,5.280811,1,0.8643643000000001
361,12,0,-397335.84,5.786378,1.2599999999511056,1.3699313000000002
361,13,15,-397336.1,5.2794504,1,0.8630037000000002
361,14,30,-397336.47,4.7255983,0.6300000000046566,0.30915159999999986
361,15,45,-397336.78,4.4164467,0.3199999999487772,0
361,16,60,-397337,4.426831,0.0999999999767169,0.010384300000000124
361,17,75,-397337.1,4.639871,0,0.22342430000000046
361,18,90,-397337.03,4.7786403,0.0699999999487772,0.36219360000000034
361,19,105,-397336.66,4.7945023,0.4400000000023283,0.3780556000000006
361,20,120,-397335.8,4.757959,1.2999999999883585,0.34151229999999977
361,21,135,-397334.3,5.038559,2.7999999999883585,0.6221123000000004
361,22,150,-397332.3,6.0139637,4.799999999988359,1.5975169999999999
361,23,165,-397330.22,7.4736705,6.880000000004657,3.0572238
361,24,180,-397328.88,8.4742,8.21999999997206,4.0577533
362,1,-165,-502236.62,45.942444,0.1300000000046566,0.6306119999999993
362,2,-150,-502236.22,46.34608,0.5300000000279397,1.034247999999998
362,3,-135,-502236,46.280476,0.75,0.9686439999999976
362,4,-120,-502236.22,45.765434,0.5300000000279397,0.4536019999999965
362,5,-105,-502236.47,45.311832,0.2800000000279397,0
362,6,-90,-502235.78,46.337612,0.9699999999720604,1.0257799999999975
362,7,-75,-502235.66,45.71769,1.0900000000256114,0.40585799999999495
362,8,-60,-502236.75,45.6047,0,0.2928679999999986
362,9,-45,-502235.7,46.394012,1.0499999999883585,1.082179999999994
362,10,-30,-502233.6,48.49157,3.150000000023283,3.1797380000000004
362,11,-15,-502229.47,51.382336,7.28000000002794,6.070504
362,12,0,-502230.2,49.6648,6.549999999988359,4.352967999999997
362,13,15,-502231.44,47.828285,5.309999999997672,2.5164529999999985
362,14,30,-502232.47,47.262077,4.28000000002794,1.9502449999999953
362,15,45,-502232.84,46.767433,3.9099999999743886,1.4556009999999944
362,16,60,-502232.4,46.727566,4.349999999976717,1.4157340000000005
362,17,75,-502232.7,46.792828,4.049999999988359,1.4809959999999975
362,18,90,-502231.84,48.622578,4.909999999974389,3.3107459999999946
362,19,105,-502231.22,49.4471,5.53000000002794,4.135267999999996
362,20,120,-502230.84,50.171707,5.909999999974389,4.859874999999995
362,21,135,-502231.47,50.1147,5.28000000002794,4.802867999999997
362,22,150,-502233.2,48.545807,3.5499999999883585,3.233975000000001
362,23,165,-502235.3,46.542812,1.4500000000116415,1.2309799999999953
362,24,180,-502236.62,45.592827,0.1300000000046566,0.2809949999999972
363,1,-165,-401562.1,11.151858,1.9300000000512227,2.2403820000000003
363,2,-150,-401560.9,12.504783,3.1300000000046566,3.5933069999999994
363,3,-135,-401560.12,13.671304,3.910000000032596,4.759827999999999
363,4,-120,-401560.2,13.789477,3.830000000016298,4.878000999999999
363,5,-105,-401561.12,13.158742,2.9100000000325963,4.247266
363,6,-90,-401562.53,12.210362,1.5,3.2988859999999995
363,7,-75,-401563.5,11.98391,0.5300000000279397,3.0724339999999994
363,8,-60,-401562.62,8.911476,1.4100000000325963,0
363,9,-45,-401563.53,11.99637,0.5,3.0848940000000002
363,10,-30,-401562.6,12.2248,1.4300000000512227,3.3133239999999997
363,11,-15,-401561.22,13.120329,2.81000000005588,4.2088529999999995
363,12,0,-401560.25,13.980745,3.78000000002794,5.069269
363,13,15,-401560.1,13.73217,3.930000000051223,4.820694
363,14,30,-401560.75,12.6828785,3.28000000002794,3.771402499999999
363,15,45,-401561.9,11.382527,2.1300000000046566,2.471050999999999
363,16,60,-401563.06,10.312179,0.970000000030268,1.400703
363,17,75,-401563.84,9.7170105,0.1900000000023283,0.8055345000000003
363,18,90,-401564.03,9.314931,0,0.40345499999999923
363,19,105,-401563.6,9.944813,0.4300000000512227,1.0333369999999995
363,20,120,-401563.44,10.108773,0.5900000000256114,1.197296999999999
363,21,135,-401563.47,10.0039,0.5600000000558794,1.0924239999999994
363,22,150,-401563.97,9.384236,0.0600000000558793,0.4727599999999992
363,23,165,-401563.94,9.598159,0.0900000000256113,0.6866830000000004
363,24,180,-401563.25,10.183323,0.7800000000279397,1.2718469999999993
364,1,-165,-206031.9,23.865627,0.4800000000104774,0.44058000000000064
364,2,-150,-206031.05,24.76656,1.330000000016298,1.341512999999999
364,3,-135,-206030.28,25.530087,2.1000000000058208,2.1050400000000025
364,4,-120,-206030.03,25.600178,2.3500000000058208,2.1751310000000004
364,5,-105,-206030.39,24.902458,1.9899999999906868,1.477411
364,6,-90,-206030.88,23.95217,1.5,0.5271229999999996
364,7,-75,-206030.86,23.667906,1.5200000000186265,0.24285899999999927
364,8,-60,-206030.17,24.47869,2.209999999991851,1.053643000000001
364,9,-45,-206028.69,26.505968,3.690000000002328,3.080921
364,10,-30,-206026.66,29.356554,5.720000000001164,5.931507
364,11,-15,-206024.28,31.93264,8.10000000000582,8.507593
364,12,0,-206023.67,32.79901,8.709999999991851,9.373963000000003
364,13,15,-206024.28,32.13141,8.10000000000582,8.706363000000003
364,14,30,-206025.64,30.03338,6.739999999990687,6.608333000000002
364,15,45,-206027.33,26.666735,5.050000000017462,3.241688
364,16,60,-206028.84,24.32394,3.540000000008149,0.898893000000001
364,17,75,-206029.58,23.426203,2.8000000000174623,0.0011560000000017112
364,18,90,-206029.62,23.775135,2.760000000009313,0.3500879999999995
364,19,105,-206029.62,24.590504,2.760000000009313,1.165457
364,20,120,-206030.06,24.931751,2.320000000006985,1.5067039999999992
364,21,135,-206030.69,24.93419,1.6900000000023283,1.5091430000000017
364,22,150,-206031.56,24.35907,0.8200000000069849,0.9340229999999998
364,23,165,-206032.25,23.668453,0.1300000000046566,0.24340600000000023
364,24,180,-206032.38,23.425047,0,0
365,1,-165,-272479.62,-35.976665,5.849999999976717,5.915261000000001
365,2,-150,-272479.28,-33.746864,6.189999999944121,8.145061999999996
365,3,-135,-272478.7,-30.566767,6.769999999960419,11.325159
365,4,-120,-272478.38,-26.484114,7.089999999967404,15.407811999999996
365,5,-105,-272478.47,-24.615982,7,17.275944
365,6,-90,-272478.8,-25.372152,6.669999999983702,16.519773999999998
365,7,-75,-272479.56,-28.385273,5.909999999974389,13.506652999999996
365,8,-60,-272481.03,-32.167484,4.439999999944121,9.724441999999996
365,9,-45,-272482.88,-35.644337,2.589999999967404,6.247588999999998
365,10,-30,-272484.4,-38.5342,1.0699999999487773,3.3577259999999995
365,11,-15,-272485.38,-40.524223,0.0899999999674037,1.3677029999999988
365,12,0,-272485.47,-41.891926,0,0
365,13,15,-272485.38,-40.522457,0.0899999999674037,1.3694689999999952
365,14,30,-272484.4,-38.534492,1.0699999999487773,3.357433999999998
365,15,45,-272482.88,-35.634254,2.589999999967404,6.2576719999999995
365,16,60,-272481.03,-32.161175,4.439999999944121,9.730750999999998
365,17,75,-272479.56,-28.403755,5.909999999974389,13.488170999999998
365,18,90,-272478.8,-25.367361,6.669999999983702,16.524565
365,19,105,-272478.47,-24.665894,7,17.226031999999996
365,20,120,-272478.38,-26.480715,7.089999999967404,15.411210999999998
365,21,135,-272478.7,-30.558422,6.769999999960419,11.333503999999998
365,22,150,-272479.28,-33.708652,6.189999999944121,8.183273999999997
365,23,165,-272479.62,-35.978027,5.849999999976717,5.913899000000001
365,24,180,-272479.8,-36.512714,5.669999999983702,5.379211999999995
366,1,-165,-477873.03,-5.494292,0.4099999999743886,1.760128
366,2,-150,-477873.2,-5.898498,0.2399999999906867,1.3559219999999996
366,3,-135,-477873.2,-6.308528,0.2399999999906867,0.9458919999999997
366,4,-120,-477873.4,-6.5686707,0.0399999999790452,0.6857492999999995
366,5,-105,-477873.44,-6.8749948,0,0.3794252
366,6,-90,-477873.34,-6.803461,0.0999999999767169,0.4509589999999992
366,7,-75,-477873.16,-6.926802,0.2800000000279397,0.3276179999999993
366,8,-60,-477872.56,-6.905975,0.8800000000046566,0.3484449999999999
366,9,-45,-477871.97,-6.862019,1.470000000030268,0.39240099999999956
366,10,-30,-477871.34,-7.074545,2.099999999976717,0.179875
366,11,-15,-477870.78,-7.246167,2.6599999999743886,0.008252999999999844
366,12,0,-477870.5,-7.25442,2.9400000000023283,0
366,13,15,-477870.78,-7.248202,2.6599999999743886,0.006217999999999613
366,14,30,-477871.34,-7.0762734,2.099999999976717,0.17814659999999982
366,15,45,-477871.97,-6.8650312,1.470000000030268,0.38938879999999987
366,16,60,-477872.56,-6.905971,0.8800000000046566,0.34844899999999956
366,17,75,-477873.16,-6.9291396,0.2800000000279397,0.3252803999999996
366,18,90,-477873.34,-6.8033442,0.0999999999767169,0.4510757999999999
366,19,105,-477873.44,-6.876052,0,0.37836800000000004
366,20,120,-477873.4,-6.5686636,0.0399999999790452,0.6857563999999998
366,21,135,-477873.2,-6.332145,0.2399999999906867,0.922275
366,22,150,-477873.16,-5.914449,0.2800000000279397,1.3399709999999994
366,23,165,-477873.03,-5.494292,0.4099999999743886,1.760128
366,24,180,-477872.97,-5.16058,0.470000000030268,2.0938399999999993
367,1,-165,-245919.17,21.426193,0.2299999999813735,3.1917280000000012
367,2,-150,-245919.38,21.91547,0.0199999999895226,3.681004999999999
367,3,-135,-245919.4,21.754515,0,3.5200500000000012
367,4,-120,-245919.27,21.058878,0.1300000000046566,2.824413
367,5,-105,-245919.02,20.098454,0.3800000000046566,1.8639890000000001
367,6,-90,-245918.75,19.080269,0.6499999999941792,0.8458040000000011
367,7,-75,-245918.44,18.234465,0.9599999999918508,0
367,8,-60,-245917.72,18.283249,1.679999999993015,0.04878400000000127
367,9,-45,-245916.19,20.159775,3.209999999991851,1.9253099999999996
367,10,-30,-245914.05,24.193619,5.350000000005821,5.959154000000002
367,11,-15,-245911.77,29.434172,7.630000000004657,11.199707
367,12,0,-245909.83,33.911667,9.570000000006983,15.677202000000001
367,13,15,-245908.3,37.08274,11.10000000000582,18.848275
367,14,30,-245907.39,38.55391,12.00999999998021,20.31744
367,15,45,-245908.12,38.095325,11.279999999998836,19.858855000000002
367,16,60,-245908.94,38.12373,10.459999999991853,19.88726
367,17,75,-245910.16,33.8868,9.239999999990689,15.652335
367,18,90,-245911.95,29.642696,7.449999999982538,11.408231
367,19,105,-245914.16,23.906664,5.239999999990687,5.672198999999999
367,20,120,-245916.44,19.736465,2.959999999991851,1.501999999999999
367,21,135,-245917.94,18.242048,1.459999999991851,0.0075830000000003395
367,22,150,-245918.53,18.54016,0.8699999999953434,0.30569500000000005
367,23,165,-245918.72,19.464556,0.6799999999930151,1.2300910000000016
367,24,180,-245918.92,20.51662,0.4799999999813735,2.2821549999999995
368,1,-165,-452445.72,7.3280087,0.3100000000558793,0.6688624000000001
368,2,-150,-452444.8,7.9691176,1.2300000000395812,1.3099713
368,3,-135,-452443.38,8.814822,2.650000000023283,2.1556756999999998
368,4,-120,-452441.62,10.319942,4.410000000032596,3.6607956999999995
368,5,-105,-452440.1,11.697359,5.930000000051223,5.038212700000001
368,6,-90,-452439.47,12.32761,6.560000000055879,5.6684637
368,7,-75,-452440.16,11.813354,5.870000000053551,5.154207700000001
368,8,-60,-452441.72,10.446889,4.310000000055879,3.787742700000001
368,9,-45,-452443.4,8.892726,2.6300000000046566,2.2335797
368,10,-30,-452444.75,7.6114645,1.2800000000279397,0.9523182000000006
368,11,-15,-452445.56,6.8771825,0.470000000030268,0.21803620000000024
368,12,0,-452445.8,6.6591463,0.2300000000395812,0
368,13,15,-452445.56,6.8771825,0.470000000030268,0.21803620000000024
368,14,30,-452444.75,7.6114607,1.2800000000279397,0.9523144000000006
368,15,45,-452443.4,8.899656,2.6300000000046566,2.2405097000000005
368,16,60,-452441.75,10.64207,4.28000000002794,3.9829237000000006
368,17,75,-452440.16,11.813369,5.870000000053551,5.1542227
368,18,90,-452439.47,12.327614,6.560000000055879,5.668467700000001
368,19,105,-452440.1,11.697063,5.930000000051223,5.0379167
368,20,120,-452441.62,10.321696,4.410000000032596,3.6625496999999996
368,21,135,-452443.38,8.814822,2.650000000023283,2.1556756999999998
368,22,150,-452444.84,8.114079,1.1900000000023283,1.4549327000000005
368,23,165,-452445.72,7.324695,0.3100000000558793,0.6655487000000004
368,24,180,-452446.03,6.866235,0,0.2070886999999999
369,1,-165,-411207.4,52.274296,0.4799999999813735,0.3364180000000019
369,2,-150,-411206.44,53.157852,1.4400000000023283,1.2199740000000006
369,3,-135,-411204.5,55.141792,3.3800000000046566,3.2039140000000046
369,4,-120,-411202.56,58.754868,5.320000000006985,6.816990000000004
369,5,-105,-411203.4,56.54375,4.4799999999813735,4.605872000000005
369,6,-90,-411205.97,53.814922,1.9100000000325963,1.877044000000005
369,7,-75,-411207.53,52.37053,0.3499999999767169,0.4326520000000045
369,8,-60,-411207.88,51.937878,0,0
369,9,-45,-411206.97,52.0343,0.9100000000325964,0.096422000000004
369,10,-30,-411205.03,52.893734,2.849999999976717,0.9558560000000043
369,11,-15,-411202.6,54.22757,5.28000000002794,2.2896920000000023
369,12,0,-411200.62,55.861458,7.260000000009313,3.923580000000001
369,13,15,-411200.34,57.750175,7.539999999979045,5.812297000000001
369,14,30,-411202,58.20737,5.880000000004657,6.269492
369,15,45,-411204.8,55.20387,3.080000000016298,3.2659920000000042
369,16,60,-411206.78,53.641865,1.099999999976717,1.703987000000005
369,17,75,-411204.7,54.35126,3.179999999993015,2.4133820000000057
369,18,90,-411203.75,55.19451,4.130000000004657,3.2566320000000033
369,19,105,-411202.34,56.531536,5.539999999979045,4.593658000000005
369,20,120,-411200.34,56.546825,7.539999999979045,4.608947000000001
369,21,135,-411201.53,55.345634,6.349999999976717,3.407755999999999
369,22,150,-411203.97,54.159595,3.910000000032596,2.2217170000000053
369,23,165,-411206.22,52.933113,1.6600000000325963,0.995235000000001
369,24,180,-411207.44,52.24329,0.4400000000023283,0.305412000000004
370,1,-165,-331738.56,-18.894848,0.2399999999906867,0.9824900000000021
370,2,-150,-331738.8,-19.840126,0,0.037212000000000245
370,3,-135,-331738.44,-19.876913,0.3599999999860301,0.0004250000000034504
370,4,-120,-331737.44,-19.10993,1.3599999999860302,0.7674080000000032
370,5,-105,-331736.28,-18.065575,2.519999999960419,1.8117630000000027
370,6,-90,-331735.7,-17.410152,3.099999999976717,2.4671860000000017
370,7,-75,-331735.9,-17.664814,2.8999999999650754,2.212524000000002
370,8,-60,-331736.72,-18.41554,2.080000000016298,1.4617980000000017
370,9,-45,-331737.53,-18.95876,1.2699999999604188,0.9185780000000001
370,10,-30,-331737.8,-0.59731567,0.5800000000162981,0.002636730000000087
370,11,-15,-331737.47,-17.727636,1.330000000016298,2.1497020000000013
370,12,0,-331737.06,-16.687162,1.7399999999906868,3.190176000000001
370,13,15,-331737.47,-17.733217,1.330000000016298,2.144121000000002
370,14,30,-331737.8,-0.59748346,0.5800000000162981,0.002468940000000086
370,15,45,-331737.53,-18.953365,1.2699999999604188,0.9239730000000002
370,16,60,-331736.72,-18.417267,2.080000000016298,1.4600710000000028
370,17,75,-331735.9,-17.666496,2.8999999999650754,2.210842000000003
370,18,90,-331735.7,-17.410158,3.099999999976717,2.4671800000000026
370,19,105,-331736.28,-18.056759,2.519999999960419,1.8205790000000022
370,20,120,-331737.44,-19.109938,1.3599999999860302,0.7674000000000021
370,21,135,-331738.44,-19.877338,0.3599999999860301,0
370,22,150,-331738.8,-19.841562,0,0.03577600000000203
370,23,165,-331738.56,-18.897554,0.2399999999906867,0.9797840000000022
370,24,180,-331738.28,-18.075342,0.5199999999604188,1.8019960000000026
371,1,-165,-307067.16,-40.810196,0.3099999999976717,0.006154000000002213
371,2,-150,-307066.12,-40.768013,1.349999999976717,0.04833699999999652
371,3,-135,-307064.47,-40.495934,3,0.3204160000000016
371,4,-120,-307062.44,-39.98479,5.029999999969732,0.8315600000000032
371,5,-105,-307060.44,-39.53192,7.029999999969732,1.2844300000000004
371,6,-90,-307059.47,-39.671978,8,1.144371999999997
371,7,-75,-307060.47,-39.94894,7,0.8674099999999996
371,8,-60,-307062.53,-40.295303,4.939999999944121,0.5210470000000029
371,9,-45,-307064.62,-40.62195,2.849999999976717,0.19440000000000168
371,10,-30,-307066.22,-40.784607,1.25,0.031742999999998744
371,11,-15,-307067.16,-40.81635,0.3099999999976717,0
371,12,0,-307067.47,-40.79308,0,0.02326999999999657
371,13,15,-307067.16,-40.81635,0.3099999999976717,0
371,14,30,-307066.22,-40.784607,1.25,0.031742999999998744
371,15,45,-307064.62,-40.621952,2.849999999976717,0.19439799999999963
371,16,60,-307062.53,-40.29633,4.939999999944121,0.5200200000000024
371,17,75,-307060.47,-39.950745,7,0.8656050000000022
371,18,90,-307059.47,-39.62935,8,1.1869999999999976
371,19,105,-307060.44,-39.53125,7.029999999969732,1.2851
371,20,120,-307062.44,-39.97275,5.029999999969732,0.8436000000000021
371,21,135,-307064.47,-40.489613,3,0.3267370000000014
371,22,150,-307066.12,-40.768017,1.349999999976717,0.048332999999999515
371,23,165,-307067.16,-40.810196,0.3099999999976717,0.006154000000002213
371,24,180,-307067.47,-40.803497,0,0.012852999999999781
372,1,-165,-324067.28,10.273754,0.0199999999604187,0.00356700000000032
372,2,-150,-324066.97,10.428118,0.3300000000162981,0.1579309999999996
372,3,-135,-324066.2,10.933055,1.099999999976717,0.6628679999999996
372,4,-120,-324065,11.855713,2.2999999999883585,1.5855259999999998
372,5,-105,-324063.84,12.684121,3.459999999962747,2.4139339999999994
372,6,-90,-324063.38,12.855377,3.919999999983702,2.5851900000000008
372,7,-75,-324063.88,12.430773,3.419999999983702,2.1605860000000003
372,8,-60,-324065,11.62622,2.2999999999883585,1.356033
372,9,-45,-324066.2,10.808234,1.099999999976717,0.5380470000000006
372,10,-30,-324066.97,10.331824,0.3300000000162981,0.061636999999999276
372,11,-15,-324067.28,10.270187,0.0199999999604187,0
372,12,0,-324067.3,10.359763,0,0.08957599999999921
372,13,15,-324067.28,10.27021,0.0199999999604187,2.3000000000550358e-05
372,14,30,-324066.97,10.331822,0.3300000000162981,0.06163500000000077
372,15,45,-324066.2,10.818661,1.099999999976717,0.5484740000000006
372,16,60,-324065,11.627751,2.2999999999883585,1.357564
372,17,75,-324063.88,12.430773,3.419999999983702,2.1605860000000003
372,18,90,-324063.38,12.855377,3.919999999983702,2.5851900000000008
372,19,105,-324063.84,12.684086,3.459999999962747,2.4138990000000007
372,20,120,-324065,11.855715,2.2999999999883585,1.585528
372,21,135,-324066.2,10.933053,1.099999999976717,0.6628659999999993
372,22,150,-324066.97,10.428118,0.3300000000162981,0.1579309999999996
372,23,165,-324067.28,10.273754,0.0199999999604187,0.00356700000000032
372,24,180,-324067.3,10.3679695,0,0.09778249999999922
373,1,-165,-444415.78,-26.303013,0.5599999999976717,2.9448180000000015
373,2,-150,-444416.1,-28.55525,0.2400000000488944,0.6925810000000006
373,3,-135,-444416.3,-29.242601,0.0400000000372529,0.005230000000000956
373,4,-120,-444416.34,-29.162262,0,0.08556900000000311
373,5,-105,-444416.25,-28.819025,0.0900000000256113,0.4288060000000016
373,6,-90,-444416.25,-28.684986,0.0900000000256113,0.5628450000000029
373,7,-75,-444416.34,-28.925917,0,0.32191400000000314
373,8,-60,-444416.34,-29.247831,0,0
373,9,-45,-444416.28,-29.142267,0.0599999999976716,0.1055640000000011
373,10,-30,-444416,-28.048702,0.3400000000256113,1.1991290000000028
373,11,-15,-444415.75,-25.805338,0.5900000000256114,3.4424930000000025
373,12,0,-444415.7,-24.739317,0.6400000000139698,4.508514000000002
373,13,15,-444415.75,-25.80533,0.5900000000256114,3.442501
373,14,30,-444416,-28.048613,0.3400000000256113,1.199218000000002
373,15,45,-444416.25,-29.096558,0.0900000000256113,0.15127299999999977
373,16,60,-444416.34,-29.247831,0,0
373,17,75,-444416.28,-28.921087,0.0599999999976716,0.3267440000000015
373,18,90,-444416.25,-28.684986,0.0900000000256113,0.5628450000000029
373,19,105,-444416.25,-28.819025,0.0900000000256113,0.4288060000000016
373,20,120,-444416.34,-29.162262,0,0.08556900000000311
373,21,135,-444416.3,-29.24379,0.0400000000372529,0.0040410000000008495
373,22,150,-444416.1,-28.554064,0.2400000000488944,0.6937670000000011
373,23,165,-444415.78,-26.292912,0.5599999999976717,2.9549190000000003
373,24,180,-444415.7,-24.732296,0.6400000000139698,4.515535
374,1,-165,-372671.22,-40.040653,0,0.7191570000000027
374,2,-150,-372670.78,-38.429874,0.4399999999441206,2.3299360000000036
374,3,-135,-372670.38,-36.495686,0.8399999999674037,4.2641240000000025
374,4,-120,-372670.16,-35.2828,1.0599999999976717,5.47701
374,5,-105,-372670.8,-37.33486,0.4199999999837018,3.4249500000000026
374,6,-90,-372671.1,-38.536133,0.1199999999953433,2.223677000000002
374,7,-75,-372670.97,-21.215721,2.870000000053551,0.33505500000000055
374,8,-60,-372669.94,-38.21284,1.279999999969732,2.5469700000000017
374,9,-45,-372667.9,-36.497288,3.3199999999487773,4.262522000000004
374,10,-30,-372665.47,-34.0545,5.75,6.705310000000004
374,11,-15,-372663.28,-31.635675,7.939999999944121,9.124135000000003
374,12,0,-372661.8,-29.974619,9.419999999983702,10.785191000000001
374,13,15,-372663.28,-31.638195,7.939999999944121,9.121615000000002
374,14,30,-372665.47,-34.035915,5.75,6.723894999999999
374,15,45,-372667.9,-36.484856,3.3199999999487773,4.274954000000001
374,16,60,-372669.94,-38.218647,1.279999999969732,2.5411630000000045
374,17,75,-372670.97,-21.216526,2.870000000053551,0.33424999999999727
374,18,90,-372671.1,-38.518036,0.1199999999953433,2.2417739999999995
374,19,105,-372670.8,-37.33578,0.4199999999837018,3.424030000000002
374,20,120,-372670.16,-35.634167,1.0599999999976717,5.125643000000004
374,21,135,-372670.38,-36.498062,0.8399999999674037,4.261748000000004
374,22,150,-372670.78,-38.428127,0.4399999999441206,2.331682999999998
374,23,165,-372671.22,-40.04068,0,0.7191299999999998
374,24,180,-372671.22,-40.75981,0,0
375,1,-165,-229197.62,-5.511079,2.1000000000058208,3.707350000000001
375,2,-150,-229198.1,-6.7563996,1.6199999999953434,2.4620294000000005
375,3,-135,-229199.14,-7.6758666,0.5799999999871943,1.5425624000000004
375,4,-120,-229199.72,-8.227768,0,0.9906610000000011
375,5,-105,-229199.7,-8.19118,0.0199999999895226,1.0272490000000012
375,6,-90,-229197.02,-7.4745183,2.700000000011641,1.7439107000000007
375,7,-75,-229196.08,-7.3079343,3.64000000001397,1.9104947
375,8,-60,-229196.81,-7.403232,2.9100000000034925,1.8151970000000004
375,9,-45,-229197.33,-7.604238,2.39000000001397,1.6141910000000008
375,10,-30,-229197.27,-8.248861,2.450000000011641,0.9695680000000007
375,11,-15,-229197.19,-8.844687,2.529999999998836,0.373742
375,12,0,-229196.98,-9.218429,2.7399999999906868,0
375,13,15,-229197.19,-8.84205,2.529999999998836,0.376379
375,14,30,-229197.27,-8.248258,2.450000000011641,0.9701710000000006
375,15,45,-229196.92,-7.6920943,2.7999999999883585,1.5263347000000005
375,16,60,-229197.62,-7.153242,2.1000000000058208,2.0651870000000008
375,17,75,-229196.08,-7.298525,3.64000000001397,1.9199040000000007
375,18,90,-229199.14,-7.7050743,0.5799999999871943,1.5133547000000007
375,19,105,-229199.7,-8.191181,0.0199999999895226,1.0272480000000002
375,20,120,-229199.72,-8.225888,0,0.992541000000001
375,21,135,-229199.14,-7.6833572,0.5799999999871943,1.5350718000000008
375,22,150,-229198.1,-6.7689104,1.6199999999953434,2.4495186
375,23,165,-229196.86,-5.954759,2.860000000015134,3.2636700000000003
375,24,180,-229195.94,-5.6206274,3.779999999998836,3.5978016000000004
376,1,-165,-331748.4,43.597095,0.2999999999883584,0.11357100000000031
376,2,-150,-331747.56,44.02447,1.1400000000139698,0.5409459999999982
376,3,-135,-331746.25,44.83496,2.450000000011641,1.3514359999999996
376,4,-120,-331744.72,45.90246,3.980000000039581,2.418935999999995
376,5,-105,-331743.4,46.845356,5.299999999988359,3.3618319999999997
376,6,-90,-331742.84,47.226425,5.85999999998603,3.7429009999999963
376,7,-75,-331743.38,46.88619,5.320000000006985,3.4026659999999964
376,8,-60,-331744.6,46.12913,4.100000000034925,2.645606000000001
376,9,-45,-331745.94,45.35397,2.760000000009313,1.870445999999994
376,10,-30,-331746.94,44.78459,1.7600000000093132,1.3010659999999987
376,11,-15,-331747.5,44.486904,1.2000000000116415,1.00338
376,12,0,-331747.66,44.402664,1.040000000037253,0.9191399999999987
376,13,15,-331747.5,44.487457,1.2000000000116415,1.0039329999999964
376,14,30,-331746.94,44.786457,1.7600000000093132,1.302932999999996
376,15,45,-331745.94,45.353203,2.760000000009313,1.8696789999999979
376,16,60,-331744.6,46.12625,4.100000000034925,2.642725999999996
376,17,75,-331743.38,46.8793,5.320000000006985,3.395775999999998
376,18,90,-331742.84,47.226067,5.85999999998603,3.7425429999999977
376,19,105,-331743.4,46.84676,5.299999999988359,3.3632360000000006
376,20,120,-331744.72,45.903854,3.980000000039581,2.42033
376,21,135,-331746.25,44.837418,2.450000000011641,1.3538939999999968
376,22,150,-331747.56,44.027023,1.1400000000139698,0.5434989999999971
376,23,165,-331748.4,43.597095,0.2999999999883584,0.11357100000000031
376,24,180,-331748.7,43.483524,0,0
377,1,-165,-394931.28,37.97218,7.96999999997206,8.186514000000003
377,2,-150,-394932.12,35.19992,7.130000000004657,5.414254
377,3,-135,-394932.3,33.24438,6.9500000000116415,3.4587140000000005
377,4,-120,-394931.9,32.193043,7.349999999976717,2.407377000000004
377,5,-105,-394931.28,31.62807,7.96999999997206,1.842404000000002
377,6,-90,-394931.47,30.780499,7.78000000002794,0.9948329999999999
377,7,-75,-394933.3,30.478577,5.9500000000116415,0.6929110000000023
377,8,-60,-394935.44,30.145792,3.809999999997672,0.36012600000000106
377,9,-45,-394937.16,30.055216,2.090000000025612,0.2695500000000024
377,10,-30,-394938.3,30.379398,0.9500000000116416,0.5937319999999993
377,11,-15,-394938.94,30.80531,0.3099999999976717,1.0196439999999996
377,12,0,-394939.25,30.813244,0,1.0275780000000019
377,13,15,-394939.22,30.347452,0.0300000000279396,0.5617860000000015
377,14,30,-394938.62,29.885136,0.6300000000046566,0.09947000000000017
377,15,45,-394937.38,29.785666,1.8699999999953436,0
377,16,60,-394935.47,30.031654,3.78000000002794,0.24598800000000054
377,17,75,-394933.22,30.468279,6.03000000002794,0.6826129999999999
377,18,90,-394931.44,30.789474,7.809999999997672,1.0038079999999994
377,19,105,-394931.22,31.575768,8.03000000002794,1.790102000000001
377,20,120,-394931.6,32.298706,7.650000000023283,2.5130400000000037
377,21,135,-394931.62,33.721825,7.630000000004657,3.9361590000000035
377,22,150,-394930.9,36.50282,8.349999999976717,6.717154000000001
377,23,165,-394929.84,41.784016,9.409999999974389,11.998350000000002
377,24,180,-394930.16,40.80622,9.090000000025611,11.020554000000004
378,1,-165,-265549.38,5.882984,2.339999999967404,0.8324030000000002
378,2,-150,-265550.7,5.730787,1.0199999999604188,0.6802060000000001
378,3,-135,-265551.53,5.484061,0.1899999999441206,0.4334799999999994
378,4,-120,-265551.72,5.4688077,0,0.41822669999999995
378,5,-105,-265551.28,5.721225,0.4399999999441206,0.6706439999999994
378,6,-90,-265550.4,6.006918,1.3199999999487773,0.9563369999999995
378,7,-75,-265549.5,6.0555654,2.2199999999720603,1.0049843999999997
378,8,-60,-265549.22,5.893494,2.5,0.8429129999999994
378,9,-45,-265549.97,6.0473948,1.75,0.9968138
378,10,-30,-265551,6.5069585,0.7199999999720603,1.4563774999999994
378,11,-15,-265551.53,7.127656,0.1899999999441206,2.077075
378,12,0,-265551.34,7.7862887,0.3799999999464489,2.7357077
378,13,15,-265551.53,7.127656,0.1899999999441206,2.077075
378,14,30,-265551,6.50574,0.7199999999720603,1.455159
378,15,45,-265549.97,6.047393,1.75,0.9968119999999994
378,16,60,-265549.22,5.8934927,2.5,0.8429117000000002
378,17,75,-265549.5,6.0555673,2.2199999999720603,1.0049862999999997
378,18,90,-265550.4,6.0021224,1.3199999999487773,0.9515414
378,19,105,-265551.28,5.7212996,0.4399999999441206,0.6707185999999998
378,20,120,-265551.72,5.468886,0,0.41830500000000015
378,21,135,-265551.53,5.483827,0.1899999999441206,0.4332459999999996
378,22,150,-265550.7,5.727337,1.0199999999604188,0.6767560000000001
378,23,165,-265549.38,5.8768044,2.339999999967404,0.8262233999999999
378,24,180,-265548.28,5.050581,3.4399999999441206,0
379,1,-165,-476736.88,-93.345116,0,1.499213999999995
379,2,-150,-476736.47,-94.46921,0.4100000000325963,0.37511999999999546
379,3,-135,-476735.38,-94.7926,1.5,0.05173000000000627
379,4,-120,-476733.9,-94.681366,2.979999999981373,0.16296400000000233
379,5,-105,-476732.62,-94.07946,4.260000000009313,0.7648700000000019
379,6,-90,-476732.2,-92.706566,4.679999999993015,2.137764000000004
379,7,-75,-476732.88,-90.3834,4,4.460930000000005
379,8,-60,-476733.84,-87.52697,3.039999999979045,7.317359999999994
379,9,-45,-476734.38,-84.94852,2.5,9.895809999999997
379,10,-30,-476734.28,-83.88693,2.599999999976717,10.957399999999993
379,11,-15,-476733.9,-85.16734,2.979999999981373,9.676990000000004
379,12,0,-476733.8,-86.94034,3.080000000016298,7.903989999999993
379,13,15,-476734.2,-88.65987,2.679999999993015,6.184460000000001
379,14,30,-476734.3,-90.13799,2.580000000016298,4.706339999999997
379,15,45,-476733.9,-91.13196,2.979999999981373,3.712369999999993
379,16,60,-476733,-91.44075,3.8800000000046566,3.403580000000005
379,17,75,-476732.88,-90.38438,4,4.459950000000006
379,18,90,-476732.2,-92.80519,4.679999999993015,2.0391400000000033
379,19,105,-476732.62,-94.08181,4.260000000009313,0.762519999999995
379,20,120,-476733.94,-94.84433,2.9400000000023283,0
379,21,135,-476735.38,-94.79542,1.5,0.04891000000000645
379,22,150,-476736.47,-94.46794,0.4100000000325963,0.37639000000000067
379,23,165,-476736.88,-93.3327,0,1.5116299999999967
379,24,180,-476736.56,-91.604,0.3200000000069849,3.24033
380,1,-165,-321818.78,-73.728,4.71999999997206,8.598820000000003
380,2,-150,-321818.47,-74.48069,5.03000000002794,7.846130000000002
380,3,-135,-321817.75,-75.42689,5.75,6.899929999999998
380,4,-120,-321817.2,-75.733475,6.299999999988359,6.593344999999999
380,5,-105,-321820.22,-79.21959,3.28000000002794,3.1072300000000013
380,6,-90,-321822.28,-81.26857,1.2199999999720603,1.058250000000001
380,7,-75,-321823.5,-82.32682,0,0
380,8,-60,-321823.4,-82.030205,0.0999999999767169,0.29661500000000274
380,9,-45,-321822.22,-82.03265,1.2800000000279397,0.29416999999999405
380,10,-30,-321819.3,-76.64626,4.2000000000116415,5.68056
380,11,-15,-321818.1,-75.797424,5.400000000023283,6.529395999999991
380,12,0,-321817.25,-75.34625,6.25,6.98057
380,13,15,-321818.1,-75.79742,5.400000000023283,6.529399999999995
380,14,30,-321819.3,-76.64194,4.2000000000116415,5.684879999999993
380,15,45,-321822.16,-82.08435,1.3400000000256114,0.2424699999999973
380,16,60,-321823.4,-82.05318,0.0999999999767169,0.2736400000000003
380,17,75,-321823.5,-82.314156,0,0.012664000000000897
380,18,90,-321822.28,-81.357124,1.2199999999720603,0.969695999999999
380,19,105,-321820.22,-79.24665,3.28000000002794,3.0801699999999954
380,20,120,-321817.2,-75.73802,6.299999999988359,6.588799999999992
380,21,135,-321817.75,-75.273636,5.75,7.053184000000002
380,22,150,-321818.47,-74.528854,5.03000000002794,7.797966000000002
380,23,165,-321818.78,-73.68053,4.71999999997206,8.646289999999993
380,24,180,-321818.6,-73.524124,4.900000000023283,8.802695999999997
381,1,-165,-491284.72,-26.518616,0.120000000053551,1.3267799999999994
381,2,-150,-491284.66,-25.608866,0.1800000000512227,2.236530000000002
381,3,-135,-491282.75,-21.249187,2.090000000025612,6.596209000000002
381,4,-120,-491282.25,-20.738348,2.590000000025612,7.1070480000000025
381,5,-105,-491281,-19.034918,3.8400000000256114,8.810478
381,6,-90,-491279.44,-16.512516,5.400000000023283,11.33288
381,7,-75,-491277.7,-14.0708,7.14000000001397,13.774596
381,8,-60,-491277.06,-14.539543,7.78000000002794,13.305853
381,9,-45,-491278.56,-20.014023,6.28000000002794,7.831372999999999
381,10,-30,-491281.34,-21.421795,3.5,6.4236010000000014
381,11,-15,-491282.7,-21.474041,2.14000000001397,6.371355000000001
381,12,0,-491282.28,-20.006413,2.559999999997672,7.8389830000000025
381,13,15,-491282.56,-22.408571,2.28000000002794,5.4368250000000025
381,14,30,-491281.8,-21.178673,3.040000000037253,6.666723000000001
381,15,45,-491280.12,-19.161425,4.720000000030268,8.683971
381,16,60,-491277.53,-16.767334,7.309999999997672,11.078062
381,17,75,-491274.28,-14.040467,10.559999999997672,13.804929000000001
381,18,90,-491275.9,-17.530552,8.940000000002328,10.314844
381,19,105,-491278.6,-20.28293,6.240000000048894,7.562466000000001
381,20,120,-491280.94,-22.311947,3.900000000023283,5.533449000000001
381,21,135,-491282.38,-22.87752,2.4600000000209548,4.967876
381,22,150,-491284.56,-26.985762,0.2800000000279397,0.8596339999999998
381,23,165,-491284.84,-25.68545,0,2.1599460000000015
381,24,180,-491284.5,-27.845396,0.3400000000256113,0
382,1,-165,-636394.4,-27.278034,2.5399999999208376,1.996582
382,2,-150,-636394.25,-27.564102,2.6899999999441206,1.7105140000000034
382,3,-135,-636394,-27.742355,2.9399999999441206,1.5322610000000019
382,4,-120,-636393.75,-27.67621,3.1899999999441206,1.5984060000000007
382,5,-105,-636393.6,-27.52075,3.339999999967404,1.7538660000000021
382,6,-90,-636393.8,-27.514334,3.1399999998975545,1.7602820000000001
382,7,-75,-636394.3,-27.74037,2.6399999998975545,1.534246000000003
382,8,-60,-636395.06,-28.224901,1.8799999998882413,1.0497150000000026
382,9,-45,-636395.75,-28.747774,1.1899999999441206,0.526842000000002
382,10,-30,-636396.44,-29.127384,0.5,0.14723200000000247
382,11,-15,-636396.8,-29.274616,0.1399999998975545,0
382,12,0,-636396.94,-28.938452,0,0.33616400000000013
382,13,15,-636396.8,-29.271166,0.1399999998975545,0.0034500000000008413
382,14,30,-636396.44,-29.116426,0.5,0.15819000000000116
382,15,45,-636395.75,-28.747778,1.1899999999441206,0.5268380000000015
382,16,60,-636395.06,-28.224905,1.8799999998882413,1.049711000000002
382,17,75,-636394.3,-27.74037,2.6399999998975545,1.534246000000003
382,18,90,-636393.8,-27.505388,3.1399999998975545,1.7692280000000018
382,19,105,-636393.6,-27.516047,3.339999999967404,1.7585690000000014
382,20,120,-636393.75,-27.67623,3.1899999999441206,1.5983860000000014
382,21,135,-636394,-27.738733,2.9399999999441206,1.5358830000000019
382,22,150,-636394.25,-27.564228,2.6899999999441206,1.7103880000000018
382,23,165,-636394.4,-27.283405,2.5399999999208376,1.9912110000000034
382,24,180,-636394.4,-27.254423,2.5399999999208376,2.0201930000000026
383,1,-165,-467061.56,-29.220625,1.099999999976717,7.417883000000003
383,2,-150,-467062.44,-32.214397,0.2199999999720603,4.4241110000000035
383,3,-135,-467062.62,-33.976933,0.0399999999790452,2.661574999999999
383,4,-120,-467062.2,-34.734493,0.4599999999627471,1.9040150000000011
383,5,-105,-467061.47,-35.227165,1.1900000000023283,1.4113430000000022
383,6,-90,-467061.12,-35.550552,1.5399999999790452,1.0879559999999984
383,7,-75,-467061.56,-35.11351,1.099999999976717,1.5249980000000036
383,8,-60,-467062.3,-34.589108,0.3599999999860301,2.0493999999999986
383,9,-45,-467062.66,-33.676693,0,2.9618150000000014
383,10,-30,-467062.3,-31.659729,0.3599999999860301,4.978779000000003
383,11,-15,-467061.75,-24.703089,0.9099999999743886,11.935419000000003
383,12,0,-467061.4,-18.951487,1.2599999999511056,17.687021
383,13,15,-467061.75,-24.823534,0.9099999999743886,11.814974000000003
383,14,30,-467062.3,-31.64318,0.3599999999860301,4.995328000000001
383,15,45,-467062.66,-33.680164,0,2.958344000000004
383,16,60,-467062.3,-34.591885,0.3599999999860301,2.046623000000004
383,17,75,-467061.3,-36.462303,1.3599999999860302,0.17620500000000305
383,18,90,-467061.12,-35.55057,1.5399999999790452,1.0879380000000012
383,19,105,-467061.22,-36.638508,1.4400000000023283,0
383,20,120,-467062.2,-34.722652,0.4599999999627471,1.915856000000005
383,21,135,-467062.62,-33.979034,0.0399999999790452,2.659474000000003
383,22,150,-467062.44,-32.294212,0.2199999999720603,4.344296
383,23,165,-467061.56,-29.120806,1.099999999976717,7.517702
383,24,180,-467061.4,-18.960262,1.2599999999511056,17.678246
384,1,-165,-383478.1,8.299543,0.0599999999976716,0.5188790000000001
384,2,-150,-383477.84,8.141383,0.3199999999487772,0.36071899999999957
384,3,-135,-383477.25,8.185766,0.9099999999743886,0.4051019999999994
384,4,-120,-383476.4,8.784077,1.7599999999511056,1.003413
384,5,-105,-383475.56,-63.13894,0.0399999999790452,0
384,6,-90,-383475.25,10.197632,2.9099999999743886,2.4169680000000007
384,7,-75,-383475.78,9.436897,2.379999999946449,1.6562330000000003
384,8,-60,-383476.62,8.731972,1.5399999999790452,0.9513080000000009
384,9,-45,-383477.2,8.327138,0.9599999999627472,0.5464739999999999
384,10,-30,-383477.9,8.182189,0.2599999999511055,0.40152499999999947
384,11,-15,-383478.12,8.324915,0.0399999999790452,0.5442510000000009
384,12,0,-383478.16,8.362923,0,0.5822590000000005
384,13,15,-383478.03,8.020581,0.1299999999464489,0.23991700000000016
384,14,30,-383477.34,7.846971,0.8199999999487773,0.06630700000000012
384,15,45,-383476.78,7.954814,1.379999999946449,0.17415000000000003
384,16,60,-383475.7,8.661726,2.459999999962747,0.881062
384,17,75,-383474.44,9.826155,3.71999999997206,2.045491
384,18,90,-383471.78,9.772765,6.379999999946449,1.992101
384,19,105,-383474.1,10.089831,4.059999999997672,2.3091670000000004
384,20,120,-383475.38,8.743836,2.779999999969732,0.9631720000000001
384,21,135,-383476.56,7.924507,1.599999999976717,0.1438430000000004
384,22,150,-383477.47,7.780664,0.6900000000023283,0
384,23,165,-383478,8.00551,0.1599999999743886,0.22484599999999944
384,24,180,-383478.16,8.365331,0,0.5846669999999996
385,1,-165,-318108.03,37.46789,0.2699999999604188,1.8742469999999969
385,2,-150,-318107.16,42.62659,1.1400000000139698,7.032947
385,3,-135,-318105.9,50.34931,2.3999999999650754,14.755667000000003
385,4,-120,-318104.5,59.36921,3.7999999999883594,23.775567000000002
385,5,-105,-318103.25,66.929756,5.049999999988359,31.336112999999997
385,6,-90,-318102.7,70.54447,5.599999999976717,34.950827000000004
385,7,-75,-318103.16,67.59498,5.14000000001397,32.00133700000001
385,8,-60,-318104.38,60.14025,3.919999999983702,24.546607
385,9,-45,-318105.75,52.071342,2.5499999999883585,16.477699
385,10,-30,-318106.94,45.301056,1.3599999999860302,9.707413000000003
385,11,-15,-318107.7,40.908333,0.5999999999767169,5.314689999999999
385,12,0,-318107.94,39.256332,0.3599999999860301,3.6626890000000003
385,13,15,-318107.7,40.909832,0.5999999999767169,5.316189000000001
385,14,30,-318106.94,45.292084,1.3599999999860302,9.698441000000003
385,15,45,-318105.75,52.07135,2.5499999999883585,16.477707000000002
385,16,60,-318104.38,60.120625,3.919999999983702,24.526981999999997
385,17,75,-318103.16,67.59498,5.14000000001397,32.00133700000001
385,18,90,-318102.7,70.54447,5.599999999976717,34.950827000000004
385,19,105,-318103.25,66.9285,5.049999999988359,31.334857
385,20,120,-318104.5,59.36921,3.7999999999883594,23.775567000000002
385,21,135,-318105.9,50.34931,2.3999999999650754,14.755667000000003
385,22,150,-318107.16,42.62664,1.1400000000139698,7.032997000000002
385,23,165,-318108.03,37.467888,0.2699999999604188,1.874245000000002
385,24,180,-318108.3,35.593643,0,0
386,1,-165,-311622.03,12.163259,0.4399999999441206,1.6909200000000002
386,2,-150,-311622.47,10.796621,0,0.3242820000000002
386,3,-135,-311622.16,10.473914,0.3099999999976717,0.0015750000000007702
386,4,-120,-311621.2,11.0153265,1.2699999999604188,0.5429875000000006
386,5,-105,-311620.1,11.907354,2.3699999999953434,1.435015
386,6,-90,-311619.28,12.331951,3.1899999999441206,1.8596120000000003
386,7,-75,-311620.16,11.923026,2.309999999997672,1.4506870000000003
386,8,-60,-311621.3,11.008793,1.169999999983702,0.5364540000000009
386,9,-45,-311622.25,10.483321,0.2199999999720603,0.01098200000000027
386,10,-30,-311622.44,10.9318,0.029999999969732,0.459461000000001
386,11,-15,-311621.97,12.365755,0.5,1.8934160000000002
386,12,0,-311621.53,13.611327,0.9399999999441206,3.1389879999999994
386,13,15,-311621.97,12.363114,0.5,1.8907749999999997
386,14,30,-311622.44,10.93242,0.029999999969732,0.46008100000000063
386,15,45,-311622.25,10.481788,0.2199999999720603,0.00944900000000004
386,16,60,-311621.3,11.011814,1.169999999983702,0.5394749999999995
386,17,75,-311620.16,11.924549,2.309999999997672,1.452210000000001
386,18,90,-311619.28,12.337693,3.1899999999441206,1.865354
386,19,105,-311620.1,11.908474,2.3699999999953434,1.4361350000000002
386,20,120,-311621.2,11.011736,1.2699999999604188,0.539397000000001
386,21,135,-311622.16,10.472339,0.3099999999976717,0
386,22,150,-311622.47,10.796619,0,0.3242799999999999
386,23,165,-311622.03,12.161925,0.4399999999441206,1.6895860000000003
386,24,180,-311621.53,13.610279,0.9399999999441206,3.1379400000000004
387,1,-165,-290847.06,11.537417,1.8400000000256116,3.337318
387,2,-150,-290847.9,10.787629,1,2.587530000000001
387,3,-135,-290848.62,9.939777,0.2800000000279397,1.7396779999999996
387,4,-120,-290848.9,9.36209,0,1.1619910000000004
387,5,-105,-290848.56,9.287426,0.3400000000256113,1.0873270000000002
387,6,-90,-290847.72,9.582021,1.1800000000512227,1.3819219999999994
387,7,-75,-290846.9,9.928369,2,1.7282700000000002
387,8,-60,-290846.03,9.916196,2.8699999999953434,1.7160969999999995
387,9,-45,-290846.22,9.460504,2.6800000000512227,1.2604050000000004
387,10,-30,-290847,8.893831,1.900000000023283,0.6937320000000007
387,11,-15,-290847.78,8.383538,1.1199999999953434,0.1834389999999999
387,12,0,-290848.16,8.200099,0.7400000000488944,0
387,13,15,-290847.78,8.38354,1.1199999999953434,0.1834410000000002
387,14,30,-290847,8.89482,1.900000000023283,0.6947209999999995
387,15,45,-290846.22,9.460506,2.6800000000512227,1.2604070000000007
387,16,60,-290846.03,9.915049,2.8699999999953434,1.71495
387,17,75,-290846.9,9.92454,2,1.7244410000000006
387,18,90,-290847.72,9.582021,1.1800000000512227,1.3819219999999994
387,19,105,-290848.56,9.287426,0.3400000000256113,1.0873270000000002
387,20,120,-290848.9,9.36209,0,1.1619910000000004
387,21,135,-290848.62,9.939776,0.2800000000279397,1.7396770000000004
387,22,150,-290847.9,10.78723,1,2.5871309999999994
387,23,165,-290847.06,11.537417,1.8400000000256116,3.337318
387,24,180,-290846.66,11.941852,2.2400000000488944,3.741753000000001
388,1,-165,-297009.62,-6.1906605,0.0800000000162981,0.049063199999999973
388,2,-150,-297009.25,-5.9099436,0.4500000000116415,0.3297800999999998
388,3,-135,-297008.3,-5.217642,1.400000000023283,1.0220817000000002
388,4,-120,-297007,-4.1835737,2.700000000011641,2.0561499999999997
388,5,-105,-297005.72,-3.1324937,3.980000000039581,3.10723
388,6,-90,-297005.16,-2.6686914,4.540000000037253,3.5710322999999997
388,7,-75,-297005.72,-3.1710815,3.980000000039581,3.0686421999999998
388,8,-60,-297007.03,18.408686,0,0.17523200000000116
388,9,-45,-297008.34,-5.234774,1.3599999999860302,1.0049497
388,10,-30,-297009.25,-5.9143033,0.4500000000116415,0.3254203999999996
388,11,-15,-297009.62,-6.1930766,0.0800000000162981,0.0466470999999995
388,12,0,-297009.7,-6.23839,0,0.0013336999999999932
388,13,15,-297009.62,-6.1930737,0.0800000000162981,0.046649999999999636
388,14,30,-297009.25,-5.9143023,0.4500000000116415,0.32542139999999975
388,15,45,-297008.34,-5.234774,1.3599999999860302,1.0049497
388,16,60,-297007.03,-4.2101583,2.669999999983702,2.0295654
388,17,75,-297005.72,-3.171082,3.980000000039581,3.0686416999999997
388,18,90,-297005.16,-2.6686914,4.540000000037253,3.5710322999999997
388,19,105,-297005.72,-3.1324937,3.980000000039581,3.10723
388,20,120,-297007,-4.1835737,2.700000000011641,2.0561499999999997
388,21,135,-297008.3,-5.2188244,1.400000000023283,1.0208993
388,22,150,-297009.25,-5.9092426,0.4500000000116415,0.3304811000000001
388,23,165,-297009.62,-6.1906614,0.0800000000162981,0.049062300000000114
388,24,180,-297009.7,-6.2397237,0,0
389,1,-165,-366481.97,-199.01079,2.230000000039581,1.266050000000007
389,2,-150,-366481.38,-198.615,2.820000000006985,1.6618399999999838
389,3,-135,-366479.88,-197.67146,4.320000000006985,2.6053799999999967
389,4,-120,-366477.62,-196.09224,6.580000000016298,4.184599999999989
389,5,-105,-366475.56,-196.18242,8.64000000001397,4.094419999999985
389,6,-90,-366472.7,-194.37514,11.5,5.901700000000005
389,7,-75,-366475.94,-196.24806,8.260000000009313,4.028779999999983
389,8,-60,-366477.97,-196.21744,6.230000000039581,4.059399999999982
389,9,-45,-366480.16,-197.76451,4.040000000037253,2.5123299999999915
389,10,-30,-366481.5,-198.6374,2.700000000011641,1.6394399999999791
389,11,-15,-366481.97,-199.00775,2.230000000039581,1.2690900000000056
389,12,0,-366484.2,-200.27684,0,0
389,13,15,-366481.97,-199.0082,2.230000000039581,1.2686400000000049
389,14,30,-366481.5,-198.6398,2.700000000011641,1.6370399999999847
389,15,45,-366480.16,-197.75996,4.040000000037253,2.5168799999999862
389,16,60,-366477.97,-196.2162,6.230000000039581,4.0606400000000065
389,17,75,-366475.94,-196.2778,8.260000000009313,3.9990399999999795
389,18,90,-366472.7,-194.3829,11.5,5.893939999999986
389,19,105,-366475.56,-196.16464,8.64000000001397,4.112200000000001
389,20,120,-366477.62,-196.08298,6.580000000016298,4.193860000000001
389,21,135,-366479.88,-197.6713,4.320000000006985,2.6055399999999906
389,22,150,-366481.38,-198.61302,2.820000000006985,1.663819999999987
389,23,165,-366481.97,-199.00949,2.230000000039581,1.2673499999999933
389,24,180,-366484.2,-200.26414,0,0.01269999999999527
390,1,-165,-474585,-150.46652,2.599999999976717,5.39797999999999
390,2,-150,-474584.88,-152.08418,2.7199999999720603,3.780319999999989
390,3,-135,-474584.1,-152.95357,3.5,2.910929999999979
390,4,-120,-474583.06,-153.13498,4.539999999979045,2.7295199999999795
390,5,-105,-474582.22,-152.78978,5.380000000004657,3.074719999999985
390,6,-90,-474581.8,-152.06636,5.799999999988359,3.7981399999999894
390,7,-75,-474581.88,-151.52562,5.71999999997206,4.338879999999989
390,8,-60,-474584.2,-154.46959,3.3999999999650754,1.3949099999999817
390,9,-45,-474585.97,-155.59073,1.6300000000046566,0.27376999999998475
390,10,-30,-474587.12,-155.8645,0.4799999999813735,0
390,11,-15,-474587.6,-155.65948,0,0.20501999999999043
390,12,0,-474587.3,-155.19981,0.2999999999883584,0.6646899999999789
390,13,15,-474587.6,-155.65948,0,0.20501999999999043
390,14,30,-474587.12,-155.86407,0.4799999999813735,0.0004299999999943793
390,15,45,-474585.94,-155.6465,1.6599999999743886,0.2179999999999893
390,16,60,-474584.2,-154.4658,3.3999999999650754,1.398699999999991
390,17,75,-474581.88,-151.5256,5.71999999997206,4.338899999999995
390,18,90,-474581.8,-152.07619,5.799999999988359,3.7883099999999956
390,19,105,-474582.22,-152.78604,5.380000000004657,3.0784599999999784
390,20,120,-474583.06,-153.13498,4.539999999979045,2.7295199999999795
390,21,135,-474584.1,-152.95523,3.5,2.9092699999999923
390,22,150,-474584.88,-152.08717,2.7199999999720603,3.7773300000000063
390,23,165,-474585,-150.46817,2.599999999976717,5.396330000000006
390,24,180,-474584.34,-148.02824,3.2599999999511056,7.836259999999982
391,1,-165,-334273.22,-23.551695,0,6.774011000000002
391,2,-150,-334271.84,-22.445383,1.379999999946449,7.880323000000001
391,3,-135,-334269.75,-20.39504,3.4699999999720603,9.930665999999999
391,4,-120,-334266.8,-17.1079,6.419999999983702,13.217806
391,5,-105,-334263.22,-13.420099,10,16.905607
391,6,-90,-334260.75,-10.388329,12.46999999997206,19.937376999999998
391,7,-75,-334261.6,-13.118881,11.619999999995343,17.206825000000002
391,8,-60,-334264.3,-18.074142,8.919999999983702,12.251564000000002
391,9,-45,-334267.2,-22.793957,6.019999999960419,7.531749000000001
391,10,-30,-334269.47,-26.763035,3.75,3.5626710000000017
391,11,-15,-334270.78,-29.526838,2.4399999999441206,0.7988679999999988
391,12,0,-334271.2,-30.325706,2.019999999960419,0
391,13,15,-334270.78,-29.510519,2.4399999999441206,0.8151870000000017
391,14,30,-334269.47,-26.767626,3.75,3.5580800000000004
391,15,45,-334267.2,-22.807592,6.019999999960419,7.518114000000001
391,16,60,-334264.3,-18.0742,8.919999999983702,12.251506
391,17,75,-334261.6,-13.246526,11.619999999995343,17.07918
391,18,90,-334260.75,-10.374755,12.46999999997206,19.950951
391,19,105,-334263.25,-13.5029125,9.96999999997206,16.8227935
391,20,120,-334266.75,-17.080078,6.46999999997206,13.245628
391,21,135,-334269.75,-20.35735,3.4699999999720603,9.968356
391,22,150,-334271.84,-22.445621,1.379999999946449,7.880085000000001
391,23,165,-334273.22,-23.549215,0,6.776491
391,24,180,-334272.3,-27.74478,0.919999999983702,2.5809260000000016
392,1,-165,-310843.44,38.355934,0,0.3045309999999972
392,2,-150,-310843.38,38.055645,0.0599999999976716,0.004241999999997859
392,3,-135,-310842.6,38.559505,0.8400000000256114,0.5081020000000009
392,4,-120,-310841.12,39.673267,2.320000000006985,1.6218640000000022
392,5,-105,-310839.6,40.884117,3.8400000000256114,2.832714000000003
392,6,-90,-310838.9,41.459618,4.539999999979045,3.4082149999999984
392,7,-75,-310839.6,40.92207,3.8400000000256114,2.8706669999999974
392,8,-60,-310841.12,39.70883,2.320000000006985,1.6574269999999984
392,9,-45,-310842.6,38.56776,0.8400000000256114,0.5163569999999993
392,10,-30,-310843.38,38.05285,0.0599999999976716,0.0014469999999988659
392,11,-15,-310843.44,38.37026,0,0.3188570000000013
392,12,0,-310843.3,38.781193,0.1400000000139698,0.7297900000000013
392,13,15,-310843.44,38.37025,0,0.3188469999999981
392,14,30,-310843.38,38.051403,0.0599999999976716,0
392,15,45,-310842.6,38.56776,0.8400000000256114,0.5163569999999993
392,16,60,-310841.12,39.708836,2.320000000006985,1.6574329999999975
392,17,75,-310839.6,40.92207,3.8400000000256114,2.8706669999999974
392,18,90,-310838.9,41.459618,4.539999999979045,3.4082149999999984
392,19,105,-310839.6,40.88412,3.8400000000256114,2.8327170000000024
392,20,120,-310841.16,39.67194,2.28000000002794,1.6205369999999988
392,21,135,-310842.6,38.561546,0.8400000000256114,0.5101429999999993
392,22,150,-310843.38,38.05566,0.0599999999976716,0.00425700000000262
392,23,165,-310843.44,38.355938,0,0.30453500000000133
392,24,180,-310843.3,38.781185,0.1400000000139698,0.7297820000000002
393,1,-165,-498310.12,32.038235,0.4400000000023283,1.684191000000002
393,2,-150,-498308.94,48.082035,3.6599999999743886,13.249527
393,3,-135,-498307.3,44.349693,3.260000000009313,13.995649000000004
393,4,-120,-498305.62,53.003967,4.940000000002328,22.649923000000005
393,5,-105,-498304.28,61.095364,6.279999999969732,30.741319999999998
393,6,-90,-498303.66,69.51422,8.940000000002328,34.681712
393,7,-75,-498303.84,70.49961,8.759999999951106,35.66710200000001
393,8,-60,-498304.44,57.86091,6.119999999995343,27.506866
393,9,-45,-498304.94,47.553596,7.659999999974389,12.721088000000002
393,10,-30,-498305.03,65.07522,7.569999999948777,30.242712000000004
393,11,-15,-498304.88,40.631985,5.679999999993015,10.277941000000002
393,12,0,-498304.78,38.99966,5.779999999969732,8.645616
393,13,15,-498304.88,40.632,5.679999999993015,10.277956
393,14,30,-498305.03,65.07479,7.569999999948777,30.242281999999996
393,15,45,-498304.94,47.553596,7.659999999974389,12.721088000000002
393,16,60,-498304.44,57.860916,6.119999999995343,27.506872000000005
393,17,75,-498303.84,70.49671,8.759999999951106,35.664201999999996
393,18,90,-498303.66,69.51422,8.940000000002328,34.681712
393,19,105,-498304.28,61.095364,6.279999999969732,30.741319999999998
393,20,120,-498305.62,53.00502,4.940000000002328,22.650976000000004
393,21,135,-498307.3,44.34969,3.260000000009313,13.995646000000004
393,22,150,-498308.94,48.082027,3.6599999999743886,13.249519
393,23,165,-498310.12,32.038242,0.4400000000023283,1.6841979999999985
393,24,180,-498310.56,30.354044,0,0
394,1,-165,-670545.4,-121.689964,0.5,1.1156160000000028
394,2,-150,-670543.94,-118.89387,1.9600000000791624,3.9117099999999994
394,3,-135,-670542,-115.58199,3.900000000023283,7.2235900000000015
394,4,-120,-670538.9,-111.25911,7,11.54647
394,5,-105,-670534.94,-106.75465,10.960000000079162,16.050930000000008
394,6,-90,-670530.56,-102.12102,15.339999999967404,20.684560000000005
394,7,-75,-670530.9,-100.50984,15,22.29574000000001
394,8,-60,-670533.44,-105.57464,12.460000000079162,17.230940000000004
394,9,-45,-670535.1,-109.859764,10.800000000046566,12.945816000000008
394,10,-30,-670535.8,-112.9691,10.099999999976715,9.836480000000009
394,11,-15,-670535.8,-114.75995,10.099999999976715,8.045630000000003
394,12,0,-670535.3,-114.94307,10.599999999976715,7.86251
394,13,15,-670535.8,-114.74284,10.099999999976715,8.062740000000005
394,14,30,-670535.8,-112.96718,10.099999999976715,9.838400000000007
394,15,45,-670535.1,-109.863655,10.800000000046566,12.941925000000012
394,16,60,-670533.44,-105.60547,12.460000000079162,17.20011000000001
394,17,75,-670530.9,-100.5091,15,22.296480000000003
394,18,90,-670530.6,-101.95791,15.300000000046566,20.847670000000008
394,19,105,-670534.94,-106.62369,10.960000000079162,16.18189000000001
394,20,120,-670538.9,-111.25892,7,11.546660000000003
394,21,135,-670542,-115.64247,3.900000000023283,7.163110000000003
394,22,150,-670544.25,-119.40492,1.650000000023283,3.400660000000002
394,23,165,-670545.3,-121.76247,0.5999999999767169,1.0431100000000129
394,24,180,-670545.9,-122.80558,0,0
395,1,-165,-407422.53,-90.938805,1.5,2.658014999999992
395,2,-150,-407422.88,-91.82045,1.150000000023283,1.77637
395,3,-135,-407423.56,-93.190346,0.470000000030268,0.4064739999999887
395,4,-120,-407424.03,-93.59682,0,0
395,5,-105,-407423.97,-93.40717,0.0600000000558793,0.18965000000000032
395,6,-90,-407423.47,-91.8599,0.5600000000558794,1.7369199999999978
395,7,-75,-407423.97,-93.42503,0.0600000000558793,0.17178999999998723
395,8,-60,-407424,-93.58134,0.0300000000279396,0.015479999999996608
395,9,-45,-407423.47,-93.15911,0.5600000000558794,0.4377099999999956
395,10,-30,-407422.84,-91.43243,1.1900000000023283,2.1643899999999974
395,11,-15,-407422.5,-90.845474,1.5300000000279397,2.751345999999998
395,12,0,-407422.34,-91.47421,1.6900000000023283,2.1226099999999946
395,13,15,-407422.5,-90.844894,1.5300000000279397,2.7519259999999974
395,14,30,-407422.84,-91.47587,1.1900000000023283,2.1209499999999935
395,15,45,-407423.47,-93.16797,0.5600000000558794,0.42884999999999707
395,16,60,-407424,-93.58461,0.0300000000279396,0.012209999999996057
395,17,75,-407423.97,-93.42767,0.0600000000558793,0.1691499999999877
395,18,90,-407423.47,-91.858925,0.5600000000558794,1.7378949999999946
395,19,105,-407423.97,-93.39315,0.0600000000558793,0.20366999999998825
395,20,120,-407423.72,-91.7502,0.3100000000558793,1.8466199999999873
395,21,135,-407423.56,-93.18228,0.470000000030268,0.41453999999998814
395,22,150,-407422.88,-91.85412,1.150000000023283,1.7426999999999992
395,23,165,-407422.53,-90.938614,1.5,2.6582059999999927
395,24,180,-407422.34,-91.78365,1.6900000000023283,1.8131699999999995
396,1,-165,-295616.5,58.29832,0.3400000000256113,1.7411719999999988
396,2,-150,-295615.53,62.802162,1.3099999999976717,6.245014000000005
396,3,-135,-295614.12,69.79142,2.720000000030268,13.234272000000004
396,4,-120,-295612.7,77.974106,4.14000000001397,21.416958000000008
396,5,-105,-295611.5,85.26978,5.340000000025611,28.712632
396,6,-90,-295611.06,88.36307,5.78000000002794,31.805921999999995
396,7,-75,-295611.66,84.8672,5.180000000051223,28.310052
396,8,-60,-295612.9,77.35897,3.940000000002328,20.801822
396,9,-45,-295614.25,69.334145,2.590000000025612,12.776997000000009
396,10,-30,-295615.3,62.60567,1.540000000037253,6.0485220000000055
396,11,-15,-295615.97,58.153976,0.870000000053551,1.5968280000000021
396,12,0,-295616.16,56.557148,0.6800000000512227,0
396,13,15,-295615.97,58.153976,0.870000000053551,1.5968280000000021
396,14,30,-295615.3,62.60772,1.540000000037253,6.0505720000000025
396,15,45,-295614.25,69.33416,2.590000000025612,12.777012
396,16,60,-295612.9,77.35897,3.940000000002328,20.801822
396,17,75,-295611.66,84.86721,5.180000000051223,28.310062000000002
396,18,90,-295611.06,88.381485,5.78000000002794,31.824337
396,19,105,-295611.5,85.26978,5.340000000025611,28.712632
396,20,120,-295612.7,77.97412,4.14000000001397,21.416972
396,21,135,-295614.12,69.79112,2.720000000030268,13.233972000000009
396,22,150,-295615.53,62.790283,1.3099999999976717,6.233135000000004
396,23,165,-295616.5,58.29832,0.3400000000256113,1.7411719999999988
396,24,180,-295616.84,56.60261,0,0.04546200000000056
397,1,-165,-611602.44,-99.33779,0.9600000000791624,7.012929999999997
397,2,-150,-611603.06,-102.177826,0.3399999999674037,4.172893999999999
397,3,-135,-611603.4,-104.88539,0,1.4653299999999945
397,4,-120,-611602.94,-106.35072,0.4600000000791624,0
397,5,-105,-611601.44,-106.22337,1.9600000000791624,0.12734999999999275
397,6,-90,-611599.3,-105.17074,4.099999999976717,1.1799800000000005
397,7,-75,-611597.5,-104.41485,5.900000000023283,1.9358699999999942
397,8,-60,-611597.1,-105.00042,6.300000000046566,1.35029999999999
397,9,-45,-611600.1,-104.42951,3.300000000046566,1.921210000000002
397,10,-30,-611602.25,-105.9395,1.150000000023283,0.41122000000000014
397,11,-15,-611603.4,-105.51056,0,0.8401599999999974
397,12,0,-611602.9,-101.88617,0.5,4.4645499999999885
397,13,15,-611603.06,-103.56134,0.3399999999674037,2.789379999999994
397,14,30,-611602.3,-104.35995,1.099999999976717,1.9907699999999977
397,15,45,-611601.06,-104.575386,2.339999999967404,1.7753340000000009
397,16,60,-611599.1,-104.70245,4.300000000046566,1.6482699999999966
397,17,75,-611596.56,-104.308235,6.839999999967404,2.042484999999999
397,18,90,-611594.25,-104.15766,9.150000000023285,2.1930599999999885
397,19,105,-611593.1,-104.58992,10.300000000046566,1.760799999999989
397,20,120,-611602.06,-104.58814,1.3399999999674037,1.7625799999999998
397,21,135,-611603.06,-103.61432,0.3399999999674037,2.736399999999989
397,22,150,-611602.94,-101.23318,0.4600000000791624,5.117539999999991
397,23,165,-611602.25,-98.467026,1.150000000023283,7.883693999999991
397,24,180,-611601.9,-96.76027,1.5,9.59044999999999
398,1,-165,-432713.9,4.477192,0.0699999999487772,0.6754427999999995
398,2,-150,-432713.97,4.0685143,0,0.2667651000000002
398,3,-135,-432713.9,3.8047712,0.0699999999487772,0.003021999999999636
398,4,-120,-432713.66,3.8307278,0.3099999999976717,0.028978599999999854
398,5,-105,-432713.12,4.2177224,0.8499999999767169,0.41597320000000026
398,6,-90,-432712.44,5.1008387,1.529999999969732,1.2990894999999996
398,7,-75,-432713.16,4.242962,0.8099999999976717,0.4412128000000002
398,8,-60,-432713.7,3.8403907,0.2699999999604188,0.03864149999999977
398,9,-45,-432713.9,3.834745,0.0699999999487772,0.032995799999999686
398,10,-30,-432713.94,4.118371,0.029999999969732,0.3166217999999996
398,11,-15,-432713.88,4.505001,0.0899999999674037,0.7032517999999999
398,12,0,-432713.84,4.818303,0.1299999999464489,1.0165538
398,13,15,-432713.88,4.506873,0.0899999999674037,0.7051237999999995
398,14,30,-432713.94,4.1183705,0.029999999969732,0.3166213
398,15,45,-432713.9,3.8350563,0.0699999999487772,0.033307100000000034
398,16,60,-432713.7,3.851177,0.2699999999604188,0.04942779999999969
398,17,75,-432713.16,4.244669,0.8099999999976717,0.44291979999999986
398,18,90,-432712.44,5.095502,1.529999999969732,1.2937527999999996
398,19,105,-432713.12,4.2217474,0.8499999999767169,0.41999819999999977
398,20,120,-432713.66,3.8362994,0.3099999999976717,0.034550199999999975
398,21,135,-432713.9,3.8017492,0.0699999999487772,0
398,22,150,-432713.97,4.0690775,0,0.2673282999999995
398,23,165,-432713.9,4.477037,0.0699999999487772,0.6752878
398,24,180,-432713.84,4.815303,0.1299999999464489,1.0135538
399,1,-165,-549475.4,138.6175,1.400000000023283,5.295860000000005
399,2,-150,-549475.25,137.07121,1.550000000046566,3.7495700000000056
399,3,-135,-549474.5,136.3102,2.300000000046566,2.9885600000000068
399,4,-120,-549473.6,135.84277,3.200000000069849,2.5211299999999994
399,5,-105,-549473.06,135.49474,3.739999999990687,2.173100000000005
399,6,-90,-549473.3,135.0721,3.5,1.750460000000004
399,7,-75,-549474.25,134.30418,2.550000000046566,0.9825400000000002
399,8,-60,-549475.44,133.64601,1.3600000001024457,0.3243699999999876
399,9,-45,-549476.44,133.32164,0.3600000001024455,0
399,10,-30,-549476.8,133.72531,0,0.4036700000000053
399,11,-15,-549476.56,134.57683,0.2399999999906867,1.255189999999999
399,12,0,-549475.9,135.47145,0.9000000000232831,2.149810000000002
399,13,15,-549476.56,134.57706,0.2399999999906867,1.2554199999999867
399,14,30,-549476.8,133.72229,0,0.40064999999998463
399,15,45,-549476.44,133.32164,0.3600000001024455,0
399,16,60,-549475.44,133.64601,1.3600000001024457,0.3243699999999876
399,17,75,-549474.25,134.30476,2.550000000046566,0.9831199999999853
399,18,90,-549473.3,135.07278,3.5,1.7511399999999924
399,19,105,-549473.06,135.49892,3.739999999990687,2.177279999999996
399,20,120,-549473.6,135.81042,3.200000000069849,2.4887799999999913
399,21,135,-549474.5,136.30278,2.300000000046566,2.9811400000000106
399,22,150,-549475.25,137.0704,1.550000000046566,3.7487600000000043
399,23,165,-549475.4,138.53676,1.400000000023283,5.215119999999985
399,24,180,-549474.8,141.39462,2,8.072980000000001
400,1,-165,-350897.06,5.624276,0.0599999999976716,0.6265559999999999
400,2,-150,-350896.88,5.350557,0.2399999999906867,0.35283700000000007
400,3,-135,-350896.47,5.0855374,0.6500000000232831,0.0878173999999996
400,4,-120,-350895.8,4.997721,1.320000000006985,1.000000000139778e-06
400,5,-105,-350895.03,5.1885242,2.089999999967404,0.19080419999999965
400,6,-90,-350894.38,5.5582976,2.7399999999906868,0.5605776000000002
400,7,-75,-350895.1,5.2205386,2.0200000000186265,0.2228186000000001
400,8,-60,-350895.9,5.0739293,1.2199999999720603,0.07620929999999948
400,9,-45,-350896.53,5.171472,0.5899999999674037,0.17375199999999946
400,10,-30,-350896.9,5.412341,0.2199999999720603,0.41462099999999946
400,11,-15,-350897.06,5.6551223,0.0599999999976716,0.6574023000000002
400,12,0,-350897.12,5.737258,0,0.7395379999999996
400,13,15,-350897.06,5.645013,0.0599999999976716,0.6472929999999995
400,14,30,-350896.9,5.4121413,0.2199999999720603,0.4144212999999999
400,15,45,-350896.53,5.1710258,0.5899999999674037,0.17330579999999962
400,16,60,-350895.9,5.071969,1.2199999999720603,0.07424900000000001
400,17,75,-350895.1,5.2208805,2.0200000000186265,0.22316049999999965
400,18,90,-350894.38,5.5528855,2.7399999999906868,0.5551655000000002
400,19,105,-350895.03,5.1838684,2.089999999967404,0.18614839999999955
400,20,120,-350895.8,4.99772,1.320000000006985,0
400,21,135,-350896.47,5.0827446,0.6500000000232831,0.08502459999999967
400,22,150,-350896.88,5.3508105,0.2399999999906867,0.35309049999999953
400,23,165,-350897.06,5.624964,0.0599999999976716,0.6272440000000001
400,24,180,-350897.12,5.7407475,0,0.7430275000000002
401,1,-165,-396692.44,-10.705044,0.029999999969732,2.8998050000000006
401,2,-150,-396691.84,-10.519102,0.629999999946449,3.0857469999999996
401,3,-135,-396691.25,-10.26624,1.2199999999720603,3.338609
401,4,-120,-396691.2,-10.026476,1.2699999999604188,3.578372999999999
401,5,-105,-396691.6,-9.866762,0.8699999999953434,3.738087
401,6,-90,-396692.12,-9.930369,0.3499999999767169,3.674479999999999
401,7,-75,-396692.47,-10.411373,0,3.1934760000000004
401,8,-60,-396692.16,-10.681506,0.3099999999976717,2.923342999999999
401,9,-45,-396691.47,-10.965277,1,2.6395719999999994
401,10,-30,-396690.72,-11.257592,1.75,2.347256999999999
401,11,-15,-396690.1,-11.48486,2.3699999999953434,2.1199890000000003
401,12,0,-396689.1,-13.604849,3.3699999999953434,0
401,13,15,-396690.1,-11.486472,2.3699999999953434,2.1183770000000006
401,14,30,-396690.72,-11.262081,1.75,2.3427679999999995
401,15,45,-396691.5,-10.980785,0.9699999999720604,2.6240640000000006
401,16,60,-396692.16,-10.671299,0.3099999999976717,2.9335500000000003
401,17,75,-396692.47,-10.41371,0,3.1911389999999997
401,18,90,-396692.12,-9.9381275,0.3499999999767169,3.6667214999999995
401,19,105,-396691.6,-9.796784,0.8699999999953434,3.808064999999999
401,20,120,-396691.2,-10.021274,1.2699999999604188,3.5835749999999997
401,21,135,-396691.25,-10.26721,1.2199999999720603,3.3376389999999994
401,22,150,-396691.84,-10.529115,0.629999999946449,3.0757340000000006
401,23,165,-396692.44,-10.694285,0.029999999969732,2.910563999999999
401,24,180,-396691.97,-12.786311,0.5,0.8185380000000002
402,1,-165,-408147.03,1.3494523,3.089999999967404,5.7639103
402,2,-150,-408147.8,0.22200583,2.320000000006985,4.636463829999999
402,3,-135,-408148.66,-1.1245093,1.4600000000209548,3.2899487
402,4,-120,-408149.25,-2.696145,0.8699999999953434,1.7183129999999998
402,5,-105,-408149.72,-3.6837318,0.400000000023283,0.7307261999999999
402,6,-90,-408150.12,-3.024843,0,1.3896149999999996
402,7,-75,-408150.12,-3.550058,0,0.8643999999999998
402,8,-60,-408149.34,-3.9605446,0.779999999969732,0.4539133999999998
402,9,-45,-408148.12,-4.4043207,2,0.01013729999999935
402,10,-30,-408146.75,-3.7699208,3.3699999999953434,0.6445371999999998
402,11,-15,-408145.7,-2.7999234,4.419999999983702,1.6145345999999998
402,12,0,-408145.34,-2.06177,4.779999999969732,2.3526879999999997
402,13,15,-408145.7,-2.8013222,4.419999999983702,1.6131357999999998
402,14,30,-408146.78,-3.7504132,3.339999999967404,0.6640447999999997
402,15,45,-408148.12,-4.414458,2,0
402,16,60,-408149.34,-3.971515,0.779999999969732,0.44294299999999964
402,17,75,-408150.12,-3.5396488,0,0.8748091999999996
402,18,90,-408150.12,-3.0456867,0,1.3687712999999997
402,19,105,-408149.72,-3.6810908,0.400000000023283,0.7333671999999996
402,20,120,-408149.25,-2.696543,0.8699999999953434,1.7179149999999996
402,21,135,-408148.66,-1.1219506,1.4600000000209548,3.2925074
402,22,150,-408147.8,0.21576715,2.320000000006985,4.630225149999999
402,23,165,-408147.03,1.3538386,3.089999999967404,5.768296599999999
402,24,180,-408146.62,2.1226008,3.5,6.5370588
403,1,-165,-434458.88,15.825337,6.089999999967404,10.5598207
403,2,-150,-434460.56,7.759163,4.409999999974389,2.4936467
403,3,-135,-434461.75,5.287802,3.2199999999720603,0.022285700000000297
403,4,-120,-434461.6,5.265906,3.3699999999953434,0.0003897000000003814
403,5,-105,-434460.53,6.4725585,4.439999999944121,1.2070422
403,6,-90,-434464.97,5.994716,0,0.7291997000000006
403,7,-75,-434460.53,6.488423,4.439999999944121,1.2229067000000002
403,8,-60,-434461.56,5.2715454,3.4099999999743886,0.0060291000000001205
403,9,-45,-434461.75,5.2939954,3.2199999999720603,0.0284791000000002
403,10,-30,-434460.53,7.801538,4.439999999944121,2.5360217
403,11,-15,-434457.84,14.403921,7.129999999946449,9.1384047
403,12,0,-434456.66,36.50664,8.309999999997672,31.241123699999996
403,13,15,-434457.8,14.404951,7.169999999983702,9.1394347
403,14,30,-434461.88,8.228227,3.089999999967404,2.9627107000000006
403,15,45,-434461.75,5.2927594,3.2199999999720603,0.027243099999999743
403,16,60,-434461.56,5.271878,3.4099999999743886,0.006361700000000248
403,17,75,-434460.53,6.4862647,4.439999999944121,1.2207484000000006
403,18,90,-434464.97,5.9973493,0,0.731833
403,19,105,-434460.53,6.473014,4.439999999944121,1.2074977000000002
403,20,120,-434461.6,5.2655163,3.3699999999953434,0
403,21,135,-434461.75,5.2815843,3.2199999999720603,0.01606799999999975
403,22,150,-434460.56,7.758897,4.409999999974389,2.4933807000000003
403,23,165,-434458.88,15.747163,6.089999999967404,10.4816467
403,24,180,-434455.34,31.1822,9.629999999946447,25.9166837
404,1,-165,-296999.22,15.401522,0.1800000000512227,0.21359600000000079
404,2,-150,-296998.62,15.188457,0.7800000000279397,0.0005310000000005033
404,3,-135,-296997.5,15.287199,1.900000000023283,0.09927300000000017
404,4,-120,-296996.03,15.728476,3.3699999999953434,0.5405500000000014
404,5,-105,-296994.6,16.224916,4.800000000046566,1.0369900000000012
404,6,-90,-296993.94,16.399681,5.460000000020955,1.211755000000002
404,7,-75,-296994.6,16.213593,4.800000000046566,1.0256670000000003
404,8,-60,-296996.03,15.73219,3.3699999999953434,0.5442640000000001
404,9,-45,-296997.5,15.289466,1.900000000023283,0.10153999999999996
404,10,-30,-296998.62,15.198219,0.7800000000279397,0.010293000000000774
404,11,-15,-296999.22,15.400278,0.1800000000512227,0.21235200000000098
404,12,0,-296999.4,15.549033,0,0.3611070000000005
404,13,15,-296999.22,15.400282,0.1800000000512227,0.21235600000000154
404,14,30,-296998.62,15.198219,0.7800000000279397,0.010293000000000774
404,15,45,-296997.5,15.299367,1.900000000023283,0.11144100000000101
404,16,60,-296996.03,15.73219,3.3699999999953434,0.5442640000000001
404,17,75,-296994.6,16.219337,4.800000000046566,1.0314110000000003
404,18,90,-296993.94,16.403831,5.460000000020955,1.2159050000000011
404,19,105,-296994.6,16.224396,4.800000000046566,1.0364699999999996
404,20,120,-296996.03,15.728476,3.3699999999953434,0.5405500000000014
404,21,135,-296997.5,15.287203,1.900000000023283,0.09927700000000073
404,22,150,-296998.62,15.187926,0.7800000000279397,0
404,23,165,-296999.22,15.401522,0.1800000000512227,0.21359600000000079
404,24,180,-296999.4,15.549024,0,0.36109800000000014
405,1,-165,-358805.84,30.736128,0,2.190266000000001
405,2,-150,-358805.56,28.94277,0.2800000000279397,0.3969079999999998
405,3,-135,-358804.4,28.580545,1.4400000000023283,0.03468300000000113
405,4,-120,-358801.12,29.851849,4.720000000030268,1.3059870000000018
405,5,-105,-358801.9,29.834017,3.940000000002328,1.2881549999999997
405,6,-90,-358802.22,30.442516,3.620000000053551,1.8966540000000016
405,7,-75,-358802.5,30.731314,3.340000000025612,2.1854520000000015
405,8,-60,-358803.2,29.800278,2.64000000001397,1.254415999999999
405,9,-45,-358804.47,20.939615,2.5,0.49662199999999856
405,10,-30,-358805.6,28.912287,0.2400000000488944,0.36642499999999956
405,11,-15,-358805.84,30.730198,0,2.184336000000002
405,12,0,-358804.9,34.103336,0.9400000000023284,5.557473999999999
405,13,15,-358805.84,30.729786,0,2.183924000000001
405,14,30,-358805.6,28.902672,0.2400000000488944,0.3568099999999994
405,15,45,-358804.47,20.928875,2.5,0.48588200000000015
405,16,60,-358800.9,30.138517,4.940000000002328,1.5926550000000006
405,17,75,-358801.8,29.823326,4.040000000037253,1.277464000000002
405,18,90,-358802.22,30.442602,3.620000000053551,1.8967400000000012
405,19,105,-358801.9,29.83402,3.940000000002328,1.2881579999999992
405,20,120,-358801.12,29.86594,4.720000000030268,1.3200779999999988
405,21,135,-358804.4,28.563715,1.4400000000023283,0.017852999999998787
405,22,150,-358805.56,28.946318,0.2800000000279397,0.4004560000000019
405,23,165,-358805.84,30.734844,0,2.1889819999999993
405,24,180,-358804.78,34.224476,1.0599999999976717,5.678614000000003
406,1,-165,-321685.7,-4.7556815,0,0.16374950000000066
406,2,-150,-321685.66,-4.3720236,0.0400000000372529,0.5474074
406,3,-135,-321685.47,-3.8996685,0.2300000000395812,1.0197625000000001
406,4,-120,-321685.28,-3.4294941,0.4199999999837018,1.4899369000000005
406,5,-105,-321685.12,-2.9561234,0.5800000000162981,1.9633076000000003
406,6,-90,-321685.06,-2.3566868,0.6400000000139698,2.5627442000000005
406,7,-75,-321684.88,-1.4702135,0.8200000000069849,3.4492175000000005
406,8,-60,-321684.47,-0.3493313,1.2300000000395812,4.5700997
406,9,-45,-321683.9,0.27660698,1.7999999999883585,5.196037980000001
406,10,-30,-321683.4,0.75437963,2.2999999999883585,5.67381063
406,11,-15,-321683.06,1.1682407,2.64000000001397,6.0876717000000005
406,12,0,-321682.9,1.3306473,2.7999999999883585,6.2500783
406,13,15,-321683.06,1.1683264,2.64000000001397,6.0877574
406,14,30,-321683.4,0.75465316,2.2999999999883585,5.6740841600000005
406,15,45,-321683.9,0.27866927,1.7999999999883585,5.19810027
406,16,60,-321684.47,-0.34959567,1.2300000000395812,4.56983533
406,17,75,-321684.88,-1.468288,0.8200000000069849,3.451143
406,18,90,-321685.06,-2.3566852,0.6400000000139698,2.5627458000000005
406,19,105,-321685.12,-2.958813,0.5800000000162981,1.9606180000000002
406,20,120,-321685.25,-3.4322221,0.4500000000116415,1.4872089000000002
406,21,135,-321685.47,-3.898828,0.2300000000395812,1.0206030000000004
406,22,150,-321685.66,-4.3631144,0.0400000000372529,0.5563166000000006
406,23,165,-321685.7,-4.7570124,0,0.16241860000000052
406,24,180,-321685.66,-4.919431,0.0400000000372529,0
407,1,-165,-463943.3,-40.942833,0.4500000000116415,0.4265400000000028
407,2,-150,-463941.94,-39.11985,1.809999999997672,2.2495230000000035
407,3,-135,-463939.62,-36.19839,4.130000000004657,5.170983
407,4,-120,-463936.56,-32.508015,7.190000000002328,8.861358000000003
407,5,-105,-463932.97,-28.26575,10.78000000002794,13.103623000000002
407,6,-90,-463930.5,-20.187263,13.25,21.18211
407,7,-75,-463932.8,-23.784899,10.950000000011642,17.584474000000004
407,8,-60,-463934.47,-27.161139,9.28000000002794,14.208234000000004
407,9,-45,-463935.34,-29.918365,8.409999999974389,11.451008000000002
407,10,-30,-463935.6,-31.736364,8.150000000023283,9.633009000000005
407,11,-15,-463935.3,-32.36238,8.450000000011642,9.006993000000001
407,12,0,-463934.62,-31.65329,9.130000000004657,9.716083000000005
407,13,15,-463935.3,-32.36917,8.450000000011642,9.000203000000006
407,14,30,-463935.6,-31.726686,8.150000000023283,9.642687000000002
407,15,45,-463935.34,-29.9273,8.409999999974389,11.442073000000004
407,16,60,-463934.5,-27.21733,9.25,14.152043000000003
407,17,75,-463932.8,-23.799274,10.950000000011642,17.570099000000003
407,18,90,-463930.5,-20.186804,13.25,21.182569000000004
407,19,105,-463932.97,-28.224606,10.78000000002794,13.144767000000002
407,20,120,-463936.56,-32.503975,7.190000000002328,8.865398000000006
407,21,135,-463939.62,-36.194565,4.130000000004657,5.174808000000006
407,22,150,-463941.94,-39.10943,1.809999999997672,2.259943
407,23,165,-463943.3,-40.939217,0.4500000000116415,0.43015600000000376
407,24,180,-463943.75,-41.369373,0,0
408,1,-165,-358815.03,-5.754528,0.25,0.7084920000000006
408,2,-150,-358814.34,-6.359205,0.9400000000023284,0.10381499999999999
408,3,-135,-358813.22,-6.4582663,2.06000000005588,0.004753700000000194
408,4,-120,-358811.94,-5.9307017,3.340000000025612,0.5323183
408,5,-105,-358810.97,-5.196936,4.310000000055879,1.2660840000000002
408,6,-90,-358810.7,-4.8581867,4.580000000016298,1.6048333000000001
408,7,-75,-358811.34,-5.126303,3.940000000002328,1.3367170000000002
408,8,-60,-358812.44,-5.6361113,2.840000000025612,0.8269087000000006
408,9,-45,-358813.3,-5.964437,1.9800000000395808,0.498583
408,10,-30,-358813.66,-5.73664,1.620000000053551,0.7263799999999998
408,11,-15,-358813.62,-5.0280504,1.6600000000325963,1.4349696000000005
408,12,0,-358813.56,-4.6056724,1.720000000030268,1.8573475999999998
408,13,15,-358813.62,-5.0170026,1.6600000000325963,1.4460174000000006
408,14,30,-358813.66,-5.736638,1.620000000053551,0.7263820000000001
408,15,45,-358813.3,-5.96661,1.9800000000395808,0.49641
408,16,60,-358812.44,-5.6375556,2.840000000025612,0.8254644000000004
408,17,75,-358811.34,-5.130762,3.940000000002328,1.3322580000000004
408,18,90,-358810.7,-4.858189,4.580000000016298,1.604831
408,19,105,-358810.97,-5.202694,4.310000000055879,1.260326
408,20,120,-358811.94,-5.9355464,3.340000000025612,0.5274736000000004
408,21,135,-358813.22,-6.46302,2.06000000005588,0
408,22,150,-358814.34,-6.355487,0.9400000000023284,0.1075330000000001
408,23,165,-358815.03,-5.754531,0.25,0.7084890000000001
408,24,180,-358815.28,-5.394575,0,1.0684450000000005
409,1,-165,-535427.4,-9.409006,0.1999999999534338,1.615703
409,2,-150,-535426.5,-4.662858,1.099999999976717,6.361851
409,3,-135,-535425.2,2.2401881,2.400000000023283,13.264897099999999
409,4,-120,-535423.7,10.33208,3.900000000023283,21.356789
409,5,-105,-535422.44,17.977781,5.160000000032596,29.00249
409,6,-90,-535422,21.465456,5.599999999976717,32.490165
409,7,-75,-535422.6,17.44995,5,28.474659000000003
409,8,-60,-535424,9.692365,3.599999999976717,20.717074
409,9,-45,-535425.4,2.1941216,2.199999999953434,13.2188306
409,10,-30,-535426.5,-4.11034,1.099999999976717,6.914369
409,11,-15,-535427.1,-8.322398,0.5,2.702311
409,12,0,-535427.4,-9.808961,0.1999999999534338,1.2157479999999996
409,13,15,-535427.1,-8.326115,0.5,2.698594
409,14,30,-535426.5,-4.099806,1.099999999976717,6.924903
409,15,45,-535425.4,2.1941226,2.199999999953434,13.2188316
409,16,60,-535424,9.692373,3.599999999976717,20.717081999999998
409,17,75,-535422.6,17.44995,5,28.474659000000003
409,18,90,-535422,21.465456,5.599999999976717,32.490165
409,19,105,-535422.44,17.977777,5.160000000032596,29.002485999999998
409,20,120,-535423.7,10.332078,3.900000000023283,21.356786999999997
409,21,135,-535425.2,2.2401826,2.400000000023283,13.264891599999999
409,22,150,-535426.5,-4.662862,1.099999999976717,6.361847
409,23,165,-535427.4,-9.409,0.1999999999534338,1.615708999999999
409,24,180,-535427.6,-11.024709,0,0
410,1,-165,-331720.38,70.60258,0.0599999999976716,1.3076400000000064
410,2,-150,-331720.44,69.66562,0,0.3706800000000072
410,3,-135,-331720.1,69.29929,0.3400000000256113,0.0043500000000022965
410,4,-120,-331719.34,69.67746,1.099999999976717,0.3825199999999995
410,5,-105,-331718.44,70.44249,2,1.1475500000000096
410,6,-90,-331718,70.83167,2.4400000000023283,1.5367300000000057
410,7,-75,-331718.4,70.383446,2.039999999979045,1.0885060000000095
410,8,-60,-331719.38,69.62486,1.0599999999976717,0.3299200000000013
410,9,-45,-331720.16,69.308235,0.2800000000279397,0.01329499999999939
410,10,-30,-331720.44,69.73808,0,0.44313999999999965
410,11,-15,-331720.38,70.66551,0.0599999999976716,1.3705700000000007
410,12,0,-331720.22,72.32408,0.2200000000302679,3.029139999999998
410,13,15,-331720.2,71.7515,0.2399999999906867,2.456559999999996
410,14,30,-331719.94,70.96109,0.5,1.6661500000000018
410,15,45,-331720.16,69.29494,0.2800000000279397,0
410,16,60,-331719.38,69.61634,1.0599999999976717,0.321399999999997
410,17,75,-331718.4,70.3815,2.039999999979045,1.0865600000000057
410,18,90,-331718,70.82846,2.4400000000023283,1.53352000000001
410,19,105,-331718.44,70.45021,2,1.1552700000000016
410,20,120,-331719.34,69.69321,1.099999999976717,0.39826999999999657
410,21,135,-331720.1,69.31461,0.3400000000256113,0.01967000000000496
410,22,150,-331720.44,69.67586,0,0.38092000000000326
410,23,165,-331720.38,70.61078,0.0599999999976716,1.3158400000000086
410,24,180,-331720.28,71.22921,0.1599999999743886,1.934269999999998
411,1,-165,-321819,-146.2309,2.7199999999720603,4.8431500000000085
411,2,-150,-321818.03,-145.31662,3.6899999999441206,5.757429999999999
411,3,-135,-321818.16,-144.78313,3.559999999997672,6.29092
411,4,-120,-321819.5,-145.69257,2.2199999999720603,5.3814800000000105
411,5,-105,-321820.97,-147.76938,0.75,3.3046699999999873
411,6,-90,-321821.72,-149.78163,0,1.2924199999999928
411,7,-75,-321821.62,-151.07405,0.0999999999767169,0
411,8,-60,-321820.2,-149.87987,1.5199999999604188,1.1941799999999887
411,9,-45,-321819.8,-149.7232,1.9199999999837016,1.3508500000000083
411,10,-30,-321818.4,-148.48169,3.3199999999487773,2.5923600000000135
411,11,-15,-321817,-144.95883,4.71999999997206,6.115219999999994
411,12,0,-321817.12,-144.35345,4.599999999976717,6.72059999999999
411,13,15,-321817,-144.96446,4.71999999997206,6.109589999999997
411,14,30,-321818.4,-148.48221,3.3199999999487773,2.5918399999999906
411,15,45,-321819.8,-149.70612,1.9199999999837016,1.3679300000000012
411,16,60,-321820.2,-149.87003,1.5199999999604188,1.2040199999999857
411,17,75,-321821.62,-151.06705,0.0999999999767169,0.007000000000005002
411,18,90,-321821.72,-149.78336,0,1.290690000000012
411,19,105,-321820.94,-148.04529,0.779999999969732,3.0287600000000054
411,20,120,-321819.5,-145.69246,2.2199999999720603,5.3815899999999885
411,21,135,-321818.16,-144.74342,3.559999999997672,6.3306300000000135
411,22,150,-321818.03,-145.3269,3.6899999999441206,5.747150000000005
411,23,165,-321818.75,-147.21216,2.9699999999720603,3.8618899999999883
411,24,180,-321819.28,-146.56018,2.4399999999441206,4.513869999999997
412,1,-165,-285672.84,8.597556,8.599999999976717,6.500478000000001
412,2,-150,-285673.56,9.613966,7.880000000004657,7.516888
412,3,-135,-285674.44,9.799835,7,7.702757
412,4,-120,-285675.34,9.121518,6.099999999976717,7.02444
412,5,-105,-285676.2,7.694967,5.239999999990687,5.597889
412,6,-90,-285676.9,5.903547,4.539999999979045,3.8064689999999994
412,7,-75,-285677.6,4.0302544,3.8400000000256114,1.9331763999999994
412,8,-60,-285678.5,2.8597233,2.9400000000023283,0.7626453
412,9,-45,-285679.84,2.7172232,1.599999999976717,0.6201451999999996
412,10,-30,-285681,2.8149817,0.4400000000023283,0.7179036999999999
412,11,-15,-285681.44,2.8915334,0,0.7944553999999999
412,12,0,-285681.16,2.9595623,0.2800000000279397,0.8624842999999998
412,13,15,-285680.38,2.8246713,1.0599999999976717,0.7275932999999997
412,14,30,-285679.34,2.4360085,2.099999999976717,0.3389304999999996
412,15,45,-285678.03,2.097078,3.4099999999743886,0
412,16,60,-285676.34,2.4164429,5.099999999976717,0.3193648999999996
412,17,75,-285674.72,4.108019,6.720000000030268,2.0109409999999994
412,18,90,-285673.28,7.2363424,8.159999999974389,5.1392644
412,19,105,-285671.88,10.283765,9.559999999997672,8.186687000000001
412,20,120,-285670.94,11.614766,10.5,9.517688
412,21,135,-285670.94,10.900138,10.5,8.80306
412,22,150,-285671.2,9.215429,10.239999999990689,7.1183510000000005
412,23,165,-285671.7,8.321662,9.739999999990689,6.224584
412,24,180,-285672.28,7.74705,9.159999999974389,5.649972
413,1,-165,-358077.47,-53.564342,0.6300000000046566,5.090751999999995
413,2,-150,-358078.1,-57.3686,0,1.2864939999999976
413,3,-135,-358077.75,-58.655094,0.3499999999767169,0
413,4,-120,-358076.56,-58.370132,1.5399999999790452,0.28496200000000016
413,5,-105,-358075.25,-57.64742,2.849999999976717,1.0076740000000015
413,6,-90,-358074.72,-57.371124,3.3800000000046566,1.2839699999999965
413,7,-75,-358075.3,-57.7837,2.7999999999883585,0.8713939999999951
413,8,-60,-358076.66,-58.449654,1.4400000000023283,0.20543999999999585
413,9,-45,-358077.8,-58.631725,0.2999999999883584,0.02336899999999531
413,10,-30,-358078.1,-57.21198,0,1.4431140000000013
413,11,-15,-358077.47,-53.470455,0.6300000000046566,5.184638999999997
413,12,0,-358076.8,-49.57691,1.2999999999883585,9.078184
413,13,15,-358077.47,-53.470455,0.6300000000046566,5.184638999999997
413,14,30,-358078.1,-57.19824,0,1.4568539999999999
413,15,45,-358077.8,-58.631725,0.2999999999883584,0.02336899999999531
413,16,60,-358076.66,-58.46347,1.4400000000023283,0.19162399999999735
413,17,75,-358075.3,-57.784977,2.7999999999883585,0.8701170000000005
413,18,90,-358074.72,-57.371937,3.3800000000046566,1.2831569999999957
413,19,105,-358075.25,-57.622112,2.849999999976717,1.032981999999997
413,20,120,-358076.56,-58.370132,1.5399999999790452,0.28496200000000016
413,21,135,-358077.75,-58.655094,0.3499999999767169,0
413,22,150,-358078.1,-57.365376,0,1.2897180000000006
413,23,165,-358077.47,-53.562603,0.6300000000046566,5.092490999999995
413,24,180,-358076.8,-49.59073,1.2999999999883585,9.064363999999998
414,1,-165,-594702.6,13.793734,1.150000000023283,1.555097
414,2,-150,-594702,18.399721,1.75,6.161083999999999
414,3,-135,-594700.8,25.101814,2.949999999953434,12.863177
414,4,-120,-594699.2,32.975685,4.550000000046566,20.737047999999998
414,5,-105,-594697.8,40.64702,5.949999999953434,28.408382999999997
414,6,-90,-594697.25,44.10969,6.5,31.871053
414,7,-75,-594697.94,40.898575,5.810000000055879,28.659938
414,8,-60,-594699.44,34.108578,4.310000000055879,21.869941
414,9,-45,-594701.2,27.13258,2.550000000046566,14.893943
414,10,-30,-594702.6,21.115883,1.150000000023283,8.877246
414,11,-15,-594703.44,17.263527,0.3100000000558793,5.024889999999999
414,12,0,-594703.75,16.004625,0,3.765988
414,13,15,-594703.44,17.263529,0.3100000000558793,5.024891999999998
414,14,30,-594702.6,21.133991,1.150000000023283,8.895354000000001
414,15,45,-594701.2,27.132591,2.550000000046566,14.893954
414,16,60,-594699.44,34.10829,4.310000000055879,21.869652999999996
414,17,75,-594697.94,40.887688,5.810000000055879,28.649050999999996
414,18,90,-594697.25,44.10969,6.5,31.871053
414,19,105,-594697.8,40.64701,5.949999999953434,28.408373
414,20,120,-594699.2,32.975487,4.550000000046566,20.73685
414,21,135,-594700.8,25.10176,2.949999999953434,12.863122999999998
414,22,150,-594702,18.398857,1.75,6.160219999999999
414,23,165,-594702.6,13.793734,1.150000000023283,1.555097
414,24,180,-594702.9,12.238637,0.8499999999767169,0
415,1,-165,-526764.94,21.266676,0.5600000000558794,3.400943999999999
415,2,-150,-526765.5,18.896065,0,1.0303329999999988
415,3,-135,-526765.4,17.865732,0.0999999999767169,0
415,4,-120,-526764.7,17.890862,0.8000000000465661,0.02512999999999721
415,5,-105,-526763.8,18.29747,1.699999999953434,0.4317379999999993
415,6,-90,-526762.8,17.888334,2.699999999953434,0.022601999999999123
415,7,-75,-526763.8,18.223717,1.699999999953434,0.35798499999999933
415,8,-60,-526764.6,17.882801,0.9000000000232831,0.017068999999999335
415,9,-45,-526765.3,17.868,0.1999999999534338,0.002267999999997272
415,10,-30,-526765.5,18.75509,0,0.8893579999999979
415,11,-15,-526765,21.02609,0.5,3.1603579999999987
415,12,0,-526764.56,23.069843,0.9399999999441206,5.2041109999999975
415,13,15,-526765,21.02634,0.5,3.160608
415,14,30,-526765.5,18.755098,0,0.889365999999999
415,15,45,-526765.3,17.868,0.1999999999534338,0.002267999999997272
415,16,60,-526764.6,17.882792,0.9000000000232831,0.01705999999999719
415,17,75,-526763.8,18.222496,1.699999999953434,0.3567639999999983
415,18,90,-526762.8,17.888334,2.699999999953434,0.022601999999999123
415,19,105,-526763.8,18.297033,1.699999999953434,0.4313009999999977
415,20,120,-526764.7,17.891775,0.8000000000465661,0.026042999999997818
415,21,135,-526765.4,17.865822,0.0999999999767169,9.000000000014552e-05
415,22,150,-526765.5,18.896065,0,1.0303329999999988
415,23,165,-526764.94,21.266665,0.5600000000558794,3.4009329999999984
415,24,180,-526764.56,23.06982,0.9399999999441206,5.204087999999999
416,1,-165,-395683.8,-6.1989217,2.080000000016298,2.6484953000000004
416,2,-150,-395682.84,-5.3227825,3.039999999979045,3.5246345000000003
416,3,-135,-395681.8,-5.024102,4.080000000016298,3.823315
416,4,-120,-395681.7,-4.926378,4.179999999993015,3.9210390000000004
416,5,-105,-395682.84,-5.9069676,3.039999999979045,2.9404494000000003
416,6,-90,-395684.38,-7.3164606,1.5,1.5309564
416,7,-75,-395685.56,-8.777741,0.3200000000069849,0.0696759999999994
416,8,-60,-395685.88,-8.847417,0,0
416,9,-45,-395684.9,-7.450207,0.9799999999813735,1.3972100000000003
416,10,-30,-395683.03,-5.2146883,2.849999999976717,3.6327287000000004
416,11,-15,-395681.16,-3.006954,4.720000000030268,5.840463
416,12,0,-395680.03,-1.6938223,5.849999999976717,7.1535947
416,13,15,-395681.16,-3.0067003,4.720000000030268,5.8407167
416,14,30,-395683.03,-5.218534,2.849999999976717,3.628883
416,15,45,-395684.9,-7.4456315,0.9799999999813735,1.4017855
416,16,60,-395685.88,-8.844372,0,0.0030450000000001864
416,17,75,-395685.56,-8.760311,0.3200000000069849,0.08710600000000035
416,18,90,-395684.38,-7.3516407,1.5,1.4957763000000002
416,19,105,-395682.84,-5.8767285,3.039999999979045,2.9706885000000005
416,20,120,-395681.7,-4.9669433,4.179999999993015,3.8804737000000005
416,21,135,-395681.56,-4.75395,4.320000000006985,4.093467
416,22,150,-395682.4,-5.241747,3.479999999981373,3.60567
416,23,165,-395683.62,-5.9903793,2.260000000009313,2.8570377000000002
416,24,180,-395684.3,-6.612956,1.580000000016298,2.2344610000000005
417,1,-165,-335539.44,-89.524635,0.1599999999743886,0.0004809999999935144
417,2,-150,-335539.2,-89.03656,0.3999999999650754,0.48855600000000265
417,3,-135,-335538.44,-87.7617,1.1599999999743886,1.7634159999999923
417,4,-120,-335537.2,-85.80632,2.3999999999650754,3.7187959999999975
417,5,-105,-335535.53,-83.34348,4.069999999948777,6.1816359999999975
417,6,-90,-335533.8,-80.64492,5.799999999988359,8.880195999999998
417,7,-75,-335532.47,-78.381935,7.130000000004657,11.143180999999998
417,8,-60,-335535.84,-78.487625,3.7599999999511056,11.037491000000003
417,9,-45,-335537.53,-79.53403,2.0699999999487773,9.991085999999996
417,10,-30,-335538.7,-80.40576,0.8999999999650754,9.119355999999996
417,11,-15,-335539.38,-81.04296,0.2199999999720603,8.482156000000003
417,12,0,-335539.6,-81.293724,0,8.231392
417,13,15,-335539.38,-81.04165,0.2199999999720603,8.483465999999993
417,14,30,-335538.7,-80.46793,0.8999999999650754,9.057186000000002
417,15,45,-335537.53,-79.534164,2.0699999999487773,9.990951999999993
417,16,60,-335535.84,-78.488045,3.7599999999511056,11.037070999999997
417,17,75,-335532.47,-78.382706,7.130000000004657,11.142409999999998
417,18,90,-335533.8,-80.63898,5.799999999988359,8.886135999999993
417,19,105,-335535.53,-83.34492,4.069999999948777,6.180195999999995
417,20,120,-335537.2,-85.80859,2.3999999999650754,3.7165260000000018
417,21,135,-335538.44,-87.761826,1.1599999999743886,1.7632899999999978
417,22,150,-335539.2,-89.03678,0.3999999999650754,0.4883360000000039
417,23,165,-335539.44,-89.525116,0.1599999999743886,0
417,24,180,-335539.3,-89.172966,0.2999999999883584,0.35214999999999463
418,1,-165,-595455.75,-2.8547144,0.3100000000558793,1.5812683
418,2,-150,-595456.06,1.7524248,0,6.1884075
418,3,-135,-595455.8,8.162598,0.2600000000093132,12.5985807
418,4,-120,-595455.3,15.426509,0.7600000000093132,19.8624917
418,5,-105,-595454.6,22.52643,1.4600000000791624,26.9624127
418,6,-90,-595454.3,26.18228,1.7600000000093132,30.6182627
418,7,-75,-595454.6,23.294256,1.4600000000791624,27.7302387
418,8,-60,-595455.25,17.23134,0.8100000000558794,21.6673227
418,9,-45,-595455.6,10.281901,0.4600000000791624,14.7178837
418,10,-30,-595455.6,4.3377643,0.4600000000791624,8.773747
418,11,-15,-595455.44,-0.79572344,0.6200000001117587,3.6402592600000006
418,12,0,-595455.44,-2.7261717,0.6200000001117587,1.7098110000000002
418,13,15,-595455.75,-0.89544016,0.3100000000558793,3.54054254
418,14,30,-595456,3.3856294,0.0600000000558793,7.8216121
418,15,45,-595455.8,9.510759,0.2600000000093132,13.9467417
418,16,60,-595455.3,16.625546,0.7600000000093132,21.0615287
418,17,75,-595454.7,23.230787,1.3600000001024457,27.6667697
418,18,90,-595454.3,26.157604,1.7600000000093132,30.5935867
418,19,105,-595454.56,23.055649,1.5,27.4916317
418,20,120,-595455,16.747837,1.0600000000558794,21.1838197
418,21,135,-595455.4,9.99705,0.6600000000325963,14.4330327
418,22,150,-595455.3,3.6904933,0.7600000000093132,8.126476
418,23,165,-595455.1,-1.5323136,0.9600000000791624,2.9036691
418,24,180,-595455.25,-4.4359827,0.8100000000558794,0
419,1,-165,-422014.9,-10.816908,7.880000000004657,3.474965000000001
419,2,-150,-422015.56,-12.170522,7.220000000030268,2.1213510000000007
419,3,-135,-422015.9,-13.034824,6.880000000004657,1.2570490000000003
419,4,-120,-422015.6,-12.722268,7.180000000051223,1.569605000000001
419,5,-105,-422014.8,-11.215291,7.980000000039581,3.076582
419,6,-90,-422014.44,-9.92817,8.340000000025611,4.363703000000001
419,7,-75,-422015.38,-10.604727,7.400000000023283,3.6871460000000003
419,8,-60,-422017.4,-12.546724,5.380000000004657,1.7451490000000014
419,9,-45,-422020.06,-13.8039255,2.720000000030268,0.48794750000000064
419,10,-30,-422021.66,-14.28504,1.120000000053551,0.006833000000000311
419,11,-15,-422022.5,-14.290804,0.2800000000279397,0.0010690000000010969
419,12,0,-422022.78,-14.2562685,0,0.03560450000000159
419,13,15,-422022.5,-14.291873,0.2800000000279397,0
419,14,30,-422021.66,-14.283033,1.120000000053551,0.00884000000000107
419,15,45,-422020.06,-13.801198,2.720000000030268,0.4906750000000013
419,16,60,-422017.4,-12.608491,5.380000000004657,1.683382
419,17,75,-422015.38,-10.607812,7.400000000023283,3.6840610000000016
419,18,90,-422014.44,-9.928166,8.340000000025611,4.363707000000002
419,19,105,-422014.8,-11.216675,7.980000000039581,3.0751980000000003
419,20,120,-422015.6,-12.719248,7.180000000051223,1.5726250000000004
419,21,135,-422015.9,-13.037516,6.880000000004657,1.2543570000000006
419,22,150,-422015.56,-12.174606,7.220000000030268,2.117267
419,23,165,-422014.9,-10.818552,7.880000000004657,3.4733210000000003
419,24,180,-422014.53,-10.124626,8.25,4.1672470000000015
420,1,-165,-351875,-135.06534,11.340000000025611,10.59817000000001
420,2,-150,-351875.34,-137.57698,11,8.08653000000001
420,3,-135,-351874.97,-139.29861,11.370000000053553,6.364900000000006
420,4,-120,-351874.03,-140.22513,12.309999999997672,5.438379999999995
420,5,-105,-351872.88,-140.89035,13.460000000020957,4.77315999999999
420,6,-90,-351873.7,-142.61746,12.64000000001397,3.046050000000008
420,7,-75,-351876.84,-143.18591,9.5,2.4775999999999954
420,8,-60,-351880.28,-144.03838,6.059999999997672,1.6251300000000128
420,9,-45,-351883.06,-144.83904,3.28000000002794,0.8244699999999909
420,10,-30,-351884.97,-145.42702,1.370000000053551,0.23649000000000342
420,11,-15,-351886.06,-145.66351,0.2800000000279397,0
420,12,0,-351886.34,-145.49068,0,0.1728300000000047
420,13,15,-351886.06,-145.6584,0.2800000000279397,0.005110000000001946
420,14,30,-351885,-145.41968,1.3400000000256114,0.24383000000000266
420,15,45,-351883.06,-144.84363,3.28000000002794,0.8198800000000119
420,16,60,-351880.28,-144.07082,6.059999999997672,1.5926900000000046
420,17,75,-351876.84,-143.24335,9.5,2.42016000000001
420,18,90,-351873.7,-142.63144,12.64000000001397,3.0320700000000045
420,19,105,-351872.88,-140.89107,13.460000000020957,4.772439999999989
420,20,120,-351874.03,-140.22513,12.309999999997672,5.438379999999995
420,21,135,-351875,-139.21904,11.340000000025611,6.4444699999999955
420,22,150,-351875.34,-137.47972,11,8.183790000000016
420,23,165,-351875,-134.96463,11.340000000025611,10.698880000000003
420,24,180,-351874.1,-132.33313,12.240000000048894,13.330379999999991
421,1,-165,-428151.94,34.414886,0,1.694416000000004
421,2,-150,-428151.72,35.381737,0.2200000000302679,2.6612670000000023
421,3,-135,-428151.1,36.164463,0.8400000000256114,3.443992999999999
421,4,-120,-428150.22,38.31072,1.720000000030268,5.590250000000005
421,5,-105,-428149.1,40.10564,2.840000000025612,7.385170000000002
421,6,-90,-428147.88,41.466408,4.059999999997672,8.745938000000002
421,7,-75,-428149.22,40.13745,2.720000000030268,7.416980000000002
421,8,-60,-428150.4,38.249283,1.5399999999790452,5.5288129999999995
421,9,-45,-428151.28,36.503475,0.6599999999743886,3.783005000000003
421,10,-30,-428151.78,35.403206,0.1599999999743886,2.6827359999999985
421,11,-15,-428151.94,34.246223,0,1.5257530000000017
421,12,0,-428151.84,32.72047,0.0999999999767169,0
421,13,15,-428151.94,34.24656,0,1.5260900000000035
421,14,30,-428151.78,35.23376,0.1599999999743886,2.513289999999998
421,15,45,-428151.28,36.494286,0.6599999999743886,3.7738160000000036
421,16,60,-428150.4,38.11003,1.5399999999790452,5.389560000000003
421,17,75,-428149.22,40.08473,2.720000000030268,7.364260000000002
421,18,90,-428147.88,41.642918,4.059999999997672,8.922448000000003
421,19,105,-428149.06,40.186207,2.8800000000046566,7.465737000000004
421,20,120,-428150.22,38.311142,1.720000000030268,5.590671999999998
421,21,135,-428151.16,36.620163,0.7800000000279397,3.899692999999999
421,22,150,-428151.72,35.38591,0.2200000000302679,2.665440000000004
421,23,165,-428151.94,34.423286,0,1.7028159999999986
421,24,180,-428151.88,32.854736,0.0599999999976716,0.13426600000000377
422,1,-165,-383348.94,28.12066,2.400000000023283,6.358420000000002
422,2,-150,-383350.6,24.55946,0.7400000000488944,2.797220000000003
422,3,-135,-383351.06,22.71184,0.2800000000279397,0.9496000000000002
422,4,-120,-383350.75,21.966705,0.5900000000256114,0.20446500000000256
422,5,-105,-383350.25,21.830315,1.0900000000256114,0.06807500000000033
422,6,-90,-383350.1,21.884167,1.2400000000488944,0.121927000000003
422,7,-75,-383350.66,21.76224,0.6800000000512227,0
422,8,-60,-383351.34,22.09579,0,0.33355000000000246
422,9,-45,-383351.34,23.739521,0,1.9772810000000014
422,10,-30,-383350.4,26.928316,0.9400000000023284,5.166076
422,11,-15,-383348.75,31.54501,2.590000000025612,9.782770000000003
422,12,0,-383347.53,36.151962,3.809999999997672,14.389721999999999
422,13,15,-383348.75,31.548416,2.590000000025612,9.786176000000001
422,14,30,-383350.4,26.92915,0.9400000000023284,5.1669100000000014
422,15,45,-383351.34,23.739498,0,1.9772580000000026
422,16,60,-383351.34,22.102495,0,0.34025500000000264
422,17,75,-383350.66,21.76224,0.6800000000512227,0
422,18,90,-383350.1,21.882069,1.2400000000488944,0.11982900000000285
422,19,105,-383350.25,21.831442,1.0900000000256114,0.06920200000000065
422,20,120,-383350.75,21.966412,0.5900000000256114,0.2041719999999998
422,21,135,-383351.06,22.711838,0.2800000000279397,0.9495980000000017
422,22,150,-383350.6,24.55946,0.7400000000488944,2.797220000000003
422,23,165,-383348.97,28.102621,2.370000000053551,6.340381000000001
422,24,180,-383346.16,34.19623,5.180000000051223,12.433990000000001
423,1,-165,-452827.9,-89.58841,1.1300000000046566,2.3510899999999992
423,2,-150,-452827.97,-90.04672,1.0600000000558794,1.892780000000002
423,3,-135,-452828.1,-90.71393,0.9300000000512229,1.2255699999999905
423,4,-120,-452828.38,-91.38355,0.6500000000232831,0.5559499999999957
423,5,-105,-452828.7,-91.81251,0.3300000000162981,0.12698999999999216
423,6,-90,-452829,-91.92818,0.0300000000279396,0.011319999999997776
423,7,-75,-452829.03,-91.71023,0,0.22926999999999964
423,8,-60,-452828.72,-91.17172,0.3100000000558793,0.7677800000000019
423,9,-45,-452828.16,-90.46662,0.870000000053551,1.4728799999999893
423,10,-30,-452827.53,-89.820366,1.5,2.1191339999999883
423,11,-15,-452827.1,-89.42995,1.9300000000512227,2.50954999999999
423,12,0,-452826.97,-89.303535,2.06000000005588,2.635964999999999
423,13,15,-452827.1,-89.42615,1.9300000000512227,2.5133499999999884
423,14,30,-452827.53,-89.824745,1.5,2.1147550000000024
423,15,45,-452828.16,-90.455055,0.870000000053551,1.4844449999999938
423,16,60,-452828.72,-91.17259,0.3100000000558793,0.7669099999999958
423,17,75,-452829.03,-91.718216,0,0.22128399999999715
423,18,90,-452829,-91.9395,0.0300000000279396,0
423,19,105,-452828.7,-91.81319,0.3300000000162981,0.1263099999999895
423,20,120,-452828.38,-91.38368,0.6500000000232831,0.5558199999999971
423,21,135,-452828.1,-90.719025,0.9300000000512229,1.2204749999999933
423,22,150,-452827.97,-90.046776,1.0600000000558794,1.8927240000000012
423,23,165,-452827.9,-89.5873,1.1300000000046566,2.3521999999999963
423,24,180,-452827.9,-89.42421,1.1300000000046566,2.515289999999993
424,1,-165,-395953.88,-3.078901,3.2399999999906868,2.6992896
424,2,-150,-395954.94,-3.5546844,2.179999999993015,2.2235062
424,3,-135,-395955.9,-4.1830077,1.2199999999720603,1.5951829000000002
424,4,-120,-395956.62,-4.6879096,0.5,1.090281
424,5,-105,-395957.03,-5.256628,0.0899999999674037,0.5215626000000002
424,6,-90,-395957.12,-5.7095385,0,0.06865210000000044
424,7,-75,-395956.84,-5.765082,0.279999999969732,0.013108600000000692
424,8,-60,-395956.2,-5.425964,0.919999999983702,0.3522266000000007
424,9,-45,-395955.28,-3.4969087,1.839999999967404,2.2812819
424,10,-30,-395955.22,-3.3832755,1.900000000023283,2.3949151000000004
424,11,-15,-395955.2,-3.4644403,1.9199999999837016,2.3137503
424,12,0,-395955.03,-3.5321686,2.089999999967404,2.2460220000000004
424,13,15,-395955.2,-3.4644403,1.9199999999837016,2.3137503
424,14,30,-395955.22,-3.3599062,1.900000000023283,2.4182844
424,15,45,-395955.28,-3.4871953,1.839999999967404,2.2909953
424,16,60,-395956.16,-5.4669423,0.9600000000209548,0.3112482999999999
424,17,75,-395956.84,-5.7781906,0.279999999969732,0
424,18,90,-395957.12,-5.7110043,0,0.06718630000000037
424,19,105,-395957.03,-5.253492,0.0899999999674037,0.5246986000000007
424,20,120,-395956.62,-4.7160125,0.5,1.0621781000000006
424,21,135,-395955.9,-4.1825337,1.2199999999720603,1.5956569000000007
424,22,150,-395954.94,-3.554668,2.179999999993015,2.2235226000000003
424,23,165,-395953.88,-3.061777,3.2399999999906868,2.7164136
424,24,180,-395953.22,-2.6558664,3.900000000023283,3.1223242000000004
425,1,-165,-480519.1,41.792492,3.1000000000349246,6.641052000000002
425,2,-150,-480515.2,46.578823,7,11.427382999999999
425,3,-135,-480518.16,42.267952,4.040000000037253,7.116512
425,4,-120,-480519.6,39.110897,2.6000000000349246,3.9594570000000004
425,5,-105,-480520.06,37.295185,2.14000000001397,2.1437449999999956
425,6,-90,-480520.53,36.197094,1.669999999983702,1.045653999999999
425,7,-75,-480521.22,35.436424,0.9800000000395812,0.28498400000000146
425,8,-60,-480521.94,35.15144,0.2600000000093132,0
425,9,-45,-480522.2,35.61956,0,0.468119999999999
425,10,-30,-480521.56,37.173706,0.6400000000139698,2.022266000000002
425,11,-15,-480519.75,40.14456,2.450000000011641,4.993119999999998
425,12,0,-480516.94,45.03497,5.260000000009313,9.88353
425,13,15,-480519.75,40.154312,2.450000000011641,5.002871999999996
425,14,30,-480521.56,37.167027,0.6400000000139698,2.0155869999999965
425,15,45,-480522.2,35.61742,0,0.46598000000000184
425,16,60,-480521.94,35.151443,0.2600000000093132,2.9999999995311555e-06
425,17,75,-480521.22,35.43979,0.9800000000395812,0.2883500000000012
425,18,90,-480520.5,36.176327,1.7000000000116415,1.0248869999999997
425,19,105,-480520.06,37.292362,2.14000000001397,2.140921999999996
425,20,120,-480519.6,39.10395,2.6000000000349246,3.9525099999999966
425,21,135,-480518.12,42.227413,4.080000000016298,7.075972999999998
425,22,150,-480515.2,46.58992,7,11.438479999999998
425,23,165,-480519.1,41.790596,3.1000000000349246,6.639156
425,24,180,-480516.16,47.658817,6.040000000037253,12.507376999999998
426,1,-165,-344209.3,19.461014,0.2999999999883584,0.2256319999999974
426,2,-150,-344208.47,20.119143,1.1300000000046566,0.8837609999999998
426,3,-135,-344207.12,21.244665,2.479999999981373,2.009283
426,4,-120,-344205.47,22.665438,4.130000000004657,3.4300560000000004
426,5,-105,-344203.84,24.054781,5.759999999951106,4.819398999999997
426,6,-90,-344202.8,24.833296,6.799999999988359,5.597913999999999
426,7,-75,-344202.88,24.615284,6.71999999997206,5.379901999999998
426,8,-60,-344203.88,23.841866,5.71999999997206,4.606483999999998
426,9,-45,-344205.12,23.040228,4.4799999999813735,3.8048459999999977
426,10,-30,-344206.16,22.44112,3.4400000000023283,3.205738
426,11,-15,-344206.78,22.089298,2.8199999999487773,2.853915999999998
426,12,0,-344206.97,21.984865,2.6300000000046566,2.749482999999998
426,13,15,-344206.78,22.089298,2.8199999999487773,2.853915999999998
426,14,30,-344206.16,22.441122,3.4400000000023283,3.2057399999999987
426,15,45,-344205.12,23.040232,4.4799999999813735,3.8048499999999983
426,16,60,-344203.88,23.836502,5.71999999997206,4.601119999999998
426,17,75,-344202.88,24.615284,6.71999999997206,5.379901999999998
426,18,90,-344202.8,24.833303,6.799999999988359,5.5979209999999995
426,19,105,-344203.84,24.055435,5.759999999951106,4.820052999999998
426,20,120,-344205.47,22.668758,4.130000000004657,3.433375999999999
426,21,135,-344207.12,21.244665,2.479999999981373,2.009283
426,22,150,-344208.47,20.126677,1.1300000000046566,0.8912949999999995
426,23,165,-344209.3,19.461016,0.2999999999883584,0.22563399999999945
426,24,180,-344209.6,19.235382,0,0
427,1,-165,-509328.75,114.57968,0.4099999999743886,2.6613899999999973
427,2,-150,-509327.62,119.11868,1.5399999999790452,7.200389999999999
427,3,-135,-509326.34,126.08424,2.8199999999487773,14.165949999999995
427,4,-120,-509324.28,133.97108,4.879999999946449,22.05279
427,5,-105,-509322.88,141.36862,6.279999999969732,29.450329999999994
427,6,-90,-509322.34,144.53174,6.819999999948777,32.613450000000014
427,7,-75,-509323.06,140.45615,6.099999999976717,28.53786000000001
427,8,-60,-509324.56,132.70213,4.599999999976717,20.783840000000012
427,9,-45,-509326.16,124.69281,3,12.774519999999995
427,10,-30,-509327.44,117.99989,1.7199999999720603,6.081599999999995
427,11,-15,-509328.2,113.48797,0.9599999999627472,1.5696800000000053
427,12,0,-509328.44,111.91829,0.7199999999720603,0
427,13,15,-509328.2,113.48797,0.9599999999627472,1.5696800000000053
427,14,30,-509327.44,117.99989,1.7199999999720603,6.081599999999995
427,15,45,-509326.16,124.68413,3,12.765839999999997
427,16,60,-509324.56,132.70163,4.599999999976717,20.783339999999995
427,17,75,-509323.06,140.45702,6.099999999976717,28.53873
427,18,90,-509322.34,144.53174,6.819999999948777,32.613450000000014
427,19,105,-509322.88,141.37044,6.279999999969732,29.452150000000003
427,20,120,-509324.28,133.9726,4.879999999946449,22.05431
427,21,135,-509326.03,125.94852,3.129999999946449,14.030230000000003
427,22,150,-509327.62,119.11868,1.5399999999790452,7.200389999999999
427,23,165,-509328.75,114.579414,0.4099999999743886,2.661124000000001
427,24,180,-509329.16,113.01513,0,1.0968400000000003
428,1,-165,-582620.94,59.946545,0.1600000000325963,1.7431380000000019
428,2,-150,-582620.3,64.94742,0.7999999999301508,6.744012999999995
428,3,-135,-582619.3,71.874344,1.7999999999301508,13.670936999999995
428,4,-120,-582618.06,80.16648,3.0399999999208376,21.96307300000001
428,5,-105,-582616.94,87.64841,4.160000000032596,29.445003
428,6,-90,-582616.25,91.5347,4.849999999976717,33.331293
428,7,-75,-582616.4,88.913864,4.699999999953434,30.710457000000005
428,8,-60,-582617.25,81.6082,3.849999999976717,23.404792999999998
428,9,-45,-582618.5,73.39315,2.599999999976717,15.189743000000007
428,10,-30,-582619.7,66.68107,1.400000000023283,8.477663000000007
428,11,-15,-582620.44,62.205994,0.6600000000325963,4.002586999999998
428,12,0,-582620.75,60.722244,0.3499999999767169,2.518837000000005
428,13,15,-582620.44,62.205994,0.6600000000325963,4.002586999999998
428,14,30,-582619.7,66.65919,1.400000000023283,8.455782999999997
428,15,45,-582618.5,73.452034,2.599999999976717,15.248626999999999
428,16,60,-582617.25,81.61746,3.849999999976717,23.414052999999996
428,17,75,-582616.4,88.91387,4.699999999953434,30.710463000000004
428,18,90,-582616.25,91.5347,4.849999999976717,33.331293
428,19,105,-582616.94,87.6491,4.160000000032596,29.445693000000006
428,20,120,-582618.06,80.17179,3.0399999999208376,21.968383000000003
428,21,135,-582619.3,71.874306,1.7999999999301508,13.670899000000006
428,22,150,-582620.3,64.945564,0.7999999999301508,6.742157000000006
428,23,165,-582620.94,59.94654,0.1600000000325963,1.7431330000000003
428,24,180,-582621.1,58.203407,0,0
429,1,-165,-422759.88,29.185812,0.8200000000069849,4.192706999999999
429,2,-150,-422760.34,28.547623,0.3599999999860301,3.5545180000000016
429,3,-135,-422760.7,27.747807,0,2.7547020000000018
429,4,-120,-422760.53,26.337612,0.1699999999837018,1.3445070000000001
429,5,-105,-422759.75,26.104881,0.9500000000116416,1.111775999999999
429,6,-90,-422758.2,27.619902,2.5,2.626797
429,7,-75,-422759.2,25.608618,1.5,0.615513
429,8,-60,-422760.28,24.999893,0.4199999999837018,0.006788000000000238
429,9,-45,-422760.47,25.706926,0.2300000000395812,0.7138209999999994
429,10,-30,-422760.12,26.85401,0.5800000000162981,1.860904999999999
429,11,-15,-422759.7,27.375875,1,2.3827700000000007
429,12,0,-422759.2,27.775345,1.5,2.7822400000000016
429,13,15,-422759.78,28.961487,0.919999999983702,3.968382000000002
429,14,30,-422760.25,28.46519,0.4500000000116415,3.472085
429,15,45,-422760.66,27.716534,0.0400000000372529,2.7234289999999994
429,16,60,-422760.53,26.890543,0.1699999999837018,1.897438000000001
429,17,75,-422759.75,26.449114,0.9500000000116416,1.4560090000000017
429,18,90,-422758.12,27.758991,2.580000000016298,2.765886000000002
429,19,105,-422759.22,25.654617,1.4800000000395812,0.6615119999999983
429,20,120,-422760.28,24.993105,0.4199999999837018,0
429,21,135,-422760.5,25.65156,0.2000000000116415,0.658455
429,22,150,-422760.2,26.780533,0.5,1.7874279999999985
429,23,165,-422759.75,27.379803,0.9500000000116416,2.386697999999999
429,24,180,-422759.25,27.787882,1.4500000000116415,2.794777
430,1,-165,-459013.72,16.131634,3.06000000005588,2.4122879999999984
430,2,-150,-459015.88,14.887801,0.9000000000232831,1.1684549999999998
430,3,-135,-459014.94,15.892464,1.8400000000256116,2.1731180000000005
430,4,-120,-459014.1,16.47224,2.6800000000512227,2.7528939999999995
430,5,-105,-459015.3,16.335728,1.4800000000395812,2.6163819999999998
430,6,-90,-459016.22,15.325868,0.5600000000558794,1.606522
430,7,-75,-459016.4,14.7346735,0.3800000000046566,1.0153274999999997
430,8,-60,-459015.6,14.779493,1.1800000000512227,1.0601470000000006
430,9,-45,-459013.97,15.73877,2.81000000005588,2.0194240000000008
430,10,-30,-459012.03,17.51485,4.75,3.7955039999999993
430,11,-15,-459010.4,19.224245,6.380000000004657,5.504899
430,12,0,-459009.62,20.05787,7.160000000032596,6.338524000000001
430,13,15,-459010.4,19.221437,6.380000000004657,5.502091000000002
430,14,30,-459012.03,17.514849,4.75,3.795503000000002
430,15,45,-459013.97,15.738768,2.81000000005588,2.0194220000000005
430,16,60,-459015.6,14.780254,1.1800000000512227,1.0609079999999995
430,17,75,-459016.4,14.738701,0.3800000000046566,1.019355000000001
430,18,90,-459016.16,15.335446,0.620000000053551,1.6160999999999994
430,19,105,-459015.3,16.328854,1.4800000000395812,2.609508
430,20,120,-459014.1,16.463621,2.6800000000512227,2.744275
430,21,135,-459014.94,15.883223,1.8400000000256116,2.1638769999999994
430,22,150,-459015.88,14.8939295,0.9000000000232831,1.1745835000000007
430,23,165,-459013.72,16.131247,3.06000000005588,2.4119009999999985
430,24,180,-459016.78,13.719346,0,0
431,1,-165,-229813.55,-0.7222123,0.0100000000093132,0.7795951999999999
431,2,-150,-229813.14,-0.16065751,0.4199999999837018,1.34114999
431,3,-135,-229812.83,-0.15162829,0.7300000000104774,1.3501792099999999
431,4,-120,-229812.44,-0.052325707,1.1199999999953434,1.449481793
431,5,-105,-229811.6,0.6434335,1.959999999991851,2.145241
431,6,-90,-229810.6,1.3597716,2.959999999991851,2.8615791
431,7,-75,-229809.92,1.6986581,3.639999999984866,3.2004656000000002
431,8,-60,-229809.81,1.4854014,3.75,2.9872088999999997
431,9,-45,-229812.86,-0.048969433,0.7000000000116415,1.452838067
431,10,-30,-229813.19,-0.14316888,0.3699999999953434,1.35863862
431,11,-15,-229812.58,-1.0873941,0.9800000000104774,0.41441339999999993
431,12,0,-229813.45,-1.4973582,0.1099999999860301,0.004449299999999878
431,13,15,-229813.56,-0.7444346,0,0.7573729
431,14,30,-229813.19,-0.14775665,0.3699999999953434,1.35405085
431,15,45,-229812.86,-0.05006464,0.7000000000116415,1.45174286
431,16,60,-229812.53,-0.022014182,1.0299999999988358,1.479793318
431,17,75,-229811.64,0.7374851,1.9199999999837016,2.2392925999999997
431,18,90,-229810.56,1.4014643,3,2.9032717999999997
431,19,105,-229809.9,1.6938658,3.660000000003493,3.1956733
431,20,120,-229809.8,1.5039973,3.760000000009313,3.0058048
431,21,135,-229812.83,-0.15078403,0.7300000000104774,1.35102347
431,22,150,-229813.14,-0.160704,0.4199999999837018,1.3411035
431,23,165,-229813.55,-0.72097874,0.0100000000093132,0.78082876
431,24,180,-229813.45,-1.5018075,0.1099999999860301,0
432,1,-165,-474793.03,45.321125,0.5,0.45833999999999975
432,2,-150,-474793.16,45.56121,0.370000000053551,0.6984250000000003
432,3,-135,-474793.16,45.76308,0.370000000053551,0.9002949999999998
432,4,-120,-474793.38,45.030617,0.150000000023283,0.1678319999999971
432,5,-105,-474792.56,46.737133,0.970000000030268,1.8743479999999977
432,6,-90,-474792.97,47.049255,0.5600000000558794,2.18647
432,7,-75,-474793.53,45.557045,0,0.6942599999999999
432,8,-60,-474793.28,45.501637,0.25,0.638852
432,9,-45,-474792.9,46.057392,0.6300000000046566,1.1946069999999978
432,10,-30,-474792.75,45.90099,0.7800000000279397,1.0382049999999978
432,11,-15,-474792.62,45.632095,0.9100000000325964,0.7693099999999973
432,12,0,-474792.97,45.016335,0.5600000000558794,0.15354999999999563
432,13,15,-474793.03,45.30094,0.5,0.43815499999999474
432,14,30,-474793.16,45.519737,0.370000000053551,0.6569519999999969
432,15,45,-474793.2,45.70978,0.3300000000162981,0.8469949999999997
432,16,60,-474793.22,45.053593,0.3100000000558793,0.19080799999999698
432,17,75,-474793.44,45.37208,0.0900000000256113,0.5092949999999945
432,18,90,-474792.7,47.22998,0.8300000000162981,2.3671949999999953
432,19,105,-474793.47,45.78391,0.0600000000558793,0.9211249999999964
432,20,120,-474793.4,45.423897,0.1300000000046566,0.5611119999999943
432,21,135,-474792.9,46.098217,0.6300000000046566,1.2354319999999959
432,22,150,-474792.78,45.949654,0.75,1.086869
432,23,165,-474792.94,44.862785,0.5900000000256114,0
432,24,180,-474792.97,45.014946,0.5600000000558794,0.15216099999999955
433,1,-165,-730389.8,26.871489,3.599999999976717,3.1324140000000007
433,2,-150,-730391.44,25.089815,1.9600000000791624,1.3507400000000018
433,3,-135,-730392.2,24.409948,1.2000000000698492,0.6708730000000003
433,4,-120,-730392.3,24.523201,1.099999999976717,0.7841260000000005
433,5,-105,-730392.3,24.972757,1.099999999976717,1.2336820000000017
433,6,-90,-730392.06,25.480186,1.3399999999674037,1.741111
433,7,-75,-730393,24.31936,0.400000000023283,0.5802849999999999
433,8,-60,-730393.4,23.739075,0,0
433,9,-45,-730392.9,24.342804,0.5,0.6037290000000013
433,10,-30,-730391.25,26.397995,2.150000000023283,2.658920000000002
433,11,-15,-730388.9,29.7433,4.5,6.004225000000002
433,12,0,-730385.8,34.851135,7.599999999976717,11.11206
433,13,15,-730388.9,29.795496,4.5,6.056421
433,14,30,-730391.3,26.577732,2.099999999976717,2.8386570000000013
433,15,45,-730392.9,24.357254,0.5,0.6181790000000014
433,16,60,-730393.4,23.73996,0,0.0008850000000002467
433,17,75,-730393,24.310501,0.400000000023283,0.5714259999999989
433,18,90,-730392.06,25.483488,1.3399999999674037,1.7444130000000015
433,19,105,-730392.3,24.967358,1.099999999976717,1.2282830000000011
433,20,120,-730392.3,24.521385,1.099999999976717,0.782309999999999
433,21,135,-730392.2,24.411633,1.2000000000698492,0.6725579999999987
433,22,150,-730391.44,25.099173,1.9600000000791624,1.3600980000000007
433,23,165,-730389.8,26.853962,3.599999999976717,3.1148869999999995
433,24,180,-730387.5,30.00837,5.900000000023283,6.269295
434,1,-165,-341807.6,-173.82347,3.8400000000256114,2.6857900000000257
434,2,-150,-341807.16,-172.94862,4.28000000002794,3.5606400000000065
434,3,-135,-341805.9,-171.2435,5.539999999979045,5.26576
434,4,-120,-341803.94,-168.65863,7.5,7.850630000000024
434,5,-105,-341800.53,-169.75415,10.909999999974389,6.755110000000002
434,6,-90,-341798.16,-166.47385,13.28000000002794,10.035410000000013
434,7,-75,-341801.38,-165.37317,10.059999999997672,11.136090000000024
434,8,-60,-341804.94,-61.01284,0.5,0.0035860000000056402
434,9,-45,-341807.88,-171.9875,3.559999999997672,4.5217600000000004
434,10,-30,-341809.9,-174.36821,1.5399999999790452,2.141050000000007
434,11,-15,-341811.06,-175.93468,0.3800000000046566,0.5745800000000258
434,12,0,-341811.44,-176.50926,0,0
434,13,15,-341811.06,-175.93594,0.3800000000046566,0.5733200000000238
434,14,30,-341809.9,-174.38275,1.5399999999790452,2.1265100000000245
434,15,45,-341807.88,-172.00037,3.559999999997672,4.508890000000008
434,16,60,-341804.94,-61.016426,0.5,0
434,17,75,-341801.38,-165.33574,10.059999999997672,11.173520000000025
434,18,90,-341798.16,-166.45688,13.28000000002794,10.05238
434,19,105,-341800.53,-169.79665,10.909999999974389,6.712610000000012
434,20,120,-341803.94,-168.9958,7.5,7.513460000000009
434,21,135,-341805.9,-171.25444,5.539999999979045,5.254820000000024
434,22,150,-341807.16,-172.87782,4.28000000002794,3.631439999999998
434,23,165,-341807.6,-173.7562,3.8400000000256114,2.753060000000005
434,24,180,-341807.47,-173.94302,3.970000000030268,2.566240000000022
435,1,-165,-489322.94,7.3773656,4.5,4.4434245
435,2,-150,-489323.7,4.757853,3.739999999990687,1.8239118999999997
435,3,-135,-489323.78,3.0349398,3.6599999999743886,0.10099869999999989
435,4,-120,-489323.4,2.9339411,4.039999999979045,0
435,5,-105,-489322.94,4.3037744,4.5,1.3698332999999998
435,6,-90,-489322.8,6.044058,4.64000000001397,3.1101168999999995
435,7,-75,-489323.3,6.9839835,4.14000000001397,4.0500424
435,8,-60,-489324.47,7.43282,2.970000000030268,4.4988789
435,9,-45,-489325.72,7.5691457,1.720000000030268,4.6352046
435,10,-30,-489326.7,7.359875,0.7399999999906868,4.4259338999999995
435,11,-15,-489327.25,6.938412,0.1900000000023283,4.004470899999999
435,12,0,-489327.44,6.1084523,0,3.1745111999999995
435,13,15,-489327.25,6.9400277,0.1900000000023283,4.0060866
435,14,30,-489326.7,7.3650045,0.7399999999906868,4.4310634
435,15,45,-489325.7,7.4518747,1.7399999999906868,4.5179336
435,16,60,-489324.47,7.4245963,2.970000000030268,4.4906552
435,17,75,-489323.3,6.975386,4.14000000001397,4.0414449
435,18,90,-489322.8,6.01993,4.64000000001397,3.0859888999999994
435,19,105,-489322.94,4.3101125,4.5,1.3761713999999996
435,20,120,-489323.4,2.9352996,4.039999999979045,0.0013584999999998182
435,21,135,-489323.78,3.0373101,3.6599999999743886,0.10336899999999982
435,22,150,-489323.7,4.7057667,3.739999999990687,1.7718255999999997
435,23,165,-489322.94,7.377358,4.5,4.4434169
435,24,180,-489321.94,11.223819,5.5,8.2898779
436,1,-165,-431949.5,23.1315,0.1599999999743886,2.519297999999999
436,2,-150,-431949.62,21.418467,0.0399999999790452,0.8062649999999998
436,3,-135,-431949.1,20.617208,0.5599999999976717,0.00500600000000162
436,4,-120,-431948.06,20.644207,1.599999999976717,0.032005000000001615
436,5,-105,-431946.97,21.371895,2.6900000000023283,0.7596929999999986
436,6,-90,-431946.3,22.696213,3.35999999998603,2.0840110000000003
436,7,-75,-431947.03,21.447355,2.629999999946449,0.8351530000000018
436,8,-60,-431948.16,20.725134,1.5,0.1129320000000007
436,9,-45,-431949.2,20.665155,0.4599999999627471,0.052952999999998696
436,10,-30,-431949.66,21.579554,0,0.9673520000000018
436,11,-15,-431949.44,23.435553,0.2199999999720603,2.823350999999999
436,12,0,-431948.75,25.64909,0.9099999999743886,5.036888000000001
436,13,15,-431949.44,23.434698,0.2199999999720603,2.822496000000001
436,14,30,-431949.66,21.583714,0,0.9715120000000006
436,15,45,-431949.2,20.667545,0.4599999999627471,0.055343000000000586
436,16,60,-431948.16,20.725134,1.5,0.1129320000000007
436,17,75,-431947.03,21.44994,2.629999999946449,0.8377380000000016
436,18,90,-431946.3,22.695837,3.35999999998603,2.083635000000001
436,19,105,-431946.97,21.369581,2.6900000000023283,0.7573790000000002
436,20,120,-431948.06,20.64218,1.599999999976717,0.029977999999999838
436,21,135,-431949.1,20.612202,0.5599999999976717,0
436,22,150,-431949.62,21.43264,0.0399999999790452,0.8204379999999993
436,23,165,-431949.5,23.149828,0.1599999999743886,2.5376259999999995
436,24,180,-431948.8,25.436893,0.8599999999860302,4.824691000000001
437,1,-165,-456736.25,24.925365,3.0499999999883585,9.191832999999999
437,2,-150,-456738.66,19.556025,0.6400000000139698,3.8224930000000015
437,3,-135,-456739.3,16.349499,0,0.6159670000000013
437,4,-120,-456739.06,15.783663,0.2399999999906867,0.05013100000000037
437,5,-105,-456738.88,16.968952,0.4199999999837018,1.2354200000000013
437,6,-90,-456739.28,16.350067,0.0199999999604187,0.616534999999999
437,7,-75,-456739.28,16.339653,0.0199999999604187,0.6061209999999981
437,8,-60,-456738.53,16.854527,0.7699999999604188,1.1209950000000006
437,9,-45,-456736.94,18.93712,2.35999999998603,3.203588
437,10,-30,-456734.78,23.596748,4.519999999960419,7.863216000000001
437,11,-15,-456732,30.160635,7.2999999999883585,14.427102999999999
437,12,0,-456731.9,33.6054,7.399999999965075,17.871868000000003
437,13,15,-456735.47,26.500664,3.830000000016298,10.767132
437,14,30,-456737.6,21.16179,1.7000000000116415,5.428258
437,15,45,-456738.34,17.246567,0.9599999999627472,1.5130349999999986
437,16,60,-456738.44,16.351274,0.8599999999860302,0.6177419999999998
437,17,75,-456738.44,15.733532,0.8599999999860302,0
437,18,90,-456738.4,16.253689,0.8999999999650754,0.5201570000000011
437,19,105,-456738.34,16.692486,0.9599999999627472,0.9589539999999985
437,20,120,-456738.1,17.14275,1.2000000000116415,1.4092179999999992
437,21,135,-456737.1,18.789644,2.200000000011641,3.056111999999999
437,22,150,-456735.34,23.428814,3.959999999962747,7.695281999999999
437,23,165,-456732.84,29.84678,6.459999999962747,14.113247999999999
437,24,180,-456732.53,32.208538,6.769999999960419,16.475005999999997
438,1,-165,-520788.2,47.170994,0.9599999999627472,4.625284000000001
438,2,-150,-520789,43.752453,0.1599999999743886,1.206743000000003
438,3,-135,-520789.16,42.54571,0,0
438,4,-120,-520788.53,42.73233,0.629999999946449,0.1866199999999978
438,5,-105,-520787.4,43.639946,1.7599999999511056,1.0942360000000022
438,6,-90,-520786.28,44.860268,2.879999999946449,2.314557999999998
438,7,-75,-520785.8,45.853622,3.35999999998603,3.3079120000000017
438,8,-60,-520785.75,46.532124,3.4099999999743886,3.9864140000000035
438,9,-45,-520785.3,47.45218,3.85999999998603,4.906469999999999
438,10,-30,-520784.06,48.9437,5.099999999976717,6.39799
438,11,-15,-520781.72,51.60319,7.440000000002328,9.057479999999998
438,12,0,-520778.5,55.985073,10.659999999974389,13.439363
438,13,15,-520781.72,51.582577,7.440000000002328,9.036867
438,14,30,-520784.06,48.93715,5.099999999976717,6.391440000000003
438,15,45,-520785.3,47.451653,3.85999999998603,4.905943000000001
438,16,60,-520785.75,46.532814,3.4099999999743886,3.987104000000002
438,17,75,-520785.8,45.863544,3.35999999998603,3.3178339999999977
438,18,90,-520786.28,44.864674,2.879999999946449,2.318964000000001
438,19,105,-520787.4,43.63524,1.7599999999511056,1.0895300000000034
438,20,120,-520788.53,42.729923,0.629999999946449,0.18421299999999974
438,21,135,-520789.16,42.55451,0,0.008800000000000807
438,22,150,-520789,43.75246,0.1599999999743886,1.2067499999999995
438,23,165,-520788.2,47.17071,0.9599999999627472,4.625
438,24,180,-520787.62,50.418907,1.5399999999790452,7.873196999999998
439,1,-165,-321676.78,17.051672,0.3399999999674037,1.592732999999999
439,2,-150,-321677.12,15.778973,0,0.3200339999999997
439,3,-135,-321676.88,11.8618355,3.150000000023283,4.6864085
439,4,-120,-321676,15.963541,1.1199999999953434,0.5046019999999984
439,5,-105,-321674.97,16.814026,2.150000000023283,1.3550869999999975
439,6,-90,-321674.5,17.286137,2.6199999999953434,1.8271979999999992
439,7,-75,-321675.03,16.82352,2.089999999967404,1.3645809999999976
439,8,-60,-321676.1,15.964309,1.0200000000186265,0.5053699999999992
439,9,-45,-321676.94,15.465778,0.179999999993015,0.006838999999999373
439,10,-30,-321677.12,15.8909025,0,0.4319634999999984
439,11,-15,-321676.75,17.201239,0.3699999999953434,1.7423000000000002
439,12,0,-321676.4,18.22584,0.7199999999720603,2.7669010000000007
439,13,15,-321676.75,17.205956,0.3699999999953434,1.7470169999999996
439,14,30,-321677.12,15.890906,0,0.43196699999999844
439,15,45,-321676.94,15.465782,0.179999999993015,0.0068429999999999325
439,16,60,-321676.1,15.963061,1.0200000000186265,0.5041219999999988
439,17,75,-321675.03,16.825478,2.089999999967404,1.3665389999999995
439,18,90,-321674.5,17.286346,2.6199999999953434,1.827407000000001
439,19,105,-321674.97,16.815165,2.150000000023283,1.3562259999999995
439,20,120,-321676,15.963487,1.1199999999953434,0.5045479999999998
439,21,135,-321676.88,11.8618355,3.150000000023283,4.6864085
439,22,150,-321677.12,15.778051,0,0.31911199999999873
439,23,165,-321676.78,17.052158,0.3399999999674037,1.5932189999999977
439,24,180,-321676.4,18.22481,0.7199999999720603,2.7658710000000006
440,1,-165,-311615.06,8.577578,0.0599999999976716,0.0027889999999999304
440,2,-150,-311614.62,8.608977,0.5,0.03418799999999855
440,3,-135,-311613.66,9.148255,1.4600000000209548,0.5734659999999998
440,4,-120,-311612.28,10.02603,2.839999999967404,1.4512409999999996
440,5,-105,-311611,10.863066,4.119999999995343,2.288276999999999
440,6,-90,-311610.47,11.0885515,4.650000000023283,2.5137624999999986
440,7,-75,-311611.03,10.622395,4.089999999967404,2.0476059999999983
440,8,-60,-311612.3,9.812635,2.820000000006985,1.2378459999999993
440,9,-45,-311613.66,9.040339,1.4600000000209548,0.4655499999999986
440,10,-30,-311614.62,8.584047,0.5,0.0092579999999991
440,11,-15,-311615.06,8.574789,0.0599999999976716,0
440,12,0,-311615.12,8.703402,0,0.12861299999999964
440,13,15,-311615.06,8.591798,0.0599999999976716,0.01700899999999983
440,14,30,-311614.62,8.584046,0.5,0.009256999999999849
440,15,45,-311613.66,9.040335,1.4600000000209548,0.4655459999999998
440,16,60,-311612.3,9.810257,2.820000000006985,1.2354679999999991
440,17,75,-311611.03,10.622395,4.089999999967404,2.0476059999999983
440,18,90,-311610.47,11.088387,4.650000000023283,2.513598
440,19,105,-311611,10.863063,4.119999999995343,2.2882739999999995
440,20,120,-311612.28,10.026027,2.839999999967404,1.4512379999999983
440,21,135,-311613.66,9.148437,1.4600000000209548,0.5736479999999986
440,22,150,-311614.62,8.60442,0.5,0.02963099999999841
440,23,165,-311615.06,8.577479,0.0599999999976716,0.002689999999999415
440,24,180,-311615.12,8.702053,0,0.1272639999999985
441,1,-165,-383929.75,-0.8361522,3.450000000011641,3.0277497
441,2,-150,-383930.38,-1.3849105,2.820000000006985,2.4789914
441,3,-135,-383931.03,-2.086512,2.169999999983702,1.7773899000000002
441,4,-120,-383931.66,-2.6850817,1.540000000037253,1.1788202
441,5,-105,-383932.28,-2.9318733,0.919999999983702,0.9320286000000002
441,6,-90,-383932.7,-3.4092581,0.5,0.45464379999999993
441,7,-75,-383933.2,-3.492785,0,0.3711169000000001
441,8,-60,-383933.06,-3.3702352,0.1400000000139698,0.4936666999999999
441,9,-45,-383932.44,-3.2734146,0.7600000000093132,0.5904872999999999
441,10,-30,-383931.62,-3.707033,1.580000000016298,0.1568689000000001
441,11,-15,-383931.2,-3.8581457,2,0.005756199999999989
441,12,0,-383931,-3.7330723,2.200000000011641,0.1308296000000002
441,13,15,-383931.2,-3.8639019,2,0
441,14,30,-383931.62,-3.7768106,1.580000000016298,0.08709129999999998
441,15,45,-383932.44,-3.2806976,0.7600000000093132,0.5832043000000002
441,16,60,-383933.06,-3.375643,0.1400000000139698,0.48825889999999994
441,17,75,-383933.2,-3.4966092,0,0.36729270000000014
441,18,90,-383932.7,-3.4075704,0.5,0.4563315000000001
441,19,105,-383932.28,-2.903228,0.919999999983702,0.9606739000000002
441,20,120,-383931.62,-2.7016153,1.580000000016298,1.1622866000000003
441,21,135,-383931.03,-2.0850708,2.169999999983702,1.7788311
441,22,150,-383930.38,-1.3824775,2.820000000006985,2.4814244
441,23,165,-383929.75,-0.8094272,3.450000000011641,3.0544747
441,24,180,-383929.4,-0.5497344,3.7999999999883594,3.3141675
442,1,-165,-148009.84,13.631735,1.7600000000093132,3.0382640000000016
442,2,-150,-148010.62,12.96593,0.9800000000104774,2.372459000000001
442,3,-135,-148011.31,12.1402855,0.2900000000081491,1.5468145
442,4,-120,-148011.6,11.536724,0,0.9432530000000003
442,5,-105,-148011.39,11.335829,0.2099999999918509,0.7423580000000012
442,6,-90,-148010.77,11.427514,0.8300000000162981,0.8340430000000012
442,7,-75,-148009.97,11.524055,1.6300000000046566,0.9305840000000014
442,8,-60,-148009.38,11.487525,2.220000000001164,0.8940540000000006
442,9,-45,-148009.33,11.407201,2.2700000000186265,0.8137300000000014
442,10,-30,-148009.89,11.152401,1.709999999991851,0.5589300000000001
442,11,-15,-148010.55,10.774431,1.0500000000174623,0.18096000000000068
442,12,0,-148010.83,10.593471,0.7700000000186265,0
442,13,15,-148010.55,10.774431,1.0500000000174623,0.18096000000000068
442,14,30,-148009.89,11.152401,1.709999999991851,0.5589300000000001
442,15,45,-148009.33,11.407201,2.2700000000186265,0.8137300000000014
442,16,60,-148009.38,11.487527,2.220000000001164,0.8940560000000009
442,17,75,-148009.97,11.524055,1.6300000000046566,0.9305840000000014
442,18,90,-148010.77,11.427514,0.8300000000162981,0.8340430000000012
442,19,105,-148011.39,11.33583,0.2099999999918509,0.7423590000000004
442,20,120,-148011.6,11.536724,0,0.9432530000000003
442,21,135,-148011.31,12.141139,0.2900000000081491,1.5476680000000016
442,22,150,-148010.62,12.965932,0.9800000000104774,2.3724610000000013
442,23,165,-148009.84,13.631734,1.7600000000093132,3.0382630000000006
442,24,180,-148009.48,13.863037,2.1199999999953434,3.269566000000001
443,1,-165,-368130.3,-170.00023,0.2999999999883584,0.44116000000002487
443,2,-150,-368129.34,-170.31279,1.2599999999511056,0.12860000000000582
443,3,-135,-368127.97,-170.44005,2.6300000000046566,0.0013399999999990087
443,4,-120,-368126.53,-170.35767,4.069999999948777,0.08371999999999957
443,5,-105,-368125.47,-170.13768,5.130000000004657,0.3037100000000237
443,6,-90,-368125.12,-169.96893,5.4799999999813735,0.4724600000000123
443,7,-75,-368125.66,-169.98012,4.940000000002328,0.46127000000001317
443,8,-60,-368126.84,-170.10008,3.7599999999511056,0.3413100000000213
443,9,-45,-368128.28,-170.20912,2.3199999999487773,0.23226999999999975
443,10,-30,-368129.56,-170.15852,1.0399999999790452,0.2828700000000026
443,11,-15,-368130.34,-169.9349,0.2599999999511055,0.5064900000000137
443,12,0,-368130.6,-169.61282,0,0.8285700000000134
443,13,15,-368130.34,-169.93373,0.2599999999511055,0.5076600000000155
443,14,30,-368129.56,-170.15576,1.0399999999790452,0.28563000000002603
443,15,45,-368128.28,-170.19574,2.3199999999487773,0.24565000000001191
443,16,60,-368126.84,-170.09952,3.7599999999511056,0.3418700000000001
443,17,75,-368125.66,-169.97769,4.940000000002328,0.4637000000000171
443,18,90,-368125.12,-169.96887,5.4799999999813735,0.47252000000000294
443,19,105,-368125.47,-170.12514,5.130000000004657,0.316250000000025
443,20,120,-368126.53,-170.35852,4.069999999948777,0.08287000000001399
443,21,135,-368127.97,-170.44139,2.6300000000046566,0
443,22,150,-368129.34,-170.31567,1.2599999999511056,0.12572000000000116
443,23,165,-368130.3,-170.00607,0.2999999999883584,0.4353200000000186
443,24,180,-368130.6,-169.58992,0,0.8514700000000062
444,1,-165,-477750.06,17.120117,0.6599999999743886,0.35144599999999926
444,2,-150,-477747.34,18.818842,3.379999999946449,2.050170999999999
444,3,-135,-477746.72,20.14523,4,3.3765590000000003
444,4,-120,-477748.47,19.061274,2.25,2.2926029999999997
444,5,-105,-477749.66,18.353683,1.0599999999976717,1.585011999999999
444,6,-90,-477750.53,17.70272,0.1899999999441206,0.9340489999999981
444,7,-75,-477750.72,17.070946,0,0.3022749999999981
444,8,-60,-477750.2,16.931559,0.5199999999604188,0.1628879999999988
444,9,-45,-477748.94,17.627508,1.779999999969732,0.8588369999999976
444,10,-30,-477747.38,19.069859,3.339999999967404,2.301188
444,11,-15,-477745.94,20.593893,4.779999999969732,3.825222
444,12,0,-477745.03,21.485418,5.689999999944121,4.716746999999998
444,13,15,-477745.94,20.596031,4.779999999969732,3.8273599999999988
444,14,30,-477747.38,19.074669,3.339999999967404,2.305997999999999
444,15,45,-477748.94,17.627909,1.779999999969732,0.8592379999999977
444,16,60,-477750.2,16.924625,0.5199999999604188,0.1559539999999977
444,17,75,-477750.72,17.07118,0,0.30250899999999703
444,18,90,-477750.53,17.700808,0.1899999999441206,0.9321369999999973
444,19,105,-477749.66,18.364012,1.0599999999976717,1.5953409999999977
444,20,120,-477748.47,19.064165,2.25,2.295493999999998
444,21,135,-477748.62,19.02735,2.099999999976717,2.258678999999997
444,22,150,-477749.4,18.02022,1.3199999999487773,1.2515489999999971
444,23,165,-477750.06,17.120117,0.6599999999743886,0.35144599999999926
444,24,180,-477750.28,16.768671,0.4399999999441206,0
445,1,-165,-449235.9,-118.71358,0.5699999999487773,0.23275000000001
445,2,-150,-449234.44,-117.86295,2.029999999969732,1.0833800000000053
445,3,-135,-449232.4,-116.77083,4.069999999948777,2.1754999999999995
445,4,-120,-449230.44,-115.32672,6.029999999969732,3.6196100000000087
445,5,-105,-449228.7,-113.96595,7.769999999960419,4.980379999999997
445,6,-90,-449227.53,-112.70645,8.93999999994412,6.239879999999999
445,7,-75,-449228.34,-111.26097,8.129999999946449,7.685360000000003
445,8,-60,-449229.06,-110.6247,7.409999999974389,8.321629999999999
445,9,-45,-449228.44,-109.90486,8.029999999969732,9.041470000000004
445,10,-30,-449229.72,-110.252,6.75,8.694330000000008
445,11,-15,-449230.66,-110.3747,5.809999999997672,8.571629999999999
445,12,0,-449230.97,-110.42421,5.5,8.522120000000001
445,13,15,-449230.66,-110.37279,5.809999999997672,8.573540000000008
445,14,30,-449229.72,-110.24973,6.75,8.696600000000004
445,15,45,-449228.5,-109.24255,7.96999999997206,9.703780000000009
445,16,60,-449229.06,-110.62531,7.409999999974389,8.321020000000004
445,17,75,-449228.34,-111.266945,8.129999999946449,7.679384999999996
445,18,90,-449227.53,-112.706436,8.93999999994412,6.239894000000007
445,19,105,-449228.7,-113.96846,7.769999999960419,4.97787000000001
445,20,120,-449230.44,-115.32655,6.029999999969732,3.6197800000000058
445,21,135,-449232.4,-116.77049,4.069999999948777,2.175840000000008
445,22,150,-449234.44,-117.863525,2.029999999969732,1.0828050000000076
445,23,165,-449235.9,-118.71358,0.5699999999487773,0.23275000000001
445,24,180,-449236.47,-118.94633,0,0
446,1,-165,-447433.72,24.323893,0.7800000000279397,3.04842
446,2,-150,-447434.1,23.581131,0.400000000023283,2.3056579999999975
446,3,-135,-447434.34,22.354136,0.1599999999743886,1.0786629999999988
446,4,-120,-447434.06,21.648388,0.4400000000023283,0.372914999999999
446,5,-105,-447433.12,22.1291,1.3800000000046566,0.8536269999999995
446,6,-90,-447431.88,23.404047,2.6199999999953434,2.128573999999997
446,7,-75,-447433.25,21.796453,1.25,0.520979999999998
446,8,-60,-447434.22,21.302238,0.2800000000279397,0.026764999999997485
446,9,-45,-447434.5,22.028187,0,0.7527139999999974
446,10,-30,-447434.2,23.291302,0.2999999999883584,2.015829
446,11,-15,-447433.72,23.88184,0.7800000000279397,2.6063669999999988
446,12,0,-447433.16,24.592201,1.3400000000256114,3.3167279999999977
446,13,15,-447433.66,24.294106,0.8400000000256114,3.0186329999999977
446,14,30,-447434.12,23.79604,0.3800000000046566,2.520567
446,15,45,-447434.34,22.437983,0.1599999999743886,1.1625099999999975
446,16,60,-447434.06,21.679773,0.4400000000023283,0.4042999999999992
446,17,75,-447433.1,22.1225,1.400000000023283,0.8470269999999971
446,18,90,-447431.75,23.463293,2.75,2.1878199999999985
446,19,105,-447433.3,21.79249,1.2000000000116415,0.5170169999999992
446,20,120,-447434.22,21.275473,0.2800000000279397,0
446,21,135,-447434.5,21.96016,0,0.6846869999999967
446,22,150,-447434.25,23.211409,0.25,1.935935999999998
446,23,165,-447433.8,23.913546,0.7000000000116415,2.6380729999999986
446,24,180,-447433.22,24.622261,1.2800000000279397,3.346788
447,1,-165,-297013.16,-22.365398,0.0900000000256113,0.09401400000000137
447,2,-150,-297012.78,-22.459412,0.4699999999720603,0
447,3,-135,-297011.88,-22.194613,1.3699999999953434,0.264799
447,4,-120,-297010.44,-21.643404,2.809999999997672,0.8160080000000001
447,5,-105,-297008.9,-20.923325,4.349999999976717,1.536087000000002
447,6,-90,-297008.16,-20.121153,5.090000000025611,2.3382590000000008
447,7,-75,-297009,-20.210085,4.25,2.249327000000001
447,8,-60,-297010.53,-20.605572,2.7199999999720603,1.8538400000000017
447,9,-45,-297011.94,-20.757956,1.3099999999976717,1.7014560000000003
447,10,-30,-297012.88,-20.465778,0.3699999999953434,1.9936340000000001
447,11,-15,-297013.22,-19.855732,0.0300000000279396,2.6036800000000007
447,12,0,-297013.25,-19.502382,0,2.9570299999999996
447,13,15,-297013.22,-19.857492,0.0300000000279396,2.60192
447,14,30,-297012.88,-20.465881,0.3699999999953434,1.9935310000000008
447,15,45,-297011.94,-20.756886,1.3099999999976717,1.7025259999999989
447,16,60,-297010.53,-20.614813,2.7199999999720603,1.8445989999999988
447,17,75,-297009,-20.210089,4.25,2.2493230000000004
447,18,90,-297008.16,-20.126944,5.090000000025611,2.3324679999999987
447,19,105,-297008.9,-20.926964,4.349999999976717,1.5324479999999987
447,20,120,-297010.44,-21.643412,2.809999999997672,0.815999999999999
447,21,135,-297011.88,-22.19902,1.3699999999953434,0.2603919999999995
447,22,150,-297012.78,-22.45881,0.4699999999720603,0.0006020000000006576
447,23,165,-297013.16,-22.365398,0.0900000000256113,0.09401400000000137
447,24,180,-297013.22,-22.19999,0.0300000000279396,0.2594220000000007
448,1,-165,-358805.75,20.637037,1.2199999999720603,0.1940439999999981
448,2,-150,-358806.34,20.690926,0.629999999946449,0.24793299999999974
448,3,-135,-358806.75,20.908014,0.2199999999720603,0.46502100000000013
448,4,-120,-358806.94,21.187344,0.029999999969732,0.7443509999999982
448,5,-105,-358806.97,21.341288,0,0.8982949999999974
448,6,-90,-358806.8,21.237879,0.1699999999837018,0.7948859999999982
448,7,-75,-358806.56,20.846708,0.4099999999743886,0.40371499999999827
448,8,-60,-358806.16,20.476166,0.8099999999976717,0.0331729999999979
448,9,-45,-358805.47,20.442993,1.5,0
448,10,-30,-358804.47,28.545864,1.370000000053551,2.0000000020559128e-06
448,11,-15,-358803.4,21.586674,3.5699999999487773,1.1436809999999973
448,12,0,-358802.72,21.821936,4.25,1.3789429999999996
448,13,15,-358803.4,21.577276,3.5699999999487773,1.134283
448,14,30,-358804.47,28.545862,1.370000000053551,0
448,15,45,-358805.47,20.461102,1.5,0.018108999999999043
448,16,60,-358806.16,20.469164,0.8099999999976717,0.026170999999997946
448,17,75,-358806.56,20.845415,0.4099999999743886,0.40242199999999784
448,18,90,-358806.8,21.239515,0.1699999999837018,0.7965219999999995
448,19,105,-358806.97,21.337904,0,0.8949110000000005
448,20,120,-358806.94,21.184711,0.029999999969732,0.7417179999999988
448,21,135,-358806.75,20.908606,0.2199999999720603,0.4656129999999976
448,22,150,-358806.34,20.68437,0.629999999946449,0.24137699999999995
448,23,165,-358805.75,20.638561,1.2199999999720603,0.19556799999999797
448,24,180,-358805.06,20.605024,1.9099999999743889,0.16203099999999893
449,1,-165,-393426.53,-38.47373,0.629999999946449,2.923899999999996
449,2,-150,-393427.16,-40.85845,0,0.5391800000000018
449,3,-135,-393427.03,-41.367184,0.1299999999464489,0.030445999999997753
449,4,-120,-393426.34,-40.966167,0.8199999999487773,0.4314630000000008
449,5,-105,-393425.5,-40.290684,1.6599999999743886,1.1069460000000007
449,6,-90,-393425.1,-39.896908,2.059999999997672,1.5007219999999961
449,7,-75,-393425.47,-40.260143,1.6900000000023283,1.1374870000000001
449,8,-60,-393426.3,-40.963192,0.8599999999860302,0.4344380000000001
449,9,-45,-393427,-41.39763,0.1599999999743886,0
449,10,-30,-393427.16,-40.90953,0,0.48810000000000286
449,11,-15,-393426.6,-38.716015,0.5599999999976717,2.6816150000000007
449,12,0,-393425.94,-35.146515,1.2199999999720603,6.251114999999999
449,13,15,-393426.6,-38.716038,0.5599999999976717,2.681592000000002
449,14,30,-393427.16,-40.90953,0,0.48810000000000286
449,15,45,-393427,-41.397625,0.1599999999743886,5.000000001587068e-06
449,16,60,-393426.3,-40.963192,0.8599999999860302,0.4344380000000001
449,17,75,-393425.47,-40.26103,1.6900000000023283,1.1366000000000014
449,18,90,-393425.1,-39.898186,2.059999999997672,1.499443999999997
449,19,105,-393425.5,-40.30536,1.6599999999743886,1.0922699999999992
449,20,120,-393426.34,-40.965607,0.8199999999487773,0.43202300000000093
449,21,135,-393427.03,-41.367184,0.1299999999464489,0.030445999999997753
449,22,150,-393427.16,-40.85845,0,0.5391800000000018
449,23,165,-393426.53,-38.47373,0.629999999946449,2.923899999999996
449,24,180,-393425.94,-35.146202,1.2199999999720603,6.251427999999997
450,1,-165,-353005.78,16.593773,1.3399999999674037,4.568963999999999
450,2,-150,-353006.97,13.138192,0.150000000023283,1.1133830000000007
450,3,-135,-353007.1,12.024809,0.0200000000186264,0
450,4,-120,-353006.34,12.380865,0.779999999969732,0.3560560000000006
450,5,-105,-353005.34,13.178353,1.779999999969732,1.1535440000000001
450,6,-90,-353004.94,13.554688,2.179999999993015,1.529879000000001
450,7,-75,-353005.4,13.158412,1.7199999999720603,1.1336030000000008
450,8,-60,-353006.4,12.356361,0.7199999999720603,0.3315520000000003
450,9,-45,-353007.12,12.052402,0,0.02759300000000131
450,10,-30,-353006.9,13.319584,0.2199999999720603,1.2947750000000013
450,11,-15,-353005.72,16.8656,1.400000000023283,4.840791000000001
450,12,0,-353004.62,21.407885,2.5,9.383076
450,13,15,-353005.72,16.8656,1.400000000023283,4.840791000000001
450,14,30,-353006.9,13.319584,0.2199999999720603,1.2947750000000013
450,15,45,-353007.12,12.052402,0,0.02759300000000131
450,16,60,-353006.4,12.356361,0.7199999999720603,0.3315520000000003
450,17,75,-353005.4,13.158416,1.7199999999720603,1.1336070000000014
450,18,90,-353004.94,13.554172,2.179999999993015,1.529363
450,19,105,-353005.34,13.178352,1.779999999969732,1.1535430000000009
450,20,120,-353006.34,12.38085,0.779999999969732,0.35604100000000116
450,21,135,-353007.1,12.024809,0.0200000000186264,0
450,22,150,-353006.97,13.13819,0.150000000023283,1.1133810000000004
450,23,165,-353005.78,16.666067,1.3399999999674037,4.641258000000002
450,24,180,-353004.62,21.413445,2.5,9.388636
451,1,-165,-539333,-60.07732,4.560000000055879,3.7287800000000004
451,2,-150,-539335.56,-61.82383,2,1.9822699999999998
451,3,-135,-539336.6,-63.013187,0.9600000000791624,0.7929129999999986
451,4,-120,-539337.44,-63.8061,0.1200000001117587,0
451,5,-105,-539337.56,-63.623318,0,0.1827820000000031
451,6,-90,-539337.06,-63.026146,0.5,0.7799540000000036
451,7,-75,-539337.56,-63.63038,0,0.17571999999999832
451,8,-60,-539337.4,-63.757748,0.1600000000325963,0.04835200000000128
451,9,-45,-539336.5,-63.016277,1.0600000000558794,0.7898229999999984
451,10,-30,-539335.4,-61.63786,2.1600000000325963,2.1682399999999973
451,11,-15,-539332.9,-60.089035,4.660000000032596,3.717064999999998
451,12,0,-539332.56,-60.038357,5,3.767743000000003
451,13,15,-539332.9,-60.08905,4.660000000032596,3.7170500000000004
451,14,30,-539335.4,-61.64387,2.1600000000325963,2.162230000000001
451,15,45,-539336.5,-63.016277,1.0600000000558794,0.7898229999999984
451,16,60,-539337.4,-63.757748,0.1600000000325963,0.04835200000000128
451,17,75,-539337.56,-63.63038,0,0.17571999999999832
451,18,90,-539337.06,-63.03846,0.5,0.7676400000000001
451,19,105,-539337.56,-63.623318,0,0.1827820000000031
451,20,120,-539337.44,-63.806084,0.1200000001117587,1.6000000002236447e-05
451,21,135,-539336.6,-63.017715,0.9600000000791624,0.7883849999999981
451,22,150,-539335.56,-61.822517,2,1.983583000000003
451,23,165,-539333,-60.07012,4.560000000055879,3.735979999999998
451,24,180,-539332.56,-60.035027,5,3.7710730000000012
452,1,-165,-423605.5,-144.19244,0.1599999999743886,3.5393300000000067
452,2,-150,-423605.66,-145.21425,0,2.517520000000019
452,3,-135,-423605.34,-146.20296,0.3199999999487772,1.5288100000000213
452,4,-120,-423604.47,-146.92017,1.1900000000023283,0.8115999999999985
452,5,-105,-423603.4,-147.3805,2.2599999999511056,0.3512699999999995
452,6,-90,-423602.8,-147.72386,2.85999999998603,0.007910000000009632
452,7,-75,-423603.38,-147.454,2.279999999969732,0.27777000000000385
452,8,-60,-423604.44,-146.95319,1.2199999999720603,0.7785800000000052
452,9,-45,-423605.34,-146.20036,0.3199999999487772,1.5314100000000224
452,10,-30,-423605.66,-145.22932,0,2.5024500000000103
452,11,-15,-423605.5,-144.22403,0.1599999999743886,3.5077400000000125
452,12,0,-423605.28,-143.71327,0.3799999999464489,4.018500000000017
452,13,15,-423605.5,-144.22403,0.1599999999743886,3.5077400000000125
452,14,30,-423605.66,-145.22932,0,2.5024500000000103
452,15,45,-423605.34,-146.20036,0.3199999999487772,1.5314100000000224
452,16,60,-423604.44,-146.95319,1.2199999999720603,0.7785800000000052
452,17,75,-423603.38,-147.46031,2.279999999969732,0.2714600000000189
452,18,90,-423602.8,-147.73177,2.85999999998603,0
452,19,105,-423603.4,-147.37064,2.2599999999511056,0.36113000000000284
452,20,120,-423604.47,-146.92017,1.1900000000023283,0.8115999999999985
452,21,135,-423605.34,-146.20296,0.3199999999487772,1.5288100000000213
452,22,150,-423605.66,-145.21425,0,2.517520000000019
452,23,165,-423605.5,-144.19244,0.1599999999743886,3.5393300000000067
452,24,180,-423605.28,-143.7086,0.3799999999464489,4.023170000000022
453,1,-165,-362601.25,4.84591,0.0499999999883584,0
453,2,-150,-362600.56,5.770978,0.7399999999906868,0.9250680000000004
453,3,-135,-362599.62,6.9500837,1.679999999993015,2.1041737000000005
453,4,-120,-362599.38,7.803181,1.9199999999837016,2.9572710000000004
453,5,-105,-362600.22,6.992504,1.080000000016298,2.1465940000000003
453,6,-90,-362601.06,5.8461523,0.2399999999906867,1.0002423
453,7,-75,-362601.22,5.148881,0.0800000000162981,0.3029710000000003
453,8,-60,-362600.44,5.2778716,0.8599999999860302,0.43196160000000017
453,9,-45,-362598.84,6.448092,2.459999999962747,1.602182
453,10,-30,-362596.9,8.393171,4.399999999965075,3.5472610000000007
453,11,-15,-362595.25,10.301451,6.049999999988359,5.455541
453,12,0,-362594.4,11.357704,6.899999999965075,6.511794
453,13,15,-362595.25,10.303803,6.049999999988359,5.457893
453,14,30,-362596.9,8.395481,4.399999999965075,3.5495710000000003
453,15,45,-362598.84,6.4433208,2.459999999962747,1.5974108000000005
453,16,60,-362600.44,5.2773423,0.8599999999860302,0.4314323
453,17,75,-362601.22,5.14943,0.0800000000162981,0.3035199999999998
453,18,90,-362601.06,5.844212,0.2399999999906867,0.9983019999999998
453,19,105,-362600.22,6.988151,1.080000000016298,2.1422410000000003
453,20,120,-362599.38,7.804029,1.9199999999837016,2.958119
453,21,135,-362599.62,6.950164,1.679999999993015,2.104254
453,22,150,-362600.56,5.7856703,0.7399999999906868,0.9397602999999997
453,23,165,-362601.25,4.846036,0.0499999999883584,0.00012599999999984846
453,24,180,-362601.3,5.2583914,0,0.4124813999999999
454,1,-165,-323201.72,63.263153,0.400000000023283,1.3898960000000002
454,2,-150,-323201.22,63.106453,0.9000000000232831,1.2331959999999995
454,3,-135,-323199.75,63.297592,2.3699999999953434,1.4243349999999992
454,4,-120,-323195.66,64.62733,6.460000000020955,2.754072999999998
454,5,-105,-323195.9,64.87604,6.21999999997206,3.002783000000001
454,6,-90,-323197.1,64.375786,5.0200000000186265,2.5025290000000027
454,7,-75,-323198.88,63.380707,3.2399999999906868,1.5074499999999986
454,8,-60,-323200.47,-152.85901,9.23000000003958,2.6826499999999953
454,9,-45,-323201.47,61.873257,0.6500000000232831,0
454,10,-30,-323201.9,62.46939,0.2199999999720603,0.5961329999999947
454,11,-15,-323202.1,63.255405,0.0200000000186264,1.3821480000000008
454,12,0,-323202.1,62.891483,0.0200000000186264,1.0182259999999985
454,13,15,-323201.78,63.200768,0.3399999999674037,1.3275109999999941
454,14,30,-323201.62,62.903328,0.5,1.0300709999999995
454,15,45,-323201.06,62.925,1.0599999999976717,1.0517429999999948
454,16,60,-323199.66,63.94442,2.4600000000209548,2.0711629999999985
454,17,75,-323192.66,66.64857,9.460000000020957,4.775313000000004
454,18,90,-323194.38,65.87997,7.739999999990687,4.006712999999998
454,19,105,-323196.84,64.63134,5.279999999969732,2.758082999999992
454,20,120,-323199.22,63.3962,2.900000000023283,1.522942999999998
454,21,135,-323200.97,62.7082,1.150000000023283,0.8349429999999955
454,22,150,-323201.9,62.79557,0.2199999999720603,0.9223129999999955
454,23,165,-323202.12,63.25478,0,1.3815229999999943
454,24,180,-323201.75,62.99641,0.3699999999953434,1.123152999999995
455,1,-165,-445922.1,17.34702,12.78000000002794,22.240911
455,2,-150,-445928.06,3.520329,6.820000000006985,8.41422
455,3,-135,-445932.12,-2.4054987,2.760000000009313,2.4883923
455,4,-120,-445934.16,-4.559935,0.720000000030268,0.3339559999999997
455,5,-105,-445934.84,-4.893891,0.0399999999790452,0
455,6,-90,-445934.88,-4.6327724,0,0.26111859999999965
455,7,-75,-445934.47,-4.3744855,0.4100000000325963,0.5194055000000004
455,8,-60,-445933.47,-3.5833762,1.4100000000325963,1.3105148
455,9,-45,-445931.28,-1.1357269,3.599999999976717,3.7581641
455,10,-30,-445927.4,4.396467,7.479999999981373,9.290358000000001
455,11,-15,-445922.72,12.995611,12.160000000032596,17.889502
455,12,0,-445919.2,23.53016,15.679999999993017,28.424051
455,13,15,-445924.28,11.139818,10.599999999976715,16.033709
455,14,30,-445929.03,1.7914766,5.849999999976717,6.6853676
455,15,45,-445932.5,-2.9555016,2.3800000000046566,1.9383894000000002
455,16,60,-445934.28,-4.7017164,0.5999999999767169,0.19217460000000042
455,17,75,-445934.88,-4.887549,0,0.00634200000000007
455,18,90,-445934.88,-4.6124644,0,0.28142659999999964
455,19,105,-445934.4,-4.2702484,0.4799999999813735,0.6236426000000002
455,20,120,-445933.28,-3.1284878,1.599999999976717,1.7654032000000002
455,21,135,-445930.66,0.19917269,4.220000000030268,5.09306369
455,22,150,-445926.03,7.630822,8.849999999976717,12.524713
455,23,165,-445918.78,18.58826,16.099999999976717,23.482150999999998
455,24,180,-445916.84,32.449406,18.039999999979045,37.34329700000001
456,1,-165,-536672.2,6.2462974,0.5,0.05112740000000038
456,2,-150,-536670.75,6.19517,1.9499999999534336,0
456,3,-135,-536668.7,7.188335,4,0.9931650000000003
456,4,-120,-536666.25,9.143071,6.449999999953434,2.9479010000000008
456,5,-105,-536663.8,11.345435,8.899999999906868,5.150265
456,6,-90,-536662.3,13.230655,10.399999999906868,7.035485
456,7,-75,-536662.25,13.827604,10.449999999953434,7.632433999999999
456,8,-60,-536663.3,13.883631,9.399999999906868,7.688460999999999
456,9,-45,-536664.3,14.203475,8.399999999906868,8.008305
456,10,-30,-536664.5,15.664238,8.199999999953434,9.469068
456,11,-15,-536664.06,17.74481,8.639999999897555,11.54964
456,12,0,-536663.7,19.062845,9,12.867674999999998
456,13,15,-536664.06,17.744673,8.639999999897555,11.549502999999998
456,14,30,-536664.5,15.655431,8.199999999953434,9.460261
456,15,45,-536664.3,14.181579,8.399999999906868,7.986408999999999
456,16,60,-536663.3,13.880223,9.399999999906868,7.685053000000001
456,17,75,-536662.25,13.825744,10.449999999953434,7.630574
456,18,90,-536662.3,13.232934,10.399999999906868,7.037764
456,19,105,-536663.8,11.345435,8.899999999906868,5.150265
456,20,120,-536666.25,9.148715,6.449999999953434,2.953544999999999
456,21,135,-536668.7,7.1814384,4,0.9862684000000002
456,22,150,-536670.75,6.19517,1.9499999999534336,0
456,23,165,-536672.2,6.2453876,0.5,0.05021759999999986
456,24,180,-536672.7,6.3016915,0,0.10652149999999949
457,1,-165,-274982.66,-0.66200316,6.900000000023283,3.4364978399999995
457,2,-150,-274981.9,0.54432374,7.659999999974389,4.64282474
457,3,-135,-274981.03,1.711134,8.529999999969732,5.809635
457,4,-120,-274984.44,1.5473167,5.119999999995343,5.6458177
457,5,-105,-274986.6,-0.54250145,2.9600000000209548,3.5559995499999997
457,6,-90,-274988.5,-2.7126992,1.0599999999976717,1.3858017999999999
457,7,-75,-274989.56,-4.0985003,0,6.99999999298484e-07
457,8,-60,-274989,-3.9409714,0.5599999999976717,0.15752959999999971
457,9,-45,-274987.06,-2.4046211,2.5,1.6938798999999998
457,10,-30,-274982.34,-0.58927,7.21999999997206,3.5092309999999998
457,11,-15,-274983.2,0.4928644,6.35999999998603,4.5913654
457,12,0,-274983.28,0.86168915,6.279999999969732,4.96019015
457,13,15,-274983.2,0.49256614,6.35999999998603,4.59106714
457,14,30,-274982.34,-0.59577686,7.21999999997206,3.5027241399999998
457,15,45,-274987.06,-2.394477,2.5,1.7040239999999995
457,16,60,-274989,-3.951814,0.5599999999976717,0.14668699999999957
457,17,75,-274989.56,-4.098501,0,0
457,18,90,-274988.5,-2.7149045,1.0599999999976717,1.3835965
457,19,105,-274986.6,-0.53199285,2.9600000000209548,3.5665081499999998
457,20,120,-274984.44,1.5611342,5.119999999995343,5.659635199999999
457,21,135,-274981.03,1.7471241,8.529999999969732,5.8456250999999995
457,22,150,-274981.9,0.55947155,7.659999999974389,4.65797255
457,23,165,-274982.66,-0.69787574,6.900000000023283,3.40062526
457,24,180,-274982.8,-1.0375574,6.760000000009313,3.0609436
458,1,-165,-608569.6,-53.84523,2.099999999976717,2.6941380000000024
458,2,-150,-608571.1,-55.82693,0.5999999999767169,0.7124380000000059
458,3,-135,-608571.7,-56.539368,0,0
458,4,-120,-608571.4,-56.38977,0.2999999999301508,0.14959800000000456
458,5,-105,-608570.75,-55.924606,0.949999999953434,0.614762000000006
458,6,-90,-608570.4,-55.634827,1.2999999999301508,0.9045410000000018
458,7,-75,-608570.75,-55.952953,0.949999999953434,0.5864150000000024
458,8,-60,-608571.4,-56.413895,0.2999999999301508,0.1254730000000066
458,9,-45,-608571.7,-56.5267,0,0.012668000000005009
458,10,-30,-608571,-55.734936,0.6999999999534339,0.8044320000000056
458,11,-15,-608569.44,-53.570477,2.260000000009313,2.9688910000000064
458,12,0,-608567.56,-73.92683,6.379999999888241,3.5734139999999996
458,13,15,-608569.44,-53.570473,2.260000000009313,2.9688950000000034
458,14,30,-608571,-55.73385,0.6999999999534339,0.8055180000000064
458,15,45,-608571.7,-56.52663,0,0.012738000000005911
458,16,60,-608571.4,-56.413902,0.2999999999301508,0.12546600000000296
458,17,75,-608570.75,-55.95283,0.949999999953434,0.5865380000000044
458,18,90,-608570.4,-55.634914,1.2999999999301508,0.9044540000000012
458,19,105,-608570.75,-55.924606,0.949999999953434,0.614762000000006
458,20,120,-608571.4,-56.38977,0.2999999999301508,0.14959800000000456
458,21,135,-608571.7,-56.539368,0,0
458,22,150,-608571.1,-55.82694,0.5999999999767169,0.7124280000000027
458,23,165,-608569.6,-53.845222,2.099999999976717,2.6941460000000035
458,24,180,-608567.6,-74.30693,6.339999999967404,3.193314000000001
459,1,-165,-367218.6,-66.44676,1.7800000000279397,0.0005060000000014497
459,2,-150,-367218.5,-66.434654,1.8800000000046568,0.012612000000004286
459,3,-135,-367218.25,-66.14067,2.1300000000046566,0.306595999999999
459,4,-120,-367218.72,-65.67094,1.6600000000325963,0.7763259999999974
459,5,-105,-367219.38,-65.04587,1,1.4013960000000054
459,6,-90,-367220.03,-64.283485,0.3499999999767169,2.163781
459,7,-75,-367220.38,-63.735027,0,2.7122389999999967
459,8,-60,-367220.28,-63.045643,0.0999999999767169,3.4016230000000007
459,9,-45,-367219.5,-62.040943,0.8800000000046566,4.406323
459,10,-30,-367218.3,-60.864567,2.080000000016298,5.582698999999998
459,11,-15,-367217.12,-59.881634,3.260000000009313,6.565632000000001
459,12,0,-367216.5,-59.44022,3.8800000000046566,7.0070460000000026
459,13,15,-367217.12,-59.883217,3.260000000009313,6.564048999999997
459,14,30,-367218.3,-60.87291,2.080000000016298,5.574356000000002
459,15,45,-367219.5,-62.06509,0.8800000000046566,4.382176000000001
459,16,60,-367220.28,-63.043434,0.0999999999767169,3.4038320000000013
459,17,75,-367220.38,-63.734985,0,2.7122809999999973
459,18,90,-367220.03,-64.283485,0.3499999999767169,2.163781
459,19,105,-367219.38,-65.060585,1,1.3866809999999958
459,20,120,-367218.72,-65.66938,1.6600000000325963,0.7778859999999952
459,21,135,-367218.25,-66.083275,2.1300000000046566,0.3639909999999986
459,22,150,-367218.5,-66.436516,1.8800000000046568,0.010750000000001592
459,23,165,-367218.6,-66.447266,1.7800000000279397,0
459,24,180,-367218.28,-65.97254,2.099999999976717,0.474726000000004
460,1,-165,-467697.34,17.421196,0.7199999999720603,1.7287749999999988
460,2,-150,-467696.88,17.067148,1.179999999993015,1.374727
460,3,-135,-467696,17.138464,2.059999999997672,1.4460429999999995
460,4,-120,-467694.9,17.63147,3.1599999999743886,1.9390490000000007
460,5,-105,-467694.06,18.185904,4,2.4934830000000012
460,6,-90,-467693.97,18.206396,4.090000000025611,2.513975000000002
460,7,-75,-467694.78,17.456154,3.279999999969732,1.763733000000002
460,8,-60,-467696.03,16.379257,2.029999999969732,0.6868359999999996
460,9,-45,-467697.1,15.696392,0.9600000000209548,0.003970999999999947
460,10,-30,-467697.72,15.692421,0.3400000000256113,0
460,11,-15,-467698,16.099895,0.0599999999976716,0.40747400000000056
460,12,0,-467698.06,16.350786,0,0.6583649999999999
460,13,15,-467698,16.099895,0.0599999999976716,0.40747400000000056
460,14,30,-467697.72,15.692516,0.3400000000256113,9.499999999995623e-05
460,15,45,-467697.1,15.696392,0.9600000000209548,0.003970999999999947
460,16,60,-467696.03,16.379257,2.029999999969732,0.6868359999999996
460,17,75,-467694.78,17.462477,3.279999999969732,1.7700560000000003
460,18,90,-467693.97,18.206396,4.090000000025611,2.513975000000002
460,19,105,-467694.06,18.185907,4,2.4934860000000008
460,20,120,-467694.9,17.645403,3.1599999999743886,1.9529820000000022
460,21,135,-467696,17.138462,2.059999999997672,1.446041000000001
460,22,150,-467696.88,17.067142,1.179999999993015,1.374721000000001
460,23,165,-467697.34,17.421194,0.7199999999720603,1.7287730000000003
460,24,180,-467697.47,17.680355,0.5900000000256114,1.9879339999999992
461,1,-165,-417468.75,10.065801,0.8499999999767169,4.735429000000001
461,2,-150,-417469.44,7.592234,0.1599999999743886,2.2618620000000007
461,3,-135,-417469.56,6.0792446,0.0399999999790452,0.7488726000000003
461,4,-120,-417469.1,5.34807,0.5,0.017698000000000214
461,5,-105,-417469.03,6.4110036,0.5699999999487773,1.0806316000000002
461,6,-90,-417468.3,5.6794534,1.2999999999883585,0.3490814000000002
461,7,-75,-417469.16,6.3626986,0.4400000000023283,1.0323266000000002
461,8,-60,-417469.2,5.350911,0.3999999999650754,0.020539000000000307
461,9,-45,-417469.6,6.22002,0,0.8896480000000002
461,10,-30,-417469.4,8.035607,0.1999999999534338,2.705235000000001
461,11,-15,-417468.62,10.609443,0.9799999999813735,5.279071000000001
461,12,0,-417467.84,16.653877,1.7599999999511056,11.323505
461,13,15,-417468.62,10.597071,0.9799999999813735,5.266699
461,14,30,-417469.4,8.03691,0.1999999999534338,2.706538000000001
461,15,45,-417469.6,6.2206087,0,0.8902367
461,16,60,-417469.2,5.354332,0.3999999999650754,0.023960000000000647
461,17,75,-417469.16,6.3661833,0.4400000000023283,1.0358113000000007
461,18,90,-417468.38,5.8458405,1.2199999999720603,0.5154685000000008
461,19,105,-417469,6.345921,0.5999999999767169,1.015549
461,20,120,-417469.1,5.330372,0.5,0
461,21,135,-417469.56,6.0750017,0.0399999999790452,0.7446297
461,22,150,-417469.5,7.592214,0.0999999999767169,2.2618420000000006
461,23,165,-417468.72,9.832463,0.8800000000046566,4.502091000000001
461,24,180,-417467.84,15.869302,1.7599999999511056,10.53893
462,1,-165,-299391.1,18.617554,0.1000000000349246,0
462,2,-150,-299390.7,18.76998,0.5,0.15242600000000195
462,3,-135,-299389.78,19.327734,1.419999999983702,0.7101800000000011
462,4,-120,-299388.44,20.25147,2.760000000009313,1.6339160000000028
462,5,-105,-299387.1,21.19363,4.100000000034925,2.5760760000000005
462,6,-90,-299386.47,21.697649,4.730000000039581,3.080095
462,7,-75,-299387.1,21.376411,4.100000000034925,2.7588570000000026
462,8,-60,-299388.4,20.411049,2.7999999999883585,1.793495
462,9,-45,-299389.72,19.387476,1.4800000000395812,0.7699220000000011
462,10,-30,-299390.66,18.76865,0.5400000000372529,0.15109600000000256
462,11,-15,-299391.1,18.629705,0.1000000000349246,0.01215100000000291
462,12,0,-299391.2,18.646694,0,0.02914000000000172
462,13,15,-299391.1,18.629705,0.1000000000349246,0.01215100000000291
462,14,30,-299390.66,18.767246,0.5400000000372529,0.1496920000000017
462,15,45,-299389.72,19.39425,1.4800000000395812,0.7766960000000012
462,16,60,-299388.4,20.40511,2.7999999999883585,1.7875560000000021
462,17,75,-299387.1,21.376413,4.100000000034925,2.758859000000001
462,18,90,-299386.47,21.697649,4.730000000039581,3.080095
462,19,105,-299387.1,21.19362,4.100000000034925,2.576066000000001
462,20,120,-299388.44,20.279413,2.760000000009313,1.6618590000000033
462,21,135,-299389.78,19.326452,1.419999999983702,0.7088980000000014
462,22,150,-299390.7,18.772652,0.5,0.1550980000000024
462,23,165,-299391.1,18.617554,0.1000000000349246,0
462,24,180,-299391.2,18.646564,0,0.02901000000000309
463,1,-165,-444421.47,17.891006,3.330000000016298,9.604896
463,2,-150,-444423.78,11.429404,1.0199999999604188,3.143293999999999
463,3,-135,-444424.78,8.794979,0.0199999999604187,0.5088689999999989
463,4,-120,-444424.7,8.28611,0.0999999999767169,0
463,5,-105,-444424.2,8.793828,0.5999999999767169,0.5077179999999988
463,6,-90,-444423.88,9.16495,0.919999999983702,0.8788399999999985
463,7,-75,-444424.16,8.831039,0.6400000000139698,0.5449289999999998
463,8,-60,-444424.66,8.287396,0.1400000000139698,0.001285999999998566
463,9,-45,-444424.8,8.703224,0,0.41711399999999976
463,10,-30,-444423.9,11.194399,0.8999999999650754,2.908289
463,11,-15,-444421.75,16.847393,3.0499999999883585,8.561283
463,12,0,-444419.06,31.273598,5.739999999990687,22.987488
463,13,15,-444421.75,16.847395,3.0499999999883585,8.561284999999998
463,14,30,-444423.9,11.194401,0.8999999999650754,2.9082909999999984
463,15,45,-444424.8,8.71376,0,0.42764999999999986
463,16,60,-444424.66,8.287298,0.1400000000139698,0.0011879999999990787
463,17,75,-444424.16,8.8310375,0.6400000000139698,0.5449275
463,18,90,-444423.88,9.16495,0.919999999983702,0.8788399999999985
463,19,105,-444424.2,8.793828,0.5999999999767169,0.5077179999999988
463,20,120,-444424.7,8.28611,0.0999999999767169,0
463,21,135,-444424.78,8.799335,0.0199999999604187,0.5132249999999985
463,22,150,-444423.78,11.429402,1.0199999999604188,3.143291999999999
463,23,165,-444421.47,17.89315,3.330000000016298,9.607039999999998
463,24,180,-444419.06,31.264692,5.739999999990687,22.978582
464,1,-165,-403499.66,-104.65477,0.370000000053551,0.2727299999999957
464,2,-150,-403498.47,-104.82338,1.5600000000558794,0.10411999999999466
464,3,-135,-403496.6,-104.84409,3.4300000000512227,0.08341000000000065
464,4,-120,-403494.16,-104.56012,5.870000000053551,0.36737999999999715
464,5,-105,-403491.6,-103.83665,8.430000000051223,1.090849999999989
464,6,-90,-403489.72,-102.243256,10.31000000005588,2.6842439999999925
464,7,-75,-403491.66,-104.01291,8.370000000053551,0.9145899999999898
464,8,-60,-403494.28,-104.68072,5.75,0.2467800000000011
464,9,-45,-403496.72,-104.9275,3.31000000005588,0
464,10,-30,-403498.56,-104.836235,1.470000000030268,0.09126499999999282
464,11,-15,-403499.66,-104.64477,0.370000000053551,0.2827300000000008
464,12,0,-403500.03,-104.54492,0,0.38257999999999015
464,13,15,-403499.66,-104.64477,0.370000000053551,0.2827300000000008
464,14,30,-403498.56,-104.836235,1.470000000030268,0.09126499999999282
464,15,45,-403496.72,-104.926605,3.31000000005588,0.0008949999999998681
464,16,60,-403494.28,-104.68933,5.75,0.23816999999999666
464,17,75,-403491.66,-104.01446,8.370000000053551,0.9130399999999952
464,18,90,-403489.72,-102.247345,10.31000000005588,2.680154999999999
464,19,105,-403491.6,-103.82985,8.430000000051223,1.0976500000000016
464,20,120,-403494.16,-104.56012,5.870000000053551,0.36737999999999715
464,21,135,-403496.6,-104.84449,3.4300000000512227,0.08301000000000158
464,22,150,-403498.47,-104.81773,1.5600000000558794,0.10976999999999748
464,23,165,-403499.66,-104.64069,0.370000000053551,0.28680999999998846
464,24,180,-403500.03,-104.540504,0,0.38699599999999634
465,1,-165,-368868.8,72.871666,0.5800000000162981,0.4894560000000041
465,2,-150,-368868.94,72.93225,0.4400000000023283,0.5500399999999956
465,3,-135,-368868.94,73.27099,0.4400000000023283,0.888779999999997
465,4,-120,-368868.53,72.99755,0.8499999999767169,0.6153400000000033
465,5,-105,-368868.97,72.77471,0.4100000000325963,0.3924999999999983
465,6,-90,-368869.38,72.43827,0,0.05606000000000222
465,7,-75,-368869.38,72.38573,0,0.0035199999999946385
465,8,-60,-368869.16,72.4906,0.2200000000302679,0.10838999999999999
465,9,-45,-368868.34,73.276,1.0399999999790452,0.8937899999999956
465,10,-30,-368867.1,73.73663,2.28000000002794,1.3544200000000046
465,11,-15,-368865.7,74.2468,3.679999999993015,1.8645899999999926
465,12,0,-368864.66,74.93651,4.720000000030268,2.554299999999998
465,13,15,-368865.7,74.268135,3.679999999993015,1.8859250000000003
465,14,30,-368867.1,73.74393,2.28000000002794,1.3617200000000054
465,15,45,-368868.34,73.23689,1.0399999999790452,0.8546800000000019
465,16,60,-368869.16,72.501274,0.2200000000302679,0.11906399999999451
465,17,75,-368869.38,72.38221,0,0
465,18,90,-368869.38,72.44067,0,0.058459999999996626
465,19,105,-368868.97,72.78547,0.4100000000325963,0.40326000000000306
465,20,120,-368868.53,72.99755,0.8499999999767169,0.6153400000000033
465,21,135,-368868.94,73.261284,0.4400000000023283,0.8790740000000028
465,22,150,-368868.94,72.93063,0.4400000000023283,0.548419999999993
465,23,165,-368868.8,72.85485,0.5800000000162981,0.4726399999999984
465,24,180,-368869.25,72.85116,0.1300000000046566,0.46894999999999243
466,1,-165,-422004.8,17.98006,1.320000000006985,2.191029000000002
466,2,-150,-422004.4,18.509026,1.7199999999720603,2.719994999999999
466,3,-135,-422003.94,19.21434,2.179999999993015,3.4253090000000004
466,4,-120,-422004.22,18.784304,1.900000000023283,2.995272999999999
466,5,-105,-422004.75,18.151466,1.3699999999953434,2.3624349999999996
466,6,-90,-422004.2,17.15177,1.9199999999837016,1.3627389999999995
466,7,-75,-422004.3,-16.32983,1,0.8120329999999996
466,8,-60,-422004.97,17.088528,1.150000000023283,1.2994970000000006
466,9,-45,-422003.9,18.25518,2.2199999999720603,2.4661489999999997
466,10,-30,-422002.44,20.14577,3.679999999993015,4.356738999999999
466,11,-15,-422001.22,21.988272,4.900000000023283,6.199240999999999
466,12,0,-422000.72,22.880713,5.400000000023283,7.0916820000000005
466,13,15,-422000.97,22.585876,5.150000000023283,6.796844999999999
466,14,30,-422001.8,21.407335,4.320000000006985,5.618304
466,15,45,-422003.9,-16.675741,1.3999999999650754,0.46612200000000215
466,16,60,-422003.94,18.597874,2.179999999993015,2.8088430000000013
466,17,75,-422004.5,19.017176,1.6199999999953434,3.2281449999999996
466,18,90,-422005.5,17.59519,0.6199999999953434,1.8061589999999992
466,19,105,-422004.75,18.12665,1.3699999999953434,2.337619000000002
466,20,120,-422004.22,18.772713,1.900000000023283,2.983682
466,21,135,-422003.94,-15.920873,1.3599999999860302,1.2209900000000005
466,22,150,-422004.4,18.48853,1.7199999999720603,2.699499000000001
466,23,165,-422004.8,-16.273958,0.5,0.8679050000000004
466,24,180,-422006.12,15.789031,0,0
467,1,-165,-360957.25,2.732764,0,1.5728099
467,2,-150,-360957.16,2.3795702,0.0900000000256113,1.2196160999999999
467,3,-135,-360956.9,1.9619912,0.3499999999767169,0.8020371
467,4,-120,-360956.34,1.8037689,0.9099999999743886,0.6438147999999999
467,5,-105,-360956.06,2.6928134,1.1900000000023283,1.5328593
467,6,-90,-360956.72,2.6470618,0.5300000000279397,1.4871077
467,7,-75,-360957.06,2.3734298,0.1900000000023283,1.2134756999999998
467,8,-60,-360956.88,1.1599641,0.3699999999953434,1.0000000000065512e-05
467,9,-45,-360956.38,2.4572551,0.8699999999953434,1.2973009999999998
467,10,-30,-360955.2,4.58522,2.0499999999883585,3.4252658999999994
467,11,-15,-360953.9,6.574504,3.349999999976717,5.4145499
467,12,0,-360953,7.727488,4.25,6.5675339
467,13,15,-360953.9,6.5765796,3.349999999976717,5.416625499999999
467,14,30,-360955.2,4.5981812,2.0499999999883585,3.4382270999999998
467,15,45,-360956.38,2.4571676,0.8699999999953434,1.2972135
467,16,60,-360956.88,1.1599541,0.3699999999953434,0
467,17,75,-360957.06,2.371723,0.1900000000023283,1.2117688999999998
467,18,90,-360956.72,2.6891966,0.5300000000279397,1.5292424999999998
467,19,105,-360956.06,2.6928146,1.1900000000023283,1.5328605000000002
467,20,120,-360956.34,1.8084204,0.9099999999743886,0.6484662999999999
467,21,135,-360956.9,1.9600801,0.3499999999767169,0.8001260000000001
467,22,150,-360957.16,2.3781881,0.0900000000256113,1.218234
467,23,165,-360957.25,2.7327666,0,1.5728125000000002
467,24,180,-360957.1,3.0689487,0.150000000023283,1.9089946
468,1,-165,-296992.78,10.545732,0.1199999999953433,0.9603799999999989
468,2,-150,-296992.9,9.820091,0,0.23473899999999936
468,3,-135,-296992.5,9.587792,0.400000000023283,0.0024399999999999977
468,4,-120,-296991.66,9.816576,1.2400000000488944,0.2312239999999992
468,5,-105,-296990.72,10.259041,2.1800000000512227,0.6736889999999995
468,6,-90,-296990.3,10.46445,2.6000000000349246,0.879097999999999
468,7,-75,-296990.72,10.188935,2.1800000000512227,0.6035830000000004
468,8,-60,-296991.62,9.7676325,1.2800000000279397,0.18228049999999918
468,9,-45,-296992.5,9.5856085,0.400000000023283,0.00025649999999899364
468,10,-30,-296992.9,9.818443,0,0.23309099999999994
468,11,-15,-296992.78,10.526843,0.1199999999953433,0.9414909999999992
468,12,0,-296992.62,11.057335,0.2800000000279397,1.4719829999999998
468,13,15,-296992.78,10.526842,0.1199999999953433,0.9414899999999999
468,14,30,-296992.9,9.818444,0,0.2330919999999992
468,15,45,-296992.5,9.585352,0.400000000023283,0
468,16,60,-296991.62,9.767512,1.2800000000279397,0.18215999999999966
468,17,75,-296990.72,10.187543,2.1800000000512227,0.6021909999999995
468,18,90,-296990.3,10.464452,2.6000000000349246,0.8790999999999993
468,19,105,-296990.72,10.259041,2.1800000000512227,0.6736889999999995
468,20,120,-296991.66,9.816574,1.2400000000488944,0.23122199999999893
468,21,135,-296992.5,9.589343,0.400000000023283,0.00399099999999919
468,22,150,-296992.9,9.820091,0,0.23473899999999936
468,23,165,-296992.78,10.54573,0.1199999999953433,0.9603780000000004
468,24,180,-296992.62,11.056106,0.2800000000279397,1.4707539999999995
469,1,-165,-512144.6,15.0501175,0.0599999999976716,0.06570850000000128
469,2,-150,-512144.25,15.438047,0.4099999999743886,0.45363799999999976
469,3,-135,-512143.53,16.280931,1.129999999946449,1.2965219999999995
469,4,-120,-512142.4,17.463104,2.2599999999511056,2.478695000000002
469,5,-105,-512141.28,18.630627,3.379999999946449,3.646218000000001
469,6,-90,-512140.8,19.181583,3.85999999998603,4.197174
469,7,-75,-512141.28,18.631384,3.379999999946449,3.646975000000001
469,8,-60,-512142.44,17.48884,2.2199999999720603,2.5044310000000003
469,9,-45,-512143.56,16.291798,1.099999999976717,1.3073890000000006
469,10,-30,-512144.28,15.434457,0.3799999999464489,0.45004800000000067
469,11,-15,-512144.6,15.049981,0.0599999999976716,0.0655720000000013
469,12,0,-512144.66,14.984685,0,0.0002760000000012752
469,13,15,-512144.6,15.049977,0.0599999999976716,0.06556800000000074
469,14,30,-512144.28,15.433777,0.3799999999464489,0.44936799999999977
469,15,45,-512143.56,16.290447,1.099999999976717,1.306038000000001
469,16,60,-512142.44,17.4873,2.2199999999720603,2.5028910000000018
469,17,75,-512141.28,18.631384,3.379999999946449,3.646975000000001
469,18,90,-512140.8,19.181583,3.85999999998603,4.197174
469,19,105,-512141.28,18.630625,3.379999999946449,3.646215999999999
469,20,120,-512142.4,17.463106,2.2599999999511056,2.4786970000000004
469,21,135,-512143.53,16.284029,1.129999999946449,1.2996200000000009
469,22,150,-512144.25,15.4380455,0.4099999999743886,0.4536365
469,23,165,-512144.6,15.050116,0.0599999999976716,0.06570699999999974
469,24,180,-512144.66,14.984409,0,0
470,1,-165,-321679.6,7.309215,0.4300000000512227,0.13378800000000002
470,2,-150,-321679.7,7.5192537,0.3300000000162981,0.34382670000000015
470,3,-135,-321679.7,7.735927,0.3300000000162981,0.5605000000000002
470,4,-120,-321679.72,7.9557867,0.3100000000558793,0.7803597
470,5,-105,-321679.9,8.210893,0.1300000000046566,1.0354660000000004
470,6,-90,-321680.03,8.683924,0,1.5084969999999993
470,7,-75,-321679.88,9.334956,0.150000000023283,2.159529
470,8,-60,-321679.34,9.984632,0.6900000000023283,2.8092049999999995
470,9,-45,-321678.56,10.86309,1.470000000030268,3.6876629999999997
470,10,-30,-321677.66,11.515024,2.370000000053551,4.339597
470,11,-15,-321676.88,15.458939,0.2399999999906867,0
470,12,0,-321676.56,11.973433,3.470000000030268,4.798006
470,13,15,-321676.88,15.458961,0.2399999999906867,2.19999999995224e-05
470,14,30,-321677.66,11.516409,2.370000000053551,4.3409819999999995
470,15,45,-321678.56,10.865526,1.470000000030268,3.690098999999999
470,16,60,-321679.34,9.985047,0.6900000000023283,2.80962
470,17,75,-321679.88,9.336516,0.150000000023283,2.1610889999999996
470,18,90,-321680.03,8.684174,0,1.5087470000000005
470,19,105,-321679.9,8.211453,0.1300000000046566,1.0360260000000006
470,20,120,-321679.72,7.9494376,0.3100000000558793,0.7740106000000004
470,21,135,-321679.7,7.734266,0.3300000000162981,0.5588389999999999
470,22,150,-321679.7,7.517533,0.3300000000162981,0.34210600000000024
470,23,165,-321679.6,7.309211,0.4300000000512227,0.13378400000000035
470,24,180,-321679.5,7.175427,0.5300000000279397,0
471,1,-165,-454611.2,73.299065,0.4599999999627471,2.143285000000006
471,2,-150,-454610.6,72.32804,1.0599999999976717,1.1722600000000085
471,3,-135,-454609.7,72.06589,1.959999999962747,0.9101100000000031
471,4,-120,-454610.03,72.94098,1.629999999946449,1.7852000000000032
471,5,-105,-454608.25,72.68707,3.4099999999743886,1.5312900000000127
471,6,-90,-454607,72.74902,4.659999999974389,1.5932400000000086
471,7,-75,-454608.38,72.606834,3.279999999969732,1.4510540000000134
471,8,-60,-454610.1,72.04115,1.5599999999976717,0.8853700000000089
471,9,-45,-454609.84,72.21911,1.8199999999487773,1.0633300000000077
471,10,-30,-454610.66,72.12086,1,0.9650800000000004
471,11,-15,-454611.22,73.493,0.4400000000023283,2.337220000000002
471,12,0,-454611.66,77.204575,0,6.048795000000013
471,13,15,-454611.22,73.493004,0.4400000000023283,2.337224000000006
471,14,30,-454610.7,72.44393,0.9599999999627472,1.2881500000000017
471,15,45,-454609.84,72.197365,1.8199999999487773,1.041585000000012
471,16,60,-454610.12,72.57917,1.5399999999790452,1.423390000000012
471,17,75,-454608.38,72.6813,3.279999999969732,1.5255200000000002
471,18,90,-454607,72.736496,4.659999999974389,1.5807160000000096
471,19,105,-454608.25,72.70814,3.4099999999743886,1.5523600000000073
471,20,120,-454610.03,73.01122,1.629999999946449,1.8554400000000015
471,21,135,-454609.7,72.07877,1.959999999962747,0.9229900000000129
471,22,150,-454610.56,71.15578,1.099999999976717,0
471,23,165,-454611.2,73.34038,0.4599999999627471,2.184600000000003
471,24,180,-454611.66,77.141396,0,5.985616000000007
472,1,-165,-453586.5,-51.092037,0.2000000000116415,0.17201299999999975
472,2,-150,-453585.94,-50.57475,0.7600000000093132,0.6892999999999958
472,3,-135,-453584.84,-49.620193,1.8599999999860304,1.643856999999997
472,4,-120,-453583.34,-48.347816,3.35999999998603,2.9162339999999958
472,5,-105,-453582.03,-47.199688,4.669999999983702,4.064361999999996
472,6,-90,-453581.47,-46.78014,5.230000000039581,4.4839099999999945
472,7,-75,-453582,-47.374615,4.7000000000116415,3.889434999999999
472,8,-60,-453583.34,-48.5349,3.35999999998603,2.729149999999997
472,9,-45,-453584.78,-49.671703,1.9199999999837016,1.5923469999999966
472,10,-30,-453585.84,-50.491333,0.8599999999860302,0.7727170000000001
472,11,-15,-453586.38,-50.94706,0.3200000000069849,0.316989999999997
472,12,0,-453586.53,-51.1051,0.1699999999837018,0.15894999999999726
472,13,15,-453586.4,-51.047558,0.2999999999883584,0.21649199999999524
472,14,30,-453585.88,-50.692886,0.8200000000069849,0.571163999999996
472,15,45,-453584.84,-49.95181,1.8599999999860304,1.3122399999999956
472,16,60,-453583.4,-48.888313,3.2999999999883585,2.375737000000001
472,17,75,-453582.1,-47.7874,4.600000000034925,3.4766499999999994
472,18,90,-453581.56,-47.227177,5.14000000001397,4.036873
472,19,105,-453582.12,-47.648182,4.580000000016298,3.615867999999999
472,20,120,-453583.47,-48.75732,3.230000000039581,2.5067299999999975
472,21,135,-453584.9,-49.952488,1.7999999999883585,1.311561999999995
472,22,150,-453586,-50.811802,0.7000000000116415,0.4522479999999973
472,23,165,-453586.53,-51.21431,0.1699999999837018,0.049739999999999895
472,24,180,-453586.7,-51.26405,0,0
473,1,-165,-372666.88,11.945322,0.279999999969732,1.2778150000000004
473,2,-150,-372667.12,11.508153,0.0399999999790452,0.8406459999999996
473,3,-135,-372667.16,11.34866,0,0.6811530000000001
473,4,-120,-372667.12,11.431953,0.0399999999790452,0.7644459999999995
473,5,-105,-372667.1,11.594931,0.0599999999976716,0.9274240000000002
473,6,-90,-372667.06,11.606079,0.0999999999767169,0.9385719999999989
473,7,-75,-372666.84,11.4941435,0.3199999999487772,0.8266364999999993
473,8,-60,-372666.06,11.651574,1.099999999976717,0.9840669999999996
473,9,-45,-372664.72,12.558775,2.4400000000023283,1.8912680000000002
473,10,-30,-372663.03,14.107914,4.129999999946449,3.4404069999999987
473,11,-15,-372661.4,15.601703,5.759999999951106,4.934196
473,12,0,-372660.7,16.037977,6.459999999962747,5.370470000000001
473,13,15,-372661.5,15.231811,5.659999999974389,4.564304
473,14,30,-372663.06,13.557651,4.099999999976717,2.8901439999999994
473,15,45,-372664.7,11.912903,2.459999999962747,1.2453959999999995
473,16,60,-372665.94,10.93106,1.2199999999720603,0.2635529999999999
473,17,75,-372666.7,10.707787,0.4599999999627471,0.040279999999999205
473,18,90,-372666.9,10.797823,0.2599999999511055,0.13031599999999877
473,19,105,-372666.9,10.79708,0.2599999999511055,0.12957299999999883
473,20,120,-372666.97,10.679937,0.1900000000023283,0.012430000000000163
473,21,135,-372667.03,10.667507,0.1299999999464489,0
473,22,150,-372667.03,10.967986,0.1299999999464489,0.3004789999999993
473,23,165,-372666.84,11.585236,0.3199999999487772,0.9177289999999996
473,24,180,-372666.66,12.275927,0.5,1.6084199999999989
474,1,-165,-431143.1,-44.803886,0.2000000000116415,0.056366000000004135
474,2,-150,-431142.4,-44.860252,0.8999999999650754,0
474,3,-135,-431141.38,-44.446053,1.9199999999837016,0.41419900000000354
474,4,-120,-431140.25,-43.502968,3.0499999999883585,1.357284
474,5,-105,-431139.4,-42.49256,3.8999999999650754,2.3676920000000052
474,6,-90,-431139.2,-41.96426,4.099999999976717,2.8959919999999997
474,7,-75,-431139.75,-42.251495,3.5499999999883585,2.608757000000004
474,8,-60,-431140.75,-42.996292,2.5499999999883585,1.8639600000000058
474,9,-45,-431141.62,-43.59988,1.679999999993015,1.2603720000000038
474,10,-30,-431142.1,-43.665154,1.2000000000116415,1.1950980000000015
474,11,-15,-431142.2,-43.497185,1.099999999976717,1.363067000000001
474,12,0,-431141.97,-43.03565,1.330000000016298,1.8246020000000058
474,13,15,-431142.2,-43.49657,1.099999999976717,1.3636820000000043
474,14,30,-431142.1,-43.728336,1.2000000000116415,1.131916000000004
474,15,45,-431141.62,-43.594654,1.679999999993015,1.2655980000000042
474,16,60,-431140.75,-43.00218,2.5499999999883585,1.858072
474,17,75,-431139.75,-42.251743,3.5499999999883585,2.608509000000005
474,18,90,-431139.2,-41.960518,4.099999999976717,2.8997340000000023
474,19,105,-431139.4,-42.490433,3.8999999999650754,2.3698189999999997
474,20,120,-431140.25,-43.504555,3.0499999999883585,1.3556969999999993
474,21,135,-431141.38,-44.43943,1.9199999999837016,0.42082200000000114
474,22,150,-431142.38,-44.85537,0.919999999983702,0.004882000000002051
474,23,165,-431143.1,-44.8118,0.2000000000116415,0.0484520000000046
474,24,180,-431143.3,-44.690334,0,0.16991800000000268
475,1,-165,-272486.28,-188.14935,0.6199999999953434,0.04305999999999699
475,2,-150,-272484.6,-188.04172,2.300000000046566,0.15068999999999733
475,3,-135,-272482.38,-187.81744,4.5200000000186265,0.3749699999999905
475,4,-120,-272480.3,-187.35837,6.600000000034925,0.8340399999999875
475,5,-105,-272478.78,-187.22487,8.119999999995343,0.9675399999999854
475,6,-90,-272478.22,-187.12842,8.680000000051223,1.0639899999999898
475,7,-75,-272478.94,-187.16168,7.960000000020955,1.0307300000000055
475,8,-60,-272480.6,-187.26111,6.300000000046566,0.9312999999999931
475,9,-45,-272482.66,-187.724,4.240000000048894,0.46841000000000577
475,10,-30,-272484.75,-188.0536,2.150000000023283,0.13881000000000654
475,11,-15,-272486.34,-188.15157,0.5599999999976717,0.040840000000002874
475,12,0,-272486.9,-188.18771,0,0.0046999999999854936
475,13,15,-272486.34,-188.14822,0.5599999999976717,0.044189999999986185
475,14,30,-272484.75,-188.05815,2.150000000023283,0.1342599999999834
475,15,45,-272482.66,-187.72469,4.240000000048894,0.4677199999999857
475,16,60,-272480.6,-187.25314,6.300000000046566,0.9392699999999934
475,17,75,-272478.94,-187.16171,7.960000000020955,1.030699999999996
475,18,90,-272478.22,-187.12842,8.680000000051223,1.0639899999999898
475,19,105,-272478.78,-187.22437,8.119999999995343,0.968040000000002
475,20,120,-272480.3,-187.35837,6.600000000034925,0.8340399999999875
475,21,135,-272482.38,-187.8224,4.5200000000186265,0.3700100000000077
475,22,150,-272484.6,-188.04039,2.300000000046566,0.15201999999999316
475,23,165,-272486.28,-188.14934,0.6199999999953434,0.043070000000000164
475,24,180,-272486.9,-188.19241,0,0
476,1,-165,-598505.44,18.977003,1.2600000000093132,5.488892
476,2,-150,-598506.4,15.78737,0.2999999999301508,2.2992589999999993
476,3,-135,-598506.44,14.167158,0.2600000000093132,0.6790470000000006
476,4,-120,-598505.94,13.736596,0.7600000000093132,0.2484850000000005
476,5,-105,-598505.44,13.911392,1.2600000000093132,0.42328099999999935
476,6,-90,-598505.3,14.020587,1.3999999999068675,0.5324760000000008
476,7,-75,-598505.8,13.741397,0.8999999999068677,0.25328599999999923
476,8,-60,-598506.56,13.488111,0.1399999998975545,0
476,9,-45,-598506.7,14.248828,0,0.7607169999999996
476,10,-30,-598506.06,16.403849,0.6399999998975545,2.915738000000001
476,11,-15,-598504.8,20.02523,1.899999999906868,6.537119000000001
476,12,0,-598504,22.939526,2.699999999953434,9.451415
476,13,15,-598504.8,20.025232,1.899999999906868,6.537120999999999
476,14,30,-598506.06,16.403847,0.6399999998975545,2.915735999999999
476,15,45,-598506.7,14.248828,0,0.7607169999999996
476,16,60,-598506.56,13.490288,0.1399999998975545,0.0021769999999996514
476,17,75,-598505.8,13.741397,0.8999999999068677,0.25328599999999923
476,18,90,-598505.3,14.020587,1.3999999999068675,0.5324760000000008
476,19,105,-598505.44,13.911392,1.2600000000093132,0.42328099999999935
476,20,120,-598505.94,13.725754,0.7600000000093132,0.23764300000000027
476,21,135,-598506.44,14.162602,0.2600000000093132,0.6744909999999997
476,22,150,-598506.4,15.787366,0.2999999999301508,2.2992550000000005
476,23,165,-598505.44,18.979565,1.2600000000093132,5.491454000000001
476,24,180,-598503.7,24.548206,3,11.060095
477,1,-165,-311616.9,33.908443,0.0399999999790452,2.762362999999997
477,2,-150,-311616.94,32.060303,0,0.9142229999999962
477,3,-135,-311616.4,31.167448,0.5399999999790452,0.021367999999998943
477,4,-120,-311615.3,31.249237,1.6400000000139698,0.1031569999999995
477,5,-105,-311614.3,31.575388,2.64000000001397,0.4293079999999989
477,6,-90,-311613.9,31.640963,3.039999999979045,0.49488299999999796
477,7,-75,-311614.34,31.438604,2.599999999976717,0.29252400000000023
477,8,-60,-311615.3,31.14608,1.6400000000139698,0
477,9,-45,-311616.38,31.176416,0.5599999999976717,0.030335999999998364
477,10,-30,-311616.94,32.018482,0,0.8724019999999975
477,11,-15,-311616.9,33.811493,0.0399999999790452,2.6654129999999974
477,12,0,-311616.72,35.13328,0.2200000000302679,3.987199999999998
477,13,15,-311616.9,33.811493,0.0399999999790452,2.6654129999999974
477,14,30,-311616.94,32.018482,0,0.8724019999999975
477,15,45,-311616.38,31.176422,0.5599999999976717,0.030341999999997427
477,16,60,-311615.3,31.163649,1.6400000000139698,0.01756899999999817
477,17,75,-311614.34,31.434155,2.599999999976717,0.2880749999999992
477,18,90,-311613.9,31.641031,3.039999999979045,0.49495100000000036
477,19,105,-311614.3,31.575388,2.64000000001397,0.4293079999999989
477,20,120,-311615.3,31.243088,1.6400000000139698,0.09700799999999887
477,21,135,-311616.4,31.167452,0.5399999999790452,0.021371999999999503
477,22,150,-311616.94,32.060303,0,0.9142229999999962
477,23,165,-311616.9,33.908447,0.0399999999790452,2.762367000000001
477,24,180,-311616.72,35.135437,0.2200000000302679,3.989357000000002
478,1,-165,-418838.3,11.836964,1.1400000000139698,6.346919
478,2,-150,-418839.4,8.357175,0.0399999999790452,2.8671299999999995
478,3,-135,-418839.44,6.670801,0,1.1807559999999997
478,4,-120,-418838.7,6.248346,0.7399999999906868,0.7583009999999994
478,5,-105,-418837.8,6.269247,1.6400000000139698,0.7792019999999997
478,6,-90,-418837.34,5.490047,2.099999999976717,1.9999999993913775e-06
478,7,-75,-418837.8,6.2758946,1.6400000000139698,0.7858495999999997
478,8,-60,-418838.66,6.228071,0.7800000000279397,0.7380259999999996
478,9,-45,-418839.4,6.6307983,0.0399999999790452,1.1407533
478,10,-30,-418839.44,8.291909,0,2.801864
478,11,-15,-418838.3,11.726523,1.1400000000139698,6.236478
478,12,0,-418836.28,16.637302,3.1599999999743886,11.147256999999998
478,13,15,-418838.3,11.7320175,1.1400000000139698,6.241972499999999
478,14,30,-418839.44,8.292885,0,2.8028399999999998
478,15,45,-418839.4,6.6262074,0.0399999999790452,1.1361624
478,16,60,-418838.66,6.2265606,0.7800000000279397,0.7365155999999997
478,17,75,-418837.8,6.281598,1.6400000000139698,0.7915529999999995
478,18,90,-418837.34,5.490045,2.099999999976717,0
478,19,105,-418837.8,6.2889366,1.6400000000139698,0.7988916000000001
478,20,120,-418838.7,6.2498336,0.7399999999906868,0.7597885999999994
478,21,135,-418839.44,6.6679163,0,1.1778712999999996
478,22,150,-418839.4,8.35718,0.0399999999790452,2.8671349999999993
478,23,165,-418838.3,11.82886,1.1400000000139698,6.338815
478,24,180,-418836.34,16.650578,3.099999999976717,11.160533
479,1,-165,-372673.84,-21.303768,0,0.24700799999999745
479,2,-150,-372673.4,-21.517595,0.4400000000023283,0.03318099999999902
479,3,-135,-372672.72,-21.550774,1.120000000053551,1.999999998503199e-06
479,4,-120,-372671.97,-21.415955,1.870000000053551,0.13482099999999875
479,5,-105,-372671.38,-21.245167,2.4600000000209548,0.30560900000000046
479,6,-90,-372670.97,-38.87176,0.25,1.8880499999999998
479,7,-75,-372670.62,-21.24287,3.220000000030268,0.3079059999999991
479,8,-60,-372670,-20.872738,3.8400000000256114,0.6780380000000008
479,9,-45,-372668.94,-19.708817,4.900000000023283,1.8419589999999992
479,10,-30,-372667.56,-17.941647,6.28000000002794,3.6091289999999994
479,11,-15,-372666.22,-16.214779,7.620000000053551,5.335996999999999
479,12,0,-372665.6,-15.513359,8.240000000048894,6.037417
479,13,15,-372666.22,-16.21434,7.620000000053551,5.336435999999999
479,14,30,-372667.56,-17.901459,6.28000000002794,3.649317
479,15,45,-372668.94,-19.702847,4.900000000023283,1.8479290000000006
479,16,60,-372670,-20.880083,3.8400000000256114,0.670693
479,17,75,-372670.62,-21.242498,3.220000000030268,0.30827799999999783
479,18,90,-372670.97,-38.87309,0.25,1.886720000000004
479,19,105,-372671.38,-21.246952,2.4600000000209548,0.30382399999999876
479,20,120,-372671.97,-21.41221,1.870000000053551,0.1385659999999973
479,21,135,-372672.72,-21.550776,1.120000000053551,0
479,22,150,-372673.4,-21.517227,0.4400000000023283,0.03354900000000072
479,23,165,-372673.84,-21.301983,0,0.24879299999999915
479,24,180,-372673.84,-21.029514,0,0.5212620000000001
480,1,-165,-382608.8,-166.22318,0.3200000000069849,0.7284999999999968
480,2,-150,-382607.53,-165.73709,1.5899999999674037,1.2145900000000154
480,3,-135,-382605.22,-164.62721,3.900000000023283,2.3244700000000194
480,4,-120,-382594.34,-157.09338,14.779999999969732,9.858300000000014
480,5,-105,-382595.78,-158.7043,13.339999999967404,8.247380000000021
480,6,-90,-382597.9,-160.72134,11.21999999997206,6.230340000000012
480,7,-75,-382600.3,-162.83461,8.820000000006985,4.117070000000012
480,8,-60,-382602.5,-164.30965,6.619999999995343,2.6420300000000054
480,9,-45,-382604.22,-165.28766,4.900000000023283,1.664020000000022
480,10,-30,-382605.28,-165.84944,3.839999999967404,1.1022400000000232
480,11,-15,-382605.75,-166.19794,3.3699999999953434,0.7537400000000218
480,12,0,-382605.75,-166.65219,3.3699999999953434,0.29949000000002
480,13,15,-382605.47,-166.95168,3.650000000023283,0
480,14,30,-382604.47,-165.24297,4.650000000023283,1.7087099999999964
480,15,45,-382603.4,-165.00041,5.71999999997206,1.9512700000000223
480,16,60,-382601.84,-164.64784,7.279999999969732,2.303840000000008
480,17,75,-382599.72,-163.10458,9.400000000023285,3.8471000000000117
480,18,90,-382597.28,-161.04694,11.839999999967404,5.904740000000004
480,19,105,-382595.2,-158.97206,13.919999999983702,7.979620000000011
480,20,120,-382593.88,-157.5153,15.239999999990689,9.436380000000014
480,21,135,-382602.94,-161.02621,6.179999999993015,5.9254700000000184
480,22,150,-382604.44,-160.68256,4.679999999993015,6.269120000000015
480,23,165,-382605.97,-162.63023,3.150000000023283,4.321449999999999
480,24,180,-382609.12,-166.29008,0,0.6616000000000213
481,1,-165,-607114.6,10.925831,2.839999999967404,0.5593780000000006
481,2,-150,-607115.2,10.910093,2.2399999999906868,0.5436399999999999
481,3,-135,-607116,10.766625,1.4399999999441206,0.40017199999999953
481,4,-120,-607116.8,10.548531,0.6399999998975545,0.18207800000000063
481,5,-105,-607117.3,10.443331,0.1399999998975545,0.07687800000000067
481,6,-90,-607117.44,10.494502,0,0.12804900000000075
481,7,-75,-607117.2,10.370458,0.2399999999906867,0.00400499999999937
481,8,-60,-607116.56,10.371434,0.8799999998882413,0.00498100000000079
481,9,-45,-607115.8,10.602738,1.6399999998975543,0.23628500000000052
481,10,-30,-607115.06,10.8248005,2.3799999998882413,0.45834750000000035
481,11,-15,-607114.56,10.885947,2.8799999998882413,0.5194939999999999
481,12,0,-607114.3,10.853107,3.1399999998975545,0.4866539999999997
481,13,15,-607114.56,10.885947,2.8799999998882413,0.5194939999999999
481,14,30,-607115.06,10.8248005,2.3799999998882413,0.45834750000000035
481,15,45,-607115.8,10.602739,1.6399999998975543,0.23628599999999977
481,16,60,-607116.56,10.366453,0.8799999998882413,0
481,17,75,-607117.2,10.370459,0.2399999999906867,0.004006000000000398
481,18,90,-607117.44,10.494503,0,0.12805
481,19,105,-607117.3,10.443331,0.1399999998975545,0.07687800000000067
481,20,120,-607116.8,10.548611,0.6399999998975545,0.18215799999999938
481,21,135,-607116,10.766624,1.4399999999441206,0.4001710000000003
481,22,150,-607115.2,10.910094,2.2399999999906868,0.5436410000000009
481,23,165,-607114.6,10.925831,2.839999999967404,0.5593780000000006
481,24,180,-607114.3,10.852903,3.1399999998975545,0.4864499999999996
482,1,-165,-444520.22,-24.96177,4.580000000016298,7.987539999999996
482,2,-150,-444524.8,-30.079666,0,2.8696439999999974
482,3,-135,-444524.2,-32.16933,0.5999999999767169,0.7799799999999948
482,4,-120,-444524.38,-32.927013,0.4199999999837018,0.022296999999994682
482,5,-105,-444523.94,-32.786217,0.8599999999860302,0.16309299999999638
482,6,-90,-444523.62,-32.66077,1.179999999993015,0.2885399999999976
482,7,-75,-444523.88,-32.813835,0.919999999983702,0.13547499999999957
482,8,-60,-444524.34,-32.94931,0.4599999999627471,0
482,9,-45,-444524.25,-32.184464,0.5499999999883585,0.7648459999999986
482,10,-30,-444522.9,-29.553457,1.8999999999650756,3.3958529999999953
482,11,-15,-444520.38,-24.51038,4.419999999983702,8.438929999999996
482,12,0,-444519.1,-16.679283,5.7000000000116415,16.270026999999995
482,13,15,-444520.38,-24.482153,4.419999999983702,8.467156999999997
482,14,30,-444522.9,-29.555792,1.8999999999650756,3.3935179999999967
482,15,45,-444524.25,-32.19294,0.5499999999883585,0.7563699999999969
482,16,60,-444524.34,-32.94866,0.4599999999627471,0.0006500000000002615
482,17,75,-444523.88,-32.81233,0.919999999983702,0.1369799999999941
482,18,90,-444523.62,-32.66077,1.179999999993015,0.2885399999999976
482,19,105,-444523.94,-32.801086,0.8599999999860302,0.14822399999999902
482,20,120,-444524.38,-32.926613,0.4199999999837018,0.02269699999999375
482,21,135,-444524.2,-32.167645,0.5999999999767169,0.7816649999999967
482,22,150,-444522.88,-29.74966,1.9199999999837016,3.1996499999999983
482,23,165,-444520.22,-24.970667,4.580000000016298,7.978642999999998
482,24,180,-444518.97,-16.71279,5.830000000016298,16.23652
483,1,-165,-392771.75,12.757227,0,1.1774655000000003
483,2,-150,-392771.16,16.940752,0.5900000000256114,5.3609905
483,3,-135,-392770.12,23.511667,1.6300000000046566,11.9319055
483,4,-120,-392768.84,31.432158,2.9099999999743886,19.8523965
483,5,-105,-392767.72,39.375637,4.03000000002794,27.795875499999998
483,6,-90,-392767.22,43.631622,4.53000000002794,32.051860500000004
483,7,-75,-392767.7,40.438362,4.049999999988359,28.858600499999998
483,8,-60,-392768.7,33.61825,3.0499999999883585,22.038488500000003
483,9,-45,-392769.7,26.512465,2.0499999999883585,14.932703499999999
483,10,-30,-392770.34,20.351803,1.4099999999743886,8.7720415
483,11,-15,-392770.62,15.955175,1.1300000000046566,4.3754135000000005
483,12,0,-392770.72,14.199938,1.0300000000279397,2.6201764999999995
483,13,15,-392770.72,15.749002,1.0300000000279397,4.169240500000001
483,14,30,-392770.4,20.037537,1.349999999976717,8.4577755
483,15,45,-392769.72,26.246836,2.03000000002794,14.667074499999998
483,16,60,-392768.72,33.495335,3.03000000002794,21.915573499999997
483,17,75,-392767.72,40.42287,4.03000000002794,28.843108500000003
483,18,90,-392767.25,43.581936,4.5,32.002174499999995
483,19,105,-392767.62,39.84999,4.130000000004657,28.270228499999998
483,20,120,-392768.5,32.606667,3.25,21.0269055
483,21,135,-392769.56,24.960796,2.1900000000023283,13.381034499999998
483,22,150,-392770.53,18.33587,1.2199999999720603,6.7561085
483,23,165,-392771.3,13.559786,0.4500000000116415,1.9800245000000007
483,24,180,-392771.75,11.5797615,0,0
484,1,-165,-407284.97,-66.078285,0.3300000000162981,0.15574500000001024
484,2,-150,-407283.9,-65.433784,1.3999999999650754,0.8002460000000013
484,3,-135,-407282.12,-64.07626,3.179999999993015,2.1577699999999993
484,4,-120,-407279.94,-62.214657,5.35999999998603,4.019373000000002
484,5,-105,-407278,-60.4758,7.2999999999883585,5.758230000000005
484,6,-90,-407277.16,-59.749588,8.14000000001397,6.484442000000001
484,7,-75,-407277.97,-60.486816,7.330000000016298,5.747214000000007
484,8,-60,-407279.94,-62.197742,5.35999999998603,4.036288000000006
484,9,-45,-407282.12,-64.04483,3.179999999993015,2.1891999999999996
484,10,-30,-407283.9,-65.39966,1.3999999999650754,0.8343700000000069
484,11,-15,-407284.97,-66.073235,0.3300000000162981,0.16079500000000735
484,12,0,-407285.3,-66.22827,0,0.005760000000009313
484,13,15,-407284.97,-66.07324,0.3300000000162981,0.16079000000000576
484,14,30,-407283.9,-65.40782,1.3999999999650754,0.8262100000000032
484,15,45,-407282.12,-64.04211,3.179999999993015,2.1919200000000103
484,16,60,-407279.94,-62.19539,5.35999999998603,4.038640000000001
484,17,75,-407277.97,-60.485283,7.330000000016298,5.748747000000002
484,18,90,-407277.16,-59.750195,8.14000000001397,6.483835000000006
484,19,105,-407278,-60.473293,7.2999999999883585,5.760737000000006
484,20,120,-407279.94,-62.206898,5.35999999998603,4.027132000000002
484,21,135,-407282.12,-64.07626,3.179999999993015,2.1577699999999993
484,22,150,-407283.9,-65.43379,1.3999999999650754,0.8002400000000023
484,23,165,-407284.97,-66.08184,0.3300000000162981,0.1521900000000045
484,24,180,-407285.3,-66.23403,0,0
485,1,-165,-540199.1,-24.877293,5.150000000023283,4.635196999999998
485,2,-150,-540200,-23.879921,4.25,5.632569
485,3,-135,-540200.06,-21.597067,4.189999999944121,7.9154230000000005
485,4,-120,-540199.7,-18.666935,4.550000000046566,10.845555000000001
485,5,-105,-540199.3,-16.56431,4.949999999953434,12.94818
485,6,-90,-540199.75,-17.416681,4.5,12.095809
485,7,-75,-540201.25,-21.283436,3,8.229054000000001
485,8,-60,-540203,-25.108622,1.25,4.403867999999999
485,9,-45,-540204.06,-28.005064,0.1899999999441206,1.5074259999999988
485,10,-30,-540204.25,-29.497814,0,0.014675999999997913
485,11,-15,-540203.75,-29.24413,0.5,0.26836000000000126
485,12,0,-540202.8,-27.197134,1.449999999953434,2.3153560000000013
485,13,15,-540203.75,-29.220505,0.5,0.2919850000000004
485,14,30,-540204.25,-29.51249,0,0
485,15,45,-540204.06,-28.01265,0.1899999999441206,1.499839999999999
485,16,60,-540203,-25.09459,1.25,4.4178999999999995
485,17,75,-540201.25,-21.28337,3,8.229119999999998
485,18,90,-540199.75,-17.41456,4.5,12.097929999999998
485,19,105,-540199.3,-16.569029,4.949999999953434,12.943461
485,20,120,-540199.7,-18.663486,4.550000000046566,10.849004
485,21,135,-540200.06,-21.602392,4.189999999944121,7.910098000000001
485,22,150,-540200,-23.87898,4.25,5.633510000000001
485,23,165,-540199.1,-24.851057,5.150000000023283,4.661432999999999
485,24,180,-540197.7,-24.676533,6.550000000046566,4.8359570000000005
486,1,-165,-382130,48.872086,15.75,17.091673000000004
486,2,-150,-382131.22,46.468372,14.53000000002794,14.687959000000003
486,3,-135,-382131.66,44.85094,14.090000000025611,13.070527000000002
486,4,-120,-382131.44,43.60343,14.309999999997672,11.823017000000004
486,5,-105,-382131.1,42.427986,14.650000000023285,10.647572999999998
486,6,-90,-382131.6,40.943966,14.150000000023285,9.163553000000004
486,7,-75,-382133.5,39.135593,12.25,7.355180000000001
486,8,-60,-382136.6,37.10519,9.150000000023285,5.324777000000001
486,9,-45,-382140.1,35.123875,5.650000000023283,3.343461999999999
486,10,-30,-382143.1,33.378754,2.650000000023283,1.5983410000000013
486,11,-15,-382145.06,32.216114,0.6900000000023283,0.4357009999999981
486,12,0,-382145.75,31.780413,0,0
486,13,15,-382145.06,32.216717,0.6900000000023283,0.43630400000000336
486,14,30,-382143.1,33.380505,2.650000000023283,1.600092
486,15,45,-382140.1,35.117382,5.650000000023283,3.336969
486,16,60,-382136.6,37.09473,9.150000000023285,5.314316999999999
486,17,75,-382133.5,39.104992,12.25,7.3245790000000035
486,18,90,-382131.6,40.93559,14.150000000023285,9.155176999999998
486,19,105,-382131.1,42.423355,14.650000000023285,10.642942000000001
486,20,120,-382131.44,43.606857,14.309999999997672,11.826443999999999
486,21,135,-382131.66,44.850727,14.090000000025611,13.070314
486,22,150,-382131.22,46.456367,14.53000000002794,14.675954
486,23,165,-382130,48.872086,15.75,17.091673000000004
486,24,180,-382128,51.73319,17.75,19.952777
487,1,-165,-488504.94,64.29558,1.179999999993015,3.1301369999999977
487,2,-150,-488504.88,63.96424,1.2399999999906868,2.7987969999999933
487,3,-135,-488504.38,64.27682,1.7399999999906868,3.1113769999999974
487,4,-120,-488503.62,64.86316,2.5,3.69771699999999
487,5,-105,-488503.12,65.56161,3,4.396166999999998
487,6,-90,-488502.8,66.220406,3.320000000006985,5.054962999999994
487,7,-75,-488504,64.71366,2.1199999999953434,3.548217000000001
487,8,-60,-488505.38,63.27607,0.7399999999906868,2.110626999999994
487,9,-45,-488506.12,62.04571,0,0.8802669999999964
487,10,-30,-488503.56,63.458004,2.559999999997672,2.292560999999999
487,11,-15,-488504.12,62.41639,2,1.2509469999999965
487,12,0,-488504.8,61.618904,1.320000000006985,0.4534609999999972
487,13,15,-488505.56,61.165443,0.5599999999976717,0
487,14,30,-488506.06,61.27627,0.0599999999976716,0.11082699999999335
487,15,45,-488506.12,62.031124,0,0.865680999999995
487,16,60,-488505.38,63.273407,0.7399999999906868,2.1079639999999955
487,17,75,-488504,64.73403,2.1199999999953434,3.568587000000001
487,18,90,-488500.16,66.9558,5.960000000020955,5.790356999999993
487,19,105,-488503.12,65.56792,3,4.4024769999999975
487,20,120,-488503.62,64.86214,2.5,3.6966969999999932
487,21,135,-488504.38,64.27685,1.7399999999906868,3.1114069999999927
487,22,150,-488503.28,64.80672,2.839999999967404,3.641276999999995
487,23,165,-488502.88,66.31417,3.2399999999906868,5.148727000000001
487,24,180,-488504.28,65.185585,1.839999999967404,4.020142
488,1,-165,-371154.5,23.551567,0.75,3.4718439999999973
488,2,-150,-371153.28,26.915003,1.9699999999720603,6.835279999999997
488,3,-135,-371152.3,27.392084,2.950000000011641,7.312360999999999
488,4,-120,-371153.56,23.945978,1.6900000000023283,3.866254999999999
488,5,-105,-371154.3,23.138054,0.9500000000116416,3.058330999999999
488,6,-90,-371154.3,23.064089,0.9500000000116416,2.984365999999998
488,7,-75,-371153.6,23.280321,1.650000000023283,3.2005979999999994
488,8,-60,-371152.28,23.473696,2.9699999999720603,3.393972999999999
488,9,-45,-371153.62,23.548897,1.6300000000046566,3.469173999999999
488,10,-30,-371154.3,23.132666,0.9500000000116416,3.052942999999999
488,11,-15,-371154.3,23.048214,0.9500000000116416,2.968491
488,12,0,-371153.6,23.611193,1.650000000023283,3.5314699999999988
488,13,15,-371152.2,27.237373,3.0499999999883585,7.15765
488,14,30,-371153.1,27.338753,2.150000000023283,7.259029999999999
488,15,45,-371154.4,24.07864,0.8499999999767169,3.9989169999999987
488,16,60,-371155.22,21.595387,0.0300000000279396,1.5156639999999975
488,17,75,-371155.25,20.474205,0,0.394482
488,18,90,-371154.3,20.079723,0.9500000000116416,0
488,19,105,-371152.97,20.743391,2.28000000002794,0.6636679999999977
488,20,120,-371151.47,22.169668,3.78000000002794,2.089945
488,21,135,-371152.8,21.025888,2.450000000011641,0.946164999999997
488,22,150,-371154.25,20.235916,1,0.15619299999999825
488,23,165,-371155.22,20.53272,0.0300000000279396,0.45299699999999987
488,24,180,-371155.25,21.524586,0,1.444862999999998
489,1,-165,-604752.4,55.642475,0.1600000000325963,7.999999994012796e-06
489,2,-150,-604751.7,55.72821,0.8600000001024455,0.08574299999999369
489,3,-135,-604750.7,56.550625,1.8600000001024453,0.9081579999999931
489,4,-120,-604749.44,57.953648,3.1200000001117587,2.3111809999999977
489,5,-105,-604748.3,59.34778,4.260000000009313,3.7053129999999967
489,6,-90,-604747.8,60.04964,4.760000000009313,4.407172999999993
489,7,-75,-604748.3,59.334793,4.260000000009313,3.6923259999999942
489,8,-60,-604749.5,57.94871,3.06000000005588,2.306242999999995
489,9,-45,-604750.8,56.555103,1.7600000000093132,0.9126359999999991
489,10,-30,-604751.75,55.734856,0.8100000000558794,0.09238899999999717
489,11,-15,-604752.4,55.657997,0.1600000000325963,0.015529999999998267
489,12,0,-604752.56,55.78553,0,0.14306299999999794
489,13,15,-604752.4,55.657997,0.1600000000325963,0.015529999999998267
489,14,30,-604751.75,55.734856,0.8100000000558794,0.09238899999999717
489,15,45,-604750.8,56.555103,1.7600000000093132,0.9126359999999991
489,16,60,-604749.5,57.949024,3.06000000005588,2.306556999999998
489,17,75,-604748.3,59.334793,4.260000000009313,3.6923259999999942
489,18,90,-604747.8,60.04964,4.760000000009313,4.407172999999993
489,19,105,-604748.3,59.361423,4.260000000009313,3.7189559999999986
489,20,120,-604749.44,57.953648,3.1200000001117587,2.3111809999999977
489,21,135,-604750.7,56.553078,1.8600000001024453,0.9106109999999958
489,22,150,-604751.7,55.72821,0.8600000001024455,0.08574299999999369
489,23,165,-604752.4,55.642467,0.1600000000325963,0
489,24,180,-604752.56,55.78292,0,0.14045299999999372
490,1,-165,-324092.38,16.138294,0.3200000000069849,0.2222899999999992
490,2,-150,-324091.4,16.876253,1.2999999999883585,0.9602489999999992
490,3,-135,-324089.88,18.07858,2.820000000006985,2.1625759999999996
490,4,-120,-324088,19.61771,4.7000000000116415,3.7017059999999997
490,5,-105,-324086.2,21.063587,6.5,5.147582999999999
490,6,-90,-324085.4,21.760283,7.2999999999883585,5.844279000000002
490,7,-75,-324086.16,21.102547,6.540000000037253,5.186543000000002
490,8,-60,-324087.88,19.63383,4.820000000006985,3.7178260000000005
490,9,-45,-324089.78,18.086994,2.919999999983702,2.1709900000000015
490,10,-30,-324091.38,16.861643,1.320000000006985,0.9456390000000017
490,11,-15,-324092.34,16.14915,0.3599999999860301,0.23314599999999963
490,12,0,-324092.7,15.920543,0,0.004539000000001181
490,13,15,-324092.34,16.14915,0.3599999999860301,0.23314599999999963
490,14,30,-324091.38,16.861647,1.320000000006985,0.9456430000000022
490,15,45,-324089.78,18.08699,2.919999999983702,2.170986000000001
490,16,60,-324087.88,19.633827,4.820000000006985,3.717823000000001
490,17,75,-324086.16,21.102547,6.540000000037253,5.186543000000002
490,18,90,-324085.4,21.760279,7.2999999999883585,5.844275000000001
490,19,105,-324086.2,21.065912,6.5,5.149908000000002
490,20,120,-324088,19.617537,4.7000000000116415,3.7015329999999995
490,21,135,-324089.88,18.07858,2.820000000006985,2.1625759999999996
490,22,150,-324091.4,16.876253,1.2999999999883585,0.9602489999999992
490,23,165,-324092.38,16.138294,0.3200000000069849,0.2222899999999992
490,24,180,-324092.7,15.916004,0,0
491,1,-165,-393540.06,2.7150788,0.1599999999743886,1.3869204000000002
491,2,-150,-393539.34,7.0877357,0.879999999946449,5.7595773
491,3,-135,-393538.2,13.745788,2.019999999960419,12.4176296
491,4,-120,-393536.8,21.817266,3.419999999983702,20.4891076
491,5,-105,-393535.7,29.59656,4.519999999960419,28.2684016
491,6,-90,-393535.25,33.52111,4.96999999997206,32.1929516
491,7,-75,-393535.8,30.006285,4.419999999983702,28.6781266
491,8,-60,-393536.9,23.014174,3.3199999999487773,21.6860156
491,9,-45,-393537.94,15.912149,2.279999999969732,14.5839906
491,10,-30,-393538.6,9.793828,1.6199999999953434,8.4656696
491,11,-15,-393538.84,5.339416,1.379999999946449,4.0112576
491,12,0,-393538.94,3.4037344,1.279999999969732,2.075576
491,13,15,-393538.94,5.255994,1.279999999969732,3.9278356000000003
491,14,30,-393538.66,9.604691,1.5599999999976717,8.276532600000001
491,15,45,-393537.94,15.84807,2.279999999969732,14.5199116
491,16,60,-393536.9,22.94812,3.3199999999487773,21.6199616
491,17,75,-393535.88,29.905058,4.339999999967404,28.5768996
491,18,90,-393535.38,33.192326,4.839999999967404,31.864167600000002
491,19,105,-393535.75,29.433683,4.46999999997206,28.1055246
491,20,120,-393536.72,22.16162,3.5,20.8334616
491,21,135,-393537.9,14.5035515,2.3199999999487773,13.1753931
491,22,150,-393539,7.8195553,1.2199999999720603,6.4913969
491,23,165,-393539.8,3.135849,0.4199999999837018,1.8076906
491,24,180,-393540.22,1.3281584,0,0
492,1,-165,-445919.25,67.77474,0.4500000000116415,1.4750650000000007
492,2,-150,-445918.53,68.14364,1.169999999983702,1.8439650000000114
492,3,-135,-445917.47,68.186905,2.230000000039581,1.8872300000000024
492,4,-120,-445915.94,68.381516,3.760000000009313,2.0818410000000114
492,5,-105,-445914.34,68.521736,5.35999999998603,2.2220610000000107
492,6,-90,-445913.56,68.29062,6.14000000001397,1.9909450000000106
492,7,-75,-445914.16,67.82097,5.540000000037253,1.5212950000000092
492,8,-60,-445915.75,67.17936,3.9500000000116415,0.8796850000000092
492,9,-45,-445917.56,66.57501,2.14000000001397,0.27533500000001254
492,10,-30,-445918.97,66.299675,0.7300000000395812,0
492,11,-15,-445919.66,66.51125,0.0400000000372529,0.2115750000000105
492,12,0,-445919.7,67.09554,0,0.7958650000000063
492,13,15,-445919.28,67.80365,0.4199999999837018,1.5039750000000112
492,14,30,-445918.6,68.18271,1.1000000000349246,1.8830350000000067
492,15,45,-445917.6,68.246254,2.1000000000349246,1.9465789999999998
492,16,60,-445916.12,68.4955,3.580000000016298,2.1958250000000135
492,17,75,-445914.56,68.67463,5.14000000001397,2.374955
492,18,90,-445913.56,68.32034,6.14000000001397,2.020665000000008
492,19,105,-445914.12,67.816055,5.580000000016298,1.5163800000000123
492,20,120,-445915.72,67.26598,3.980000000039581,0.9663050000000055
492,21,135,-445917.56,66.691345,2.14000000001397,0.39167000000000485
492,22,150,-445918.97,66.37347,0.7300000000395812,0.07379500000000405
492,23,165,-445919.66,66.53948,0.0400000000372529,0.23980500000000404
492,24,180,-445919.7,67.086105,0,0.78643000000001
493,1,-165,-418214.56,11.617711,1.0599999999976717,0.4502100000000002
493,2,-150,-418213.97,12.481436,1.650000000023283,1.3139350000000007
493,3,-135,-418212.28,15.133846,3.339999999967404,3.9663450000000005
493,4,-120,-418213.38,14.08408,2.2399999999906868,2.9165790000000005
493,5,-105,-418214.47,13.290812,1.150000000023283,2.123311000000001
493,6,-90,-418215.4,12.427904,0.2199999999720603,1.2604030000000002
493,7,-75,-418215.4,11.572725,0.2199999999720603,0.4052240000000005
493,8,-60,-418214.72,11.170771,0.9000000000232831,0.0032700000000005502
493,9,-45,-418213.44,11.88684,2.179999999993015,0.7193389999999997
493,10,-30,-418211.75,13.523556,3.869999999995344,2.3560549999999996
493,11,-15,-418210.22,15.256225,5.400000000023283,4.088724000000001
493,12,0,-418209.2,16.30899,6.419999999983702,5.141489000000002
493,13,15,-418210.22,15.255057,5.400000000023283,4.087556000000001
493,14,30,-418211.75,13.527241,3.869999999995344,2.3597400000000004
493,15,45,-418213.44,11.86655,2.179999999993015,0.6990490000000005
493,16,60,-418214.72,11.167501,0.9000000000232831,0
493,17,75,-418215.62,11.922647,0,0.7551459999999999
493,18,90,-418215.4,12.426226,0.2199999999720603,1.258725
493,19,105,-418214.5,13.269104,1.1199999999953434,2.1016030000000008
493,20,120,-418213.38,14.084107,2.2399999999906868,2.916606
493,21,135,-418212.28,15.135218,3.339999999967404,3.9677170000000004
493,22,150,-418213.97,12.485131,1.650000000023283,1.3176300000000012
493,23,165,-418214.56,11.627478,1.0599999999976717,0.4599770000000003
493,24,180,-418214.94,11.314659,0.6799999999930151,0.147158000000001
494,1,-165,-332500.66,38.21367,0.620000000053551,0.06499600000000072
494,2,-150,-332501.12,38.973446,0.1600000000325963,0.824772000000003
494,3,-135,-332501.28,40.563713,0,2.415039
494,4,-120,-332501.06,42.689533,0.2200000000302679,4.5408589999999975
494,5,-105,-332500.66,44.978794,0.620000000053551,6.830120000000001
494,6,-90,-332500.38,46.36108,0.9000000000232831,8.212406000000001
494,7,-75,-332500.6,45.279648,0.6800000000512227,7.130974000000002
494,8,-60,-332501,43.027607,0.2800000000279397,4.8789330000000035
494,9,-45,-332501.28,40.883793,0,2.7351189999999974
494,10,-30,-332501.16,39.264977,0.120000000053551,1.116303000000002
494,11,-15,-332500.72,38.34671,0.5600000000558794,0.19803600000000188
494,12,0,-332500.28,38.148674,1,0
494,13,15,-332500.72,38.35373,0.5600000000558794,0.20505599999999902
494,14,30,-332501.16,39.2687,0.120000000053551,1.1200260000000029
494,15,45,-332501.28,40.883797,0,2.7351230000000015
494,16,60,-332501,43.027954,0.2800000000279397,4.879280000000001
494,17,75,-332500.6,45.28241,0.6800000000512227,7.133735999999999
494,18,90,-332500.38,46.36103,0.9000000000232831,8.212356
494,19,105,-332500.66,44.98544,0.620000000053551,6.836765999999997
494,20,120,-332501.06,42.692722,0.2200000000302679,4.544048000000004
494,21,135,-332501.28,40.563465,0,2.414791000000001
494,22,150,-332501.12,38.973446,0.1600000000325963,0.824772000000003
494,23,165,-332500.66,38.216373,0.620000000053551,0.06769899999999751
494,24,180,-332500.28,38.154705,1,0.00603100000000012
495,1,-165,-297991,44.029778,2.1199999999953434,2.7483640000000022
495,2,-150,-297990.53,48.789074,2.589999999967404,7.507660000000001
495,3,-135,-297989.7,55.575623,3.419999999983702,14.294209000000002
495,4,-120,-297988.56,63.353855,4.559999999997672,22.072441000000005
495,5,-105,-297987.47,70.49318,5.650000000023283,29.211765999999997
495,6,-90,-297986.97,73.817825,6.150000000023283,32.536411
495,7,-75,-297987.5,69.91857,5.619999999995343,28.637156000000004
495,8,-60,-297988.84,62.012947,4.279999999969732,20.731533
495,9,-45,-297990.47,53.993828,2.650000000023283,12.712414000000003
495,10,-30,-297991.88,47.318222,1.2399999999906868,6.036808000000001
495,11,-15,-297992.78,42.830635,0.3399999999674037,1.5492210000000028
495,12,0,-297993.12,41.281414,0,0
495,13,15,-297992.78,42.841335,0.3399999999674037,1.5599210000000028
495,14,30,-297991.88,47.31822,1.2399999999906868,6.036805999999999
495,15,45,-297990.47,53.99778,2.650000000023283,12.716366
495,16,60,-297988.84,62.012955,4.279999999969732,20.731541
495,17,75,-297987.5,69.93738,5.619999999995343,28.655966000000006
495,18,90,-297986.97,73.817825,6.150000000023283,32.536411
495,19,105,-297987.47,70.48455,5.650000000023283,29.203136
495,20,120,-297988.56,63.354004,4.559999999997672,22.072590000000005
495,21,135,-297989.7,55.575623,3.419999999983702,14.294209000000002
495,22,150,-297990.53,48.78907,2.589999999967404,7.507656000000004
495,23,165,-297991,44.02977,2.1199999999953434,2.748356000000001
495,24,180,-297991.16,42.23033,1.9600000000209548,0.9489160000000041
496,1,-165,-341802,80.3621,0.25,0.10001499999999908
496,2,-150,-341801.2,80.84356,1.0499999999883585,0.5814749999999975
496,3,-135,-341799.78,82.13297,2.4699999999720603,1.8708850000000012
496,4,-120,-341797.88,83.73544,4.369999999995343,3.473354999999998
496,5,-105,-341795.72,-58.286495,9.720000000030268,2.7299310000000006
496,6,-90,-341794.16,87.10479,8.090000000025611,6.842704999999995
496,7,-75,-341793.7,87.859505,8.549999999988358,7.59742
496,8,-60,-341794.03,88.0923,8.21999999997206,7.8302149999999955
496,9,-45,-341794.4,88.47579,7.849999999976717,8.213705000000004
496,10,-30,-341794.28,89.345116,7.96999999997206,9.083031000000005
496,11,-15,-341793.56,90.79578,8.690000000002328,10.533694999999994
496,12,0,-341793,91.946686,9.25,11.684601
496,13,15,-341793.56,90.79578,8.690000000002328,10.533694999999994
496,14,30,-341794.28,89.34511,7.96999999997206,9.083025000000006
496,15,45,-341794.4,88.47462,7.849999999976717,8.212535000000003
496,16,60,-341794.03,88.09116,8.21999999997206,7.829075000000003
496,17,75,-341793.7,87.85988,8.549999999988358,7.597795000000005
496,18,90,-341794.16,87.10212,8.090000000025611,6.840035
496,19,105,-341795.72,-58.29089,9.720000000030268,2.7255360000000053
496,20,120,-341797.84,83.7264,4.409999999974389,3.464314999999999
496,21,135,-341799.78,82.13066,2.4699999999720603,1.868575000000007
496,22,150,-341801.2,80.83998,1.0499999999883585,0.577894999999998
496,23,165,-341802,80.3621,0.25,0.10001499999999908
496,24,180,-341802.25,80.262085,0,0
497,1,-165,-512153.94,-93.63356,0.4600000000209547,0.2509599999999921
497,2,-150,-512152.56,-92.96347,1.8400000000256116,0.9210499999999939
497,3,-135,-512150.5,30.453815,7.53000000002794,7.721772999999999
497,4,-120,-512148.2,-90.42176,6.2000000000116415,3.4627599999999887
497,5,-105,-512146.25,-89.02411,8.150000000023283,4.860410000000002
497,6,-90,-512145.5,-88.53613,8.900000000023283,5.348389999999995
497,7,-75,-512146.28,-89.27102,8.119999999995343,4.613500000000002
497,8,-60,-512148.2,-90.68231,6.2000000000116415,3.202209999999994
497,9,-45,-512150.53,-92.03247,3.869999999995344,1.8520499999999913
497,10,-30,-512152.56,-93.027756,1.8400000000256116,0.8567639999999983
497,11,-15,-512153.94,-93.65612,0.4600000000209547,0.2283999999999935
497,12,0,-512154.4,-93.88452,0,0
497,13,15,-512153.94,-93.65612,0.4600000000209547,0.2283999999999935
497,14,30,-512152.56,-93.027756,1.8400000000256116,0.8567639999999983
497,15,45,-512150.53,-92.03247,3.869999999995344,1.8520499999999913
497,16,60,-512148.2,-90.68231,6.2000000000116415,3.202209999999994
497,17,75,-512146.28,-89.27095,8.119999999995343,4.613569999999996
497,18,90,-512145.5,-88.53613,8.900000000023283,5.348389999999995
497,19,105,-512146.25,-89.02354,8.150000000023283,4.860979999999998
497,20,120,-512148.2,-90.423386,6.2000000000116415,3.4611340000000013
497,21,135,-512150.5,30.465101,7.53000000002794,7.733059000000001
497,22,150,-512152.56,-92.964066,1.8400000000256116,0.9204539999999923
497,23,165,-512153.94,-93.63356,0.4600000000209547,0.2509599999999921
497,24,180,-512154.4,-93.88057,0,0.003949999999989018
498,1,-165,-148009.2,13.611084,0.9599999999918508,2.0890760000000004
498,2,-150,-148009.6,13.402877,0.5599999999976717,1.8808690000000006
498,3,-135,-148009.98,12.973886,0.179999999993015,1.4518780000000007
498,4,-120,-148010.16,12.465847,0,0.9438390000000005
498,5,-105,-148010.02,12.012867,0.1400000000139698,0.4908590000000004
498,6,-90,-148009.61,11.619968,0.5500000000174623,0.09796000000000049
498,7,-75,-148008.95,11.522626,1.209999999991851,0.0006180000000011177
498,8,-60,-148007.88,12.30889,2.279999999998836,0.7868820000000003
498,9,-45,-148006.56,13.976183,3.6000000000058208,2.454175000000001
498,10,-30,-148006,16.250835,4.1600000000034925,4.728826999999999
498,11,-15,-148006.22,16.389938,3.940000000002328,4.867930000000001
498,12,0,-148005.5,15.844491,4.6600000000034925,4.322483
498,13,15,-148006.22,16.395414,3.940000000002328,4.873405999999999
498,14,30,-148006,16.249378,4.1600000000034925,4.7273700000000005
498,15,45,-148006.2,13.902878,3.959999999991851,2.38087
498,16,60,-148007.88,12.308891,2.279999999998836,0.7868829999999996
498,17,75,-148008.95,11.522008,1.209999999991851,0
498,18,90,-148009.61,11.6199665,0.5500000000174623,0.09795850000000073
498,19,105,-148010.02,12.012868,0.1400000000139698,0.49085999999999963
498,20,120,-148010.16,12.465846,0,0.9438380000000013
498,21,135,-148009.98,12.973886,0.179999999993015,1.4518780000000007
498,22,150,-148009.6,13.402877,0.5599999999976717,1.8808690000000006
498,23,165,-148009.2,13.611085,0.9599999999918508,2.0890769999999996
498,24,180,-148009.05,13.654965,1.110000000015134,2.132957000000001
499,1,-165,-395071.66,-13.163289,2.400000000023283,1.6251719999999992
499,2,-150,-395072.72,-13.839619,1.3400000000256114,0.9488419999999991
499,3,-135,-395073.4,-14.2969265,0.6599999999743886,0.4915345000000002
499,4,-120,-395073.75,-14.143944,0.3099999999976717,0.6445170000000005
499,5,-105,-395073.66,-13.474212,0.400000000023283,1.3142490000000002
499,6,-90,-395073.22,-12.874361,0.8400000000256114,1.9140999999999995
499,7,-75,-395072.6,-12.326443,1.4600000000209548,2.4620180000000005
499,8,-60,-395071.9,-11.905436,2.1599999999743886,2.883025
499,9,-45,-395071.25,-11.55877,2.809999999997672,3.229690999999999
499,10,-30,-395070.62,-11.271192,3.4400000000023283,3.5172690000000006
499,11,-15,-395070.22,-11.022584,3.8400000000256114,3.7658769999999997
499,12,0,-395070.16,-10.785806,3.900000000023283,4.002655000000001
499,13,15,-395070.47,-10.461489,3.590000000025612,4.326972
499,14,30,-395070.78,-10.051572,3.279999999969732,4.736889
499,15,45,-395071.8,-11.24337,2.260000000009313,3.5450909999999993
499,16,60,-395072.6,-11.780246,1.4600000000209548,3.008215
499,17,75,-395073.25,-12.411557,0.8099999999976717,2.3769039999999997
499,18,90,-395073.75,-13.135387,0.3099999999976717,1.6530740000000002
499,19,105,-395074.06,-13.925557,0,0.8629040000000003
499,20,120,-395074,-14.609567,0.0599999999976716,0.17889399999999966
499,21,135,-395073.6,-14.788461,0.4600000000209547,0
499,22,150,-395072.8,-14.295453,1.2600000000093132,0.49300799999999967
499,23,165,-395071.78,-13.601542,2.279999999969732,1.1869189999999996
499,24,180,-395070.6,-12.821405,3.4600000000209548,1.9670559999999995
500,1,-165,-393413.34,41.732227,0.0399999999790452,0.8392770000000027
500,2,-150,-393413.03,40.913036,0.3499999999767169,0.02008599999999916
500,3,-135,-393412.25,40.933933,1.1300000000046566,0.04098300000000421
500,4,-120,-393411.06,21.13987,1.0599999999976717,0.8565579999999997
500,5,-105,-393409.94,42.33287,3.4400000000023283,1.4399200000000008
500,6,-90,-393409.44,42.638832,3.940000000002328,1.7458820000000017
500,7,-75,-393409.97,28.662558,0.8300000000162981,0.2880880000000019
500,8,-60,-393411.1,41.518963,2.28000000002794,0.6260130000000004
500,9,-45,-393412.28,40.89295,1.099999999976717,0
500,10,-30,-393413.06,40.904667,0.3200000000069849,0.011717000000004418
500,11,-15,-393413.34,41.73878,0.0399999999790452,0.8458299999999994
500,12,0,-393413.38,42.399216,0,1.5062660000000037
500,13,15,-393413.34,41.745903,0.0399999999790452,0.8529529999999994
500,14,30,-393413.06,40.904667,0.3200000000069849,0.011717000000004418
500,15,45,-393412.28,40.89295,1.099999999976717,0
500,16,60,-393411.1,41.518963,2.28000000002794,0.6260130000000004
500,17,75,-393409.97,28.682587,0.8300000000162981,0.30811700000000286
500,18,90,-393409.44,42.634953,3.940000000002328,1.742003000000004
500,19,105,-393409.94,42.335857,3.4400000000023283,1.4429069999999982
500,20,120,-393411.06,21.13987,1.0599999999976717,0.8565579999999997
500,21,135,-393412.25,40.93394,1.1300000000046566,0.04099000000000075
500,22,150,-393413.03,40.913036,0.3499999999767169,0.02008599999999916
500,23,165,-393413.34,41.716747,0.0399999999790452,0.823796999999999
500,24,180,-393413.38,42.40654,0,1.5135900000000007
