mol_id,conf_id,scan,b3lyp_relative_energy,wb97m_relative_energy,MACE_relative_energy
1,1,-165,11.09375,10.410727,9.6009
1,2,-150,10.8125,9.76308425,9.2683
1,3,-135,10.5625,9.1879805,9.1189
1,4,-120,10.25,8.647201,8.7217
1,5,-105,9.6875,8.0097865,7.9589
1,6,-90,8.65625,7.20250775,6.801
1,7,-75,6.875,5.82025075,5.285
1,8,-60,4.59375,3.93310725,3.4458
1,9,-45,2.5625,2.18765325,1.9189
1,10,-30,1.125,0.9361045,0.8288
1,11,-15,0.28125,0.223139,0.1982
1,12,0,0,0,0
1,13,15,0.28125,0.223139,0.1982
1,14,30,1.125,0.93579075,0.8274
1,15,45,2.5625,2.186461,1.9183
1,16,60,4.59375,3.92833825,3.4398
1,17,75,6.875,5.815419,5.2836
1,18,90,8.65625,7.20275875,6.8013
1,19,105,9.6875,8.0097865,7.9589
1,20,120,10.25,8.64713825,8.7216
1,21,135,10.5625,9.1866,9.1184
1,22,150,10.8125,9.76308425,9.2683
1,23,165,11.09375,10.41078975,9.6009
1,24,180,11.34375,11.0305715,10.2495
2,1,-165,2.28125,3.265259,3.458
2,2,-150,1.15625,1.92811925,2.1286
2,3,-135,0.34375,0.82146025,0.9225
2,4,-120,0.03125,0.2011765,0.2574
2,5,-105,0.03125,0.0146835,0.0301
2,6,-90,0.03125,0,0
2,7,-75,0,0.0443015,0.0728
2,8,-60,0.09375,0.35434925,0.4227
2,9,-45,0.59375,1.11437725,1.2357
2,10,-30,1.46875,2.262765,2.4602
2,11,-15,2.46875,3.437194,3.593
2,12,0,3.09375,3.94816725,3.8765
2,13,15,2.46875,3.43976675,3.5959
2,14,30,1.46875,2.2638945,2.4676
2,15,45,0.59375,1.11425175,1.2357
2,16,60,0.09375,0.354663,0.4227
2,17,75,0,0.0443015,0.0732
2,18,90,0.03125,0.00056475,0
2,19,105,0.03125,0.014558,0.0304
2,20,120,0.03125,0.2011765,0.2572
2,21,135,0.34375,0.8206445,0.9213
2,22,150,1.15625,1.92661325,2.1276
2,23,165,2.28125,3.265259,3.4579
2,24,180,3.09375,3.94917125,3.8783
3,1,-165,1,0.90780425,0.943
3,2,-150,0.1875,0.11113025,0.0901
3,3,-135,0,0.0242215,0.0192
3,4,-120,0.125,0.16258525,0.1319
3,5,-105,0.875,0.76222425,0.656
3,6,-90,1.875,1.79910525,1.5004
3,7,-75,0.8125,0.78230425,0.6847
3,8,-60,0.0625,0.13723425,0.1012
3,9,-45,0.0625,0.0051455,0.0049
3,10,-30,0.1875,0.08163775,0.0523
3,11,-15,1,0.8768685,0.8992
3,12,0,0.8125,0.581567,0.5613
3,13,15,1,0.88797525,0.9178
3,14,30,0.1875,0.0817005,0.0523
3,15,45,0.0625,0,0
3,16,60,0.0625,0.13723425,0.1012
3,17,75,0.8125,0.78945775,0.6857
3,18,90,1.875,1.81353775,1.5159
3,19,105,0.875,0.74201875,0.6452
3,20,120,0.125,0.15668675,0.1252
3,21,135,0,0.0247235,0.02
3,22,150,0.1875,0.10836925,0.0871
3,23,165,1,0.90265875,0.938
3,24,180,0.8125,0.59744275,0.5813
4,1,-165,0.9609375,0.64864675,0.7624
4,2,-150,0.546875,0.40818875,0.4944
4,3,-135,0.1484375,0.13554,0.174
4,4,-120,0,0,0
4,5,-105,0.171875,0.07599025,0.0273
4,6,-90,0.609375,0.292415,0.191
4,7,-75,1.265625,0.64111675,0.5655
4,8,-60,2.3203125,1.58261775,1.4278
4,9,-45,3.5625,2.97027125,2.6033
4,10,-30,4.0625,3.7646235,3.2277
4,11,-15,3.8203125,3.51406275,2.9871
4,12,0,3.6796875,3.3685455,2.8673
4,13,15,3.8125,3.5131215,2.9845
4,14,30,4.0625,3.76368225,3.2269
4,15,45,3.5625,2.97027125,2.6033
4,16,60,2.3203125,1.58349625,1.4286
4,17,75,1.265625,0.64111675,0.5655
4,18,90,0.609375,0.292415,0.191
4,19,105,0.171875,0.07599025,0.0273
4,20,120,0,0,0
4,21,135,0.1484375,0.13554,0.174
4,22,150,0.546875,0.40818875,0.4944
4,23,165,0.9609375,0.64864675,0.7624
4,24,180,1.1328125,0.7280255,0.8518
5,1,-165,4.34375,3.5791345,2.9751
5,2,-150,4.3125,3.6102585,3.4993
5,3,-135,4.0625,3.429413,3.8324
5,4,-120,3.625,2.9724675,3.7071
5,5,-105,3.09375,2.4353275,3.5759
5,6,-90,2.375,1.8156085,3.3129
5,7,-75,1.59375,1.135273,2.6659
5,8,-60,0.84375,0.52208,1.8305
5,9,-45,0.25,0.13911675,1.0724
5,10,-30,0,0.01838575,0.5302
5,11,-15,0.03125,0.01738175,0.1829
5,12,0,0.09375,0,0
5,13,15,0.03125,0.01650325,0.1821
5,14,30,0,0.01838575,0.5302
5,15,45,0.25,0.13773625,1.0705
5,16,60,0.84375,0.52208,1.8305
5,17,75,1.59375,1.13533575,2.6644
5,18,90,2.375,1.816738,3.3191
5,19,105,3.09375,2.4360805,3.5777
5,20,120,3.625,2.97184,3.7078
5,21,135,4.0625,3.42972675,3.8357
5,22,150,4.3125,3.60831325,3.498
5,23,165,4.34375,3.581017,2.9772
5,24,180,4.28125,3.4772285,2.8154
6,1,-165,0.3125,1.074029,0.8933
6,2,-150,0,0.59631325,0.7917
6,3,-135,0.0625,1.46364375,2.2141
6,4,-120,1.4375,1.42762525,1.709
6,5,-105,2.6875,2.35795675,2.4874
6,6,-90,1.9375,1.93765725,2.2898
6,7,-75,1.75,1.39599925,1.8578
6,8,-60,1.3125,0.68272,1.1585
6,9,-45,0.6875,0.16697775,0.5236
6,10,-30,0.3125,0.00094125,0.0687
6,11,-15,0.375,0.310989,0
6,12,0,0.875,0.94269325,0.3977
6,13,15,0.375,0.31105175,0.0003
6,14,30,0.3125,0,0.0679
6,15,45,0.6875,0.1662875,0.5228
6,16,60,1.3125,0.68366125,1.1604
6,17,75,1.75,1.396062,1.8576
6,18,90,1.9375,1.9300645,2.284
6,19,105,2.6875,2.3592745,2.4882
6,20,120,1.4375,1.43402575,1.7194
6,21,135,0.4375,0.78481425,1.1267
6,22,150,0,0.59417975,0.791
6,23,165,0.3125,1.07409175,0.892
6,24,180,1.125,1.9147535,1.3217
7,1,-165,4.28125,4.12148275,3.6278
7,2,-150,5.25,4.87159625,4.4349
7,3,-135,6.21875,5.65797925,5.3103
7,4,-120,6.375,5.76547,5.513
7,5,-105,5.34375,4.78399725,4.8191
7,6,-90,3.40625,3.00026575,3.2604
7,7,-75,1.375,1.1474465,1.4488
7,8,-60,0.03125,0,0.1099
7,9,-45,0,0.0681465,0
7,10,-30,1.25,1.28455525,1.1109
7,11,-15,2.75,3.0896845,2.6671
7,12,0,3.53125,4.245163,3.6185
7,13,15,3.25,3.34225325,3.156
7,14,30,1.71875,1.58086075,1.5491
7,15,45,0.5625,0.52465275,0.364
7,16,60,0.59375,0.59945075,0.4752
7,17,75,2.03125,1.87076575,1.8414
7,18,90,4.15625,3.7337505,3.5938
7,19,105,5.75,5.22663575,5.0401
7,20,120,6.4375,5.80531625,5.6264
7,21,135,6.625,5.907536,5.4312
7,22,150,5.59375,5.04930425,4.5259
7,23,165,4.71875,4.517749,3.865
7,24,180,3.75,3.7089015,3.3812
8,1,-165,0.5625,0.620974,0.7641
8,2,-150,2.09375,2.11197675,2.3977
8,3,-135,3.875,3.93649575,4.3845
8,4,-120,5.65625,5.4935115,6.1492
8,5,-105,7.25,6.88995,7.6021
8,6,-90,8.3125,7.83992225,8.5048
8,7,-75,8.59375,8.1169635,8.5961
8,8,-60,8.0625,7.6418205,7.7931
8,9,-45,6.84375,6.39014625,6.4456
8,10,-30,5.53125,5.00387325,5.0221
8,11,-15,4.625,4.05722675,4.0991
8,12,0,4.46875,3.794116,4.101
8,13,15,4.625,4.056411,4.0986
8,14,30,5.53125,5.014227,5.0316
8,15,45,6.84375,6.3903345,6.4456
8,16,60,8.0625,7.63987525,7.7916
8,17,75,8.59375,8.113826,8.5926
8,18,90,8.3125,7.840487,8.5054
8,19,105,7.25,6.89013825,7.6021
8,20,120,5.65625,5.4932605,6.1483
8,21,135,3.875,3.933923,4.3805
8,22,150,2.0625,2.120448,2.3797
8,23,165,0.5625,0.56029475,0.6255
8,24,180,0,0,0
9,1,-165,0.375,1.554694,1.7076
9,2,-150,0.21875,0.79121475,0.5688
9,3,-135,0.03125,0.27013875,0.1537
9,4,-120,0.03125,0.04574475,0.0232
9,5,-105,0.0625,0,0.0009
9,6,-90,0.09375,0.01938975,0
9,7,-75,0.0625,0.01562475,0.0055
9,8,-60,0,0.10334925,0.0605
9,9,-45,0.09375,0.41722475,0.2504
9,10,-30,0.28125,1.01836975,0.8369
9,11,-15,0.375,1.617695,1.8199
9,12,0,0.375,1.7495955,2.0417
9,13,15,0.375,1.617695,1.8186
9,14,30,0.28125,1.01849525,0.8369
9,15,45,0.09375,0.41709925,0.2504
9,16,60,0,0.10322375,0.0605
9,17,75,0.0625,0.01989175,0.011
9,18,90,0.09375,0.0202055,0.0006
9,19,105,0.0625,0,0.0009
9,20,120,0.03125,0.0458075,0.0232
9,21,135,0.03125,0.27013875,0.1537
9,22,150,0.21875,0.79108925,0.5688
9,23,165,0.375,1.554694,1.7076
9,24,180,0.375,1.749972,2.042
10,1,-165,0.46875,1.080053,0.2853
10,2,-150,1.0625,1.809961,1.2438
10,3,-135,1.6875,2.3103295,1.8732
10,4,-120,1.59375,2.67057725,2.4816
10,5,-105,1.03125,2.024566,1.9004
10,6,-90,0.4375,1.01284775,0.9067
10,7,-75,0.03125,0.1319005,0.0746
10,8,-60,0.375,0,0
10,9,-45,1.4375,0.95938475,0.9169
10,10,-30,2.75,2.34942275,2.3019
10,11,-15,4,3.53765675,3.4165
10,12,0,4.59375,4.1147685,4.0056
10,13,15,4,3.5362135,3.4157
10,14,30,2.78125,2.34666175,2.2993
10,15,45,1.4375,0.9602005,0.9174
10,16,60,0.375,0.000502,0.0007
10,17,75,0.03125,0.13321825,0.0769
10,18,90,0.4375,1.01874625,0.9174
10,19,105,1.03125,2.02550725,1.9042
10,20,120,1.5625,2.662357,2.4743
10,21,135,1.6875,2.308949,1.8558
10,22,150,1.0625,1.8048155,1.2759
10,23,165,0.625,1.10985925,0.2968
10,24,180,0,0.8211465,0.1571
11,1,-165,0.125,0.31305975,0.2387
11,2,-150,0,0,0.003
11,3,-135,0.46875,0.2385755,0.4063
11,4,-120,1.34375,0.86212225,1.1712
11,5,-105,2.21875,1.5437755,1.9922
11,6,-90,2.625,1.88595125,2.442
11,7,-75,2.15625,1.59491675,1.9931
11,8,-60,1.25,0.899082,1.1519
11,9,-45,0.375,0.23939125,0.3591
11,10,-30,0,0.0161895,0.0011
11,11,-15,0.1875,0.38359075,0.3173
11,12,0,0.875,1.17474275,1.1077
11,13,15,0.1875,0.3836535,0.3173
11,14,30,0,0.0154365,0
11,15,45,0.375,0.23989325,0.3593
11,16,60,1.25,0.89989775,1.1519
11,17,75,2.15625,1.59855625,1.9969
11,18,90,2.625,1.88469625,2.442
11,19,105,2.21875,1.54157925,1.9903
11,20,120,1.34375,0.86274975,1.1701
11,21,135,0.46875,0.235438,0.4027
11,22,150,0,0.00332575,0.0067
11,23,165,0.125,0.3171385,0.2422
11,24,180,0.75,1.0786725,0.9948
12,1,-165,4.375,5.28675025,4.7866
12,2,-150,1.96875,3.40676025,3.13
12,3,-135,0.9375,2.28692375,2.3953
12,4,-120,0.25,1.38796725,1.8417
12,5,-105,0,0.52314675,1.0958
12,6,-90,0.1875,0,0.001
12,7,-75,1.53125,2.723099,1.6521
12,8,-60,3.0625,4.34399425,3.0388
12,9,-45,4.25,5.363117,4.0814
12,10,-30,6.40625,6.6950485,6.5454
12,11,-15,6.09375,8.2640495,7.9263
12,12,0,6.09375,8.23148225,7.8482
12,13,15,5.71875,7.89376175,7.3466
12,14,30,6.40625,6.69937825,6.5488
12,15,45,4.25,5.37309425,4.0874
12,16,60,3.0625,4.34775925,3.0426
12,17,75,1.53125,2.72491875,1.6539
12,18,90,0.1875,6.27E-05,0
12,19,105,0,0.52314675,1.0958
12,20,120,0.25,1.384767,1.8367
12,21,135,0.9375,2.28554325,2.3945
12,22,150,1.96875,3.39985775,3.1248
12,23,165,4.375,5.28800525,4.7863
12,24,180,5.3125,6.1988215,5.6966
13,1,-165,2.21875,2.1966265,1.2064
13,2,-150,1.5,1.5314765,0.6631
13,3,-135,1.09375,1.08683,0.1897
13,4,-120,1.15625,1.10082325,0
13,5,-105,1.75,1.6007525,0.2174
13,6,-90,2.65625,2.435202,0.8199
13,7,-75,3.59375,3.3037875,1.6144
13,8,-60,4,3.695724,2.2051
13,9,-45,3.46875,3.22014175,2.1548
13,10,-30,2.28125,2.0992385,1.447
13,11,-15,1.25,1.07446825,0.688
13,12,0,0,0,0.124
13,13,15,1.15625,0.6015215,0.4722
13,14,30,2.0625,2.09892475,1.3927
13,15,45,3.125,3.18161325,1.9979
13,16,60,3.65625,3.6795345,2.069
13,17,75,3.375,3.31527075,1.6115
13,18,90,2.625,2.492681,0.9577
13,19,105,1.84375,1.72844875,0.4043
13,20,120,1.40625,1.3013095,0.1534
13,21,135,1.375,1.3389595,0.287
13,22,150,1.8125,1.78931625,0.7562
13,23,165,2.4375,2.37577775,1.3066
13,24,180,2.65625,2.59979525,1.5372
14,1,-165,1.5625,1.199278,1.057
14,2,-150,2.125,1.5269585,1.6321
14,3,-135,3.1875,2.257996,2.5582
14,4,-120,4.625,3.3502225,3.6628
14,5,-105,6.0625,4.4091915,4.5482
14,6,-90,6.75,4.891488,4.8959
14,7,-75,6.1875,4.5128545,4.6324
14,8,-60,4.6875,3.44240225,3.7488
14,9,-45,2.875,2.11084725,2.4911
14,10,-30,1.375,0.972625,1.2367
14,11,-15,0.375,0.252506,0.3301
14,12,0,0,0,0
14,13,15,0.375,0.250498,0.3281
14,14,30,1.375,0.97306425,1.238
14,15,45,2.875,2.1148005,2.4958
14,16,60,4.6875,3.44566525,3.7536
14,17,75,6.1875,4.512227,4.6334
14,18,90,6.75,4.89067225,4.8956
14,19,105,6.0625,4.4091915,4.5482
14,20,120,4.625,3.350348,3.6628
14,21,135,3.1875,2.2593765,2.5602
14,22,150,2.125,1.5269585,1.6321
14,23,165,1.5625,1.1991525,1.057
14,24,180,1.375,1.1045255,0.8554
15,1,-165,0.75,0.75193325,0.711
15,2,-150,0.90625,1.094611,1.0144
15,3,-135,1.15625,1.47368375,1.7393
15,4,-120,0.75,0.98561425,1.0512
15,5,-105,0.25,0.45161175,0.5579
15,6,-90,0,0,0.0351
15,7,-75,0.5,0.1567495,0
15,8,-60,1.8125,1.224378,0.8002
15,9,-45,3.84375,3.21675325,2.759
15,10,-30,6.03125,5.5567635,5.056
15,11,-15,7.65625,7.4605985,6.7474
15,12,0,8.28125,8.25005625,7.3817
15,13,15,7.65625,7.45752375,6.7438
15,14,30,6.03125,5.55833225,5.0547
15,15,45,3.84375,3.2091605,2.7549
15,16,60,1.8125,1.22895875,0.8085
15,17,75,0.5,0.15605925,0
15,18,90,0,0.0013805,0.0365
15,19,105,0.25,0.45048225,0.5566
15,20,120,0.75,0.98762225,1.0507
15,21,135,0.9375,1.18754375,1.2135
15,22,150,0.90625,1.08262575,1.0061
15,23,165,0.75,0.7960465,0.7047
15,24,180,0.6875,0.55841225,0.5635
16,1,-165,0.15625,0.05327475,0.0367
16,2,-150,0.71875,0.2830025,0.235
16,3,-135,1.71875,0.819013,0.7417
16,4,-120,3,1.6213345,1.501
16,5,-105,4.21875,2.4308095,2.2802
16,6,-90,4.84375,2.92433825,2.7253
16,7,-75,4.5625,2.80235225,2.4636
16,8,-60,3.53125,2.15150925,1.7328
16,9,-45,2.3125,1.4034665,0.9404
16,10,-30,1.40625,0.9403715,0.4298
16,11,-15,1,0.828802,0.2651
16,12,0,0.90625,0.84517975,0.2557
16,13,15,1,0.82861375,0.2651
16,14,30,1.40625,0.940246,0.4298
16,15,45,2.3125,1.404847,0.9444
16,16,60,3.53125,2.15314075,1.7354
16,17,75,4.5625,2.80297975,2.4633
16,18,90,4.84375,2.92396175,2.7251
16,19,105,4.21875,2.43262925,2.2822
16,20,120,3,1.6205815,1.4998
16,21,135,1.71875,0.81832275,0.7412
16,22,150,0.71875,0.28306525,0.235
16,23,165,0.15625,0.05026275,0.0335
16,24,180,0,0,0
17,1,-165,0.15625,0.023845,0.0449
17,2,-150,1.0625,0.604157,0.6067
17,3,-135,2.9375,2.086563,2.0472
17,4,-120,5.53125,4.27434175,4.0915
17,5,-105,8.53125,6.848786,6.377
17,6,-90,11.34375,9.3390825,8.4913
17,7,-75,13.34375,11.09099975,9.8931
17,8,-60,13.84375,11.5915565,10.3092
17,9,-45,2.625,1.8670635,1.7379
17,10,-30,0.90625,0.4923365,0.3985
17,11,-15,0.09375,0.008785,0
17,12,0,0,0.21993875,0.3618
17,13,15,0.09375,0,0.004
17,14,30,0.875,0.45035675,0.397
17,15,45,2.5625,1.80475275,1.7391
17,16,60,5.15625,4.03036975,3.9227
17,17,75,8.34375,6.8280785,6.5296
17,18,90,11.4375,9.50279725,8.8972
17,19,105,13.5,11.22779475,10.3356
17,20,120,13.96875,11.70193375,10.7172
17,21,135,2.96875,2.1075215,2.003
17,22,150,1.125,0.620472,0.5699
17,23,165,0.15625,0.0202055,0.0216
17,24,180,0,0.21981325,0.3602
18,1,-165,2.1875,1.50656475,1.4099
18,2,-150,3.875,2.96274125,3.0296
18,3,-135,6,5.21785075,5.2994
18,4,-120,7.8125,8.2582765,8.2509
18,5,-105,7.84375,8.81819475,8.9581
18,6,-90,7.0625,8.00545675,7.6345
18,7,-75,6,6.5728115,6.2324
18,8,-60,5.09375,5.15660675,5.2196
18,9,-45,4.59375,4.32040025,4.7506
18,10,-30,4.5625,4.247422,4.9782
18,11,-15,4.75,4.62260425,5.4417
18,12,0,4.71875,4.6900605,5.3225
18,13,15,4.34375,3.93135025,4.3619
18,14,30,2.96875,1.8371945,2.1148
18,15,45,1.75,0.75067825,0.9388
18,16,60,1.09375,0.4265745,0.6448
18,17,75,1.03125,0.610181,0.6601
18,18,90,1.15625,1.4566785,1.1429
18,19,105,1.03125,1.56128275,1.5159
18,20,120,0.875,1.30074475,1.379
18,21,135,0.40625,0.6311395,0.8817
18,22,150,0,0,0.2081
18,23,165,0.1875,0.00420425,0
18,24,180,0.96875,0.51913075,0.3893
19,1,-165,0.59375,0.49829775,0.5056
19,2,-150,2.03125,1.90603125,1.9316
19,3,-135,3.9375,3.86019175,3.8923
19,4,-120,5.8125,5.58958175,5.6429
19,5,-105,7.5625,7.08290625,7.212
19,6,-90,9.0625,8.478529,8.6428
19,7,-75,9.6875,9.223999,9.0549
19,8,-60,8.96875,8.504884,8.1009
19,9,-45,7.46875,6.93895775,6.558
19,10,-30,6,5.31762325,4.9793
19,11,-15,5,4.19126075,3.9267
19,12,0,4.6875,3.841806,3.5778
19,13,15,5.21875,4.35290475,3.957
19,14,30,6.34375,5.59121325,5.0275
19,15,45,7.75,7.13662025,6.5273
19,16,60,8.625,8.25921775,7.7336
19,17,75,8.96875,8.5948675,8.167
19,18,90,8.78125,8.49515775,8.092
19,19,105,7.9375,7.84444025,7.5835
19,20,120,6.375,6.32112125,6.2479
19,21,135,4.15625,4.1541755,4.2296
19,22,150,2,2.05010525,2.1291
19,23,165,0.5,0.54611325,0.5725
19,24,180,0,0,0
20,1,-165,3.9375,3.3582545,2.8855
20,2,-150,2.53125,2.3903985,2.21
20,3,-135,1.21875,1.4606945,1.2721
20,4,-120,0.5,0.8909245,0.5922
20,5,-105,0.375,0.73361025,0.3142
20,6,-90,0.78125,0.839093,0.2871
20,7,-75,1.21875,1.027845,0.46
20,8,-60,1.4375,1.05922,0.7798
20,9,-45,1.25,0.85873375,0.9483
20,10,-30,0.9375,0.53858325,0.9075
20,11,-15,0.6875,0.2373205,0.8098
20,12,0,0,0,0
20,13,15,0.21875,0.2624205,0.1743
20,14,30,1.09375,0.59995275,0.7577
20,15,45,1.03125,0.5658795,0.6107
20,16,60,0.78125,0.4049885,0.2385
20,17,75,0.46875,0.41120075,0.0877
20,18,90,0.28125,0.58828125,0.1616
20,19,105,0.4375,0.9614555,0.6132
20,20,120,1.09375,1.58738675,1.2837
20,21,135,2.1875,2.304682,2.0407
20,22,150,3.34375,2.88932375,2.5953
20,23,165,4.21875,3.49159825,3.0638
20,24,180,4.6875,3.82869125,3.2598
21,1,-165,1.96875,2.1404025,0.775
21,2,-150,2.25,1.9348335,0.7247
21,3,-135,2.90625,2.09490875,0.8334
21,4,-120,3.875,2.57406775,1.2985
21,5,-105,4.625,2.9353195,1.7123
21,6,-90,4.65625,2.78992775,1.8671
21,7,-75,3.75,2.0387475,1.4745
21,8,-60,2.34375,1.0367555,0.7955
21,9,-45,1.0625,0.260036,0.2344
21,10,-30,0.28125,0,0
21,11,-15,0.03125,0.16409125,0.0596
21,12,0,0,0.3306925,0.1627
21,13,15,0.03125,0.16421675,0.0596
21,14,30,0.28125,0,0
21,15,45,1.0625,0.2601615,0.2344
21,16,60,2.34375,1.0367555,0.7955
21,17,75,3.75,2.03881025,1.4745
21,18,90,4.65625,2.78980225,1.8671
21,19,105,4.625,2.9353195,1.7131
21,20,120,3.875,2.5708675,1.2952
21,21,135,2.90625,2.094846,0.8334
21,22,150,2.25,1.9348335,0.7247
21,23,165,1.96875,2.1404025,0.775
21,24,180,1.9375,2.31265125,0.822
22,1,-165,0.21875,0.22872375,0.4628
22,2,-150,0.9375,0.74390125,1.24
22,3,-135,2.0625,1.50706675,2.144
22,4,-120,3.625,2.626966,3.2513
22,5,-105,5.34375,3.88817825,4.3653
22,6,-90,6.28125,4.5698315,4.7723
22,7,-75,5.8125,4.2485515,4.2221
22,8,-60,4.28125,3.1802955,3.0756
22,9,-45,2.625,1.931194,1.8088
22,10,-30,1.21875,0.83940675,0.6924
22,11,-15,0.3125,0.16396575,0.0347
22,12,0,0,0.00106675,0.004
22,13,15,0.21875,0.23801075,0.4654
22,14,30,0.90625,0.74239525,1.206
22,15,45,2,1.46740875,2.0508
22,16,60,3.5625,2.598603,3.1613
22,17,75,5.28125,3.9081955,4.313
22,18,90,6.28125,4.57867925,4.7629
22,19,105,5.8125,4.20431275,4.27
22,20,120,4.34375,3.14252,3.1786
22,21,135,2.65625,1.91042375,1.9162
22,22,150,1.25,0.829555,0.7618
22,23,165,0.3125,0.16785625,0.0604
22,24,180,0,0,0
23,1,-165,12.53125,12.5114715,12.5066
23,2,-150,11.40625,10.97390825,10.3719
23,3,-135,10.625,10.233521,9.5115
23,4,-120,10.15625,9.92736375,9.1491
23,5,-105,10.3125,10.01119775,9.2414
23,6,-90,11.09375,10.69743175,10.0033
23,7,-75,12.6875,12.59474075,12.6214
23,8,-60,11.875,11.5293085,11.0762
23,9,-45,10.3125,9.93709,8.8705
23,10,-30,7.53125,7.42790575,5.8755
23,11,-15,4.40625,4.59173125,3.4758
23,12,0,0.875,0.7973015,0.5065
23,13,15,0,0,0
23,14,30,0.3125,0.410636,0.1239
23,15,45,1.59375,1.934206,1.3698
23,16,60,3.6875,4.0083445,3.2025
23,17,75,2.6875,4.050136,4.0048
23,18,90,2.15625,2.981629,3.0065
23,19,105,2.09375,2.6296015,2.4586
23,20,120,2.28125,2.893779,2.3617
23,21,135,4.28125,4.58834275,3.4787
23,22,150,7.40625,7.476035,5.8617
23,23,165,10.21875,9.86373525,8.6315
23,24,180,11.78125,11.52748875,10.9776
24,1,-165,0.71875,0.69545825,0.7017
24,2,-150,0,0.002259,0.015
24,3,-135,0.09375,0.0126755,0
24,4,-120,0.8125,0.6243625,0.5232
24,5,-105,1.78125,1.43603375,1.0899
24,6,-90,2.28125,1.84641875,1.2174
24,7,-75,1.78125,1.44042625,1.0896
24,8,-60,0.8125,0.6301355,0.5313
24,9,-45,0.09375,0.01474625,0.0028
24,10,-30,0,0,0.0136
24,11,-15,0.6875,0.67926875,0.6937
24,12,0,1.46875,1.38809275,1.4072
24,13,15,0.6875,0.67926875,0.6937
24,14,30,0,0.001757,0.0151
24,15,45,0.09375,0.0144325,0.0028
24,16,60,0.8125,0.62718625,0.5267
24,17,75,1.78125,1.4403635,1.0896
24,18,90,2.28125,1.84666975,1.2177
24,19,105,1.78125,1.43603375,1.0899
24,20,120,0.8125,0.624488,0.5232
24,21,135,0.09375,0.0126755,0
24,22,150,0,0.00232175,0.015
24,23,165,0.71875,0.69545825,0.7017
24,24,180,1.46875,1.38809275,1.4072
25,1,-165,0.625,0.19044625,0.6001
25,2,-150,0.34375,0.059487,0.2894
25,3,-135,0.125,0.0141815,0.0842
25,4,-120,0,0.06193425,0.0183
25,5,-105,0.15625,0.32699025,0.2096
25,6,-90,0.8125,1.02251125,0.877
25,7,-75,0.15625,0.3502705,0.2426
25,8,-60,0.03125,0.044929,0
25,9,-45,0.15625,0,0.0765
25,10,-30,0.375,0.04210525,0.2919
25,11,-15,0.71875,0.20098825,0.5985
25,12,0,1.03125,0.44219925,0.9409
25,13,15,0.71875,0.20111375,0.5985
25,14,30,0.375,0.0558475,0.3023
25,15,45,0.15625,0.00194525,0.0781
25,16,60,0.03125,0.04699975,0.002
25,17,75,0.15625,0.350145,0.2426
25,18,90,0.8125,1.02150725,0.8737
25,19,105,0.15625,0.3264255,0.2093
25,20,120,0,0.061495,0.0176
25,21,135,0.125,0.01098125,0.0812
25,22,150,0.34375,0.05678875,0.2863
25,23,165,0.625,0.19421125,0.6023
25,24,180,1,0.440505,0.9514
26,1,-165,0.71875,0.001757,0.0014
26,2,-150,0.875,0.1891285,0.4881
26,3,-135,1.25,0.70022725,1.2571
26,4,-120,1.875,1.42938225,2.0649
26,5,-105,2.625,2.277574,2.8318
26,6,-90,3.21875,2.942473,3.4177
26,7,-75,2.875,2.646795,3.146
26,8,-60,1.71875,1.49677575,2.0715
26,9,-45,0.625,0.52026025,1.0322
26,10,-30,0,0.03570475,0.3282
26,11,-15,0.03125,0.12631575,0.0375
26,12,0,0.375,0.535885,0.0997
26,13,15,0.03125,0.12443325,0.0331
26,14,30,0,0.0360185,0.3287
26,15,45,0.625,0.52703725,1.0277
26,16,60,1.71875,1.50016425,2.0764
26,17,75,2.875,2.65438775,3.1504
26,18,90,3.21875,2.94266125,3.4178
26,19,105,2.625,2.27500125,2.847
26,20,120,1.875,1.427939,2.0629
26,21,135,1.25,0.6946425,1.2506
26,22,150,0.875,0.18831275,0.4873
26,23,165,0.71875,0,0
26,24,180,0.96875,0.33050425,0.2385
27,1,-165,0.75,1.0450385,0.7968
27,2,-150,1.09375,1.589834,1.3104
27,3,-135,2.46875,2.7099215,2.1936
27,4,-120,3.71875,4.12876175,3.5663
27,5,-105,4.625,5.594539,5.4912
27,6,-90,5.8125,6.724792,6.6742
27,7,-75,9.03125,9.573391,9.8284
27,8,-60,5.5625,6.14178175,6.3609
27,9,-45,2.875,3.31953775,3.4395
27,10,-30,1.03125,1.4963365,1.6373
27,11,-15,0.1875,0.34568975,0.402
27,12,0,0,0,0
27,13,15,0.1875,0.34481125,0.401
27,14,30,1.03125,1.492195,1.6363
27,15,45,2.875,3.29908125,3.4218
27,16,60,5.5625,6.1383305,6.3544
27,17,75,9.03125,9.5700025,9.8331
27,18,90,5.8125,6.7374675,6.6832
27,19,105,4.625,5.597049,5.4911
27,20,120,3.71875,4.13177375,3.5697
27,21,135,2.46875,2.7146905,2.1981
27,22,150,1.09375,1.58989675,1.3099
27,23,165,0.75,1.04359525,0.7956
27,24,180,1.03125,1.06919725,0.9334
28,1,-165,6.40625,5.61330125,6.5826
28,2,-150,6.6875,6.0695565,6.5799
28,3,-135,7.4375,6.815905,6.5323
28,4,-120,4.09375,3.34225325,3.2767
28,5,-105,1.40625,1.17537025,1.0857
28,6,-90,0,0.00119225,0.001
28,7,-75,6.5,5.3100305,5.0878
28,8,-60,0.46875,0.229163,0.7106
28,9,-45,5.3125,4.87925175,4.4819
28,10,-30,6.90625,6.63763225,6.0654
28,11,-15,8.21875,8.160261,7.4007
28,12,0,9.125,9.034494,8.4217
28,13,15,8.21875,8.171305,7.4024
28,14,30,6.90625,6.6420875,6.0691
28,15,45,5.3125,4.87536125,4.478
28,16,60,0.46875,0.21780525,0.7062
28,17,75,6.46875,5.3153015,5.1279
28,18,90,0,0,0
28,19,105,1.40625,1.18001375,1.1004
28,20,120,4.125,3.36961225,3.2848
28,21,135,7.4375,6.821427,6.5368
28,22,150,6.6875,6.06698375,6.5816
28,23,165,6.40625,5.6157485,6.5805
28,24,180,6.53125,5.55720275,6.7251
29,1,-165,8.53125,7.854041,6.2673
29,2,-150,6.625,6.0198585,5.3239
29,3,-135,3.53125,2.84979125,2.5272
29,4,-120,1.4375,0.84894475,0.9074
29,5,-105,0.34375,0,0.0789
29,6,-90,0,0.0842105,0
29,7,-75,0.40625,0.691003,0.4918
29,8,-60,1.34375,1.65854525,1.4893
29,9,-45,3.03125,3.45068525,2.1399
29,10,-30,3.8125,4.343053,2.6564
29,11,-15,4.3125,4.93321675,3.247
29,12,0,4.46875,4.9970335,2.6847
29,13,15,4.3125,4.93309125,3.2536
29,14,30,3.8125,4.344559,2.6582
29,15,45,3.03125,3.44968125,2.1383
29,16,60,2.1875,2.4747345,1.85
29,17,75,1.71875,1.83336675,1.6963
29,18,90,1.8125,1.73284125,1.6686
29,19,105,2.28125,2.2194675,2.3915
29,20,120,1.4375,0.84568175,0.9037
29,21,135,4.71875,4.38076575,4.2459
29,22,150,6.625,6.019231,5.3233
29,23,165,8.53125,7.85372725,6.2671
29,24,180,9.59375,8.8320625,6.5184
30,1,-165,0.5625,1.23636325,0.883
30,2,-150,1.6875,2.6848215,2.2889
30,3,-135,2.6875,3.8994105,3.4065
30,4,-120,4.9375,5.16677225,4.8898
30,5,-105,4.375,4.386978,4.0781
30,6,-90,3,2.920134,2.545
30,7,-75,1.625,1.717844,1.1512
30,8,-60,1.1875,1.632253,1.0398
30,9,-45,1.625,2.44976,1.9792
30,10,-30,2.4375,3.49034325,3.1133
30,11,-15,2.9375,4.1782715,3.7117
30,12,0,2.8125,4.0367075,3.5362
30,13,15,2,3.04594775,2.5993
30,14,30,0.875,1.6557215,1.2848
30,15,45,0.0625,0.4182915,0.2169
30,16,60,0.125,0.065511,0
30,17,75,1.3125,0.922425,1.1152
30,18,90,3.25,2.91229025,3.0613
30,19,105,4.75,4.78487575,4.5312
30,20,120,5.125,5.177377,4.8302
30,21,135,3.8125,3.5931905,3.6083
30,22,150,1.875,1.4248015,1.6265
30,23,165,0.3125,0,0.1073
30,24,180,0,0.16271075,0.0403
31,1,-165,1.71875,1.77111875,1.4541
31,2,-150,0.78125,0.8899205,0.6329
31,3,-135,0.1875,0.29297975,0.1773
31,4,-120,0,6.28E-05,0
31,5,-105,0.40625,0.2649305,0.1887
31,6,-90,1.46875,1.07748025,0.7676
31,7,-75,2.0625,1.59341075,1.799
31,8,-60,2.84375,2.38067225,2.5477
31,9,-45,4.75,4.28789575,4.0825
31,10,-30,6.71875,6.44210325,5.8996
31,11,-15,8.0625,7.77127375,7.3857
31,12,0,8.84375,8.765171,8.5359
31,13,15,8.09375,7.82762325,7.4225
31,14,30,6.71875,6.29614675,5.7907
31,15,45,4.78125,4.407811,4.2212
31,16,60,2.84375,2.38701,2.5512
31,17,75,2.0625,1.59328525,1.799
31,18,90,1.46875,1.073025,0.7604
31,19,105,0.40625,0.264805,0.1887
31,20,120,0,0,0
31,21,135,0.1875,0.27904925,0.1766
31,22,150,0.78125,0.93930475,0.697
31,23,165,1.71875,1.7478385,1.3761
31,24,180,2.9375,2.81603175,2.4492
32,1,-165,0,0.40153725,0.5051
32,2,-150,0.0625,6.27E-05,0.0019
32,3,-135,0.6875,0.10410225,0
32,4,-120,1.4375,0.53004925,0.3057
32,5,-105,2.0625,0.76448325,0.4609
32,6,-90,2.5625,1.18013925,0.8228
32,7,-75,2.6875,1.43829275,1.1173
32,8,-60,2.375,1.44419125,1.056
32,9,-45,2.0625,1.5244485,1.1037
32,10,-30,1.75,1.5932225,1.302
32,11,-15,1.6875,1.91011,1.8931
32,12,0,1.8125,2.1391475,2.2775
32,13,15,1.6875,1.9104865,1.8933
32,14,30,1.75,1.59341075,1.302
32,15,45,2.0625,1.52438575,1.1037
32,16,60,2.375,1.443501,1.0554
32,17,75,2.6875,1.4381045,1.1173
32,18,90,2.5625,1.18202175,0.8248
32,19,105,2.0625,0.76485975,0.4614
32,20,120,1.4375,0.52427625,0.2999
32,21,135,0.6875,0.1113185,0.0064
32,22,150,0.0625,0,0.0019
32,23,165,0,0.40279225,0.5063
32,24,180,0.0625,0.72545275,0.8814
33,1,-165,2.09375,1.505498,1.2483
33,2,-150,4.03125,3.33509975,2.7473
33,3,-135,5.8125,5.23793075,4.5058
33,4,-120,4.8125,4.4684275,4.7467
33,5,-105,4.0625,3.50778775,3.4569
33,6,-90,3.6875,2.9709615,2.7901
33,7,-75,4.09375,3.445226,3.2359
33,8,-60,4.78125,4.1762635,4.2935
33,9,-45,4.03125,3.37576175,3.2578
33,10,-30,4.15625,3.4074505,3.163
33,11,-15,4.8125,4.09562975,4.1379
33,12,0,5.53125,4.9533595,5.2176
33,13,15,5.53125,5.5743335,5.1214
33,14,30,3.46875,3.329515,3.0004
33,15,45,1.53125,1.27715075,1.1962
33,16,60,0.5,0.2832535,0.3378
33,17,75,0.4375,0.4576985,0.4131
33,18,90,0.71875,1.2207385,1.4715
33,19,105,0.46875,0.9024705,1.364
33,20,120,0.125,0.3919365,0.6756
33,21,135,0,0,0.0388
33,22,150,0.5,0.3163855,0
33,23,165,0.84375,0.659126,0.7977
33,24,180,0.96875,0.57510375,0.5872
34,1,-165,2.8125,2.34979925,1.8924
34,2,-150,3.84375,3.07475,2.5076
34,3,-135,5.59375,4.492398,3.8949
34,4,-120,7.4375,6.0005315,5.8584
34,5,-105,9.09375,7.23614175,7.128
34,6,-90,9.6875,7.51035925,7.3559
34,7,-75,8.1875,6.21406975,6.0495
34,8,-60,5.875,4.376436,4.2475
34,9,-45,3.40625,2.33273125,2.3242
34,10,-30,1.375,0.796674,0.8328
34,11,-15,0.3125,0.13133575,0.1454
34,12,0,0,0,0
34,13,15,0.3125,0.1293905,0.1441
34,14,30,1.375,0.794164,0.8266
34,15,45,3.375,2.32896625,2.3105
34,16,60,5.875,4.38691525,4.2501
34,17,75,8.1875,6.213003,6.0449
34,18,90,9.6875,7.494609,7.355
34,19,105,9.09375,7.23250225,7.1254
34,20,120,7.4375,6.0027905,5.8501
34,21,135,5.59375,4.4875035,3.8555
34,22,150,3.84375,3.0816525,2.4812
34,23,165,2.8125,2.34942275,1.8928
34,24,180,2.53125,2.202776,1.8348
35,1,-165,3.5625,2.9975675,2.5211
35,2,-150,4.53125,3.8278755,3.4539
35,3,-135,5.390625,4.740135,4.3861
35,4,-120,5.4375,4.73818975,4.4395
35,5,-105,4.296875,3.6807895,3.5345
35,6,-90,2.484375,2.02149125,2.0284
35,7,-75,0.78125,0.55427075,0.6233
35,8,-60,0,0,0
35,9,-45,0.78125,0.8653225,0.7937
35,10,-30,2.84375,2.89748125,2.6636
35,11,-15,5.015625,4.98831125,4.5249
35,12,0,5.96875,5.8519395,5.3273
35,13,15,5.015625,4.99119775,4.5269
35,14,30,2.84375,2.89710475,2.6629
35,15,45,0.78125,0.86525975,0.7937
35,16,60,0,0,0
35,17,75,0.78125,0.55427075,0.6233
35,18,90,2.484375,2.02149125,2.0284
35,19,105,4.296875,3.6807895,3.5345
35,20,120,5.4375,4.73818975,4.4395
35,21,135,5.390625,4.74057425,4.3865
35,22,150,4.53125,3.8261185,3.4521
35,23,165,3.5625,2.9975675,2.5211
35,24,180,3.1875,2.6787975,2.1482
36,1,-165,1,0.907616,0.0549
36,2,-150,0.84375,0.93202575,0.4533
36,3,-135,0.78125,0.94595625,0.9283
36,4,-120,0.6875,0.8236565,1.2669
36,5,-105,0.46875,0.510032,1.3285
36,6,-90,0.15625,0.15919675,1.1705
36,7,-75,0,0,1.0323
36,8,-60,0.09375,0.23738325,1.0439
36,9,-45,0.53125,0.880759,1.2908
36,10,-30,1.15625,1.74338325,1.7781
36,11,-15,1.8125,2.568985,2.3665
36,12,0,2.28125,3.1077565,2.8598
36,13,15,1.8125,2.56729075,2.3636
36,14,30,1.15625,1.7433205,1.7781
36,15,45,0.53125,0.88101,1.2908
36,16,60,0.09375,0.23738325,1.0439
36,17,75,0,0.00018825,1.0323
36,18,90,0.15625,0.1592595,1.1705
36,19,105,0.46875,0.510032,1.3285
36,20,120,0.6875,0.823782,1.2669
36,21,135,0.78125,0.946772,0.9291
36,22,150,0.84375,0.93227675,0.4537
36,23,165,1,0.90742775,0.0549
36,24,180,1.375,1.02878625,0
37,1,-165,11.34375,10.6879565,10.5977
37,2,-150,8.84375,7.45175075,6.6732
37,3,-135,5.96875,4.70380275,4.2495
37,4,-120,4.0625,2.905827,2.6586
37,5,-105,3.0625,1.9990895,1.8798
37,6,-90,2.875,1.896054,1.8247
37,7,-75,3.3125,2.48446075,2.4012
37,8,-60,4,3.3519795,3.1985
37,9,-45,4.125,3.981864,4.1962
37,10,-30,3.65625,3.482123,3.4197
37,11,-15,3.25,2.9551485,2.6064
37,12,0,0,0,0
37,13,15,0.15625,0.4710015,0.3474
37,14,30,3.65625,3.4812445,3.4182
37,15,45,4.125,3.98205225,4.1968
37,16,60,4,3.35819175,3.2289
37,17,75,3.3125,2.48320575,2.3993
37,18,90,2.875,1.8981875,1.8277
37,19,105,3.0625,1.998462,1.879
37,20,120,4.0625,2.90463475,2.6575
37,21,135,6,4.7427705,4.2556
37,22,150,8.78125,7.40431175,6.6889
37,23,165,11.40625,10.731756,10.4448
37,24,180,12.21875,11.73318325,11.3205
38,1,-165,12.78125,11.81413075,10.4223
38,2,-150,9.6875,8.92198325,8.265
38,3,-135,7.9375,6.907771,6.4115
38,4,-120,7.15625,5.85564175,5.4874
38,5,-105,6.9375,5.40936375,5.2598
38,6,-90,6.125,4.73191475,4.8589
38,7,-75,4.46875,3.4257735,3.9176
38,8,-60,2.78125,2.06114925,2.4798
38,9,-45,1.34375,0.91684025,1.1912
38,10,-30,0.40625,0.221884,0.3376
38,11,-15,0,0,0
38,12,0,0.15625,0.4170365,0.4568
38,13,15,0,0.00069025,0.0001
38,14,30,0.40625,0.219374,0.3352
38,15,45,1.34375,0.91834625,1.1937
38,16,60,2.78125,2.06077275,2.4795
38,17,75,4.46875,3.4335545,3.928
38,18,90,6.125,4.73040875,4.8564
38,19,105,6.9375,5.40861075,5.2598
38,20,120,7.15625,5.86041075,5.4932
38,21,135,7.9375,6.90871225,6.4068
38,22,150,9.6875,8.93214875,8.2752
38,23,165,12.78125,11.8096755,10.4157
38,24,180,14.84375,14.1976895,12.4866
39,1,-165,2.75,2.22078525,2.6861
39,2,-150,3.15625,2.7377825,3.1766
39,3,-135,3.46875,3.18751175,3.6312
39,4,-120,3.03125,2.7882335,2.8675
39,5,-105,1.5,1.39411675,1.5547
39,6,-90,0.21875,0.218621,0.3541
39,7,-75,0,0,0
39,8,-60,0.875,0.8334455,0.5746
39,9,-45,2.53125,2.50316025,1.9316
39,10,-30,4.46875,4.596061,3.8037
39,11,-15,6.03125,6.3546925,5.4658
39,12,0,6.78125,7.17916475,6.2924
39,13,15,6.03125,6.35412775,5.4654
39,14,30,4.46875,4.5961865,3.8037
39,15,45,2.53125,2.50316025,1.9316
39,16,60,0.875,0.83338275,0.5746
39,17,75,0,6.28E-05,0
39,18,90,0.21875,0.218872,0.3542
39,19,105,1.5,1.3944305,1.5547
39,20,120,3.03125,2.7884845,2.8678
39,21,135,3.46875,3.18738625,3.6312
39,22,150,3.15625,2.73734325,3.1759
39,23,165,2.75,2.2207225,2.6861
39,24,180,2.5625,2.00329375,2.4894
40,1,-165,0,0.78180225,2.511
40,2,-150,0.15625,1.20323125,2.8973
40,3,-135,0.5,1.71640075,3.307
40,4,-120,0.90625,2.0364885,3.3405
40,5,-105,1.0625,1.75204275,2.5018
40,6,-90,0.65625,0.8989565,1.0634
40,7,-75,0.15625,0.02026825,0
40,8,-60,0.25,0,0.0709
40,9,-45,1.0625,0.941501,1.2226
40,10,-30,2.15625,2.239924,2.7185
40,11,-15,3.09375,3.3040385,3.9358
40,12,0,3.6875,3.89683775,4.6542
40,13,15,3.6875,3.8803345,4.5055
40,14,30,3.15625,3.24260625,3.7099
40,15,45,2.125,2.04207325,2.5265
40,16,60,1,0.8118595,1.283
40,17,75,0.375,0.32799425,0.9565
40,18,90,0.375,0.802949,1.7024
40,19,105,0.6875,1.501482,2.6986
40,20,120,1,2.12088725,3.4476
40,21,135,1.15625,2.25868625,3.4819
40,22,150,0.9375,1.80236825,2.9888
40,23,165,0.5,1.13508475,2.5273
40,24,180,0.125,0.7099535,2.3487
41,1,-165,0.46875,0.45751025,0.5522
41,2,-150,1.65625,1.409114,1.5765
41,3,-135,3.59375,3.00440725,3.1034
41,4,-120,6.0625,5.1132465,4.9639
41,5,-105,8.6875,7.377141,6.8796
41,6,-90,8.40625,7.319662,5.7632
41,7,-75,6.09375,5.023263,3.603
41,8,-60,4.46875,3.4784835,2.2141
41,9,-45,3.65625,2.7350215,1.5493
41,10,-30,3.53125,2.7581135,1.6503
41,11,-15,3.84375,3.271785,2.1593
41,12,0,4.34375,4.28676625,3.1859
41,13,15,3.84375,3.27247525,2.16
41,14,30,3.53125,2.75805075,1.6504
41,15,45,3.65625,2.724103,1.5382
41,16,60,4.46875,3.4237655,2.1037
41,17,75,6.09375,5.02771825,3.6048
41,18,90,8.40625,7.32261125,5.7668
41,19,105,8.6875,7.3765135,6.8836
41,20,120,6.0625,5.10640675,4.9633
41,21,135,3.59375,3.00265025,3.1048
41,22,150,1.65625,1.408612,1.588
41,23,165,0.46875,0.450796,0.5464
41,24,180,0,0,0
42,1,-165,4.75,4.248175,4.4335
42,2,-150,4.3125,4.121169,4.4948
42,3,-135,5.09375,4.02233775,4.3929
42,4,-120,2.90625,2.90212475,2.8952
42,5,-105,1.125,1.36462425,1.3738
42,6,-90,0.09375,0.30038425,0.406
42,7,-75,0,0,0
42,8,-60,0.6875,0.4275785,0.2663
42,9,-45,1.75,1.27508,1.0472
42,10,-30,2.4375,1.151086,1.3665
42,11,-15,3.28125,2.385755,2.4401
42,12,0,3.9375,2.91818875,3.1104
42,13,15,4.75,4.228346,4.4127
42,14,30,4.375,4.14131175,4.489
42,15,45,5.28125,4.0843975,4.4989
42,16,60,2.875,2.83184475,2.7963
42,17,75,1.03125,1.24037925,1.2312
42,18,90,0.0625,0.228159,0.3504
42,19,105,0,0.01361675,0.0026
42,20,120,0.59375,0.3957015,0.2609
42,21,135,1.53125,1.1542235,0.9779
42,22,150,2.46875,1.8660595,1.7308
42,23,165,3.21875,2.355635,2.3793
42,24,180,3.96875,2.969079,3.1347
43,1,-165,0.15625,0.2872695,0.3085
43,2,-150,0,0,0.0813
43,3,-135,0.625,0.473637,0.6163
43,4,-120,1.875,1.56630275,1.7798
43,5,-105,3.375,2.93387625,3.2539
43,6,-90,4.375,3.876193,4.375
43,7,-75,3.6875,3.30435225,3.5993
43,8,-60,2.21875,2.0588275,2.1304
43,9,-45,0.9375,1.015044,0.875
43,10,-30,0.21875,0.49716825,0.1578
43,11,-15,0.09375,0.53946175,0
43,12,0,0.25,0.74503075,0.104
43,13,15,0.09375,0.53946175,0
43,14,30,0.21875,0.49716825,0.1578
43,15,45,0.9375,1.015295,0.875
43,16,60,2.21875,2.05889025,2.1304
43,17,75,3.6875,3.31175675,3.6045
43,18,90,4.375,3.87675775,4.3758
43,19,105,3.375,2.9363235,3.2564
43,20,120,1.875,1.56630275,1.7798
43,21,135,0.625,0.47332325,0.6156
43,22,150,0,0.00094125,0.0817
43,23,165,0.15625,0.28733225,0.3085
43,24,180,1,1.24288925,1.1509
44,1,-165,1.28125,1.057212,1.1812
44,2,-150,3.6875,3.23193875,3.2513
44,3,-135,6.40625,5.75543,5.39
44,4,-120,7.6875,7.3878085,6.7792
44,5,-105,5.15625,6.36379125,5.9577
44,6,-90,2.65625,3.895018,3.1372
44,7,-75,0.90625,2.15364275,1.0219
44,8,-60,2.9375,3.40952125,3.2879
44,9,-45,3.84375,3.99560625,4.122
44,10,-30,5.5625,5.47738475,5.472
44,11,-15,7.375,7.0241095,6.5116
44,12,0,7,6.522737,6.2563
44,13,15,5.09375,4.78155,4.7699
44,14,30,2.78125,2.75165025,2.7274
44,15,45,0.9375,1.07710375,0.9267
44,16,60,0.1875,0.367213,0
44,17,75,0.71875,0.85409025,0.4215
44,18,90,2.375,2.38129975,1.9832
44,19,105,4.9375,5.033805,4.5318
44,20,120,6.0625,6.4257255,5.7705
44,21,135,3.28125,3.1735185,2.6804
44,22,150,1.1875,1.1366535,0.7943
44,23,165,0.0625,0.08615575,0.0117
44,24,180,0,0,0.0455
45,1,-165,2.0625,3.77253,3.8292
45,2,-150,1,2.2207225,2.0591
45,3,-135,0.3125,1.00149,0.8428
45,4,-120,0.125,0.3633225,0.4103
45,5,-105,0.1875,0.1173425,0.4259
45,6,-90,0.1875,0.03514,0.3539
45,7,-75,0.0625,0,0.1091
45,8,-60,0,0.2277825,0
45,9,-45,0.25,0.9538,0.5891
45,10,-30,1,2.2684125,2.0428
45,11,-15,2.0625,3.861635,3.9373
45,12,0,2.6875,4.7357425,5.0814
45,13,15,2.0625,3.861635,3.9373
45,14,30,1,2.267785,2.0428
45,15,45,0.25,0.9544275,0.5891
45,16,60,0,0.227155,0
45,17,75,0.0625,0,0.1083
45,18,90,0.1875,0.0345125,0.3539
45,19,105,0.1875,0.116715,0.4259
45,20,120,0.125,0.3633225,0.4103
45,21,135,0.3125,1.000235,0.8413
45,22,150,1,2.222605,2.0602
45,23,165,2.0625,3.77253,3.8292
45,24,180,2.625,4.6114975,4.9108
46,1,-165,4.3125,4.484115,4.4461
46,2,-150,5.09375,4.96019925,5.3079
46,3,-135,6.125,5.67504725,6.2098
46,4,-120,2.5625,3.297638,3.0392
46,5,-105,1.4375,2.2124395,1.8381
46,6,-90,0.65625,1.187983,0.6213
46,7,-75,0.53125,0.5902265,0.0421
46,8,-60,1.0625,0.896572,0.3253
46,9,-45,2.90625,1.81931075,2.0882
46,10,-30,4.59375,3.64470825,3.1708
46,11,-15,6.65625,5.34128,4.9045
46,12,0,9.375,7.44321675,7.7715
46,13,15,5.8125,4.47024725,4.6917
46,14,30,3.5625,2.4598,2.6015
46,15,45,1.53125,0.80778075,0.8684
46,16,60,0.34375,0,0
46,17,75,0,0.12066825,0.0136
46,18,90,0.6875,1.09467375,0.7946
46,19,105,1.90625,2.48320575,2.0274
46,20,120,3.0625,3.74510825,3.2644
46,21,135,2.84375,3.7001165,3.6294
46,22,150,2.0625,2.81101175,2.8327
46,23,165,1.4375,2.0465285,2.1305
46,24,180,1.25,1.670154,1.8118
47,1,-165,0.71875,0.55138425,0.3447
47,2,-150,2.15625,1.63796325,1.368
47,3,-135,3.9375,2.92094975,2.8891
47,4,-120,5.65625,4.20682275,4.7564
47,5,-105,7.1875,5.39279775,6.54
47,6,-90,8.09375,6.243123,7.8819
47,7,-75,8,6.49086,8.1641
47,8,-60,7.5,6.43595375,7.2651
47,9,-45,6.90625,6.3549435,6.9749
47,10,-30,6.65625,6.5002725,7.0761
47,11,-15,6.53125,6.67051325,7.4504
47,12,0,6.375,6.61579525,7.6959
47,13,15,6.53125,6.670325,7.4504
47,14,30,6.65625,6.50008425,7.0761
47,15,45,6.90625,6.3534375,6.9736
47,16,60,7.5,6.43695775,7.265
47,17,75,7.96875,6.50259425,8.2113
47,18,90,8.09375,6.24406425,7.8832
47,19,105,7.1875,5.393488,6.5406
47,20,120,5.65625,4.207011,4.7564
47,21,135,3.9375,2.92415,2.8915
47,22,150,2.15625,1.635265,1.3649
47,23,165,0.71875,0.551447,0.3447
47,24,180,0,0,0
48,1,-165,0.96875,1.1439325,0.9133
48,2,-150,0.0625,0.17337825,0.1254
48,3,-135,0.125,0.030371,0.0243
48,4,-120,0.84375,0.51273025,0.4858
48,5,-105,1.75,1.14713275,0.9574
48,6,-90,2.09375,1.43804175,1.1548
48,7,-75,1.53125,1.077543,0.9918
48,8,-60,0.5625,0.37580975,0.4133
48,9,-45,0,0.00207075,0.0021
48,10,-30,0.28125,0.3964545,0.2649
48,11,-15,1.40625,1.54848175,1.1792
48,12,0,3.1875,3.2099135,2.6035
48,13,15,1.40625,1.54873275,1.1791
48,14,30,0.28125,0.398337,0.2662
48,15,45,0,0,0
48,16,60,0.5625,0.37493125,0.4125
48,17,75,1.53125,1.07572325,0.9896
48,18,90,2.09375,1.43866925,1.1556
48,19,105,1.75,1.14399525,0.9545
48,20,120,0.84375,0.51837775,0.4926
48,21,135,0.125,0.03068475,0.0243
48,22,150,0.0625,0.17576275,0.1273
48,23,165,0.96875,1.143556,0.913
48,24,180,2.71875,2.80297975,2.2962
49,1,-165,4.5,4.040347,3.3951
49,2,-150,3.125,2.79068075,2.5949
49,3,-135,1.78125,1.52112275,1.6239
49,4,-120,0.75,0.59116775,0.8192
49,5,-105,0.125,0.10221975,0.3012
49,6,-90,0,0.0001255,0.0223
49,7,-75,0.25,0.23474775,0.0005
49,8,-60,0.6875,0.56907975,0.0643
49,9,-45,1.28125,0.975888,0.2515
49,10,-30,1.90625,1.36926775,0.5271
49,11,-15,2.34375,1.627735,0.8473
49,12,0,2.96875,2.0997405,1.2958
49,13,15,2.34375,1.62779775,0.8475
49,14,30,1.90625,1.3693305,0.5271
49,15,45,1.28125,0.975637,0.2514
49,16,60,0.6875,0.5724055,0.0692
49,17,75,0.25,0.235438,0
49,18,90,0,0,0.0223
49,19,105,0.125,0.10234525,0.3012
49,20,120,0.75,0.593615,0.8219
49,21,135,1.8125,1.5209345,1.6236
49,22,150,3.125,2.79218675,2.5957
49,23,165,4.5,4.03940575,3.3936
49,24,180,5.15625,4.62549075,3.6489
50,1,-165,0.1875,0.087097,0.1978
50,2,-150,0.90625,0.49666625,0.828
50,3,-135,2.15625,1.3472425,1.8969
50,4,-120,3.71875,2.41317675,3.2123
50,5,-105,7.78125,5.8012375,7.2392
50,6,-90,7.71875,5.87848275,7.4516
50,7,-75,7,5.48240475,7.1184
50,8,-60,6.25,5.0560185,6.6887
50,9,-45,4.3125,3.1843115,4.4431
50,10,-30,6.5625,5.757187,6.9386
50,11,-15,7.90625,7.1970485,8.1137
50,12,0,9.46875,8.9595705,9.832
50,13,15,7.90625,7.20978675,8.1329
50,14,30,4.84375,4.00213225,4.9231
50,15,45,4.3125,3.18412325,4.4429
50,16,60,6.25,5.05595575,6.6888
50,17,75,7,5.4819655,7.118
50,18,90,7.71875,5.87710225,7.4503
50,19,105,7.78125,5.80192775,7.2399
50,20,120,3.71875,2.4117335,3.2111
50,21,135,2.15625,1.35709425,1.9075
50,22,150,0.90625,0.48047675,0.8141
50,23,165,0.1875,0.08163775,0.1926
50,24,180,0,0,0
51,1,-165,5,5.04654325,4.8365
51,2,-150,3.4375,2.935696,3.2916
51,3,-135,3.5,2.7367785,2.9639
51,4,-120,3.96875,2.840818,2.98
51,5,-105,4.4375,2.9169965,2.981
51,6,-90,4.53125,2.889512,2.9415
51,7,-75,3.8125,2.629727,2.5389
51,8,-60,3.875,2.760247,2.958
51,9,-45,3.8125,3.1172945,3.3155
51,10,-30,4.46875,4.11106625,4.2387
51,11,-15,6.03125,6.02581975,5.8498
51,12,0,2.90625,3.59651625,3.282
51,13,15,0.96875,1.45372925,1.297
51,14,30,0,0.2315475,0.1945
51,15,45,0.03125,0,0
51,16,60,0.8125,0.530614,0.4233
51,17,75,1.90625,1.3221425,1.0301
51,18,90,2.75,2.01760075,1.5521
51,19,105,3.09375,2.4694635,1.8283
51,20,120,2.5625,2.16456125,2.2842
51,21,135,1.4375,1.2506075,1.5396
51,22,150,0.875,0.8565375,1.238
51,23,165,1.25,1.35709425,1.6149
51,24,180,2.71875,2.8384335,2.8496
52,1,-165,0.09375,0.11577375,0.4903
52,2,-150,0.65625,0.583073,1.2897
52,3,-135,1.53125,1.26171425,2.3852
52,4,-120,2.46875,2.0256955,3.5894
52,5,-105,3.3125,2.72805625,4.4973
52,6,-90,3.9375,3.183684,5.1182
52,7,-75,4.34375,3.442716,5.2839
52,8,-60,4.34375,3.6298365,5.3622
52,9,-45,4.53125,4.161329,5.4734
52,10,-30,5,5.033554,5.7941
52,11,-15,5.46875,5.89893925,6.2913
52,12,0,5.75,6.28635775,6.4323
52,13,15,5.46875,5.90835175,6.3165
52,14,30,5,5.03386775,5.8065
52,15,45,4.53125,4.16804325,5.4707
52,16,60,4.375,3.66052125,5.2949
52,17,75,4.34375,3.43273875,5.3224
52,18,90,3.9375,3.172138,5.1642
52,19,105,3.3125,2.72115375,4.521
52,20,120,2.46875,2.027327,3.5886
52,21,135,1.53125,1.2598945,2.3965
52,22,150,0.65625,0.565252,1.331
52,23,165,0.09375,0.11527175,0.4952
52,24,180,0,0,0
53,1,-165,3.875,3.31953775,3.7004
53,2,-150,3.78125,3.5030815,3.9779
53,3,-135,4.3125,4.09086075,4.3951
53,4,-120,4.96875,4.684664,4.7994
53,5,-105,3.1875,3.1190515,3.8344
53,6,-90,1.03125,0.9248095,0.605
53,7,-75,0,0,0.0169
53,8,-60,0.28125,0.222135,0.5137
53,9,-45,1.3125,1.16972275,0.3186
53,10,-30,3.3125,3.42696575,2.6405
53,11,-15,4.28125,4.359368,3.2509
53,12,0,5.125,4.99195075,3.8585
53,13,15,4.28125,4.34713175,3.2451
53,14,30,3.3125,3.447234,2.6189
53,15,45,1.3125,1.19281475,0.3346
53,16,60,0.28125,0.23261425,0.5096
53,17,75,0,0.00997725,0
53,18,90,1.03125,0.92619,0.6029
53,19,105,5.3125,5.18245975,4.8319
53,20,120,4.96875,4.662827,4.7835
53,21,135,4.3125,4.08533875,4.3907
53,22,150,4.03125,3.70745825,3.9463
53,23,165,3.84375,3.29054725,3.7166
53,24,180,4.40625,3.6486615,3.8875
54,1,-165,0,0.002259,0.0025
54,2,-150,0.5,0.44081875,0.3756
54,3,-135,1.875,1.557706,1.3747
54,4,-120,3.625,3.00277575,2.6563
54,5,-105,5.125,4.24535125,3.7589
54,6,-90,5.6875,4.78613075,4.2814
54,7,-75,4.9375,4.338284,4.0093
54,8,-60,3.5,3.19504175,3.0899
54,9,-45,2.125,2.002729,2.0248
54,10,-30,1.3125,1.2711895,1.32
54,11,-15,1.125,1.154851,1.1878
54,12,0,1.6875,1.662122,1.6433
54,13,15,1.125,1.151337,1.1842
54,14,30,1.3125,1.2709385,1.3201
54,15,45,2.125,2.009506,2.0321
54,16,60,3.5,3.196987,3.0919
54,17,75,4.9375,4.343806,4.0151
54,18,90,5.6875,4.78462475,4.2799
54,19,105,5.125,4.245916,3.759
54,20,120,3.625,2.99926175,2.6473
54,21,135,1.875,1.5656125,1.3817
54,22,150,0.5,0.44019125,0.3749
54,23,165,0,0,0
54,24,180,0.4375,0.47941,0.4639
55,1,-165,0.9375,0.98699475,1.2593
55,2,-150,1.34375,1.05438825,1.0349
55,3,-135,2.21875,1.4767585,1.1439
55,4,-120,3.5625,2.33938275,1.6617
55,5,-105,5.34375,3.6283305,2.516
55,6,-90,7.09375,5.21722325,3.4252
55,7,-75,5.25,3.809427,2.462
55,8,-60,3.375,2.3660515,1.4791
55,9,-45,1.84375,1.238685,0.7151
55,10,-30,0.84375,0.51134975,0.2715
55,11,-15,0.1875,0.11928775,0.0565
55,12,0,0,0,0
55,13,15,0.1875,0.11928775,0.0565
55,14,30,0.78125,0.50055675,0.2532
55,15,45,1.84375,1.23661425,0.7131
55,16,60,3.375,2.3660515,1.4791
55,17,75,5.25,3.809427,2.462
55,18,90,7.125,5.20354375,3.4249
55,19,105,5.34375,3.62625975,2.5159
55,20,120,3.5625,2.33975925,1.6618
55,21,135,2.21875,1.4825315,1.1564
55,22,150,1.34375,1.05463925,1.0347
55,23,165,0.9375,0.987183,1.2593
55,24,180,0.84375,1.063487,1.5113
56,1,-165,0.21875,0.233179,0.3403
56,2,-150,0.8125,0.84492875,0.8211
56,3,-135,1.5,1.554694,1.2874
56,4,-120,1.75,1.8072,1.4611
56,5,-105,1.75,1.762271,1.5566
56,6,-90,1.71875,1.74401075,1.5916
56,7,-75,1.75,1.76697725,1.5304
56,8,-60,1.75,1.79596775,1.4165
56,9,-45,1.40625,1.4556745,1.1846
56,10,-30,0.75,0.76498525,0.6645
56,11,-15,0.21875,0.19245425,0.1769
56,12,0,0.03125,0.00520825,0
56,13,15,0.21875,0.22696675,0.1724
56,14,30,0.75,0.766303,0.6674
56,15,45,1.40625,1.454043,1.1837
56,16,60,1.75,1.79885425,1.4164
56,17,75,1.75,1.76107875,1.5251
56,18,90,1.71875,1.74526575,1.5926
56,19,105,1.75,1.7626475,1.5568
56,20,120,1.75,1.81265925,1.4629
56,21,135,1.5,1.5553215,1.2875
56,22,150,0.8125,0.84681125,0.8205
56,23,165,0.21875,0.22207225,0.3332
56,24,180,0,0,0.1549
57,1,-165,0.09375,0.19697225,0
57,2,-150,0.21875,0.50909075,0.0216
57,3,-135,0.25,0.71786,0.1091
57,4,-120,0.3125,0.82986875,0.1962
57,5,-105,0.53125,1.0237035,0.1528
57,6,-90,0.96875,1.22381325,0.5119
57,7,-75,1.5,1.42724875,0.8107
57,8,-60,2.46875,2.07056175,1.3945
57,9,-45,3.75,3.2048935,2.5242
57,10,-30,4.84375,4.267,3.6853
57,11,-15,5.5625,5.03512275,4.4968
57,12,0,5.84375,5.42517675,4.6854
57,13,15,5.5,5.21521525,4.3374
57,14,30,4.5625,4.325483,3.3969
57,15,45,3.21875,3.02963275,1.9757
57,16,60,2.0625,1.94757175,0.7719
57,17,75,1.59375,1.727131,0.649
57,18,90,1.75,2.164122,1.335
57,19,105,0.53125,1.0189345,0.1486
57,20,120,0.3125,0.82999425,0.1962
57,21,135,0.25,0.717609,0.1091
57,22,150,0.21875,0.510032,0.0225
57,23,165,0.09375,0.201804,0.0059
57,24,180,0,0,0.0294
58,1,-165,7.8125,7.14038525,6.1098
58,2,-150,9.46875,8.6395455,7.8421
58,3,-135,12.09375,11.06301325,10.3643
58,4,-120,15.4375,14.1675695,13.2653
58,5,-105,18.125,16.8166235,15.2751
58,6,-90,14.84375,13.9306255,12.957
58,7,-75,10.59375,10.0290815,9.6273
58,8,-60,6.625,6.22373325,6.0987
58,9,-45,3.5625,3.23695875,3.1544
58,10,-30,1.4375,1.18101775,1.1384
58,11,-15,0.3125,0.2144795,0.2041
58,12,0,0,0,0
58,13,15,0.3125,0.21353825,0.2026
58,14,30,1.40625,1.18716725,1.1449
58,15,45,3.5625,3.23068375,3.1492
58,16,60,6.625,6.23891875,6.1038
58,17,75,10.59375,10.0371135,9.6339
58,18,90,14.84375,13.93520625,12.9648
58,19,105,18.125,16.81543125,15.2615
58,20,120,15.4375,14.18859075,13.2819
58,21,135,12.09375,11.0639545,10.367
58,22,150,9.46875,8.633898,7.8387
58,23,165,7.8125,7.14251875,6.1116
58,24,180,7.3125,6.7367145,5.5717
59,1,-165,0.0625,0.2440975,0.3753
59,2,-150,0.375,0.6231075,0.9264
59,3,-135,0.8125,0.9770175,1.35
59,4,-120,1.25,1.1815825,1.5286
59,5,-105,1.5,1.1727975,1.4473
59,6,-90,1.625,0.9883125,1.1077
59,7,-75,1.75,0.8201425,0.8782
59,8,-60,2.3125,1.23743,1.2139
59,9,-45,3.5,2.47737,2.3667
59,10,-30,4.9375,4.140245,3.8437
59,11,-15,6.0625,5.370145,4.8813
59,12,0,6.6875,5.8062575,5.2634
59,13,15,6.0625,5.3714,4.8818
59,14,30,4.9375,4.140245,3.8437
59,15,45,3.5,2.4767425,2.3665
59,16,60,2.3125,1.2368025,1.2141
59,17,75,1.75,0.82077,0.8782
59,18,90,1.625,0.9895675,1.1077
59,19,105,1.5,1.173425,1.4476
59,20,120,1.25,1.18221,1.5292
59,21,135,0.8125,0.9770175,1.3497
59,22,150,0.375,0.62248,0.926
59,23,165,0.0625,0.2440975,0.3753
59,24,180,0,0,0
60,1,-165,5,4.28400525,4.2043
60,2,-150,2.1875,1.9084785,1.7798
60,3,-135,0.40625,0.2689465,0.1852
60,4,-120,0,0,0
60,5,-105,0.21875,0.12832375,0.0792
60,6,-90,1.65625,1.42398575,1.349
60,7,-75,4.21875,3.675895,3.6703
60,8,-60,7.5625,6.66888175,6.6548
60,9,-45,7.46875,6.89553475,6.8754
60,10,-30,7.0625,6.8353575,6.6783
60,11,-15,6.84375,6.873635,6.6675
60,12,0,6.03125,6.32476075,6.2806
60,13,15,4.84375,4.93673075,4.8117
60,14,30,4.125,4.04279425,3.7868
60,15,45,4.3125,4.1750085,3.91
60,16,60,5.6875,5.54879425,5.4335
60,17,75,4.84375,4.56587825,4.3886
60,18,90,4.0625,3.95067725,3.6622
60,19,105,4.625,4.70342625,4.5371
60,20,120,5.84375,6.159289,6.1692
60,21,135,6.84375,6.896225,6.6854
60,22,150,7.09375,6.82663525,6.7316
60,23,165,7.59375,6.9804355,6.947
60,24,180,9.03125,7.9422675,7.746
61,1,-165,1.03125,1.31367125,1.0218
61,2,-150,0.125,0.2686955,0.1669
61,3,-135,0.03125,0.0036395,0.0048
61,4,-120,0.53125,0.37901,0.3182
61,5,-105,1.3125,1.12002475,1.0202
61,6,-90,1.96875,1.895803,1.8157
61,7,-75,1.21875,1.10370975,1.0145
61,8,-60,0.4375,0.3560435,0.3199
61,9,-45,0,0,0
61,10,-30,0.25,0.3992155,0.2511
61,11,-15,1.25,1.5620985,1.2186
61,12,0,2.65625,3.055172,2.3396
61,13,15,1.25,1.56730675,1.2208
61,14,30,0.25,0.39789775,0.2505
61,15,45,0,0.0038905,0.0046
61,16,60,0.4375,0.35598075,0.3199
61,17,75,1.21875,1.10145075,1.0123
61,18,90,1.96875,1.89724625,1.8148
61,19,105,1.3125,1.11989925,1.0191
61,20,120,0.53125,0.3816455,0.3218
61,21,135,0.03125,0.00207075,0.0036
61,22,150,0.125,0.2707035,0.1703
61,23,165,1.03125,1.31367125,1.0216
61,24,180,2.53125,2.9069565,2.2757
62,1,-165,0.71875,0.59342675,0.6728
62,2,-150,2.84375,2.2925085,2.5514
62,3,-135,6,4.86368975,5.3492
62,4,-120,9.8125,7.87481125,8.5597
62,5,-105,13.53125,10.792498,11.4338
62,6,-90,16.53125,13.24056375,13.2821
62,7,-75,18.21875,15.00095225,14.1448
62,8,-60,18.625,16.05816425,14.5796
62,9,-45,18.78125,16.982911,15.1488
62,10,-30,19.375,18.2551045,16.0562
62,11,-15,20.625,20.0362005,17.4705
62,12,0,22.625,22.3677395,19.4959
62,13,15,20.625,20.03588675,17.4695
62,14,30,19.375,18.2551045,16.0562
62,15,45,18.78125,16.982911,15.1488
62,16,60,18.625,16.0578505,14.5804
62,17,75,18.21875,14.99894425,14.143
62,18,90,16.53125,13.255561,13.241
62,19,105,13.53125,10.7908665,11.412
62,20,120,9.8125,7.87136,8.554
62,21,135,6,4.86356425,5.348
62,22,150,2.84375,2.29257125,2.5519
62,23,165,0.71875,0.59192075,0.6711
62,24,180,0,0,0
63,1,-165,1.21875,1.530598,1.5549
63,2,-150,0.125,0.28871275,0.3439
63,3,-135,0,0.0001255,0.0003
63,4,-120,0.78125,0.6321435,0.5024
63,5,-105,1.84375,1.553188,1.1264
63,6,-90,2.375,1.986916,1.3592
63,7,-75,1.84375,1.54910925,1.1223
63,8,-60,0.78125,0.64048925,0.5022
63,9,-45,0,0.00307475,0
63,10,-30,0.09375,0.28683025,0.3449
63,11,-15,1.1875,1.518299,1.5423
63,12,0,2.21875,2.544889,2.497
63,13,15,1.1875,1.51811075,1.5423
63,14,30,0.09375,0.28645375,0.3447
63,15,45,0,0.0031375,0
63,16,60,0.78125,0.6409285,0.5027
63,17,75,1.84375,1.549423,1.1223
63,18,90,2.375,1.98748075,1.3592
63,19,105,1.84375,1.55299975,1.1264
63,20,120,0.78125,0.63252,0.5024
63,21,135,0,0,0.0003
63,22,150,0.125,0.2880225,0.3434
63,23,165,1.21875,1.5307235,1.5549
63,24,180,2.21875,2.54695975,2.4987
64,1,-165,3.375,3.19529275,3.1285
64,2,-150,2.71875,2.63430775,2.4151
64,3,-135,1.5,1.557706,1.223
64,4,-120,0.96875,1.43641025,0.879
64,5,-105,0.84375,1.38884575,0.6249
64,6,-90,0.59375,0.92437025,0.247
64,7,-75,0.15625,0.32259775,0.0041
64,8,-60,0,0,0.1061
64,9,-45,0.53125,0.13986975,0.5995
64,10,-30,1.625,0.89964675,1.6558
64,11,-15,2.8125,1.7874965,2.7072
64,12,0,3.46875,2.102376,3.1458
64,13,15,2.8125,1.780594,2.7018
64,14,30,1.625,0.89450125,1.6491
64,15,45,0.53125,0.13535175,0.5949
64,16,60,0.03125,0.02842575,0.2283
64,17,75,0.15625,0.3186445,0
64,18,90,0.59375,0.9245585,0.248
64,19,105,0.84375,1.38897125,0.6249
64,20,120,0.96875,1.4388575,0.8806
64,21,135,1.5,1.55613725,1.2213
64,22,150,2.71875,2.6293505,2.3947
64,23,165,3.375,3.1948535,3.1274
64,24,180,3.59375,3.46612175,3.7551
65,1,-165,0.4375,0.5370145,0.4264
65,2,-150,1.59375,1.93690425,1.525
65,3,-135,3.0625,3.60643075,2.9113
65,4,-120,4.5,5.05633225,4.2882
65,5,-105,5.5625,5.756685,5.0424
65,6,-90,5.65625,5.48165175,4.7153
65,7,-75,5.125,5.0028065,4.2347
65,8,-60,4.6875,4.8446765,4.0446
65,9,-45,4.46875,5.006446,4.3685
65,10,-30,4.9375,5.751916,5.2262
65,11,-15,5.71875,6.7713525,6.1732
65,12,0,6.5625,7.8044685,6.9194
65,13,15,5.71875,6.76639525,6.1715
65,14,30,4.9375,5.75222975,5.2267
65,15,45,4.46875,5.00726175,4.3692
65,16,60,4.6875,4.8446765,4.0446
65,17,75,5.125,5.00148875,4.2333
65,18,90,5.65625,5.47763575,4.71
65,19,105,5.5625,5.75900675,5.0456
65,20,120,4.5,5.05532825,4.2873
65,21,135,3.0625,3.604109,2.9085
65,22,150,1.59375,1.9368415,1.525
65,23,165,0.4375,0.53808125,0.427
65,24,180,0,0,0
66,1,-165,2.4375,2.202525,0.6583
66,2,-150,2.125,1.9709775,0.7312
66,3,-135,1.625,1.532355,0.6541
66,4,-120,1,0.89105,0.4758
66,5,-105,0.375,0.325045,0.3413
66,6,-90,1.125,1.33783,0.456
66,7,-75,0,0,0
66,8,-60,0.4375,0.4511725,0.1358
66,9,-45,1.125,1.1326375,0.4784
66,10,-30,1.875,1.7400575,0.7493
66,11,-15,2.5,2.134755,0.8047
66,12,0,2.6875,2.2841,0.7951
66,13,15,2.5,2.1341275,0.8106
66,14,30,1.875,1.7400575,0.7494
66,15,45,1.125,1.1301275,0.4763
66,16,60,0.4375,0.4524275,0.136
66,17,75,0,0.0031375,0.0036
66,18,90,1.125,1.3208875,0.4364
66,19,105,0.375,0.3244175,0.3412
66,20,120,1,0.89105,0.4758
66,21,135,1.625,1.532355,0.6541
66,22,150,2.125,1.9709775,0.7312
66,23,165,2.4375,2.202525,0.6583
66,24,180,2.5625,2.2659025,0.5833
67,1,-165,4,4.38202075,4.7514
67,2,-150,1.28125,1.5452815,1.7972
67,3,-135,0.0625,0.197537,0.281
67,4,-120,0.0625,0.01273825,0
67,5,-105,0.625,0.41672275,0.2177
67,6,-90,1,0.701294,0.3679
67,7,-75,0.59375,0.42211925,0.2339
67,8,-60,0,0.00018825,0.0032
67,9,-45,0.1875,0.372986,0.4676
67,10,-30,1.78125,2.1426615,2.3708
67,11,-15,4.8125,5.35175925,5.6631
67,12,0,8.78125,9.47845025,9.696
67,13,15,4.8125,5.35132,5.6629
67,14,30,1.78125,2.1426615,2.3708
67,15,45,0.1875,0.37166825,0.4659
67,16,60,0,0,0.0029
67,17,75,0.59375,0.4225585,0.2338
67,18,90,1,0.70085475,0.3677
67,19,105,0.625,0.41659725,0.2177
67,20,120,0.0625,0.013052,0
67,21,135,0.0625,0.19772525,0.281
67,22,150,1.28125,1.54434025,1.7971
67,23,165,4,4.38540925,4.7543
67,24,180,7.90625,8.420548,8.6915
68,1,-165,0.8125,0.87228775,1.3442
68,2,-150,1.46875,1.578288,2.481
68,3,-135,2.8125,2.45729,2.3621
68,4,-120,5.6875,5.406038,5.3377
68,5,-105,7.5625,7.57273275,7.3484
68,6,-90,6.3125,6.0206115,6.7249
68,7,-75,5.03125,4.61796075,5.7938
68,8,-60,3.53125,2.95521125,4.2859
68,9,-45,2.1875,1.40817275,2.4547
68,10,-30,1.46875,0.43040225,1.1691
68,11,-15,0,0.01123225,0.7656
68,12,0,1.90625,1.466593,2.5418
68,13,15,0,0,0.7616
68,14,30,1.4375,0.45863975,1.1879
68,15,45,2.21875,1.35621575,2.4235
68,16,60,3.5625,3.03076225,4.3543
68,17,75,5.03125,4.626683,5.8038
68,18,90,6.3125,6.0078105,6.7157
68,19,105,7.5625,7.59971525,7.3616
68,20,120,5.8125,5.48428725,5.3882
68,21,135,2.8125,2.4526465,2.359
68,22,150,1.46875,1.588579,2.4951
68,23,165,0.8125,0.87504875,1.3487
68,24,180,0.0625,0.049447,0
69,1,-165,0.5,0.49478375,0.5077
69,2,-150,1.90625,1.88494725,1.9819
69,3,-135,3.84375,3.82103575,4.0453
69,4,-120,5.8125,5.4736825,5.9155
69,5,-105,7.34375,6.55166475,7.2274
69,6,-90,8.125,6.780263,7.5949
69,7,-75,8.1875,6.38042,7.1884
69,8,-60,8,5.86041075,6.5239
69,9,-45,7.90625,5.58067125,6.0579
69,10,-30,8.15625,5.69537825,6.0125
69,11,-15,8.75,6.16023025,6.3709
69,12,0,9.5625,6.92803925,7.0626
69,13,15,8.75,6.15809675,6.3672
69,14,30,8.15625,5.698202,6.0146
69,15,45,7.90625,5.581487,6.0588
69,16,60,8,5.86015975,6.5235
69,17,75,8.1875,6.3805455,7.1884
69,18,90,8.125,6.78383975,7.5991
69,19,105,7.34375,6.54890375,7.2238
69,20,120,5.8125,5.4776985,5.9191
69,21,135,3.84375,3.82342025,4.0473
69,22,150,1.90625,1.891285,1.9858
69,23,165,0.5,0.473135,0.491
69,24,180,0,0,0
70,1,-165,1.90625,2.0382455,2.0759
70,2,-150,0.75,0.772327,0.7119
70,3,-135,0.0625,0.06582475,0.0525
70,4,-120,0.03125,0.06569925,0.0286
70,5,-105,0.40625,0.43692825,0.4265
70,6,-90,1.0625,1.0154205,1.0488
70,7,-75,0.34375,0.37442925,0.3694
70,8,-60,0,0.00269825,0
70,9,-45,0.15625,0.16208325,0.1094
70,10,-30,0.90625,0.97457025,0.882
70,11,-15,2.0625,2.23120175,2.2993
70,12,0,2.78125,3.21876125,4.3503
70,13,15,2.0625,2.2302605,2.3001
70,14,30,0.90625,0.9737545,0.8812
70,15,45,0.15625,0.158883,0.1071
70,16,60,0,0,0.0004
70,17,75,0.34375,0.37442925,0.3694
70,18,90,1.0625,1.017052,1.0501
70,19,105,0.40625,0.440003,0.4284
70,20,120,0.03125,0.06958975,0.0293
70,21,135,0.0625,0.063754,0.0506
70,22,150,0.75,0.772076,0.713
70,23,165,1.90625,2.041383,2.0751
70,24,180,2.78125,3.2156865,4.3469
71,1,-165,0.875,0.97808425,0.2354
71,2,-150,0.8125,0.8728525,0.1447
71,3,-135,1,0.97231125,0.217
71,4,-120,1.5625,1.3427245,0.5223
71,5,-105,2.1875,1.8133495,0.9018
71,6,-90,2.4375,2.00379575,1.121
71,7,-75,2.125,1.7121965,1.0229
71,8,-60,1.375,1.03280225,0.7117
71,9,-45,0.5,0.34079525,0.2962
71,10,-30,0,0,0.0007
71,11,-15,0.0625,0.16566,0.0054
71,12,0,0.3125,0.52653525,0.1748
71,13,15,0.0625,0.1650325,0.0067
71,14,30,0,0.0001255,0
71,15,45,0.5,0.33928925,0.2941
71,16,60,1.375,1.032614,0.7127
71,17,75,2.125,1.710565,1.02
71,18,90,2.4375,2.00128575,1.1179
71,19,105,2.1875,1.81391425,0.9022
71,20,120,1.5625,1.342097,0.5216
71,21,135,1,0.96653825,0.216
71,22,150,0.8125,0.87097,0.1434
71,23,165,0.875,0.97820975,0.2354
71,24,180,0.9375,1.07986475,0.3483
72,1,-165,0.125,0.03118675,0.0949
72,2,-150,0.875,0.8060865,0.8361
72,3,-135,1.71875,1.673417,1.5292
72,4,-120,2.0625,2.0266995,1.8308
72,5,-105,1.96875,1.90276825,1.7493
72,6,-90,1.5625,1.529845,1.297
72,7,-75,0.9375,0.9730015,0.8132
72,8,-60,0.4375,0.6627655,0.7191
72,9,-45,0.3125,0.72495075,0.8477
72,10,-30,0.34375,0.789395,0.7081
72,11,-15,0.46875,0.97293875,0.6163
72,12,0,0.875,1.5673695,0.98
72,13,15,0.46875,0.970868,0.6143
72,14,30,0.34375,0.78770075,0.7065
72,15,45,0.3125,0.72557825,0.8457
72,16,60,0.4375,0.6647735,0.7208
72,17,75,0.9375,0.96892275,0.8088
72,18,90,1.5625,1.5297195,1.297
72,19,105,1.96875,1.90258,1.7488
72,20,120,2.0625,2.0274525,1.8322
72,21,135,1.71875,1.67448375,1.53
72,22,150,0.875,0.80112925,0.8313
72,23,165,0.125,0.02340575,0.0881
72,24,180,0,0,0
73,1,-165,2.125,4.24497475,4.1397
73,2,-150,2.5,4.62737325,4.2819
73,3,-135,2.25,4.02384375,3.6421
73,4,-120,1.4375,2.8994265,2.7305
73,5,-105,0.6875,1.66256125,1.6163
73,6,-90,0.3125,0.84718775,1.1145
73,7,-75,0.5625,0.6138205,1.3428
73,8,-60,0,0.007028,0.1235
73,9,-45,0.3125,0,0
73,10,-30,1.8125,1.38382575,1.1919
73,11,-15,4.125,4.036582,3.6267
73,12,0,6.5625,6.93669875,6.0458
73,13,15,4.125,4.03313075,3.6312
73,14,30,1.8125,1.38420225,1.1919
73,15,45,0.3125,6.27E-05,0
73,16,60,0,0.0064005,0.1233
73,17,75,0.5625,0.623233,1.3639
73,18,90,0.3125,0.83162575,1.0968
73,19,105,0.6875,1.6750485,1.6277
73,20,120,1.4375,2.8989245,2.7307
73,21,135,2.25,4.0301815,3.6505
73,22,150,2.5,4.626934,4.281
73,23,165,2.125,4.254199,4.1479
73,24,180,1.9375,3.719569,3.5508
74,1,-165,3.25,3.61396075,3.4248
74,2,-150,2.03125,2.22555425,2.0446
74,3,-135,1.71875,1.70799225,1.617
74,4,-120,2.125,1.88871225,1.8438
74,5,-105,2.84375,2.30800775,2.2758
74,6,-90,3.28125,2.4707185,2.4901
74,7,-75,2.75,1.95535275,2.096
74,8,-60,1.34375,0.80426675,1.026
74,9,-45,0.15625,0,0
74,10,-30,0,0.2553925,0.3281
74,11,-15,0.84375,1.4908145,1.7188
74,12,0,0.5,1.671409,2.0093
74,13,15,0.84375,1.49012425,1.7176
74,14,30,0,0.257526,0.3308
74,15,45,0.15625,0.0016315,0.0013
74,16,60,1.34375,0.803953,1.0228
74,17,75,2.75,1.95598025,2.096
74,18,90,3.28125,2.47040475,2.4901
74,19,105,2.84375,2.30775675,2.2758
74,20,120,2.125,1.88783375,1.8433
74,21,135,1.71875,1.707051,1.617
74,22,150,2.03125,2.22618175,2.044
74,23,165,3.25,3.61960825,3.441
74,24,180,4.96875,5.40610075,5.3365
75,1,-165,0.28125,0.2282845,0.3043
75,2,-150,1.1875,0.95938475,1.2275
75,3,-135,2.65625,2.17987225,2.6814
75,4,-120,4.4375,3.70733275,4.4088
75,5,-105,6.125,5.08808375,5.9193
75,6,-90,6.875,5.6857775,6.6215
75,7,-75,6.0625,5.05934425,5.9547
75,8,-60,4.34375,3.627452,4.3864
75,9,-45,2.53125,2.08662575,2.6235
75,10,-30,1.125,0.89858,1.1854
75,11,-15,0.28125,0.2119695,0.2919
75,12,0,0,0,0
75,13,15,0.28125,0.2119695,0.2919
75,14,30,1.125,0.8982035,1.1849
75,15,45,2.53125,2.08511975,2.6225
75,16,60,4.34375,3.62695,4.3859
75,17,75,6.0625,5.05934425,5.9547
75,18,90,6.875,5.68496175,6.6204
75,19,105,6.125,5.088021,5.9193
75,20,120,4.4375,3.70733275,4.4088
75,21,135,2.65625,2.18024875,2.6818
75,22,150,1.1875,0.9599495,1.2283
75,23,165,0.28125,0.23110825,0.3076
75,24,180,0,0.00251,0.0031
76,1,-165,1.53125,1.20724725,0.5957
76,2,-150,1.34375,1.1431795,0.6337
76,3,-135,0.75,0.55075675,0.3926
76,4,-120,0.375,0.116464,0.2441
76,5,-105,0,0,0
76,6,-90,0.3125,0.3178915,0.3398
76,7,-75,1.0625,0.84329725,0.8736
76,8,-60,2.0625,1.50392925,1.6012
76,9,-45,2.96875,2.2764445,2.0386
76,10,-30,3.03125,2.31352975,1.8843
76,11,-15,2.46875,1.868946,1.2713
76,12,0,1.84375,1.41043175,0.7557
76,13,15,1.53125,1.21484,0.6092
76,14,30,1.375,1.15478825,0.6332
76,15,45,0.78125,0.58734,0.4363
76,16,60,0.375,0.09983525,0.2431
76,17,75,0,0.022841,0.0217
76,18,90,0.40625,0.4160325,0.423
76,19,105,1.15625,0.9248095,0.9474
76,20,120,2.03125,1.49476775,1.58
76,21,135,2.90625,2.2189655,2.481
76,22,150,3.0625,2.3449675,1.952
76,23,165,2.5625,1.9175145,1.3251
76,24,180,1.90625,1.41971875,0.744
77,1,-165,0.578125,0.7636675,0.392
77,2,-150,0.5,0.75557275,0.2263
77,3,-135,0.4375,0.745972,0.1709
77,4,-120,0.328125,0.613695,0.1328
77,5,-105,0.140625,0.31067525,0.0666
77,6,-90,0,0,0
77,7,-75,0.203125,0.068021,0.1533
77,8,-60,1.140625,0.89801525,0.9161
77,9,-45,2.875,2.5866805,2.4359
77,10,-30,5,4.814431,4.3621
77,11,-15,5.578125,6.39453875,5.1403
77,12,0,7.953125,7.57712525,7.0062
77,13,15,5.578125,6.3956055,5.1414
77,14,30,5,4.75161825,4.3803
77,15,45,2.875,2.584547,2.4351
77,16,60,1.140625,0.895819,0.9186
77,17,75,0.203125,0.06569925,0.1543
77,18,90,0,0.00069025,0.0013
77,19,105,0.140625,0.31080075,0.067
77,20,120,0.328125,0.61513825,0.1348
77,21,135,0.4375,0.745972,0.1709
77,22,150,0.5,0.7553845,0.2252
77,23,165,0.578125,0.76134575,0.3907
77,24,180,0.671875,0.784375,0.5547
78,1,-165,0.8125,0.55540025,0.6776
78,2,-150,0.5,0.3914345,0.5054
78,3,-135,0.15625,0.16145575,0.2323
78,4,-120,0,0.01311475,0.046
78,5,-105,0.09375,0.00194525,0.002
78,6,-90,0.40625,0.081073,0.0312
78,7,-75,1.015625,0.38396725,0.3028
78,8,-60,2.203125,1.43314725,1.2884
78,9,-45,3.78125,3.15488175,2.8985
78,10,-30,4.59375,4.22552225,3.8155
78,11,-15,4.5,4.08897825,3.7166
78,12,0,4.40625,3.98757425,3.6545
78,13,15,4.5,4.08973125,3.7186
78,14,30,4.59375,4.2252085,3.815
78,15,45,4.140625,3.1722635,2.6235
78,16,60,2.59375,1.62566425,1.1777
78,17,75,1.015625,0.38434375,0.3031
78,18,90,0.40625,0.081073,0.0312
78,19,105,0.09375,0,0
78,20,120,0,0.013303,0.0461
78,21,135,0.15625,0.16145575,0.2323
78,22,150,0.5,0.39061875,0.5046
78,23,165,0.8125,0.55540025,0.6776
78,24,180,0.9375,0.58734,0.7071
79,1,-165,0.34375,0.83802625,1.0819
79,2,-150,0,0.1760765,0.2506
79,3,-135,0.15625,0.0094125,0
79,4,-120,0.78125,0.30916925,0.2325
79,5,-105,1.5,0.7661775,0.6792
79,6,-90,1.875,1.02351525,0.9077
79,7,-75,1.46875,0.82547625,0.6789
79,8,-60,0.625,0.259534,0.1947
79,9,-45,0.0625,6.28E-05,0.0232
79,10,-30,0.0625,0.32146825,0.4233
79,11,-15,0.4375,0.964091,1.2398
79,12,0,0.65625,1.33211975,1.7313
79,13,15,0.4375,0.963338,1.2389
79,14,30,0.0625,0.32128,0.4233
79,15,45,0.0625,0,0.0232
79,16,60,0.625,0.25947125,0.1947
79,17,75,1.46875,0.82535075,0.6782
79,18,90,1.875,1.02326425,0.9077
79,19,105,1.5,0.7674325,0.6794
79,20,120,0.78125,0.30879275,0.2325
79,21,135,0.15625,0.00909875,0
79,22,150,0,0.1770805,0.252
79,23,165,0.34375,0.83834,1.0841
79,24,180,0.65625,1.33174325,1.7313
80,1,-165,3.90625,4.50350475,4.5349
80,2,-150,3.03125,3.45131275,3.5286
80,3,-135,2.09375,2.31352975,2.3669
80,4,-120,1.59375,1.623468,1.5845
80,5,-105,0.9375,1.00255675,0.9721
80,6,-90,0,0.0011295,0.0009
80,7,-75,0.09375,0.12995525,0.1232
80,8,-60,0.5625,0.7491095,0.6035
80,9,-45,0.90625,1.1411715,0.9557
80,10,-30,1.0625,1.22946075,1.1506
80,11,-15,1.1875,1.22494275,1.2545
80,12,0,1.25,1.21126325,1.2795
80,13,15,1.1875,1.22494275,1.2545
80,14,30,1.0625,1.2297745,1.1506
80,15,45,0.90625,1.14286575,0.9575
80,16,60,0.5625,0.74929775,0.6035
80,17,75,0.09375,0.129767,0.1232
80,18,90,0,0,0
80,19,105,0.9375,1.0031215,0.9753
80,20,120,1.59375,1.62327975,1.5851
80,21,135,2.09375,2.307945,2.3665
80,22,150,3.03125,3.45125,3.5286
80,23,165,3.90625,4.50350475,4.5349
80,24,180,4.25,4.9149565,4.9235
81,1,-165,5.125,5.28411475,4.7673
81,2,-150,5.21875,5.01140325,4.3376
81,3,-135,5.90625,5.48240475,4.6457
81,4,-120,9.90625,8.4015975,8.0501
81,5,-105,10.3125,8.863563,8.5358
81,6,-90,9.75,8.169046,7.9781
81,7,-75,7.6875,6.32513725,5.7823
81,8,-60,5,4.12123175,3.8793
81,9,-45,2.46875,1.99099475,1.7585
81,10,-30,0.625,0.5299865,0.5035
81,11,-15,0.03125,0,0
81,12,0,0.25,0.2714565,0.1057
81,13,15,0,0.0618715,0.0867
81,14,30,0.625,0.530112,0.5033
81,15,45,2.40625,1.9704755,1.8785
81,16,60,4.96875,4.1258125,3.9302
81,17,75,7.71875,6.3403855,5.7714
81,18,90,9.75,8.16835575,7.9785
81,19,105,10.3125,8.86400225,8.5362
81,20,120,9.90625,8.4003425,8.0477
81,21,135,5.90625,5.48993475,4.6535
81,22,150,5.21875,5.01140325,4.3376
81,23,165,5.15625,5.27495325,4.7474
81,24,180,5.65625,6.10626525,5.8039
82,1,-165,0,0.01236175,0.4445
82,2,-150,1.25,0.98900275,1.6748
82,3,-135,3.15625,2.430182,3.5113
82,4,-120,5.5,4.37700075,5.7385
82,5,-105,7.90625,6.35387675,7.9669
82,6,-90,9.3125,7.28734575,9.1132
82,7,-75,8.59375,5.5936605,4.9643
82,8,-60,7,4.37850675,3.8649
82,9,-45,2.75,1.437979,2.266
82,10,-30,3,2.22605625,2.8637
82,11,-15,3.78125,2.8534935,3.4548
82,12,0,3.34375,2.4875355,3.1377
82,13,15,3.78125,2.867675,3.4476
82,14,30,3,2.22643275,2.8677
82,15,45,2.75,1.43214325,2.2643
82,16,60,7.59375,5.80857925,7.5358
82,17,75,8.9375,6.7703485,8.6628
82,18,90,9.34375,7.2429815,9.1062
82,19,105,6.71875,4.06224675,3.4345
82,20,120,4.3125,2.33373525,1.889
82,21,135,1.8125,0.57861775,0
82,22,150,1.25,0.9860535,1.6801
82,23,165,0,0.0134285,0.4436
82,24,180,0.3125,0,0.2576
83,1,-165,0.875,3.45532875,2.1314
83,2,-150,0.40625,2.5753855,1.1147
83,3,-135,0,1.75605875,0.3877
83,4,-120,1.84375,1.95133675,1.5858
83,5,-105,0.75,0.65529825,0.4823
83,6,-90,0.15625,0.12644125,0.011
83,7,-75,1.25,0.93164925,0.9466
83,8,-60,0.65625,0.0003765,0.0002
83,9,-45,1.03125,0.24742325,0.4793
83,10,-30,2.53125,1.83700625,2.2404
83,11,-15,4.90625,4.3512105,4.8633
83,12,0,7.75,7.323678,8.0325
83,13,15,4.90625,4.40461075,4.9455
83,14,30,2.53125,1.86493,2.2839
83,15,45,1.03125,0.262044,0.4879
83,16,60,0.65625,0,0
83,17,75,1.25,0.93121,0.9446
83,18,90,2.28125,2.32532675,2.5536
83,19,105,1.375,1.5829315,1.4798
83,20,120,1.75,2.1559645,1.8455
83,21,135,0,1.765785,0.3888
83,22,150,0.40625,2.578272,1.1181
83,23,165,0.875,3.45570525,2.1322
83,24,180,1.09375,3.860631,2.6616
84,1,-165,4,3.68474275,2.9761
84,2,-150,4.90625,4.36620775,3.6945
84,3,-135,5.9375,5.2023515,4.5549
84,4,-120,6.1875,5.41927825,4.874
84,5,-105,5.28125,4.60252425,4.2471
84,6,-90,3.4375,2.9373275,2.7754
84,7,-75,1.375,1.1502075,1.2622
84,8,-60,0,0.000251,0.0532
84,9,-45,0.03125,0.03972075,0
84,10,-30,1.3125,1.25117225,1.1884
84,11,-15,2.84375,3.1361195,2.8325
84,12,0,3.71875,4.42443975,3.8712
84,13,15,2.84375,3.135743,2.8319
84,14,30,1.3125,1.249478,1.187
84,15,45,0.03125,0.03972075,0
84,16,60,0,0,0.053
84,17,75,1.375,1.1502075,1.2622
84,18,90,3.4375,2.938206,2.7767
84,19,105,5.28125,4.5999515,4.244
84,20,120,6.1875,5.42053325,4.8753
84,21,135,5.9375,5.20072,4.5531
84,22,150,4.90625,4.36620775,3.6943
84,23,165,4,3.68474275,2.9761
84,24,180,3.6875,3.53627625,2.836
85,1,-165,11.1875,8.4269485,8.9812
85,2,-150,10.84375,8.43705125,9.0099
85,3,-135,10.875,8.68303125,9.2397
85,4,-120,11.15625,9.202162,9.6412
85,5,-105,11.4375,9.7642765,10.0892
85,6,-90,11.375,10.12088475,10.4322
85,7,-75,10.5,9.68941575,9.8341
85,8,-60,8.65625,8.04423625,7.8771
85,9,-45,6.1875,5.5642935,5.2151
85,10,-30,3.84375,3.11371775,2.685
85,11,-15,1.34375,0.93604175,0.5442
85,12,0,0,0,0
85,13,15,0.1875,0.27189575,0.2996
85,14,30,1.59375,1.73698275,1.7853
85,15,45,3.96875,4.0889155,4.0587
85,16,60,6.71875,6.703457,6.5795
85,17,75,8.90625,8.69846775,8.5524
85,18,90,9.71875,9.00544075,8.9222
85,19,105,9.5625,8.20864125,8.2647
85,20,120,9.375,7.48174525,7.7327
85,21,135,9.625,7.405002,7.6487
85,22,150,10.3125,7.88949475,8.0867
85,23,165,11.28125,8.6990325,8.9982
85,24,180,11.875,8.756386,9.0825
86,1,-165,7.03125,6.742111,6.724
86,2,-150,7.34375,6.9831965,7.3365
86,3,-135,7.71875,7.27115625,8.0446
86,4,-120,8.09375,7.448174,8.5086
86,5,-105,7.8125,6.60111175,7.6054
86,6,-90,5.9375,4.75902275,5.4655
86,7,-75,3.75,2.88901,3.4345
86,8,-60,3.40625,2.66455325,2.4786
86,9,-45,1.875,1.37002075,1.2336
86,10,-30,0.84375,0.5430385,0.3987
86,11,-15,0.21875,0.10824375,0.0452
86,12,0,0,0,0
86,13,15,0.21875,0.1203545,0.0836
86,14,30,0.84375,0.54372875,0.4534
86,15,45,1.875,1.37140125,1.2329
86,16,60,3.40625,2.66455325,2.4789
86,17,75,3.75,2.89070425,3.4467
86,18,90,5.9375,4.74873175,5.4367
86,19,105,7.8125,6.59998225,7.5897
86,20,120,8.09375,7.450182,8.511
86,21,135,7.71875,7.27253675,8.0462
86,22,150,7.34375,6.97961975,7.2603
86,23,165,7.03125,6.731569,6.6893
86,24,180,6.875,6.685636,6.4426
87,1,-165,2.6875,4.010478,4.372
87,2,-150,0.625,1.25506275,1.4054
87,3,-135,0,0.02403325,0.0284
87,4,-120,0.5,0.00759275,0.0322
87,5,-105,1.34375,0.5186915,0.5983
87,6,-90,1.75,0.77891575,0.8765
87,7,-75,1.3125,0.49189725,0.5649
87,8,-60,0.53125,0.00583575,0.0132
87,9,-45,0.03125,0.001506,0.0018
87,10,-30,0.53125,1.1248565,1.2661
87,11,-15,2.3125,3.54945375,3.9259
87,12,0,4.96875,6.7434915,7.3477
87,13,15,2.3125,3.5500185,3.9266
87,14,30,0.53125,1.1243545,1.2657
87,15,45,0.03125,0,0
87,16,60,0.53125,0.0064005,0.0143
87,17,75,1.34375,0.49239925,0.5654
87,18,90,1.75,0.777849,0.8758
87,19,105,1.34375,0.51875425,0.5983
87,20,120,0.5,0.0048945,0.0293
87,21,135,0,0.02259,0.0268
87,22,150,0.625,1.24903875,1.3998
87,23,165,2.6875,4.00928575,4.3694
87,24,180,5.6875,7.62468975,8.1592
88,1,-165,0,0.00031375,0
88,2,-150,0.59375,0.59844675,0.5905
88,3,-135,1.40625,1.41595375,1.1776
88,4,-120,1.84375,1.83010375,1.3352
88,5,-105,1.9375,1.78153525,1.2916
88,6,-90,2.03125,1.59027325,0.8945
88,7,-75,2.46875,1.6353905,0.9003
88,8,-60,3.625,2.523554,1.855
88,9,-45,4.59375,2.997693,2.6352
88,10,-30,5.0625,3.35894475,3.1326
88,11,-15,5.4375,3.9975515,3.8524
88,12,0,5.59375,4.38089125,4.3073
88,13,15,5.4375,3.99811625,3.8524
88,14,30,5.0625,3.3537365,3.1282
88,15,45,4.59375,2.99700275,2.6348
88,16,60,3.625,2.52361675,1.855
88,17,75,2.46875,1.6368965,0.9019
88,18,90,2.03125,1.592093,0.8967
88,19,105,1.9375,1.78153525,1.2916
88,20,120,1.84375,1.83010375,1.3353
88,21,135,1.40625,1.42749975,1.1948
88,22,150,0.59375,0.59982725,0.5913
88,23,165,0,0,0
88,24,180,0.125,0.37857075,0.618
89,1,-165,0.53125,0.53293575,0.5258
89,2,-150,2.125,2.0723815,1.9725
89,3,-135,4.40625,4.20857975,4.0868
89,4,-120,6.75,6.2771335,6.1106
89,5,-105,8.84375,8.00620975,7.8442
89,6,-90,10.96875,9.91079775,9.9289
89,7,-75,12.25,10.9148605,11.5638
89,8,-60,14.40625,12.8478115,12.2753
89,9,-45,13.8125,12.19075625,12.0324
89,10,-30,13.0625,11.27222175,10.9377
89,11,-15,13.1875,11.0968355,10.7418
89,12,0,14.0625,11.74749025,11.5757
89,13,15,15.53125,12.985987,12.6079
89,14,30,9.71875,7.54763275,8.8436
89,15,45,9.1875,7.1784745,8.2794
89,16,60,9.1875,7.26965025,8.0614
89,17,75,8.875,7.15255875,7.5741
89,18,90,8.0625,6.743115,7.0823
89,19,105,7.15625,6.3019825,6.7185
89,20,120,5.5,5.04930425,5.5606
89,21,135,3.40625,3.15663875,3.7157
89,22,150,1.34375,1.17750375,1.7714
89,23,165,0.6875,0.59192075,0.5171
89,24,180,0,0,0
90,1,-165,0.34375,0.230669,0.2425
90,2,-150,1.84375,1.4790175,1.439
90,3,-135,4.21875,3.55911725,3.5696
90,4,-120,7.09375,6.12295675,6.3675
90,5,-105,12.71875,11.203134,11.6415
90,6,-90,13.6875,11.6869365,11.5844
90,7,-75,12.65625,11.27774375,12.2416
90,8,-60,11.34375,9.787745,10.6369
90,9,-45,9.40625,8.08075675,8.5284
90,10,-30,7.6875,6.7921855,6.9159
90,11,-15,6.71875,6.0160935,6.0372
90,12,0,6.8125,5.7761375,6.1604
90,13,15,6.71875,5.976561,6.0156
90,14,30,7.6875,6.795323,6.9207
90,15,45,9.40625,8.08703175,8.537
90,16,60,11.34375,9.8006715,10.6674
90,17,75,12.65625,11.28866225,12.2537
90,18,90,13.6875,11.6989845,11.5957
90,19,105,12.71875,11.19711,11.6453
90,20,120,7.09375,6.122392,6.3664
90,21,135,4.21875,3.5572975,3.5676
90,22,150,1.84375,1.47882925,1.439
90,23,165,0.34375,0.232677,0.245
90,24,180,0,0,0
91,1,-165,4.40625,4.01305075,3.4921
91,2,-150,3.3125,2.68777075,2.5681
91,3,-135,2.96875,2.141532,2.1828
91,4,-120,3.15625,2.202274,2.2413
91,5,-105,3.4375,2.559196,2.6212
91,6,-90,3.125,2.7952615,2.9265
91,7,-75,2.28125,2.465071,2.8137
91,8,-60,1.46875,1.90439975,2.3879
91,9,-45,0.625,0.32309975,0.292
91,10,-30,0.03125,0.001004,0
91,11,-15,0,0.27101725,0.3112
91,12,0,0.375,0.861683,0.9562
91,13,15,0,0.27177025,0.3117
91,14,30,0.03125,0,0.0018
91,15,45,0.625,0.3236645,0.2928
91,16,60,1.46875,1.9042115,2.3879
91,17,75,2.28125,2.4659495,2.8145
91,18,90,3.125,2.7970185,2.9255
91,19,105,3.4375,2.56076475,2.6231
91,20,120,3.15625,2.201521,2.2398
91,21,135,2.96875,2.14121825,2.1823
91,22,150,3.3125,2.69015525,2.5708
91,23,165,4.40625,4.012235,3.4916
91,24,180,6.1875,5.95372,4.9295
92,1,-165,0.125,0.14915675,0.3878
92,2,-150,0.6875,0.492964,0.7247
92,3,-135,1.78125,1.29948975,1.6282
92,4,-120,3.5,2.707035,3.2044
92,5,-105,5.65625,4.598069,5.2126
92,6,-90,7.75,6.49908025,7.1048
92,7,-75,9.21875,7.790287,8.2731
92,8,-60,9.5625,8.15969625,8.6065
92,9,-45,2.8125,1.886014,2.0057
92,10,-30,1,0.3610635,0.3949
92,11,-15,0.25,0,0
92,12,0,0.03125,0.15329825,0.2554
92,13,15,0,0.0786885,0.4481
92,14,30,0.5,0.28770875,0.9688
92,15,45,1.84375,1.29045375,2.201
92,16,60,4.15625,3.2274835,4.3187
92,17,75,7.21875,5.980075,7.0444
92,18,90,10.375,8.85960975,9.545
92,19,105,12.4375,10.70621675,10.8425
92,20,120,4.375,3.5562935,3.6082
92,21,135,2.09375,1.449525,1.3877
92,22,150,0.78125,0.3078515,0.2609
92,23,165,0.21875,0.05314925,0.0728
92,24,180,0,0.1474625,0.3885
93,1,-165,2.25,1.90716075,2.0325
93,2,-150,0.375,0.2563965,0.2944
93,3,-135,0,0,0.0262
93,4,-120,0,0,0.1487
93,5,-105,0.09375,0.012299,0
93,6,-90,0.84375,0.6052865,0.6246
93,7,-75,1.96875,2.1742875,2.0597
93,8,-60,4.40625,3.75928975,4.1044
93,9,-45,6.25,5.53536575,5.6458
93,10,-30,9.65625,8.90002075,8.5649
93,11,-15,11.875,11.431293,11.256
93,12,0,11.9375,10.9489965,10.9752
93,13,15,10.25,9.915504,9.403
93,14,30,7.28125,6.8238115,6.7561
93,15,45,5.1875,4.7206825,4.6362
93,16,60,4.71875,4.26405075,3.9256
93,17,75,5.03125,4.714533,4.5193
93,18,90,5.375,4.572969,4.7068
93,19,105,7.40625,6.3594615,6.2743
93,20,120,10.46875,9.719724,8.926
93,21,135,9.6875,9.17411275,8.7832
93,22,150,8.1875,7.62707425,7.8923
93,23,165,6.8125,5.828722,6.4251
93,24,180,4.84375,4.28287575,4.8278
94,1,-165,0.15625,0.0872225,0.3575
94,2,-150,0.65625,0.351651,0.5704
94,3,-135,1.46875,0.80200775,0.9285
94,4,-120,2.4375,1.3623025,1.4008
94,5,-105,3.28125,1.83951625,1.8541
94,6,-90,3.59375,2.06416125,2.1127
94,7,-75,3.25,1.94957975,1.99
94,8,-60,2.46875,1.5485445,1.565
94,9,-45,1.59375,1.05288225,1.0175
94,10,-30,0.90625,0.661134,0.4974
94,11,-15,0.53125,0.45801225,0.1309
94,12,0,0.375,0.40015675,0
94,13,15,0.53125,0.456318,0.1291
94,14,30,0.90625,0.661134,0.4974
94,15,45,1.59375,1.052945,1.0175
94,16,60,2.46875,1.548921,1.5651
94,17,75,3.25,1.949015,1.9894
94,18,90,3.59375,2.0615885,2.1094
94,19,105,3.28125,1.83951625,1.8541
94,20,120,2.4375,1.36236525,1.4008
94,21,135,1.46875,0.8020705,0.9285
94,22,150,0.65625,0.35158825,0.5704
94,23,165,0.15625,0.08640675,0.3566
94,24,180,0,0,0.2862
95,1,-165,2.5625,1.96978525,2.3642
95,2,-150,4.21875,3.543618,4.1248
95,3,-135,8.5,6.06547775,6.8947
95,4,-120,9.9375,7.36038675,8.5026
95,5,-105,11.65625,9.003621,10.1239
95,6,-90,13.46875,10.76946875,11.7002
95,7,-75,12.5,11.0760025,10.9159
95,8,-60,8.46875,7.41133975,7.4841
95,9,-45,4.625,3.901795,4.079
95,10,-30,1.8125,1.417146,1.5815
95,11,-15,0.28125,0.1489685,0.2422
95,12,0,0,0,0
95,13,15,0.28125,0.14827825,0.2423
95,14,30,1.8125,1.41633025,1.5764
95,15,45,4.625,3.90474425,4.0831
95,16,60,8.46875,7.41849325,7.4896
95,17,75,12.5,11.077634,10.9163
95,18,90,13.46875,10.7630055,11.6976
95,19,105,11.65625,9.0009855,10.1212
95,20,120,9.9375,7.35938275,8.5024
95,21,135,8.5,6.08894625,6.8662
95,22,150,1.84375,0.97532325,1.0868
95,23,165,2.5625,1.97053825,2.3649
95,24,180,1.5625,0.94670925,1.1888
96,1,-165,4.59375,4.6365975,4.7413
96,2,-150,3.0625,2.9699575,2.8899
96,3,-135,1.71875,1.68565325,1.6525
96,4,-120,0.65625,0.6504665,0.7201
96,5,-105,0,0.01650325,0.2413
96,6,-90,0.4375,0.32899825,0.2926
96,7,-75,0.53125,1.01749125,0.5091
96,8,-60,0.25,0.64437975,0.0392
96,9,-45,0.46875,0.7594005,0
96,10,-30,1.3125,1.41564,0.7388
96,11,-15,2.40625,2.266781,1.9064
96,12,0,3.90625,3.59250025,3.5368
96,13,15,2.40625,2.266781,1.9064
96,14,30,1.3125,1.4155145,0.7388
96,15,45,0.46875,0.7594005,0
96,16,60,0.25,0.64425425,0.0392
96,17,75,0.53125,1.0171775,0.5088
96,18,90,0.4375,0.330567,0.2943
96,19,105,0,0,0.2184
96,20,120,0.65625,0.66759725,0.7386
96,21,135,1.71875,1.682202,1.6476
96,22,150,3.0625,2.969832,2.8921
96,23,165,4.59375,4.635719,4.7391
96,24,180,6.21875,6.588248,6.8104
97,1,-165,7,6.37621575,6.7206
97,2,-150,7.4375,6.623388,6.743
97,3,-135,8.21875,7.12883925,6.9871
97,4,-120,9.40625,8.0351375,7.7541
97,5,-105,10.90625,9.333435,8.9863
97,6,-90,12.5,10.82029625,10.3337
97,7,-75,7.0625,5.9049005,5.7721
97,8,-60,4.40625,3.6401275,3.6573
97,9,-45,2.34375,1.92171875,1.977
97,10,-30,1,0.8018195,0.8344
97,11,-15,0.25,0.19132475,0.1974
97,12,0,0,0,0
97,13,15,0.25,0.19396025,0.2002
97,14,30,1,0.80489425,0.8371
97,15,45,2.34375,1.92460525,1.9796
97,16,60,4.40625,3.6391235,3.6528
97,17,75,7.0625,5.90458675,5.776
97,18,90,12.5,10.81703325,10.3314
97,19,105,10.90625,9.333686,8.9866
97,20,120,9.40625,8.0351375,7.7541
97,21,135,8.21875,7.12695675,6.9856
97,22,150,7.46875,6.6217565,6.7439
97,23,165,7,6.37696875,6.7218
97,24,180,6.84375,6.3047435,6.7305
98,1,-165,0.375,0.07599025,0
98,2,-150,1.625,0.73323375,0.5778
98,3,-135,3.3125,1.701278,1.786
98,4,-120,5.15625,2.86911825,3.4336
98,5,-105,6.6875,4.00614825,5.0463
98,6,-90,7.21875,4.60679125,5.9685
98,7,-75,6.40625,3.87085925,4.9075
98,8,-60,4.8125,2.6707655,3.1997
98,9,-45,3,1.50480775,1.5271
98,10,-30,1.40625,0.60698075,0.4314
98,11,-15,0,0,0.6255
98,12,0,0.375,0.67023275,1.328
98,13,15,0,0.0003765,0.6254
98,14,30,1.40625,0.60742,0.4323
98,15,45,3,1.50907475,1.5303
98,16,60,4.8125,2.66618475,3.192
98,17,75,6.40625,3.870922,4.9075
98,18,90,7.21875,4.60679125,5.9685
98,19,105,6.6875,3.993912,5.0178
98,20,120,5.15625,2.8652905,3.4295
98,21,135,3.3125,1.69676,1.7828
98,22,150,1.625,0.734175,0.5795
98,23,165,0.0625,0.02691975,0.6737
98,24,180,0.375,0.6720525,1.3303
99,1,-165,0.28125,0.199294,0.2319
99,2,-150,1.125,0.7990585,0.9114
99,3,-135,2.46875,1.7646555,1.9625
99,4,-120,4.03125,2.91254125,3.125
99,5,-105,5.40625,3.927397,4.0238
99,6,-90,6.125,4.44521,4.3571
99,7,-75,5.75,4.2934805,4.1366
99,8,-60,4.59375,3.58371525,3.4596
99,9,-45,3.28125,2.73219775,2.5902
99,10,-30,2.25,2.0713775,1.8547
99,11,-15,1.65625,1.72116975,1.4278
99,12,0,1.46875,1.62792325,1.2988
99,13,15,1.65625,1.7212325,1.4278
99,14,30,2.25,2.07131475,1.8547
99,15,45,3.28125,2.7300015,2.5885
99,16,60,4.59375,3.58371525,3.4596
99,17,75,5.75,4.3015125,4.1491
99,18,90,6.125,4.44740625,4.3533
99,19,105,5.40625,3.9265185,4.0248
99,20,120,4.03125,2.912855,3.1253
99,21,135,2.46875,1.76471825,1.9625
99,22,150,1.125,0.79899575,0.9114
99,23,165,0.28125,0.199294,0.2319
99,24,180,0,0,0
100,1,-165,15.875,14.41172975,13.3844
100,2,-150,14.65625,13.2105065,12.1524
100,3,-135,14.25,12.84536425,11.7405
100,4,-120,14.46875,12.86205575,11.7918
100,5,-105,14.78125,12.82980225,11.7147
100,6,-90,14.28125,12.1327125,10.9539
100,7,-75,12.34375,10.411229,9.3764
100,8,-60,9.1875,7.85033875,7.005
100,9,-45,5.65625,4.95367325,4.3104
100,10,-30,2.625,2.356388,1.9907
100,11,-15,0.65625,0.60610225,0.5071
100,12,0,0,0,0
100,13,15,0.65625,0.603906,0.5015
100,14,30,2.625,2.35632525,1.9927
100,15,45,5.65625,4.96685075,4.3189
100,16,60,9.1875,7.85222125,7.0079
100,17,75,12.34375,10.41116625,9.3764
100,18,90,14.3125,12.12361375,10.9531
100,19,105,14.78125,12.82967675,11.7147
100,20,120,14.46875,12.86117725,11.7915
100,21,135,14.25,12.8458035,11.7405
100,22,150,14.65625,13.210632,12.1524
100,23,165,15.875,14.415181,13.3885
100,24,180,17.875,16.30928975,15.2362
101,1,-165,4.8125,4.23744475,3.8008
101,2,-150,5.0625,4.57742425,4.1533
101,3,-135,5.4375,4.990884,4.5769
101,4,-120,5.78125,5.350818,4.9428
101,5,-105,6.03125,5.60213175,5.1283
101,6,-90,6.21875,5.80657125,5.1649
101,7,-75,6.40625,6.1029395,5.2036
101,8,-60,6.84375,6.5477115,5.3118
101,9,-45,7.46875,7.1784745,5.6431
101,10,-30,8.1875,7.77905475,6.1027
101,11,-15,8.6875,8.18969075,6.4265
101,12,0,3.09375,2.77210675,2.565
101,13,15,2.46875,2.3085725,2.0211
101,14,30,2.0625,2.04533625,1.7421
101,15,45,1.03125,1.1873555,1.0671
101,16,60,0,0.152106,0.1483
101,17,75,0.03125,0,0
101,18,90,1.03125,0.6800845,0.5768
101,19,105,2.5625,1.843595,1.7133
101,20,120,3.84375,2.85117175,2.7372
101,21,135,4.53125,3.47063975,3.5808
101,22,150,5.0625,4.5773615,4.1532
101,23,165,4.8125,4.23706825,3.8004
101,24,180,4.71875,4.10636,3.667
102,1,-165,2.78125,2.3005405,2.186
102,2,-150,2.0625,1.6946265,1.7523
102,3,-135,1.1875,0.947776,1.2931
102,4,-120,0.375,0.21717775,0.6372
102,5,-105,0,0,0
102,6,-90,0.5,0.49202275,0.1381
102,7,-75,1.34375,1.316997,0.5783
102,8,-60,2.0625,1.940732,1.2039
102,9,-45,2.3125,2.09365375,1.4492
102,10,-30,2.1875,1.8429675,1.2934
102,11,-15,1.96875,1.507757,1.1573
102,12,0,1.71875,1.33783,1.1578
102,13,15,1.9375,1.5043685,1.1553
102,14,30,2.1875,1.84290475,1.2934
102,15,45,2.3125,2.07545625,1.4342
102,16,60,2.0625,1.941485,1.2046
102,17,75,1.34375,1.31216525,0.5728
102,18,90,0.5,0.49202275,0.1381
102,19,105,0,0.001004,0.001
102,20,120,0.375,0.2177425,0.6393
102,21,135,1.1875,0.947776,1.2931
102,22,150,2.0625,1.69368525,1.7513
102,23,165,2.78125,2.30097975,2.1865
102,24,180,2.96875,2.4867825,2.3644
103,1,-165,2.03125,2.2297585,2.0037
103,2,-150,3.25,3.47791875,3.152
103,3,-135,3.9375,4.26951,4.0776
103,4,-120,3.84375,4.15197925,3.9644
103,5,-105,2.6875,3.10104225,2.825
103,6,-90,1.125,1.703788,1.4123
103,7,-75,0.15625,0.9463955,0.6536
103,8,-60,0.0625,0.74967425,0.475
103,9,-45,0.15625,0.93240225,0.637
103,10,-30,1.0625,1.61487125,1.3076
103,11,-15,2.59375,2.9907905,2.6873
103,12,0,3.78125,4.06362725,3.8348
103,13,15,3.9375,4.3040225,4.1206
103,14,30,3.40625,3.64633975,3.3338
103,15,45,2.25,2.50039925,2.2584
103,16,60,1.6875,1.8509995,1.4818
103,17,75,0.09375,0.30873,0.3777
103,18,90,0.09375,0,0
103,19,105,0.8125,0.435987,0.3542
103,20,120,1.375,0.969111,0.787
103,21,135,1,0.5796845,0.4727
103,22,150,0.21875,0.06645225,0.0431
103,23,165,0,0.17475875,0.238
103,24,180,1.46875,1.71690275,1.3237
104,1,-165,1.1875,1.1604985,0.4253
104,2,-150,1.78125,1.78467275,1.1569
104,3,-135,2.40625,2.389269,1.7325
104,4,-120,2.5625,2.530582,1.7925
104,5,-105,2.03125,2.01873025,1.2726
104,6,-90,1.09375,1.1484505,0.4427
104,7,-75,0,0.1185975,0.1821
104,8,-60,0.1875,0,0.2191
104,9,-45,1.03125,0.61815025,0.9242
104,10,-30,2.25,1.7887515,2.065
104,11,-15,3.3125,2.850105,2.978
104,12,0,3.6875,3.23595475,3.1289
104,13,15,3.3125,2.850858,2.9787
104,14,30,2.25,1.789379,2.0655
104,15,45,1.03125,0.61865225,0.9246
104,16,60,0.1875,0,0.2191
104,17,75,0,0.11928775,0.1825
104,18,90,1.09375,1.15001925,0.4443
104,19,105,2.03125,2.0199225,1.2739
104,20,120,2.5625,2.53252725,1.7941
104,21,135,2.40625,2.3881395,1.732
104,22,150,1.78125,1.78668075,1.1593
104,23,165,1.1875,1.15943175,0.4247
104,24,180,0.96875,0.8886655,0
105,1,-165,0.90625,0.577049,1.3276
105,2,-150,2.375,1.80638425,2.5424
105,3,-135,3.34375,2.64321825,3.2799
105,4,-120,4.03125,3.2736675,3.6098
105,5,-105,4.125,3.499693,3.4696
105,6,-90,1.8125,1.54245775,1.383
105,7,-75,0.125,0.46089875,0
105,8,-60,0,0.7802335,0.1604
105,9,-45,1.40625,2.32093425,1.6903
105,10,-30,3.6875,4.1893155,3.804
105,11,-15,4.09375,4.6119995,4.5757
105,12,0,5.40625,5.258701,5.2195
105,13,15,4.0625,3.82831475,4.0613
105,14,30,2.40625,2.1486855,2.5091
105,15,45,1.375,1.162381,1.4749
105,16,60,1.375,1.09944275,1.3837
105,17,75,0.8125,1.1409205,1.3873
105,18,90,2.53125,2.79168475,2.9331
105,19,105,4.53125,4.682656,4.7336
105,20,120,5.5,5.46972925,5.5748
105,21,135,4.53125,4.43159325,4.7524
105,22,150,2.40625,2.370444,2.94
105,23,165,0.6875,0.6371635,1.305
105,24,180,0.125,0,0.7279
106,1,-165,12.8125,12.0365795,10.8216
106,2,-150,13.09375,12.16452675,11.1992
106,3,-135,13.78125,12.63239075,11.9772
106,4,-120,14.703125,13.28649675,12.9417
106,5,-105,13.203125,11.696851,11.8896
106,6,-90,11.171875,9.7989145,10.0275
106,7,-75,8.375,7.4405185,7.6495
106,8,-60,5.265625,4.8002495,4.9205
106,9,-45,2.734375,2.52537375,2.6304
106,10,-30,1.09375,0.98084525,1.074
106,11,-15,0.234375,0.20663575,0.2689
106,12,0,0,0,0
106,13,15,0.234375,0.192266,0.2868
106,14,30,1.09375,0.98097075,1.0811
106,15,45,2.75,2.51909875,2.6279
106,16,60,5.265625,4.805897,4.9222
106,17,75,8.375,7.4405185,7.643
106,18,90,11.171875,9.804813,10.0237
106,19,105,13.203125,11.6967255,11.8887
106,20,120,14.484375,12.988246,12.9354
106,21,135,13.78125,12.63653225,11.9847
106,22,150,13.09375,12.16590725,11.2008
106,23,165,12.8125,12.0325635,10.8178
106,24,180,13.21875,12.741262,11.5524
107,1,-165,0,0,0.3512
107,2,-150,0,0.1163385,0.1897
107,3,-135,0.1875,0.38785775,0.1597
107,4,-120,0.5,0.7340495,0.1787
107,5,-105,0.6875,1.04221475,0.1079
107,6,-90,0.8125,1.18578675,0
107,7,-75,0.625,1.00293325,0.1519
107,8,-60,0.4375,0.689497,0.2285
107,9,-45,0.125,0.3306925,0.1598
107,10,-30,0,0.08326925,0.2172
107,11,-15,0.0625,0.0008785,0.3646
107,12,0,0.1875,0.09255625,0.4529
107,13,15,0.0625,0.00094125,0.3646
107,14,30,0,0.0827045,0.2161
107,15,45,0.125,0.3299395,0.1591
107,16,60,0.4375,0.6911285,0.2302
107,17,75,0.625,1.00318425,0.1519
107,18,90,0.8125,1.18917525,0.0032
107,19,105,0.6875,1.038136,0.105
107,20,120,0.5,0.733924,0.1787
107,21,135,0.1875,0.38785775,0.1597
107,22,150,0,0.115962,0.1897
107,23,165,0,0.00031375,0.3514
107,24,180,0.1875,0.09079925,0.4548
108,1,-165,0.5,1.354145,1.2246
108,2,-150,0.875,1.913373,2.0782
108,3,-135,1.125,2.20735675,2.809
108,4,-120,1.03125,1.7689225,2.4562
108,5,-105,0.5625,0.7312885,0.631
108,6,-90,0,0.095882,0.0819
108,7,-75,0.03125,0,0
108,8,-60,0.65625,0.22684125,0.1322
108,9,-45,1.5625,1.12027575,0.9448
108,10,-30,2.90625,2.4147455,2.3972
108,11,-15,4.25,3.82630675,3.9705
108,12,0,5.34375,5.06687425,5.1713
108,13,15,4.28125,4.02447125,3.8358
108,14,30,2.9375,2.63907675,2.3661
108,15,45,1.6875,1.37729975,1.0584
108,16,60,0.78125,0.5927365,0.39
108,17,75,0.28125,0.385787,0.2418
108,18,90,0.3125,0.63270825,0.5546
108,19,105,0.8125,1.30777275,1.5927
108,20,120,1.125,2.039375,2.5719
108,21,135,1.15625,2.3309115,2.885
108,22,150,0.90625,1.90188975,2.0712
108,23,165,0.53125,1.3462385,1.1854
108,24,180,0.34375,1.1050275,0.8591
109,1,-165,4.15625,4.34449625,3.4191
109,2,-150,4.15625,4.41389775,3.6736
109,3,-135,4.1875,4.46911775,4.0396
109,4,-120,4.3125,4.48894675,4.2886
109,5,-105,4.5,4.5181255,4.4692
109,6,-90,4.75,4.65674025,4.5659
109,7,-75,5.03125,4.9603875,4.6578
109,8,-60,5.46875,5.400516,4.9192
109,9,-45,5.96875,5.85049625,5.3419
109,10,-30,5.96875,5.7046025,5.2608
109,11,-15,6.0625,5.7407465,5.2236
109,12,0,1.34375,1.07020125,0.9639
109,13,15,0.4375,0.34594075,0.2945
109,14,30,0,0,0
109,15,45,0,0.08276725,0.1724
109,16,60,0.6875,0.69307375,0.7871
109,17,75,2.15625,1.89260275,1.9274
109,18,90,4.75,4.65510875,4.5624
109,19,105,4.5,4.51555275,4.4646
109,20,120,4.3125,4.491645,4.292
109,21,135,4.1875,4.47012175,4.0419
109,22,150,4.15625,4.41402325,3.6736
109,23,165,4.15625,4.3444335,3.4191
109,24,180,4.09375,4.24823775,3.3805
110,1,-165,7.40625,6.82186625,4.0064
110,2,-150,7.9375,7.52077575,5.0719
110,3,-135,7.59375,7.087236,4.7297
110,4,-120,6.3125,5.72750625,3.5654
110,5,-105,5.0625,4.40009275,2.5091
110,6,-90,4.40625,3.85868575,2.2912
110,7,-75,4.78125,4.50915225,2.7629
110,8,-60,3.25,3.0731185,1.8627
110,9,-45,1.96875,1.84943075,0.8669
110,10,-30,1.53125,1.499976,0.455
110,11,-15,1.09375,1.665385,1.334
110,12,0,0.90625,1.296917,1.0417
110,13,15,0.03125,0.1718095,0
110,14,30,0,0,0.0675
110,15,45,0.875,0.7907755,0.9263
110,16,60,2.4375,2.233147,2.0852
110,17,75,3.8125,3.63215825,3.1635
110,18,90,6.625,6.572686,4.4266
110,19,105,6.875,6.6016765,4.9674
110,20,120,6.5,6.4254745,4.5014
110,21,135,6.375,6.2723645,3.8531
110,22,150,6.3125,6.048347,3.1267
110,23,165,6.4375,6.00900275,2.8393
110,24,180,6.78125,6.22298025,3.1833
111,1,-165,2.6875,3.03264475,3.0369
111,2,-150,1.4375,1.70297225,1.6249
111,3,-135,0.375,0.47633525,0.4417
111,4,-120,0,0.0006275,0.0007
111,5,-105,0.3125,0.38898725,0.3688
111,6,-90,1.3125,1.551682,1.4982
111,7,-75,2.5625,2.89522225,2.904
111,8,-60,3.34375,3.5944455,3.6953
111,9,-45,2.78125,3.106878,3.1306
111,10,-30,1.46875,1.742944,1.6795
111,11,-15,0.375,0.477904,0.4457
111,12,0,0,0,0
111,13,15,0.375,0.47796675,0.4457
111,14,30,1.46875,1.7458305,1.6815
111,15,45,2.78125,3.1067525,3.1306
111,16,60,3.34375,3.59463375,3.6953
111,17,75,2.5625,2.8954105,2.904
111,18,90,1.3125,1.54936025,1.4969
111,19,105,0.3125,0.38886175,0.3688
111,20,120,0,0.0006275,0.0007
111,21,135,0.375,0.4762725,0.4417
111,22,150,1.4375,1.70146625,1.6237
111,23,165,2.6875,3.032582,3.0369
111,24,180,3.34375,3.60630525,3.7095
112,1,-165,6.03125,7.7720895,6.4268
112,2,-150,5.65625,7.219011,5.2152
112,3,-135,4.84375,6.07388625,4.1946
112,4,-120,4.25,4.74396275,3.001
112,5,-105,4.09375,3.83019725,2.456
112,6,-90,4.21875,3.40607,2.4633
112,7,-75,4.65625,3.858874,4.2398
112,8,-60,3.3125,2.71582,2.8275
112,9,-45,2.09375,1.7480895,1.7237
112,10,-30,1.28125,0.9940855,1.0855
112,11,-15,0.8125,0.483175,0.8269
112,12,0,0.46875,0.482422,0.8846
112,13,15,0,0,0.1246
112,14,30,0.25,0.127006,0
112,15,45,1.28125,0.86475775,0.8015
112,16,60,2.6875,1.95108575,2.3212
112,17,75,4.09375,3.12815025,3.9654
112,18,90,4.21875,3.40625825,2.4633
112,19,105,4.09375,3.83019725,2.456
112,20,120,4.25,4.744653,3.0047
112,21,135,4.84375,6.072694,4.1906
112,22,150,5.65625,7.22032875,5.2161
112,23,165,6.03125,7.771964,6.4268
112,24,180,6.25,8.2073235,6.5662
113,1,-165,0,0.109687,0.0252
113,2,-150,0.0625,0.56907975,0.161
113,3,-135,0.1875,0.92010325,0.34
113,4,-120,0.25,0.96465575,0.3517
113,5,-105,0.3125,0.74603475,0.2246
113,6,-90,0.5625,0.68453975,0.2593
113,7,-75,1.6875,1.42637025,0.7745
113,8,-60,2.1875,1.7345355,1.1332
113,9,-45,3.6875,3.16278825,2.5282
113,10,-30,5.5,4.9852365,4.3234
113,11,-15,6.875,6.27895325,5.6419
113,12,0,7.375,6.6596575,6.1268
113,13,15,6.875,6.2783885,5.6419
113,14,30,5.5,4.9852365,4.3231
113,15,45,3.6875,3.14659875,2.5092
113,16,60,2.4375,2.07068725,1.3221
113,17,75,1.25,1.160373,0.5397
113,18,90,0.5625,0.6851045,0.2592
113,19,105,0.3125,0.7455955,0.224
113,20,120,0.25,0.964593,0.352
113,21,135,0.1875,0.91935025,0.3397
113,22,150,0.0625,0.56977,0.1626
113,23,165,0,0.1100635,0.0268
113,24,180,0.125,0,0
114,1,-165,2.75,3.482123,3.6682
114,2,-150,2,2.51382775,3.1394
114,3,-135,1.21875,1.6002505,2.4667
114,4,-120,0.53125,0.88069625,1.4277
114,5,-105,0.0625,0.15856925,0.3795
114,6,-90,0,0.003765,0.0037
114,7,-75,0.125,0.256522,0.5464
114,8,-60,0.71875,1.095615,1.7633
114,9,-45,1.375,1.75957275,2.6
114,10,-30,2.15625,2.68864925,3.2347
114,11,-15,2.8125,3.5535325,3.7018
114,12,0,3.0625,3.903301,3.8682
114,13,15,2.8125,3.552403,3.7004
114,14,30,2.15625,2.69002975,3.2362
114,15,45,1.375,1.75982375,2.6004
114,16,60,0.71875,1.092101,1.7596
114,17,75,0.125,0.25853,0.5481
114,18,90,0,0,0
114,19,105,0.0625,0.1575025,0.3781
114,20,120,0.53125,0.87919025,1.4276
114,21,135,1.21875,1.6010035,2.4673
114,22,150,2,2.5136395,3.139
114,23,165,2.75,3.4814955,3.6675
114,24,180,3.0625,3.90261075,3.8666
115,1,-165,3.3125,3.12978175,3.432
115,2,-150,3,2.641273,2.7863
115,3,-135,1.65625,1.63903,1.6983
115,4,-120,0.53125,0.54749375,0.7131
115,5,-105,0,0.015311,0.0208
115,6,-90,0.5,0.3620675,0.3994
115,7,-75,0.40625,0.20814175,0.5127
115,8,-60,1.6875,1.13452,1.2921
115,9,-45,3.15625,2.5302055,2.5808
115,10,-30,4.0625,3.413851,3.4567
115,11,-15,4.125,3.543367,3.4963
115,12,0,3.875,3.483127,3.4728
115,13,15,3.34375,3.177409,3.4528
115,14,30,3.09375,2.707035,2.8215
115,15,45,1.78125,1.7242445,1.7442
115,16,60,0.53125,0.51222825,0.646
115,17,75,0,0,0
115,18,90,0.59375,0.44671725,0.4588
115,19,105,0.5,0.28582625,0.572
115,20,120,1.6875,1.150333,1.3066
115,21,135,3,2.37966825,2.4358
115,22,150,4,3.35367375,3.3899
115,23,165,4.125,3.54230025,3.5062
115,24,180,3.875,3.47465575,3.4583
116,1,-165,6.5,5.5778475,5.5423
116,2,-150,7.09375,5.98126725,5.9612
116,3,-135,8.15625,6.75560225,6.8202
116,4,-120,9.3125,7.51148875,7.4834
116,5,-105,10.1875,8.07561125,7.9269
116,6,-90,10.125,7.97533675,7.8315
116,7,-75,8.46875,6.856316,6.8213
116,8,-60,6.03125,4.97475725,5.0478
116,9,-45,3.59375,2.96399625,3.1302
116,10,-30,1.625,1.3126045,1.4889
116,11,-15,0.40625,0.32874725,0.3962
116,12,0,0,0,0
116,13,15,0.40625,0.327304,0.3932
116,14,30,1.625,1.31693425,1.4923
116,15,45,3.59375,2.95621525,3.1279
116,16,60,6.03125,4.97638875,5.0535
116,17,75,8.5,6.8559395,6.8176
116,18,90,10.09375,7.98926725,7.8405
116,19,105,10.1875,8.0755485,7.9267
116,20,120,9.3125,7.51098675,7.4821
116,21,135,8.15625,6.75359425,6.8199
116,22,150,7.09375,5.98063975,5.9606
116,23,165,6.46875,5.5914015,5.5398
116,24,180,6.34375,5.52745925,5.4619
117,1,-165,0.34375,0.22841,0.2996
117,2,-150,1.3125,1.046168,1.2644
117,3,-135,2.84375,2.43827675,2.8459
117,4,-120,4.90625,4.26856875,4.8517
117,5,-105,7.25,6.3228155,6.9651
117,6,-90,9.28125,8.174819,8.7252
117,7,-75,10.1875,9.2118255,9.2922
117,8,-60,10.34375,9.59453775,9.1227
117,9,-45,10.5625,10.0054875,9.2311
117,10,-30,11.15625,10.70370675,9.4295
117,11,-15,11.59375,10.92270425,8.9367
117,12,0,11.25,10.51784125,8.4973
117,13,15,10.625,9.912994,8.3233
117,14,30,10.15625,9.43402325,8.338
117,15,45,10.03125,9.23761575,8.5502
117,16,60,10.15625,9.23447825,8.887
117,17,75,10.09375,9.08299975,9.3278
117,18,90,9.21875,8.157751,8.7219
117,19,105,7.1875,6.3765295,6.9482
117,20,120,4.96875,4.414839,4.9091
117,21,135,2.96875,2.64008075,2.9554
117,22,150,1.40625,1.24991725,1.3807
117,23,165,0.40625,0.356671,0.3731
117,24,180,0,0,0
118,1,-165,0.0625,0.32121725,0.2952
118,2,-150,0.125,0,0
118,3,-135,0.5625,0.01223625,0.1564
118,4,-120,1.75,0.762287,0.9874
118,5,-105,3.25,1.96903225,2.3852
118,6,-90,4.625,3.126456,3.5795
118,7,-75,5.625,4.105105,4.5786
118,8,-60,6.75,5.38263225,5.9865
118,9,-45,8.25,7.17251325,7.8527
118,10,-30,9.9375,9.38809025,9.923
118,11,-15,11.5,11.6076205,11.9709
118,12,0,12.1875,12.65887125,12.9646
118,13,15,11.5,11.59814525,11.9608
118,14,30,9.9375,9.3965615,9.9354
118,15,45,8.25,7.17163475,7.8505
118,16,60,6.75,5.38275775,5.9865
118,17,75,5.625,4.10466575,4.5779
118,18,90,4.625,3.1248245,3.5778
118,19,105,3.25,1.9689695,2.3825
118,20,120,1.75,0.762287,0.9877
118,21,135,0.5625,0.0126755,0.1564
118,22,150,0.125,0.00031375,0.0001
118,23,165,0.0625,0.3201505,0.2939
118,24,180,0,0.3695975,0.3974
119,1,-165,4.90625,3.20269725,3.4723
119,2,-150,3.34375,2.2608825,2.6792
119,3,-135,1.75,1.07760575,1.2963
119,4,-120,0.5625,0.33401825,0.2825
119,5,-105,0,0.0003765,0
119,6,-90,0.25,0.24102275,0.4835
119,7,-75,1.28125,1.0096475,1.5511
119,8,-60,2.65625,1.96351025,2.7305
119,9,-45,3.65625,2.69392025,3.5948
119,10,-30,4.28125,3.259988,4.2787
119,11,-15,4.875,3.77849125,4.7939
119,12,0,5.5,4.2759105,5.031
119,13,15,4.875,3.77874225,4.7943
119,14,30,4.28125,3.26218425,4.2813
119,15,45,3.625,2.6958655,3.5952
119,16,60,2.65625,1.9604355,2.728
119,17,75,1.28125,1.009522,1.5511
119,18,90,0.25,0.23845,0.4809
119,19,105,0,0,0.0017
119,20,120,0.5625,0.33376725,0.2826
119,21,135,1.75,1.0819355,1.2936
119,22,150,3.34375,2.26056875,2.6785
119,23,165,4.90625,3.2033875,3.4728
119,24,180,5.375,3.66591775,3.7809
120,1,-165,0,0.1158365,0.0494
120,2,-150,0.28125,0.64776825,0.462
120,3,-135,1,1.5028625,1.1076
120,4,-120,2.0625,2.61209425,1.8985
120,5,-105,3.3125,3.78501725,2.6969
120,6,-90,4.6875,4.93033025,3.4621
120,7,-75,3.15625,3.729609,2.6551
120,8,-60,1.875,2.49261825,1.7897
120,9,-45,0.84375,1.36136125,0.9695
120,10,-30,0.21875,0.5535805,0.367
120,11,-15,0,0.08427325,0.0253
120,12,0,0.09375,0.00495725,0.0281
120,13,15,0,0.08515175,0.0265
120,14,30,0.21875,0.55552575,0.3702
120,15,45,0.84375,1.35998075,0.9658
120,16,60,1.875,2.48998275,1.7883
120,17,75,3.15625,3.72766375,2.6503
120,18,90,4.6875,4.930393,3.4622
120,19,105,3.3125,3.78564475,2.6966
120,20,120,2.0625,2.61560825,1.9029
120,21,135,1,1.50418025,1.1108
120,22,150,0.28125,0.6441915,0.4587
120,23,165,0,0.117217,0.0504
120,24,180,0.09375,0,0
121,1,-165,1.125,0.81129475,1.0522
121,2,-150,0.5625,0.43667725,0.723
121,3,-135,0.21875,0.158883,0.4188
121,4,-120,0,0.00169425,0.1702
121,5,-105,0.0625,0.04398775,0.0053
121,6,-90,1.1875,1.04874075,0.5808
121,7,-75,0.90625,0.88144925,0.5372
121,8,-60,0.78125,0.821523,0.7105
121,9,-45,0.8125,0.82572725,0.7696
121,10,-30,1.03125,0.90165475,0.9168
121,11,-15,1.40625,1.057463,1.1021
121,12,0,2.125,1.54509325,1.1619
121,13,15,1.40625,1.05664725,1.1027
121,14,30,1.03125,0.898078,0.9144
121,15,45,0.8125,0.82547625,0.7692
121,16,60,0.78125,0.8183855,0.7055
121,17,75,0.90625,0.880508,0.5365
121,18,90,1.1875,1.047674,0.5797
121,19,105,0.0625,0.04122675,0
121,20,120,0,0,0.1676
121,21,135,0.21875,0.15743975,0.4167
121,22,150,0.5625,0.440254,0.7289
121,23,165,1.125,0.805961,1.0467
121,24,180,1.71875,1.04334425,1.0046
122,1,-165,0.28125,0.12380575,0.1
122,2,-150,1.40625,1.15303125,1.1754
122,3,-135,2.40625,2.0666085,2.2102
122,4,-120,2.84375,2.389269,2.6178
122,5,-105,2.40625,2.021303,2.161
122,6,-90,1.40625,1.14198725,1.1782
122,7,-75,0.3125,0.151102,0.139
122,8,-60,0,0,0
122,9,-45,0.28125,0.131022,0.1028
122,10,-30,1.4375,1.161126,1.1882
122,11,-15,2.40625,2.06127475,2.2085
122,12,0,2.875,2.39610875,2.635
122,13,15,2.40625,2.06516525,2.2131
122,14,30,1.46875,1.170915,1.2033
122,15,45,0.28125,0.130771,0.1045
122,16,60,0,0.0023845,0.0027
122,17,75,0.3125,0.14990975,0.1378
122,18,90,1.40625,1.140293,1.1782
122,19,105,2.375,2.0239385,2.1701
122,20,120,2.84375,2.38795125,2.6196
122,21,135,2.40625,2.06993425,2.2137
122,22,150,1.40625,1.15190175,1.1749
122,23,165,0.28125,0.1263785,0.1028
122,24,180,0.03125,0.030371,0.0356
123,1,-165,1.03125,1.21076125,0.5152
123,2,-150,0.59375,0.4905795,0.0193
123,3,-135,0.71875,0.273088,0.0309
123,4,-120,1.40625,0.6351555,0.4965
123,5,-105,2.4375,1.32684875,1.186
123,6,-90,3.21875,1.92121675,1.6347
123,7,-75,3.28125,2.028331,1.4554
123,8,-60,2.5625,1.55776875,0.8458
123,9,-45,1.4375,0.7626635,0.2533
123,10,-30,0.46875,0.140811,0.0003
123,11,-15,0.03125,0,0.1541
123,12,0,0,0.081826,0.3662
123,13,15,0.03125,0.0006275,0.1549
123,14,30,0.46875,0.1404345,0
123,15,45,1.4375,0.76247525,0.2533
123,16,60,2.5625,1.5565765,0.8451
123,17,75,3.28125,2.028582,1.456
123,18,90,3.21875,1.922911,1.6343
123,19,105,2.4375,1.3269115,1.186
123,20,120,1.40625,0.63860675,0.4992
123,21,135,0.71875,0.27302525,0.0306
123,22,150,0.59375,0.49051675,0.0189
123,23,165,1.03125,1.21339675,0.518
123,24,180,1.375,1.6865945,0.8746
124,1,-165,1.03125,2.33875525,2.2461
124,2,-150,0,0.64325025,0.5868
124,3,-135,0.03125,0.0759275,0.0023
124,4,-120,0.875,0.39488575,0.2197
124,5,-105,1.8125,1.00117625,0.8332
124,6,-90,2.0625,1.15541575,1.0774
124,7,-75,1.40625,0.65228625,1.0128
124,8,-60,0.40625,6.27E-05,0.478
124,9,-45,0.375,0.3495175,1.0503
124,10,-30,2.03125,2.3969245,3.1723
124,11,-15,5.21875,6.0336635,6.6606
124,12,0,9.5,10.93751325,11.0092
124,13,15,5.21875,6.10576325,6.6808
124,14,30,2.03125,2.39472825,3.1686
124,15,45,0.375,0.34744675,1.0481
124,16,60,0.40625,0,0.4775
124,17,75,1.40625,0.64576025,0.9953
124,18,90,2.0625,1.15679625,1.0788
124,19,105,1.8125,1.0016155,0.8338
124,20,120,0.90625,0.39739575,0.2249
124,21,135,0.03125,0.07147225,0
124,22,150,0.15625,0.85873375,0.7027
124,23,165,1.03125,2.33681,2.2438
124,24,180,2.5,4.491394,4.3854
125,1,-165,1.890625,1.92824475,1.5314
125,2,-150,0.96875,1.09241475,0.7512
125,3,-135,0.234375,0.3936935,0.1664
125,4,-120,0,0.149094,0
125,5,-105,0.421875,0.49704275,0.376
125,6,-90,1.53125,1.48046075,1.3816
125,7,-75,2.703125,2.55135225,1.9548
125,8,-60,2.96875,2.81377275,1.9662
125,9,-45,2.421875,2.17384825,1.5234
125,10,-30,1.53125,1.15139975,0.9037
125,11,-15,0.8125,0.3123695,0.4175
125,12,0,0.546875,0,0.2338
125,13,15,0.8125,0.3123695,0.4176
125,14,30,1.53125,1.1517135,0.9035
125,15,45,2.421875,2.17366,1.5234
125,16,60,2.96875,2.8135845,1.9662
125,17,75,2.703125,2.5530465,1.9615
125,18,90,1.53125,1.484665,1.3866
125,19,105,0.421875,0.49698,0.376
125,20,120,0,0.1492195,0
125,21,135,0.234375,0.39363075,0.1664
125,22,150,0.96875,1.09254025,0.7512
125,23,165,1.890625,1.92811925,1.5315
125,24,180,2.390625,2.33662175,1.9623
126,1,-165,0.0625,0.00119225,0.003
126,2,-150,0.46875,0.13409675,0.0471
126,3,-135,1.53125,0.86362825,0.7739
126,4,-120,3.1875,2.18790425,2.1872
126,5,-105,5.09375,3.79543375,4.0918
126,6,-90,6.625,5.042088,5.9628
126,7,-75,5.1875,3.88579375,4.2652
126,8,-60,3.25,2.2664045,2.3223
126,9,-45,1.5625,0.904604,0.8359
126,10,-30,0.5,0.14765075,0.0647
126,11,-15,0.0625,0.00056475,0.0005
126,12,0,0,0.0801945,0.1724
126,13,15,0.0625,0,0
126,14,30,0.5,0.148592,0.0651
126,15,45,1.5625,0.904604,0.8361
126,16,60,3.25,2.2684125,2.3243
126,17,75,5.1875,3.8866095,4.2655
126,18,90,6.625,5.0429665,5.9642
126,19,105,5.09375,3.79468075,4.0906
126,20,120,3.15625,2.1837,2.1851
126,21,135,1.53125,0.86312625,0.7735
126,22,150,0.46875,0.1359165,0.0494
126,23,165,0.0625,0.000753,0.003
126,24,180,0,0.0811985,0.1728
127,1,-165,2.5625,2.064977,2.2838
127,2,-150,2.65625,2.467581,2.5441
127,3,-135,3.90625,3.5593055,3.9219
127,4,-120,4,3.7701455,3.9627
127,5,-105,2.96875,2.72014975,2.8388
127,6,-90,1.40625,1.42448775,1.1492
127,7,-75,0.34375,0.29523875,0.0267
127,8,-60,0.125,0.1534865,0
127,9,-45,1.375,1.3748525,1.2924
127,10,-30,3.34375,3.47277325,3.5003
127,11,-15,5.1875,5.23429125,5.2101
127,12,0,5.65625,5.70253175,5.6348
127,13,15,4.375,4.460019,4.481
127,14,30,2.5,2.56227075,2.6236
127,15,45,0.6875,0.777096,0.7247
127,16,60,0.34375,0.32824525,0.1496
127,17,75,0.78125,0.694768,0.4357
127,18,90,2.21875,2.03316275,1.9757
127,19,105,3.75,3.3313975,3.5509
127,20,120,4.09375,3.7786795,4.1706
127,21,135,3.28125,3.10028925,3.3901
127,22,150,1.75,1.70861975,1.8886
127,23,165,0.4375,0.447784,0.5877
127,24,180,0,0,0.1466
128,1,-165,2.3125,1.75430175,1.8978
128,2,-150,1.34375,1.1848455,1.4371
128,3,-135,0.5625,0.6921325,0.8269
128,4,-120,0.15625,0.467111,0.3406
128,5,-105,0.28125,0.72457425,0.3471
128,6,-90,0.84375,1.31022,0.8878
128,7,-75,1.5,1.83499825,1.6276
128,8,-60,2,2.21476125,2.2126
128,9,-45,2.40625,2.4895435,2.4983
128,10,-30,2.78125,2.6903435,2.5334
128,11,-15,3.15625,2.78992775,2.5033
128,12,0,3.34375,2.80373275,2.4366
128,13,15,3.375,2.8236245,2.3445
128,14,30,2.53125,2.33348425,2.0301
128,15,45,2,1.990179,1.9907
128,16,60,1.46875,1.56981675,1.7387
128,17,75,0.96875,1.1138125,1.1651
128,18,90,0.4375,0.55803575,0.3507
128,19,105,0,0.15380025,0
128,20,120,0.09375,0,0.1243
128,21,135,0.59375,0.253008,0.5722
128,22,150,1.28125,0.82811175,1.0764
128,23,165,2.28125,1.43766525,1.5682
128,24,180,3.15625,2.06202775,2.0744
129,1,-165,1.34375,1.02853525,0.4729
129,2,-150,0.96875,0.471378,0
129,3,-135,1.28125,0.56267925,0.1358
129,4,-120,2.09375,1.0995055,0.7008
129,5,-105,0.9375,0.57347225,0.0783
129,6,-90,1.3125,0.9955915,0.5307
129,7,-75,1,0.850639,0.6918
129,8,-60,0.34375,0.346129,0.4661
129,9,-45,0,0,0.3194
129,10,-30,0.28125,0.214856,0.5992
129,11,-15,1.3125,1.0698875,1.442
129,12,0,2.9375,2.4764915,1.9295
129,13,15,1.65625,1.294658,0.709
129,14,30,1,0.58752825,0.077
129,15,45,1.0625,0.503506,0.0923
129,16,60,1.71875,0.98649275,0.6039
129,17,75,0.71875,0.53644975,0.0899
129,18,90,1.3125,0.971119,0.4825
129,19,105,1.15625,0.88734775,0.6096
129,20,120,0.5625,0.45324325,0.4752
129,21,135,0.09375,0.05766725,0.3105
129,22,150,0.09375,0.07611575,0.4525
129,23,165,0.875,0.79259525,1.1726
129,24,180,2.5,2.20308975,1.5539
130,1,-165,4.03125,3.824738,3.996
130,2,-150,5.6875,5.65672425,5.7806
130,3,-135,4,3.77422425,3.4366
130,4,-120,10.15625,7.7218895,6.7984
130,5,-105,10,7.635671,6.8826
130,6,-90,8.53125,6.836487,6.5234
130,7,-75,6.6875,5.7053555,5.6013
130,8,-60,5.21875,4.91627425,4.7307
130,9,-45,4.25,4.49020175,4.1639
130,10,-30,5.78125,5.90923025,6.1029
130,11,-15,4.15625,4.09475125,4.5002
130,12,0,0,0,0
130,13,15,3.9375,3.751948,3.9579
130,14,30,2.75,2.72554625,2.4912
130,15,45,3.65625,3.52146725,3.2328
130,16,60,10.09375,7.71015525,6.7904
130,17,75,10.03125,7.6239995,6.8509
130,18,90,8.71875,6.86880325,6.4992
130,19,105,7.03125,5.839264,5.6867
130,20,120,5.53125,5.017239,4.8393
130,21,135,4.46875,4.55508525,4.2365
130,22,150,5.8125,5.8750315,6.2069
130,23,165,4.09375,4.0035755,4.5031
130,24,180,0,0.004267,0.0013
131,1,-165,6.046875,6.10312775,5.1255
131,2,-150,6.546875,6.5075515,5.7173
131,3,-135,7.703125,7.4658695,6.9457
131,4,-120,9.5,8.93058,8.6627
131,5,-105,11.5625,10.58435625,10.5186
131,6,-90,9.375,8.39551075,8.0879
131,7,-75,6.1875,5.69926875,5.3478
131,8,-60,3.65625,3.57467925,3.1657
131,9,-45,1.8125,1.9150045,1.6424
131,10,-30,0.609375,0.646325,0.526
131,11,-15,0,0.00119225,0.0012
131,12,0,0.15625,0.0330065,0.1941
131,13,15,0,0,0
131,14,30,0.609375,0.6472035,0.527
131,15,45,1.8125,1.91262,1.6439
131,16,60,3.65625,3.57756575,3.1697
131,17,75,6.1875,5.6827655,5.3384
131,18,90,9.375,8.39563625,8.0895
131,19,105,11.5625,10.591698,10.5266
131,20,120,9.5,8.92838375,8.659
131,21,135,7.703125,7.47032475,6.9529
131,22,150,6.546875,6.505418,5.7162
131,23,165,6.046875,6.10275125,5.1246
131,24,180,6.859375,6.793064,5.9
132,1,-165,0.625,0.08534,0.3551
132,2,-150,2.375,2.0299625,2.7289
132,3,-135,4.5625,4.78908,5.5443
132,4,-120,5.75,6.2053475,6.2902
132,5,-105,7.1875,8.62185,9.314
132,6,-90,7.75,9.6691475,10.6187
132,7,-75,5.75,7.2093475,8.0392
132,8,-60,5.125,6.2128775,7.215
132,9,-45,6.75,7.40199,8.7395
132,10,-30,5.6875,6.823435,7.369
132,11,-15,6,6.82218,6.7448
132,12,0,4.9375,5.51447,5.4385
132,13,15,4.375,4.8813225,4.8941
132,14,30,3.9375,4.4031675,4.6403
132,15,45,2.625,3.6024775,3.9493
132,16,60,0.4375,1.903835,2.3843
132,17,75,0,1.6810725,2.2053
132,18,90,1.0625,3.0954575,3.7
132,19,105,2.25,4.2952375,5.0778
132,20,120,3.25,4.8694,5.8674
132,21,135,2.6875,4.3328875,5.2079
132,22,150,3.1875,4.1634625,5.4329
132,23,165,1.75,1.83481,2.1022
132,24,180,0.375,0,0
133,1,-165,8.6875,7.826933,8.305
133,2,-150,4.3125,3.7159295,4.2158
133,3,-135,1.96875,1.5590865,1.9216
133,4,-120,0.9375,0.65190975,0.9681
133,5,-105,0.59375,0.42211925,0.6976
133,6,-90,0.4375,0.3289355,0.4686
133,7,-75,0,0.00144325,0
133,8,-60,0.25,0.24591725,0.3871
133,9,-45,1.71875,1.63369625,2.005
133,10,-30,4.46875,4.19176275,4.7126
133,11,-15,8.6875,8.36225325,8.8577
133,12,0,14.46875,14.28133525,14.609
133,13,15,8.6875,8.357798,8.853
133,14,30,4.46875,4.20606975,4.7247
133,15,45,1.71875,1.637775,2.0059
133,16,60,0.25,0.2435955,0.3849
133,17,75,0,0,0
133,18,90,0.4375,0.3289355,0.4687
133,19,105,0.59375,0.42450375,0.6985
133,20,120,0.9375,0.65128225,0.9666
133,21,135,1.96875,1.55990225,1.9229
133,22,150,4.3125,3.7191925,4.2189
133,23,165,8.625,7.820156,8.2937
133,24,180,15.46875,14.66787525,14.6655
134,1,-165,0.640625,0.6095535,0.6239
134,2,-150,2.421875,2.29734025,2.3592
134,3,-135,4.734375,4.55094375,4.7638
134,4,-120,6.890625,6.54501325,6.9039
134,5,-105,8.5,7.9922165,8.4121
134,6,-90,9.078125,8.5321175,8.9604
134,7,-75,8.328125,7.89200475,8.2966
134,8,-60,6.59375,6.3381265,6.6311
134,9,-45,4.421875,4.3092935,4.4312
134,10,-30,2.25,2.15150925,2.1302
134,11,-15,0.59375,0.56224,0.5482
134,12,0,0,6.28E-05,0
134,13,15,0.59375,0.56224,0.5482
134,14,30,2.25,2.1511955,2.1291
134,15,45,4.421875,4.30885425,4.4305
134,16,60,6.59375,6.32727075,6.6219
134,17,75,8.328125,7.891942,8.2966
134,18,90,9.078125,8.5321175,8.9604
134,19,105,8.5,7.99215375,8.4123
134,20,120,6.890625,6.5386755,6.8935
134,21,135,4.734375,4.55295175,4.7773
134,22,150,2.421875,2.29558325,2.3575
134,23,165,0.640625,0.60949075,0.6239
134,24,180,0,0,0.0003
135,1,-165,2,1.86160425,1.6511
135,2,-150,1.09375,1.050184,0.8657
135,3,-135,0.328125,0.328057,0.2284
135,4,-120,0,0,0
135,5,-105,0.203125,0.17814725,0.2625
135,6,-90,0.921875,0.81505975,0.9095
135,7,-75,1.90625,1.692493,1.7108
135,8,-60,2.015625,1.857651,1.4262
135,9,-45,1.515625,1.31844025,1.132
135,10,-30,0.890625,0.62091125,0.7737
135,11,-15,0.59375,0.23964225,0.6187
135,12,0,0.84375,0.42864525,0.7593
135,13,15,0.59375,0.239705,0.6187
135,14,30,0.890625,0.62091125,0.7737
135,15,45,1.515625,1.31818925,1.1313
135,16,60,2.015625,1.856647,1.4251
135,17,75,1.90625,1.69243025,1.7108
135,18,90,0.921875,0.81493425,0.9095
135,19,105,0.203125,0.180469,0.2654
135,20,120,0,0,0
135,21,135,0.328125,0.328559,0.2283
135,22,150,1.09375,1.050184,0.8657
135,23,165,2,1.8610395,1.6505
135,24,180,2.46875,2.2729305,2.1226
136,1,-165,4.5,4.58909575,3.6173
136,2,-150,4.1875,4.151289,3.6761
136,3,-135,4.3125,4.26179175,4.3115
136,4,-120,4.875,4.8647565,5.2025
136,5,-105,6.09375,5.96055975,6.3061
136,6,-90,7.84375,7.64740525,7.7784
136,7,-75,9.71875,9.483031,9.2888
136,8,-60,11.03125,10.790741,10.2502
136,9,-45,2.875,3.11058025,3.1767
136,10,-30,0.6875,0.817256,0.9472
136,11,-15,0,0.21717775,0.2213
136,12,0,0,0,0
136,13,15,0,0.21491875,0.2194
136,14,30,0.96875,1.25255275,1.2631
136,15,45,2.875,3.11020375,3.176
136,16,60,11.03125,10.78779175,10.2471
136,17,75,9.71875,9.48296825,9.2888
136,18,90,7.84375,7.648221,7.7792
136,19,105,6.09375,5.96055975,6.3061
136,20,120,4.875,4.86481925,5.2025
136,21,135,4.3125,4.26128975,4.3107
136,22,150,4.1875,4.149281,3.6735
136,23,165,4.5,4.589033,3.6173
136,24,180,4.78125,4.91238375,3.6543
137,1,-165,3.78125,4.0083445,3.7073
137,2,-150,2.0625,2.08838275,1.9525
137,3,-135,1.34375,1.15190175,1.0492
137,4,-120,1.3125,0.92022875,0.8293
137,5,-105,1.375,1.32245625,1.5348
137,6,-90,1.21875,1.62227575,1.7772
137,7,-75,1.15625,0.815248,0.5797
137,8,-60,0.15625,0.0001255,0
137,9,-45,0,0.12895125,0.3195
137,10,-30,0.90625,1.38552,1.6855
137,11,-15,2.8125,3.700242,4.0264
137,12,0,5.46875,6.81716,7.1845
137,13,15,2.8125,3.70055575,4.0243
137,14,30,0.90625,1.385771,1.6853
137,15,45,0,0.1271315,0.3178
137,16,60,0.15625,0,0.0004
137,17,75,1.15625,0.81531075,0.5806
137,18,90,1.21875,1.62428375,1.7788
137,19,105,1.375,1.32735075,1.5429
137,20,120,1.3125,0.91985225,0.8293
137,21,135,1.34375,1.14989375,1.047
137,22,150,2.0625,2.09013975,1.955
137,23,165,3.78125,4.0003125,3.6967
137,24,180,6.5625,6.986334,6.4209
138,1,-165,2.625,1.0663735,0.897
138,2,-150,2.5,1.3971915,1.2304
138,3,-135,2.8125,2.16192575,2.0642
138,4,-120,3.125,2.66053725,2.7776
138,5,-105,2.625,1.92749175,2.2944
138,6,-90,1.125,0.8480035,1.3813
138,7,-75,0.25,0.061244,0.6952
138,8,-60,0,0,0.4251
138,9,-45,0.21875,0.10937325,0
138,10,-30,1.125,1.13947725,0.7952
138,11,-15,1.96875,2.18828075,1.7039
138,12,0,2.71875,2.79971675,2.2453
138,13,15,2.75,2.801913,2.1237
138,14,30,2.6875,2.28755125,2.1073
138,15,45,2.625,1.892791,2.3271
138,16,60,3.375,2.462059,2.1511
138,17,75,5.03125,3.67809125,3.2299
138,18,90,7.625,5.8923505,5.4045
138,19,105,10.59375,8.7577665,8.2426
138,20,120,11.875,10.47642625,9.4792
138,21,135,10.78125,9.319128,8.5452
138,22,150,8.4375,6.68080425,6.2296
138,23,165,5.59375,3.78966075,3.417
138,24,180,3.5625,1.99802275,1.7616
139,1,-165,0.84375,1.77074225,2.0798
139,2,-150,0.9375,1.13169625,1.7596
139,3,-135,1.40625,1.6303705,2.4662
139,4,-120,1,1.69293225,3.1654
139,5,-105,0.4375,0.70825925,2.1023
139,6,-90,0.1875,0.00131775,1.1517
139,7,-75,0.5,0.26913475,1.1605
139,8,-60,1.0625,0.439752,1.1823
139,9,-45,2.625,1.78492375,2.2914
139,10,-30,4.375,3.690955,3.9535
139,11,-15,6.34375,5.63112225,5.865
139,12,0,6.5,4.9636505,5.7401
139,13,15,6.34375,5.64869225,5.8795
139,14,30,4.375,3.6945945,3.9563
139,15,45,2.625,1.785363,2.2917
139,16,60,0.15625,0.049196,0
139,17,75,0,0.369472,0.4479
139,18,90,0.1875,0,1.1502
139,19,105,0.4375,0.70775725,2.1024
139,20,120,1,1.69293225,3.1654
139,21,135,1.375,2.35557225,3.6524
139,22,150,1.25,2.51395325,3.3517
139,23,165,0.84375,1.7714325,2.0798
139,24,180,0.4375,1.45071725,1.9958
140,1,-165,0.46875,0.3372185,0.3296
140,2,-150,1.53125,1.19708175,1.2705
140,3,-135,3.34375,2.66311,2.7436
140,4,-120,5.84375,4.712525,4.7047
140,5,-105,8.75,6.9713995,6.6952
140,6,-90,11.75,9.09856175,8.2248
140,7,-75,14.4375,10.743804,8.8886
140,8,-60,13.34375,10.3029225,12.1859
140,9,-45,12.78125,9.830917,11.5248
140,10,-30,12.90625,10.07394775,11.3451
140,11,-15,13.8125,10.97164925,11.7983
140,12,0,15,10.33260325,9.5286
140,13,15,14.875,10.3920275,9.0216
140,14,30,13.78125,9.37177525,8.2878
140,15,45,13.09375,8.77389325,8.075
140,16,60,12.8125,8.6109315,8.2373
140,17,75,12.875,8.7720735,8.6139
140,18,90,10.78125,7.692899,7.5373
140,19,105,7.625,5.45868525,6.0104
140,20,120,4.96875,3.61007025,4.2523
140,21,135,3.375,2.6541995,2.7002
140,22,150,1.46875,1.047674,1.1344
140,23,165,0.34375,0.1730645,0.2081
140,24,180,0,0,0
141,1,-165,0.28125,0.2990665,0.2501
141,2,-150,1,1.05991025,0.8913
141,3,-135,1.8125,1.91054925,1.71
141,4,-120,1.53125,2.273558,2.3822
141,5,-105,0.90625,1.58073525,1.7716
141,6,-90,0.28125,0.789897,0.8549
141,7,-75,0.125,0.343619,0.143
141,8,-60,0.6875,0.504259,0.0888
141,9,-45,1.90625,1.33801825,0.8667
141,10,-30,3.4375,2.56678875,2.1991
141,11,-15,4.71875,3.721577,3.4552
141,12,0,5.375,4.24560225,3.8561
141,13,15,4.71875,3.72138875,3.4552
141,14,30,3.4375,2.567981,2.1999
141,15,45,1.90625,1.33776725,0.8664
141,16,60,0.6875,0.50451,0.0888
141,17,75,0.125,0.3437445,0.143
141,18,90,0.28125,0.78744975,0.8527
141,19,105,0.90625,1.583559,1.7753
141,20,120,1.53125,2.2739345,2.3825
141,21,135,1.8125,1.9114905,1.7109
141,22,150,1,1.07409175,0.9561
141,23,165,0.28125,0.298941,0.2501
141,24,180,0,0,0
142,1,-165,0.5625,0.49817225,0.5521
142,2,-150,1.96875,1.5590865,1.6693
142,3,-135,4.875,4.1569365,4.3169
142,4,-120,8.25,6.79111875,6.9269
142,5,-105,11.5,9.26472375,9.3599
142,6,-90,13.34375,10.21074275,10.992
142,7,-75,11.78125,9.41996725,9.8089
142,8,-60,9.1875,7.58779275,7.8272
142,9,-45,6.8125,5.824204,5.97
142,10,-30,5.25,4.6647095,4.7318
142,11,-15,4.5,4.17984025,4.2215
142,12,0,4.40625,4.16390175,4.2344
142,13,15,4.8125,4.499426,4.6075
142,14,30,5.78125,5.2379935,5.383
142,15,45,7.5,6.54212675,6.7531
142,16,60,9.1875,7.58271,7.8248
142,17,75,12.5625,10.207919,10.554
142,18,90,13.25,10.13330925,10.2825
142,19,105,11.125,8.817128,8.5864
142,20,120,7.8125,6.30480625,6.2426
142,21,135,4.5,3.6328485,3.7363
142,22,150,1.96875,1.55362725,1.6644
142,23,165,0.46875,0.35158825,0.3886
142,24,180,0,0,0
143,1,-165,5.15625,4.8429195,4.7857
143,2,-150,4.71875,4.59637475,5.0567
143,3,-135,4.625,4.4117015,4.9735
143,4,-120,5.09375,4.73994675,5.1378
143,5,-105,6.3125,5.82451775,6.0365
143,6,-90,8.59375,8.21416325,8.2218
143,7,-75,10.75,9.6104135,9.2585
143,8,-60,11.46875,10.5900665,10.0757
143,9,-45,3.28125,3.2493205,3.5376
143,10,-30,1.28125,1.22720175,1.3569
143,11,-15,0.1875,0.17199775,0.1659
143,12,0,0,0,0
143,13,15,0.1875,0.1748215,0.1685
143,14,30,1.3125,1.24163425,1.3731
143,15,45,3.28125,3.2473125,3.542
143,16,60,11.46875,10.58912525,10.0749
143,17,75,10.75,9.61047625,9.259
143,18,90,8.59375,8.21202975,8.2196
143,19,105,6.3125,5.82426675,6.0366
143,20,120,5.09375,4.73994675,5.1378
143,21,135,4.625,4.4109485,4.973
143,22,150,4.71875,4.597065,5.0564
143,23,165,5.15625,4.84197825,4.785
143,24,180,5.1875,5.0221335,5.0282
144,1,-165,0.625,1.50254875,1.6222
144,2,-150,0,0.41898175,0.5577
144,3,-135,0.09375,0,0
144,4,-120,0.84375,0.34004225,0.1128
144,5,-105,1.71875,0.9222995,0.4615
144,6,-90,2.09375,1.1941325,0.6906
144,7,-75,1.75,0.93353175,0.4842
144,8,-60,0.90625,0.37380175,0.1535
144,9,-45,0.125,0.0051455,0.0057
144,10,-30,0,0.334081,0.4516
144,11,-15,0.5625,1.39060275,1.4882
144,12,0,1.03125,2.1579725,2.1963
144,13,15,0.5625,1.39060275,1.4882
144,14,30,0,0.334081,0.4516
144,15,45,0.125,0.00558475,0.0058
144,16,60,0.90625,0.376249,0.1583
144,17,75,1.75,0.93353175,0.4842
144,18,90,2.09375,1.1938815,0.6901
144,19,105,1.71875,0.92223675,0.4615
144,20,120,0.84375,0.34004225,0.1128
144,21,135,0.09375,0.0006275,0.0004
144,22,150,0,0.41898175,0.5577
144,23,165,0.625,1.502737,1.6222
144,24,180,1.03125,2.1609845,2.1985
145,1,-165,3.90625,4.13039325,2.9844
145,2,-150,2.46875,2.7932535,1.8217
145,3,-135,1.5625,1.9860375,1.1278
145,4,-120,1.0625,1.51246325,0.7902
145,5,-105,0.90625,1.2807275,0.5036
145,6,-90,1.1875,1.43452775,0.4966
145,7,-75,2.15625,2.31704375,1.3096
145,8,-60,3.65625,3.78024825,2.6657
145,9,-45,4.9375,4.93836225,3.5581
145,10,-30,5.1875,5.26892925,4.0868
145,11,-15,4.34375,4.2944845,3.3048
145,12,0,3.09375,2.923899,2.2785
145,13,15,1.875,1.6150595,1.2717
145,14,30,0.9375,0.67738625,0.5128
145,15,45,0.40625,0.20600825,0.1441
145,16,60,0,0.052961,0.0163
145,17,75,0,0,0
145,18,90,0.46875,0.347635,0.3106
145,19,105,1.21875,0.94878,0.762
145,20,120,1.8125,1.56191025,1.1468
145,21,135,2.46875,2.154584,1.5225
145,22,150,3.3125,3.03377425,2.2385
145,23,165,4.46875,4.4337895,3.5794
145,24,180,5.03125,5.2058655,4.005
146,1,-165,0,0.043423,0.0068
146,2,-150,0.0625,0.000502,0.026
146,3,-135,0.71875,0.50632975,0.5278
146,4,-120,1.875,1.46778525,1.363
146,5,-105,3.09375,2.43902975,2.145
146,6,-90,3.625,2.85857625,2.4486
146,7,-75,3.0625,2.4340725,2.1464
146,8,-60,1.875,1.46113375,1.3631
146,9,-45,0.71875,0.5023765,0.53
146,10,-30,0.0625,0.0008785,0.0282
146,11,-15,0,0.0360185,0
146,12,0,0.09375,0.20688675,0.1374
146,13,15,0,0.03683425,0.0006
146,14,30,0.0625,0,0.027
146,15,45,0.71875,0.50068225,0.5281
146,16,60,1.875,1.46113375,1.3631
146,17,75,3.0625,2.433947,2.1461
146,18,90,3.625,2.85895275,2.4492
146,19,105,3.09375,2.439971,2.146
146,20,120,1.875,1.46690675,1.3624
146,21,135,0.71875,0.50632975,0.5274
146,22,150,0.0625,0.00043925,0.026
146,23,165,0,0.043423,0.0068
146,24,180,0.09375,0.20324725,0.1334
147,1,-165,8.40625,8.43830625,9.1954
147,2,-150,8.03125,7.89727575,8.6956
147,3,-135,8.3125,7.99905625,8.5182
147,4,-120,8.96875,8.54648725,8.6851
147,5,-105,9.5625,8.9748815,8.8531
147,6,-90,9.0625,8.46466125,8.5615
147,7,-75,7.5625,7.06721875,7.4882
147,8,-60,5.4375,5.02696525,5.7455
147,9,-45,3.1875,2.85167375,3.7125
147,10,-30,1.3125,1.11098875,1.8927
147,11,-15,0.1875,0.104667,0.7026
147,12,0,0,0,0
147,13,15,0.1875,0.10542,0.6989
147,14,30,1.3125,1.11023575,1.8924
147,15,45,3.1875,2.855627,3.7155
147,16,60,5.4375,5.02934975,5.7506
147,17,75,7.5625,7.067909,7.4903
147,18,90,9.0625,8.46177475,8.5618
147,19,105,9.5625,8.97933675,8.8584
147,20,120,8.96875,8.53996125,8.6822
147,21,135,8.3125,8.00583325,8.5244
147,22,150,8.03125,7.89451475,8.6919
147,23,165,8.40625,8.439875,9.2123
147,24,180,9.3125,9.38168975,8.8518
148,1,-165,0,0,0
148,2,-150,0.65625,0.46152625,0.4382
148,3,-135,1.96875,1.75241925,1.5068
148,4,-120,3.34375,3.2455555,2.7713
148,5,-105,1.8125,1.5779115,1.3502
148,6,-90,0.5625,0.3926895,0.3793
148,7,-75,0,0.018574,0.0093
148,8,-60,0.71875,1.004502,0.8391
148,9,-45,2.90625,3.3421905,3.1887
148,10,-30,5.53125,6.102814,5.922
148,11,-15,2.71875,3.127711,2.9821
148,12,0,0.78125,1.00971025,0.8452
148,13,15,0,0.06456975,0.0322
148,14,30,0.34375,0.252255,0.27
148,15,45,1.46875,1.322268,1.2153
148,16,60,2.90625,2.850858,2.4832
148,17,75,1.34375,1.18917525,1.0893
148,18,90,0.28125,0.20437675,0.2267
148,19,105,0.03125,0.0970115,0.0532
148,20,120,0.9375,1.19168525,1.0135
148,21,135,3.125,3.537845,3.3945
148,22,150,5.4375,5.99180925,5.8577
148,23,165,2.53125,2.944983,2.7631
148,24,180,0.59375,0.8336965,0.6842
149,1,-165,6.375,5.6719725,4.2693
149,2,-150,4.4375,3.73739,3.2508
149,3,-135,2.4375,1.8630475,2.1041
149,4,-120,1,0.53463,0.9709
149,5,-105,0.25,0.03012,0.3061
149,6,-90,0,0,0
149,7,-75,0.125,0.23845,0.0793
149,8,-60,0.5625,0.6431875,0.4153
149,9,-45,1.125,1.073025,0.8297
149,10,-30,1.625,1.344105,1.0724
149,11,-15,2,1.5016075,1.1584
149,12,0,2.1875,1.564985,1.1925
149,13,15,2,1.5016075,1.1583
149,14,30,1.625,1.344105,1.0717
149,15,45,1.125,1.0723975,0.8295
149,16,60,0.5625,0.6431875,0.4153
149,17,75,0.125,0.23845,0.0793
149,18,90,0,0.0006275,0.0006
149,19,105,0.25,0.0282375,0.3041
149,20,120,1,0.5340025,0.97
149,21,135,2.4375,1.863675,2.1039
149,22,150,4.4375,3.73739,3.2508
149,23,165,6.375,5.6719725,4.2693
149,24,180,7.25,6.617615,4.5694
150,1,-165,0.34375,0.38308875,0.2561
150,2,-150,0.0625,0.0719115,0.6054
150,3,-135,0.6875,0.4940935,1.7145
150,4,-120,1.6875,1.33513175,3.1905
150,5,-105,2.59375,2.1903515,4.5607
150,6,-90,3,2.85644275,5.2705
150,7,-75,2.03125,2.29232025,4.2005
150,8,-60,0.875,1.02728025,2.3388
150,9,-45,0.125,0.16434225,0.8123
150,10,-30,0.09375,0.1188485,0.1776
150,11,-15,0.875,1.026088,0.5517
150,12,0,2.5,2.831782,1.853
150,13,15,0.78125,0.88684575,0.7747
150,14,30,0,0.10460425,0.4979
150,15,45,0.03125,0.1815985,1.1092
150,16,60,0.875,1.027092,2.533
150,17,75,2.125,2.2531015,4.2568
150,18,90,3,2.78189575,5.276
150,19,105,2.59375,2.147556,4.4237
150,20,120,1.5625,1.2895125,2.9212
150,21,135,0.59375,0.43454375,1.401
150,22,150,0.125,0,0.2998
150,23,165,0.34375,0.3889245,0
150,24,180,1.78125,1.67912725,0.9024
151,1,-165,4.75,4.58608375,3.9556
151,2,-150,3.96875,3.8449435,3.3455
151,3,-135,3.65625,3.52899725,3.2383
151,4,-120,3.21875,3.088053,3.0087
151,5,-105,1.21875,1.60621175,1.829
151,6,-90,0.6875,0.987434,1.2371
151,7,-75,0.21875,0.454561,0.6105
151,8,-60,0,0.0018825,0.0014
151,9,-45,0.59375,0.36024775,0.4485
151,10,-30,1.78125,1.585065,1.4965
151,11,-15,3.09375,2.87551875,2.5474
151,12,0,5.4375,5.34987675,3.6531
151,13,15,3.09375,2.8750795,2.5463
151,14,30,1.78125,1.58186475,1.4939
151,15,45,0.59375,0.3615655,0.4482
151,16,60,0,0,0
151,17,75,0.21875,0.45361975,0.6089
151,18,90,0.6875,0.990948,1.2354
151,19,105,1.21875,1.607404,1.8296
151,20,120,3.21875,3.03452725,2.9662
151,21,135,3.65625,3.5301895,3.2401
151,22,150,3.96875,3.84688875,3.3478
151,23,165,4.75,4.58633475,3.956
151,24,180,6.125,5.97662375,5.2096
152,1,-165,2.53125,2.236661,2.4298
152,2,-150,1.78125,1.45259975,1.7603
152,3,-135,1.109375,0.743964,1.1
152,4,-120,0.90625,0.525594,0.7721
152,5,-105,1.234375,0.81455775,0.8534
152,6,-90,1.859375,1.414385,1.3205
152,7,-75,2.1875,1.979386,1.6852
152,8,-60,2.359375,2.16832625,1.8168
152,9,-45,2.25,2.0535565,1.8437
152,10,-30,2,1.68389625,1.7188
152,11,-15,2.046875,1.550678,1.7691
152,12,0,2.078125,1.54471675,1.8838
152,13,15,2.109375,1.651831,1.8688
152,14,30,2.46875,2.1381435,2.1962
152,15,45,2.609375,2.3848765,2.4062
152,16,60,2.234375,2.094846,2.1435
152,17,75,1.546875,1.49250875,1.6268
152,18,90,0.59375,0.468115,0.5141
152,19,105,0.015625,0,0
152,20,120,0,0.056475,0.1762
152,21,135,0.5,0.53582225,0.7838
152,22,150,1.34375,1.320511,1.6097
152,23,165,2.25,2.103631,2.3566
152,24,180,2.75,2.50880775,2.6832
153,1,-165,3.03125,3.030072,2.4375
153,2,-150,1.671875,1.70698825,1.4551
153,3,-135,0.75,0.40662,0.4388
153,4,-120,0.1875,0.0008785,0.0002
153,5,-105,0,0.27741775,0.1578
153,6,-90,0.34375,0.617711,0.5779
153,7,-75,1.046875,1.32484075,1.4005
153,8,-60,2.03125,1.86913425,1.8203
153,9,-45,2.109375,2.010259,1.9346
153,10,-30,1.28125,1.40880025,1.4751
153,11,-15,0.640625,0.65780825,0.7218
153,12,0,0.390625,0.34757225,0.398
153,13,15,0.640625,0.65893775,0.7227
153,14,30,1.28125,1.40792175,1.4736
153,15,45,2.109375,2.010761,1.9355
153,16,60,2.03125,1.869197,1.8203
153,17,75,1.046875,1.324276,1.401
153,18,90,0.34375,0.619217,0.5789
153,19,105,0,0.27616275,0.157
153,20,120,0.1875,0,0
153,21,135,0.75,0.40668275,0.4388
153,22,150,1.671875,1.70698825,1.4551
153,23,165,3.03125,3.03026025,2.4381
153,24,180,3.765625,3.78006,2.9329
154,1,-165,4.875,4.91928625,4.8797
154,2,-150,4.375,4.17557325,4.019
154,3,-135,3.5625,3.361894,2.916
154,4,-120,2.96875,2.76821625,2.2825
154,5,-105,3.15625,2.842826,2.5993
154,6,-90,3.6875,3.233131,3.3292
154,7,-75,4.21875,3.71398425,3.9055
154,8,-60,5.3125,5.1114895,5.1243
154,9,-45,7.3125,7.55177425,7.3365
154,10,-30,8.8125,9.31530025,9.0298
154,11,-15,7.78125,8.32686225,8.2054
154,12,0,4.125,4.8629995,4.4577
154,13,15,2.09375,2.43727275,2.1178
154,14,30,1.09375,1.022323,0.7522
154,15,45,0.28125,0.2094595,0.1234
154,16,60,0,0,0
154,17,75,0.84375,0.79083825,0.8403
154,18,90,2.09375,2.1075215,2.2295
154,19,105,4.28125,3.76493725,3.9968
154,20,120,5.125,4.9179685,5.0704
154,21,135,6.71875,6.94498175,6.9454
154,22,150,8.53125,9.10056975,8.7963
154,23,165,8.28125,8.74339675,8.5136
154,24,180,6.15625,6.47372925,6.4001
155,1,-165,2.375,1.716087,1.6908
155,2,-150,4.53125,3.21574925,3.1156
155,3,-135,5.15625,3.77987175,3.654
155,4,-120,5.5,4.1222985,3.9452
155,5,-105,5.4375,3.82040825,3.665
155,6,-90,3.40625,2.5234285,2.4379
155,7,-75,2.1875,1.38897125,1.356
155,8,-60,2,1.3025645,1.252
155,9,-45,2.78125,1.7603885,1.6894
155,10,-30,4,2.95859975,2.8285
155,11,-15,5.53125,3.96887475,3.8003
155,12,0,5.4375,4.14331975,3.9503
155,13,15,5.0625,3.6993635,3.5792
155,14,30,4.375,3.09439075,3.0155
155,15,45,2.15625,1.542144,1.5087
155,16,60,0.84375,0.33627725,0.4166
155,17,75,0.0625,0.15882025,0.1742
155,18,90,0.09375,0.04185425,0.0305
155,19,105,0.5625,0.488948,0.4792
155,20,120,0.75,0.70210975,0.7394
155,21,135,0.4375,0.33885,0.3175
155,22,150,0,0,0
155,23,165,0.21875,0.31933475,0.3251
155,24,180,0.96875,0.410636,0.4925
156,1,-165,0.71875,0.49026575,0.4701
156,2,-150,2.34375,1.87603675,1.8536
156,3,-135,4.8125,4.24572775,4.5628
156,4,-120,7.8125,6.859579,7.4722
156,5,-105,11.0625,9.3365725,10.314
156,6,-90,11.375,9.3121,8.6167
156,7,-75,8.625,7.5584885,6.9651
156,8,-60,5.75,5.69487625,5.0907
156,9,-45,3.21875,4.164592,3.4314
156,10,-30,1.21875,2.75390925,2.1748
156,11,-15,0,1.757502,1.2116
156,12,0,2.03125,3.51556875,2.1353
156,13,15,0,1.75449,1.2066
156,14,30,1.21875,2.7400415,2.1589
156,15,45,3.21875,4.167102,3.4401
156,16,60,5.75,5.683644,5.0811
156,17,75,8.65625,7.54336575,6.9562
156,18,90,11.375,9.30764475,8.6112
156,19,105,11.0625,9.334188,10.2952
156,20,120,7.8125,6.84395425,7.4463
156,21,135,4.8125,4.2465435,4.5595
156,22,150,2.40625,1.93615125,1.9682
156,23,165,0.78125,0.5272255,0.5451
156,24,180,0.21875,0,0
157,1,-165,1.78125,1.73183725,1.6349
157,2,-150,0.40625,0.42462925,0.394
157,3,-135,0,0.00232175,0.0025
157,4,-120,0.34375,0.2732135,0.249
157,5,-105,0.96875,0.85973775,0.8104
157,6,-90,1.3125,1.21138875,1.142
157,7,-75,0.9375,0.8763665,0.8459
157,8,-60,0.3125,0.2717075,0.268
157,9,-45,0,0.0061495,0.0046
157,10,-30,0.46875,0.477402,0.4399
157,11,-15,1.84375,1.8223855,1.7302
157,12,0,3.96875,3.9071915,3.7518
157,13,15,1.84375,1.82207175,1.7301
157,14,30,0.46875,0.477402,0.4399
157,15,45,0,0.0061495,0.0046
157,16,60,0.3125,0.27202125,0.2684
157,17,75,0.9375,0.8763665,0.8459
157,18,90,1.3125,1.206557,1.1374
157,19,105,0.96875,0.86011425,0.8109
157,20,120,0.34375,0.27453125,0.2511
157,21,135,0,0,0
157,22,150,0.40625,0.42111525,0.3905
157,23,165,1.78125,1.73208825,1.6349
157,24,180,3.96875,3.896022,3.7272
158,1,-165,0.53125,0.4453995,0.5052
158,2,-150,2.09375,1.86925975,2.095
158,3,-135,4.65625,4.16465475,4.5419
158,4,-120,7.90625,7.08453775,7.5525
158,5,-105,11.34375,10.1919805,10.7228
158,6,-90,11.5,10.4725985,10.1382
158,7,-75,8.90625,7.63397675,7.1743
158,8,-60,7.03125,5.57339225,4.913
158,9,-45,6.03125,4.476083,3.6764
158,10,-30,5.78125,4.18962925,3.3554
158,11,-15,6.09375,4.4887585,3.696
158,12,0,6.84375,5.24088,4.5243
158,13,15,6.09375,4.4945315,3.7014
158,14,30,5.78125,4.1895665,3.3554
158,15,45,6.03125,4.47514175,3.6733
158,16,60,7.03125,5.570945,4.9126
158,17,75,8.90625,7.63585925,7.1773
158,18,90,11.5,10.4720965,10.1385
158,19,105,11.34375,10.1862075,10.7155
158,20,120,7.90625,7.085981,7.5542
158,21,135,4.65625,4.1637135,4.5399
158,22,150,2.09375,1.86913425,2.0957
158,23,165,0.53125,0.44521125,0.5053
158,24,180,0,0,0
159,1,-165,0,0.08126125,0
159,2,-150,0.28125,0.4732605,0.3863
159,3,-135,0.96875,1.08802225,1.0542
159,4,-120,1.96875,1.87151875,1.9089
159,5,-105,3.15625,2.6198125,2.6707
159,6,-90,4.21875,3.136747,3.1241
159,7,-75,2.59375,1.457055,1.6486
159,8,-60,2.125,1.1574865,1.4029
159,9,-45,2.4375,1.709812,1.8467
159,10,-30,3.34375,2.84062975,2.7708
159,11,-15,4.53125,4.16911,3.8843
159,12,0,5.6875,5.28022425,4.7725
159,13,15,4.53125,4.1694865,3.8843
159,14,30,3.34375,2.84062975,2.7703
159,15,45,2.4375,1.71000025,1.8467
159,16,60,2.125,1.1572355,1.4029
159,17,75,2.59375,1.4576825,1.6486
159,18,90,4.21875,3.1371235,3.1241
159,19,105,3.15625,2.6190595,2.6702
159,20,120,1.96875,1.871958,1.9088
159,21,135,0.96875,1.08764575,1.0542
159,22,150,0.28125,0.47257025,0.3863
159,23,165,0,0.081575,0
159,24,180,0.21875,0,0.0013
160,1,-165,0,0.00144325,0
160,2,-150,1.6875,1.21051025,1.1923
160,3,-135,4.03125,2.91542775,2.8578
160,4,-120,6.6875,4.826981,4.6454
160,5,-105,8.90625,6.423592,6.0196
160,6,-90,9.90625,7.194413,6.5669
160,7,-75,9.1875,6.941907,6.3129
160,8,-60,7.15625,5.62685525,5.262
160,9,-45,4.53125,3.74385325,3.6717
160,10,-30,2.25,1.908604,2.0372
160,11,-15,0.78125,0.661636,0.8685
160,12,0,2.625,1.40453325,1.2455
160,13,15,0.78125,0.6617615,0.8688
160,14,30,2.25,1.9109885,2.0394
160,15,45,4.53125,3.7367625,3.6684
160,16,60,7.15625,5.62685525,5.262
160,17,75,9.1875,6.936887,6.3087
160,18,90,9.90625,7.19573075,6.5678
160,19,105,8.90625,6.42277625,6.0183
160,20,120,6.6875,4.82829875,4.6465
160,21,135,4.03125,2.92007125,2.8623
160,22,150,1.6875,1.21051025,1.1923
160,23,165,0,0,0
160,24,180,1.6875,0.7260175,0.1318
161,1,-165,2.46875,2.79268875,2.8695
161,2,-150,1.5625,1.95886675,2.0168
161,3,-135,0.6875,0.8613065,1.0375
161,4,-120,0.09375,0.14250525,0.317
161,5,-105,0.03125,0.000753,0
161,6,-90,0.375,0.35893,0.2593
161,7,-75,0,0.040913,0.0935
161,8,-60,0.1875,0.0711585,0.0975
161,9,-45,1.21875,1.014793,0.9545
161,10,-30,2.5,2.35406625,2.2051
161,11,-15,3.40625,3.1471635,2.9668
161,12,0,3.5,3.1795425,2.9453
161,13,15,3.40625,3.153815,2.9758
161,14,30,2.5,2.367181,2.22
161,15,45,1.21875,1.01033775,0.9513
161,16,60,0.1875,0.104416,0.1218
161,17,75,0,0.044929,0.0893
161,18,90,0.375,0.359683,0.2602
161,19,105,0.03125,0,0.0165
161,20,120,0.09375,0.14250525,0.317
161,21,135,0.6875,0.85735325,1.0314
161,22,150,1.5625,1.99450875,2.054
161,23,165,2.46875,2.75089725,2.8325
161,24,180,2.6875,3.42520875,2.3258
162,1,-165,1.40625,1.87465625,1.1316
162,2,-150,2.15625,2.5723735,1.6861
162,3,-135,3.09375,3.3426925,2.2748
162,4,-120,0.09375,0.21767975,0.4364
162,5,-105,0,0,0.0002
162,6,-90,0.40625,0.28921475,0.0858
162,7,-75,1.25,1.115946,0.7706
162,8,-60,1.09375,0.958067,0.8125
162,9,-45,2.75,2.45823125,2.5412
162,10,-30,4.125,3.6541835,4.0676
162,11,-15,5.4375,4.85427725,5.3219
162,12,0,9.4375,8.75481725,7.3075
162,13,15,5.4375,4.84862975,5.3147
162,14,30,4.125,3.633476,4.0479
162,15,45,2.75,2.4598,2.546
162,16,60,1.09375,0.94783875,0.8067
162,17,75,1.25,1.11437725,0.7691
162,18,90,0.40625,0.282877,0.0767
162,19,105,0,0.00018825,0
162,20,120,0.09375,0.21642475,0.4349
162,21,135,3.09375,3.342567,2.2747
162,22,150,2.15625,2.575762,1.6886
162,23,165,1.40625,1.8843825,1.1255
162,24,180,1.1875,1.69142625,0.9794
163,1,-165,2.78125,2.559447,2.5614
163,2,-150,1.40625,0.93453575,0.9961
163,3,-135,0.78125,0.30201575,0.2608
163,4,-120,0.25,0,0
163,5,-105,0,0.08113575,0.328
163,6,-90,2.15625,2.42246375,2.926
163,7,-75,3.625,3.61019575,4.2106
163,8,-60,5.4375,5.09762175,6.1145
163,9,-45,5.25,4.9362915,5.8525
163,10,-30,5.1875,4.850575,5.4187
163,11,-15,5.25,4.69727675,4.9914
163,12,0,5.375,4.6937,4.8276
163,13,15,3.625,3.088053,3.6108
163,14,30,1.90625,1.3748525,1.7836
163,15,45,1.3125,0.77552725,0.8016
163,16,60,1.25,0.97921375,0.6528
163,17,75,2.03125,2.00730975,1.7863
163,18,90,3.6875,3.847077,3.3693
163,19,105,5.46875,5.79879025,5.2431
163,20,120,7.15625,7.7311765,7.4094
163,21,135,8.625,8.36338275,7.1247
163,22,150,7.0625,6.92578025,6.4472
163,23,165,5.15625,4.35441075,4.1891
163,24,180,3.8125,2.891269,2.8764
164,1,-165,1.75,2.6326135,2.6954
164,2,-150,1.0625,1.72104425,2.0891
164,3,-135,0.4375,0.93478675,1.4702
164,4,-120,0,0.3726095,0.6483
164,5,-105,0.0625,0.0018825,0.0019
164,6,-90,0.90625,0.456569,0.4139
164,7,-75,1.65625,1.124982,1.6381
164,8,-60,3.21875,2.62000075,3.441
164,9,-45,4.84375,4.0161255,4.7563
164,10,-30,6.5,5.74093475,6.0325
164,11,-15,6,5.36355625,6.032
164,12,0,5.59375,5.11431325,5.4136
164,13,15,6,5.36405825,6.0322
164,14,30,6.5,5.73578925,6.0256
164,15,45,4.84375,4.01618825,4.7563
164,16,60,3.21875,2.620691,3.441
164,17,75,1.65625,1.12554675,1.6386
164,18,90,0.90625,0.45412175,0.4121
164,19,105,0.0625,0,0
164,20,120,0,0.3726095,0.6486
164,21,135,0.4375,0.93579075,1.4712
164,22,150,1.0625,1.722111,2.0901
164,23,165,1.75,2.63330375,2.6951
164,24,180,2.09375,3.06088225,2.9644
165,1,-165,1.6875,2.33059775,2.4368
165,2,-150,0.9375,1.5126515,1.754
165,3,-135,0.28125,0.57660975,0.908
165,4,-120,0,0.05001175,0.4045
165,5,-105,0.1875,0,0.0364
165,6,-90,0.8125,0.2817475,0
165,7,-75,1.40625,0.6369125,0.1288
165,8,-60,1.625,0.7937875,0.1462
165,9,-45,1.46875,0.68290825,0.1343
165,10,-30,0.875,0.33401825,0.0304
165,11,-15,0.21875,0.02792375,0.0339
165,12,0,0,0.03357125,0.3754
165,13,15,0.25,0.51059675,0.8525
165,14,30,0.90625,1.435469,1.6856
165,15,45,1.6875,2.286861,2.3973
165,16,60,2.15625,2.541626,2.468
165,17,75,2,2.0917085,1.9532
165,18,90,1.25,1.19758375,0.919
165,19,105,0.40625,0.35861625,0.1626
165,20,120,0.125,0.116715,0.0827
165,21,135,0.34375,0.309232,0.1171
165,22,150,1.15625,1.12454275,0.8254
165,23,165,1.96875,2.0540585,1.9112
165,24,180,2.15625,2.54332025,2.4689
166,1,-165,8.0625,9.225505,9.113
166,2,-150,4.1875,4.92211,4.9706
166,3,-135,1.625,2.082045,2.1595
166,4,-120,0.375,0.616205,0.7192
166,5,-105,0.0625,0.09538,0.1674
166,6,-90,0,0,0
166,7,-75,0.0625,0.0834575,0.1531
166,8,-60,0.375,0.6093025,0.716
166,9,-45,1.5625,2.06824,2.1463
166,10,-30,4,4.780295,4.8532
166,11,-15,7.6875,8.7366825,8.7909
166,12,0,12.0625,13.495015,13.4537
166,13,15,7.6875,8.743585,8.7979
166,14,30,4,4.77402,4.8466
166,15,45,1.5625,2.0663575,2.1442
166,16,60,0.375,0.6067925,0.7137
166,17,75,0.0625,0.08283,0.1529
166,18,90,0,0,0.0002
166,19,105,0.0625,0.0897325,0.1623
166,20,120,0.375,0.6193425,0.7223
166,21,135,1.625,2.0826725,2.1605
166,22,150,4.1875,4.920855,4.9686
166,23,165,8.1875,9.22174,9.0989
166,24,180,12.375,13.9386575,13.7354
167,1,-165,0,0,0
167,2,-150,0.5625,0.631014,0.6844
167,3,-135,1.25,1.3841395,1.3591
167,4,-120,1.71875,1.88206075,1.6686
167,5,-105,1.875,1.9647025,1.6678
167,6,-90,1.875,1.7162125,1.2294
167,7,-75,2.09375,1.6225895,0.9363
167,8,-60,3.0625,2.39673625,1.6551
167,9,-45,4.625,3.888743,3.1687
167,10,-30,6.15625,5.1790085,4.6852
167,11,-15,7.53125,6.43143575,5.8616
167,12,0,8.53125,7.33014125,6.3112
167,13,15,7.53125,6.4357655,5.8614
167,14,30,6.15625,5.1770005,4.6903
167,15,45,4.625,3.89068825,3.1702
167,16,60,3.0625,2.39334775,1.6522
167,17,75,2.09375,1.639783,0.9463
167,18,90,1.875,1.717593,1.2284
167,19,105,1.875,1.9624435,1.6654
167,20,120,1.71875,1.88281375,1.6683
167,21,135,1.25,1.38395125,1.3587
167,22,150,0.5625,0.63107675,0.6844
167,23,165,0,0.001255,0.0002
167,24,180,0.21875,0.414903,0.4333
168,1,-165,1.9375,1.61895,1.5463
168,2,-150,2.8125,2.3223775,2.2897
168,3,-135,4.3125,3.52655,3.5623
168,4,-120,6.1875,5.01749,5.0968
168,5,-105,7.875,6.361595,6.5008
168,6,-90,8.5625,6.8930875,7.1282
168,7,-75,7.5625,6.2204075,6.4212
168,8,-60,5.625,4.6830325,4.9758
168,9,-45,3.375,2.840065,3.271
168,10,-30,1.125,0.967605,1.0492
168,11,-15,0,0.001255,0.0003
168,12,0,1.75,0.8603025,0.2607
168,13,15,0,0,0
168,14,30,1.125,0.9707425,1.0525
168,15,45,3.375,2.8356725,3.2378
168,16,60,5.625,4.674875,4.9881
168,17,75,7.625,6.21978,6.4186
168,18,90,8.5625,6.89246,7.1282
168,19,105,7.875,6.361595,6.5014
168,20,120,6.1875,5.018745,5.0961
168,21,135,4.3125,3.52906,3.5514
168,22,150,2.8125,2.3223775,2.2894
168,23,165,1.9375,1.6195775,1.5468
168,24,180,3.6875,2.553925,1.875
169,1,-165,0.84375,1.508008,1.6216
169,2,-150,1.9375,2.8110745,2.7118
169,3,-135,3.21875,4.26756475,4.0038
169,4,-120,3.125,2.92571875,2.8693
169,5,-105,2.0625,2.02500525,2.0693
169,6,-90,1.0625,1.04359525,1.287
169,7,-75,0.25,0.1881245,0.5584
169,8,-60,0,0,0.3133
169,9,-45,0.78125,0.909624,1.2037
169,10,-30,1.8125,1.92447975,2.5085
169,11,-15,3.0625,2.874703,3.5155
169,12,0,3.625,3.03490375,3.589
169,13,15,3.28125,2.47216175,2.7311
169,14,30,2.03125,1.57395825,1.5308
169,15,45,0.59375,0.5104085,0.4143
169,16,60,0.1875,0.05540825,0
169,17,75,0.40625,0.04574475,0.4664
169,18,90,1.84375,1.20159975,1.9045
169,19,105,3.5,2.62552275,3.457
169,20,120,4.5625,3.78125225,4.3508
169,21,135,4.5,4.04612,4.4127
169,22,150,3.375,3.1323545,3.5031
169,23,165,1.6875,1.9483875,2.0414
169,24,180,0.65625,1.04058325,1.1523
170,1,-165,0.46875,0.59342675,0.4718
170,2,-150,0,0.0056475,0
170,3,-135,0.21875,0.14099925,0.234
170,4,-120,1.09375,0.9644675,1.0436
170,5,-105,2.1875,1.997709,1.9276
170,6,-90,2.71875,2.507239,2.3772
170,7,-75,2.21875,2.00643125,1.9269
170,8,-60,1.125,0.99967025,1.0538
170,9,-45,0.25,0.1602635,0.2401
170,10,-30,0,0,0.0029
170,11,-15,0.46875,0.57479,0.4609
170,12,0,1.03125,1.212832,1.0326
170,13,15,0.46875,0.575543,0.4615
170,14,30,0,0,0.0029
170,15,45,0.25,0.1602635,0.2401
170,16,60,1.125,0.99967025,1.0538
170,17,75,2.21875,2.00643125,1.9269
170,18,90,2.71875,2.507239,2.3772
170,19,105,2.1875,1.99814825,1.9279
170,20,120,1.09375,0.9644675,1.0436
170,21,135,0.21875,0.14099925,0.234
170,22,150,0,0.005773,0
170,23,165,0.46875,0.5934895,0.4718
170,24,180,1.03125,1.214087,1.0338
171,1,-165,2.6875,2.8363,3.341
171,2,-150,1.1875,1.3409675,2.0914
171,3,-135,0.25,0.4267,1.2097
171,4,-120,0,0,0.6549
171,5,-105,0.3125,0.1524825,0.4189
171,6,-90,1.125,0.5365125,0.285
171,7,-75,0.5625,0.0771825,0.004
171,8,-60,0.4375,0.1675425,0.2538
171,9,-45,0.9375,0.89356,0.999
171,10,-30,1.875,2.044395,2.1197
171,11,-15,3.3125,3.53157,3.5329
171,12,0,4.9375,5.14048,4.9688
171,13,15,3.3125,3.53157,3.5333
171,14,30,1.875,2.044395,2.1197
171,15,45,0.9375,0.89356,0.9989
171,16,60,0.4375,0.1675425,0.2538
171,17,75,0.5625,0.0734175,0
171,18,90,1.125,0.5390225,0.2876
171,19,105,0.3125,0.1512275,0.4191
171,20,120,0,0,0.655
171,21,135,0.25,0.4273275,1.2097
171,22,150,1.1875,1.3409675,2.0914
171,23,165,2.6875,2.8363,3.3409
171,24,180,4.6875,4.6504025,4.6675
172,1,-165,0.125,0.247235,0.3765
172,2,-150,0.9375,0.929704,0.9552
172,3,-135,1.4375,1.41683225,1.7414
172,4,-120,1.65625,2.0688675,2.4832
172,5,-105,2.09375,2.73269975,3.0359
172,6,-90,2.59375,3.246434,2.1498
172,7,-75,2.40625,2.941218,1.4633
172,8,-60,1.5,0.7641695,0.2091
172,9,-45,1.6875,0.707569,0
172,10,-30,2.78125,1.5836845,0.786
172,11,-15,4.125,2.85343075,2.0836
172,12,0,4.90625,3.7530775,3.0149
172,13,15,4.125,2.85343075,2.0836
172,14,30,2.78125,1.5919675,0.7959
172,15,45,1.6875,0.70750625,0
172,16,60,1.5,0.76398125,0.2091
172,17,75,2.40625,2.9410925,1.4627
172,18,90,2.59375,3.243673,2.1468
172,19,105,2.09375,2.7327625,3.0359
172,20,120,1.65625,2.06880475,2.4832
172,21,135,1.4375,1.42611925,1.7689
172,22,150,0.9375,0.930457,0.9559
172,23,165,0.125,0.247235,0.3765
172,24,180,0,0,0.202
173,1,-165,0.6875,0.398086,0.2158
173,2,-150,0.875,0.1504745,0
173,3,-135,1.46875,0.353408,0.382
173,4,-120,2.96875,1.66281225,1.7848
173,5,-105,5.25,4.28061675,4.3613
173,6,-90,7.453125,6.981565,7.3708
173,7,-75,9.25,8.86023725,9.6051
173,8,-60,11.078125,10.78779175,11.3743
173,9,-45,11.265625,11.09702375,11.138
173,10,-30,11.59375,11.5365875,11.6834
173,11,-15,11.109375,10.7871015,11.3827
173,12,0,9.578125,9.13784325,9.6769
173,13,15,7.640625,7.03157675,7.3735
173,14,30,5.359375,4.38327575,4.7623
173,15,45,3.21875,1.89373225,2.3443
173,16,60,1.6875,0.41107525,0.7545
173,17,75,0.96875,0,0.0818
173,18,90,0.65625,0.1916385,0.0703
173,19,105,0.390625,0.3700995,0.3319
173,20,120,0.140625,0.456067,0.6219
173,21,135,0,0.4910815,0.8818
173,22,150,0.03125,0.5668835,0.9225
173,23,165,0.234375,0.594619,0.736
173,24,180,0.484375,0.575292,0.5062
174,1,-165,0.875,1.68477475,1.7337
174,2,-150,0.0625,0.40404725,0.4176
174,3,-135,0.09375,0,0
174,4,-120,0.90625,0.472131,0.468
174,5,-105,1.8125,1.19457175,1.0813
174,6,-90,2.21875,1.5287155,1.3364
174,7,-75,1.84375,1.1818335,1.0769
174,8,-60,1,0.503255,0.5072
174,9,-45,0.1875,0.01085575,0.02
174,10,-30,0,0.28996775,0.2898
174,11,-15,0.78125,1.531351,1.5516
174,12,0,1.5,2.59314375,2.6661
174,13,15,0.78125,1.53404925,1.5543
174,14,30,0,0.289905,0.2898
174,15,45,0.1875,0.00972625,0.0195
174,16,60,1,0.5003685,0.5042
174,17,75,1.84375,1.179449,1.0743
174,18,90,2.21875,1.528841,1.3364
174,19,105,1.8125,1.192501,1.0795
174,20,120,0.90625,0.472382,0.4683
174,21,135,0.09375,0,0
174,22,150,0.0625,0.404361,0.4179
174,23,165,0.875,1.68389625,1.733
174,24,180,1.5,2.59226525,2.6657
175,1,-165,0.09375,0.01085575,0.094
175,2,-150,0.5,0.2885245,0.4963
175,3,-135,1.375,1.0317355,1.2656
175,4,-120,2.65625,2.13381375,2.2037
175,5,-105,3.90625,3.20332475,2.8682
175,6,-90,4.40625,3.666608,3.0808
175,7,-75,3.9375,3.20232075,2.8569
175,8,-60,2.71875,2.1436655,2.1891
175,9,-45,1.40625,1.04485025,1.2667
175,10,-30,0.5,0.288399,0.4946
175,11,-15,0.09375,0.009789,0.0942
175,12,0,0,0,0
175,13,15,0.09375,0.01675425,0.1019
175,14,30,0.5,0.288399,0.4946
175,15,45,1.40625,1.04271675,1.2642
175,16,60,2.71875,2.14485775,2.1895
175,17,75,3.9375,3.20219525,2.8569
175,18,90,4.40625,3.66654525,3.0808
175,19,105,3.90625,3.2033875,2.8682
175,20,120,2.65625,2.133751,2.2037
175,21,135,1.375,1.02916275,1.2625
175,22,150,0.5,0.2885245,0.4963
175,23,165,0.09375,0.0106675,0.0939
175,24,180,0,0.00232175,0.0023
176,1,-165,0,0.020582,0.0561
176,2,-150,0.125,0.02466075,0.0031
176,3,-135,0.875,0.6876145,0.5701
176,4,-120,2.125,1.87453075,1.5705
176,5,-105,3.375,3.04895975,2.5422
176,6,-90,3.875,3.53815875,2.9789
176,7,-75,3.25,2.998446,2.5607
176,8,-60,2,1.78090775,1.5822
176,9,-45,0.75,0.608424,0.5626
176,10,-30,0.0625,0,0
176,11,-15,0.0625,0.0370225,0.0703
176,12,0,0.1875,0.216111,0.3064
176,13,15,0.0625,0.0370225,0.0703
176,14,30,0.0625,0.0026355,0.0026
176,15,45,0.75,0.608424,0.5626
176,16,60,2,1.78090775,1.5822
176,17,75,3.25,2.99875975,2.5612
176,18,90,3.875,3.53815875,2.9789
176,19,105,3.375,3.048897,2.5422
176,20,120,2.125,1.87453075,1.5705
176,21,135,0.875,0.68830475,0.571
176,22,150,0.125,0.021586,0
176,23,165,0,0.02026825,0.056
176,24,180,0.1875,0.22219775,0.3114
177,1,-165,0,0.00069025,0.0011
177,2,-150,1.09375,0.633775,1.0178
177,3,-135,2.8125,1.732653,2.4137
177,4,-120,4.90625,3.19792825,3.9287
177,5,-105,6.84375,4.63063625,5.1929
177,6,-90,9.71875,6.93262,7.3381
177,7,-75,9.21875,6.84809575,6.9937
177,8,-60,7.96875,6.22887875,6.2779
177,9,-45,6.59375,5.47682,5.6148
177,10,-30,5.65625,5.01115225,5.3281
177,11,-15,5.375,4.93045575,5.8379
177,12,0,5.40625,5.024267,5.7693
177,13,15,5.375,4.931146,5.8379
177,14,30,5.65625,5.0080775,5.3252
177,15,45,6.59375,5.48052225,5.6167
177,16,60,7.96875,6.22448625,6.27
177,17,75,9.21875,6.84734275,6.9929
177,18,90,9.71875,6.9322435,7.3381
177,19,105,6.84375,4.63101275,5.1932
177,20,120,4.90625,3.1978655,3.9287
177,21,135,2.8125,1.7350375,2.4153
177,22,150,1.09375,0.6328965,1.0172
177,23,165,0,0,0
177,24,180,1.65625,0.90611,0.2926
178,1,-165,8.21875,7.63774175,7.1554
178,2,-150,5.71875,5.01592125,5.0013
178,3,-135,3.46875,2.839061,2.8839
178,4,-120,1.78125,1.369958,1.5553
178,5,-105,0.71875,0.49076775,0.7067
178,6,-90,0,0.00370225,0.1398
178,7,-75,0.0625,0,0
178,8,-60,0.53125,0.359934,0.2279
178,9,-45,0.90625,0.75532175,0.6053
178,10,-30,1.34375,1.14361875,1.1696
178,11,-15,1.71875,1.3537685,1.6165
178,12,0,1.84375,1.38884575,1.7858
178,13,15,1.71875,1.3540195,1.6165
178,14,30,1.34375,1.14205,1.1686
178,15,45,0.90625,0.75507075,0.6051
178,16,60,0.53125,0.3598085,0.2276
178,17,75,0.0625,0.0021335,0.0031
178,18,90,0,0.0048945,0.14
178,19,105,0.71875,0.48775575,0.705
178,20,120,1.78125,1.370711,1.5563
178,21,135,3.46875,2.84326525,2.8874
178,22,150,5.71875,5.0188705,5.0037
178,23,165,8.21875,7.63974975,7.1602
178,24,180,9.5,9.112806,8.1561
179,1,-165,1.53125,2.62765625,2.2466
179,2,-150,2.625,2.7091685,2.3344
179,3,-135,1.71875,2.10620375,2.1399
179,4,-120,0.78125,1.15265475,1.3722
179,5,-105,0.15625,0.32322525,0.5641
179,6,-90,0,0,0
179,7,-75,0.84375,0.83375925,0.9577
179,8,-60,3.40625,3.849587,2.9296
179,9,-45,4.625,4.9144545,3.8482
179,10,-30,5.78125,5.84572725,4.5963
179,11,-15,6.375,6.4204545,5.0164
179,12,0,5.4375,6.1807495,4.4821
179,13,15,4.75,5.834746,4.259
179,14,30,7.75,8.2110885,6.7998
179,15,45,5.59375,6.062403,5.3029
179,16,60,3.96875,4.53174225,3.9452
179,17,75,0.375,0.63935975,0.8457
179,18,90,0.34375,0.88672025,0.8513
179,19,105,1.46875,2.13243325,2.0214
179,20,120,4,4.5871505,3.5578
179,21,135,4.125,4.6925705,3.6534
179,22,150,3.15625,3.9164785,2.9019
179,23,165,2.46875,3.19039825,2.5168
179,24,180,1.84375,2.69994425,2.2932
180,1,-165,2.53125,2.666624,3.0906
180,2,-150,1,1.16369875,1.3069
180,3,-135,0.21875,0.23148475,0.1945
180,4,-120,0,0.00156875,0
180,5,-105,0.03125,0.02453525,0.1678
180,6,-90,0.1875,0.411891,0.743
180,7,-75,0.0625,0.034387,0.2052
180,8,-60,0,0.001255,0.0098
180,9,-45,0.15625,0.15668675,0.1157
180,10,-30,0.75,0.900086,1.0086
180,11,-15,1.96875,2.157847,2.5564
180,12,0,3.90625,3.954756,4.6153
180,13,15,1.96875,2.1579725,2.5562
180,14,30,0.75,0.90109,1.0093
180,15,45,0.15625,0.15794175,0.1171
180,16,60,0,0,0.0086
180,17,75,0.0625,0.03281825,0.2039
180,18,90,0.1875,0.41069875,0.7426
180,19,105,0.03125,0.02440975,0.1675
180,20,120,0,0.00345125,0.0018
180,21,135,0.21875,0.2310455,0.1944
180,22,150,1,1.1620045,1.3048
180,23,165,2.53125,2.66869475,3.0921
180,24,180,4.78125,4.7595875,5.452
181,1,-165,0,0,0
181,2,-150,0.375,0.34317975,0.3489
181,3,-135,1.78125,1.63043325,1.6655
181,4,-120,3.90625,3.6253185,3.6023
181,5,-105,6.21875,5.5735805,5.2444
181,6,-90,7.4375,6.085495,5.5005
181,7,-75,6.65625,4.9237415,4.2692
181,8,-60,4.9375,3.31828275,2.7783
181,9,-45,3.1875,1.78655525,1.3791
181,10,-30,2.03125,0.88985775,0.6562
181,11,-15,1.96875,0.95882,0.8145
181,12,0,3.0625,2.07809175,1.9341
181,13,15,1.96875,0.9554315,0.8113
181,14,30,2.03125,0.892556,0.6579
181,15,45,3.1875,1.78718275,1.3795
181,16,60,4.9375,3.315208,2.7749
181,17,75,6.65625,4.93497375,4.2812
181,18,90,7.4375,6.0863735,5.5008
181,19,105,6.21875,5.571949,5.2367
181,20,120,3.90625,3.609631,3.5762
181,21,135,1.78125,1.632002,1.6684
181,22,150,0.375,0.342615,0.3489
181,23,165,0,0.0008785,0
181,24,180,0.6875,0.62806475,0.627
182,1,-165,3.375,2.8306525,2.4353
182,2,-150,0.75,0.4607105,0.3091
182,3,-135,0,0,0
182,4,-120,0.34375,0.6908775,0.3077
182,5,-105,0.5625,0.994713,0.4058
182,6,-90,0.09375,0.2917875,0.0878
182,7,-75,0.03125,0.0197035,0.0274
182,8,-60,0.78125,0.71905225,0.7272
182,9,-45,2.375,2.3565135,2.422
182,10,-30,4.65625,4.6207845,4.7754
182,11,-15,7.65625,7.40694725,7.4553
182,12,0,7.90625,7.5845925,8.0395
182,13,15,4.03125,3.9159765,4.4559
182,14,30,1.75,1.83481,2.4367
182,15,45,0.90625,1.15692175,1.7054
182,16,60,1,1.4084865,0.9968
182,17,75,1.03125,1.3206365,0.6621
182,18,90,1,1.41833825,1.2477
182,19,105,0.90625,1.1845945,1.6672
182,20,120,1.15625,1.26936975,1.7988
182,21,135,2.21875,2.232645,2.4583
182,22,150,4.21875,4.15461475,4.0095
182,23,165,6.9375,6.67051325,6.1238
182,24,180,7.4375,6.72849425,6.3314
183,1,-165,0.53125,0.52214275,0.4761
183,2,-150,1.875,1.78580225,1.6171
183,3,-135,3.25,3.30234425,3.0258
183,4,-120,4.0625,4.21297225,3.6662
183,5,-105,3.15625,3.06038025,2.5634
183,6,-90,1.78125,1.570005,1.2199
183,7,-75,0.5,0.3914345,0.2361
183,8,-60,0,0.006024,0.0109
183,9,-45,0.53125,0.532371,0.4956
183,10,-30,1.875,1.793144,1.632
183,11,-15,3.25,3.319977,3.035
183,12,0,4.125,4.323726,3.7732
183,13,15,3.28125,3.18738625,2.6715
183,14,30,1.875,1.64549325,1.2615
183,15,45,0.5,0.42048775,0.2473
183,16,60,0,0,0
183,17,75,0.53125,0.49704275,0.4633
183,18,90,1.8125,1.700525,1.5569
183,19,105,3.125,3.169377,2.8989
183,20,120,4,4.320965,3.9164
183,21,135,3.28125,3.19767725,2.6851
183,22,150,1.875,1.66695375,1.2915
183,23,165,0.53125,0.42764125,0.2622
183,24,180,0,0.00169425,0.0031
184,1,-165,2.90625,2.7269895,2.8373
184,2,-150,4.6875,4.5703335,4.645
184,3,-135,6.0625,6.060144,6.0324
184,4,-120,5.90625,5.69437425,5.6554
184,5,-105,4.5,4.08784875,4.0447
184,6,-90,3.3125,2.89999125,2.9094
184,7,-75,3.21875,3.2854645,3.131
184,8,-60,2.75,2.423907,2.5289
184,9,-45,3.3125,2.91411,2.9752
184,10,-30,5,4.74459025,4.7929
184,11,-15,6.3125,6.29677425,6.306
184,12,0,6.125,6.0557515,6.0134
184,13,15,4.53125,4.33596225,4.3215
184,14,30,2.375,2.0753935,2.161
184,15,45,0.65625,0.3846575,0.4879
184,16,60,0,0,0
184,17,75,0.1875,0.4280805,0.3452
184,18,90,0.875,1.09128525,1.2797
184,19,105,1.6875,1.863173,2.3133
184,20,120,1.90625,1.95321925,2.4465
184,21,135,1.75,1.71865975,1.9532
184,22,150,2.0625,2.1720285,2.0964
184,23,165,1.9375,2.05638025,2.2423
184,24,180,1.875,1.764781,1.911
185,1,-165,0.28125,0.243219,0.5962
185,2,-150,1.34375,1.12240925,1.5172
185,3,-135,2.9375,2.505984,2.8368
185,4,-120,4.8125,4.09362175,4.2275
185,5,-105,6.375,5.4214745,5.2656
185,6,-90,6.96875,5.93909925,5.6754
185,7,-75,6.21875,5.33556975,5.2638
185,8,-60,4.59375,4.0013165,4.12
185,9,-45,2.84375,2.48107225,2.6288
185,10,-30,1.46875,1.288132,1.2696
185,11,-15,0.71875,0.62091125,0.3403
185,12,0,0.5,0.45933,0
185,13,15,0.71875,0.62103675,0.3404
185,14,30,1.46875,1.28882225,1.2709
185,15,45,2.84375,2.49494,2.6441
185,16,60,4.59375,3.99322175,4.1085
185,17,75,6.21875,5.33469125,5.2564
185,18,90,6.96875,5.94010325,5.6763
185,19,105,6.34375,5.40710475,5.2739
185,20,120,4.8125,4.093559,4.2273
185,21,135,2.9375,2.50679975,2.8384
185,22,150,1.34375,1.119711,1.5142
185,23,165,0.28125,0.2405835,0.5927
185,24,180,0,0,0.2772
186,1,-165,3.3125,3.291865,3.0114
186,2,-150,2.75,2.73307625,2.4543
186,3,-135,2.21875,2.24237125,2.3546
186,4,-120,1.5625,1.703286,1.8036
186,5,-105,0.8125,0.9659735,1.0906
186,6,-90,0.25,0.33088075,0.5002
186,7,-75,0,0.0114205,0.0566
186,8,-60,0.03125,0,0
186,9,-45,0.28125,0.14426225,0.1781
186,10,-30,0.6875,0.41672275,0.3502
186,11,-15,1.09375,0.70135675,0.6595
186,12,0,1.25,0.81706775,0.8089
186,13,15,1.09375,0.7016705,0.6597
186,14,30,0.6875,0.409883,0.3759
186,15,45,0.28125,0.1436975,0.1776
186,16,60,0.03125,6.27E-05,0.0008
186,17,75,0,0.0141815,0.06
186,18,90,0.25,0.3306925,0.4999
186,19,105,0.8125,0.9664755,1.0898
186,20,120,1.5625,1.70021125,1.8012
186,21,135,2.21875,2.23935925,2.3151
186,22,150,2.75,2.75390925,2.5417
186,23,165,3.3125,3.31363925,3.0245
186,24,180,3.625,3.592312,3.286
187,1,-165,4.09375,3.704509,2.8759
187,2,-150,0.25,0.1933955,0.073
187,3,-135,0.28125,0.15593375,0.2257
187,4,-120,0.34375,0.34217575,0.2915
187,5,-105,0,0,0
187,6,-90,2.96875,2.556686,2.2781
187,7,-75,2.5625,2.08336275,1.8828
187,8,-60,2.84375,2.27613075,2.1113
187,9,-45,4.0625,3.540104,3.313
187,10,-30,5.96875,5.53624425,4.7782
187,11,-15,7.09375,6.7053395,5.6165
187,12,0,7.84375,7.58942425,6.4978
187,13,15,7.09375,6.7081005,5.622
187,14,30,5.96875,5.52281575,4.7768
187,15,45,4.0625,3.54066875,3.3156
187,16,60,2.84375,2.28905725,2.1244
187,17,75,2.5625,2.027327,1.8176
187,18,90,2.96875,2.5600745,2.2844
187,19,105,3.46875,3.20997625,2.8183
187,20,120,3.59375,3.367165,2.983
187,21,135,3.6875,3.54468475,2.9773
187,22,150,3.875,3.6303385,2.9072
187,23,165,4.09375,3.70632875,2.8743
187,24,180,4.46875,3.846575,2.9602
188,1,-165,0.4375,0.3434935,0.3832
188,2,-150,1.6875,1.32735075,1.4869
188,3,-135,3.5625,2.77135375,3.1213
188,4,-120,5.59375,4.326989,4.8236
188,5,-105,7.28125,5.55130425,6.1323
188,6,-90,7.96875,6.01690925,6.6717
188,7,-75,7.28125,5.53900525,6.1364
188,8,-60,5.53125,4.27233375,4.808
188,9,-45,3.4375,2.69793625,3.0667
188,10,-30,1.625,1.26573025,1.4395
188,11,-15,0.40625,0.3211545,0.367
188,12,0,0,6.28E-05,0.0002
188,13,15,0.40625,0.3211545,0.367
188,14,30,1.625,1.26573025,1.4395
188,15,45,3.4375,2.69592825,3.0646
188,16,60,5.53125,4.27271025,4.8084
188,17,75,7.28125,5.53875425,6.1363
188,18,90,7.96875,6.01690925,6.6717
188,19,105,7.28125,5.551367,6.1323
188,20,120,5.59375,4.32454175,4.8207
188,21,135,3.5625,2.77135375,3.1213
188,22,150,1.6875,1.329296,1.4891
188,23,165,0.4375,0.3434935,0.3832
188,24,180,0,0,0
189,1,-165,4.8125,4.44772,4.676
189,2,-150,3.9375,3.5321975,3.9269
189,3,-135,3.0625,2.5796525,2.9889
189,4,-120,1.875,1.0033725,0.929
189,5,-105,0.875,0.0432975,0
189,6,-90,0.5,0,0.1538
189,7,-75,0.375,0.325045,0.53
189,8,-60,0.25,0.475645,0.8564
189,9,-45,0.0625,0.3143775,0.9983
189,10,-30,0,0.1436975,0.9306
189,11,-15,0.25,0.307475,0.9562
189,12,0,0.875,0.779355,1.1676
189,13,15,0.25,0.307475,0.9562
189,14,30,0,0.1436975,0.9306
189,15,45,0.0625,0.3143775,0.9983
189,16,60,0.25,0.475645,0.8564
189,17,75,0.375,0.325045,0.53
189,18,90,0.5,0.0006275,0.1538
189,19,105,0.875,0.0432975,0
189,20,120,1.875,1.0096475,0.9318
189,21,135,3.0625,2.579025,2.9889
189,22,150,3.9375,3.53157,3.9269
189,23,165,4.8125,4.4496025,4.6779
189,24,180,5.3125,4.8813225,4.998
190,1,-165,9.15625,9.90088325,10.6269
190,2,-150,5.09375,5.6300555,6.3704
190,3,-135,2.3125,2.6283465,3.2175
190,4,-120,0.78125,0.91545975,1.2472
190,5,-105,0.125,0.16409125,0.2565
190,6,-90,0,0.00018825,0
190,7,-75,0.15625,0.183481,0.279
190,8,-60,0.875,1.02552325,1.3702
190,9,-45,2.5625,2.88794325,3.4495
190,10,-30,5.46875,6.00925375,6.6103
190,11,-15,9.59375,10.4083425,10.9225
190,12,0,14.3125,15.2862765,15.7066
190,13,15,9.5625,10.41304875,10.9304
190,14,30,5.46875,6.0110735,6.6103
190,15,45,2.5625,2.8934025,3.4543
190,16,60,0.875,1.029351,1.3742
190,17,75,0.15625,0.1841085,0.2788
190,18,90,0,0,0
190,19,105,0.125,0.16064,0.2541
190,20,120,0.78125,0.9145185,1.2462
190,21,135,2.3125,2.62546,3.2158
190,22,150,5.09375,5.631938,6.3778
190,23,165,9.15625,9.88657625,10.6138
190,24,180,13.53125,14.36454175,14.97
191,1,-165,1.125,1.133516,1.0874
191,2,-150,3.25,3.17295375,3.1024
191,3,-135,3.90625,3.83910775,3.425
191,4,-120,3.84375,3.79091575,3.2589
191,5,-105,3.875,3.8303855,3.4352
191,6,-90,3.125,3.048897,2.9944
191,7,-75,1.03125,1.0129105,0.9817
191,8,-60,0,0.00458075,0.0036
191,9,-45,1.25,1.24301475,1.1976
191,10,-30,3.28125,3.19102575,3.098
191,11,-15,3.90625,3.8414295,3.428
191,12,0,3.84375,3.7897235,3.2576
191,13,15,3.90625,3.83735075,3.4237
191,14,30,3.28125,3.19202975,3.0991
191,15,45,1.25,1.2428265,1.1977
191,16,60,0,0.0048945,0.0036
191,17,75,1.03125,1.01473025,0.9838
191,18,90,3.125,3.04921075,2.9944
191,19,105,3.875,3.8306365,3.4352
191,20,120,3.84375,3.792359,3.2601
191,21,135,3.90625,3.83923325,3.4252
191,22,150,3.25,3.174146,3.1033
191,23,165,1.125,1.13106875,1.085
191,24,180,0,0,0
192,1,-165,5.59375,4.6900605,4.4957
192,2,-150,6.6875,5.62497275,4.9255
192,3,-135,8.625,7.26274775,6.0116
192,4,-120,11.34375,9.7815955,8.1003
192,5,-105,14.9375,13.17342125,12.4689
192,6,-90,15.4375,13.10188625,11.9648
192,7,-75,11.90625,10.348479,9.0789
192,8,-60,7.875,7.0622615,6.1796
192,9,-45,4.40625,4.02384375,3.3494
192,10,-30,1.90625,1.90439975,1.3844
192,11,-15,0.53125,0.80815725,0.5171
192,12,0,0,0,0
192,13,15,0.53125,0.81073,0.5119
192,14,30,1.9375,1.91757725,1.3913
192,15,45,4.375,4.0344485,3.3743
192,16,60,7.875,7.0592495,6.1724
192,17,75,11.9375,10.322626,9.0591
192,18,90,15.4375,13.08205725,11.9581
192,19,105,14.9375,13.17417425,12.4731
192,20,120,11.34375,9.97066125,8.3063
192,21,135,8.625,7.37143075,6.1393
192,22,150,6.6875,5.62459625,4.9268
192,23,165,5.59375,4.6918175,4.5093
192,24,180,5.3125,4.429899,4.4687
193,1,-165,0.78125,1.58399825,1.114
193,2,-150,0,0.288399,0.0547
193,3,-135,0.21875,0.0367715,0.0955
193,4,-120,1.25,0.6770725,0.9878
193,5,-105,2.40625,1.54572075,1.8854
193,6,-90,2.875,1.94506175,2.2875
193,7,-75,2.3125,1.493952,1.8542
193,8,-60,1.0625,0.57673525,0.8505
193,9,-45,0.09375,0,0
193,10,-30,0.0625,0.439752,0.1626
193,11,-15,0.875,1.76346325,1.2953
193,12,0,1.625,2.8095685,2.3162
193,13,15,0.875,1.760514,1.2919
193,14,30,0.0625,0.439752,0.1626
193,15,45,0.09375,0,0
193,16,60,1.0625,0.57673525,0.8505
193,17,75,2.3125,1.49702675,1.8578
193,18,90,2.875,1.9451245,2.2875
193,19,105,2.40625,1.54572075,1.8854
193,20,120,1.25,0.67650775,0.9874
193,21,135,0.21875,0.0367715,0.0955
193,22,150,0,0.28846175,0.0547
193,23,165,0.78125,1.58374725,1.114
193,24,180,1.625,2.8090665,2.3161
194,1,-165,0.28125,0.236191,0.2875
194,2,-150,1.125,0.97532325,1.1722
194,3,-135,2.5,2.17849175,2.5642
194,4,-120,4.125,3.66378425,4.1932
194,5,-105,5.6875,5.0750945,5.6828
194,6,-90,6.75,5.973047,6.6535
194,7,-75,6.9375,6.171839,6.7716
194,8,-60,6.5625,5.924353,6.2669
194,9,-45,6.25,5.72782,5.701
194,10,-30,6.28125,5.872647,5.2819
194,11,-15,6.65625,6.331224,5.1277
194,12,0,6.9375,6.6418365,5.1174
194,13,15,6.65625,6.331224,5.1277
194,14,30,6.28125,5.872647,5.2819
194,15,45,6.25,5.72782,5.701
194,16,60,6.5625,5.92441575,6.2669
194,17,75,6.9375,6.171086,6.7685
194,18,90,6.75,5.97298425,6.6535
194,19,105,5.6875,5.07503175,5.6828
194,20,120,4.125,3.662341,4.1917
194,21,135,2.5,2.17836625,2.5641
194,22,150,1.125,0.97532325,1.1722
194,23,165,0.28125,0.2383245,0.2904
194,24,180,0,0,0
195,1,-165,2.5625,3.2555955,3.4502
195,2,-150,1.84375,2.303678,2.9845
195,3,-135,1.09375,1.431202,2.3626
195,4,-120,0.40625,0.70135675,1.3047
195,5,-105,0.03125,0.12393125,0.3116
195,6,-90,0,0,0
195,7,-75,0.09375,0.19408575,0.4694
195,8,-60,0.59375,0.90065075,1.6297
195,9,-45,1.25,1.59039875,2.5236
195,10,-30,2,2.481888,3.0952
195,11,-15,2.625,3.32669125,3.4884
195,12,0,2.875,3.66711,3.6282
195,13,15,2.625,3.3258755,3.4882
195,14,30,2,2.48282925,3.0953
195,15,45,1.25,1.59002225,2.5235
195,16,60,0.59375,0.90140375,1.6306
195,17,75,0.09375,0.19383475,0.4694
195,18,90,0,0.000502,0.0006
195,19,105,0.03125,0.12204875,0.3094
195,20,120,0.40625,0.70123125,1.3046
195,21,135,1.09375,1.4305745,2.3634
195,22,150,1.84375,2.3045565,2.985
195,23,165,2.5625,3.255219,3.4502
195,24,180,2.875,3.66767475,3.6286
196,1,-165,0.125,0.42419,0.3663
196,2,-150,0,0.0176955,0.0117
196,3,-135,0.4375,0.19910575,0.1951
196,4,-120,1.46875,0.965848,0.8264
196,5,-105,2.625,1.83537475,1.4281
196,6,-90,3.09375,2.167887,1.6299
196,7,-75,2.65625,1.78730825,1.3552
196,8,-60,1.59375,0.9870575,0.7824
196,9,-45,0.5625,0.24441125,0.2151
196,10,-30,0,0.0008785,0.001
196,11,-15,0.125,0.3776295,0.3202
196,12,0,0.375,0.77100925,0.6885
196,13,15,0.125,0.37844525,0.3211
196,14,30,0,0,0
196,15,45,0.5625,0.244223,0.2146
196,16,60,1.59375,0.986932,0.7826
196,17,75,2.65625,1.78630425,1.3544
196,18,90,3.09375,2.16769875,1.6297
196,19,105,2.625,1.8354375,1.4281
196,20,120,1.46875,0.96578525,0.8264
196,21,135,0.4375,0.19898025,0.195
196,22,150,0,0.01775825,0.0119
196,23,165,0.125,0.42168,0.3643
196,24,180,0.375,0.771072,0.6882
197,1,-165,0.875,0.8502625,0.237
197,2,-150,0.34375,0.427453,0.1472
197,3,-135,0,0.0929955,0.0366
197,4,-120,0.03125,0.002008,0.0017
197,5,-105,0.5,0.2074515,0.0214
197,6,-90,1.3125,0.709577,0.3064
197,7,-75,1.6875,0.93428475,0.9684
197,8,-60,0.53125,0.2799905,0.33
197,9,-45,0,0.02026825,0.0372
197,10,-30,0.09375,0.11476975,0.0257
197,11,-15,0.5625,0.46616975,0.2101
197,12,0,1.125,1.0631105,0.2655
197,13,15,0.5625,0.46629525,0.2104
197,14,30,0.09375,0.11426775,0.0256
197,15,45,0,0.02114675,0.0369
197,16,60,0.53125,0.27829625,0.3266
197,17,75,1.6875,0.941501,0.9677
197,18,90,1.3125,0.71001625,0.307
197,19,105,0.5,0.207828,0.0222
197,20,120,0.03125,0,0
197,21,135,0,0.0929955,0.0366
197,22,150,0.34375,0.428457,0.148
197,23,165,0.875,0.8515175,0.2382
197,24,180,1.125,1.06267125,0.2654
198,1,-165,0.375,0.33012775,0.3348
198,2,-150,1.4375,1.2475955,1.2662
198,3,-135,2.875,2.527821,2.5649
198,4,-120,4.40625,3.857117,3.9404
198,5,-105,5.625,4.83175,5.0393
198,6,-90,6.09375,5.16062275,5.4917
198,7,-75,5.78125,4.8640035,5.2872
198,8,-60,5.03125,4.22564775,4.686
198,9,-45,4.28125,3.6341035,3.9671
198,10,-30,3.84375,3.32669125,3.3497
198,11,-15,3.625,3.28264075,2.9518
198,12,0,3.59375,3.3078035,2.8182
198,13,15,3.625,3.282578,2.9518
198,14,30,3.84375,3.32669125,3.3497
198,15,45,4.28125,3.632472,3.9653
198,16,60,5.03125,4.22263575,4.683
198,17,75,5.78125,4.86193275,5.285
198,18,90,6.09375,5.16062275,5.4917
198,19,105,5.625,4.832252,5.0398
198,20,120,4.40625,3.85743075,3.9407
198,21,135,2.875,2.5224245,2.5597
198,22,150,1.4375,1.2485995,1.2671
198,23,165,0.375,0.330065,0.3348
198,24,180,0,0,0
199,1,-165,0,0.1758255,0.0922
199,2,-150,0.15625,0,0
199,3,-135,1.0625,0.54598775,0.5471
199,4,-120,2.59375,1.76371425,1.681
199,5,-105,4.125,3.018024,2.7069
199,6,-90,4.78125,3.55296775,3.0787
199,7,-75,4.125,2.988657,2.6817
199,8,-60,2.625,1.7583805,1.667
199,9,-45,1.09375,0.5676365,0.5667
199,10,-30,0.15625,0.00357675,0.0089
199,11,-15,0,0.1690485,0.0876
199,12,0,0.125,0.4421365,0.2849
199,13,15,0,0.16911125,0.0876
199,14,30,0.15625,0.0036395,0.0089
199,15,45,1.09375,0.5676365,0.5667
199,16,60,2.625,1.7608905,1.6692
199,17,75,4.125,2.988657,2.6817
199,18,90,4.78125,3.55246575,3.0783
199,19,105,4.125,3.01796125,2.7069
199,20,120,2.59375,1.76371425,1.681
199,21,135,1.0625,0.54598775,0.5471
199,22,150,0.15625,0,0
199,23,165,0,0.1758255,0.0922
199,24,180,0.125,0.4391245,0.2817
200,1,-165,0.0625,0,0.0171
200,2,-150,0.46875,0.2011765,0.2691
200,3,-135,1.375,0.867456,0.9702
200,4,-120,2.71875,1.90879225,1.9468
200,5,-105,3.96875,2.8863745,2.8155
200,6,-90,4.46875,3.275299,3.1662
200,7,-75,3.9375,2.85405825,2.7655
200,8,-60,2.6875,1.88544925,1.9127
200,9,-45,1.375,0.857416,0.959
200,10,-30,0.46875,0.203561,0.2741
200,11,-15,0.0625,0.00382775,0.0217
200,12,0,0,0.007028,0
200,13,15,0.0625,0.0038905,0.0217
200,14,30,0.46875,0.20362375,0.2741
200,15,45,1.375,0.85848275,0.9601
200,16,60,2.6875,1.885512,1.9127
200,17,75,3.9375,2.8534935,2.765
200,18,90,4.46875,3.27498525,3.1658
200,19,105,3.96875,2.888006,2.8172
200,20,120,2.71875,1.91011,1.9479
200,21,135,1.375,0.867456,0.9702
200,22,150,0.46875,0.2011765,0.2691
200,23,165,0.0625,0,0.0171
200,24,180,0,0.00897325,0.0018
201,1,-165,0.3125,0.20625925,0.2274
201,2,-150,1.21875,0.860679,0.9211
201,3,-135,2.65625,1.97317375,2.0399
201,4,-120,4.46875,3.3700515,3.3273
201,5,-105,6.15625,4.61469775,4.3239
201,6,-90,6.875,5.113372,4.6616
201,7,-75,6.15625,4.631452,4.331
201,8,-60,4.53125,3.4240165,3.3411
201,9,-45,2.71875,2.03429225,2.0528
201,10,-30,1.25,0.898831,0.9297
201,11,-15,0.3125,0.2149815,0.2291
201,12,0,0,0,0
201,13,15,0.3125,0.2149815,0.2291
201,14,30,1.25,0.898831,0.9297
201,15,45,2.71875,2.0359865,2.0548
201,16,60,4.53125,3.423891,3.3411
201,17,75,6.15625,4.632456,4.3316
201,18,90,6.875,5.1157565,4.6636
201,19,105,6.15625,4.61469775,4.3239
201,20,120,4.46875,3.3700515,3.3273
201,21,135,2.65625,1.97317375,2.0399
201,22,150,1.21875,0.860679,0.9211
201,23,165,0.3125,0.20625925,0.2274
201,24,180,0,0.00018825,0.0002
202,1,-165,0.09375,0.69533275,0.4401
202,2,-150,0,0.22094275,0.1127
202,3,-135,0.21875,0.00269825,0.0014
202,4,-120,0.875,0.169425,0.1585
202,5,-105,1.59375,0.50758475,0.421
202,6,-90,1.90625,0.66345575,0.5523
202,7,-75,1.59375,0.508024,0.4227
202,8,-60,0.875,0.16973875,0.1591
202,9,-45,0.21875,0,0
202,10,-30,0,0.21830725,0.1114
202,11,-15,0.09375,0.69276,0.4374
202,12,0,0.15625,0.95750225,0.6239
202,13,15,0.09375,0.69282275,0.4374
202,14,30,0,0.21830725,0.1114
202,15,45,0.21875,0,0
202,16,60,0.875,0.16973875,0.1591
202,17,75,1.59375,0.508024,0.4227
202,18,90,1.90625,0.66822475,0.5523
202,19,105,1.59375,0.50758475,0.421
202,20,120,0.875,0.17074275,0.1599
202,21,135,0.21875,0.00269825,0.0014
202,22,150,0,0.218119,0.1111
202,23,165,0.09375,0.69495625,0.4395
202,24,180,0.15625,0.9574395,0.6239
203,1,-165,14.125,13.74105775,13.3085
203,2,-150,13.09375,11.575618,10.6385
203,3,-135,10.15625,8.46441025,7.8046
203,4,-120,7.65625,6.060395,5.7318
203,5,-105,5.9375,4.42506725,4.3468
203,6,-90,6.375,5.75863025,5.5679
203,7,-75,5.5,5.18986425,5.27
203,8,-60,4.40625,4.53324825,4.9036
203,9,-45,3,2.978115,2.9282
203,10,-30,1.34375,1.359416,1.2608
203,11,-15,0.6875,0.91960125,0.9352
203,12,0,0,0,0
203,13,15,2.03125,2.08486875,2.1629
203,14,30,4.8125,4.78512675,4.9083
203,15,45,7.6875,7.4422755,7.521
203,16,60,9.34375,8.58865525,8.8778
203,17,75,7.34375,6.02029775,5.5775
203,18,90,6.03125,4.35792475,3.8882
203,19,105,5.3125,3.6145255,3.234
203,20,120,5.6875,3.9405745,3.6082
203,21,135,7.40625,5.5253885,5.131
203,22,150,10.15625,8.30308,7.8936
203,23,165,13.34375,11.6490355,11.5162
203,24,180,14.25,13.54898,13.7019
204,1,-165,0.15625,0.03043375,0.0013
204,2,-150,0.75,0.37857075,0.2858
204,3,-135,1.96875,1.330802,1.17
204,4,-120,3.6875,2.762255,2.5253
204,5,-105,5.59375,4.3055285,4.0685
204,6,-90,7.0625,5.446951,5.2636
204,7,-75,7.4375,5.774004,5.6169
204,8,-60,7.125,5.64329575,5.5405
204,9,-45,6.9375,5.66965075,5.5478
204,10,-30,7.375,6.31735625,5.9722
204,11,-15,8.53125,7.68311,6.9916
204,12,0,9.4375,8.79560475,7.8324
204,13,15,8.53125,7.68329825,6.9916
204,14,30,7.375,6.317419,5.9722
204,15,45,6.9375,5.6694625,5.5478
204,16,60,7.125,5.64505275,5.5422
204,17,75,7.4375,5.771745,5.6147
204,18,90,7.0625,5.448457,5.2646
204,19,105,5.59375,4.30465,4.0679
204,20,120,3.6875,2.76583175,2.5292
204,21,135,1.96875,1.3306765,1.17
204,22,150,0.75,0.3798885,0.2872
204,23,165,0.15625,0.02930425,0
204,24,180,0,0,0.0014
205,1,-165,0,0.00458075,0.0031
205,2,-150,0.3125,0.316511,0.5807
205,3,-135,1.1875,1.2915205,1.671
205,4,-120,2.375,2.4564115,2.8274
205,5,-105,3.40625,3.53815875,3.8215
205,6,-90,3.90625,3.9674315,4.1713
205,7,-75,3.59375,3.89445325,4.0061
205,8,-60,2.625,2.990665,3.1578
205,9,-45,1.40625,1.76955,1.9752
205,10,-30,0.59375,1.020566,1.0399
205,11,-15,0.28125,0.75155675,0.4866
205,12,0,0.375,0.98699475,0.4904
205,13,15,0.28125,0.7468505,0.4792
205,14,30,0.59375,1.01937375,1.0385
205,15,45,1.4375,1.8680675,2.0576
205,16,60,2.59375,2.943226,3.1541
205,17,75,3.59375,3.90085375,4.0086
205,18,90,3.90625,3.98657025,4.1928
205,19,105,3.40625,3.53815875,3.8215
205,20,120,2.375,2.475613,2.8476
205,21,135,1.1875,1.2967915,1.6777
205,22,150,0.3125,0.31933475,0.5836
205,23,165,0,0,0
205,24,180,0.125,0.18241425,0.0433
206,1,-165,3.09375,3.41592175,3.1897
206,2,-150,1.65625,1.92636225,1.6836
206,3,-135,0.46875,0.5442935,0.4596
206,4,-120,0,0.001757,0.0021
206,5,-105,0.375,0.4323475,0.3743
206,6,-90,1.5,1.7325275,1.5327
206,7,-75,2.90625,3.24900675,3.038
206,8,-60,3.8125,4.05434025,3.9208
206,9,-45,3.1875,3.5070975,3.299
206,10,-30,1.6875,1.96627125,1.7375
206,11,-15,0.4375,0.53193175,0.4513
206,12,0,0,0,0
206,13,15,0.4375,0.53180625,0.4513
206,14,30,1.6875,1.966334,1.7375
206,15,45,3.1875,3.50716025,3.299
206,16,60,3.8125,4.054403,3.9208
206,17,75,2.90625,3.2490695,3.038
206,18,90,1.5,1.7325275,1.5327
206,19,105,0.375,0.43241025,0.3743
206,20,120,0,0.00169425,0.0021
206,21,135,0.46875,0.54423075,0.4596
206,22,150,1.65625,1.9262995,1.6836
206,23,165,3.09375,3.417365,3.1919
206,24,180,3.8125,4.06036425,3.9294
207,1,-165,6.5,5.964011,5.2558
207,2,-150,4.90625,4.31136425,3.6019
207,3,-135,4.15625,3.38266425,2.4673
207,4,-120,3.9375,3.02385975,1.877
207,5,-105,3.90625,2.77775425,1.5803
207,6,-90,3.40625,2.320244,1.4038
207,7,-75,2.25,1.3590395,1.0387
207,8,-60,0.8125,0.33615175,0.441
207,9,-45,0,0,0
207,10,-30,0.09375,0.5232095,0.2564
207,11,-15,0.84375,1.674421,1.1081
207,12,0,1.46875,2.475864,1.7283
207,13,15,0.84375,1.65628625,1.0908
207,14,30,0.09375,0.5277275,0.2601
207,15,45,0,0.001004,0.0012
207,16,60,0.8125,0.34205025,0.4453
207,17,75,2.25,1.34705425,1.036
207,18,90,3.40625,2.3163535,1.4
207,19,105,3.875,2.77863275,1.5765
207,20,120,3.96875,3.012753,1.867
207,21,135,4.15625,3.39960675,2.4977
207,22,150,4.90625,4.3150665,3.6063
207,23,165,6.5,5.96733675,5.2598
207,24,180,8.65625,7.95921,7.3104
208,1,-165,0.5,1.062483,0.3296
208,2,-150,0,0.31745225,0.0454
208,3,-135,0.0625,0,0.0714
208,4,-120,0.59375,0.0972625,0.3383
208,5,-105,1.375,0.51222825,0.8164
208,6,-90,2.09375,1.08337875,1.5347
208,7,-75,1.9375,1.27727625,1.5934
208,8,-60,1.1875,0.801945,0.9374
208,9,-45,0.5,0.30076075,0.2556
208,10,-30,0.375,0.22583725,0.0029
208,11,-15,0.78125,0.59995275,0.1566
208,12,0,1.34375,1.090595,0.3906
208,13,15,0.78125,0.5959995,0.1522
208,14,30,0.375,0.223139,0
208,15,45,0.5,0.299945,0.2543
208,16,60,1.1875,0.8038275,0.939
208,17,75,1.90625,1.2503565,1.5676
208,18,90,2.09375,1.083818,1.5386
208,19,105,1.375,0.50281575,0.7711
208,20,120,0.65625,0.098392,0.3612
208,21,135,0.0625,0.0008785,0.0728
208,22,150,0,0.320025,0.0483
208,23,165,0.5,1.062483,0.3302
208,24,180,1.125,1.7463325,0.6876
209,1,-165,1.75,1.65088975,1.4547
209,2,-150,0.953125,0.9140165,0.795
209,3,-135,0.265625,0.264052,0.2265
209,4,-120,0,0,0
209,5,-105,0.234375,0.2222605,0.1981
209,6,-90,0.8984375,0.844866,0.7306
209,7,-75,1.7421875,1.61738125,1.3886
209,8,-60,2.3125,2.114424,1.7767
209,9,-45,2.2421875,1.98622575,1.6945
209,10,-30,1.59375,1.24979175,1.2251
209,11,-15,0.859375,0.4421365,0.6685
209,12,0,0.5625,0.10385125,0.4217
209,13,15,0.859375,0.4421365,0.6685
209,14,30,1.59375,1.24979175,1.2251
209,15,45,2.2421875,1.98622575,1.6945
209,16,60,2.3125,2.114424,1.7767
209,17,75,1.7421875,1.61738125,1.3886
209,18,90,0.8984375,0.84492875,0.7306
209,19,105,0.234375,0.2222605,0.1981
209,20,120,0,0,0
209,21,135,0.265625,0.264052,0.2265
209,22,150,0.953125,0.9140165,0.795
209,23,165,1.75,1.65088975,1.4547
209,24,180,2.125,1.993191,1.7626
210,1,-165,0.53125,0.931712,0.8196
210,2,-150,2.21875,2.78879825,3.1039
210,3,-135,4.5,4.8037635,5.1707
210,4,-120,7.46875,7.2859025,7.6961
210,5,-105,9.75,10.135129,9.5213
210,6,-90,7.09375,7.2921775,6.952
210,7,-75,4.15625,4.095316,4.0326
210,8,-60,1.9375,1.6835825,1.7374
210,9,-45,0.75,0.38710475,0.426
210,10,-30,0.40625,0,0
210,11,-15,0.71875,0.224143,0.2095
210,12,0,1.5625,0.94081075,0.9355
210,13,15,0.71875,0.22847275,0.214
210,14,30,0.40625,0.00131775,0.0024
210,15,45,0.75,0.389552,0.4285
210,16,60,1.9375,1.683708,1.7375
210,17,75,4.15625,4.092806,4.0313
210,18,90,7.09375,7.296821,6.9516
210,19,105,9.8125,10.1294815,9.5115
210,20,120,7.46875,7.30027225,7.7143
210,21,135,4.5,4.80307325,5.1693
210,22,150,2.28125,2.57526,2.3946
210,23,165,0.53125,0.9280725,0.8196
210,24,180,0,0.4267,0.4853
211,1,-165,0.53125,0.390807,0.3654
211,2,-150,2,1.545909,1.457
211,3,-135,4.25,3.35517975,3.2084
211,4,-120,6.90625,5.50725375,5.2759
211,5,-105,9.3125,7.37783125,7.0651
211,6,-90,10.4375,8.188875,7.9829
211,7,-75,9.40625,7.48237275,7.1537
211,8,-60,7,5.58958175,5.319
211,9,-45,4.25,3.38592725,3.1904
211,10,-30,1.96875,1.52978225,1.4041
211,11,-15,0.5,0.3849085,0.3486
211,12,0,0,0,0
211,13,15,0.5,0.38497125,0.3486
211,14,30,1.96875,1.53003325,1.4041
211,15,45,4.25,3.3946495,3.1977
211,16,60,7,5.59422525,5.3276
211,17,75,9.40625,7.48387875,7.1592
211,18,90,10.4375,8.188875,7.9829
211,19,105,9.3125,7.37783125,7.0651
211,20,120,6.90625,5.50399075,5.2729
211,21,135,4.25,3.3554935,3.2076
211,22,150,2,1.54446575,1.4562
211,23,165,0.53125,0.39061875,0.3654
211,24,180,0,0.00081575,0.0004
212,1,-165,0.25,0.1354145,0.468
212,2,-150,0.96875,0.588344,1.0293
212,3,-135,2.09375,1.3567805,1.941
212,4,-120,3.375,2.23597075,2.9527
212,5,-105,4.375,2.90312875,3.7016
212,6,-90,4.6875,3.0304485,3.8741
212,7,-75,4.0625,2.54419875,3.3357
212,8,-60,2.9375,1.698517,2.3148
212,9,-45,1.78125,0.92725675,1.2527
212,10,-30,1,0.4800375,0.4794
212,11,-15,0.65625,0.3485135,0.0928
212,12,0,0.5625,0.35893,0
212,13,15,0.65625,0.348639,0.0928
212,14,30,1,0.48122975,0.4807
212,15,45,1.78125,0.92499775,1.2504
212,16,60,2.9375,1.70234475,2.3193
212,17,75,4.0625,2.5442615,3.3358
212,18,90,4.6875,3.027813,3.8714
212,19,105,4.375,2.90300325,3.7016
212,20,120,3.375,2.2360335,2.9527
212,21,135,2.09375,1.3628045,1.9467
212,22,150,0.96875,0.59254825,1.0335
212,23,165,0.25,0.1359165,0.4685
212,24,180,0,0,0.2922
213,1,-165,0.1875,0.4135225,0.4568
213,2,-150,0,0.001004,0.0013
213,3,-135,0.3125,0.075049,0.106
213,4,-120,1.125,0.51837775,0.5922
213,5,-105,1.9375,1.04372075,1.2215
213,6,-90,2.4375,1.455047,1.5834
213,7,-75,2.125,1.4519095,1.4969
213,8,-60,1.4375,1.0284725,0.9403
213,9,-45,0.9375,0.77552725,0.5325
213,10,-30,1.125,1.136277,0.8087
213,11,-15,2,2.0894495,1.6333
213,12,0,2.875,2.8923985,2.2172
213,13,15,2,2.08838275,1.6323
213,14,30,1.125,1.13382975,0.8063
213,15,45,0.9375,0.77828825,0.535
213,16,60,1.4375,1.027845,0.9397
213,17,75,2.125,1.45197225,1.4969
213,18,90,2.4375,1.45473325,1.5833
213,19,105,1.9375,1.043658,1.2213
213,20,120,1.125,0.51762475,0.5917
213,21,135,0.3125,0.07781,0.1088
213,22,150,0,0,0
213,23,165,0.1875,0.41345975,0.4566
213,24,180,0.5,0.812236,0.8995
214,1,-165,0.3125,0.2958035,0.3064
214,2,-150,1.15625,1.095866,1.1156
214,3,-135,2.125,2.049164,1.848
214,4,-120,2.4375,2.11021975,1.7801
214,5,-105,2.21875,1.798666,1.6168
214,6,-90,2.21875,1.8429675,1.9264
214,7,-75,2.65625,2.056192,2.336
214,8,-60,3.5625,2.61623575,3.1685
214,9,-45,4.3125,3.06722,4.2308
214,10,-30,4.96875,3.4576505,4.8322
214,11,-15,5.71875,4.0592975,5.3962
214,12,0,5.875,4.94902975,5.8954
214,13,15,5.71875,4.05772875,5.3949
214,14,30,4.96875,3.45771325,4.8322
214,15,45,4.3125,3.066467,4.2301
214,16,60,3.5625,2.62690325,3.1848
214,17,75,2.65625,2.056443,2.336
214,18,90,2.21875,1.842842,1.9264
214,19,105,2.21875,1.79910525,1.6168
214,20,120,2.4375,2.109906,1.7801
214,21,135,2.125,2.048662,1.848
214,22,150,1.15625,1.08877525,1.1088
214,23,165,0.3125,0.29548975,0.3064
214,24,180,0,0,0
215,1,-165,0.3125,0.20236875,0.2307
215,2,-150,1.21875,0.860428,0.9395
215,3,-135,2.75,2.03579825,2.127
215,4,-120,4.9375,3.730613,3.7083
215,5,-105,7.59375,5.786805,5.2938
215,6,-90,9.625,7.50282925,6.8427
215,7,-75,7.78125,6.27029375,6.054
215,8,-60,4.96875,3.9744595,4.118
215,9,-45,2.71875,2.15063075,2.4609
215,10,-30,1.15625,0.9150205,1.3006
215,11,-15,0.28125,0.225649,0.6305
215,12,0,0,0.01361675,0.4201
215,13,15,0.28125,0.22508425,0.6301
215,14,30,1.15625,0.91495775,1.3006
215,15,45,2.71875,2.15063075,2.4609
215,16,60,4.96875,3.971071,4.1146
215,17,75,7.78125,6.27142325,6.054
215,18,90,9.625,7.50220175,6.8421
215,19,105,7.59375,5.78686775,5.2938
215,20,120,4.9375,3.73293475,3.7131
215,21,135,2.75,2.03642575,2.1276
215,22,150,1.21875,0.8605535,0.9381
215,23,165,0.3125,0.2021805,0.2304
215,24,180,0.03125,0,0
216,1,-165,5.9375,5.5251375,4.773
216,2,-150,6,5.4106815,5.0496
216,3,-135,6.40625,5.63174975,5.5165
216,4,-120,7.15625,6.1631795,6.1007
216,5,-105,7.8125,6.66549325,6.5594
216,6,-90,7.8125,6.639703,6.5652
216,7,-75,6.8125,5.779526,5.8752
216,8,-60,5,4.278546,4.5138
216,9,-45,3.0625,2.63016625,2.8703
216,10,-30,1.4375,1.22255825,1.3646
216,11,-15,0.375,0.30264325,0.3418
216,12,0,0,0,0
216,13,15,0.375,0.30377275,0.343
216,14,30,1.4375,1.22255825,1.3646
216,15,45,3.0625,2.63016625,2.8703
216,16,60,5,4.280052,4.5155
216,17,75,6.8125,5.78849925,5.8848
216,18,90,7.8125,6.638197,6.559
216,19,105,7.8125,6.66549325,6.5594
216,20,120,7.15625,6.1631795,6.1007
216,21,135,6.40625,5.631687,5.5165
216,22,150,6,5.4106815,5.0496
216,23,165,5.9375,5.5251375,4.773
216,24,180,5.96875,5.66161875,4.671
217,1,-165,0.3125,0.21278525,0.1877
217,2,-150,1.25,0.88119825,0.8297
217,3,-135,2.71875,2.00843925,1.9628
217,4,-120,4.5,3.439704,3.3825
217,5,-105,6.15625,4.77998125,4.7039
217,6,-90,7.09375,5.60815575,5.5203
217,7,-75,7.125,5.771745,5.6118
217,8,-60,6.5,5.43233025,5.219
217,9,-45,5.75,4.991135,4.7325
217,10,-30,5.28125,4.7924685,4.4281
217,11,-15,5.1875,4.87661625,4.4057
217,12,0,5.21875,4.972059,4.4587
217,13,15,5.1875,4.876679,4.4057
217,14,30,5.28125,4.79253125,4.4281
217,15,45,5.75,4.99132325,4.7325
217,16,60,6.5,5.4322675,5.219
217,17,75,7.125,5.771494,5.6118
217,18,90,7.09375,5.60803025,5.5202
217,19,105,6.15625,4.7751495,4.6992
217,20,120,4.5,3.439955,3.383
217,21,135,2.71875,2.007749,1.9622
217,22,150,1.25,0.8816375,0.83
217,23,165,0.3125,0.21291075,0.1877
217,24,180,0,0,0
218,1,-165,1.5625,0.8534,0.0926
218,2,-150,1.8125,0.952796,0.6329
218,3,-135,2.40625,1.322268,1.4745
218,4,-120,3.03125,1.66042775,2.2739
218,5,-105,3.28125,1.779339,2.7744
218,6,-90,3.09375,1.78730825,2.9985
218,7,-75,3,1.6805705,2.588
218,8,-60,1.75,0.71227525,1.3732
218,9,-45,0.78125,0.115962,0.4848
218,10,-30,0.1875,0,0.0258
218,11,-15,0,0.191513,0.0065
218,12,0,0.03125,0.42877075,0.1959
218,13,15,0,0.187246,0
218,14,30,0.1875,0.00056475,0.0271
218,15,45,0.78125,0.11627575,0.4803
218,16,60,1.75,0.71064375,1.3714
218,17,75,3,1.6793155,2.5857
218,18,90,3.09375,1.78492375,2.9952
218,19,105,3.28125,1.7814725,2.7773
218,20,120,3.03125,1.65854525,2.2708
218,21,135,2.40625,1.32107575,1.4739
218,22,150,1.8125,0.953047,0.6334
218,23,165,1.5625,0.8540275,0.0937
218,24,180,1.6875,0.9807825,0.009
219,1,-165,1.84375,2.76382375,2.5395
219,2,-150,0.59375,1.20900425,1.0988
219,3,-135,0,0.255518,0.2305
219,4,-120,0.125,0.113954,0
219,5,-105,0.71875,0.464099,0.1843
219,6,-90,1.1875,0.748231,0.3635
219,7,-75,1.15625,0.6401755,0.24
219,8,-60,0.625,0.2704525,0.0414
219,9,-45,0.0625,0.00031375,0.0342
219,10,-30,0.0625,0.2937955,0.5594
219,11,-15,0.84375,1.40415675,1.8966
219,12,0,1.6875,2.60569375,3.4419
219,13,15,0.84375,1.40591375,1.8976
219,14,30,0.0625,0.294674,0.56
219,15,45,0.0625,0,0.0342
219,16,60,0.625,0.2704525,0.0414
219,17,75,1.15625,0.64011275,0.2403
219,18,90,1.1875,0.74979975,0.3654
219,19,105,0.71875,0.46290675,0.1837
219,20,120,0.125,0.1153345,0.0012
219,21,135,0,0.25620825,0.2306
219,22,150,0.59375,1.209067,1.0985
219,23,165,1.84375,2.7631335,2.5393
219,24,180,2.625,3.73531925,3.5276
220,1,-165,0,0,0
220,2,-150,0.40625,0.028363,0.375
220,3,-135,1.1875,0.34845075,1.0611
220,4,-120,2.3125,0.956812,2.0471
220,5,-105,3.5625,1.72066775,3.2116
220,6,-90,4.5625,2.37948,4.2206
220,7,-75,4.84375,2.632488,4.4568
220,8,-60,4.5,2.33662175,4.0399
220,9,-45,4.53125,2.4092235,4.0434
220,10,-30,5.25,3.29312,4.601
220,11,-15,6.65625,4.96973725,5.6063
220,12,0,8,6.79149525,6.1252
220,13,15,6.65625,4.969298,5.6054
220,14,30,5.25,3.2907355,4.5993
220,15,45,4.53125,2.40740375,4.0416
220,16,60,4.5,2.33724925,4.0405
220,17,75,4.84375,2.63129575,4.4583
220,18,90,4.5625,2.37929175,4.2202
220,19,105,3.5625,1.7227385,3.212
220,20,120,2.3125,0.95574525,2.0457
220,21,135,1.1875,0.34958025,1.0622
220,22,150,0.40625,0.032128,0.3789
220,23,165,0,6.28E-05,0
220,24,180,0.4375,0.4554395,0.1878
221,1,-165,8.0625,7.783008,7.7477
221,2,-150,6.15625,5.9545985,6.0451
221,3,-135,4.8125,4.475581,4.6959
221,4,-120,2.6875,2.4581685,2.4991
221,5,-105,3.5625,3.1348645,3.2829
221,6,-90,3.84375,3.446481,3.7469
221,7,-75,4.4375,3.60643075,4.4622
221,8,-60,5.46875,5.57163525,5.3771
221,9,-45,5.46875,5.7058575,5.0502
221,10,-30,3.15625,3.41265875,3.0293
221,11,-15,1.125,1.384014,1.1201
221,12,0,0.0625,0.22006425,0.1383
221,13,15,0,0,0
221,14,30,0.90625,0.7465995,0.6791
221,15,45,2.3125,2.2330215,1.9175
221,16,60,3.4375,3.280068,2.7424
221,17,75,4.5,4.07454575,3.6081
221,18,90,6,4.983103,4.957
221,19,105,6.6875,5.73089475,5.9513
221,20,120,7.8125,7.01024175,7.3502
221,21,135,9.375,8.7103275,9.1999
221,22,150,11.34375,10.82807725,11.3286
221,23,165,13.03125,12.715911,12.9232
221,24,180,10.75,10.5155195,10.3464
222,1,-165,0.3125,0.105922,0.763
222,2,-150,1.09375,0.7016705,1.5384
222,3,-135,2.09375,1.4622005,2.3187
222,4,-120,2.4375,2.588061,2.8802
222,5,-105,1.5625,1.5701305,1.8707
222,6,-90,0.78125,0.65617675,0.7105
222,7,-75,0.75,0.00069025,0.0008
222,8,-60,1.28125,0.12801,0.0519
222,9,-45,2.5,1.00079975,0.9428
222,10,-30,4.125,2.461808,2.5572
222,11,-15,5.625,3.935429,4.1251
222,12,0,6.53125,4.8396565,4.9221
222,13,15,5.625,3.94239425,4.1259
222,14,30,4.15625,2.45547025,2.5473
222,15,45,2.5,0.99967025,0.9419
222,16,60,1.28125,0.126253,0.0514
222,17,75,0.75,0,0
222,18,90,0.78125,0.662138,0.7123
222,19,105,1.5625,1.58926925,1.8713
222,20,120,2.4375,2.58498625,2.8769
222,21,135,2.09375,1.46075725,2.3177
222,22,150,1.09375,0.704306,1.5405
222,23,165,0.3125,0.116715,0.7573
222,24,180,0,0.012801,0.4343
223,1,-165,0,0.014558,0
223,2,-150,0.3125,0.009036,0.0623
223,3,-135,1.34375,0.6886185,0.8088
223,4,-120,3,1.9860375,2.1178
223,5,-105,4.59375,3.27699325,3.2774
223,6,-90,5.25,3.81902775,3.7437
223,7,-75,4.59375,3.25703875,3.313
223,8,-60,3,1.971856,2.1475
223,9,-45,1.375,0.6913795,0.8366
223,10,-30,0.3125,0,0.0638
223,11,-15,0,0.015311,0.002
223,12,0,0.03125,0.1911365,0.1446
223,13,15,0,0.015311,0.002
223,14,30,0.3125,0.0001255,0.0638
223,15,45,1.375,0.6913795,0.8366
223,16,60,3,1.9717305,2.1475
223,17,75,4.59375,3.2553445,3.3112
223,18,90,5.25,3.8190905,3.7437
223,19,105,4.59375,3.27699325,3.2774
223,20,120,3,1.97995075,2.1124
223,21,135,1.34375,0.6886185,0.8088
223,22,150,0.3125,0.00884775,0.0623
223,23,165,0,0.014558,0
223,24,180,0.03125,0.193019,0.1465
224,1,-165,0.125,0.4267,0.278
224,2,-150,0,0,0
224,3,-135,0.375,0.08966975,0.1808
224,4,-120,1.28125,0.67801375,0.8145
224,5,-105,2.3125,1.46653025,1.7215
224,6,-90,3.125,2.0387475,2.3831
224,7,-75,2.90625,1.96827925,2.1523
224,8,-60,2.4375,1.47581725,1.5946
224,9,-45,2.34375,1.47318175,1.5747
224,10,-30,3.0625,2.36937725,2.3283
224,11,-15,4.40625,4.04417475,3.7309
224,12,0,5.53125,5.59874325,5.0026
224,13,15,4.40625,4.043108,3.7314
224,14,30,3.0625,2.3663025,2.3246
224,15,45,2.34375,1.47481325,1.5761
224,16,60,2.4375,1.47606825,1.595
224,17,75,2.90625,1.9699735,2.1539
224,18,90,3.09375,2.05123475,2.4224
224,19,105,2.3125,1.4667185,1.7213
224,20,120,1.28125,0.67826475,0.8149
224,21,135,0.375,0.0914895,0.183
224,22,150,0,0.001004,0.0004
224,23,165,0.125,0.42826875,0.2793
224,24,180,0.59375,0.7827435,0.6973
225,1,-165,0.3125,0.1612675,0.1731
225,2,-150,1.34375,0.80752975,0.8045
225,3,-135,3.09375,2.06642025,2.0334
225,4,-120,5.25,3.75263825,3.6364
225,5,-105,7.15625,5.31247775,4.974
225,6,-90,7.96875,5.9641365,5.4583
225,7,-75,7.1875,5.3258435,4.9985
225,8,-60,5.28125,3.7944925,3.6716
225,9,-45,3.125,2.1040075,2.0658
225,10,-30,1.375,0.83451225,0.8148
225,11,-15,0.3125,0.1821005,0.1737
225,12,0,0,0.00018825,0.0003
225,13,15,0.3125,0.1675425,0.1792
225,14,30,1.375,0.81844825,0.8195
225,15,45,3.125,2.092838,2.0674
225,16,60,5.28125,3.79166875,3.6794
225,17,75,7.15625,5.31498775,4.991
225,18,90,7.96875,5.962756,5.4565
225,19,105,7.15625,5.320698,4.9797
225,20,120,5.25,3.76995725,3.6406
225,21,135,3.09375,2.076774,2.0334
225,22,150,1.375,0.82359375,0.8035
225,23,165,0.3125,0.18216325,0.1741
225,24,180,0,0,0
226,1,-165,0.9375,0.33339075,1.4275
226,2,-150,0.8125,0.33634,1.1088
226,3,-135,0.6875,0.36238125,0.6335
226,4,-120,0.25,0.15492975,0.0732
226,5,-105,0,0,0
226,6,-90,0.25,0.01813475,0.2421
226,7,-75,0.78125,0.32648825,0.8005
226,8,-60,1.15625,0.16823275,0.8623
226,9,-45,1.9375,0.98643,1.5779
226,10,-30,3.25,2.462059,2.7842
226,11,-15,4.40625,3.64659075,3.6774
226,12,0,4.96875,4.0946885,3.8897
226,13,15,4.40625,3.64345325,3.6743
226,14,30,4.03125,2.88355075,3.0633
226,15,45,1.9375,0.9905715,1.5842
226,16,60,1.15625,0.1698015,0.8638
226,17,75,0.78125,0.32661375,0.8005
226,18,90,0.25,0.01788375,0.2421
226,19,105,0,0.001255,0.0014
226,20,120,0.25,0.16434225,0.0823
226,21,135,0.65625,0.357926,0.6367
226,22,150,0.8125,0.336089,1.1088
226,23,165,0.9375,0.332826,1.4273
226,24,180,1.375,0.6419325,1.7569
227,1,-165,0.125,0.0051455,0.1727
227,2,-150,0.625,0.13346925,0.6861
227,3,-135,1.53125,0.58978725,1.548
227,4,-120,2.90625,1.37441325,2.6828
227,5,-105,4.28125,2.280084,3.929
227,6,-90,5.25,2.9367,4.7675
227,7,-75,5.40625,3.19090025,4.9685
227,8,-60,5,3.074248,4.7754
227,9,-45,4.40625,2.8191065,4.2584
227,10,-30,3.78125,2.563965,3.6774
227,11,-15,3.40625,2.430935,3.2909
227,12,0,3.46875,2.78126825,2.8919
227,13,15,3.71875,2.95445825,3.1814
227,14,30,4.5,3.47842075,4.008
227,15,45,4.40625,2.81904375,4.2584
227,16,60,5,3.0743735,4.7754
227,17,75,5.40625,3.19140225,4.9691
227,18,90,5.25,2.937202,4.7681
227,19,105,4.28125,2.266781,3.9186
227,20,120,2.90625,1.37717425,2.6852
227,21,135,1.53125,0.59041475,1.5487
227,22,150,0.625,0.13346925,0.6861
227,23,165,0.125,0.0051455,0.1727
227,24,180,0,0,0
228,1,-165,0.40625,0.552451,0.4602
228,2,-150,1.5625,1.97066375,1.6079
228,3,-135,3.09375,3.6777775,3.0561
228,4,-120,4.5,5.0733375,4.3825
228,5,-105,5.46875,5.51641525,4.7594
228,6,-90,5.34375,5.18446775,4.512
228,7,-75,4.875,4.78098525,4.1913
228,8,-60,4.5625,4.7420175,4.2269
228,9,-45,4.65625,5.174114,4.8032
228,10,-30,5.125,5.9786945,5.76
228,11,-15,5.9375,7.0261175,6.7548
228,12,0,6.875,8.1054175,7.2497
228,13,15,5.90625,6.954206,6.2935
228,14,30,5.1875,5.98076525,5.4114
228,15,45,4.8125,5.3047595,4.6143
228,16,60,4.78125,5.02545925,4.2659
228,17,75,5.15625,5.15233975,4.4674
228,18,90,5.6875,5.5811105,4.9855
228,19,105,5.625,5.86605825,5.2664
228,20,120,4.5625,5.155289,4.4402
228,21,135,3.125,3.68411525,3.0782
228,22,150,1.625,1.96840475,1.6177
228,23,165,0.4375,0.55276475,0.4413
228,24,180,0,0,0
229,1,-165,0.25,0.470876,0.4325
229,2,-150,0,0,0
229,3,-135,0.59375,0.40429825,0.4748
229,4,-120,1.9375,1.463079,1.5819
229,5,-105,3.6875,2.92170275,3.0362
229,6,-90,5.15625,4.22577325,4.4123
229,7,-75,4.9375,4.72639275,4.7825
229,8,-60,5.125,4.58696225,4.0008
229,9,-45,4.71875,4.43209525,3.5106
229,10,-30,4.875,4.8577285,3.7001
229,11,-15,5.78125,6.034542,4.8103
229,12,0,7.09375,7.55252725,6.451
229,13,15,5.78125,6.0331615,4.8094
229,14,30,4.875,4.85741475,3.6977
229,15,45,4.71875,4.43234625,3.5111
229,16,60,5.125,4.59085275,4.0018
229,17,75,4.9375,4.72576525,4.7825
229,18,90,5.15625,4.22778125,4.4157
229,19,105,3.6875,2.91592975,3.0332
229,20,120,1.9375,1.46276525,1.5798
229,21,135,0.59375,0.40341975,0.4734
229,22,150,0,0.00483175,0.0045
229,23,165,0.25,0.46930725,0.4321
229,24,180,1.125,1.544905,1.5271
230,1,-165,0.15625,0.1233665,0.2544
230,2,-150,0.78125,0.66257725,1.1236
230,3,-135,2.03125,1.773064,2.6615
230,4,-120,3.8125,3.40123825,4.7018
230,5,-105,5.75,5.187166,6.7269
230,6,-90,6.90625,6.17817675,7.6338
230,7,-75,5.6875,5.251422,6.5411
230,8,-60,3.75,3.5018265,4.6062
230,9,-45,1.96875,1.835563,2.6183
230,10,-30,0.75,0.6946425,1.1486
230,11,-15,0.15625,0.15562,0.3468
230,12,0,0,0.03721075,0.1153
230,13,15,0.15625,0.1577535,0.3487
230,14,30,0.75,0.6946425,1.1486
230,15,45,1.96875,1.83550025,2.6183
230,16,60,3.75,3.5028305,4.6073
230,17,75,5.6875,5.25826175,6.5469
230,18,90,6.90625,6.17529025,7.6307
230,19,105,5.75,5.186664,6.7259
230,20,120,3.8125,3.40123825,4.7018
230,21,135,2.03125,1.773064,2.6615
230,22,150,0.78125,0.66257725,1.1236
230,23,165,0.15625,0.1233665,0.2544
230,24,180,0,0,0
231,1,-165,3.5,3.1474145,2.9072
231,2,-150,4.5625,4.0472495,3.8697
231,3,-135,5.53125,4.8853385,4.6936
231,4,-120,5.59375,4.91301125,4.7342
231,5,-105,4.46875,3.87412225,3.7813
231,6,-90,2.65625,2.22191475,2.2297
231,7,-75,0.96875,0.76987975,0.8047
231,8,-60,0,6.27E-05,0.0001
231,9,-45,0.75,0.802447,0.7859
231,10,-30,2.84375,2.8248795,2.7145
231,11,-15,5.0625,4.960262,4.6739
231,12,0,6.0625,5.9475705,5.5341
231,13,15,5.0625,4.95906975,4.6722
231,14,30,2.84375,2.824252,2.7147
231,15,45,0.75,0.802447,0.7858
231,16,60,0,0,0
231,17,75,0.96875,0.769817,0.8046
231,18,90,2.65625,2.221852,2.2297
231,19,105,4.46875,3.874687,3.7819
231,20,120,5.59375,4.91326225,4.7344
231,21,135,5.53125,4.8853385,4.6936
231,22,150,4.5625,4.049132,3.8706
231,23,165,3.5,3.1474145,2.9072
231,24,180,3.09375,2.83862175,2.4776
232,1,-165,0.25,0.1590085,0.2643
232,2,-150,1.0625,0.6745625,1.0222
232,3,-135,2.34375,1.57879,2.1456
232,4,-120,3.90625,2.7631335,3.3677
232,5,-105,5.46875,3.93687225,4.3262
232,6,-90,6.4375,4.69872,4.7422
232,7,-75,6.3125,4.80344975,4.6919
232,8,-60,5.28125,4.2736515,4.2242
232,9,-45,4.03125,3.50414825,3.477
232,10,-30,3,2.85782325,2.727
232,11,-15,2.40625,2.498705,2.1957
232,12,0,2.1875,2.3848765,1.9954
232,13,15,2.40625,2.4985795,2.1957
232,14,30,3,2.857886,2.727
232,15,45,4.03125,3.50339525,3.4762
232,16,60,5.28125,4.273777,4.2242
232,17,75,6.3125,4.80344975,4.6919
232,18,90,6.4375,4.69865725,4.7422
232,19,105,5.46875,3.93260525,4.3215
232,20,120,3.90625,2.76319625,3.3677
232,21,135,2.34375,1.57872725,2.1456
232,22,150,1.0625,0.6745625,1.0222
232,23,165,0.25,0.15894575,0.2643
232,24,180,0,0,0
233,1,-165,2.15625,3.3218595,3.7804
233,2,-150,1.75,2.7347705,3.0496
233,3,-135,1.46875,2.151321,2.241
233,4,-120,1.40625,1.943493,1.7695
233,5,-105,0.4375,0.747227,0.8205
233,6,-90,0,6.28E-05,0
233,7,-75,0.15625,0.1399325,0.0153
233,8,-60,0.5,0.628755,0.3198
233,9,-45,0.71875,0.90567075,0.6476
233,10,-30,0.8125,0.92750775,0.8405
233,11,-15,0.90625,0.89356,0.9287
233,12,0,0.9375,0.872978,0.9413
233,13,15,0.90625,0.8934345,0.9287
233,14,30,0.8125,0.92788425,0.8405
233,15,45,0.71875,0.905608,0.6476
233,16,60,0.5,0.62881775,0.3198
233,17,75,0.15625,0.1396815,0.0153
233,18,90,0,0,0
233,19,105,0.4375,0.74666225,0.8183
233,20,120,1.40625,1.94368125,1.7695
233,21,135,1.46875,2.151321,2.241
233,22,150,1.75,2.73495875,3.0496
233,23,165,2.15625,3.32242425,3.7804
233,24,180,2.34375,3.5550385,4.0662
234,1,-165,0.34375,0.64048925,0.6123
234,2,-150,0,0.00043925,0.0008
234,3,-135,0.34375,0.0711585,0.108
234,4,-120,1.25,0.737689,0.7228
234,5,-105,2.3125,1.71188275,1.6634
234,6,-90,3.0625,2.626213,2.5482
234,7,-75,2.15625,1.70598425,1.6773
234,8,-60,1.0625,0.71905225,0.7269
234,9,-45,0.21875,0.04210525,0.08
234,10,-30,0,0.07059375,0.0629
234,11,-15,0.46875,0.81518525,0.7751
234,12,0,1.3125,1.8226365,1.565
234,13,15,0.46875,0.81606375,0.7755
234,14,30,0,0.0706565,0.0634
234,15,45,0.21875,0.04298375,0.0809
234,16,60,1.0625,0.72231525,0.7302
234,17,75,2.15625,1.70548225,1.677
234,18,90,3.0625,2.62790725,2.5495
234,19,105,2.3125,1.708557,1.6614
234,20,120,1.25,0.7378145,0.7228
234,21,135,0.34375,0.07147225,0.1085
234,22,150,0,0,0
234,23,165,0.34375,0.640803,0.6119
234,24,180,1.21875,1.747211,1.5347
235,1,-165,0.25,0.179465,0.158
235,2,-150,1.0625,0.76649125,0.6982
235,3,-135,2.34375,1.7694245,1.6726
235,4,-120,3.90625,3.00980375,2.9105
235,5,-105,5.34375,4.11558425,4.0137
235,6,-90,5.9375,4.58357375,4.4823
235,7,-75,5.375,4.1521675,4.0258
235,8,-60,3.96875,3.0487715,2.9176
235,9,-45,2.375,1.7794645,1.6651
235,10,-30,1.0625,0.76536175,0.6937
235,11,-15,0.25,0.175198,0.1545
235,12,0,0,0.0021335,0.0022
235,13,15,0.25,0.17526075,0.1545
235,14,30,1.0625,0.76523625,0.6937
235,15,45,2.375,1.7794645,1.6651
235,16,60,3.96875,3.0487715,2.9176
235,17,75,5.375,4.1521675,4.0258
235,18,90,5.9375,4.583511,4.4823
235,19,105,5.34375,4.11570975,4.0137
235,20,120,3.90625,3.00992925,2.9105
235,21,135,2.34375,1.76898525,1.6724
235,22,150,1.0625,0.76661675,0.6982
235,23,165,0.25,0.179465,0.158
235,24,180,0,0,0
236,1,-165,0.3125,0.24390925,0.234
236,2,-150,1.34375,1.02659,0.9551
236,3,-135,3.09375,2.4385905,2.1927
236,4,-120,5.59375,4.49283725,3.9255
236,5,-105,8.625,7.01137125,5.9823
236,6,-90,11.40625,9.42272825,8.0468
236,7,-75,8.125,6.66549325,5.7507
236,8,-60,5.09375,4.10692475,3.5886
236,9,-45,2.75,2.16920475,1.9224
236,10,-30,1.15625,0.8944385,0.8068
236,11,-15,0.28125,0.2094595,0.1923
236,12,0,0,0.00056475,0.0006
236,13,15,0.28125,0.2094595,0.1923
236,14,30,1.15625,0.8939365,0.8063
236,15,45,2.75,2.16920475,1.9224
236,16,60,5.09375,4.10692475,3.5886
236,17,75,8.125,6.667815,5.7531
236,18,90,11.40625,9.4226655,8.0468
236,19,105,8.625,7.01325375,5.9861
236,20,120,5.59375,4.4929,3.9255
236,21,135,3.09375,2.43852775,2.1927
236,22,150,1.34375,1.02659,0.9551
236,23,165,0.3125,0.243972,0.234
236,24,180,0,0,0
237,1,-165,1.40625,0.988187,1.3012
237,2,-150,2.15625,1.4345905,1.9592
237,3,-135,3.125,3.63253475,2.796
237,4,-120,2.28125,2.83222125,1.959
237,5,-105,1.1875,1.6484425,0.8151
237,6,-90,0.28125,0.6045335,0.0646
237,7,-75,0,0.01506,0
237,8,-60,0.5,0.01022825,0.4864
237,9,-45,1.6875,0.5294845,1.3668
237,10,-30,3.5,2.09779525,2.8045
237,11,-15,5.46875,3.47264775,4.1265
237,12,0,7.1875,4.9214825,5.254
237,13,15,5.46875,3.47289875,4.127
237,14,30,3.5,1.82608775,2.6327
237,15,45,1.6875,0.52967275,1.3671
237,16,60,0.5,0.0151855,0.49
237,17,75,0,0,0.0074
237,18,90,0.28125,0.6024,0.0608
237,19,105,1.1875,1.6476895,0.8118
237,20,120,2.28125,2.820487,1.9708
237,21,135,3.125,3.64784575,2.7583
237,22,150,2.15625,1.43678675,1.966
237,23,165,1.40625,0.98799875,1.3051
237,24,180,1.09375,0.94507775,1.0918
238,1,-165,0.375,0.3058435,0.3377
238,2,-150,1.65625,1.42122475,1.5404
238,3,-135,3.84375,3.31476875,3.5376
238,4,-120,6.75,5.877416,6.1139
238,5,-105,10.0625,8.777219,9.0284
238,6,-90,11.6875,10.26339,9.4513
238,7,-75,9.5,7.88773775,6.9493
238,8,-60,8,6.196688,5.2159
238,9,-45,7.21875,5.2791575,4.3382
238,10,-30,7.0625,5.016737,4.1343
238,11,-15,7.4375,5.275769,4.4165
238,12,0,8.21875,5.978318,5.0714
238,13,15,7.4375,5.2741375,4.4149
238,14,30,7.0625,5.01567025,4.1336
238,15,45,7.21875,5.2791575,4.3382
238,16,60,8,6.19612325,5.2149
238,17,75,9.5,7.889934,6.9515
238,18,90,11.6875,10.2685355,9.4579
238,19,105,10.0625,8.776466,9.0314
238,20,120,6.75,5.87760425,6.1144
238,21,135,3.84375,3.316463,3.539
238,22,150,1.65625,1.42097375,1.5402
238,23,165,0.375,0.3058435,0.3377
238,24,180,0,0,0
239,1,-165,0.03125,0,0.0572
239,2,-150,2.125,1.36951875,1.7476
239,3,-135,3.46875,1.7634005,2.4163
239,4,-120,5.125,2.61372575,3.5834
239,5,-105,6.3125,3.50352075,4.552
239,6,-90,6.59375,3.96674125,4.9099
239,7,-75,6.1875,4.054403,4.7081
239,8,-60,5.6875,3.99221775,4.5452
239,9,-45,5.59375,4.2116545,4.9567
239,10,-30,6.375,5.293088,6.3396
239,11,-15,8.0625,7.22760775,8.558
239,12,0,10.125,9.273446,10.586
239,13,15,8.0625,7.23865175,8.5431
239,14,30,6.375,5.2894485,6.3354
239,15,45,5.59375,4.20832875,4.9539
239,16,60,5.6875,3.977848,4.5331
239,17,75,6.1875,4.05747775,4.7232
239,18,90,6.59375,3.96649025,4.9099
239,19,105,7.53125,4.28136975,5.643
239,20,120,5.125,2.614667,3.5823
239,21,135,3.4375,1.752231,2.41
239,22,150,2.125,1.40829825,1.7576
239,23,165,0.03125,0.00031375,0.0572
239,24,180,0,0.29599175,0
240,1,-165,5.78125,5.211513,5.5991
240,2,-150,4.125,3.784578,4.2476
240,3,-135,3.09375,2.782586,3.1969
240,4,-120,2.15625,1.81454175,2.1172
240,5,-105,1.46875,1.232912,1.4353
240,6,-90,1.28125,0.98247675,1.2705
240,7,-75,1.78125,1.484916,1.9818
240,8,-60,2.96875,2.3359315,2.9796
240,9,-45,2.875,2.97303225,2.7461
240,10,-30,1.25,1.25117225,1.2462
240,11,-15,0.28125,0.329061,0.3481
240,12,0,0,0,0.0095
240,13,15,0.15625,0.0530865,0
240,14,30,0.5,0.35447475,0.2079
240,15,45,0.59375,0.74628575,0.8147
240,16,60,0.59375,0.41032225,0.8877
240,17,75,1.3125,0.91746775,1.4468
240,18,90,3.0625,1.93521,2.8102
240,19,105,4.0625,2.90124625,3.9342
240,20,120,5.28125,4.1740045,5.2584
240,21,135,6.71875,5.6531475,6.8831
240,22,150,8.34375,7.31131625,8.5023
240,23,165,9.9375,8.96841825,9.8131
240,24,180,8.46875,7.8401105,7.7208
241,1,-165,3.4375,2.1303625,2.194
241,2,-150,4.8125,4.1270675,4.8302
241,3,-135,4.625,4.3906175,4.612
241,4,-120,4.9375,5.6092225,5.6684
241,5,-105,2.5625,3.028315,2.8144
241,6,-90,1.1875,1.58381,1.6052
241,7,-75,0,0,0
241,8,-60,1.875,1.6622475,1.3011
241,9,-45,4.5,4.1170275,3.6183
241,10,-30,6.0625,5.3644975,4.3069
241,11,-15,6.125,5.5715725,4.3564
241,12,0,5.875,5.5540025,4.3719
241,13,15,5.5625,5.5125875,4.4906
241,14,30,4.875,5.1147525,4.5971
241,15,45,3.25,3.101105,3.3438
241,16,60,2.1875,2.22135,2.3456
241,17,75,2.75,2.907835,2.7023
241,18,90,4.0625,4.2036225,4.1219
241,19,105,4.75,4.3140625,4.2956
241,20,120,5.125,3.9789775,3.9567
241,21,135,5.4375,3.6476575,3.8073
241,22,150,4.8125,2.895285,2.4
241,23,165,3.3125,1.5129025,1.0224
241,24,180,2.625,0.9155225,0.437
242,1,-165,0.5625,0.49817225,0.2802
242,2,-150,1.1875,0.9948385,1.0587
242,3,-135,2.25,1.82608775,2.1525
242,4,-120,3.5625,2.885245,3.3421
242,5,-105,4.8125,3.8354055,4.2951
242,6,-90,5.4375,4.26329775,4.652
242,7,-75,5,3.95030075,4.2887
242,8,-60,3.875,3.052913,3.4794
242,9,-45,2.375,1.9175145,2.4214
242,10,-30,1.125,0.92926475,1.4084
242,11,-15,0.3125,0.2503725,0.628
242,12,0,0,0,0.3277
242,13,15,0.3125,0.25030975,0.628
242,14,30,1.125,0.929202,1.4084
242,15,45,2.375,1.91757725,2.4214
242,16,60,3.875,3.0527875,3.4794
242,17,75,5,3.95042625,4.2887
242,18,90,5.4375,4.26329775,4.652
242,19,105,4.8125,3.8354055,4.2951
242,20,120,3.5625,2.88631175,3.3429
242,21,135,2.25,1.82608775,2.1525
242,22,150,1.1875,0.994964,1.0587
242,23,165,0.5625,0.49817225,0.2802
242,24,180,0.375,0.34142275,0
243,1,-165,0.1875,0.99075975,0.7505
243,2,-150,0,0.11439325,0
243,3,-135,0.53125,0,0.0051
243,4,-120,1.8125,0.74967425,0.8805
243,5,-105,3.15625,1.75994925,1.9438
243,6,-90,3.90625,2.34678725,2.6473
243,7,-75,3.75,2.3775975,2.9555
243,8,-60,3.4375,2.347854,3.0152
243,9,-45,3.6875,3.007231,3.3662
243,10,-30,5.03125,4.78838975,4.6648
243,11,-15,7.4375,7.65769625,7.0363
243,12,0,9.71875,10.3202415,9.111
243,13,15,7.4375,7.662026,7.0401
243,14,30,5.03125,4.78838975,4.6648
243,15,45,3.6875,3.0073565,3.3662
243,16,60,3.4375,2.347854,3.0152
243,17,75,3.75,2.376217,2.9525
243,18,90,3.90625,2.34503025,2.6437
243,19,105,3.15625,1.75994925,1.9438
243,20,120,1.8125,0.74904675,0.8798
243,21,135,0.53125,0,0.0051
243,22,150,0,0.11439325,0
243,23,165,0.1875,0.99075975,0.7505
243,24,180,0.40625,1.62754675,1.4137
244,1,-165,0.25,0.18291625,0.1521
244,2,-150,1.0625,0.8442385,0.7371
244,3,-135,2.40625,2.0216795,1.7908
244,4,-120,4.0625,3.54330425,3.1158
244,5,-105,5.5,4.9234905,4.2752
244,6,-90,6.03125,5.48478925,4.7411
244,7,-75,5.5,4.91890975,4.2714
244,8,-60,4.09375,3.57706375,3.1464
244,9,-45,2.46875,2.06227875,1.8263
244,10,-30,1.09375,0.86249875,0.7524
244,11,-15,0.25,0.186995,0.1564
244,12,0,0,0.002259,0.0024
244,13,15,0.25,0.186995,0.1565
244,14,30,1.09375,0.86400475,0.7536
244,15,45,2.46875,2.06227875,1.8263
244,16,60,4.09375,3.57681275,3.146
244,17,75,5.5,4.92317675,4.2759
244,18,90,6.03125,5.48478925,4.7411
244,19,105,5.5,4.922863,4.2747
244,20,120,4.0625,3.54330425,3.1158
244,21,135,2.40625,2.02161675,1.7908
244,22,150,1.0625,0.84154025,0.7344
244,23,165,0.25,0.1828535,0.1521
244,24,180,0,0,0
245,1,-165,1.34375,1.36487525,0.7846
245,2,-150,1.53125,1.6082825,1.0812
245,3,-135,1.625,1.7636515,1.4944
245,4,-120,1.375,1.55136825,1.5698
245,5,-105,0.84375,0.95825525,0.9718
245,6,-90,0.3125,0.36551875,0.3648
245,7,-75,0,0,0.0658
245,8,-60,0.125,0.107428,0.2879
245,9,-45,0.65625,0.67462525,0.7831
245,10,-30,1.46875,1.44193225,1.3772
245,11,-15,2.1875,2.17033425,1.8228
245,12,0,2.5,2.45371325,2.0382
245,13,15,2.1875,2.1702715,1.8228
245,14,30,1.46875,1.421162,1.433
245,15,45,0.65625,0.67475075,0.7831
245,16,60,0.125,0.1075535,0.2879
245,17,75,0.09375,0.0691505,0
245,18,90,0.3125,0.3675895,0.3669
245,19,105,0.84375,0.95988675,0.9736
245,20,120,1.34375,1.5513055,1.5696
245,21,135,1.625,1.7603885,1.4958
245,22,150,1.53125,1.60558425,1.0794
245,23,165,1.34375,1.36374575,0.7722
245,24,180,1.25,1.21954625,0.6722
246,1,-165,0.125,0.02842575,0.0946
246,2,-150,0.5,0.33502225,0.521
246,3,-135,1.375,1.12303675,1.3464
246,4,-120,2.625,2.250968,2.3592
246,5,-105,3.75,3.2804445,3.2057
246,6,-90,4.25,3.73117775,3.5339
246,7,-75,3.75,3.2967595,3.2019
246,8,-60,2.625,2.2473285,2.3394
246,9,-45,1.375,1.10985925,1.3341
246,10,-30,0.5,0.32523325,0.516
246,11,-15,0.0625,0.026857,0.0941
246,12,0,0,0,0
246,13,15,0.0625,0.02641775,0.094
246,14,30,0.5,0.3251705,0.516
246,15,45,1.375,1.10985925,1.3341
246,16,60,2.625,2.24714025,2.3394
246,17,75,3.75,3.29669675,3.2019
246,18,90,4.25,3.7324955,3.5352
246,19,105,3.75,3.2796915,3.2051
246,20,120,2.625,2.2505915,2.3589
246,21,135,1.375,1.12303675,1.3464
246,22,150,0.5,0.33489675,0.5211
246,23,165,0.125,0.02842575,0.0946
246,24,180,0,0.00194525,0.0024
247,1,-165,9.4375,5.96125,5.6628
247,2,-150,9.71875,6.51075175,6.0772
247,3,-135,10.65625,7.69057725,7.0929
247,4,-120,12.375,9.596232,8.8098
247,5,-105,14.875,12.231481,11.1797
247,6,-90,17.21875,15.21154125,13.969
247,7,-75,12.9375,11.68925825,11.1312
247,8,-60,8.5625,7.73525525,7.5669
247,9,-45,4.75,4.33320125,4.4633
247,10,-30,2.0625,1.87214625,1.995
247,11,-15,0.5,0.453808,0.4915
247,12,0,0,0,0
247,13,15,0.5,0.453808,0.4915
247,14,30,2.0625,1.8750955,1.9985
247,15,45,4.75,4.33307575,4.4646
247,16,60,8.5625,7.745609,7.5708
247,17,75,12.96875,11.58114,10.9039
247,18,90,17.1875,15.2157455,13.9953
247,19,105,14.875,12.231481,11.1797
247,20,120,12.375,9.59541625,8.8089
247,21,135,10.65625,7.69484425,7.0976
247,22,150,9.71875,6.51112825,6.0779
247,23,165,9.4375,5.96131275,5.6628
247,24,180,9.8125,6.00737125,5.7986
248,1,-165,9.4375,10.55762475,11.5495
248,2,-150,5.09375,5.9305025,6.7788
248,3,-135,2.21875,2.70797625,3.3688
248,4,-120,0.75,0.928951,1.3175
248,5,-105,0.15625,0.18555175,0.2859
248,6,-90,0,0.00282375,0.003
248,7,-75,0.1875,0.20199225,0.2962
248,8,-60,0.84375,1.03870075,1.407
248,9,-45,2.5,2.998948,3.5575
248,10,-30,5.53125,6.34571925,6.9322
248,11,-15,9.875,11.0980905,11.7013
248,12,0,15.0625,16.481413,17.0221
248,13,15,9.875,11.09099975,11.6956
248,14,30,5.53125,6.3499235,6.9276
248,15,45,2.5,2.99901075,3.5575
248,16,60,0.84375,1.036128,1.404
248,17,75,0.1875,0.20199225,0.2962
248,18,90,0,0,0
248,19,105,0.15625,0.18467325,0.2852
248,20,120,0.75,0.9290765,1.3174
248,21,135,2.21875,2.70446225,3.3647
248,22,150,5.09375,5.91726225,6.763
248,23,165,9.4375,10.5649665,11.5605
248,24,180,14.28125,15.47785225,16.2322
249,1,-165,0.25,0.16064,0.129
249,2,-150,1.03125,0.72344475,0.6176
249,3,-135,2.34375,1.712573,1.5348
249,4,-120,3.9375,2.9749775,2.7262
249,5,-105,5.4375,4.12311425,3.7955
249,6,-90,6.0625,4.61770975,4.2432
249,7,-75,5.46875,4.15925825,3.81
249,8,-60,3.96875,3.0101175,2.738
249,9,-45,2.34375,1.71935,1.537
249,10,-30,1.03125,0.71478525,0.6165
249,11,-15,0.25,0.15518075,0.1282
249,12,0,0,0.00018825,0
249,13,15,0.25,0.15518075,0.1282
249,14,30,1.03125,0.7149735,0.6165
249,15,45,2.34375,1.71953825,1.537
249,16,60,3.96875,3.0096155,2.7376
249,17,75,5.46875,4.1594465,3.8104
249,18,90,6.0625,4.61758425,4.2432
249,19,105,5.4375,4.12298875,3.7955
249,20,120,3.9375,2.9742245,2.7253
249,21,135,2.34375,1.712573,1.5348
249,22,150,1.03125,0.7232565,0.6176
249,23,165,0.25,0.16070275,0.129
249,24,180,0,0,0.0002
250,1,-165,2.5,3.51431375,2.8298
250,2,-150,0.5,2.059957,1.8848
250,3,-135,0.375,1.6153105,1.5638
250,4,-120,1.5,2.0457755,2.597
250,5,-105,1.3125,1.501482,2.051
250,6,-90,0.4375,0.618966,0.9284
250,7,-75,0,0.0929955,0.3524
250,8,-60,0.0625,0,0
250,9,-45,0.9375,0.86199675,0.6868
250,10,-30,2.1875,2.06071,1.8054
250,11,-15,3.125,3.006729,2.7698
250,12,0,3.5625,3.42646375,3.1931
250,13,15,3.125,3.00955275,2.7732
250,14,30,2.1875,2.098109,1.8469
250,15,45,0.9375,0.85233325,0.679
250,16,60,0.0625,0.02729625,0.029
250,17,75,0,0.08992075,0.3496
250,18,90,0.4375,0.61890325,0.9283
250,19,105,0.75,0.75049,1.15
250,20,120,1.125,1.1384105,1.7458
250,21,135,1.75,1.91858125,2.5308
250,22,150,0.4375,1.1825865,0.5424
250,23,165,2.875,3.04243375,3.4959
250,24,180,2.625,3.3090585,2.3289
251,1,-165,3.3125,3.36634925,3.018
251,2,-150,2.5,2.58222525,2.2638
251,3,-135,1.9375,2.089073,1.8569
251,4,-120,1.5,2.04872475,1.5474
251,5,-105,0.4375,0.7247625,0.7911
251,6,-90,0,0.0809475,0.2245
251,7,-75,0.0625,0.00056475,0
251,8,-60,0.9375,0.6958975,0.2445
251,9,-45,2.5,1.98861025,0.9109
251,10,-30,4.1875,3.48682925,2.2808
251,11,-15,5.3125,4.30471275,3.2654
251,12,0,5.6875,4.71221125,3.6838
251,13,15,5.3125,4.3042735,3.2652
251,14,30,4.1875,3.4902805,2.2837
251,15,45,2.5,1.99149675,0.9139
251,16,60,0.9375,0.68654775,0.1969
251,17,75,0.0625,0,0
251,18,90,0,0.08063375,0.2242
251,19,105,0.4375,0.72444875,0.7905
251,20,120,1.5,2.06541625,1.5532
251,21,135,1.9375,2.0876925,1.856
251,22,150,2.5,2.5821625,2.2636
251,23,165,3.3125,3.366412,3.0177
251,24,180,3.9375,3.99284525,3.6478
252,1,-165,9.0625,9.00079725,8.7205
252,2,-150,6.9375,6.96016725,7.0499
252,3,-135,4.75,4.9792125,5.6
252,4,-120,2.125,2.36849875,2.7775
252,5,-105,0.5625,0.67268,0.7324
252,6,-90,0,0.00043925,0
252,7,-75,0.25,0.372735,0.3827
252,8,-60,1.3125,1.58450025,1.7475
252,9,-45,2.3125,2.41945175,2.6014
252,10,-30,3.3125,3.52912275,3.5037
252,11,-15,4.125,4.45932875,4.1638
252,12,0,4.6875,5.0208785,4.3868
252,13,15,4.125,4.469306,4.1731
252,14,30,3.3125,3.52862075,3.5062
252,15,45,2.3125,2.41756925,2.5996
252,16,60,1.3125,1.5851905,1.7474
252,17,75,0.25,0.3716055,0.381
252,18,90,0,0,0
252,19,105,0.5625,0.67299375,0.7323
252,20,120,2.125,2.3698165,2.7795
252,21,135,4.75,4.972561,5.5918
252,22,150,6.9375,6.96016725,7.0512
252,23,165,9.0625,9.0009855,8.7205
252,24,180,9.875,9.98371325,9.423
253,1,-165,0.125,0.00106675,0.0022
253,2,-150,1.34375,0.8512665,0.7956
253,3,-135,3.46875,2.5118825,2.4836
253,4,-120,6.1875,4.726079,4.8087
253,5,-105,9.09375,7.07236425,7.2783
253,6,-90,11.4375,8.943883,9.22
253,7,-75,12.0625,9.44331025,9.8284
253,8,-60,11.34375,9.06605725,9.4656
253,9,-45,10.71875,8.83450975,9.1155
253,10,-30,10.78125,9.2667945,9.3013
253,11,-15,11.78125,10.59150975,10.3184
253,12,0,13.5,12.553765,12.0053
253,13,15,11.78125,10.594208,10.3202
253,14,30,10.78125,9.26685725,9.3013
253,15,45,10.71875,8.83463525,9.1155
253,16,60,11.34375,9.06555525,9.4651
253,17,75,12.0625,9.445632,9.8306
253,18,90,11.4375,8.951162,9.2304
253,19,105,9.09375,7.07148575,7.2744
253,20,120,6.1875,4.72513775,4.807
253,21,135,3.46875,2.50516825,2.4764
253,22,150,1.34375,0.84957225,0.7943
253,23,165,0.125,0,0
253,24,180,0,0.00056475,0.0621
254,1,-165,0.0625,0.0006275,0.0007
254,2,-150,0.5625,0.0822025,0.0556
254,3,-135,1.5,0.586085,0.3995
254,4,-120,2.8125,1.4664675,1.1086
254,5,-105,4.0625,2.4139925,2.0298
254,6,-90,4.625,2.8783425,2.5612
254,7,-75,4,2.468585,2.0786
254,8,-60,2.75,1.5028625,1.1106
254,9,-45,1.4375,0.588595,0.37
254,10,-30,0.5,0.084085,0.0437
254,11,-15,0.0625,0.00502,0.0013
254,12,0,0,0.0458075,0.0365
254,13,15,0.0625,0.003765,0
254,14,30,0.5,0.0834575,0.0429
254,15,45,1.4375,0.58734,0.3685
254,16,60,2.75,1.5041175,1.1131
254,17,75,4,2.468585,2.0786
254,18,90,4.625,2.87646,2.5595
254,19,105,4.0625,2.4139925,2.0298
254,20,120,2.8125,1.4664675,1.1086
254,21,135,1.5,0.58483,0.3982
254,22,150,0.5625,0.0822025,0.0556
254,23,165,0.0625,0,0.0007
254,24,180,0,0.0533375,0.0442
255,1,-165,0.125,0.10598475,0.2007
255,2,-150,0,0,0
255,3,-135,0.0625,0.1690485,0.2118
255,4,-120,0.6875,1.805192,2.3956
255,5,-105,0.25,1.3700835,1.9642
255,6,-90,0.0625,1.05325875,1.5023
255,7,-75,0.71875,1.374978,1.4988
255,8,-60,1.65625,1.46050625,0.74
255,9,-45,3.5,3.132982,2.5035
255,10,-30,5.71875,5.27344725,4.6432
255,11,-15,7.65625,7.23300425,6.642
255,12,0,9.09375,8.6611315,8.1976
255,13,15,7.65625,7.24492675,6.6493
255,14,30,5.71875,5.277024,4.6552
255,15,45,3.5,3.1363705,2.5079
255,16,60,1.625,1.4544195,0.7628
255,17,75,0.71875,1.358412,1.4666
255,18,90,0.09375,1.0194365,1.4632
255,19,105,0.25,1.37190325,1.9659
255,20,120,0.6875,1.81278475,2.4102
255,21,135,0.0625,0.16672675,0.2096
255,22,150,0,0.001004,0.0006
255,23,165,0.125,0.1057965,0.2001
255,24,180,0.46875,0.537391,0.8056
256,1,-165,2.03125,2.0410065,1.943
256,2,-150,1.96875,1.716087,1.7825
256,3,-135,2.46875,1.752231,2.0085
256,4,-120,3.28125,1.9172635,2.2079
256,5,-105,3.90625,1.85608225,2.1303
256,6,-90,3.65625,1.404596,1.7704
256,7,-75,2.6875,0.88722225,1.1082
256,8,-60,1.40625,0.3467565,0.4013
256,9,-45,0.4375,0,0
256,10,-30,0,0.22282525,0.2735
256,11,-15,0.21875,0.8763665,1.0854
256,12,0,1,1.87415425,2.3579
256,13,15,0.21875,0.87479775,1.0844
256,14,30,0,0.22282525,0.2735
256,15,45,0.4375,0.00483175,0.0047
256,16,60,1.40625,0.3532825,0.4067
256,17,75,2.6875,0.888791,1.1114
256,18,90,3.65625,1.40177225,1.7683
256,19,105,3.90625,1.85746275,2.1299
256,20,120,3.28125,1.91745175,2.2081
256,21,135,2.46875,1.7563725,2.0116
256,22,150,1.96875,1.716087,1.7825
256,23,165,2.03125,2.04257525,1.9465
256,24,180,2.59375,2.84477125,2.5866
257,1,-165,0.78125,0.3128715,0.2845
257,2,-150,0.375,0.09538,0.0579
257,3,-135,0.15625,0.00909875,0.0406
257,4,-120,0,0.12719425,0.3417
257,5,-105,0.125,0.30239225,0.4889
257,6,-90,0.6875,0.73812825,0.8411
257,7,-75,0.125,0.33828525,0.5279
257,8,-60,0,0.11640125,0.3262
257,9,-45,0.1875,0.000753,0.0017
257,10,-30,0.4375,0.09719975,0.0442
257,11,-15,0.8125,0.32887275,0.2959
257,12,0,1.28125,0.6825945,0.7155
257,13,15,0.8125,0.32874725,0.2959
257,14,30,0.4375,0.095129,0.0423
257,15,45,0.1875,0,0
257,16,60,0,0.1113185,0.3207
257,17,75,0.125,0.338097,0.5279
257,18,90,0.6875,0.737689,0.8411
257,19,105,0.125,0.304965,0.4913
257,20,120,0,0.12468425,0.3389
257,21,135,0.15625,0.0084085,0.04
257,22,150,0.375,0.09607025,0.0591
257,23,165,0.78125,0.31318525,0.2845
257,24,180,1.28125,0.67901775,0.7131
258,1,-165,0.90625,1.292399,1.3175
258,2,-150,0.0625,0.2513765,0.3009
258,3,-135,0,6.28E-05,0
258,4,-120,0.59375,0.4393755,0.2783
258,5,-105,1.34375,1.0515645,0.7133
258,6,-90,1.6875,1.3351945,0.9656
258,7,-75,1.375,1.04083425,0.6988
258,8,-60,0.625,0.451047,0.2826
258,9,-45,0.03125,0.008032,0.0029
258,10,-30,0.03125,0.1933955,0.2362
258,11,-15,0.8125,1.180453,1.1956
258,12,0,1.5625,2.124715,2.1423
258,13,15,0.8125,1.18352775,1.1988
258,14,30,0.03125,0.1918895,0.235
258,15,45,0.03125,0.00822025,0.0036
258,16,60,0.625,0.4511725,0.2825
258,17,75,1.375,1.03920275,0.6978
258,18,90,1.6875,1.33525725,0.9653
258,19,105,1.34375,1.04685825,0.7082
258,20,120,0.59375,0.44044225,0.2796
258,21,135,0,0,0
258,22,150,0.0625,0.251,0.3007
258,23,165,0.90625,1.292399,1.3175
258,24,180,1.5625,2.1235855,2.1412
259,1,-165,3.125,3.792359,3.7991
259,2,-150,0.875,1.20825125,1.3698
259,3,-135,0,0.09569375,0.1432
259,4,-120,0.125,0,0.0046
259,5,-105,0.8125,0.488195,0.3525
259,6,-90,1.875,1.301435,0.9758
259,7,-75,0.8125,0.5073965,0.3165
259,8,-60,0.1875,0.02114675,0
259,9,-45,0,0.0673935,0.1222
259,10,-30,0.75,1.057965,1.2791
259,11,-15,2.6875,3.2829545,3.4776
259,12,0,5.6875,6.74631525,6.6304
259,13,15,2.6875,3.284084,3.4795
259,14,30,0.75,1.0578395,1.2791
259,15,45,0,0.0668915,0.1222
259,16,60,0.1875,0.02114675,0
259,17,75,0.8125,0.5073965,0.3165
259,18,90,1.875,1.30137225,0.9758
259,19,105,0.8125,0.489199,0.3539
259,20,120,0.125,0.000251,0.0046
259,21,135,0,0.0947525,0.143
259,22,150,0.875,1.206808,1.3684
259,23,165,3.125,3.7922335,3.7985
259,24,180,6.5,7.77604275,7.2677
260,1,-165,4.03125,4.540841,4.6475
260,2,-150,1.375,1.67624075,1.8413
260,3,-135,0.125,0.25997325,0.4156
260,4,-120,0,0.0064005,0.0184
260,5,-105,0.34375,0.27766875,0
260,6,-90,0.53125,0.462593,0.0293
260,7,-75,0.3125,0.26938575,0.0207
260,8,-60,0,0,0.0414
260,9,-45,0.21875,0.379763,0.5502
260,10,-30,1.65625,2.02914675,2.2075
260,11,-15,4.34375,4.953234,5.1218
260,12,0,6.90625,7.75997875,8.0018
260,13,15,4.34375,4.9553675,5.1235
260,14,30,1.65625,2.027829,2.2066
260,15,45,0.21875,0.3801395,0.5502
260,16,60,0,0,0.0414
260,17,75,0.3125,0.26976225,0.0207
260,18,90,0.53125,0.46240475,0.0293
260,19,105,0.34375,0.278108,0
260,20,120,0,0.00633775,0.0187
260,21,135,0.125,0.259785,0.4156
260,22,150,1.375,1.673417,1.839
260,23,165,4.03125,4.54040175,4.6474
260,24,180,6.90625,7.76073175,8.0025
261,1,-165,1.9375,0.89286975,0.5039
261,2,-150,2.34375,1.05564325,0.9012
261,3,-135,3.5,1.79383425,1.9377
261,4,-120,4.8125,2.6652435,3.0179
261,5,-105,5.8125,3.38542525,3.8581
261,6,-90,6.28125,4.00890925,4.4377
261,7,-75,5.90625,4.345061,4.4793
261,8,-60,3.8125,2.20359175,2.2234
261,9,-45,1.90625,0.90629825,0.9086
261,10,-30,0.625,0.16107925,0.0573
261,11,-15,0,0,0
261,12,0,0.0625,0.2696995,0.4079
261,13,15,0,0.0018825,0.0042
261,14,30,0.625,0.1607655,0.0568
261,15,45,1.90625,0.91043975,0.9116
261,16,60,3.8125,2.204282,2.2239
261,17,75,5.90625,4.345061,4.4793
261,18,90,6.28125,4.0078425,4.437
261,19,105,5.8125,3.3833545,3.8564
261,20,120,4.8125,2.66467875,3.0179
261,21,135,3.5,1.793144,1.937
261,22,150,2.34375,1.0545765,0.9
261,23,165,1.9375,0.89010875,0.5013
261,24,180,2.21875,1.2696835,0.692
262,1,-165,3.875,4.900775,4.6439
262,2,-150,1.5,2.41211,2.4255
262,3,-135,0.3125,1.040395,1.1017
262,4,-120,0,0.52208,0.6181
262,5,-105,0.25,0.503255,0.6917
262,6,-90,0.875,1.36042,1.2615
262,7,-75,0.125,0.29618,0.2974
262,8,-60,0,0.0018825,0.0019
262,9,-45,0.875,0.8941875,0.9923
262,10,-30,2.8125,3.0214125,3.236
262,11,-15,5.8125,6.24488,6.5277
262,12,0,9.6875,10.4033225,10.7237
262,13,15,5.8125,6.2492725,6.5274
262,14,30,2.8125,3.0151375,3.2306
262,15,45,0.875,0.89607,0.9939
262,16,60,0,0,0
262,17,75,0.125,0.2968075,0.2972
262,18,90,0.875,1.3623025,1.2592
262,19,105,0.25,0.5013725,0.69
262,20,120,0,0.523335,0.6175
262,21,135,0.3125,1.0422775,1.1038
262,22,150,1.5,2.410855,2.4244
262,23,165,3.875,4.898265,4.6412
262,24,180,7.4375,8.6525975,8.0012
263,1,-165,4.25,4.44025275,4.4176
263,2,-150,4.28125,4.4807265,4.7143
263,3,-135,4.375,4.5796205,5.1165
263,4,-120,4.21875,4.80144175,5.1395
263,5,-105,3.40625,3.91867475,4.2737
263,6,-90,2.53125,2.8153415,3.0977
263,7,-75,1.90625,1.91556925,2.0535
263,8,-60,0,0,0.3914
263,9,-45,0.59375,0.14162675,0
263,10,-30,1.40625,0.5887205,0.187
263,11,-15,2.34375,1.49589725,0.8624
263,12,0,3,2.27537775,1.4418
263,13,15,2.34375,1.49238325,0.8597
263,14,30,1.40625,0.591858,0.1913
263,15,45,0.59375,0.14175225,0
263,16,60,0,0.0061495,0.3989
263,17,75,1.90625,1.9147535,2.0513
263,18,90,2.53125,2.816471,3.0975
263,19,105,3.40625,3.91917675,4.2737
263,20,120,4.21875,4.80194375,5.1395
263,21,135,4.375,4.575981,5.1169
263,22,150,4.28125,4.48116575,4.714
263,23,165,4.25,4.44113125,4.4182
263,24,180,4.28125,4.48003625,4.3232
264,1,-165,0.15625,0.12801,0.1838
264,2,-150,0.71875,0.628755,1.0208
264,3,-135,1.5625,1.30269,2.206
264,4,-120,2.4375,2.035108,3.3678
264,5,-105,3.28125,2.662608,4.3254
264,6,-90,3.90625,3.108384,4.9475
264,7,-75,4.5,3.4885235,5.0894
264,8,-60,4.15625,3.45206575,4.9506
264,9,-45,4.34375,3.964294,5.0774
264,10,-30,4.875,4.87197275,5.5065
264,11,-15,5.5,5.7981,6.115
264,12,0,5.90625,6.31710525,6.5737
264,13,15,5.5,5.79879025,6.1153
264,14,30,4.875,4.85703825,5.5246
264,15,45,4.34375,3.964294,5.0777
264,16,60,4.15625,3.459282,4.9659
264,17,75,4.5,3.48820975,5.0909
264,18,90,3.90625,3.11246275,4.9528
264,19,105,3.28125,2.660349,4.325
264,20,120,2.4375,2.03692775,3.3681
264,21,135,1.5625,1.31354575,2.1747
264,22,150,0.71875,0.62593125,1.017
264,23,165,0.15625,0.1281355,0.1835
264,24,180,0,0,0
265,1,-165,0.28125,0.19094825,0.2329
265,2,-150,1.125,0.78355925,0.8934
265,3,-135,2.5,1.8000465,1.8939
265,4,-120,4.1875,3.1002265,3.0197
265,5,-105,5.78125,4.24648075,3.8494
265,6,-90,6.46875,4.7003515,4.0917
265,7,-75,5.8125,4.2613525,3.8118
265,8,-60,4.28125,3.17257725,2.9928
265,9,-45,2.59375,1.8878965,1.9031
265,10,-30,1.1875,0.836332,0.9087
265,11,-15,0.3125,0.207326,0.24
265,12,0,0,0,0
265,13,15,0.3125,0.20726325,0.24
265,14,30,1.1875,0.836583,0.9087
265,15,45,2.59375,1.88783375,1.9031
265,16,60,4.28125,3.16818475,2.988
265,17,75,5.8125,4.26141525,3.8118
265,18,90,6.46875,4.7003515,4.0917
265,19,105,5.78125,4.24660625,3.8498
265,20,120,4.1875,3.100352,3.0197
265,21,135,2.5,1.79948175,1.8937
265,22,150,1.125,0.78368475,0.8934
265,23,165,0.28125,0.19107375,0.2329
265,24,180,0,0.00031375,0.0004
266,1,-165,0.59375,1.25154875,0.9639
266,2,-150,1.5,1.99036725,1.725
266,3,-135,2.34375,3.11196075,2.668
266,4,-120,2.375,2.91655725,2.8032
266,5,-105,1.46875,1.99224975,1.7097
266,6,-90,0.46875,0.806714,0.6855
266,7,-75,0,0.00194525,0.0026
266,8,-60,0.53125,0.1140795,0.17
266,9,-45,1.9375,1.18704175,1.3227
266,10,-30,3.65625,2.775307,3.1275
266,11,-15,5.125,4.195716,4.7623
266,12,0,5.90625,4.919349,5.5299
266,13,15,5.125,4.19226475,4.7585
266,14,30,3.65625,2.72629925,3.0586
266,15,45,1.9375,1.1740525,1.314
266,16,60,0.53125,0.112699,0.1689
266,17,75,0,0,0
266,18,90,0.46875,0.8050825,0.6244
266,19,105,1.46875,1.98936325,1.7029
266,20,120,2.375,2.9164945,2.8027
266,21,135,2.53125,2.87576975,2.6834
266,22,150,1.46875,1.99043,1.7801
266,23,165,0.59375,1.25230175,0.9654
266,24,180,0.3125,0.98975575,0.6811
267,1,-165,0,0.0001255,0.0001
267,2,-150,0.5625,0.44922725,0.6457
267,3,-135,2.65625,2.43777475,2.7372
267,4,-120,6.09375,5.974051,5.7174
267,5,-105,9.15625,9.75455025,8.6576
267,6,-90,12.25,12.70430225,10.9789
267,7,-75,9.3125,9.51120575,9.1912
267,8,-60,4.9375,4.97199625,5.2214
267,9,-45,1.90625,1.88444525,2.1982
267,10,-30,0.28125,0.270578,0.369
267,11,-15,0.0625,0.054718,0.043
267,12,0,0.71875,0.877496,0.8421
267,13,15,0.0625,0.051706,0.0407
267,14,30,0.28125,0.263299,0.3725
267,15,45,1.90625,1.883002,2.199
267,16,60,4.9375,5.007952,5.243
267,17,75,9.21875,9.4638295,9.1168
267,18,90,12.25,12.6934465,10.9718
267,19,105,9.3125,9.87352425,8.7076
267,20,120,6.0625,5.9892365,5.7362
267,21,135,2.65625,2.47442075,2.7275
267,22,150,0.5625,0.46089875,0.6382
267,23,165,0,0,0
267,24,180,0.625,0.773833,0.7437
268,1,-165,0.9375,0.6705465,0.9317
268,2,-150,2.09375,1.43126475,1.842
268,3,-135,3.65625,2.50554475,2.7806
268,4,-120,5.28125,3.69603775,3.5576
268,5,-105,6.53125,4.547116,4.0447
268,6,-90,6.625,4.58382475,4.0251
268,7,-75,5.34375,3.78903325,3.4003
268,8,-60,3.4375,2.4677065,2.2661
268,9,-45,1.625,1.15127425,1.0833
268,10,-30,0.4375,0.2749705,0.2722
268,11,-15,0,6.28E-05,0.003
268,12,0,0.21875,0.19923125,0.2721
268,13,15,0.9375,0.70029,0.9336
268,14,30,2.09375,1.48843,1.8936
268,15,45,3.65625,2.589065,2.8668
268,16,60,5.34375,3.74711625,3.5753
268,17,75,6.53125,4.52785175,4.0286
268,18,90,6.6875,4.61570175,4.0346
268,19,105,5.40625,3.84776725,3.4546
268,20,120,3.4375,2.4491325,2.3125
268,21,135,1.625,1.109922,1.0785
268,22,150,0.4375,0.26034975,0.2497
268,23,165,0,0,0
268,24,180,0.21875,0.1871205,0.2762
269,1,-165,0.15625,0.00244725,0.0051
269,2,-150,0.78125,0.2471095,0.3947
269,3,-135,2.15625,1.03568875,1.2653
269,4,-120,4.1875,2.41305125,2.6035
269,5,-105,6.28125,4.01857275,3.9813
269,6,-90,7.75,5.184405,4.8758
269,7,-75,8.09375,5.67341575,5.2719
269,8,-60,7.78125,5.696194,5.3513
269,9,-45,7.59375,5.8607245,5.4678
269,10,-30,8.0625,6.67829425,6.1788
269,11,-15,9.34375,8.28168225,7.6408
269,12,0,10.65625,9.76132725,9.0271
269,13,15,9.34375,8.2811175,7.6406
269,14,30,8.0625,6.67703925,6.1773
269,15,45,7.59375,5.86066175,5.4678
269,16,60,7.78125,5.696696,5.3516
269,17,75,8.09375,5.6744825,5.2733
269,18,90,7.75,5.1827735,4.8735
269,19,105,6.28125,4.015247,3.976
269,20,120,4.125,2.4358295,2.5849
269,21,135,2.15625,1.026088,1.26
269,22,150,0.78125,0.21278525,0.3607
269,23,165,0.15625,0.0003765,0.0037
269,24,180,0,0,0
270,1,-165,0.28125,0.1805945,0.2007
270,2,-150,1.09375,0.74490525,0.8016
270,3,-135,2.5,1.726629,1.7757
270,4,-120,4.40625,3.10455625,3.0001
270,5,-105,6.65625,4.748418,4.2537
270,6,-90,7.40625,5.05583025,4.358
270,7,-75,5.71875,3.7658785,3.2458
270,8,-60,3.59375,2.2756915,1.9769
270,9,-45,2.09375,1.31367125,1.1357
270,10,-30,1.125,0.74779175,0.657
270,11,-15,0.59375,0.45048225,0.3917
270,12,0,0.4375,0.36024775,0.3054
270,13,15,0.59375,0.45048225,0.3917
270,14,30,1.125,0.74904675,0.6587
270,15,45,2.09375,1.31279275,1.1345
270,16,60,3.59375,2.2739345,1.9762
270,17,75,5.71875,3.76751,3.2476
270,18,90,7.40625,5.05583025,4.358
270,19,105,6.65625,4.74923375,4.2538
270,20,120,4.40625,3.10487,3.0016
270,21,135,2.5,1.728135,1.7785
270,22,150,1.09375,0.74490525,0.8016
270,23,165,0.28125,0.18228875,0.2025
270,24,180,0,0,0
271,1,-165,0.15625,1.2438305,0.9318
271,2,-150,0.0625,0.83463775,0.5068
271,3,-135,0,0.448537,0.1641
271,4,-120,0.0625,0.25783975,0.0793
271,5,-105,0.125,0.1856145,0.062
271,6,-90,0.0625,0.04687425,0
271,7,-75,0.09375,0.000251,0.0697
271,8,-60,0.5625,0.5708995,0.4854
271,9,-45,1,1.31768725,2.073
271,10,-30,1.96875,2.3374375,3.6071
271,11,-15,3.65625,4.093559,5.5222
271,12,0,6.34375,7.8388555,8.6837
271,13,15,3.65625,4.09199025,5.5198
271,14,30,1.96875,2.33825325,3.609
271,15,45,1,1.31643225,2.071
271,16,60,0.5625,0.571025,0.4854
271,17,75,0.09375,0,0.0697
271,18,90,0.0625,0.0468115,0.0001
271,19,105,0.125,0.18574,0.062
271,20,120,0.0625,0.25809075,0.0793
271,21,135,0,0.448286,0.1641
271,22,150,0.0625,0.835077,0.5077
271,23,165,0.15625,1.24389325,0.9318
271,24,180,0.09375,1.3377045,0.9516
272,1,-165,5.84375,5.98189475,5.2183
272,2,-150,7.1875,7.43380425,6.5577
272,3,-135,8.3125,8.68491375,7.764
272,4,-120,6.65625,7.45852775,7.1866
272,5,-105,4.6875,5.182146,4.8965
272,6,-90,3.46875,3.50000675,3.1545
272,7,-75,3.09375,2.81954575,2.3645
272,8,-60,3.65625,3.0337115,2.3111
272,9,-45,5.28125,4.309921,3.1459
272,10,-30,7.65625,6.5700505,5.3386
272,11,-15,9.59375,8.458951,7.7956
272,12,0,10.53125,10.8016595,10.0977
272,13,15,9.40625,10.149687,8.9848
272,14,30,6.59375,6.50397475,5.8049
272,15,45,3.375,3.0435005,2.89
272,16,60,1.03125,0.724637,0.8157
272,17,75,0,0,0
272,18,90,0.1875,0.5513215,0.5013
272,19,105,0.8125,1.1803275,0.6471
272,20,120,1.03125,1.5445285,1.1198
272,21,135,1.40625,2.2972775,2.1359
272,22,150,2.15625,2.65125025,2.4283
272,23,165,2.90625,3.18525275,2.8062
272,24,180,4.53125,4.62122375,3.8807
273,1,-165,0.40625,0.34581525,0.3328
273,2,-150,1.65625,1.37918225,1.3445
273,3,-135,3.53125,3.02022025,2.9883
273,4,-120,5.8125,5.002932,4.9624
273,5,-105,7.96875,6.8479075,6.7227
273,6,-90,9.34375,7.94986025,7.6968
273,7,-75,9.3125,7.983808,7.7365
273,8,-60,8.4375,7.37080325,7.1249
273,9,-45,7.59375,6.80140975,6.4416
273,10,-30,7.28125,6.68343975,6.0355
273,11,-15,7.53125,7.02705875,6.0147
273,12,0,7.78125,7.33440825,6.1279
273,13,15,7.53125,7.03094925,6.0188
273,14,30,7.28125,6.68268675,6.0348
273,15,45,7.59375,6.80140975,6.4416
273,16,60,8.4375,7.371368,7.1247
273,17,75,9.3125,7.9839335,7.7367
273,18,90,9.34375,7.94986025,7.6968
273,19,105,7.96875,6.84872325,6.7231
273,20,120,5.8125,5.002932,4.9624
273,21,135,3.53125,3.01984375,2.9887
273,22,150,1.65625,1.3776135,1.3431
273,23,165,0.40625,0.345878,0.3328
273,24,180,0,0,0
274,1,-165,1.1875,1.83474725,1.9707
274,2,-150,1.03125,1.7859905,1.7338
274,3,-135,1.0625,1.76559675,1.5279
274,4,-120,1.03125,1.55400375,1.1966
274,5,-105,0.8125,1.06154175,0.9022
274,6,-90,0.5,0.43542225,0.665
274,7,-75,0,0.2109655,0.3976
274,8,-60,0.09375,0.06419325,0
274,9,-45,0.96875,0.7408265,0.2709
274,10,-30,2.34375,1.96714975,1.0797
274,11,-15,3.6875,3.162098,1.7831
274,12,0,4.125,3.65474825,2.1494
274,13,15,3.40625,2.9292955,1.663
274,14,30,2.03125,1.5595885,0.7666
274,15,45,0.75,0.433728,0.1282
274,16,60,0.03125,0,0.0711
274,17,75,0.03125,0.2973095,0.5293
274,18,90,0.59375,0.565503,0.6959
274,19,105,0.90625,1.22996275,1.0086
274,20,120,1.125,1.6532115,1.2979
274,21,135,1.1875,1.88105675,1.5963
274,22,150,1.15625,1.87653875,1.7445
274,23,165,1.25,1.88695525,1.9717
274,24,180,1.375,1.89523825,2.1535
275,1,-165,2.03125,2.7300015,1.6661
275,2,-150,1.09375,1.39599925,0.4634
275,3,-135,1.03125,0.92298975,0.0011
275,4,-120,1.5,1.06354975,0.1278
275,5,-105,2.03125,1.35747075,0.5649
275,6,-90,1.90625,1.2287705,0.6601
275,7,-75,0.90625,0.61714625,0.442
275,8,-60,0,6.27E-05,0.0723
275,9,-45,0.03125,0.28632825,0.333
275,10,-30,1.25,1.802431,1.7463
275,11,-15,3.40625,4.39858675,4.1715
275,12,0,5.65625,7.3303295,7.0134
275,13,15,3.40625,4.3873545,4.1533
275,14,30,1.25,1.80086225,1.7454
275,15,45,0.03125,0.285136,0.3315
275,16,60,0,0,0.0723
275,17,75,0.90625,0.61865225,0.4417
275,18,90,1.90625,1.22180525,0.6506
275,19,105,2.03125,1.35470975,0.563
275,20,120,1.5,1.06493025,0.1289
275,21,135,1.03125,0.92211125,0
275,22,150,1.09375,1.3961875,0.4636
275,23,165,2.03125,2.73194675,1.6689
275,24,180,3.25,4.3411705,3.42
276,1,-165,0.28125,0.19621925,0.2075
276,2,-150,1.0625,0.81204775,0.8436
276,3,-135,2.3125,1.87277375,1.8868
276,4,-120,3.75,3.12036925,3.0297
276,5,-105,4.9375,4.14080975,3.9137
276,6,-90,5.40625,4.57742425,4.3289
276,7,-75,4.9375,4.14896725,3.9597
276,8,-60,3.71875,3.07104775,3.0233
276,9,-45,2.25,1.790132,1.8323
276,10,-30,1.03125,0.753251,0.8005
276,11,-15,0.25,0.175449,0.1917
276,12,0,0,0.0011295,0.0008
276,13,15,0.25,0.175449,0.1917
276,14,30,1.03125,0.75381575,0.8012
276,15,45,2.25,1.790132,1.8323
276,16,60,3.71875,3.070232,3.0231
276,17,75,4.9375,4.14896725,3.9597
276,18,90,5.40625,4.577487,4.3289
276,19,105,4.9375,4.14080975,3.9137
276,20,120,3.75,3.12036925,3.0297
276,21,135,2.3125,1.86800475,1.882
276,22,150,1.0625,0.81204775,0.8436
276,23,165,0.28125,0.19621925,0.2075
276,24,180,0,0,0
277,1,-165,0.5625,0.4637225,0.5041
277,2,-150,2.21875,1.78429625,1.9384
277,3,-135,4.6875,3.751195,4.0605
277,4,-120,7.5,5.97210575,6.3458
277,5,-105,10.0625,7.94684825,8.1623
277,6,-90,11.5625,9.10082075,9.0852
277,7,-75,11.46875,9.2690535,9.1948
277,8,-60,10.40625,8.755884,8.7025
277,9,-45,9.3125,8.1603865,7.982
277,10,-30,8.65625,7.899472,7.4595
277,11,-15,8.53125,8.0338825,7.2447
277,12,0,8.625,8.1972835,7.2002
277,13,15,8.53125,8.0338825,7.2447
277,14,30,8.65625,7.899472,7.4595
277,15,45,9.3125,8.16032375,7.982
277,16,60,10.40625,8.755884,8.7025
277,17,75,11.46875,9.2690535,9.1948
277,18,90,11.5625,9.10395825,9.0889
277,19,105,10.0625,7.946911,8.1623
277,20,120,7.5,5.9874795,6.368
277,21,135,4.6875,3.751195,4.0605
277,22,150,2.21875,1.78429625,1.9384
277,23,165,0.5625,0.4637225,0.5041
277,24,180,0,0,0
278,1,-165,3.46875,2.85167375,2.362
278,2,-150,4.96875,4.28457,3.7179
278,3,-135,7.28125,6.602806,5.9687
278,4,-120,10.28125,9.50342475,8.7546
278,5,-105,13.4375,12.418476,11.6183
278,6,-90,15.25,13.70667075,11.9261
278,7,-75,12.65625,11.56852725,9.6442
278,8,-60,9.28125,8.767179,6.9513
278,9,-45,6.03125,5.95089625,4.2482
278,10,-30,3.59375,3.811435,2.1974
278,11,-15,2.1875,2.5066115,0.9982
278,12,0,1.71875,2.02412675,0.6813
278,13,15,2.21875,2.43024475,1.2548
278,14,30,3.75,3.8185885,2.7638
278,15,45,6.28125,6.13989925,5.1105
278,16,60,9.71875,9.32621875,8.1659
278,17,75,13.59375,12.81926025,11.4233
278,18,90,13.34375,12.06701325,10.8778
278,19,105,10.21875,9.15440925,8.338
278,20,120,6.90625,6.1882795,5.5321
278,21,135,4.03125,3.668616,3.1136
278,22,150,1.875,1.79948175,1.399
278,23,165,0.5625,0.600141,0.3994
278,24,180,0,0,0
279,1,-165,0.625,1.56705575,1.347
279,2,-150,0.25,0.69872125,0.4391
279,3,-135,0,0.2169895,0.0911
279,4,-120,0.03125,0.01863675,0.0114
279,5,-105,0.09375,0,0.0115
279,6,-90,0.125,0.025602,0
279,7,-75,0.0625,0.00533375,0.0187
279,8,-60,0,0.063754,0.0264
279,9,-45,0.0625,0.34531325,0.1684
279,10,-30,0.34375,0.918158,0.6393
279,11,-15,0.65625,1.8171145,1.7261
279,12,0,0.75,2.1524505,2.3036
279,13,15,0.65625,1.815734,1.7275
279,14,30,0.34375,0.918158,0.6393
279,15,45,0.0625,0.34531325,0.1684
279,16,60,0,0.063754,0.0264
279,17,75,0.0625,0.00533375,0.0187
279,18,90,0.125,0.02604125,0.0004
279,19,105,0.09375,0,0.0115
279,20,120,0.03125,0.01863675,0.0114
279,21,135,0,0.2169895,0.0911
279,22,150,0.25,0.69859575,0.4391
279,23,165,0.625,1.56793425,1.3477
279,24,180,0.75,2.15100725,2.302
280,1,-165,0.6875,1.06380075,1.1744
280,2,-150,0.625,1.079551,0.9685
280,3,-135,0.625,1.119209,0.8622
280,4,-120,0.65625,1.05752575,0.697
280,5,-105,0.5625,0.808471,0.4327
280,6,-90,0.46875,0.3188955,0.4106
280,7,-75,0,0.12706875,0.2645
280,8,-60,0.03125,0.00069025,0.0006
280,9,-45,0.8125,0.59355225,0.332
280,10,-30,2.15625,1.80500375,1.1713
280,11,-15,3.46875,3.0555485,2.1382
280,12,0,4.125,3.67545575,2.6429
280,13,15,3.46875,3.04463,2.1319
280,14,30,2.15625,1.80437625,1.1707
280,15,45,0.8125,0.58985,0.3276
280,16,60,0.03125,0,0
280,17,75,0,0.14426225,0.2808
280,18,90,0.46875,0.3141265,0.3596
280,19,105,0.5625,0.8108555,0.4347
280,20,120,0.65625,1.060475,0.6989
280,21,135,0.625,1.1210915,0.864
280,22,150,0.625,1.07421725,0.9631
280,23,165,0.6875,1.06191825,1.1764
280,24,180,0.78125,1.08137075,1.3891
281,1,-165,0.5,0.3708525,0.4014
281,2,-150,1.90625,1.4611965,1.5719
281,3,-135,4,3.1233185,3.3394
281,4,-120,6.40625,4.97136875,5.2771
281,5,-105,8.40625,6.45716325,6.8628
281,6,-90,9.28125,7.08679675,7.6682
281,7,-75,8.6875,6.6912835,7.4668
281,8,-60,7.0625,5.5173565,6.3976
281,9,-45,5.25,4.10491675,4.9669
281,10,-30,3.8125,2.937704,3.6318
281,11,-15,2.96875,2.294391,2.7487
281,12,0,2.75,2.111914,2.4479
281,13,15,2.96875,2.294391,2.7487
281,14,30,3.8125,2.93764125,3.6318
281,15,45,5.25,4.10504225,4.9664
281,16,60,7.0625,5.516729,6.3976
281,17,75,8.6875,6.6912835,7.4668
281,18,90,9.28125,7.08667125,7.6682
281,19,105,8.40625,6.45716325,6.8628
281,20,120,6.40625,4.9714315,5.2771
281,21,135,4.03125,3.11723175,3.3388
281,22,150,1.90625,1.4611965,1.5719
281,23,165,0.5,0.37116625,0.4014
281,24,180,0,0,0
282,1,-165,1.09375,1.3884065,1.1178
282,2,-150,0.09375,0.2471095,0.1719
282,3,-135,0,0,0.0049
282,4,-120,0.78125,0.61576575,0.5434
282,5,-105,1.875,1.516793,1.1566
282,6,-90,2.34375,1.9388495,1.393
282,7,-75,1.875,1.52551525,1.1529
282,8,-60,0.8125,0.62756275,0.5348
282,9,-45,0.03125,0.00081575,0
282,10,-30,0.09375,0.24867825,0.1794
282,11,-15,1.09375,1.3936775,1.132
282,12,0,1.96875,2.3118355,1.9007
282,13,15,1.09375,1.39374025,1.132
282,14,30,0.09375,0.24867825,0.1794
282,15,45,0.03125,0.00081575,0
282,16,60,0.8125,0.62756275,0.5348
282,17,75,1.875,1.52551525,1.1529
282,18,90,2.34375,1.93878675,1.393
282,19,105,1.875,1.516793,1.1566
282,20,120,0.78125,0.61576575,0.5434
282,21,135,0,0,0.0049
282,22,150,0.09375,0.24704675,0.1719
282,23,165,1.09375,1.3884065,1.1178
282,24,180,1.96875,2.3115845,1.9007
283,1,-165,0,0,0
283,2,-150,0.75,0.4110125,0.5342
283,3,-135,2.375,1.57948025,1.8747
283,4,-120,4.75,3.406321,3.8406
283,5,-105,7.5,5.5524965,6.0071
283,6,-90,9.71875,7.23902825,7.5849
283,7,-75,7.375,5.470043,5.9374
283,8,-60,4.625,3.35706225,3.8548
283,9,-45,2.3125,1.5525605,1.9246
283,10,-30,0.71875,0.40668275,0.582
283,11,-15,0,0.0018825,0.0134
283,12,0,0.5,0.64325025,0.6336
283,13,15,0,0.0018825,0.0134
283,14,30,0.71875,0.40956925,0.5872
283,15,45,2.3125,1.555447,1.9252
283,16,60,4.625,3.35706225,3.8548
283,17,75,7.375,5.4694155,5.938
283,18,90,9.71875,7.240848,7.5887
283,19,105,7.5,5.55080225,6.005
283,20,120,4.75,3.40663475,3.8409
283,21,135,2.375,1.57646825,1.8731
283,22,150,0.75,0.4130205,0.5361
283,23,165,0,0.00094125,0.001
283,24,180,0.5,0.6419325,0.6315
284,1,-165,0.8125,0.2486155,0.0619
284,2,-150,1.625,0.923178,0.5615
284,3,-135,1.53125,1.672162,1.7647
284,4,-120,2.75,2.84502225,2.4642
284,5,-105,4.09375,3.99773975,3.1718
284,6,-90,4.8125,4.6119995,3.6053
284,7,-75,3.71875,3.80246175,3.1711
284,8,-60,2.375,2.59502625,2.4322
284,9,-45,1.25,1.46527525,1.7199
284,10,-30,0.40625,0.60296475,1.106
284,11,-15,0,0.077559,0.6685
284,12,0,0.40625,0,0
284,13,15,0.78125,0.2310455,0.034
284,14,30,1.53125,0.84969775,0.4604
284,15,45,2.5,1.77036575,1.2189
284,16,60,3.84375,3.12451075,2.5888
284,17,75,5.75,5.04453525,4.7692
284,18,90,4.8125,4.612376,3.6047
284,19,105,4.09375,3.999183,3.173
284,20,120,2.75,2.83950025,2.4564
284,21,135,1.5,1.6652595,1.7589
284,22,150,1.625,0.92110725,0.555
284,23,165,0.8125,0.25056075,0.0648
284,24,180,0.40625,0.00257275,0.0124
285,1,-165,0.15625,0.518817,0.4878
285,2,-150,0.34375,0.84166575,0.9825
285,3,-135,0.59375,1.16671075,1.4578
285,4,-120,0.71875,1.22958625,1.5676
285,5,-105,0.625,0.9945875,1.2919
285,6,-90,0.21875,0.409632,0.4734
285,7,-75,0,0,0
285,8,-60,0.34375,0.3678405,0.3528
285,9,-45,1.6875,1.59454025,1.4623
285,10,-30,3.34375,3.22415775,3.0937
285,11,-15,4.65625,4.52873025,4.4357
285,12,0,5.125,5.02370225,4.9441
285,13,15,4.65625,4.53023625,4.4375
285,14,30,3.34375,3.22033,3.0899
285,15,45,1.6875,1.59454025,1.4623
285,16,60,0.34375,0.38446925,0.372
285,17,75,0,0.000753,0.0008
285,18,90,0.21875,0.410887,0.4743
285,19,105,0.625,0.9880615,1.3384
285,20,120,0.71875,1.22895875,1.5673
285,21,135,0.59375,1.16671075,1.4576
285,22,150,0.34375,0.84078725,0.9813
285,23,165,0.15625,0.51887975,0.4878
285,24,180,0.25,0.36363625,0.0036
286,1,-165,0.125,0,0
286,2,-150,0.6875,0.14903125,0.2299
286,3,-135,1.75,0.73812825,0.9347
286,4,-120,3.21875,1.63771225,1.874
286,5,-105,4.5625,2.443234,2.6496
286,6,-90,5.125,2.707286,2.9099
286,7,-75,4.5,2.36749475,2.613
286,8,-60,3.15625,1.59604625,1.9397
286,9,-45,1.875,0.91257325,1.3007
286,10,-30,1.09375,0.639799,1.0616
286,11,-15,0.75,0.71679325,1.2212
286,12,0,0.6875,0.81995425,1.3998
286,13,15,0.75,0.71679325,1.2212
286,14,30,1.09375,0.63973625,1.0616
286,15,45,1.875,0.91257325,1.3007
286,16,60,3.15625,1.59604625,1.9397
286,17,75,4.5,2.36736925,2.613
286,18,90,5.125,2.707286,2.9099
286,19,105,4.5625,2.4433595,2.6496
286,20,120,3.21875,1.637524,1.874
286,21,135,1.75,0.73812825,0.9347
286,22,150,0.6875,0.14915675,0.2299
286,23,165,0.125,0,0
286,24,180,0,0.0239705,0.0119
287,1,-165,0.46875,0.43178275,0.4332
287,2,-150,1.78125,1.64310875,1.6431
287,3,-135,3.65625,3.38065625,3.3718
287,4,-120,5.71875,5.30356725,5.2355
287,5,-105,7.5625,6.98978525,6.7778
287,6,-90,8.75,8.01800675,7.6711
287,7,-75,8.9375,8.21843025,7.8308
287,8,-60,8.4375,7.8483935,7.4688
287,9,-45,7.84375,7.42539575,6.96
287,10,-30,7.59375,7.294311,6.6128
287,11,-15,7.65625,7.47910975,6.5125
287,12,0,7.75,7.63924775,6.5216
287,13,15,7.65625,7.479047,6.5125
287,14,30,7.59375,7.294311,6.6128
287,15,45,7.84375,7.424831,6.9593
287,16,60,8.4375,7.8483935,7.4688
287,17,75,8.9375,8.21843025,7.8308
287,18,90,8.75,8.0188225,7.6717
287,19,105,7.5625,6.98903225,6.7764
287,20,120,5.71875,5.30243775,5.235
287,21,135,3.65625,3.38065625,3.3718
287,22,150,1.78125,1.64310875,1.6431
287,23,165,0.46875,0.43178275,0.4332
287,24,180,0,0,0
288,1,-165,1.6875,1.70046225,1.7793
288,2,-150,1.75,1.876978,1.9666
288,3,-135,1.59375,1.8690715,2.044
288,4,-120,1.21875,1.47318175,1.7139
288,5,-105,0.78125,0.89337175,1.129
288,6,-90,0.3125,0.346631,0.4832
288,7,-75,0,0.0008785,0.0211
288,8,-60,0.09375,0.09920775,0
288,9,-45,0.5625,0.58125325,0.4026
288,10,-30,1.25,1.2930265,1.1029
288,11,-15,1.9375,1.93200975,1.7668
288,12,0,2.21875,2.1956225,2.0307
288,13,15,1.9375,1.93313925,1.7679
288,14,30,1.25,1.2892615,1.0831
288,15,45,0.53125,0.58439075,0.4215
288,16,60,0.09375,0.1037885,0.0047
288,17,75,0,0,0.0205
288,18,90,0.3125,0.34656825,0.4832
288,19,105,0.78125,0.893309,1.129
288,20,120,1.21875,1.47330725,1.7141
288,21,135,1.59375,1.8683185,2.043
288,22,150,1.75,1.8793625,1.9717
288,23,165,1.6875,1.70184275,1.7806
288,24,180,1.65625,1.63708475,1.5037
289,1,-165,1.71875,0.83332,1.1072
289,2,-150,1.125,0.49001475,0.7266
289,3,-135,0.65625,0.225147,0.4137
289,4,-120,0.3125,0.032379,0.1514
289,5,-105,0.0625,0,0.006
289,6,-90,0,0.147086,0.0012
289,7,-75,0.15625,0.33552425,0.3016
289,8,-60,0.40625,0.570272,0.73
289,9,-45,0.84375,0.89701125,0.9706
289,10,-30,1.34375,1.26911875,1.167
289,11,-15,1.875,1.64863075,1.3281
289,12,0,2.3125,1.9190205,1.4118
289,13,15,1.875,1.6491955,1.3285
289,14,30,1.34375,1.27037375,1.169
289,15,45,0.84375,0.897576,0.972
289,16,60,0.40625,0.5693935,0.729
289,17,75,0.15625,0.33552425,0.3016
289,18,90,0,0.146333,0
289,19,105,0.0625,0.00031375,0.0062
289,20,120,0.3125,0.029618,0.1487
289,21,135,0.65625,0.2252725,0.4166
289,22,150,1.125,0.49779575,0.7316
289,23,165,1.71875,0.824284,1.0985
289,24,180,2.40625,1.39185775,1.6197
290,1,-165,0.6875,1.00983575,0.9694
290,2,-150,0.5625,1.00519225,0.9654
290,3,-135,0.4375,0.9250605,0.8127
290,4,-120,0.25,0.565754,0.4487
290,5,-105,0,0.00018825,0
290,6,-90,0.3125,0.08515175,0.2848
290,7,-75,1.75,1.549423,2.0191
290,8,-60,3.25,2.9589135,3.2933
290,9,-45,4.4375,4.27722825,4.8025
290,10,-30,5.875,5.82376475,6.1948
290,11,-15,6.9375,6.9857065,7.1895
290,12,0,7.375,7.42012475,7.5049
290,13,15,6.9375,6.9852045,7.1905
290,14,30,5.875,5.822447,6.1937
290,15,45,4.4375,4.27496925,4.798
290,16,60,3.25,2.95847425,3.2928
290,17,75,1.75,1.54735225,2.0166
290,18,90,0.3125,0.084336,0.2846
290,19,105,0,0,0
290,20,120,0.25,0.56556575,0.4485
290,21,135,0.4375,0.9217975,0.8095
290,22,150,0.5625,1.00531775,0.9654
290,23,165,0.6875,1.00945925,0.9694
290,24,180,0.75,1.02589975,0.8812
291,1,-165,0.28125,0.3409835,0.1511
291,2,-150,0.5,0.64400325,0.264
291,3,-135,0.84375,0.976892,0.4317
291,4,-120,0.875,1.0043765,0.5086
291,5,-105,0.5,0.573535,0.332
291,6,-90,0,0.0184485,0
291,7,-75,0.125,0,0.261
291,8,-60,1.375,1.132763,1.5549
291,9,-45,3.65625,3.25678775,3.5534
291,10,-30,6.15625,5.56548575,5.6591
291,11,-15,7.90625,7.16134375,6.8924
291,12,0,8.21875,7.89464025,7.4583
291,13,15,7.875,7.18820075,6.8183
291,14,30,6.15625,5.560654,5.6556
291,15,45,3.65625,3.25528175,3.5537
291,16,60,1.375,1.12931175,1.5561
291,17,75,0.125,0.00043925,0.2619
291,18,90,0,0.020331,0.0026
291,19,105,0.5,0.57246825,0.331
291,20,120,0.875,1.0036235,0.508
291,21,135,0.84375,0.9775195,0.433
291,22,150,0.5,0.6444425,0.2638
291,23,165,0.28125,0.34330525,0.1538
291,24,180,0.4375,0.4740135,0.4195
292,1,-165,0.3125,0.11313825,0.0731
292,2,-150,1.15625,0.721374,0.7464
292,3,-135,1.71875,1.418652,1.3082
292,4,-120,2.125,1.8540115,1.5942
292,5,-105,1.59375,0.959573,1.5519
292,6,-90,1.65625,0.84179125,0.8876
292,7,-75,2.25,1.59454025,1.1118
292,8,-60,1.5625,0.1288885,0.1864
292,9,-45,2.71875,0.9777705,0.8869
292,10,-30,4.625,2.72102825,2.6595
292,11,-15,6.625,4.79930825,4.6951
292,12,0,8.15625,6.45151575,6.1742
292,13,15,6.65625,4.800877,4.6989
292,14,30,4.625,2.72027525,2.6595
292,15,45,2.71875,0.9780215,0.887
292,16,60,1.5625,0.13196325,0.1904
292,17,75,1.34375,0.22709225,0.4033
292,18,90,0.90625,0.05264725,0.5166
292,19,105,1.59375,0.95147825,1.5412
292,20,120,2.125,1.853384,1.5934
292,21,135,1.71875,1.41708325,1.3063
292,22,150,1.15625,0.7217505,0.7464
292,23,165,0.3125,0.1113185,0.0709
292,24,180,0,0,0
293,1,-165,0.125,0.056977,0.1736
293,2,-150,0.59375,0.3457525,0.7041
293,3,-135,1.53125,1.02238575,1.5821
293,4,-120,2.875,2.036614,2.6618
293,5,-105,4.3125,3.0417435,3.6153
293,6,-90,5.03125,3.4456025,3.9357
293,7,-75,4.34375,3.0605685,3.5807
293,8,-60,2.96875,2.1170595,2.6539
293,9,-45,1.625,1.09605425,1.5996
293,10,-30,0.625,0.38308875,0.7252
293,11,-15,0.125,0.06130675,0.1773
293,12,0,0,0,0
293,13,15,0.125,0.06130675,0.1773
293,14,30,0.625,0.38333975,0.7252
293,15,45,1.625,1.09605425,1.5996
293,16,60,2.96875,2.1142985,2.6518
293,17,75,4.34375,3.0608195,3.5807
293,18,90,5.03125,3.4453515,3.9357
293,19,105,4.3125,3.03452725,3.6079
293,20,120,2.875,2.0372415,2.6623
293,21,135,1.53125,1.0221975,1.582
293,22,150,0.59375,0.3457525,0.7041
293,23,165,0.125,0.05729075,0.1736
293,24,180,0,0.0001255,0.0003
294,1,-165,0.03125,0,0.1045
294,2,-150,0.5,0.2119695,0.5037
294,3,-135,0.90625,0.546929,0.8186
294,4,-120,2.0625,1.32772725,1.5003
294,5,-105,3.65625,2.5003365,2.3965
294,6,-90,5.03125,3.50628175,3.1283
294,7,-75,5.4375,3.977346,3.4677
294,8,-60,4.75,3.6366135,2.8873
294,9,-45,3.21875,2.47165975,1.8881
294,10,-30,1.6875,1.2834885,0.8994
294,11,-15,0.625,0.479661,0.2432
294,12,0,0.0625,0.08088475,0.0084
294,13,15,0,0.0026355,0.0926
294,14,30,0.46875,0.2019295,0.4565
294,15,45,0.8125,0.5247155,0.7626
294,16,60,1.90625,1.28944975,1.4341
294,17,75,3.5625,2.5317115,2.424
294,18,90,4.96875,3.523789,3.1452
294,19,105,5.4375,3.96335275,3.4621
294,20,120,4.8125,3.60718375,2.9112
294,21,135,3.3125,2.45227,1.9268
294,22,150,1.78125,1.2920225,0.9358
294,23,165,0.65625,0.48010025,0.234
294,24,180,0.0625,0.079567,0
295,1,-165,3.90625,3.033586,2.632
295,2,-150,4.3125,3.1124,2.6295
295,3,-135,4.96875,3.40500325,2.9004
295,4,-120,5.78125,3.7508185,3.2535
295,5,-105,6.53125,4.132966,3.6672
295,6,-90,6.46875,4.01204675,3.5636
295,7,-75,5.3125,3.24047275,2.8485
295,8,-60,3.65625,2.18903375,1.8776
295,9,-45,2.25,1.3126045,1.0295
295,10,-30,1,0.45675725,0.2979
295,11,-15,0.25,0.083081,0.0428
295,12,0,0,0,0
295,13,15,0.25,0.08552825,0.0454
295,14,30,1,0.45751025,0.2986
295,15,45,2.25,1.31279275,1.0297
295,16,60,3.65625,2.18815525,1.8787
295,17,75,5.3125,3.24543,2.855
295,18,90,6.46875,4.01355275,3.565
295,19,105,6.53125,4.13315425,3.6672
295,20,120,5.78125,3.753956,3.2569
295,21,135,4.96875,3.4049405,2.9001
295,22,150,4.3125,3.11221175,2.6293
295,23,165,3.90625,3.033586,2.632
295,24,180,3.8125,3.0741225,2.7345
296,1,-165,0.21875,0.11916225,0.0749
296,2,-150,0.875,0.4855595,0.314
296,3,-135,1.875,1.08475925,0.7788
296,4,-120,3.125,1.89724625,1.4918
296,5,-105,4.40625,2.765016,2.3199
296,6,-90,5.0625,3.18901775,2.8312
296,7,-75,4.28125,2.7300015,2.2822
296,8,-60,2.96875,1.822762,1.4046
296,9,-45,1.6875,0.98573975,0.6879
296,10,-30,0.75,0.42462925,0.2682
296,11,-15,0.1875,0.102659,0.0619
296,12,0,0,0,0
296,13,15,0.1875,0.10291,0.0619
296,14,30,0.75,0.42375075,0.2667
296,15,45,1.6875,0.98699475,0.689
296,16,60,2.96875,1.82194625,1.4039
296,17,75,4.28125,2.73596275,2.2878
296,18,90,5.0625,3.18788825,2.8306
296,19,105,4.40625,2.7646395,2.3199
296,20,120,3.125,1.897309,1.4915
296,21,135,1.875,1.08475925,0.7788
296,22,150,0.875,0.477653,0.3082
296,23,165,0.21875,0.11840925,0.0738
296,24,180,0,0.00056475,0.001
297,1,-165,1.03125,1.06091425,1.1
297,2,-150,3.34375,3.227609,3.4167
297,3,-135,6.40625,6.0851185,6.5067
297,4,-120,9.65625,8.9297015,9.4404
297,5,-105,12.71875,11.5202725,11.9649
297,6,-90,15,13.56334975,14.2138
297,7,-75,16.28125,14.67415025,15.4856
297,8,-60,16.4375,14.5054155,15.9028
297,9,-45,16.15625,13.49608175,15.9872
297,10,-30,15.21875,12.59838025,15.1628
297,11,-15,14.65625,12.02020175,14.569
297,12,0,13.40625,11.8244845,12.6651
297,13,15,14.0625,12.693321,13.8357
297,14,30,13.90625,12.3626285,13.1813
297,15,45,14.5,13.16062025,14.6027
297,16,60,14.75,13.4745585,14.6914
297,17,75,14.6875,13.23767725,13.9716
297,18,90,14.46875,13.10853775,13.6836
297,19,105,12.75,11.65675375,12.0405
297,20,120,9.46875,8.5963735,8.983
297,21,135,5.875,5.28524425,5.5563
297,22,150,2.65625,2.344089,2.4236
297,23,165,0.5625,0.44144625,0.3919
297,24,180,0,0,0
298,1,-165,2.25,2.3361825,1.9165
298,2,-150,2.1875,2.24011225,2.1063
298,3,-135,1.9375,1.99011625,1.9574
298,4,-120,1.4375,1.5101415,1.5657
298,5,-105,0.875,0.83583,0.9471
298,6,-90,0.375,0.34418375,0.4659
298,7,-75,0.0625,0.05277275,0.0975
298,8,-60,0,0,0
298,9,-45,0.25,0.0656365,0.0629
298,10,-30,0.5,0.23161025,0.2738
298,11,-15,0.8125,0.3886735,0.5657
298,12,0,0.875,0.450796,0.6599
298,13,15,0.8125,0.37254675,0.5539
298,14,30,0.5,0.231422,0.2741
298,15,45,0.25,0.06456975,0.0619
298,16,60,0,0.00043925,0.0005
298,17,75,0.0625,0.0535885,0.098
298,18,90,0.375,0.34832525,0.4697
298,19,105,0.875,0.833571,0.9448
298,20,120,1.4375,1.50945125,1.5653
298,21,135,1.9375,1.98961425,1.9572
298,22,150,2.1875,2.25906275,2.1026
298,23,165,2.25,2.337312,1.9178
298,24,180,2.25,2.37151075,1.8705
299,1,-165,0.5,0.467362,0.4835
299,2,-150,2.0625,1.90013275,1.9477
299,3,-135,4.65625,4.29140975,4.325
299,4,-120,8.25,7.55616675,7.5597
299,5,-105,12.53125,11.335662,11.2953
299,6,-90,17,15.1304055,14.8077
299,7,-75,20.875,18.21437975,17.3894
299,8,-60,13.28125,12.04279175,11.9483
299,9,-45,11.375,10.21337825,10.3332
299,10,-30,10.1875,9.084192,9.2826
299,11,-15,9.625,8.5539545,8.7532
299,12,0,9.53125,8.4666065,8.6021
299,13,15,9.625,8.54247125,8.7293
299,14,30,10.5625,9.4214105,9.3768
299,15,45,11.8125,10.55197725,10.4406
299,16,60,13.75,12.30496125,12.1871
299,17,75,20.875,18.21023825,17.3872
299,18,90,16.96875,15.121244,14.8041
299,19,105,12.53125,11.3322735,11.2887
299,20,120,8.25,7.55566475,7.564
299,21,135,4.65625,4.29530025,4.3282
299,22,150,2.0625,1.90013275,1.9477
299,23,165,0.5,0.46742475,0.4835
299,24,180,0,0,0
300,1,-165,2.8125,2.090579,1.4961
300,2,-150,1.4375,0.99377175,0.4938
300,3,-135,0.53125,0.26737775,0.0097
300,4,-120,0.15625,0,0
300,5,-105,0,0.0355165,0.2566
300,6,-90,0.15625,0.2782335,0.5192
300,7,-75,0.9375,1.003247,1.1855
300,8,-60,2.125,2.07407575,2.2024
300,9,-45,3.5625,3.4681925,3.3127
300,10,-30,4.71875,4.62059625,4.3213
300,11,-15,5.5,5.4458215,5.0989
300,12,0,5.75,5.75097475,5.3969
300,13,15,5.5,5.443437,5.0966
300,14,30,4.71875,4.617898,4.3194
300,15,45,3.5625,3.46951025,3.3104
300,16,60,2.125,2.06322,2.19
300,17,75,0.9375,1.001992,1.1837
300,18,90,0.15625,0.278359,0.5192
300,19,105,0,0.03557925,0.2566
300,20,120,0.15625,0.00269825,0.0022
300,21,135,0.53125,0.2671895,0.0097
300,22,150,1.4375,0.99314425,0.4938
300,23,165,2.8125,2.09315175,1.4971
300,24,180,3.78125,2.88769225,2.4846
301,1,-165,0.375,0.30477675,0.2721
301,2,-150,1.4375,1.214087,1.069
301,3,-135,3,2.5573135,2.2439
301,4,-120,4.5625,3.95557175,3.5185
301,5,-105,5.5,5.04930425,4.9372
301,6,-90,6,5.55996375,5.8696
301,7,-75,6.4375,6.16324225,6.5636
301,8,-60,6.4375,6.17830225,6.5641
301,9,-45,6.125,5.7924525,5.7875
301,10,-30,5.4375,5.17831825,4.7753
301,11,-15,4.875,4.71271325,4.1163
301,12,0,4.6875,4.5314285,3.897
301,13,15,4.875,4.71271325,4.1163
301,14,30,5.4375,5.177628,4.7746
301,15,45,6.125,5.790068,5.7848
301,16,60,6.4375,6.18282025,6.5686
301,17,75,6.4375,6.16776025,6.5675
301,18,90,6,5.5577675,5.8675
301,19,105,5.5,5.01717625,4.9083
301,20,120,4.5625,3.95331275,3.5145
301,21,135,3,2.558694,2.2448
301,22,150,1.4375,1.2179775,1.0713
301,23,165,0.375,0.304965,0.272
301,24,180,0,0,0
302,1,-165,0.21875,0.29210125,0.0699
302,2,-150,0,0,0
302,3,-135,0.28125,0.1959055,0.3434
302,4,-120,1.0625,0.84831725,0.9237
302,5,-105,1.9375,1.6426695,1.3654
302,6,-90,2.3125,1.99400675,1.4825
302,7,-75,1.96875,1.65578425,1.3725
302,8,-60,1.09375,0.8776215,0.9295
302,9,-45,0.3125,0.214354,0.3542
302,10,-30,0,0.00307475,0.006
302,11,-15,0.21875,0.29461125,0.0821
302,12,0,0.4375,0.57610775,0.2181
302,13,15,0.21875,0.29461125,0.0821
302,14,30,0,0.00307475,0.006
302,15,45,0.3125,0.21378925,0.3536
302,16,60,1.09375,0.88144925,0.9333
302,17,75,1.96875,1.65578425,1.3725
302,18,90,2.3125,1.99413225,1.4825
302,19,105,1.9375,1.6426695,1.3654
302,20,120,1.0625,0.84831725,0.9237
302,21,135,0.28125,0.1959055,0.3434
302,22,150,0,0,0
302,23,165,0.21875,0.29210125,0.0699
302,24,180,0.4375,0.57836675,0.22
303,1,-165,0,0.3884225,0.2774
303,2,-150,0,0.5540825,0.371
303,3,-135,0.0625,0.623735,0.4743
303,4,-120,0.25,0.608675,0.5256
303,5,-105,0.375,0.5051375,0.4105
303,6,-90,0.4375,0.269825,0.1826
303,7,-75,0.625,0.1637775,0.0853
303,8,-60,1.25,0.676445,0.5906
303,9,-45,2.4375,1.91262,1.7984
303,10,-30,3.9375,3.5309425,3.3284
303,11,-15,5.25,4.9064225,4.5123
303,12,0,5.8125,5.2251925,4.7504
303,13,15,5.25,4.89199,4.4952
303,14,30,3.9375,3.527805,3.3254
303,15,45,2.4375,1.9069725,1.7934
303,16,60,1.25,0.6770725,0.5907
303,17,75,0.625,0.1637775,0.0853
303,18,90,0.4375,0.2704525,0.1826
303,19,105,0.375,0.503255,0.4087
303,20,120,0.25,0.6093025,0.5263
303,21,135,0.0625,0.623735,0.4747
303,22,150,0,0.5515725,0.3679
303,23,165,0,0.395325,0.2811
303,24,180,0,0,0
304,1,-165,0.25,0.1622715,0.193
304,2,-150,1,0.75557275,0.8116
304,3,-135,2.1875,1.74990925,1.749
304,4,-120,3.6875,3.03904525,2.8309
304,5,-105,5.0625,4.16879625,3.5927
304,6,-90,5.625,4.65146925,3.8911
304,7,-75,5.0625,4.18398175,3.5713
304,8,-60,3.75,3.100603,2.7958
304,9,-45,2.25,1.82797025,1.7617
304,10,-30,1,0.80012525,0.8306
304,11,-15,0.25,0.18115925,0.2048
304,12,0,0,0,1.00E-04
304,13,15,0.25,0.180971,0.2048
304,14,30,1,0.799937,0.8306
304,15,45,2.25,1.82784475,1.7617
304,16,60,3.75,3.1004775,2.7958
304,17,75,5.0625,4.18398175,3.5713
304,18,90,5.5625,4.65849725,3.9003
304,19,105,5.0625,4.16841975,3.5927
304,20,120,3.6875,3.03917075,2.8311
304,21,135,2.1875,1.74965825,1.749
304,22,150,1,0.75519625,0.8116
304,23,165,0.25,0.16220875,0.193
304,24,180,0,0.00069025,0
305,1,-165,1.96875,3.0507795,3.3389
305,2,-150,0.84375,1.465589,1.7164
305,3,-135,0.1875,0.371229,0.5048
305,4,-120,0,0,0
305,5,-105,0.34375,0.27252325,0.2357
305,6,-90,0.75,0.87718225,1.0031
305,7,-75,1.03125,1.45536075,1.8861
305,8,-60,0.9375,1.107914,1.2003
305,9,-45,1.34375,1.7099375,1.8625
305,10,-30,2.1875,2.96110975,3.0598
305,11,-15,3.34375,4.604344,4.6178
305,12,0,4.3125,5.78147125,5.662
305,13,15,3.34375,4.60741875,4.6196
305,14,30,2.1875,2.9621765,3.0608
305,15,45,1.34375,1.7099375,1.8625
305,16,60,0.9375,1.10621975,1.1989
305,17,75,1.03125,1.45661575,1.8879
305,18,90,0.75,0.87743325,1.0031
305,19,105,0.34375,0.272586,0.2357
305,20,120,0,0.00069025,0
305,21,135,0.1875,0.3726095,0.5058
305,22,150,0.84375,1.46452225,1.7163
305,23,165,1.96875,3.052411,3.3389
305,24,180,3.09375,4.38904875,4.6734
306,1,-165,0.125,0.1301435,0.2993
306,2,-150,0.875,0.7368105,1.1328
306,3,-135,2.28125,1.91782825,2.4722
306,4,-120,4.21875,3.52021225,4.1768
306,5,-105,6.28125,5.1923115,5.7594
306,6,-90,7.75,6.24757825,6.4922
306,7,-75,7.5,6.29257,6.4288
306,8,-60,6.21875,5.551116,5.494
306,9,-45,4.96875,4.70806975,4.2625
306,10,-30,4.21875,4.21811775,3.3027
306,11,-15,4.0625,4.2234515,2.8241
306,12,0,4.1875,4.4267615,2.7222
306,13,15,4.0625,4.22213375,2.825
306,14,30,4.21875,4.22075325,3.3008
306,15,45,4.96875,4.71246225,4.2682
306,16,60,6.21875,5.5499865,5.491
306,17,75,7.5,6.292319,6.429
306,18,90,7.75,6.2477665,6.4922
306,19,105,6.28125,5.19224875,5.7594
306,20,120,4.21875,3.522032,4.179
306,21,135,2.28125,1.91456525,2.4698
306,22,150,0.875,0.74013625,1.136
306,23,165,0.125,0.1301435,0.2993
306,24,180,0,0,0
307,1,-165,0.25,0.16170675,0.1133
307,2,-150,1,0.750992,0.6361
307,3,-135,2.3125,1.8392025,1.5981
307,4,-120,3.875,3.254717,2.8077
307,5,-105,5.25,4.52195325,3.9498
307,6,-90,5.75,5.0361895,4.4592
307,7,-75,5.1875,4.4917705,3.984
307,8,-60,3.875,3.25603475,2.9149
307,9,-45,2.3125,1.87766825,1.7458
307,10,-30,1.0625,0.8015685,0.7884
307,11,-15,0.3125,0.18906575,0.2034
307,12,0,0,0.0013805,0.0009
307,13,15,0.25,0.16785625,0.1142
307,14,30,1.0625,0.769315,0.6415
307,15,45,2.3125,1.86825575,1.6085
307,16,60,3.875,3.263,2.8041
307,17,75,5.1875,4.503693,3.9332
307,18,90,5.75,5.03524825,4.4546
307,19,105,5.25,4.51153675,4.006
307,20,120,3.875,3.259486,2.9261
307,21,135,2.3125,1.8645535,1.7319
307,22,150,1.0625,0.79121475,0.7638
307,23,165,0.3125,0.187497,0.1921
307,24,180,0,0,0
308,1,-165,0.03125,0.2752215,0.296
308,2,-150,0,0,0
308,3,-135,0.625,0.372735,0.3047
308,4,-120,1.78125,1.2619025,1.0231
308,5,-105,2.84375,2.15150925,1.7324
308,6,-90,3.28125,2.492932,2.0586
308,7,-75,2.8125,2.09603825,1.6517
308,8,-60,1.78125,1.22230725,0.9474
308,9,-45,0.65625,0.36376175,0.2736
308,10,-30,0.03125,0.00545925,0.0022
308,11,-15,0,0.27440575,0.2889
308,12,0,0.1875,0.55502375,0.5675
308,13,15,0.03125,0.26173025,0.2799
308,14,30,0.03125,0.00658875,0.0034
308,15,45,0.65625,0.36263225,0.2742
308,16,60,1.78125,1.22268375,0.9474
308,17,75,2.8125,2.09528525,1.6501
308,18,90,3.28125,2.49299475,2.0586
308,19,105,2.84375,2.152576,1.7363
308,20,120,1.78125,1.26108675,1.0211
308,21,135,0.625,0.36915825,0.301
308,22,150,0.03125,0.007781,0.0073
308,23,165,0,0.28821075,0.3021
308,24,180,0.1875,0.55213725,0.5644
309,1,-165,0.875,0.889795,0.4465
309,2,-150,0.15625,0.179967,0.0054
309,3,-135,0,0.00282375,0.0032
309,4,-120,0.34375,0.3091065,0.3558
309,5,-105,0.875,0.7932855,0.8076
309,6,-90,1.125,1.030857,1.0133
309,7,-75,0.875,0.79196775,0.8052
309,8,-60,0.34375,0.309734,0.3548
309,9,-45,0,0.0018825,0.002
309,10,-30,0.15625,0.180218,0.0067
309,11,-15,0.875,0.87479775,0.4417
309,12,0,1.5,1.4883045,0.8193
309,13,15,0.875,0.87630375,0.4445
309,14,30,0.15625,0.1803435,0.0067
309,15,45,0,0.0018825,0.002
309,16,60,0.34375,0.3081025,0.3534
309,17,75,0.875,0.79008525,0.8029
309,18,90,1.125,1.029602,1.0121
309,19,105,0.875,0.7925325,0.8071
309,20,120,0.34375,0.30916925,0.3558
309,21,135,0,0,0
309,22,150,0.15625,0.1773315,0.002
309,23,165,0.875,0.886783,0.4469
309,24,180,1.5,1.4920695,0.8227
310,1,-165,0.15625,0,0.0388
310,2,-150,0.65625,0.13095925,0.3389
310,3,-135,1.6875,0.72168775,1.0982
310,4,-120,3.125,1.71878525,2.1448
310,5,-105,4.4375,2.6928535,3.0187
310,6,-90,4.96875,3.091065,3.3708
310,7,-75,4.40625,2.66769075,3.0757
310,8,-60,3.0625,1.67184825,2.1713
310,9,-45,1.625,0.679708,1.0974
310,10,-30,0.625,0.113954,0.3374
310,11,-15,0.15625,0.00106675,0.0422
310,12,0,0,0.03256725,0
310,13,15,0.15625,0.0011295,0.0422
310,14,30,0.625,0.113954,0.3374
310,15,45,1.625,0.679708,1.0974
310,16,60,3.0625,1.669401,2.1693
310,17,75,4.40625,2.66769075,3.0757
310,18,90,4.96875,3.09037475,3.3715
310,19,105,4.4375,2.69279075,3.0187
310,20,120,3.125,1.720605,2.1458
310,21,135,1.6875,0.72168775,1.0982
310,22,150,0.65625,0.13095925,0.3389
310,23,165,0.15625,0,0.0388
310,24,180,0,0.03294375,0.0005
311,1,-165,2.5,2.1602315,1.577
311,2,-150,3,2.87652275,2.1738
311,3,-135,3.15625,2.9543955,2.0697
311,4,-120,2.875,2.58711975,1.6862
311,5,-105,1.9375,1.755494,1.1987
311,6,-90,0.875,0.7380655,0.8051
311,7,-75,0.09375,0.0535885,0.2921
311,8,-60,0,0,0.2174
311,9,-45,0.46875,0.310487,0.5255
311,10,-30,1.53125,1.22607225,1.0589
311,11,-15,2.5625,2.2021485,1.4582
311,12,0,3.09375,2.831782,1.9132
311,13,15,3.09375,2.970334,2.1827
311,14,30,2.75,2.7264875,2.1579
311,15,45,2,1.651831,1.0352
311,16,60,1.3125,0.94871725,0.2485
311,17,75,0.9375,0.69370125,0
311,18,90,0.84375,0.80978875,0.2561
311,19,105,0.90625,1.055706,0.7931
311,20,120,0.96875,1.181708,1.2033
311,21,135,0.875,0.925437,0.4019
311,22,150,0.875,0.689497,0.0894
311,23,165,1.125,0.74954875,0.0347
311,24,180,1.6875,1.25129775,0.6513
312,1,-165,0.25,0.14087375,0.2526
312,2,-150,1,0.59487,0.9545
312,3,-135,2.15625,1.36286725,1.95
312,4,-120,3.5625,2.32005575,3.0158
312,5,-105,4.875,3.2244715,3.9146
312,6,-90,5.625,3.777801,4.3254
312,7,-75,5.4375,3.7899745,4.0708
312,8,-60,4.375,3.2074035,3.2673
312,9,-45,2.96875,2.258749,2.2196
312,10,-30,1.6875,1.3166205,1.1997
312,11,-15,0.8125,0.65605125,0.4616
312,12,0,0.53125,0.4313435,0.2003
312,13,15,0.8125,0.65605125,0.4616
312,14,30,1.6875,1.31668325,1.1997
312,15,45,2.96875,2.25868625,2.2196
312,16,60,4.375,3.20746625,3.2673
312,17,75,5.4375,3.7899745,4.0708
312,18,90,5.625,3.77773825,4.3254
312,19,105,4.875,3.2244715,3.9146
312,20,120,3.5625,2.32005575,3.0158
312,21,135,2.15625,1.3628045,1.95
312,22,150,1,0.59468175,0.9545
312,23,165,0.25,0.140811,0.2526
312,24,180,0,0,0
313,1,-165,5.6875,5.560152,5.366
313,2,-150,5.53125,5.58970725,5.2754
313,3,-135,5.84375,5.9804515,5.3283
313,4,-120,5.5,4.9671645,4.562
313,5,-105,3.75,3.30021075,2.9307
313,6,-90,1.59375,1.3909165,1.2472
313,7,-75,0.125,0.1190995,0.1481
313,8,-60,0,0.0003765,0
313,9,-45,1.4375,1.32986075,0.9289
313,10,-30,3.4375,3.21788275,2.5858
313,11,-15,5.875,5.983589,4.9406
313,12,0,6.71875,6.6036845,5.4475
313,13,15,5.875,5.984091,4.9409
313,14,30,3.4375,3.22955425,2.5865
313,15,45,1.21875,1.1539725,0.9037
313,16,60,0,0,0
313,17,75,0.125,0.11803275,0.146
313,18,90,1.59375,1.39951325,1.2571
313,19,105,3.75,3.30033625,2.932
313,20,120,5.5,4.959509,4.5518
313,21,135,5.59375,5.7407465,5.323
313,22,150,5.53125,5.590021,5.2757
313,23,165,5.6875,5.56172075,5.3695
313,24,180,6.0625,5.7482765,5.5203
314,1,-165,0,0.1441995,0.2298
314,2,-150,0.4375,0.00194525,0
314,3,-135,2,0.9466465,0.8277
314,4,-120,5.5625,2.0289585,1.9075
314,5,-105,5.375,1.9084785,1.8915
314,6,-90,4.625,1.8781075,2.0041
314,7,-75,2.9375,1.2039215,1.6102
314,8,-60,1.375,0.440254,0.8565
314,9,-45,0.625,0.32699025,0.6338
314,10,-30,0.8125,1.06819325,1.2117
314,11,-15,1.8125,2.523303,2.4588
314,12,0,2.75,3.73393875,3.4619
314,13,15,1.8125,2.5174045,2.4531
314,14,30,0.8125,1.06926,1.2123
314,15,45,0.625,0.32912375,0.6358
314,16,60,1.375,0.43680275,0.8538
314,17,75,2.9375,1.19657975,1.5991
314,18,90,4.625,1.87289925,2.0001
314,19,105,5.375,1.90992175,1.8934
314,20,120,5.5625,2.030088,1.909
314,21,135,2,0.9453915,0.8265
314,22,150,0.4375,0,0.0001
314,23,165,0,0.14300725,0.2273
314,24,180,0.6875,1.23950075,1.2709
315,1,-165,0.34375,0.3555415,0.2095
315,2,-150,0.625,0.5254685,0.7012
315,3,-135,1.34375,1.0917245,1.4906
315,4,-120,2.40625,1.95660775,2.3706
315,5,-105,3.375,2.78980225,3.0482
315,6,-90,3.8125,3.10681525,3.3019
315,7,-75,3.34375,2.666122,3.0447
315,8,-60,2.3125,1.78592775,2.39
315,9,-45,1.21875,0.8916775,1.5128
315,10,-30,0.46875,0.28645375,0.7211
315,11,-15,0.09375,0.0317515,0.1827
315,12,0,0,0,0
315,13,15,0.09375,0.0317515,0.1827
315,14,30,0.46875,0.28645375,0.7211
315,15,45,1.21875,0.8936855,1.515
315,16,60,2.3125,1.78479825,2.3887
315,17,75,3.34375,2.671142,3.0499
315,18,90,3.8125,3.10681525,3.3019
315,19,105,3.375,2.78980225,3.0482
315,20,120,2.40625,1.95660775,2.3706
315,21,135,1.34375,1.0917245,1.4906
315,22,150,0.625,0.5262215,0.7018
315,23,165,0.34375,0.3555415,0.2095
315,24,180,0.28125,0.3645775,0.0239
316,1,-165,0.8125,0.51147525,0.3783
316,2,-150,0.28125,0.101153,0.1292
316,3,-135,0,0.007028,0.0058
316,4,-120,0,0.312997,0.2186
316,5,-105,0.96875,1.14926625,0.7979
316,6,-90,1.09375,1.1030195,1.0266
316,7,-75,1.90625,2.192485,1.7764
316,8,-60,2.125,2.2435635,1.7844
316,9,-45,2.40625,2.35858425,1.9823
316,10,-30,2.6875,2.53842575,2.1442
316,11,-15,3,2.98620975,2.6837
316,12,0,3.125,3.2824525,3.0706
316,13,15,3,2.98570775,2.6832
316,14,30,2.6875,2.541124,2.1467
316,15,45,2.40625,2.35582325,1.9844
316,16,60,2.125,2.2440655,1.7844
316,17,75,1.90625,2.19392825,1.7776
316,18,90,1.09375,1.10283125,1.0267
316,19,105,0.96875,1.149831,0.7985
316,20,120,0,0.31682475,0.2225
316,21,135,0,0,0
316,22,150,0.28125,0.1004,0.1285
316,23,165,0.8125,0.51084775,0.3772
316,24,180,1.28125,0.96515775,0.6189
317,1,-165,0.90625,0.0766805,1.0899
317,2,-150,1.1875,0.000753,1.7344
317,3,-135,1.8125,0.2260255,2.856
317,4,-120,2.84375,0.69972525,4.1771
317,5,-105,3.875,1.14205,5.0605
317,6,-90,4.3125,1.20260375,5.5424
317,7,-75,3.90625,1.1655185,4.8356
317,8,-60,3.09375,0.948027,3.6169
317,9,-45,2.25,0.58765375,2.5554
317,10,-30,1.65625,0.3763745,1.9376
317,11,-15,1.46875,0.44044225,1.6948
317,12,0,0,0.33502225,0
317,13,15,0.15625,0.44069325,0.1903
317,14,30,0.65625,0.7041805,0.7072
317,15,45,1.5,1.20731,1.6455
317,16,60,2.65625,1.72556225,2.7545
317,17,75,3.8125,2.0083765,3.8284
317,18,90,4.3125,1.20373325,5.5435
317,19,105,3.875,1.1421755,5.0605
317,20,120,2.84375,0.70311375,4.1738
317,21,135,1.8125,0.2260255,2.856
317,22,150,1.1875,0,1.7337
317,23,165,0.90625,0.0753,1.087
317,24,180,0.84375,0.18291625,0.91
318,1,-165,0.0625,0.08690875,0.397
318,2,-150,0.5,0.54812125,1.2597
318,3,-135,1.34375,1.32735075,2.5168
318,4,-120,3.6875,2.76118825,4.2555
318,5,-105,4.25,2.9433515,4.747
318,6,-90,4.3125,3.179668,4.8949
318,7,-75,3.875,3.06941625,4.6549
318,8,-60,2.1875,2.078782,3.5255
318,9,-45,1.25,1.4983445,2.6298
318,10,-30,0.65625,1.19996825,1.9822
318,11,-15,0.46875,1.16482825,1.5717
318,12,0,0.5,1.195764,1.3297
318,13,15,0.46875,1.16464,1.5714
318,14,30,0.65625,1.20360775,1.985
318,15,45,1.25,1.497215,2.6287
318,16,60,2.1875,2.07721325,3.5243
318,17,75,3.875,3.0703575,4.6556
318,18,90,4.3125,3.17722075,4.8918
318,19,105,4.25,2.94423,4.746
318,20,120,3.6875,2.7608745,4.2549
318,21,135,1.34375,1.32534275,2.5113
318,22,150,0.5,0.54812125,1.2581
318,23,165,0.0625,0.08778725,0.3975
318,24,180,0,0,0
319,1,-165,0.34375,0.266311,0.3161
319,2,-150,1.3125,0.99251675,1.1824
319,3,-135,2.65625,2.0244405,2.3963
319,4,-120,4.15625,3.09301025,3.6336
319,5,-105,5.375,3.87663225,4.545
319,6,-90,5.8125,4.09575525,4.7879
319,7,-75,5.21875,3.69716725,4.3802
319,8,-60,3.9375,2.8394375,3.4687
319,9,-45,2.59375,1.9200245,2.4199
319,10,-30,1.53125,1.1994035,1.5255
319,11,-15,0.875,0.80389025,0.961
319,12,0,0.6875,0.68523,0.7711
319,13,15,0.875,0.80376475,0.961
319,14,30,1.53125,1.1994035,1.5255
319,15,45,2.59375,1.92046375,2.4202
319,16,60,3.9375,2.840065,3.4686
319,17,75,5.21875,3.69723,4.3802
319,18,90,5.8125,4.0956925,4.7879
319,19,105,5.375,3.8765695,4.545
319,20,120,4.15625,3.09301025,3.6336
319,21,135,2.65625,2.02274625,2.3946
319,22,150,1.3125,0.992454,1.1824
319,23,165,0.34375,0.26624825,0.3161
319,24,180,0,0,0
320,1,-165,0.375,0.698533,0.7972
320,2,-150,0,0.1672915,0.2346
320,3,-135,0.0625,0.00043925,0
320,4,-120,0.40625,0.0709075,0.02
320,5,-105,0.8125,0.20287075,0.1599
320,6,-90,1.09375,0.19722325,0.3975
320,7,-75,0.75,0.24240325,0.1767
320,8,-60,0.3125,0.07737075,0.0473
320,9,-45,0.03125,0.0219625,0.0407
320,10,-30,0.0625,0.2445995,0.318
320,11,-15,0.5,0.8341985,0.9178
320,12,0,1.3125,1.7769545,1.8434
320,13,15,0.5,0.8347005,0.9187
320,14,30,0.0625,0.242968,0.3162
320,15,45,0.03125,0.021586,0.0404
320,16,60,0.3125,0.07724525,0.0477
320,17,75,0.75,0.24403475,0.1776
320,18,90,1.09375,0.2044395,0.3989
320,19,105,0.8125,0.2006745,0.1575
320,20,120,0.40625,0.066766,0.0163
320,21,135,0.0625,0,0
320,22,150,0,0.1672915,0.2346
320,23,165,0.375,0.703051,0.8014
320,24,180,1.21875,1.6404105,1.7371
321,1,-165,0.0625,0.20575725,0.0351
321,2,-150,0,0.202808,0
321,3,-135,0.21875,0.240207,0.1114
321,4,-120,0.75,0.437242,0.3755
321,5,-105,1.40625,0.70022725,0.5961
321,6,-90,2,0.86500875,0.6714
321,7,-75,0.84375,0.0006275,0.3492
321,8,-60,1.03125,0.2574005,0.848
321,9,-45,1.96875,1.37516625,1.9919
321,10,-30,3.34375,2.91078425,3.3582
321,11,-15,4.90625,4.5126035,4.689
321,12,0,6.4375,5.91450125,5.6166
321,13,15,4.90625,4.51254075,4.689
321,14,30,3.34375,2.91103525,3.3582
321,15,45,1.96875,1.3758565,1.9926
321,16,60,1.03125,0.2568985,0.848
321,17,75,0.84375,0,0.3491
321,18,90,1.53125,0.6030275,0.6059
321,19,105,1.40625,0.70035275,0.5961
321,20,120,0.75,0.43674,0.375
321,21,135,0.21875,0.24052075,0.1114
321,22,150,0,0.201553,0
321,23,165,0.0625,0.20582,0.0351
321,24,180,0.46875,0.379261,0.2695
322,1,-165,0.5625,0.44546225,0.4327
322,2,-150,2.15625,1.716087,1.6717
322,3,-135,4.4375,3.5442455,3.4442
322,4,-120,6.96875,5.48867975,5.3145
322,5,-105,9.03125,6.939648,6.7881
322,6,-90,9.84375,7.418556,7.4962
322,7,-75,9.09375,6.86980725,7.2766
322,8,-60,7.375,5.63840125,6.3084
322,9,-45,5.53125,4.282311,5.0266
322,10,-30,4.125,3.2576035,3.8492
322,11,-15,3.34375,2.74022975,3.0863
322,12,0,3.09375,2.599858,2.8277
322,13,15,3.34375,2.74022975,3.0863
322,14,30,4.125,3.2576035,3.8492
322,15,45,5.53125,4.282311,5.0266
322,16,60,7.375,5.63651875,6.3061
322,17,75,9.09375,6.8682385,7.2748
322,18,90,9.84375,7.41924625,7.4945
322,19,105,9.03125,6.939648,6.7881
322,20,120,6.96875,5.48867975,5.3145
322,21,135,4.4375,3.54681825,3.4476
322,22,150,2.15625,1.716087,1.6717
322,23,165,0.5625,0.44546225,0.4327
322,24,180,0,0,0
323,1,-165,0.59375,0.13961875,0.2818
323,2,-150,0.40625,0.06381675,0.1951
323,3,-135,0.125,0.02993175,0.0909
323,4,-120,0,0.16358925,0.1154
323,5,-105,0.40625,0.5724055,0.4431
323,6,-90,0.125,0.066766,0.0082
323,7,-75,0.34375,0.5673855,0.4441
323,8,-60,0,0.13811275,0.1037
323,9,-45,0.15625,0,0.0666
323,10,-30,0.4375,0.05239625,0.174
323,11,-15,0.625,0.1288885,0.2598
323,12,0,0.84375,0.2235155,0.3379
323,13,15,0.625,0.12932775,0.26
323,14,30,0.4375,0.052459,0.1744
323,15,45,0.15625,0.00156875,0.0684
323,16,60,0,0.1379245,0.1037
323,17,75,0.34375,0.568515,0.4446
323,18,90,0.125,0.0611185,0
323,19,105,0.40625,0.571527,0.4432
323,20,120,0,0.163401,0.1154
323,21,135,0.125,0.02917875,0.091
323,22,150,0.40625,0.06293825,0.1949
323,23,165,0.59375,0.139054,0.2812
323,24,180,0.84375,0.22759425,0.3436
324,1,-165,5.9375,5.49834325,4.8126
324,2,-150,4.3125,3.627954,3.2699
324,3,-135,3.46875,2.53717075,2.2511
324,4,-120,3.5,2.3248875,1.9157
324,5,-105,3.96875,2.595591,1.9992
324,6,-90,4.21875,2.693481,2.0548
324,7,-75,3.71875,2.0181655,1.6681
324,8,-60,2.875,1.18089225,0.9538
324,9,-45,2.03125,0.76260075,0.3772
324,10,-30,1.53125,0.80840825,0.2747
324,11,-15,0,0,0
324,12,0,0.34375,0.52000925,0.5554
324,13,15,0,6.27E-05,0
324,14,30,1.53125,0.8085965,0.2747
324,15,45,2.03125,0.76335375,0.3781
324,16,60,2.875,1.18189625,0.9558
324,17,75,3.71875,2.010259,1.6685
324,18,90,4.21875,2.6913475,2.0523
324,19,105,3.96875,2.59854025,2.0023
324,20,120,3.5,2.324762,1.9157
324,21,135,3.46875,2.5357275,2.2502
324,22,150,4.3125,3.62914625,3.2722
324,23,165,5.9375,5.49759025,4.8111
324,24,180,7.4375,7.04161675,5.7816
325,1,-165,0.84375,0.75858475,0.6204
325,2,-150,1.46875,1.24401875,1.2759
325,3,-135,2.625,2.18715125,2.3434
325,4,-120,4.0625,3.3984145,3.5707
325,5,-105,5.28125,4.4450845,4.5163
325,6,-90,5.71875,4.8097875,4.8327
325,7,-75,5.09375,4.22928725,4.3637
325,8,-60,3.71875,3.041116,3.3219
325,9,-45,2.15625,1.7415635,2.0256
325,10,-30,0.9375,0.71578925,0.8686
325,11,-15,0.21875,0.1524825,0.1912
325,12,0,0,0,0
325,13,15,0.21875,0.152608,0.1912
325,14,30,0.9375,0.71578925,0.8686
325,15,45,2.15625,1.7415635,2.0256
325,16,60,3.71875,3.041116,3.3217
325,17,75,5.09375,4.22928725,4.3637
325,18,90,5.71875,4.80934825,4.8323
325,19,105,5.28125,4.4450845,4.5163
325,20,120,4.0625,3.3984145,3.5707
325,21,135,2.625,2.18715125,2.3434
325,22,150,1.46875,1.243956,1.2759
325,23,165,0.84375,0.758773,0.6203
325,24,180,0.65625,0.65040375,0.4064
326,1,-165,0,0.1692995,0.4644
326,2,-150,0.09375,0,0.7429
326,3,-135,0.875,0.4260725,1.5755
326,4,-120,2.375,1.53844175,2.9241
326,5,-105,4.375,3.1381275,4.4995
326,6,-90,6.375,4.72702025,5.8639
326,7,-75,7.6875,5.9114265,6.5772
326,8,-60,8.40625,6.82512925,6.9633
326,9,-45,9.125,7.73826725,7.3698
326,10,-30,10,8.90014625,7.953
326,11,-15,11.09375,10.30173025,8.7333
326,12,0,10.09375,9.8292855,6.9106
326,13,15,9.875,9.3973145,6.8392
326,14,30,9.5625,8.7828665,6.9019
326,15,45,9.53125,8.39846,7.1475
326,16,60,9.6875,8.15680975,7.4478
326,17,75,9.625,7.802586,7.5113
326,18,90,9.09375,7.15720225,7.3428
326,19,105,4.375,3.148795,4.5092
326,20,120,2.375,1.5369985,2.9225
326,21,135,0.875,0.427453,1.5769
326,22,150,0.09375,0.002008,0.747
326,23,165,0,0.168923,0.4651
326,24,180,0.28125,0.34267775,0
327,1,-165,3.59375,3.240159,3.8358
327,2,-150,0.84375,0.96076525,1.2949
327,3,-135,0.21875,0.43674,0.6173
327,4,-120,0,0.0606165,0.0825
327,5,-105,0.3125,0,0
327,6,-90,1.0625,1.40490975,1.4855
327,7,-75,1.46875,1.48397475,1.4501
327,8,-60,2.40625,2.254231,2.1231
327,9,-45,3.90625,3.78250725,3.5676
327,10,-30,6.78125,5.88312625,5.8275
327,11,-15,7.0625,5.85953225,5.976
327,12,0,7.53125,6.200955,6.2691
327,13,15,8.1875,6.8830475,6.8332
327,14,30,6.15625,6.1094655,5.6021
327,15,45,5.15625,4.8386525,4.454
327,16,60,3.40625,2.9988225,2.6777
327,17,75,2.125,1.96614575,1.5604
327,18,90,1.28125,1.6547175,1.1047
327,19,105,0.75,0.97494675,1.097
327,20,120,0.09375,0.78644575,0.9423
327,21,135,0.0625,0.85358825,1.1628
327,22,150,0.46875,1.21440075,1.628
327,23,165,1.15625,1.673166,2.14
327,24,180,3.59375,3.1883275,3.7123
328,1,-165,0.21875,0.116213,0.1055
328,2,-150,0.84375,0.56217725,0.5461
328,3,-135,2,1.47242875,1.4711
328,4,-120,3.5625,2.72542075,2.6868
328,5,-105,5.0625,3.8866095,3.7736
328,6,-90,5.75,4.37574575,4.2817
328,7,-75,5.09375,3.89633575,3.7863
328,8,-60,3.59375,2.741673,2.6972
328,9,-45,2,1.4817785,1.4782
328,10,-30,0.84375,0.56732275,0.5529
328,11,-15,0.21875,0.11125575,0.102
328,12,0,0,0.0003765,0.0005
328,13,15,0.21875,0.11125575,0.1023
328,14,30,0.84375,0.5673855,0.5529
328,15,45,2,1.4832845,1.4795
328,16,60,3.59375,2.741673,2.6972
328,17,75,5.09375,3.8966495,3.7867
328,18,90,5.75,4.37744,4.2831
328,19,105,5.0625,3.89301,3.7832
328,20,120,3.5625,2.72529525,2.6865
328,21,135,2,1.470609,1.4689
328,22,150,0.84375,0.569017,0.553
328,23,165,0.21875,0.116213,0.1055
328,24,180,0,0,0
329,1,-165,6.15625,5.73214975,5.7636
329,2,-150,4.625,3.8896215,3.9723
329,3,-135,4.15625,3.091316,3.2147
329,4,-120,4.6875,3.240159,3.3968
329,5,-105,5.65625,3.87136125,3.9959
329,6,-90,6.3125,4.3145645,4.5336
329,7,-75,5.9375,3.990147,4.499
329,8,-60,4.5625,2.9922965,3.5372
329,9,-45,0.71875,0.157126,0.2263
329,10,-30,0.03125,0,0
329,11,-15,0,0.4509215,0.475
329,12,0,0.15625,0.80401575,0.8374
329,13,15,0,0.4509215,0.475
329,14,30,0.03125,0.0001255,0
329,15,45,0.71875,0.154365,0.2234
329,16,60,4.5625,2.998948,3.5409
329,17,75,5.9375,3.99008425,4.499
329,18,90,6.3125,4.31487825,4.5336
329,19,105,5.65625,3.87111025,3.9944
329,20,120,4.6875,3.241916,3.3995
329,21,135,4.15625,3.0869235,3.2101
329,22,150,4.625,3.89119025,3.9728
329,23,165,6.15625,5.72976525,5.7617
329,24,180,7.8125,7.57285825,7.4059
330,1,-165,0.125,0.02792375,0.0433
330,2,-150,0.65625,0.175198,0.3386
330,3,-135,1.71875,0.78268075,1.0833
330,4,-120,3.15625,1.786367,2.1064
330,5,-105,4.46875,2.74311625,2.9714
330,6,-90,5,3.150552,3.3529
330,7,-75,4.46875,2.73131925,3.113
330,8,-60,3.125,1.772562,2.2697
330,9,-45,1.71875,0.8005645,1.2585
330,10,-30,0.71875,0.25231775,0.5526
330,11,-15,0.21875,0.14263075,0.2822
330,12,0,0.09375,0.1637775,0.2449
330,13,15,0.1875,0.1103145,0.2861
330,14,30,0.6875,0.20600825,0.5559
330,15,45,1.65625,0.74967425,1.2551
330,16,60,3.09375,1.71251025,2.2614
330,17,75,4.40625,2.66254525,3.0988
330,18,90,4.9375,3.0733695,3.3308
330,19,105,4.375,2.654325,2.9616
330,20,120,3.0625,1.69569325,2.1067
330,21,135,1.65625,0.703051,1.0891
330,22,150,0.59375,0.11564825,0.3445
330,23,165,0.09375,0,0.045
330,24,180,0,0.05126675,0
331,1,-165,0.71875,0.84091275,0.5334
331,2,-150,0.03125,0.12995525,0.0143
331,3,-135,0,0.0051455,0
331,4,-120,0.53125,0.3899285,0.4031
331,5,-105,1.21875,0.937485,0.8747
331,6,-90,1.5625,1.2079375,1.0829
331,7,-75,1.21875,0.94093625,0.9231
331,8,-60,0.5,0.39174825,0.4516
331,9,-45,0,0,0.0356
331,10,-30,0,0.102157,0.0394
331,11,-15,0.65625,0.7779745,0.5566
331,12,0,1.3125,1.42938225,1.0273
331,13,15,0.65625,0.7781,0.5566
331,14,30,0,0.102157,0.0394
331,15,45,0,0,0.0356
331,16,60,0.5,0.39174825,0.4516
331,17,75,1.21875,0.94093625,0.9231
331,18,90,1.5625,1.2079375,1.0829
331,19,105,1.21875,0.937485,0.8747
331,20,120,0.53125,0.3894265,0.4027
331,21,135,0,0.0058985,0.0003
331,22,150,0.03125,0.12995525,0.0143
331,23,165,0.71875,0.84154025,0.5342
331,24,180,1.40625,1.4975915,1.021
332,1,-165,5.0625,4.96478,4.4538
332,2,-150,5.125,4.8938725,4.695
332,3,-135,5.5625,5.1524025,5.1151
332,4,-120,6.25,5.66758,5.5931
332,5,-105,6.875,6.1852675,5.9548
332,6,-90,7,6.276255,5.979
332,7,-75,6.125,5.558395,5.3224
332,8,-60,4.5625,4.197975,4.0896
332,9,-45,2.8125,2.604125,2.5828
332,10,-30,1.3125,1.22488,1.2275
332,11,-15,0.3125,0.31877,0.3211
332,12,0,0,0,0
332,13,15,0.3125,0.31877,0.3211
332,14,30,1.3125,1.2242525,1.2268
332,15,45,2.8125,2.604125,2.5831
332,16,60,4.5625,4.197975,4.0896
332,17,75,6.125,5.560905,5.3244
332,18,90,7,6.276255,5.979
332,19,105,6.875,6.1877775,5.958
332,20,120,6.25,5.66758,5.5931
332,21,135,5.5625,5.144245,5.1063
332,22,150,5.125,4.8888525,4.6899
332,23,165,5.0625,4.96478,4.4538
332,24,180,5.0625,5.091535,4.3723
333,1,-165,0.59375,1.29886225,0.7313
333,2,-150,0,0.20789075,0.0011
333,3,-135,0.28125,0.0432975,0.267
333,4,-120,1.3125,0.66766,1.2689
333,5,-105,2.34375,1.43666125,2.2107
333,6,-90,2.75,1.7829785,2.6487
333,7,-75,2.25,1.383763,2.1673
333,8,-60,1.125,0.56280475,1.1107
333,9,-45,0.15625,0.00508275,0.1531
333,10,-30,0.03125,0.32636275,0.0586
333,11,-15,0.6875,1.44858375,0.8687
333,12,0,1.28125,2.319993,1.649
333,13,15,0.6875,1.44933675,0.8693
333,14,30,0.03125,0.327053,0.0589
333,15,45,0.1875,0,0.1453
333,16,60,1.125,0.56267925,1.1102
333,17,75,2.25,1.3848925,2.1681
333,18,90,2.75,1.78178625,2.6474
333,19,105,2.34375,1.43816725,2.2125
333,20,120,1.3125,0.66998175,1.2713
333,21,135,0.28125,0.0432975,0.267
333,22,150,0,0.2061965,0
333,23,165,0.59375,1.29886225,0.7313
333,24,180,1.28125,2.31603975,1.6459
334,1,-165,1,1.17549575,1.8595
334,2,-150,1.8125,1.74263025,2.6076
334,3,-135,2.8125,2.4885395,3.3476
334,4,-120,2.25,2.82983675,3.0965
334,5,-105,1.15625,1.647062,1.7802
334,6,-90,0.21875,0.5776765,0.5868
334,7,-75,0,0.117719,0
334,8,-60,0.75,0,0.0672
334,9,-45,1.96875,0.83363375,1.0072
334,10,-30,3.625,2.3326685,2.7006
334,11,-15,5.21875,3.874938,4.3521
334,12,0,6.28125,4.862623,5.2851
334,13,15,5.21875,3.86232525,4.3451
334,14,30,3.625,2.322754,2.6942
334,15,45,1.96875,0.83501425,1.0081
334,16,60,0.75,0,0.0674
334,17,75,0.03125,0.123743,0.0017
334,18,90,0.21875,0.57736275,0.5868
334,19,105,1.15625,1.64687375,1.7781
334,20,120,2.25,2.8278915,3.0965
334,21,135,2.8125,2.48546475,3.3442
334,22,150,1.8125,1.7463325,2.6127
334,23,165,1,1.175935,1.8555
334,24,180,0.71875,1.04359525,1.644
335,1,-165,8.90625,8.209708,7.7333
335,2,-150,8.125,7.232063,6.918
335,3,-135,8.03125,6.8408795,6.6005
335,4,-120,8.5,6.96882675,6.7392
335,5,-105,9.1875,7.29136175,6.9747
335,6,-90,9.65625,7.43581225,7.0537
335,7,-75,9.21875,7.0793295,6.6732
335,8,-60,5.375,4.2124075,3.3113
335,9,-45,3.25,2.6160475,1.7883
335,10,-30,1.4375,1.180202,0.7026
335,11,-15,0.34375,0.286642,0.1527
335,12,0,0,0,0
335,13,15,0.34375,0.28657925,0.1537
335,14,30,1.4375,1.1797,0.7026
335,15,45,3.25,2.61573375,1.7877
335,16,60,5.375,4.211529,3.3109
335,17,75,9.21875,7.06935225,6.652
335,18,90,9.65625,7.4362515,7.0537
335,19,105,9.1875,7.28973025,6.9735
335,20,120,8.5,6.97027,6.7404
335,21,135,8.03125,6.8398755,6.5995
335,22,150,8.125,7.22949025,6.9154
335,23,165,8.90625,8.2103355,7.733
335,24,180,9.84375,9.17034775,8.4242
336,1,-165,6.3125,7.7361965,7.5084
336,2,-150,2.75,3.606368,3.4843
336,3,-135,0.75,1.20084675,1.1808
336,4,-120,0.03125,0.197537,0.1994
336,5,-105,0,0,0
336,6,-90,0.0625,0.02553925,0.0683
336,7,-75,0,0.0021335,0.0024
336,8,-60,0.03125,0.19107375,0.1933
336,9,-45,0.75,1.21201625,1.1723
336,10,-30,2.65625,3.55485025,3.3478
336,11,-15,5.78125,7.171572,6.7894
336,12,0,8.875,10.75786,10.4942
336,13,15,5.78125,7.174584,6.7922
336,14,30,2.65625,3.5547875,3.3478
336,15,45,0.75,1.21151425,1.1723
336,16,60,0.03125,0.19107375,0.1933
336,17,75,0,0.0021335,0.0024
336,18,90,0.0625,0.025853,0.0687
336,19,105,0,0.000251,0
336,20,120,0.03125,0.19860375,0.1997
336,21,135,0.75,1.20197625,1.1812
336,22,150,2.75,3.60630525,3.4843
336,23,165,6.3125,7.736322,7.5168
336,24,180,9.25,11.23432075,11.1684
337,1,-165,0.40625,0.17463325,0
337,2,-150,1.65625,1.2285195,1.3222
337,3,-135,3.71875,3.213051,3.3572
337,4,-120,6.5625,5.5138425,5.2682
337,5,-105,7.21875,7.3647165,7.3731
337,6,-90,5.59375,5.03524825,5.2726
337,7,-75,4.28125,3.1682475,3.577
337,8,-60,3.75,2.23641,2.8576
337,9,-45,3.78125,2.386508,2.6642
337,10,-30,4.21875,2.76771425,3.0524
337,11,-15,5.5625,4.01418025,5.052
337,12,0,6.1875,4.71961575,5.0841
337,13,15,5.5625,4.006964,5.0474
337,14,30,4.21875,2.767526,3.0494
337,15,45,3.78125,2.38770025,2.6591
337,16,60,3.75,2.227123,2.8583
337,17,75,4.28125,3.18700975,3.5856
337,18,90,5.59375,5.03851125,5.2745
337,19,105,7.21875,7.365093,7.3725
337,20,120,6.5625,5.515725,5.2722
337,21,135,3.78125,3.27297725,3.58
337,22,150,1.65625,1.21076125,1.2659
337,23,165,0.375,0.25030975,0.226
337,24,180,0,0,0.1128
338,1,-165,0.65625,0.37091525,0.6787
338,2,-150,0.34375,0.22207225,0.3616
338,3,-135,0.125,0.087348,0.1044
338,4,-120,0,0.012801,0.0012
338,5,-105,0.0625,0,0.0595
338,6,-90,0.53125,0.46629525,0.7185
338,7,-75,0.0625,0.01248725,0.0829
338,8,-60,0,0.00583575,0
338,9,-45,0.125,0.09657225,0.1183
338,10,-30,0.40625,0.23951675,0.3976
338,11,-15,0.65625,0.37901,0.6985
338,12,0,0.78125,0.42764125,0.8192
338,13,15,0.65625,0.378006,0.6977
338,14,30,0.40625,0.23700675,0.395
338,15,45,0.125,0.0922425,0.1156
338,16,60,0,0.00583575,0
338,17,75,0.0625,0.03746175,0.1074
338,18,90,0.53125,0.4682405,0.7258
338,19,105,0.0625,0.00119225,0.0612
338,20,120,0,0.01248725,0.0005
338,21,135,0.125,0.08785,0.1051
338,22,150,0.34375,0.221131,0.3605
338,23,165,0.65625,0.371229,0.6786
338,24,180,0.78125,0.42977475,0.8215
339,1,-165,4.75,4.11985125,3.2079
339,2,-150,5.75,4.9626465,4.2243
339,3,-135,6.8125,5.84321725,5.2308
339,4,-120,6.71875,5.94863725,5.409
339,5,-105,5.25,4.69464125,4.195
339,6,-90,3.40625,3.00227375,2.6691
339,7,-75,1.6875,1.4684755,1.1176
339,8,-60,0.9375,0.89876825,0.4441
339,9,-45,1.75,1.8005485,1.3256
339,10,-30,3.90625,3.92708325,3.3419
339,11,-15,6.15625,6.0800985,5.3172
339,12,0,6.5,6.5449505,5.684
339,13,15,6.15625,6.08003575,5.3172
339,14,30,3.90625,3.9154745,3.3376
339,15,45,1.90625,1.88896325,1.2439
339,16,60,0,0,0
339,17,75,1.6875,1.46627925,1.1186
339,18,90,1.78125,1.563479,1.6309
339,19,105,3.65625,3.47503225,3.5736
339,20,120,6.0625,5.32640825,4.6748
339,21,135,6.8125,5.844033,5.232
339,22,150,5.75,4.961768,4.2265
339,23,165,4.75,4.121922,3.2094
339,24,180,4.375,3.8178355,2.7619
340,1,-165,4.375,5.4500885,4.9373
340,2,-150,1.6875,2.2189655,1.9007
340,3,-135,0.3125,0.505263,0.3676
340,4,-120,0,0,0
340,5,-105,0.1875,0.10397675,0.1443
340,6,-90,0.3125,0.21793075,0.322
340,7,-75,0.1875,0.10096475,0.1461
340,8,-60,0,0.0036395,0.0014
340,9,-45,0.3125,0.522833,0.3865
340,10,-30,1.625,2.194744,1.8804
340,11,-15,4,5.05846575,4.6931
340,12,0,6.4375,8.022462,8.0042
340,13,15,4,5.0552655,4.6899
340,14,30,1.625,2.1981325,1.8852
340,15,45,0.3125,0.52208,0.3847
340,16,60,0,0.007781,0.0053
340,17,75,0.1875,0.10912225,0.1537
340,18,90,0.3125,0.21667575,0.3215
340,19,105,0.1875,0.102408,0.1435
340,20,120,0,0.0018825,0.0019
340,21,135,0.3125,0.5084005,0.3705
340,22,150,1.6875,2.2172085,1.8993
340,23,165,4.375,5.45674,4.9007
340,24,180,6.5625,8.21642225,7.9234
341,1,-165,0.0625,0.5693935,1.1235
341,2,-150,0.1875,0.29235225,0.5154
341,3,-135,0.125,0.0437995,0.1098
341,4,-120,0.25,0,0.0454
341,5,-105,0.375,0.07335475,0.0018
341,6,-90,0.3125,0.12801,0.0448
341,7,-75,0.3125,0.0560985,0.0108
341,8,-60,0.1875,0.00156875,0.0623
341,9,-45,0.125,0.09544275,0.1687
341,10,-30,0.125,0.3766255,0.6905
341,11,-15,0.0625,0.597882,1.1889
341,12,0,0,0.68228075,1.5108
341,13,15,0.0625,0.60196075,1.2201
341,14,30,0.125,0.3778805,0.6919
341,15,45,0.125,0.09544275,0.1687
341,16,60,0.1875,0.002259,0.0643
341,17,75,0.3125,0.05628675,0.011
341,18,90,0.3125,0.12801,0.0448
341,19,105,0.375,0.0724135,0
341,20,120,0.25,0,0.0454
341,21,135,0.125,0.0437995,0.1098
341,22,150,0.1875,0.29297975,0.5159
341,23,165,0.0625,0.568264,1.1224
341,24,180,0,0.68177875,1.5106
342,1,-165,0.5,0.44470925,0.4374
342,2,-150,1.875,1.67962925,1.6368
342,3,-135,4,3.48745675,3.3909
342,4,-120,6.375,5.49181725,5.2824
342,5,-105,8.3125,7.061383,6.7156
342,6,-90,9.0625,7.663532,7.2899
342,7,-75,8.25,7.026494,6.7085
342,8,-60,6.3125,5.4606305,5.2196
342,9,-45,4.0625,3.5219065,3.3558
342,10,-30,2,1.77864875,1.6859
342,11,-15,0.6875,0.6138205,0.613
342,12,0,0.1875,0.1858655,0.2195
342,13,15,0.6875,0.617711,0.6169
342,14,30,2,1.77864875,1.6859
342,15,45,4.0625,3.5219065,3.3558
342,16,60,6.3125,5.46006575,5.2193
342,17,75,8.25,7.02655675,6.7085
342,18,90,9.0625,7.663281,7.2899
342,19,105,8.3125,7.061383,6.7156
342,20,120,6.375,5.49188,5.2827
342,21,135,4,3.488649,3.3918
342,22,150,1.875,1.67950375,1.6368
342,23,165,0.5,0.44470925,0.4374
342,24,180,0,0,0
343,1,-165,3.8125,3.9232555,3.8722
343,2,-150,2.25,1.98722975,1.9682
343,3,-135,1.84375,1.2049255,1.2709
343,4,-120,2.5,1.5608435,1.6867
343,5,-105,1.21875,0.686736,0.6516
343,6,-90,1.59375,0.9915755,0.9573
343,7,-75,1.125,0.65015275,0.6316
343,8,-60,0.34375,0.0571025,0.0686
343,9,-45,0,0,0
343,10,-30,0.71875,1.06279675,1.028
343,11,-15,2.40625,3.11635325,3.0865
343,12,0,5.9375,6.402006,6.3086
343,13,15,4,4.1699885,4.0843
343,14,30,2.375,2.17510325,2.1243
343,15,45,1.84375,1.23648875,1.2903
343,16,60,2.40625,1.53831625,1.6853
343,17,75,1.125,0.64965075,0.6316
343,18,90,1.59375,0.99088525,0.9573
343,19,105,1.21875,0.6868615,0.6516
343,20,120,2.5,1.5651105,1.6905
343,21,135,1.84375,1.2064315,1.2725
343,22,150,2.25,1.9857865,1.9673
343,23,165,3.8125,3.96561175,3.932
343,24,180,5.90625,6.31723075,6.2776
344,1,-165,0.28125,1.63231575,0.7498
344,2,-150,0.03125,1.47581725,0.6942
344,3,-135,0,1.4125025,0.8
344,4,-120,0.09375,1.3321825,0.7707
344,5,-105,0.15625,1.17097775,0.6265
344,6,-90,0.125,0.8347005,0.4619
344,7,-75,0.15625,0.3515255,0.2881
344,8,-60,0.40625,0.000753,0
344,9,-45,1.125,0.29925475,0.2966
344,10,-30,2.3125,1.31442425,1.2349
344,11,-15,3.71875,2.74838725,2.4437
344,12,0,4.90625,4.11432925,3.4719
344,13,15,3.71875,2.75930575,2.4628
344,14,30,2.3125,1.3105965,1.2347
344,15,45,1.125,0.28946575,0.2863
344,16,60,0.40625,0,0.0034
344,17,75,0.15625,0.3507725,0.2881
344,18,90,0.125,0.8344495,0.4627
344,19,105,0.15625,1.1720445,0.6278
344,20,120,0.09375,1.33538275,0.7729
344,21,135,0,1.41557725,0.8042
344,22,150,0.03125,1.476633,0.6952
344,23,165,0.28125,1.63244125,0.7498
344,24,180,0.5,1.716589,0.8788
345,1,-165,1.34375,0.66634225,0.8535
345,2,-150,1.484375,0.50206275,0.6991
345,3,-135,1.484375,0.32234675,0.6287
345,4,-120,1.640625,0.42600975,0.7973
345,5,-105,2.234375,1.1263625,1.5193
345,6,-90,3.328125,2.33662175,2.8608
345,7,-75,4.640625,3.758223,4.4164
345,8,-60,5.890625,5.116635,5.5418
345,9,-45,7.4375,6.745374,7.1252
345,10,-30,9.609375,9.08463125,9.6086
345,11,-15,11.40625,11.05623625,12.3128
345,12,0,9.953125,9.482529,10.6612
345,13,15,7.90625,7.0489585,8.1374
345,14,30,5.625,4.32115325,5.3107
345,15,45,3.5625,2.03542175,2.7904
345,16,60,2.109375,0.60823575,1.0163
345,17,75,1.359375,0.1093105,0.1353
345,18,90,0.921875,0.10472975,0
345,19,105,0.515625,0.0691505,0.1918
345,20,120,0.1875,0,0.5167
345,21,135,0,0.00909875,0.9265
345,22,150,0.109375,0.16622475,1.2476
345,23,165,0.484375,0.439752,1.3187
345,24,180,1,0.6569925,1.0981
346,1,-165,0.15625,1.137783,0.9338
346,2,-150,0.0625,0.72156225,0.4261
346,3,-135,0,0.3382225,0.1291
346,4,-120,0.125,0.1667895,0.1198
346,5,-105,0.34375,0.09970975,0.1095
346,6,-90,0.53125,0.0006275,0.0005
346,7,-75,0.90625,0.146333,0.1909
346,8,-60,1.9375,1.237932,1.3177
346,9,-45,3.8125,3.52153,3.6684
346,10,-30,6.21875,6.62821975,6.7694
346,11,-15,8.5625,9.905966,10.1689
346,12,0,9.5,11.90273375,12.8514
346,13,15,8.5625,9.91230375,10.1783
346,14,30,6.21875,6.63185925,6.7741
346,15,45,3.8125,3.51067425,3.6541
346,16,60,1.9375,1.240442,1.3193
346,17,75,0.90625,0.14652125,0.1909
346,18,90,0.53125,0,0
346,19,105,0.34375,0.099647,0.1101
346,20,120,0.125,0.16697775,0.1194
346,21,135,0,0.33885,0.1299
346,22,150,0.0625,0.721374,0.4261
346,23,165,0.15625,1.1379085,0.9338
346,24,180,0.1875,1.29710525,1.1611
347,1,-165,0.28125,0.191011,0.2836
347,2,-150,1.3125,0.94118725,1.2073
347,3,-135,3.09375,2.39033575,2.8419
347,4,-120,5.4375,4.32228275,4.9101
347,5,-105,7.78125,6.19549575,6.7659
347,6,-90,9.09375,7.16724225,7.8014
347,7,-75,8.53125,6.91548925,7.3069
347,8,-60,6.875,5.7871815,5.761
347,9,-45,5.21875,4.60239875,4.1842
347,10,-30,4.0625,3.799889,3.0808
347,11,-15,3.5,3.52924825,2.5232
347,12,0,3.40625,3.5286835,2.3713
347,13,15,3.5,3.5294365,2.5232
347,14,30,4.0625,3.799889,3.0808
347,15,45,5.21875,4.601332,4.1835
347,16,60,6.875,5.7871815,5.761
347,17,75,8.53125,6.910281,7.3033
347,18,90,9.09375,7.16724225,7.8014
347,19,105,7.78125,6.19336225,6.7643
347,20,120,5.4375,4.32090225,4.9091
347,21,135,3.09375,2.39058675,2.8422
347,22,150,1.3125,0.942003,1.2081
347,23,165,0.28125,0.191011,0.2836
347,24,180,0,0,0
348,1,-165,0.125,0.179465,0.2399
348,2,-150,0.6875,0.60491,0.8869
348,3,-135,1.625,1.401835,1.845
348,4,-120,2.8125,2.37948,2.8745
348,5,-105,3.6875,3.21029,3.6588
348,6,-90,4.0625,3.4857625,3.9593
348,7,-75,3.5,3.0076075,3.5884
348,8,-60,2.4375,2.074515,2.7284
348,9,-45,1.375,1.1175775,1.712
348,10,-30,0.5625,0.4336025,0.8463
348,11,-15,0.1875,0.0960075,0.333
348,12,0,0.0625,0,0.169
348,13,15,0.1875,0.0960075,0.333
348,14,30,0.5625,0.4336025,0.8463
348,15,45,1.375,1.1175775,1.712
348,16,60,2.4375,2.0738875,2.728
348,17,75,3.5,3.0076075,3.5884
348,18,90,4.0625,3.485135,3.9562
348,19,105,3.6875,3.21029,3.6588
348,20,120,2.8125,2.3801075,2.8747
348,21,135,1.625,1.401835,1.845
348,22,150,0.6875,0.6024,0.8843
348,23,165,0.125,0.179465,0.2399
348,24,180,0,0.07028,0
349,1,-165,0.40625,0.35133725,0.3319
349,2,-150,1.5625,1.36223975,1.2934
349,3,-135,3.28125,2.9533915,2.7984
349,4,-120,5.21875,4.72375725,4.43
349,5,-105,6.78125,6.168827,5.6966
349,6,-90,7.53125,6.8612105,6.3545
349,7,-75,7.40625,6.69511125,6.3014
349,8,-60,6.71875,6.06698375,5.7816
349,9,-45,6.0625,5.5088225,5.243
349,10,-30,5.84375,5.3893465,5.0218
349,11,-15,6,5.71596025,5.1721
349,12,0,6.15625,5.9681525,5.3188
349,13,15,6,5.71596025,5.1721
349,14,30,5.84375,5.3893465,5.0218
349,15,45,6.0625,5.5098265,5.2442
349,16,60,6.71875,6.0670465,5.7816
349,17,75,7.40625,6.693417,6.3003
349,18,90,7.53125,6.8614615,6.3542
349,19,105,6.78125,6.16637975,5.6944
349,20,120,5.21875,4.72375725,4.43
349,21,135,3.28125,2.95345425,2.7984
349,22,150,1.5625,1.362177,1.2934
349,23,165,0.40625,0.35347075,0.3339
349,24,180,0,0,0
350,1,-165,0,0,0
350,2,-150,0.90625,0.52402525,0.6779
350,3,-135,2.71875,1.82370325,2.1804
350,4,-120,5.21875,3.75514825,4.3303
350,5,-105,8,5.95541425,6.6695
350,6,-90,10.28125,7.66723425,8.3149
350,7,-75,7.875,5.8632345,6.5585
350,8,-60,5.09375,3.688696,4.2894
350,9,-45,2.625,1.78366875,2.2023
350,10,-30,0.875,0.51825225,0.7203
350,11,-15,0,0.004518,0.0165
350,12,0,0,0.15329825,0.0713
350,13,15,0,0.0048945,0.0169
350,14,30,0.875,0.51800125,0.7199
350,15,45,2.625,1.78931625,2.2072
350,16,60,5.09375,3.70331675,4.3084
350,17,75,7.875,5.86191675,6.5557
350,18,90,10.28125,7.666544,8.3136
350,19,105,8,5.95403375,6.6684
350,20,120,5.21875,3.755211,4.3303
350,21,135,2.71875,1.82357775,2.1804
350,22,150,0.90625,0.528857,0.6818
350,23,165,0,0,0
350,24,180,0,0.1529845,0.0711
351,1,-165,3.59375,3.60417175,2.1293
351,2,-150,1.75,1.7837315,0.7856
351,3,-135,0.625,0.6810885,0.1676
351,4,-120,0.09375,0.100651,0
351,5,-105,0,0.00251,0.2286
351,6,-90,0.46875,0.75569825,0.7645
351,7,-75,0,0.10498075,0.2467
351,8,-60,0.0625,0.007781,0.0511
351,9,-45,0.75,0.655863,0.3304
351,10,-30,2.125,2.04634025,1.1945
351,11,-15,4.125,4.102595,2.8124
351,12,0,6.59375,6.64566425,4.9763
351,13,15,4.125,4.105607,2.8118
351,14,30,2.125,2.040881,1.1911
351,15,45,0.75,0.65228625,0.3262
351,16,60,0.0625,0.008785,0.0505
351,17,75,0,0.1030355,0.245
351,18,90,0.46875,0.75519625,0.7642
351,19,105,0,0,0.2259
351,20,120,0.09375,0.10297275,0.0017
351,21,135,0.625,0.67926875,0.1661
351,22,150,1.71875,1.7854885,0.7889
351,23,165,3.59375,3.60705825,2.1304
351,24,180,6.125,6.125153,4.2334
352,1,-165,0.21875,0.390305,0.6377
352,2,-150,0,0.0839595,0.1518
352,3,-135,2.375,1.64436375,1.5515
352,4,-120,0.625,0.216613,0.2733
352,5,-105,1.34375,0.673684,0.8448
352,6,-90,2.15625,1.238685,1.406
352,7,-75,1.21875,0.64613675,0.8504
352,8,-60,0.46875,0.1655345,0.2238
352,9,-45,0.0625,0,0
352,10,-30,0.03125,0.141062,0.2429
352,11,-15,0.28125,0.4594555,0.7268
352,12,0,0.75,0.8715975,1.2926
352,13,15,0.28125,0.458828,0.7263
352,14,30,0.03125,0.14087375,0.2429
352,15,45,0.0625,0.00043925,0.0008
352,16,60,0.46875,0.16371475,0.2219
352,17,75,1.21875,0.6469525,0.8513
352,18,90,2.15625,1.23862225,1.406
352,19,105,1.34375,0.673684,0.8447
352,20,120,0.625,0.21604825,0.2733
352,21,135,2.375,1.64574425,1.5523
352,22,150,0,0.08414775,0.1518
352,23,165,0.21875,0.390305,0.6377
352,24,180,0.6875,0.81744425,1.2507
353,1,-165,0.6875,0.353157,0.0569
353,2,-150,1.09375,0.52578225,0.3055
353,3,-135,1.9375,1.0347475,0.943
353,4,-120,3.125,1.84742275,1.9068
353,5,-105,4.28125,2.6868295,2.8785
353,6,-90,4.875,3.154568,3.3883
353,7,-75,4.5625,2.988155,3.1356
353,8,-60,3.46875,2.26069425,2.33
353,9,-45,2.125,1.33726525,1.387
353,10,-30,0.96875,0.5736605,0.6117
353,11,-15,0.25,0.13372025,0.1483
353,12,0,0,0,0
353,13,15,0.25,0.13384575,0.1483
353,14,30,0.96875,0.57359775,0.6117
353,15,45,2.125,1.33726525,1.3871
353,16,60,3.46875,2.26194925,2.3306
353,17,75,4.5625,2.988406,3.1356
353,18,90,4.875,3.155572,3.3897
353,19,105,4.28125,2.6898415,2.8814
353,20,120,3.125,1.84736,1.9069
353,21,135,1.9375,1.03593975,0.9434
353,22,150,1.09375,0.52578225,0.3055
353,23,165,0.6875,0.3530315,0.0569
353,24,180,0.5625,0.345878,0.0218
354,1,-165,9.6875,9.68627825,8.7536
354,2,-150,7.125,7.23814975,6.6345
354,3,-135,4.25,4.481354,3.7239
354,4,-120,2.09375,2.357894,1.6821
354,5,-105,0.8125,1.045415,0.55
354,6,-90,0.09375,0.239956,0
354,7,-75,0,0,0.0422
354,8,-60,0.78125,0.633022,0.8958
354,9,-45,2.6875,2.435202,2.6962
354,10,-30,5.40625,5.12937325,5.3106
354,11,-15,8.15625,7.8433735,8.0165
354,12,0,10.25,9.86047225,10.0186
354,13,15,8.15625,7.846511,8.0151
354,14,30,5.40625,5.13677775,5.3112
354,15,45,2.6875,2.43702175,2.6954
354,16,60,0.78125,0.6336495,0.8959
354,17,75,0,0.000502,0.0426
354,18,90,0.09375,0.23989325,0
354,19,105,0.8125,1.0493055,0.5438
354,20,120,2.09375,2.357894,1.6825
354,21,135,4.25,4.48166775,3.7243
354,22,150,7.125,7.23727125,6.6341
354,23,165,9.65625,9.66870825,8.7194
354,24,180,9.6875,9.74526325,8.9007
355,1,-165,0.09375,0.1283865,0.1476
355,2,-150,0,0.0033885,0
355,3,-135,0.21875,0.016817,0.0297
355,4,-120,0.78125,0.274594,0.321
355,5,-105,1.5625,0.7513685,0.7805
355,6,-90,2.375,1.2990505,1.2474
355,7,-75,1.40625,0.71340475,0.7724
355,8,-60,0.59375,0.2167385,0.2704
355,9,-45,0.125,0.00031375,0.0109
355,10,-30,0,0.019578,0.0178
355,11,-15,0.15625,0.152106,0.1678
355,12,0,0.5625,0.39802325,0.4344
355,13,15,0.15625,0.1524825,0.1686
355,14,30,0,0.01951525,0.0178
355,15,45,0.125,0,0.0109
355,16,60,0.59375,0.216613,0.2704
355,17,75,1.40625,0.71227525,0.7724
355,18,90,2.375,1.299176,1.2474
355,19,105,1.5625,0.75456875,0.7823
355,20,120,0.78125,0.270578,0.3176
355,21,135,0.21875,0.01662875,0.0297
355,22,150,0,0.003514,0
355,23,165,0.09375,0.128512,0.1476
355,24,180,0.53125,0.3778805,0.427
356,1,-165,2.46875,0.86764425,0.842
356,2,-150,2.84375,1.26786375,1.1924
356,3,-135,3.75,2.04232425,1.878
356,4,-120,2.78125,2.00843925,1.3691
356,5,-105,2.71875,1.993442,1.4313
356,6,-90,3.25,2.43137425,1.8601
356,7,-75,4.375,3.362647,2.6423
356,8,-60,5.71875,4.37787925,3.5594
356,9,-45,6.46875,4.895504,4.3971
356,10,-30,5.8125,4.62674575,5.0773
356,11,-15,5.21875,4.02785975,4.4706
356,12,0,4.625,3.48130725,4.0192
356,13,15,3.9375,2.90990575,3.5746
356,14,30,3.3125,2.3914025,2.9927
356,15,45,2.75,1.93966525,2.5014
356,16,60,1.96875,1.4343395,1.8578
356,17,75,0.875,0.72382125,1.0783
356,18,90,0.0625,0.11690325,0.3127
356,19,105,0,0,0
356,20,120,0.71875,0.3813945,0.3655
356,21,135,1.9375,0.9860535,1.0688
356,22,150,3.28125,1.894297,2.0301
356,23,165,3.1875,1.44770525,0.952
356,24,180,2.6875,1.00883175,0.6552
357,1,-165,0.0625,0.0018825,0
357,2,-150,0.375,0.06394225,0.0524
357,3,-135,1.1875,0.6000155,0.5269
357,4,-120,2.34375,1.53254325,1.4048
357,5,-105,3.40625,2.4656985,2.2378
357,6,-90,3.90625,2.87150275,2.5795
357,7,-75,3.4375,2.455282,2.2839
357,8,-60,2.34375,1.5349905,1.4599
357,9,-45,1.21875,0.6108085,0.5803
357,10,-30,0.40625,0.07046825,0.079
357,11,-15,0.0625,6.27E-05,0.0006
357,12,0,0,0.06996625,0.0905
357,13,15,0.0625,0,0.0006
357,14,30,0.40625,0.07046825,0.079
357,15,45,1.21875,0.610683,0.5803
357,16,60,2.34375,1.5347395,1.4591
357,17,75,3.4375,2.455282,2.2839
357,18,90,3.90625,2.87150275,2.5795
357,19,105,3.40625,2.465573,2.2378
357,20,120,2.34375,1.53241775,1.4048
357,21,135,1.1875,0.600392,0.5274
357,22,150,0.375,0.064005,0.0523
357,23,165,0.0625,0.00181975,0
357,24,180,0,0.07071925,0.0914
358,1,-165,0,0.00181975,0.0015
358,2,-150,0.59375,0.26549525,0.2388
358,3,-135,1.9375,1.1404185,1.1673
358,4,-120,3.8125,2.42861325,2.6356
358,5,-105,5.75,3.75928975,4.4082
358,6,-90,7,4.78675825,5.5988
358,7,-75,7.59375,5.65521825,6.2795
358,8,-60,8,6.50221775,6.9187
358,9,-45,8.59375,7.4528175,7.5299
358,10,-30,9.4375,8.68754925,8.5241
358,11,-15,10.53125,10.070622,9.722
358,12,0,11.65625,11.1887015,10.7322
358,13,15,10.53125,10.068363,9.7194
358,14,30,9.4375,8.6864825,8.5239
358,15,45,8.59375,7.45062125,7.5283
358,16,60,8,6.5020295,6.9187
358,17,75,7.59375,5.65672425,6.2811
358,18,90,7,4.78663275,5.5991
358,19,105,5.75,3.76029375,4.4106
358,20,120,3.8125,2.427672,2.6346
358,21,135,1.9375,1.13445725,1.1615
358,22,150,0.59375,0.26110275,0.2353
358,23,165,0,0,0
358,24,180,0.96875,1.3743505,1.0744
359,1,-165,0.59375,0.5839515,0.5856
359,2,-150,2.25,2.295897,2.422
359,3,-135,4.875,5.07954975,5.2335
359,4,-120,8.34375,8.81367675,8.9694
359,5,-105,11.71875,12.37900625,12.1581
359,6,-90,13.40625,13.96319275,13.4236
359,7,-75,12.96875,13.2797825,12.5793
359,8,-60,11.0625,11.3034085,10.5707
359,9,-45,8.84375,8.91696325,8.0216
359,10,-30,7.0625,6.852551,5.815
359,11,-15,6,5.5705685,4.3903
359,12,0,5.65625,5.182648,4.0002
359,13,15,6,5.5723255,4.3974
359,14,30,7.0625,6.85060575,5.8116
359,15,45,8.84375,8.91457875,8.0201
359,16,60,11.0625,11.30133775,10.5677
359,17,75,12.96875,13.27821375,12.5783
359,18,90,13.40625,13.97674675,13.4292
359,19,105,11.71875,12.36833875,12.1517
359,20,120,8.34375,8.804578,8.9562
359,21,135,4.875,5.0833775,5.2399
359,22,150,2.25,2.3055605,2.4358
359,23,165,0.59375,0.58915975,0.5919
359,24,180,0,0,0
360,1,-165,0.15625,0.02064475,0.038
360,2,-150,0.65625,0.15756525,0.3228
360,3,-135,1.71875,0.750992,1.0432
360,4,-120,3.125,1.74614425,2.0345
360,5,-105,4.4375,2.6963675,2.868
360,6,-90,5,3.11509825,3.2412
360,7,-75,4.46875,2.6936065,3.0188
360,8,-60,3.125,1.7435715,2.2078
360,9,-45,1.71875,0.778602,1.2172
360,10,-30,0.71875,0.23343,0.521
360,11,-15,0.25,0.1326535,0.2548
360,12,0,0.09375,0.1713075,0.2252
360,13,15,0.21875,0.1255,0.2779
360,14,30,0.71875,0.21943675,0.5507
360,15,45,1.71875,0.7722015,1.2435
360,16,60,3.125,1.7362925,2.2242
360,17,75,4.4375,2.68337825,3.0228
360,18,90,4.96875,3.10317575,3.2326
360,19,105,4.4375,2.679174,2.8697
360,20,120,3.125,1.72154625,2.048
360,21,135,1.6875,0.72055825,1.0596
360,22,150,0.625,0.127006,0.3369
360,23,165,0.125,0,0.0461
360,24,180,0,0.0478155,0
361,1,-165,6.875,6.80768475,7.2094
361,2,-150,4.78125,4.47325925,5.1854
361,3,-135,2.78125,2.297654,3.0055
361,4,-120,1.28125,0.80263525,1.2524
361,5,-105,0.4375,0.1050435,0.2409
361,6,-90,0.0625,0,0
361,7,-75,0,0.1916385,0.2242
361,8,-60,0.09375,0.441258,0.5475
361,9,-45,0.3125,0.70198425,0.8685
361,10,-30,0.625,0.97720575,1.1771
361,11,-15,1,1.24063025,1.5233
361,12,0,1.25,1.33262175,1.6903
361,13,15,1,1.243454,1.5243
361,14,30,0.625,0.976892,1.1785
361,15,45,0.3125,0.70524725,0.872
361,16,60,0.09375,0.44094425,0.5472
361,17,75,0,0.191513,0.2242
361,18,90,0.0625,0.003012,0.0028
361,19,105,0.4375,0.10962425,0.2451
361,20,120,1.28125,0.80200775,1.2522
361,21,135,2.78125,2.298909,3.0061
361,22,150,4.78125,4.473824,5.1852
361,23,165,6.875,6.80712,7.2057
361,24,180,8.21875,8.13610225,7.8989
362,1,-165,0.125,0.29335625,0.295
362,2,-150,0.53125,1.01196925,0.9809
362,3,-135,0.75,1.279598,1.0108
362,4,-120,0.53125,1.119962,0.6911
362,5,-105,0.28125,0.9428815,0.4532
362,6,-90,0.96875,1.6818255,1.2838
362,7,-75,1.09375,1.0611025,0.6887
362,8,-60,0,0,0.0148
362,9,-45,1.0625,0.68817925,0.7032
362,10,-30,3.15625,2.55549375,2.8227
362,11,-15,7.28125,6.75798675,6.2106
362,12,0,6.5625,6.08894625,5.3838
362,13,15,5.3125,4.841037,4.2518
362,14,30,4.28125,3.866404,3.6149
362,15,45,3.90625,3.229115,3.4538
362,16,60,4.34375,3.6401275,3.7278
362,17,75,4.0625,3.329515,3.5165
362,18,90,4.90625,4.14903,4.7107
362,19,105,5.53125,4.99634325,5.4214
362,20,120,5.90625,5.2445195,5.7619
362,21,135,5.28125,4.6192785,5.3178
362,22,150,3.5625,2.90501125,3.3147
362,23,165,1.4375,0.945768,0.9977
362,24,180,0.125,0.02365675,0
363,1,-165,1.9375,1.961565,1.9738
363,2,-150,3.125,3.2683965,3.4208
363,3,-135,3.90625,4.04555525,4.3454
363,4,-120,3.84375,4.06789425,4.3187
363,5,-105,2.90625,3.18625675,3.2589
363,6,-90,1.5,1.96037275,1.9995
363,7,-75,0.53125,1.01247125,1.0515
363,8,-60,1.40625,1.8502465,1.7285
363,9,-45,0.5,0.96302425,1.0108
363,10,-30,1.4375,1.870452,1.9025
363,11,-15,2.8125,3.0864215,3.1281
363,12,0,3.78125,3.94791625,4.1819
363,13,15,3.9375,4.094814,4.408
363,14,30,3.28125,3.4481125,3.6471
363,15,45,2.125,2.22680925,2.2774
363,16,60,0.96875,0.94507775,0.9275
363,17,75,0.1875,0.257526,0.1324
363,18,90,0,0,0.0093
363,19,105,0.4375,0.20833,0.1085
363,20,120,0.59375,0.4416345,0.4035
363,21,135,0.5625,0.64789375,0.57
363,22,150,0.0625,0.01587575,0
363,23,165,0.09375,0.236191,0.1452
363,24,180,0.78125,0.74553275,0.7031
364,1,-165,0.46875,0.4529295,0.3935
364,2,-150,1.328125,1.3008075,1.1462
364,3,-135,2.09375,2.0864375,1.8253
364,4,-120,2.34375,2.353878,2.0475
364,5,-105,1.984375,1.9910575,1.6912
364,6,-90,1.5,1.4401125,1.156
364,7,-75,1.515625,1.24590125,1.1338
364,8,-60,2.203125,1.52752325,1.5983
364,9,-45,3.6875,2.71625925,2.7053
364,10,-30,5.71875,4.684162,4.4767
364,11,-15,8.09375,7.32198375,6.0494
364,12,0,8.703125,7.9425185,6.6063
364,13,15,8.09375,7.293809,6.1428
364,14,30,6.734375,5.9598695,5.0629
364,15,45,5.046875,3.915098,3.3323
364,16,60,3.53125,2.68821,2.0942
364,17,75,2.796875,2.3773465,1.6313
364,18,90,2.75,2.53880225,1.6776
364,19,105,2.75,2.3843745,1.6765
364,20,120,2.3125,2.013271,1.5364
364,21,135,1.6875,1.53731225,1.2546
364,22,150,0.8125,0.79999975,0.7343
364,23,165,0.125,0.15643575,0.1652
364,24,180,0,0,0
365,1,-165,5.84375,5.149767,4.3005
365,2,-150,6.1875,5.45328875,5.0478
365,3,-135,6.78125,5.8160465,5.8456
365,4,-120,7.09375,5.87547075,6.4096
365,5,-105,7,5.64254275,6.2663
365,6,-90,6.65625,5.250669,5.5898
365,7,-75,5.90625,4.65197125,4.4664
365,8,-60,4.4375,3.602854,3.2031
365,9,-45,2.59375,2.20057975,2.0509
365,10,-30,1.0625,0.954051,1.0576
365,11,-15,0.09375,0.15091375,0.3788
365,12,0,0,0,0
365,13,15,0.09375,0.149847,0.3777
365,14,30,1.0625,0.9541765,1.0572
365,15,45,2.59375,2.20127,2.055
365,16,60,4.4375,3.607372,3.2082
365,17,75,5.90625,4.65397925,4.467
365,18,90,6.65625,5.249414,5.5901
365,19,105,7,5.641978,6.232
365,20,120,7.09375,5.87547075,6.4097
365,21,135,6.78125,5.8147915,5.8451
365,22,150,6.1875,5.4551085,5.053
365,23,165,5.84375,5.14870025,4.2984
365,24,180,5.65625,5.01052475,4.0593
366,1,-165,0.40625,0.71629125,0.2976
366,2,-150,0.25,0.46435,0.4486
366,3,-135,0.25,0.415405,0.7075
366,4,-120,0.03125,0.27289975,0.3927
366,5,-105,0,0.00445525,0.0052
366,6,-90,0.09375,0.00470625,0.0009
366,7,-75,0.28125,0.27754325,0.4361
366,8,-60,0.875,1.1113025,1.3922
366,9,-45,1.46875,1.72744475,2.0623
366,10,-30,2.09375,2.597097,2.6109
366,11,-15,2.65625,3.3878725,3.0332
366,12,0,2.9375,3.73331125,3.2007
366,13,15,2.65625,3.38969225,3.0345
366,14,30,2.09375,2.58975525,2.6021
366,15,45,1.46875,1.729139,2.0639
366,16,60,0.875,1.11161625,1.3922
366,17,75,0.28125,0.27861,0.4378
366,18,90,0.09375,0.005271,0
366,19,105,0,0,0.002
366,20,120,0.03125,0.2729625,0.3927
366,21,135,0.25,0.4102595,0.7017
366,22,150,0.28125,0.4541845,0.4408
366,23,165,0.40625,0.7167305,0.2976
366,24,180,0.46875,0.842105,0.35
367,1,-165,0.234375,0.59487,0.739
367,2,-150,0.03125,0.56726,0.9257
367,3,-135,0,0.48926175,0.8823
367,4,-120,0.140625,0.456318,0.6251
367,5,-105,0.390625,0.37003675,0.3344
367,6,-90,0.65625,0.1916385,0.0734
367,7,-75,0.96875,0,0.0836
367,8,-60,1.6875,0.41069875,0.7571
367,9,-45,3.21875,1.8876455,2.342
367,10,-30,5.359375,4.3780675,4.7612
367,11,-15,7.640625,7.026996,7.3713
367,12,0,9.578125,9.137153,9.6792
367,13,15,11.109375,10.79594925,11.3849
367,14,30,12.015625,11.753828,11.9032
367,15,45,11.28125,11.07506125,11.1449
367,16,60,10.46875,10.31804525,10.6539
367,17,75,9.25,8.86161775,9.6082
367,18,90,7.453125,6.98526725,7.3892
367,19,105,5.25,4.28036575,4.3653
367,20,120,2.96875,1.65289775,1.777
367,21,135,1.46875,0.354914,0.3877
367,22,150,0.875,0.148341,0
367,23,165,0.6875,0.3982115,0.2189
367,24,180,0.484375,0.57560575,0.5094
368,1,-165,0.3125,0.145078,0.0775
368,2,-150,1.21875,0.817256,0.6498
368,3,-135,2.65625,2.0387475,1.7935
368,4,-120,4.40625,3.41792975,3.0694
368,5,-105,5.9375,4.609364,4.1993
368,6,-90,6.5625,5.06499175,4.6653
368,7,-75,5.875,4.51956875,4.1865
368,8,-60,4.3125,3.29506525,3.0221
368,9,-45,2.625,1.94807375,1.71
368,10,-30,1.28125,0.92148375,0.6983
368,11,-15,0.46875,0.37217025,0.1559
368,12,0,0.21875,0.2039375,0
368,13,15,0.46875,0.372233,0.1559
368,14,30,1.28125,0.92160925,0.6983
368,15,45,2.625,1.94179875,1.7029
368,16,60,4.28125,3.24586925,2.9588
368,17,75,5.875,4.519004,4.1863
368,18,90,6.5625,5.06518,4.6653
368,19,105,5.9375,4.60836,4.1982
368,20,120,4.40625,3.4179925,3.0695
368,21,135,2.65625,2.038622,1.7935
368,22,150,1.1875,0.78312,0.601
368,23,165,0.3125,0.146082,0.0794
368,24,180,0,0,0.0107
369,1,-165,0.46875,0.763291,0.3755
369,2,-150,1.4375,1.7377985,1.5398
369,3,-135,3.375,3.764749,3.7663
369,4,-120,5.3125,6.06660725,5.9059
369,5,-105,4.46875,4.02855,3.7478
369,6,-90,1.90625,1.5786645,1.4188
369,7,-75,0.34375,0.26700125,0.2742
369,8,-60,0,0,0
369,9,-45,0.90625,0.8763665,0.8994
369,10,-30,2.84375,2.712306,2.777
369,11,-15,5.28125,4.999418,4.9668
369,12,0,7.25,6.99041275,6.7219
369,13,15,7.53125,7.6556255,7.276
369,14,30,5.875,6.5723095,6.0751
369,15,45,3.0625,4.310674,3.0362
369,16,60,1.09375,2.5008385,1.0327
369,17,75,3.1875,3.86358025,3.9382
369,18,90,4.125,4.6940765,4.944
369,19,105,5.53125,5.8203135,5.9968
369,20,120,7.53125,7.32374075,7.1431
369,21,135,6.34375,5.87145475,5.7158
369,22,150,3.90625,3.64452,3.5706
369,23,165,1.65625,1.68678275,1.5061
369,24,180,0.4375,0.6479565,0.2667
370,1,-165,0.25,0.5169345,0.5298
370,2,-150,0,0,0
370,3,-135,0.375,0.10146675,0.0427
370,4,-120,1.375,0.83539075,0.5814
370,5,-105,2.53125,1.7290135,1.1593
370,6,-90,3.125,2.22743675,1.4094
370,7,-75,2.90625,2.031343,1.2711
370,8,-60,2.09375,1.4463875,0.8971
370,9,-45,1.28125,0.938238,0.5917
370,10,-30,1,0.95511775,0.6197
370,11,-15,1.34375,1.618448,1.1331
370,12,0,1.75,2.18872,1.6014
370,13,15,1.34375,1.61393,1.1288
370,14,30,1,0.95449025,0.6192
370,15,45,1.28125,0.93779875,0.5917
370,16,60,2.09375,1.44519525,0.8962
370,17,75,2.90625,2.03517075,1.2758
370,18,90,3.125,2.2274995,1.4094
370,19,105,2.53125,1.744199,1.1636
370,20,120,1.375,0.835579,0.5814
370,21,135,0.375,0.102408,0.0433
370,22,150,0,0.00031375,0.0005
370,23,165,0.25,0.517311,0.5298
370,24,180,0.53125,0.9358535,0.9808
371,1,-165,0.3125,0.25721225,0.3283
371,2,-150,1.34375,1.076037,1.3238
371,3,-135,3,2.43426075,2.9025
371,4,-120,5.03125,4.15172825,4.7805
371,5,-105,7.03125,5.75794,6.3967
371,6,-90,8,6.4653835,7.0251
371,7,-75,7,5.72901225,6.4004
371,8,-60,4.9375,4.0720985,4.7357
371,9,-45,2.84375,2.333798,2.8348
371,10,-30,1.25,1.005757,1.2761
371,11,-15,0.3125,0.24215225,0.3187
371,12,0,0,0,0
371,13,15,0.3125,0.242215,0.3187
371,14,30,1.25,1.00569425,1.2761
371,15,45,2.84375,2.333798,2.8348
371,16,60,4.9375,4.071973,4.7356
371,17,75,7,5.7299535,6.4022
371,18,90,8,6.4626225,7.0227
371,19,105,7.03125,5.7598225,6.3989
371,20,120,5.03125,4.15122625,4.7799
371,21,135,3,2.43626875,2.9042
371,22,150,1.34375,1.076037,1.3238
371,23,165,0.3125,0.25721225,0.3283
371,24,180,0,0.00156875,0.0013
372,1,-165,0.03125,0.0006275,0.0014
372,2,-150,0.34375,0.14614475,0.1461
372,3,-135,1.125,0.72037,0.7364
372,4,-120,2.3125,1.669401,1.6327
372,5,-105,3.46875,2.5703655,2.4514
372,6,-90,3.9375,2.922644,2.7681
372,7,-75,3.4375,2.53177425,2.4067
372,8,-60,2.3125,1.64335975,1.5886
372,9,-45,1.125,0.71641675,0.7146
372,10,-30,0.34375,0.1467095,0.1392
372,11,-15,0.03125,0,0
372,12,0,0,0.026104,0.0456
372,13,15,0.03125,0.00056475,0.0005
372,14,30,0.34375,0.1467095,0.1392
372,15,45,1.125,0.71691875,0.7151
372,16,60,2.3125,1.6429205,1.5881
372,17,75,3.4375,2.531837,2.4067
372,18,90,3.9375,2.92270675,2.7681
372,19,105,3.46875,2.569989,2.4513
372,20,120,2.3125,1.6695265,1.6327
372,21,135,1.125,0.7207465,0.7364
372,22,150,0.34375,0.14589375,0.1461
372,23,165,0.03125,0.00043925,0.0014
372,24,180,0,0.026355,0.0455
373,1,-165,0.5625,1.70221925,1.5731
373,2,-150,0.25,0.86701675,0.6392
373,3,-135,0.03125,0.2965565,0.1599
373,4,-120,0,0.0410385,0.0153
373,5,-105,0.09375,0,0
373,6,-90,0.09375,0.00922425,0.0005
373,7,-75,0,0.01286375,0.0094
373,8,-60,0,0.0985175,0.0439
373,9,-45,0.0625,0.45976925,0.2839
373,10,-30,0.34375,1.11864425,0.9011
373,11,-15,0.59375,1.838575,1.7609
373,12,0,0.65625,2.091332,2.1311
373,13,15,0.59375,1.838575,1.7609
373,14,30,0.34375,1.11851875,0.9015
373,15,45,0.09375,0.47759025,0.3113
373,16,60,0,0.0985175,0.0439
373,17,75,0.0625,0.01035375,0.0078
373,18,90,0.09375,0.0094125,0.0005
373,19,105,0.09375,0,0
373,20,120,0,0.0410385,0.0153
373,21,135,0.03125,0.296933,0.1599
373,22,150,0.25,0.866201,0.6381
373,23,165,0.5625,1.70623525,1.5789
373,24,180,0.65625,2.08863375,2.1277
374,1,-165,0,0.44270125,0.4286
374,2,-150,0.4375,1.0244565,1.0976
374,3,-135,0.84375,1.50154475,1.7539
374,4,-120,1.0625,1.5648595,2.1235
374,5,-105,0.40625,0.852145,0.8346
374,6,-90,0.125,0.264554,0.2313
374,7,-75,0.25,0,0.1173
374,8,-60,1.28125,0.65994175,0.8294
374,9,-45,3.3125,2.3979285,2.646
374,10,-30,5.75,4.7713845,5.1303
374,11,-15,7.9375,7.0072925,7.42
374,12,0,9.40625,8.58671,8.9585
374,13,15,7.9375,7.00748075,7.4203
374,14,30,5.75,4.76667825,5.1359
374,15,45,3.3125,2.39523025,2.6462
374,16,60,1.28125,0.66395775,0.8292
374,17,75,0.25,6.27E-05,0.1169
374,18,90,0.125,0.2631735,0.2299
374,19,105,0.40625,0.85195675,0.8339
374,20,120,1.0625,1.509012,1.9752
374,21,135,0.84375,1.5011055,1.7459
374,22,150,0.4375,1.01874625,1.0923
374,23,165,0,0.4428895,0.4288
374,24,180,0,0.2370695,0
375,1,-165,2.09375,2.3911515,2.666
375,2,-150,1.625,1.67209925,1.7455
375,3,-135,0.578125,0.63961075,0.8243
375,4,-120,0,0.040411,0.2101
375,5,-105,0.015625,6.27E-05,0
375,6,-90,2.703125,2.3401985,2.3973
375,7,-75,3.640625,3.312698,3.0952
375,8,-60,2.90625,3.04921075,2.8519
375,9,-45,2.390625,2.143289,1.6478
375,10,-30,2.453125,2.14197125,1.9516
375,11,-15,2.53125,2.1022505,2.2518
375,12,0,2.734375,2.144795,2.4698
375,13,15,2.53125,2.1022505,2.2518
375,14,30,2.453125,2.1424105,1.9519
375,15,45,2.796875,2.88944925,2.77
375,16,60,2.09375,1.87076575,1.2988
375,17,75,3.640625,3.31100375,3.0943
375,18,90,0.578125,0.4687425,0.2219
375,19,105,0.015625,0,0
375,20,120,0,0.0420425,0.2117
375,21,135,0.578125,0.6439405,0.827
375,22,150,1.625,1.67109525,1.7435
375,23,165,2.859375,2.8570075,2.7507
375,24,180,3.78125,3.6968535,3.4413
376,1,-165,0.28125,0.15342375,0.1676
376,2,-150,1.125,0.67412325,0.7112
376,3,-135,2.4375,1.569252,1.6064
376,4,-120,3.96875,2.66279625,2.6413
376,5,-105,5.28125,3.59074325,3.4759
376,6,-90,5.84375,3.95381475,3.8328
376,7,-75,5.3125,3.60931725,3.5431
376,8,-60,4.09375,2.76081175,2.7516
376,9,-45,2.75,1.87540925,1.8693
376,10,-30,1.75,1.26384775,1.2191
376,11,-15,1.1875,0.9948385,0.9117
376,12,0,1.03125,0.93428475,0.8326
376,13,15,1.1875,0.99653275,0.9132
376,14,30,1.75,1.2631575,1.219
376,15,45,2.75,1.87553475,1.869
376,16,60,4.09375,2.76445125,2.7552
376,17,75,5.3125,3.61007025,3.5425
376,18,90,5.84375,3.95343825,3.8325
376,19,105,5.28125,3.589802,3.4748
376,20,120,3.96875,2.66354925,2.6412
376,21,135,2.4375,1.569001,1.6062
376,22,150,1.125,0.674688,0.7115
376,23,165,0.28125,0.15354925,0.1676
376,24,180,0,0,0
377,1,-165,7.96875,7.096021,6.6513
377,2,-150,7.125,6.1107205,5.9975
377,3,-135,6.9375,5.77168225,5.8109
377,4,-120,7.34375,6.04138175,6.1041
377,5,-105,7.96875,6.5123205,6.5435
377,6,-90,7.78125,6.30330025,6.3813
377,7,-75,5.9375,4.880444,5.0309
377,8,-60,3.8125,3.1436495,3.199
377,9,-45,2.09375,1.76333775,1.7039
377,10,-30,0.9375,0.88835175,0.7595
377,11,-15,0.3125,0.39024225,0.2577
377,12,0,0,0.08690875,0.0079
377,13,15,0.03125,0,0
377,14,30,0.625,0.3572985,0.4496
377,15,45,1.875,1.33111575,1.5273
377,16,60,3.78125,2.9202595,3.2082
377,17,75,6.03125,4.816439,5.0914
377,18,90,7.8125,6.30342575,6.3815
377,19,105,8.03125,6.62257225,6.5937
377,20,120,7.65625,6.45151575,6.3491
377,21,135,7.625,6.64026775,6.4499
377,22,150,8.34375,7.569156,7.1531
377,23,165,9.40625,8.808092,8.1217
377,24,180,9.09375,8.35974325,7.5115
378,1,-165,2.34375,2.6873315,2.1936
378,2,-150,1.03125,1.27828025,0.9867
378,3,-135,0.1875,0.30126275,0.1405
378,4,-120,0,0.00043925,0.0004
378,5,-105,0.4375,0.365707,0.55
378,6,-90,1.3125,1.261526,1.4285
378,7,-75,2.21875,2.2812135,2.1226
378,8,-60,2.5,2.71500425,2.084
378,9,-45,1.75,2.19367725,1.5577
378,10,-30,0.71875,1.250231,0.9727
378,11,-15,0.1875,0.6113105,0.6313
378,12,0,0.375,0.61099675,0.7589
378,13,15,0.1875,0.6113105,0.6313
378,14,30,0.71875,1.2513605,0.9736
378,15,45,1.75,2.1936145,1.5577
378,16,60,2.5,2.7149415,2.084
378,17,75,2.21875,2.2812135,2.1226
378,18,90,1.3125,1.260271,1.4284
378,19,105,0.4375,0.36639725,0.5506
378,20,120,0,0,0
378,21,135,0.1875,0.3003215,0.1395
378,22,150,1.03125,1.27928425,0.9886
378,23,165,2.34375,2.68839825,2.1954
378,24,180,3.4375,3.50439925,3.1832
379,1,-165,0,0,0
379,2,-150,0.40625,0.17977875,0.2692
379,3,-135,1.5,1.0292255,1.3107
379,4,-120,2.96875,2.25165825,2.8031
379,5,-105,4.25,3.3984145,4.2313
379,6,-90,4.6875,4.141751,5.1168
379,7,-75,4,4.033068,4.8296
379,8,-60,3.03125,3.63303675,4.2185
379,9,-45,2.5,3.50163825,3.9218
379,10,-30,2.59375,3.70093225,3.9507
379,11,-15,2.96875,3.8652745,3.6875
379,12,0,3.0625,3.62726375,3.0188
379,13,15,2.6875,3.050403,2.4087
379,14,30,2.5625,2.69103375,2.3098
379,15,45,2.96875,2.8695575,2.8743
379,16,60,3.875,3.54142175,3.8896
379,17,75,4,4.03388375,4.8301
379,18,90,4.6875,4.11395275,5.0824
379,19,105,4.25,3.3981635,4.2306
379,20,120,2.9375,2.22467575,2.7905
379,21,135,1.5,1.03016675,1.3126
379,22,150,0.40625,0.178461,0.268
379,23,165,0,0.00458075,0.0044
379,24,180,0.3125,0.47156625,0.4423
380,1,-165,4.71875,4.33633875,5.0504
380,2,-150,5.03125,4.93466,5.3003
380,3,-135,5.75,5.71796825,5.8239
380,4,-120,6.3125,6.3835575,6.128
380,5,-105,3.28125,3.0693535,2.0451
380,6,-90,1.21875,1.226637,0.6101
380,7,-75,0,0.00144325,0
380,8,-60,0.09375,0.1617695,0.0466
380,9,-45,1.28125,1.2330375,0.5147
380,10,-30,4.1875,4.41314475,3.9733
380,11,-15,5.40625,5.5956685,4.8843
380,12,0,6.25,6.227059,5.5822
380,13,15,5.40625,5.59573125,4.8843
380,14,30,4.1875,4.41427425,3.9777
380,15,45,1.34375,1.28970075,0.5385
380,16,60,0.09375,0.16471875,0.0407
380,17,75,0,0,0.0005
380,18,90,1.21875,1.21854225,0.5842
380,19,105,3.28125,3.064208,2.0361
380,20,120,6.3125,6.37445875,6.1354
380,21,135,5.75,5.73353025,5.8169
380,22,150,5.03125,4.924871,5.2983
380,23,165,4.71875,4.328495,5.0671
380,24,180,4.90625,4.3424255,5.0698
381,1,-165,0.125,0.325547,0.256
381,2,-150,0.1875,0.382524,0.1951
381,3,-135,2.09375,1.920652,2.2572
381,4,-120,2.59375,2.468585,2.7193
381,5,-105,3.84375,3.726848,3.772
381,6,-90,5.40625,5.58569125,5.1703
381,7,-75,7.15625,7.5702855,6.6993
381,8,-60,7.78125,8.30301725,7.0858
381,9,-45,6.28125,6.39177775,6.7296
381,10,-30,3.5,3.475848,3.8137
381,11,-15,2.15625,2.0284565,2.3619
381,12,0,2.5625,2.2659025,2.6025
381,13,15,2.28125,1.8565215,2.3494
381,14,30,3.03125,3.00302675,3.5327
381,15,45,4.71875,4.96258375,5.5568
381,16,60,7.3125,7.74767975,8.3438
381,17,75,10.5625,11.01959025,11.5954
381,18,90,8.9375,8.7903965,8.6179
381,19,105,6.25,5.80418675,5.8618
381,20,120,3.90625,3.41956125,3.6668
381,21,135,2.46875,2.0086275,2.3966
381,22,150,0.28125,0,0
381,23,165,0,0.24347,0.5344
381,24,180,0.34375,0.114707,0.3052
382,1,-165,2.5625,2.3092,1.5871
382,2,-150,2.6875,2.636755,2.0359
382,3,-135,2.9375,2.9461125,2.5177
382,4,-120,3.1875,3.2071525,2.9611
382,5,-105,3.3125,3.337045,3.2599
382,6,-90,3.125,3.2473125,3.2888
382,7,-75,2.625,2.91913,2.933
382,8,-60,1.875,2.3851275,2.3243
382,9,-45,1.1875,1.78461,1.63
382,10,-30,0.5,1.2167225,1.0282
382,11,-15,0.125,0.7611575,0.6644
382,12,0,0,0,0
382,13,15,0.125,0.7649225,0.6683
382,14,30,0.5,1.213585,1.0219
382,15,45,1.1875,1.7839825,1.63
382,16,60,1.875,2.3851275,2.3243
382,17,75,2.625,2.91913,2.933
382,18,90,3.125,3.2473125,3.2884
382,19,105,3.3125,3.3389275,3.2597
382,20,120,3.1875,3.2058975,2.9604
382,21,135,2.9375,2.94423,2.5154
382,22,150,2.6875,2.6373825,2.0373
382,23,165,2.5625,2.3085725,1.5864
382,24,180,2.5625,1.943995,1.2693
383,1,-165,1.09375,1.40867475,1.4902
383,2,-150,0.21875,0.3954505,0.3608
383,3,-135,0.03125,0.00056475,0.0026
383,4,-120,0.46875,0.209836,0.2592
383,5,-105,1.1875,0.64224625,0.9006
383,6,-90,1.53125,0.86563625,1.2379
383,7,-75,1.09375,0.6474545,0.883
383,8,-60,0.34375,0.185489,0.2251
383,9,-45,0,0.0249745,0.0231
383,10,-30,0.34375,0.53619875,0.5548
383,11,-15,0.90625,1.96903225,1.5857
383,12,0,1.25,2.58599025,2.1939
383,13,15,0.90625,1.96363575,1.5794
383,14,30,0.34375,0.54134425,0.5571
383,15,45,0,0.0239705,0.0233
383,16,60,0.34375,0.184736,0.224
383,17,75,1.34375,0.63321025,1.0876
383,18,90,1.53125,0.85747875,1.2294
383,19,105,1.4375,0.61495,1.0928
383,20,120,0.46875,0.20952225,0.2583
383,21,135,0.03125,0,0
383,22,150,0.21875,0.37367625,0.3832
383,23,165,1.09375,1.4245505,1.491
383,24,180,1.25,2.58279,2.1909
384,1,-165,0.0625,0.02754725,0.4732
384,2,-150,0.3125,0.29523875,0.7585
384,3,-135,0.90625,0.8357045,1.1905
384,4,-120,1.75,1.56467125,1.5664
384,5,-105,2.59375,2.28617075,1.8111
384,6,-90,2.90625,2.62978975,1.9826
384,7,-75,2.375,2.2044075,1.8888
384,8,-60,1.53125,1.454796,1.5965
384,9,-45,0.96875,0.95097625,1.1751
384,10,-30,0.25,0.2330535,0.7116
384,11,-15,0.03125,0.01964075,0.4554
384,12,0,0,0,0
384,13,15,0.125,0.03583025,0.0863
384,14,30,0.8125,0.63484175,0.8069
384,15,45,1.375,1.22682525,1.2029
384,16,60,2.46875,2.279331,2.0655
384,17,75,3.71875,3.388751,2.9743
384,18,90,6.375,6.29940975,5.6054
384,19,105,4.0625,3.544622,3.0303
384,20,120,2.78125,2.4576665,2.1407
384,21,135,1.59375,1.3607965,1.2913
384,22,150,0.6875,0.520323,0.55
384,23,165,0.15625,0.0465605,0.0999
384,24,180,0,0.004267,0.0079
385,1,-165,0.28125,0.20914575,0.2569
385,2,-150,1.15625,0.84053625,1.0049
385,3,-135,2.40625,1.778586,2.05
385,4,-120,3.8125,2.80561525,3.149
385,5,-105,5.0625,3.64954,4.0099
385,6,-90,5.625,4.02371825,4.3826
385,7,-75,5.15625,3.75012825,4.0772
385,8,-60,3.9375,2.98922175,3.2646
385,9,-45,2.5625,2.01057275,2.2493
385,10,-30,1.375,1.1266135,1.2795
385,11,-15,0.625,0.56117325,0.6291
385,12,0,0.375,0.374492,0.4042
385,13,15,0.625,0.558224,0.6255
385,14,30,1.375,1.124982,1.2782
385,15,45,2.5625,2.01057275,2.2493
385,16,60,3.9375,2.9905395,3.2659
385,17,75,5.15625,3.75012825,4.0772
385,18,90,5.625,4.023781,4.3826
385,19,105,5.0625,3.6441435,4.0045
385,20,120,3.8125,2.805678,3.149
385,21,135,2.40625,1.778586,2.05
385,22,150,1.15625,0.8404735,1.0048
385,23,165,0.28125,0.20914575,0.2569
385,24,180,0,0,0
386,1,-165,0.4375,0.78757525,0.901
386,2,-150,0,0.049949,0.1247
386,3,-135,0.3125,0.03193975,0.004
386,4,-120,1.28125,0.66634225,0.468
386,5,-105,2.375,1.4790175,0.9935
386,6,-90,3.1875,2.0999915,1.1682
386,7,-75,2.3125,1.48146475,1.0578
386,8,-60,1.15625,0.63007275,0.4844
386,9,-45,0.21875,0,0
386,10,-30,0.03125,0.11715425,0.1991
386,11,-15,0.5,0.8884145,1.0083
386,12,0,0.9375,1.4744995,1.6544
386,13,15,0.5,0.88847725,1.0083
386,14,30,0.03125,0.11690325,0.199
386,15,45,0.21875,0.00181975,0.0013
386,16,60,1.15625,0.63252,0.4891
386,17,75,2.3125,1.48573175,1.0622
386,18,90,3.1875,2.1004935,1.1669
386,19,105,2.375,1.47820175,0.991
386,20,120,1.28125,0.66358125,0.4625
386,21,135,0.3125,0.03012,0.0016
386,22,150,0,0.05001175,0.1247
386,23,165,0.4375,0.78581825,0.899
386,24,180,0.9375,1.4719895,1.6521
387,1,-165,1.84375,1.594101,1.3516
387,2,-150,1,0.855408,0.8005
387,3,-135,0.28125,0.22922575,0.2576
387,4,-120,0,0.015311,0
387,5,-105,0.34375,0.33138275,0.1582
387,6,-90,1.1875,1.0437835,0.668
387,7,-75,2,1.713577,1.2496
387,8,-60,2.875,2.7121805,1.9092
387,9,-45,2.6875,2.27550325,1.6625
387,10,-30,1.90625,1.31969525,1.0811
387,11,-15,1.125,0.43090425,0.524
387,12,0,0.75,0,0.25
387,13,15,1.125,0.43090425,0.524
387,14,30,1.90625,1.319507,1.0813
387,15,45,2.6875,2.27537775,1.6625
387,16,60,2.875,2.712306,1.9095
387,17,75,2,1.71589875,1.2526
387,18,90,1.1875,1.04397175,0.668
387,19,105,0.34375,0.3314455,0.1582
387,20,120,0,0.01549925,0
387,21,135,0.28125,0.2287865,0.2576
387,22,150,1,0.85672575,0.8015
387,23,165,1.84375,1.59378725,1.3516
387,24,180,2.25,1.9677145,1.5594
388,1,-165,0.0625,0,0.0287
388,2,-150,0.4375,0.166664,0.2743
388,3,-135,1.375,0.79096375,0.8991
388,4,-120,2.6875,1.7714325,1.7317
388,5,-105,3.96875,2.735649,2.4433
388,6,-90,4.53125,3.151054,2.76
388,7,-75,3.96875,2.73157025,2.4564
388,8,-60,2.65625,1.78461,1.7712
388,9,-45,1.34375,0.7867595,0.9226
388,10,-30,0.4375,0.16233425,0.2812
388,11,-15,0.0625,0.003765,0.0327
388,12,0,0,0.03143775,0
388,13,15,0.0625,0.00382775,0.0327
388,14,30,0.4375,0.16233425,0.2812
388,15,45,1.34375,0.7867595,0.9226
388,16,60,2.65625,1.78329225,1.7697
388,17,75,3.96875,2.73157025,2.4564
388,18,90,4.53125,3.151054,2.76
388,19,105,3.96875,2.735649,2.4433
388,20,120,2.6875,1.7714325,1.7317
388,21,135,1.375,0.78770075,0.8946
388,22,150,0.4375,0.16697775,0.2747
388,23,165,0.0625,0,0.0287
388,24,180,0,0.03369675,0.0018
389,1,-165,2.21875,2.57318925,2.0968
389,2,-150,2.8125,3.0859195,2.6975
389,3,-135,4.3125,4.427891,4.1632
389,4,-120,6.5625,6.4550925,6.2752
389,5,-105,8.625,8.4221795,7.5884
389,6,-90,11.5,11.0815245,9.8864
389,7,-75,8.25,8.251374,7.4659
389,8,-60,6.21875,6.1912915,6.0353
389,9,-45,4.03125,4.1940845,3.8879
389,10,-30,2.6875,2.97943275,2.5624
389,11,-15,2.21875,2.57243625,2.0907
389,12,0,0,0.0003765,0.0006
389,13,15,2.21875,2.5726245,2.0904
389,14,30,2.6875,2.979119,2.5624
389,15,45,4.03125,4.19515125,3.8892
389,16,60,6.21875,6.1910405,6.0352
389,17,75,8.25,8.2404555,7.4555
389,18,90,11.5,11.08196375,9.8866
389,19,105,8.625,8.429333,7.5973
389,20,120,6.5625,6.46576,6.2848
389,21,135,4.3125,4.42757725,4.1626
389,22,150,2.8125,3.087049,2.6986
389,23,165,2.21875,2.57331475,2.0967
389,24,180,0,0,0
390,1,-165,2.59375,1.71778125,1.5041
390,2,-150,2.71875,1.48899475,1.6703
390,3,-135,3.5,1.82508375,2.3999
390,4,-120,4.53125,2.40288575,3.2015
390,5,-105,5.375,2.93086425,3.8601
390,6,-90,5.78125,3.58710375,4.3711
390,7,-75,5.71875,4.3562305,4.5763
390,8,-60,3.40625,1.78304125,2.1267
390,9,-45,1.625,0.58690075,0.7853
390,10,-30,0.46875,0,0
390,11,-15,0,0.03733625,0.124
390,12,0,0.28125,0.55471,0.945
390,13,15,0,0.037399,0.124
390,14,30,0.46875,0.0013805,0.0014
390,15,45,1.65625,0.59141875,0.7821
390,16,60,3.40625,1.774821,2.1198
390,17,75,5.71875,4.3562305,4.5763
390,18,90,5.78125,3.590053,4.3695
390,19,105,5.375,2.9333115,3.8633
390,20,120,4.53125,2.402823,3.2015
390,21,135,3.5,1.82458175,2.3994
390,22,150,2.71875,1.48773975,1.6689
390,23,165,2.59375,1.71702825,1.5031
390,24,180,3.25,2.576766,2.1938
391,1,-165,0,0,1.0765
391,2,-150,1.375,0.94808975,2.2717
391,3,-135,3.46875,2.5625845,4.1119
391,4,-120,6.40625,4.962772,6.54
391,5,-105,10,7.77993325,8.8537
391,6,-90,12.46875,9.40013825,10.026
391,7,-75,11.625,8.7730775,9.0852
391,8,-60,8.90625,6.764952,7.0614
391,9,-45,6.03125,4.3850955,4.7464
391,10,-30,3.75,2.48521375,2.6313
391,11,-15,2.4375,1.41796175,1.3122
391,12,0,2.03125,1.06166725,0.8672
391,13,15,2.4375,1.42524075,1.3161
391,14,30,3.75,2.485151,2.6302
391,15,45,6.03125,4.38817025,4.7497
391,16,60,8.90625,6.76551675,7.0619
391,17,75,11.625,8.75908425,9.0714
391,18,90,12.46875,9.39913425,10.0325
391,19,105,9.96875,7.78344725,8.8837
391,20,120,6.46875,5.013725,6.5556
391,21,135,3.46875,2.57042825,4.1198
391,22,150,1.375,0.94808975,2.2717
391,23,165,0,0.0013805,1.0783
391,24,180,0.90625,0.402855,0
392,1,-165,0,0.23123375,0.108
392,2,-150,0.0625,0.00043925,0.0043
392,3,-135,0.84375,0.440003,0.5132
392,4,-120,2.3125,1.542897,1.572
392,5,-105,3.84375,2.78001325,2.6147
392,6,-90,4.53125,3.35085,3.008
392,7,-75,3.84375,2.82456575,2.5936
392,8,-60,2.3125,1.59366175,1.5737
392,9,-45,0.84375,0.458577,0.5104
392,10,-30,0.0625,0.00244725,0.0018
392,11,-15,0,0.23725775,0.1116
392,12,0,0.125,0.5068945,0.3091
392,13,15,0,0.237195,0.1116
392,14,30,0.0625,0.000753,0
392,15,45,0.84375,0.45851425,0.5104
392,16,60,2.3125,1.59366175,1.5737
392,17,75,3.84375,2.82456575,2.5936
392,18,90,4.53125,3.35085,3.008
392,19,105,3.84375,2.780076,2.6147
392,20,120,2.28125,1.542395,1.5712
392,21,135,0.84375,0.4408815,0.5138
392,22,150,0.0625,0,0.0043
392,23,165,0,0.2310455,0.108
392,24,180,0.125,0.50702,0.3091
393,1,-165,0.4375,0.39664275,0.3602
393,2,-150,1.625,1.4727425,1.3718
393,3,-135,3.25,2.96537675,2.8541
393,4,-120,4.9375,4.52496525,4.4834
393,5,-105,6.28125,5.72098025,5.8386
393,6,-90,6.90625,6.2286905,6.5468
393,7,-75,6.71875,6.02958475,6.4932
393,8,-60,6.125,5.50010025,5.9595
393,9,-45,5.625,5.1022025,5.357
393,10,-30,5.53125,5.086264,4.9676
393,11,-15,5.6875,5.35364175,4.8167
393,12,0,5.78125,5.52645525,4.7921
393,13,15,5.6875,5.353579,4.8167
393,14,30,5.53125,5.086264,4.9676
393,15,45,5.625,5.1022025,5.357
393,16,60,6.125,5.500163,5.9595
393,17,75,6.71875,6.02958475,6.4932
393,18,90,6.90625,6.2286905,6.5468
393,19,105,6.28125,5.72098025,5.8386
393,20,120,4.9375,4.524526,4.483
393,21,135,3.25,2.965314,2.8541
393,22,150,1.625,1.47142475,1.3706
393,23,165,0.4375,0.3967055,0.3602
393,24,180,0,0,0
394,1,-165,0.5,0.347635,0.3797
394,2,-150,1.9375,1.5831825,1.6655
394,3,-135,3.875,3.685935,3.7191
394,4,-120,7,6.5605125,6.4906
394,5,-105,10.9375,10.02243,9.7544
394,6,-90,15.3125,13.67197,13.0951
394,7,-75,15,13.126045,12.7241
394,8,-60,12.4375,10.3204925,10.0072
394,9,-45,10.75,8.3488875,8.2054
394,10,-30,10.0625,7.3499075,7.4862
394,11,-15,10.0625,7.11585,7.5476
394,12,0,10.5625,7.42709,8.0821
394,13,15,10.0625,7.1114575,7.5429
394,14,30,10.0625,7.350535,7.4867
394,15,45,10.75,8.3488875,8.2037
394,16,60,12.4375,10.304805,9.9879
394,17,75,15,13.1254175,12.7255
394,18,90,15.25,13.730955,13.1271
394,19,105,10.9375,10.0356075,9.762
394,20,120,7,6.57118,6.5031
394,21,135,3.875,3.675895,3.6985
394,22,150,1.625,1.615185,1.6494
394,23,165,0.5625,0.302455,0.3571
394,24,180,0,0,0
395,1,-165,1.5,0.789395,0.9363
395,2,-150,1.15625,0.5553375,0.7464
395,3,-135,0.46875,0.24052075,0.1833
395,4,-120,0,0.00997725,0.0328
395,5,-105,0.0625,0.11138125,0.3129
395,6,-90,0.5625,0.42789225,0.8321
395,7,-75,0.0625,0.13196325,0.3452
395,8,-60,0.03125,0.00031375,0.0001
395,9,-45,0.5625,0.23838725,0.1446
395,10,-30,1.1875,0.56845225,0.6893
395,11,-15,1.53125,0.802949,0.9367
395,12,0,1.6875,0.95474125,0.994
395,13,15,1.53125,0.80338825,0.9371
395,14,30,1.1875,0.5781785,0.7143
395,15,45,0.5625,0.2370695,0.1443
395,16,60,0.03125,0,0
395,17,75,0.0625,0.13008075,0.3429
395,18,90,0.5625,0.42839425,0.8331
395,19,105,0.0625,0.11426775,0.3162
395,20,120,0.3125,0.21014975,0.4466
395,21,135,0.46875,0.24152475,0.1842
395,22,150,1.15625,0.55414525,0.7517
395,23,165,1.5,0.78883025,0.9359
395,24,180,1.6875,0.96540875,1.0179
396,1,-165,0.34375,0.26260875,0.2931
396,2,-150,1.3125,1.01460475,1.1251
396,3,-135,2.71875,2.06466325,2.2834
396,4,-120,4.15625,3.12877775,3.4621
396,5,-105,5.34375,3.9034265,4.3269
396,6,-90,5.78125,4.1185335,4.5703
396,7,-75,5.1875,3.67909525,4.1487
396,8,-60,3.9375,2.820738,3.248
396,9,-45,2.59375,1.8914105,2.215
396,10,-30,1.53125,1.183967,1.3461
396,11,-15,0.875,0.78920675,0.7976
396,12,0,0.6875,0.6798335,0.6239
396,13,15,0.875,0.78920675,0.7976
396,14,30,1.53125,1.186979,1.3484
396,15,45,2.59375,1.8914105,2.215
396,16,60,3.9375,2.820738,3.248
396,17,75,5.1875,3.67909525,4.1487
396,18,90,5.78125,4.11897275,4.5722
396,19,105,5.34375,3.9034265,4.3269
396,20,120,4.15625,3.12877775,3.4621
396,21,135,2.71875,2.064726,2.2833
396,22,150,1.3125,1.025084,1.134
396,23,165,0.34375,0.26260875,0.2931
396,24,180,0,0,0
397,1,-165,0.9375,1.629241,1.3895
397,2,-150,0.3125,0.79372475,0.7817
397,3,-135,0,0.02541375,0.1687
397,4,-120,0.4375,0.01687975,0.1876
397,5,-105,1.9375,1.18653975,1.2136
397,6,-90,4.0625,3.201003,3.0618
397,7,-75,5.875,5.03524825,4.7589
397,8,-60,6.25,5.54151525,5.2361
397,9,-45,3.25,3.19303375,3.383
397,10,-30,1.125,1.18478275,1.3216
397,11,-15,0,0,0.1685
397,12,0,0.5,0.7282765,0.816
397,13,15,0.3125,0.46955825,0.179
397,14,30,1.0625,1.4827825,1.3746
397,15,45,2.3125,2.56766725,2.6606
397,16,60,4.25,4.22878525,4.4559
397,17,75,6.8125,6.42804725,6.5128
397,18,90,9.125,8.29548725,7.6955
397,19,105,10.25,9.051311,7.64
397,20,120,1.3125,0.968358,0.5972
397,21,135,0.3125,0.33753225,0
397,22,150,0.4375,0.96829525,0.6719
397,23,165,1.125,2.0666085,1.7144
397,24,180,1.5,2.3668045,1.8151
398,1,-165,0.0625,0.0194525,0.1314
398,2,-150,0,0.096384,0
398,3,-135,0.0625,0.27189575,0.0599
398,4,-120,0.3125,0.5957485,0.3407
398,5,-105,0.84375,1.1499565,0.9104
398,6,-90,1.53125,1.9222835,1.6854
398,7,-75,0.8125,1.1848455,0.9422
398,8,-60,0.28125,0.60058025,0.3562
398,9,-45,0.0625,0.2516275,0.0558
398,10,-30,0.03125,0.082579,0.0053
398,11,-15,0.09375,0.0109185,0.143
398,12,0,0.125,0.00169425,0.3276
398,13,15,0.09375,0.01562475,0.148
398,14,30,0.03125,0.0824535,0.0053
398,15,45,0.0625,0.25018425,0.0561
398,16,60,0.28125,0.597882,0.3512
398,17,75,0.8125,1.1868535,0.9447
398,18,90,1.53125,1.91983625,1.6816
398,19,105,0.84375,1.14600325,0.9068
398,20,120,0.3125,0.59694075,0.3387
398,21,135,0.0625,0.27038975,0.0583
398,22,150,0,0.09632125,0.0007
398,23,165,0.0625,0.0192015,0.1311
398,24,180,0.125,0,0.3274
399,1,-165,1.4375,0.8869085,1.4985
399,2,-150,1.5625,0.98586525,1.6322
399,3,-135,2.3125,1.475127,2.3656
399,4,-120,3.1875,1.92724075,2.9765
399,5,-105,3.75,1.95899225,3.1824
399,6,-90,3.5,1.67824875,3.0847
399,7,-75,2.5625,1.1610005,2.4271
399,8,-60,1.375,0.4913325,1.3118
399,9,-45,0.375,0.0001255,0.2378
399,10,-30,0,0.06344025,0
399,11,-15,0.25,0.5292335,0.547
399,12,0,0.9375,1.406353,1.784
399,13,15,0.25,0.52854325,0.5465
399,14,30,0,0.06331475,0.0003
399,15,45,0.375,0,0.2378
399,16,60,1.375,0.49089325,1.3118
399,17,75,2.5625,1.16106325,2.4271
399,18,90,3.5,1.67849975,3.0853
399,19,105,3.75,1.95961975,3.1852
399,20,120,3.1875,1.91443975,2.9626
399,21,135,2.3125,1.47732325,2.3661
399,22,150,1.5625,0.980406,1.6276
399,23,165,1.4375,0.8274215,1.4828
399,24,180,2,1.45121925,2.0998
400,1,-165,0.0625,0.13572825,0.0047
400,2,-150,0.25,0.48599875,0.1369
400,3,-135,0.65625,1.03619075,0.5055
400,4,-120,1.3125,1.7583805,1.1264
400,5,-105,2.09375,2.67998975,1.908
400,6,-90,2.75,3.54405725,2.7826
400,7,-75,2.03125,2.655329,1.8838
400,8,-60,1.21875,1.7513525,1.1472
400,9,-45,0.59375,1.00393725,0.5053
400,10,-30,0.21875,0.44383075,0.124
400,11,-15,0.0625,0.11665225,0.0017
400,12,0,0,0.002761,0.0073
400,13,15,0.0625,0.11715425,0
400,14,30,0.21875,0.44383075,0.124
400,15,45,0.59375,1.00343525,0.5043
400,16,60,1.21875,1.750976,1.147
400,17,75,2.03125,2.65438775,1.8828
400,18,90,2.75,3.54455925,2.7822
400,19,105,2.09375,2.680429,1.9083
400,20,120,1.3125,1.75844325,1.1264
400,21,135,0.65625,1.039893,0.51
400,22,150,0.25,0.4855595,0.1365
400,23,165,0.0625,0.135289,0.0046
400,24,180,0,0,0.0055
401,1,-165,0.03125,0.00069025,0.0005
401,2,-150,0.625,0.63057475,0.6794
401,3,-135,1.21875,1.2965405,1.237
401,4,-120,1.28125,1.38621025,1.2725
401,5,-105,0.875,1.00004675,0.8886
401,6,-90,0.34375,0.43404175,0.2721
401,7,-75,0,0.1665385,0.132
401,8,-60,0.3125,0.64952525,0.8446
401,9,-45,1,1.38621025,1.6962
401,10,-30,1.75,2.3083215,2.4119
401,11,-15,2.375,3.17747175,2.975
401,12,0,3.375,4.89920625,4.3087
401,13,15,2.375,3.174648,2.9712
401,14,30,1.75,2.30926275,2.4058
401,15,45,0.96875,1.3871515,1.6951
401,16,60,0.3125,0.649086,0.8442
401,17,75,0,0.164656,0.1304
401,18,90,0.34375,0.4361125,0.2745
401,19,105,0.875,0.97645275,0.8717
401,20,120,1.28125,1.3848925,1.2714
401,21,135,1.21875,1.296164,1.2361
401,22,150,0.625,0.639548,0.6842
401,23,165,0.03125,0,0
401,24,180,0.5,1.19607775,0.8461
402,1,-165,3.09375,3.30924675,2.7148
402,2,-150,2.3125,2.6526935,2.0984
402,3,-135,1.46875,1.83399425,1.2338
402,4,-120,0.875,1.45460775,0.7731
402,5,-105,0.40625,1.33952425,0.4252
402,6,-90,0,0.199043,0.416
402,7,-75,0,0.0053965,0.0014
402,8,-60,0.78125,0.634026,0.1053
402,9,-45,2,1.84629325,0.7285
402,10,-30,3.375,3.110894,1.9473
402,11,-15,4.4375,3.9862565,2.9428
402,12,0,4.78125,4.17820875,3.1833
402,13,15,4.4375,3.98217775,2.9393
402,14,30,3.34375,3.1172945,1.9521
402,15,45,2,1.8417125,0.7257
402,16,60,0.78125,0.6404265,0.1086
402,17,75,0,0,0
402,18,90,0,0.2277825,0.4199
402,19,105,0.40625,1.338332,0.4245
402,20,120,0.875,1.454294,0.7733
402,21,135,1.46875,1.836316,1.2363
402,22,150,2.3125,2.6499325,2.0955
402,23,165,3.09375,3.30836825,2.7144
402,24,180,3.5,3.75803475,3.2025
403,1,-165,6.09375,7.308618,6.7882
403,2,-150,4.40625,4.5610465,4.0226
403,3,-135,3.21875,2.78515875,2.2952
403,4,-120,3.375,2.634747,2.3554
403,5,-105,4.4375,3.63579775,3.3627
403,6,-90,0,0,0
403,7,-75,4.4375,3.65725825,3.3778
403,8,-60,3.40625,2.63857475,2.3567
403,9,-45,3.21875,2.7997795,2.3028
403,10,-30,4.4375,4.62109825,4.0282
403,11,-15,7.125,7.99240475,7.4725
403,12,0,8.3125,10.569359,10.197
403,13,15,7.15625,7.98173725,7.4603
403,14,30,3.09375,3.7457985,3.1082
403,15,45,3.21875,2.79758325,2.3013
403,16,60,3.40625,2.6378845,2.3563
403,17,75,4.4375,3.6541835,3.3765
403,18,90,0,0.0023845,0.0021
403,19,105,4.4375,3.63705275,3.3639
403,20,120,3.375,2.63405675,2.3549
403,21,135,3.21875,2.78917475,2.2982
403,22,150,4.40625,4.55508525,4.0178
403,23,165,6.09375,7.3253095,6.8089
403,24,180,9.625,11.512617,11.2869
404,1,-165,0.1875,0.12255075,0.1163
404,2,-150,0.78125,0.596376,0.5786
404,3,-135,1.90625,1.499725,1.4463
404,4,-120,3.375,2.729876,2.5694
404,5,-105,4.8125,3.9034265,3.6063
404,6,-90,5.46875,4.40235175,4.0828
404,7,-75,4.8125,3.910078,3.6121
404,8,-60,3.375,2.747697,2.5859
404,9,-45,1.90625,1.51221225,1.4582
404,10,-30,0.78125,0.59116775,0.5757
404,11,-15,0.1875,0.1256255,0.1201
404,12,0,0,6.28E-05,0
404,13,15,0.1875,0.12568825,0.1201
404,14,30,0.78125,0.59104225,0.5757
404,15,45,1.90625,1.51070625,1.4571
404,16,60,3.375,2.747697,2.5859
404,17,75,4.8125,3.9107055,3.613
404,18,90,5.46875,4.40159875,4.0829
404,19,105,4.8125,3.90901125,3.6117
404,20,120,3.375,2.729876,2.5694
404,21,135,1.90625,1.499725,1.4463
404,22,150,0.78125,0.5970035,0.5791
404,23,165,0.1875,0.12255075,0.1163
404,24,180,0,0,0
405,1,-165,0,0.00658875,0.0222
405,2,-150,0.28125,0.16195775,0.0683
405,3,-135,1.4375,1.13408075,0.9052
405,4,-120,4.71875,4.49039,4.2703
405,5,-105,3.9375,3.45733675,3.5161
405,6,-90,3.625,3.03352325,3.2251
405,7,-75,3.34375,2.7882335,3.0011
405,8,-60,2.65625,2.21300425,2.2562
405,9,-45,1.375,1.099129,1.0159
405,10,-30,0.25,0.15179225,0.1146
405,11,-15,0,0,0
405,12,0,0.9375,1.0322375,0.9547
405,13,15,0,0.0023845,0.0006
405,14,30,0.25,0.15166675,0.114
405,15,45,1.375,1.0992545,1.0159
405,16,60,4.9375,4.72237675,4.3881
405,17,75,4.03125,3.5399785,3.5492
405,18,90,3.625,3.03415075,3.2255
405,19,105,3.9375,3.45758775,3.5161
405,20,120,4.71875,4.4987985,4.2771
405,21,135,1.4375,1.1336415,0.9015
405,22,150,0.28125,0.1637775,0.0701
405,23,165,0,0.00922425,0.0263
405,24,180,1.0625,1.13734375,1.0991
406,1,-165,0,0.07925325,0.1838
406,2,-150,0.03125,0.2955525,0.0078
406,3,-135,0.21875,0.6233585,0.0048
406,4,-120,0.40625,0.88672025,0.1151
406,5,-105,0.5625,1.04271675,0.4715
406,6,-90,0.625,1.16821675,0.9959
406,7,-75,0.8125,1.4343395,1.5658
406,8,-60,1.21875,1.93037825,2.2224
406,9,-45,1.78125,2.44317125,2.7107
406,10,-30,2.28125,2.8218675,2.8655
406,11,-15,2.625,3.11911425,2.91
406,12,0,2.78125,3.241163,2.7267
406,13,15,2.625,3.11923975,2.9102
406,14,30,2.28125,2.82117725,2.8647
406,15,45,1.78125,2.4413515,2.7089
406,16,60,1.21875,1.9308175,2.2228
406,17,75,0.8125,1.4340885,1.5656
406,18,90,0.625,1.16821675,0.9959
406,19,105,0.5625,1.04196375,0.4701
406,20,120,0.4375,0.885528,0.114
406,21,135,0.21875,0.62304475,0
406,22,150,0.03125,0.2809945,0.0174
406,23,165,0,0.08766175,0.1879
406,24,180,0.03125,0,0.2329
407,1,-165,0.4375,0.367213,0.4384
407,2,-150,1.8125,1.61399275,1.847
407,3,-135,4.125,3.733374,4.0852
407,4,-120,7.1875,6.58931475,6.9301
407,5,-105,10.78125,9.8410825,10.0025
407,6,-90,13.25,12.22250775,11.6171
407,7,-75,10.9375,9.75304425,9.1315
407,8,-60,9.28125,7.9420165,7.3834
407,9,-45,8.40625,6.90846125,6.3966
407,10,-30,8.15625,6.5562455,6.0369
407,11,-15,8.4375,6.68406725,6.1123
407,12,0,9.125,7.23074525,6.5594
407,13,15,8.4375,6.679863,6.1083
407,14,30,8.15625,6.55517875,6.0355
407,15,45,8.40625,6.912791,6.4008
407,16,60,9.25,7.9174185,7.3637
407,17,75,10.9375,9.7484635,9.1285
407,18,90,13.25,12.219935,11.6153
407,19,105,10.78125,9.833929,9.9908
407,20,120,7.1875,6.58931475,6.9321
407,21,135,4.125,3.73544475,4.0884
407,22,150,1.8125,1.6115455,1.8454
407,23,165,0.4375,0.37066425,0.4425
407,24,180,0,0,0
408,1,-165,0.25,0.09280725,0.0087
408,2,-150,0.9375,0.47821775,0.0013
408,3,-135,2.0625,1.186979,0.3888
408,4,-120,3.34375,2.0472815,1.067
408,5,-105,4.3125,2.673903,1.681
408,6,-90,4.59375,2.80159925,1.948
408,7,-75,3.9375,2.34214375,1.7297
408,8,-60,2.84375,1.62553875,1.0279
408,9,-45,1.96875,1.1238525,0.4474
408,10,-30,1.625,1.1228485,0.3972
408,11,-15,1.65625,1.454545,0.7835
408,12,0,1.71875,1.6645065,1.0401
408,13,15,1.65625,1.45435675,0.7825
408,14,30,1.625,1.12278575,0.3972
408,15,45,1.96875,1.13044125,0.4536
408,16,60,2.84375,1.6235935,1.0263
408,17,75,3.9375,2.345344,1.7322
408,18,90,4.59375,2.80159925,1.948
408,19,105,4.3125,2.67371475,1.6812
408,20,120,3.34375,2.048662,1.069
408,21,135,2.0625,1.184971,0.3871
408,22,150,0.9375,0.4769,0
408,23,165,0.25,0.0927445,0.0087
408,24,180,0,0,0.0972
409,1,-165,0.25,0.25056075,0.3204
409,2,-150,1.125,0.95398825,1.199
409,3,-135,2.4375,2.03366475,2.46
409,4,-120,3.9375,3.26983975,3.8269
409,5,-105,5.1875,4.319208,4.9314
409,6,-90,5.625,4.693951,5.3946
409,7,-75,5,4.19690825,4.9486
409,8,-60,3.625,3.09539475,3.8319
409,9,-45,2.25,1.91556925,2.5403
409,10,-30,1.125,0.973378,1.4222
409,11,-15,0.5,0.40229025,0.6972
409,12,0,0.25,0.21780525,0.4552
409,13,15,0.5,0.399843,0.695
409,14,30,1.125,0.97695475,1.4254
409,15,45,2.25,1.91556925,2.5403
409,16,60,3.625,3.09539475,3.8319
409,17,75,5,4.196971,4.9486
409,18,90,5.625,4.69388825,5.3946
409,19,105,5.1875,4.31914525,4.9314
409,20,120,3.9375,3.26971425,3.8269
409,21,135,2.4375,2.033602,2.46
409,22,150,1.125,0.954051,1.199
409,23,165,0.25,0.25056075,0.3204
409,24,180,0,0,0
410,1,-165,0.0625,0.680461,0.5724
410,2,-150,0,0.18028075,0.1489
410,3,-135,0.34375,0.0021335,0
410,4,-120,1.09375,0.30954575,0.2339
410,5,-105,2,0.875237,0.6336
410,6,-90,2.4375,1.202039,0.7764
410,7,-75,2.03125,0.912385,0.6587
410,8,-60,1.0625,0.30414925,0.2598
410,9,-45,0.28125,6.28E-05,0.0292
410,10,-30,0,0.216362,0.1795
410,11,-15,0.0625,0.713844,0.5987
410,12,0,0.21875,1.1025175,0.5452
410,13,15,0.25,0.97770775,0.3899
410,14,30,0.5,0.836583,0.2886
410,15,45,0.28125,0,0.0292
410,16,60,1.0625,0.3025805,0.2587
410,17,75,2.03125,0.9105025,0.6564
410,18,90,2.4375,1.1986505,0.7745
410,19,105,2,0.87668025,0.6363
410,20,120,1.09375,0.308479,0.234
410,21,135,0.34375,0.00269825,0.0009
410,22,150,0,0.17952775,0.1481
410,23,165,0.0625,0.68366125,0.5745
410,24,180,0.15625,0.9998585,0.89
411,1,-165,2.71875,2.54884225,2.1836
411,2,-150,3.6875,3.1735185,2.5359
411,3,-135,3.5625,3.019781,2.305
411,4,-120,2.21875,1.9152555,1.6137
411,5,-105,0.75,0.92298975,0.4623
411,6,-90,0,0.321782,0
411,7,-75,0.09375,0,0.1369
411,8,-60,1.53125,1.2272645,0.4062
411,9,-45,1.90625,1.70372525,0.9529
411,10,-30,3.3125,3.201505,2.5588
411,11,-15,4.71875,4.1423785,3.1552
411,12,0,4.59375,4.2648665,3.7884
411,13,15,4.71875,4.14080975,3.1508
411,14,30,3.3125,3.19843025,2.5564
411,15,45,1.90625,1.70560775,0.9512
411,16,60,1.53125,1.22808025,0.4037
411,17,75,0.09375,0.00320025,0.1387
411,18,90,0,0.321782,0
411,19,105,0.78125,0.89161475,0.4248
411,20,120,2.21875,1.9167615,1.6147
411,21,135,3.5625,3.021789,2.2877
411,22,150,3.6875,3.171385,2.5308
411,23,165,2.96875,2.435202,2.029
411,24,180,2.4375,2.2342765,1.8558
412,1,-165,8.59375,7.993095,6.8957
412,2,-150,7.875,7.356057,6.6434
412,3,-135,7,6.640205,6.1636
412,4,-120,6.09375,5.90872825,5.6645
412,5,-105,5.25,5.19068,5.1566
412,6,-90,4.53125,4.53701325,4.6504
412,7,-75,3.84375,3.9275225,4.1069
412,8,-60,2.9375,3.04506925,3.1688
412,9,-45,1.59375,1.7526075,1.9876
412,10,-30,0.4375,0.583575,0.8618
412,11,-15,0,0,0.1625
412,12,0,0.28125,0.08213975,0
412,13,15,1.0625,0.718362,0.3978
412,14,30,2.09375,1.76998925,1.2142
412,15,45,3.40625,3.1027365,2.1542
412,16,60,5.09375,4.7224395,3.3234
412,17,75,6.71875,6.203465,4.4727
412,18,90,8.15625,7.522219,5.5348
412,19,105,9.5625,8.86688875,6.5657
412,20,120,10.5,10.005864,7.8461
412,21,135,10.5,10.04671425,7.6814
412,22,150,10.25,9.88996475,7.444
412,23,165,9.75,9.47179875,7.7381
412,24,180,9.15625,8.69219275,7.398
413,1,-165,0.625,1.162632,0.8783
413,2,-150,0,0.1266295,0.0591
413,3,-135,0.34375,0.0279865,0.0418
413,4,-120,1.53125,0.7634165,0.7295
413,5,-105,2.84375,1.728888,1.4927
413,6,-90,3.375,2.18150375,1.7792
413,7,-75,2.78125,1.73058225,1.5051
413,8,-60,1.4375,0.72896675,0.6804
413,9,-45,0.28125,0,0
413,10,-30,0,0.17099375,0.0971
413,11,-15,0.625,1.2046745,0.9339
413,12,0,1.28125,2.09101825,1.6
413,13,15,0.625,1.2044235,0.9339
413,14,30,0,0.17701775,0.1026
413,15,45,0.28125,0,0
413,16,60,1.4375,0.73448875,0.6855
413,17,75,2.78125,1.731147,1.5056
413,18,90,3.375,2.18225675,1.7792
413,19,105,2.84375,1.731398,1.4959
413,20,120,1.53125,0.7634165,0.7295
413,21,135,0.34375,0.0279865,0.0418
413,22,150,0,0.13070825,0.0631
413,23,165,0.625,1.16394975,0.8799
413,24,180,1.28125,2.09051625,1.5989
414,1,-165,1.125,0.969613,0.7816
414,2,-150,1.75,1.49100275,1.5408
414,3,-135,2.9375,2.54081025,2.7706
414,4,-120,4.5625,3.8996615,4.2349
414,5,-105,5.9375,5.10866575,5.4693
414,6,-90,6.5,5.54302125,5.9414
414,7,-75,5.8125,4.9473355,5.4326
414,8,-60,4.3125,3.64056675,4.2287
414,9,-45,2.5625,2.13808075,2.698
414,10,-30,1.125,0.9280725,1.2685
414,11,-15,0.3125,0.22420575,0.3319
414,12,0,0,0,0
414,13,15,0.3125,0.22408025,0.3319
414,14,30,1.125,0.93227675,1.2724
414,15,45,2.5625,2.13808075,2.698
414,16,60,4.3125,3.64056675,4.2288
414,17,75,5.8125,4.94790025,5.4329
414,18,90,6.5,5.54302125,5.9414
414,19,105,5.9375,5.10866575,5.4693
414,20,120,4.5625,3.89984975,4.2349
414,21,135,2.9375,2.54106125,2.7708
414,22,150,1.75,1.49225775,1.5421
414,23,165,1.125,0.96967575,0.7816
414,24,180,0.875,0.81305175,0.5068
415,1,-165,0.5625,0.66132225,0.6439
415,2,-150,0,0.01700525,0.0283
415,3,-135,0.125,0.08904225,0.0238
415,4,-120,0.8125,0.81731875,0.6401
415,5,-105,1.6875,1.6640045,1.3554
415,6,-90,2.6875,2.63801,2.17
415,7,-75,1.6875,1.65590975,1.3347
415,8,-60,0.875,0.82246425,0.6435
415,9,-45,0.1875,0.10472975,0.0447
415,10,-30,0,0,0
415,11,-15,0.5,0.62593125,0.5934
415,12,0,0.9375,1.2048,1.1381
415,13,15,0.5,0.62605675,0.5934
415,14,30,0,0.00069025,0.0006
415,15,45,0.1875,0.104918,0.0447
415,16,60,0.875,0.822025,0.643
415,17,75,1.6875,1.65578425,1.3346
415,18,90,2.6875,2.63794725,2.17
415,19,105,1.6875,1.66620075,1.3575
415,20,120,0.8125,0.81593825,0.639
415,21,135,0.125,0.0889795,0.0238
415,22,150,0,0.017068,0.0283
415,23,165,0.5625,0.66107125,0.6439
415,24,180,0.9375,1.20611775,1.1389
416,1,-165,2.0625,4.0751105,4.071
416,2,-150,3.03125,4.96584675,4.787
416,3,-135,4.0625,5.91977225,5.4152
416,4,-120,4.1875,5.8795495,4.9487
416,5,-105,3.03125,4.50777175,3.4314
416,6,-90,1.5,2.58084475,1.669
416,7,-75,0.3125,0.6958975,0.2374
416,8,-60,0,0,0
416,9,-45,0.96875,0.95147825,1.0129
416,10,-30,2.84375,2.98018575,3.0128
416,11,-15,4.71875,4.98918975,5.0148
416,12,0,5.84375,6.153265,6.1841
416,13,15,4.71875,4.97023925,5.0156
416,14,30,2.84375,2.97729925,3.0042
416,15,45,0.96875,0.949282,1.0122
416,16,60,0,0.00251,0.0025
416,17,75,0.3125,0.6938895,0.2366
416,18,90,1.5,2.58028,1.6712
416,19,105,3.03125,4.52371025,3.4401
416,20,120,4.1875,5.86681125,4.9443
416,21,135,4.3125,6.1220155,5.6076
416,22,150,3.46875,5.4734315,5.141
416,23,165,2.25,4.38415425,4.2469
416,24,180,1.5625,3.72615775,3.6888
417,1,-165,0.15625,0,0
417,2,-150,0.40625,0.15041175,0.1308
417,3,-135,1.15625,0.66420875,0.6701
417,4,-120,2.40625,1.6180715,1.6328
417,5,-105,4.0625,2.917373,2.8114
417,6,-90,5.78125,4.31098775,3.9955
417,7,-75,7.125,5.4962725,5.0275
417,8,-60,3.75,3.3788365,3.2859
417,9,-45,2.0625,2.15929025,2.1254
417,10,-30,0.90625,1.33174325,1.2969
417,11,-15,0.21875,0.8806335,0.821
417,12,0,0,0.74126575,0.6658
417,13,15,0.21875,0.87919025,0.8196
417,14,30,0.90625,1.332308,1.3001
417,15,45,2.0625,2.157094,2.1232
417,16,60,3.75,3.37362825,3.2787
417,17,75,7.125,5.497151,5.029
417,18,90,5.78125,4.3097955,3.9949
417,19,105,4.0625,2.917373,2.8116
417,20,120,2.40625,1.617946,1.6326
417,21,135,1.15625,0.665652,0.6714
417,22,150,0.40625,0.150349,0.1308
417,23,165,0.15625,6.27E-05,0
417,24,180,0.28125,0.05252175,0.1062
418,1,-165,0.3125,0.34242675,0.1016
418,2,-150,0,0.016817,0.2922
418,3,-135,0.25,0.18605375,0.7867
418,4,-120,0.75,0.710832,1.3831
418,5,-105,1.4375,1.29459525,1.8832
418,6,-90,1.75,1.5578315,2.0413
418,7,-75,1.4375,1.28744175,1.7976
418,8,-60,0.8125,0.77665675,1.2723
418,9,-45,0.4375,0.43843425,0.703
418,10,-30,0.4375,0.4448975,0.3658
418,11,-15,0.625,0.63509275,0.1813
418,12,0,0.625,0.59681525,0.0735
418,13,15,0.3125,0.23424575,0
418,14,30,0.0625,0,0.1525
418,15,45,0.25,0.14614475,0.5854
418,16,60,0.75,0.653353,1.1748
418,17,75,1.375,1.2390615,1.7822
418,18,90,1.75,1.59253225,2.0864
418,19,105,1.5,1.40679225,1.8696
418,20,120,1.0625,0.99891725,1.5023
418,21,135,0.6875,0.70687875,1.0906
418,22,150,0.75,0.78908125,0.7507
418,23,165,0.9375,1.102141,0.543
418,24,180,0.8125,0.91520875,0.2569
419,1,-165,7.875,5.9081635,5.8934
419,2,-150,7.21875,5.04616675,5.3676
419,3,-135,6.875,4.68686025,5.2964
419,4,-120,7.1875,5.37234125,6.0891
419,5,-105,7.96875,6.743366,7.4961
419,6,-90,8.34375,7.66083375,8.4358
419,7,-75,7.40625,6.8054885,7.6905
419,8,-60,5.375,4.91363875,5.3643
419,9,-45,2.71875,2.3469755,2.7981
419,10,-30,1.125,0.91985225,1.2187
419,11,-15,0.28125,0.20801625,0.2526
419,12,0,0,0,0
419,13,15,0.28125,0.2109655,0.2545
419,14,30,1.125,0.921421,1.2204
419,15,45,2.71875,2.34766575,2.7977
419,16,60,5.375,4.89318225,5.3649
419,17,75,7.40625,6.8057395,7.6914
419,18,90,8.34375,7.66070825,8.4358
419,19,105,7.96875,6.7439935,7.4957
419,20,120,7.1875,5.36882725,6.0853
419,21,135,6.875,4.68598175,5.2957
419,22,150,7.21875,5.0457275,5.3679
419,23,165,7.875,5.909042,5.8934
419,24,180,8.25,6.43607925,6.1212
420,1,-165,11.34375,10.4424785,10.0589
420,2,-150,11,9.9214025,9.781
420,3,-135,11.375,10.053554,10.0761
420,4,-120,12.3125,10.754095,10.9028
420,5,-105,13.46875,11.64891,11.7695
420,6,-90,12.65625,10.79394125,10.4427
420,7,-75,9.5,8.07724275,7.8205
420,8,-60,6.0625,5.12234525,4.9605
420,9,-45,3.28125,2.73395475,2.5859
420,10,-30,1.375,1.09404625,0.9437
420,11,-15,0.28125,0.19245425,0.0843
420,12,0,0,0,0
420,13,15,0.28125,0.191513,0.0827
420,14,30,1.34375,1.094109,0.9429
420,15,45,3.28125,2.72956225,2.5827
420,16,60,6.0625,5.12410225,4.9609
420,17,75,9.5,8.05678625,7.7963
420,18,90,12.65625,10.7956355,10.4412
420,19,105,13.46875,11.64821975,11.7686
420,20,120,12.3125,10.754095,10.9028
420,21,135,11.34375,10.049538,10.0725
420,22,150,11,9.92133975,9.781
420,23,165,11.34375,10.4402195,10.0564
420,24,180,12.25,11.5293085,10.8366
421,1,-165,0,0.179716,0.236
421,2,-150,0.21875,0.78744975,0.8145
421,3,-135,0.84375,1.68690825,1.2381
421,4,-120,1.71875,2.46124325,1.9054
421,5,-105,2.84375,3.49348075,2.5811
421,6,-90,4.0625,4.504195,3.241
421,7,-75,2.71875,3.442465,2.5388
421,8,-60,1.53125,2.35720375,1.8182
421,9,-45,0.65625,1.415891,1.1777
421,10,-30,0.15625,0.6401755,0.6697
421,11,-15,0,0.129265,0.1645
421,12,0,0.09375,0.01587575,0.0395
421,13,15,0,0.1258765,0.1611
421,14,30,0.15625,0.773331,0.7957
421,15,45,0.65625,1.4212875,1.1822
421,16,60,1.53125,2.362914,1.7827
421,17,75,2.71875,3.45043425,2.5414
421,18,90,4.0625,4.49384125,3.2421
421,19,105,2.875,3.49912825,2.5959
421,20,120,1.71875,2.4619335,1.9052
421,21,135,0.78125,1.52488775,1.2863
421,22,150,0.21875,0.7970505,0.8185
421,23,165,0,0.179214,0.2345
421,24,180,0.0625,0,0
422,1,-165,2.40625,2.7676515,2.6057
422,2,-150,0.75,0.91558525,0.7417
422,3,-135,0.28125,0.21040075,0
422,4,-120,0.59375,0.25194125,0.0497
422,5,-105,1.09375,0.51611875,0.3661
422,6,-90,1.25,0.5857085,0.5556
422,7,-75,0.6875,0.31193025,0.4033
422,8,-60,0,0.0071535,0.108
422,9,-45,0,0.3718565,0.2707
422,10,-30,0.9375,1.6865945,1.0762
422,11,-15,2.59375,3.66039575,2.6227
422,12,0,3.8125,5.094798,4.0416
422,13,15,2.59375,3.660584,2.623
422,14,30,0.9375,1.688226,1.0762
422,15,45,0,0.3721075,0.2707
422,16,60,0,0,0.0993
422,17,75,0.6875,0.3121185,0.4033
422,18,90,1.25,0.586085,0.5553
422,19,105,1.09375,0.51586775,0.3663
422,20,120,0.59375,0.25206675,0.0502
422,21,135,0.28125,0.21052625,0
422,22,150,0.75,0.91558525,0.7417
422,23,165,2.375,2.76683575,2.6051
422,24,180,5.1875,5.8012375,5.7059
423,1,-165,1.125,0.84618375,0.908
423,2,-150,1.0625,0.9243075,0.8767
423,3,-135,0.9375,0.8866575,0.8839
423,4,-120,0.65625,0.654608,0.7034
423,5,-105,0.34375,0.29950575,0.2864
423,6,-90,0.03125,0.012801,0
423,7,-75,0,0,0.0211
423,8,-60,0.3125,0.3698485,0.3811
423,9,-45,0.875,0.93679475,0.8992
423,10,-30,1.5,1.499976,1.2304
423,11,-15,1.9375,1.898313,1.4397
423,12,0,2.0625,2.0226835,1.5562
423,13,15,1.9375,1.89674425,1.4393
423,14,30,1.5,1.5003525,1.2345
423,15,45,0.875,0.93874,0.9015
423,16,60,0.3125,0.3690955,0.3802
423,17,75,0,0.0003765,0.0221
423,18,90,0.03125,0.0136795,0.0013
423,19,105,0.34375,0.2998195,0.2862
423,20,120,0.65625,0.65542375,0.705
423,21,135,0.9375,0.887034,0.8846
423,22,150,1.0625,0.924433,0.8766
423,23,165,1.125,0.84838,0.9103
423,24,180,1.125,0.807969,0.9182
424,1,-165,3.25,2.885998,2.3628
424,2,-150,2.1875,1.99250075,2.01
424,3,-135,1.21875,1.11086325,1.2344
424,4,-120,0.5,0.45663175,0.5989
424,5,-105,0.09375,0.05252175,0.0718
424,6,-90,0,0.0008785,0.0026
424,7,-75,0.28125,0.33690475,0.3493
424,8,-60,0.9375,0.94645825,0.9742
424,9,-45,1.84375,1.8469835,1.5798
424,10,-30,1.90625,1.600376,1.3542
424,11,-15,1.9375,1.301686,1.1415
424,12,0,2.09375,1.201035,1.0949
424,13,15,1.9375,1.301937,1.1415
424,14,30,1.90625,1.60420375,1.3579
424,15,45,1.84375,1.8469835,1.5812
424,16,60,0.96875,0.942254,0.9504
424,17,75,0.28125,0.3367165,0.3485
424,18,90,0,0,0
424,19,105,0.09375,0.053212,0.0739
424,20,120,0.5,0.449792,0.5849
424,21,135,1.21875,1.1090435,1.2317
424,22,150,2.1875,1.9925635,2.0101
424,23,165,3.25,2.888257,2.3656
424,24,180,3.90625,3.45068525,2.4419
425,1,-165,3.09375,3.45281875,3.3377
425,2,-150,7,7.9937225,7.4044
425,3,-135,4.03125,4.6872995,4.4287
425,4,-120,2.59375,2.89403,2.541
425,5,-105,2.125,2.104384,1.5672
425,6,-90,1.65625,1.460067,1.1321
425,7,-75,0.96875,0.72608025,0.6046
425,8,-60,0.25,0.12430775,0.1673
425,9,-45,0,0,0
425,10,-30,0.625,0.79560725,0.6988
425,11,-15,2.4375,2.75968225,2.6019
425,12,0,5.25,5.74557825,5.6925
425,13,15,2.4375,2.7586155,2.602
425,14,30,0.625,0.79711325,0.7005
425,15,45,0,6.28E-05,0.0001
425,16,60,0.25,0.12443325,0.1673
425,17,75,0.96875,0.7279,0.6062
425,18,90,1.6875,1.46138475,1.1356
425,19,105,2.125,2.104635,1.5672
425,20,120,2.59375,2.898548,2.546
425,21,135,4.0625,4.682405,4.4271
425,22,150,7,8.001629,7.4107
425,23,165,3.09375,3.45520325,3.3398
425,24,180,6.03125,6.6049395,6.6206
426,1,-165,0.28125,0.187999,0.2544
426,2,-150,1.125,0.77552725,0.9941
426,3,-135,2.46875,1.76045125,2.0993
426,4,-120,4.125,3.0324565,3.3229
426,5,-105,5.75,4.29178625,4.2764
426,6,-90,6.78125,5.13138125,4.6662
426,7,-75,6.71875,5.281542,4.6214
426,8,-60,5.71875,4.76718025,4.2252
426,9,-45,4.46875,3.990147,3.5785
426,10,-30,3.4375,3.33886475,2.9592
426,11,-15,2.8125,2.98093875,2.5347
426,12,0,2.625,2.86485125,2.3721
426,13,15,2.8125,2.98081325,2.5347
426,14,30,3.4375,3.3389275,2.9592
426,15,45,4.46875,3.9900215,3.5785
426,16,60,5.71875,4.76755675,4.2266
426,17,75,6.71875,5.2816675,4.6214
426,18,90,6.78125,5.13150675,4.6661
426,19,105,5.75,4.2919745,4.2766
426,20,120,4.125,3.032582,3.3227
426,21,135,2.46875,1.76045125,2.0993
426,22,150,1.125,0.77176225,0.9897
426,23,165,0.28125,0.1878735,0.2544
426,24,180,0,0,0
427,1,-165,0.40625,0.31193025,0.341
427,2,-150,1.53125,1.21327125,1.3117
427,3,-135,2.8125,2.3708205,2.6418
427,4,-120,4.875,3.758223,3.9895
427,5,-105,6.28125,4.70166925,4.9152
427,6,-90,6.8125,4.96948625,5.1507
427,7,-75,6.09375,4.48191875,4.7125
427,8,-60,4.59375,3.45068525,3.7271
427,9,-45,3,2.3233815,2.5624
427,10,-30,1.71875,1.43515525,1.5606
427,11,-15,0.96875,0.93089625,0.932
427,12,0,0.71875,0.7722015,0.7168
427,13,15,0.96875,0.93077075,0.932
427,14,30,1.71875,1.43515525,1.5606
427,15,45,3,2.322252,2.5606
427,16,60,4.59375,3.4518775,3.7278
427,17,75,6.09375,4.481856,4.7126
427,18,90,6.8125,4.96948625,5.1507
427,19,105,6.28125,4.700979,4.9144
427,20,120,4.875,3.76249,3.996
427,21,135,3.125,2.464067,2.649
427,22,150,1.53125,1.21327125,1.3117
427,23,165,0.40625,0.31255775,0.3415
427,24,180,0,0,0
428,1,-165,0.1875,0.12568825,0.2563
428,2,-150,0.8125,0.53532025,0.9639
428,3,-135,1.8125,1.26886775,1.9485
428,4,-120,3.0625,2.180186,3.0097
428,5,-105,4.1875,3.0485205,3.9206
428,6,-90,4.875,3.5864135,4.3752
428,7,-75,4.75,3.5766245,4.1237
428,8,-60,3.875,2.9832605,3.2843
428,9,-45,2.625,2.04859925,2.2125
428,10,-30,1.4375,1.0952385,1.1397
428,11,-15,0.6875,0.45976925,0.3884
428,12,0,0.375,0.2368185,0.1174
428,13,15,0.6875,0.45976925,0.3884
428,14,30,1.4375,1.09304225,1.1382
428,15,45,2.625,2.0487875,2.2082
428,16,60,3.875,2.97905625,3.2796
428,17,75,4.75,3.576499,4.1237
428,18,90,4.875,3.58647625,4.3752
428,19,105,4.1875,3.04965,3.9219
428,20,120,3.0625,2.17811525,3.0064
428,21,135,1.8125,1.268805,1.9484
428,22,150,0.8125,0.5352575,0.964
428,23,165,0.1875,0.12568825,0.2563
428,24,180,0,0,0
429,1,-165,0.8125,0.518817,0.4724
429,2,-150,0.34375,0.1856145,0.2617
429,3,-135,0,0.0061495,0.0042
429,4,-120,0.15625,0.3605615,0.1899
429,5,-105,0.9375,1.32722525,1.1746
429,6,-90,2.5,2.9707105,2.7177
429,7,-75,1.5,2.2259935,1.8923
429,8,-60,0.40625,1.121217,0.7739
429,9,-45,0.21875,0.783873,0.4458
429,10,-30,0.5625,0.6916305,0.5164
429,11,-15,1,0.704808,0.475
429,12,0,1.5,1.06957375,0.7187
429,13,15,0.90625,0.5919835,0.4664
429,14,30,0.4375,0.22088,0.2742
429,15,45,0.03125,0,0
429,16,60,0.15625,0.2993175,0.1418
429,17,75,0.9375,1.277088,1.0706
429,18,90,2.5625,2.958286,2.6164
429,19,105,1.46875,2.26270225,2.0196
429,20,120,0.40625,1.127492,0.7902
429,21,135,0.1875,0.7955445,0.4534
429,22,150,0.5,0.71315375,0.5311
429,23,165,0.9375,0.70029,0.5146
429,24,180,1.4375,1.033367,0.7055
430,1,-165,3.0625,3.4538855,3.6369
430,2,-150,0.90625,1.295411,1.653
430,3,-135,1.84375,2.15778425,2.6245
430,4,-120,2.6875,2.8314055,3.2494
430,5,-105,1.46875,1.853133,2.4912
430,6,-90,0.5625,0.625241,0.955
430,7,-75,0.375,0,0
430,8,-60,1.1875,0.45299225,0.2696
430,9,-45,2.8125,1.86536925,1.6768
430,10,-30,4.75,3.74347675,3.6618
430,11,-15,6.375,5.296351,5.3076
430,12,0,7.15625,5.92341175,5.9077
430,13,15,6.375,5.29867275,5.3092
430,14,30,4.75,3.74335125,3.6618
430,15,45,2.8125,1.865683,1.6768
430,16,60,1.1875,0.45349425,0.2699
430,17,75,0.375,0.0006275,0.0008
430,18,90,0.625,0.638795,0.9685
430,19,105,1.46875,1.85783925,2.4948
430,20,120,2.6875,2.83385275,3.2476
430,21,135,1.84375,2.15665475,2.6237
430,22,150,0.90625,1.29509725,1.6535
430,23,165,3.0625,3.4536345,3.6368
430,24,180,0,0.38785775,0.6338
431,1,-165,0.015625,0.000502,0.0004
431,2,-150,0.421875,0.314754,0.2074
431,3,-135,0.734375,0.669417,0.4638
431,4,-120,1.125,0.96917375,0.8527
431,5,-105,1.96875,1.77011475,1.6654
431,6,-90,2.96875,2.782837,2.58
431,7,-75,3.640625,3.46461575,3.0163
431,8,-60,3.75,3.60216375,3.0816
431,9,-45,0.703125,0.65002725,0.4288
431,10,-30,0.375,0.28168475,0.1661
431,11,-15,0.984375,1.02389175,0.8179
431,12,0,0.109375,0.238701,0.3027
431,13,15,0,0.003012,0
431,14,30,0.375,0.28243775,0.1664
431,15,45,0.703125,0.650592,0.4299
431,16,60,1.03125,0.913138,0.794
431,17,75,1.921875,1.756498,1.6634
431,18,90,3,2.8416965,2.6264
431,19,105,3.65625,3.487645,3.0281
431,20,120,3.765625,3.6037325,3.0804
431,21,135,0.734375,0.66922875,0.4637
431,22,150,0.421875,0.3148795,0.2076
431,23,165,0.015625,0,0.0002
431,24,180,0.109375,0.23863825,0.3031
432,1,-165,0.5,1.08689275,1.8727
432,2,-150,0.375,0.930206,1.6371
432,3,-135,0.375,0.75657675,1.2861
432,4,-120,0.15625,0.346882,0.1391
432,5,-105,0.96875,1.17988825,0.9964
432,6,-90,0.5625,0.760781,0.7465
432,7,-75,0,0,0.0713
432,8,-60,0.25,0.30741225,0.4329
432,9,-45,0.625,1.02338975,1.4338
432,10,-30,0.78125,1.35972975,1.8626
432,11,-15,0.90625,1.569503,2.0884
432,12,0,0.5625,1.03744575,1.7837
432,13,15,0.5,1.0909715,1.8745
432,14,30,0.375,0.96151825,1.6906
432,15,45,0.34375,0.78431225,1.3629
432,16,60,0.3125,0.490454,0.2744
432,17,75,0.09375,0.2237665,0
432,18,90,0.84375,1.16595775,0.9881
432,19,105,0.0625,0.06657775,0.1369
432,20,120,0.125,0.16635025,0.2307
432,21,135,0.625,0.96440475,1.3225
432,22,150,0.75,1.30651775,1.7948
432,23,165,0.59375,0.80489425,1.4891
432,24,180,0.5625,1.0327395,1.7785
433,1,-165,3.5625,4.93968,4.2529
433,2,-150,1.9375,3.0201575,2.3463
433,3,-135,1.1875,1.9935675,1.318
433,4,-120,1.0625,1.5932225,0.9089
433,5,-105,1.0625,1.3070825,0.9189
433,6,-90,1.3125,1.6434225,1.4313
433,7,-75,0.375,0.4925875,0.2957
433,8,-60,0,0.0006275,0.0004
433,9,-45,0.5,0.65511,0.7736
433,10,-30,2.125,2.5106275,2.6631
433,11,-15,4.5,5.335005,5.4933
433,12,0,7.5625,8.7906475,8.9644
433,13,15,4.5,5.332495,5.4918
433,14,30,2.0625,2.5583175,2.7191
433,15,45,0.5,0.658875,0.779
433,16,60,0,0,0
433,17,75,0.375,0.4938425,0.296
433,18,90,1.3125,1.6434225,1.4309
433,19,105,1.0625,1.3083375,0.9199
433,20,120,1.0625,1.592595,0.9096
433,21,135,1.1875,1.9935675,1.3181
433,22,150,1.9375,3.01953,2.3476
433,23,165,3.5625,4.920855,4.2269
433,24,180,5.875,7.57267,6.7573
434,1,-165,3.84375,2.41254925,3.411
434,2,-150,4.28125,2.80360725,3.6679
434,3,-135,5.53125,3.9478535,4.725
434,4,-120,7.5,5.765219,6.5217
434,5,-105,10.90625,8.93578825,8.3011
434,6,-90,13.28125,11.0022085,9.6932
434,7,-75,10.0625,8.28707875,7.6346
434,8,-60,6.5,5.2726315,4.9238
434,9,-45,3.5625,2.84188475,2.6673
434,10,-30,1.53125,1.18490825,1.112
434,11,-15,0.375,0.27904925,0.2616
434,12,0,0,0,0
434,13,15,0.375,0.2769785,0.2592
434,14,30,1.53125,1.1833395,1.1109
434,15,45,3.5625,2.83686475,2.6627
434,16,60,6.5,5.27156475,4.9247
434,17,75,10.0625,8.274466,7.6241
434,18,90,13.28125,11.00314975,9.6926
434,19,105,10.90625,8.937859,8.288
434,20,120,7.5,5.76867025,6.4156
434,21,135,5.53125,3.94678675,4.7226
434,22,150,4.28125,2.781331,3.6429
434,23,165,3.84375,2.40301125,3.419
434,24,180,3.96875,2.55499175,3.6839
435,1,-165,4.5,3.8301345,3.4562
435,2,-150,3.75,2.7975205,2.8841
435,3,-135,3.65625,2.4107295,2.8572
435,4,-120,4.03125,2.71801625,3.241
435,5,-105,4.5,3.371934,3.7513
435,6,-90,4.625,3.7648745,3.9556
435,7,-75,4.125,3.50414825,3.6196
435,8,-60,2.96875,2.64303,2.8917
435,9,-45,1.71875,1.57019325,1.9752
435,10,-30,0.75,0.65780825,1.1597
435,11,-15,0.1875,0.19345825,0.5165
435,12,0,0,0,0
435,13,15,0.1875,0.19308175,0.5163
435,14,30,0.75,0.6607575,1.1632
435,15,45,1.75,1.60432925,1.9632
435,16,60,2.96875,2.64303,2.8915
435,17,75,4.125,3.505215,3.6187
435,18,90,4.625,3.760231,3.9498
435,19,105,4.5,3.3685455,3.7491
435,20,120,4.03125,2.72014975,3.2421
435,21,135,3.65625,2.41267475,2.8585
435,22,150,3.75,2.79080625,2.879
435,23,165,4.5,3.83069925,3.4562
435,24,180,5.5,5.1368405,4.4869
436,1,-165,0.15625,0.39902725,0.4179
436,2,-150,0.03125,0,0
436,3,-135,0.5625,0.2521295,0.3896
436,4,-120,1.59375,1.0420265,1.3089
436,5,-105,2.6875,2.00404675,2.2998
436,6,-90,3.34375,2.75817625,3.1391
436,7,-75,2.625,2.0573215,2.3737
436,8,-60,1.5,1.0877085,1.3473
436,9,-45,0.46875,0.2589065,0.3598
436,10,-30,0,0.0254765,0.0181
436,11,-15,0.21875,0.46742475,0.5058
436,12,0,0.90625,1.2885085,1.3895
436,13,15,0.21875,0.4674875,0.5062
436,14,30,0,0.02340575,0.0164
436,15,45,0.46875,0.257024,0.3581
436,16,60,1.5,1.08764575,1.3473
436,17,75,2.625,2.0540585,2.37
436,18,90,3.34375,2.7586155,3.1397
436,19,105,2.6875,2.00592925,2.3014
436,20,120,1.59375,1.0440345,1.3106
436,21,135,0.5625,0.2526315,0.3891
436,22,150,0.03125,0.0021335,0.0038
436,23,165,0.15625,0.39727025,0.4189
436,24,180,0.84375,1.2189815,1.2977
437,1,-165,3.0625,2.4779975,1.9233
437,2,-150,0.65625,0.38459475,0.1482
437,3,-135,0,0,0
437,4,-120,0.25,0.5919835,0.3421
437,5,-105,0.4375,0.78443775,0.383
437,6,-90,0.03125,0.20412575,0.0932
437,7,-75,0.03125,0.04160325,0.039
437,8,-60,0.78125,0.8000625,0.7559
437,9,-45,2.375,2.4044545,2.3385
437,10,-30,4.53125,4.4882565,4.4042
437,11,-15,7.3125,7.09909575,6.921
437,12,0,7.40625,7.117105,7.2946
437,13,15,3.84375,3.79957525,4.0853
437,14,30,1.71875,1.936967,2.3093
437,15,45,0.96875,1.34404225,1.7414
437,16,60,0.875,1.271566,0.8126
437,17,75,0.875,1.15039575,0.6161
437,18,90,0.90625,1.40754525,1.2399
437,19,105,0.96875,1.353643,1.7142
437,20,120,1.21875,1.477135,1.8475
437,21,135,2.21875,2.3060625,2.3522
437,22,150,3.96875,3.8908765,3.5376
437,23,165,6.46875,6.117623,5.3663
437,24,180,6.78125,6.01678375,5.3439
438,1,-165,0.96875,1.747211,1.4883
438,2,-150,0.15625,0.455314,0.4251
438,3,-135,0,0,0
438,4,-120,0.625,0.37367625,0.2949
438,5,-105,1.75,1.25330575,1.1038
438,6,-90,2.875,2.15389375,1.92
438,7,-75,3.34375,2.47580125,2.3224
438,8,-60,3.40625,2.5987285,2.573
438,9,-45,3.84375,3.1431475,3.3145
438,10,-30,5.09375,4.505701,4.8235
438,11,-15,7.4375,6.96023,7.2774
438,12,0,10.65625,10.47454375,10.6417
438,13,15,7.4375,6.96656775,7.2855
438,14,30,5.09375,4.503442,4.8211
438,15,45,3.84375,3.14383775,3.3148
438,16,60,3.40625,2.59778725,2.5725
438,17,75,3.34375,2.4687105,2.3182
438,18,90,2.875,2.150568,1.9161
438,19,105,1.75,1.253243,1.1035
438,20,120,0.625,0.3743665,0.2953
438,21,135,0,0.00269825,0.0028
438,22,150,0.15625,0.45525125,0.4251
438,23,165,0.96875,1.746709,1.4882
438,24,180,1.53125,2.69825,2.4059
439,1,-165,0.34375,0.65856125,0.78
439,2,-150,0,0.03005725,0.1197
439,3,-135,0.25,0.02139775,0
439,4,-120,1.125,0.604157,0.3446
439,5,-105,2.15625,1.349376,0.804
439,6,-90,2.625,1.755243,1.0477
439,7,-75,2.09375,1.387277,0.8941
439,8,-60,1.03125,0.590101,0.3915
439,9,-45,0.1875,6.27E-05,0.0112
439,10,-30,0,0.08264175,0.1755
439,11,-15,0.375,0.7315395,0.8569
439,12,0,0.71875,1.1921245,1.3693
439,13,15,0.375,0.73084925,0.8564
439,14,30,0,0.08226525,0.1755
439,15,45,0.1875,0,0.0112
439,16,60,1.03125,0.592109,0.3938
439,17,75,2.09375,1.390791,0.8969
439,18,90,2.625,1.754741,1.0473
439,19,105,2.15625,1.351886,0.8051
439,20,120,1.125,0.60371775,0.3437
439,21,135,0.25,0.02152325,0.0003
439,22,150,0,0.02968075,0.1194
439,23,165,0.34375,0.65906325,0.7806
439,24,180,0.71875,1.19206175,1.3691
440,1,-165,0.0625,0.00558475,0.028
440,2,-150,0.5,0.22370375,0.3095
440,3,-135,1.46875,0.90843175,1.0277
440,4,-120,2.84375,1.96827925,1.9985
440,5,-105,4.125,2.9722165,2.8616
440,6,-90,4.65625,3.374695,3.2035
440,7,-75,4.09375,2.938708,2.7997
440,8,-60,2.8125,1.939979,1.9447
440,9,-45,1.46875,0.8936855,1.0008
440,10,-30,0.5,0.21692675,0.3006
440,11,-15,0.0625,0,0.0238
440,12,0,0,0.00985175,0
440,13,15,0.0625,0.00809475,0.0294
440,14,30,0.5,0.2167385,0.3006
440,15,45,1.46875,0.89374825,1.0008
440,16,60,2.8125,1.94066925,1.9455
440,17,75,4.09375,2.93877075,2.7997
440,18,90,4.65625,3.3748205,3.2037
440,19,105,4.125,2.9722165,2.8616
440,20,120,2.84375,1.9682165,1.9985
440,21,135,1.46875,0.90843175,1.0276
440,22,150,0.5,0.2217585,0.3073
440,23,165,0.0625,0.0056475,0.0281
440,24,180,0,0.009287,0
441,1,-165,3.4375,2.7741775,2.1834
441,2,-150,2.8125,2.2094275,1.781
441,3,-135,2.15625,1.67398175,1.4632
441,4,-120,1.53125,1.180704,1.0721
441,5,-105,0.90625,0.72156225,0.537
441,6,-90,0.5,0.2679425,0.0004
441,7,-75,0,0,0.0252
441,8,-60,0.125,0.21542075,0.3514
441,9,-45,0.75,0.72068375,0.8077
441,10,-30,1.5625,0.98975575,0.8007
441,11,-15,2,1.241948,0.7247
441,12,0,2.1875,1.30338025,0.6889
441,13,15,2,1.2297745,0.7131
441,14,30,1.5625,0.957565,0.7197
441,15,45,0.75,0.69947425,0.7748
441,16,60,0.125,0.21316175,0.3475
441,17,75,0,6.27E-05,0.0245
441,18,90,0.5,0.26737775,0
441,19,105,0.90625,0.73386125,0.5502
441,20,120,1.5625,1.15629425,1.0416
441,21,135,2.15625,1.667644,1.4394
441,22,150,2.8125,2.20873725,1.7783
441,23,165,3.4375,2.76332175,2.1629
441,24,180,3.78125,3.13756275,2.5968
442,1,-165,1.75,1.63470025,1.5187
442,2,-150,0.96875,0.92085625,0.8469
442,3,-135,0.28125,0.2724605,0.2591
442,4,-120,0,0,0
442,5,-105,0.203125,0.1748215,0.1478
442,6,-90,0.828125,0.7518705,0.6382
442,7,-75,1.625,1.48347275,1.2659
442,8,-60,2.21875,2.007247,1.6422
442,9,-45,2.265625,1.97907225,1.6142
442,10,-30,1.703125,1.361675,1.2233
442,11,-15,1.046875,0.63358675,0.707
442,12,0,0.765625,0.32372725,0.467
442,13,15,1.046875,0.6336495,0.707
442,14,30,1.703125,1.361675,1.2233
442,15,45,2.265625,1.97907225,1.6142
442,16,60,2.21875,2.00718425,1.6422
442,17,75,1.625,1.48347275,1.2659
442,18,90,0.828125,0.75193325,0.6382
442,19,105,0.203125,0.17488425,0.1478
442,20,120,0,6.27E-05,0
442,21,135,0.28125,0.272837,0.2595
442,22,150,0.96875,0.92085625,0.8469
442,23,165,1.75,1.63470025,1.5187
442,24,180,2.109375,1.97580925,1.8302
443,1,-165,0.28125,0.33226125,0.2525
443,2,-150,1.25,1.26397325,1.1963
443,3,-135,2.625,2.54030825,2.5858
443,4,-120,4.0625,3.82705975,3.9745
443,5,-105,5.125,4.77081975,4.9405
443,6,-90,5.46875,5.09348025,5.2769
443,7,-75,4.9375,4.66358,4.865
443,8,-60,3.75,3.61483925,3.7078
443,9,-45,2.3125,2.30775675,2.2724
443,10,-30,1.03125,1.111428,0.9848
443,11,-15,0.25,0.285638,0.195
443,12,0,0,0,0.0185
443,13,15,0.25,0.2857635,0.195
443,14,30,1.03125,1.10998475,0.9831
443,15,45,2.3125,2.3065645,2.2683
443,16,60,3.75,3.615153,3.7085
443,17,75,4.9375,4.6519085,4.8196
443,18,90,5.46875,5.09360575,5.2769
443,19,105,5.125,4.76015225,4.9275
443,20,120,4.0625,3.82693425,3.9745
443,21,135,2.625,2.54030825,2.5858
443,22,150,1.25,1.26497725,1.1991
443,23,165,0.28125,0.33376725,0.2521
443,24,180,0,0.00658875,0
444,1,-165,0.65625,0.96277325,1.7103
444,2,-150,3.375,3.36785525,3.8139
444,3,-135,4,4.0570385,4.5007
444,4,-120,2.25,2.860396,3.555
444,5,-105,1.0625,1.577033,2.1201
444,6,-90,0.1875,0.489701,0.7853
444,7,-75,0,0,0
444,8,-60,0.53125,0.25043525,0.0239
444,9,-45,1.78125,1.3191305,1.12
444,10,-30,3.34375,2.89133175,2.891
444,11,-15,4.78125,4.35227725,4.529
444,12,0,5.6875,5.210007,5.435
444,13,15,4.78125,4.3534695,4.5296
444,14,30,3.34375,2.89308875,2.8924
444,15,45,1.78125,1.3186285,1.1181
444,16,60,0.53125,0.25156475,0.0254
444,17,75,0,0.00081575,0.0004
444,18,90,0.1875,0.49089325,0.7863
444,19,105,1.0625,1.57847625,2.1231
444,20,120,2.25,2.85255225,3.547
444,21,135,2.09375,2.587559,3.2243
444,22,150,1.3125,1.7142045,2.4283
444,23,165,0.65625,0.96289875,1.7103
444,24,180,0.4375,0.70298825,1.4398
445,1,-165,0.5625,0.5114125,0.536
445,2,-150,2.03125,1.937971,2.0405
445,3,-135,4.0625,4.01041525,3.8656
445,4,-120,6.03125,5.8483,5.7426
445,5,-105,7.78125,7.4091435,7.3237
445,6,-90,8.9375,8.47269325,8.2745
445,7,-75,8.125,8.591981,8.5338
445,8,-60,7.40625,7.886922,7.8198
445,9,-45,8.03125,7.70137025,7.0761
445,10,-30,6.75,6.34182875,5.7291
445,11,-15,5.8125,5.37020775,4.8732
445,12,0,5.5,5.0319225,4.5854
445,13,15,5.8125,5.369141,4.8717
445,14,30,6.75,6.34157775,5.7289
445,15,45,7.96875,7.74586,7.2865
445,16,60,7.40625,7.8852905,7.8176
445,17,75,8.125,8.59329875,8.5365
445,18,90,8.9375,8.47281875,8.2745
445,19,105,7.78125,7.40983375,7.3245
445,20,120,6.03125,5.84786075,5.7422
445,21,135,4.0625,4.01028975,3.8654
445,22,150,2.03125,1.93778275,2.0403
445,23,165,0.5625,0.51147525,0.536
445,24,180,0,0,0
446,1,-165,0.78125,0.480414,0.4134
446,2,-150,0.40625,0.52101325,0.4561
446,3,-135,0.15625,0.63308475,0.5699
446,4,-120,0.4375,1.00356075,0.9865
446,5,-105,1.375,1.949015,1.9076
446,6,-90,2.625,3.08974725,2.9547
446,7,-75,1.25,1.460318,1.4071
446,8,-60,0.28125,0.428457,0.5181
446,9,-45,0,0,0
446,10,-30,0.3125,0.10008625,0.0535
446,11,-15,0.78125,0.2910345,0.1596
446,12,0,1.34375,0.85647475,0.6955
446,13,15,0.84375,0.49126975,0.3825
446,14,30,0.375,0.47941,0.4329
446,15,45,0.15625,0.618464,0.553
446,16,60,0.4375,0.98310425,0.9512
446,17,75,1.40625,1.9775035,1.8698
446,18,90,2.75,3.19730075,2.9902
446,19,105,1.1875,1.410871,1.4085
446,20,120,0.28125,0.4220565,0.5325
446,21,135,0,0.011295,0.0227
446,22,150,0.25,0.08389675,0.0485
446,23,165,0.6875,0.256271,0.1756
446,24,180,1.28125,0.8033255,0.6651
447,1,-165,0.09375,0.01060475,0.1345
447,2,-150,0.46875,0.27804525,0.703
447,3,-135,1.375,1.053698,1.8503
447,4,-120,2.8125,2.3048075,3.4269
447,5,-105,4.34375,3.65449725,4.8976
447,6,-90,5.09375,4.32956175,5.3985
447,7,-75,4.25,3.68963725,4.7124
447,8,-60,2.71875,2.362914,3.2812
447,9,-45,1.3125,1.08802225,1.771
447,10,-30,0.375,0.28959125,0.7091
447,11,-15,0.03125,0.033132,0.2115
447,12,0,0,0.0279865,0.0876
447,13,15,0.03125,0.033885,0.2121
447,14,30,0.375,0.289403,0.7089
447,15,45,1.3125,1.08676725,1.7697
447,16,60,2.71875,2.373456,3.2931
447,17,75,4.25,3.68963725,4.7124
447,18,90,5.09375,4.33031475,5.3979
447,19,105,4.34375,3.6551875,4.8999
447,20,120,2.8125,2.3048075,3.4269
447,21,135,1.375,1.0545765,1.8506
447,22,150,0.46875,0.27904925,0.7049
447,23,165,0.09375,0.01060475,0.1345
447,24,180,0.03125,0,0
448,1,-165,1.21875,1.692995,1.4592
448,2,-150,0.625,1.07145625,0.8905
448,3,-135,0.21875,0.5924855,0.4625
448,4,-120,0.03125,0.262044,0.2007
448,5,-105,0,0.06532275,0.0901
448,6,-90,0.15625,0,0
448,7,-75,0.40625,0.042419,0.016
448,8,-60,0.8125,0.286893,0.3066
448,9,-45,1.5,0.91182025,0.9423
448,10,-30,2.5,1.8279075,1.8577
448,11,-15,3.5625,2.81465125,2.6976
448,12,0,4.25,3.41366275,3.2517
448,13,15,3.5625,2.80473675,2.6822
448,14,30,2.5,1.82470725,1.8314
448,15,45,1.5,0.90818075,0.9437
448,16,60,0.8125,0.2920385,0.3114
448,17,75,0.40625,0.04386225,0.0172
448,18,90,0.15625,0.00056475,0.0008
448,19,105,0,0.0683975,0.0927
448,20,120,0.03125,0.26104,0.1998
448,21,135,0.21875,0.5927365,0.4625
448,22,150,0.625,1.072774,0.8913
448,23,165,1.21875,1.68992025,1.4558
448,24,180,1.90625,2.32520125,2.0713
449,1,-165,0.625,0.90090175,1.0377
449,2,-150,0,0.07209975,0.1789
449,3,-135,0.125,0,0
449,4,-120,0.8125,0.5520745,0.5265
449,5,-105,1.65625,1.3025645,1.1836
449,6,-90,2.0625,1.66883625,1.379
449,7,-75,1.6875,1.311224,1.1953
449,8,-60,0.84375,0.5796845,0.5762
449,9,-45,0.15625,0.01255,0.0252
449,10,-30,0,0.04963525,0.1438
449,11,-15,0.5625,0.842105,0.9634
449,12,0,1.21875,1.6896065,1.8454
449,13,15,0.5625,0.84216775,0.9632
449,14,30,0,0.04963525,0.1438
449,15,45,0.15625,0.01286375,0.0256
449,16,60,0.84375,0.57974725,0.5762
449,17,75,1.6875,1.31216525,1.1965
449,18,90,2.0625,1.6692755,1.3796
449,19,105,1.65625,1.304447,1.1851
449,20,120,0.8125,0.55263925,0.5269
449,21,135,0.125,0,0
449,22,150,0,0.0719115,0.1789
449,23,165,0.625,0.90090175,1.0377
449,24,180,1.21875,1.689732,1.8456
450,1,-165,1.34375,2.17209125,2.2059
450,2,-150,0.15625,0.570774,0.6116
450,3,-135,0.03125,0,0
450,4,-120,0.78125,0.364452,0.2453
450,5,-105,1.78125,1.059471,0.7455
450,6,-90,2.1875,1.38294725,0.9498
450,7,-75,1.71875,1.0252095,0.7194
450,8,-60,0.71875,0.31218125,0.1968
450,9,-45,0,0.002008,0.0061
450,10,-30,0.21875,0.67951975,0.7223
450,11,-15,1.40625,2.2930105,2.3284
450,12,0,2.5,3.6270755,3.6482
450,13,15,1.40625,2.2930105,2.3284
450,14,30,0.21875,0.67951975,0.7223
450,15,45,0,0.00207075,0.0061
450,16,60,0.71875,0.31218125,0.1968
450,17,75,1.71875,1.02527225,0.7194
450,18,90,2.1875,1.382759,0.9502
450,19,105,1.78125,1.05953375,0.7455
450,20,120,0.78125,0.3635735,0.245
450,21,135,0.03125,0,0
450,22,150,0.15625,0.570774,0.6116
450,23,165,1.34375,2.17711125,2.2112
450,24,180,2.5,3.6265735,3.6475
451,1,-165,4.5625,4.28312675,3.6914
451,2,-150,2,1.85758825,1.6989
451,3,-135,0.9375,0.89688575,0.748
451,4,-120,0.125,0.14200325,0.0148
451,5,-105,0,0.004016,0.0033
451,6,-90,0.5,0.6251155,0.6472
451,7,-75,0,0,0
451,8,-60,0.1875,0.14815275,0.0074
451,9,-45,1.0625,0.888791,0.704
451,10,-30,2.1875,1.9694715,1.736
451,11,-15,4.6875,4.3115525,3.7288
451,12,0,5,4.4859975,3.9829
451,13,15,4.6875,4.31174075,3.7289
451,14,30,2.1875,1.9621925,1.7283
451,15,45,1.0625,0.88885375,0.704
451,16,60,0.1875,0.14802725,0.0074
451,17,75,0,6.27E-05,0
451,18,90,0.5,0.6379165,0.658
451,19,105,0,0.0041415,0.0033
451,20,120,0.125,0.1419405,0.0148
451,21,135,0.9375,0.89387375,0.745
451,22,150,2,1.85796475,1.6991
451,23,165,4.5625,4.288335,3.6951
451,24,180,5,4.4859975,3.9834
452,1,-165,0.15625,0.4481605,0.6581
452,2,-150,0,0.00018825,0.1733
452,3,-135,0.3125,0.03884225,0
452,4,-120,1.1875,0.59857225,0.2588
452,5,-105,2.25,1.38796725,0.8055
452,6,-90,2.84375,1.80487825,1.0291
452,7,-75,2.28125,1.37516625,0.8434
452,8,-60,1.21875,0.599137,0.3237
452,9,-45,0.3125,0.041917,0.0475
452,10,-30,0,0,0.1757
452,11,-15,0.15625,0.44257575,0.6407
452,12,0,0.375,0.784626,0.954
452,13,15,0.15625,0.44257575,0.6407
452,14,30,0,0,0.1757
452,15,45,0.3125,0.041917,0.0475
452,16,60,1.21875,0.599137,0.3237
452,17,75,2.28125,1.37529175,0.8447
452,18,90,2.84375,1.8083295,1.0335
452,19,105,2.25,1.386524,0.8035
452,20,120,1.1875,0.598635,0.2588
452,21,135,0.3125,0.03896775,0
452,22,150,0,0.00018825,0.1733
452,23,165,0.15625,0.44809775,0.6581
452,24,180,0.375,0.78443775,0.9541
453,1,-165,0.0625,0.82635475,1.0895
453,2,-150,0.75,1.5503015,1.8374
453,3,-135,1.6875,2.43087225,2.7868
453,4,-120,1.9375,2.45296025,3.1022
453,5,-105,1.09375,1.64072425,2.0935
453,6,-90,0.25,0.5222055,0.7639
453,7,-75,0.09375,0,0.0001
453,8,-60,0.875,0.459832,0.2945
453,9,-45,2.46875,1.81717725,1.5664
453,10,-30,4.40625,3.67206725,3.4377
453,11,-15,6.0625,5.29817075,5.0684
453,12,0,6.90625,6.12182725,5.7727
453,13,15,6.0625,5.297857,5.0684
453,14,30,4.40625,3.6720045,3.4377
453,15,45,2.46875,1.81843225,1.5677
453,16,60,0.875,0.45964375,0.2938
453,17,75,0.09375,0,0
453,18,90,0.25,0.503757,0.7596
453,19,105,1.09375,1.64310875,2.0934
453,20,120,1.9375,2.4533995,3.1025
453,21,135,1.6875,2.430935,2.7868
453,22,150,0.75,1.5530625,1.8486
453,23,165,0.0625,0.826543,1.0895
453,24,180,0,0.7009175,1.0412
454,1,-165,0.40625,0.1241195,0.0656
454,2,-150,0.90625,0.2712055,0.3019
454,3,-135,2.375,1.401584,1.5117
454,4,-120,6.46875,4.7186745,5.4366
454,5,-105,6.21875,4.497418,5.2246
454,6,-90,5.03125,3.5728595,4.3217
454,7,-75,3.25,2.0907045,2.7991
454,8,-60,1.65625,0.81029075,1.3166
454,9,-45,0.65625,0.2064475,0.4301
454,10,-30,0.21875,0.11100475,0.2271
454,11,-15,0.03125,0.080571,0.3259
454,12,0,0.03125,0.13208875,0.5326
454,13,15,0.34375,0.231924,0.135
454,14,30,0.5,0.119225,0
454,15,45,1.0625,0.4710015,0.4077
454,16,60,2.46875,1.62397,1.7701
454,17,75,9.46875,7.3935815,7.0552
454,18,90,7.75,5.9021395,6.0806
454,19,105,5.28125,3.739649,4.3705
454,20,120,2.90625,1.78291575,2.5768
454,21,135,1.15625,0.4935915,1.2139
454,22,150,0.21875,0,0.5551
454,23,165,0,0.102157,0.3913
454,24,180,0.375,0.342364,0.2474
455,1,-165,12.78125,13.840642,14.6881
455,2,-150,6.8125,7.429098,8.2196
455,3,-135,2.75,3.072491,3.8287
455,4,-120,0.71875,0.80715325,1.3238
455,5,-105,0.03125,0.007781,0.1925
455,6,-90,0,0.00395325,0.0181
455,7,-75,0.40625,0.4890735,0.4697
455,8,-60,1.40625,1.689481,1.8398
455,9,-45,3.59375,4.31061125,4.5651
455,10,-30,7.46875,8.74716175,8.8844
455,11,-15,12.15625,13.76189075,13.9733
455,12,0,15.6875,16.88295025,17.7453
455,13,15,10.59375,11.72728475,12.7359
455,14,30,5.84375,6.65005675,7.5774
455,15,45,2.375,2.828017,3.672
455,16,60,0.59375,0.7305355,1.2853
455,17,75,0,0,0.1878
455,18,90,0,0.01248725,0
455,19,105,0.46875,0.54448175,0.4742
455,20,120,1.59375,1.90490175,1.9663
455,21,135,4.21875,4.88615425,4.9872
455,22,150,8.84375,10.20923675,10.1416
455,23,165,16.09375,16.77790675,16.8802
455,24,180,18.03125,19.22452925,19.4913
456,1,-165,0.5,0.30414925,0.3313
456,2,-150,1.9375,1.156357,1.3008
456,3,-135,4,2.513263,2.9884
456,4,-120,6.4375,4.20908175,5.0377
456,5,-105,8.875,5.957736,6.6872
456,6,-90,10.375,7.10662575,7.9998
456,7,-75,10.4375,7.3328395,8.557
456,8,-60,9.375,6.80642975,8.1978
456,9,-45,8.375,6.5768275,7.9173
456,10,-30,8.1875,7.094515,8.355
456,11,-15,8.625,8.06494375,9.4324
456,12,0,9,8.688616,10.2044
456,13,15,8.625,8.06833225,9.4366
456,14,30,8.1875,7.0883655,8.3485
456,15,45,8.375,6.5778315,7.92
456,16,60,9.375,6.8029785,8.1946
456,17,75,10.4375,7.335475,8.5575
456,18,90,10.375,7.11177125,8.0023
456,19,105,8.875,5.95779875,6.6872
456,20,120,6.4375,4.19879075,5.0347
456,21,135,4,2.51771825,2.9953
456,22,150,1.9375,1.156357,1.3008
456,23,165,0.5,0.302455,0.3299
456,24,180,0,0,0
457,1,-165,6.90625,5.25424575,2.9884
457,2,-150,7.65625,5.8790475,3.7837
457,3,-135,8.53125,6.5800905,4.698
457,4,-120,5.125,4.17733025,3.2286
457,5,-105,2.96875,2.462812,1.9114
457,6,-90,1.0625,0.855157,0.6186
457,7,-75,0,0,0
457,8,-60,0.5625,0.512793,0.5635
457,9,-45,2.5,2.409349,2.4171
457,10,-30,7.21875,6.1471155,4.4722
457,11,-15,6.375,6.2525355,3.9662
457,12,0,6.28125,6.4159365,4.0314
457,13,15,6.375,6.2575555,3.9727
457,14,30,7.21875,6.14868425,4.4722
457,15,45,2.5,2.409851,2.4429
457,16,60,0.5625,0.51222825,0.5654
457,17,75,0,0,0
457,18,90,1.0625,0.8555335,0.6192
457,19,105,2.96875,2.473856,1.923
457,20,120,5.125,4.173879,3.2262
457,21,135,8.53125,6.58128275,4.6982
457,22,150,7.65625,5.88889925,3.7937
457,23,165,6.90625,5.27106275,2.9938
457,24,180,6.75,5.17417675,2.7113
458,1,-165,2.0625,2.0384965,2.1247
458,2,-150,0.5625,0.4885715,0.5687
458,3,-135,0,0.001757,0
458,4,-120,0.3125,0.36213025,0.2307
458,5,-105,0.9375,1.061228,0.7844
458,6,-90,1.3125,1.43164125,1.0683
458,7,-75,0.9375,1.09806225,0.8301
458,8,-60,0.3125,0.3716055,0.259
458,9,-45,0,0,0.0013
458,10,-30,0.6875,0.615452,0.6814
458,11,-15,2.25,2.30210925,2.3466
458,12,0,4.125,4.424377,4.3612
458,13,15,2.25,2.30198375,2.3466
458,14,30,0.6875,0.615703,0.6818
458,15,45,0,0.00056475,0.0023
458,16,60,0.3125,0.37154275,0.2591
458,17,75,0.9375,1.097121,0.8291
458,18,90,1.3125,1.43126475,1.0683
458,19,105,0.9375,1.06116525,0.7844
458,20,120,0.3125,0.36213025,0.2307
458,21,135,0,0.001757,0
458,22,150,0.5625,0.488446,0.5687
458,23,165,2.0625,2.03868475,2.1247
458,24,180,4.0625,4.3087915,4.2879
459,1,-165,1.78125,0.5212015,0.4339
459,2,-150,1.875,0.757016,0.4979
459,3,-135,2.125,1.144058,0.6585
459,4,-120,1.65625,1.1881085,0.3984
459,5,-105,1,0.89487775,0.1242
459,6,-90,0.34375,0.423688,0
459,7,-75,0,0,0.108
459,8,-60,0.09375,0.01035375,0.5189
459,9,-45,0.875,0.6720525,1.1195
459,10,-30,2.0625,1.78366875,1.9995
459,11,-15,3.25,2.874452,2.8343
459,12,0,3.875,3.38831175,3.2631
459,13,15,3.25,2.87175375,2.8314
459,14,30,2.0625,1.7852375,1.9889
459,15,45,0.875,0.66998175,1.1231
459,16,60,0.09375,0.00859675,0.5172
459,17,75,0,0.00043925,0.1084
459,18,90,0.34375,0.423688,0
459,19,105,1,0.89713675,0.1256
459,20,120,1.65625,1.18716725,0.3972
459,21,135,2.125,1.1481995,0.8049
459,22,150,1.875,0.76009075,0.5015
459,23,165,1.78125,0.52000925,0.4328
459,24,180,2.09375,0.809224,0.8455
460,1,-165,0.71875,0.7021725,0.5085
460,2,-150,1.1875,0.794666,0.6462
460,3,-135,2.0625,1.19519925,1.035
460,4,-120,3.15625,1.76170625,1.552
460,5,-105,4,2.1125415,1.9025
460,6,-90,4.09375,1.9775035,1.9812
460,7,-75,3.28125,1.40666675,1.6295
460,8,-60,2.03125,0.66515,0.9381
460,9,-45,0.96875,0.146835,0.324
460,10,-30,0.34375,0,0.0063
460,11,-15,0.0625,0.10196875,0
460,12,0,0,0.18825,0.0542
460,13,15,0.0625,0.1020315,0
460,14,30,0.34375,0.00043925,0.0071
460,15,45,0.96875,0.146333,0.324
460,16,60,2.03125,0.664648,0.9381
460,17,75,3.28125,1.4007055,1.6241
460,18,90,4.09375,1.9775035,1.9812
460,19,105,4,2.112918,1.9025
460,20,120,3.15625,1.7601375,1.5504
460,21,135,2.0625,1.195262,1.035
460,22,150,1.1875,0.79497975,0.6462
460,23,165,0.71875,0.702047,0.5085
460,24,180,0.59375,0.730159,0.5097
461,1,-165,0.84375,1.1268645,0.9899
461,2,-150,0.15625,0.19044625,0.1406
461,3,-135,0.03125,0.003765,0.0176
461,4,-120,0.5,0.325296,0.3137
461,5,-105,0.5625,0.691756,0.9725
461,6,-90,1.28125,0.998227,0.8758
461,7,-75,0.4375,0.653353,0.9386
461,8,-60,0.40625,0.29812525,0.2737
461,9,-45,0,0.00018825,0.0002
461,10,-30,0.1875,0.269825,0.2289
461,11,-15,0.96875,1.259518,1.1567
461,12,0,1.75,2.5967205,2.552
461,13,15,0.96875,1.25769825,1.1544
461,14,30,0.1875,0.27089175,0.2298
461,15,45,0,0,0
461,16,60,0.40625,0.29812525,0.2736
461,17,75,0.4375,0.6544825,0.9399
461,18,90,1.21875,1.007263,0.9258
461,19,105,0.59375,0.6825945,0.9599
461,20,120,0.5,0.3276805,0.3125
461,21,135,0.03125,0.00207075,0.0166
461,22,150,0.09375,0.198541,0.1446
461,23,165,0.875,1.13621425,0.9598
461,24,180,1.75,2.52010275,2.4397
462,1,-165,0.09375,0.02930425,0.1259
462,2,-150,0.5,0.276853,0.5951
462,3,-135,1.40625,0.9253115,1.4408
462,4,-120,2.75,1.9157575,2.4723
462,5,-105,4.09375,2.89622625,3.3743
462,6,-90,4.71875,3.30134025,3.7454
462,7,-75,4.09375,2.91379625,3.4116
462,8,-60,2.78125,1.967338,2.5153
462,9,-45,1.46875,0.9760135,1.4793
462,10,-30,0.53125,0.301451,0.6183
462,11,-15,0.09375,0.03796375,0.1355
462,12,0,0,0.003514,0.0037
462,13,15,0.09375,0.03796375,0.1355
462,14,30,0.53125,0.298941,0.616
462,15,45,1.46875,0.978649,1.4826
462,16,60,2.78125,1.9722325,2.5195
462,17,75,4.09375,2.9139845,3.4116
462,18,90,4.71875,3.30134025,3.7454
462,19,105,4.09375,2.89584975,3.3744
462,20,120,2.75,1.91807925,2.4747
462,21,135,1.40625,0.92600175,1.4423
462,22,150,0.5,0.278359,0.5965
462,23,165,0.09375,0.02930425,0.1259
462,24,180,0,0,0
463,1,-165,3.34375,4.127695,4.3158
463,2,-150,1.03125,1.47086,1.6813
463,3,-135,0.03125,0.1780845,0.332
463,4,-120,0.125,0.00043925,0
463,5,-105,0.625,0.3357125,0.1524
463,6,-90,0.9375,0.56180075,0.3104
463,7,-75,0.65625,0.35748675,0.1688
463,8,-60,0.15625,0.0186995,0.0102
463,9,-45,0,0.12681775,0.2638
463,10,-30,0.90625,1.308965,1.4732
463,11,-15,3.0625,3.8268715,3.9233
463,12,0,5.75,6.811889,6.6406
463,13,15,3.0625,3.8268715,3.9233
463,14,30,0.90625,1.308965,1.4732
463,15,45,0,0.1246215,0.2613
463,16,60,0.15625,0.018574,0.01
463,17,75,0.65625,0.35723575,0.1688
463,18,90,0.9375,0.56180075,0.3104
463,19,105,0.625,0.33590075,0.1524
463,20,120,0.125,0,0
463,21,135,0.03125,0.17852375,0.3321
463,22,150,1.03125,1.47086,1.6813
463,23,165,3.34375,4.12838525,4.3165
463,24,180,5.75,6.81170075,6.6406
464,1,-165,0.375,0.31544425,0.3054
464,2,-150,1.5625,1.265291,1.2711
464,3,-135,3.4375,2.84226125,2.9406
464,4,-120,5.875,4.921859,5.2089
464,5,-105,8.4375,7.2131125,7.7323
464,6,-90,10.3125,8.8933065,9.832
464,7,-75,8.375,7.23338075,7.8383
464,8,-60,5.75,4.8931195,5.1966
464,9,-45,3.3125,2.77813075,2.8599
464,10,-30,1.46875,1.21565575,1.2055
464,11,-15,0.375,0.2993175,0.2845
464,12,0,0,0.000753,0.0015
464,13,15,0.375,0.2993175,0.2845
464,14,30,1.46875,1.21565575,1.2055
464,15,45,3.3125,2.7781935,2.8599
464,16,60,5.75,4.89293125,5.1969
464,17,75,8.375,7.23802425,7.8417
464,18,90,10.3125,8.896444,9.8355
464,19,105,8.4375,7.21405375,7.7329
464,20,120,5.875,4.921859,5.2089
464,21,135,3.4375,2.8427005,2.9407
464,22,150,1.5625,1.26485175,1.2707
464,23,165,0.375,0.315507,0.3053
464,24,180,0,0,0
465,1,-165,0.5625,1.429947,1.4884
465,2,-150,0.4375,1.582053,2.0439
465,3,-135,0.4375,1.48341,1.6928
465,4,-120,0.84375,1.69230475,2.0615
465,5,-105,0.40625,0.7458465,1.2469
465,6,-90,0,0.1238685,0.5075
465,7,-75,0,0,0
465,8,-60,0.21875,0.04185425,0.07
465,9,-45,1.03125,1.335571,1.3915
465,10,-30,2.28125,2.57024,2.9107
465,11,-15,3.6875,3.999183,4.5435
465,12,0,4.71875,5.012972,5.6979
465,13,15,3.6875,3.99843,4.5428
465,14,30,2.28125,2.573001,2.913
465,15,45,1.03125,1.301184,1.3659
465,16,60,0.21875,0.04436425,0.0721
465,17,75,0,0.0041415,0.0038
465,18,90,0,0.1278845,0.5005
465,19,105,0.40625,0.744968,1.248
465,20,120,0.84375,1.692493,2.0615
465,21,135,0.4375,1.476884,1.693
465,22,150,0.4375,1.5836845,2.0456
465,23,165,0.5625,1.427688,1.4862
465,24,180,0.125,1.06317325,1.3369
466,1,-165,1.3125,1.3482465,1.1944
466,2,-150,1.71875,1.584814,1.7299
466,3,-135,2.1875,1.7571255,2.166
466,4,-120,1.90625,1.8753465,2.4629
466,5,-105,1.375,1.25631775,1.6799
466,6,-90,1.9375,1.057212,0.9761
466,7,-75,1.8125,0.44885075,0.1533
466,8,-60,1.15625,0.0681465,0
466,9,-45,2.21875,1.0051295,0.909
466,10,-30,3.6875,2.37289125,2.2714
466,11,-15,4.90625,3.53916275,3.406
466,12,0,5.40625,3.9189885,3.6888
466,13,15,5.15625,3.47992675,3.15
466,14,30,4.3125,2.5819115,2.2094
466,15,45,2.21875,1.01372625,0.9197
466,16,60,2.1875,0.97130725,0.3237
466,17,75,1.625,0.83313175,0.2218
466,18,90,0.625,0.25696125,0.4859
466,19,105,1.375,1.26472625,1.6904
466,20,120,1.90625,1.87641325,2.4654
466,21,135,2.1875,1.75681175,2.1652
466,22,150,1.71875,1.58412375,1.7295
466,23,165,1.3125,1.35470975,1.1954
466,24,180,0,0,0.39
467,1,-165,0,0,0.1991
467,2,-150,0.09375,0.321029,0.141
467,3,-135,0.34375,0.63270825,0.0942
467,4,-120,0.90625,1.186979,0.4691
467,5,-105,1.1875,1.90439975,1.0544
467,6,-90,0.53125,1.42135025,0.5423
467,7,-75,0.1875,0.80589825,0.1779
467,8,-60,0.375,0.07661775,0.0022
467,9,-45,0.875,0.29875275,0.5112
467,10,-30,2.0625,1.5292175,1.9555
467,11,-15,3.34375,2.8828605,3.3594
467,12,0,4.25,3.7452965,4.2575
467,13,15,3.34375,2.88304875,3.3608
467,14,30,2.0625,1.52827625,1.9526
467,15,45,0.875,0.29900375,0.5116
467,16,60,0.375,0.075049,0
467,17,75,0.1875,0.806714,0.1791
467,18,90,0.53125,1.43151575,0.5429
467,19,105,1.1875,1.90414875,1.0544
467,20,120,0.90625,1.186477,0.4686
467,21,135,0.34375,0.63295925,0.0941
467,22,150,0.09375,0.32109175,0.141
467,23,165,0,6.27E-05,0.1991
467,24,180,0.15625,0.026104,0.4691
468,1,-165,0.125,0.199294,0
468,2,-150,0,0,0.0523
468,3,-135,0.40625,0.27340175,0.5312
468,4,-120,1.25,0.97507225,1.2543
468,5,-105,2.1875,1.73535125,1.9477
468,6,-90,2.59375,2.06729875,2.2241
468,7,-75,2.1875,1.735163,1.9191
468,8,-60,1.28125,0.9830415,1.2312
468,9,-45,0.40625,0.27315075,0.5224
468,10,-30,0,0.00031375,0.0538
468,11,-15,0.125,0.19571725,0.0002
468,12,0,0.28125,0.4074985,0.1068
468,13,15,0.125,0.195529,0.0002
468,14,30,0,0.00031375,0.0538
468,15,45,0.40625,0.2732135,0.5224
468,16,60,1.28125,0.9837945,1.2316
468,17,75,2.1875,1.73723375,1.9214
468,18,90,2.59375,2.0673615,2.2241
468,19,105,2.1875,1.73535125,1.9477
468,20,120,1.25,0.97507225,1.2543
468,21,135,0.40625,0.2659345,0.5232
468,22,150,0,0,0.0523
468,23,165,0.125,0.199294,0
468,24,180,0.28125,0.404361,0.1036
469,1,-165,0.0625,0.01123225,0.0591
469,2,-150,0.40625,0.202306,0.3092
469,3,-135,1.125,0.823531,0.8771
469,4,-120,2.25,1.8053175,1.6307
469,5,-105,3.375,2.791622,2.305
469,6,-90,3.84375,3.25766625,2.6077
469,7,-75,3.375,2.78315075,2.3024
469,8,-60,2.21875,1.80469,1.6534
469,9,-45,1.09375,0.81342825,0.8917
469,10,-30,0.375,0.19722325,0.3144
469,11,-15,0.0625,0.0111695,0.06
469,12,0,0,0.0001255,0
469,13,15,0.0625,0.0111695,0.06
469,14,30,0.375,0.197537,0.3148
469,15,45,1.09375,0.8153735,0.8939
469,16,60,2.21875,1.80387425,1.6525
469,17,75,3.375,2.78315075,2.3024
469,18,90,3.84375,3.25766625,2.6077
469,19,105,3.375,2.791622,2.305
469,20,120,2.25,1.80525475,1.6307
469,21,135,1.125,0.82321725,0.8764
469,22,150,0.40625,0.20236875,0.3092
469,23,165,0.0625,0.011295,0.0591
469,24,180,0,0,0
470,1,-165,0.4375,0.03746175,0.5262
470,2,-150,0.34375,0.0867205,0.2916
470,3,-135,0.34375,0.17500975,0.15
470,4,-120,0.3125,0.19860375,0.0281
470,5,-105,0.125,0.0909875,0
470,6,-90,0,0,0.2326
470,7,-75,0.15625,0.18417125,0.6754
470,8,-60,0.6875,0.644066,1.2257
470,9,-45,1.46875,1.368703,1.7175
470,10,-30,2.375,2.288367,2.2576
470,11,-15,3.15625,3.0618235,2.8374
470,12,0,3.46875,3.39170025,3.0742
470,13,15,3.15625,3.06201175,2.8374
470,14,30,2.375,2.28805325,2.2574
470,15,45,1.46875,1.36813825,1.7171
470,16,60,0.6875,0.644568,1.2267
470,17,75,0.15625,0.18655575,0.6777
470,18,90,0,0.004016,0.2365
470,19,105,0.125,0.090611,0
470,20,120,0.3125,0.20073725,0.0314
470,21,135,0.34375,0.177708,0.1532
470,22,150,0.34375,0.08828925,0.2932
470,23,165,0.4375,0.03765,0.5261
470,24,180,0.53125,0.03131225,0.6751
471,1,-165,0.46875,0.2761,0.2726
471,2,-150,1.0625,0.74189325,0.8425
471,3,-135,1.96875,1.43013525,1.7861
471,4,-120,1.625,0.83463775,2.2402
471,5,-105,3.40625,2.0964775,3.4898
471,6,-90,4.65625,3.02084775,4.2816
471,7,-75,3.28125,2.1293585,3.3849
471,8,-60,1.5625,0.7553845,2.0489
471,9,-45,1.8125,1.52551525,1.7813
471,10,-30,1,0.68441425,0.7267
471,11,-15,0.4375,0.2850105,0.2543
471,12,0,0,0,0
471,13,15,0.4375,0.28532425,0.2543
471,14,30,0.96875,0.76084375,0.7941
471,15,45,1.8125,1.52250325,1.7791
471,16,60,1.53125,0.80677675,2.0966
471,17,75,3.28125,2.13506875,3.3907
471,18,90,4.65625,3.0199065,4.281
471,19,105,3.40625,2.0954735,3.4899
471,20,120,1.625,0.8447405,2.2517
471,21,135,1.96875,1.454545,1.8084
471,22,150,1.09375,0.56995825,0.7203
471,23,165,0.46875,0.2817475,0.2813
471,24,180,0,0.013052,0.0173
472,1,-165,0.1875,0.0402855,0.0072
472,2,-150,0.75,0.2230135,0.2018
472,3,-135,1.84375,0.84794075,0.821
472,4,-120,3.34375,1.84579125,1.7266
472,5,-105,4.65625,2.8015365,2.5049
472,6,-90,5.21875,3.197991,2.8353
472,7,-75,4.6875,2.80900375,2.613
472,8,-60,3.34375,1.870452,1.8503
472,9,-45,1.90625,0.9110045,0.9767
472,10,-30,0.84375,0.3507725,0.4268
472,11,-15,0.3125,0.21404025,0.2699
472,12,0,0.15625,0.215358,0.267
472,13,15,0.28125,0.1682955,0.2665
472,14,30,0.8125,0.28218675,0.4231
472,15,45,1.84375,0.8269195,0.9741
472,16,60,3.28125,1.77613875,1.8498
472,17,75,4.59375,2.69279075,2.5968
472,18,90,5.125,3.0826565,2.8225
472,19,105,4.5625,2.67145575,2.502
472,20,120,3.21875,1.72939,1.7365
472,21,135,1.78125,0.74101475,0.8311
472,22,150,0.6875,0.14049725,0.2082
472,23,165,0.15625,0,0.009
472,24,180,0,0.04072475,0
473,1,-165,0.28125,0.780861,0.7005
473,2,-150,0.03125,0.61978175,0.4366
473,3,-135,0,0.52565675,0.3087
473,4,-120,0.03125,0.446278,0.2341
473,5,-105,0.0625,0.2659345,0.1309
473,6,-90,0.09375,0.02302925,0
473,7,-75,0.3125,0,0.101
473,8,-60,1.09375,0.57999825,0.7732
473,9,-45,2.4375,1.9127455,2.0892
473,10,-30,4.125,3.762239,3.827
473,11,-15,5.75,5.52043125,5.3072
473,12,0,6.46875,6.2871735,5.7061
473,13,15,5.65625,5.41827425,4.9511
473,14,30,4.09375,3.7463005,3.4612
473,15,45,2.46875,1.9827745,1.8299
473,16,60,1.21875,0.74641125,0.6555
473,17,75,0.46875,0.22445675,0.0905
473,18,90,0.25,0.262546,0.038
473,19,105,0.25,0.50068225,0.1881
473,20,120,0.1875,0.6647735,0.2148
473,21,135,0.125,0.701796,0.1784
473,22,150,0.125,0.7506155,0.2191
473,23,165,0.3125,0.8525215,0.449
473,24,180,0.5,0.8861555,0.8262
474,1,-165,0.21875,0.12418225,0.0374
474,2,-150,0.90625,0.488195,0.174
474,3,-135,1.9375,1.08049225,0.5219
474,4,-120,3.0625,1.745956,1.0843
474,5,-105,3.90625,2.229633,1.7658
474,6,-90,4.125,2.29985025,2.0753
474,7,-75,3.5625,1.86311025,1.6887
474,8,-60,2.5625,1.21302025,0.9088
474,9,-45,1.6875,0.7548825,0.3097
474,10,-30,1.21875,0.7167305,0.1473
474,11,-15,1.125,0.95285875,0.2729
474,12,0,1.34375,1.39863475,0.4643
474,13,15,1.125,0.95260775,0.2726
474,14,30,1.21875,0.711334,0.1426
474,15,45,1.6875,0.75419225,0.3095
474,16,60,2.5625,1.2152165,0.9109
474,17,75,3.5625,1.86373775,1.6904
474,18,90,4.125,2.30148175,2.0784
474,19,105,3.90625,2.2292565,1.766
474,20,120,3.0625,1.74689725,1.0855
474,21,135,1.9375,1.081057,0.5245
474,22,150,0.9375,0.48813225,0.1766
474,23,165,0.21875,0.12255075,0.0349
474,24,180,0,0,0
475,1,-165,0.625,0.587089,0.5805
475,2,-150,2.3125,2.19505775,2.1997
475,3,-135,4.53125,4.3579875,4.4504
475,4,-120,6.59375,6.26125775,6.5273
475,5,-105,8.125,7.6154655,7.9777
475,6,-90,8.6875,8.127631,8.5065
475,7,-75,7.96875,7.5253565,7.8671
475,8,-60,6.3125,6.06296775,6.2684
475,9,-45,4.25,4.14545325,4.1544
475,10,-30,2.15625,2.06039625,1.9843
475,11,-15,0.5625,0.55012925,0.5168
475,12,0,0,0.00031375,0.0008
475,13,15,0.5625,0.550694,0.5175
475,14,30,2.15625,2.06127475,1.9858
475,15,45,4.25,4.14419825,4.1531
475,16,60,6.3125,6.06472475,6.2695
475,17,75,7.96875,7.5253565,7.8671
475,18,90,8.6875,8.12769375,8.5065
475,19,105,8.125,7.6152145,7.9774
475,20,120,6.59375,6.2613205,6.5273
475,21,135,4.53125,4.365894,4.4571
475,22,150,2.3125,2.1963755,2.2017
475,23,165,0.625,0.58702625,0.5805
475,24,180,0,0,0
476,1,-165,1.25,1.50631375,1.6322
476,2,-150,0.3125,0.36012225,0.323
476,3,-135,0.25,0.16315,0.0012
476,4,-120,0.75,0.6143225,0.4376
476,5,-105,1.25,1.09053225,1.0072
476,6,-90,1.375,1.1489525,1.2321
476,7,-75,0.875,0.63848125,0.9456
476,8,-60,0.125,0.00759275,0.3391
476,9,-45,0,0,0.0044
476,10,-30,0.625,0.88784975,0.4
476,11,-15,1.875,2.418636,1.5728
476,12,0,2.6875,3.44315525,2.5797
476,13,15,1.875,2.418636,1.5728
476,14,30,0.625,0.88784975,0.4
476,15,45,0,0,0.0044
476,16,60,0.125,0.007279,0.3383
476,17,75,0.875,0.63848125,0.9456
476,18,90,1.375,1.1489525,1.2321
476,19,105,1.25,1.090595,1.0072
476,20,120,0.75,0.60911425,0.4321
476,21,135,0.25,0.16208325,0
476,22,150,0.3125,0.3603105,0.323
476,23,165,1.25,1.50606275,1.633
476,24,180,3,3.5688435,3.9019
477,1,-165,0.03125,0.29611725,0.3174
477,2,-150,0,0.0031375,0.0041
477,3,-135,0.53125,0.3143775,0.27
477,4,-120,1.625,1.1707895,0.9807
477,5,-105,2.625,2.0199225,1.7126
477,6,-90,3.03125,2.3401985,2.0355
477,7,-75,2.59375,1.95849025,1.6286
477,8,-60,1.625,1.12793125,0.9246
477,9,-45,0.5625,0.31582075,0.2588
477,10,-30,0,0,0
477,11,-15,0.03125,0.28268875,0.3026
477,12,0,0.21875,0.58734,0.5971
477,13,15,0.03125,0.28243775,0.3026
477,14,30,0,0.0001255,0
477,15,45,0.5625,0.315758,0.2588
477,16,60,1.625,1.1316335,0.929
477,17,75,2.59375,1.9591805,1.6309
477,18,90,3.03125,2.34038675,2.0356
477,19,105,2.625,2.02011075,1.7126
477,20,120,1.625,1.1712915,0.9817
477,21,135,0.53125,0.314503,0.27
477,22,150,0,0.00320025,0.0041
477,23,165,0.03125,0.295929,0.3174
477,24,180,0.21875,0.5877165,0.5972
478,1,-165,1.125,1.42875475,1.362
478,2,-150,0.03125,0.16133025,0.1106
478,3,-135,0,0,0
478,4,-120,0.75,0.60371775,0.6454
478,5,-105,1.625,1.38545725,1.4509
478,6,-90,2.09375,1.840834,1.8959
478,7,-75,1.625,1.40503525,1.4316
478,8,-60,0.78125,0.64249725,0.684
478,9,-45,0.03125,0.00972625,0.0175
478,10,-30,0,0.15932225,0.1056
478,11,-15,1.125,1.46502425,1.3697
478,12,0,3.15625,3.6190435,3.4124
478,13,15,1.125,1.4632045,1.3671
478,14,30,0,0.1605145,0.1065
478,15,45,0.03125,0.00796925,0.0158
478,16,60,0.78125,0.64262275,0.6836
478,17,75,1.625,1.40616475,1.4349
478,18,90,2.09375,1.84102225,1.8959
478,19,105,1.625,1.385269,1.4483
478,20,120,0.75,0.6020235,0.6427
478,21,135,0,0.000502,0.0001
478,22,150,0.03125,0.161142,0.1106
478,23,165,1.125,1.42498975,1.3587
478,24,180,3.09375,3.527554,3.3627
479,1,-165,0,0.02290375,0
479,2,-150,0.4375,0.374492,0.3819
479,3,-135,1.125,0.8623105,1.0031
479,4,-120,1.875,1.31906775,1.5823
479,5,-105,2.46875,1.53856725,1.915
479,6,-90,2.875,1.5781625,1.9625
479,7,-75,3.21875,1.60081525,1.9571
479,8,-60,3.84375,2.0264485,2.3412
479,9,-45,4.90625,3.092822,3.2572
479,10,-30,6.28125,4.63590725,4.5258
479,11,-15,7.625,6.15357875,5.7119
479,12,0,8.25,6.89101675,6.3273
479,13,15,7.625,6.1511315,5.7095
479,14,30,6.28125,4.63289525,4.5434
479,15,45,4.90625,3.09413975,3.2577
479,16,60,3.84375,2.02688775,2.3409
479,17,75,3.21875,1.60056425,1.9571
479,18,90,2.875,1.57697025,1.9611
479,19,105,2.46875,1.54245775,1.9192
479,20,120,1.875,1.320762,1.583
479,21,135,1.125,0.8620595,1.0031
479,22,150,0.4375,0.37217025,0.3797
479,23,165,0,0.0232175,0.0005
479,24,180,0,0,0.109
480,1,-165,0.3125,0.2428425,0.234
480,2,-150,1.59375,1.44318725,1.4862
480,3,-135,3.90625,3.60630525,3.6826
480,4,-120,14.78125,13.809267,14.0482
480,5,-105,13.34375,12.571335,13.2406
480,6,-90,11.21875,10.6952355,11.6519
480,7,-75,8.8125,8.4209245,9.5133
480,8,-60,6.625,6.30041375,7.3095
480,9,-45,4.90625,4.62762425,5.4913
480,10,-30,3.84375,3.4453515,4.2387
480,11,-15,3.375,2.87087525,3.6785
480,12,0,3.375,2.80712125,3.5706
480,13,15,3.65625,2.912855,3.5314
480,14,30,4.65625,3.759478,4.4898
480,15,45,5.71875,4.833507,5.6048
480,16,60,7.28125,6.86528925,7.3549
480,17,75,9.40625,8.9271915,9.5206
480,18,90,11.84375,11.158205,11.6536
480,19,105,13.9375,12.91664825,13.1687
480,20,120,15.25,14.0132045,13.9077
480,21,135,6.1875,5.4222275,6.0297
480,22,150,4.6875,4.64230775,4.7211
480,23,165,3.15625,2.7483245,2.9726
480,24,180,0,0,0
481,1,-165,2.8125,2.55147775,2.7816
481,2,-150,2.25,2.05763525,2.2637
481,3,-135,1.4375,1.4250525,1.5719
481,4,-120,0.625,0.6557375,0.7651
481,5,-105,0.125,0.13861475,0.1895
481,6,-90,0,6.27E-05,0
481,7,-75,0.25,0.18818725,0.2497
481,8,-60,0.875,0.76536175,0.813
481,9,-45,1.625,1.545407,1.6561
481,10,-30,2.375,2.16468675,2.346
481,11,-15,2.875,2.58950425,2.8062
481,12,0,3.125,2.7320095,2.9638
481,13,15,2.875,2.5896925,2.8062
481,14,30,2.375,2.1647495,2.346
481,15,45,1.625,1.54534425,1.6561
481,16,60,0.875,0.768813,0.8161
481,17,75,0.25,0.18825,0.2497
481,18,90,0,0,0
481,19,105,0.125,0.1386775,0.1895
481,20,120,0.625,0.655863,0.7653
481,21,135,1.4375,1.42498975,1.5719
481,22,150,2.25,2.05750975,2.2637
481,23,165,2.8125,2.55147775,2.7816
481,24,180,3.125,2.73320175,2.9651
482,1,-165,4.59375,5.76088925,5.335
482,2,-150,0,0.94482675,0.3056
482,3,-135,0.625,0.58777925,0.3118
482,4,-120,0.4375,0.00345125,0.0118
482,5,-105,0.875,0.25520425,0.2869
482,6,-90,1.1875,0.48624975,0.3615
482,7,-75,0.9375,0.29661925,0.2492
482,8,-60,0.46875,0.00081575,0.0007
482,9,-45,0.5625,0.528104,0.3287
482,10,-30,1.90625,2.4742325,2.1347
482,11,-15,4.4375,5.6672035,5.36
482,12,0,5.71875,7.79606,7.2507
482,13,15,4.4375,5.69286825,5.3824
482,14,30,1.90625,2.47605225,2.136
482,15,45,0.5625,0.53757925,0.3322
482,16,60,0.46875,0,0
482,17,75,0.9375,0.299694,0.2523
482,18,90,1.1875,0.48599875,0.3615
482,19,105,0.875,0.2604125,0.2864
482,20,120,0.4375,0.00508275,0.0128
482,21,135,0.625,0.588344,0.3119
482,22,150,1.9375,2.52700525,2.0791
482,23,165,4.59375,5.761705,5.3345
482,24,180,5.84375,7.872113,7.1741
483,1,-165,0,0,0.2535
483,2,-150,0.59375,0.408126,1.1226
483,3,-135,1.625,1.21778925,2.4545
483,4,-120,2.90625,2.177676,3.9825
483,5,-105,4.03125,2.97704825,5.242
483,6,-90,4.53125,3.28853925,5.7458
483,7,-75,4.0625,3.02285575,5.2689
483,8,-60,3.0625,2.36937725,4.1721
483,9,-45,2.0625,1.7214835,2.9382
483,10,-30,1.40625,1.337328,1.9418
483,11,-15,1.125,1.22142875,1.3478
483,12,0,1.03125,1.1795745,1.1174
483,13,15,1.03125,1.12448,1.306
483,14,30,1.34375,1.237681,1.9596
483,15,45,2.03125,1.653588,3.0093
483,16,60,3.03125,2.311961,4.2871
483,17,75,4.03125,2.95270125,5.3839
483,18,90,4.5,3.24624575,5.7369
483,19,105,4.125,3.06050575,5.1825
483,20,120,3.25,2.48998275,4.024
483,21,135,2.1875,1.76873425,2.604
483,22,150,1.21875,1.0653695,1.3013
483,23,165,0.4375,0.47018575,0.3843
483,24,180,0,0.05653775,0
484,1,-165,0.34375,0.1753235,0.1725
484,2,-150,1.40625,0.845619,0.8094
484,3,-135,3.1875,2.1406535,2.0374
484,4,-120,5.375,3.8680355,3.6198
484,5,-105,7.3125,5.44563325,4.9215
484,6,-90,8.15625,6.12082325,5.3786
484,7,-75,7.34375,5.45341425,4.9395
484,8,-60,5.375,3.88046,3.6397
484,9,-45,3.1875,2.13205675,2.0377
484,10,-30,1.40625,0.8349515,0.7971
484,11,-15,0.34375,0.17450775,0.1677
484,12,0,0,0,0
484,13,15,0.34375,0.17450775,0.1677
484,14,30,1.40625,0.8354535,0.7982
484,15,45,3.1875,2.13092725,2.0355
484,16,60,5.375,3.880962,3.6405
484,17,75,7.34375,5.454481,4.9405
484,18,90,8.15625,6.120635,5.3779
484,19,105,7.3125,5.44362525,4.9188
484,20,120,5.375,3.86910225,3.6212
484,21,135,3.1875,2.1406535,2.0374
484,22,150,1.40625,0.845619,0.8094
484,23,165,0.34375,0.17300175,0.1703
484,24,180,0,0.001506,0.0018
485,1,-165,5.125,4.7525595,4.5065
485,2,-150,4.25,3.870169,3.6414
485,3,-135,4.1875,3.721326,3.4056
485,4,-120,4.5625,4.02058075,3.6357
485,5,-105,4.9375,4.10341075,3.6722
485,6,-90,4.5,3.47791875,3.0045
485,7,-75,3,2.10971775,1.7343
485,8,-60,1.25,0.7388185,0.565
485,9,-45,0.1875,0.0018825,0.003
485,10,-30,0,0.15568275,0.1641
485,11,-15,0.5,1.05752575,0.8943
485,12,0,1.4375,2.36699275,1.8925
485,13,15,0.5,1.06279675,0.8988
485,14,30,0,0.14809,0.1574
485,15,45,0.1875,0,0
485,16,60,1.25,0.7373125,0.5623
485,17,75,3,2.10971775,1.7343
485,18,90,4.5,3.4764755,3.0018
485,19,105,4.9375,4.1037245,3.6727
485,20,120,4.5625,4.01982775,3.6348
485,21,135,4.1875,3.7206985,3.4065
485,22,150,4.25,3.8700435,3.6414
485,23,165,5.125,4.758207,4.5142
485,24,180,6.5625,6.1636815,5.7171
486,1,-165,15.75,14.343897,13.3104
486,2,-150,14.53125,13.13037475,12.0326
486,3,-135,14.09375,12.75977325,11.5382
486,4,-120,14.3125,12.7441485,11.4802
486,5,-105,14.65625,12.715158,11.3879
486,6,-90,14.15625,11.99096025,10.5715
486,7,-75,12.25,10.312586,8.9767
486,8,-60,9.15625,7.787275,6.6215
486,9,-45,5.65625,4.9051675,4.0832
486,10,-30,2.65625,2.3246365,1.8908
486,11,-15,0.6875,0.60070575,0.4877
486,12,0,0,0,0
486,13,15,0.6875,0.5987605,0.485
486,14,30,2.65625,2.32633075,1.8991
486,15,45,5.65625,4.906046,4.084
486,16,60,9.15625,7.788781,6.6399
486,17,75,12.25,10.28805075,8.963
486,18,90,14.15625,11.989517,10.5713
486,19,105,14.65625,12.71233425,11.3853
486,20,120,14.3125,12.74094825,11.4766
486,21,135,14.09375,12.7572005,11.5356
486,22,150,14.53125,13.13301025,12.0348
486,23,165,15.75,14.34395975,13.3104
486,24,180,17.75,16.2395745,15.1349
487,1,-165,1.1875,1.573268,1.0589
487,2,-150,1.25,1.4170205,1.3997
487,3,-135,1.75,1.65339975,2.3939
487,4,-120,2.5,1.9478855,3.3405
487,5,-105,3,2.17359725,3.6664
487,6,-90,3.3125,2.69072,3.7581
487,7,-75,2.125,1.54797975,2.8022
487,8,-60,0.75,0.36501675,1.4448
487,9,-45,0,0,0.4304
487,10,-30,2.5625,3.84739075,4.1647
487,11,-15,2,3.3989165,3.2298
487,12,0,1.3125,2.60732525,1.8572
487,13,15,0.5625,1.50392925,0.5348
487,14,30,0.0625,0.52226825,0
487,15,45,0,0.008534,0.433
487,16,60,0.75,0.36313425,1.4419
487,17,75,2.125,1.5400105,2.7973
487,18,90,5.96875,5.23529525,6.2147
487,19,105,3,2.168891,3.6567
487,20,120,2.5,1.94769725,3.3405
487,21,135,1.75,1.6564745,2.3976
487,22,150,2.84375,2.61083925,3.1515
487,23,165,3.25,3.169879,3.3004
487,24,180,1.84375,2.248709,1.6008
488,1,-165,0.75,1.607906,1.1729
488,2,-150,1.96875,3.30259525,2.3948
488,3,-135,2.9375,4.3612505,3.0715
488,4,-120,1.6875,1.31931875,0.93
488,5,-105,0.9375,0.82271525,0.7304
488,6,-90,0.9375,1.02665275,1.0983
488,7,-75,1.65625,1.82407975,1.9014
488,8,-60,2.96875,3.15186975,2.99
488,9,-45,1.625,1.80738825,1.9331
488,10,-30,0.9375,1.0189345,1.1005
488,11,-15,0.9375,0.82334275,0.7263
488,12,0,1.65625,1.2852455,0.9069
488,13,15,3.0625,4.39055475,3.0389
488,14,30,2.15625,3.53602525,2.58
488,15,45,0.84375,1.7621455,1.3028
488,16,60,0.03125,0.34418375,0.2122
488,17,75,0,0.0036395,0
488,18,90,0.9375,0.77879025,0.5887
488,19,105,2.28125,2.24161825,1.6402
488,20,120,3.78125,3.961533,3.2125
488,21,135,2.4375,2.38042125,1.7854
488,22,150,1,0.81493425,0.6337
488,23,165,0.03125,0,0.0016
488,24,180,0,0.32272325,0.2176
489,1,-165,0.1875,0.0849635,0.1277
489,2,-150,0.875,0.47188,0.5816
489,3,-135,1.875,1.296415,1.3645
489,4,-120,3.125,2.45509375,2.2837
489,5,-105,4.25,3.53439375,3.1433
489,6,-90,4.75,4.0025715,3.5932
489,7,-75,4.25,3.53062875,3.1455
489,8,-60,3.0625,2.42535025,2.264
489,9,-45,1.75,1.2551255,1.3386
489,10,-30,0.8125,0.43768125,0.5518
489,11,-15,0.1875,0.0781865,0.1201
489,12,0,0,0.001506,0.002
489,13,15,0.1875,0.07812375,0.1201
489,14,30,0.8125,0.43755575,0.5518
489,15,45,1.75,1.2551255,1.3386
489,16,60,3.0625,2.424911,2.2638
489,17,75,4.25,3.53075425,3.1455
489,18,90,4.75,4.00250875,3.5932
489,19,105,4.25,3.5522775,3.1626
489,20,120,3.125,2.45509375,2.2837
489,21,135,1.875,1.29986625,1.3685
489,22,150,0.875,0.47188,0.5816
489,23,165,0.1875,0.08515175,0.1277
489,24,180,0,0,0
490,1,-165,0.3125,0.21837,0.2256
490,2,-150,1.28125,0.9105025,0.9162
490,3,-135,2.8125,2.05713325,2.0071
490,4,-120,4.6875,3.517765,3.293
490,5,-105,6.5,4.810164,4.2393
490,6,-90,7.28125,5.327224,4.5005
490,7,-75,6.53125,4.83218925,4.2231
490,8,-60,4.8125,3.59526125,3.2937
490,9,-45,2.90625,2.151823,2.047
490,10,-30,1.3125,0.9649695,0.9447
490,11,-15,0.34375,0.23537525,0.2367
490,12,0,0,0.00169425,0.0017
490,13,15,0.34375,0.2353125,0.2367
490,14,30,1.3125,0.9649695,0.9447
490,15,45,2.90625,2.15188575,2.047
490,16,60,4.8125,3.59513575,3.2937
490,17,75,6.53125,4.832252,4.2231
490,18,90,7.28125,5.3270985,4.5005
490,19,105,6.5,4.80997575,4.2393
490,20,120,4.6875,3.517514,3.2929
490,21,135,2.8125,2.05713325,2.0071
490,22,150,1.28125,0.91069075,0.9162
490,23,165,0.3125,0.21837,0.2256
490,24,180,0,0,0
491,1,-165,0.15625,0.08577925,0.3039
491,2,-150,0.875,0.67519,1.2988
491,3,-135,2.03125,1.635265,2.7714
491,4,-120,3.40625,2.691222,4.4412
491,5,-105,4.53125,3.497183,5.8047
491,6,-90,4.96875,3.7646235,6.3865
491,7,-75,4.40625,3.447987,5.9188
491,8,-60,3.3125,2.75303075,4.7723
491,9,-45,2.28125,2.09114375,3.4725
491,10,-30,1.625,1.7031605,2.4049
491,11,-15,1.375,1.56856175,1.7504
491,12,0,1.28125,1.49225775,1.5045
491,13,15,1.28125,1.434214,1.7763
491,14,30,1.5625,1.54333625,2.4672
491,15,45,2.28125,1.9687185,3.5088
491,16,60,3.3125,2.64472425,4.7769
491,17,75,4.34375,3.33309175,5.957
491,18,90,4.84375,3.6544345,6.3721
491,19,105,4.46875,3.460286,5.7977
491,20,120,3.5,2.81377275,4.5542
491,21,135,2.3125,1.956043,2.9723
491,22,150,1.21875,1.08111975,1.5134
491,23,165,0.40625,0.37179375,0.4388
491,24,180,0,0,0
492,1,-165,0.4375,0.39927825,0.7837
492,2,-150,1.15625,0.9228015,1.393
492,3,-135,2.21875,1.57295425,1.9926
492,4,-120,3.75,2.538112,2.7877
492,5,-105,5.34375,3.65838775,3.6056
492,6,-90,6.125,4.26518025,3.9045
492,7,-75,5.53125,3.99221775,3.5056
492,8,-60,3.9375,2.98884525,2.5948
492,9,-45,2.125,1.66356525,1.4237
492,10,-30,0.71875,0.547682,0.4077
492,11,-15,0.03125,0,0
492,12,0,0,0.0091615,0.2141
492,13,15,0.40625,0.40944375,0.8001
492,14,30,1.09375,0.93541425,1.4087
492,15,45,2.09375,1.576531,2.0142
492,16,60,3.5625,2.553423,2.8118
492,17,75,5.125,3.71982,3.6386
492,18,90,6.125,4.27358875,3.9086
492,19,105,5.5625,3.93298175,3.5574
492,20,120,3.96875,2.902313,2.7261
492,21,135,2.125,1.60018775,1.5472
492,22,150,0.71875,0.50570225,0.455
492,23,165,0.03125,0.0011295,0.0218
492,24,180,0,0.006526,0.2067
493,1,-165,1.0625,0.96151825,1.6478
493,2,-150,1.65625,1.89749725,2.4494
493,3,-135,3.34375,3.40148925,3.5583
493,4,-120,2.25,2.82042425,3.1419
493,5,-105,1.15625,1.67837425,1.8513
493,6,-90,0.21875,0.592109,0.6197
493,7,-75,0.21875,0.0254765,0
493,8,-60,0.90625,0,0.1392
493,9,-45,2.1875,0.79485425,1.1465
493,10,-30,3.875,2.2320175,2.829
493,11,-15,5.40625,3.664851,4.3911
493,12,0,6.4375,4.601834,5.2272
493,13,15,5.40625,3.671377,4.3969
493,14,30,3.875,2.22818975,2.8247
493,15,45,2.1875,0.7348025,1.0818
493,16,60,0.90625,0.00194525,0.1415
493,17,75,0,0.15191775,0.0274
493,18,90,0.21875,0.59417975,0.6218
493,19,105,1.125,1.66456925,1.8487
493,20,120,2.25,2.82080075,3.1428
493,21,135,3.34375,3.39985775,3.5568
493,22,150,1.65625,1.89699525,2.4488
493,23,165,1.0625,0.95662375,1.6527
493,24,180,0.6875,0.72319375,1.3358
494,1,-165,0.625,0.832567,0.8138
494,2,-150,0.15625,0.251251,0.2097
494,3,-135,0,0.008534,0.0157
494,4,-120,0.21875,0.098643,0.0421
494,5,-105,0.625,0.35893,0.5339
494,6,-90,0.90625,0.50871425,0.9246
494,7,-75,0.6875,0.374743,0.5977
494,8,-60,0.28125,0.13108475,0.1166
494,9,-45,0,0,0
494,10,-30,0.125,0.20324725,0.1736
494,11,-15,0.5625,0.77264075,0.7535
494,12,0,1,1.266295,1.3434
494,13,15,0.5625,0.77389575,0.7547
494,14,30,0.125,0.204565,0.175
494,15,45,0,0,0
494,16,60,0.28125,0.13083375,0.1166
494,17,75,0.6875,0.374743,0.5984
494,18,90,0.90625,0.50896525,0.9246
494,19,105,0.625,0.35911825,0.5328
494,20,120,0.21875,0.09782725,0.0413
494,21,135,0,0.0086595,0.0155
494,22,150,0.15625,0.2511255,0.2097
494,23,165,0.625,0.83250425,0.8136
494,24,180,1,1.268805,1.3459
495,1,-165,2.125,1.8323,1.8187
495,2,-150,2.59375,2.0590785,2.3993
495,3,-135,3.4375,2.55336025,3.255
495,4,-120,4.5625,3.25578375,4.2195
495,5,-105,5.65625,3.94477875,5.0347
495,6,-90,6.15625,4.3042735,5.3508
495,7,-75,5.625,4.11570975,4.9107
495,8,-60,4.28125,3.2731655,3.7406
495,9,-45,2.65625,2.0864375,2.3439
495,10,-30,1.25,0.99013225,1.1183
495,11,-15,0.34375,0.258279,0.293
495,12,0,0,0,0
495,13,15,0.34375,0.25959675,0.2944
495,14,30,1.25,0.99013225,1.1183
495,15,45,2.65625,2.0881945,2.3462
495,16,60,4.28125,3.2731655,3.7406
495,17,75,5.625,4.1102505,4.9066
495,18,90,6.15625,4.3042735,5.3508
495,19,105,5.65625,3.945971,5.0359
495,20,120,4.5625,3.25565825,4.2192
495,21,135,3.4375,2.55336025,3.255
495,22,150,2.59375,2.0590785,2.3993
495,23,165,2.125,1.8323,1.8187
495,24,180,1.96875,1.7827275,1.6082
496,1,-165,0.25,0.0997725,0.1851
496,2,-150,1.0625,0.559479,0.8447
496,3,-135,2.46875,1.68954375,2.096
496,4,-120,4.375,3.12099675,3.4908
496,5,-105,6.53125,4.71447025,4.9072
496,6,-90,8.09375,5.9508335,5.9959
496,7,-75,8.5625,6.44561725,6.3757
496,8,-60,8.21875,6.3898325,6.3057
496,9,-45,7.84375,6.3519315,6.2147
496,10,-30,7.96875,6.81998375,6.5652
496,11,-15,8.6875,7.8235445,7.3895
496,12,0,9.25,8.53832975,8.0007
496,13,15,8.6875,7.823419,7.3895
496,14,30,7.96875,6.820172,6.5655
496,15,45,7.84375,6.35237075,6.2151
496,16,60,8.21875,6.39039725,6.3063
496,17,75,8.5625,6.44348375,6.3702
496,18,90,8.09375,5.9523395,5.9968
496,19,105,6.53125,4.7149095,4.9035
496,20,120,4.40625,3.113655,3.4823
496,21,135,2.46875,1.688728,2.095
496,22,150,1.0625,0.560483,0.8457
496,23,165,0.25,0.09983525,0.1851
496,24,180,0,0,0
497,1,-165,0.46875,0.407373,0.3768
497,2,-150,1.84375,1.59755225,1.5079
497,3,-135,3.90625,3.36584725,3.2239
497,4,-120,6.21875,5.32101175,5.1145
497,5,-105,8.15625,6.9046335,6.6482
497,6,-90,8.90625,7.52014825,7.3018
497,7,-75,8.125,6.899488,6.6698
497,8,-60,6.21875,5.32440025,5.1362
497,9,-45,3.875,3.37827175,3.2458
497,10,-30,1.84375,1.611922,1.5278
497,11,-15,0.46875,0.41484025,0.3858
497,12,0,0,0,0
497,13,15,0.46875,0.41484025,0.3858
497,14,30,1.84375,1.61198475,1.5278
497,15,45,3.875,3.37827175,3.2458
497,16,60,6.21875,5.32440025,5.1362
497,17,75,8.125,6.8991115,6.6693
497,18,90,8.90625,7.52014825,7.3018
497,19,105,8.15625,6.905261,6.6488
497,20,120,6.21875,5.3213255,5.1146
497,21,135,3.90625,3.36747875,3.2262
497,22,150,1.84375,1.598117,1.5085
497,23,165,0.46875,0.407373,0.3768
497,24,180,0,0.00269825,0.0029
498,1,-165,0.953125,0.6316415,0.8625
498,2,-150,0.5625,0.40592975,0.5658
498,3,-135,0.171875,0.14413675,0.2107
498,4,-120,0,0,0.0059
498,5,-105,0.140625,0.02666875,0
498,6,-90,0.546875,0.1928935,0.1316
498,7,-75,1.203125,0.51975825,0.4708
498,8,-60,2.28125,1.51484775,1.3494
498,9,-45,3.59375,2.98821775,2.6413
498,10,-30,4.15625,3.82379675,3.2849
498,11,-15,3.9375,3.558929,3.0308
498,12,0,4.65625,3.89520625,3.3064
498,13,15,3.9375,3.55346975,3.025
498,14,30,4.15625,3.8241105,3.2859
498,15,45,3.953125,3.0186515,2.3728
498,16,60,2.28125,1.51484775,1.3494
498,17,75,1.203125,0.51957,0.4707
498,18,90,0.546875,0.1928935,0.1316
498,19,105,0.140625,0.02666875,0
498,20,120,0,0,0.0059
498,21,135,0.171875,0.14413675,0.2107
498,22,150,0.5625,0.40592975,0.5658
498,23,165,0.953125,0.6316415,0.8625
498,24,180,1.109375,0.715852,0.96
499,1,-165,2.40625,2.031845,2.447
499,2,-150,1.34375,1.284116,1.6919
499,3,-135,0.65625,0.84405025,0.9993
499,4,-120,0.3125,0.7626635,0.4982
499,5,-105,0.40625,1.035375,0.4271
499,6,-90,0.84375,1.4933245,0.7778
499,7,-75,1.46875,2.01245525,1.4215
499,8,-60,2.15625,2.5711185,2.1832
499,9,-45,2.8125,3.13555475,2.9777
499,10,-30,3.4375,3.63655075,3.5699
499,11,-15,3.84375,3.89997525,3.887
499,12,0,3.90625,3.80221075,3.8724
499,13,15,3.59375,3.41504325,3.5528
499,14,30,3.28125,3.09740275,3.1379
499,15,45,2.25,2.53704525,2.4135
499,16,60,1.46875,1.81692625,1.6254
499,17,75,0.8125,1.1712915,0.8926
499,18,90,0.3125,0.6454465,0.3147
499,19,105,0,0.260036,0.051
499,20,120,0.0625,0,0
499,21,135,0.46875,0.144074,0.4425
499,22,150,1.25,0.76335375,1.2083
499,23,165,2.28125,1.69443825,2.0623
499,24,180,3.46875,2.9483715,3.1764
500,1,-165,0.03125,0,0.001
500,2,-150,0.34375,0.049949,0.1988
500,3,-135,1.125,0.57228,0.907
500,4,-120,2.3125,1.4948305,1.8838
500,5,-105,3.4375,2.410604,2.7752
500,6,-90,3.9375,2.81829075,3.2343
500,7,-75,3.40625,2.40978825,2.7462
500,8,-60,2.28125,1.4938265,1.8422
500,9,-45,1.09375,0.563997,0.8856
500,10,-30,0.3125,0.04285825,0.1821
500,11,-15,0.03125,0.003263,0.001
500,12,0,0,0.0965095,0
500,13,15,0.03125,0.00458075,0.002
500,14,30,0.3125,0.04285825,0.1821
500,15,45,1.09375,0.563997,0.8856
500,16,60,2.28125,1.4938265,1.8422
500,17,75,3.40625,2.40978825,2.7462
500,18,90,3.9375,2.81778875,3.2348
500,19,105,3.4375,2.40853325,2.7727
500,20,120,2.3125,1.49790525,1.8864
500,21,135,1.125,0.57234275,0.907
500,22,150,0.34375,0.049949,0.1988
500,23,165,0.03125,0.0041415,0.0053
500,24,180,0,0.097388,0.0016
