scan,b3lyp_energy,mm_energy,b3lyp_relative_energy,mm_relative_energy
-165,-529927.94,4.689102,0,0.8752783000000002
-150,-529927.9,3.9063966,0.0399999999208375,0.09257289999999996
-135,-529927.25,3.8184652,0.6899999999441206,0.004641499999999965
-120,-529926.5,5.0096345,1.4399999999441206,1.1958107999999998
-105,-529925.9,5.3153367,2.0399999999208376,1.5015129999999997
-90,-529925.4,5.849513,2.5399999999208376,2.0356893
-75,-529925.25,5.8651133,2.6899999999441206,2.0512896
-60,-529925.56,5.414244,2.3799999998882413,1.6004203000000001
-45,-529925.9,4.8732905,2.0399999999208376,1.0594668000000005
-30,-529926.2,4.614877,1.7399999999906868,0.8010533
-15,-529926.25,4.949449,1.6899999999441206,1.1356253000000005
0,-529926.1,5.1964555,1.839999999967404,1.3826318
15,-529926.25,4.949016,1.6899999999441206,1.1351923000000004
30,-529926.2,4.6148787,1.7399999999906868,0.8010550000000003
45,-529925.9,4.8732915,2.0399999999208376,1.0594677999999997
60,-529925.56,5.4143505,2.3799999998882413,1.6005268000000004
75,-529925.25,5.865113,2.6899999999441206,2.0512893
90,-529925.4,5.850706,2.5399999999208376,2.0368823
105,-529925.9,5.315135,2.0399999999208376,1.5013112999999998
120,-529926.5,5.0081034,1.4399999999441206,1.1942797000000005
135,-529927.25,3.8138237,0.6899999999441206,0
150,-529927.9,3.9063962,0.0399999999208375,0.09257250000000017
165,-529927.94,4.68927,0,0.8754462999999997
180,-529927.9,5.2560754,0.0399999999208375,1.4422517000000004
-165,-683323.6,-33.583015,1.9600000000791624,4.063911999999995
-150,-683322.75,-32.79232,2.81000000005588,4.8546070000000014
-135,-683321.25,-31.506918,4.310000000055879,6.140008999999999
-120,-683319.4,-29.977022,6.160000000032596,7.669904999999996
-105,-683317.7,-28.685266,7.860000000102445,8.961661
-90,-683317,-28.31999,8.56000000005588,9.326936999999997
-75,-683318,-29.332573,7.560000000055879,8.314353999999998
-60,-683319.94,-31.179852,5.620000000111759,6.467074999999998
-45,-683322.2,-33.100677,3.360000000102445,4.546250000000001
-30,-683324.44,-34.69422,1.1200000001117587,2.9527069999999966
-15,-683325.56,-35.714733,0,1.9321939999999955
0,-683323.8,-37.646927,1.7600000000093132,0
15,-683325.56,-35.704773,0,1.942153999999995
30,-683324.44,-34.695595,1.1200000001117587,2.9513320000000007
45,-683322.2,-33.132732,3.360000000102445,4.514195000000001
60,-683319.94,-31.11575,5.620000000111759,6.531177
75,-683317.94,-29.31779,7.620000000111759,8.329137
90,-683317,-28.319458,8.56000000005588,9.327468999999997
105,-683317.7,-28.683628,7.860000000102445,8.963299
120,-683319.4,-29.975088,6.160000000032596,7.6718389999999985
135,-683321.25,-31.51192,4.310000000055879,6.135006999999998
150,-683322.75,-32.791466,2.81000000005588,4.855460999999998
165,-683323.6,-33.583057,1.9600000000791624,4.063870000000001
180,-683321.9,-35.498146,3.660000000032596,2.1487809999999996
-165,-287078,32.41408,6.5,8.761987999999999
-150,-287077.4,34.982277,7.099999999976717,11.330185000000004
-135,-287076.34,39.168518,8.159999999974389,15.516426
-120,-287075.2,43.377842,9.299999999988358,19.72575
-105,-287074.3,46.719116,10.200000000011642,23.067024
-90,-287074.38,47.273922,10.119999999995343,23.62183
-75,-287076.03,43.70241,8.46999999997206,20.050318
-60,-287078.47,38.243465,6.03000000002794,14.591373
-45,-287080.9,32.663963,3.599999999976717,9.011871000000003
-30,-287082.88,28.034742,1.6199999999953434,4.382650000000002
-15,-287084.1,24.924507,0.400000000023283,1.2724149999999987
0,-287084.5,23.652092,0,0
15,-287084.1,24.909094,0.400000000023283,1.257002
30,-287082.88,28.032726,1.6199999999953434,4.380634000000001
45,-287080.9,32.62104,3.599999999976717,8.968948000000001
60,-287078.47,38.249893,6.03000000002794,14.597801
75,-287076,43.698135,8.5,20.046043
90,-287074.4,47.305466,10.099999999976715,23.653374000000003
105,-287074.3,46.728344,10.200000000011642,23.076252
120,-287075.2,43.37037,9.299999999988358,19.718278
135,-287076.34,39.193245,8.159999999974389,15.541152999999998
150,-287077.4,34.987602,7.099999999976717,11.335510000000003
165,-287078.03,32.45965,6.46999999997206,8.807558000000004
180,-287078.16,31.533306,6.340000000025611,7.881214
-165,-324092.38,15.407827,0.3200000000069849,0.23059899999999978
-150,-324091.4,16.160334,1.2999999999883585,0.9831059999999994
-135,-324089.88,17.381285,2.820000000006985,2.204056999999999
-120,-324088,18.934124,4.7000000000116415,3.756896000000001
-105,-324086.2,20.397322,6.5,5.220094
-90,-324085.4,21.100628,7.2999999999883585,5.923400000000001
-75,-324086.16,20.42771,6.540000000037253,5.250482000000002
-60,-324087.88,18.947474,4.820000000006985,3.770246
-45,-324089.78,17.389624,2.919999999983702,2.212396000000002
-30,-324091.38,16.148241,1.320000000006985,0.9710129999999992
-15,-324092.34,15.419113,0.3599999999860301,0.2418849999999999
0,-324092.7,15.181143,0,0.003915000000001001
15,-324092.34,15.419113,0.3599999999860301,0.2418849999999999
30,-324091.38,16.148245,1.320000000006985,0.9710169999999998
45,-324089.78,17.389627,2.919999999983702,2.2123990000000013
60,-324087.88,18.947474,4.820000000006985,3.770246
75,-324086.16,20.42771,6.540000000037253,5.250482000000002
90,-324085.4,21.100626,7.2999999999883585,5.923397999999999
105,-324086.2,20.399574,6.5,5.222346000000002
120,-324088,18.933947,4.7000000000116415,3.7567190000000004
135,-324089.88,17.381285,2.820000000006985,2.204056999999999
150,-324091.4,16.160336,1.2999999999883585,0.9831080000000014
165,-324092.38,15.407822,0.3200000000069849,0.23059399999999997
180,-324092.7,15.177228,0,0
-165,-428174.28,-114.23305,0.0599999999976716,3.408319999999989
-150,-428173.88,-115.67735,0.4600000000209547,1.9640199999999908
-135,-428172.8,-116.81367,1.540000000037253,0.827699999999993
-120,-428171.16,-117.38568,3.1800000000512227,0.2556900000000013
-105,-428169.25,-117.5627,5.090000000025611,0.07866999999998825
-90,-428167.72,-117.24173,6.620000000053551,0.3996399999999909
-75,-428169.16,-117.64116,5.180000000051223,0.0002099999999956026
-60,-428171.1,-117.4419,3.2400000000488944,0.19946999999999093
-45,-428172.78,-116.82438,1.5599999999976717,0.8169899999999899
-30,-428173.84,-115.673836,0.5,1.9675340000000006
-15,-428174.28,-114.24446,0.0599999999976716,3.396909999999991
0,-428174.34,-113.428474,0,4.212896000000001
15,-428174.28,-114.2431,0.0599999999976716,3.3982699999999966
30,-428173.84,-115.67457,0.5,1.966799999999992
45,-428172.78,-116.83182,1.5599999999976717,0.8095500000000015
60,-428171.1,-117.42912,3.2400000000488944,0.21224999999999739
75,-428169.16,-117.64137,5.180000000051223,0
90,-428167.72,-117.24437,6.620000000053551,0.39699999999999136
105,-428169.25,-117.57234,5.090000000025611,0.06902999999999793
120,-428171.2,-117.39013,3.14000000001397,0.2512399999999957
135,-428172.8,-116.816376,1.540000000037253,0.8249939999999896
150,-428173.88,-115.68168,0.4600000000209547,1.9596899999999948
165,-428174.28,-114.23305,0.0599999999976716,3.408319999999989
180,-428174.34,-113.42857,0,4.212800000000001
-165,-419272.97,-37.99646,0.870000000053551,2.0544900000000013
-150,-419273.44,-39.505722,0.400000000023283,0.5452280000000016
-135,-419273.84,-40.05095,0,0
-120,-419272,-38.866226,1.8400000000256116,1.1847240000000028
-105,-419273.1,-39.470493,0.7400000000488944,0.5804570000000027
-90,-419273.7,-39.94604,0.1400000000139698,0.10490999999999673
-75,-419272.6,-37.352722,1.2400000000488944,2.6982280000000003
-60,-419273.2,-37.54664,0.6400000000139698,2.504310000000004
-45,-419272.8,-36.384354,1.040000000037253,3.6665959999999984
-30,-419271.3,-34.053623,2.540000000037253,5.9973269999999985
-15,-419268.94,-30.852156,4.900000000023283,9.198794
0,-419266.1,-27.842281,7.740000000048894,12.208669
15,-419268.94,-31.065248,4.900000000023283,8.985702
30,-419271.3,-33.99938,2.540000000037253,6.051569999999998
45,-419272.8,-36.397404,1.040000000037253,3.6535459999999986
60,-419273.2,-37.546375,0.6400000000139698,2.5045750000000027
75,-419272.6,-37.363014,1.2400000000488944,2.6879360000000005
90,-419271.56,-36.575874,2.28000000002794,3.4750760000000014
105,-419272.47,-36.39315,1.370000000053551,3.6578000000000017
120,-419272.1,-36.59632,1.7400000000488944,3.4546300000000016
135,-419273.84,-40.02477,0,0.026180000000003645
150,-419273.44,-39.510445,0.400000000023283,0.5405050000000031
165,-419272.97,-37.99219,0.870000000053551,2.0587599999999995
180,-419272.75,-36.889156,1.0900000000256114,3.1617940000000004
-165,-502088,-12.181406,0.8400000000256114,0.26316399999999973
-150,-502087.38,-11.484626,1.4600000000209548,0.9599440000000001
-135,-502086.22,-10.3043165,2.620000000053551,2.1402535
-120,-502084.78,-8.6877165,4.059999999997672,3.7568535
-105,-502083.56,-7.1614156,5.28000000002794,5.283154400000001
-90,-502083.12,-6.5039697,5.720000000030268,5.940600300000001
-75,-502083.75,-6.7902217,5.090000000025611,5.6543483000000005
-60,-502085.12,-7.5627193,3.720000000030268,4.8818507
-45,-502086.7,-8.216975,2.14000000001397,4.227595000000001
-30,-502087.9,-8.419458,0.9400000000023284,4.025112
-15,-502088.62,-8.279467,0.2200000000302679,4.165103
0,-502088.84,-8.1239805,0,4.3205895000000005
15,-502088.62,-8.279465,0.2200000000302679,4.1651050000000005
30,-502087.9,-8.419458,0.9400000000023284,4.025112
45,-502086.7,-8.216973,2.14000000001397,4.227597000000001
60,-502085.12,-7.5624795,3.720000000030268,4.8820905
75,-502083.75,-6.7902207,5.090000000025611,5.654349300000001
90,-502083.12,-6.5038795,5.720000000030268,5.9406905000000005
105,-502083.56,-7.1614156,5.28000000002794,5.283154400000001
120,-502084.78,-8.687717,4.059999999997672,3.7568530000000013
135,-502086.22,-10.304208,2.620000000053551,2.1403620000000014
150,-502087.38,-11.484628,1.4600000000209548,0.9599419999999999
165,-502088,-12.18135,0.8400000000256114,0.26322000000000045
180,-502088.2,-12.44457,0.6400000000139698,0
-165,-459013.72,16.287308,3.06000000005588,0.000377999999997769
-150,-459015.88,17.311615,0.9000000000232831,1.024684999999998
-135,-459014.94,18.053009,1.8400000000256116,1.7660789999999977
-120,-459014.1,18.361443,2.6800000000512227,2.0745129999999996
-105,-459015.3,18.362057,1.4800000000395812,2.0751269999999984
-90,-459016.22,17.652277,0.5600000000558794,1.3653469999999999
-75,-459016.4,17.2481,0.3800000000046566,0.9611699999999992
-60,-459015.6,17.186592,1.1800000000512227,0.8996619999999993
-45,-459013.97,17.73289,2.81000000005588,1.4459599999999995
-30,-459012.03,18.950954,4.75,2.6640239999999977
-15,-459010.4,20.01948,6.380000000004657,3.73255
0,-459009.62,20.257912,7.160000000032596,3.9709819999999993
15,-459010.4,20.017643,6.380000000004657,3.730712999999998
30,-459012.03,18.950954,4.75,2.6640239999999977
45,-459013.97,17.73289,2.81000000005588,1.4459599999999995
60,-459015.6,17.185833,1.1800000000512227,0.8989029999999971
75,-459016.4,17.250689,0.3800000000046566,0.9637589999999996
90,-459016.16,17.68964,0.620000000053551,1.402709999999999
105,-459015.3,18.353464,1.4800000000395812,2.066533999999997
120,-459014.1,18.348804,2.6800000000512227,2.0618739999999995
135,-459014.94,18.042847,1.8400000000256116,1.7559169999999966
150,-459015.88,17.31799,0.9000000000232831,1.03106
165,-459013.72,16.28693,3.06000000005588,0
180,-459016.78,16.385693,0,0.09876299999999816
-165,-393432.1,-17.297127,0.150000000023283,2.1298999999999992
-150,-393432.25,-18.76483,0,0.662196999999999
-135,-393431.62,-19.427027,0.6300000000046566,0
-120,-393430.38,-19.416468,1.8699999999953436,0.010559000000000651
-105,-393428.88,-18.813639,3.3699999999953434,0.6133880000000005
-90,-393427.88,-17.87162,4.369999999995343,1.5554069999999989
-75,-393428.56,-17.889507,3.690000000002328,1.5375200000000007
-60,-393430.03,-17.758886,2.2199999999720603,1.6681409999999985
-45,-393431.3,-17.353886,0.9500000000116416,2.0731409999999997
-30,-393432.03,-16.641941,0.2199999999720603,2.7850859999999997
-15,-393432.16,-15.555054,0.0900000000256113,3.8719729999999988
0,-393432,-14.585785,0.25,4.841241999999999
15,-393432.16,-15.555054,0.0900000000256113,3.8719729999999988
30,-393432.03,-16.641941,0.2199999999720603,2.7850859999999997
45,-393431.3,-17.353882,0.9500000000116416,2.0731450000000002
60,-393430.03,-17.758886,2.2199999999720603,1.6681409999999985
75,-393428.56,-17.847912,3.690000000002328,1.579114999999998
90,-393427.88,-17.872805,4.369999999995343,1.5542219999999993
105,-393428.88,-18.816242,3.3699999999953434,0.6107849999999999
120,-393430.38,-19.416458,1.8699999999953436,0.010569000000000273
135,-393431.62,-19.41718,0.6300000000046566,0.009847000000000605
150,-393432.25,-18.766495,0,0.6605319999999999
165,-393432.1,-17.29713,0.150000000023283,2.1298969999999997
180,-393431.25,-13.505721,1,5.9213059999999995
-165,-355676.6,-283.671,0.3000000000465661,0.24153999999998632
-150,-355675.56,-282.95682,1.3400000000256114,0.9557199999999852
-135,-355673.8,-281.79758,3.1000000000349246,2.1149599999999964
-120,-355671.3,-280.1263,5.600000000034925,3.786239999999964
-105,-355668.28,-277.94867,8.619999999995343,5.963869999999986
-90,-355665.5,-275.5863,11.400000000023285,8.326239999999984
-75,-355668.78,-278.02832,8.119999999995343,5.884219999999971
-60,-355671.8,-280.19067,5.100000000034925,3.721869999999967
-45,-355674.16,-281.8125,2.7400000000488944,2.1000399999999786
-30,-355675.75,-282.96472,1.150000000023283,0.9478199999999788
-15,-355676.62,-283.67026,0.2800000000279397,0.24227999999999383
0,-355676.9,-283.91254,0,0
15,-355676.62,-283.67026,0.2800000000279397,0.24227999999999383
30,-355675.75,-282.9636,1.150000000023283,0.9489399999999932
45,-355674.16,-281.8125,2.7400000000488944,2.1000399999999786
60,-355671.8,-280.19067,5.100000000034925,3.721869999999967
75,-355668.78,-278.0369,8.119999999995343,5.875639999999976
90,-355665.5,-275.5863,11.400000000023285,8.326239999999984
105,-355668.28,-277.96112,8.619999999995343,5.951419999999985
120,-355671.3,-280.1263,5.600000000034925,3.786239999999964
135,-355673.8,-281.79758,3.1000000000349246,2.1149599999999964
150,-355675.56,-282.95685,1.3400000000256114,0.9556900000000041
165,-355676.6,-283.671,0.3000000000465661,0.24153999999998632
180,-355676.9,-283.91205,0,0.0004899999999565807
-165,-431949.5,25.026173,0.1599999999743886,2.1626420000000017
-150,-431949.62,23.474669,0.0399999999790452,0.6111380000000004
-135,-431949.1,22.867954,0.5599999999976717,0.00442300000000273
-120,-431948.06,23.080149,1.599999999976717,0.21661800000000042
-105,-431946.97,23.941748,2.6900000000023283,1.0782170000000022
-90,-431946.3,25.289099,3.35999999998603,2.425568000000002
-75,-431947.03,23.994509,2.629999999946449,1.1309780000000025
-60,-431948.16,23.129652,1.5,0.26612100000000183
-45,-431949.2,22.884165,0.4599999999627471,0.02063400000000115
-30,-431949.66,23.611147,0,0.7476160000000007
-15,-431949.44,25.31669,0.2199999999720603,2.453159000000003
0,-431948.75,27.478035,0.9099999999743886,4.614504
15,-431949.44,25.315733,0.2199999999720603,2.4522020000000033
30,-431949.66,23.615343,0,0.751812000000001
45,-431949.2,22.886946,0.4599999999627471,0.023414999999999964
60,-431948.16,23.129648,1.5,0.26611700000000127
75,-431947.03,23.997814,2.629999999946449,1.1342830000000035
90,-431946.3,25.28865,3.35999999998603,2.4251190000000022
105,-431946.97,23.939062,2.6900000000023283,1.0755310000000016
120,-431948.06,23.077774,1.599999999976717,0.2142430000000033
135,-431949.1,22.863531,0.5599999999976717,0
150,-431949.62,23.488792,0.0399999999790452,0.6252610000000018
165,-431949.5,25.044338,0.1599999999743886,2.1808070000000015
180,-431948.8,27.261868,0.8599999999860302,4.3983370000000015
-165,-488362.53,-13.160925,2.769999999960419,1.7707509999999989
-150,-488363.25,-13.326522,2.0499999999883585,1.6051539999999989
-135,-488364.12,-13.69667,1.179999999993015,1.2350060000000003
-120,-488364.94,-14.20344,0.3599999999860301,0.728235999999999
-105,-488365.3,-14.753544,0,0.17813199999999973
-90,-488364.8,-14.915287,0.5,0.01638900000000021
-75,-488363.97,-14.931676,1.330000000016298,0
-60,-488363.25,-14.696308,2.0499999999883585,0.23536799999999936
-45,-488363,-14.349672,2.2999999999883585,0.5820039999999995
-30,-488363.12,-14.060213,2.179999999993015,0.8714630000000003
-15,-488363.34,-13.817373,1.959999999962747,1.1143029999999996
0,-488363.6,-13.647529,1.7000000000116415,1.284146999999999
15,-488363.38,-13.813868,1.9199999999837016,1.1178080000000001
30,-488363.12,-14.06021,2.179999999993015,0.8714659999999999
45,-488363,-14.368727,2.2999999999883585,0.5629489999999997
60,-488363.25,-14.697382,2.0499999999883585,0.23429400000000022
75,-488363.97,-14.925295,1.330000000016298,0.006380999999999304
90,-488364.8,-14.915286,0.5,0.01638999999999946
105,-488365.3,-14.754286,0,0.17738999999999905
120,-488364.94,-14.197936,0.3599999999860301,0.7337399999999992
135,-488364.12,-13.696671,1.179999999993015,1.2350049999999992
150,-488363.25,-13.3291445,2.0499999999883585,1.6025314999999996
165,-488362.53,-13.160884,2.769999999960419,1.7707920000000001
180,-488362.34,-13.0948925,2.959999999962747,1.8367834999999992
-165,-501513.16,-86.76413,0.5,1.0790860000000038
-150,-501513.66,-87.67681,0,0.16640599999999495
-135,-501513.6,-87.843216,0.0599999999976716,0
-120,-501513.06,-87.291016,0.5999999999767169,0.5521999999999991
-105,-501512.28,-86.33935,1.379999999946449,1.5038660000000021
-90,-501511.56,-85.48098,2.099999999976717,2.362235999999996
-75,-501511.72,-85.15428,1.9400000000023283,2.688935999999998
-60,-501512.47,-85.426155,1.1900000000023283,2.417061000000004
-45,-501513.16,-85.41527,0.5,2.4279459999999915
-30,-501513.28,-84.58334,0.3799999999464489,3.2598759999999913
-15,-501512.88,-83.042854,0.779999999969732,4.800361999999993
0,-501512.3,-81.72994,1.3599999999860302,6.113275999999999
15,-501512.88,-83.05368,0.779999999969732,4.789535999999998
30,-501513.28,-84.588776,0.3799999999464489,3.2544400000000024
45,-501513.16,-85.41663,0.5,2.4265860000000004
60,-501512.47,-85.4225,1.1900000000023283,2.4207159999999988
75,-501511.75,-85.243546,1.9099999999743889,2.5996700000000033
90,-501511.56,-85.48,2.099999999976717,2.363215999999994
105,-501512.28,-86.35908,1.379999999946449,1.4841359999999924
120,-501513,-87.278786,0.6599999999743886,0.5644300000000015
135,-501513.6,-87.84291,0.0599999999976716,0.0003059999999948104
150,-501513.66,-87.67366,0,0.16955600000000004
165,-501513.16,-86.76576,0.5,1.077455999999998
180,-501512.53,-85.88321,1.129999999946449,1.9600059999999928
-165,-408151.1,-63.009,1.3400000000256114,2.051776000000004
-150,-408151.47,-64.23182,0.970000000030268,0.8289560000000051
-135,-408151.16,-64.45032,1.2800000000279397,0.6104559999999992
-120,-408150.34,-64.00227,2.099999999976717,1.0585060000000084
-105,-408151.5,-64.86089,0.9400000000023284,0.19988600000000645
-90,-408151.12,-64.31614,1.320000000006985,0.7446359999999999
-75,-408151.44,-64.434074,1,0.6267020000000088
-60,-408152.1,-64.851616,0.3400000000256113,0.20915999999999713
-45,-408152.44,-65.022026,0,0.03875000000000739
-30,-408152.16,-64.5038,0.2800000000279397,0.5569760000000059
-15,-408151.12,-62.954685,1.320000000006985,2.1060910000000064
0,-408149.5,-60.134212,2.9400000000023283,4.926564000000006
15,-408150.78,-62.490574,1.6599999999743886,2.570202000000002
30,-408151.44,-63.925877,1,1.1348990000000043
45,-408151.38,-64.34992,1.0599999999976717,0.7108560000000068
60,-408150.72,-63.95101,1.720000000030268,1.1097660000000076
75,-408151.72,-64.87671,0.720000000030268,0.1840660000000014
90,-408151.12,-64.32966,1.320000000006985,0.7311160000000001
105,-408151.28,-64.4444,1.1599999999743886,0.6163760000000025
120,-408151.88,-64.805565,0.5599999999976717,0.25521100000000274
135,-408152.34,-65.060776,0.0999999999767169,0
150,-408152.34,-64.77248,0.0999999999767169,0.28829600000000255
165,-408151.56,-63.52295,0.8800000000046566,1.5378260000000026
180,-408149.94,-60.80025,2.5,4.260526000000006
-165,-395953.88,-3.8075318,3.2399999999906868,2.8008118000000004
-150,-395954.94,-4.339127,2.179999999993015,2.2692166
-135,-395955.9,-5.0053906,1.2199999999720603,1.6029530000000003
-120,-395956.62,-5.52862,0.5,1.0797236000000003
-105,-395957.03,-6.089897,0.0899999999674037,0.5184466000000008
-90,-395957.12,-6.5309696,0,0.07737400000000072
-75,-395956.84,-6.5957127,0.279999999969732,0.012630900000000445
-60,-395956.2,-6.270808,0.919999999983702,0.3375356000000007
-45,-395955.28,-4.2754908,1.839999999967404,2.3328528000000004
-30,-395955.22,-4.0768795,1.900000000023283,2.5314641
-15,-395955.2,-4.095738,1.9199999999837016,2.5126056000000005
0,-395955.03,-4.1357913,2.089999999967404,2.4725523000000003
15,-395955.2,-4.095738,1.9199999999837016,2.5126056000000005
30,-395955.22,-4.0539355,1.900000000023283,2.5544081000000007
45,-395955.28,-4.264725,1.839999999967404,2.3436186
60,-395956.16,-6.3072314,0.9600000000209548,0.3011122000000004
75,-395956.84,-6.6083436,0.279999999969732,0
90,-395957.12,-6.532512,0,0.07583160000000078
105,-395957.03,-6.087749,0.0899999999674037,0.5205946000000008
120,-395956.62,-5.55545,0.5,1.0528936
135,-395955.9,-5.0024915,1.2199999999720603,1.6058521000000008
150,-395954.94,-4.339122,2.179999999993015,2.2692216000000007
165,-395953.88,-3.7916498,3.2399999999906868,2.8166938000000004
180,-395953.22,-3.348289,3.900000000023283,3.2600546000000006
-165,-334273.22,-26.382654,0,5.364718
-150,-334271.84,-24.52192,1.379999999946449,7.225451999999997
-135,-334269.75,-22.026915,3.4699999999720603,9.720457
-120,-334266.8,-18.474264,6.419999999983702,13.273107999999997
-105,-334263.22,-14.736289,10,17.011083
-90,-334260.75,-11.710984,12.46999999997206,20.036388
-75,-334261.6,-14.283615,11.619999999995343,17.463757
-60,-334264.3,-19.24442,8.919999999983702,12.502951999999997
-45,-334267.2,-24.028135,6.019999999960419,7.719237
-30,-334269.47,-28.072702,3.75,3.674669999999999
-15,-334270.78,-30.89985,2.4399999999441206,0.8475219999999979
0,-334271.2,-31.747372,2.019999999960419,0
15,-334270.78,-30.893074,2.4399999999441206,0.854298
30,-334269.47,-28.07892,3.75,3.6684519999999985
45,-334267.2,-24.036589,6.019999999960419,7.710782999999999
60,-334264.3,-19.2445,8.919999999983702,12.502872
75,-334261.6,-14.392796,11.619999999995343,17.354575999999998
90,-334260.75,-11.706324,12.46999999997206,20.041047999999996
105,-334263.25,-14.828168,9.96999999997206,16.919204
120,-334266.75,-18.474066,6.46999999997206,13.273305999999998
135,-334269.75,-21.989243,3.4699999999720603,9.758129
150,-334271.84,-24.52214,1.379999999946449,7.225231999999998
165,-334273.22,-26.377052,0,5.3703199999999995
180,-334272.3,-29.729572,0.919999999983702,2.0177999999999976
-165,-600008.1,4.4442377,0,0.9606163000000003
-150,-600008.06,4.1286664,0.0399999999208375,0.6450450000000001
-135,-600007.94,3.8944964,0.1600000000325963,0.4108749999999999
-120,-600007.9,3.634768,0.1999999999534338,0.15114660000000013
-105,-600007.8,3.4836214,0.2999999999301508,0
-90,-600007.56,3.7340884,0.5399999999208376,0.250467
-75,-600006.44,4.784915,1.6600000000325963,1.3012935999999997
-60,-600005.94,5.583282,2.1600000000325963,2.0996605999999995
-45,-600004.44,7.259688,3.660000000032596,3.7760665999999996
-30,-600002.6,9.396928,5.5,5.9133066
-15,-600001.25,11.197493,6.849999999976717,7.713871599999999
0,-600000.75,12.018051,7.349999999976717,8.5344296
15,-600001.25,11.197852,6.849999999976717,7.714230599999999
30,-600002.6,9.396929,5.5,5.9133075999999996
45,-600004.44,7.277865,3.660000000032596,3.7942436
60,-600005.7,6.50394,2.400000000023283,3.0203186
75,-600006.9,4.7803288,1.199999999953434,1.2967074000000003
90,-600007.56,3.7340736,0.5399999999208376,0.2504521999999998
105,-600007.8,3.483831,0.2999999999301508,0.00020959999999980994
120,-600007.9,3.6339166,0.1999999999534338,0.15029519999999996
135,-600007.94,3.8958116,0.1600000000325963,0.41219019999999995
150,-600008.06,4.1352663,0.0399999999208375,0.6516448999999995
165,-600008.1,4.451028,0,0.9674065999999999
180,-600008,4.8441954,0.0999999999767169,1.3605740000000002
-165,-318672.8,-339.88028,0.400000000023283,2.76488999999998
-150,-318671.56,-341.0962,1.6400000000139698,1.548969999999997
-135,-318669.88,-342.29938,3.320000000006985,0.34579000000002225
-120,-318668.03,-342.64517,5.169999999983702,0
-105,-318666.5,-342.08603,6.7000000000116415,0.5591400000000135
-90,-318665.97,-341.6345,7.230000000039581,1.0106700000000046
-75,-318666.78,-341.98575,6.419999999983702,0.6594200000000114
-60,-318668.38,-342.4578,4.820000000006985,0.18736999999998716
-45,-318670.2,-342.12302,3,0.5221500000000106
-30,-318671.78,-341.04,1.419999999983702,1.6051699999999869
-15,-318673.2,-339.50085,0,3.1443199999999933
0,-318672.8,-335.44058,0.400000000023283,7.204589999999996
15,-318673.2,-339.5012,0,3.1439700000000244
30,-318671.78,-341.02298,1.419999999983702,1.6221899999999891
45,-318670.2,-342.11288,3,0.532289999999989
60,-318668.38,-342.46353,4.820000000006985,0.1816400000000158
75,-318666.78,-341.98572,6.419999999983702,0.6594499999999925
90,-318665.97,-341.6345,7.230000000039581,1.0106700000000046
105,-318666.5,-342.10718,6.7000000000116415,0.5379899999999793
120,-318668.03,-342.59476,5.169999999983702,0.0504099999999994
135,-318669.88,-342.30585,3.320000000006985,0.3393199999999865
150,-318671.56,-341.09378,1.6400000000139698,1.5513900000000262
165,-318673.12,-339.61813,0.0800000000162981,3.0270399999999995
180,-318672.8,-335.45297,0.400000000023283,7.192200000000014
-165,-440696.7,70.0695,0.5199999999604188,0.8565560000000119
-150,-440695.34,71.4542,1.879999999946449,2.241256000000007
-135,-440693.97,73.94841,3.25,4.735466000000002
-120,-440693.16,75.97435,4.059999999997672,6.761406000000008
-105,-440694.06,72.900856,3.1599999999743886,3.6879120000000114
-90,-440695.44,70.44308,1.779999999969732,1.2301360000000017
-75,-440696.72,69.212944,0.5,0
-60,-440697.22,69.32103,0,0.10808600000000013
-45,-440696.7,70.16661,0.5199999999604188,0.9536660000000126
-30,-440695.34,71.584305,1.879999999946449,2.3713610000000074
-15,-440693.97,74.17939,3.25,4.966446000000005
0,-440693.1,76.50861,4.119999999995343,7.295666000000011
15,-440693.94,73.25094,3.279999999969732,4.037996000000007
30,-440695.34,70.64836,1.879999999946449,1.4354160000000036
45,-440696.72,69.33831,0.5,0.12536600000001386
60,-440697.22,69.30182,0,0.08887600000001328
75,-440696.7,70.03134,0.5199999999604188,0.818396000000007
90,-440695.4,71.38447,1.8199999999487773,2.171526
105,-440694.1,73.783035,3.1199999999953434,4.570091000000005
120,-440693.22,76.83024,4,7.61729600000001
135,-440693.94,73.111244,3.279999999969732,3.898300000000006
150,-440695.34,70.48409,1.879999999946449,1.2711460000000017
165,-440696.7,69.25792,0.5199999999604188,0.044976000000005456
180,-440697.22,69.30209,0,0.08914600000001371
-165,-422004.8,15.967939,1.320000000006985,0.6367599999999989
-150,-422004.4,16.465626,1.7199999999720603,1.1344469999999998
-135,-422003.94,16.58903,2.179999999993015,1.2578510000000005
-120,-422004.22,18.041357,1.900000000023283,2.710178000000001
-105,-422004.75,17.798557,1.3699999999953434,2.4673779999999983
-90,-422004.2,15.737034,1.9199999999837016,0.40585499999999897
-75,-422004.3,15.331179,1.820000000006985,0
-60,-422004.97,17.195377,1.150000000023283,1.864198
-45,-422003.9,17.550282,2.2199999999720603,2.2191029999999987
-30,-422002.44,18.84269,3.679999999993015,3.5115110000000005
-15,-422001.22,20.178139,4.900000000023283,4.846960000000001
0,-422000.72,20.777533,5.400000000023283,5.446353999999998
15,-422000.97,20.411516,5.150000000023283,5.080336999999998
30,-422001.8,19.29423,4.320000000006985,3.9630509999999983
45,-422003.9,17.556442,2.2199999999720603,2.225263
60,-422003.94,17.065443,2.179999999993015,1.7342639999999978
75,-422004.5,16.846865,1.6199999999953434,1.5156860000000005
90,-422005.5,17.777168,0.6199999999953434,2.445988999999999
105,-422004.75,17.797932,1.3699999999953434,2.466752999999999
120,-422004.22,18.034836,1.900000000023283,2.703656999999998
135,-422003.94,16.587158,2.179999999993015,1.2559789999999982
150,-422004.4,16.443888,1.7199999999720603,1.1127090000000006
165,-422004.8,15.907325,1.320000000006985,0.5761459999999996
180,-422006.12,16.318378,0,0.9871989999999986
-165,-494195,29.203716,3.78000000002794,4.554455000000001
-150,-494196.72,26.842014,2.06000000005588,2.1927529999999997
-135,-494197.44,25.637943,1.3400000000256114,0.9886820000000007
-120,-494197.47,25.231295,1.3100000000558794,0.5820340000000002
-105,-494197.4,25.994627,1.3800000000046566,1.345366000000002
-90,-494197.56,26.452932,1.220000000030268,1.8036710000000014
-75,-494197.62,24.85779,1.1600000000325963,0.20852900000000218
-60,-494198.62,24.649563,0.1600000000325963,0.00030200000000135674
-45,-494198.78,25.427116,0,0.7778550000000024
-30,-494197.88,27.470636,0.9000000000232831,2.8213749999999997
-15,-494195.97,30.676788,2.81000000005588,6.027526999999999
0,-494193.3,34.792404,5.480000000039581,10.143142999999998
15,-494195.97,30.677643,2.81000000005588,6.028382000000001
30,-494197.88,27.471926,0.9000000000232831,2.8226650000000006
45,-494198.78,25.425123,0,0.775862
60,-494198.62,24.649261,0.1600000000325963,0
75,-494197.62,24.8662,1.1600000000325963,0.216939
90,-494197.56,26.46528,1.220000000030268,1.8160190000000007
105,-494197.4,25.997623,1.3800000000046566,1.3483620000000016
120,-494197.47,25.231512,1.3100000000558794,0.5822509999999994
135,-494197.44,25.641626,1.3400000000256114,0.9923649999999995
150,-494196.72,26.843622,2.06000000005588,2.1943610000000007
165,-494195,29.228142,3.78000000002794,4.578880999999999
180,-494192.22,32.508347,6.560000000055879,7.859086000000001
-165,-516287.06,-33.18326,0.1599999999743886,0.016890000000003624
-150,-516286.5,-32.88629,0.7199999999720603,0.31385999999999825
-135,-516285.66,-31.899582,1.5599999999976717,1.300568000000002
-120,-516284.78,-30.340752,2.4399999999441206,2.8593980000000023
-105,-516283.94,-28.49988,3.279999999969732,4.70027
-90,-516283.3,-26.773172,3.919999999983702,6.426978000000002
-75,-516282.72,-25.383009,4.5,7.8171409999999995
-60,-516283.06,-24.973013,4.159999999974389,8.227136999999999
-45,-516282.88,-25.150427,4.339999999967404,8.049723
-30,-516282.34,-25.16613,4.879999999946449,8.034020000000002
-15,-516281.72,-24.975933,5.5,8.224217
0,-516281.3,-24.795559,5.919999999983702,8.404591
15,-516281.72,-24.976393,5.5,8.223756999999999
30,-516282.34,-25.134481,4.879999999946449,8.065669
45,-516282.88,-25.15043,4.339999999967404,8.04972
60,-516283.06,-24.943003,4.159999999974389,8.257147
75,-516282.72,-25.361551,4.5,7.838599000000002
90,-516283.3,-26.766605,3.919999999983702,6.433545000000002
105,-516283.94,-28.483557,3.279999999969732,4.716593
120,-516284.78,-30.350582,2.4399999999441206,2.8495680000000014
135,-516285.66,-32.025307,1.5599999999976717,1.1748430000000027
150,-516286.5,-32.890755,0.7199999999720603,0.3093950000000021
165,-516287.06,-33.18329,0.1599999999743886,0.016860000000001207
180,-516287.22,-33.20015,0,0
-165,-206031.9,19.595512,0.4800000000104774,0.46303499999999786
-150,-206031.05,20.586954,1.330000000016298,1.4544769999999971
-135,-206030.28,21.587515,2.1000000000058208,2.4550379999999983
-120,-206030.03,22.057913,2.3500000000058208,2.9254359999999977
-105,-206030.39,21.840616,1.9899999999906868,2.708138999999999
-90,-206030.88,21.282316,1.5,2.149839
-75,-206030.86,21.086699,1.5200000000186265,1.954221999999998
-60,-206030.17,21.54929,2.209999999991851,2.4168129999999977
-45,-206028.69,22.748468,3.690000000002328,3.6159909999999975
-30,-206026.66,24.542688,5.720000000001164,5.410210999999997
-15,-206024.28,26.451757,8.10000000000582,7.319279999999999
0,-206023.67,27.01043,8.709999999991851,7.877952999999998
15,-206024.28,26.647888,8.10000000000582,7.515410999999997
30,-206025.64,25.339487,6.739999999990687,6.207009999999997
45,-206027.33,23.634953,5.050000000017462,4.502475999999998
60,-206028.84,22.204962,3.540000000008149,3.072484999999997
75,-206029.58,21.725855,2.8000000000174623,2.5933779999999977
90,-206029.62,21.998442,2.760000000009313,2.865964999999999
105,-206029.62,21.346455,2.760000000009313,2.2139779999999973
120,-206030.06,21.26273,2.320000000006985,2.1302529999999997
135,-206030.69,20.903685,1.6900000000023283,1.771207999999998
150,-206031.56,20.128458,0.8200000000069849,0.9959809999999969
165,-206032.25,19.376602,0.1300000000046566,0.24412499999999682
180,-206032.38,19.132477,0,0
-165,-407524.28,-26.251282,0.5,3.8582929999999998
-150,-407523.9,-25.441908,0.8800000000046566,4.667666999999998
-135,-407523.66,-24.923489,1.120000000053551,5.1860859999999995
-120,-407523.75,-26.907629,1.0300000000279397,3.2019459999999995
-105,-407524.22,-29.345232,0.5600000000558794,0.7643430000000002
-90,-407524.78,-30.109575,0,0
-75,-407524.75,-30.034628,0.0300000000279396,0.0749469999999981
-60,-407524.12,-29.140766,0.6600000000325963,0.9688090000000003
-45,-407523.22,-27.118032,1.5600000000558794,2.991543
-30,-407521.88,-24.832802,2.900000000023283,5.276772999999999
-15,-407520.53,-22.070951,4.25,8.038623999999999
0,-407519.44,-19.012226,5.340000000025611,11.097349000000001
15,-407520.5,-22.864386,4.28000000002794,7.245189
30,-407521.84,-25.495216,2.9400000000023283,4.614359
45,-407523.1,-27.76139,1.6800000000512227,2.348185000000001
60,-407524,-29.247173,0.7800000000279397,0.8624019999999994
75,-407524.5,-29.818539,0.2800000000279397,0.2910359999999983
90,-407524.47,-29.437174,0.3100000000558793,0.6724010000000007
105,-407523.97,-28.116724,0.8100000000558794,1.9928509999999982
120,-407523.66,-25.8538,1.120000000053551,4.255775
135,-407523.62,-24.780968,1.1600000000325963,5.328606999999998
150,-407523.88,-26.011803,0.9000000000232831,4.097771999999999
165,-407524.25,-26.680555,0.5300000000279397,3.4290200000000013
180,-407524.44,-26.61262,0.3400000000256113,3.496955
-165,-429068.03,-162.91183,2.1899999999441206,3.4740699999999833
-150,-429066.34,-161.42207,3.879999999946449,4.9638300000000015
-135,-429064.22,-159.33414,6,7.051760000000002
-120,-429062.4,-154.35077,7.819999999948777,12.035129999999981
-105,-429062.38,-153.36992,7.839999999967404,13.015979999999985
-90,-429063.16,-155.0779,7.059999999997672,11.307999999999993
-75,-429064.22,-156.75601,6,9.629889999999989
-60,-429065.12,-157.9585,5.099999999976717,8.427400000000006
-45,-429065.62,-158.84389,4.599999999976717,7.542010000000005
-30,-429065.66,-159.38184,4.559999999997672,7.004059999999981
-15,-429065.47,-160.21251,4.75,6.1733899999999835
0,-429065.5,-161.81918,4.71999999997206,4.566720000000004
15,-429065.88,-163.5824,4.339999999967404,2.8034999999999854
30,-429067.25,-165.03915,2.9699999999720603,1.346749999999986
45,-429068.47,-165.54912,1.75,0.8367800000000045
60,-429069.12,-165.35612,1.099999999976717,1.0297799999999881
75,-429069.2,-165.48283,1.0199999999604188,0.9030699999999854
90,-429069.06,-165.97221,1.1599999999743886,0.41369000000000256
105,-429069.2,-165.52388,1.0199999999604188,0.8620200000000011
120,-429069.34,-165.81067,0.879999999946449,0.5752300000000048
135,-429069.8,-166.3859,0.4199999999837018,0
150,-429070.22,-166.20235,0,0.18354999999999677
165,-429070.03,-165.3474,0.1899999999441206,1.038499999999999
180,-429069.25,-164.18404,0.9699999999720604,2.201859999999982
-165,-379021,-1.4781547,4.880000000004657,6.7428932999999995
-150,-379021.5,-3.115955,4.380000000004657,5.105093
-135,-379022.3,-4.285507,3.580000000016298,3.9355409999999997
-120,-379022.9,-4.563363,2.979999999981373,3.657685
-105,-379022.72,-3.9788077,3.1600000000325963,4.2422403
-90,-379022.2,-3.210683,3.679999999993015,5.010365
-75,-379021.66,-2.2893126,4.220000000030268,5.931735399999999
-60,-379020.56,-0.82147497,5.320000000006985,7.39957303
-45,-379018.56,1.4749964,7.320000000006985,9.6960444
-30,-379017.06,3.6812842,8.820000000006985,11.9023322
-15,-379018.1,3.8392708,7.78000000002794,12.0603188
0,-379021.75,-1.4435384,4.130000000004657,6.7775096
15,-379023.78,-4.712517,2.099999999976717,3.5085309999999996
30,-379024.78,-6.876384,1.099999999976717,1.3446639999999999
45,-379025.6,-8.221048,0.2800000000279397,0
60,-379025.88,-8.173864,0,0.04718399999999967
75,-379025.03,-6.8704467,0.8499999999767169,1.3506013000000001
90,-379023.78,-5.0795865,2.099999999976717,3.1414615
105,-379021.6,-2.200139,4.28000000002794,6.020909
120,-379020.75,-0.90600973,5.130000000004657,7.31503827
135,-379019.16,1.013075,6.720000000030268,9.234123
150,-379017.34,3.121586,8.539999999979045,11.342634
165,-379017.6,4.5428348,8.28000000002794,12.7638828
180,-379019.72,1.2457132,6.160000000032596,9.4667612
-165,-403499.66,-108.825195,0.370000000053551,0.21096100000001172
-150,-403498.47,-108.969154,1.5600000000558794,0.06700200000000223
-135,-403496.6,-108.95741,3.4300000000512227,0.07874600000000953
-120,-403494.16,-108.6503,5.870000000053551,0.385856000000004
-105,-403491.6,-107.93541,8.430000000051223,1.100746000000001
-90,-403489.72,-106.5085,10.31000000005588,2.5276560000000075
-75,-403491.66,-108.1028,8.370000000053551,0.9333560000000034
-60,-403494.28,-108.759995,5.75,0.2761610000000019
-45,-403496.72,-109.036156,3.31000000005588,0
-30,-403498.56,-108.982834,1.470000000030268,0.05332200000000853
-15,-403499.66,-108.8183,0.370000000053551,0.21785600000001182
0,-403500.03,-108.72557,0,0.3105860000000007
15,-403499.66,-108.8183,0.370000000053551,0.21785600000001182
30,-403498.56,-108.982834,1.470000000030268,0.05332200000000853
45,-403496.72,-109.03518,3.31000000005588,0.0009760000000085256
60,-403494.28,-108.76853,5.75,0.267626000000007
75,-403491.66,-108.10495,8.370000000053551,0.9312060000000031
90,-403489.72,-106.51344,10.31000000005588,2.5227160000000026
105,-403491.6,-107.93031,8.430000000051223,1.1058459999999997
120,-403494.16,-108.6503,5.870000000053551,0.385856000000004
135,-403496.6,-108.95934,3.4300000000512227,0.07681600000000799
150,-403498.47,-108.964424,1.5600000000558794,0.07173200000001145
165,-403499.66,-108.81282,0.370000000053551,0.2233360000000033
180,-403500.03,-108.721596,0,0.3145600000000002
-165,-684800.44,-18.518051,2.06000000005588,3.6508220000000016
-150,-684801.5,-20.348269,1,1.820604000000003
-135,-684802.2,-21.568676,0.3000000000465661,0.6001970000000014
-120,-684802.4,-21.968481,0.0999999999767169,0.2003920000000008
-105,-684802.3,-21.881382,0.1999999999534338,0.2874910000000028
-90,-684802.3,-21.821085,0.1999999999534338,0.3477880000000013
-75,-684802.44,-22.002567,0.0600000000558793,0.16630600000000229
-60,-684802.5,-22.168873,0,0
-45,-684802.25,-21.706116,0.25,0.46275699999999986
-30,-684801.5,-20.260765,1,1.9081080000000021
-15,-684800.44,-18.14979,2.06000000005588,4.019083000000002
0,-684799.8,-16.886944,2.699999999953434,5.281929000000002
15,-684800.44,-18.14979,2.06000000005588,4.019083000000002
30,-684801.5,-20.260765,1,1.9081080000000021
45,-684802.25,-21.706116,0.25,0.46275699999999986
60,-684802.5,-22.168865,0,8.000000001118224e-06
75,-684802.44,-22.004818,0.0600000000558793,0.16405500000000117
90,-684802.3,-21.821085,0.1999999999534338,0.3477880000000013
105,-684802.3,-21.881386,0.1999999999534338,0.28748700000000227
120,-684802.4,-21.968481,0.0999999999767169,0.2003920000000008
135,-684802.2,-21.566889,0.3000000000465661,0.6019840000000016
150,-684801.5,-20.34828,1,1.8205930000000023
165,-684800.44,-18.518051,2.06000000005588,3.6508220000000016
180,-684799.9,-17.449173,2.599999999976717,4.719700000000003
-165,-407422.53,-90.32236,1.5,2.6259299999999968
-150,-407422.88,-91.16373,1.150000000023283,1.784559999999999
-135,-407423.56,-92.4795,0.470000000030268,0.4687899999999985
-120,-407424.03,-92.94829,0,0
-105,-407423.97,-92.8365,0.0600000000558793,0.11178999999999917
-90,-407423.47,-91.43699,0.5600000000558794,1.5113000000000056
-75,-407423.97,-92.85408,0.0600000000558793,0.0942100000000039
-60,-407424,-92.926544,0.0300000000279396,0.02174599999999316
-45,-407423.47,-92.43834,0.5600000000558794,0.5099500000000035
-30,-407422.84,-90.80834,1.1900000000023283,2.139949999999999
-15,-407422.5,-90.23743,1.5300000000279397,2.7108599999999967
0,-407422.34,-90.76027,1.6900000000023283,2.1880199999999945
15,-407422.5,-90.23692,1.5300000000279397,2.7113700000000023
30,-407422.84,-90.84851,1.1900000000023283,2.0997799999999955
45,-407423.47,-92.44623,0.5600000000558794,0.5020600000000002
60,-407424,-92.930664,0.0300000000279396,0.017626000000007025
75,-407423.97,-92.85609,0.0600000000558793,0.09220000000000539
90,-407423.47,-91.436005,0.5600000000558794,1.5122850000000057
105,-407423.97,-92.82476,0.0600000000558793,0.12353000000000236
120,-407423.72,-91.30654,0.3100000000558793,1.6417500000000018
135,-407423.56,-92.47242,0.470000000030268,0.47587000000000046
150,-407422.88,-91.19262,1.150000000023283,1.755669999999995
165,-407422.53,-90.32222,1.5,2.6260699999999986
180,-407422.34,-91.03318,1.6900000000023283,1.9151099999999985
-165,-487200.44,-51.020924,0.0900000000256113,0.317928000000002
-150,-487200.3,-50.0554,0.2300000000395812,1.283452000000004
-135,-487200.28,-48.869434,0.25,2.4694180000000046
-120,-487200.22,-48.1611,0.3100000000558793,3.1777520000000052
-105,-487200,-48.01156,0.5300000000279397,3.327292
-90,-487199.56,-47.77006,0.970000000030268,3.568792000000002
-75,-487199.03,-47.059166,1.5,4.279686000000005
-60,-487198.06,-45.71729,2.470000000030268,5.621562000000004
-45,-487196.78,-43.812023,3.75,7.526828999999999
-30,-487195.7,-41.624153,4.830000000016298,9.714699000000003
-15,-487194.97,-39.897427,5.560000000055879,11.441425000000002
0,-487194.7,-39.445724,5.830000000016298,11.893128000000004
15,-487195.03,-40.646687,5.5,10.692165000000003
30,-487195.97,-43.07198,4.560000000055879,8.266872
45,-487197.3,-45.69484,3.230000000039581,5.644012000000004
60,-487198.47,-47.51506,2.06000000005588,3.8237920000000045
75,-487198.94,-47.99504,1.5900000000256114,3.343812
90,-487198.78,-47.49358,1.75,3.8452720000000014
105,-487200,-48.01682,0.5300000000279397,3.322032
120,-487200.22,-48.161102,0.3100000000558793,3.177750000000003
135,-487200.28,-48.86944,0.25,2.4694120000000055
150,-487200.3,-50.056965,0.2300000000395812,1.2818870000000047
165,-487200.44,-51.029404,0.0900000000256113,0.3094480000000033
180,-487200.53,-51.338852,0,0
-165,-595476.06,27.754917,0.2399999999906867,0.18031699999999873
-150,-595475.3,28.491072,1,0.9164719999999988
-135,-595474,29.7217,2.300000000046566,2.1470999999999982
-120,-595472.44,31.230553,3.8600000001024455,3.6559530000000002
-105,-595471.06,32.572556,5.239999999990687,4.9979559999999985
-90,-595470.56,33.1079,5.739999999990687,5.5333000000000006
-75,-595471.1,32.600357,5.200000000069849,5.025757000000002
-60,-595472.44,31.266788,3.8600000001024455,3.692187999999998
-45,-595474,29.7253,2.300000000046566,2.1507000000000005
-30,-595475.25,28.528309,1.050000000046566,0.9537089999999999
-15,-595476,27.825045,0.3000000000465661,0.25044499999999914
0,-595476.3,27.576914,0,0.002313999999998373
15,-595476.06,27.746983,0.2399999999906867,0.17238299999999995
30,-595475.25,28.467043,1.050000000046566,0.8924430000000001
45,-595474,29.6773,2.300000000046566,2.1026999999999987
60,-595472.44,31.161982,3.8600000001024455,3.587381999999998
75,-595471.1,32.51983,5.200000000069849,4.945229999999999
90,-595470.56,33.0817,5.739999999990687,5.507099999999998
105,-595471.06,32.654015,5.239999999990687,5.079415000000001
120,-595472.44,31.336185,3.8600000001024455,3.761585
135,-595474,29.753227,2.300000000046566,2.1786269999999988
150,-595475.25,28.533464,1.050000000046566,0.9588639999999984
165,-595476,27.823317,0.3000000000465661,0.2487169999999992
180,-595476.3,27.5746,0,0
-165,-356413.16,2.9153202,0.120000000053551,0.3638112000000002
-150,-356411.94,2.81446,1.3400000000256114,0.26295100000000016
-135,-356409.8,3.2501569,3.480000000039581,0.6986479000000001
-120,-356407.1,4.360797,6.180000000051223,1.809288
-105,-356404.2,5.773537,9.080000000016298,3.2220280000000003
-90,-356401.84,6.8385277,11.440000000002328,4.287018700000001
-75,-356401.22,7.3359113,12.06000000005588,4.7844023
-60,-356401.94,8.457062,11.340000000025611,5.905553000000001
-45,-356402.56,10.08808,10.720000000030268,7.536571
-30,-356402.5,12.590736,10.78000000002794,10.039227
-15,-356401.5,16.325064,11.78000000002794,13.773555000000002
0,-356399.78,21.007977,13.5,18.456468
15,-356401.5,16.326126,11.78000000002794,13.774617
30,-356402.5,12.59074,10.78000000002794,10.039231000000001
45,-356402.56,10.088085,10.720000000030268,7.536576
60,-356401.94,8.45674,11.340000000025611,5.905231000000001
75,-356401.22,7.3348393,12.06000000005588,4.783330299999999
90,-356401.84,6.8403015,11.440000000002328,4.2887925
105,-356404.2,5.7536836,9.080000000016298,3.2021745999999998
120,-356407.1,4.354347,6.180000000051223,1.802838
135,-356409.8,3.2587216,3.480000000039581,0.7072126000000001
150,-356411.94,2.8133898,1.3400000000256114,0.26188080000000014
165,-356413.16,2.9057763,0.120000000053551,0.35426730000000006
180,-356413.28,2.551509,0,0
-165,-358954.3,-51.704384,5.799999999988359,12.874026000000008
-150,-358955.97,-53.412003,4.130000000004657,11.166407000000007
-135,-358957,-54.6005,3.099999999976717,9.977910000000008
-120,-358957.94,-56.03096,2.1599999999743886,8.547450000000005
-105,-358958.62,-56.560425,1.4799999999813735,8.017985000000003
-90,-358958.8,-55.608845,1.2999999999883585,8.969565000000003
-75,-358958.3,-53.93405,1.7999999999883585,10.644360000000006
-60,-358957.12,-54.88989,2.979999999981373,9.688520000000004
-45,-358957.22,-52.152813,2.8800000000046566,12.425597000000003
-30,-358958.84,-56.428856,1.2599999999511056,8.149554000000002
-15,-358959.8,-59.763325,0.2999999999883584,4.815085000000003
0,-358960.1,-62.00917,0,2.5692400000000077
15,-358959.94,-63.378384,0.1599999999743886,1.2000260000000083
30,-358959.6,-64.57841,0.5,0
45,-358959.5,-64.336426,0.5999999999767169,0.2419840000000022
60,-358959.5,-63.37417,0.5999999999767169,1.2042400000000058
75,-358958.78,-62.360546,1.3199999999487773,2.217864000000006
90,-358957.03,-59.145374,3.0699999999487773,5.433036000000008
105,-358956.03,-57.72398,4.069999999948777,6.854430000000008
120,-358954.8,-55.60846,5.299999999988359,8.969950000000004
135,-358953.38,-53.00169,6.71999999997206,11.576720000000002
150,-358951.75,-50.076466,8.349999999976717,14.501944000000002
165,-358950.16,-47.96199,9.940000000002328,16.616420000000005
180,-358951.62,-49.593075,8.479999999981374,14.985335000000006
-165,-358809.72,-15.293629,1.3400000000256114,1.2487270000000024
-150,-358809.53,-15.602692,1.529999999969732,0.9396640000000023
-135,-358809.44,-15.973955,1.6199999999953434,0.5684010000000015
-120,-358809.7,-15.94251,1.3599999999860302,0.5998460000000012
-105,-358810.22,-16.27855,0.8400000000256114,0.2638060000000024
-90,-358810.75,-16.466578,0.3099999999976717,0.07577800000000323
-75,-358811.06,-16.326698,0,0.21565800000000124
-60,-358810.94,-16.190636,0.1199999999953433,0.35172000000000025
-45,-358810.4,-15.577686,0.6599999999743886,0.9646700000000017
-30,-358809.6,-15.03206,1.4600000000209548,1.510296000000002
-15,-358808.88,-14.667706,2.179999999993015,1.8746500000000008
0,-358808.56,-14.557119,2.5,1.9852370000000015
15,-358808.88,-14.66771,2.179999999993015,1.874646000000002
30,-358809.6,-15.040293,1.4600000000209548,1.5020630000000015
45,-358810.4,-15.577692,0.6599999999743886,0.9646640000000009
60,-358810.94,-16.190638,0.1199999999953433,0.35171800000000175
75,-358810.97,-16.542356,0.0900000000256113,0
90,-358810.75,-16.46919,0.3099999999976717,0.07316600000000051
105,-358810.22,-16.278719,0.8400000000256114,0.2636370000000028
120,-358809.72,-15.927083,1.3400000000256114,0.615273000000002
135,-358809.44,-15.970773,1.6199999999953434,0.5715830000000022
150,-358809.53,-15.602796,1.529999999969732,0.939560000000002
165,-358809.72,-15.2935505,1.3400000000256114,1.2488055000000013
180,-358809.8,-15.177131,1.2600000000093132,1.3652250000000024
-165,-455999.78,-73.081314,0.5999999999767169,4.456845999999999
-150,-455999.97,-73.75694,0.4100000000325963,3.7812200000000047
-135,-456000.25,-75.04757,0.1300000000046566,2.4905900000000116
-120,-456000.38,-76.21048,0,1.3276800000000009
-105,-455999.97,-77.53816,0.4100000000325963,0
-90,-456000.25,-75.990425,0.1300000000046566,1.547735000000003
-75,-456000.03,-77.146164,0.3499999999767169,0.391996000000006
-60,-456000.38,-76.043365,0,1.4947950000000105
-45,-456000.22,-74.903145,0.1600000000325963,2.63501500000001
-30,-455999.94,-73.634056,0.4400000000023283,3.904104000000004
-15,-455999.75,-73.11112,0.6300000000046566,4.427040000000005
0,-455999.53,-73.097244,0.8499999999767169,4.440916000000001
15,-455999.75,-73.11167,0.6300000000046566,4.426490000000001
30,-455999.94,-73.63392,0.4400000000023283,3.9042400000000015
45,-456000.22,-74.904564,0.1600000000325963,2.6335960000000114
60,-456000.38,-76.04343,0,1.494730000000004
75,-456000.03,-77.14408,0.3499999999767169,0.39408000000000243
90,-456000.25,-76.0304,0.1300000000046566,1.5077600000000047
105,-455999.97,-77.535164,0.4100000000325963,0.0029960000000102127
120,-456000.38,-76.21062,0,1.327539999999999
135,-456000.25,-75.04792,0.1300000000046566,2.49024
150,-455999.97,-73.7629,0.4100000000325963,3.775260000000003
165,-455999.78,-73.0817,0.5999999999767169,4.456460000000007
180,-455999.53,-73.07432,0.8499999999767169,4.463840000000005
-165,-624680.44,7.3259935,3.31000000005588,3.4317948
-150,-624681.25,6.4808536,2.5,2.5866548999999996
-135,-624681.8,5.4070196,1.9499999999534336,1.5128209
-120,-624682.25,4.7954874,1.5,0.9012886999999998
-105,-624683.3,5.471689,0.4499999999534338,1.5774902999999996
-90,-624683.75,4.8471394,0,0.9529406999999996
-75,-624683.7,4.494699,0.0500000000465661,0.6005002999999998
-60,-624682.8,4.237728,0.949999999953434,0.3435292999999997
-45,-624681.25,3.8941987,2.5,0
-30,-624679.56,3.9905894,4.189999999944121,0.09639070000000016
-15,-624678.44,4.469573,5.310000000055879,0.5753742999999996
0,-624678.06,4.575065,5.689999999944121,0.6808663000000004
15,-624678.44,4.470581,5.310000000055879,0.5763823000000001
30,-624679.56,3.9932835,4.189999999944121,0.09908479999999997
45,-624681.25,3.952965,2.5,0.05876629999999983
60,-624682.8,4.1838074,0.949999999953434,0.28960870000000005
75,-624683.7,4.492796,0.0500000000465661,0.5985973000000002
90,-624683.75,4.8488336,0,0.9546348999999998
105,-624683.3,5.46954,0.4499999999534338,1.5753413000000003
120,-624682.25,4.824684,1.5,0.9304853000000004
135,-624681.8,5.40833,1.9499999999534336,1.5141313000000003
150,-624681.25,6.475303,2.5,2.5811043000000002
165,-624680.44,7.3265977,3.31000000005588,3.4323989999999998
180,-624679.8,7.6109214,3.949999999953434,3.7167226999999996
-165,-420017.5,7.681116,0,2.6516484
-150,-420016.25,10.295341,1.25,5.2658734
-135,-420014.34,14.031795,3.1599999999743886,9.0023274
-120,-420012,18.745777,5.5,13.7163094
-105,-420009.6,23.60399,7.900000000023283,18.5745224
-90,-420008.2,26.503687,9.299999999988358,21.4742194
-75,-420008.9,23.561104,8.599999999976717,18.5316364
-60,-420010.5,19.508976,7,14.4795084
-45,-420014.75,15.61542,2.75,10.5859524
-30,-420014.5,13.690961,3,8.6614934
-15,-420013.72,8.787996,3.78000000002794,3.7585283999999994
0,-420014.16,7.723274,3.340000000025612,2.6938063999999997
15,-420013.72,8.85069,3.78000000002794,3.8212224
30,-420014.5,13.7099905,3,8.6805229
45,-420014.75,15.625005,2.75,10.5955374
60,-420009.9,21.354177,7.599999999976717,16.3247094
75,-420008.56,24.635891,8.940000000002328,19.6064234
90,-420008.16,26.154865,9.340000000025611,21.1253974
105,-420010.78,21.550333,6.71999999997206,16.520865399999998
120,-420013.2,17.145485,4.299999999988359,12.1160174
135,-420015.7,12.928638,1.7999999999883585,7.899170399999999
150,-420016.25,10.299702,1.25,5.2702344
165,-420017.5,7.682192,0,2.6527243999999994
180,-420017.2,5.0294676,0.2999999999883584,0
-165,-449235.9,-118.03932,0.5699999999487773,0.13401000000000352
-150,-449234.44,-117.46495,2.029999999969732,0.7083800000000053
-135,-449232.4,-116.77164,4.069999999948777,1.401690000000002
-120,-449230.44,-115.69973,6.029999999969732,2.4736000000000047
-105,-449228.7,-114.6153,7.769999999960419,3.5580300000000022
-90,-449227.53,-113.44898,8.93999999994412,4.724350000000001
-75,-449228.34,-111.95595,8.129999999946449,6.217380000000006
-60,-449229.06,-111.160034,7.409999999974389,7.013296000000011
-45,-449228.44,-110.12566,8.029999999969732,8.04767000000001
-30,-449229.72,-110.23648,6.75,7.936850000000007
-15,-449230.66,-110.21039,5.809999999997672,7.962940000000003
0,-449230.97,-110.20302,5.5,7.970310000000012
15,-449230.66,-110.208984,5.809999999997672,7.964346000000006
30,-449229.72,-110.23414,6.75,7.939190000000011
45,-449228.5,-109.44224,7.96999999997206,8.731090000000009
60,-449229.06,-111.15993,7.409999999974389,7.013400000000004
75,-449228.34,-111.96517,8.129999999946449,6.208160000000007
90,-449227.53,-113.44862,8.93999999994412,4.724710000000002
105,-449228.7,-114.61764,7.769999999960419,3.5556900000000127
120,-449230.44,-115.69955,6.029999999969732,2.473780000000005
135,-449232.4,-116.77129,4.069999999948777,1.4020400000000137
150,-449234.44,-117.46534,2.029999999969732,0.7079900000000094
165,-449235.9,-118.03933,0.5699999999487773,0.13400000000000034
180,-449236.47,-118.17333,0,0
-165,-327921,91.314026,0,0.47603599999999346
-150,-327920.9,92.95698,0.0999999999767169,2.1189899999999966
-135,-327920.12,95.6335,0.8800000000046566,4.795509999999993
-120,-327918.62,99.1089,2.3800000000046566,8.27091
-105,-327916.62,102.92577,4.380000000004657,12.087779999999995
-90,-327914.62,106.270256,6.380000000004657,15.432265999999998
-75,-327913.3,107.44382,7.7000000000116415,16.605829999999997
-60,-327912.6,106.837364,8.400000000023283,15.999373999999989
-45,-327911.88,105.91184,9.119999999995343,15.073849999999993
-30,-327911,105.12383,10,14.285839999999993
-15,-327909.9,104.485886,11.099999999976715,13.647895999999989
0,-327910.9,103.07861,10.099999999976715,12.240619999999993
15,-327911.12,103.49925,9.880000000004657,12.661259999999999
30,-327911.44,104.63651,9.559999999997672,13.798519999999996
45,-327911.47,106.48443,9.53000000002794,15.646439999999998
60,-327911.3,108.78923,9.700000000011642,17.95124
75,-327911.38,110.69196,9.619999999995343,19.85396999999999
90,-327911.9,110.96604,9.099999999976715,20.12805
105,-327916.62,102.89087,4.380000000004657,12.052880000000002
120,-327918.62,99.07947,2.3800000000046566,8.241479999999996
135,-327920.12,95.59918,0.8800000000046566,4.761189999999999
150,-327920.9,92.928955,0.0999999999767169,2.090964999999997
165,-327921,91.29341,0,0.4554199999999895
180,-327920.72,90.83799,0.2800000000279397,0
-165,-323201.72,62.184273,0.400000000023283,0.2440429999999978
-150,-323201.22,62.178963,0.9000000000232831,0.23873300000000341
-135,-323199.75,62.555275,2.3699999999953434,0.6150450000000021
-120,-323195.66,65.73941,6.460000000020955,3.799180000000007
-105,-323195.9,65.945755,6.21999999997206,4.005525000000006
-90,-323197.1,65.32759,5.0200000000186265,3.387360000000001
-75,-323198.88,64.20445,3.2399999999906868,2.2642199999999946
-60,-323200.47,62.924088,1.650000000023283,0.9838579999999979
-45,-323201.47,62.23281,0.6500000000232831,0.29258000000000095
-30,-323201.9,62.466805,0.2199999999720603,0.5265750000000011
-15,-323202.1,63.056965,0.0200000000186264,1.1167349999999985
0,-323202.1,62.6552,0.0200000000186264,0.714970000000001
15,-323201.78,62.106834,0.3399999999674037,0.16660399999999953
30,-323201.62,61.94023,0.5,0
45,-323201.06,62.16902,1.0599999999976717,0.2287900000000036
60,-323199.66,63.331085,2.4600000000209548,1.390855000000002
75,-323192.66,67.97969,9.460000000020957,6.039460000000005
90,-323194.38,67.00306,7.739999999990687,5.062830000000005
105,-323196.84,65.509445,5.279999999969732,3.569215
120,-323199.22,64.017746,2.900000000023283,2.077516000000003
135,-323200.97,63.044106,1.150000000023283,1.1038759999999996
150,-323201.9,62.819893,0.2199999999720603,0.8796630000000007
165,-323202.12,62.99984,0,1.0596099999999993
180,-323201.75,61.950268,0.3699999999953434,0.010038000000001546
-165,-393433.38,-82.98509,0.5200000000186265,0.2324700000000064
-150,-393431.9,-82.30516,2,0.9124000000000052
-135,-393429.66,-81.07385,4.240000000048894,2.143710000000013
-120,-393427,-79.34667,6.900000000023283,3.870890000000003
-105,-393424.6,-77.42146,9.300000000046566,5.79610000000001
-90,-393423.47,-76.44974,10.430000000051225,6.76782
-75,-393424.5,-77.68238,9.400000000023285,5.535180000000011
-60,-393426.9,-79.59315,7,3.6244100000000117
-45,-393429.66,-81.24317,4.240000000048894,1.9743899999999996
-30,-393431.94,-82.39893,1.9600000000209548,0.8186300000000131
-15,-393433.4,-83.01048,0.5,0.20708000000000482
0,-393433.9,-83.21756,0,0
15,-393433.4,-83.01048,0.5,0.20708000000000482
30,-393431.94,-82.39893,1.9600000000209548,0.8186300000000131
45,-393429.66,-81.22865,4.240000000048894,1.9889100000000042
60,-393426.9,-79.592995,7,3.624565000000004
75,-393424.5,-77.66793,9.400000000023285,5.549630000000008
90,-393423.47,-76.44973,10.430000000051225,6.767830000000004
105,-393424.6,-77.42146,9.300000000046566,5.79610000000001
120,-393427,-79.34293,6.900000000023283,3.8746300000000105
135,-393429.66,-81.06657,4.240000000048894,2.1509900000000073
150,-393431.9,-82.304886,2,0.9126740000000098
165,-393433.38,-82.98509,0.5200000000186265,0.2324700000000064
180,-393433.9,-83.21733,0,0.00023000000000195087
-165,-373422,28.012024,2.559999999997672,5.287390000000002
-150,-373420.34,31.556545,4.21999999997206,8.831911000000002
-135,-373416.06,28.570545,8.5,5.845911000000001
-120,-373414.62,33.177586,9.940000000002328,10.452952
-105,-373412.9,37.0237,11.659999999974389,14.299066
-90,-373411.1,40.5053,13.460000000020957,17.780666
-75,-373412.06,37.143864,12.5,14.419230000000002
-60,-373416.1,33.526714,8.460000000020955,10.80208
-45,-373419.94,29.58755,4.619999999995343,6.862916000000002
-30,-373422.75,26.281073,1.809999999997672,3.556439000000001
-15,-373424.28,23.999746,0.279999999969732,1.275112
0,-373424.56,22.724634,0,0
15,-373424.28,24.007122,0.279999999969732,1.2824880000000007
30,-373422.75,26.26111,1.809999999997672,3.5364760000000004
45,-373419.94,29.585712,4.619999999995343,6.861078000000003
60,-373416.1,33.47683,8.460000000020955,10.752196000000001
75,-373412.06,37.12993,12.5,14.405296000000003
90,-373411.1,40.500072,13.460000000020957,17.775438000000005
105,-373412.9,37.018612,11.659999999974389,14.293978
120,-373414.62,33.17069,9.940000000002328,10.446056000000002
135,-373416.06,28.246103,8.5,5.521469000000003
150,-373422.72,26.202784,1.8400000000256116,3.478150000000003
165,-373422,28.01195,2.559999999997672,5.287316000000001
180,-373423,25.602533,1.5599999999976717,2.877899000000003
-165,-565402.5,24.204432,9.06000000005588,11.91576
-150,-565404.6,19.234198,6.960000000079162,6.945525999999999
-135,-565406.8,17.13483,4.760000000009313,4.846158000000001
-120,-565409.44,15.065733,2.1200000001117587,2.777061
-105,-565411,13.220864,0.5600000000558794,0.9321920000000006
-90,-565411.56,12.380741,0,0.0920690000000004
-75,-565411.3,12.288672,0.2600000000093132,0
-60,-565410.25,13.212541,1.3100000000558794,0.9238689999999998
-45,-565409.25,14.368863,2.31000000005588,2.0801909999999992
-30,-565408.25,15.291789,3.31000000005588,3.0031169999999996
-15,-565407.44,16.009682,4.120000000111759,3.7210100000000015
0,-565406.9,15.38706,4.660000000032596,3.098388
15,-565407.44,15.979723,4.120000000111759,3.691051
30,-565408.25,15.295892,3.31000000005588,3.0072200000000002
45,-565409.25,14.366128,2.31000000005588,2.0774559999999997
60,-565410.25,13.215588,1.3100000000558794,0.9269160000000003
75,-565411.3,12.289369,0.2600000000093132,0.0006970000000006138
90,-565411.56,12.380745,0,0.09207299999999918
105,-565411,13.224508,0.5600000000558794,0.9358360000000001
120,-565409.44,15.072385,2.1200000001117587,2.7837130000000005
135,-565406.8,17.142843,4.760000000009313,4.854170999999999
150,-565404.6,19.235294,6.960000000079162,6.946622
165,-565402.5,24.204428,9.06000000005588,11.915756
180,-565401.7,25.204733,9.860000000102444,12.916061000000001
-165,-609329.6,23.649153,0.9000000000232831,1.6697789999999983
-150,-609329.7,28.215622,0.8000000000465661,6.236248
-135,-609329.5,35.13667,1,13.157296000000002
-120,-609328.94,43.436295,1.5600000000558794,21.456921
-105,-609328.3,51.334534,2.199999999953434,29.355159999999998
-90,-609328.06,55.320904,2.4399999999441206,33.34153
-75,-609328.4,53.27461,2.099999999976717,31.295236000000003
-60,-609329.1,47.243122,1.400000000023283,25.263748
-45,-609330,40.736027,0.5,18.756653
-30,-609330.5,35.02858,0,13.049205999999998
-15,-609330.44,31.278244,0.0600000000558793,9.29887
0,-609330.2,29.87082,0.3000000000465661,7.891445999999998
15,-609330.44,31.288422,0.0600000000558793,9.309048
30,-609330.5,35.01673,0,13.037356000000003
45,-609330,40.73101,0.5,18.751635999999998
60,-609329.1,47.251846,1.400000000023283,25.272472
75,-609328.4,53.276947,2.099999999976717,31.297573
90,-609328.06,55.318707,2.4399999999441206,33.339333
105,-609328.3,51.334328,2.199999999953434,29.354954
120,-609328.94,43.438103,1.5600000000558794,21.458728999999998
135,-609329.5,35.118755,1,13.139381
150,-609329.7,28.208258,0.8000000000465661,6.228884000000001
165,-609329.6,23.64915,0.9000000000232831,1.6697759999999988
180,-609329.56,21.979374,0.9399999999441206,0
-165,-386005.56,18.89666,2.7399999999906868,2.4143870000000014
-150,-386006.3,18.616634,2,2.134361000000002
-135,-386007.1,17.995234,1.2000000000116415,1.5129610000000007
-120,-386007.78,17.172684,0.5199999999604188,0.690411000000001
-105,-386008.25,16.567148,0.0499999999883584,0.08487500000000026
-90,-386008.3,16.482273,0,0
-75,-386008.2,16.610638,0.0999999999767169,0.12836500000000228
-60,-386007.6,17.280886,0.7000000000116415,0.7986129999999996
-45,-386006.94,18.074526,1.3599999999860302,1.5922529999999995
-30,-386006.16,18.563995,2.14000000001397,2.081721999999999
-15,-386005.5,18.876265,2.7999999999883585,2.393992000000001
0,-386005.25,18.989157,3.0499999999883585,2.5068839999999994
15,-386005.5,18.879927,2.7999999999883585,2.3976539999999993
30,-386006.16,18.562992,2.14000000001397,2.080719000000002
45,-386006.94,18.066992,1.3599999999860302,1.5847189999999998
60,-386007.6,17.29402,0.7000000000116415,0.8117470000000004
75,-386008.2,16.608227,0.0999999999767169,0.12595400000000012
90,-386008.3,16.487589,0,0.0053160000000005425
105,-386008.25,16.581455,0.0499999999883584,0.099181999999999
120,-386007.78,17.175396,0.5199999999604188,0.6931229999999999
135,-386007.1,17.994762,1.2000000000116415,1.5124890000000022
150,-386006.3,18.581364,2,2.0990910000000014
165,-386005.56,18.89566,2.7399999999906868,2.413387
180,-386005.25,18.988134,3.0499999999883585,2.5058609999999994
-165,-493127.97,8.563302,0.2800000000279397,1.9942164
-150,-493128.22,8.083863,0.0300000000279396,1.514777399999999
-135,-493128.25,7.8319693,0,1.2628836999999997
-120,-493128.16,7.7779717,0.0900000000256113,1.2088861
-105,-493128.1,7.6983585,0.150000000023283,1.1292729000000001
-90,-493128.12,7.3786626,0.1300000000046566,0.809577
-75,-493128.1,6.9005537,0.150000000023283,0.3314680999999995
-60,-493127.84,6.5720043,0.4099999999743886,0.0029186999999994967
-45,-493127.12,6.877778,1.1300000000046566,0.3086924
-30,-493125.94,7.924637,2.309999999997672,1.3555513999999995
-15,-493124.53,9.473052,3.71999999997206,2.903966399999999
0,-493123.34,11.174907,4.909999999974389,4.605821399999999
15,-493124.53,9.463013,3.71999999997206,2.8939274
30,-493125.94,7.936233,2.309999999997672,1.3671473999999995
45,-493127.12,6.875863,1.1300000000046566,0.30677739999999964
60,-493127.84,6.5690856,0.4099999999743886,0
75,-493128.1,6.9004345,0.150000000023283,0.33134890000000006
90,-493128.12,7.376784,0.1300000000046566,0.8076983999999996
105,-493128.1,7.7044263,0.150000000023283,1.1353406999999995
120,-493128.16,7.7789693,0.0900000000256113,1.2098836999999998
135,-493128.25,7.8278413,0,1.2587557
150,-493128.22,8.081509,0.0300000000279396,1.5124234000000003
165,-493127.97,8.563919,0.2800000000279397,1.9948334
180,-493127.75,8.857587,0.5,2.2885014000000004
-165,-512305.38,-49.872025,0.7199999999720603,6.506904999999996
-150,-512305.22,-47.71899,0.8800000000046566,8.659939999999999
-135,-512304.84,-44.3808,1.2599999999511056,11.998129999999996
-120,-512304.22,-40.737564,1.8800000000046568,15.641365999999998
-105,-512303.47,-37.180843,2.6300000000046566,19.198086999999994
-90,-512302.88,-34.83159,3.2199999999720603,21.54734
-75,-512303.22,-36.797745,2.8800000000046566,19.581184999999998
-60,-512304.38,-42.168865,1.7199999999720603,14.210065
-45,-512305.47,-47.082546,0.6300000000046566,9.296383999999996
-30,-512306.1,-51.044994,0,5.333935999999994
-15,-512306.06,-54.037292,0.0399999999790452,2.341637999999996
0,-512305.72,-56.37893,0.3800000000046566,0
15,-512306.06,-54.085842,0.0399999999790452,2.2930879999999974
30,-512306.1,-51.043518,0,5.335411999999998
45,-512305.47,-47.054276,0.6300000000046566,9.324653999999995
60,-512304.38,-42.16516,1.7199999999720603,14.213769999999997
75,-512303.22,-36.834347,2.8800000000046566,19.544582999999996
90,-512302.88,-34.83145,3.2199999999720603,21.54748
105,-512303.47,-37.244816,2.6300000000046566,19.134113999999997
120,-512304.22,-40.76131,1.8800000000046568,15.617619999999995
135,-512304.84,-44.38046,1.2599999999511056,11.998469999999998
150,-512305.22,-47.717422,0.8800000000046566,8.661507999999998
165,-512305.38,-49.8713,0.7199999999720603,6.507629999999999
180,-512305.12,-49.983574,0.9799999999813735,6.395356
-165,-392018.56,50.401608,0.5,1.6461420000000047
-150,-392017.16,55.06645,1.900000000023283,6.310984000000005
-135,-392015.06,62.172276,4,13.416809999999998
-120,-392012.66,70.78681,6.400000000023283,22.031344000000004
-105,-392010.66,79.0316,8.400000000023283,30.276134
-90,-392009.78,82.953766,9.279999999969732,34.1983
-75,-392010.38,79.95307,8.679999999993015,31.197604
-60,-392012,73.1514,7.059999999997672,24.395933999999997
-45,-392013.8,65.83895,5.260000000009313,17.083484
-30,-392015.25,59.706314,3.809999999997672,10.950848
-15,-392016.1,55.606384,2.9600000000209548,6.850918
0,-392016.3,54.16616,2.760000000009313,5.4106939999999994
15,-392016.1,55.606384,2.9600000000209548,6.850918
30,-392015.25,59.706314,3.809999999997672,10.950848
45,-392013.8,65.83768,5.260000000009313,17.082214000000008
60,-392012,73.15378,7.059999999997672,24.398314
75,-392010.38,79.95307,8.679999999993015,31.197604
90,-392009.78,82.953766,9.279999999969732,34.1983
105,-392010.66,79.0316,8.400000000023283,30.276134
120,-392012.66,70.78681,6.400000000023283,22.031344000000004
135,-392015.03,62.26678,4.029999999969732,13.511313999999999
150,-392017.16,55.06645,1.900000000023283,6.310984000000005
165,-392018.56,50.393196,0.5,1.6377300000000048
180,-392019.06,48.755466,0,0
-165,-444415.78,-24.723852,0.5599999999976717,2.161659
-150,-444416.1,-26.479948,0.2400000000488944,0.4055630000000008
-135,-444416.3,-26.884048,0.0400000000372529,0.0014630000000011023
-120,-444416.34,-26.659678,0,0.2258330000000015
-105,-444416.25,-26.263144,0.0900000000256113,0.6223670000000006
-90,-444416.25,-26.11635,0.0900000000256113,0.7691610000000004
-75,-444416.34,-26.383705,0,0.501806000000002
-60,-444416.34,-26.784433,0,0.10107800000000111
-45,-444416.28,-26.868652,0.0599999999976716,0.01685900000000018
-30,-444416,-26.119453,0.3400000000256113,0.766058000000001
-15,-444415.75,-24.32118,0.5900000000256114,2.564331000000003
0,-444415.7,-23.433207,0.6400000000139698,3.4523040000000016
15,-444415.75,-24.32118,0.5900000000256114,2.564331000000003
30,-444416,-26.119356,0.3400000000256113,0.7661550000000013
45,-444416.25,-26.832844,0.0900000000256113,0.052666999999999575
60,-444416.34,-26.784433,0,0.10107800000000111
75,-444416.28,-26.375362,0.0599999999976716,0.510149000000002
90,-444416.25,-26.11635,0.0900000000256113,0.7691610000000004
105,-444416.25,-26.263144,0.0900000000256113,0.6223670000000006
120,-444416.34,-26.659678,0,0.2258330000000015
135,-444416.3,-26.885511,0.0400000000372529,0
150,-444416.1,-26.478102,0.2400000000488944,0.40740900000000124
165,-444415.78,-24.7161,0.5599999999976717,2.169411
180,-444415.7,-23.424995,0.6400000000139698,3.460516000000002
-165,-453586.5,-50.030094,0.2000000000116415,0.18027100000000473
-150,-453585.94,-49.49877,0.7600000000093132,0.7115950000000026
-135,-453584.84,-48.52953,1.8599999999860304,1.6808350000000019
-120,-453583.34,-47.258858,3.35999999998603,2.9515070000000065
-105,-453582.03,-46.13368,4.669999999983702,4.076685000000005
-90,-453581.47,-45.735428,5.230000000039581,4.474937000000004
-75,-453582,-46.32297,4.7000000000116415,3.887395000000005
-60,-453583.34,-47.464386,3.35999999998603,2.7459790000000055
-45,-453584.78,-48.5966,1.9199999999837016,1.6137650000000008
-30,-453585.84,-49.41986,0.8599999999860302,0.7905050000000031
-15,-453586.38,-49.88472,0.3200000000069849,0.3256450000000015
0,-453586.53,-50.048023,0.1699999999837018,0.16234200000000243
15,-453586.4,-49.98687,0.2999999999883584,0.22349499999999978
30,-453585.88,-49.62543,0.8200000000069849,0.5849350000000015
45,-453584.84,-48.881355,1.8599999999860304,1.3290100000000038
60,-453583.4,-47.824406,3.2999999999883585,2.3859589999999997
75,-453582.1,-46.738594,4.600000000034925,3.471771000000004
90,-453581.56,-46.180496,5.14000000001397,4.029869000000005
105,-453582.12,-46.57414,4.580000000016298,3.636225000000003
120,-453583.47,-47.660538,3.230000000039581,2.5498270000000005
135,-453584.9,-48.857643,1.7999999999883585,1.352722
150,-453586,-49.735645,0.7000000000116415,0.4747200000000049
165,-453586.53,-50.15374,0.1699999999837018,0.05662500000000392
180,-453586.7,-50.210365,0,0
-165,-351875,-137.1706,11.340000000025611,10.379369999999994
-150,-351875.34,-139.59117,11,7.9587999999999965
-135,-351874.97,-141.2604,11.370000000053553,6.289569999999998
-120,-351874.03,-142.1723,12.309999999997672,5.377669999999995
-105,-351872.88,-142.93854,13.460000000020957,4.611430000000013
-90,-351873.7,-144.58453,12.64000000001397,2.965440000000001
-75,-351876.84,-145.32155,9.5,2.22842
-60,-351880.28,-146.25056,6.059999999997672,1.2994099999999946
-45,-351883.06,-146.98119,3.28000000002794,0.5687800000000038
-30,-351884.97,-147.43336,1.370000000053551,0.11661000000000854
-15,-351886.06,-147.54997,0.2800000000279397,0
0,-351886.34,-147.263,0,0.2869699999999966
15,-351886.06,-147.54324,0.2800000000279397,0.006730000000004566
30,-351885,-147.42778,1.3400000000256114,0.12218999999998914
45,-351883.06,-146.98216,3.28000000002794,0.5678100000000086
60,-351880.28,-146.289,6.059999999997672,1.2609700000000146
75,-351876.84,-145.37965,9.5,2.170320000000004
90,-351873.7,-144.59644,12.64000000001397,2.9535300000000007
105,-351872.88,-142.93945,13.460000000020957,4.610520000000008
120,-351874.03,-142.1723,12.309999999997672,5.377669999999995
135,-351875,-141.18105,11.340000000025611,6.368920000000003
150,-351875.34,-139.49373,11,8.056240000000003
165,-351875,-137.06877,11.340000000025611,10.481200000000001
180,-351874.1,-134.5313,12.240000000048894,13.018670000000014
-165,-491369.1,31.639162,0.1199999999953433,0.4447569999999992
-150,-491368.28,32.144108,0.9399999999441206,0.9497030000000031
-135,-491367.78,33.15372,1.4399999999441206,1.9593150000000001
-120,-491367.56,33.41504,1.6599999999743886,2.220634999999998
-105,-491367.12,33.85866,2.099999999976717,2.6642550000000007
-90,-491366.62,36.79367,2.599999999976717,5.599264999999999
-75,-491366.8,36.36752,2.419999999983702,5.173114999999999
-60,-491367.72,31.74812,1.5,0.5537150000000004
-45,-491367.53,32.162148,1.6899999999441206,0.9677430000000022
-30,-491366.44,33.360283,2.779999999969732,2.165878000000003
-15,-491365.1,34.636135,4.119999999995343,3.4417300000000033
0,-491364.3,35.278767,4.919999999983702,4.084362000000002
15,-491365.1,34.63614,4.119999999995343,3.4417349999999978
30,-491366.44,33.327644,2.779999999969732,2.1332389999999997
45,-491367.53,32.162617,1.6899999999441206,0.9682119999999976
60,-491367.72,31.74812,1.5,0.5537150000000004
75,-491366.8,36.358162,2.419999999983702,5.163757
90,-491366.62,36.794506,2.599999999976717,5.600100999999999
105,-491367.12,33.85866,2.099999999976717,2.6642550000000007
120,-491367.56,33.415035,1.6599999999743886,2.2206300000000034
135,-491367.78,33.14905,1.4399999999441206,1.9546450000000029
150,-491368.28,32.143337,0.9399999999441206,0.9489320000000028
165,-491369.1,31.63852,0.1199999999953433,0.44411500000000004
180,-491369.22,31.194405,0,0
-165,-303797.97,-5.175237,3.910000000032596,1.305535
-150,-303797.56,-4.991914,4.320000000006985,1.4888579999999996
-135,-303796.9,-4.175772,4.9799999999813735,2.3049999999999997
-120,-303796.1,-3.2970285,5.78000000002794,3.1837435
-105,-303795.34,-2.482674,6.539999999979045,3.998098
-90,-303795.4,-2.3338382,6.4799999999813735,4.146933799999999
-75,-303796.56,-3.277626,5.320000000006985,3.203146
-60,-303798.22,-4.333234,3.660000000032596,2.147538
-45,-303799.62,-5.315404,2.260000000009313,1.165368
-30,-303800.88,-6.371265,1,0.1095069999999998
-15,-303801.62,-6.480772,0.2600000000093132,0
0,-303801.88,-6.4348283,0,0.04594369999999959
15,-303801.62,-6.4799523,0.2600000000093132,0.0008197000000000898
30,-303800.88,-6.3692026,1,0.1115693999999996
45,-303799.62,-5.3157697,2.260000000009313,1.1650023000000003
60,-303798.22,-4.2636914,3.660000000032596,2.2170806
75,-303796.56,-3.2676017,5.320000000006985,3.2131703
90,-303795.4,-2.334171,6.4799999999813735,4.146601
105,-303795.34,-2.4826794,6.539999999979045,3.9980926
120,-303796.1,-3.2970393,5.78000000002794,3.1837327
135,-303796.9,-4.175958,4.9799999999813735,2.3048140000000004
150,-303797.56,-4.991919,4.320000000006985,1.4888529999999998
165,-303797.97,-5.1752405,3.910000000032596,1.3055314999999998
180,-303798.06,-5.1531057,3.820000000006985,1.3276662999999997
-165,-335539.44,-88.03463,0.1599999999743886,0.0004899999999992133
-150,-335539.2,-87.462975,0.3999999999650754,0.5721450000000061
-135,-335538.44,-86.09246,1.1599999999743886,1.9426600000000036
-120,-335537.2,-84.05894,2.3999999999650754,3.9761799999999994
-105,-335535.53,-81.5332,4.069999999948777,6.501920000000013
-90,-335533.8,-78.796165,5.799999999988359,9.238955000000004
-75,-335532.47,-76.526436,7.130000000004657,11.508684000000002
-60,-335535.84,-77.01224,3.7599999999511056,11.02288
-45,-335537.53,-78.223564,2.0699999999487773,9.81155600000001
-30,-335538.7,-79.23739,0.8999999999650754,8.797730000000001
-15,-335539.38,-79.96857,0.2199999999720603,8.066550000000007
0,-335539.6,-80.25153,0,7.783590000000004
15,-335539.38,-79.96707,0.2199999999720603,8.06805
30,-335538.7,-79.30328,0.8999999999650754,8.731840000000005
45,-335537.53,-78.223206,2.0699999999487773,9.811914000000002
60,-335535.84,-77.0125,3.7599999999511056,11.022620000000003
75,-335532.47,-76.525536,7.130000000004657,11.509584000000004
90,-335533.8,-78.79075,5.799999999988359,9.244370000000004
105,-335535.53,-81.53482,4.069999999948777,6.50030000000001
120,-335537.2,-84.061325,2.3999999999650754,3.9737950000000097
135,-335538.44,-86.09278,1.1599999999743886,1.9423400000000015
150,-335539.2,-87.46318,0.3999999999650754,0.5719400000000121
165,-335539.44,-88.03512,0.1599999999743886,0
180,-335539.3,-87.722984,0.2999999999883584,0.3121360000000095
-165,-341805.44,-62.96555,0,0.5676040000000029
-150,-341804.7,-63.13075,0.7399999999906868,0.4024040000000042
-135,-341803.06,-62.91184,2.3800000000046566,0.6213140000000053
-120,-341800.7,-62.253933,4.739999999990687,1.2792209999999997
-105,-341797.94,-61.396603,7.5,2.1365510000000043
-90,-341795.72,-61.061684,9.720000000030268,2.4714700000000036
-75,-341798.06,-61.696415,7.380000000004657,1.8367390000000015
-60,-341800.8,-62.335655,4.64000000001397,1.1974990000000005
-45,-341803.12,-62.83315,2.320000000006985,0.7000039999999998
-30,-341804.72,-63.045563,0.720000000030268,0.4875910000000019
-15,-341805.44,-62.961723,0,0.571431000000004
0,-341804.94,-63.529827,0.5,0.003327000000005853
15,-341805.44,-62.963078,0,0.5700760000000002
30,-341804.72,-63.027958,0.720000000030268,0.5051960000000051
45,-341803.12,-62.82799,2.320000000006985,0.7051640000000035
60,-341800.8,-62.335655,4.64000000001397,1.1974990000000005
75,-341798.06,-61.697174,7.380000000004657,1.8359800000000064
90,-341795.72,-61.066227,9.720000000030268,2.4669270000000054
105,-341797.94,-61.391426,7.5,2.1417280000000005
120,-341800.7,-62.2547,4.739999999990687,1.2784540000000035
135,-341803.06,-62.91203,2.3800000000046566,0.6211240000000018
150,-341804.7,-63.129517,0.7399999999906868,0.40363700000000335
165,-341805.44,-62.965843,0,0.5673110000000037
180,-341804.94,-63.533154,0.5,0
-165,-418861.94,74.94665,0,0.3967800000000068
-150,-418861.34,74.54987,0.5999999999767169,0
-135,-418860,74.930626,1.9400000000023283,0.3807560000000052
-120,-418858.12,75.92351,3.820000000006985,1.3736399999999946
-105,-418856.2,77.354004,5.739999999990687,2.804134000000005
-90,-418854.94,78.693245,7,4.143375000000006
-75,-418854.34,79.57007,7.599999999976717,5.020200000000003
-60,-418853.94,80.28962,8,5.739750000000001
-45,-418853.34,81.104866,8.599999999976717,6.554996000000003
-30,-418852.5,82.52134,9.440000000002328,7.9714699999999965
-15,-418851.4,84.34277,10.539999999979043,9.792900000000003
0,-418850.28,85.40811,11.659999999974389,10.858239999999995
15,-418851.4,84.349655,10.539999999979043,9.799785
30,-418852.5,82.5328,9.440000000002328,7.982929999999996
45,-418853.34,81.10485,8.599999999976717,6.5549800000000005
60,-418853.94,80.28963,8,5.739760000000004
75,-418854.34,79.56372,7.599999999976717,5.013850000000005
90,-418854.94,78.69101,7,4.141140000000007
105,-418856.2,77.349686,5.739999999990687,2.799816000000007
120,-418858.12,75.92725,3.820000000006985,1.3773800000000023
135,-418860,74.932434,1.9400000000023283,0.3825640000000021
150,-418861.34,74.56283,0.5999999999767169,0.012960000000006744
165,-418861.94,74.93964,0,0.3897699999999986
180,-418860.97,75.29733,0.970000000030268,0.7474600000000038
-165,-366475,-114.28377,1.7199999999720603,1.837059999999994
-150,-366475.6,-115.063034,1.1199999999953434,1.0577959999999962
-135,-366476.06,-115.71425,0.6599999999743886,0.40657999999999106
-120,-366476.4,-116.12083,0.3199999999487772,0
-105,-366476.66,-116.03236,0.0599999999976716,0.08847000000000094
-90,-366476.72,-115.452835,0,0.6679950000000048
-75,-366476.56,-114.764885,0.1599999999743886,1.3559449999999913
-60,-366476.3,-113.99118,0.4199999999837018,2.129649999999998
-45,-366475.88,-113.10696,0.8399999999674037,3.013869999999997
-30,-366475.38,-112.29379,1.3399999999674037,3.8270399999999967
-15,-366474.84,-111.643326,1.879999999946449,4.477503999999996
0,-366474.4,-111.23536,2.3199999999487773,4.885469999999998
15,-366474.84,-111.644714,1.879999999946449,4.476116000000005
30,-366475.38,-112.2951,1.3399999999674037,3.825729999999993
45,-366475.88,-113.11253,0.8399999999674037,3.0082999999999913
60,-366476.3,-113.99046,0.4199999999837018,2.130369999999999
75,-366476.56,-114.764885,0.1599999999743886,1.3559449999999913
90,-366476.72,-115.44681,0,0.6740199999999987
105,-366476.66,-116.03209,0.0599999999976716,0.08874000000000137
120,-366476.4,-116.120735,0.3199999999487772,9.500000000173259e-05
135,-366476.06,-115.71486,0.6599999999743886,0.4059699999999964
150,-366475.6,-115.0629,1.1199999999953434,1.057929999999999
165,-366475,-114.27742,1.7199999999720603,1.8434099999999916
180,-366474.3,-113.49367,2.419999999983702,2.6271600000000035
-165,-500655.66,-190.48213,1.900000000023283,5.09787
-150,-500656.8,-194.21872,0.7600000000093132,1.361280000000022
-135,-500657.5,-195.56148,0.0599999999976716,0.01852000000002363
-120,-500657.53,-195.3793,0.029999999969732,0.20070000000001187
-105,-500657.16,-194.36392,0.400000000023283,1.2160800000000052
-90,-500656.5,-193.112,1.0599999999976717,2.4680000000000177
-75,-500657.22,-194.49812,0.3400000000256113,1.0818800000000124
-60,-500657.56,-195.49522,0,0.08478000000002339
-45,-500657.4,-195.47725,0.1599999999743886,0.10275000000001455
-30,-500656.66,-193.77838,0.9000000000232831,1.801620000000014
-15,-500655.5,-189.71918,2.059999999997672,5.860820000000018
0,-500654.78,-183.67203,2.779999999969732,11.907970000000006
15,-500655.5,-189.69354,2.059999999997672,5.88646
30,-500656.66,-193.7739,0.9000000000232831,1.806100000000015
45,-500657.4,-195.5174,0.1599999999743886,0.06260000000000332
60,-500657.56,-195.48714,0,0.09286000000000172
75,-500657.22,-194.49812,0.3400000000256113,1.0818800000000124
90,-500656.5,-193.11293,1.0599999999976717,2.4670700000000068
105,-500657.16,-194.36133,0.400000000023283,1.218670000000003
120,-500657.53,-195.38518,0.029999999969732,0.1948200000000213
135,-500657.5,-195.58,0.0599999999976716,0
150,-500656.8,-194.22346,0.7600000000093132,1.3565400000000238
165,-500655.66,-190.50436,1.900000000023283,5.075640000000021
180,-500654.78,-183.67552,2.779999999969732,11.904480000000007
-165,-490948.12,49.508003,0.9100000000325964,1.1551430000000025
-150,-490947.84,53.317905,1.1900000000023283,4.9650450000000035
-135,-490947.22,58.03218,1.8100000000558796,9.679319999999997
-120,-490946.2,63.7671,2.830000000016298,15.41424
-105,-490945.16,68.45828,3.870000000053551,20.105420000000002
-90,-490944.72,71.46252,4.310000000055879,23.109659999999998
-75,-490945.12,68.111046,3.910000000032596,19.758186000000002
-60,-490945.94,61.33266,3.090000000025612,12.979799999999997
-45,-490946.78,55.29309,2.25,6.94023
-30,-490947.38,50.877026,1.650000000023283,2.524166000000001
-15,-490947.56,49.01348,1.470000000030268,0.6606200000000015
0,-490949.03,49.028244,0,0.6753840000000011
15,-490948.88,50.06627,0.150000000023283,1.7134100000000032
30,-490948.38,52.982075,0.6500000000232831,4.629215000000002
45,-490947.53,57.722412,1.5,9.369551999999999
60,-490946.38,63.629635,2.650000000023283,15.276775
75,-490945.22,70.408005,3.81000000005588,22.055145000000003
90,-490944.72,71.460106,4.310000000055879,23.107245999999996
105,-490945.16,68.45829,3.870000000053551,20.105430000000005
120,-490946.2,63.714672,2.830000000016298,15.361812
135,-490947.22,58.03218,1.8100000000558796,9.679319999999997
150,-490947.84,53.311275,1.1900000000023283,4.958415000000002
165,-490948.12,49.434807,0.9100000000325964,1.0819469999999995
180,-490948.2,48.35286,0.8300000000162981,0
-165,-526764.94,22.016321,0.5600000000558794,2.897431000000001
-150,-526765.5,19.931004,0,0.8121140000000011
-135,-526765.4,19.11889,0.0999999999767169,0
-120,-526764.7,19.326212,0.8000000000465661,0.20732200000000134
-105,-526763.8,19.8944,1.699999999953434,0.7755100000000006
-90,-526762.8,19.538292,2.699999999953434,0.41940199999999805
-75,-526763.8,19.836943,1.699999999953434,0.7180530000000012
-60,-526764.6,19.339254,0.9000000000232831,0.220364
-45,-526765.3,19.138063,0.1999999999534338,0.019172999999998552
-30,-526765.5,19.807276,0,0.6883860000000013
-15,-526765,21.796566,0.5,2.677675999999998
0,-526764.56,23.622772,0.9399999999441206,4.503882000000001
15,-526765,21.796848,0.5,2.6779580000000003
30,-526765.5,19.807283,0,0.6883930000000014
45,-526765.3,19.138058,0.1999999999534338,0.019168000000000518
60,-526764.6,19.339201,0.9000000000232831,0.2203109999999988
75,-526763.8,19.83545,1.699999999953434,0.7165600000000012
90,-526762.8,19.538292,2.699999999953434,0.41940199999999805
105,-526763.8,19.89385,1.699999999953434,0.7749600000000001
120,-526764.7,19.32722,0.8000000000465661,0.20833000000000013
135,-526765.4,19.118994,0.0999999999767169,0.00010400000000032605
150,-526765.5,19.931004,0,0.8121140000000011
165,-526764.94,22.0163,0.5600000000558794,2.8974100000000007
180,-526764.56,23.62276,0.9399999999441206,4.503869999999999
-165,-672654,40.23036,0.5999999999767169,0.5722449999999952
-150,-672652.25,42.02625,2.349999999976717,2.368134999999995
-135,-672650.06,43.588867,4.539999999920838,3.9307519999999982
-120,-672648.9,44.16938,5.699999999953434,4.5112649999999945
-105,-672647.44,46.36079,7.160000000032596,6.702674999999999
-90,-672646.9,47.661446,7.699999999953434,8.003330999999996
-75,-672648.9,44.416862,5.699999999953434,4.758747
-60,-672649.5,43.642403,5.099999999976717,3.9842879999999994
-45,-672647.9,44.861343,6.699999999953434,5.203227999999996
-30,-672648.94,45.75738,5.660000000032596,6.0992649999999955
-15,-672648.6,45.48058,6,5.822465000000001
0,-672649.7,44.503925,4.900000000023283,4.84581
15,-672650.25,44.373222,4.349999999976717,4.715106999999996
30,-672650.7,44.07434,3.900000000023283,4.416224999999997
45,-672652,43.235325,2.599999999976717,3.577210000000001
60,-672654.2,41.601654,0.400000000023283,1.9435390000000012
75,-672654.6,41.927994,0,2.269878999999996
90,-672653.56,44.123684,1.0399999999208376,4.465568999999995
105,-672652.4,44.226814,2.199999999953434,4.568698999999995
120,-672651.4,43.640575,3.199999999953434,3.982459999999996
135,-672651.94,43.5707,2.6600000000325963,3.912585
150,-672651.44,43.830215,3.1600000000325963,4.1721
165,-672652.9,41.160816,1.699999999953434,1.5027009999999947
180,-672654.25,39.658115,0.3499999999767169,0
-165,-720323.8,32.4693,3.899999999906868,5.404941999999998
-150,-720326.2,29.61148,1.5,2.5471220000000017
-135,-720327.4,27.980999,0.2999999999301508,0.916641000000002
-120,-720327.7,27.31499,0,0.2506320000000031
-105,-720327.44,27.260206,0.2600000000093132,0.19584800000000158
-90,-720326.8,27.864885,0.8999999999068677,0.8005270000000024
-75,-720327.56,27.064358,0.1399999998975545,0
-60,-720327.7,27.256544,0,0.19218600000000308
-45,-720326.8,28.869423,0.8999999999068677,1.8050650000000026
-30,-720324.9,32.005543,2.799999999930151,4.941185000000004
-15,-720321.9,36.41375,5.799999999930151,9.349392000000002
0,-720318,42.036263,9.699999999953434,14.971905
15,-720321.9,36.44725,5.799999999930151,9.382891999999998
30,-720324.9,31.962633,2.799999999930151,4.898275000000002
45,-720326.8,28.868557,0.8999999999068677,1.8041990000000006
60,-720327.7,27.256031,0,0.19167300000000154
75,-720327.56,27.065878,0.1399999998975545,0.0015200000000028524
90,-720326.8,27.867954,0.8999999999068677,0.8035960000000024
105,-720327.44,27.26663,0.2600000000093132,0.20227200000000067
120,-720327.7,27.30168,0,0.23732200000000248
135,-720327.4,27.97951,0.2999999999301508,0.9151520000000026
150,-720326.2,29.6134,1.5,2.549042
165,-720323.8,32.475433,3.899999999906868,5.411075000000004
180,-720320.25,36.595875,7.449999999953434,9.531517000000001
-165,-297162.78,-39.35808,5.689999999944121,4.161920000000002
-150,-297162.94,-39.943348,5.529999999969732,3.576652000000003
-135,-297162.62,-41.223083,5.849999999976717,2.2969170000000005
-120,-297162.97,-39.369087,5.5,4.150913000000003
-105,-297164.72,-39.5416,3.75,3.9784000000000006
-90,-297166.88,-40.64057,1.5899999999674037,2.8794300000000064
-75,-297168.34,-42.11414,0.1299999999464489,1.405860000000004
-60,-297168.47,-42.940968,0,0.5790320000000051
-45,-297167.03,-43.52,1.4399999999441206,0
-30,-297165.03,-41.78538,3.4399999999441206,1.7346199999999996
-15,-297162.6,-39.510914,5.869999999995343,4.0090860000000035
0,-297161.75,-38.997505,6.71999999997206,4.522495000000006
15,-297162.6,-39.52144,5.869999999995343,3.9985600000000048
30,-297165.03,-41.890076,3.4399999999441206,1.6299240000000026
45,-297167.25,-42.762077,1.2199999999720603,0.7579230000000052
60,-297168.47,-42.94597,0,0.5740300000000005
75,-297168.34,-42.082294,0.1299999999464489,1.4377060000000057
90,-297166.88,-40.62677,1.5899999999674037,2.8932300000000026
105,-297164.72,-39.564026,3.75,3.9559740000000048
120,-297162.97,-39.356514,5.5,4.163486000000006
135,-297162.88,-40.503838,5.589999999967404,3.0161620000000013
150,-297162.94,-39.943382,5.529999999969732,3.5766180000000034
165,-297162.78,-39.356342,5.689999999944121,4.163658000000005
180,-297162.4,-38.92826,6.069999999948777,4.5917400000000015
-165,-397347.97,96.90533,5.830000000016298,2.729520000000008
-150,-397346.62,100.20967,7.179999999993015,6.033860000000004
-135,-397345.5,101.21686,8.299999999988358,7.0410499999999985
-120,-397347.16,102.81269,6.64000000001397,8.636880000000005
-105,-397349.12,100.316246,4.679999999993015,6.140436000000008
-90,-397350.34,98.275116,3.459999999962747,4.099305999999999
-75,-397350.72,96.99953,3.080000000016298,2.8237199999999945
-60,-397350.16,95.584206,3.64000000001397,1.4083959999999962
-45,-397348.53,95.444534,5.269999999960419,1.268724000000006
-30,-397346.16,98.5004,7.64000000001397,4.324590000000001
-15,-397344.22,104.40186,9.580000000016298,10.22605
0,-397343.28,109.15077,10.51999999996042,14.974959999999996
15,-397344.4,102.40789,9.399999999965075,8.232079999999996
30,-397347.22,97.352455,6.580000000016298,3.1766450000000077
45,-397350.44,96.63869,3.35999999998603,2.4628799999999984
60,-397352.78,95.2762,1.0199999999604188,1.1003900000000044
75,-397353.8,94.54313,0,0.36732000000000653
90,-397353.62,94.17581,0.179999999993015,0
105,-397353,95.62003,0.7999999999883585,1.4442200000000014
120,-397352.78,96.13095,1.0199999999604188,1.95514
135,-397352.4,96.895,1.3999999999650754,2.7191899999999976
150,-397351.66,96.56848,2.14000000001397,2.3926699999999954
165,-397350.9,96.76113,2.8999999999650754,2.585319999999996
180,-397349.28,97.340164,4.519999999960419,3.164354000000003
-165,-477511.2,48.158737,0.3300000000162981,0.5337940000000003
-150,-477510.22,49.714836,1.3100000000558794,2.0898929999999964
-135,-477508.7,52.07596,2.830000000016298,4.451017
-120,-477506.62,55.02913,4.910000000032596,7.404187
-105,-477504.28,58.356533,7.25,10.731589999999997
-90,-477502.25,62.47991,9.28000000002794,14.854966999999995
-75,-477501.34,64.89773,10.190000000002328,17.272786999999994
-60,-477501.2,64.135796,10.330000000016298,16.510852999999997
-45,-477500.97,63.06934,10.56000000005588,15.444396999999995
-30,-477500.38,62.398346,11.150000000023285,14.773402999999995
-15,-477499.94,61.749256,11.590000000025611,14.124313
0,-477500.28,61.32552,11.25,13.700576999999996
15,-477500.9,61.143528,10.630000000004657,13.518585000000002
30,-477501.38,61.4885,10.150000000023285,13.863557
45,-477501.5,62.510456,10.03000000002794,14.885512999999996
60,-477501.38,63.956234,10.150000000023285,16.331291
75,-477501.44,64.88616,10.090000000025611,17.261217000000002
90,-477502.3,62.34866,9.23000000003958,14.723717
105,-477504.34,58.5031,7.190000000002328,10.878157000000002
120,-477506.56,55.215443,4.970000000030268,7.590499999999999
135,-477508.56,52.21083,2.970000000030268,4.585887
150,-477510.12,49.818214,1.4100000000325963,2.1932709999999958
165,-477511.12,48.204357,0.4100000000325963,0.5794139999999999
180,-477511.53,47.624943,0,0
-165,-197350.64,14.4248,2.529999999998836,2.4415769999999988
-150,-197351.39,14.296555,1.7799999999988358,2.313331999999999
-135,-197352.06,13.683895,1.110000000015134,1.700671999999999
-120,-197352.27,13.030804,0.9000000000232831,1.0475809999999992
-105,-197351.94,12.581659,1.2300000000104774,0.5984359999999995
-90,-197351.31,12.335098,1.860000000015134,0.3518749999999997
-75,-197350.98,12.067333,2.1900000000023283,0.08410999999999902
-60,-197350.81,11.983223,2.360000000015134,0
-45,-197350.92,12.515438,2.25,0.532214999999999
-30,-197351.17,13.247818,2,1.264595
-15,-197351.12,14.050306,2.0500000000174623,2.0670830000000002
0,-197351.1,14.346516,2.070000000006985,2.3632929999999988
15,-197351.06,14.563655,2.110000000015134,2.580432
30,-197350.7,14.729874,2.470000000001164,2.746651
45,-197350.56,14.460016,2.610000000015134,2.476792999999999
60,-197350.94,14.019978,2.2300000000104774,2.0367549999999994
75,-197351.62,13.760395,1.5500000000174623,1.7771720000000002
90,-197352.58,13.492856,0.5900000000256114,1.5096329999999991
105,-197353.16,13.1379385,0.0100000000093132,1.1547155
120,-197353.17,13.164018,0,1.1807949999999998
135,-197352.67,13.462545,0.5,1.4793219999999998
150,-197351.83,13.788745,1.3400000000256114,1.8055219999999998
165,-197350.92,13.93458,2.25,1.9513569999999998
180,-197350.42,14.116586,2.75,2.1333629999999992
-165,-392949.94,36.527317,4.900000000023283,2.8222849999999937
-150,-392951.5,35.073715,3.340000000025612,1.3686829999999972
-135,-392953.1,33.825394,1.7400000000488944,0.12036200000000008
-120,-392954.28,33.705032,0.5599999999976717,0
-105,-392954.84,34.564426,0,0.8593939999999947
-90,-392954.6,36.369213,0.2400000000488944,2.6641809999999992
-75,-392953.56,38.718994,1.2800000000279397,5.013961999999999
-60,-392952.2,40.718185,2.64000000001397,7.0131529999999955
-45,-392951.2,41.55942,3.64000000001397,7.854388
-30,-392950.56,41.868385,4.28000000002794,8.163353
-15,-392949.97,42.301758,4.870000000053551,8.596725999999997
0,-392949.34,43.112694,5.5,9.407661999999995
15,-392949.97,42.304474,4.870000000053551,8.599441999999996
30,-392950.56,41.88896,4.28000000002794,8.183927999999995
45,-392951.22,41.567566,3.620000000053551,7.862533999999997
60,-392952.2,40.727608,2.64000000001397,7.022575999999994
75,-392953.56,38.71154,1.2800000000279397,5.006507999999997
90,-392954.6,36.37595,0.2400000000488944,2.6709180000000003
105,-392954.84,34.554707,0,0.8496749999999977
120,-392954.28,33.705177,0.5599999999976717,0.000144999999996287
135,-392953.1,33.845547,1.7400000000488944,0.1405150000000006
150,-392951.5,35.0703,3.340000000025612,1.3652680000000004
165,-392949.94,36.525032,4.900000000023283,2.8200000000000003
180,-392949.47,37.11537,5.370000000053551,3.410337999999996
-165,-286939.2,17.183208,0,1.368773000000001
-150,-286939.12,16.223486,0.0800000000162981,0.4090510000000016
-135,-286938.47,15.81897,0.7300000000395812,0.004535000000000622
-120,-286937.3,15.885199,1.900000000023283,0.0707640000000005
-105,-286936.1,16.176346,3.1000000000349246,0.3619109999999992
-90,-286935.56,16.275139,3.64000000001397,0.4607039999999998
-75,-286936.12,16.100626,3.080000000016298,0.28619099999999875
-60,-286937.3,15.849762,1.900000000023283,0.03532700000000055
-45,-286938.47,15.831382,0.7300000000395812,0.016947000000000045
-30,-286939.12,16.246645,0.0800000000162981,0.4322100000000013
-15,-286939.2,17.162508,0,1.3480729999999994
0,-286939.1,17.837847,0.1000000000349246,2.0234120000000004
15,-286939.2,17.167253,0,1.3528179999999992
30,-286939.12,16.244198,0.0800000000162981,0.4297630000000012
45,-286938.47,15.827367,0.7300000000395812,0.012932000000001054
60,-286937.3,15.849758,1.900000000023283,0.03532299999999999
75,-286936.12,16.101574,3.080000000016298,0.2871389999999998
90,-286935.56,16.27799,3.64000000001397,0.4635549999999995
105,-286936.1,16.175491,3.1000000000349246,0.3610560000000014
120,-286937.3,15.88611,1.900000000023283,0.07167500000000082
135,-286938.47,15.814435,0.7300000000395812,0
150,-286939.12,16.223486,0.0800000000162981,0.4090510000000016
165,-286939.2,17.183207,0,1.3687719999999999
180,-286939.1,17.837357,0.1000000000349246,2.022922000000001
-165,-325469.38,-15.69078,0.6500000000232831,0.6224260000000008
-150,-325469.7,-15.943611,0.3300000000162981,0.36959500000000034
-135,-325469.9,-16.19847,0.1300000000046566,0.11473600000000062
-120,-325470.03,-16.313206,0,0
-105,-325469.97,-16.21697,0.0600000000558793,0.0962360000000011
-90,-325469.5,-16.110111,0.5300000000279397,0.20309500000000114
-75,-325469.97,-16.211088,0.0600000000558793,0.10211800000000082
-60,-325470.03,-16.306522,0,0.006683999999999912
-45,-325469.9,-16.187658,0.1300000000046566,0.125548000000002
-30,-325469.62,-15.932061,0.4100000000325963,0.38114500000000184
-15,-325469.38,-15.687666,0.6500000000232831,0.6255400000000009
0,-325469.25,-15.581063,0.7800000000279397,0.7321430000000007
15,-325469.38,-15.687998,0.6500000000232831,0.6252080000000007
30,-325469.62,-15.932445,0.4100000000325963,0.38076100000000146
45,-325469.9,-16.19328,0.1300000000046566,0.11992599999999953
60,-325470.03,-16.307798,0,0.005408000000002744
75,-325469.97,-16.201471,0.0600000000558793,0.11173499999999947
90,-325469.5,-16.099678,0.5300000000279397,0.21352800000000016
105,-325469.97,-16.220837,0.0600000000558793,0.09236900000000148
120,-325470.03,-16.31265,0,0.0005559999999995568
135,-325469.9,-16.198244,0.1300000000046566,0.11496200000000201
150,-325469.7,-15.945903,0.3300000000162981,0.3673030000000015
165,-325469.38,-15.690457,0.6500000000232831,0.6227490000000007
180,-325469.25,-15.581631,0.7800000000279397,0.7315750000000012
-165,-468929.5,-97.38066,9.440000000002328,6.899760000000001
-150,-468929.22,-96.14006,9.720000000030268,8.140360000000001
-135,-468928.28,-94.26028,10.659999999974389,10.020140000000012
-120,-468926.56,-92.05542,12.380000000004657,12.225000000000009
-105,-468924.06,-89.61766,14.880000000004657,14.662760000000006
-90,-468921.72,-90.46432,17.220000000030268,13.816100000000006
-75,-468926,-94.51863,12.940000000002328,9.761790000000005
-60,-468930.38,-97.896194,8.559999999997672,6.384226000000012
-45,-468934.2,-100.588844,4.739999999990687,3.691576000000012
-30,-468936.88,-102.630135,2.059999999997672,1.6502850000000109
-15,-468938.44,-103.88012,0.5,0.40030000000000143
0,-468938.94,-104.28042,0,0
15,-468938.44,-103.88012,0.5,0.40030000000000143
30,-468936.88,-102.634315,2.059999999997672,1.6461050000000057
45,-468934.2,-100.59406,4.739999999990687,3.6863600000000076
60,-468930.38,-97.8837,8.559999999997672,6.396720000000002
75,-468925.97,-94.548256,12.970000000030268,9.732164000000012
90,-468921.75,-90.48474,17.19000000000233,13.795680000000004
105,-468924.06,-89.61766,14.880000000004657,14.662760000000006
120,-468926.56,-92.05051,12.380000000004657,12.229910000000004
135,-468928.28,-94.25537,10.659999999974389,10.025050000000007
150,-468929.22,-96.13888,9.720000000030268,8.141540000000006
165,-468929.5,-97.37927,9.440000000002328,6.901150000000001
180,-468929.12,-97.490234,9.820000000006983,6.790186000000006
-165,-382724.84,-86.22853,6.159999999974389,4.5456549999999964
-150,-382726.38,-87.95243,4.619999999995343,2.821754999999996
-135,-382726.84,-88.672806,4.159999999974389,2.1013790000000085
-120,-382726.3,-88.63547,4.7000000000116415,2.138715000000005
-105,-382725.34,-88.319496,5.659999999974389,2.454689000000002
-90,-382724.7,-88.408646,6.299999999988359,2.3655389999999983
-75,-382725.06,-89.345604,5.940000000002328,1.4285810000000083
-60,-382726.44,-90.643265,4.559999999997672,0.13092000000000326
-45,-382730.28,-90.77327,0.7199999999720603,0.0009150000000062164
-30,-382730.97,-89.82801,0.0300000000279396,0.9461749999999967
-15,-382731,-87.35075,0,3.423434999999998
0,-382730.84,-85.641884,0.1599999999743886,5.132300999999998
15,-382731,-87.35076,0,3.423425000000009
30,-382730.97,-89.8289,0.0300000000279396,0.9452849999999984
45,-382730.28,-90.774185,0.7199999999720603,0
60,-382726.44,-90.64263,4.559999999997672,0.13155500000000586
75,-382725.06,-89.346954,5.940000000002328,1.4272310000000061
90,-382724.7,-88.408646,6.299999999988359,2.3655389999999983
105,-382725.34,-88.31265,5.659999999974389,2.461534999999998
120,-382726.3,-88.63285,4.7000000000116415,2.141334999999998
135,-382726.84,-88.674576,4.159999999974389,2.099609000000001
150,-382726.38,-87.95209,4.619999999995343,2.8220950000000045
165,-382724.84,-86.21938,6.159999999974389,4.554805000000002
180,-382723.2,-84.19474,7.7999999999883585,6.579445000000007
-165,-383475.56,-64.67789,0.0399999999790452,1.8327799999999996
-150,-383473.47,-66.51067,2.1300000000046566,0
-135,-383472.12,-66.39623,3.479999999981373,0.11444000000000187
-120,-383470.47,-65.5302,5.130000000004657,0.980470000000011
-105,-383469.28,-64.29866,6.319999999948777,2.2120100000000065
-90,-383469,-63.42643,6.599999999976717,3.084240000000001
-75,-383469.4,-63.006966,6.199999999953434,3.503704000000006
-60,-383469.9,-62.5609,5.699999999953434,3.949770000000008
-45,-383470,-61.68154,5.599999999976717,4.829130000000006
-30,-383469.22,-60.285084,6.380000000004657,6.225586000000007
-15,-383467.53,-58.489784,8.069999999948777,8.020886000000004
0,-383465.47,-56.501125,10.130000000004657,10.009545000000003
15,-383467.53,-58.513214,8.069999999948777,7.997456000000007
30,-383469.22,-60.28711,6.380000000004657,6.223560000000006
45,-383470,-61.6816,5.599999999976717,4.8290700000000015
60,-383469.9,-62.561184,5.699999999953434,3.9494860000000074
75,-383469.4,-63.015114,6.199999999953434,3.4955560000000077
90,-383469,-63.426437,6.599999999976717,3.0842330000000047
105,-383468.06,-63.402588,7.539999999979045,3.108082000000003
120,-383470.47,-65.52817,5.130000000004657,0.9825000000000017
135,-383472.16,-66.40303,3.4400000000023283,0.10764000000000351
150,-383473.47,-66.50031,2.1300000000046566,0.010360000000005698
165,-383475.56,-64.67789,0.0399999999790452,1.8327799999999996
180,-383475.6,-64.0521,0,2.458570000000009
-165,-344201.6,29.080774,0.6800000000512227,2.146434000000003
-150,-344201.2,29.387182,1.080000000016298,2.4528420000000004
-135,-344200.34,30.003122,1.9400000000023283,3.0687820000000023
-120,-344199.16,30.801575,3.120000000053551,3.867235000000001
-105,-344198,31.438251,4.28000000002794,4.503911000000002
-90,-344197.4,31.445793,4.880000000004657,4.5114529999999995
-75,-344197.72,30.661785,4.560000000055879,3.7274449999999995
-60,-344198.8,29.459923,3.480000000039581,2.525583000000001
-45,-344200.16,28.326939,2.120000000053551,1.3925990000000006
-30,-344201.3,27.511545,0.9800000000395812,0.5772050000000029
-15,-344202.03,27.06846,0.25,0.1341200000000029
0,-344202.28,26.93434,0,0
15,-344202.03,27.06846,0.25,0.1341200000000029
30,-344201.3,27.511536,0.9800000000395812,0.5771960000000007
45,-344200.16,28.326164,2.120000000053551,1.3918239999999997
60,-344198.8,29.46098,3.480000000039581,2.5266400000000004
75,-344197.72,30.661793,4.560000000055879,3.7274530000000006
90,-344197.4,31.446114,4.880000000004657,4.511774000000003
105,-344198,31.437273,4.28000000002794,4.502933000000002
120,-344199.16,30.802446,3.120000000053551,3.868106000000001
135,-344200.34,30.00108,1.9400000000023283,3.066740000000003
150,-344201.2,29.387182,1.080000000016298,2.4528420000000004
165,-344201.6,29.080774,0.6800000000512227,2.146434000000003
180,-344201.72,28.991148,0.5600000000558794,2.056808
-165,-454611.2,72.08265,0.4599999999627471,1.8962000000000074
-150,-454610.6,71.25534,1.0599999999976717,1.0688900000000103
-135,-454609.7,71.11424,1.959999999962747,0.9277900000000017
-120,-454610.03,72.29171,1.629999999946449,2.1052600000000012
-105,-454608.25,72.21286,3.4099999999743886,2.0264100000000127
-90,-454607,72.259895,4.659999999974389,2.0734450000000066
-75,-454608.38,72.07704,3.279999999969732,1.890590000000003
-60,-454610.1,71.42791,1.5599999999976717,1.2414600000000036
-45,-454609.84,71.17408,1.8199999999487773,0.98763000000001
-30,-454610.66,71.051056,1,0.8646060000000091
-15,-454611.22,72.24505,0.4400000000023283,2.0586000000000126
0,-454611.66,75.665565,0,5.479115000000007
15,-454611.22,72.24505,0.4400000000023283,2.0586000000000126
30,-454610.7,71.328186,0.9599999999627472,1.1417360000000087
45,-454609.84,71.15376,1.8199999999487773,0.9673100000000119
60,-454610.12,71.91609,1.5399999999790452,1.7296400000000034
75,-454608.38,72.15255,3.279999999969732,1.9661000000000115
90,-454607,72.248535,4.659999999974389,2.0620850000000104
105,-454608.25,72.236946,3.4099999999743886,2.0504960000000096
120,-454610.03,72.35622,1.629999999946449,2.1697699999999998
135,-454609.7,71.114075,1.959999999962747,0.9276250000000061
150,-454610.56,70.18645,1.099999999976717,0
165,-454611.2,72.11867,0.4599999999627471,1.932220000000001
180,-454611.66,75.61076,0,5.4243100000000055
-165,-428923.25,23.735924,0.150000000023283,0.16237100000000027
-150,-428922.75,24.305971,0.6500000000232831,0.7324179999999991
-135,-428921.7,25.336954,1.7000000000116415,1.7634009999999982
-120,-428920.28,26.689798,3.1199999999953434,3.1162449999999993
-105,-428918.97,27.923079,4.430000000051223,4.349526000000001
-90,-428918.4,28.400148,5,4.826595000000001
-75,-428918.94,27.826023,4.460000000020955,4.252469999999999
-60,-428920.28,26.652548,3.1199999999953434,3.078994999999999
-45,-428921.7,25.493547,1.7000000000116415,1.919993999999999
-30,-428922.7,24.640198,0.7000000000116415,1.0666450000000012
-15,-428923.16,24.157223,0.2400000000488944,0.5836699999999979
0,-428923.3,24.017239,0.1000000000349246,0.4436859999999996
15,-428923.2,24.176077,0.2000000000116415,0.602523999999999
30,-428922.7,24.674698,0.7000000000116415,1.101144999999999
45,-428921.7,25.530504,1.7000000000116415,1.956951
60,-428920.28,26.67952,3.1199999999953434,3.1059669999999997
75,-428918.97,27.84863,4.430000000051223,4.275077
90,-428918.44,28.430653,4.960000000020955,4.857099999999999
105,-428918.97,27.949844,4.430000000051223,4.376290999999998
120,-428920.28,26.720243,3.1199999999953434,3.1466899999999995
135,-428921.72,25.361242,1.6800000000512227,1.7876890000000003
150,-428922.78,24.332943,0.6199999999953434,0.7593899999999998
165,-428923.28,23.756573,0.1199999999953433,0.18301999999999907
180,-428923.4,23.573553,0,0
-165,-432713.9,3.3920827,0.0699999999487772,0.6760502000000002
-150,-432713.97,2.981914,0,0.2658815000000003
-135,-432713.9,2.718746,0.0699999999487772,0.0027135000000000353
-120,-432713.66,2.7469213,0.3099999999976717,0.03088880000000005
-105,-432713.12,3.1289454,0.8499999999767169,0.41291290000000025
-90,-432712.44,3.951082,1.529999999969732,1.2350495000000001
-75,-432713.16,3.143939,0.8099999999976717,0.4279065000000002
-60,-432713.7,2.7530649,0.2699999999604188,0.03703240000000019
-45,-432713.9,2.7471683,0.0699999999487772,0.031135799999999936
-30,-432713.94,3.029266,0.029999999969732,0.31323349999999994
-15,-432713.88,3.4211812,0.0899999999674037,0.7051487000000001
0,-432713.84,3.7474353,0.1299999999464489,1.0314028
15,-432713.88,3.4212172,0.0899999999674037,0.7051847000000002
30,-432713.94,3.0292656,0.029999999969732,0.31323310000000015
45,-432713.9,2.748022,0.0699999999487772,0.03198950000000034
60,-432713.7,2.7626297,0.2699999999604188,0.04659720000000034
75,-432713.16,3.146322,0.8099999999976717,0.4302895000000002
90,-432712.44,3.9479027,1.529999999969732,1.2318702000000004
105,-432713.12,3.1318092,0.8499999999767169,0.41577670000000033
120,-432713.66,2.7521198,0.3099999999976717,0.036087300000000155
135,-432713.9,2.7160325,0.0699999999487772,0
150,-432713.97,2.981822,0,0.26578950000000034
165,-432713.9,3.3919423,0.0699999999487772,0.6759098000000003
180,-432713.84,3.7449687,0.1299999999464489,1.0289362
-165,-349026.3,-10.114001,1.419999999983702,1.9326989999999995
-150,-349025.56,-9.296643,2.1599999999743886,2.750057
-135,-349024.62,-8.560602,3.099999999976717,3.486098
-120,-349027.62,-11.199988,0.0999999999767169,0.8467120000000001
-105,-349027.72,-12.042015,0,0.004685000000000272
-90,-349027.3,-11.900401,0.4199999999837018,0.14629899999999907
-75,-349026.47,-10.26633,1.25,1.7803699999999996
-60,-349026.62,-10.771733,1.099999999976717,1.2749670000000002
-45,-349024.97,-9.890782,2.75,2.155918
-30,-349023.6,-6.7677817,4.119999999995343,5.2789183
-15,-349022.28,-5.034978,5.439999999944121,7.011722
0,-349018.28,-2.7584732,9.43999999994412,9.2882268
15,-349022.28,-5.064731,5.439999999944121,6.981968999999999
30,-349023.6,-6.801816,4.119999999995343,5.244884
45,-349024.97,-9.891421,2.75,2.155279
60,-349026.62,-10.717285,1.099999999976717,1.3294149999999991
75,-349026.47,-10.27166,1.25,1.7750399999999988
90,-349027.3,-11.912799,0.4199999999837018,0.13390099999999983
105,-349027.72,-12.0467,0,0
120,-349027.62,-11.202559,0.0999999999767169,0.8441409999999987
135,-349024.62,-8.562564,3.099999999976717,3.4841359999999995
150,-349025.56,-9.286904,2.1599999999743886,2.7597959999999997
165,-349026.3,-10.167664,1.419999999983702,1.8790359999999993
180,-349026.53,-10.441161,1.1899999999441206,1.6055390000000003
-165,-595455.75,-3.7045567,0.3100000000558793,1.657594
-150,-595456.06,0.96086526,0,6.32301596
-135,-595455.8,7.3886724,0.2600000000093132,12.7508231
-120,-595455.3,14.668179,0.7600000000093132,20.0303297
-105,-595454.6,21.781563,1.4600000000791624,27.1437137
-90,-595454.3,25.43944,1.7600000000093132,30.801590700000002
-75,-595454.6,22.54956,1.4600000000791624,27.9117107
-60,-595455.25,16.455156,0.8100000000558794,21.8173067
-45,-595455.6,9.48354,0.4600000000791624,14.845690699999999
-30,-595455.6,3.5105598,0.4600000000791624,8.8727105
-15,-595455.44,-1.6247448,0.6200000001117587,3.7374058999999997
0,-595455.44,-3.5523431,0.6200000001117587,1.8098076
15,-595455.75,-1.6697847,0.3100000000558793,3.692366
30,-595456,2.6324186,0.0600000000558793,7.9945693
45,-595455.8,8.779945,0.2600000000093132,14.142095699999999
60,-595455.3,15.90925,0.7600000000093132,21.2714007
75,-595454.7,22.511223,1.3600000001024457,27.873373700000002
90,-595454.3,25.415098,1.7600000000093132,30.7772487
105,-595454.56,22.27832,1.5,27.6404707
120,-595455,15.926956,1.0600000000558794,21.2891067
135,-595455.4,9.135728,0.6600000000325963,14.497878700000001
150,-595455.3,2.780712,0.7600000000093132,8.1428627
165,-595455.1,-2.5060096,0.9600000000791624,2.8561411
180,-595455.25,-5.3621507,0.8100000000558794,0
-165,-229813.55,-1.4790837,0.0100000000093132,0.8887444000000002
-150,-229813.14,-0.7259545,0.4199999999837018,1.6418736000000003
-135,-229812.83,-0.32029387,0.7300000000104774,2.04753423
-120,-229812.44,0.18501458,1.1199999999953434,2.55284268
-105,-229811.6,1.2333738,1.959999999991851,3.6012019000000004
-90,-229810.6,2.2919152,2.959999999991851,4.659743300000001
-75,-229809.92,2.9230058,3.639999999984866,5.2908339
-60,-229809.81,2.7798698,3.75,5.147697900000001
-45,-229812.86,-0.29113707,0.7000000000116415,2.07669103
-30,-229813.19,-0.7309976,0.3699999999953434,1.6368305
-15,-229812.58,-0.9922822,0.9800000000104774,1.3755459
0,-229813.45,-2.3630028,0.1099999999860301,0.004825300000000254
15,-229813.56,-1.5064895,0,0.8613386000000001
30,-229813.19,-0.7352139,0.3699999999953434,1.6326142000000001
45,-229812.86,-0.29258075,0.7000000000116415,2.07524735
60,-229812.53,0.15956368,1.0299999999988358,2.5273917800000003
75,-229811.64,1.2995105,1.9199999999837016,3.6673386
90,-229810.56,2.3417645,3,4.709592600000001
105,-229809.9,2.9273517,3.660000000003493,5.2951798
120,-229809.8,2.8008375,3.760000000009313,5.168665600000001
135,-229812.83,-0.31940472,0.7300000000104774,2.04842338
150,-229813.14,-0.72600186,0.4199999999837018,1.64182624
165,-229813.55,-1.4779997,0.0100000000093132,0.8898284000000001
180,-229813.45,-2.3678281,0.1099999999860301,0
-165,-286944.1,23.092733,0.0599999999976716,0.006418000000000035
-150,-286943.7,23.252028,0.4599999999627471,0.16571300000000022
-135,-286942.78,23.963226,1.379999999946449,0.8769109999999998
-120,-286941.44,25.039137,2.7199999999720603,1.9528220000000012
-105,-286940.2,26.060991,3.959999999962747,2.9746760000000023
-90,-286939.7,26.374512,4.459999999962747,3.2881970000000003
-75,-286940.22,25.82404,3.940000000002328,2.737725000000001
-60,-286941.47,24.830715,2.6900000000023283,1.7444000000000024
-45,-286942.78,23.87781,1.379999999946449,0.7914950000000012
-30,-286943.7,23.242569,0.4599999999627471,0.15625400000000056
-15,-286944.1,23.086315,0.0599999999976716,0
0,-286944.16,23.136631,0,0.05031600000000225
15,-286944.1,23.086315,0.0599999999976716,0
30,-286943.7,23.242573,0.4599999999627471,0.15625800000000112
45,-286942.78,23.87692,1.379999999946449,0.7906049999999993
60,-286941.47,24.830715,2.6900000000023283,1.7444000000000024
75,-286940.22,25.824076,3.940000000002328,2.7377610000000026
90,-286939.7,26.374521,4.459999999962747,3.2882060000000024
105,-286940.2,26.044308,3.959999999962747,2.957993000000002
120,-286941.44,25.035826,2.7199999999720603,1.949511000000001
135,-286942.78,23.963226,1.379999999946449,0.8769109999999998
150,-286943.7,23.252028,0.4599999999627471,0.16571300000000022
165,-286944.1,23.092733,0.0599999999976716,0.006418000000000035
180,-286944.16,23.145206,0,0.05889100000000269
-165,-344956.03,15.980905,0.1299999999464489,3.5176630000000007
-150,-344956.16,19.526907,0,7.063665000000002
-135,-344955.78,24.995085,0.3799999999464489,12.531843
-120,-344954.88,31.733385,1.279999999969732,19.270142999999997
-105,-344953.84,38.655933,2.3199999999487773,26.192690999999996
-90,-344953.03,42.52559,3.129999999946449,30.062348
-75,-344953.25,39.26137,2.9099999999743886,26.798128
-60,-344953.72,32.895046,2.4400000000023283,20.431804
-45,-344953.8,27.263458,2.35999999998603,14.800216
-30,-344953.1,23.225794,3.059999999997672,10.762552000000001
-15,-344951.75,21.123297,4.409999999974389,8.660055000000002
0,-344950.62,20.935957,5.539999999979045,8.472714999999999
15,-344951.75,21.128273,4.409999999974389,8.665031
30,-344953.1,23.242424,3.059999999997672,10.779182
45,-344953.8,27.26101,2.35999999998603,14.797768
60,-344953.72,32.894608,2.4400000000023283,20.431365999999997
75,-344953.25,39.251614,2.9099999999743886,26.788371999999995
90,-344953.06,42.52047,3.099999999976717,30.057228000000002
105,-344953.84,38.644352,2.3199999999487773,26.181109999999997
120,-344954.88,31.727821,1.279999999969732,19.264578999999998
135,-344955.78,24.995802,0.3799999999464489,12.532560000000002
150,-344956.16,19.525988,0,7.062746000000002
165,-344956.03,15.985003,0.1299999999464489,3.5217610000000015
180,-344955.56,12.463242,0.5999999999767169,0
-165,-368874,20.444387,0,2.3746979999999986
-150,-368873.4,20.216068,0.5999999999767169,2.1463789999999996
-135,-368872.6,19.840929,1.400000000023283,1.7712399999999988
-120,-368872.16,19.35573,1.8400000000256116,1.2860410000000009
-105,-368872.06,19.083738,1.9400000000023283,1.014049
-90,-368871.97,18.656363,2.03000000002794,0.5866739999999986
-75,-368871.53,18.069689,2.4699999999720603,0
-60,-368870.38,18.167633,3.619999999995344,0.09794399999999825
-45,-368869.4,19.09772,4.599999999976717,1.0280309999999986
-30,-368868.94,19.982536,5.059999999997672,1.9128469999999993
-15,-368868.56,21.102919,5.440000000002328,3.0332299999999996
0,-368868.4,22.098356,5.599999999976717,4.028666999999999
15,-368868.56,21.105818,5.440000000002328,3.036128999999999
30,-368868.94,19.972597,5.059999999997672,1.902908
45,-368869.4,19.084736,4.599999999976717,1.0150469999999991
60,-368870.38,18.167633,3.619999999995344,0.09794399999999825
75,-368871.53,18.070791,2.4699999999720603,0.0011019999999994923
90,-368871.97,18.65633,2.03000000002794,0.5866410000000002
105,-368872.06,19.083738,1.9400000000023283,1.014049
120,-368872.16,19.357296,1.8400000000256116,1.2876070000000013
135,-368872.6,19.902458,1.400000000023283,1.832768999999999
150,-368873.4,20.221027,0.5999999999767169,2.151337999999999
165,-368874,20.44439,0,2.374700999999998
180,-368873.88,23.543383,0.1199999999953433,5.473693999999998
-165,-319524.2,38.45847,0.2699999999604188,0.24573000000000178
-150,-319523.34,39.200512,1.129999999946449,0.9877720000000068
-135,-319522,40.405224,2.4699999999720603,2.1924840000000003
-120,-319520.44,41.915348,4.029999999969732,3.702608000000005
-105,-319519.06,43.356064,5.409999999974389,5.143324000000007
-90,-319518.34,44.128124,6.129999999946449,5.915384000000003
-75,-319518.72,43.975895,5.75,5.763155000000005
-60,-319519.88,43.34582,4.589999999967404,5.133080000000007
-45,-319521.2,42.696854,3.269999999960419,4.484114000000005
-30,-319522.22,42.23226,2.25,4.01952
-15,-319522.8,41.97879,1.669999999983702,3.76605
0,-319523,41.907063,1.4699999999720603,3.6943230000000042
15,-319522.8,41.97879,1.669999999983702,3.76605
30,-319522.22,42.23226,2.25,4.01952
45,-319521.2,42.697735,3.269999999960419,4.484995000000005
60,-319519.88,43.345814,4.589999999967404,5.133074000000001
75,-319518.72,43.96551,5.75,5.752770000000005
90,-319518.34,44.13464,6.129999999946449,5.921900000000001
105,-319519.06,43.348614,5.409999999974389,5.135874000000001
120,-319520.44,41.91549,4.029999999969732,3.7027500000000018
135,-319522,40.405216,2.4699999999720603,2.1924760000000063
150,-319523.34,39.200512,1.129999999946449,0.9877720000000068
165,-319524.2,38.45847,0.2699999999604188,0.24573000000000178
180,-319524.47,38.21274,0,0
-165,-401480.3,64.64605,0.1699999999837018,1.5137640000000019
-150,-401479.8,68.039246,0.6699999999837019,4.906960000000005
-135,-401479,72.93527,1.4699999999720603,9.802984000000002
-120,-401478.03,78.15188,2.4399999999441206,15.019594000000005
-105,-401477.2,82.27484,3.269999999960419,19.142553999999997
-90,-401476.88,83.65686,3.589999999967404,20.524573999999994
-75,-401477.22,81.7021,3.25,18.569814
-60,-401478,77.42124,2.4699999999720603,14.288953999999997
-45,-401478.88,72.28712,1.5899999999674037,9.154834000000001
-30,-401479.56,67.56334,0.9099999999743886,4.431053999999996
-15,-401479.94,64.286736,0.529999999969732,1.1544500000000042
0,-401480.1,63.132286,0.3699999999953434,0
15,-401479.94,64.28684,0.529999999969732,1.1545539999999974
30,-401479.56,67.56333,0.9099999999743886,4.431043999999993
45,-401478.88,72.28712,1.5899999999674037,9.154834000000001
60,-401478,77.42192,2.4699999999720603,14.289634
75,-401477.22,81.698875,3.25,18.566589
90,-401476.88,83.67303,3.589999999967404,20.540743999999997
105,-401477.2,82.27486,3.269999999960419,19.142574000000003
120,-401478.03,78.151886,2.4399999999441206,15.019600000000004
135,-401479,72.93528,1.4699999999720603,9.802994000000005
150,-401479.8,68.03926,0.6699999999837019,4.906973999999998
165,-401480.3,64.645226,0.1699999999837018,1.5129399999999933
180,-401480.47,63.39919,0,0.2669039999999967
-165,-524576.4,54.247643,3.099999999976717,8.054618999999995
-150,-524578.6,49.39287,0.9000000000232831,3.199846000000001
-135,-524579.5,47.508316,0,1.3152919999999995
-120,-524579.4,47.044003,0.0999999999767169,0.8509789999999953
-105,-524578.7,47.253887,0.8000000000465661,1.0608629999999977
-90,-524577.6,46.193024,1.900000000023283,0
-75,-524578.7,47.2138,0.8000000000465661,1.020775999999998
-60,-524579.3,47.073082,0.1999999999534338,0.8800579999999982
-45,-524579.5,47.473255,0,1.2802310000000006
-30,-524578.75,49.12024,0.75,2.9272160000000014
-15,-524576.8,52.93508,2.699999999953434,6.742055999999998
0,-524573.8,60.279747,5.699999999953434,14.086723
15,-524576.8,52.877228,2.699999999953434,6.684204000000001
30,-524578.75,49.12024,0.75,2.9272160000000014
45,-524579.5,47.435654,0,1.2426299999999983
60,-524579.3,47.073086,0.1999999999534338,0.8800620000000023
75,-524578.7,47.213802,0.8000000000465661,1.020778
90,-524577.6,46.193024,1.900000000023283,0
105,-524578.7,47.254063,0.8000000000465661,1.061039000000001
120,-524579.4,47.073914,0.0999999999767169,0.8808900000000008
135,-524579.5,47.50769,0,1.3146659999999954
150,-524578.6,49.39108,0.9000000000232831,3.198056000000001
165,-524576.4,54.180065,3.099999999976717,7.987040999999998
180,-524573,64.32754,6.5,18.134515999999998
-165,-463645.94,-11.170658,0.1199999999953433,0.7161200000000001
-150,-463645.4,-10.588193,0.6599999999743886,1.2985849999999992
-135,-463644.34,-9.59441,1.7199999999720603,2.2923679999999997
-120,-463642.9,-8.303034,3.1599999999743886,3.5837439999999994
-105,-463641.6,-7.177062,4.460000000020955,4.709715999999999
-90,-463641.06,-6.850079,5,5.036699
-75,-463641.6,-7.576815,4.460000000020955,4.309963
-60,-463642.94,-8.889562,3.1199999999953434,2.997216
-45,-463644.34,-10.16348,1.7199999999720603,1.7232979999999998
-30,-463645.34,-11.120583,0.7199999999720603,0.7661949999999997
-15,-463645.84,-11.68334,0.2199999999720603,0.20343800000000023
0,-463645.97,-11.886778,0.0900000000256113,0
15,-463645.88,-11.761858,0.179999999993015,0.12491999999999948
30,-463645.38,-11.273489,0.6799999999930151,0.613289
45,-463644.4,-10.37935,1.6599999999743886,1.507427999999999
60,-463642.97,-9.164974,3.090000000025612,2.721803999999999
75,-463641.66,-7.902037,4.400000000023283,3.9847409999999996
90,-463641.12,-7.195621,4.940000000002328,4.691157
105,-463641.7,-7.545576,4.35999999998603,4.341202
120,-463643,-8.647638,3.059999999997672,3.239139999999999
135,-463644.4,-9.877021,1.6599999999743886,2.0097570000000005
150,-463645.47,-10.794964,0.5900000000256114,1.0918139999999994
165,-463645.97,-11.266313,0.0900000000256113,0.6204649999999994
180,-463646.06,-11.375496,0,0.5112819999999996
-165,-476297,16.438347,3.900000000023283,1.4205889999999997
-150,-476297.88,16.358006,3.0200000000186265,1.340247999999999
-135,-476298.8,16.154644,2.1000000000349246,1.1368860000000005
-120,-476299.3,16.179375,1.6000000000349246,1.1616169999999997
-105,-476299.97,15.60266,0.9300000000512229,0.5849019999999996
-90,-476300.9,15.017758,0,0
-75,-476300.8,15.297411,0.1000000000349246,0.2796529999999997
-60,-476300.34,16.035105,0.5599999999976717,1.017347000000001
-45,-476300,16.606903,0.9000000000232831,1.5891449999999985
-30,-476299.84,16.879393,1.0599999999976717,1.8616349999999997
-15,-476299.72,16.959154,1.1800000000512227,1.941396000000001
0,-476299.66,16.921825,1.2400000000488944,1.9040669999999977
15,-476299.72,16.959152,1.1800000000512227,1.941393999999999
30,-476299.84,16.87939,1.0599999999976717,1.8616320000000002
45,-476300,16.610281,0.9000000000232831,1.592523
60,-476300.34,16.035105,0.5599999999976717,1.017347000000001
75,-476300.8,15.297415,0.1000000000349246,0.27965700000000027
90,-476300.9,15.021887,0,0.004128999999998939
105,-476299.97,15.587953,0.9300000000512229,0.570195
120,-476299.3,16.178247,1.6000000000349246,1.1604889999999983
135,-476298.8,16.202593,2.1000000000349246,1.1848349999999996
150,-476297.88,16.358006,3.0200000000186265,1.340247999999999
165,-476297,16.438347,3.900000000023283,1.4205889999999997
180,-476296.66,16.445786,4.240000000048894,1.4280279999999976
-165,-334142.44,-4.8549013,0.2600000000093132,0.20575170000000043
-150,-334141.66,-4.177908,1.040000000037253,0.8827449999999999
-135,-334140.34,-2.990952,2.35999999998603,2.0697010000000002
-120,-334138.75,-1.4860538,3.9500000000116415,3.5745992
-105,-334137.25,-0.12667084,5.4500000000116415,4.93398216
-90,-334136.62,0.46233726,6.080000000016298,5.52299026
-75,-334137.22,-0.06718106,5.480000000039581,4.99347194
-60,-334138.72,-1.4153061,3.980000000039581,3.6453469000000003
-45,-334140.34,-2.9404404,2.35999999998603,2.1202126000000003
-30,-334141.66,-4.159243,1.040000000037253,0.9014100000000003
-15,-334142.44,-4.8502903,0.2600000000093132,0.21036270000000012
0,-334142.7,-5.060571,0,8.199999999991547e-05
15,-334142.44,-4.8502903,0.2600000000093132,0.21036270000000012
30,-334141.66,-4.1592417,1.040000000037253,0.9014113000000004
45,-334140.34,-2.940437,2.35999999998603,2.120216
60,-334138.72,-1.4152997,3.980000000039581,3.6453533
75,-334137.22,-0.06717467,5.480000000039581,4.99347833
90,-334136.62,0.4623345,6.080000000016298,5.5229875
105,-334137.25,-0.12667084,5.4500000000116415,4.93398216
120,-334138.75,-1.4850007,3.9500000000116415,3.5756523000000002
135,-334140.34,-2.990951,2.35999999998603,2.0697020000000004
150,-334141.66,-4.177912,1.040000000037253,0.8827410000000002
165,-334142.44,-4.8549,0.2600000000093132,0.20575300000000052
180,-334142.7,-5.060653,0,0
-165,-350897.06,6.9804215,0.0599999999976716,0.6414305000000002
-150,-350896.88,6.7060213,0.2399999999906867,0.3670302999999997
-135,-350896.47,6.4359035,0.6500000000232831,0.09691250000000018
-120,-350895.8,6.338993,1.320000000006985,2.000000000279556e-06
-105,-350895.03,6.4989123,2.089999999967404,0.1599212999999997
-90,-350894.38,6.7681603,2.7399999999906868,0.42916929999999986
-75,-350895.1,6.526684,2.0200000000186265,0.18769300000000033
-60,-350895.9,6.407181,1.2199999999720603,0.06818999999999953
-45,-350896.53,6.5169353,0.5899999999674037,0.17794430000000006
-30,-350896.9,6.7659097,0.2199999999720603,0.4269186999999999
-15,-350897.06,7.0117145,0.0599999999976716,0.6727235
0,-350897.12,7.094364,0,0.7553729999999996
15,-350897.06,7.002058,0.0599999999976716,0.6630669999999999
30,-350896.9,6.7657104,0.2199999999720603,0.42671939999999964
45,-350896.53,6.5167146,0.5899999999674037,0.1777236000000002
60,-350895.9,6.4051,1.2199999999720603,0.06610899999999997
75,-350895.1,6.527054,2.0200000000186265,0.18806299999999965
90,-350894.38,6.7625904,2.7399999999906868,0.4235993999999996
105,-350895.03,6.4937477,2.089999999967404,0.15475670000000008
120,-350895.8,6.338991,1.320000000006985,0
135,-350896.47,6.4328675,0.6500000000232831,0.09387650000000036
150,-350896.88,6.70628,0.2399999999906867,0.36728899999999953
165,-350897.06,6.981003,0.0599999999976716,0.6420120000000002
180,-350897.12,7.097619,0,0.7586279999999999
-165,-559491.4,2.2350812,0.6600000000325963,1.0010899000000002
-150,-559491.5,2.2682614,0.5600000000558794,1.0342701
-135,-559491.6,2.1662357,0.4600000000791624,0.9322444000000001
-120,-559491.8,1.7396425,0.2600000000093132,0.5056512
-105,-559492.06,1.2346468,0,0.00065549999999992
-90,-559491.75,1.2340341,0.3100000000558793,4.2799999999898475e-05
-75,-559490.3,2.4973006,1.7600000000093132,1.2633093
-60,-559488.8,4.742575,3.260000000009313,3.5085837000000004
-45,-559487.6,6.1877403,4.460000000079162,4.953749
-30,-559486.2,7.9042196,5.8600000001024455,6.6702283
-15,-559485.1,9.216975,6.960000000079162,7.9829837
0,-559484.7,9.693228,7.360000000102445,8.4592367
15,-559485.1,9.217133,6.960000000079162,7.983141700000001
30,-559486.2,7.905651,5.8600000001024455,6.671659699999999
45,-559487.6,6.183759,4.460000000079162,4.949767700000001
60,-559488.8,4.7433996,3.260000000009313,3.5094083
75,-559490.3,2.5076866,1.7600000000093132,1.2736953
90,-559491.75,1.2339913,0.3100000000558793,0
105,-559492.06,1.2346458,0,0.0006545000000000023
120,-559491.8,1.7424233,0.2600000000093132,0.508432
135,-559491.6,2.1715913,0.4600000000791624,0.9375999999999998
150,-559491.5,2.268259,0.5600000000558794,1.0342677
165,-559491.4,2.2350812,0.6600000000325963,1.0010899000000002
180,-559491.3,2.1364193,0.7600000000093132,0.902428
-165,-422778.28,-21.991522,0.4699999999720603,0
-150,-422777.22,-21.808697,1.5300000000279397,0.18282500000000113
-135,-422775.4,-21.425562,3.349999999976717,0.5659600000000005
-120,-422772.9,-20.721598,5.849999999976717,1.2699239999999996
-105,-422770,-19.60237,8.75,2.3891519999999993
-90,-422767,-18.02717,11.75,3.964351999999998
-75,-422764.3,-16.120274,14.450000000011642,5.871248000000001
-60,-422765.4,-10.695994,13.349999999976715,11.295528
-45,-422765.97,-10.273142,12.78000000002794,11.71838
-30,-422765.84,-9.260071,12.909999999974389,12.731451
-15,-422764.94,-7.5473557,13.809999999997672,14.4441663
0,-422763.75,-9.396479,15,12.595043
15,-422763.88,-13.523911,14.869999999995343,8.467611
30,-422764.97,-15.987928,13.78000000002794,6.003594
45,-422765.66,-17.507854,13.090000000025611,4.4836680000000015
60,-422765.94,-18.075903,12.809999999997672,3.9156189999999995
75,-422765.88,-17.536533,12.869999999995343,4.454989000000001
90,-422767.97,-18.117306,10.78000000002794,3.8742160000000005
105,-422771.12,-19.806427,7.630000000004657,2.1850950000000005
120,-422773.78,-21.021202,4.96999999997206,0.970320000000001
135,-422775.38,-20.268661,3.3699999999953434,1.7228609999999982
150,-422777.28,-21.149755,1.4699999999720603,0.8417670000000008
165,-422778.4,-21.687952,0.3499999999767169,0.30357000000000056
180,-422778.75,-21.940954,0,0.05056799999999839
-165,-307081.7,75.68008,0.5499999999883585,0.36070000000000846
-150,-307080.03,76.69978,2.2199999999720603,1.3804000000000087
-135,-307077.56,78.26241,4.690000000002328,2.9430300000000074
-120,-307074.75,80.2425,7.5,4.9231200000000115
-105,-307072.2,82.21256,10.049999999988358,6.893180000000001
-90,-307070.7,83.74863,11.549999999988358,8.42925000000001
-75,-307070.78,84.411224,11.46999999997206,9.091844000000009
-60,-307071.84,84.45905,10.409999999974389,9.13967000000001
-45,-307072.94,84.28772,9.309999999997672,8.968339999999998
-30,-307073.6,84.14249,8.650000000023283,8.82311
-15,-307073.72,84.063255,8.53000000002794,8.743875000000003
0,-307073.62,84.00069,8.630000000004657,8.68131000000001
15,-307073.72,84.06325,8.53000000002794,8.743870000000001
30,-307073.6,84.14249,8.650000000023283,8.82311
45,-307072.94,84.28772,9.309999999997672,8.968339999999998
60,-307071.84,84.45905,10.409999999974389,9.13967000000001
75,-307070.78,84.41123,11.46999999997206,9.091850000000008
90,-307070.7,83.74362,11.549999999988358,8.424240000000012
105,-307072.2,82.21257,10.049999999988358,6.893190000000004
120,-307074.75,80.19778,7.5,4.878399999999999
135,-307077.56,78.26241,4.690000000002328,2.9430300000000074
150,-307080.03,76.69978,2.2199999999720603,1.3804000000000087
165,-307081.7,75.68008,0.5499999999883585,0.36070000000000846
180,-307082.25,75.31938,0,0
-165,-289471.28,3.4161308,2.75,0.35934449999999973
-150,-289470.88,4.040214,3.150000000023283,0.9834276999999996
-135,-289470.56,4.7069073,3.470000000030268,1.650121
-120,-289471,4.4005766,3.03000000002794,1.3437902999999998
-105,-289472.53,3.7357767,1.5,0.6789904
-90,-289473.8,3.0968955,0.2300000000395812,0.040109199999999845
-75,-289474.03,3.0567868,0,4.999999996257998e-07
-60,-289473.16,3.3707383,0.870000000053551,0.313952
-45,-289471.5,4.1543136,2.53000000002794,1.0975272999999999
-30,-289469.56,5.469539,4.470000000030268,2.4127527
-15,-289468,6.767775,6.03000000002794,3.7109887
0,-289467.25,7.402797,6.78000000002794,4.346010699999999
15,-289468,6.767691,6.03000000002794,3.7109047
30,-289469.56,5.4695373,4.470000000030268,2.4127509999999996
45,-289471.5,4.1543117,2.53000000002794,1.0975253999999999
60,-289473.16,3.3707378,0.870000000053551,0.31395149999999994
75,-289474.03,3.0567863,0,0
90,-289473.8,3.0974553,0.2300000000395812,0.040668999999999844
105,-289472.53,3.7357755,1.5,0.6789891999999997
120,-289471,4.4002967,3.03000000002794,1.3435104
135,-289470.56,4.7069106,3.470000000030268,1.6501242999999994
150,-289470.88,4.040288,3.150000000023283,0.9835017000000001
165,-289471.28,3.4161308,2.75,0.35934449999999973
180,-289471.47,3.183541,2.56000000005588,0.12675469999999978
-165,-458870.78,-27.665943,0.2199999999720603,0.6351010000000024
-150,-458870.12,-28.233406,0.8800000000046566,0.06763800000000231
-135,-458869.12,-28.26861,1.8800000000046568,0.03243400000000207
-120,-458867.88,-27.678974,3.1199999999953434,0.6220700000000008
-105,-458866.6,-26.998127,4.400000000023283,1.3029170000000008
-90,-458865.94,-27.046875,5.059999999997672,1.254169000000001
-75,-458866.72,-27.056955,4.28000000002794,1.2440890000000024
-60,-458868.03,-27.75523,2.9699999999720603,0.545814
-45,-458869.3,-28.293415,1.7000000000116415,0.00762900000000144
-30,-458870.25,-28.16582,0.75,0.1352240000000009
-15,-458870.8,-27.64125,0.2000000000116415,0.6597940000000015
0,-458871,-27.377615,0,0.9234290000000023
15,-458870.8,-27.64125,0.2000000000116415,0.6597940000000015
30,-458870.25,-28.163284,0.75,0.1377600000000001
45,-458869.3,-28.301044,1.7000000000116415,0
60,-458868.03,-27.757093,2.9699999999720603,0.5439509999999999
75,-458866.72,-27.061686,4.28000000002794,1.2393579999999993
90,-458865.94,-27.042908,5.059999999997672,1.2581360000000004
105,-458866.6,-26.99812,4.400000000023283,1.3029240000000009
120,-458867.88,-27.680609,3.1199999999953434,0.6204350000000005
135,-458869.12,-28.268618,1.8800000000046568,0.032426000000000954
150,-458870.12,-28.204994,0.8800000000046566,0.09605000000000175
165,-458870.78,-27.661152,0.2199999999720603,0.6398919999999997
180,-458871,-27.378624,0,0.9224200000000025
-165,-274982.66,1.0592655,6.900000000023283,5.574427
-150,-274981.9,1.2402192,7.659999999974389,5.7553807
-135,-274981.03,1.2066629,8.529999999969732,5.721824399999999
-120,-274984.44,-0.040677104,5.119999999995343,4.474484395999999
-105,-274986.6,-2.4420578,2.9600000000209548,2.0731036999999994
-90,-274988.5,-4.088921,1.0599999999976717,0.4262404999999996
-75,-274989.56,-4.5151606,0,8.999999998593466e-07
-60,-274989,-3.4513447,0.5599999999976717,1.0638167999999997
-45,-274987.06,-1.4420335,2.5,3.0731279999999996
-30,-274982.34,0.71864724,7.21999999997206,5.23380874
-15,-274983.2,1.2394872,6.35999999998603,5.7546487
0,-274983.28,1.3092875,6.279999999969732,5.8244489999999995
15,-274983.2,1.2356027,6.35999999998603,5.7507642
30,-274982.34,0.7091094,7.21999999997206,5.2242709
45,-274987.06,-1.4440261,2.5,3.0711353999999993
60,-274989,-3.4652479,0.5599999999976717,1.0499135999999996
75,-274989.56,-4.5151615,0,0
90,-274988.5,-4.090985,1.0599999999976717,0.42417649999999973
105,-274986.6,-2.4399157,2.9600000000209548,2.0752458
120,-274984.44,-0.027926464,5.119999999995343,4.4872350359999995
135,-274981.03,1.2435361,8.529999999969732,5.7586976
150,-274981.9,1.25215,7.659999999974389,5.7673115
165,-274982.66,1.009309,6.900000000023283,5.5244705
180,-274982.8,1.0587677,6.760000000009313,5.573929199999999
-165,-358352.1,5.91058,0.2800000000279397,0.22945100000000007
-150,-358351.88,6.619979,0.5,0.9388499999999995
-135,-358351.53,7.4214616,0.8499999999767169,1.7403325999999995
-120,-358351.5,7.7316437,0.8800000000046566,2.0505147
-105,-358351.88,7.303029,0.5,1.6219000000000001
-90,-358352.38,6.4088464,0,0.7277173999999995
-75,-358352.25,5.681129,0.1300000000046566,0
-60,-358351,5.7736287,1.3800000000046566,0.09249969999999941
-45,-358348.72,6.621835,3.660000000032596,0.9407059999999996
-30,-358346.22,7.9737678,6.160000000032596,2.2926387999999998
-15,-358344.47,8.976073,7.910000000032596,3.294943999999999
0,-358344.16,10.8759575,8.220000000030268,5.1948285
15,-358344.5,9.090133,7.880000000004657,3.4090039999999995
30,-358346.22,7.970252,6.160000000032596,2.289123
45,-358348.72,6.6218534,3.660000000032596,0.9407243999999997
60,-358351,5.7480054,1.3800000000046566,0.06687639999999995
75,-358352.25,5.6839333,0.1300000000046566,0.0028042999999993157
90,-358352.38,6.410575,0,0.7294459999999994
105,-358351.88,7.3018403,0.5,1.6207113
120,-358351.5,7.729773,0.8800000000046566,2.0486439999999995
135,-358351.53,7.4154043,0.8499999999767169,1.7342752999999993
150,-358351.88,6.6196837,0.5,0.9385547000000001
165,-358352.1,5.9140882,0.2800000000279397,0.2329591999999998
180,-358351.94,5.763585,0.4400000000023283,0.08245599999999964
-165,-454627.2,-104.188896,0.5499999999883585,0.8456939999999946
-150,-454625.78,-105.01871,1.9699999999720603,0.015879999999995675
-135,-454622.88,-102.192825,4.869999999995343,2.841764999999995
-120,-454619.5,-100.795425,8.25,4.239165
-105,-454616.25,-98.5107,11.5,6.523889999999994
-90,-454614.4,-98.357254,13.349999999976715,6.677335999999997
-75,-454615.97,-99.393654,11.78000000002794,5.640935999999996
-60,-454618.56,-100.92345,9.190000000002328,4.111139999999992
-45,-454620.94,-102.09465,6.809999999997672,2.939939999999993
-30,-454622.5,-102.52838,5.25,2.506209999999996
-15,-454623.25,-102.33233,4.5,2.7022599999999954
0,-454623.34,-101.94935,4.409999999974389,3.085239999999999
15,-454622.94,-101.69964,4.809999999997672,3.334949999999992
30,-454621.97,-101.32495,5.78000000002794,3.709639999999993
45,-454620.25,-100.353165,7.5,4.68142499999999
60,-454618.56,-100.95932,9.190000000002328,4.075269999999989
75,-454615.2,-97.02137,12.549999999988358,8.01321999999999
90,-454614.5,-98.83113,13.25,6.203459999999993
105,-454616.62,-100.48808,11.130000000004657,4.546509999999998
120,-454619.94,-102.56176,7.809999999997672,2.4728299999999876
135,-454623.25,-104.19486,4.5,0.8397299999999888
150,-454625.78,-105.03459,1.9699999999720603,0
165,-454627.28,-105.01941,0.4699999999720603,0.01518000000000086
180,-454627.75,-104.73411,0,0.3004799999999932
-165,-327138.97,5.702947,3.910000000032596,3.6368295
-150,-327140.4,5.126366,2.479999999981373,3.0602485
-135,-327141.3,4.4612083,1.580000000016298,2.3950908
-120,-327141.8,4.353483,1.080000000016298,2.2873655
-105,-327141.97,4.7042236,0.9100000000325964,2.6381061
-90,-327141.7,5.5478487,1.179999999993015,3.4817312000000005
-75,-327140.72,6.8388677,2.1600000000325963,4.7727502
-60,-327139.22,7.1917105,3.660000000032596,5.125593
-45,-327137.94,7.157121,4.940000000002328,5.0910035
-30,-327137.7,8.130836,5.179999999993015,6.064718500000001
-15,-327138.53,5.9015713,4.349999999976717,3.8354538
0,-327139.78,4.1726823,3.099999999976717,2.1065648
15,-327141,3.1263022,1.8800000000046568,1.0601847000000002
30,-327141.94,2.4864664,0.9400000000023284,0.4203489
45,-327142.47,2.1650434,0.4100000000325963,0.09892590000000023
60,-327142.88,2.0987296,0,0.032612100000000144
75,-327142.88,2.0661175,0,0
90,-327142.4,2.1878455,0.4799999999813735,0.12172800000000006
105,-327141.66,2.6396732,1.220000000030268,0.5735557
120,-327141.06,3.6905212,1.820000000006985,1.6244037000000002
135,-327140.4,5.284221,2.479999999981373,3.2181035
150,-327139.56,7.639176,3.320000000006985,5.5730585
165,-327138.4,10.172789,4.4799999999813735,8.106671500000001
180,-327137.84,8.504825,5.039999999979045,6.4387075000000005
-165,-526978.94,-87.46291,2.5,1.7349700000000041
-150,-526980.94,-87.370476,0.5,1.8274040000000014
-135,-526981.06,-86.983665,0.3799999998882413,2.214214999999996
-120,-526979.94,-84.96299,1.5,4.234889999999993
-105,-526980.1,-84.286095,1.3399999999674037,4.911784999999995
-90,-526981,-83.18097,0.4399999999441206,6.016909999999996
-75,-526981.44,-83.8188,0,5.379080000000002
-60,-526981.4,-84.73881,0.0399999999208375,4.459069999999997
-45,-526980.5,-84.52234,0.9399999999441206,4.675539999999998
-30,-526979.25,-83.95418,2.1899999999441206,5.243700000000004
-15,-526978.3,-83.54554,3.1399999998975545,5.652339999999995
0,-526977.9,-83.806984,3.5399999999208376,5.390895999999998
15,-526978.3,-83.54361,3.1399999998975545,5.654269999999997
30,-526979.25,-83.907295,2.1899999999441206,5.290584999999993
45,-526980.5,-84.52159,0.9399999999441206,4.6762899999999945
60,-526981.4,-84.721924,0.0399999999208375,4.4759559999999965
75,-526981.44,-83.81865,0,5.379229999999993
90,-526981,-83.18101,0.4399999999441206,6.016869999999997
105,-526980.7,-83.43825,0.7399999999906868,5.759630000000001
120,-526980.3,-83.43953,1.1399999998975543,5.758349999999993
135,-526979.7,-82.77053,1.7399999999906868,6.427350000000004
150,-526981,-89.19788,0.4399999999441206,0
165,-526978.56,-82.19582,2.8799999998882413,7.00206
180,-526978.8,-87.1165,2.6399999998975545,2.081379999999996
-165,-462899.16,-194.32927,0.370000000053551,0.1892699999999934
-150,-462899.53,-194.50893,0,0.009610000000009222
-135,-462899.47,-194.0813,0.0600000000558793,0.43724000000000274
-120,-462899.12,-193.291,0.4100000000325963,1.2275400000000047
-105,-462898.72,-192.38788,0.8100000000558794,2.130660000000006
-90,-462898.44,-191.74113,1.0900000000256114,2.7774100000000033
-75,-462898.78,-192.51357,0.75,2.0049700000000144
-60,-462899.22,-193.47328,0.3100000000558793,1.0452600000000132
-45,-462899.5,-194.22282,0.0300000000279396,0.29571999999998866
-30,-462899.47,-194.51854,0.0600000000558793,0
-15,-462899.03,-194.19589,0.5,0.3226500000000101
0,-462898.22,-193.1988,1.3100000000558794,1.319739999999996
15,-462899.03,-194.19469,0.5,0.3238499999999931
30,-462899.47,-194.51266,0.0600000000558793,0.0058799999999905594
45,-462899.5,-194.22266,0.0300000000279396,0.295880000000011
60,-462899.22,-193.47331,0.3100000000558793,1.0452300000000037
75,-462898.78,-192.49803,0.75,2.0205100000000016
90,-462898.44,-191.747,1.0900000000256114,2.7715399999999875
105,-462898.72,-192.38881,0.8100000000558794,2.129729999999995
120,-462899.12,-193.2784,0.4100000000325963,1.2401399999999967
135,-462899.47,-194.07915,0.0600000000558793,0.43939000000000306
150,-462899.53,-194.50893,0,0.009610000000009222
165,-462899.16,-194.32303,0.370000000053551,0.19551000000001295
180,-462898.3,-193.42291,1.2300000000395812,1.0956299999999999
-165,-434458.88,16.71553,6.089999999967404,11.510437600000001
-150,-434460.56,7.3924737,4.409999999974389,2.1873813
-135,-434461.75,5.2104673,3.2199999999720603,0.005374900000000515
-120,-434461.6,5.4546065,3.3699999999953434,0.24951409999999985
-105,-434460.53,6.8669686,4.439999999944121,1.6618762
-90,-434464.97,9.196092,0,3.9909996000000003
-75,-434460.53,6.8807597,4.439999999944121,1.6756672999999997
-60,-434461.56,5.4635615,3.4099999999743886,0.2584691000000001
-45,-434461.75,5.211702,3.2199999999720603,0.006609599999999993
-30,-434460.53,7.4005427,4.439999999944121,2.1954503
-15,-434457.84,13.621302,7.129999999946449,8.4162096
0,-434456.66,38.740158,8.309999999997672,33.5350656
15,-434457.8,13.624639,7.169999999983702,8.4195466
30,-434461.88,9.374626,3.089999999967404,4.169533599999999
45,-434461.75,5.2102394,3.2199999999720603,0.005147000000000013
60,-434461.56,5.4641924,3.4099999999743886,0.2591000000000001
75,-434460.53,6.8810263,4.439999999944121,1.6759339000000004
90,-434464.97,9.197973,0,3.9928805999999994
105,-434460.53,6.867311,4.439999999944121,1.6622186
120,-434461.6,5.4542885,3.3699999999953434,0.2491960999999998
135,-434461.75,5.2050924,3.2199999999720603,0
150,-434460.56,7.3933616,4.409999999974389,2.1882692000000006
165,-434458.88,16.646023,6.089999999967404,11.4409306
180,-434455.34,31.702639,9.629999999946447,26.4975466
-165,-353005.78,18.592907,1.3399999999674037,3.6348199999999995
-150,-353006.97,15.688294,0.150000000023283,0.730207
-135,-353007.1,14.95939,0.0200000000186264,0.0013030000000000541
-120,-353006.34,15.62757,0.779999999969732,0.6694829999999996
-105,-353005.34,16.695265,1.779999999969732,1.7371779999999983
-90,-353004.94,17.188656,2.179999999993015,2.230569000000001
-75,-353005.4,16.65857,1.7199999999720603,1.7004830000000002
-60,-353006.4,15.579207,0.7199999999720603,0.6211199999999995
-45,-353007.12,14.958087,0,0
-30,-353006.9,15.829615,0.2199999999720603,0.8715279999999996
-15,-353005.72,18.817448,1.400000000023283,3.859360999999998
0,-353004.62,22.688267,2.5,7.730179999999999
15,-353005.72,18.817448,1.400000000023283,3.859360999999998
30,-353006.9,15.829617,0.2199999999720603,0.8715299999999999
45,-353007.12,14.958088,0,9.999999992515995e-07
60,-353006.4,15.579209,0.7199999999720603,0.6211219999999997
75,-353005.4,16.658571,1.7199999999720603,1.7004839999999977
90,-353004.94,17.187967,2.179999999993015,2.2298799999999996
105,-353005.34,16.695263,1.779999999969732,1.7371759999999998
120,-353006.34,15.627558,0.779999999969732,0.6694709999999997
135,-353007.1,14.959391,0.0200000000186264,0.0013039999999993057
150,-353006.97,15.688294,0.150000000023283,0.730207
165,-353005.78,18.654707,1.3399999999674037,3.6966199999999976
180,-353004.62,22.693811,2.5,7.735723999999999
-165,-460348.06,15.359715,2.78000000002794,3.6599760000000003
-150,-460349.44,12.975951,1.400000000023283,1.276212000000001
-135,-460350.06,12.071747,0.7800000000279397,0.372008000000001
-120,-460350.6,11.699739,0.2400000000488944,0
-105,-460350.84,11.950976,0,0.2512370000000015
-90,-460348.7,16.328384,2.14000000001397,4.628645000000001
-75,-460347.22,18.019949,3.620000000053551,6.320210000000001
-60,-460345.4,21.884674,5.440000000002328,10.184935000000001
-45,-460345.6,21.677984,5.240000000048894,9.978245
-30,-460345.66,19.745588,5.180000000051223,8.045849000000002
-15,-460345.6,18.13519,5.240000000048894,6.435451000000002
0,-460345.47,17.14207,5.370000000053551,5.442331000000001
15,-460347.22,18.593102,3.620000000053551,6.893362999999999
30,-460348.94,16.048298,1.900000000023283,4.348559
45,-460349.53,14.708102,1.3099999999976717,3.008363000000001
60,-460349.6,14.546144,1.2400000000488944,2.8464050000000007
75,-460348.8,15.257346,2.040000000037253,3.557607000000001
90,-460347.16,16.739717,3.680000000051223,5.039978
105,-460345.38,20.196491,5.460000000020955,8.496752000000003
120,-460343.7,25.101597,7.14000000001397,13.401858000000002
135,-460342.22,20.747402,8.620000000053551,9.047663000000002
150,-460343.78,20.888165,7.059999999997672,9.188426000000002
165,-460345.7,17.973314,5.14000000001397,6.273574999999999
180,-460347.03,16.34107,3.809999999997672,4.641330999999999
-165,-172680.86,20.600882,3.03000000002794,4.378746
-150,-172682.22,19.364109,1.6700000000128057,3.141973
-135,-172683.14,17.936272,0.75,1.7141359999999999
-120,-172683.7,16.861536,0.1900000000023283,0.639400000000002
-105,-172683.89,16.402746,0,0.1806100000000015
-90,-172683.55,16.222136,0.3400000000256113,0
-75,-172682.84,16.441725,1.0500000000174623,0.2195890000000027
-60,-172681.86,16.774202,2.03000000002794,0.552066
-45,-172681.78,17.138327,2.110000000015134,0.9161910000000013
-30,-172682.61,17.02169,1.2800000000279397,0.7995540000000005
-15,-172683.25,16.749271,0.6400000000139698,0.5271350000000012
0,-172683.5,16.62491,0.3900000000139698,0.40277400000000085
15,-172683.25,16.74761,0.6400000000139698,0.5254740000000027
30,-172682.61,17.021,1.2800000000279397,0.7988640000000018
45,-172681.78,17.139204,2.110000000015134,0.9170680000000004
60,-172681.86,16.7742,2.03000000002794,0.5520640000000014
75,-172682.84,16.441242,1.0500000000174623,0.21910600000000002
90,-172683.55,16.222586,0.3400000000256113,0.0004500000000007276
105,-172683.89,16.403072,0,0.18093600000000265
120,-172683.7,16.862898,0.1900000000023283,0.6407620000000023
135,-172683.14,17.936377,0.75,1.7142410000000012
150,-172682.22,19.364109,1.6700000000128057,3.141973
165,-172680.86,20.598368,3.03000000002794,4.376232000000002
180,-172680.12,20.9655,3.7700000000186265,4.743364
-165,-355026.88,22.439669,0,3.609403999999998
-150,-355026.47,26.616598,0.4100000000325963,7.786332999999999
-135,-355025.7,32.851254,1.179999999993015,14.020988999999997
-120,-355024.56,40.376656,2.320000000006985,21.546390999999996
-105,-355023.3,48.108425,3.580000000016298,29.278159999999996
-90,-355022.3,53.71829,4.580000000016298,34.888025
-75,-355022.03,52.356506,4.849999999976717,33.526241
-60,-355022.38,47.070435,4.5,28.240170000000003
-45,-355022.34,42.219936,4.539999999979045,23.389670999999996
-30,-355021.62,38.93561,5.260000000009313,20.105344999999996
-15,-355020.22,37.595467,6.660000000032596,18.765202
0,-355018.88,37.714336,8,18.884071000000002
15,-355020.22,37.597694,6.660000000032596,18.767428999999996
30,-355021.62,38.943367,5.260000000009313,20.113102
45,-355022.34,42.220325,4.539999999979045,23.390060000000002
60,-355022.38,47.06984,4.5,28.239575
75,-355022.03,52.40386,4.849999999976717,33.573595
90,-355022.3,53.717873,4.580000000016298,34.887608
105,-355023.3,48.077507,3.580000000016298,29.247241999999996
120,-355024.56,40.37364,2.320000000006985,21.543375
135,-355025.7,32.852047,1.179999999993015,14.021781999999998
150,-355026.47,26.609966,0.4100000000325963,7.779700999999999
165,-355026.88,22.439667,0,3.6094019999999993
180,-355026.44,18.830265,0.4400000000023283,0
-165,-358077.47,-53.866165,0.6300000000046566,3.7780500000000004
-150,-358078.1,-56.89198,0,0.752235000000006
-135,-358077.75,-57.64421,0.3499999999767169,5.000000001587068e-06
-120,-358076.56,-56.94758,1.5399999999790452,0.6966350000000006
-105,-358075.25,-55.876625,2.849999999976717,1.7675900000000055
-90,-358074.72,-55.436554,3.3800000000046566,2.2076610000000016
-75,-358075.3,-56.009,2.7999999999883585,1.6352150000000023
-60,-358076.66,-57.020485,1.4400000000023283,0.6237300000000019
-45,-358077.8,-57.637997,0.2999999999883584,0.006218000000004054
-30,-358078.1,-56.780376,0,0.8638390000000058
-15,-358077.47,-53.800484,0.6300000000046566,3.8437310000000053
0,-358076.8,-50.598637,1.2999999999883585,7.045578000000006
15,-358077.47,-53.80049,0.6300000000046566,3.843724999999999
30,-358078.1,-56.768974,0,0.8752410000000026
45,-358077.8,-57.637997,0.2999999999883584,0.006218000000004054
60,-358076.66,-57.03473,1.4400000000023283,0.6094849999999994
75,-358075.3,-56.009624,2.7999999999883585,1.6345910000000003
90,-358074.72,-55.43743,3.3800000000046566,2.2067850000000035
105,-358075.25,-55.854584,2.849999999976717,1.789631
120,-358076.56,-56.94758,1.5399999999790452,0.6966350000000006
135,-358077.75,-57.644215,0.3499999999767169,0
150,-358078.1,-56.887924,0,0.7562910000000045
165,-358077.47,-53.863693,0.6300000000046566,3.780522000000005
180,-358076.8,-50.611515,1.2999999999883585,7.0327000000000055
-165,-276877.72,18.988632,0.720000000030268,2.169117
-150,-276878.44,17.690212,0,0.8706969999999998
-135,-276878.34,17.01067,0.0999999999767169,0.19115500000000196
-120,-276877.62,16.820246,0.8200000000069849,0.0007310000000018135
-105,-276876.66,16.894365,1.7800000000279397,0.07485000000000142
-90,-276876.16,16.986856,2.28000000002794,0.1673410000000004
-75,-276876.66,16.900517,1.7800000000279397,0.08100200000000157
-60,-276877.62,16.834015,0.8200000000069849,0.014500000000001734
-45,-276878.34,17.015795,0.0999999999767169,0.19628000000000156
-30,-276878.44,17.676676,0,0.8571610000000014
-15,-276877.75,18.93743,0.6900000000023283,2.117915
0,-276876.97,20.288464,1.470000000030268,3.468949000000002
15,-276877.75,18.937428,0.6900000000023283,2.1179130000000015
30,-276878.44,17.674513,0,0.8549980000000019
45,-276878.34,17.01579,0.0999999999767169,0.19627499999999998
60,-276877.62,16.82914,0.8200000000069849,0.009624999999999773
75,-276876.66,16.900517,1.7800000000279397,0.08100200000000157
90,-276876.16,16.984163,2.28000000002794,0.16464799999999968
105,-276876.66,16.894365,1.7800000000279397,0.07485000000000142
120,-276877.62,16.819515,0.8200000000069849,0
135,-276878.34,17.010668,0.0999999999767169,0.1911529999999999
150,-276878.44,17.690212,0,0.8706969999999998
165,-276877.72,18.988634,0.720000000030268,2.169119000000002
180,-276876.97,20.28846,1.470000000030268,3.4689450000000015
-165,-442924.47,-34.575752,3.370000000053551,3.411183000000001
-150,-442925.12,-33.942795,2.720000000030268,4.044140000000006
-135,-442926.34,-34.89583,1.5,3.091105000000006
-120,-442926.88,-36.31116,0.9600000000209548,1.6757750000000016
-105,-442927,-37.031254,0.8400000000256114,0.9556810000000056
-90,-442927.25,-37.68289,0.5900000000256114,0.3040450000000021
-75,-442927.7,-37.985954,0.1400000000139698,0.0009810000000030072
-60,-442927.84,-37.762753,0,0.2241820000000061
-45,-442927.3,-37.13547,0.5400000000372529,0.8514650000000046
-30,-442926.22,-36.208267,1.620000000053551,1.7786680000000032
-15,-442925.03,-35.131287,2.809999999997672,2.855648000000002
0,-442924.38,-34.437298,3.4600000000209548,3.549637000000004
15,-442925.03,-35.134693,2.809999999997672,2.852242000000004
30,-442926.22,-36.208256,1.620000000053551,1.778679000000004
45,-442927.3,-37.137276,0.5400000000372529,0.8496590000000026
60,-442927.8,-37.54027,0.0400000000372529,0.446665000000003
75,-442927.7,-37.986935,0.1400000000139698,0
90,-442927.25,-37.694893,0.5900000000256114,0.29204200000000213
105,-442927,-37.031246,0.8400000000256114,0.9556889999999996
120,-442926.88,-36.31041,0.9600000000209548,1.6765250000000052
135,-442926.34,-34.889416,1.5,3.0975190000000055
150,-442925.12,-33.901993,2.720000000030268,4.084942000000005
165,-442924.47,-34.57539,3.370000000053551,3.411545000000004
180,-442924.25,-35.089844,3.590000000025612,2.897091000000003
-165,-502236.62,45.932144,0.1300000000046566,1.3455960000000005
-150,-502236.22,46.163853,0.5300000000279397,1.5773050000000026
-135,-502236,45.809555,0.75,1.2230070000000026
-120,-502236.22,45.054577,0.5300000000279397,0.46802900000000136
-105,-502236.47,44.586548,0.2800000000279397,0
-90,-502235.78,45.82501,0.9699999999720604,1.2384619999999984
-75,-502235.66,45.658855,1.0900000000256114,1.0723070000000021
-60,-502236.75,45.60104,0,1.014491999999997
-45,-502235.7,46.406876,1.0499999999883585,1.8203279999999964
-30,-502233.6,48.53601,3.150000000023283,3.949461999999997
-15,-502229.47,51.93105,7.28000000002794,7.3445019999999985
0,-502230.2,49.93694,6.549999999988359,5.350391999999999
15,-502231.44,48.014133,5.309999999997672,3.4275850000000005
30,-502232.47,47.453053,4.28000000002794,2.8665049999999965
45,-502232.84,47.631218,3.9099999999743886,3.0446699999999964
60,-502232.4,48.211143,4.349999999976717,3.6245949999999993
75,-502232.7,47.95647,4.049999999988359,3.3699220000000025
90,-502231.84,49.33718,4.909999999974389,4.750631999999996
105,-502231.22,49.82104,5.53000000002794,5.234492000000003
120,-502230.84,50.402138,5.909999999974389,5.81559
135,-502231.47,50.263035,5.28000000002794,5.676487000000002
150,-502233.2,48.579807,3.5499999999883585,3.993259000000002
165,-502235.3,46.538776,1.4500000000116415,1.952227999999998
180,-502236.62,45.59002,0.1300000000046566,1.0034720000000021
-165,-335804.25,66.63543,0.4500000000116415,0.44865000000000066
-150,-335803.1,67.657326,1.6000000000349246,1.4705459999999988
-135,-335801.62,69.034676,3.080000000016298,2.8478960000000058
-120,-335800.2,69.94352,4.5,3.7567400000000077
-105,-335799.12,70.29279,5.580000000016298,4.106009999999998
-90,-335799.03,68.68785,5.669999999983702,2.5010699999999986
-75,-335799.56,68.31749,5.14000000001397,2.1307100000000077
-60,-335800,68.92554,4.7000000000116415,2.738759999999999
-45,-335800.22,71.31382,4.480000000039581,5.127040000000008
-30,-335799.75,73.69736,4.9500000000116415,7.5105800000000045
-15,-335798.97,76.115555,5.730000000039581,9.928775000000002
0,-335798.12,76.80387,6.580000000016298,10.617090000000005
15,-335798.97,76.12365,5.730000000039581,9.936869999999999
30,-335799.75,73.75201,4.9500000000116415,7.56523
45,-335800.22,71.32956,4.480000000039581,5.142780000000002
60,-335800,68.925415,4.7000000000116415,2.738635000000002
75,-335799.56,68.30085,5.14000000001397,2.114069999999998
90,-335799.03,68.64031,5.669999999983702,2.4535300000000007
105,-335799.12,70.30315,5.580000000016298,4.116370000000003
120,-335800.2,69.94413,4.5,3.7573500000000024
135,-335801.62,69.039604,3.080000000016298,2.8528239999999983
150,-335803.1,67.6711,1.6000000000349246,1.4843199999999968
165,-335804.25,66.64238,0.4500000000116415,0.455600000000004
180,-335804.7,66.18678,0,0
-165,-297006.62,17.438822,0.4100000000325963,0.034846999999999184
-150,-297005.38,17.403975,1.650000000023283,0
-135,-297003.5,17.739618,3.53000000002794,0.335643000000001
-120,-297001.22,18.526682,5.810000000055879,1.122707000000002
-105,-296999.06,19.539743,7.970000000030268,2.1357680000000023
-90,-296997.7,20.347874,9.330000000016298,2.943899000000002
-75,-296997.72,20.826141,9.31000000005588,3.4221660000000007
-60,-296998.6,21.332678,8.430000000051223,3.9287030000000023
-45,-296999.44,21.968239,7.590000000025611,4.564264000000001
-30,-296999.75,22.80671,7.28000000002794,5.402735
-15,-296999.5,23.98644,7.53000000002794,6.582465000000003
0,-296999.25,24.779278,7.78000000002794,7.375303000000002
15,-296999.5,23.969362,7.53000000002794,6.565387000000001
30,-296999.75,22.807207,7.28000000002794,5.403231999999999
45,-296999.44,21.968239,7.590000000025611,4.564264000000001
60,-296998.6,21.341677,8.430000000051223,3.9377020000000016
75,-296997.72,20.825687,9.31000000005588,3.4217119999999994
90,-296997.7,20.347874,9.330000000016298,2.943899000000002
105,-296999.06,19.531914,7.970000000030268,2.1279390000000014
120,-297001.22,18.52669,5.810000000055879,1.1227149999999995
135,-297003.5,17.740639,3.53000000002794,0.3366640000000025
150,-297005.38,17.406616,1.650000000023283,0.0026410000000005596
165,-297006.62,17.438822,0.4100000000325963,0.034846999999999184
180,-297007.03,17.50973,0,0.10575500000000204
-165,-489954.97,3.1398532,3.25,4.9874535
-150,-489956.2,0.6668262,2.019999999960419,2.5144265
-135,-489956.5,-0.3998871,1.7199999999720603,1.4477132000000001
-120,-489956.1,-0.54330534,2.1199999999953434,1.30429496
-105,-489955.38,-0.3336442,2.839999999967404,1.5139561000000001
-90,-489954.94,-0.4263571,3.279999999969732,1.4212432000000002
-75,-489955.47,-1.1825455,2.75,0.6650548000000001
-60,-489956.88,-1.8366295,1.3399999999674037,0.01097080000000017
-45,-489958.06,-1.3558582,0.1599999999743886,0.4917421000000002
-30,-489958.22,1.04571,0,2.8933103
-15,-489957.38,4.8663545,0.8399999999674037,6.7139548
0,-489957.72,11.993281,0.5,13.8408813
15,-489957.38,4.8614864,0.8399999999674037,6.7090867
30,-489958.22,1.0471578,0,2.8947581
45,-489958.06,-1.3583527,0.1599999999743886,0.4892476000000001
60,-489956.88,-1.8476003,1.3399999999674037,0
75,-489955.47,-1.1825428,2.75,0.6650575000000001
90,-489954.94,-0.4263571,3.279999999969732,1.4212432000000002
105,-489955.38,-0.33364514,2.839999999967404,1.51395516
120,-489956.1,-0.54415596,2.1199999999953434,1.30344434
135,-489956.5,-0.3998871,1.7199999999720603,1.4477132000000001
150,-489956.2,0.66052073,2.019999999960419,2.50812103
165,-489954.97,3.1761115,3.25,5.0237118
180,-489953.25,7.677908,4.96999999997206,9.5255083
-165,-456882.22,-13.568705,4,5.022585999999999
-150,-456884.94,-16.837393,1.279999999969732,1.7538979999999995
-135,-456886.16,-18.339777,0.0599999999976716,0.2515139999999967
-120,-456886.16,-18.591146,0.0599999999976716,0.0001449999999998397
-105,-456885.6,-18.180178,0.6199999999953434,0.41111299999999673
-90,-456885.22,-17.892838,1,0.6984529999999971
-75,-456885.62,-18.22014,0.5999999999767169,0.37115099999999757
-60,-456886.22,-18.59042,0,0.0008709999999965135
-45,-456886.03,-18.208843,0.1899999999441206,0.38244799999999657
-30,-456884.44,-16.436422,1.779999999969732,2.154868999999998
-15,-456881.4,-12.854107,4.819999999948777,5.737183999999997
0,-456877.44,-6.414074,8.779999999969732,12.177216999999999
15,-456881.4,-12.854123,4.819999999948777,5.737167999999999
30,-456884.44,-16.436422,1.779999999969732,2.154868999999998
45,-456886.03,-18.207489,0.1899999999441206,0.3838019999999993
60,-456886.22,-18.589777,0,0.0015139999999966847
75,-456885.62,-18.22269,0.5999999999767169,0.3686009999999982
90,-456885.22,-17.892778,1,0.6985129999999984
105,-456885.6,-18.180176,0.6199999999953434,0.4111149999999988
120,-456886.16,-18.591291,0.0599999999976716,0
135,-456886.16,-18.339777,0.0599999999976716,0.2515139999999967
150,-456884.94,-16.83759,1.279999999969732,1.7537009999999995
165,-456882.22,-13.557724,4,5.033566999999998
180,-456878.3,-8.044594,7.919999999983702,10.546696999999998
-165,-382130,49.209965,15.75,17.271970999999997
-150,-382131.22,46.83108,14.53000000002794,14.893086
-135,-382131.66,45.148373,14.090000000025611,13.210379
-120,-382131.44,43.814896,14.309999999997672,11.876901999999998
-105,-382131.1,42.560173,14.650000000023285,10.622179
-90,-382131.6,41.04148,14.150000000023285,9.103486
-75,-382133.5,39.224125,12.25,7.286131000000001
-60,-382136.6,37.19341,9.150000000023285,5.255416
-45,-382140.1,35.215935,5.650000000023283,3.277941000000002
-30,-382143.1,33.49151,2.650000000023283,1.5535159999999983
-15,-382145.06,32.357086,0.6900000000023283,0.4190920000000027
0,-382145.75,31.937994,0,0
15,-382145.06,32.357525,0.6900000000023283,0.41953100000000276
30,-382143.1,33.4908,2.650000000023283,1.5528060000000004
45,-382140.1,35.209373,5.650000000023283,3.2713789999999996
60,-382136.6,37.188366,9.150000000023285,5.250372000000002
75,-382133.5,39.199078,12.25,7.261084
90,-382131.6,41.033325,14.150000000023285,9.095330999999998
105,-382131.1,42.55572,14.650000000023285,10.617726000000001
120,-382131.44,43.81823,14.309999999997672,11.880236
135,-382131.66,45.14836,14.090000000025611,13.210365999999997
150,-382131.22,46.818787,14.53000000002794,14.880793
165,-382130,49.209965,15.75,17.271970999999997
180,-382128,51.943733,17.75,20.005739000000002
-165,-411207.4,52.81558,0.4799999999813735,0.1953059999999951
-150,-411206.44,54.1704,1.4400000000023283,1.5501259999999988
-135,-411204.5,56.57667,3.3800000000046566,3.956395999999998
-120,-411202.56,59.870686,5.320000000006985,7.250411999999997
-105,-411203.4,56.93671,4.4799999999813735,4.316435999999996
-90,-411205.97,54.318596,1.9100000000325963,1.6983219999999974
-75,-411207.53,52.965664,0.3499999999767169,0.34538999999999476
-60,-411207.88,52.896893,0,0.2766189999999966
-45,-411206.97,53.202156,0.9100000000325964,0.5818820000000002
-30,-411205.03,54.21051,2.849999999976717,1.5902359999999973
-15,-411202.6,55.65436,5.28000000002794,3.034085999999995
0,-411200.62,57.172405,7.260000000009313,4.552130999999996
15,-411200.34,58.740562,7.539999999979045,6.120287999999995
30,-411202,58.935043,5.880000000004657,6.314768999999998
45,-411204.8,56.089905,3.080000000016298,3.4696309999999997
60,-411206.78,54.19136,1.099999999976717,1.571086000000001
75,-411204.7,54.898506,3.179999999993015,2.2782319999999956
90,-411203.75,55.870773,4.130000000004657,3.250498999999998
105,-411202.34,57.18551,5.539999999979045,4.565235999999999
120,-411200.34,58.020897,7.539999999979045,5.400622999999996
135,-411201.53,56.680172,6.349999999976717,4.059897999999997
150,-411203.97,55.116398,3.910000000032596,2.4961239999999947
165,-411206.22,53.48455,1.6600000000325963,0.8642759999999967
180,-411207.44,52.620274,0.4400000000023283,0
-165,-321670.22,19.506432,0.3400000000256113,3.8708810000000007
-150,-321670.56,17.513685,0,1.8781339999999993
-135,-321670.4,16.248196,0.1599999999743886,0.6126450000000006
-120,-321669.78,15.769052,0.779999999969732,0.13350100000000076
-105,-321669.06,15.719644,1.5,0.08409300000000108
-90,-321668.7,15.706666,1.8599999999860304,0.0711150000000007
-75,-321669.1,15.637419,1.4600000000209548,0.0018679999999999808
-60,-321669.94,15.820308,0.6199999999953434,0.18475700000000117
-45,-321670.5,16.553402,0.0599999999976716,0.9178509999999989
-30,-321670.5,18.028425,0.0599999999976716,2.392873999999999
-15,-321670.12,19.83996,0.4400000000023283,4.204409000000002
0,-321669.9,20.768679,0.6599999999743886,5.133127999999999
15,-321670.12,19.83703,0.4400000000023283,4.201478999999999
30,-321670.5,18.028425,0.0599999999976716,2.392873999999999
45,-321670.5,16.553402,0.0599999999976716,0.9178509999999989
60,-321669.94,15.82031,0.6199999999953434,0.18475899999999967
75,-321669.1,15.635551,1.4600000000209548,0
90,-321668.7,15.706662,1.8599999999860304,0.07111100000000015
105,-321669.06,15.721877,1.5,0.08632599999999968
120,-321669.78,15.76905,0.779999999969732,0.13349900000000048
135,-321670.4,16.248196,0.1599999999743886,0.6126450000000006
150,-321670.56,17.520504,0,1.8849529999999994
165,-321670.22,19.521059,0.3400000000256113,3.8855080000000015
180,-321669.9,20.782705,0.6599999999743886,5.1471540000000005
-165,-374818.38,-14.628295,0.0599999999976716,0.17878100000000074
-150,-374818.44,-14.807076,0,0
-135,-374818.22,-13.9426365,0.2200000000302679,0.8644394999999996
-120,-374817.7,-12.553725,0.7399999999906868,2.2533510000000003
-105,-374817.03,-10.941437,1.4099999999743886,3.865639
-90,-374816.44,-9.511297,2,5.295779
-75,-374817.6,-9.382917,0.8400000000256114,5.4241589999999995
-60,-374817.4,-10.67934,1.0399999999790452,4.1277360000000005
-45,-374816.47,-11.399836,1.970000000030268,3.40724
-30,-374815.1,-11.040516,3.340000000025612,3.76656
-15,-374813.53,-9.6713915,4.909999999974389,5.1356845
0,-374812,-8.065713,6.440000000002328,6.741363
15,-374813.53,-9.671385,4.909999999974389,5.135691
30,-374815.1,-11.040514,3.340000000025612,3.7665620000000004
45,-374816.47,-11.4009905,1.970000000030268,3.4060854999999997
60,-374817.4,-10.679338,1.0399999999790452,4.127738000000001
75,-374817.6,-9.38318,0.8400000000256114,5.423896000000001
90,-374816.9,-8.119542,1.5399999999790452,6.687534000000001
105,-374817.03,-10.941439,1.4099999999743886,3.8656369999999995
120,-374817.7,-12.554016,0.7399999999906868,2.2530599999999996
135,-374818.22,-13.9426365,0.2200000000302679,0.8644394999999996
150,-374818.44,-14.807076,0,0
165,-374818.38,-14.628298,0.0599999999976716,0.1787780000000012
180,-374817.97,-13.60436,0.470000000030268,1.2027160000000006
-165,-466823.3,40.51054,1.540000000037253,4.346789999999999
-150,-466822.22,40.381454,2.620000000053551,4.217703999999998
-135,-466823.12,38.84821,1.720000000030268,2.6844600000000014
-120,-466824.06,37.449497,0.7800000000279397,1.2857470000000006
-105,-466824.7,36.460705,0.1400000000139698,0.29695499999999697
-90,-466824.84,36.16375,0,0
-75,-466824,36.97272,0.8400000000256114,0.8089700000000022
-60,-466821.44,42.41304,3.400000000023283,6.249290000000002
-45,-466820.22,42.888023,4.620000000053551,6.724272999999997
-30,-466819.06,43.080166,5.78000000002794,6.916415999999998
-15,-466818.47,43.3243,6.370000000053551,7.160550000000001
0,-466819.4,43.331123,5.440000000002328,7.167372999999998
15,-466820.1,43.8096,4.740000000048894,7.645850000000003
30,-466817.1,45.151546,7.740000000048894,8.987796000000003
45,-466819.25,42.85779,5.590000000025611,6.694040000000001
60,-466820.88,41.28329,3.9600000000209543,5.119540000000001
75,-466824.47,38.169735,0.370000000053551,2.0059850000000026
90,-466824.5,37.94839,0.3400000000256113,1.7846400000000031
105,-466823.38,38.9514,1.4600000000209548,2.7876499999999993
120,-466820.84,41.68394,4,5.5201899999999995
135,-466820.72,41.93332,4.120000000053551,5.769570000000002
150,-466821.7,41.205627,3.14000000001397,5.0418769999999995
165,-466822.38,40.857834,2.4600000000209548,4.694083999999997
180,-466823,40.631565,1.8400000000256116,4.467815000000002
-165,-488504.94,63.236443,1.179999999993015,3.357789000000004
-150,-488504.88,62.979015,1.2399999999906868,3.1003609999999995
-135,-488504.38,63.35541,1.7399999999906868,3.4767560000000017
-120,-488503.62,64.0353,2.5,4.156646000000009
-105,-488503.12,64.7763,3,4.897646000000009
-90,-488502.8,65.305145,3.320000000006985,5.426490999999999
-75,-488504,63.66476,2.1199999999953434,3.7861060000000037
-60,-488505.38,62.220013,0.7399999999906868,2.341359000000004
-45,-488506.12,60.910038,0,1.0313840000000027
-30,-488503.56,62.31088,2.559999999997672,2.432226
-15,-488504.12,61.17944,2,1.3007860000000022
0,-488504.8,60.30848,1.320000000006985,0.4298260000000056
15,-488505.56,59.878654,0.5599999999976717,0
30,-488506.06,60.034077,0.0599999999976716,0.15542300000000608
45,-488506.12,60.89363,0,1.0149760000000043
60,-488505.38,62.21813,0.7399999999906868,2.3394760000000048
75,-488504,63.686687,2.1199999999953434,3.8080330000000018
90,-488500.16,66.68304,5.960000000020955,6.804386000000008
105,-488503.12,64.782936,3,4.904282000000009
120,-488503.62,64.033875,2.5,4.155220999999997
135,-488504.38,63.355095,1.7399999999906868,3.4764410000000012
150,-488503.28,64.21307,2.839999999967404,4.3344160000000045
165,-488502.88,65.53135,3.2399999999906868,5.652696000000006
180,-488504.28,64.15645,1.839999999967404,4.277796000000009
-165,-366473.1,-61.33444,0,0.4661959999999965
-150,-366472.2,-61.38603,0.8999999999650754,0.41460599999999914
-135,-366470.38,-61.083717,2.7199999999720603,0.7169189999999972
-120,-366467.88,-60.288456,5.21999999997206,1.5121800000000007
-105,-366465.1,-59.374382,8,2.426254
-90,-366462.8,-59.236305,10.299999999988358,2.5643309999999957
-75,-366465.22,-59.779617,7.880000000004657,2.0210189999999955
-60,-366468,-60.43823,5.099999999976717,1.362406
-45,-366470.47,-61.03078,2.6300000000046566,0.7698559999999972
-30,-366472.22,-61.29174,0.8800000000046566,0.508896
-15,-366473.1,-61.310143,0,0.49049300000000073
0,-366473.1,-61.800636,0,0
15,-366473.1,-61.310173,0,0.4904629999999983
30,-366472.22,-61.291653,0.8800000000046566,0.5089830000000006
45,-366470.47,-61.02662,2.6300000000046566,0.774015999999996
60,-366468,-60.406273,5.099999999976717,1.3943629999999985
75,-366465.22,-59.761703,7.880000000004657,2.038933
90,-366462.8,-59.22685,10.299999999988358,2.5737859999999984
105,-366465.1,-59.367737,8,2.432898999999999
120,-366467.88,-60.288456,5.21999999997206,1.5121800000000007
135,-366470.38,-61.083717,2.7199999999720603,0.7169189999999972
150,-366472.2,-61.383316,0.8999999999650754,0.4173199999999966
165,-366473.1,-61.334454,0,0.4661819999999963
180,-366473.1,-61.799736,0,0.0008999999999943498
-165,-393410.6,28.32909,0.2000000000116415,0.7761940000000003
-150,-393409.97,27.798252,0.8300000000162981,0.24535600000000102
-135,-393408.8,27.553133,2,0.00023699999999848842
-120,-393407.25,27.691027,3.5499999999883585,0.13813099999999778
-105,-393405.75,27.956652,5.049999999988359,0.4037559999999978
-90,-393405.06,28.097832,5.739999999990687,0.5449359999999999
-75,-393405.72,27.9745,5.080000000016298,0.42160399999999854
-60,-393407.22,27.68249,3.580000000016298,0.12959400000000088
-45,-393408.8,27.553316,2,0.0004199999999983106
-30,-393409.97,27.816889,0.8300000000162981,0.26399299999999926
-15,-393410.6,28.341547,0.2000000000116415,0.788650999999998
0,-393410.8,28.626097,0,1.073201000000001
15,-393410.6,28.341618,0.2000000000116415,0.7887219999999999
30,-393409.97,27.816889,0.8300000000162981,0.26399299999999926
45,-393408.8,27.560104,2,0.007207999999998549
60,-393407.22,27.682493,3.580000000016298,0.1295970000000004
75,-393405.72,27.972301,5.080000000016298,0.41940500000000114
90,-393405.06,28.103048,5.739999999990687,0.5501520000000006
105,-393405.75,28.002256,5.049999999988359,0.44935999999999865
120,-393407.25,27.6905,3.5499999999883585,0.13760399999999962
135,-393408.8,27.552896,2,0
150,-393409.97,27.795725,0.8300000000162981,0.2428290000000004
165,-393410.6,28.32909,0.2000000000116415,0.7761940000000003
180,-393410.8,28.618927,0,1.0660309999999988
-165,-324091.94,8.9362135,0.1199999999953433,0.06207549999999884
-150,-324091.47,9.2908535,0.5900000000256114,0.41671550000000046
-135,-324090.53,10.0960455,1.529999999969732,1.2219075000000004
-120,-324089.2,11.292666,2.85999999998603,2.4185280000000002
-105,-324087.75,12.506385,4.309999999997672,3.6322469999999996
-90,-324087.03,13.178111,5.029999999969732,4.303972999999999
-75,-324087.72,12.727842,4.340000000025611,3.8537040000000005
-60,-324089.1,11.454084,2.9600000000209548,2.5799459999999996
-45,-324090.44,10.168493,1.6199999999953434,1.2943549999999995
-30,-324091.44,9.286217,0.6199999999953434,0.4120790000000003
-15,-324091.94,8.927506,0.1199999999953433,0.05336799999999897
0,-324092.06,8.874138,0,0
15,-324091.94,8.927508,0.1199999999953433,0.05336999999999925
30,-324091.44,9.286217,0.6199999999953434,0.4120790000000003
45,-324090.44,10.168492,1.6199999999953434,1.2943540000000002
60,-324089.1,11.465094,2.9600000000209548,2.5909560000000003
75,-324087.72,12.7278385,4.340000000025611,3.8537005000000004
90,-324087.03,13.178111,5.029999999969732,4.303972999999999
105,-324087.75,12.51043,4.309999999997672,3.636291999999999
120,-324089.2,11.300737,2.85999999998603,2.4265989999999995
135,-324090.53,10.102508,1.529999999969732,1.22837
150,-324091.47,9.290855,0.5900000000256114,0.4167170000000002
165,-324091.94,8.936215,0.1199999999953433,0.06207700000000038
180,-324092.06,8.874308,0,0.00016999999999889326
-165,-331748.4,44.19894,0.2999999999883584,0.11786200000000235
-150,-331747.56,44.634514,1.1400000000139698,0.5534360000000049
-135,-331746.25,45.454597,2.450000000011641,1.3735190000000017
-120,-331744.72,46.532295,3.980000000039581,2.4512169999999998
-105,-331743.4,47.48819,5.299999999988359,3.407112000000005
-90,-331742.84,47.87361,5.85999999998603,3.7925320000000013
-75,-331743.38,47.509354,5.320000000006985,3.428276000000004
-60,-331744.6,46.721626,4.100000000034925,2.6405480000000026
-45,-331745.94,45.922585,2.760000000009313,1.841507
-30,-331746.94,45.337994,1.7600000000093132,1.256916000000004
-15,-331747.5,45.031868,1.2000000000116415,0.9507900000000049
0,-331747.66,44.942646,1.040000000037253,0.8615680000000054
15,-331747.5,45.03201,1.2000000000116415,0.9509320000000017
30,-331746.94,45.339905,1.7600000000093132,1.2588270000000037
45,-331745.94,45.921772,2.760000000009313,1.8406939999999992
60,-331744.6,46.718716,4.100000000034925,2.6376380000000026
75,-331743.38,47.50287,5.320000000006985,3.4217920000000035
90,-331742.84,47.873127,5.85999999998603,3.7920489999999987
105,-331743.4,47.489986,5.299999999988359,3.408908000000004
120,-331744.72,46.53332,3.980000000039581,2.4522420000000054
135,-331746.25,45.45715,2.450000000011641,1.3760720000000006
150,-331747.56,44.63795,1.1400000000139698,0.5568719999999985
165,-331748.4,44.198948,0.2999999999883584,0.11787000000000347
180,-331748.7,44.081078,0,0
-165,-314275.84,29.527954,0.9099999999743886,0.5549740000000014
-150,-314274.38,30.8387,2.3699999999953434,1.8657199999999996
-135,-314273.4,32.291275,3.349999999976717,3.318294999999999
-120,-314272.72,33.320404,4.03000000002794,4.347424000000004
-105,-314272.62,34.137444,4.130000000004657,5.164464000000002
-90,-314274.94,32.897964,1.809999999997672,3.924984000000002
-75,-314276.62,31.574043,0.1300000000046566,2.601063
-60,-314276.75,31.410278,0,2.437298000000002
-45,-314275.34,32.60384,1.4099999999743886,3.6308599999999984
-30,-314273.06,33.89364,3.690000000002328,4.920659999999998
-15,-314272.66,34.819756,4.090000000025611,5.846775999999998
0,-314271.34,37.03902,5.409999999974389,8.066040000000001
15,-314272.7,35.42015,4.049999999988359,6.44717
30,-314274.34,33.680714,2.4099999999743886,4.707734000000002
45,-314275.38,32.51514,1.3699999999953434,3.5421600000000026
60,-314275.38,31.973858,1.3699999999953434,3.000878
75,-314275.94,30.672049,0.8099999999976717,1.6990690000000015
90,-314274.22,31.655365,2.53000000002794,2.682385
105,-314272.22,32.86751,4.53000000002794,3.894530000000003
120,-314271.25,33.017017,5.5,4.044037000000003
135,-314272.22,32.13042,4.53000000002794,3.157440000000001
150,-314274.34,30.679415,2.4099999999743886,1.706434999999999
165,-314276.06,29.380377,0.6900000000023283,0.40739699999999957
180,-314276.62,28.97298,0.1300000000046566,0
-165,-475992.47,21.12461,0.1300000000046566,1.4499479999999991
-150,-475991.72,25.19834,0.8800000000046566,5.523678
-135,-475990.3,31.230383,2.2999999999883585,11.555720999999998
-120,-475988.38,38.85225,4.21999999997206,19.177587999999997
-105,-475986.3,47.153965,6.299999999988359,27.479302999999998
-90,-475984.84,54.474854,7.759999999951106,34.800191999999996
-75,-475985.1,52.13039,7.5,32.45572799999999
-60,-475986.38,45.34727,6.21999999997206,25.672608
-45,-475987.62,38.557198,4.9799999999813735,18.882535999999998
-30,-475988.38,32.86501,4.21999999997206,13.190347999999997
-15,-475988.53,28.559708,4.069999999948777,8.885045999999999
0,-475988.4,26.383364,4.199999999953434,6.708701999999999
15,-475988.53,28.603127,4.069999999948777,8.928465
30,-475988.38,32.80914,4.21999999997206,13.134477999999998
45,-475987.62,38.592087,4.9799999999813735,18.917424999999998
60,-475986.38,45.333973,6.21999999997206,25.659311
75,-475985.1,52.11303,7.5,32.438368
90,-475984.84,54.474846,7.759999999951106,34.800184
105,-475986.3,47.153957,6.299999999988359,27.479294999999997
120,-475988.38,38.81482,4.21999999997206,19.140157999999996
135,-475990.3,31.226196,2.2999999999883585,11.551534
150,-475991.72,25.179117,0.8800000000046566,5.504455
165,-475992.47,21.12461,0.1300000000046566,1.4499479999999991
180,-475992.6,19.674662,0,0
-165,-464520.9,-39.479744,1.9400000000023283,4.953388000000004
-150,-464520.5,-40.595463,2.340000000025612,3.837668999999998
-135,-464519.34,-41.02191,3.5,3.411222000000002
-120,-464518.03,-41.116184,4.809999999997672,3.3169480000000036
-105,-464517.03,-40.86636,5.809999999997672,3.5667720000000003
-90,-464516.56,-40.545975,6.28000000002794,3.887157000000002
-75,-464516.94,-41.346783,5.900000000023283,3.0863489999999985
-60,-464519.03,-42.96812,3.809999999997672,1.4650120000000015
-45,-464520.94,-44.059753,1.900000000023283,0.3733789999999999
-30,-464522.22,-44.433067,0.620000000053551,6.49999999993156e-05
-15,-464522.84,-44.35688,0,0.07625200000000376
0,-464522.78,-44.005466,0.0599999999976716,0.4276660000000021
15,-464522.84,-44.35155,0,0.08158199999999738
30,-464522.22,-44.433132,0.620000000053551,0
45,-464520.94,-44.070435,1.900000000023283,0.36269699999999716
60,-464519.03,-42.96663,3.809999999997672,1.4665019999999984
75,-464516.94,-41.346775,5.900000000023283,3.0863569999999996
90,-464516.56,-40.54614,6.28000000002794,3.8869919999999993
105,-464517.03,-40.862633,5.809999999997672,3.570498999999998
120,-464518.03,-41.116295,4.809999999997672,3.3168369999999996
135,-464519.34,-41.022564,3.5,3.410567999999998
150,-464520.5,-40.59454,2.340000000025612,3.8385919999999984
165,-464520.9,-39.482132,1.9400000000023283,4.9510000000000005
180,-464520.62,-37.89897,2.220000000030268,6.534162000000002
-165,-297991,41.58457,2.1199999999953434,2.7677600000000027
-150,-297990.53,46.33569,2.589999999967404,7.518880000000003
-135,-297989.7,53.114147,3.419999999983702,14.297337000000006
-120,-297988.56,60.88843,4.559999999997672,22.071620000000003
-105,-297987.47,68.02893,5.650000000023283,29.212120000000006
-90,-297986.97,71.35958,6.150000000023283,32.54277
-75,-297987.5,67.4395,5.619999999995343,28.62269
-60,-297988.84,59.515114,4.279999999969732,20.698304
-45,-297990.47,51.496803,2.650000000023283,12.679993000000003
-30,-297991.88,44.836178,1.2399999999906868,6.019368
-15,-297992.78,40.36106,0.3399999999674037,1.5442500000000052
0,-297993.12,38.81681,0,0
15,-297992.78,40.371445,0.3399999999674037,1.5546350000000047
30,-297991.88,44.836166,1.2399999999906868,6.019356000000002
45,-297990.47,51.50189,2.650000000023283,12.685080000000006
60,-297988.84,59.51513,4.279999999969732,20.698320000000002
75,-297987.5,67.45976,5.619999999995343,28.642950000000006
90,-297986.97,71.35958,6.150000000023283,32.54277
105,-297987.47,68.02128,5.650000000023283,29.204470000000008
120,-297988.56,60.888565,4.559999999997672,22.071755000000003
135,-297989.7,53.114132,3.419999999983702,14.297322000000001
150,-297990.53,46.33569,2.589999999967404,7.518880000000003
165,-297991,41.58457,2.1199999999953434,2.7677600000000027
180,-297991.16,39.7891,1.9600000000209548,0.972290000000001
-165,-575341.3,16.797523,0.1999999999534338,0.2786400000000029
-150,-575341.5,16.518883,0,0
-135,-575341.2,16.939352,0.3000000000465661,0.42046900000000065
-120,-575340.4,17.946762,1.099999999976717,1.4278790000000008
-105,-575339.56,19.186218,1.9399999999441209,2.6673350000000013
-90,-575339.06,20.17313,2.4399999999441206,3.6542470000000016
-75,-575339.4,20.782345,2.099999999976717,4.2634620000000005
-60,-575340.06,20.878452,1.4399999999441206,4.3595690000000005
-45,-575340.56,21.076378,0.9399999999441206,4.557494999999999
-30,-575340.4,21.949108,1.099999999976717,5.430225
-15,-575339.5,23.219707,2,6.700824000000001
0,-575338.6,23.64702,2.900000000023283,7.128137000000002
15,-575339.5,23.22123,2,6.702347
30,-575340.4,21.945995,1.099999999976717,5.427112000000001
45,-575340.56,21.078566,0.9399999999441206,4.559683
60,-575340.06,20.87994,1.4399999999441206,4.361057000000002
75,-575339.4,20.783548,2.099999999976717,4.264665000000001
90,-575339.06,20.173248,2.4399999999441206,3.654365000000002
105,-575339.56,19.182955,1.9399999999441209,2.664072000000001
120,-575340.4,17.948307,1.099999999976717,1.429424000000001
135,-575341.2,16.932383,0.3000000000465661,0.41350000000000264
150,-575341.5,16.522253,0,0.003370000000000317
165,-575341.3,16.797642,0.1999999999534338,0.27875900000000087
180,-575341,17.178389,0.5,0.6595060000000004
-165,-347979.9,26.989447,0,2.0814839999999997
-150,-347978.22,28.111794,1.6800000000512227,3.203831000000001
-135,-347975.88,30.010584,4.0200000000186265,5.102621000000003
-120,-347973.22,32.30145,6.680000000051223,7.393487000000004
-105,-347971,34.712086,8.900000000023283,9.804123
-90,-347970,35.939323,9.900000000023285,11.031360000000003
-75,-347970.72,35.52293,9.180000000051225,10.614967000000004
-60,-347972.75,33.958237,7.150000000023283,9.050273999999998
-45,-347975.38,32.287323,4.5200000000186265,7.379360000000002
-30,-347977.66,31.065786,2.2400000000488944,6.1578230000000005
-15,-347979.12,30.262995,0.7800000000279397,5.355032000000001
0,-347977.28,28.250278,2.6199999999953434,3.342315000000003
15,-347979.12,30.262701,0.7800000000279397,5.354738000000001
30,-347977.66,31.067373,2.2400000000488944,6.159410000000001
45,-347975.38,32.28447,4.5200000000186265,7.376507
60,-347972.75,33.958237,7.150000000023283,9.050273999999998
75,-347970.72,35.5225,9.180000000051225,10.614537000000002
90,-347970,35.941013,9.900000000023285,11.03305
105,-347971,34.707256,8.900000000023283,9.799293000000002
120,-347973.22,32.298744,6.680000000051223,7.3907810000000005
135,-347975.88,30.009714,4.0200000000186265,5.101751
150,-347978.22,28.111794,1.6800000000512227,3.203831000000001
165,-347979.9,26.991554,0,2.083591000000002
180,-347978.22,24.907963,1.6800000000512227,0
-165,-479158.66,-47.168137,8.220000000030268,9.014313000000001
-150,-479161.16,-48.89831,5.720000000030268,7.284140000000001
-135,-479163.4,-51.4423,3.479999999981373,4.74015
-120,-479165.1,-53.84368,1.7800000000279397,2.338770000000004
-105,-479166.16,-55.43777,0.720000000030268,0.7446800000000025
-90,-479166.88,-56.18245,0,0
-75,-479166.8,-56.180706,0.0800000000162981,0.0017440000000021882
-60,-479166.34,-55.547653,0.5399999999790452,0.634797000000006
-45,-479165.97,-55.348736,0.9100000000325964,0.8337140000000005
-30,-479165.53,-55.553375,1.349999999976717,0.6290750000000003
-15,-479165.16,-55.719822,1.720000000030268,0.46262800000000226
0,-479165.03,-55.743988,1.849999999976717,0.43846200000000124
15,-479165.16,-55.719822,1.720000000030268,0.46262800000000226
30,-479165.53,-55.560913,1.349999999976717,0.6215370000000036
45,-479165.97,-55.347023,0.9100000000325964,0.8354270000000028
60,-479166.34,-55.547527,0.5399999999790452,0.6349230000000006
75,-479166.8,-56.180954,0.0800000000162981,0.0014960000000030504
90,-479166.88,-56.18217,0,0.0002800000000036107
105,-479166.16,-55.4283,0.720000000030268,0.7541500000000028
120,-479165.1,-53.84329,1.7800000000279397,2.3391599999999997
135,-479163.4,-51.437283,3.479999999981373,4.745167000000002
150,-479161.16,-48.89006,5.720000000030268,7.292390000000005
165,-479158.66,-47.196323,8.220000000030268,8.986127000000003
180,-479157.38,-47.006775,9.5,9.175675000000005
-165,-351878.6,-254.85808,11.100000000034925,16.412000000000006
-150,-351878.88,-254.3153,10.820000000006983,16.95478
-135,-351879.12,-253.88521,10.580000000016298,17.384870000000006
-120,-351879.44,-254.36443,10.260000000009311,16.90565000000001
-105,-351880,-256.16916,9.700000000011642,15.10092000000003
-90,-351881.03,-259.36392,8.669999999983702,11.90616
-75,-351882.8,-262.60913,6.900000000023283,8.660950000000014
-60,-351885.1,-265.2749,4.600000000034925,5.995180000000005
-45,-351887.12,-267.6714,2.580000000016298,3.5986800000000017
-30,-351888.56,-269.5864,1.1400000000139698,1.6836799999999812
-15,-351889.4,-270.84473,0.2999999999883584,0.42534999999998035
0,-351889.7,-271.27008,0,0
15,-351889.4,-270.84473,0.2999999999883584,0.42534999999998035
30,-351888.56,-269.59335,1.1400000000139698,1.6767300000000205
45,-351887.12,-267.67014,2.580000000016298,3.5999400000000037
60,-351885.1,-265.2834,4.600000000034925,5.986680000000035
75,-351882.8,-262.61526,6.900000000023283,8.65482000000003
90,-351881.03,-259.36224,8.669999999983702,11.907840000000022
105,-351880,-256.16916,9.700000000011642,15.10092000000003
120,-351879.44,-254.36446,10.260000000009311,16.90562
135,-351879.12,-253.88496,10.580000000016298,17.38512
150,-351878.88,-254.3153,10.820000000006983,16.95478
165,-351878.6,-254.85808,11.100000000034925,16.412000000000006
180,-351878.34,-255.36569,11.35999999998603,15.904390000000006
-165,-403472.3,-1.9837911,0.6000000000349246,3.5365064
-150,-403472.9,-5.0528517,0,0.46744580000000013
-135,-403472.62,-5.5202975,0.2800000000279397,0
-120,-403471.6,-4.496974,1.300000000046566,1.0233235
-105,-403470.56,-3.083716,2.340000000025612,2.4365815
-90,-403470.16,-2.4291341,2.7400000000488944,3.0911633999999997
-75,-403470.66,-3.1508567,2.2400000000488944,2.3694408
-60,-403471.78,-4.504319,1.1199999999953434,1.0159785000000001
-45,-403472.75,-5.501817,0.150000000023283,0.0184804999999999
-30,-403472.88,-4.840235,0.0200000000186264,0.6800625
-15,-403472.22,-1.6346579,0.6800000000512227,3.8856395999999997
0,-403471.62,2.0149715,1.2800000000279397,7.5352689999999996
15,-403472.22,-1.6333585,0.6800000000512227,3.886939
30,-403472.88,-4.840289,0.0200000000186264,0.6800084999999996
45,-403472.72,-5.450207,0.1800000000512227,0.07009050000000006
60,-403471.78,-4.5046434,1.1199999999953434,1.0156541
75,-403470.66,-3.1507108,2.2400000000488944,2.3695866999999997
90,-403470.16,-2.4332943,2.7400000000488944,3.0870032
105,-403470.56,-3.0813746,2.340000000025612,2.4389228999999997
120,-403471.6,-4.487557,1.300000000046566,1.0327405
135,-403472.62,-5.5202975,0.2800000000279397,0
150,-403472.9,-5.0444365,0,0.4758610000000001
165,-403472.3,-1.9837947,0.6000000000349246,3.5365028
180,-403471.62,1.9923489,1.2800000000279397,7.5126463999999995
-165,-341802,80.80684,0.25,0.11818999999999846
-150,-341801.2,81.33349,1.0499999999883585,0.6448400000000021
-135,-341799.78,82.65777,2.4699999999720603,1.9691200000000038
-120,-341797.88,84.318794,4.369999999995343,3.6301440000000014
-105,-341795.72,86.20664,6.53000000002794,5.5179899999999975
-90,-341794.16,87.8081,8.090000000025611,7.1194500000000005
-75,-341793.7,88.58268,8.549999999988358,7.894030000000001
-60,-341794.03,88.81606,8.21999999997206,8.127409999999998
-45,-341794.4,89.18088,7.849999999976717,8.492230000000006
-30,-341794.28,89.99068,7.96999999997206,9.302030000000002
-15,-341793.56,91.3217,8.690000000002328,10.633050000000011
0,-341793,92.348206,9.25,11.65955600000001
15,-341793.56,91.3217,8.690000000002328,10.633050000000011
30,-341794.28,89.99055,7.96999999997206,9.301900000000003
45,-341794.4,89.17931,7.849999999976717,8.490660000000005
60,-341794.03,88.81479,8.21999999997206,8.126140000000007
75,-341793.7,88.58172,8.549999999988358,7.893070000000009
90,-341794.16,87.80417,8.090000000025611,7.115520000000004
105,-341795.72,86.205894,6.53000000002794,5.517244000000005
120,-341797.84,84.3136,4.409999999974389,3.6249499999999983
135,-341799.78,82.655655,2.4699999999720603,1.9670050000000003
150,-341801.2,81.33006,1.0499999999883585,0.6414100000000076
165,-341802,80.80684,0.25,0.11818999999999846
180,-341802.25,80.68865,0,0
-165,-537794.94,10.495208,0.0600000000558793,3.7088234
-150,-537794.9,7.5445347,0.0999999999767169,0.7581500999999999
-135,-537794.44,6.7863846,0.5600000000558794,0
-120,-537793.25,7.0930943,1.75,0.30670969999999986
-105,-537791.75,8.340616,3.25,1.5542314000000008
-90,-537790.4,10.394344,4.599999999976717,3.6079594000000004
-75,-537789.4,13.023085,5.599999999976717,6.2367004
-60,-537788.25,16.07711,6.75,9.290725400000001
-45,-537786.75,19.921911,8.25,13.135526400000002
-30,-537785.06,24.551025,9.93999999994412,17.764640399999998
-15,-537783.5,29.393553,11.5,22.6071684
0,-537782.8,31.914234,12.199999999953434,25.127849400000002
15,-537783.5,29.371212,11.5,22.5848274
30,-537785.06,24.592299,9.93999999994412,17.8059144
45,-537786.75,19.91132,8.25,13.1249354
60,-537788.25,16.077106,6.75,9.2907214
75,-537789.4,13.02242,5.599999999976717,6.2360354000000005
90,-537790.4,10.391585,4.599999999976717,3.6052003999999993
105,-537791.75,8.348999,3.25,1.5626143999999993
120,-537793.25,7.090394,1.75,0.3040094
135,-537794.44,6.786386,0.5600000000558794,1.4000000003733248e-06
150,-537794.9,7.5439935,0.0999999999767169,0.7576089000000001
165,-537794.94,10.497177,0.0600000000558793,3.7107924000000008
180,-537795,12.453294,0,5.6669094
-165,-362615.5,48.113365,2.099999999976717,3.9438090000000017
-150,-362613.56,49.757046,4.039999999979045,5.5874900000000025
-135,-362611.78,52.028637,5.819999999948777,7.859081000000003
-120,-362612.78,50.55075,4.819999999948777,6.381194000000001
-105,-362613.53,48.385292,4.069999999948777,4.215736
-90,-362613.9,47.398624,3.699999999953434,3.229067999999998
-75,-362613.5,48.117657,4.099999999976717,3.948101000000001
-60,-362612.8,50.700844,4.799999999988359,6.531287999999996
-45,-362613.56,49.94843,4.039999999979045,5.778874000000002
-30,-362613.44,50.07499,4.159999999974389,5.905434
-15,-362612.78,51.606846,4.819999999948777,7.437289999999997
0,-362612.06,52.928753,5.539999999979045,8.759197
15,-362612.06,50.369804,5.539999999979045,6.200248000000002
30,-362614.12,47.797256,3.479999999981373,3.6276999999999973
45,-362616.06,45.99427,1.5399999999790452,1.8247140000000002
60,-362617.1,45.092587,0.5,0.9230310000000017
75,-362617.16,45.268402,0.4400000000023283,1.0988460000000018
90,-362616.88,46.787865,0.7199999999720603,2.6183089999999964
105,-362617.12,45.98069,0.4799999999813735,1.8111340000000027
120,-362617.47,44.882477,0.1300000000046566,0.7129210000000015
135,-362617.6,44.169556,0,0
150,-362617.1,44.50133,0.5,0.3317740000000029
165,-362616.75,46.786385,0.8499999999767169,2.6168290000000027
180,-362616.62,47.256416,0.9799999999813735,3.0868600000000015
-165,-247811.23,-183.09854,0.6499999999941792,0.02149000000000001
-150,-247809.45,-183.05804,2.429999999993015,0.06199000000000865
-135,-247807.14,-182.8612,4.739999999990687,0.25883000000001744
-120,-247804.98,-182.50029,6.899999999994179,0.6197400000000073
-105,-247803.38,-182.31458,8.5,0.8054500000000075
-90,-247802.8,-182.19914,9.080000000016298,0.9208900000000142
-75,-247803.55,-182.25403,8.330000000016298,0.8660000000000139
-60,-247805.28,-182.42813,6.600000000005821,0.691900000000004
-45,-247807.45,-182.78899,4.429999999993015,0.33104000000000156
-30,-247809.62,-183.10985,2.260000000009313,0.010180000000019618
-15,-247811.28,-183.11061,0.6000000000058208,0.009420000000005757
0,-247811.88,-183.12003,0,0
15,-247811.28,-183.11061,0.6000000000058208,0.009420000000005757
30,-247809.62,-183.09927,2.260000000009313,0.020760000000024093
45,-247807.45,-182.78648,4.429999999993015,0.33355000000000246
60,-247805.28,-182.42311,6.600000000005821,0.6969200000000058
75,-247803.55,-182.25401,8.330000000016298,0.8660200000000202
90,-247802.8,-182.19914,9.080000000016298,0.9208900000000142
105,-247803.38,-182.31345,8.5,0.8065800000000252
120,-247804.98,-182.49808,6.899999999994179,0.6219500000000266
135,-247807.14,-182.78813,4.739999999990687,0.33190000000001874
150,-247809.45,-183.0585,2.429999999993015,0.06153000000000475
165,-247811.23,-183.09854,0.6499999999941792,0.02149000000000001
180,-247811.88,-183.11732,0,0.0027100000000075397
-165,-286489.44,-88.616684,5.590000000025611,4.751745999999997
-150,-286488.34,-87.21674,6.690000000002328,6.151690000000002
-135,-286486.4,-85.0396,8.630000000004657,8.32883000000001
-120,-286483.7,-81.606186,11.330000000016298,11.76224400000001
-105,-286480.1,-75.807785,14.930000000051225,17.560645000000008
-90,-286479.6,-78.01454,15.430000000051225,15.353890000000007
-75,-286483.12,-80.85302,11.910000000032596,12.515410000000003
-60,-286487.16,-84.11741,7.870000000053551,9.251019999999997
-45,-286490.62,-87.87849,4.410000000032596,5.489940000000004
-30,-286493.12,-90.91045,1.9100000000325963,2.4579800000000063
-15,-286494.5,-92.35711,0.5300000000279397,1.0113199999999978
0,-286495.03,-93.36843,0,0
15,-286494.5,-92.39468,0.5300000000279397,0.9737500000000097
30,-286493.1,-90.94736,1.9300000000512227,2.4210700000000003
45,-286490.66,-87.75488,4.370000000053551,5.613550000000004
60,-286487.16,-84.14557,7.870000000053551,9.222859999999997
75,-286483.1,-80.942726,11.930000000051225,12.42570400000001
90,-286479.6,-78.02763,15.430000000051225,15.340800000000002
105,-286480.1,-75.82778,14.930000000051225,17.54065
120,-286483.7,-81.305595,11.330000000016298,12.062835000000007
135,-286486.4,-85.00554,8.630000000004657,8.362890000000007
150,-286488.34,-87.22293,6.690000000002328,6.145499999999998
165,-286489.44,-88.619606,5.590000000025611,4.748823999999999
180,-286489.72,-89.08847,5.310000000055879,4.279960000000003
-165,-393411.34,22.172712,0.779999999969732,4.656442000000002
-150,-393412.12,18.322348,0,0.806078000000003
-135,-393411.9,17.51627,0.2199999999720603,0
-120,-393410.88,18.376883,1.2399999999906868,0.8606130000000007
-105,-393409.72,19.763725,2.400000000023283,2.247455000000002
-90,-393409.25,20.415346,2.8699999999953434,2.899076000000001
-75,-393409.8,19.699936,2.320000000006985,2.1836660000000023
-60,-393411.06,18.41318,1.0599999999976717,0.8969100000000019
-45,-393412.03,17.61606,0.0899999999674037,0.09979000000000227
-30,-393412.06,18.590172,0.0599999999976716,1.0739020000000004
-15,-393411.25,22.52608,0.8699999999953434,5.009810000000002
0,-393410.5,27.251295,1.6199999999953434,9.735025
15,-393411.25,22.515682,0.8699999999953434,4.999412000000003
30,-393412.06,18.590168,0.0599999999976716,1.0738979999999998
45,-393412.03,17.616058,0.0899999999674037,0.09978800000000021
60,-393411.06,18.41318,1.0599999999976717,0.8969100000000019
75,-393409.8,19.705486,2.320000000006985,2.189216000000002
90,-393409.25,20.415352,2.8699999999953434,2.899082
105,-393409.72,19.763725,2.400000000023283,2.247455000000002
120,-393410.88,18.372154,1.2399999999906868,0.8558839999999996
135,-393411.9,17.51627,0.2199999999720603,0
150,-393412.12,18.322348,0,0.806078000000003
165,-393411.34,22.172709,0.779999999969732,4.656439000000002
180,-393410.5,27.265,1.6199999999953434,9.748730000000002
-165,-478996.66,-64.40632,1.1800000000512227,0.3043300000000073
-150,-478996.8,-64.34568,1.040000000037253,0.3649699999999996
-135,-478996.78,-64.43617,1.0599999999976717,0.27447999999999695
-120,-478996.8,-64.48492,1.040000000037253,0.22572999999999865
-105,-478997.03,-64.45617,0.8099999999976717,0.2544800000000009
-90,-478997.34,-64.09721,0.5,0.6134399999999971
-75,-478997.84,-63.855083,0,0.8555670000000006
-60,-478997.75,-64.19873,0.0900000000256113,0.5119200000000035
-45,-478996.88,-64.23956,0.9600000000209548,0.4710900000000038
-30,-478995.5,-63.947117,2.340000000025612,0.7635330000000025
-15,-478994.16,-63.72985,3.680000000051223,0.9808000000000021
0,-478993.72,-63.70096,4.120000000053551,1.009689999999999
15,-478994.44,-63.92558,3.400000000023283,0.7850700000000046
30,-478995.8,-64.40983,2.040000000037253,0.30082000000000164
45,-478997.1,-64.71065,0.7400000000488944,0
60,-478997.8,-64.692375,0.0400000000372529,0.018275000000002706
75,-478997.8,-64.267944,0.0400000000372529,0.44270600000000115
90,-478997.25,-63.800083,0.5900000000256114,0.9105670000000003
105,-478996.94,-64.147606,0.9000000000232831,0.563044000000005
120,-478996.72,-64.32048,1.120000000053551,0.3901699999999977
135,-478996.66,-64.457756,1.1800000000512227,0.25289399999999773
150,-478996.7,-64.51216,1.1400000000139698,0.19849000000000672
165,-478996.6,-64.57687,1.2400000000488944,0.13378000000000156
180,-478996.47,-64.67909,1.370000000053551,0.03155999999999892
-165,-393421.2,-5.640339,0.2699999999604188,2.7999999998584713e-06
-150,-393420.16,-5.574909,1.3099999999976717,0.06543279999999996
-135,-393418.38,-4.704669,3.089999999967404,0.9356727999999999
-120,-393416.03,-3.0412054,5.439999999944121,2.5991364
-105,-393413.7,-0.86999905,7.769999999960419,4.77034275
-90,-393412.38,1.1470737,9.089999999967404,6.7874155
-75,-393412.94,1.8558053,8.529999999969732,7.4961471
-60,-393414.6,1.4253986,6.869999999995343,7.0657404
-45,-393416.25,0.78959066,5.21999999997206,6.42993246
-30,-393417.4,0.42953414,4.069999999948777,6.06987594
-15,-393417.97,0.36206004,3.5,6.00240184
0,-393418.06,0.39175856,3.4099999999743886,6.032100359999999
15,-393417.97,0.36206016,3.5,6.00240196
30,-393417.4,0.4295342,4.069999999948777,6.069876
45,-393416.25,0.7884673,5.21999999997206,6.4288091
60,-393414.6,1.4253978,6.869999999995343,7.0657396
75,-393412.94,1.8685361,8.529999999969732,7.5088779
90,-393412.38,1.147073,9.089999999967404,6.7874148
105,-393413.7,-0.86415994,7.769999999960419,4.7761818599999994
120,-393416.03,-3.020533,5.439999999944121,2.6198088
135,-393418.38,-4.700973,3.089999999967404,0.9393687999999996
150,-393420.16,-5.571896,1.3099999999976717,0.06844580000000011
165,-393421.2,-5.6403418,0.2699999999604188,0
180,-393421.47,-5.434446,0,0.20589579999999952
-165,-501707.66,-88.5404,6.309999999997672,13.700389999999999
-150,-501711.22,-97.29712,2.75,4.943669999999997
-135,-501713.22,-101.14088,0.75,1.0999100000000084
-120,-501713.94,-102.23921,0.029999999969732,0.0015800000000041337
-105,-501713.97,-102.12661,0,0.11418000000000461
-90,-501713.9,-101.94719,0.0699999999487772,0.29359999999999786
-75,-501713.97,-102.11797,0,0.12282000000000437
-60,-501713.94,-102.24079,0.029999999969732,0
-45,-501713.22,-101.12499,0.75,1.1158000000000072
-30,-501711.3,-97.35821,2.669999999983702,4.882580000000004
-15,-501708.2,-89.60364,5.769999999960419,12.637150000000005
0,-501705.1,-78.13972,8.869999999995343,24.101070000000007
15,-501708.2,-89.5998,5.769999999960419,12.640990000000002
30,-501711.3,-97.35821,2.669999999983702,4.882580000000004
45,-501713.22,-101.12499,0.75,1.1158000000000072
60,-501713.94,-102.24079,0.029999999969732,0
75,-501713.97,-102.11797,0,0.12282000000000437
90,-501713.9,-101.950424,0.0699999999487772,0.2903660000000059
105,-501713.97,-102.126595,0,0.11419500000000937
120,-501713.94,-102.23923,0.029999999969732,0.0015599999999977854
135,-501713.22,-101.14115,0.75,1.099640000000008
150,-501711.22,-97.29712,2.75,4.943669999999997
165,-501707.66,-88.58654,6.309999999997672,13.654250000000005
180,-501704.72,-74.61076,9.25,27.630030000000005
-165,-463943.3,-40.400345,0.4500000000116415,0.47385500000000036
-150,-463941.94,-38.470066,1.809999999997672,2.404133999999999
-135,-463939.62,-35.43903,4.130000000004657,5.435169999999999
-120,-463936.56,-31.713907,7.190000000002328,9.160293000000003
-105,-463932.97,-27.519094,10.78000000002794,13.355106000000003
-90,-463930.5,-19.3129,13.25,21.561300000000003
-75,-463932.8,-22.993269,10.950000000011642,17.880931
-60,-463934.47,-26.386658,9.28000000002794,14.487542000000001
-45,-463935.34,-29.09732,8.409999999974389,11.776880000000002
-30,-463935.6,-30.844564,8.150000000023283,10.029636000000004
-15,-463935.3,-31.361101,8.450000000011642,9.513099
0,-463934.62,-30.519423,9.130000000004657,10.354777000000002
15,-463935.3,-31.36733,8.450000000011642,9.506870000000003
30,-463935.6,-30.838547,8.150000000023283,10.035653000000003
45,-463935.34,-29.105913,8.409999999974389,11.768287
60,-463934.5,-26.415365,9.25,14.458835
75,-463932.8,-23.00464,10.950000000011642,17.869560000000003
90,-463930.5,-19.31104,13.25,21.563160000000003
105,-463932.97,-27.47574,10.78000000002794,13.398460000000004
120,-463936.56,-31.708212,7.190000000002328,9.165988000000002
135,-463939.62,-35.43591,4.130000000004657,5.438290000000002
150,-463941.94,-38.461758,1.809999999997672,2.4124419999999986
165,-463943.3,-40.394337,0.4500000000116415,0.4798630000000017
180,-463943.75,-40.8742,0,0
-165,-229197.62,-1.3610482,2.1000000000058208,3.0899143000000002
-150,-229198.1,-2.5210638,1.6199999999953434,1.9298987000000003
-135,-229199.14,-3.3895607,0.5799999999871943,1.0614018
-120,-229199.72,-3.858705,0,0.5922575000000001
-105,-229199.7,-3.7102413,0.0199999999895226,0.7407212000000003
-90,-229197.02,-2.9322922,2.700000000011641,1.5186703000000001
-75,-229196.08,-2.6403027,3.64000000001397,1.8106598000000003
-60,-229196.81,-2.6810453,2.9100000000034925,1.7699172
-45,-229197.33,-2.7683198,2.39000000001397,1.6826427000000002
-30,-229197.27,-3.4292636,2.450000000011641,1.0216989
-15,-229197.19,-4.0621815,2.529999999998836,0.3887809999999998
0,-229196.98,-4.4509625,2.7399999999906868,0
15,-229197.19,-4.059536,2.529999999998836,0.39142650000000057
30,-229197.27,-3.4286869,2.450000000011641,1.0222756
45,-229196.92,-2.9170141,2.7999999999883585,1.5339484000000003
60,-229197.62,-2.3472142,2.1000000000058208,2.1037483000000003
75,-229196.08,-2.6304986,3.64000000001397,1.8204639
90,-229199.14,-3.0984256,0.5799999999871943,1.3525369
105,-229199.7,-3.7102404,0.0199999999895226,0.7407221000000002
120,-229199.72,-3.857124,0,0.5938384999999999
135,-229199.14,-3.3979378,0.5799999999871943,1.0530247000000004
150,-229198.1,-2.53425,1.6199999999953434,1.9167125
165,-229196.86,-1.7607179,2.860000000015134,2.6902446
180,-229195.94,-1.4683664,3.779999999998836,2.9825961000000003
-165,-444299.28,-150.53035,5.159999999974389,2.5385899999999992
-150,-444299.72,-152.07695,4.720000000030268,0.991989999999987
-135,-444299.8,-153.06583,4.64000000001397,0.0031099999999923966
-120,-444299.34,-152.78162,5.099999999976717,0.287319999999994
-105,-444298.12,-151.57884,6.320000000006985,1.490099999999984
-90,-444295.84,-149.07303,8.599999999976717,3.995910000000009
-75,-444293.7,-147.84102,10.739999999990689,5.227920000000012
-60,-444292.97,-146.71445,11.470000000030268,6.354489999999998
-45,-444301.16,-150.77147,3.28000000002794,2.297470000000004
-30,-444303.16,-151.92946,1.2800000000279397,1.1394799999999918
-15,-444304.25,-152.6616,0.1900000000023283,0.4073400000000049
0,-444304.44,-153.03299,0,0.035949999999985494
15,-444304.25,-152.65456,0.1900000000023283,0.4143799999999942
30,-444303.12,-151.92215,1.320000000006985,1.14679000000001
45,-444301.16,-150.78676,3.28000000002794,2.282180000000011
60,-444292.97,-146.71478,11.470000000030268,6.354160000000007
75,-444293.7,-147.84087,10.739999999990689,5.228070000000002
90,-444295.84,-149.06706,8.599999999976717,4.00188
105,-444298.12,-151.57912,6.320000000006985,1.4898200000000088
120,-444299.34,-152.78159,5.099999999976717,0.28735000000000355
135,-444299.8,-153.06894,4.64000000001397,0
150,-444299.72,-152.07646,4.720000000030268,0.9924800000000005
165,-444299.28,-150.5331,5.159999999974389,2.5358400000000074
180,-444299.25,-150.43256,5.190000000002328,2.6363800000000026
-165,-309464.6,15.437737,0.3000000000465661,0.2243410000000008
-150,-309463.7,16.136992,1.2000000000116415,0.9235959999999999
-135,-309462.25,17.293056,2.650000000023283,2.0796600000000005
-120,-309460.44,18.738478,4.460000000020955,3.525082000000001
-105,-309458.75,20.096033,6.150000000023283,4.882636999999999
-90,-309458.03,20.714893,6.869999999995343,5.5014970000000005
-75,-309458.75,20.137337,6.150000000023283,4.923940999999999
-60,-309460.38,18.780045,4.5200000000186265,3.5666490000000017
-45,-309462.2,17.312975,2.700000000011641,2.099579000000002
-30,-309463.66,16.139496,1.2400000000488944,0.9261000000000017
-15,-309464.6,15.435528,0.3000000000465661,0.22213200000000022
0,-309464.9,15.215884,0,0.002488000000001378
15,-309464.6,15.435528,0.3000000000465661,0.22213200000000022
30,-309463.66,16.139496,1.2400000000488944,0.9261000000000017
45,-309462.2,17.313545,2.700000000011641,2.100149000000002
60,-309460.38,18.78,4.5200000000186265,3.5666040000000017
75,-309458.75,20.139635,6.150000000023283,4.926238999999999
90,-309458.03,20.72399,6.869999999995343,5.510594000000001
105,-309458.75,20.096033,6.150000000023283,4.882636999999999
120,-309460.44,18.738478,4.460000000020955,3.525082000000001
135,-309462.25,17.293056,2.650000000023283,2.0796600000000005
150,-309463.7,16.136992,1.2000000000116415,0.9235959999999999
165,-309464.6,15.437737,0.3000000000465661,0.2243410000000008
180,-309464.9,15.213396,0,0
-165,-512307.78,-65.27818,0.3399999999674037,2.15146
-150,-512306.28,-62.868668,1.839999999967404,4.560972000000007
-135,-512303.9,-58.536552,4.21999999997206,8.893088000000006
-120,-512301.03,-52.588905,7.089999999967404,14.84073500000001
-105,-512295.4,-41.969048,12.71999999997206,25.460592000000005
-90,-512294.44,-39.57339,13.679999999993017,27.856250000000003
-75,-512295.47,-38.093372,12.650000000023285,29.336268000000004
-60,-512296.78,-43.058064,11.339999999967404,24.371576000000005
-45,-512298.72,-47.75643,9.400000000023285,19.673210000000005
-30,-512300.44,-51.643158,7.679999999993015,15.786482000000007
-15,-512301.4,-54.60437,6.71999999997206,12.825270000000003
0,-512301.3,-54.734413,6.820000000006985,12.695227000000003
15,-512301.4,-54.71582,6.71999999997206,12.713820000000005
30,-512300.44,-51.631,7.679999999993015,15.798640000000006
45,-512298.72,-47.74745,9.400000000023285,19.682190000000006
60,-512296.78,-42.95116,11.339999999967404,24.478480000000005
75,-512295.47,-37.969517,12.650000000023285,29.460123000000003
90,-512294.44,-39.589146,13.679999999993017,27.840494000000007
105,-512295.4,-41.904457,12.71999999997206,25.525183000000006
120,-512301.03,-52.59822,7.089999999967404,14.831420000000008
135,-512303.9,-58.539818,4.21999999997206,8.88982200000001
150,-512306.28,-62.868668,1.839999999967404,4.560972000000007
165,-512307.78,-65.323746,0.3399999999674037,2.1058940000000064
180,-512308.12,-67.42964,0,0
-165,-373440.78,9.307703,2.8199999999487773,2.9939294
-150,-373439.75,10.695703,3.849999999976717,4.3819294
-135,-373438,13.3964815,5.599999999976717,7.0827079
-120,-373436.16,18.231552,7.440000000002328,11.9177784
-105,-373434.5,21.351978,9.099999999976715,15.038204399999998
-90,-373433.9,22.743668,9.699999999953434,16.4298944
-75,-373435.4,19.197521,8.199999999953434,12.883747399999997
-60,-373437.72,15.036288,5.880000000004657,8.722514400000001
-45,-373440.2,9.984621,3.3999999999650754,3.6708474000000004
-30,-373442.22,7.512582,1.3800000000046566,1.1988083999999999
-15,-373443.28,6.493564,0.3199999999487772,0.1797903999999999
0,-373443.6,6.3137736,0,0
15,-373443.28,6.4922166,0.3199999999487772,0.17844299999999969
30,-373442.22,7.503364,1.3800000000046566,1.1895904000000002
45,-373440.22,10.003516,3.3800000000046566,3.689742399999999
60,-373437.72,15.02305,5.880000000004657,8.7092764
75,-373435.4,19.127892,8.199999999953434,12.814118399999998
90,-373433.9,22.724575,9.699999999953434,16.4108014
105,-373434.5,21.337143,9.099999999976715,15.0233694
120,-373436.16,18.259007,7.440000000002328,11.9452334
135,-373438,13.346766,5.599999999976717,7.0329924
150,-373439.75,10.678449,3.849999999976717,4.3646754
165,-373440.78,9.310086,2.8199999999487773,2.9963124
180,-373441.06,9.146867,2.539999999979045,2.8330934
-165,-408138.34,-19.432344,1.4099999999743886,0.09479599999999877
-150,-408137.6,-18.849726,2.150000000023283,0.6774139999999989
-135,-408136.62,-17.242985,3.1300000000046566,2.2841549999999984
-120,-408137.47,-17.450901,2.28000000002794,2.0762389999999975
-105,-408138.56,-18.138056,1.1900000000023283,1.3890840000000004
-90,-408139.47,-18.797596,0.2800000000279397,0.7295440000000006
-75,-408139.75,-19.26882,0,0.25831999999999766
-60,-408139.25,-19.525063,0.5,0.0020769999999998845
-45,-408138.06,-19.435024,1.6900000000023283,0.09211600000000075
-30,-408136.25,-18.518206,3.5,1.008934
-15,-408134.28,-17.635897,5.46999999997206,1.8912429999999993
0,-408132.56,-17.043953,7.190000000002328,2.483187000000001
15,-408134.28,-17.631552,5.46999999997206,1.895588
30,-408136.25,-18.643208,3.5,0.8839319999999979
45,-408138.06,-19.434729,1.6900000000023283,0.09241099999999847
60,-408139.25,-19.52714,0.5,0
75,-408139.75,-19.294783,0,0.23235700000000037
90,-408139.47,-18.798325,0.2800000000279397,0.7288150000000009
105,-408138.56,-18.131464,1.1900000000023283,1.3956759999999981
120,-408137.47,-17.496094,2.28000000002794,2.031046
135,-408136.62,-17.19518,3.1300000000046566,2.3319599999999987
150,-408137.6,-18.857992,2.150000000023283,0.6691479999999999
165,-408138.34,-19.433922,1.4099999999743886,0.09321800000000025
180,-408138.66,-19.516436,1.0900000000256114,0.010704000000000491
-165,-311616.9,34.480453,0.0399999999790452,2.262568999999999
-150,-311616.94,32.886646,0,0.668762000000001
-135,-311616.4,32.217884,0.5399999999790452,0
-120,-311615.3,32.49599,1.6400000000139698,0.2781060000000011
-105,-311614.3,33.005226,2.64000000001397,0.7873420000000024
-90,-311613.9,33.15726,3.039999999979045,0.9393760000000029
-75,-311614.34,32.87855,2.599999999976717,0.6606659999999991
-60,-311615.3,32.413788,1.6400000000139698,0.19590399999999875
-45,-311616.38,32.24064,0.5599999999976717,0.02275600000000111
-30,-311616.94,32.855873,0,0.6379890000000046
-15,-311616.9,34.393623,0.0399999999790452,2.175739
0,-311616.72,35.55886,0.2200000000302679,3.340976000000005
15,-311616.9,34.39363,0.0399999999790452,2.1757460000000037
30,-311616.94,32.855877,0,0.6379930000000016
45,-311616.38,32.240643,0.5599999999976717,0.02275900000000064
60,-311615.3,32.430214,1.6400000000139698,0.21233000000000146
75,-311614.34,32.874084,2.599999999976717,0.6562000000000054
90,-311613.9,33.157257,3.039999999979045,0.9393730000000033
105,-311614.3,33.005222,2.64000000001397,0.7873380000000054
120,-311615.3,32.489273,1.6400000000139698,0.2713889999999992
135,-311616.4,32.217884,0.5399999999790452,0
150,-311616.94,32.886646,0,0.668762000000001
165,-311616.9,34.480453,0.0399999999790452,2.262568999999999
180,-311616.72,35.561707,0.2200000000302679,3.3438230000000004
-165,-462154.06,-390.31458,0.9400000000023284,0.21716000000003532
-150,-462153.66,-389.70453,1.3400000000256114,0.8272100000000364
-135,-462152.78,-388.7103,2.2199999999720603,1.8214399999999955
-120,-462151.44,-387.42847,3.559999999997672,3.103270000000009
-105,-462149.66,-385.87927,5.340000000025611,4.652469999999994
-90,-462147.9,-384.80698,7.099999999976717,5.724760000000003
-75,-462149.75,-386.4807,5.25,4.05104
-60,-462151.62,-387.7629,3.3800000000046566,2.7688400000000115
-45,-462153.16,-388.645,1.8400000000256116,1.8867400000000316
-30,-462154.16,-389.23227,0.8400000000256114,1.2994699999999852
-15,-462154.8,-389.5609,0.2000000000116415,0.9708400000000097
0,-462155,-389.66223,0,0.8695099999999911
15,-462154.8,-389.5609,0.2000000000116415,0.9708400000000097
30,-462154.22,-389.21637,0.7800000000279397,1.31537000000003
45,-462153.16,-388.6454,1.8400000000256116,1.8863400000000183
60,-462151.62,-387.7629,3.3800000000046566,2.7688400000000115
75,-462149.75,-386.4807,5.25,4.05104
90,-462147.88,-384.74292,7.119999999995343,5.788819999999987
105,-462149.66,-385.89316,5.340000000025611,4.63857999999999
120,-462151.44,-387.4264,3.559999999997672,3.1053400000000124
135,-462152.78,-388.7034,2.2199999999720603,1.8283400000000256
150,-462153.66,-389.7047,1.3400000000256114,0.8270400000000109
165,-462154.06,-390.31458,0.9400000000023284,0.21716000000003532
180,-462154.16,-390.53174,0.8400000000256114,0
-165,-261822.2,-129.33109,6.049999999988359,8.536370000000005
-150,-261821.7,-127.12788,6.549999999988359,10.73957999999999
-135,-261820.55,-123.828,7.7000000000116415,14.039459999999991
-120,-261818.75,-120.14203,9.5,17.72542999999999
-105,-261816.69,-116.22476,11.559999999997672,21.64269999999999
-90,-261818.88,-113.868744,9.369999999995343,23.998715999999988
-75,-261822.06,-118.94703,6.190000000002328,18.920429999999996
-60,-261824.6,-123.23237,3.6499999999941792,14.635089999999991
-45,-261826.44,-127.63013,1.809999999997672,10.23733
-30,-261827.64,-131.63599,0.6099999999860302,6.231470000000002
-15,-261828.25,-134.20636,0,3.6611000000000047
0,-261828.1,-137.86746,0.1499999999941792,0
15,-261828.25,-134.20134,0,3.6661200000000065
30,-261827.64,-131.72188,0.6099999999860302,6.145579999999995
45,-261826.44,-127.53944,1.809999999997672,10.328019999999995
60,-261824.6,-123.22853,3.6499999999941792,14.638929999999988
75,-261822.06,-118.96801,6.190000000002328,18.899449999999987
90,-261818.88,-113.93394,9.369999999995343,23.933519999999987
105,-261816.69,-116.21557,11.559999999997672,21.651889999999995
120,-261818.75,-120.206604,9.5,17.660855999999995
135,-261820.55,-123.92624,7.7000000000116415,13.941219999999987
150,-261821.7,-127.13816,6.549999999988359,10.729299999999995
165,-261822.2,-129.22594,6.049999999988359,8.641519999999986
180,-261821.39,-134.3386,6.85999999998603,3.5288599999999803
-165,-300930.03,66.29502,0.2199999999720603,0.5113739999999893
-150,-300929.3,67.2306,0.9500000000116416,1.446953999999991
-135,-300928.2,68.39947,2.0499999999883585,2.6158239999999893
-120,-300926.62,69.834946,3.6300000000046566,4.051299999999998
-105,-300924.9,71.230804,5.349999999976717,5.447158000000002
-90,-300923.97,71.81041,6.28000000002794,6.026764
-75,-300924.44,71.19122,5.809999999997672,5.407573999999997
-60,-300925.97,69.72285,4.28000000002794,3.9392039999999895
-45,-300927.62,68.00649,2.6300000000046566,2.222843999999995
-30,-300929.03,66.57571,1.2199999999720603,0.7920639999999963
-15,-300929.94,65.82478,0.3099999999976717,0.04113399999999956
0,-300930.25,65.788,0,0.0043539999999921974
15,-300930.03,66.29556,0.2199999999720603,0.5119139999999902
30,-300929.34,67.20431,0.9099999999743886,1.4206640000000021
45,-300928.25,68.315605,2,2.5319590000000005
60,-300926.7,69.75258,3.5499999999883585,3.96893399999999
75,-300924.97,71.1841,5.28000000002794,5.400453999999996
90,-300923.97,71.807175,6.28000000002794,6.023528999999996
105,-300924.44,71.20552,5.809999999997672,5.4218740000000025
120,-300925.9,69.763275,4.349999999976717,3.9796289999999885
135,-300927.6,68.05635,2.650000000023283,2.2727039999999903
150,-300929,66.61997,1.25,0.8363239999999905
165,-300929.94,65.84519,0.3099999999976717,0.06154399999999782
180,-300930.25,65.783646,0,0
-165,-358815.03,-5.4967237,0.25,0.6427124999999991
-150,-358814.34,-6.0647635,0.9400000000023284,0.07467269999999981
-135,-358813.22,-6.1344705,2.06000000005588,0.004965699999999629
-120,-358811.94,-5.5852838,3.340000000025612,0.5541523999999995
-105,-358810.97,-4.8268747,4.310000000055879,1.3125614999999993
-90,-358810.7,-4.463217,4.580000000016298,1.6762191999999994
-75,-358811.34,-4.7530546,3.940000000002328,1.3863816
-60,-358812.44,-5.321183,2.840000000025612,0.8182531999999991
-45,-358813.3,-5.713006,1.9800000000395808,0.42643019999999954
-30,-358813.66,-5.543286,1.620000000053551,0.5961501999999994
-15,-358813.62,-4.895803,1.6600000000325963,1.2436331999999997
0,-358813.56,-4.501508,1.720000000030268,1.6379281999999993
15,-358813.62,-4.887131,1.6600000000325963,1.2523051999999995
30,-358813.66,-5.5432878,1.620000000053551,0.5961483999999997
45,-358813.3,-5.712112,1.9800000000395808,0.42732419999999927
60,-358812.44,-5.324074,2.840000000025612,0.8153621999999991
75,-358811.34,-4.757496,3.940000000002328,1.3819401999999998
90,-358810.7,-4.463214,4.580000000016298,1.6762221999999998
105,-358810.97,-4.829809,4.310000000055879,1.3096271999999995
120,-358811.94,-5.5886297,3.340000000025612,0.5508064999999993
135,-358813.22,-6.1394362,2.06000000005588,0
150,-358814.34,-6.0615025,0.9400000000023284,0.0779337
165,-358815.03,-5.496727,0.25,0.6427091999999996
180,-358815.28,-5.14947,0,0.9899661999999996
-165,-371154.5,22.33697,0.75,3.094971000000001
-150,-371153.28,25.856113,1.9699999999720603,6.614114000000001
-135,-371152.3,26.403925,2.950000000011641,7.161926000000001
-120,-371153.56,21.71709,1.6900000000023283,2.475090999999999
-105,-371154.3,21.410011,0.9500000000116416,2.168012000000001
-90,-371154.3,21.710936,0.9500000000116416,2.4689370000000004
-75,-371153.6,22.360693,1.650000000023283,3.1186940000000014
-60,-371152.28,23.016632,2.9699999999720603,3.7746330000000015
-45,-371153.62,22.645237,1.6300000000046566,3.4032380000000018
-30,-371154.3,21.786953,0.9500000000116416,2.5449540000000006
-15,-371154.3,21.313349,0.9500000000116416,2.071349999999999
0,-371153.6,21.384115,1.650000000023283,2.1421160000000015
15,-371152.2,26.228487,3.0499999999883585,6.986488000000001
30,-371153.1,26.442219,2.150000000023283,7.200220000000002
45,-371154.4,22.915815,0.8499999999767169,3.6738159999999986
60,-371155.22,20.326591,0.0300000000279396,1.0845920000000007
75,-371155.25,19.401112,0,0.1591130000000014
90,-371154.3,19.241999,0.9500000000116416,0
105,-371152.97,20.049778,2.28000000002794,0.807779
120,-371151.47,21.63821,3.78000000002794,2.396211000000001
135,-371152.8,20.39628,2.450000000011641,1.154281000000001
150,-371154.25,19.470282,1,0.22828300000000112
165,-371155.22,19.487429,0.0300000000279396,0.24542999999999893
180,-371155.25,20.25158,0,1.0095810000000007
-165,-477873.03,-7.3536296,0.4099999999743886,3.700590400000001
-150,-477873.2,-8.159325,0.2399999999906867,2.894895
-135,-477873.2,-9.177946,0.2399999999906867,1.8762740000000004
-120,-477873.4,-10.11416,0.0399999999790452,0.9400600000000008
-105,-477873.44,-10.917378,0,0.13684200000000146
-90,-477873.34,-11.049122,0.0999999999767169,0.005098000000000269
-75,-477873.16,-10.927743,0.2800000000279397,0.12647700000000128
-60,-477872.56,-10.348899,0.8800000000046566,0.7053210000000014
-45,-477871.97,-9.576656,1.470000000030268,1.477564000000001
-30,-477871.34,-9.184919,2.099999999976717,1.869301
-15,-477870.78,-8.967186,2.6599999999743886,2.087034000000001
0,-477870.5,-8.827434,2.9400000000023283,2.2267860000000006
15,-477870.78,-8.968925,2.6599999999743886,2.0852950000000003
30,-477871.34,-9.190134,2.099999999976717,1.8640860000000004
45,-477871.97,-9.579997,1.470000000030268,1.4742230000000003
60,-477872.56,-10.348903,0.8800000000046566,0.7053170000000009
75,-477873.16,-10.931896,0.2800000000279397,0.12232400000000077
90,-477873.34,-11.05422,0.0999999999767169,0
105,-477873.44,-10.919873,0,0.134347
120,-477873.4,-10.11416,0.0399999999790452,0.9400600000000008
135,-477873.2,-9.207336,0.2399999999906867,1.846884000000001
150,-477873.16,-8.180816,0.2800000000279397,2.8734040000000007
165,-477873.03,-7.3536296,0.4099999999743886,3.700590400000001
180,-477872.97,-6.8358636,0.470000000030268,4.218356400000001
-165,-522211.88,83.54461,5.919999999983702,7.572890000000001
-150,-522211.8,83.53732,6,7.565599999999989
-135,-522211.4,83.7179,6.399999999965075,7.746179999999995
-120,-522210.66,84.01631,7.14000000001397,8.04459
-105,-522210,84.074234,7.7999999999883585,8.102514
-90,-522210,83.38032,7.7999999999883585,7.408599999999993
-75,-522211,81.80038,6.799999999988359,5.828659999999999
-60,-522212.8,79.92185,5,3.9501300000000015
-45,-522214.75,78.21373,3.0499999999883585,2.2420099999999934
-30,-522216.38,76.95464,1.419999999983702,0.9829199999999929
-15,-522217.44,76.21757,0.3599999999860301,0.24584999999999013
0,-522217.8,75.97172,0,0
15,-522217.44,76.21714,0.3599999999860301,0.24541999999999575
30,-522216.38,76.95464,1.419999999983702,0.9829199999999929
45,-522214.75,78.21373,3.0499999999883585,2.2420099999999934
60,-522212.8,79.925835,5,3.9541150000000016
75,-522211,81.79545,6.799999999988359,5.823729999999998
90,-522210,83.40051,7.7999999999883585,7.428789999999992
105,-522210,84.074234,7.7999999999883585,8.102514
120,-522210.66,84.01631,7.14000000001397,8.04459
135,-522211.4,83.717896,6.399999999965075,7.746175999999991
150,-522211.8,83.53732,6,7.565599999999989
165,-522211.88,83.54461,5.919999999983702,7.572890000000001
180,-522211.84,83.58032,5.959999999962747,7.608599999999996
-165,-354260.7,70.96723,0.2399999999906867,0.15542399999999645
-150,-354259.97,71.48475,0.970000000030268,0.6729440000000011
-135,-354258.84,72.39203,2.099999999976717,1.5802240000000012
-120,-354257.56,73.56832,3.3800000000046566,2.7565139999999957
-105,-354256.56,74.61809,4.380000000004657,3.806283999999991
-90,-354256.25,75.034676,4.690000000002328,4.22287
-75,-354256.88,74.67592,4.059999999997672,3.8641140000000007
-60,-354258,73.854546,2.9400000000023283,3.042739999999995
-45,-354259.16,73.01121,1.7800000000279397,2.1994040000000012
-30,-354259.94,72.36661,1,1.55480399999999
-15,-354260.28,71.99661,0.6599999999743886,1.1848039999999997
0,-354260.38,71.87075,0.5599999999976717,1.0589439999999968
15,-354260.28,71.99661,0.6599999999743886,1.1848039999999997
30,-354259.94,72.36352,1,1.5517139999999898
45,-354259.16,73.01068,1.7800000000279397,2.1988739999999893
60,-354258,73.852615,2.9400000000023283,3.040808999999996
75,-354256.88,74.67288,4.059999999997672,3.861074000000002
90,-354256.25,75.03653,4.690000000002328,4.224723999999995
105,-354256.56,74.6181,4.380000000004657,3.806293999999994
120,-354257.56,73.56832,3.3800000000046566,2.7565139999999957
135,-354258.84,72.37642,2.099999999976717,1.5646139999999917
150,-354259.97,71.47698,0.970000000030268,0.6651739999999933
165,-354260.7,70.966095,0.2399999999906867,0.15428899999999146
180,-354260.94,70.811806,0,0
-165,-456621.56,-29.557959,0.8200000000069849,1.1241829999999986
-150,-456620.75,-27.916338,1.6300000000046566,2.7658039999999993
-135,-456620.84,-29.184576,1.5399999999790452,1.497565999999999
-120,-456619.62,-27.304495,2.760000000009313,3.3776469999999996
-105,-456618.28,-25.505781,4.099999999976717,5.176361
-90,-456617.56,-24.548754,4.820000000006985,6.133388
-75,-456618.66,-25.83092,3.720000000030268,4.851222
-60,-456620,-27.641361,2.3800000000046566,3.040780999999999
-45,-456621.12,-29.465014,1.2600000000093132,1.2171279999999989
-30,-456621.97,-30.587633,0.4100000000325963,0.09450899999999862
-15,-456622.38,-30.682142,0,0
0,-456621.97,-30.456886,0.4100000000325963,0.22525599999999812
15,-456621.6,-29.470726,0.7800000000279397,1.2114159999999998
30,-456620.84,-27.906408,1.5399999999790452,2.775734
45,-456619.88,-25.778961,2.5,4.903181
60,-456618.53,-23.18175,3.849999999976717,7.500391999999998
75,-456616.62,-20.174068,5.760000000009313,10.508074
90,-456617.56,-24.54824,4.820000000006985,6.133901999999999
105,-456618.28,-25.504301,4.099999999976717,5.177840999999997
120,-456619.62,-27.313381,2.760000000009313,3.3687609999999992
135,-456620.88,-29.198412,1.5,1.4837299999999978
150,-456620.75,-27.94499,1.6300000000046566,2.7371519999999983
165,-456621.56,-29.570814,0.8200000000069849,1.1113280000000003
180,-456621.97,-30.511972,0.4100000000325963,0.17016999999999882
-165,-489322.94,7.1281557,4.5,4.3707527
-150,-489323.7,4.566525,3.739999999990687,1.8091220000000003
-135,-489323.78,2.8670738,3.6599999999743886,0.10967079999999996
-120,-489323.4,2.757403,4.039999999979045,0
-105,-489322.94,4.084126,4.5,1.3267230000000003
-90,-489322.8,5.7400937,4.64000000001397,2.9826907
-75,-489323.3,6.6338224,4.14000000001397,3.8764193999999996
-60,-489324.47,7.028587,2.970000000030268,4.271184
-45,-489325.72,7.1167045,1.720000000030268,4.3593015
-30,-489326.7,6.8672647,0.7399999999906868,4.1098617
-15,-489327.25,6.3879933,0.1900000000023283,3.6305902999999997
0,-489327.44,5.5132265,0,2.7558235
15,-489327.25,6.3905406,0.1900000000023283,3.6331375999999995
30,-489326.7,6.872533,0.7399999999906868,4.11513
45,-489325.7,6.985247,1.7399999999906868,4.227844
60,-489324.47,7.022624,2.970000000030268,4.265221
75,-489323.3,6.6237426,4.14000000001397,3.8663396
90,-489322.8,5.7196946,4.64000000001397,2.9622916000000004
105,-489322.94,4.089527,4.5,1.3321240000000003
120,-489323.4,2.7596347,4.039999999979045,0.0022316999999998366
135,-489323.78,2.868445,3.6599999999743886,0.11104199999999986
150,-489323.7,4.514606,3.739999999990687,1.7572029999999996
165,-489322.94,7.1281576,4.5,4.3707546
180,-489321.94,10.977687,5.5,8.220284
-165,-393426.53,-37.97451,0.629999999946449,3.2644499999999965
-150,-393427.16,-40.418743,0,0.8202169999999995
-135,-393427.03,-41.19045,0.1299999999464489,0.048510000000000275
-120,-393426.34,-41.094975,0.8199999999487773,0.1439850000000007
-105,-393425.5,-40.66508,1.6599999999743886,0.5738799999999955
-90,-393425.1,-40.374454,2.059999999997672,0.8645059999999987
-75,-393425.47,-40.646614,1.6900000000023283,0.5923459999999992
-60,-393426.3,-41.110275,0.8599999999860302,0.12868499999999727
-45,-393427,-41.23896,0.1599999999743886,0
-30,-393427.16,-40.47898,0,0.7599799999999988
-15,-393426.6,-38.20113,0.5599999999976717,3.0378299999999996
0,-393425.94,-34.848362,1.2199999999720603,6.390597999999997
15,-393426.6,-38.201187,0.5599999999976717,3.0377730000000014
30,-393427.16,-40.47898,0,0.7599799999999988
45,-393427,-41.238953,0.1599999999743886,6.999999996537554e-06
60,-393426.3,-41.110275,0.8599999999860302,0.12868499999999727
75,-393425.47,-40.648266,1.6900000000023283,0.5906939999999992
90,-393425.1,-40.375954,2.059999999997672,0.8630059999999986
105,-393425.5,-40.681652,1.6599999999743886,0.557307999999999
120,-393426.34,-41.09432,0.8199999999487773,0.14463999999999544
135,-393427.03,-41.19045,0.1299999999464489,0.048510000000000275
150,-393427.16,-40.418743,0,0.8202169999999995
165,-393426.53,-37.97451,0.629999999946449,3.2644499999999965
180,-393425.94,-34.84801,1.2199999999720603,6.390949999999997
-165,-445922.1,19.44463,12.78000000002794,23.1891492
-150,-445928.06,6.043779,6.820000000006985,9.7882982
-135,-445932.12,-0.2224781,2.760000000009313,3.5220411
-120,-445934.16,-2.9217587,0.720000000030268,0.8227605000000002
-105,-445934.84,-3.7314196,0.0399999999790452,0.013099599999999878
-90,-445934.88,-3.6677651,0,0.07675410000000005
-75,-445934.47,-3.2457314,0.4100000000325963,0.4987878000000001
-60,-445933.47,-2.0007384,1.4100000000325963,1.7437808000000001
-45,-445931.28,0.9784332,3.599999999976717,4.7229524000000005
-30,-445927.4,6.7502346,7.479999999981373,10.4947538
-15,-445922.72,15.192842,12.160000000032596,18.9373612
0,-445919.2,25.327572,15.679999999993017,29.0720912
15,-445924.28,13.39985,10.599999999976715,17.1443692
30,-445929.03,4.2243085,5.849999999976717,7.9688277
45,-445932.5,-0.8194546,2.3800000000046566,2.9250646
60,-445934.28,-3.0997431,0.5999999999767169,0.6447761000000001
75,-445934.88,-3.7445192,0,0
90,-445934.88,-3.6493921,0,0.09512710000000002
105,-445934.4,-3.1228552,0.4799999999813735,0.621664
120,-445933.28,-1.5010225,1.599999999976717,2.2434967
135,-445930.66,2.3815002,4.220000000030268,6.126019400000001
150,-445926.03,10.088059,8.849999999976717,13.8325782
165,-445918.78,20.81229,16.099999999976717,24.5568092
180,-445916.84,33.632008,18.039999999979045,37.3765272
-165,-317141.94,-21.541967,0.4400000000023283,0.27355599999999924
-150,-317140.7,-20.754313,1.679999999993015,1.061209999999999
-135,-317138.8,-19.605633,3.580000000016298,2.209889999999998
-120,-317136.78,-18.275574,5.599999999976717,3.539949
-105,-317135.1,-17.115398,7.28000000002794,4.700125
-90,-317134.4,-16.696066,7.979999999981373,5.119457000000001
-75,-317135.1,-17.3461,7.28000000002794,4.469422999999999
-60,-317136.84,-18.588312,5.539999999979045,3.2272110000000005
-45,-317138.94,-19.851065,3.4400000000023283,1.9644580000000005
-30,-317140.75,-20.892982,1.6300000000046566,0.922540999999999
-15,-317141.97,-21.579584,0.4100000000325963,0.23593899999999834
0,-317142.38,-21.815523,0,0
15,-317141.97,-21.579584,0.4100000000325963,0.23593899999999834
30,-317140.75,-20.892982,1.6300000000046566,0.922540999999999
45,-317138.94,-19.84999,3.4400000000023283,1.9655330000000006
60,-317136.84,-18.588636,5.539999999979045,3.226886999999998
75,-317135.1,-17.345144,7.28000000002794,4.470378999999998
90,-317134.4,-16.696066,7.979999999981373,5.119457000000001
105,-317135.1,-17.115398,7.28000000002794,4.700125
120,-317136.78,-18.276672,5.599999999976717,3.5388509999999975
135,-317138.8,-19.60564,3.580000000016298,2.209882999999998
150,-317140.7,-20.763218,1.679999999993015,1.0523050000000005
165,-317141.94,-21.541967,0.4400000000023283,0.27355599999999924
180,-317142.38,-21.813896,0,0.001626999999999157
-165,-372671.22,-38.501442,0,0.7408710000000056
-150,-372670.78,-36.946884,0.4399999999441206,2.2954290000000057
-135,-372670.38,-35.08574,0.8399999999674037,4.156573000000002
-120,-372670.16,-33.927998,1.0599999999976717,5.314315000000001
-105,-372670.8,-36.08645,0.4199999999837018,3.1558630000000036
-90,-372671.1,-37.28585,0.1199999999953433,1.9564629999999994
-75,-372670.97,-37.587914,0.25,1.654399000000005
-60,-372669.94,-36.960903,1.279999999969732,2.281410000000001
-45,-372667.9,-35.392883,3.3199999999487773,3.8494300000000052
-30,-372665.47,-33.20313,5.75,6.039183000000001
-15,-372663.28,-31.064398,7.939999999944121,8.177915000000002
0,-372661.8,-29.663794,9.419999999983702,9.578519000000004
15,-372663.28,-31.069525,7.939999999944121,8.172788000000004
30,-372665.47,-33.180973,5.75,6.061340000000001
45,-372667.9,-35.377975,3.3199999999487773,3.8643380000000036
60,-372669.94,-36.969124,1.279999999969732,2.273189000000002
75,-372670.97,-37.589428,0.25,1.6528850000000048
90,-372671.1,-37.267452,0.1199999999953433,1.9748610000000042
105,-372670.8,-36.087017,0.4199999999837018,3.155296
120,-372670.16,-34.292873,1.0599999999976717,4.949440000000003
135,-372670.38,-35.08915,0.8399999999674037,4.153163000000006
150,-372670.78,-36.944412,0.4399999999441206,2.297901000000003
165,-372671.22,-38.501507,0,0.7408060000000063
180,-372671.22,-39.242313,0,0
-165,-417579.4,-6.646997,4.599999999976717,7.646255000000001
-150,-417580.94,-9.100681,3.059999999997672,5.192571000000001
-135,-417582.28,-11.565652,1.7199999999720603,2.7276000000000007
-120,-417583.34,-13.319402,0.6599999999743886,0.9738500000000005
-105,-417584,-13.445803,0,0.847449000000001
-90,-417583.56,-13.603563,0.4400000000023283,0.6896890000000013
-75,-417583.47,-14.292441,0.5300000000279397,0.0008110000000005613
-60,-417583.75,-13.643867,0.25,0.6493850000000005
-45,-417583.53,-13.146784,0.4699999999720603,1.1464680000000005
-30,-417582.7,-12.954091,1.2999999999883585,1.3391610000000007
-15,-417581.6,-12.666926,2.400000000023283,1.6263260000000006
0,-417580.1,-12.582939,3.900000000023283,1.710313000000001
15,-417581.6,-12.666926,2.400000000023283,1.6263260000000006
30,-417582.7,-12.954089,1.2999999999883585,1.339163000000001
45,-417583.53,-13.146784,0.4699999999720603,1.1464680000000005
60,-417583.75,-13.644087,0.25,0.649165
75,-417583.47,-14.293252,0.5300000000279397,0
90,-417583.56,-13.602542,0.4400000000023283,0.690710000000001
105,-417584,-13.419846,0,0.873406000000001
120,-417583.34,-13.370305,0.6599999999743886,0.9229470000000006
135,-417582.28,-11.558878,1.7199999999720603,2.7343740000000007
150,-417580.94,-9.105016,3.059999999997672,5.188236
165,-417579.4,-6.6243496,4.599999999976717,7.6689024
180,-417577.78,-6.9476476,6.21999999997206,7.345604400000001
-165,-487138.4,-8.082656,0.2999999999883584,0.308071
-150,-487137.7,-7.2428026,1,1.1479244
-135,-487136.88,-6.2734704,1.820000000006985,2.1172566
-120,-487137.16,-5.607154,1.540000000037253,2.7835729999999996
-105,-487137.78,-5.4795203,0.919999999983702,2.9112067
-90,-487138.4,-5.8930893,0.2999999999883584,2.4976377000000003
-75,-487138.56,-6.4623113,0.1400000000139698,1.9284157000000004
-60,-487138,-6.7450743,0.7000000000116415,1.6456527000000003
-45,-487136.78,-6.416007,1.9199999999837016,1.9747200000000005
-30,-487135.25,-5.449725,3.450000000011641,2.941002
-15,-487133.97,-4.4765124,4.730000000039581,3.9142146
0,-487133.3,-4.3390813,5.400000000023283,4.0516457
15,-487133.97,-4.478028,4.730000000039581,3.912699
30,-487135.25,-5.4391184,3.450000000011641,2.9516086
45,-487136.78,-6.4154544,1.9199999999837016,1.9752726000000003
60,-487138,-6.746019,0.7000000000116415,1.6447079999999996
75,-487138.56,-6.4623113,0.1400000000139698,1.9284157000000004
90,-487138.4,-5.9043236,0.2999999999883584,2.4864034000000004
105,-487137.78,-5.4937797,0.919999999983702,2.8969473
120,-487137.16,-5.607156,1.540000000037253,2.7835710000000002
135,-487136.88,-6.2741485,1.820000000006985,2.1165785
150,-487137.7,-7.2634716,1,1.1272554000000001
165,-487138.4,-8.08278,0.2999999999883584,0.3079470000000004
180,-487138.7,-8.390727,0,0
-165,-330986.38,15.727154,0.150000000023283,0.17645100000000014
-150,-330985.88,16.281921,0.6500000000232831,0.7312180000000001
-135,-330984.84,17.290411,1.6900000000023283,1.7397079999999985
-120,-330983.4,18.606113,3.1300000000046566,3.05541
-105,-330982.1,19.755203,4.430000000051223,4.204500000000001
-90,-330981.56,20.145748,4.970000000030268,4.595045000000001
-75,-330982.12,19.54369,4.410000000032596,3.992987000000001
-60,-330983.47,18.384396,3.06000000005588,2.8336929999999985
-45,-330984.9,17.174892,1.6300000000046566,1.6241889999999994
-30,-330985.9,16.250843,0.6300000000046566,0.7001399999999993
-15,-330986.38,15.720282,0.150000000023283,0.16957899999999881
0,-330986.53,15.552955,0,0.002252000000000365
15,-330986.38,15.7202835,0.150000000023283,0.16958050000000036
30,-330985.9,16.250841,0.6300000000046566,0.7001380000000008
45,-330984.9,17.174898,1.6300000000046566,1.6241949999999985
60,-330983.47,18.38601,3.06000000005588,2.8353069999999985
75,-330982.12,19.543701,4.410000000032596,3.9929979999999983
90,-330981.56,20.144737,4.970000000030268,4.594033999999999
105,-330982.1,19.755201,4.430000000051223,4.204497999999999
120,-330983.4,18.604792,3.1300000000046566,3.0540889999999994
135,-330984.84,17.29041,1.6900000000023283,1.739707000000001
150,-330985.88,16.281921,0.6500000000232831,0.7312180000000001
165,-330986.38,15.727154,0.150000000023283,0.17645100000000014
180,-330986.53,15.550703,0,0
-165,-594702.6,9.289811,1.150000000023283,1.5609845
-150,-594702,13.899721,1.75,6.170894499999999
-135,-594700.8,20.615482,2.949999999953434,12.8866555
-120,-594699.2,28.50868,4.550000000046566,20.779853499999998
-105,-594697.8,36.20608,5.949999999953434,28.4772535
-90,-594697.25,39.675114,6.5,31.9462875
-75,-594697.94,36.429283,5.810000000055879,28.700456499999998
-60,-594699.44,29.596928,4.310000000055879,21.868101499999998
-45,-594701.2,22.583326,2.550000000046566,14.8544995
-30,-594702.6,16.537462,1.150000000023283,8.808635500000001
-15,-594703.44,12.654654,0.3100000000558793,4.9258275000000005
0,-594703.75,11.379948,0,3.6511215000000004
15,-594703.44,12.654655,0.3100000000558793,4.9258285
30,-594702.6,16.55678,1.150000000023283,8.8279535
45,-594701.2,22.58333,2.550000000046566,14.8545035
60,-594699.44,29.596708,4.310000000055879,21.8678815
75,-594697.94,36.418396,5.810000000055879,28.6895695
90,-594697.25,39.675114,6.5,31.9462875
105,-594697.8,36.206078,5.949999999953434,28.477251499999998
120,-594699.2,28.508469,4.550000000046566,20.7796425
135,-594700.8,20.615578,2.949999999953434,12.886751499999999
150,-594702,13.898836,1.75,6.170009499999999
165,-594702.6,9.289811,1.150000000023283,1.5609845
180,-594702.9,7.7288265,0.8499999999767169,0
-165,-123338.24,14.236773,1.75,2.422725999999999
-150,-123339.04,13.589338,0.9500000000116416,1.7752909999999993
-135,-123339.73,12.798669,0.2600000000093132,0.9846219999999999
-120,-123339.99,12.265715,0,0.45166799999999974
-105,-123339.76,12.176689,0.2300000000104773,0.36264199999999924
-90,-123339.09,12.393797,0.9000000000087311,0.5797499999999989
-75,-123338.25,12.59879,1.7400000000052387,0.7847429999999989
-60,-123337.68,12.648334,2.310000000012224,0.8342869999999998
-45,-123337.75,12.600566,2.2400000000052387,0.7865190000000002
-30,-123338.4,12.359158,1.5900000000110597,0.5451110000000003
-15,-123339.13,11.989483,0.8600000000005821,0.17543599999999948
0,-123339.43,11.814047,0.5600000000122236,0
15,-123339.13,11.989483,0.8600000000005821,0.17543599999999948
30,-123338.4,12.3591585,1.5900000000110597,0.5451114999999991
45,-123337.75,12.600565,2.2400000000052387,0.7865179999999992
60,-123337.68,12.648332,2.310000000012224,0.8342849999999995
75,-123338.25,12.59879,1.7400000000052387,0.7847429999999989
90,-123339.09,12.393797,0.9000000000087311,0.5797499999999989
105,-123339.76,12.176688,0.2300000000104773,0.362641
120,-123339.99,12.265715,0,0.45166799999999974
135,-123339.73,12.798667,0.2600000000093132,0.9846199999999996
150,-123339.04,13.589338,0.9500000000116416,1.7752909999999993
165,-123338.24,14.236772,1.75,2.422725
180,-123337.87,14.46288,2.1200000000098957,2.6488329999999998
-165,-392771.75,10.381031,0,1.2198159999999998
-150,-392771.16,14.5994425,0.5900000000256114,5.4382275
-135,-392770.12,21.186323,1.6300000000046566,12.025108000000001
-120,-392768.84,29.111784,2.9099999999743886,19.950569
-105,-392767.72,37.04334,4.03000000002794,27.882125000000002
-90,-392767.22,41.292854,4.53000000002794,32.131639
-75,-392767.7,38.103645,4.049999999988359,28.94243
-60,-392768.7,31.25945,3.0499999999883585,22.098235000000003
-45,-392769.7,24.102812,2.0499999999883585,14.941597
-30,-392770.34,17.879942,1.4099999999743886,8.718727
-15,-392770.62,13.433531,1.1300000000046566,4.272316
0,-392770.72,11.664978,1.0300000000279397,2.5037629999999993
15,-392770.72,13.242295,1.0300000000279397,4.08108
30,-392770.4,17.583654,1.349999999976717,8.422438999999999
45,-392769.72,23.854412,2.03000000002794,14.693197
60,-392768.72,31.149473,3.03000000002794,21.988258000000002
75,-392767.72,38.096558,4.03000000002794,28.935343000000003
90,-392767.25,41.24909,4.5,32.087875000000004
105,-392767.62,37.498436,4.130000000004657,28.337221
120,-392768.5,30.233824,3.25,21.072609
135,-392769.56,22.552563,2.1900000000023283,13.391347999999999
150,-392770.53,15.893605,1.2199999999720603,6.7323900000000005
165,-392771.3,11.110707,0.4500000000116415,1.9494919999999993
180,-392771.75,9.161215,0,0
-165,-393540.06,0.84489894,0.1599999999743886,1.38432764
-150,-393539.34,5.214339,0.879999999946449,5.7537677
-135,-393538.2,11.862837,2.019999999960419,12.402265700000001
-120,-393536.8,19.918896,3.419999999983702,20.4583247
-105,-393535.7,27.689383,4.519999999960419,28.228811699999998
-90,-393535.25,31.616434,4.96999999997206,32.1558627
-75,-393535.8,28.114109,4.419999999983702,28.653537699999998
-60,-393536.9,21.115215,3.3199999999487773,21.654643699999998
-45,-393537.94,13.988838,2.279999999969732,14.5282667
-30,-393538.6,7.8428917,1.6199999999953434,8.3823204
-15,-393538.84,3.3615217,1.379999999946449,3.9009504
0,-393538.94,1.4139258,1.279999999969732,1.9533544999999999
15,-393538.94,3.2836864,1.279999999969732,3.8231151
30,-393538.66,7.6609635,1.5599999999976717,8.2003922
45,-393537.94,13.937417,2.279999999969732,14.4768457
60,-393536.9,21.05676,3.3199999999487773,21.5961887
75,-393535.88,28.01786,4.339999999967404,28.557288699999997
90,-393535.38,31.287233,4.839999999967404,31.8266617
105,-393535.75,27.528387,4.46999999997206,28.067815699999997
120,-393536.72,20.264402,3.5,20.8038307
135,-393537.9,12.614587,2.3199999999487773,13.1540157
150,-393539,5.9375777,1.2199999999720603,6.4770064000000005
165,-393539.8,1.2623211,0.4199999999837018,1.8017498
180,-393540.22,-0.5394287,0,0
-165,-358051.28,50.24543,0.6199999999953434,6.106437999999997
-150,-358051.9,46.088223,0,1.9492309999999975
-135,-358051.8,44.290817,0.1000000000349246,0.1518249999999952
-120,-358051.06,44.197544,0.8400000000256114,0.05855199999999883
-105,-358050.2,44.73727,1.7000000000116415,0.5982780000000005
-90,-358049.8,45.00944,2.1000000000349246,0.8704479999999961
-75,-358050.16,44.717922,1.7400000000488944,0.5789299999999997
-60,-358051,44.14123,0.9000000000232831,0.002237999999998408
-45,-358051.78,44.193405,0.1199999999953433,0.054412999999996714
-30,-358051.9,45.82086,0,1.6818680000000015
-15,-358051.34,49.71605,0.5599999999976717,5.577058000000001
0,-358050.88,53.469517,1.0200000000186265,9.330525000000002
15,-358051.34,49.71604,0.5599999999976717,5.577047999999998
30,-358051.9,45.82086,0,1.6818680000000015
45,-358051.78,44.1926,0.1199999999953433,0.05360799999999699
60,-358051,44.138992,0.9000000000232831,0
75,-358050.16,44.717922,1.7400000000488944,0.5789299999999997
90,-358049.8,45.00944,2.1000000000349246,0.8704479999999961
105,-358050.2,44.737278,1.7000000000116415,0.5982860000000016
120,-358051.06,44.197544,0.8400000000256114,0.05855199999999883
135,-358051.8,44.290993,0.1000000000349246,0.1520009999999985
150,-358051.9,46.08823,0,1.9492380000000011
165,-358051.28,50.24543,0.6199999999953434,6.106437999999997
180,-358050.88,53.458878,1.0200000000186265,9.319885999999997
-165,-445919.25,69.28108,0.4500000000116415,1.1508400000000023
-150,-445918.53,70.22713,1.169999999983702,2.096890000000002
-135,-445917.47,71.14238,2.230000000039581,3.0121400000000023
-120,-445915.94,72.29055,3.760000000009313,4.1603099999999955
-105,-445914.34,73.316345,5.35999999998603,5.186104999999998
-90,-445913.56,73.52449,6.14000000001397,5.3942499999999995
-75,-445914.16,72.63619,5.540000000037253,4.505949999999999
-60,-445915.75,71.083916,3.9500000000116415,2.9536760000000015
-45,-445917.56,69.53607,2.14000000001397,1.4058299999999946
-30,-445918.97,68.47581,0.7300000000395812,0.34556999999999505
-15,-445919.66,68.13024,0.0400000000372529,0
0,-445919.7,68.461914,0,0.3316739999999925
15,-445919.28,69.29655,0.4199999999837018,1.1663099999999957
30,-445918.6,70.21685,1.1000000000349246,2.086609999999993
45,-445917.6,71.11794,2.1000000000349246,2.987700000000004
60,-445916.12,72.319244,3.580000000016298,4.189003999999997
75,-445914.56,73.40354,5.14000000001397,5.273300000000006
90,-445913.56,73.551605,6.14000000001397,5.421364999999994
105,-445914.12,72.644226,5.580000000016298,4.513986000000003
120,-445915.72,71.17405,3.980000000039581,3.0438099999999935
135,-445917.56,69.66124,2.14000000001397,1.531000000000006
150,-445918.97,68.56089,0.7300000000395812,0.43065
165,-445919.66,68.15863,0.0400000000372529,0.02839000000000169
180,-445919.7,68.449615,0,0.31937499999999375
-165,-401562.1,8.35622,1.9300000000512227,1.1742527000000003
-150,-401560.9,9.792092,3.1300000000046566,2.6101247
-135,-401560.12,11.068597,3.910000000032596,3.8866297000000003
-120,-401560.2,11.483623,3.830000000016298,4.3016556999999995
-105,-401561.12,11.049881,2.9100000000325963,3.867913699999999
-90,-401562.53,10.234879,1.5,3.0529116999999992
-75,-401563.5,9.742061,0.5300000000279397,2.5600936999999995
-60,-401562.62,8.743117,1.4100000000325963,1.5611496999999996
-45,-401563.53,9.758275,0.5,2.576307699999999
-30,-401562.6,10.271275,1.4300000000512227,3.089307699999999
-15,-401561.22,11.049115,2.81000000005588,3.8671477000000003
0,-401560.25,11.571024,3.78000000002794,4.389056699999999
15,-401560.1,11.149419,3.930000000051223,3.9674517
30,-401560.75,9.9825,3.28000000002794,2.8005326999999998
45,-401561.9,8.595411,2.1300000000046566,1.4134437000000002
60,-401563.06,7.5218716,0.970000000030268,0.3399042999999997
75,-401563.84,7.1819673,0.1900000000023283,0
90,-401564.03,7.314732,0,0.13276470000000007
105,-401563.6,7.5102158,0.4300000000512227,0.32824849999999994
120,-401563.44,7.327576,0.5900000000256114,0.14560869999999948
135,-401563.47,7.2281294,0.5600000000558794,0.046162100000000095
150,-401563.97,7.300188,0.0600000000558793,0.11822070000000018
165,-401563.94,7.3147902,0.0900000000256113,0.13282289999999985
180,-401563.25,7.413632,0.7800000000279397,0.2316646999999996
-165,-303955.53,27.52116,4.269999999960419,4.829629999999998
-150,-303954.56,27.957756,5.239999999990687,5.266226
-135,-303953.6,28.659082,6.2000000000116415,5.967552000000001
-120,-303953.44,28.845953,6.35999999998603,6.154423000000001
-105,-303954.47,28.12105,5.330000000016298,5.42952
-90,-303956.4,26.65563,3.3999999999650754,3.9640999999999984
-75,-303958.44,24.913692,1.3599999999860302,2.222162000000001
-60,-303959.78,23.42272,0.0199999999604187,0.7311900000000016
-45,-303959.8,22.69153,0,0
-30,-303958.56,22.95075,1.2399999999906868,0.2592199999999991
-15,-303957.06,24.334997,2.7399999999906868,1.6434670000000011
0,-303956.28,25.65207,3.519999999960419,2.960539999999998
15,-303956.56,24.407072,3.2399999999906868,1.7155419999999992
30,-303958.1,23.050226,1.7000000000116415,0.35869599999999835
45,-303959.25,22.989294,0.5499999999883585,0.2977640000000008
60,-303959.22,23.859686,0.5800000000162981,1.1681559999999998
75,-303957.78,25.307465,2.019999999960419,2.6159350000000003
90,-303955.66,26.928871,4.14000000001397,4.237341000000001
105,-303954.06,28.465061,5.739999999990687,5.773530999999998
120,-303953.38,29.450695,6.419999999983702,6.759164999999999
135,-303953.2,28.645657,6.599999999976717,5.954127
150,-303954.22,27.920412,5.580000000016298,5.228881999999999
165,-303955.1,27.63036,4.7000000000116415,4.938829999999999
180,-303956.06,27.81886,3.739999999990687,5.127330000000001
-165,-317137.28,-78.61381,0.279999999969732,0.007850000000004798
-150,-317136.38,-78.50281,1.179999999993015,0.118850000000009
-135,-317134.9,-78.04938,2.6599999999743886,0.5722800000000063
-120,-317133.12,-77.34143,4.440000000002328,1.280230000000003
-105,-317131.44,-76.63615,6.119999999995343,1.985510000000005
-90,-317130.7,-76.33523,6.85999999998603,2.28643000000001
-75,-317131.5,-77.0388,6.059999999997672,1.5828600000000108
-60,-317133.22,-77.71972,4.340000000025611,0.9019400000000104
-45,-317135.03,-78.239395,2.529999999969732,0.38226500000000385
-30,-317136.44,-78.55368,1.1199999999953434,0.0679800000000057
-15,-317137.28,-78.61384,0.279999999969732,0.007820000000009486
0,-317137.56,-78.62166,0,0
15,-317137.28,-78.61384,0.279999999969732,0.007820000000009486
30,-317136.44,-78.55362,1.1199999999953434,0.06804000000001054
45,-317135.03,-78.23912,2.529999999969732,0.3825400000000059
60,-317133.22,-77.71985,4.340000000025611,0.9018100000000118
75,-317131.5,-77.0388,6.059999999997672,1.5828600000000108
90,-317130.7,-76.3274,6.85999999998603,2.2942600000000084
105,-317131.44,-76.636154,6.119999999995343,1.9855060000000009
120,-317133.12,-77.34143,4.440000000002328,1.280230000000003
135,-317134.9,-78.049545,2.6599999999743886,0.5721150000000108
150,-317136.38,-78.50152,1.179999999993015,0.12014000000000635
165,-317137.28,-78.61716,0.279999999969732,0.004500000000007276
180,-317137.56,-78.6197,0,0.001960000000011064
-165,-498310.12,31.814926,0.4400000000023283,1.6911759999999987
-150,-498308.94,36.715443,1.6199999999953434,6.591692999999999
-135,-498307.3,44.17274,3.260000000009313,14.048989999999996
-120,-498305.62,52.85367,4.940000000002328,22.72992
-105,-498304.28,60.97038,6.279999999969732,30.846629999999998
-90,-498303.66,65.224396,6.900000000023283,35.100646
-75,-498303.84,63.400528,6.71999999997206,33.276778
-60,-498304.44,57.73125,6.119999999995343,27.6075
-45,-498304.94,51.087345,5.619999999995343,20.963594999999998
-30,-498305.03,44.92445,5.529999999969732,14.800699999999999
-15,-498304.88,40.496155,5.679999999993015,10.372405
0,-498304.78,38.865276,5.779999999969732,8.741526
15,-498304.88,40.496162,5.679999999993015,10.372411999999997
30,-498305.03,44.92445,5.529999999969732,14.800699999999999
45,-498304.94,51.087353,5.619999999995343,20.963603
60,-498304.44,57.73125,6.119999999995343,27.6075
75,-498303.84,63.400543,6.71999999997206,33.276793
90,-498303.66,65.224396,6.900000000023283,35.100646
105,-498304.28,60.970364,6.279999999969732,30.846613999999995
120,-498305.62,52.85491,4.940000000002328,22.731159999999996
135,-498307.3,44.172745,3.260000000009313,14.048994999999998
150,-498308.94,36.71147,1.6199999999953434,6.587719999999997
165,-498310.12,31.814926,0.4400000000023283,1.6911759999999987
180,-498310.56,30.12375,0,0
-165,-300277.47,77.87975,4.330000000016298,5.953140000000005
-150,-300277.5,77.61941,4.299999999988359,5.692800000000005
-135,-300277.75,77.238266,4.049999999988359,5.311655999999999
-120,-300278.2,76.810555,3.599999999976717,4.883944999999997
-105,-300278.72,76.507935,3.080000000016298,4.581325000000007
-90,-300279.44,75.976944,2.35999999998603,4.0503340000000065
-75,-300280.22,75.17348,1.580000000016298,3.2468700000000013
-60,-300280.97,74.30523,0.8300000000162981,2.378619999999998
-45,-300281.56,73.57993,0.2399999999906867,1.653320000000008
-30,-300281.8,72.99351,0,1.066900000000004
-15,-300281.78,72.340164,0.0199999999604187,0.41355400000000486
0,-300281.72,71.92661,0.0800000000162981,0
15,-300281.78,72.33979,0.0199999999604187,0.413179999999997
30,-300281.8,72.99351,0,1.066900000000004
45,-300281.56,73.58009,0.2399999999906867,1.6534800000000018
60,-300280.97,74.305244,0.8300000000162981,2.3786340000000052
75,-300280.22,75.17572,1.580000000016298,3.2491100000000017
90,-300279.44,75.9809,2.35999999998603,4.054290000000009
105,-300278.72,76.506714,3.080000000016298,4.580104000000006
120,-300278.2,76.80525,3.599999999976717,4.878640000000004
135,-300277.75,77.23445,4.049999999988359,5.307839999999999
150,-300277.5,77.621025,4.299999999988359,5.694415000000006
165,-300277.47,77.882645,4.330000000016298,5.956035
180,-300277.53,78.07807,4.269999999960419,6.15146
-165,-703366.25,5.074854,0.150000000023283,1.8871542000000003
-150,-703365.7,9.805516,0.7000000000698492,6.617816200000001
-135,-703364.75,16.497646,1.650000000023283,13.309946199999999
-120,-703363.56,24.315996,2.839999999967404,21.128296199999998
-105,-703362.7,31.317648,3.700000000069849,28.129948199999998
-90,-703362.3,34.285892,4.099999999976717,31.098192199999996
-75,-703362.9,30.604088,3.5,27.4163882
-60,-703363.94,23.695898,2.4600000000791624,20.5081982
-45,-703365,16.518904,1.400000000023283,13.331204199999998
-30,-703365.8,10.372765,0.5999999999767169,7.1850651999999995
-15,-703366.2,6.181506,0.2000000000698492,2.9938062
0,-703366.3,4.5923057,0.0999999999767169,1.4046059
15,-703366.2,6.1815095,0.2000000000698492,2.9938097
30,-703365.8,10.372611,0.5999999999767169,7.184911199999999
45,-703365,16.518908,1.400000000023283,13.331208199999999
60,-703363.94,23.694944,2.4600000000791624,20.5072442
75,-703362.9,30.604092,3.5,27.4163922
90,-703362.3,34.272575,4.099999999976717,31.084875200000003
105,-703362.7,31.317644,3.700000000069849,28.1299442
120,-703363.56,24.302387,2.839999999967404,21.1146872
135,-703364.75,16.497643,1.650000000023283,13.3099432
150,-703365.7,9.804442,0.7000000000698492,6.6167422
165,-703366.25,5.07485,0.150000000023283,1.8871501999999998
180,-703366.4,3.1876998,0,0
-165,-665825.4,43.625366,0.0399999999208375,0.6063559999999981
-150,-665824.9,43.085773,0.5399999999208376,0.06676300000000168
-135,-665823.94,43.17864,1.5,0.15962999999999994
-120,-665822.6,43.899525,2.839999999967404,0.8805149999999955
-105,-665821.4,44.91963,4.039999999920838,1.9006199999999964
-90,-665820.8,45.336044,4.6399999998975545,2.3170339999999996
-75,-665821.44,44.84971,4,1.8307000000000002
-60,-665822.7,43.768963,2.7399999999906868,0.7499529999999979
-45,-665824,43.01901,1.4399999999441206,0
-30,-665824.94,43.032433,0.5,0.013422999999995966
-15,-665825.4,43.62847,0.0399999999208375,0.6094599999999986
0,-665825.44,44.00086,0,0.9818500000000014
15,-665825.4,43.6243,0.0399999999208375,0.6052899999999966
30,-665824.94,43.040424,0.5,0.021414000000000044
45,-665824,43.020226,1.4399999999441206,0.0012159999999994398
60,-665822.7,43.770687,2.7399999999906868,0.7516770000000008
75,-665821.44,44.84971,4,1.8307000000000002
90,-665820.8,45.350986,4.6399999998975545,2.3319759999999974
105,-665821.4,44.91963,4.039999999920838,1.9006199999999964
120,-665822.6,43.899525,2.839999999967404,0.8805149999999955
135,-665823.94,43.1797,1.5,0.16068999999999534
150,-665824.9,43.085777,0.5399999999208376,0.06676699999999869
165,-665825.4,43.625366,0.0399999999208375,0.6063559999999981
180,-665825.44,44.006687,0,0.9876769999999979
-165,-480519.1,43.368294,3.1000000000349246,7.112277999999996
-150,-480515.2,47.734356,7,11.478339999999996
-135,-480518.16,43.14288,4.040000000037253,6.886863999999996
-120,-480519.6,39.80004,2.6000000000349246,3.5440240000000003
-105,-480520.06,37.85633,2.14000000001397,1.6003139999999973
-90,-480520.53,36.799564,1.669999999983702,0.5435479999999941
-75,-480521.22,36.28246,0.9800000000395812,0.026443999999997914
-60,-480521.94,36.256016,0.2600000000093132,0
-45,-480522.2,36.938625,0,0.6826089999999994
-30,-480521.56,38.65696,0.6400000000139698,2.4009439999999955
-15,-480519.75,41.725876,2.450000000011641,5.469859999999997
0,-480516.94,46.56708,5.260000000009313,10.311063999999995
15,-480519.75,41.737152,2.450000000011641,5.481135999999999
30,-480521.56,38.6502,0.6400000000139698,2.3941839999999956
45,-480522.2,36.936436,0,0.680419999999998
60,-480521.94,36.25602,0.2600000000093132,3.999999997006398e-06
75,-480521.22,36.286114,0.9800000000395812,0.030097999999995295
90,-480520.5,36.781235,1.7000000000116415,0.5252189999999999
105,-480520.06,37.853714,2.14000000001397,1.597697999999994
120,-480519.6,39.793743,2.6000000000349246,3.5377269999999967
135,-480518.12,43.100235,4.080000000016298,6.844218999999995
150,-480515.2,47.741943,7,11.485926999999997
165,-480519.1,43.366703,3.1000000000349246,7.110686999999999
180,-480516.16,49.022392,6.040000000037253,12.766376000000001
-165,-540199.1,-23.900534,5.150000000023283,5.193978999999999
-150,-540200,-23.080532,4.25,6.013980999999998
-135,-540200.06,-20.940891,4.189999999944121,8.153621999999999
-120,-540199.7,-18.103697,4.550000000046566,10.990815999999999
-105,-540199.3,-15.99768,4.949999999953434,13.096832999999998
-90,-540199.75,-16.802263,4.5,12.29225
-75,-540201.25,-20.763988,3,8.330524999999998
-60,-540203,-24.683584,1.25,4.410928999999999
-45,-540204.06,-27.59506,0.1899999999441206,1.499452999999999
-30,-540204.25,-29.081682,0,0.012830999999998483
-15,-540203.75,-28.871431,0.5,0.223081999999998
0,-540202.8,-26.942726,1.449999999953434,2.151786999999999
15,-540203.75,-28.850908,0.5,0.24360499999999874
30,-540204.25,-29.094513,0,0
45,-540204.06,-27.601194,0.1899999999441206,1.4933189999999996
60,-540203,-24.672594,1.25,4.421918999999999
75,-540201.25,-20.763908,3,8.330604999999998
90,-540199.75,-16.80014,4.5,12.294373
105,-540199.3,-16.002909,4.949999999953434,13.091604
120,-540199.7,-18.101019,4.550000000046566,10.993493999999998
135,-540200.06,-20.94704,4.189999999944121,8.147472999999998
150,-540200,-23.0796,4.25,6.014913
165,-540199.1,-23.879374,5.150000000023283,5.215139000000001
180,-540197.7,-23.451399,6.550000000046566,5.643114000000001
-165,-409200.53,14.062293,0.029999999969732,0.294219
-150,-409200.06,14.486491,0.5,0.7184169999999988
-135,-409199.66,14.058578,0.9000000000232831,0.2905040000000003
-120,-409198.5,15.169319,2.059999999997672,1.4012449999999994
-105,-409196.9,16.613106,3.6599999999743886,2.845031999999998
-90,-409195.53,17.678732,5.029999999969732,3.9106579999999997
-75,-409195.12,17.965305,5.440000000002328,4.197231
-60,-409195.8,17.032393,4.760000000009313,3.2643189999999986
-45,-409197.34,15.632576,3.2199999999720603,1.8645019999999999
-30,-409198.88,14.38485,1.679999999993015,0.6167759999999998
-15,-409199.94,13.790127,0.6199999999953434,0.022052999999999656
0,-409200.5,13.768074,0.0599999999976716,0
15,-409200.56,14.061549,0,0.29347499999999904
30,-409200.1,14.498822,0.4600000000209547,0.7307480000000002
45,-409199.75,13.929813,0.8099999999976717,0.16173899999999897
60,-409198.66,15.015199,1.900000000023283,1.2471250000000005
75,-409197,16.530249,3.559999999997672,2.762175000000001
90,-409195.6,17.677193,4.960000000020955,3.9091189999999987
105,-409195.12,17.966223,5.440000000002328,4.198148999999999
120,-409195.75,17.018822,4.809999999997672,3.2507479999999997
135,-409197.25,15.597894,3.309999999997672,1.8298199999999998
150,-409198.78,14.3994665,1.779999999969732,0.6313925000000005
165,-409199.9,13.814667,0.6599999999743886,0.04659299999999966
180,-409200.5,13.774938,0.0599999999976716,0.006864000000000203
-165,-348143.66,44.745003,0.7400000000488944,0.5011869999999945
-150,-348143.5,46.11959,0.9000000000232831,1.8757739999999998
-135,-348143.25,47.164497,1.150000000023283,2.9206809999999948
-120,-348143.66,47.680996,0.7400000000488944,3.437179999999998
-105,-348144.16,46.85476,0.2400000000488944,2.6109439999999964
-90,-348144.4,45.647038,0,1.4032219999999995
-75,-348143.9,45.331924,0.5,1.0881079999999983
-60,-348142.6,46.57556,1.800000000046566,2.3317440000000005
-45,-348140.56,49.193645,3.8400000000256114,4.949828999999994
-30,-348138.38,52.344223,6.0200000000186265,8.100406999999997
-15,-348136.75,54.865067,7.650000000023283,10.621251
0,-348136.12,55.813713,8.28000000002794,11.569896999999997
15,-348136.75,54.86235,7.650000000023283,10.618533999999997
30,-348138.38,52.333866,6.0200000000186265,8.090049999999998
45,-348140.56,49.205658,3.8400000000256114,4.961841999999997
60,-348142.6,46.578136,1.800000000046566,2.334319999999998
75,-348143.9,45.327694,0.5,1.0838779999999986
90,-348144.4,45.643665,0,1.3998489999999961
105,-348144.16,46.85196,0.2400000000488944,2.608143999999996
120,-348143.66,47.676506,0.7400000000488944,3.432690000000001
135,-348143.47,47.285435,0.9300000000512229,3.041618999999997
150,-348143.5,46.089024,0.9000000000232831,1.8452079999999995
165,-348143.66,44.794083,0.7400000000488944,0.5502669999999981
180,-348143.72,44.243816,0.6800000000512227,0
-165,-469088.2,37.783028,0,0
-150,-469087.8,39.365253,0.400000000023283,1.582225000000001
-135,-469086.4,42.648808,1.7999999999883585,4.865780000000001
-120,-469084.28,47.19224,3.919999999983702,9.409211999999997
-105,-469081.97,52.245255,6.230000000039581,14.462226999999999
-90,-469080.75,55.36069,7.4500000000116415,17.577661999999997
-75,-469081.53,52.632618,6.669999999983702,14.84959
-60,-469083.25,48.2453,4.9500000000116415,10.462271999999999
-45,-469085,44.00446,3.200000000011641,6.221432
-30,-469086.16,40.832355,2.040000000037253,3.049326999999998
-15,-469086.22,39.352512,1.9800000000395808,1.5694839999999957
0,-469085.12,39.971783,3.080000000016298,2.1887550000000005
15,-469086.22,39.350662,1.9800000000395808,1.5676339999999982
30,-469086.16,40.83781,2.040000000037253,3.054781999999996
45,-469085,44.0047,3.200000000011641,6.221671999999998
60,-469083.25,48.24443,4.9500000000116415,10.461402
75,-469081.53,52.705666,6.669999999983702,14.922638
90,-469080.75,55.360554,7.4500000000116415,17.577526
105,-469081.97,52.25878,6.230000000039581,14.475752
120,-469084.28,47.18452,3.919999999983702,9.401491999999998
135,-469086.4,42.636024,1.7999999999883585,4.852995999999997
150,-469087.8,39.365818,0.400000000023283,1.5827899999999957
165,-469088.2,37.783978,0,0.0009499999999960096
180,-469087.5,38.087883,0.7000000000116415,0.3048549999999963
-165,-442780.8,-17.782612,0.6400000000139698,1.4667570000000012
-150,-442781.1,-18.41034,0.3400000000256113,0.839029
-135,-442781.3,-18.958204,0.1400000000139698,0.291165000000003
-120,-442781.44,-19.247223,0,0.002145999999999759
-105,-442781.28,-19.118097,0.1599999999743886,0.13127200000000272
-90,-442780.62,-18.500523,0.8200000000069849,0.7488460000000003
-75,-442781.28,-19.1151,0.1599999999743886,0.13426899999999975
-60,-442781.4,-19.249369,0.0399999999790452,0
-45,-442781.28,-18.918104,0.1599999999743886,0.3312650000000019
-30,-442781.06,-18.36715,0.3800000000046566,0.8822190000000028
-15,-442780.72,-17.766535,0.720000000030268,1.4828340000000004
0,-442780.4,-17.256197,1.0399999999790452,1.9931720000000013
15,-442780.72,-17.766537,0.720000000030268,1.482832000000002
30,-442781.06,-18.353148,0.3800000000046566,0.8962210000000006
45,-442781.28,-18.918074,0.1599999999743886,0.3312950000000008
60,-442781.4,-19.244902,0.0399999999790452,0.004467000000001775
75,-442781.28,-19.11531,0.1599999999743886,0.1340590000000006
90,-442780.62,-18.488825,0.8200000000069849,0.760544000000003
105,-442781.28,-19.118223,0.1599999999743886,0.1311460000000011
120,-442781.44,-19.249142,0,0.0002270000000024197
135,-442781.3,-18.959444,0.1400000000139698,0.2899250000000002
150,-442781.1,-18.417933,0.3400000000256113,0.8314360000000001
165,-442780.8,-17.795155,0.6400000000139698,1.4542140000000003
180,-442780.44,-17.253992,1,1.9953770000000013
-165,-358815.16,-8.632285,1.6800000000512227,1.9336420000000007
-150,-358815.1,-8.883739,1.7400000000488944,1.682188
-135,-358815.25,-8.822351,1.5900000000256114,1.743576000000001
-120,-358815.62,-9.446204,1.220000000030268,1.1197230000000005
-105,-358816.06,-10.170427,0.7800000000279397,0.3955000000000002
-90,-358816.53,-10.546203,0.3099999999976717,0.019724000000000075
-75,-358816.84,-10.565927,0,0
-60,-358816.75,-10.386699,0.0900000000256113,0.17922800000000016
-45,-358816.28,-10.15471,0.5599999999976717,0.4112170000000006
-30,-358815.6,-9.945808,1.2400000000488944,0.6201190000000008
-15,-358814.9,-9.832877,1.9400000000023283,0.7330500000000004
0,-358814.62,-9.80963,2.220000000030268,0.756297
15,-358814.9,-9.828672,1.9400000000023283,0.7372550000000011
30,-358815.6,-9.935484,1.2400000000488944,0.6304429999999996
45,-358816.3,-10.150526,0.5400000000372529,0.415401000000001
60,-358816.75,-10.387139,0.0900000000256113,0.17878800000000084
75,-358816.84,-10.562121,0,0.0038060000000008642
90,-358816.53,-10.546203,0.3099999999976717,0.019724000000000075
105,-358816.06,-10.170425,0.7800000000279397,0.39550200000000046
120,-358815.62,-9.44659,1.220000000030268,1.1193369999999998
135,-358815.25,-8.831062,1.5900000000256114,1.734865000000001
150,-358815.1,-8.867899,1.7400000000488944,1.6980280000000008
165,-358815.16,-8.636194,1.6800000000512227,1.9297330000000006
180,-358815.2,-8.586579,1.6400000000139698,1.9793479999999999
-165,-403482.3,-60.727615,0.0800000000162981,1.8835910000000027
-150,-403482,-62.171288,0.3800000000046566,0.4399180000000058
-135,-403481.2,-62.60421,1.179999999993015,0.00699600000000089
-120,-403480.03,-62.196,2.349999999976717,0.41520600000000485
-105,-403478.97,-61.572105,3.4100000000325963,1.0391010000000023
-90,-403478.47,-61.25967,3.910000000032596,1.351536000000003
-75,-403478.94,-61.60638,3.4400000000023283,1.0048260000000013
-60,-403480.03,-62.240536,2.349999999976717,0.37067000000000405
-45,-403481.16,-62.611206,1.220000000030268,0
-30,-403481.97,-62.183304,0.4100000000325963,0.4279020000000031
-15,-403482.3,-60.751793,0.0800000000162981,1.8594130000000035
0,-403482.38,-59.732346,0,2.878860000000003
15,-403482.3,-60.751793,0.0800000000162981,1.8594130000000035
30,-403481.97,-62.183304,0.4100000000325963,0.4279020000000031
45,-403481.16,-62.611206,1.220000000030268,0
60,-403480.03,-62.237385,2.349999999976717,0.3738209999999995
75,-403478.94,-61.60638,3.4400000000023283,1.0048260000000013
90,-403478.47,-61.25967,3.910000000032596,1.351536000000003
105,-403478.97,-61.572105,3.4100000000325963,1.0391010000000023
120,-403480.03,-62.196,2.349999999976717,0.41520600000000485
135,-403481.2,-62.59675,1.179999999993015,0.014456000000002689
150,-403482,-62.171246,0.3800000000046566,0.43996000000000635
165,-403482.3,-60.727615,0.0800000000162981,1.8835910000000027
180,-403482.38,-59.73533,0,2.875876000000005
-165,-488240.72,4.3171163,0.3400000000256113,2.3762670000000004
-150,-488240.44,9.763628,0.6199999999953434,7.822778700000001
-135,-488239.72,16.872852,1.3400000000256114,14.932002700000002
-120,-488238.66,24.903584,2.400000000023283,22.9627347
-105,-488237.7,32.59781,3.35999999998603,30.656960700000003
-90,-488237.25,36.849747,3.809999999997672,34.9088977
-75,-488237.72,33.997,3.340000000025612,32.0561507
-60,-488238.75,27.24987,2.309999999997672,25.3090207
-45,-488239.84,20.139818,1.2199999999720603,18.1989687
-30,-488240.6,13.860111,0.4600000000209547,11.9192617
-15,-488240.97,9.303165,0.0900000000256113,7.3623157
0,-488241.06,7.51568,0,5.5748307
15,-488240.97,9.303166,0.0900000000256113,7.362316699999999
30,-488240.6,13.860113,0.4600000000209547,11.9192637
45,-488239.84,20.140467,1.2199999999720603,18.1996177
60,-488238.75,27.249681,2.309999999997672,25.3088317
75,-488237.72,33.976936,3.340000000025612,32.0360867
90,-488237.25,36.849747,3.809999999997672,34.9088977
105,-488237.7,32.5978,3.35999999998603,30.6569507
120,-488238.66,24.903576,2.400000000023283,22.9627267
135,-488239.72,16.872849,1.3400000000256114,14.931999699999999
150,-488240.44,9.766627,0.6199999999953434,7.8257777
165,-488240.72,4.3171163,0.3400000000256113,2.3762670000000004
180,-488240.78,1.9408493,0.279999999969732,0
-165,-383475.88,-5.507106,0.3200000000069849,0.2752983999999996
-150,-383475.1,-4.8729663,1.1000000000349246,0.9094381
-135,-383474.1,-4.192546,2.1000000000349246,1.5898583999999998
-120,-383473.75,-3.34876,2.450000000011641,2.4336444
-105,-383474.62,-3.845682,1.580000000016298,1.9367223999999998
-90,-383475.4,-4.463561,0.7999999999883585,1.3188433999999996
-75,-383475.44,-5.3451133,0.7600000000093132,0.4372910999999995
-60,-383474.9,-5.528734,1.2999999999883585,0.25367039999999985
-45,-383473.7,-4.819268,2.5,0.9631363999999998
-30,-383472.06,-3.383846,4.14000000001397,2.3985583999999998
-15,-383470.56,-1.9065922,5.64000000001397,3.8758122
0,-383469.66,-1.1533277,6.540000000037253,4.6290767
15,-383470.56,-1.9046034,5.64000000001397,3.877801
30,-383472.03,-3.3940382,4.169999999983702,2.3883662
45,-383473.7,-4.830017,2.5,0.9523874000000001
60,-383474.9,-5.528074,1.2999999999883585,0.25433039999999973
75,-383475.44,-5.3435745,0.7600000000093132,0.4388299
90,-383475.4,-4.486575,0.7999999999883585,1.2958293999999997
105,-383474.62,-3.847025,1.580000000016298,1.9353794
120,-383473.75,-3.3488293,2.450000000011641,2.4335751
135,-383474.1,-4.191359,2.1000000000349246,1.5910453999999996
150,-383475.1,-4.8767123,1.1000000000349246,0.9056920999999996
165,-383475.88,-5.5280623,0.3200000000069849,0.2543420999999997
180,-383476.2,-5.7824044,0,0
-165,-646230.9,13.093848,6.349999999976717,9.4262827
-150,-646232.8,11.794761,4.449999999953434,8.1271957
-135,-646234.8,10.5491705,2.449999999953434,6.881605200000001
-120,-646236.25,9.636621,1,5.9690557
-105,-646237,9.337769,0.25,5.6702037
-90,-646237.25,8.768164,0,5.100598700000001
-75,-646237.1,7.617279,0.150000000023283,3.9497136999999998
-60,-646236.7,6.2620115,0.5500000000465661,2.5944461999999997
-45,-646236.1,5.096013,1.150000000023283,1.4284477
-30,-646235.6,4.328578,1.650000000023283,0.6610127000000001
-15,-646235.25,3.901879,2,0.23431369999999996
0,-646235.06,3.6675653,2.1899999999441206,0
15,-646235.25,3.8998547,2,0.23228939999999998
30,-646235.6,4.323861,1.650000000023283,0.6562956999999998
45,-646236.1,5.09718,1.150000000023283,1.4296146999999997
60,-646236.7,6.2620125,0.5500000000465661,2.5944472
75,-646237.1,7.617281,0.150000000023283,3.9497157
90,-646237.25,8.768295,0,5.1007297000000005
105,-646237,9.339003,0.25,5.6714377
120,-646236.25,9.634994,1,5.967428700000001
135,-646234.8,10.55019,2.449999999953434,6.882624700000001
150,-646232.8,11.794763,4.449999999953434,8.1271977
165,-646230.9,13.093851,6.349999999976717,9.426285700000001
180,-646230,13.523436,7.25,9.8558707
-165,-502585.06,-20.820734,2.470000000030268,1.6358599999999974
-150,-502584.7,-20.20895,2.830000000016298,2.2476439999999975
-135,-502583.78,-19.48279,3.75,2.9738039999999977
-120,-502584.75,-20.220253,2.78000000002794,2.2363409999999995
-105,-502584.8,-19.206795,2.730000000039581,3.2497989999999994
-90,-502584.28,-17.251398,3.25,5.205196000000001
-75,-502583.16,-14.67098,4.370000000053551,7.785613999999999
-60,-502581.8,-12.391627,5.730000000039581,10.064967
-45,-502581.06,-11.209979,6.470000000030268,11.246614999999998
-30,-502581.72,-12.23603,5.810000000055879,10.220564
-15,-502582.3,-13.835122,5.230000000039581,8.621471999999999
0,-502582.9,-15.09923,4.630000000004657,7.357363999999999
15,-502583.6,-15.754491,3.930000000051223,6.702102999999999
30,-502584.22,-15.952436,3.31000000005588,6.5041579999999986
45,-502584.78,-16.09794,2.75,6.358653999999998
60,-502585.56,-16.758493,1.970000000030268,5.698100999999998
75,-502586.66,-18.430996,0.870000000053551,4.025597999999999
90,-502587.47,-20.469845,0.0600000000558793,1.9867489999999997
105,-502587.53,-21.978247,0,0.4783469999999994
120,-502586.8,-22.456594,0.7300000000395812,0
135,-502585.6,-22.123379,1.9300000000512227,0.33321499999999915
150,-502584.25,-20.953415,3.28000000002794,1.5031789999999994
165,-502584.34,-20.596527,3.1900000000023283,1.8600670000000008
180,-502584.84,-21.130114,2.6900000000023283,1.32648
-165,-452802.06,61.395496,4.239999999990687,5.437888999999998
-150,-452802.03,60.983376,4.269999999960419,5.025768999999997
-135,-452801.94,60.528107,4.35999999998603,4.570499999999996
-120,-452802.1,60.250107,4.2000000000116415,4.292499999999997
-105,-452802.9,59.60009,3.3999999999650754,3.6424829999999986
-90,-452803.78,58.720665,2.519999999960419,2.763057999999994
-75,-452804.4,58.0846,1.8999999999650756,2.126992999999999
-60,-452806.3,57.095734,0,1.1381269999999972
-45,-452805.72,56.413994,0.5800000000162981,0.45638699999999943
-30,-452804.9,55.979694,1.3999999999650754,0.02208699999999908
-15,-452803.97,55.957607,2.330000000016298,0
0,-452803.3,56.098717,3,0.14110999999999763
15,-452803.97,55.964447,2.330000000016298,0.006839999999996849
30,-452804.9,55.9861,1.3999999999650754,0.028492999999997437
45,-452805.72,56.421875,0.5800000000162981,0.464267999999997
60,-452806.3,57.10743,0,1.1498229999999978
75,-452804.4,58.091194,1.8999999999650756,2.1335869999999986
90,-452803.78,58.71265,2.519999999960419,2.7550429999999935
105,-452802.9,59.603306,3.3999999999650754,3.6456990000000005
120,-452802.1,60.250107,4.2000000000116415,4.292499999999997
135,-452801.94,60.535675,4.35999999998603,4.578067999999995
150,-452802.03,60.979633,4.269999999960419,5.022025999999997
165,-452802.06,61.39071,4.239999999990687,5.433102999999996
180,-452802.03,61.655247,4.269999999960419,5.69764
-165,-350144.78,-18.375378,0.0999999999767169,0
-150,-350144.88,-18.017588,0,0.3577900000000014
-135,-350144.66,-16.848534,0.2200000000302679,1.5268440000000005
-120,-350144.1,-15.323856,0.7800000000279397,3.051522000000002
-105,-350143.3,-13.676279,1.580000000016298,4.699099000000002
-90,-350142.5,-12.323928,2.3800000000046566,6.051450000000001
-75,-350143.47,-13.853303,1.4100000000325963,4.522075000000001
-60,-350144.28,-15.59769,0.5999999999767169,2.7776880000000013
-45,-350144.75,-17.149107,0.1300000000046566,1.2262710000000006
-30,-350144.88,-18.18557,0,0.18980800000000286
-15,-350144.72,-18.326445,0.1600000000325963,0.04893300000000167
0,-350144.3,-17.478907,0.5800000000162981,0.8964710000000018
15,-350144.72,-18.32804,0.1600000000325963,0.04733799999999988
30,-350144.88,-18.185568,0,0.18981000000000137
45,-350144.75,-17.149103,0.1300000000046566,1.2262750000000011
60,-350144.28,-15.597693,0.5999999999767169,2.7776850000000017
75,-350143.47,-13.8533,1.4100000000325963,4.5220780000000005
90,-350142.5,-12.323927,2.3800000000046566,6.051451000000002
105,-350143.3,-13.693147,1.580000000016298,4.682231000000002
120,-350144.1,-15.296001,0.7800000000279397,3.079377000000001
135,-350144.66,-16.848534,0.2200000000302679,1.5268440000000005
150,-350144.88,-18.017593,0,0.3577849999999998
165,-350144.78,-18.374197,0.0999999999767169,0.0011810000000025411
180,-350144.34,-17.589027,0.5399999999790452,0.7863509999999998
-165,-446083.88,-18.262594,0.5200000000186265,0.7378280000000004
-150,-446082.28,-16.300909,2.1199999999953434,2.6995129999999996
-135,-446080,-13.100807,4.400000000023283,5.899615000000001
-120,-446077.66,-10.084025,6.740000000048894,8.916397
-105,-446075.56,-7.244329,8.840000000025611,11.756093
-90,-446073.44,-3.9154286,10.960000000020957,15.0849934
-75,-446072.16,-1.1391003,12.240000000048894,17.8613217
-60,-446070,-1.8958285,14.400000000023285,17.1045935
-45,-446070.6,1.3771743,13.800000000046566,20.3775963
-30,-446071.34,2.1001396,13.059999999997672,21.1005616
-15,-446071.22,2.3457956,13.180000000051225,21.3462176
0,-446070.34,3.6281965,14.059999999997672,22.6286185
15,-446068.88,5.588728,15.520000000018626,24.58915
30,-446074.7,-3.7809863,9.700000000011642,15.2194357
45,-446075.22,-4.88989,9.180000000051225,14.110532
60,-446075.22,-6.004726,9.180000000051225,12.995696
75,-446075.53,-7.3415055,8.869999999995343,11.6589165
90,-446076.34,-8.409041,8.059999999997672,10.591381
105,-446077.25,-9.681184,7.150000000023283,9.319238
120,-446078.9,-11.732326,5.5,7.268096
135,-446081,-14.488528,3.400000000023283,4.511894
150,-446083.06,-17.211632,1.3400000000256114,1.7887899999999988
165,-446083.72,-18.401857,0.6800000000512227,0.5985650000000007
180,-446084.4,-19.000422,0,0
-165,-261817.78,-118.46036,12.820000000006983,8.314090000000007
-150,-261817.5,-116.60761,13.10000000000582,10.166840000000008
-135,-261816.81,-113.53042,13.790000000008147,13.244029999999995
-120,-261815.89,-109.4656,14.709999999991853,17.308850000000007
-105,-261817.39,-102.44269,13.209999999991853,24.331760000000003
-90,-261819.42,-105.395454,11.179999999993017,21.378996
-75,-261822.22,-109.21566,8.380000000004657,17.558790000000002
-60,-261825.33,-113.73536,5.2700000000186265,13.039090000000002
-45,-261827.86,-118.51039,2.7400000000197906,8.26406
-30,-261829.5,-122.753075,1.1000000000058208,4.021375000000006
-15,-261830.36,-125.63506,0.2400000000197906,1.139390000000006
0,-261830.6,-126.77445,0,0
15,-261830.36,-125.52254,0.2400000000197906,1.2519099999999952
30,-261829.5,-122.731316,1.1000000000058208,4.043133999999995
45,-261827.84,-118.46999,2.760000000009313,8.304460000000006
60,-261825.33,-113.74483,5.2700000000186265,13.029620000000008
75,-261822.22,-109.27111,8.380000000004657,17.50334000000001
90,-261819.42,-105.42448,11.179999999993017,21.34997
105,-261817.39,-102.4508,13.209999999991853,24.32365
120,-261816.11,-102.30581,14.49000000001979,24.468640000000008
135,-261816.81,-113.530785,13.790000000008147,13.243665000000007
150,-261817.5,-116.60689,13.10000000000582,10.167559999999995
165,-261817.78,-118.5005,12.820000000006983,8.27395
180,-261817.38,-121.92598,13.220000000001164,4.848470000000006
-165,-397330.22,7.8735824,6.880000000004657,2.6761084000000004
-150,-397332.3,6.6669364,4.799999999988359,1.4694624000000003
-135,-397334.3,5.842757,2.7999999999883585,0.645283
-120,-397335.8,5.609648,1.2999999999883585,0.41217400000000026
-105,-397336.66,5.6183605,0.4400000000023283,0.42088649999999994
-90,-397337.03,5.5917273,0.0699999999487772,0.3942532999999999
-75,-397337.1,5.4258547,0,0.22838070000000066
-60,-397337,5.2137756,0.0999999999767169,0.01630160000000025
-45,-397336.78,5.2057576,0.3199999999487772,0.00828360000000039
-30,-397336.47,5.479792,0.6300000000046566,0.28231800000000007
-15,-397336.1,6.031872,1,0.8343980000000002
0,-397335.84,6.5447674,1.2599999999511056,1.3472933999999999
15,-397336.1,6.028896,1,0.8314219999999999
30,-397336.47,5.4906797,0.6300000000046566,0.29320570000000057
45,-397336.78,5.197474,0.3199999999487772,0
60,-397337,5.214038,0.0999999999767169,0.01656400000000069
75,-397337.1,5.4260206,0,0.2285466000000005
90,-397337.03,5.5722694,0.0699999999487772,0.3747954
105,-397336.66,5.613822,0.4400000000023283,0.41634800000000016
120,-397335.8,5.603903,1.2999999999883585,0.40642900000000015
135,-397334.3,5.8529973,2.7999999999883585,0.6555233000000005
150,-397332.3,6.666462,4.799999999988359,1.4689880000000004
165,-397330.22,7.868931,6.880000000004657,2.671457
180,-397328.88,8.712648,8.21999999997206,3.515174
-165,-503083.25,-79.47988,2.4699999999720603,4.679765000000003
-150,-503084.16,-79.67629,1.5599999999976717,4.483355000000003
-135,-503085.03,-80.58098,0.6899999999441206,3.578665000000001
-120,-503085.62,-81.15974,0.0999999999767169,2.9999049999999983
-105,-503085.7,-81.07209,0.0199999999604187,3.0875549999999947
-90,-503085.34,-80.56325,0.3799999999464489,3.596395000000001
-75,-503085.72,-80.95234,0,3.207304999999991
-60,-503085.53,-81.585236,0.1899999999441206,2.574409000000003
-45,-503084.5,-81.42661,1.2199999999720603,2.733035000000001
-30,-503083.22,-80.984924,2.5,3.174720999999991
-15,-503082.3,-80.591194,3.419999999983702,3.568450999999996
0,-503082.22,-80.807686,3.5,3.3519589999999937
15,-503082.3,-80.58918,3.419999999983702,3.5704649999999987
30,-503083.22,-80.96529,2.5,3.1943550000000016
45,-503084.5,-81.43762,1.2199999999720603,2.722025000000002
60,-503085.53,-81.57307,0.1899999999441206,2.5865749999999963
75,-503085.72,-80.95116,0,3.208484999999996
90,-503085.34,-80.56204,0.3799999999464489,3.5976050000000015
105,-503085.7,-81.101006,0.0199999999604187,3.0586389999999994
120,-503085.62,-81.15974,0.0999999999767169,2.9999049999999983
135,-503085.03,-80.57366,0.6899999999441206,3.5859849999999938
150,-503084.16,-79.6591,1.5599999999976717,4.5005450000000025
165,-503083.25,-79.521965,2.4699999999720603,4.637680000000003
180,-503083.03,-84.159645,2.6899999999441206,0
-165,-358805.75,20.224867,1.2199999999720603,0.03817199999999943
-150,-358806.34,20.33239,0.629999999946449,0.1456949999999999
-135,-358806.75,20.603058,0.2199999999720603,0.4163630000000005
-120,-358806.94,20.93435,0.029999999969732,0.7476549999999982
-105,-358806.97,21.141068,0,0.9543730000000004
-90,-358806.8,21.095379,0.1699999999837018,0.9086840000000009
-75,-358806.56,20.775421,0.4099999999743886,0.5887260000000012
-60,-358806.16,20.47917,0.8099999999976717,0.2924749999999996
-45,-358805.47,20.473629,1.5,0.2869339999999987
-30,-358804.47,20.945742,2.5,0.7590469999999989
-15,-358803.4,21.535969,3.5699999999487773,1.3492740000000012
0,-358802.72,21.752787,4.25,1.5660920000000011
15,-358803.4,21.529827,3.5699999999487773,1.3431320000000007
30,-358804.47,20.933495,2.5,0.7468000000000004
45,-358805.47,20.492374,1.5,0.30567900000000137
60,-358806.16,20.471987,0.8099999999976717,0.2852919999999983
75,-358806.56,20.774286,0.4099999999743886,0.5875909999999998
90,-358806.8,21.097137,0.1699999999837018,0.9104419999999998
105,-358806.97,21.136948,0,0.950253
120,-358806.94,20.931894,0.029999999969732,0.7451989999999995
135,-358806.75,20.603647,0.2199999999720603,0.41695199999999843
150,-358806.34,20.325829,0.629999999946449,0.13913399999999854
165,-358805.75,20.226234,1.2199999999720603,0.03953900000000132
180,-358805.06,20.186695,1.9099999999743889,0
-165,-512443.6,-20.587307,0.2800000000279397,0.1293350000000011
-150,-512442.47,-19.542286,1.4100000000325963,1.1743559999999995
-135,-512441.47,-18.52758,2.4100000000325963,2.189062
-120,-512441.03,-18.13098,2.849999999976717,2.5856619999999992
-105,-512441.47,-18.645626,2.4100000000325963,2.071016
-90,-512442.47,-19.638254,1.4100000000325963,1.0783880000000003
-75,-512443.56,-20.612843,0.3200000000069849,0.10379899999999864
-60,-512443.88,-20.706753,0,0.009889000000001147
-45,-512443.6,-20.55966,0.2800000000279397,0.1569819999999993
-30,-512442.44,-19.51939,1.4400000000023283,1.1972519999999989
-15,-512441.47,-18.521706,2.4100000000325963,2.194936000000002
0,-512441,-18.063702,2.8800000000046566,2.652940000000001
15,-512441.47,-18.521326,2.4100000000325963,2.195316000000002
30,-512442.4,-19.50557,1.4799999999813735,1.2110720000000015
45,-512443.6,-20.565594,0.2800000000279397,0.1510479999999994
60,-512443.88,-20.703465,0,0.013176999999998884
75,-512443.56,-20.613914,0.3200000000069849,0.10272799999999904
90,-512442.47,-19.615608,1.4100000000325963,1.1010339999999985
105,-512441.5,-18.633684,2.3800000000046566,2.0829580000000014
120,-512441.03,-18.102985,2.849999999976717,2.613657
135,-512441.47,-18.5309,2.4100000000325963,2.185742000000001
150,-512442.47,-19.548306,1.4100000000325963,1.168336
165,-512443.6,-20.583265,0.2800000000279397,0.1333769999999994
180,-512443.84,-20.716642,0.0399999999790452,0
-165,-374813.47,-4.670783,0.3100000000558793,1.3719197000000003
-150,-374812.62,-5.454303,1.1600000000325963,0.5883997000000001
-135,-374812.06,-6.04236,1.720000000030268,0.0003427000000000291
-120,-374811.66,-5.4920053,2.120000000053551,0.5506974000000007
-105,-374812.2,-2.9337788,1.580000000016298,3.1089239000000006
-90,-374812.12,-3.8802671,1.6600000000325963,2.1624356000000002
-75,-374811.53,-3.21589,2.25,2.8268127000000005
-60,-374812.22,-2.7662985,1.5600000000558794,3.2764042000000004
-45,-374811.06,-2.208069,2.720000000030268,3.8346337000000004
-30,-374809.16,-1.5736136,4.620000000053551,4.469089100000001
-15,-374807.16,-0.89923567,6.620000000053551,5.14346703
0,-374805.62,-0.18103492,8.160000000032596,5.86166778
15,-374807.12,-0.88202053,6.660000000032596,5.16068217
30,-374809.16,-1.5736119,4.620000000053551,4.4690908
45,-374811.06,-2.2084358,2.720000000030268,3.8342669000000003
60,-374812.22,-2.783529,1.5600000000558794,3.2591737000000003
75,-374812.44,-3.3685439,1.3400000000256114,2.6741588000000003
90,-374812.88,-2.754157,0.9000000000232831,3.2885457000000002
105,-374812.2,-2.944054,1.580000000016298,3.0986487000000005
120,-374811.66,-5.484084,2.120000000053551,0.5586187000000002
135,-374812.06,-6.0427027,1.720000000030268,0
150,-374812.62,-5.454302,1.1600000000325963,0.5884007000000002
165,-374813.47,-4.6699753,0.3100000000558793,1.3727274000000005
180,-374813.78,-4.397286,0,1.6454167000000002
-165,-443939.38,28.57236,11.179999999993017,15.686974
-150,-443939.72,28.457592,10.840000000025611,15.572206000000001
-135,-443939.7,28.175781,10.85999999998603,15.290395
-120,-443939.4,27.95923,11.159999999974389,15.073844000000001
-105,-443939.12,27.860626,11.440000000002328,14.97524
-90,-443939.2,27.505054,11.35999999998603,14.619668
-75,-443940.06,26.246347,10.5,13.360961
-60,-443941.9,23.978832,8.659999999974389,11.093446
-45,-443944.38,21.301838,6.179999999993015,8.416452
-30,-443946.72,18.859491,3.8400000000256114,5.974104999999998
-15,-443949.22,17.913702,1.3400000000256114,5.028316
0,-443950.56,12.885386,0,0
15,-443950.38,13.78753,0.179999999993015,0.9021439999999998
30,-443948.97,15.643093,1.5900000000256114,2.757707
45,-443946.6,18.253569,3.9600000000209543,5.368182999999998
60,-443943.84,21.363441,6.71999999997206,8.478055000000001
75,-443941.66,24.4109,8.900000000023283,11.525514000000001
90,-443940.84,25.881199,9.71999999997206,12.995812999999998
105,-443941,26.114899,9.559999999997672,13.229513
120,-443941.2,26.451265,9.35999999998603,13.565878999999999
135,-443940.94,27.267023,9.619999999995343,14.381636999999998
150,-443940.25,28.470829,10.309999999997672,15.585442999999998
165,-443939.28,29.67217,11.279999999969732,16.786784
180,-443938.7,28.633692,11.85999999998603,15.748306
-165,-479159.16,-45.287075,9.14000000001397,13.881554999999999
-150,-479163.22,-52.17848,5.080000000016298,6.99015
-135,-479166,-56.095955,2.2999999999883585,3.072675000000004
-120,-479167.53,-58.166107,0.7699999999604188,1.0025230000000036
-105,-479168.2,-58.989838,0.0999999999767169,0.1787920000000014
-90,-479168.3,-59.16863,0,0
-75,-479168.16,-58.943584,0.1400000000139698,0.22504599999999897
-60,-479167.44,-57.93588,0.8599999999860302,1.232750000000003
-45,-479165.75,-55.584114,2.5499999999883585,3.5845160000000007
-30,-479162.84,-51.349945,5.459999999962747,7.818685000000002
-15,-479158.72,-44.436535,9.580000000016298,14.732095000000001
0,-479154,-34.270496,14.299999999988358,24.898134
15,-479158.75,-44.418392,9.549999999988358,14.750238000000003
30,-479162.84,-51.345394,5.459999999962747,7.823236000000001
45,-479165.75,-55.569965,2.5499999999883585,3.598664999999997
60,-479167.44,-57.937607,0.8599999999860302,1.2310230000000004
75,-479168.16,-58.950405,0.1400000000139698,0.21822499999999678
90,-479168.3,-59.16863,0,0
105,-479168.2,-58.9819,0.0999999999767169,0.18672999999999718
120,-479167.53,-58.166306,0.7699999999604188,1.0023240000000015
135,-479166,-56.093044,2.2999999999883585,3.0755860000000013
150,-479163.22,-52.176086,5.080000000016298,6.992544000000002
165,-479159.16,-45.3155,9.14000000001397,13.85313
180,-479154.78,-35.86409,13.51999999996042,23.304540000000003
-165,-218981.64,11.619758,1.889999999984866,2.963638999999999
-150,-218982.56,11.026923,0.9700000000011642,2.3708039999999997
-135,-218983.3,10.255683,0.2300000000104773,1.599563999999999
-120,-218983.53,9.80592,0,1.149801
-105,-218983.11,9.955376,0.4200000000128057,1.299256999999999
-90,-218982,10.726564,1.5299999999988358,2.0704449999999994
-75,-218980.83,10.365404,2.700000000011641,1.7092849999999995
-60,-218980.56,10.316301,2.970000000001164,1.660181999999999
-45,-218981.11,9.968311,2.4200000000128057,1.3121919999999996
-30,-218982,9.4029,1.5299999999988358,0.7467810000000004
-15,-218982.72,8.872293,0.8099999999976717,0.21617400000000053
0,-218982.98,8.656119,0.5499999999883585,0
15,-218982.72,8.872319,0.8099999999976717,0.21619999999999884
30,-218982,9.403081,1.5299999999988358,0.7469619999999999
45,-218981.11,9.968311,2.4200000000128057,1.3121919999999996
60,-218980.56,10.316304,2.970000000001164,1.6601850000000002
75,-218980.83,10.365603,2.700000000011641,1.7094839999999998
90,-218982,10.728774,1.5299999999988358,2.0726549999999992
105,-218983.11,9.95538,0.4200000000128057,1.2992609999999996
120,-218983.53,9.805919,0,1.149799999999999
135,-218983.3,10.255682,0.2300000000104773,1.5995629999999998
150,-218982.56,11.026925,0.9700000000011642,2.370806
165,-218981.64,11.619157,1.889999999984866,2.963037999999999
180,-218981.14,11.624606,2.389999999984866,2.9684869999999997
-165,-685735.2,13.127725,0.0500000000465661,0.23312299999999908
-150,-685734.9,12.895871,0.3499999999767169,0.0012689999999988544
-135,-685734.44,12.982791,0.8100000000558794,0.08818899999999985
-120,-685734,13.403258,1.25,0.5086559999999984
-105,-685733.75,13.985596,1.5,1.0909939999999985
-90,-685733.6,14.191696,1.650000000023283,1.2970939999999995
-75,-685733.5,13.97832,1.75,1.0837179999999993
-60,-685732.94,13.892823,2.31000000005588,0.9982209999999991
-45,-685731.75,14.306515,3.5,1.4119129999999984
-30,-685730.3,15.812014,4.949999999953434,2.917411999999999
-15,-685729.2,17.05195,6.050000000046566,4.157348000000001
0,-685728.56,17.730366,6.689999999944121,4.835763999999999
15,-685729.2,17.048187,6.050000000046566,4.153584999999998
30,-685730.3,15.812014,4.949999999953434,2.917411999999999
45,-685731.75,14.306493,3.5,1.411890999999999
60,-685732.94,13.891594,2.31000000005588,0.9969919999999988
75,-685733.5,13.978316,1.75,1.0837139999999987
90,-685733.6,14.191692,1.650000000023283,1.297089999999999
105,-685733.75,13.984896,1.5,1.090294
120,-685734,13.405256,1.25,0.5106539999999988
135,-685734.44,12.982878,0.8100000000558794,0.08827599999999869
150,-685734.9,12.894602,0.3499999999767169,0
165,-685735.2,13.127728,0.0500000000465661,0.2331259999999986
180,-685735.25,13.380998,0,0.48639599999999916
-165,-618010.9,-43.35906,0,0.006556000000003337
-150,-618010.75,-43.290695,0.150000000023283,0.07492100000000335
-135,-618010,-42.516426,0.9000000000232831,0.8491900000000001
-120,-618008.75,-41.220108,2.150000000023283,2.1455079999999995
-105,-618007.5,-39.939735,3.400000000023283,3.425881000000004
-90,-618007,-39.354797,3.900000000023283,4.010819000000005
-75,-618007.6,-39.96508,3.300000000046566,3.4005360000000024
-60,-618008.9,-41.301964,2,2.0636520000000047
-45,-618010.1,-42.634365,0.8000000000465661,0.7312510000000003
-30,-618010.8,-43.35168,0.0999999999767169,0.013936000000001059
-15,-618010.8,-43.339237,0.0999999999767169,0.026379000000005703
0,-618010.7,-43.11876,0.2000000000698492,0.24685600000000107
15,-618010.8,-43.33924,0.0999999999767169,0.026376000000006172
30,-618010.8,-43.336414,0.0999999999767169,0.029202000000005057
45,-618010.1,-42.634365,0.8000000000465661,0.7312510000000003
60,-618008.9,-41.301964,2,2.0636520000000047
75,-618007.6,-39.960327,3.300000000046566,3.4052890000000033
90,-618007,-39.354797,3.900000000023283,4.010819000000005
105,-618007.5,-39.93974,3.400000000023283,3.4258760000000024
120,-618008.75,-41.22011,2.150000000023283,2.1455060000000046
135,-618010,-42.52023,0.9000000000232831,0.8453860000000049
150,-618010.75,-43.292965,0.150000000023283,0.07265100000000047
165,-618010.9,-43.365616,0,0
180,-618010.7,-43.11186,0.2000000000698492,0.25375600000000276
-165,-454275.94,-20.195463,0.4600000000209547,0.3884270000000001
-150,-454276.4,-19.963268,0,0.6206220000000009
-135,-454276.2,-19.309904,0.2000000000116415,1.2739860000000007
-120,-454275.3,-18.15248,1.1000000000349246,2.4314099999999996
-105,-454274.22,-16.933197,2.1800000000512227,3.6506930000000004
-90,-454273.7,-16.385847,2.700000000011641,4.198043000000002
-75,-454274.2,-16.9079,2.200000000011641,3.6759899999999988
-60,-454275.28,-18.095932,1.1199999999953434,2.487957999999999
-45,-454276.16,-19.25342,0.2400000000488944,1.3304700000000018
-30,-454276.4,-19.975729,0,0.6081609999999991
-15,-454275.94,-20.236025,0.4600000000209547,0.34786499999999876
0,-454275.38,-20.58389,1.0200000000186265,0
15,-454275.94,-20.235441,0.4600000000209547,0.3484489999999987
30,-454276.4,-19.97573,0,0.6081600000000016
45,-454276.16,-19.261246,0.2400000000488944,1.3226440000000004
60,-454275.28,-18.095932,1.1199999999953434,2.487957999999999
75,-454274.2,-16.908442,2.200000000011641,3.6754479999999994
90,-454273.7,-16.38585,2.700000000011641,4.198039999999999
105,-454274.22,-16.93074,2.1800000000512227,3.65315
120,-454275.3,-18.152481,1.1000000000349246,2.4314089999999986
135,-454276.2,-19.309906,0.2000000000116415,1.2739839999999987
150,-454276.4,-19.96327,0,0.6206199999999988
165,-454275.94,-20.17448,0.4600000000209547,0.40941000000000116
180,-454275.38,-20.582567,1.0200000000186265,0.001322999999999297
-165,-393413.34,37.721207,0.0399999999790452,0.4834669999999974
-150,-393413.03,37.25159,0.3499999999767169,0.01384999999999792
-135,-393412.25,37.65079,1.1300000000046566,0.41304999999999836
-120,-393411.06,38.680237,2.320000000006985,1.442496999999996
-105,-393409.94,39.77627,3.4400000000023283,2.5385299999999944
-90,-393409.44,40.23805,3.940000000002328,3.000309999999999
-75,-393409.97,39.71227,3.4100000000325963,2.4745299999999943
-60,-393411.1,38.616047,2.28000000002794,1.3783069999999995
-45,-393412.28,37.60751,1.099999999976717,0.3697699999999955
-30,-393413.06,37.23774,0.3200000000069849,0
-15,-393413.34,37.72471,0.0399999999790452,0.48696999999999946
0,-393413.38,38.21823,0,0.9804899999999961
15,-393413.34,37.728973,0.0399999999790452,0.49123300000000114
30,-393413.06,37.23774,0.3200000000069849,0
45,-393412.28,37.60751,1.099999999976717,0.3697699999999955
60,-393411.1,38.616055,2.28000000002794,1.3783150000000006
75,-393409.97,39.712265,3.4100000000325963,2.474525
90,-393409.44,40.237804,3.940000000002328,3.0000639999999947
105,-393409.94,39.77833,3.4400000000023283,2.5405899999999946
120,-393411.06,38.680317,2.320000000006985,1.442577
135,-393412.25,37.650795,1.1300000000046566,0.41305499999999995
150,-393413.03,37.251587,0.3499999999767169,0.013846999999998388
165,-393413.34,37.70582,0.0399999999790452,0.4680800000000005
180,-393413.38,38.221066,0,0.9833259999999981
-165,-366481.97,-199.06714,2.230000000039581,1.700540000000018
-150,-366481.38,-198.61865,2.820000000006985,2.1490300000000104
-135,-366479.88,-197.62735,4.320000000006985,3.140330000000006
-120,-366477.62,-196.01259,6.580000000016298,4.755090000000024
-105,-366475.56,-196.67615,8.64000000001397,4.091530000000006
-90,-366472.7,-194.83183,11.5,5.935850000000016
-75,-366475.94,-196.74657,8.260000000009313,4.0211100000000215
-60,-366477.97,-196.14961,6.230000000039581,4.618070000000017
-45,-366480.16,-197.73544,4.040000000037253,3.0322400000000016
-30,-366481.5,-198.65126,2.700000000011641,2.116420000000005
-15,-366481.97,-199.07277,2.230000000039581,1.6949100000000215
0,-366484.2,-200.76768,0,0
15,-366481.97,-199.07329,2.230000000039581,1.694390000000027
30,-366481.5,-198.65425,2.700000000011641,2.1134300000000223
45,-366480.16,-197.7319,4.040000000037253,3.035780000000017
60,-366477.97,-196.14784,6.230000000039581,4.619840000000011
75,-366475.94,-196.775,8.260000000009313,3.992680000000007
90,-366472.7,-194.83974,11.5,5.927940000000007
105,-366475.56,-196.65651,8.64000000001397,4.1111700000000155
120,-366477.62,-196.00412,6.580000000016298,4.7635600000000125
135,-366479.88,-197.62718,4.320000000006985,3.140500000000003
150,-366481.38,-198.61632,2.820000000006985,2.151360000000011
165,-366481.97,-199.06604,2.230000000039581,1.701640000000026
180,-366484.2,-200.75458,0,0.01310000000000855
-165,-509328.75,105.399414,0.4099999999743886,2.430228999999997
-150,-509327.62,109.98479,1.5399999999790452,7.015605000000008
-135,-509326.34,117.01481,2.8199999999487773,14.045625000000001
-120,-509324.28,124.957344,4.879999999946449,21.98815900000001
-105,-509322.88,132.39404,6.279999999969732,29.424854999999994
-90,-509322.34,135.58893,6.819999999948777,32.61974500000001
-75,-509323.06,131.54163,6.099999999976717,28.572445000000002
-60,-509324.56,123.786415,4.599999999976717,20.81723000000001
-45,-509326.16,115.76503,3,12.795845
-30,-509327.44,109.05957,1.7199999999720603,6.090384999999998
-15,-509328.2,104.544556,0.9599999999627472,1.575371000000004
0,-509328.44,102.969185,0.7199999999720603,0
15,-509328.2,104.544556,0.9599999999627472,1.575371000000004
30,-509327.44,109.05957,1.7199999999720603,6.090384999999998
45,-509326.16,115.75532,3,12.786135000000002
60,-509324.56,123.785934,4.599999999976717,20.816749
75,-509323.06,131.54254,6.099999999976717,28.573355000000006
90,-509322.34,135.58893,6.819999999948777,32.61974500000001
105,-509322.88,132.39583,6.279999999969732,29.426644999999994
120,-509324.28,124.95769,4.879999999946449,21.988505000000004
135,-509326.03,116.874084,3.129999999946449,13.904899
150,-509327.62,109.98477,1.5399999999790452,7.0155850000000015
165,-509328.75,105.399185,0.4099999999743886,2.430000000000007
180,-509329.16,103.81518,0,0.845995000000002
-165,-397218.94,4.5443974,0,0.12484940000000044
-150,-397218.78,4.419548,0.1599999999743886,0
-135,-397217.88,5.1847734,1.0599999999976717,0.7652254000000003
-120,-397216.34,6.6021347,2.599999999976717,2.1825867
-105,-397214.8,8.0169525,4.14000000001397,3.5974045000000006
-90,-397214.16,8.634034,4.78000000002794,4.214486
-75,-397214.8,8.009773,4.14000000001397,3.5902249999999993
-60,-397216.3,6.5961356,2.64000000001397,2.1765876000000004
-45,-397217.84,5.191807,1.099999999976717,0.772259
-30,-397218.78,4.425637,0.1599999999743886,0.006089000000000233
-15,-397218.94,4.5278187,0,0.10827070000000028
0,-397218.8,4.9074645,0.1400000000139698,0.48791649999999986
15,-397218.94,4.527817,0,0.10826899999999995
30,-397218.78,4.425644,0.1599999999743886,0.006096000000000323
45,-397217.84,5.191803,1.099999999976717,0.7722550000000004
60,-397216.3,6.604405,2.64000000001397,2.184857
75,-397214.8,8.009773,4.14000000001397,3.5902249999999993
90,-397214.16,8.633137,4.78000000002794,4.213589
105,-397214.8,8.016949,4.14000000001397,3.5974010000000005
120,-397216.34,6.6021366,2.599999999976717,2.1825886
135,-397217.88,5.1847734,1.0599999999976717,0.7652254000000003
150,-397218.78,4.419548,0.1599999999743886,0
165,-397218.94,4.5443993,0,0.12485130000000044
180,-397218.8,4.912317,0.1400000000139698,0.492769
-165,-372779.6,10.220586,0.4600000000209547,0.2524090000000001
-150,-372779,10.916837,1.0599999999976717,0.9486599999999985
-135,-372778.38,11.690073,1.679999999993015,1.7218959999999992
-120,-372778.47,13.04847,1.5900000000256114,3.0802929999999993
-105,-372779.03,12.237481,1.029999999969732,2.269304
-90,-372779.62,11.643943,0.4400000000023283,1.6757659999999994
-75,-372780.03,11.24991,0.029999999969732,1.2817329999999991
-60,-372779.7,11.765481,0.3599999999860301,1.7973039999999987
-45,-372778.62,12.844253,1.4400000000023283,2.8760759999999994
-30,-372777.3,14.1663885,2.760000000009313,4.198211499999999
-15,-372776.06,15.315306,4,5.347128999999999
0,-372775.47,15.870859,4.590000000025611,5.902681999999999
15,-372776.06,15.317133,4,5.348955999999999
30,-372777.28,14.157512,2.779999999969732,4.189335
45,-372778.62,12.845132,1.4400000000023283,2.876954999999999
60,-372779.7,11.76609,0.3599999999860301,1.7979129999999994
75,-372780.03,11.251474,0.029999999969732,1.2832969999999992
90,-372779.62,11.661512,0.4400000000023283,1.6933349999999994
105,-372779.03,12.218891,1.029999999969732,2.2507139999999985
120,-372778.5,13.052367,1.5599999999976717,3.0841899999999995
135,-372778.38,11.757783,1.679999999993015,1.7896059999999991
150,-372779,10.856262,1.0599999999976717,0.8880849999999985
165,-372779.44,10.56616,0.6199999999953434,0.5979829999999993
180,-372780.06,9.968177,0,0
-165,-476736.88,-91.64687,0,1.2192999999999898
-150,-476736.47,-92.66868,0.4100000000325963,0.19749000000000194
-135,-476735.38,-92.86309,1.5,0.003079999999997085
-120,-476733.9,-92.60339,2.979999999981373,0.26277999999999224
-105,-476732.62,-91.887146,4.260000000009313,0.9790239999999955
-90,-476732.2,-90.55277,4.679999999993015,2.3134000000000015
-75,-476732.88,-88.50368,4,4.362489999999994
-60,-476733.84,-85.983215,3.039999999979045,6.8829549999999955
-45,-476734.38,-83.66866,2.5,9.197509999999994
-30,-476734.28,-82.7011,2.599999999976717,10.16507
-15,-476733.9,-83.90297,2.979999999981373,8.9632
0,-476733.8,-85.60511,3.080000000016298,7.2610600000000005
15,-476734.2,-87.24485,2.679999999993015,5.621319999999997
30,-476734.3,-88.60618,2.580000000016298,4.259990000000002
45,-476733.9,-89.44417,2.979999999981373,3.421999999999997
60,-476733,-89.56985,3.8800000000046566,3.2963199999999944
75,-476732.88,-88.50456,4,4.361609999999999
90,-476732.2,-90.64315,4.679999999993015,2.223019999999991
105,-476732.62,-91.88872,4.260000000009313,0.9774499999999904
120,-476733.94,-92.755325,2.9400000000023283,0.11084499999999764
135,-476735.38,-92.86617,1.5,0
150,-476736.47,-92.66717,0.4100000000325963,0.19899999999999807
165,-476736.88,-91.636185,0,1.2299849999999992
180,-476736.56,-89.95028,0.3200000000069849,2.9158899999999903
-165,-371133.25,30.183456,3.9500000000116415,3.4263340000000007
-150,-371134.66,30.4721,2.540000000037253,3.714978000000002
-135,-371135.97,30.09952,1.2300000000395812,3.3423979999999993
-120,-371136.7,29.199492,0.5,2.4423700000000004
-105,-371136.8,27.979252,0.400000000023283,1.22213
-90,-371136.4,27.039698,0.7999999999883585,0.2825760000000024
-75,-371135.97,26.757122,1.2300000000395812,0
-60,-371135.75,27.429659,1.4500000000116415,0.6725370000000019
-45,-371135.94,28.857267,1.2600000000093132,2.1001450000000013
-30,-371136.25,30.406624,0.9500000000116416,3.649502000000002
-15,-371136.5,31.415411,0.7000000000116415,4.658289
0,-371137.2,30.392488,0,3.635366000000001
15,-371136.97,30.074684,0.2300000000395812,3.3175620000000023
30,-371136.1,30.606443,1.1000000000349246,3.8493209999999998
45,-371136.16,29.062216,1.040000000037253,2.3050940000000004
60,-371136.4,27.43459,0.7999999999883585,0.6774680000000011
75,-371136.72,26.870592,0.4800000000395812,0.11346999999999952
90,-371136.9,27.56821,0.2999999999883584,0.8110880000000016
105,-371136.75,28.743237,0.4500000000116415,1.9861150000000016
120,-371136.1,29.44602,1.1000000000349246,2.688898000000002
135,-371135,29.862276,2.200000000011641,3.1051540000000024
150,-371133.84,30.057821,3.35999999998603,3.3006990000000016
165,-371132.97,29.588898,4.230000000039581,2.8317760000000014
180,-371132.5,29.433475,4.7000000000116415,2.6763530000000024
-165,-355674.56,-259.12775,0.3200000000069849,1.9706500000000347
-150,-355673.66,-258.65915,1.220000000030268,2.4392500000000155
-135,-355672.12,-257.76306,2.760000000009313,3.3353400000000306
-120,-355669.94,-256.0874,4.940000000002328,5.011000000000024
-105,-355667.28,-258.55948,7.599999999976717,2.5389200000000187
-90,-355665.25,-256.52176,9.630000000004657,4.576640000000054
-75,-355667.1,-256.01657,7.78000000002794,5.081830000000025
-60,-355669.9,-257.76614,4.9799999999813735,3.3322600000000193
-45,-355672.16,-259.13864,2.720000000030268,1.959760000000017
-30,-355673.72,-260.17377,1.1600000000325963,0.924630000000036
-15,-355674.6,-260.85712,0.2800000000279397,0.24128000000001748
0,-355674.88,-261.0984,0,0
15,-355674.6,-260.8552,0.2800000000279397,0.24320000000000164
30,-355673.72,-260.17377,1.1600000000325963,0.924630000000036
45,-355672.16,-259.13864,2.720000000030268,1.959760000000017
60,-355669.9,-257.75842,4.9799999999813735,3.3399800000000255
75,-355667.1,-256.0283,7.78000000002794,5.070100000000025
90,-355665.25,-256.5215,9.630000000004657,4.576900000000023
105,-355667.28,-258.55948,7.599999999976717,2.5389200000000187
120,-355669.94,-256.09317,4.940000000002328,5.00523000000004
135,-355672.12,-257.7632,2.760000000009313,3.335200000000043
150,-355673.66,-258.6608,1.220000000030268,2.4376000000000317
165,-355674.56,-259.12296,0.3200000000069849,1.9754400000000487
180,-355674.84,-259.28195,0.0399999999790452,1.8164500000000317
-165,-374042.7,-21.365688,0.2000000000116415,0.019003000000001435
-150,-374042.9,-20.942719,0,0.4419719999999998
-135,-374040.53,-19.4135,2.3699999999953434,1.971191000000001
-120,-374042.28,-18.215506,0.6199999999953434,3.169184999999999
-105,-374041.56,-16.364326,1.3400000000256114,5.020365000000002
-90,-374040.75,-14.71584,2.150000000023283,6.668851
-75,-374041.7,-16.576223,1.2000000000116415,4.808468000000001
-60,-374042.44,-18.543482,0.4600000000209547,2.841208999999999
-45,-374042.84,-20.152466,0.0599999999976716,1.2322249999999997
-30,-374042.88,-21.138588,0.0200000000186264,0.24610300000000151
-15,-374042.62,-21.384691,0.2800000000279397,0
0,-374042.16,-20.876444,0.7400000000488944,0.5082470000000008
15,-374042.62,-21.384031,0.2800000000279397,0.0006599999999998829
30,-374042.88,-21.13859,0.0200000000186264,0.24610099999999946
45,-374042.84,-20.152493,0.0599999999976716,1.2321980000000003
60,-374042.44,-18.537245,0.4600000000209547,2.8474460000000015
75,-374041.7,-16.57702,1.2000000000116415,4.807670999999999
90,-374040.75,-14.71584,2.150000000023283,6.668851
105,-374041.56,-16.364847,1.3400000000256114,5.019843999999999
120,-374042.28,-18.215502,0.6199999999953434,3.1691889999999994
135,-374040.53,-19.41766,2.3699999999953434,1.9670309999999986
150,-374042.9,-20.942715,0,0.44197600000000037
165,-374042.7,-21.36569,0.2000000000116415,0.01900099999999938
180,-374042.22,-20.962976,0.6800000000512227,0.42171499999999895
-165,-358207.4,-106.24869,0.1999999999534338,0.07384000000000412
-150,-358206.7,-105.65475,0.8999999999650754,0.6677799999999934
-135,-358205.44,-104.24317,2.1599999999743886,2.079359999999994
-120,-358203.88,-102.31178,3.71999999997206,4.010750000000002
-105,-358199.8,-101.74361,7.7999999999883585,4.5789199999999965
-90,-358199.88,-100.50027,7.71999999997206,5.82226
-75,-358200.6,-100.0859,7,6.236630000000005
-60,-358201.34,-100.191315,6.259999999951106,6.131214999999997
-45,-358203.28,-97.853546,4.319999999948777,8.468984000000006
-30,-358201.03,-99.856804,6.569999999948777,6.465726000000004
-15,-358199.7,-98.57684,7.899999999965075,7.745689999999996
0,-358198.12,-96.58169,9.479999999981374,9.740840000000006
15,-358199.7,-98.513405,7.899999999965075,7.8091249999999945
30,-358202.75,-97.1265,4.849999999976717,9.196030000000007
45,-358203.28,-97.85667,4.319999999948777,8.465860000000006
60,-358201.34,-100.190384,6.259999999951106,6.132146000000006
75,-358200.6,-100.0859,7,6.236630000000005
90,-358199.88,-100.50334,7.71999999997206,5.819190000000006
105,-358199.8,-101.74148,7.7999999999883585,4.581050000000005
120,-358203.88,-102.30519,3.71999999997206,4.017340000000004
135,-358205.44,-104.23113,2.1599999999743886,2.0914000000000073
150,-358206.7,-105.68786,0.8999999999650754,0.6346699999999998
165,-358207.4,-106.26305,0.1999999999534338,0.05947999999999354
180,-358207.6,-106.32253,0,0
-165,-474585,-150.77884,2.599999999976717,5.662090000000006
-150,-474584.88,-152.36086,2.7199999999720603,4.080070000000006
-135,-474584.1,-153.1924,3.5,3.2485300000000166
-120,-474583.06,-153.33582,4.539999999979045,3.1051099999999963
-105,-474582.22,-152.98674,5.380000000004657,3.454190000000011
-90,-474581.8,-152.36612,5.799999999988359,4.074810000000014
-75,-474581.88,-152.04868,5.71999999997206,4.392250000000018
-60,-474584.2,-154.8865,3.3999999999650754,1.5544299999999964
-45,-474585.97,-156.10066,1.6300000000046566,0.34027000000000385
-30,-474587.12,-156.44064,0.4799999999813735,0.00029000000000678483
-15,-474587.6,-156.28209,0,0.15883999999999787
0,-474587.3,-155.86624,0.2999999999883584,0.5746900000000039
15,-474587.6,-156.28209,0,0.15883999999999787
30,-474587.12,-156.44093,0.4799999999813735,0
45,-474585.94,-156.15045,1.6599999999743886,0.2904800000000023
60,-474584.2,-154.88507,3.3999999999650754,1.5558599999999956
75,-474581.88,-152.04868,5.71999999997206,4.392250000000018
90,-474581.8,-152.37651,5.799999999988359,4.064420000000013
105,-474582.22,-152.98262,5.380000000004657,3.4583100000000115
120,-474583.06,-153.33582,4.539999999979045,3.1051099999999963
135,-474584.1,-153.19357,3.5,3.2473600000000147
150,-474584.88,-152.363,2.7199999999720603,4.077930000000009
165,-474585,-150.78055,2.599999999976717,5.6603800000000035
180,-474584.34,-148.37161,3.2599999999511056,8.069320000000005
-165,-584021.4,18.944872,0.1999999999534338,0.21631400000000056
-150,-584020.6,19.644957,1,0.916399000000002
-135,-584019.44,20.873611,2.1600000000325963,2.1450530000000008
-120,-584017.94,22.349033,3.660000000032596,3.620474999999999
-105,-584016.56,23.775375,5.039999999920838,5.046817000000001
-90,-584016,24.39333,5.599999999976717,5.664771999999999
-75,-584016.56,23.809143,5.039999999920838,5.080584999999999
-60,-584017.9,22.366346,3.699999999953434,3.6377880000000005
-45,-584019.4,20.854023,2.199999999953434,2.125465000000002
-30,-584020.6,19.641861,1,0.9133029999999991
-15,-584021.4,18.93765,0.1999999999534338,0.20909200000000183
0,-584021.6,18.728558,0,0
15,-584021.4,18.93765,0.1999999999534338,0.20909200000000183
30,-584020.6,19.641865,1,0.9133069999999996
45,-584019.4,20.85396,2.199999999953434,2.125402000000001
60,-584017.9,22.366224,3.699999999953434,3.6376659999999994
75,-584016.56,23.809145,5.039999999920838,5.080587000000001
90,-584016.06,24.507189,5.539999999920838,5.778631000000001
105,-584016.56,23.775373,5.039999999920838,5.046814999999999
120,-584017.94,22.348902,3.660000000032596,3.6203439999999993
135,-584019.44,20.873604,2.1600000000325963,2.1450460000000007
150,-584020.6,19.644957,1,0.916399000000002
165,-584021.4,18.94488,0.1999999999534338,0.21632200000000168
180,-584021.6,18.732643,0,0.004084999999999894
-165,-368876.16,0.46739182,8.900000000023283,6.29025352
-150,-368876.94,-0.39511424,8.119999999995343,5.42774746
-135,-368877.03,-0.89291376,8.029999999969732,4.92994794
-120,-368876.56,-1.0272449,8.5,4.7956167999999995
-105,-368875.88,-1.0929891,9.179999999993017,4.7298726
-90,-368875.4,-1.5436234,9.659999999974389,4.279238299999999
-75,-368875.84,-2.5786507,9.21999999997206,3.244211
-60,-368879.7,-2.7109087,5.35999999998603,3.1119529999999997
-45,-368881.8,-4.0366945,3.260000000009313,1.7861671999999995
-30,-368883.62,-5.060982,1.4400000000023283,0.7618796999999997
-15,-368884.72,-5.653548,0.3400000000256113,0.1693137
0,-368885.06,-5.8228617,0,0
15,-368884.72,-5.6542277,0.3400000000256113,0.16863399999999995
30,-368883.62,-5.0597806,1.4400000000023283,0.7630811
45,-368881.8,-4.0393076,3.260000000009313,1.7835541
60,-368879.7,-2.7134817,5.35999999998603,3.10938
75,-368875.84,-2.5863605,9.21999999997206,3.2365011999999997
90,-368875.4,-1.5436271,9.659999999974389,4.2792346
105,-368875.88,-1.0929161,9.179999999993017,4.7299456
120,-368876.56,-1.0242034,8.5,4.7986583
135,-368877.03,-0.8943853,8.029999999969732,4.9284764
150,-368876.94,-0.39761418,8.119999999995343,5.42524752
165,-368876.16,0.46932468,8.900000000023283,6.2921863799999995
180,-368875.22,1.10969,9.840000000025611,6.932551699999999
-165,-415938.94,16.360771,0.1199999999953433,1.3853270000000002
-150,-415938.38,15.674799,0.6799999999930151,0.6993550000000006
-135,-415937.3,15.54129,1.7600000000093132,0.5658460000000005
-120,-415935.84,16.086008,3.2199999999720603,1.110564
-105,-415934.5,16.896702,4.559999999997672,1.9212580000000017
-90,-415933.94,17.212114,5.119999999995343,2.23667
-75,-415934.56,16.54158,4.5,1.5661360000000002
-60,-415935.9,15.477215,3.1599999999743886,0.5017709999999997
-45,-415937.2,14.975444,1.8599999999860304,0
-30,-415937.97,15.425243,1.0900000000256114,0.4497990000000005
-15,-415938.3,16.469893,0.7600000000093132,1.4944489999999995
0,-415938.38,17.062016,0.6799999999930151,2.0865720000000003
15,-415938.3,16.469893,0.7600000000093132,1.4944489999999995
30,-415937.97,15.425243,1.0900000000256114,0.4497990000000005
45,-415937.2,14.975444,1.8599999999860304,0
60,-415935.9,15.477215,3.1599999999743886,0.5017709999999997
75,-415934.56,16.54158,4.5,1.5661360000000002
90,-415933.94,17.212114,5.119999999995343,2.23667
105,-415934.5,16.896702,4.559999999997672,1.9212580000000017
120,-415935.84,16.086008,3.2199999999720603,1.110564
135,-415937.3,15.54129,1.7600000000093132,0.5658460000000005
150,-415938.38,15.674807,0.6799999999930151,0.699363
165,-415938.94,16.360771,0.1199999999953433,1.3853270000000002
180,-415939.06,16.828297,0,1.8528529999999996
-165,-366831.12,3.649903,2.039999999979045,1.1302497000000002
-150,-366829.9,4.240418,3.2599999999511056,1.7207647000000001
-135,-366829.22,5.10911,3.940000000002328,2.5894567000000004
-120,-366829.3,5.5277777,3.85999999998603,3.0081244
-105,-366830.47,4.995465,2.6900000000023283,2.4758117000000004
-90,-366832.03,4.139927,1.129999999946449,1.6202737000000003
-75,-366833,3.9401531,0.1599999999743886,1.4204998
-60,-366833.1,3.706448,0.0599999999976716,1.1867947
-45,-366833,3.987898,0.1599999999743886,1.4682447
-30,-366832.1,4.2172894,1.0599999999976717,1.6976361000000004
-15,-366830.56,5.026282,2.599999999976717,2.5066287000000003
0,-366829.38,5.5046725,3.779999999969732,2.9850192
15,-366829.22,5.182135,3.940000000002328,2.6624817
30,-366829.75,4.3591986,3.4099999999743886,1.8395453000000002
45,-366830.9,3.7646925,2.2599999999511056,1.2450392000000003
60,-366831.47,2.9606042,1.6900000000023283,0.44095090000000026
75,-366833.06,2.9903023,0.0999999999767169,0.4706490000000003
90,-366833.06,2.5465033,0.0999999999767169,0.02685000000000004
105,-366832.34,2.7185721,0.8199999999487773,0.19891879999999995
120,-366831.78,3.09739,1.379999999946449,0.5777367
135,-366832.16,2.7853053,1,0.2656520000000002
150,-366832.94,2.5196533,0.2199999999720603,0
165,-366833.16,2.853943,0,0.33428970000000024
180,-366831.7,3.002398,1.459999999962747,0.4827447
-165,-351008.28,-6.694359,0.1599999999743886,0.35674839999999985
-150,-351007.72,-6.511916,0.720000000030268,0.5391914
-135,-351006.72,-5.7613077,1.720000000030268,1.2897997000000005
-120,-351005.44,-4.4577436,3,2.5933638000000006
-105,-351004.22,-3.0185592,4.220000000030268,4.032548200000001
-90,-351003.6,-2.2637825,4.840000000025611,4.7873249
-75,-351003.88,-2.8196816,4.559999999997672,4.2314258
-60,-351004.9,-4.2273817,3.539999999979045,2.8237257000000007
-45,-351006.12,-5.663206,2.320000000006985,1.3879014000000005
-30,-351007.03,-6.6271334,1.4099999999743886,0.4239740000000003
-15,-351007.44,-6.995843,1,0.055264400000000435
0,-351007.53,-7.0511074,0.9099999999743886,0
15,-351007.44,-6.995845,1,0.055262400000000156
30,-351007.03,-6.6271315,1.4099999999743886,0.4239759000000003
45,-351006.12,-5.669356,2.320000000006985,1.3817514000000006
60,-351004.9,-4.2340503,3.539999999979045,2.8170571000000004
75,-351003.88,-2.8307576,4.559999999997672,4.2203498
90,-351003.6,-2.2638428,4.840000000025611,4.7872646
105,-351004.22,-3.022146,4.220000000030268,4.0289614
120,-351005.44,-4.4663424,3,2.584765
135,-351006.72,-5.762018,1.720000000030268,1.2890894
150,-351007.72,-6.511916,0.720000000030268,0.5391914
165,-351008.28,-6.6972766,0.1599999999743886,0.3538307999999999
180,-351008.44,-6.684143,0,0.3669644000000005
-165,-274627.4,-159.94351,4.5,0.9441899999999919
-150,-274627.72,-160.14415,4.180000000051223,0.743549999999999
-135,-274627.6,-159.85849,4.300000000046566,1.0292100000000062
-120,-274627.03,-159.0251,4.869999999995343,1.8625999999999863
-105,-274625.8,-157.79546,6.100000000034925,3.092240000000004
-90,-274624.06,-155.85207,7.840000000025611,5.035629999999998
-75,-274622.2,-153.84691,9.700000000011642,7.040789999999987
-60,-274620.88,-152.63676,11.020000000018626,8.250939999999986
-45,-274629.03,-157.52577,2.8699999999953434,3.361930000000001
-30,-274631.22,-158.31056,0.6800000000512227,2.5771399999999858
-15,-274631.9,-160.00534,0,0.8823600000000056
0,-274631.9,-160.8877,0,0
15,-274631.9,-160.00359,0,0.8841099999999926
30,-274630.94,-158.90207,0.9600000000209548,1.9856299999999862
45,-274629.03,-157.52565,2.8699999999953434,3.362049999999982
60,-274620.88,-152.64326,11.020000000018626,8.244439999999997
75,-274622.2,-153.84688,9.700000000011642,7.0408199999999965
90,-274624.06,-155.86491,7.840000000025611,5.022789999999986
105,-274625.8,-157.79546,6.100000000034925,3.092240000000004
120,-274627.03,-159.0251,4.869999999995343,1.8625999999999863
135,-274627.6,-159.85637,4.300000000046566,1.031329999999997
150,-274627.72,-160.14084,4.180000000051223,0.7468599999999981
165,-274627.4,-159.94351,4.5,0.9441899999999919
180,-274627.12,-160.04092,4.78000000002794,0.8467799999999954
-165,-295616.5,56.064934,0.3400000000256113,1.7104440000000025
-150,-295615.53,60.60668,1.3099999999976717,6.252189999999999
-135,-295614.12,67.64252,2.720000000030268,13.288030000000006
-120,-295612.7,75.87008,4.14000000001397,21.515590000000003
-105,-295611.5,83.18889,5.340000000025611,28.834400000000002
-90,-295611.06,86.31402,5.78000000002794,31.95953
-75,-295611.66,82.842636,5.180000000051223,28.488146
-60,-295612.9,75.34816,3.940000000002328,20.993669999999995
-45,-295614.25,67.32825,2.590000000025612,12.973759999999999
-30,-295615.3,60.59427,1.540000000037253,6.239780000000003
-15,-295615.97,56.143974,0.870000000053551,1.7894840000000016
0,-295616.16,54.54765,0.6800000000512227,0.1931599999999989
15,-295615.97,56.143982,0.870000000053551,1.7894920000000027
30,-295615.3,60.59461,1.540000000037253,6.2401200000000046
45,-295614.25,67.32825,2.590000000025612,12.973759999999999
60,-295612.9,75.34815,3.940000000002328,20.993660000000006
75,-295611.66,82.84265,5.180000000051223,28.488160000000008
90,-295611.06,86.33244,5.78000000002794,31.977950000000007
105,-295611.5,83.18889,5.340000000025611,28.834400000000002
120,-295612.7,75.87009,4.14000000001397,21.515600000000006
135,-295614.12,67.64232,2.720000000030268,13.28783
150,-295615.53,60.594334,1.3099999999976717,6.239844000000005
165,-295616.5,56.064934,0.3400000000256113,1.7104440000000025
180,-295616.84,54.35449,0,0
-165,-398865.53,24.896734,5,5.826028999999998
-150,-398867.1,22.151777,3.4300000000512227,3.081071999999999
-135,-398867.03,21.701212,3.5,2.6305070000000015
-120,-398866.56,21.639795,3.970000000030268,2.569089999999999
-105,-398866.1,21.917377,4.430000000051223,2.846671999999998
-90,-398866,22.581133,4.53000000002794,3.510428000000001
-75,-398866.72,20.890345,3.81000000005588,1.8196399999999997
-60,-398866.66,23.069685,3.870000000053551,3.9989799999999995
-45,-398866.72,23.110075,3.81000000005588,4.039369999999998
-30,-398866.06,23.511879,4.470000000030268,4.441174
-15,-398864.5,24.618332,6.03000000002794,5.5476269999999985
0,-398867.62,22.652788,2.9100000000325963,3.582083000000001
15,-398869.56,20.558083,0.970000000030268,1.4873779999999996
30,-398870.53,19.3349,0,0.26419500000000085
45,-398870.5,19.070705,0.0300000000279396,0
60,-398869.72,19.571192,0.8100000000558794,0.5004869999999997
75,-398868.62,20.2329,1.9100000000325963,1.1621950000000005
90,-398867.78,20.36047,2.75,1.2897649999999992
105,-398867.44,19.777657,3.090000000025612,0.7069520000000011
120,-398867.97,22.681393,2.56000000005588,3.6106879999999997
135,-398869.1,21.505476,1.4300000000512227,2.4347710000000014
150,-398869.66,21.00016,0.870000000053551,1.9294550000000008
165,-398869.28,21.431343,1.25,2.360637999999998
180,-398867.8,22.786682,2.730000000039581,3.7159769999999988
-165,-172683.86,16.400978,0.8100000000267755,1.5603269999999991
-150,-172684.17,16.309217,0.5,1.468566000000001
-135,-172684.52,16.024149,0.150000000023283,1.183498000000002
-120,-172684.67,15.616048,0,0.7753969999999999
-105,-172684.58,15.201214,0.0900000000256113,0.36056300000000086
-90,-172684.27,14.8406515,0.400000000023283,5.000000005139782e-07
-75,-172683.66,14.852682,1.0100000000093132,0.012031000000000347
-60,-172682.47,15.819985,2.200000000011641,0.9793340000000015
-45,-172680.89,17.658796,3.779999999998836,2.8181449999999995
-30,-172680.08,20.283594,4.590000000025611,5.442943000000001
-15,-172680.17,20.588493,4.5,5.747842
0,-172680.27,20.535917,4.400000000023283,5.695266000000002
15,-172680.17,20.582052,4.5,5.7414010000000015
30,-172680.08,20.286047,4.590000000025611,5.445396000000001
45,-172680.53,17.563885,4.14000000001397,2.7232339999999997
60,-172682.08,15.832826,2.590000000025612,0.9921750000000014
75,-172683.66,14.852803,1.0100000000093132,0.012152000000000385
90,-172684.27,14.840651,0.400000000023283,0
105,-172684.58,15.199867,0.0900000000256113,0.359216
120,-172684.67,15.6136465,0,0.7729955000000004
135,-172684.52,16.024145,0.150000000023283,1.1834940000000014
150,-172684.17,16.309225,0.5,1.468574000000002
165,-172683.86,16.400978,0.8100000000267755,1.5603269999999991
180,-172683.73,16.418312,0.9400000000023284,1.5776610000000009
-165,-347998.38,-32.818184,0.6199999999953434,1.6842499999999987
-150,-347998.75,-34.273624,0.25,0.22881000000000284
-135,-347999,-34.462128,0,0.04030600000000106
-120,-347998.97,-34.185947,0.0300000000279396,0.3164870000000022
-105,-347998.9,-33.79056,0.0999999999767169,0.7118740000000017
-90,-347998.88,-33.634815,0.1199999999953433,0.8676189999999977
-75,-347998.94,-33.893642,0.0599999999976716,0.6087920000000011
-60,-347999,-34.31776,0,0.18467400000000112
-45,-347998.94,-34.502434,0.0599999999976716,0
-30,-347998.66,-34.07195,0.3400000000256113,0.43048399999999987
-15,-347998.34,-32.114655,0.6599999999743886,2.387779000000002
0,-347998.25,-30.978794,0.75,3.5236400000000003
15,-347998.34,-32.10871,0.6599999999743886,2.393723999999999
30,-347998.66,-34.07195,0.3400000000256113,0.43048399999999987
45,-347998.94,-34.502434,0.0599999999976716,0
60,-347999,-34.31776,0,0.18467400000000112
75,-347998.94,-33.893642,0.0599999999976716,0.6087920000000011
90,-347998.88,-33.631855,0.1199999999953433,0.8705789999999993
105,-347998.9,-33.790565,0.0999999999767169,0.7118690000000001
120,-347998.97,-34.185947,0.0300000000279396,0.3164870000000022
135,-347999,-34.462128,0,0.04030600000000106
150,-347998.75,-34.273624,0.25,0.22881000000000284
165,-347998.38,-32.819702,0.6199999999953434,1.6827320000000014
180,-347998.25,-30.978039,0.75,3.524395000000002
-165,-193826.47,14.2781105,3.559999999997672,4.0426445
-150,-193825.5,14.730114,4.529999999998836,4.494648
-135,-193824.64,15.149603,5.389999999984866,4.914137
-120,-193824.6,14.409804,5.429999999993015,4.174337999999999
-105,-193825.73,13.121482,4.299999999988359,2.8860159999999997
-90,-193827.55,11.684663,2.4800000000104774,1.4491969999999998
-75,-193829.25,10.585359,0.7799999999988358,0.3498929999999998
-60,-193830.03,10.23547,0,3.999999998782755e-06
-45,-193829.25,10.777678,0.7799999999988358,0.5422119999999993
-30,-193827.19,12.021684,2.8399999999965075,1.7862179999999999
-15,-193825.02,13.344148,5.010000000009313,3.108682
0,-193824.06,13.819557,5.970000000001164,3.584090999999999
15,-193825.02,13.34586,5.010000000009313,3.1103939999999994
30,-193827.19,12.023325,2.8399999999965075,1.7878589999999992
45,-193829.25,10.777721,0.7799999999988358,0.542254999999999
60,-193830.03,10.235466,0,0
75,-193829.25,10.585359,0.7799999999988358,0.3498929999999998
90,-193827.55,11.684661,2.4800000000104774,1.4491949999999996
105,-193825.73,13.12148,4.299999999988359,2.8860139999999994
120,-193824.6,14.409802,5.429999999993015,4.174336
135,-193824.64,15.149753,5.389999999984866,4.914287
150,-193825.5,14.729644,4.529999999998836,4.494178
165,-193826.47,14.278109,3.559999999997672,4.042643
180,-193826.84,14.055143,3.1900000000023283,3.8196769999999987
-165,-563141.25,25.585302,0,2.699818999999998
-150,-563140.75,27.8203,0.5,4.934816999999999
-135,-563139.4,31.521772,1.849999999976717,8.636288999999998
-120,-563137.6,36.051006,3.650000000023283,13.165523
-105,-563136.1,40.12335,5.150000000023283,17.237867
-90,-563135.56,41.506294,5.689999999944121,18.620810999999996
-75,-563136.3,38.46295,4.949999999953434,15.577466999999999
-60,-563137.75,33.493446,3.5,10.607962999999998
-45,-563139.1,28.731604,2.150000000023283,5.846121
-30,-563139.94,25.121828,1.3100000000558794,2.236345
-15,-563140.1,23.0964,1.150000000023283,0.21091699999999847
0,-563139.56,22.885483,1.6899999999441206,0
15,-563140.1,23.097263,1.150000000023283,0.21178000000000097
30,-563139.94,25.11873,1.3100000000558794,2.2332469999999986
45,-563139.1,28.718788,2.150000000023283,5.833304999999999
60,-563137.75,33.49593,3.5,10.610447
75,-563136.3,38.458443,4.949999999953434,15.572960000000002
90,-563135.56,41.507206,5.689999999944121,18.621722999999996
105,-563136.1,40.12351,5.150000000023283,17.238027000000002
120,-563137.6,36.013336,3.650000000023283,13.127853000000002
135,-563139.4,31.515812,1.849999999976717,8.630329
150,-563140.75,27.825054,0.5,4.939571000000001
165,-563141.25,25.584963,0,2.6994799999999977
180,-563140.8,25.366295,0.4499999999534338,2.4808120000000002
-165,-383478.1,8.241688,0.0599999999976716,0.45464899999999986
-150,-383477.84,8.080585,0.3199999999487772,0.2935459999999992
-135,-383477.25,8.112677,0.9099999999743886,0.32563799999999965
-120,-383476.4,8.58524,1.7599999999511056,0.7982010000000006
-105,-383475.56,9.282068,2.599999999976717,1.4950290000000006
-90,-383475.25,9.686419,2.9099999999743886,1.8993800000000007
-75,-383475.78,9.13175,2.379999999946449,1.3447110000000002
-60,-383476.62,8.552557,1.5399999999790452,0.7655180000000001
-45,-383477.2,8.191022,0.9599999999627472,0.4039830000000002
-30,-383477.9,8.120144,0.2599999999511055,0.33310499999999976
-15,-383478.12,8.26569,0.0399999999790452,0.47865099999999927
0,-383478.16,8.294416,0,0.507377
15,-383478.03,7.9841895,0.1299999999464489,0.19715050000000023
30,-383477.34,7.850784,0.8199999999487773,0.06374499999999994
45,-383476.78,7.964923,1.379999999946449,0.1778839999999997
60,-383475.7,8.661527,2.459999999962747,0.8744879999999995
75,-383474.44,9.803504,3.71999999997206,2.016465
90,-383471.78,9.010881,6.379999999946449,1.2238419999999994
105,-383474.1,10.067649,4.059999999997672,2.2806099999999994
120,-383475.38,8.755585,2.779999999969732,0.9685459999999999
135,-383476.56,7.946396,1.599999999976717,0.15935699999999997
150,-383477.47,7.787039,0.6900000000023283,0
165,-383478,7.9723434,0.1599999999743886,0.1853043999999997
180,-383478.16,8.29262,0,0.5055809999999994
-165,-329690.2,14.1454315,1.679999999993015,3.241590500000001
-150,-329690.94,13.358445,0.9400000000023284,2.454604
-135,-329691.6,12.441539,0.2800000000279397,1.5376980000000007
-120,-329691.88,11.795417,0,0.8915760000000006
-105,-329691.7,11.393618,0.179999999993015,0.48977700000000013
-90,-329691.06,11.095222,0.8200000000069849,0.1913809999999998
-75,-329690.47,10.970853,1.4100000000325963,0.06701200000000007
-60,-329690.25,10.917564,1.6300000000046566,0.013723000000000596
-45,-329690.4,10.903841,1.4799999999813735,0
-30,-329691,10.981877,0.8800000000046566,0.07803600000000088
-15,-329691.66,11.311005,0.2200000000302679,0.40716399999999986
0,-329691.88,11.760235,0,0.8563939999999999
15,-329691.62,12.41961,0.2600000000093132,1.5157690000000006
30,-329690.97,13.340039,0.9100000000325964,2.436198000000001
45,-329690.2,14.165529,1.679999999993015,3.2616879999999995
60,-329689.72,14.353993,2.1600000000325963,3.450151999999999
75,-329689.88,13.662803,2,2.7589620000000004
90,-329690.62,12.500924,1.2600000000093132,1.5970829999999996
105,-329691.47,11.593124,0.4100000000325963,0.6892829999999996
120,-329691.75,11.359611,0.1300000000046566,0.45576999999999934
135,-329691.53,11.64069,0.3499999999767169,0.7368489999999994
150,-329690.72,12.61672,1.1600000000325963,1.712879000000001
165,-329689.9,13.737222,1.979999999981373,2.8333809999999993
180,-329689.72,14.332185,2.1600000000325963,3.428344000000001
-165,-297007.38,14.398212,0.7199999999720603,1.0228829999999984
-150,-297008.06,13.689108,0.0399999999790452,0.3137789999999985
-135,-297008.1,13.376847,0,0.0015179999999990201
-120,-297007.56,13.383823,0.5399999999790452,0.008493999999998891
-105,-297006.88,13.573128,1.2199999999720603,0.19779899999999984
-90,-297006.53,13.73257,1.5699999999487773,0.35724100000000014
-75,-297006.88,13.694916,1.2199999999720603,0.3195869999999985
-60,-297007.6,13.592047,0.5,0.2167180000000002
-45,-297008.1,13.630704,0,0.255374999999999
-30,-297008.1,13.965526,0,0.5901969999999999
-15,-297007.44,14.669817,0.6599999999743886,1.2944879999999994
0,-297006.78,15.356022,1.3199999999487773,1.9806929999999987
15,-297007.44,14.669817,0.6599999999743886,1.2944879999999994
30,-297008.1,13.965522,0,0.5901929999999993
45,-297008.1,13.630706,0,0.2553769999999993
60,-297007.6,13.592045,0.5,0.2167159999999999
75,-297006.88,13.694918,1.2199999999720603,0.3195889999999988
90,-297006.53,13.73257,1.5699999999487773,0.35724100000000014
105,-297006.88,13.573126,1.2199999999720603,0.19779699999999956
120,-297007.56,13.383766,0.5399999999790452,0.008436999999998918
135,-297008.1,13.375329,0,0
150,-297008.06,13.689108,0.0399999999790452,0.3137789999999985
165,-297007.38,14.400566,0.7199999999720603,1.0252369999999988
180,-297006.7,15.055268,1.3999999999650754,1.6799389999999992
-165,-395954.22,4.9713707,0.3100000000558793,1.7486857999999996
-150,-395953.38,4.721933,1.150000000023283,1.4992481
-135,-395952.4,4.2263527,2.1300000000046566,1.0036677999999997
-120,-395952.1,3.4238744,2.4300000000512227,0.2011894999999999
-105,-395952.3,3.2226849,2.230000000039581,0
-90,-395952.3,3.4459598,2.230000000039581,0.22327489999999983
-75,-395951.88,3.6760726,2.650000000023283,0.45338769999999995
-60,-395950.97,4.483407,3.56000000005588,1.2607220999999997
-45,-395950.22,6.3586106,4.310000000055879,3.1359256999999996
-30,-395949.56,7.462827,4.970000000030268,4.2401421
-15,-395948.8,8.374119,5.730000000039581,5.1514341
0,-395948.66,10.541991,5.870000000053551,7.3193060999999995
15,-395948.8,8.3611965,5.730000000039581,5.1385116
30,-395949.56,7.4628263,4.970000000030268,4.2401414
45,-395950.22,6.349878,4.310000000055879,3.1271931000000004
60,-395950.97,4.5108843,3.56000000005588,1.2881993999999999
75,-395951.88,3.67608,2.650000000023283,0.45339509999999983
90,-395952.3,3.4459653,2.230000000039581,0.22328040000000016
105,-395952.3,3.2226849,2.230000000039581,0
120,-395952.1,3.423721,2.4300000000512227,0.20103610000000005
135,-395952.4,4.226349,2.1300000000046566,1.0036641
150,-395953.38,4.7315497,1.150000000023283,1.5088648000000005
165,-395954.22,4.9749045,0.3100000000558793,1.7522196
180,-395954.53,5.0517154,0,1.8290305
-165,-321660.38,2.6906137,3.320000000006985,3.584178
-150,-321660.94,2.346277,2.760000000009313,3.2398413
-135,-321661.47,1.7044957,2.230000000039581,2.5980600000000003
-120,-321662.12,1.2596252,1.580000000016298,2.1531895
-105,-321662.88,0.77079105,0.8200000000069849,1.6643553500000001
-90,-321663.44,0.19487211,0.2600000000093132,1.08843641
-75,-321663.7,-0.1698162,0,0.7237481
-60,-321663.66,-0.3867018,0.0400000000372529,0.5068625
-45,-321663.4,-0.5733648,0.2999999999883584,0.32019949999999997
-30,-321663,-0.74689305,0.7000000000116415,0.14667125000000003
-15,-321662.6,-0.8630686,1.1000000000349246,0.030495700000000014
0,-321662.44,-0.8935643,1.2600000000093132,0
15,-321662.6,-0.8624386,1.1000000000349246,0.031125699999999923
30,-321663,-0.7472837,0.7000000000116415,0.14628059999999998
45,-321663.4,-0.57201815,0.2999999999883584,0.32154615
60,-321663.66,-0.3879144,0.0400000000372529,0.5056499
75,-321663.7,-0.17109215,0,0.72247215
90,-321663.44,0.19259828,0.2600000000093132,1.0861625799999999
105,-321662.88,0.7761638,0.8200000000069849,1.6697281
120,-321662.12,1.2589054,1.580000000016298,2.1524697
135,-321661.47,1.6936007,2.230000000039581,2.5871649999999997
150,-321660.94,2.308404,2.760000000009313,3.2019683
165,-321660.38,2.669647,3.320000000006985,3.5632113
180,-321660.06,2.6995404,3.64000000001397,3.5931047
-165,-405250.3,-35.976917,0.5400000000372529,0.4369230000000002
-150,-405248.75,-33.913902,2.090000000025612,2.499938
-135,-405246.2,-30.75537,4.64000000001397,5.658470000000001
-120,-405242.94,-26.846548,7.900000000023283,9.567292000000002
-105,-405239.5,-22.534937,11.340000000025611,13.878903000000001
-90,-405239.34,-17.15853,11.5,19.25531
-75,-405241.94,-21.165836,8.900000000023283,15.248004000000002
-60,-405243.8,-24.720558,7.040000000037253,11.693282
-45,-405244.8,-27.438097,6.040000000037253,8.975743000000001
-30,-405245.06,-29.12184,5.78000000002794,7.292000000000002
-15,-405244.75,-29.596573,6.090000000025611,6.817267000000001
0,-405244,-28.665884,6.840000000025611,7.747956000000002
15,-405244.75,-29.608044,6.090000000025611,6.805796000000001
30,-405245.06,-29.121626,5.78000000002794,7.292214000000001
45,-405244.8,-27.45182,6.040000000037253,8.962019999999999
60,-405243.8,-24.689772,7.040000000037253,11.724067999999999
75,-405241.94,-21.149569,8.900000000023283,15.264271
90,-405239.34,-17.135191,11.5,19.278649
105,-405239.5,-22.546974,11.340000000025611,13.866866000000002
120,-405242.94,-26.844877,7.900000000023283,9.568963
135,-405246.2,-30.752432,4.64000000001397,5.6614080000000016
150,-405248.75,-33.91201,2.090000000025612,2.501829999999998
165,-405250.3,-35.976486,0.5400000000372529,0.43735399999999913
180,-405250.84,-36.41384,0,0
-165,-396692.44,-10.217096,0.029999999969732,3.247935
-150,-396691.84,-10.508278,0.629999999946449,2.956752999999999
-135,-396691.25,-10.9694,1.2199999999720603,2.4956309999999995
-120,-396691.2,-11.451889,1.2699999999604188,2.013142
-105,-396691.6,-11.786973,0.8699999999953434,1.678058
-90,-396692.12,-12.008432,0.3499999999767169,1.4565989999999989
-75,-396692.47,-12.257237,0,1.2077939999999998
-60,-396692.16,-12.017461,0.3099999999976717,1.447569999999999
-45,-396691.47,-11.660038,1,1.8049929999999996
-30,-396690.72,-11.388241,1.75,2.076789999999999
-15,-396690.1,-11.242803,2.3699999999953434,2.2222279999999994
0,-396689.1,-13.465031,3.3699999999953434,0
15,-396690.1,-11.241981,2.3699999999953434,2.2230500000000006
30,-396690.72,-11.381661,1.75,2.0833700000000004
45,-396691.5,-11.669812,0.9699999999720604,1.7952189999999995
60,-396692.16,-12.002056,0.3099999999976717,1.4629750000000001
75,-396692.47,-12.259155,0,1.205876
90,-396692.12,-12.017197,0.3499999999767169,1.4478340000000003
105,-396691.6,-11.711581,0.8699999999953434,1.753449999999999
120,-396691.2,-11.447439,1.2699999999604188,2.0175920000000005
135,-396691.25,-10.970577,1.2199999999720603,2.4944539999999993
150,-396691.84,-10.518534,0.629999999946449,2.946496999999999
165,-396692.44,-10.206085,0.029999999969732,3.258946
180,-396691.97,-12.3525,0.5,1.1125310000000006
-165,-422004.47,-15.265646,0.8300000000162981,0.623087
-150,-422004.38,-15.857158,0.919999999983702,0.03157500000000013
-135,-422003.9,-15.513557,1.3999999999650754,0.37517599999999973
-120,-422004.3,-15.061128,1,0.8276050000000001
-105,-422004.88,-15.578996,0.4199999999837018,0.30973700000000015
-90,-422005.12,-15.8783865,0.179999999993015,0.010346500000000702
-75,-422004.8,-15.672159,0.5,0.2165739999999996
-60,-422004.25,-14.711043,1.0499999999883585,1.1776900000000001
-45,-422002.7,-13.675924,2.599999999976717,2.212809
-30,-422000.94,-11.940782,4.35999999998603,3.9479509999999998
-15,-421998.97,-10.747417,6.330000000016298,5.141316
0,-421998.8,-9.5357895,6.5,6.3529435
15,-421998.97,-10.7480755,6.330000000016298,5.1406575
30,-422000.94,-11.934024,4.35999999998603,3.9547089999999994
45,-422002.7,-13.674612,2.599999999976717,2.2141210000000004
60,-422005.16,-13.640995,0.1400000000139698,2.247738
75,-422005.3,-14.537982,0,1.3507510000000007
90,-422005.12,-15.888733,0.179999999993015,0
105,-422004.88,-15.585338,0.4199999999837018,0.3033950000000001
120,-422004.3,-15.061129,1,0.8276040000000009
135,-422003.94,-14.449671,1.3599999999860302,1.4390619999999998
150,-422004.06,-14.707667,1.2399999999906868,1.1810659999999995
165,-422004.47,-15.265648,0.8300000000162981,0.6230849999999997
180,-422004.88,-15.019028,0.4199999999837018,0.8697049999999997
-165,-310866.94,-78.84437,0,0.004310000000003811
-150,-310866.62,-78.81198,0.3200000000069849,0.03669999999999618
-135,-310865.6,-77.95863,1.3400000000256114,0.8900500000000022
-120,-310863.94,-76.50883,3,2.3398499999999984
-105,-310862.34,-75.08928,4.599999999976717,3.7593999999999994
-90,-310861.7,-74.480965,5.239999999990687,4.367715000000004
-75,-310862.34,-75.10664,4.599999999976717,3.742040000000003
-60,-310863.94,-76.51509,3,2.333590000000001
-45,-310865.56,-77.941536,1.3800000000046566,0.9071440000000024
-30,-310866.62,-78.79335,0.3200000000069849,0.05532999999999788
-15,-310866.94,-78.84868,0,0
0,-310866.9,-78.61901,0.0399999999790452,0.2296699999999987
15,-310866.94,-78.84868,0,0
30,-310866.62,-78.79334,0.3200000000069849,0.055340000000001055
45,-310865.56,-77.941536,1.3800000000046566,0.9071440000000024
60,-310863.94,-76.51495,3,2.3337300000000027
75,-310862.34,-75.10594,4.599999999976717,3.7427399999999977
90,-310861.7,-74.48096,5.239999999990687,4.367720000000006
105,-310862.34,-75.08928,4.599999999976717,3.7593999999999994
120,-310863.94,-76.515114,3,2.3335660000000047
135,-310865.6,-77.95863,1.3400000000256114,0.8900500000000022
150,-310866.62,-78.81198,0.3200000000069849,0.03669999999999618
165,-310866.94,-78.84436,0,0.004320000000006985
180,-310866.9,-78.621216,0.0399999999790452,0.22746399999999767
-165,-310388.9,-27.294191,5.130000000004657,0.5282729999999987
-150,-310388.8,-25.2726,5.230000000039581,2.5498639999999995
-135,-310388.12,-21.685541,5.910000000032596,6.1369229999999995
-120,-310384.12,-12.169474,9.910000000032596,15.65299
-105,-310383.72,-9.84115,10.31000000005588,17.981313999999998
-90,-310384.28,-8.124066,9.75,19.698398
-75,-310386.34,-8.956504,7.690000000002328,18.86596
-60,-310389.03,-12.001491,5,15.820973
-45,-310391.56,-16.272705,2.470000000030268,11.549759000000002
-30,-310393.4,-19.280472,0.6300000000046566,8.541992
-15,-310394,-21.802576,0.0300000000279396,6.019888000000002
0,-310393.78,-23.395885,0.25,4.426579
15,-310394.03,-21.583822,0,6.238641999999999
30,-310393.4,-19.283003,0.6300000000046566,8.539461
45,-310391.62,-15.674996,2.4100000000325963,12.147468
60,-310389.06,-11.847359,4.970000000030268,15.975105
75,-310386.3,-9.072752,7.730000000039581,18.749712000000002
90,-310384.28,-8.1316595,9.75,19.6908045
105,-310383.72,-9.842208,10.31000000005588,17.980256
120,-310384.12,-12.181034,9.910000000032596,15.64143
135,-310388.12,-21.685497,5.910000000032596,6.1369669999999985
150,-310388.8,-25.2726,5.230000000039581,2.5498639999999995
165,-310388.88,-27.396866,5.150000000023283,0.4255980000000008
180,-310388.38,-27.822464,5.650000000023283,0
-165,-466701.12,15.6249485,2.1600000000325963,1.4413564999999995
-150,-466701.53,15.588266,1.75,1.404674
-135,-466701.8,15.497656,1.4800000000395812,1.3140639999999983
-120,-466701.88,15.211357,1.400000000023283,1.0277649999999987
-105,-466702.84,14.601913,0.4400000000023283,0.41832099999999883
-90,-466703.28,14.183592,0,0
-75,-466703.12,14.297761,0.1600000000325963,0.11416899999999863
-60,-466702.78,14.7882185,0.5,0.6046264999999984
-45,-466702.56,15.193707,0.720000000030268,1.010114999999999
-30,-466702.47,15.317007,0.8100000000558794,1.1334149999999994
-15,-466702.38,15.318528,0.9000000000232831,1.1349359999999997
0,-466702.34,15.286283,0.9400000000023284,1.1026909999999983
15,-466702.38,15.318528,0.9000000000232831,1.1349359999999997
30,-466702.47,15.317007,0.8100000000558794,1.1334149999999994
45,-466702.56,15.193707,0.720000000030268,1.010114999999999
60,-466702.78,14.788218,0.5,0.6046259999999997
75,-466703.12,14.297762,0.1600000000325963,0.11416999999999966
90,-466703.28,14.183592,0,0
105,-466702.84,14.613966,0.4400000000023283,0.4303739999999987
120,-466701.88,15.211357,1.400000000023283,1.0277649999999987
135,-466701.8,15.497652,1.4800000000395812,1.3140599999999996
150,-466701.53,15.588266,1.75,1.404674
165,-466701.12,15.6249485,2.1600000000325963,1.4413564999999995
180,-466700.94,15.628557,2.340000000025612,1.4449649999999998
-165,-442004.3,33.20496,0.3599999999860301,0.7764969999999991
-150,-442004.66,32.428463,0,0
-135,-442004.3,32.595234,0.3599999999860301,0.16677099999999712
-120,-442003.4,33.55568,1.2599999999511056,1.1272170000000017
-105,-442002.34,35.018875,2.3199999999487773,2.5904120000000006
-90,-442001.6,36.340725,3.059999999997672,3.9122619999999984
-75,-442002.5,34.920357,2.1599999999743886,2.491894000000002
-60,-442003.6,33.500145,1.0599999999976717,1.0716820000000027
-45,-442004.44,32.554493,0.2199999999720603,0.1260300000000001
-30,-442004.66,32.50614,0,0.07767700000000133
-15,-442004.2,33.380585,0.4599999999627471,0.9521220000000028
0,-442003.34,34.68186,1.3199999999487773,2.2533969999999997
15,-442004.2,33.38244,0.4599999999627471,0.9539770000000019
30,-442004.66,32.50678,0,0.07831699999999842
45,-442004.44,32.55279,0.2199999999720603,0.12432700000000096
60,-442003.6,33.50868,1.0599999999976717,1.0802169999999975
75,-442002.5,34.92213,2.1599999999743886,2.493667000000002
90,-442001.6,36.332684,3.059999999997672,3.9042209999999997
105,-442002.34,35.014614,2.3199999999487773,2.586151000000001
120,-442003.4,33.55568,1.2599999999511056,1.1272170000000017
135,-442004.3,32.59401,0.3599999999860301,0.16554699999999656
150,-442004.66,32.431343,0,0.002879999999997551
165,-442004.3,33.206024,0.3599999999860301,0.7775609999999986
180,-442003.44,34.67857,1.2199999999720603,2.250107
-165,-315406.28,17.930613,4.019999999960419,5.693836000000001
-150,-315408.94,13.963578,1.3599999999860302,1.726801
-135,-315410.2,12.389461,0.0999999999767169,0.1526840000000007
-120,-315410.3,12.272555,0,0.03577800000000053
-105,-315409.97,12.807564,0.3300000000162981,0.5707869999999993
-90,-315409.78,13.117384,0.5199999999604188,0.8806069999999995
-75,-315410,12.771219,0.2999999999883584,0.5344420000000003
-60,-315410.3,12.236777,0,0
-45,-315410.1,12.525477,0.2000000000116415,0.2887000000000004
-30,-315408.66,14.444075,1.6400000000139698,2.2072979999999998
-15,-315405.97,18.618143,4.330000000016298,6.381366
0,-315403.4,26.17801,6.899999999965075,13.941233
15,-315405.97,18.61552,4.330000000016298,6.378743
30,-315408.66,14.444007,1.6400000000139698,2.207229999999999
45,-315410.1,12.525478,0.2000000000116415,0.28870099999999965
60,-315410.3,12.236815,0,3.799999999998249e-05
75,-315410,12.771221,0.2999999999883584,0.5344440000000006
90,-315409.78,13.117384,0.5199999999604188,0.8806069999999995
105,-315409.97,12.807562,0.3300000000162981,0.5707850000000008
120,-315410.3,12.272613,0,0.03583599999999976
135,-315410.2,12.389455,0.0999999999767169,0.15267799999999987
150,-315408.94,13.9618025,1.3599999999860302,1.7250254999999992
165,-315406.28,17.937243,4.019999999960419,5.700465999999999
180,-315403.4,26.182827,6.899999999965075,13.94605
-165,-346336.34,-3.785874,0.8199999999487773,0.2113959999999997
-150,-346336.88,-3.5626984,0.279999999969732,0.43457159999999995
-135,-346337.16,-3.2965097,0,0.7007602999999998
-120,-346337.16,-2.7428563,0,1.2544136999999997
-105,-346336.2,-2.462612,0.9599999999627472,1.5346579999999999
-90,-346336.06,-1.9622638,1.099999999976717,2.0350061999999998
-75,-346335.25,-2.2780492,1.9099999999743889,1.7192208
-60,-346335.03,-1.7804585,2.129999999946449,2.2168115
-45,-346334.75,-1.1612259,2.4099999999743886,2.8360440999999996
-30,-346334.47,-0.50470215,2.6900000000023283,3.49256785
-15,-346334.16,-0.12169603,3,3.87557397
0,-346334.03,0.08699138,3.129999999946449,4.08426138
15,-346334.16,-0.12160714,3,3.87566286
30,-346334.47,-0.5007836,2.6900000000023283,3.4964863999999998
45,-346334.75,-1.1551557,2.4099999999743886,2.8421143
60,-346335.03,-1.7827232,2.129999999946449,2.2145468
75,-346335.25,-2.27758,1.9099999999743889,1.71969
90,-346336.06,-1.962013,1.099999999976717,2.0352569999999996
105,-346336.2,-2.4633062,0.9599999999627472,1.5339638
120,-346337.16,-2.7352617,0,1.2620082999999997
135,-346337.16,-3.29457,0,0.7026999999999997
150,-346336.88,-3.5647852,0.279999999969732,0.43248479999999967
165,-346336.34,-3.7834005,0.8199999999487773,0.21386949999999993
180,-346335.88,-3.99727,1.279999999969732,0
-165,-296992.78,10.997801,0.1199999999953433,1.3815060000000017
-150,-296992.9,10.123844,0,0.5075490000000009
-135,-296992.5,9.690007,0.400000000023283,0.07371200000000044
-120,-296991.66,9.670677,1.2400000000488944,0.054382000000000374
-105,-296990.72,9.848122,2.1800000000512227,0.2318270000000009
-90,-296990.3,9.899389,2.6000000000349246,0.2830940000000002
-75,-296990.72,9.767648,2.1800000000512227,0.1513530000000003
-60,-296991.62,9.616846,1.2800000000279397,0.0005510000000015225
-45,-296992.5,9.686858,0.400000000023283,0.07056300000000171
-30,-296992.9,10.121541,0,0.5052460000000014
-15,-296992.78,10.975912,0.1199999999953433,1.359617
0,-296992.62,11.567869,0.2800000000279397,1.9515740000000008
15,-296992.78,10.975912,0.1199999999953433,1.359617
30,-296992.9,10.121539,0,0.5052440000000011
45,-296992.5,9.68634,0.400000000023283,0.07004500000000036
60,-296991.62,9.616295,1.2800000000279397,0
75,-296990.72,9.76665,2.1800000000512227,0.15035500000000113
90,-296990.3,9.899389,2.6000000000349246,0.2830940000000002
105,-296990.72,9.84812,2.1800000000512227,0.23182500000000061
120,-296991.66,9.670677,1.2400000000488944,0.054382000000000374
135,-296992.5,9.691674,0.400000000023283,0.07537900000000164
150,-296992.9,10.123846,0,0.5075510000000012
165,-296992.78,10.997801,0.1199999999953433,1.3815060000000017
180,-296992.62,11.566655,0.2800000000279397,1.9503600000000016
-165,-443527.53,-105.86736,0.3099999999976717,0.16007499999999197
-150,-443526.5,-105.19604,1.3400000000256114,0.8313950000000006
-135,-443524.75,-103.860725,3.090000000025612,2.166709999999995
-120,-443522.6,-102.03437,5.240000000048894,3.9930650000000014
-105,-443520.7,-100.30186,7.14000000001397,5.725574999999992
-90,-443519.88,-99.53411,7.960000000020955,6.493324999999999
-75,-443520.66,-100.27961,7.180000000051223,5.747824999999992
-60,-443522.56,-101.99168,5.28000000002794,4.035754999999995
-45,-443524.72,-103.82335,3.120000000053551,2.204084999999992
-30,-443526.47,-105.16835,1.370000000053551,0.8590849999999932
-15,-443527.53,-105.85097,0.3099999999976717,0.1764649999999932
0,-443527.84,-106.027435,0,0
15,-443527.53,-105.86157,0.3099999999976717,0.1658649999999966
30,-443526.47,-105.19551,1.370000000053551,0.8319249999999982
45,-443524.72,-103.85483,3.120000000053551,2.17260499999999
60,-443522.56,-102.02894,5.28000000002794,3.9984949999999913
75,-443520.7,-100.296165,7.14000000001397,5.731269999999995
90,-443519.88,-99.5332,7.960000000020955,6.494235000000003
105,-443520.7,-100.27728,7.14000000001397,5.750154999999992
120,-443522.6,-101.99867,5.240000000048894,4.028764999999993
135,-443524.75,-103.81129,3.090000000025612,2.2161449999999974
150,-443526.47,-105.1589,1.370000000053551,0.8685349999999943
165,-443527.53,-105.84532,0.3099999999976717,0.18211499999999603
180,-443527.84,-106.027275,0,0.00015999999999394277
-165,-361208.03,0.9620569,1,1.20788417
-150,-361208.2,1.235563,0.8300000000162981,1.48139027
-135,-361208.25,1.4707551,0.7800000000279397,1.71658237
-120,-361208.34,1.6775324,0.6900000000023283,1.92335967
-105,-361208.56,1.6611652,0.470000000030268,1.9069924699999998
-90,-361208.88,1.4338213,0.150000000023283,1.67964857
-75,-361209.03,0.9722618,0,1.21808907
-60,-361208.94,0.35737813,0.0900000000256113,0.6032054
-45,-361208.5,-0.10177174,0.5300000000279397,0.14405553
-30,-361207.88,-0.24582727,1.150000000023283,0
-15,-361207.22,-0.08578928,1.8100000000558796,0.16003799
0,-361206.75,0.21480961,2.28000000002794,0.46063688
15,-361207.22,-0.08440529,1.8100000000558796,0.16142198
30,-361207.88,-0.24428464,1.150000000023283,0.0015426299999999893
45,-361208.5,-0.10074332,0.5300000000279397,0.14508395
60,-361208.94,0.3579124,0.0900000000256113,0.60373967
75,-361209.03,0.97243404,0,1.21826131
90,-361208.88,1.4338295,0.150000000023283,1.67965677
105,-361208.56,1.6613694,0.470000000030268,1.90719667
120,-361208.34,1.6777458,0.6900000000023283,1.92357307
135,-361208.25,1.4662048,0.7800000000279397,1.71203207
150,-361208.2,1.2370692,0.8300000000162981,1.48289647
165,-361208.03,0.9634518,1,1.20927907
180,-361207.66,0.65404475,1.370000000053551,0.8998720199999999
-165,-334131.12,19.936365,0.3200000000069849,0.3657869999999974
-150,-334130.2,20.974712,1.2399999999906868,1.404133999999999
-135,-334128.72,22.648085,2.720000000030268,3.077506999999997
-120,-334126.94,24.596104,4.5,5.025525999999999
-105,-334125.28,26.388197,6.159999999974389,6.8176190000000005
-90,-334124.34,27.474844,7.099999999976717,7.904266
-75,-334124.3,27.70822,7.14000000001397,8.137642
-60,-334124.94,27.423838,6.5,7.853259999999999
-45,-334125.7,27.094576,5.739999999990687,7.523997999999999
-30,-334126.16,26.962835,5.28000000002794,7.392256999999997
-15,-334126.25,27.111326,5.190000000002328,7.540747999999997
0,-334126.22,27.216372,5.220000000030268,7.645793999999999
15,-334126.25,27.111319,5.190000000002328,7.540741000000001
30,-334126.16,26.96284,5.28000000002794,7.392261999999999
45,-334125.7,27.094576,5.739999999990687,7.523997999999999
60,-334124.94,27.423845,6.5,7.853266999999999
75,-334124.3,27.70822,7.14000000001397,8.137642
90,-334124.34,27.475008,7.099999999976717,7.904429999999998
105,-334125.28,26.407095,6.159999999974389,6.836517000000001
120,-334126.94,24.615822,4.5,5.045244
135,-334128.72,22.645042,2.720000000030268,3.074463999999999
150,-334130.2,20.97648,1.2399999999906868,1.4059019999999975
165,-334131.12,19.936361,0.3200000000069849,0.3657830000000004
180,-334131.44,19.570578,0,0
-165,-285672.84,7.718502,8.599999999976717,7.79268325
-150,-285673.56,6.9277906,7.880000000004657,7.001971849999999
-135,-285674.44,5.8518376,7,5.926018849999999
-120,-285675.34,4.926492,6.099999999976717,5.000673249999999
-105,-285676.2,4.2318287,5.239999999990687,4.30600995
-90,-285676.9,3.8246176,4.539999999979045,3.89879885
-75,-285677.6,3.391408,3.8400000000256114,3.4655892500000003
-60,-285678.5,2.8599458,2.9400000000023283,2.9341270500000003
-45,-285679.84,2.0972896,1.599999999976717,2.17147085
-30,-285681,1.0918257,0.4400000000023283,1.16600695
-15,-285681.44,0.25923502,0,0.33341626999999996
0,-285681.16,-0.07418125,0.2800000000279397,0
15,-285680.38,0.04584497,1.0599999999976717,0.12002622
30,-285679.34,0.4924678,2.099999999976717,0.56664905
45,-285678.03,1.1914403,3.4099999999743886,1.26562155
60,-285676.34,2.2914934,5.099999999976717,2.36567465
75,-285674.72,3.9349449,6.720000000030268,4.00912615
90,-285673.28,6.320639,8.159999999974389,6.3948202499999995
105,-285671.88,8.643999,9.559999999997672,8.718180250000001
120,-285670.94,9.63906,10.5,9.713241250000001
135,-285670.94,9.472004,10.5,9.54618525
150,-285671.2,8.805415,10.239999999990689,8.87959625
165,-285671.7,8.877398,9.739999999990689,8.95157925
180,-285672.28,8.210726,9.159999999974389,8.28490725
-165,-311625.84,10.063241,1.0399999999790452,1.307608
-150,-311626.28,9.053833,0.5999999999767169,0.2981999999999996
-135,-311626.16,8.755633,0.720000000030268,0
-120,-311625.47,9.144238,1.4100000000325963,0.3886050000000001
-105,-311624.44,9.694188,2.4400000000023283,0.9385550000000009
-90,-311623.66,9.843327,3.220000000030268,1.0876940000000008
-75,-311623.6,9.464477,3.28000000002794,0.7088440000000009
-60,-311624.3,8.991182,2.580000000016298,0.23554900000000067
-45,-311625.44,8.953979,1.4400000000023283,0.1983460000000008
-30,-311626.4,9.637731,0.4799999999813735,0.8820980000000009
-15,-311626.84,11.067485,0.0399999999790452,2.311852
0,-311626.88,12.035881,0,3.2802480000000003
15,-311626.84,11.061111,0.0399999999790452,2.305478000000001
30,-311626.4,9.638837,0.4799999999813735,0.883204000000001
45,-311625.44,8.953979,1.4400000000023283,0.1983460000000008
60,-311624.3,8.991779,2.580000000016298,0.23614599999999975
75,-311623.6,9.466872,3.28000000002794,0.7112390000000008
90,-311623.66,9.851101,3.220000000030268,1.0954680000000003
105,-311624.44,9.69419,2.4400000000023283,0.9385570000000012
120,-311625.47,9.149634,1.4100000000325963,0.39400100000000116
135,-311626.16,8.755673,0.720000000030268,4.000000000026205e-05
150,-311626.28,9.052848,0.5999999999767169,0.29721499999999956
165,-311625.84,10.064032,1.0399999999790452,1.3083989999999996
180,-311625.5,10.748785,1.3800000000046566,1.9931520000000003
-165,-297896.38,-56.38625,7.0200000000186265,10.26323
-150,-297896.06,-56.866444,7.340000000025611,9.783035999999996
-135,-297895.7,-57.292454,7.7000000000116415,9.357025999999998
-120,-297895.3,-58.210327,8.100000000034925,8.439152999999997
-105,-297895.6,-60.499077,7.800000000046566,6.150402999999997
-90,-297897.47,-61.629612,5.930000000051223,5.019867999999995
-75,-297899.66,-63.13682,3.7400000000488944,3.512659999999997
-60,-297900,-63.812874,3.400000000023283,2.836605999999996
-45,-297901.53,-64.84026,1.8699999999953436,1.8092199999999963
-30,-297902.56,-65.84653,0.8400000000256114,0.8029499999999956
-15,-297903.2,-66.2502,0.2000000000116415,0.3992799999999903
0,-297903.4,-66.64948,0,0
15,-297903.2,-66.13849,0.2000000000116415,0.5109899999999925
30,-297902.56,-65.60267,0.8400000000256114,1.0468099999999936
45,-297901.53,-64.85252,1.8699999999953436,1.7969599999999986
60,-297900,-63.81468,3.400000000023283,2.834799999999994
75,-297899.66,-63.138573,3.7400000000488944,3.510906999999996
90,-297897.47,-61.638874,5.930000000051223,5.010605999999996
105,-297895.6,-60.514717,7.800000000046566,6.1347629999999995
120,-297895.3,-58.16653,8.100000000034925,8.482949999999995
135,-297895.7,-57.303795,7.7000000000116415,9.345684999999996
150,-297896.06,-57.09914,7.340000000025611,9.550339999999998
165,-297896.38,-56.456303,7.0200000000186265,10.193176999999999
180,-297896.53,-55.88552,6.869999999995343,10.763959999999997
-165,-332500.66,31.726023,0.620000000053551,0.17088500000000195
-150,-332501.12,32.565548,0.1600000000325963,1.0104100000000003
-135,-332501.28,34.188507,0,2.633369000000002
-120,-332501.06,36.3154,0.2200000000302679,4.760261999999997
-105,-332500.66,38.571705,0.620000000053551,7.016567000000002
-90,-332500.38,39.918545,0.9000000000232831,8.363407000000002
-75,-332500.6,38.862453,0.6800000000512227,7.307315000000003
-60,-332501,36.639767,0.2800000000279397,5.084629
-45,-332501.28,34.510643,0,2.9555050000000023
-30,-332501.16,32.872147,0.120000000053551,1.3170089999999988
-15,-332500.72,31.89604,0.5600000000558794,0.3409019999999998
0,-332500.28,31.555138,1,0
15,-332500.72,31.90103,0.5600000000558794,0.3458919999999992
30,-332501.16,32.876614,0.120000000053551,1.321475999999997
45,-332501.28,34.510643,0,2.9555050000000023
60,-332501,36.640068,0.2800000000279397,5.08493
75,-332500.6,38.86426,0.6800000000512227,7.309122000000002
90,-332500.38,39.918507,0.9000000000232831,8.363368999999999
105,-332500.66,38.575035,0.620000000053551,7.019897
120,-332501.06,36.31614,0.2200000000302679,4.761001999999998
135,-332501.28,34.188385,0,2.6332469999999972
150,-332501.12,32.565548,0.1600000000325963,1.0104100000000003
165,-332500.66,31.72835,0.620000000053551,0.17321199999999948
180,-332500.28,31.557762,1,0.002624000000000848
-165,-670545.4,-120.55823,0.5,1.2203000000000088
-150,-670543.94,-117.6968,1.9600000000791624,4.081730000000007
-135,-670542,-114.559875,3.900000000023283,7.218654999999998
-120,-670538.9,-110.23165,7,11.546880000000002
-105,-670534.94,-105.68276,10.960000000079162,16.09577
-90,-670530.56,-100.92452,15.339999999967404,20.854010000000002
-75,-670530.9,-99.62803,15,22.150500000000008
-60,-670533.44,-104.41565,12.460000000079162,17.362880000000004
-45,-670535.1,-108.46023,10.800000000046566,13.318300000000008
-30,-670535.8,-111.35439,10.099999999976715,10.424140000000008
-15,-670535.8,-112.92541,10.099999999976715,8.853120000000004
0,-670535.3,-112.85868,10.599999999976715,8.919849999999997
15,-670535.8,-112.90453,10.099999999976715,8.87400000000001
30,-670535.8,-111.35196,10.099999999976715,10.426569999999998
45,-670535.1,-108.46518,10.800000000046566,13.31335
60,-670533.44,-104.451416,12.460000000079162,17.32711400000001
75,-670530.9,-99.630714,15,22.147816000000006
90,-670530.6,-100.80305,15.300000000046566,20.975480000000005
105,-670534.94,-105.54486,10.960000000079162,16.233670000000004
120,-670538.9,-110.23965,7,11.538880000000006
135,-670542,-114.61376,3.900000000023283,7.164770000000004
150,-670544.25,-118.39545,1.650000000023283,3.3830800000000067
165,-670545.3,-120.60593,0.5999999999767169,1.1726000000000028
180,-670545.9,-121.77853,0,0
-165,-374951.28,25.938295,0,0
-150,-374950.62,26.230656,0.6600000000325963,0.29236099999999965
-135,-374949.3,27.206999,1.9800000000395808,1.2687039999999996
-120,-374947.94,28.412664,3.340000000025612,2.4743689999999994
-105,-374949.47,26.83481,1.8100000000558796,0.8965150000000008
-90,-374950.72,26.023201,0.5600000000558794,0.08490600000000015
-75,-374951.28,25.949373,0,0.011078000000001254
-60,-374950.56,27.068596,0.720000000030268,1.1303009999999993
-45,-374948.38,29.701347,2.900000000023283,3.7630519999999983
-30,-374945.75,31.761703,5.53000000002794,5.823408000000001
-15,-374948.56,28.854876,2.720000000030268,2.9165810000000008
0,-374950.5,26.624603,0.7800000000279397,0.6863080000000004
15,-374951.28,25.952091,0,0.013795999999999253
30,-374950.94,26.23192,0.3400000000256113,0.2936249999999987
45,-374949.8,27.09309,1.4800000000395812,1.154795
60,-374948.38,28.217691,2.900000000023283,2.2793959999999984
75,-374949.94,26.761631,1.3400000000256114,0.8233360000000012
90,-374951,26.080011,0.2800000000279397,0.14171599999999884
105,-374951.25,26.01446,0.0300000000279396,0.0761649999999996
120,-374950.34,27.058998,0.9400000000023284,1.120702999999999
135,-374948.16,29.715416,3.120000000053551,3.777121000000001
150,-374945.84,32.059063,5.440000000002328,6.120768000000002
165,-374948.75,28.814417,2.53000000002794,2.8761219999999987
180,-374950.7,26.627508,0.5800000000162981,0.6892129999999987
-165,-395967.12,-62.403145,0.0999999999767169,0.8850249999999988
-150,-395966.56,-62.18086,0.6599999999743886,1.1073099999999982
-135,-395965.7,-61.42419,1.5199999999604188,1.863979999999998
-120,-395964.75,-59.790108,2.4699999999720603,3.4980620000000044
-105,-395963.9,-58.308853,3.3199999999487773,4.979317000000002
-90,-395963.28,-56.70682,3.9399999999441206,6.5813500000000005
-75,-395962.88,-55.910366,4.339999999967404,7.377803999999998
-60,-395962.88,-55.22564,4.339999999967404,8.062530000000002
-45,-395962.7,-54.871716,4.519999999960419,8.416454000000002
-30,-395962.22,-54.781517,5,8.506653
-15,-395961.75,-54.634563,5.46999999997206,8.653607000000001
0,-395961.47,-54.898933,5.75,8.389237000000001
15,-395961.75,-54.53051,5.46999999997206,8.757660000000001
30,-395962.22,-54.764122,5,8.524048
45,-395962.7,-54.89003,4.519999999960419,8.398139999999998
60,-395962.84,-55.41468,4.379999999946449,7.873490000000004
75,-395962.88,-55.80178,4.339999999967404,7.48639
90,-395963.28,-56.577362,3.9399999999441206,6.710808
105,-395963.9,-58.219833,3.3199999999487773,5.068337
120,-395964.75,-59.791893,2.4699999999720603,3.496276999999999
135,-395965.7,-61.38647,1.5199999999604188,1.9016999999999982
150,-395966.56,-62.06092,0.6599999999743886,1.227249999999998
165,-395967.12,-62.38552,0.0999999999767169,0.9026500000000013
180,-395967.22,-63.28817,0,0
-165,-382736.22,-128.43245,0.5600000000558794,0.004520000000013624
-150,-382734.7,-128.11807,2.080000000016298,0.3189000000000135
-135,-382732.9,-126.399055,3.8800000000046566,2.037914999999998
-120,-382731.12,-125.8833,5.660000000032596,2.5536699999999968
-105,-382729.53,-125.4021,7.25,3.034869999999998
-90,-382728.47,-124.780014,8.31000000005588,3.656956000000008
-75,-382728.2,-124.21183,8.580000000016298,4.225139999999996
-60,-382728.72,-123.47858,8.06000000005588,4.9583900000000085
-45,-382729.94,-122.746,6.840000000025611,5.690970000000007
-30,-382731.25,-122.611244,5.53000000002794,5.825726000000003
-15,-382732.16,-122.56982,4.620000000053551,5.867149999999995
0,-382732.3,-122.1056,4.480000000039581,6.331370000000007
15,-382732.16,-122.567566,4.620000000053551,5.869404000000003
30,-382731.25,-122.62919,5.53000000002794,5.807780000000008
45,-382729.94,-122.745926,6.840000000025611,5.691044000000005
60,-382728.72,-123.47392,8.06000000005588,4.9630499999999955
75,-382728.2,-124.21674,8.580000000016298,4.220230000000001
90,-382728.47,-124.78449,8.31000000005588,3.652479999999997
105,-382729.53,-125.407684,7.25,3.029285999999999
120,-382731.12,-125.88455,5.660000000032596,2.552419999999998
135,-382732.9,-126.40282,3.8800000000046566,2.034149999999997
150,-382734.72,-128.08488,2.06000000005588,0.352090000000004
165,-382736.22,-128.3862,0.5600000000558794,0.05076999999999998
180,-382736.78,-128.43697,0,0
-165,-421260.75,-2.8920074,0.9699999999720604,0.4628770000000002
-150,-421261.66,-3.2925992,0.0599999999976716,0.06228519999999982
-135,-421261.6,-2.9139435,0.1199999999953433,0.4409409000000002
-120,-421260.88,-2.078738,0.8399999999674037,1.2761464
-105,-421259.97,-1.189657,1.75,2.1652274
-90,-421259.62,-0.7339279,2.099999999976717,2.6209565
-75,-421260.2,-1.1844311,1.5199999999604188,2.1704533
-60,-421261.16,-2.2092235,0.5599999999976717,1.1456609000000002
-45,-421261.72,-3.1031291,0,0.2517553000000001
-30,-421261.44,-3.3548844,0.279999999969732,0
-15,-421260.3,-2.8091283,1.419999999983702,0.5457561000000002
0,-421258.53,-1.5230806,3.1899999999441206,1.8318038
15,-421260.3,-2.8089097,1.419999999983702,0.5459746999999999
30,-421261.44,-3.3539398,0.279999999969732,0.0009445999999999621
45,-421261.72,-3.0997741,0,0.2551103000000001
60,-421261.16,-2.2076771,0.5599999999976717,1.1472072999999998
75,-421260.2,-1.1828227,1.5199999999604188,2.1720617
90,-421259.62,-0.7325312,2.099999999976717,2.6223532
105,-421259.97,-1.1975853,1.75,2.1572991
120,-421260.88,-2.0795512,0.8399999999674037,1.2753332
135,-421261.6,-2.9139435,0.1199999999953433,0.4409409000000002
150,-421261.66,-3.2849774,0.0599999999976716,0.06990700000000016
165,-421260.75,-2.8917887,0.9699999999720604,0.4630956999999998
180,-421259,-1.6723038,2.7199999999720603,1.6825806
-165,-477750.06,17.417505,0.6599999999743886,0.7911789999999996
-150,-477747.34,16.626326,3.379999999946449,0
-135,-477746.72,17.872112,4,1.2457860000000025
-120,-477748.47,18.315592,2.25,1.689266
-105,-477749.66,17.892067,1.0599999999976717,1.265741000000002
-90,-477750.53,17.542055,0.1899999999441206,0.9157290000000025
-75,-477750.72,17.095312,0,0.468986000000001
-60,-477750.2,16.89789,0.5199999999604188,0.27156400000000147
-45,-477748.94,17.272724,1.779999999969732,0.6463980000000014
-30,-477747.38,18.222588,3.339999999967404,1.5962619999999994
-15,-477745.94,19.198229,4.779999999969732,2.5719030000000025
0,-477745.03,19.580801,5.689999999944121,2.954475000000002
15,-477745.94,19.198013,4.779999999969732,2.5716870000000007
30,-477747.38,18.22707,3.339999999967404,1.6007440000000024
45,-477748.94,17.27703,1.779999999969732,0.6507040000000011
60,-477750.2,16.890368,0.5199999999604188,0.2640419999999999
75,-477750.72,17.096336,0,0.47001000000000204
90,-477750.53,17.540264,0.1899999999441206,0.9139380000000017
105,-477749.66,17.904226,1.0599999999976717,1.2779000000000025
120,-477748.47,18.317919,2.25,1.691593000000001
135,-477748.62,18.80559,2.099999999976717,2.179264
150,-477749.4,18.099062,1.3199999999487773,1.4727360000000012
165,-477750.06,17.417505,0.6599999999743886,0.7911789999999996
180,-477750.28,17.164858,0.4399999999441206,0.538532
-165,-450770.9,30.317997,8.539999999979045,9.740010999999999
-150,-450772.8,27.422497,6.64000000001397,6.844511000000001
-135,-450775.9,23.879517,3.539999999979045,3.3015310000000007
-120,-450778,22.25219,1.4400000000023283,1.6742039999999996
-105,-450779.1,21.80863,0.3400000000256113,1.2306440000000016
-90,-450779.44,21.710285,0,1.1322989999999997
-75,-450779.03,21.716879,0.4099999999743886,1.1388929999999995
-60,-450778.1,21.803068,1.3400000000256114,1.2250820000000004
-45,-450776.4,20.915764,3.039999999979045,0.33777800000000013
-30,-450775.62,21.651493,3.820000000006985,1.0735069999999993
-15,-450775.12,22.304173,4.320000000006985,1.7261869999999995
0,-450774.97,22.862295,4.470000000030268,2.2843090000000004
15,-450775.12,22.299347,4.320000000006985,1.7213610000000017
30,-450775.62,21.649422,3.820000000006985,1.071436000000002
45,-450776.4,20.919167,3.039999999979045,0.3411810000000024
60,-450777.25,20.589354,2.1900000000023283,0.011368000000000933
75,-450777.72,20.577986,1.720000000030268,0
90,-450777.62,20.71782,1.820000000006985,0.13983400000000046
105,-450777.16,22.010027,2.28000000002794,1.4320410000000017
120,-450778,22.250305,1.4400000000023283,1.6723190000000017
135,-450774.72,25.010502,4.720000000030268,4.432516
150,-450772.8,27.421553,6.64000000001397,6.843567
165,-450770.9,30.316568,8.539999999979045,9.738582000000001
180,-450769.84,32.67391,9.599999999976715,12.095924
-165,-386546.8,-22.469791,0.4199999999837018,0
-150,-386545.56,-21.09375,1.6599999999743886,1.3760410000000007
-135,-386543.5,-19.804268,3.71999999997206,2.6655230000000003
-120,-386540.66,-17.131586,6.559999999997672,5.338205000000002
-105,-386540,-3.4169562,7.21999999997206,19.0528348
-90,-386541.62,-6.400842,5.599999999976717,16.068949
-75,-386542.94,-9.616608,4.279999999969732,12.853183000000001
-60,-386543.47,-12.336567,3.75,10.133224
-45,-386543.44,-14.710026,3.779999999969732,7.759765000000002
-30,-386543,-14.944424,4.21999999997206,7.525367000000001
-15,-386541.66,-12.547764,5.559999999997672,9.922027
0,-386541.03,-13.519598,6.189999999944121,8.950193
15,-386541.66,-12.633761,5.559999999997672,9.836030000000001
30,-386543,-15.020231,4.21999999997206,7.44956
45,-386543.44,-14.762819,3.779999999969732,7.706972
60,-386543.47,-12.352233,3.75,10.117558
75,-386542.94,-9.696762,4.279999999969732,12.773029000000001
90,-386541.62,-6.437928,5.599999999976717,16.031863
105,-386540,-3.4384613,7.21999999997206,19.0313297
120,-386540.66,-17.083752,6.559999999997672,5.386039
135,-386543.44,-19.586103,3.779999999969732,2.8836879999999994
150,-386545.56,-21.181908,1.6599999999743886,1.2878830000000008
165,-386546.84,-22.368044,0.3799999999464489,0.10174699999999959
180,-386547.22,-21.59422,0,0.8755710000000008
-165,-441992.06,34.514736,4.409999999974389,6.296313999999999
-150,-441993.16,32.14169,3.309999999997672,3.9232679999999966
-135,-441993.5,30.495644,2.9699999999720603,2.2772219999999983
-120,-441993.3,29.53518,3.169999999983702,1.316758
-105,-441993.03,28.98876,3.4399999999441206,0.7703379999999989
-90,-441993.34,28.79235,3.129999999946449,0.5739279999999987
-75,-441994.2,28.785286,2.269999999960419,0.5668639999999989
-60,-441995,28.671053,1.4699999999720603,0.4526310000000002
-45,-441995.84,28.226143,0.629999999946449,0.007721000000000089
-30,-441996.44,28.552874,0.029999999969732,0.33445199999999886
-15,-441996.47,29.334969,0,1.1165470000000006
0,-441996.1,30.19862,0.3699999999953434,1.980197999999998
15,-441996.47,29.333725,0,1.1153030000000008
30,-441996.44,28.540646,0.029999999969732,0.3222239999999985
45,-441995.84,28.218422,0.629999999946449,0
60,-441995,28.672153,1.4699999999720603,0.4537310000000012
75,-441994.2,28.785133,2.269999999960419,0.566710999999998
90,-441993.34,28.758598,3.129999999946449,0.5401759999999989
105,-441993.03,28.979029,3.4399999999441206,0.7606070000000003
120,-441993.3,29.525488,3.169999999983702,1.307065999999999
135,-441993.5,30.49558,2.9699999999720603,2.277158
150,-441993.16,32.141075,3.309999999997672,3.9226530000000004
165,-441992.06,34.513424,4.409999999974389,6.295002
180,-441990.28,37.244286,6.189999999944121,9.025864000000002
-165,-409061.4,10.709021,0.5,0.28773299999999935
-150,-409060,12.032844,1.900000000023283,1.6115560000000002
-135,-409058.06,14.210021,3.8400000000256114,3.788732999999999
-120,-409056.1,16.400335,5.800000000046566,5.979046999999998
-105,-409054.56,18.25303,7.340000000025611,7.831741999999998
-90,-409053.78,19.198912,8.119999999995343,8.777624
-75,-409053.72,18.88132,8.180000000051223,8.460031999999998
-60,-409053.9,17.777136,8,7.355847999999998
-45,-409054,16.64479,7.900000000023283,6.223502
-30,-409053.75,15.974365,8.150000000023283,5.553077
-15,-409053.16,15.981487,8.740000000048894,5.560198999999999
0,-409052.34,16.73792,9.559999999997672,6.3166319999999985
15,-409053.16,15.979961,8.740000000048894,5.558672999999999
30,-409053.75,15.97212,8.150000000023283,5.550832
45,-409054,16.64634,7.900000000023283,6.225051999999998
60,-409053.9,17.7785,8,7.3572120000000005
75,-409053.72,18.881653,8.180000000051223,8.460365
90,-409053.78,19.201925,8.119999999995343,8.780636999999999
105,-409054.56,18.251808,7.340000000025611,7.83052
120,-409056.1,16.43383,5.800000000046566,6.012542
135,-409058.06,14.208093,3.8400000000256114,3.7868049999999993
150,-409060,12.042405,1.900000000023283,1.621117
165,-409061.4,10.733944,0.5,0.3126559999999987
180,-409061.9,10.421288,0,0
-165,-413521.22,50.787178,1.9800000000395808,2.2291139999999956
-150,-413520.94,49.803085,2.260000000009313,1.2450210000000013
-135,-413520.28,49.69696,2.919999999983702,1.1388959999999955
-120,-413519.3,50.307632,3.900000000023283,1.7495679999999965
-105,-413518.56,51.020264,4.64000000001397,2.4621999999999957
-90,-413518.53,51.122883,4.669999999983702,2.564819
-75,-413519.44,50.50154,3.760000000009313,1.9434759999999969
-60,-413520.84,49.577156,2.35999999998603,1.0190920000000006
-45,-413522.12,48.87442,1.080000000016298,0.31635599999999897
-30,-413522.9,48.558064,0.2999999999883584,0
-15,-413523.16,48.57453,0.0400000000372529,0.016466000000001202
0,-413523.2,48.661266,0,0.10320199999999602
15,-413523.16,48.57453,0.0400000000372529,0.016466000000001202
30,-413522.9,48.558064,0.2999999999883584,0
45,-413522.12,48.87442,1.080000000016298,0.31635599999999897
60,-413520.84,49.577156,2.35999999998603,1.0190920000000006
75,-413519.44,50.501545,3.760000000009313,1.9434809999999985
90,-413518.53,51.122883,4.669999999983702,2.564819
105,-413518.56,51.024876,4.64000000001397,2.4668119999999973
120,-413519.3,50.31421,3.900000000023283,1.756146000000001
135,-413520.28,49.696957,2.919999999983702,1.138892999999996
150,-413520.94,49.803085,2.260000000009313,1.2450210000000013
165,-413521.22,50.78718,1.9800000000395808,2.2291159999999977
180,-413521.25,51.50245,1.9500000000116413,2.9443860000000015
-165,-443943.7,-12.468307,0.0999999999767169,0.5177190000000014
-150,-443943.8,-11.388107,0,1.597919000000001
-135,-443943.75,-10.043122,0.0499999999883584,2.9429040000000004
-120,-443943.12,-8.907658,0.6799999999930151,4.078368000000001
-105,-443943.56,-9.54541,0.2399999999906867,3.4406160000000003
-90,-443943.75,-10.683814,0.0499999999883584,2.302212000000001
-75,-443943.1,-10.872051,0.7000000000116415,2.113975
-60,-443942.16,-9.556869,1.6400000000139698,3.429157
-45,-443940.3,-7.040468,3.5,5.945558000000001
-30,-443938.1,-3.8536687,5.7000000000116415,9.1323573
-15,-443936.16,-0.82563245,7.64000000001397,12.16039355
0,-443934.72,1.2572045,9.080000000016298,14.243230500000001
15,-443936.16,-0.8316498,7.64000000001397,12.154376200000002
30,-443938.1,-3.8362145,5.7000000000116415,9.1498115
45,-443940.3,-7.0531883,3.5,5.9328377
60,-443942.2,-9.4338665,1.599999999976717,3.5521595
75,-443943.1,-10.794883,0.7000000000116415,2.1911430000000003
90,-443943.72,-10.711917,0.0800000000162981,2.274109000000001
105,-443943.56,-9.54603,0.2399999999906867,3.4399960000000007
120,-443943.12,-8.880058,0.6799999999930151,4.105968000000001
135,-443943.75,-10.040817,0.0499999999883584,2.945209
150,-443943.8,-11.388173,0,1.5978530000000006
165,-443943.7,-12.468657,0.0999999999767169,0.5173690000000004
180,-443943.34,-12.986026,0.4599999999627471,0
-165,-368130.3,-168.77135,0.2999999999883584,0.4606799999999964
-150,-368129.34,-169.0956,1.2599999999511056,0.13643000000001848
-135,-368127.97,-169.2307,2.6300000000046566,0.0013299999999958345
-120,-368126.53,-169.17242,4.069999999948777,0.05961000000002059
-105,-368125.47,-168.99309,5.130000000004657,0.2389400000000137
-90,-368125.12,-168.84377,5.4799999999813735,0.3882600000000025
-75,-368125.66,-168.82405,4.940000000002328,0.4079800000000091
-60,-368126.84,-168.93239,3.7599999999511056,0.2996400000000108
-45,-368128.28,-169.02283,2.3199999999487773,0.20920000000000982
-30,-368129.56,-168.9645,1.0399999999790452,0.26753000000002203
-15,-368130.34,-168.7137,0.2599999999511055,0.5183300000000202
0,-368130.6,-168.35847,0,0.8735599999999977
15,-368130.34,-168.71252,0.2599999999511055,0.5195099999999968
30,-368129.56,-168.96196,1.0399999999790452,0.27007000000000403
45,-368128.28,-169.01123,2.3199999999487773,0.220799999999997
60,-368126.84,-168.93256,3.7599999999511056,0.29947000000001367
75,-368125.66,-168.83365,4.940000000002328,0.39838000000000306
90,-368125.12,-168.84377,5.4799999999813735,0.3882600000000025
105,-368125.47,-168.9775,5.130000000004657,0.2545300000000168
120,-368126.53,-169.1733,4.069999999948777,0.05872999999999706
135,-368127.97,-169.23203,2.6300000000046566,0
150,-368129.34,-169.0983,1.2599999999511056,0.13373000000001412
165,-368130.3,-168.77962,0.2999999999883584,0.45241000000001463
180,-368130.6,-168.32687,0,0.9051599999999951
-165,-456624.28,-55.85432,0,0.11920999999999538
-150,-456624,-55.97353,0.2800000000279397,0
-135,-456623.3,-55.269527,0.9800000000395812,0.7040030000000002
-120,-456622.3,-54.077507,1.9800000000395808,1.8960229999999996
-105,-456621.12,-52.603027,3.1600000000325963,3.3705029999999994
-90,-456620.06,-51.229218,4.220000000030268,4.744311999999994
-75,-456621.7,-51.817936,2.580000000016298,4.155593999999994
-60,-456622.16,-53.195667,2.120000000053551,2.7778629999999964
-45,-456621.84,-53.844418,2.4400000000023283,2.1291119999999992
-30,-456620.94,-53.542023,3.340000000025612,2.4315069999999963
-15,-456619.75,-52.22813,4.53000000002794,3.7453999999999965
0,-456618.6,-50.241444,5.680000000051223,5.732085999999995
15,-456619.75,-52.228123,4.53000000002794,3.745407
30,-456620.94,-53.53916,3.340000000025612,2.434369999999994
45,-456621.84,-53.84442,2.4400000000023283,2.129109999999997
60,-456622.16,-53.195667,2.120000000053551,2.7778629999999964
75,-456621.7,-51.817932,2.580000000016298,4.155597999999998
90,-456620.06,-51.229233,4.220000000030268,4.744296999999996
105,-456621.12,-52.60466,3.1600000000325963,3.368869999999994
120,-456622.3,-54.077454,1.9800000000395808,1.8960759999999937
135,-456623.3,-55.269524,0.9800000000395812,0.7040059999999997
150,-456624,-55.97353,0.2800000000279397,0
165,-456624.28,-55.85432,0,0.11920999999999538
180,-456624.06,-54.81321,0.2200000000302679,1.1603199999999987
-165,-611602.44,-100.59818,0.9600000000791624,5.531794000000005
-150,-611603.06,-102.71362,0.3399999999674037,3.4163539999999983
-135,-611603.4,-104.745705,0,1.3842690000000033
-120,-611602.94,-105.78203,0.4600000000791624,0.34794399999999825
-105,-611601.44,-105.44586,1.9600000000791624,0.6841140000000081
-90,-611599.3,-104.277596,4.099999999976717,1.8523780000000016
-75,-611597.5,-103.4012,5.900000000023283,2.7287740000000014
-60,-611597.1,-103.937874,6.300000000046566,2.1921000000000106
-45,-611600.1,-105.14117,3.300000000046566,0.9888040000000018
-30,-611602.25,-106.129974,1.150000000023283,0
-15,-611603.4,-105.31724,0,0.8127340000000061
0,-611602.9,-101.88684,0.5,4.243133999999998
15,-611603.06,-104.47922,0.3399999999674037,1.6507540000000063
30,-611602.3,-105.00748,1.099999999976717,1.1224940000000032
45,-611601.06,-104.83013,2.339999999967404,1.2998440000000073
60,-611599.1,-104.63625,4.300000000046566,1.4937240000000003
75,-611596.56,-103.91809,6.839999999967404,2.2118839999999977
90,-611594.25,-103.3943,9.150000000023285,2.735674000000003
105,-611593.1,-103.54633,10.300000000046566,2.5836440000000067
120,-611602.06,-105.26992,1.3399999999674037,0.8600540000000052
135,-611603.06,-104.49983,0.3399999999674037,1.6301440000000014
150,-611602.94,-102.43129,0.4600000000791624,3.698684
165,-611602.25,-99.849525,1.150000000023283,6.280449000000004
180,-611601.9,-98.543335,1.5,7.586639000000005
-165,-470730.34,21.862658,4.319999999948777,4.223186999999999
-150,-470729.56,22.18079,5.099999999976717,4.541318999999998
-135,-470728.53,22.703207,6.129999999946449,5.063735999999999
-120,-470732.1,19.464388,2.559999999997672,1.8249169999999992
-105,-470733.22,18.703363,1.4400000000023283,1.0638919999999992
-90,-470734,18.050465,0.6599999999743886,0.41099399999999875
-75,-470734.12,17.639471,0.5399999999790452,0
-60,-470733.6,17.671753,1.0599999999976717,0.03228199999999859
-45,-470731.75,21.8314,2.9099999999743886,4.191928999999998
-30,-470730.06,19.287874,4.599999999976717,1.6484029999999983
-15,-470728,20.157057,6.659999999974389,2.517585999999998
0,-470725.28,24.388372,9.379999999946447,6.748901
15,-470728.84,19.983435,5.819999999948777,2.3439639999999997
30,-470731.1,19.255552,3.559999999997672,1.6160810000000012
45,-470733.12,18.777834,1.5399999999790452,1.1383629999999982
60,-470734.3,18.691639,0.3599999999860301,1.0521679999999982
75,-470734.66,19.134083,0,1.494612
90,-470733.97,19.692608,0.6900000000023283,2.0531369999999995
105,-470732.75,20.546392,1.9099999999743889,2.9069210000000005
120,-470731.6,21.436857,3.059999999997672,3.7973859999999995
135,-470731.8,21.84493,2.85999999998603,4.205459000000001
150,-470732.6,20.712563,2.059999999997672,3.073091999999999
165,-470733.22,19.737843,1.4400000000023283,2.0983720000000012
180,-470733.4,19.280067,1.2599999999511056,1.6405959999999986
-165,-290847.06,11.425041,1.8400000000256116,2.6144654999999997
-150,-290847.9,10.670777,1,1.8602014999999987
-135,-290848.62,9.847217,0.2800000000279397,1.0366415
-120,-290848.9,9.330492,0,0.519916499999999
-105,-290848.56,9.350923,0.3400000000256113,0.5403474999999993
-90,-290847.72,9.770305,1.1800000000512227,0.9597294999999999
-75,-290846.9,10.259871,2,1.4492954999999998
-60,-290846.03,10.322396,2.8699999999953434,1.511820499999999
-45,-290846.22,9.9544735,2.6800000000512227,1.143898
-30,-290847,9.463921,1.900000000023283,0.6533454999999986
-15,-290847.78,8.985359,1.1199999999953434,0.1747835000000002
0,-290848.16,8.8105755,0.7400000000488944,0
15,-290847.78,8.985358,1.1199999999953434,0.17478249999999917
30,-290847,9.465047,1.900000000023283,0.6544714999999997
45,-290846.22,9.954475,2.6800000000512227,1.1438994999999998
60,-290846.03,10.32126,2.8699999999953434,1.5106845
75,-290846.9,10.255535,2,1.4449594999999995
90,-290847.72,9.770303,1.1800000000512227,0.9597274999999996
105,-290848.56,9.35092,0.3400000000256113,0.5403444999999998
120,-290848.9,9.33049,0,0.5199144999999987
135,-290848.62,9.847217,0.2800000000279397,1.0366415
150,-290847.9,10.670367,1,1.8597915
165,-290847.06,11.425039,1.8400000000256116,2.6144634999999994
180,-290846.66,11.83582,2.2400000000488944,3.0252444999999994
-165,-476746.3,-78.1352,0.2600000000093132,2.215199999999996
-150,-476746.56,-79.889626,0,0.46077399999998647
-135,-476745.97,-80.3504,0.5900000000256114,0
-120,-476744.62,-80.050995,1.9400000000023283,0.29940499999999304
-105,-476742.88,-79.23391,3.679999999993015,1.1164899999999989
-90,-476741.4,-78.41867,5.159999999974389,1.9317299999999875
-75,-476741.62,-76.372154,4.940000000002328,3.9782459999999986
-60,-476741.44,-78.01577,5.119999999995343,2.33462999999999
-45,-476741.84,-78.28144,4.71999999997206,2.06895999999999
-30,-476741.7,-77.23021,4.85999999998603,3.120189999999994
-15,-476740.78,-74.97426,5.779999999969732,5.376139999999992
0,-476739.47,-71.93945,7.090000000025611,8.41095
15,-476740.78,-74.973274,5.779999999969732,5.37712599999999
30,-476741.7,-77.23509,4.85999999998603,3.115309999999994
45,-476741.84,-78.28066,4.71999999997206,2.069739999999996
60,-476741.44,-78.01265,5.119999999995343,2.3377499999999998
75,-476741.62,-76.372154,4.940000000002328,3.9782459999999986
90,-476741.4,-78.435844,5.159999999974389,1.9145559999999904
105,-476742.88,-79.232155,3.679999999993015,1.1182449999999875
120,-476744.62,-80.02899,1.9400000000023283,0.3214100000000002
135,-476745.97,-80.34238,0.5900000000256114,0.008019999999987704
150,-476746.56,-79.89762,0,0.45277999999998997
165,-476746.3,-78.13723,0.2600000000093132,2.213169999999991
180,-476745.44,-75.403336,1.1199999999953434,4.9470639999999975
-165,-321680.44,15.004178,0.1599999999743886,0.826212
-150,-321679.84,14.325943,0.7599999999511056,0.1479770000000009
-135,-321678.62,14.17797,1.979999999981373,4.000000000559112e-06
-120,-321676.9,14.749918,3.699999999953434,0.5719519999999996
-105,-321675,15.669048,5.599999999976717,1.4910820000000005
-90,-321673.53,16.548979,7.069999999948777,2.3710129999999996
-75,-321673.16,17.422955,7.440000000002328,3.244989000000002
-60,-321673.47,18.620195,7.130000000004657,4.442228999999999
-45,-321673.66,20.19529,6.940000000002328,6.017324
-30,-321673.22,22.38682,7.380000000004657,8.208854
-15,-321672.06,25.583836,8.539999999979045,11.405870000000002
0,-321671.16,28.740757,9.440000000002328,14.562790999999999
15,-321672.06,25.583834,8.539999999979045,11.405868
30,-321673.22,22.386816,7.380000000004657,8.20885
45,-321673.66,20.195288,6.940000000002328,6.017322000000002
60,-321673.47,18.618351,7.130000000004657,4.440385000000001
75,-321673.16,17.424826,7.440000000002328,3.24686
90,-321673.53,16.541235,7.069999999948777,2.3632690000000007
105,-321675,15.674517,5.599999999976717,1.4965510000000002
120,-321676.9,14.74837,3.699999999953434,0.5704039999999999
135,-321678.62,14.177966,1.979999999981373,0
150,-321679.84,14.327804,0.7599999999511056,0.1498380000000008
165,-321680.44,15.007039,0.1599999999743886,0.8290730000000011
180,-321680.6,15.420269,0,1.2423029999999997
-165,-317116.5,-21.96254,0.2800000000279397,0.06499799999999922
-150,-317115.66,-21.670738,1.120000000053551,0.3567999999999998
-135,-317114.28,-20.931454,2.5,1.0960840000000012
-120,-317112.66,-19.708864,4.120000000053551,2.3186740000000015
-105,-317111.1,-18.130854,5.680000000051223,3.8966840000000005
-90,-317110.03,-16.58652,6.75,5.441018
-75,-317109.84,-15.525062,6.940000000002328,6.502476
-60,-317110.22,-14.781625,6.560000000055879,7.245913
-45,-317110.53,-14.039456,6.25,7.988082
-30,-317110.5,-13.187373,6.28000000002794,8.840165
-15,-317110.12,-12.163134,6.660000000032596,9.864404
0,-317109.84,-11.5039835,6.940000000002328,10.5235545
15,-317110.12,-12.16313,6.660000000032596,9.864408
30,-317110.5,-13.187373,6.28000000002794,8.840165
45,-317110.53,-14.039456,6.25,7.988082
60,-317110.22,-14.781621,6.560000000055879,7.245917
75,-317109.84,-15.533851,6.940000000002328,6.4936869999999995
90,-317110.03,-16.586523,6.75,5.441015
105,-317111.1,-18.130857,5.680000000051223,3.896681000000001
120,-317112.66,-19.708979,4.120000000053551,2.3185590000000005
135,-317114.28,-20.93259,2.5,1.0949479999999987
150,-317115.66,-21.670738,1.120000000053551,0.3567999999999998
165,-317116.5,-21.966114,0.2800000000279397,0.06142399999999881
180,-317116.78,-22.027538,0,0
-165,-395071.66,-13.01822,2.400000000023283,1.8855190000000004
-150,-395072.72,-13.644029,1.3400000000256114,1.25971
-135,-395073.4,-14.182677,0.6599999999743886,0.7210619999999999
-120,-395073.75,-14.211794,0.3099999999976717,0.6919450000000005
-105,-395073.66,-13.759503,0.400000000023283,1.1442359999999994
-90,-395073.22,-13.094119,0.8400000000256114,1.8096200000000007
-75,-395072.6,-12.401652,1.4600000000209548,2.5020869999999995
-60,-395071.9,-11.76088,2.1599999999743886,3.1428589999999996
-45,-395071.25,-11.158444,2.809999999997672,3.7452950000000005
-30,-395070.62,-10.666516,3.4400000000023283,4.237223
-15,-395070.22,-10.286923,3.8400000000256114,4.616816
0,-395070.16,-10.019942,3.900000000023283,4.8837969999999995
15,-395070.47,-9.8284445,3.590000000025612,5.0752945
30,-395070.78,-9.640481,3.279999999969732,5.263258
45,-395071.8,-11.674107,2.260000000009313,3.2296320000000005
60,-395072.6,-12.237947,1.4600000000209548,2.6657919999999997
75,-395073.25,-12.868497,0.8099999999976717,2.035242
90,-395073.75,-13.52851,0.3099999999976717,1.3752289999999991
105,-395074.06,-14.226039,0,0.6776999999999997
120,-395074,-14.840925,0.0599999999976716,0.06281399999999948
135,-395073.6,-14.903739,0.4600000000209547,0
150,-395072.8,-14.216848,1.2600000000093132,0.6868909999999993
165,-395071.78,-13.276346,2.279999999969732,1.6273929999999996
180,-395070.6,-12.783215,3.4600000000209548,2.1205239999999996
-165,-608573.44,-75.74689,0.5,0.2073000000000036
-150,-608572.06,-75.02323,1.8799999998882413,0.9309599999999989
-135,-608569.94,-73.86507,4,2.089119999999994
-120,-608567.56,-72.38406,6.379999999888241,3.570129999999992
-105,-608565.6,-71.00319,8.339999999967404,4.950999999999993
-90,-608564.9,-70.45688,9.039999999920838,5.497309999999999
-75,-608565.7,-71.32255,8.239999999990687,4.63163999999999
-60,-608567.6,-72.73892,6.339999999967404,3.215270000000004
-45,-608569.9,-74.03349,4.039999999920838,1.9206999999999965
-30,-608571.94,-74.84679,2,1.1073999999999984
-15,-608573.25,-75.50534,0.6899999999441206,0.4488499999999931
0,-608573.75,-75.69074,0.1899999999441206,0.26344999999999175
15,-608573.25,-75.50456,0.6899999999441206,0.4496299999999991
30,-608571.94,-74.84679,2,1.1073999999999984
45,-608569.9,-74.03351,4.039999999920838,1.9206799999999902
60,-608567.6,-72.73404,6.339999999967404,3.220150000000004
75,-608565.7,-71.32255,8.239999999990687,4.63163999999999
90,-608564.9,-70.45688,9.039999999920838,5.497309999999999
105,-608565.6,-71.00319,8.339999999967404,4.950999999999993
120,-608567.56,-72.38351,6.379999999888241,3.570679999999996
135,-608569.94,-73.864235,4,2.0899550000000033
150,-608572.06,-75.02323,1.8799999998882413,0.9309599999999989
165,-608573.44,-75.74689,0.5,0.2073000000000036
180,-608573.94,-75.95419,0,0
-165,-537791.56,-3.1513445,0.3399999999674037,5.3366015
-150,-537791.9,-0.5562536,0,7.931692400000001
-135,-537791.8,3.5571132,0.0999999999767169,12.0450592
-120,-537790.44,7.3647985,1.4600000000791624,15.8527445
-105,-537789.2,11.22699,2.700000000069849,19.714936
-90,-537789.94,10.855535,1.9600000000791624,19.343481
-75,-537790.1,8.625128,1.800000000046566,17.113074
-60,-537790.56,4.1058946,1.3399999999674037,12.5938406
-45,-537791.2,-1.1445059,0.7000000000698492,7.3434401000000005
-30,-537791.56,-5.312107,0.3399999999674037,3.1758390000000007
-15,-537791.5,-7.666598,0.400000000023283,0.8213480000000013
0,-537791,-8.487946,0.9000000000232831,0
15,-537791.5,-7.6674676,0.400000000023283,0.8204784000000007
30,-537791.56,-5.311833,0.3399999999674037,3.176113000000001
45,-537791.2,-1.1397276,0.7000000000698492,7.3482184
60,-537790.56,4.1077213,1.3399999999674037,12.5956673
75,-537790.1,8.624625,1.800000000046566,17.112571000000003
90,-537789.94,10.871954,1.9600000000791624,19.359900000000003
105,-537789.2,11.224145,2.700000000069849,19.712091
120,-537790.44,7.3950534,1.4600000000791624,15.882999400000001
135,-537791.44,3.3192005,0.4600000000791624,11.807146500000002
150,-537791.9,-0.55176157,0,7.936184430000001
165,-537791.56,-3.1508093,0.3399999999674037,5.3371367
180,-537790.75,-4.5450263,1.150000000023283,3.942919700000001
-165,-292374.88,22.034637,3.589999999967404,2.760465
-150,-292377.62,21.45451,0.8499999999767169,2.180337999999999
-135,-292378.25,20.63548,0.2199999999720603,1.361308000000001
-120,-292378.47,19.765343,0,0.49117100000000136
-105,-292378.16,19.274172,0.3099999999976717,0
-90,-292377.4,20.117699,1.0699999999487773,0.8435270000000017
-75,-292377,20.09861,1.4699999999720603,0.8244380000000007
-60,-292376.06,21.147837,2.4099999999743886,1.873664999999999
-45,-292374.56,23.132545,3.9099999999743886,3.8583730000000003
-30,-292371.7,24.97273,6.769999999960419,5.6985579999999985
-15,-292371.4,25.796238,7.069999999948777,6.522065999999999
0,-292370.94,26.739016,7.529999999969732,7.464843999999999
15,-292370.28,27.660248,8.18999999994412,8.386076
30,-292372.3,25.080368,6.169999999983702,5.806196
45,-292373.3,23.22646,5.169999999983702,3.9522879999999994
60,-292375.06,21.012566,3.4099999999743886,1.7383939999999996
75,-292376.34,19.932419,2.129999999946449,0.6582469999999994
90,-292377.2,19.79341,1.2699999999604188,0.5192380000000014
105,-292377.72,20.214003,0.75,0.9398310000000016
120,-292378.38,20.446653,0.0899999999674037,1.1724810000000012
135,-292378.4,21.038486,0.0699999999487772,1.7643139999999988
150,-292378,21.780783,0.4699999999720603,2.5066109999999995
165,-292377.3,22.346823,1.169999999983702,3.0726510000000005
180,-292374.88,21.954233,3.589999999967404,2.6800609999999985
-165,-245919.19,16.661985,1.3399999999965075,1.2203640000000018
-150,-245919.05,15.927933,1.4800000000104774,0.48631199999999986
-135,-245919.05,15.441621,1.4800000000104774,0
-120,-245918.89,15.513281,1.639999999984866,0.07165999999999961
-105,-245918.3,16.655956,2.2300000000104774,1.2143350000000002
-90,-245917.2,18.98392,3.3299999999871943,3.5422990000000016
-75,-245915.89,22.128038,4.639999999984866,6.6864170000000005
-60,-245914.64,25.723585,5.889999999984866,10.281964
-45,-245913.1,27.277006,7.429999999993015,11.835385
-30,-245910.92,30.003447,9.60999999998603,14.561826000000002
-15,-245909.12,33.52919,11.410000000003492,18.087569000000002
0,-245910.58,31.479124,9.950000000011642,16.037503
15,-245912.62,26.85202,7.910000000003492,11.410399
30,-245914.9,21.791672,5.630000000004657,6.350050999999999
45,-245916.97,18.015682,3.559999999997672,2.574061000000002
60,-245918.42,16.008595,2.10999999998603,0.5669740000000001
75,-245919.17,15.593345,1.3599999999860302,0.15172399999999975
90,-245919.61,16.022099,0.9200000000128056,0.5804780000000012
105,-245920.02,16.58361,0.5100000000093132,1.1419890000000006
120,-245920.34,17.197943,0.1900000000023283,1.756321999999999
135,-245920.53,17.796566,0,2.354944999999999
150,-245920.42,18.171644,0.1099999999860301,2.730023000000001
165,-245920.05,18.09281,0.4800000000104774,2.6511890000000005
180,-245919.53,17.47313,1,2.0315090000000016
-165,-745019.8,-18.330227,2.699999999953434,3.755313000000001
-150,-745021.3,-20.2911,1.199999999953434,1.7944400000000016
-135,-745022.25,-21.366213,0.25,0.7193270000000034
-120,-745022.5,-21.347103,0,0.7384370000000011
-105,-745022.2,-20.584995,0.3000000000465661,1.5005450000000025
-90,-745021.4,-19.566233,1.099999999976717,2.5193070000000013
-75,-745021.94,-21.032232,0.5600000000558794,1.0533080000000012
-60,-745022.06,-22.033625,0.4399999999441206,0.051915000000001044
-45,-745021.56,-22.08554,0.9399999999441206,0
-30,-745020.6,-21.00574,1.900000000023283,1.0798000000000023
-15,-745019.2,-19.052855,3.300000000046566,3.0326850000000007
0,-745017.56,-16.640678,4.939999999944121,5.4448620000000005
15,-745019.2,-19.053333,3.300000000046566,3.032207000000003
30,-745020.6,-21.00574,1.900000000023283,1.0798000000000023
45,-745021.56,-22.084015,0.9399999999441206,0.0015250000000008868
60,-745022.06,-22.033613,0.4399999999441206,0.05192700000000272
75,-745021.94,-21.037294,0.5600000000558794,1.0482460000000025
90,-745021.4,-19.573154,1.099999999976717,2.512386000000003
105,-745022.2,-20.58458,0.3000000000465661,1.5009600000000027
120,-745022.5,-21.347027,0,0.7385130000000011
135,-745022.25,-21.366228,0.25,0.7193120000000022
150,-745021.3,-20.291107,1.199999999953434,1.7944330000000015
165,-745019.8,-18.328068,2.699999999953434,3.7574720000000035
180,-745017.8,-16.219286,4.699999999953434,5.866254000000001
-165,-385155.1,-7.546437,0.150000000023283,1.3910100000000005
-150,-385155.2,-8.598084,0.0499999999883584,0.3393630000000005
-135,-385155.25,-8.934847,0,0.002600000000001046
-120,-385155.12,-8.600955,0.1300000000046566,0.3364919999999998
-105,-385154.9,-8.096835,0.3499999999767169,0.8406120000000001
-90,-385154.72,-7.783528,0.5300000000279397,1.153919000000001
-75,-385154.34,-7.7285395,0.9099999999743886,1.2089075000000005
-60,-385153.3,-7.3923993,1.9500000000116413,1.5450477000000005
-45,-385151.44,-6.073787,3.809999999997672,2.8636600000000003
-30,-385149.03,-3.4084718,6.21999999997206,5.5289752000000005
-15,-385146.7,1.8961686,8.549999999988358,10.8336156
0,-385145.75,9.774806,9.5,18.712253
15,-385146.7,1.9085379,8.549999999988358,10.845984900000001
30,-385149.03,-3.4273982,6.21999999997206,5.510048800000001
45,-385151.44,-6.061674,3.809999999997672,2.8757730000000006
60,-385153.3,-7.3939786,1.9500000000116413,1.543468400000001
75,-385154.34,-7.7285385,0.9099999999743886,1.2089085000000006
90,-385154.72,-7.782485,0.5300000000279397,1.1549620000000003
105,-385154.9,-8.093344,0.3499999999767169,0.8441030000000005
120,-385155.12,-8.601339,0.1300000000046566,0.3361080000000012
135,-385155.25,-8.937447,0,0
150,-385155.2,-8.598085,0.0499999999883584,0.3393620000000013
165,-385155.1,-7.5464387,0.150000000023283,1.3910083000000002
180,-385155.06,-6.954708,0.1900000000023283,1.9827390000000005
-165,-474793.03,45.29085,0.5,1.7913399999999982
-150,-474793.16,45.12259,0.370000000053551,1.6230800000000016
-135,-474793.16,44.770912,0.370000000053551,1.271402000000002
-120,-474793.38,43.49951,0.150000000023283,0
-105,-474792.56,44.681488,0.970000000030268,1.1819780000000009
-90,-474792.97,44.755672,0.5600000000558794,1.2561619999999962
-75,-474793.53,43.547657,0,0.04814700000000016
-60,-474793.28,44.00717,0.25,0.5076600000000013
-45,-474792.9,45.3641,0.6300000000046566,1.8645899999999997
-30,-474792.75,45.735855,0.7800000000279397,2.236345
-15,-474792.62,45.815273,0.9100000000325964,2.315762999999997
0,-474792.97,45.162964,0.5600000000558794,1.6634540000000015
15,-474793.03,45.292137,0.5,1.792626999999996
30,-474793.16,45.154785,0.370000000053551,1.655274999999996
45,-474793.2,44.842686,0.3300000000162981,1.3431759999999997
60,-474793.22,43.64663,0.3100000000558793,0.14712000000000103
75,-474793.44,43.503754,0.0900000000256113,0.0042439999999999145
90,-474792.7,44.914425,0.8300000000162981,1.4149150000000006
105,-474793.47,43.664333,0.0600000000558793,0.1648229999999984
120,-474793.4,43.779682,0.1300000000046566,0.2801720000000003
135,-474792.9,45.26352,0.6300000000046566,1.764009999999999
150,-474792.78,45.703217,0.75,2.2037070000000014
165,-474792.94,44.891323,0.5900000000256114,1.391812999999999
180,-474792.97,45.162247,0.5600000000558794,1.662737
-165,-321819,-147.30818,2.7199999999720603,4.5915899999999965
-150,-321818.03,-146.41307,3.6899999999441206,5.486699999999985
-135,-321818.16,-145.89972,3.559999999997672,6.0000499999999874
-120,-321819.5,-146.85657,2.2199999999720603,5.043199999999985
-105,-321820.97,-149.0373,0.75,2.862470000000002
-90,-321821.72,-150.99532,0,0.9044499999999971
-75,-321821.62,-151.89977,0.0999999999767169,0
-60,-321820.2,-151.0339,1.5199999999604188,0.865870000000001
-45,-321819.8,-150.89462,1.9199999999837016,1.0051499999999862
-30,-321818.4,-149.64687,3.3199999999487773,2.2528999999999826
-15,-321817,-146.21947,4.71999999997206,5.680299999999988
0,-321817.12,-145.63284,4.599999999976717,6.266930000000002
15,-321817,-146.22537,4.71999999997206,5.6743999999999915
30,-321818.4,-149.64914,3.3199999999487773,2.250630000000001
45,-321819.8,-150.87944,1.9199999999837016,1.0203300000000013
60,-321820.2,-151.02461,1.5199999999604188,0.8751599999999939
75,-321821.62,-151.8937,0.0999999999767169,0.006069999999994025
90,-321821.72,-150.99683,0,0.902940000000001
105,-321820.94,-149.30234,0.779999999969732,2.597430000000003
120,-321819.5,-146.85713,2.2199999999720603,5.042639999999977
135,-321818.16,-145.86287,3.559999999997672,6.036900000000003
150,-321818.03,-146.42264,3.6899999999441206,5.477129999999988
165,-321818.75,-148.22353,2.9699999999720603,3.6762399999999786
180,-321819.28,-147.62534,2.4399999999441206,4.274429999999995
-165,-420507.44,2.2485285,1.2199999999720603,1.0677557
-150,-420508.53,1.187705,0.1299999999464489,0.006932200000000055
-135,-420508.66,1.3678725,0,0.1870997000000001
-120,-420507.88,2.336327,0.779999999969732,1.1555541999999999
-105,-420506.8,3.4632325,1.8599999999860304,2.2824597000000004
-90,-420506.28,3.9725087,2.379999999946449,2.7917359
-75,-420506.8,3.4709504,1.8599999999860304,2.2901776
-60,-420507.88,2.3456857,0.779999999969732,1.1649129000000003
-45,-420508.66,1.3650826,0,0.18430980000000008
-30,-420508.56,1.1807728,0.0999999999767169,0
-15,-420507.47,2.2169955,1.1900000000023283,1.0362227
0,-420506.44,3.7306032,2.2199999999720603,2.5498304000000003
15,-420507.47,2.2169971,1.1900000000023283,1.0362243
30,-420508.56,1.1807736,0.0999999999767169,8.000000000230045e-07
45,-420508.66,1.3650854,0,0.18431259999999994
60,-420507.88,2.3457735,0.779999999969732,1.1650007
75,-420506.8,3.4709523,1.8599999999860304,2.2901795
90,-420506.28,3.9725096,2.379999999946449,2.7917368
105,-420506.8,3.4632332,1.8599999999860304,2.2824603999999997
120,-420507.88,2.3363292,0.779999999969732,1.1555564000000003
135,-420508.66,1.3678786,0,0.1871058000000001
150,-420508.53,1.1888216,0.1299999999464489,0.008048800000000078
165,-420507.44,2.2485254,1.2199999999720603,1.0677526000000002
180,-420506.44,3.7311919,2.2199999999720603,2.5504191
-165,-313387.22,28.86388,0.120000000053551,2.967924
-150,-313386.47,28.78521,0.870000000053551,2.8892539999999975
-135,-313385.62,28.607237,1.720000000030268,2.7112809999999996
-120,-313385.28,28.43423,2.059999999997672,2.5382739999999977
-105,-313385.38,28.348043,1.9600000000209548,2.452086999999999
-90,-313385.78,28.074322,1.5599999999976717,2.178365999999997
-75,-313386.4,27.599775,0.9400000000023284,1.7038189999999993
-60,-313386.9,27.29999,0.4400000000023283,1.4040339999999993
-45,-313387.03,27.208979,0.3099999999976717,1.3130229999999976
-30,-313387,26.960342,0.3400000000256113,1.064385999999999
-15,-313386.88,26.773989,0.4600000000209547,0.8780329999999985
0,-313386.47,25.895956,0.870000000053551,0
15,-313386.88,26.779343,0.4600000000209547,0.883386999999999
30,-313387,26.964521,0.3400000000256113,1.0685649999999995
45,-313387.03,27.196083,0.3099999999976717,1.3001269999999998
60,-313386.9,27.307747,0.4400000000023283,1.4117909999999974
75,-313386.4,27.597313,0.9400000000023284,1.701356999999998
90,-313385.78,28.076788,1.5599999999976717,2.1808319999999988
105,-313385.38,28.344816,1.9600000000209548,2.44886
120,-313385.28,28.435688,2.059999999997672,2.539731999999997
135,-313385.62,28.611208,1.720000000030268,2.7152519999999996
150,-313386.47,28.781532,0.870000000053551,2.885575999999997
165,-313387.22,28.854029,0.120000000053551,2.958072999999999
180,-313387.34,28.418083,0,2.5221269999999976
-165,-442740.34,60.714237,3.599999999976717,0.2510169999999974
-150,-442742.2,61.250698,1.7399999999906868,0.7874780000000001
-135,-442743.3,62.822536,0.6400000000139698,2.3593159999999997
-120,-442743.84,64.93541,0.0999999999767169,4.472190000000005
-105,-442743.94,67.08545,0,6.622229999999995
-90,-442743.47,68.753044,0.470000000030268,8.289824000000003
-75,-442743.94,67.29313,0,6.829910000000005
-60,-442743.88,65.06318,0.0599999999976716,4.599960000000003
-45,-442743.2,62.63527,0.7399999999906868,2.1720499999999987
-30,-442741.8,60.896194,2.14000000001397,0.4329740000000015
-15,-442739.8,60.46594,4.14000000001397,0.0027200000000036084
0,-442737.34,61.66537,6.599999999976717,1.2021500000000032
15,-442739.8,60.46322,4.14000000001397,0
30,-442741.8,60.909336,2.14000000001397,0.4461160000000035
45,-442743.2,62.638893,0.7399999999906868,2.1756730000000033
60,-442743.88,65.051216,0.0599999999976716,4.587995999999997
75,-442743.94,67.28907,0,6.8258499999999955
90,-442743.47,68.77415,0.470000000030268,8.310930000000006
105,-442743.94,67.08654,0,6.62332
120,-442743.84,64.92204,0.0999999999767169,4.458819999999996
135,-442743.3,62.821705,0.6400000000139698,2.3584850000000017
150,-442742.22,61.23119,1.720000000030268,0.7679699999999983
165,-442740.34,60.722206,3.599999999976717,0.25898600000000016
180,-442737.8,61.695473,6.14000000001397,1.232253
-165,-672652,44.742134,3.4399999999441206,4.405647000000002
-150,-672650.6,45.963425,4.839999999967404,5.626938000000003
-135,-672650.8,44.72009,4.6399999998975545,4.383603000000001
-120,-672650.5,46.16022,4.939999999944121,5.823733000000004
-105,-672652.9,42.353622,2.5399999999208376,2.0171350000000032
-90,-672654.25,41.74585,1.1899999999441206,1.409362999999999
-75,-672655.44,40.336487,0,0
-60,-672653.56,43.39947,1.8799999998882413,3.0629830000000027
-45,-672650.94,45.235928,4.5,4.899441000000003
-30,-672649.4,46.094654,6.039999999920838,5.758167
-15,-672649.3,46.192726,6.1399999998975545,5.856239000000002
0,-672649.56,46.02779,5.879999999888241,5.691303000000005
15,-672649.9,46.16869,5.539999999920838,5.832203
30,-672650.56,46.235485,4.879999999888241,5.898997999999999
45,-672652.2,44.651733,3.2399999999906868,4.315246000000002
60,-672653.25,42.423985,2.1899999999441206,2.0874980000000036
75,-672652.7,41.88381,2.7399999999906868,1.5473229999999987
90,-672651.4,42.31527,4.039999999920838,1.978783
105,-672650.7,42.42361,4.739999999990687,2.0871229999999983
120,-672650.3,42.663017,5.1399999998975545,2.3265300000000053
135,-672650,43.4578,5.439999999944121,3.1213130000000007
150,-672650.6,45.28687,4.839999999967404,4.950383000000002
165,-672652.1,44.608562,3.339999999967404,4.272075000000001
180,-672652.8,43.899017,2.6399999998975545,3.5625300000000024
-165,-336287.8,20.549347,0.0400000000372529,2.226002000000001
-150,-336287.84,18.915422,0,0.5920769999999997
-135,-336287.22,18.33506,0.620000000053551,0.01171499999999881
-120,-336286.06,18.64186,1.7800000000279397,0.31851500000000144
-105,-336285,19.147099,2.840000000025612,0.823754000000001
-90,-336284.56,19.37194,3.28000000002794,1.0485949999999988
-75,-336285.03,19.052525,2.809999999997672,0.7291799999999995
-60,-336286.06,18.55535,1.7800000000279397,0.2320050000000009
-45,-336287.2,18.345087,0.6400000000139698,0.021741999999999706
-30,-336287.8,18.937815,0.0400000000372529,0.6144700000000007
-15,-336287.84,20.516994,0,2.1936490000000006
0,-336287.66,21.608099,0.1800000000512227,3.2847539999999995
15,-336287.8,20.46766,0.0400000000372529,2.144314999999999
30,-336287.8,18.937471,0.0400000000372529,0.6141259999999988
45,-336287.2,18.36064,0.6400000000139698,0.0372950000000003
60,-336286.06,18.55604,1.7800000000279397,0.23269499999999965
75,-336285.03,19.0427,2.809999999997672,0.7193550000000002
90,-336284.56,19.371939,3.28000000002794,1.0485940000000014
105,-336285,19.20375,2.840000000025612,0.8804049999999997
120,-336286.06,18.64178,1.7800000000279397,0.3184350000000009
135,-336287.22,18.323345,0.620000000053551,0
150,-336287.8,18.961315,0.0400000000372529,0.6379699999999993
165,-336287.84,20.605585,0,2.2822400000000016
180,-336287.66,21.609121,0.1800000000512227,3.2857759999999985
-165,-297013.16,-23.290272,0.0900000000256113,0.20312999999999803
-150,-297012.78,-23.493402,0.4699999999720603,0
-135,-297011.88,-23.409325,1.3699999999953434,0.08407700000000062
-120,-297010.44,-23.04631,2.809999999997672,0.4470920000000014
-105,-297008.9,-22.493395,4.349999999976717,1.000007
-90,-297008.16,-21.815815,5.090000000025611,1.677586999999999
-75,-297009,-21.716892,4.25,1.7765099999999983
-60,-297010.53,-21.858625,2.7199999999720603,1.6347769999999997
-45,-297011.94,-21.805504,1.3099999999976717,1.6878980000000006
-30,-297012.88,-21.387398,0.3699999999953434,2.1060039999999987
-15,-297013.22,-20.726984,0.0300000000279396,2.766417999999998
0,-297013.25,-20.36538,0,3.1280220000000014
15,-297013.22,-20.728241,0.0300000000279396,2.765160999999999
30,-297012.88,-21.387522,0.3699999999953434,2.105879999999999
45,-297011.94,-21.804174,1.3099999999976717,1.689228
60,-297010.53,-21.866692,2.7199999999720603,1.6267099999999992
75,-297009,-21.716892,4.25,1.7765099999999983
90,-297008.16,-21.816923,5.090000000025611,1.6764790000000005
105,-297008.9,-22.496235,4.349999999976717,0.997167000000001
120,-297010.44,-23.04631,2.809999999997672,0.4470920000000014
135,-297011.88,-23.411404,1.3699999999953434,0.08199799999999868
150,-297012.78,-23.493061,0.4699999999720603,0.0003409999999988145
165,-297013.16,-23.290272,0.0900000000256113,0.20312999999999803
180,-297013.22,-23.100618,0.0300000000279396,0.3927839999999989
-165,-547097.56,-9.800531,4.379999999888241,13.691894999999999
-150,-547100.25,-19.11209,1.6899999999441206,4.380336
-135,-547101.6,-22.62845,0.3399999999674037,0.8639759999999974
-120,-547101.94,-23.48484,0,0.007585999999999871
-105,-547101.75,-23.242912,0.1899999999441206,0.2495139999999978
-90,-547101.6,-22.98677,0.3399999999674037,0.5056559999999983
-75,-547101.75,-23.248974,0.1899999999441206,0.24345199999999778
-60,-547101.94,-23.486116,0,0.00630999999999915
-45,-547101.6,-22.519482,0.3399999999674037,0.9729439999999983
-30,-547100.3,-18.846216,1.6399999998975543,4.64621
-15,-547097.94,-10.176481,4,13.315944999999997
0,-547095.5,5.1650367,6.439999999944121,28.657462699999996
15,-547097.94,-10.196634,4,13.295791999999999
30,-547100.3,-18.85295,1.6399999998975543,4.639475999999998
45,-547101.6,-22.51997,0.3399999999674037,0.9724559999999975
60,-547101.94,-23.492426,0,0
75,-547101.75,-23.24262,0.1899999999441206,0.24980599999999953
90,-547101.6,-22.995916,0.3399999999674037,0.4965099999999971
105,-547101.75,-23.242476,0.1899999999441206,0.24994999999999834
120,-547101.94,-23.49231,0,0.00011599999999845068
135,-547101.6,-22.624228,0.3399999999674037,0.8681979999999996
150,-547100.25,-19.10853,1.6899999999441206,4.383896
165,-547097.56,-10.165103,4.379999999888241,13.327322999999998
180,-547095.4,6.6956773,6.539999999920838,30.188103299999998
-165,-316292.6,10.325003,1.1199999999953434,1.2767400000000002
-150,-316290.47,11.566686,3.25,2.5184230000000003
-135,-316289.8,11.105695,3.919999999983702,2.0574320000000004
-120,-316289.88,10.565391,3.839999999967404,1.5171279999999996
-105,-316289.84,11.190211,3.879999999946449,2.1419479999999993
-90,-316290.6,11.559858,3.1199999999953434,2.511595
-75,-316292.7,10.141434,1.0199999999604188,1.093171
-60,-316293.72,9.056176,0,0.007913000000000281
-45,-316292.47,10.597107,1.25,1.548843999999999
-30,-316290.44,11.6496725,3.279999999969732,2.601409499999999
-15,-316289.8,11.107966,3.919999999983702,2.059702999999999
0,-316289.88,10.567634,3.839999999967404,1.5193709999999996
15,-316289.8,11.117609,3.919999999983702,2.0693459999999995
30,-316290.44,11.64984,3.279999999969732,2.601576999999999
45,-316292.47,10.595076,1.25,1.5468130000000002
60,-316293.72,9.056175,0,0.007911999999999253
75,-316292.7,10.14336,1.0199999999604188,1.095096999999999
90,-316290.6,11.55986,3.1199999999953434,2.511597
105,-316289.84,11.190209,3.879999999946449,2.141945999999999
120,-316289.88,10.565078,3.839999999967404,1.5168149999999994
135,-316289.8,11.103858,3.919999999983702,2.0555950000000003
150,-316290.47,11.5639105,3.25,2.5156475
165,-316292.6,10.323839,1.1199999999953434,1.2755759999999992
180,-316293.72,9.048263,0,0
-165,-123337.586,11.303983,0.9640000000072176,1.5845680000000009
-150,-123338,11.099578,0.5500000000029104,1.3801629999999996
-135,-123338.4,10.694262,0.1500000000087311,0.9748470000000005
-120,-123338.55,10.265693,0,0.5462780000000009
-105,-123338.375,9.948689,0.1750000000029103,0.2292740000000002
-90,-123337.94,9.719415,0.6100000000005821,0
-75,-123337.28,9.764627,1.2700000000040743,0.04521200000000114
-60,-123336.23,10.604431,2.320000000006985,0.8850160000000002
-45,-123334.984,12.168315,3.56600000000617,2.4489
-30,-123334.484,14.208939,4.06600000000617,4.489524000000001
-15,-123334.73,14.415757,3.820000000006985,4.696342
0,-123334.87,14.369141,3.680000000007567,4.649726000000001
15,-123334.734,14.420172,3.81600000000617,4.700757000000001
30,-123334.484,14.210144,4.06600000000617,4.490729
45,-123334.984,12.168318,3.56600000000617,2.4489029999999996
60,-123336.23,10.604574,2.320000000006985,0.8851589999999998
75,-123337.28,9.764627,1.2700000000040743,0.04521200000000114
90,-123337.94,9.719415,0.6100000000005821,0
105,-123338.375,9.94869,0.1750000000029103,0.22927499999999945
120,-123338.55,10.265693,0,0.5462780000000009
135,-123338.4,10.694262,0.1500000000087311,0.9748470000000005
150,-123338,11.099577,0.5500000000029104,1.3801620000000003
165,-123337.586,11.303983,0.9640000000072176,1.5845680000000009
180,-123337.414,11.347419,1.135999999998603,1.6280040000000007
-165,-354267.47,65.5611,0.25,0.2230299999999943
-150,-354266.66,66.23375,1.0599999999976717,0.8956799999999987
-135,-354265.38,67.32398,2.339999999967404,1.985910000000004
-120,-354263.8,68.70171,3.919999999983702,3.3636400000000037
-105,-354262.25,70.02019,5.46999999997206,4.682119999999998
-90,-354261.28,70.683975,6.439999999944121,5.345905000000002
-75,-354261.4,70.2337,6.319999999948777,4.895629999999997
-60,-354262.44,69.204414,5.279999999969732,3.866343999999998
-45,-354263.7,68.18625,4.019999999960419,2.8481799999999993
-30,-354264.72,67.41609,3,2.078019999999995
-15,-354265.3,66.94991,2.419999999983702,1.6118400000000008
0,-354265.53,66.79992,2.1899999999441206,1.4618499999999983
15,-354265.3,66.94991,2.419999999983702,1.6118400000000008
30,-354264.72,67.41609,3,2.078019999999995
45,-354263.7,68.186264,4.019999999960419,2.8481939999999923
60,-354262.44,69.204414,5.279999999969732,3.866343999999998
75,-354261.4,70.2337,6.319999999948777,4.895629999999997
90,-354261.28,70.683975,6.439999999944121,5.345905000000002
105,-354262.25,70.03077,5.46999999997206,4.692700000000002
120,-354263.8,68.70171,3.919999999983702,3.3636400000000037
135,-354265.38,67.32398,2.339999999967404,1.985910000000004
150,-354266.66,66.23375,1.0599999999976717,0.8956799999999987
165,-354267.47,65.5611,0.25,0.2230299999999943
180,-354267.72,65.33807,0,0
-165,-320288.2,54.127884,0.3300000000162981,1.6091920000000002
-150,-320287.22,58.919872,1.3100000000558794,6.4011799999999965
-135,-320285.88,65.850174,2.650000000023283,13.331481999999994
-120,-320284.38,73.87398,4.150000000023283,21.355288
-105,-320283.16,81.26066,5.370000000053551,28.741968
-90,-320282.72,84.57889,5.810000000055879,32.060198
-75,-320283.3,80.817215,5.230000000039581,28.298523000000003
-60,-320284.6,73.42107,3.930000000051223,20.902378
-45,-320285.94,65.37728,2.590000000025612,12.858587999999997
-30,-320287,58.766785,1.5300000000279397,6.248092999999997
-15,-320287.66,54.354046,0.870000000053551,1.8353539999999953
0,-320287.84,52.741344,0.6900000000023283,0.22265199999999652
15,-320287.66,54.354046,0.870000000053551,1.8353539999999953
30,-320287,58.766785,1.5300000000279397,6.248092999999997
45,-320285.94,65.37687,2.590000000025612,12.858177999999995
60,-320284.6,73.404305,3.930000000051223,20.885612999999992
75,-320283.3,80.817215,5.230000000039581,28.298523000000003
90,-320282.72,84.578865,5.810000000055879,32.06017299999999
105,-320283.16,81.26064,5.370000000053551,28.741947999999994
120,-320284.38,73.8695,4.150000000023283,21.350808
135,-320285.88,65.85193,2.650000000023283,13.333237999999994
150,-320287.22,58.919872,1.3100000000558794,6.4011799999999965
165,-320288.2,54.127876,0.3300000000162981,1.609183999999999
180,-320288.53,52.518692,0,0
-165,-261760.55,-10.745497,0.5700000000069849,0.3316939999999988
-150,-261760.62,-9.840472,0.5,1.236718999999999
-135,-261760.69,-8.931367,0.4299999999930151,2.1458239999999993
-120,-261760.8,-8.596451,0.3200000000069849,2.480739999999999
-105,-261760.98,-9.036335,0.139999999984866,2.040856
-90,-261761.12,-9.860122,0,1.2170689999999986
-75,-261760.92,-10.338352,0.1999999999825377,0.7388389999999987
-60,-261759.98,-9.84927,1.139999999984866,1.2279209999999985
-45,-261758.25,-8.402659,2.8699999999953434,2.6745319999999992
-30,-261756.12,-6.0419917,5,5.0351992999999995
-15,-261755.55,-0.800489,5.570000000006985,10.276701999999998
0,-261753.17,-4.564247,7.949999999982538,6.512943999999999
15,-261755.55,-0.8099964,5.570000000006985,10.2671946
30,-261756.12,-6.324645,5,4.752545999999999
45,-261758.25,-8.396795,2.8699999999953434,2.680396
60,-261759.98,-9.853026,1.139999999984866,1.2241649999999993
75,-261760.92,-10.339644,0.1999999999825377,0.7375469999999993
90,-261761.12,-9.862332,0,1.2148589999999988
105,-261760.98,-9.037519,0.139999999984866,2.0396719999999995
120,-261760.8,-8.596521,0.3200000000069849,2.48067
135,-261760.69,-8.931366,0.4299999999930151,2.1458249999999985
150,-261760.62,-9.839073,0.5,1.2381179999999983
165,-261760.55,-10.740621,0.5700000000069849,0.33656999999999826
180,-261760.45,-11.077191,0.6699999999837019,0
-165,-358192.84,-56.993404,8.059999999997672,14.292041999999995
-150,-358194.75,-59.47592,6.150000000023283,11.809525999999991
-135,-358196.1,-61.070072,4.800000000046566,10.21537399999999
-120,-358198.22,-63.840702,2.6800000000512227,7.444743999999993
-105,-358197.34,-63.258358,3.559999999997672,8.027087999999992
-90,-358197.06,-62.76547,3.8400000000256114,8.519975999999993
-75,-358196.47,-62.05314,4.430000000051223,9.232305999999994
-60,-358195.44,-62.608624,5.460000000020955,8.676821999999994
-45,-358195.44,-60.007347,5.460000000020955,11.27809899999999
-30,-358197.75,-62.602936,3.150000000023283,8.682509999999994
-15,-358199.78,-66.48453,1.1199999999953434,4.800915999999987
0,-358200.84,-69.13609,0.0599999999976716,2.1493559999999974
15,-358200.9,-70.514465,0,0.7709809999999919
30,-358200,-71.010414,0.9000000000232831,0.27503199999999595
45,-358198.6,-71.285446,2.300000000046566,0
60,-358197.47,-70.41931,3.4300000000512227,0.8661359999999974
75,-358196.4,-68.261856,4.5,3.0235899999999987
90,-358194.9,-64.98829,6,6.297155999999987
105,-358194.22,-63.520054,6.680000000051223,7.765391999999991
120,-358193.1,-61.07049,7.800000000046566,10.214955999999994
135,-358191.53,-57.54978,9.369999999995343,13.735665999999995
150,-358189.56,-53.78851,11.340000000025611,17.49693599999999
165,-358187.88,-52.614246,13.020000000018626,18.671199999999992
180,-358190.16,-53.886154,10.740000000048894,17.399291999999996
-165,-272479.62,-36.840454,5.849999999976717,5.636798999999996
-150,-272479.28,-34.329887,6.189999999944121,8.147365999999998
-135,-272478.7,-31.133192,6.769999999960419,11.344060999999996
-120,-272478.38,-27.047918,7.089999999967404,15.429334999999998
-105,-272478.47,-25.112652,7,17.364600999999997
-90,-272478.8,-25.79126,6.669999999983702,16.685992999999996
-75,-272479.56,-28.646606,5.909999999974389,13.830646999999999
-60,-272481.03,-32.262436,4.439999999944121,10.214816999999996
-45,-272482.88,-35.74297,2.589999999967404,6.734282999999998
-30,-272484.4,-38.720505,1.0699999999487773,3.7567479999999946
-15,-272485.38,-40.812725,0.0899999999674037,1.6645279999999971
0,-272485.47,-42.477253,0,0
15,-272485.38,-40.80989,0.0899999999674037,1.6673629999999946
30,-272484.4,-38.7205,1.0699999999487773,3.7567529999999962
45,-272482.88,-35.72752,2.589999999967404,6.749732999999999
60,-272481.03,-32.25215,4.439999999944121,10.225102999999997
75,-272479.56,-28.659979,5.909999999974389,13.817273999999998
90,-272478.8,-25.788853,6.669999999983702,16.688399999999998
105,-272478.47,-25.194324,7,17.282928999999996
120,-272478.38,-27.04378,7.089999999967404,15.433472999999996
135,-272478.7,-31.12637,6.769999999960419,11.350882999999996
150,-272479.28,-34.296642,6.189999999944121,8.180610999999999
165,-272479.62,-36.8419,5.849999999976717,5.635352999999995
180,-272479.8,-37.40726,5.669999999983702,5.069992999999997
-165,-323209.56,-153.78624,0.1400000000139698,1.4012600000000077
-150,-323209,-154.64473,0.7000000000116415,0.5427699999999902
-135,-323207.9,-155.1875,1.7999999999883585,0
-120,-323206.2,-154.83527,3.5,0.3522299999999916
-105,-323204.03,-153.80884,5.669999999983702,1.3786599999999964
-90,-323201.94,-152.6038,7.760000000009313,2.5836999999999932
-75,-323200.47,-151.79308,9.23000000003958,3.3944199999999967
-60,-323200.12,-152.00882,9.580000000016298,3.178680000000014
-45,-323206.88,-153.73187,2.820000000006985,1.4556300000000135
-30,-323208.7,-154.2004,1,0.9870999999999981
-15,-323209.44,-154.20236,0.2600000000093132,0.9851400000000012
0,-323209.66,-153.81682,0.0400000000372529,1.370679999999993
15,-323209.7,-153.69406,0,1.4934399999999926
30,-323209.2,-153.96098,0.5,1.2265199999999936
45,-323207.84,-153.81514,1.8599999999860304,1.3723599999999863
60,-323205.53,-152.78104,4.169999999983702,2.40646000000001
75,-323202.47,-151.1198,7.230000000039581,4.067700000000002
90,-323199.3,-149.62767,10.400000000023285,5.559830000000005
105,-323197.25,-148.95457,12.450000000011642,6.23293000000001
120,-323205.3,-154.31393,4.400000000023283,0.8735700000000008
135,-323207.6,-155.0421,2.1000000000349246,0.1453999999999951
150,-323208.9,-154.88913,0.7999999999883585,0.2983700000000056
165,-323209.47,-154.31859,0.2300000000395812,0.8689099999999996
180,-323209.7,-153.72911,0,1.4583900000000085
-165,-311748.38,-40.54412,3.869999999995344,7.001640000000002
-150,-311748.47,-41.391888,3.78000000002794,6.153872
-135,-311747.94,-42.30993,4.309999999997672,5.23583
-120,-311747.28,-43.08991,4.96999999997206,4.455849999999998
-105,-311749.06,-43.35706,3.1900000000023283,4.188700000000004
-90,-311751.22,-46.296314,1.0300000000279397,1.249445999999999
-75,-311752.25,-47.42734,0,0.11842000000000041
-60,-311751.97,-47.311546,0.2800000000279397,0.23421400000000148
-45,-311750.94,-46.71895,1.3099999999976717,0.8268100000000018
-30,-311748.94,-43.508766,3.309999999997672,4.036994
-15,-311747.97,-42.429134,4.28000000002794,5.116626000000004
0,-311747.12,-41.499954,5.130000000004657,6.045805999999999
15,-311747.97,-42.40962,4.28000000002794,5.136140000000005
30,-311748.94,-43.65443,3.309999999997672,3.8913300000000035
45,-311750.94,-46.760967,1.3099999999976717,0.7847930000000005
60,-311751.97,-47.34975,0.2800000000279397,0.19601000000000113
75,-311752.25,-47.54576,0,0
90,-311751.22,-46.30888,1.0300000000279397,1.2368799999999993
105,-311746.94,-42.502563,5.309999999997672,5.043196999999999
120,-311747.28,-43.304714,4.96999999997206,4.241046000000004
135,-311747.94,-42.318985,4.309999999997672,5.2267750000000035
150,-311748.22,-42.03341,4.03000000002794,5.512349999999998
165,-311748.4,-40.423286,3.849999999976717,7.122474000000004
180,-311747.84,-40.249626,4.409999999974389,7.296134000000002
-165,-325740.22,60.57644,1.0300000000279397,0.7076050000000009
-150,-325737.9,62.96884,3.349999999976717,3.100005000000003
-135,-325734.84,66.708595,6.409999999974389,6.839760000000005
-120,-325731.6,70.29367,9.650000000023285,10.424835000000009
-105,-325728.53,73.39906,12.71999999997206,13.530225000000009
-90,-325726.25,76.146935,15,16.278100000000002
-75,-325724.97,78.01308,16.28000000002794,18.144245000000005
-60,-325724.8,78.23085,16.45000000001164,18.362015000000007
-45,-325725.1,77.70387,16.150000000023283,17.835034999999998
-30,-325726.03,79.31081,15.21999999997206,19.441975000000006
-15,-325726.6,79.60908,14.650000000023285,19.74024500000001
0,-325727.84,77.86631,13.409999999974389,17.997475
15,-325727.2,79.33886,14.049999999988358,19.470025
30,-325727.34,78.26509,13.909999999974389,18.396255000000004
45,-325726.75,77.31309,14.5,17.444255000000005
60,-325726.5,76.373924,14.75,16.505089000000005
75,-325726.56,75.10839,14.690000000002328,15.239555000000003
90,-325726.78,74.690956,14.46999999997206,14.822121000000003
105,-325728.5,73.32072,12.75,13.451884999999997
120,-325731.78,70.26281,9.46999999997206,10.393975000000005
135,-325735.38,66.317024,5.869999999995343,6.448189000000006
150,-325738.6,62.985844,2.650000000023283,3.117009000000003
165,-325740.7,60.6745,0.5499999999883585,0.8056650000000047
180,-325741.25,59.868835,0,0
-165,-356557.8,-30.53709,4.820000000006985,6.035656000000003
-150,-356557.56,-30.61868,5.059999999997672,5.954066000000001
-135,-356557.2,-30.78389,5.419999999983702,5.788856000000003
-120,-356556.84,-30.889256,5.779999999969732,5.683490000000003
-105,-356556.6,-30.803623,6.0200000000186265,5.7691230000000004
-90,-356556.4,-30.494923,6.21999999997206,6.077823000000002
-75,-356556.22,-29.970884,6.400000000023283,6.601862000000001
-60,-356555.78,-29.394182,6.839999999967404,7.1785640000000015
-45,-356555.16,-28.657713,7.460000000020955,7.915033000000001
-30,-356554.44,-28.185392,8.179999999993015,8.387354000000002
-15,-356553.94,-27.87672,8.679999999993015,8.696026000000003
0,-356559.53,-34.977097,3.089999999967404,1.5956490000000016
15,-356560.16,-35.62154,2.4600000000209548,0.9512059999999991
30,-356560.56,-35.83085,2.059999999997672,0.7418960000000041
45,-356561.6,-35.924534,1.0200000000186265,0.6482120000000009
60,-356562.62,-36.572746,0,0
75,-356562.6,-36.525192,0.0200000000186264,0.0475540000000052
90,-356561.6,-35.66151,1.0200000000186265,0.9112360000000024
105,-356560.06,-34.311676,2.559999999997672,2.2610700000000037
120,-356558.78,-33.043633,3.839999999967404,3.5291130000000024
135,-356558.1,-31.766365,4.5200000000186265,4.806381000000002
150,-356557.56,-30.618507,5.059999999997672,5.954239000000001
165,-356557.8,-30.537188,4.820000000006985,6.035558000000002
180,-356557.9,-30.542923,4.71999999997206,6.029823000000004
-165,-440597.47,63.741432,1.5600000000558794,6.817425
-150,-440597.22,68.4012,1.8100000000558796,11.477193
-135,-440596.62,74.98565,2.4100000000325963,18.061643000000004
-120,-440596,82.40826,3.03000000002794,25.484252999999995
-105,-440595.75,88.33904,3.28000000002794,31.415032999999994
-90,-440595.94,89.57227,3.090000000025612,32.648263
-75,-440596.03,85.487404,3,28.563396999999995
-60,-440597.28,78.157394,1.75,21.233386999999993
-45,-440598.25,70.35107,0.7800000000279397,13.427063000000004
-30,-440598.84,63.494568,0.1900000000023283,6.570560999999998
-15,-440599.03,58.7745,0,1.8504930000000002
0,-440599,56.924007,0.0300000000279396,0
15,-440599.03,58.784233,0,1.8602259999999973
30,-440598.84,63.497574,0.1900000000023283,6.573566999999997
45,-440598.25,70.34186,0.7800000000279397,13.417852999999994
60,-440597.28,78.172035,1.75,21.24802799999999
75,-440596.03,85.501205,3,28.577197999999996
90,-440595.94,89.570496,3.090000000025612,32.646489
105,-440595.75,88.346924,3.28000000002794,31.422916999999998
120,-440596,82.441025,3.03000000002794,25.517017999999993
135,-440596.62,74.99263,2.4100000000325963,18.068623000000002
150,-440597.22,68.412704,1.8100000000558796,11.488697000000002
165,-440597.47,63.736256,1.5600000000558794,6.812248999999994
180,-440597.34,61.515953,1.6900000000023283,4.591946
-165,-598505.44,21.204504,1.2600000000093132,5.058239
-150,-598506.4,18.264574,0.2999999999301508,2.118309
-135,-598506.44,16.828049,0.2600000000093132,0.6817840000000004
-120,-598505.94,16.549307,0.7600000000093132,0.40304199999999923
-105,-598505.44,16.842085,1.2600000000093132,0.6958200000000012
-90,-598505.3,16.977058,1.3999999999068675,0.8307929999999999
-75,-598505.8,16.588264,0.8999999999068677,0.44199899999999914
-60,-598506.56,16.146265,0.1399999998975545,0
-45,-598506.7,16.688044,0,0.5417790000000018
-30,-598506.06,18.608227,0.6399999998975545,2.4619619999999998
-15,-598504.8,21.950615,1.899999999906868,5.8043499999999995
0,-598504,24.633097,2.699999999953434,8.486832
15,-598504.8,21.950619,1.899999999906868,5.804354
30,-598506.06,18.608227,0.6399999998975545,2.4619619999999998
45,-598506.7,16.688046,0,0.5417810000000003
60,-598506.56,16.148743,0.1399999998975545,0.0024779999999999802
75,-598505.8,16.588264,0.8999999999068677,0.44199899999999914
90,-598505.3,16.977058,1.3999999999068675,0.8307929999999999
105,-598505.44,16.842087,1.2600000000093132,0.6958219999999997
120,-598505.94,16.537424,0.7600000000093132,0.3911590000000018
135,-598506.44,16.823128,0.2600000000093132,0.6768630000000009
150,-598506.4,18.264574,0.2999999999301508,2.118309
165,-598505.44,21.20713,1.2600000000093132,5.060865
180,-598503.7,26.282215,3,10.135950000000001
-165,-398206.72,29.569115,1.75,1.763192
-150,-398207.4,29.242804,1.0699999999487773,1.4368809999999996
-135,-398208.03,28.726778,0.4399999999441206,0.9208549999999995
-120,-398208.47,28.163183,0,0.35726000000000013
-105,-398208.4,27.805923,0.0699999999487772,0
-90,-398207.56,28.206348,0.9099999999743886,0.4004249999999985
-75,-398206.8,29.277075,1.669999999983702,1.471152
-60,-398205.25,31.19031,3.2199999999720603,3.3843870000000003
-45,-398203.62,33.468853,4.849999999976717,5.662930000000003
-30,-398201.97,35.72783,6.5,7.921906999999997
-15,-398202.47,35.580605,6,7.7746819999999985
0,-398202.88,38.996906,5.589999999967404,11.190983000000003
15,-398202.47,35.579372,6,7.773448999999999
30,-398201.97,35.730923,6.5,7.924999999999997
45,-398203.62,33.46886,4.849999999976717,5.662936999999999
60,-398205.25,31.179829,3.2199999999720603,3.3739060000000016
75,-398206.8,29.27527,1.669999999983702,1.469346999999999
90,-398207.56,28.20488,0.9099999999743886,0.39895699999999934
105,-398208.4,27.810062,0.0699999999487772,0.0041389999999985605
120,-398208.47,28.161064,0,0.3551409999999997
135,-398208.03,28.730623,0.4399999999441206,0.9247000000000014
150,-398207.4,29.2462,1.0699999999487773,1.4402770000000018
165,-398206.72,29.569506,1.75,1.7635830000000006
180,-398206.38,29.678078,2.089999999967404,1.8721549999999993
-165,-417468.75,10.712303,0.8499999999767169,5.4476407
-150,-417469.44,8.097497,0.1599999999743886,2.8328347000000003
-135,-417469.56,6.3037066,0.0399999999790452,1.0390442999999996
-120,-417469.1,5.281983,0.5,0.017320699999999967
-105,-417469.03,6.1039634,0.5699999999487773,0.8393010999999992
-90,-417468.3,5.311158,1.2999999999883585,0.046495699999999474
-75,-417469.16,6.078785,0.4400000000023283,0.8141226999999995
-60,-417469.2,5.3317413,0.3999999999650754,0.06707899999999967
-45,-417469.6,6.493044,0,1.2283817
-30,-417469.4,8.566904,0.1999999999534338,3.302241699999999
-15,-417468.62,11.244904,0.9799999999813735,5.9802417
0,-417467.84,16.853914,1.7599999999511056,11.589251699999998
15,-417468.62,11.234012,0.9799999999813735,5.9693496999999995
30,-417469.4,8.568154,0.1999999999534338,3.3034916999999995
45,-417469.6,6.493618,0,1.2289556999999993
60,-417469.2,5.3352695,0.3999999999650754,0.07060719999999954
75,-417469.16,6.0817156,0.4400000000023283,0.8170532999999995
90,-417468.38,5.478395,1.2199999999720603,0.21373269999999955
105,-417469,6.042041,0.5999999999767169,0.7773786999999999
120,-417469.1,5.2646623,0.5,0
135,-417469.56,6.298984,0.0399999999790452,1.0343216999999996
150,-417469.5,8.093484,0.0999999999767169,2.8288216999999998
165,-417468.72,10.479271,0.8800000000046566,5.2146087
180,-417467.84,16.14632,1.7599999999511056,10.881657699999998
-165,-444421.47,19.697044,3.330000000016298,10.067959000000002
-150,-444423.78,13.381229,1.0199999999604188,3.7521439999999995
-135,-444424.78,10.534756,0.0199999999604187,0.9056709999999999
-120,-444424.7,9.666562,0.0999999999767169,0.03747700000000087
-105,-444424.2,9.755058,0.5999999999767169,0.1259730000000001
-90,-444423.88,9.901204,0.919999999983702,0.272119
-75,-444424.16,9.7608595,0.6400000000139698,0.13177450000000057
-60,-444424.66,9.629154,0.1400000000139698,6.899999999987472e-05
-45,-444424.8,10.417573,0,0.788488000000001
-30,-444423.9,13.133166,0.8999999999650754,3.5040809999999993
-15,-444421.75,18.71208,3.0499999999883585,9.082995
0,-444419.06,31.810959,5.739999999990687,22.181874
15,-444421.75,18.71208,3.0499999999883585,9.082995
30,-444423.9,13.133168,0.8999999999650754,3.5040829999999996
45,-444424.8,10.428621,0,0.7995359999999998
60,-444424.66,9.629085,0.1400000000139698,0
75,-444424.16,9.760858,0.6400000000139698,0.1317730000000008
90,-444423.88,9.901205,0.919999999983702,0.27211999999999925
105,-444424.2,9.755058,0.5999999999767169,0.1259730000000001
120,-444424.7,9.666561,0.0999999999767169,0.03747599999999984
135,-444424.78,10.539587,0.0199999999604187,0.9105019999999993
150,-444423.78,13.381227,1.0199999999604188,3.752142000000001
165,-444421.47,19.700108,3.330000000016298,10.071023
180,-444419.06,31.802658,5.739999999990687,22.173573
-165,-370267.88,-146.71146,2.5200000000186265,4.579840000000019
-150,-370269.4,-148.6658,1,2.6255000000000166
-135,-370270.2,-150.61263,0.2000000000116415,0.678670000000011
-120,-370270.4,-151.29073,0,0.0005700000000103955
-105,-370270.38,-150.5666,0.0200000000186264,0.7247000000000128
-90,-370270.22,-148.30582,0.1800000000512227,2.9854799999999955
-75,-370270.34,-150.44553,0.0599999999976716,0.8457700000000159
-60,-370270.4,-151.26361,0,0.027690000000006876
-45,-370270.25,-150.79233,0.150000000023283,0.4989700000000141
-30,-370269.66,-149.01193,0.7400000000488944,2.27937
-15,-370268.44,-146.96136,1.9600000000209548,4.3299399999999935
0,-370266.5,-145.04263,3.900000000023283,6.248670000000004
15,-370268.44,-146.96574,1.9600000000209548,4.325559999999996
30,-370269.66,-149.011,0.7400000000488944,2.280300000000011
45,-370270.25,-150.79018,0.150000000023283,0.5011200000000144
60,-370270.4,-151.25905,0,0.032250000000004775
75,-370270.34,-150.44542,0.0599999999976716,0.845879999999994
90,-370270.22,-148.30312,0.1800000000512227,2.98818
105,-370270.38,-150.56712,0.0200000000186264,0.7241800000000183
120,-370270.4,-151.2913,0,0
135,-370270.2,-150.6118,0.2000000000116415,0.6795000000000186
150,-370269.4,-148.66766,1,2.6236399999999946
165,-370267.88,-146.7161,2.5200000000186265,4.575199999999995
180,-370265.62,-145.06006,4.78000000002794,6.231240000000014
-165,-318108.03,35.002373,0.2699999999604188,1.8578130000000002
-150,-318107.16,40.1091,1.1400000000139698,6.9645399999999995
-135,-318105.9,47.766457,2.3999999999650754,14.621897000000004
-120,-318104.5,56.717102,3.7999999999883594,23.572542
-105,-318103.25,64.26457,5.049999999988359,31.120010000000008
-90,-318102.7,67.847305,5.599999999976717,34.70274500000001
-75,-318103.16,64.8427,5.14000000001397,31.698139999999995
-60,-318104.38,57.317425,3.919999999983702,24.172865
-45,-318105.75,49.21797,2.5499999999883585,16.073410000000003
-30,-318106.94,42.446934,1.3599999999860302,9.302374
-15,-318107.7,38.061775,0.5999999999767169,4.917214999999999
0,-318107.94,36.399246,0.3599999999860301,3.2546859999999995
15,-318107.7,38.06139,0.5999999999767169,4.9168300000000045
30,-318106.94,42.439354,1.3599999999860302,9.294794000000003
45,-318105.75,49.21797,2.5499999999883585,16.073410000000003
60,-318104.38,57.296448,3.919999999983702,24.151888
75,-318103.16,64.84269,5.14000000001397,31.698130000000006
90,-318102.7,67.847305,5.599999999976717,34.70274500000001
105,-318103.25,64.26444,5.049999999988359,31.119879999999995
120,-318104.5,56.717102,3.7999999999883594,23.572542
135,-318105.9,47.766453,2.3999999999650754,14.621893
150,-318107.16,40.109127,1.1400000000139698,6.964567000000002
165,-318108.03,35.00237,0.2699999999604188,1.8578100000000006
180,-318108.3,33.14456,0,0
-165,-417338.16,59.17582,0.1800000000512227,2.957722000000004
-150,-417338.34,56.62555,0,0.40745199999999926
-135,-417337.8,56.218098,0.5400000000372529,0
-120,-417336.53,57.50969,1.809999999997672,1.2915920000000014
-105,-417335.2,59.59199,3.14000000001397,3.373892000000005
-90,-417334.44,61.406918,3.900000000023283,5.18882
-75,-417334.6,62.314014,3.7400000000488944,6.0959160000000026
-60,-417334.9,62.825512,3.4400000000023283,6.607414000000006
-45,-417334.66,63.694725,3.680000000051223,7.476627000000001
-30,-417333.3,65.33641,5.040000000037253,9.118312000000003
-15,-417330.9,67.60504,7.440000000002328,11.386942000000005
0,-417328.62,69.2117,9.720000000030268,12.993601999999996
15,-417330.9,67.57717,7.440000000002328,11.359071999999998
30,-417333.3,65.33642,5.040000000037253,9.118322000000006
45,-417334.66,63.694725,3.680000000051223,7.476627000000001
60,-417334.9,62.825512,3.4400000000023283,6.607414000000006
75,-417334.6,62.320118,3.7400000000488944,6.102020000000003
90,-417334.44,61.40284,3.900000000023283,5.184742
105,-417335.2,59.59199,3.14000000001397,3.373892000000005
120,-417336.53,57.507427,1.809999999997672,1.2893290000000022
135,-417337.8,56.218098,0.5400000000372529,0
150,-417338.34,56.625546,0,0.40744800000000225
165,-417338.16,59.17582,0.1800000000512227,2.957722000000004
180,-417337.94,61.409878,0.400000000023283,5.191780000000001
-165,-297009.62,-5.5652013,0.0800000000162981,0.06508010000000031
-150,-297009.25,-5.2559743,0.4500000000116415,0.3743071000000002
-135,-297008.3,-4.543668,1.400000000023283,1.0866134
-120,-297007,-3.4892793,2.700000000011641,2.1410021
-105,-297005.72,-2.4234204,3.980000000039581,3.2068610000000004
-90,-297005.16,-1.9481622,4.540000000037253,3.6821192000000003
-75,-297005.72,-2.4593158,3.980000000039581,3.1709656
-60,-297007.03,-3.5181253,2.669999999983702,2.1121561000000004
-45,-297008.34,-4.5613365,1.3599999999860302,1.0689449
-30,-297009.25,-5.2608995,0.4500000000116415,0.3693819000000005
-15,-297009.62,-5.569797,0.0800000000162981,0.060484399999999994
0,-297009.7,-5.6274986,0,0.0027828000000003073
15,-297009.62,-5.569798,0.0800000000162981,0.06048340000000074
30,-297009.25,-5.2609005,0.4500000000116415,0.36938090000000035
45,-297008.34,-4.561337,1.3599999999860302,1.0689444000000003
60,-297007.03,-3.5160584,2.669999999983702,2.1142230000000004
75,-297005.72,-2.4593158,3.980000000039581,3.1709656
90,-297005.16,-1.9481622,4.540000000037253,3.6821192000000003
105,-297005.72,-2.4234211,3.980000000039581,3.2068603
120,-297007,-3.4892793,2.700000000011641,2.1410021
135,-297008.3,-4.540503,1.400000000023283,1.0897784000000001
150,-297009.25,-5.255206,0.4500000000116415,0.37507540000000006
165,-297009.62,-5.5652018,0.0800000000162981,0.06507960000000068
180,-297009.7,-5.6302814,0,0
-165,-331720.38,70.3663,0.0599999999976716,0.8844959999999986
-150,-331720.44,69.67351,0,0.19170599999999638
-135,-331720.1,69.49086,0.3400000000256113,0.009056000000001063
-120,-331719.34,69.96002,1.099999999976717,0.4782160000000033
-105,-331718.44,70.760155,2,1.2783510000000007
-90,-331718,71.15816,2.4400000000023283,1.6763559999999984
-75,-331718.4,70.70909,2.039999999979045,1.2272860000000065
-60,-331719.38,69.91251,1.0599999999976717,0.4307060000000007
-45,-331720.16,69.495094,0.2800000000279397,0.013289999999997804
-30,-331720.44,69.72639,0,0.2445859999999982
-15,-331720.38,70.411674,0.0599999999976716,0.9298700000000082
0,-331720.22,72.09021,0.2200000000302679,2.6084060000000022
15,-331720.2,71.63661,0.2399999999906867,2.1548060000000078
30,-331719.94,71.076775,0.5,1.594971000000001
45,-331720.16,69.481804,0.2800000000279397,0
60,-331719.38,69.90459,1.0599999999976717,0.4227860000000021
75,-331718.4,70.70864,2.039999999979045,1.2268360000000058
90,-331718,71.159744,2.4400000000023283,1.6779400000000066
105,-331718.44,70.7661,2,1.2842959999999977
120,-331719.34,69.97337,1.099999999976717,0.49156600000000594
135,-331720.1,69.50586,0.3400000000256113,0.02405600000000163
150,-331720.44,69.68438,0,0.20257600000000764
165,-331720.38,70.373184,0.0599999999976716,0.8913799999999981
180,-331720.28,70.84218,0.1599999999743886,1.3603760000000023
-165,-360957.25,3.6115963,0,1.849891
-150,-360957.16,3.2456174,0.0900000000256113,1.4839121
-135,-360956.9,2.828147,0.3499999999767169,1.0664417
-120,-360956.34,2.6550028,0.9099999999743886,0.8932975000000001
-105,-360956.06,3.4127626,1.1900000000023283,1.6510573000000002
-90,-360956.72,3.2322931,0.5300000000279397,1.4705878000000001
-75,-360957.06,2.9416826,0.1900000000023283,1.1799773
-60,-360956.88,1.7617053,0.3699999999953434,0
-45,-360956.38,3.0582101,0.8699999999953434,1.2965048000000001
-30,-360955.2,5.1408925,2.0499999999883585,3.3791871999999996
-15,-360953.9,7.0621576,3.349999999976717,5.3004523
0,-360953,8.179332,4.25,6.4176267000000005
15,-360953.9,7.0649424,3.349999999976717,5.3032371
30,-360955.2,5.1533484,2.0499999999883585,3.3916430999999996
45,-360956.38,3.0581462,0.8699999999953434,1.2964409
60,-360956.88,1.7619427,0.3699999999953434,0.00023740000000005423
75,-360957.06,2.9396632,0.1900000000023283,1.1779579
90,-360956.72,3.2754858,0.5300000000279397,1.5137804999999998
105,-360956.06,3.412764,1.1900000000023283,1.6510587
120,-360956.34,2.6600652,0.9099999999743886,0.8983599
135,-360956.9,2.8257062,0.3499999999767169,1.0640009
150,-360957.16,3.2438035,0.0900000000256113,1.4820981999999998
165,-360957.25,3.6115994,0,1.8498940999999998
180,-360957.1,3.9621596,0.150000000023283,2.2004543
-165,-326481.06,9.8875265,3.5,5.4942988999999995
-150,-326480,10.038064,4.559999999997672,5.6448364
-135,-326479.03,9.835352,5.529999999969732,5.4421244
-120,-326478.97,8.999118,5.590000000025611,4.605890399999999
-105,-326480.1,7.5781693,4.460000000020955,3.1849416999999995
-90,-326481.9,6.0158405,2.6599999999743886,1.6226129
-75,-326483.6,4.739634,0.9600000000209548,0.34640639999999934
-60,-326484.56,4.3932276,0,0
-45,-326483.8,4.7297177,0.7600000000093132,0.3364900999999998
-30,-326481.72,5.8191495,2.840000000025612,1.4259218999999996
-15,-326479.5,7.056749,5.059999999997672,2.6635213999999996
0,-326478.5,7.8125024,6.059999999997672,3.4192747999999993
15,-326479.5,7.0549507,5.059999999997672,2.6617230999999997
30,-326481.72,5.8247604,2.840000000025612,1.4315327999999994
45,-326483.8,4.7291603,0.7600000000093132,0.33593269999999986
60,-326484.56,4.39438,0,0.0011523999999996093
75,-326483.6,4.7417474,0.9600000000209548,0.34851980000000005
90,-326481.9,6.015833,2.6599999999743886,1.6226053999999994
105,-326480.1,7.577766,4.460000000020955,3.184538399999999
120,-326478.97,8.997792,5.590000000025611,4.6045644
135,-326479.03,9.835352,5.529999999969732,5.4421244
150,-326480,10.039977,4.559999999997672,5.6467494
165,-326481.06,9.887526,3.5,5.494298399999999
180,-326481.47,9.778915,3.090000000025612,5.385687399999999
-165,-459901.6,25.24383,3.1000000000349246,0.6540129999999991
-150,-459903.03,24.96565,1.669999999983702,0.3758330000000001
-135,-459904.22,24.725636,0.4800000000395812,0.13581900000000147
-120,-459904.7,24.598795,0,0.008977999999999042
-105,-459904.3,24.67851,0.400000000023283,0.08869299999999924
-90,-459903.2,24.938765,1.5,0.34894800000000004
-75,-459901.78,25.230122,2.919999999983702,0.6403050000000015
-60,-459900.88,25.303091,3.820000000006985,0.7132739999999984
-45,-459901.5,25.182346,3.200000000011641,0.592528999999999
-30,-459903,24.913094,1.7000000000116415,0.3232770000000009
-15,-459904.25,24.68247,0.4500000000116415,0.09265299999999854
0,-459904.7,24.589817,0,0
15,-459904.25,24.68247,0.4500000000116415,0.09265299999999854
30,-459903,24.913094,1.7000000000116415,0.3232770000000009
45,-459901.5,25.18235,3.200000000011641,0.5925329999999995
60,-459900.88,25.303091,3.820000000006985,0.7132739999999984
75,-459901.78,25.230124,2.919999999983702,0.640307
90,-459903.2,24.938755,1.5,0.3489380000000004
105,-459904.3,24.67851,0.400000000023283,0.08869299999999924
120,-459904.7,24.598803,0,0.00898600000000016
135,-459904.22,24.725636,0.4800000000395812,0.13581900000000147
150,-459903.03,24.96565,1.669999999983702,0.3758330000000001
165,-459901.6,25.254742,3.1000000000349246,0.6649250000000002
180,-459900.88,25.28669,3.820000000006985,0.6968730000000001
-165,-549475.4,137.1088,1.400000000023283,5.393850000000015
-150,-549475.25,135.54884,1.550000000046566,3.833890000000025
-135,-549474.5,134.79886,2.300000000046566,3.083910000000003
-120,-549473.6,134.42003,3.200000000069849,2.7050800000000095
-105,-549473.06,134.21062,3.739999999990687,2.4956700000000183
-90,-549473.3,133.82779,3.5,2.1128400000000056
-75,-549474.25,132.95229,2.550000000046566,1.2373400000000174
-60,-549475.44,132.15393,1.3600000001024457,0.438980000000015
-45,-549476.44,131.71495,0.3600000001024455,0
-30,-549476.8,132.00603,0,0.2910800000000222
-15,-549476.56,132.80832,0.2399999999906867,1.0933700000000215
0,-549475.9,133.63983,0.9000000000232831,1.9248800000000017
15,-549476.56,132.80852,0.2399999999906867,1.0935699999999997
30,-549476.8,132.0032,0,0.288250000000005
45,-549476.44,131.71495,0.3600000001024455,0
60,-549475.44,132.15393,1.3600000001024457,0.438980000000015
75,-549474.25,132.953,2.550000000046566,1.2380500000000154
90,-549473.3,133.82845,3.5,2.113500000000016
105,-549473.06,134.21587,3.739999999990687,2.500920000000008
120,-549473.6,134.3923,3.200000000069849,2.6773500000000183
135,-549474.5,134.79314,2.300000000046566,3.0781900000000064
150,-549475.25,135.54951,1.550000000046566,3.8345600000000104
165,-549475.4,137.04388,1.400000000023283,5.328930000000014
180,-549474.8,139.83394,2,8.118990000000025
-165,-442697.84,-34.434902,0.7599999999511056,0.8437119999999965
-150,-442697.5,-32.937397,1.099999999976717,2.3412170000000003
-135,-442696.12,-29.86749,2.479999999981373,5.411123999999997
-120,-442694.88,-27.247824,3.71999999997206,8.030789999999996
-105,-442693.97,-24.637089,4.630000000004657,10.641524999999998
-90,-442692.78,-21.602526,5.819999999948777,13.676087999999996
-75,-442689.56,-20.415255,9.039999999979043,14.863358999999999
-60,-442693.03,-24.491405,5.569999999948777,10.787208999999997
-45,-442695.72,-28.123913,2.8800000000046566,7.154700999999996
-30,-442697.56,-31.163013,1.0399999999790452,4.115600999999998
-15,-442698.4,-33.14441,0.1999999999534338,2.134203999999997
0,-442698.6,-34.0032,0,1.2754139999999978
15,-442698.4,-33.143833,0.1999999999534338,2.1347809999999967
30,-442697.56,-31.159946,1.0399999999790452,4.118667999999996
45,-442695.72,-28.11682,2.8800000000046566,7.161793999999997
60,-442693.03,-24.489637,5.569999999948777,10.788977
75,-442689.56,-20.408325,9.039999999979043,14.870288999999996
90,-442692.78,-21.611963,5.819999999948777,13.666650999999998
105,-442693.97,-24.6349,4.630000000004657,10.643714
120,-442694.88,-27.23203,3.71999999997206,8.046583999999996
135,-442696.12,-29.87083,2.479999999981373,5.407783999999996
150,-442697.5,-32.93565,1.099999999976717,2.342963999999995
165,-442697.84,-34.442703,0.7599999999511056,0.8359109999999959
180,-442697.56,-35.278614,1.0399999999790452,0
-165,-428151.94,30.490078,0,1.6837710000000001
-150,-428151.72,31.442259,0.2200000000302679,2.6359519999999996
-135,-428151.1,32.208637,0.8400000000256114,3.4023300000000027
-120,-428150.22,34.339523,1.720000000030268,5.5332159999999995
-105,-428149.1,36.113644,2.840000000025612,7.307337
-90,-428147.88,37.482113,4.059999999997672,8.675805999999998
-75,-428149.22,36.146152,2.720000000030268,7.339845
-60,-428150.4,34.274277,1.5399999999790452,5.4679699999999976
-45,-428151.28,32.548775,0.6599999999743886,3.742467999999999
-30,-428151.78,31.47017,0.1599999999743886,2.663862999999999
-15,-428151.94,30.324493,0,1.518186
0,-428151.84,28.806307,0.0999999999767169,0
15,-428151.94,30.326283,0,1.5199759999999998
30,-428151.78,31.290195,0.1599999999743886,2.4838880000000003
45,-428151.28,32.537846,0.6599999999743886,3.7315390000000015
60,-428150.4,34.13119,1.5399999999790452,5.324882999999996
75,-428149.22,36.092228,2.720000000030268,7.285920999999998
90,-428147.88,37.657158,4.059999999997672,8.850851000000002
105,-428149.06,36.19916,2.8800000000046566,7.392852999999999
120,-428150.22,34.340096,1.720000000030268,5.533789000000002
135,-428151.16,32.670753,0.7800000000279397,3.8644459999999974
150,-428151.72,31.449741,0.2200000000302679,2.643433999999999
165,-428151.94,30.49907,0,1.6927629999999994
180,-428151.88,28.943293,0.0599999999976716,0.13698600000000027
-165,-651003.94,12.097785,0,0.22153800000000068
-150,-651003.94,11.879842,0,0.003595000000000681
-135,-651003.9,11.9366865,0.0399999999208375,0.06043950000000109
-120,-651003.7,12.220617,0.2399999999906867,0.3443700000000014
-105,-651003.56,12.518085,0.3799999998882413,0.6418379999999999
-90,-651003.5,12.580745,0.4399999999441206,0.704498000000001
-75,-651003.3,12.427585,0.6399999998975545,0.5513380000000012
-60,-651002.7,12.438074,1.2399999999906868,0.561827000000001
-45,-651001.5,12.995929,2.4399999999441206,1.119682000000001
-30,-651000,14.071921,3.9399999999441206,2.1956740000000003
-15,-650998.7,15.183302,5.239999999990687,3.307055
0,-650998.1,15.618065,5.839999999967404,3.7418180000000003
15,-650998.7,15.183906,5.239999999990687,3.307659000000001
30,-651000,14.089997,3.9399999999441206,2.213750000000001
45,-651001.5,12.99393,2.4399999999441206,1.1176830000000013
60,-651002.7,12.438022,1.2399999999906868,0.5617750000000008
75,-651003.3,12.427587,0.6399999998975545,0.5513400000000015
90,-651003.5,12.583644,0.4399999999441206,0.7073970000000003
105,-651003.56,12.520519,0.3799999998882413,0.6442720000000008
120,-651003.7,12.225729,0.2399999999906867,0.34948200000000007
135,-651003.9,11.944338,0.0399999999208375,0.06809100000000079
150,-651003.94,11.876247,0,0
165,-651003.94,12.095937,0,0.21968999999999994
180,-651003.94,12.293001,0,0.41675400000000096
-165,-526139.8,-34.254585,1.599999999976717,0.5015989999999988
-150,-526139.25,-33.32872,2.150000000023283,1.4274640000000005
-135,-526138.2,-31.82311,3.200000000069849,2.9330739999999977
-120,-526136.75,-30.060928,4.650000000023283,4.695255999999997
-105,-526135.3,-28.54476,6.099999999976717,6.211423999999997
-90,-526134.6,-27.845547,6.800000000046566,6.910636999999998
-75,-526135.2,-28.654234,6.200000000069849,6.101949999999999
-60,-526136.7,-30.32812,4.700000000069849,4.428063999999999
-45,-526138.5,-32.11945,2.900000000023283,2.636733999999997
-30,-526140,-33.596947,1.400000000023283,1.1592369999999974
-15,-526141,-34.46039,0.400000000023283,0.2957940000000008
0,-526141.4,-34.756184,0,0
15,-526141,-34.458794,0.400000000023283,0.29739000000000004
30,-526140,-33.598763,1.400000000023283,1.1574209999999994
45,-526138.5,-32.11689,2.900000000023283,2.6392939999999996
60,-526136.7,-30.32803,4.700000000069849,4.428153999999999
75,-526135.2,-28.653612,6.200000000069849,6.1025719999999986
90,-526134.6,-27.845812,6.800000000046566,6.910371999999999
105,-526135.3,-28.54476,6.099999999976717,6.211423999999997
120,-526136.75,-30.060926,4.650000000023283,4.695257999999999
135,-526138.2,-31.822826,3.200000000069849,2.9333579999999984
150,-526139.25,-33.328716,2.150000000023283,1.4274679999999975
165,-526139.8,-34.25459,1.599999999976717,0.5015939999999972
180,-526140,-34.536846,1.400000000023283,0.21933800000000048
-165,-307067.16,-42.94954,0.3099999999976717,0.004305999999999699
-150,-307066.12,-42.911186,1.349999999976717,0.04265999999999792
-135,-307064.47,-42.634968,3,0.318877999999998
-120,-307062.44,-42.118248,5.029999999969732,0.8355979999999974
-105,-307060.44,-41.658566,7.029999999969732,1.2952799999999982
-90,-307059.47,-41.78569,8,1.1681559999999962
-75,-307060.47,-42.065952,7,0.8878939999999957
-60,-307062.53,-42.428852,4.939999999944121,0.5249939999999995
-45,-307064.62,-42.76689,2.849999999976717,0.18695600000000212
-30,-307066.22,-42.931854,1.25,0.021991999999997347
-15,-307067.16,-42.953846,0.3099999999976717,0
0,-307067.47,-42.927353,0,0.026493000000002098
15,-307067.16,-42.953846,0.3099999999976717,0
30,-307066.22,-42.931854,1.25,0.021991999999997347
45,-307064.62,-42.766895,2.849999999976717,0.18695100000000053
60,-307062.53,-42.430096,4.939999999944121,0.5237499999999997
75,-307060.47,-42.066982,7,0.8868639999999957
90,-307059.47,-41.744495,8,1.209350999999998
105,-307060.44,-41.657658,7.029999999969732,1.2961880000000008
120,-307062.44,-42.108627,5.029999999969732,0.8452190000000002
135,-307064.47,-42.627964,3,0.325882
150,-307066.12,-42.911186,1.349999999976717,0.04265999999999792
165,-307067.16,-42.94954,0.3099999999976717,0.004305999999999699
180,-307067.47,-42.93654,0,0.017305999999997823
-165,-448786.9,36.685307,1.0399999999790452,6.285042000000001
-150,-448787.94,31.654255,0,1.2539899999999982
-135,-448787.9,30.400265,0.0399999999790452,0
-120,-448787.06,31.229969,0.8800000000046566,0.8297039999999996
-105,-448786.12,32.661663,1.820000000006985,2.2613979999999962
-90,-448785.88,33.52733,2.059999999997672,3.127064999999998
-75,-448786.53,33.3248,1.4099999999743886,2.9245350000000023
-60,-448787.53,32.736843,0.4099999999743886,2.3365779999999994
-45,-448787.56,32.864243,0.3800000000046566,2.463978000000001
-30,-448785.9,34.66563,2.039999999979045,4.265364999999999
-15,-448782.72,38.31646,5.220000000030268,7.916194999999998
0,-448778.44,44.279644,9.5,13.879378999999997
15,-448782.72,38.787804,5.220000000030268,8.387539
30,-448785.9,34.64918,2.039999999979045,4.248915
45,-448787.56,32.871,0.3800000000046566,2.4707350000000012
60,-448787.53,32.740883,0.4099999999743886,2.3406179999999956
75,-448786.53,33.32049,1.4099999999743886,2.9202249999999985
90,-448785.88,33.526627,2.059999999997672,3.1263619999999968
105,-448786.12,32.660816,1.820000000006985,2.260550999999996
120,-448787.03,31.221346,0.9099999999743886,0.8210809999999995
135,-448787.9,30.41943,0.0399999999790452,0.019164999999997434
150,-448787.78,31.562233,0.1599999999743886,1.1619679999999981
165,-448786.9,36.674644,1.0399999999790452,6.274379
180,-448785.44,44.457203,2.5,14.056937999999999
-165,-636394.4,-26.043663,2.5399999999208376,1.605867
-150,-636394.25,-26.212856,2.6899999999441206,1.436674
-135,-636394,-26.291357,2.9399999999441206,1.3581729999999972
-120,-636393.75,-26.1668,3.1899999999441206,1.48273
-105,-636393.6,-26.00491,3.339999999967404,1.6446199999999997
-90,-636393.8,-26.0202,3.1399999998975545,1.6293299999999995
-75,-636394.3,-26.259405,2.6399999998975545,1.3901249999999976
-60,-636395.06,-26.725922,1.8799999998882413,0.923607999999998
-45,-636395.75,-27.2117,1.1899999999441206,0.43782999999999817
-30,-636396.44,-27.548172,0.5,0.10135799999999762
-15,-636396.8,-27.64953,0.1399999998975545,0
0,-636396.94,-27.277534,0,0.3719959999999993
15,-636396.8,-27.649132,0.1399999998975545,0.00039799999999701186
30,-636396.44,-27.537186,0.5,0.11234400000000022
45,-636395.75,-27.2117,1.1899999999441206,0.43782999999999817
60,-636395.06,-26.725922,1.8799999998882413,0.923607999999998
75,-636394.3,-26.259405,2.6399999998975545,1.3901249999999976
90,-636393.8,-26.010517,3.1399999998975545,1.6390129999999985
105,-636393.6,-26.00065,3.339999999967404,1.6488799999999983
120,-636393.75,-26.166864,3.1899999999441206,1.4826659999999983
135,-636394,-26.285976,2.9399999999441206,1.363553999999997
150,-636394.25,-26.214254,2.6899999999441206,1.4352759999999982
165,-636394.4,-26.047743,2.5399999999208376,1.601786999999998
180,-636394.4,-26.076092,2.5399999999208376,1.5734379999999994
-165,-374326.88,45.01432,2.6199999999953434,0.8492919999999984
-150,-374327,45.025078,2.5,0.8600500000000011
-135,-374326.7,45.570137,2.7999999999883585,1.405109000000003
-120,-374326.38,46.030724,3.1199999999953434,1.8656959999999998
-105,-374326.88,44.165028,2.6199999999953434,0
-90,-374328.38,44.20451,1.1199999999953434,0.03948199999999957
-75,-374329.25,44.31853,0.25,0.15350200000000314
-60,-374329.5,44.672085,0,0.5070570000000032
-45,-374329.28,45.818832,0.2199999999720603,1.653804000000001
-30,-374328.38,47.582584,1.1199999999953434,3.4175559999999976
-15,-374327.53,49.867847,1.9699999999720603,5.702818999999998
0,-374326.78,52.495544,2.7199999999720603,8.330516000000003
15,-374326.75,50.36288,2.75,6.1978519999999975
30,-374326.8,46.70983,2.700000000011641,2.544801999999997
45,-374326.88,44.859238,2.6199999999953434,0.6942099999999982
60,-374326.12,44.862877,3.3800000000046566,0.6978489999999979
75,-374324.47,45.14603,5.03000000002794,0.9810020000000037
90,-374321.88,47.028175,7.619999999995343,2.863146999999998
105,-374318.9,50.304783,10.599999999976715,6.139755000000001
120,-374317.62,55.172615,11.880000000004657,11.007587000000001
135,-374318.72,52.805256,10.78000000002794,8.640228
150,-374321.06,50.076893,8.440000000002328,5.911864999999999
165,-374323.9,47.499615,5.599999999976717,3.334586999999999
180,-374325.94,45.773678,3.559999999997672,1.6086499999999972
-165,-444520.22,-26.795437,4.580000000016298,7.904415
-150,-444524.8,-30.327145,0,4.372706999999998
-135,-444524.2,-33.98834,0.5999999999767169,0.711511999999999
-120,-444524.38,-34.688377,0.4199999999837018,0.011474999999997237
-105,-444523.94,-34.494343,0.8599999999860302,0.20550899999999928
-90,-444523.62,-34.334545,1.179999999993015,0.3653070000000014
-75,-444523.88,-34.511124,0.919999999983702,0.18872799999999756
-60,-444524.34,-34.699852,0.4599999999627471,0
-45,-444524.25,-34.035572,0.5499999999883585,0.664279999999998
-30,-444522.9,-31.531439,1.8999999999650756,3.168413000000001
-15,-444520.38,-26.663172,4.419999999983702,8.03668
0,-444519.1,-17.448235,5.7000000000116415,17.251617
15,-444520.38,-26.631042,4.419999999983702,8.06881
30,-444522.9,-31.531855,1.8999999999650756,3.1679969999999997
45,-444524.25,-34.042656,0.5499999999883585,0.657195999999999
60,-444524.34,-34.699123,0.4599999999627471,0.0007289999999997576
75,-444523.88,-34.5096,0.919999999983702,0.19025200000000098
90,-444523.62,-34.334545,1.179999999993015,0.3653070000000014
105,-444523.94,-34.50853,0.8599999999860302,0.19132199999999955
120,-444524.38,-34.68843,0.4199999999837018,0.011422000000003152
135,-444524.2,-33.986893,0.5999999999767169,0.7129589999999979
150,-444522.88,-31.544678,1.9199999999837016,3.155173999999999
165,-444520.22,-26.800892,4.580000000016298,7.898959999999999
180,-444518.97,-17.413773,5.830000000016298,17.286079
-165,-406803.44,50.075455,15.85999999998603,16.776092999999996
-150,-406804.66,47.675373,14.64000000001397,14.376010999999998
-135,-406805.06,46.048428,14.239999999990689,12.749066
-120,-406804.84,44.82949,14.459999999962749,11.530127999999998
-105,-406804.53,43.634686,14.76999999996042,10.335324
-90,-406805.03,42.237595,14.26999999996042,8.938232999999997
-75,-406806.97,40.40195,12.330000000016298,7.102587999999997
-60,-406810.12,38.412888,9.179999999993017,5.113526
-45,-406813.66,36.528507,5.64000000001397,3.2291449999999955
-30,-406816.7,34.852985,2.599999999976717,1.5536229999999946
-15,-406818.66,33.710423,0.6400000000139698,0.41106099999999657
0,-406819.3,33.299362,0,0
15,-406818.66,33.700115,0.6400000000139698,0.4007529999999946
30,-406816.7,34.846333,2.599999999976717,1.5469709999999992
45,-406813.66,36.522526,5.64000000001397,3.223163999999997
60,-406810.12,38.41699,9.179999999993017,5.117627999999996
75,-406806.97,40.40196,12.330000000016298,7.102598
90,-406805,42.227135,14.299999999988358,8.927772999999995
105,-406804.53,43.634502,14.76999999996042,10.335139999999996
120,-406804.84,44.82944,14.459999999962749,11.530077999999996
135,-406805.06,46.04842,14.239999999990689,12.749057999999998
150,-406804.66,47.675373,14.64000000001397,14.376010999999998
165,-406803.44,50.083607,15.85999999998603,16.784245
180,-406801.44,52.850002,17.85999999998603,19.55064
-165,-522959.2,7.206635,8.399999999965075,12.2914767
-150,-522959.56,7.296837,8.039999999979045,12.3816787
-135,-522959.28,7.8651013,8.319999999948777,12.949943000000001
-120,-522958.62,8.557127,8.979999999981374,13.6419687
-105,-522958.03,8.128428,9.569999999948775,13.2132697
-90,-522958.53,7.1755924,9.069999999948775,12.260434100000001
-75,-522960.03,4.933744,7.569999999948777,10.0185857
-60,-522962.16,1.9899801,5.440000000002328,7.0748218000000005
-45,-522964.4,-0.95066947,3.199999999953434,4.13417223
-30,-522966.28,-3.2899334,1.3199999999487773,1.7949083000000003
-15,-522967.4,-4.6763034,0.1999999999534338,0.4085383
0,-522967.6,-5.0848417,0,0
15,-522967.4,-4.6800375,0.1999999999534338,0.40480420000000006
30,-522966.28,-3.2915308,1.3199999999487773,1.7933109000000003
45,-522964.4,-0.95219386,3.199999999953434,4.132647840000001
60,-522962.16,1.9783027,5.440000000002328,7.0631444000000005
75,-522960.03,4.9172454,7.569999999948777,10.0020871
90,-522958.53,7.168233,9.069999999948775,12.253074699999999
105,-522958.03,8.122338,9.569999999948775,13.2071797
120,-522958.62,8.556689,8.979999999981374,13.6415307
135,-522959.28,7.8498354,8.319999999948777,12.9346771
150,-522959.56,7.2955384,8.039999999979045,12.3803801
165,-522959.2,7.176242,8.399999999965075,12.2610837
180,-522958.28,7.416921,9.319999999948775,12.5017627
-165,-265549.38,10.471565,2.339999999967404,0.6724049999999995
-150,-265550.7,10.225749,1.0199999999604188,0.4265889999999999
-135,-265551.53,9.897679,0.1899999999441206,0.09851899999999958
-120,-265551.72,9.828687,0,0.02952699999999986
-105,-265551.28,10.0585575,0.4399999999441206,0.2593974999999986
-90,-265550.4,10.332015,1.3199999999487773,0.5328549999999996
-75,-265549.5,10.362499,2.2199999999720603,0.5633389999999991
-60,-265549.22,10.209664,2.5,0.41050399999999954
-45,-265549.97,10.39342,1.75,0.5942600000000002
-30,-265551,10.8376045,0.7199999999720603,1.0384444999999989
-15,-265551.53,11.418438,0.1899999999441206,1.6192779999999996
0,-265551.34,12.050118,0.3799999999464489,2.250957999999999
15,-265551.53,11.418442,0.1899999999441206,1.619282
30,-265551,10.836415,0.7199999999720603,1.037255
45,-265549.97,10.39342,1.75,0.5942600000000002
60,-265549.22,10.209668,2.5,0.4105080000000001
75,-265549.5,10.362503,2.2199999999720603,0.5633429999999997
90,-265550.4,10.328642,1.3199999999487773,0.5294819999999998
105,-265551.28,10.058671,0.4399999999441206,0.2595109999999998
120,-265551.72,9.828778,0,0.029617999999999256
135,-265551.53,9.897534,0.1899999999441206,0.09837399999999974
150,-265550.7,10.222202,1.0199999999604188,0.4230419999999988
165,-265549.38,10.465688,2.339999999967404,0.6665279999999996
180,-265548.28,9.79916,3.4399999999441206,0
-165,-350266.62,-17.413494,4.760000000009313,7.045490000000001
-150,-350267.06,-17.370079,4.320000000006985,7.0889050000000005
-135,-350266.28,-18.002838,5.099999999976717,6.456146
-120,-350268.47,-19.49938,2.9100000000325963,4.959604000000002
-105,-350270.25,-21.930359,1.1300000000046566,2.5286250000000017
-90,-350271.28,-23.84768,0.0999999999767169,0.6113040000000005
-75,-350271.38,-24.458984,0,0
-60,-350270.7,-23.857931,0.6799999999930151,0.6010530000000003
-45,-350269.62,-22.579502,1.7600000000093132,1.8794819999999994
-30,-350268.94,-22.893064,2.4400000000023283,1.565920000000002
-15,-350268.1,-20.07821,3.28000000002794,4.380774000000002
0,-350267.44,-19.012938,3.940000000002328,5.446046000000003
15,-350266.62,-17.462673,4.760000000009313,6.996311000000002
30,-350267,-17.329721,4.380000000004657,7.129263000000002
45,-350266.1,-17.892687,5.28000000002794,6.566297000000002
60,-350268.5,-19.455753,2.8800000000046566,5.0032309999999995
75,-350270.34,-21.986572,1.0399999999790452,2.472412000000002
90,-350271.3,-23.947475,0.0800000000162981,0.5115090000000002
105,-350271.38,-24.433777,0,0.025207000000001756
120,-350270.78,-23.902157,0.5999999999767169,0.556827000000002
135,-350269.84,-22.690998,1.5399999999790452,1.7679860000000005
150,-350268.9,-21.34466,2.479999999981373,3.114324
165,-350268.16,-20.13275,3.220000000030268,4.3262339999999995
180,-350267.4,-18.957169,3.9799999999813735,5.501815000000001
-165,-474126.66,13.922676,7.809999999997672,5.698269
-150,-474125,16.07648,9.46999999997206,7.852073000000001
-135,-474122.38,19.25703,12.089999999967404,11.032623000000001
-120,-474119.03,22.949894,15.43999999994412,14.725487000000001
-105,-474116.34,31.970108,18.12999999994645,23.745701
-90,-474119.62,29.522,14.849999999976715,21.297593
-75,-474123.88,25.088951,10.589999999967404,16.864544000000002
-60,-474127.84,20.235285,6.629999999946449,12.010878000000002
-45,-474130.9,15.445411,3.5699999999487773,7.221004000000001
-30,-474133.03,11.776894,1.4399999999441206,3.552487000000001
-15,-474134.16,9.204573,0.3099999999976717,0.9801660000000005
0,-474134.47,8.224407,0,0
15,-474134.16,9.2019615,0.3099999999976717,0.9775545000000001
30,-474133.06,11.737668,1.4099999999743886,3.513261
45,-474130.9,15.456701,3.5699999999487773,7.232294000000001
60,-474127.84,20.119081,6.629999999946449,11.894674000000002
75,-474123.88,25.019543,10.589999999967404,16.795136
90,-474119.62,29.500103,14.849999999976715,21.275696
105,-474116.34,31.974455,18.12999999994645,23.750048
120,-474119.03,22.918238,15.43999999994412,14.693831
135,-474122.38,19.260897,12.089999999967404,11.03649
150,-474125,16.070967,9.46999999997206,7.84656
165,-474126.66,13.918694,7.809999999997672,5.694287000000001
180,-474127.16,12.982379,7.309999999997672,4.7579720000000005
-165,-418214.56,12.149328,1.0599999999976717,0.7585680000000004
-150,-418213.97,12.753194,1.650000000023283,1.3624340000000004
-135,-418212.28,12.984599,3.339999999967404,1.5938389999999991
-120,-418213.38,13.46652,2.2399999999906868,2.075759999999999
-105,-418214.47,12.970431,1.150000000023283,1.5796709999999994
-90,-418215.4,12.457426,0.2199999999720603,1.0666659999999997
-75,-418215.4,11.782703,0.2199999999720603,0.3919429999999995
-60,-418214.72,11.393862,0.9000000000232831,0.00310200000000016
-45,-418213.44,11.887825,2.179999999993015,0.4970649999999992
-30,-418211.75,13.11485,3.869999999995344,1.7240900000000003
-15,-418210.22,14.389275,5.400000000023283,2.9985149999999994
0,-418209.2,14.992476,6.419999999983702,3.6017159999999997
15,-418210.22,14.380933,5.400000000023283,2.9901730000000004
30,-418211.75,13.119762,3.869999999995344,1.7290019999999995
45,-418213.44,11.897574,2.179999999993015,0.5068140000000003
60,-418214.72,11.39076,0.9000000000232831,0
75,-418215.62,12.121795,0,0.7310350000000003
90,-418215.4,12.455243,0.2199999999720603,1.0644829999999992
105,-418214.5,12.990805,1.1199999999953434,1.6000449999999997
120,-418213.38,13.465286,2.2399999999906868,2.0745260000000005
135,-418212.28,12.985573,3.339999999967404,1.5948130000000003
150,-418213.97,12.757627,1.650000000023283,1.3668669999999992
165,-418214.56,12.161186,1.0599999999976717,0.7704260000000005
180,-418214.94,11.892989,0.6799999999930151,0.5022289999999998
-165,-330324.25,90.57617,0.1300000000046566,1.8287200000000041
-150,-330323.75,95.85431,0.6300000000046566,7.1068599999999975
-135,-330322.84,103.28566,1.5399999999790452,14.538209999999992
-120,-330321.47,112.08806,2.9100000000325963,23.340609999999998
-105,-330320.1,120.25505,4.28000000002794,31.507599999999996
-90,-330319.12,124.76041,5.260000000009313,36.01295999999999
-75,-330318.97,122.766716,5.410000000032596,34.019266
-60,-330319.38,117.14107,5,28.39362
-45,-330319.97,110.69637,4.410000000032596,21.94892
-30,-330320.6,104.55943,3.78000000002794,15.811980000000005
-15,-330320.97,100.04573,3.4100000000325963,11.298280000000005
0,-330320.9,97.71606,3.479999999981373,8.968609999999998
15,-330320.66,99.271454,3.720000000030268,10.524004000000005
30,-330319.88,103.64024,4.5,14.892790000000005
45,-330319.97,110.68517,4.410000000032596,21.93772
60,-330319.38,117.13526,5,28.38781
75,-330318.97,122.76622,5.410000000032596,34.01877
90,-330319.12,124.75956,5.260000000009313,36.01210999999999
105,-330320.1,120.27053,4.28000000002794,31.523079999999993
120,-330321.47,112.082664,2.9100000000325963,23.335213999999993
135,-330322.84,103.2765,1.5399999999790452,14.529049999999998
150,-330323.75,95.85026,0.6300000000046566,7.102810000000005
165,-330324.25,90.57196,0.1300000000046566,1.8245100000000036
180,-330324.38,88.74745,0,0
-165,-362601.25,6.234264,0.0499999999883584,0
-150,-362600.56,6.970336,0.7399999999906868,0.7360720000000001
-135,-362599.62,7.897299,1.679999999993015,1.6630350000000007
-120,-362599.38,8.314978,1.9199999999837016,2.0807140000000004
-105,-362600.22,7.7912045,1.080000000016298,1.5569405000000005
-90,-362601.06,6.939731,0.2399999999906867,0.7054670000000005
-75,-362601.22,6.429176,0.0800000000162981,0.19491200000000042
-60,-362600.44,6.4526587,0.8599999999860302,0.21839470000000016
-45,-362598.84,7.2306075,2.459999999962747,0.9963435
-30,-362596.9,8.661351,4.399999999965075,2.427087
-15,-362595.25,10.030706,6.049999999988359,3.7964420000000008
0,-362594.4,10.549559,6.899999999965075,4.315295000000001
15,-362595.25,10.033058,6.049999999988359,3.798794000000001
30,-362596.9,8.663706,4.399999999965075,2.429442
45,-362598.84,7.2240963,2.459999999962747,0.9898323000000007
60,-362600.44,6.4521875,0.8599999999860302,0.21792350000000038
75,-362601.22,6.4297776,0.0800000000162981,0.19551360000000084
90,-362601.06,6.9415946,0.2399999999906867,0.7073306000000006
105,-362600.22,7.7843127,1.080000000016298,1.5500487000000005
120,-362599.38,8.315723,1.9199999999837016,2.0814590000000006
135,-362599.62,7.897378,1.679999999993015,1.6631140000000002
150,-362600.56,6.990901,0.7399999999906868,0.7566370000000004
165,-362601.25,6.2343917,0.0499999999883584,0.0001277000000001749
180,-362601.3,6.7683597,0,0.5340957000000008
-165,-408936.22,-57.495174,2.31000000005588,2.606265999999998
-150,-408937.2,-58.447784,1.330000000016298,1.653655999999998
-135,-408937.97,-59.32656,0.5600000000558794,0.774879999999996
-120,-408938.38,-59.726353,0.150000000023283,0.3750869999999935
-105,-408938.25,-59.426643,0.2800000000279397,0.6747969999999981
-90,-408937.7,-58.70458,0.8300000000162981,1.3968599999999967
-75,-408937.03,-57.76819,1.5,2.3332499999999996
-60,-408936.53,-56.728855,2,3.3725849999999937
-45,-408936.12,-55.83683,2.4100000000325963,4.264609999999998
-30,-408935.75,-55.13972,2.78000000002794,4.96172
-15,-408935.38,-54.59543,3.150000000023283,5.506009999999996
0,-408935.2,-54.197468,3.330000000016298,5.903971999999996
15,-408935.16,-53.928795,3.370000000053551,6.172644999999996
30,-408936,-55.595608,2.53000000002794,4.505831999999998
45,-408936.53,-56.17202,2,3.9294199999999933
60,-408937.06,-56.998886,1.470000000030268,3.102553999999998
75,-408937.56,-57.90504,0.970000000030268,2.196399999999997
90,-408938.1,-58.9111,0.4300000000512227,1.190339999999999
105,-408938.53,-59.674297,0,0.42714299999999383
120,-408938.44,-60.10144,0.0900000000256113,0
135,-408937.94,-59.94105,0.5900000000256114,0.1603899999999996
150,-408937.25,-59.244198,1.2800000000279397,0.8572419999999994
165,-408936.25,-58.217842,2.28000000002794,1.8835979999999992
180,-408935.38,-57.031166,3.150000000023283,3.0702739999999977
-165,-321676.78,17.645575,0.3399999999674037,1.3234160000000017
-150,-321677.12,16.546642,0,0.22448299999999932
-135,-321676.88,16.325808,0.2399999999906867,0.003648999999999347
-120,-321676,16.871737,1.1199999999953434,0.5495780000000003
-105,-321674.97,17.726326,2.150000000023283,1.404167000000001
-90,-321674.5,18.184425,2.6199999999953434,1.8622660000000018
-75,-321675.03,17.73507,2.089999999967404,1.4129110000000011
-60,-321676.1,16.863369,1.0200000000186265,0.5412099999999995
-45,-321676.94,16.322159,0.179999999993015,0
-30,-321677.12,16.638954,0,0.31679499999999905
-15,-321676.75,17.772593,0.3699999999953434,1.4504340000000013
0,-321676.4,18.673494,0.7199999999720603,2.3513350000000024
15,-321676.75,17.77877,0.3699999999953434,1.4566110000000023
30,-321677.12,16.638958,0,0.3167989999999996
45,-321676.94,16.322159,0.179999999993015,0
60,-321676.1,16.86187,1.0200000000186265,0.5397110000000005
75,-321675.03,17.73956,2.089999999967404,1.4174010000000017
90,-321674.5,18.184687,2.6199999999953434,1.862528000000001
105,-321674.97,17.72912,2.150000000023283,1.4069610000000026
120,-321676,16.870337,1.1199999999953434,0.548178
135,-321676.88,16.325823,0.2399999999906867,0.0036640000000005557
150,-321677.12,16.545359,0,0.22320000000000206
165,-321676.78,17.646225,0.3399999999674037,1.324066000000002
180,-321676.4,18.6721,0.7199999999720603,2.349941000000001
-165,-445178.12,29.182055,0.5399999999790452,1.2752589999999984
-150,-445176.44,31.411278,2.2199999999720603,3.5044819999999994
-135,-445174.16,33.2814,4.5,5.374603999999998
-120,-445171.2,35.322124,7.459999999962747,7.415328000000002
-105,-445168.9,42.931667,9.759999999951106,15.024870999999997
-90,-445171.56,39.759716,7.099999999976717,11.852919999999997
-75,-445174.5,35.765034,4.159999999974389,7.858238
-60,-445176.72,32.34996,1.9400000000023283,4.443164000000003
-45,-445177.9,29.83294,0.7599999999511056,1.9261440000000007
-30,-445178.25,28.344193,0.4099999999743886,0.4373970000000007
-15,-445177.94,27.906796,0.7199999999720603,0
0,-445177.1,28.658667,1.5599999999976717,0.7518710000000013
15,-445177.94,27.915173,0.7199999999720603,0.008376999999999413
30,-445178.25,28.345003,0.4099999999743886,0.43820699999999846
45,-445177.9,29.836704,0.7599999999511056,1.929908000000001
60,-445176.72,32.35093,1.9400000000023283,4.444133999999998
75,-445174.5,35.769688,4.159999999974389,7.862892000000002
90,-445171.56,39.726532,7.099999999976717,11.819735999999999
105,-445168.84,42.946484,9.819999999948775,15.039687999999998
120,-445171.2,35.327606,7.459999999962747,7.420810000000003
135,-445174.16,33.27576,4.5,5.368963999999998
150,-445176.38,30.555006,2.279999999969732,2.648209999999999
165,-445178.12,29.196365,0.5399999999790452,1.2895690000000002
180,-445178.66,28.902956,0,0.9961599999999997
-165,-148009.2,12.000518,0.9599999999918508,1.6435779999999998
-150,-148009.6,11.783665,0.5599999999976717,1.4267249999999994
-135,-148009.98,11.375007,0.179999999993015,1.0180670000000003
-120,-148010.16,10.935491,0,0.5785510000000009
-105,-148010.02,10.599979,0.1400000000139698,0.24303899999999956
-90,-148009.61,10.356942,0.5500000000174623,2.000000000279556e-06
-75,-148008.95,10.415666,1.209999999991851,0.058726000000000056
-60,-148007.88,11.322539,2.279999999998836,0.965599000000001
-45,-148006.56,13.001426,3.6000000000058208,2.6444860000000006
-30,-148006,15.165836,4.1600000000034925,4.808896000000001
-15,-148006.22,15.268969,3.940000000002328,4.912029
0,-148005.5,14.914134,4.6600000000034925,4.557194000000001
15,-148006.22,15.274162,3.940000000002328,4.917222000000001
30,-148006,15.16464,4.1600000000034925,4.8077000000000005
45,-148006.2,12.9849825,3.959999999991851,2.6280424999999994
60,-148007.88,11.322538,2.279999999998836,0.965598
75,-148008.95,10.414917,1.209999999991851,0.057977000000001055
90,-148009.61,10.35694,0.5500000000174623,0
105,-148010.02,10.599979,0.1400000000139698,0.24303899999999956
120,-148010.16,10.935489,0,0.5785490000000006
135,-148009.98,11.375007,0.179999999993015,1.0180670000000003
150,-148009.6,11.783665,0.5599999999976717,1.4267249999999994
165,-148009.2,12.000518,0.9599999999918508,1.6435779999999998
180,-148009.05,12.052508,1.110000000015134,1.6955679999999997
-165,-583339.2,7.7131286,2.1000000000931323,6.4519161
-150,-583338.8,7.515037,2.5,6.2538245
-135,-583339.06,5.7960496,2.2399999999906868,4.5348371
-120,-583339.9,4.003971,1.400000000023283,2.7427585
-105,-583340.6,2.6643033,0.7000000000698492,1.4030907999999997
-90,-583341,2.1028657,0.3000000000465661,0.8416532000000001
-75,-583340.75,1.2612125,0.5500000000465661,0
-60,-583341.3,3.4135554,0,2.1523429
-45,-583341,3.6520362,0.3000000000465661,2.3908237
-30,-583339.5,4.3224096,1.800000000046566,3.0611971000000002
-15,-583337.2,5.314566,4.100000000093132,4.0533535
0,-583334.75,6.452339,6.550000000046566,5.1911265
15,-583337.2,5.3518157,4.100000000093132,4.0906032
30,-583339.5,4.3224425,1.800000000046566,3.06123
45,-583341,3.6520872,0.3000000000465661,2.3908747
60,-583341.3,3.4140368,0,2.1528243
75,-583340.75,1.377745,0.5500000000465661,0.11653249999999993
90,-583341,2.0040207,0.3000000000465661,0.7428081999999998
105,-583340.6,2.684919,0.7000000000698492,1.4237064999999998
120,-583339.9,4.003468,1.400000000023283,2.7422554999999997
135,-583339.06,5.7958746,2.2399999999906868,4.5346621
150,-583338.8,7.5105734,2.5,6.2493609
165,-583339.2,7.7267823,2.1000000000931323,6.4655698
180,-583339.4,7.779458,1.900000000023283,6.5182455
-165,-408147.03,2.0035617,3.089999999967404,5.6321887
-150,-408147.8,0.85100585,2.320000000006985,4.47963285
-135,-408148.66,-0.52690256,1.4600000000209548,3.10172444
-120,-408149.25,-2.0901122,0.8699999999953434,1.5385147999999997
-105,-408149.72,-3.0723205,0.400000000023283,0.5563064999999998
-90,-408150.12,-2.32996,0,1.298667
-75,-408150.12,-2.7967975,0,0.8318295
-60,-408149.34,-3.1399617,0.779999999969732,0.48866529999999964
-45,-408148.12,-3.618891,2,0.009735999999999745
-30,-408146.75,-3.058773,3.3699999999953434,0.5698539999999999
-15,-408145.7,-2.2489846,4.419999999983702,1.3796423999999998
0,-408145.34,-1.6054049,4.779999999969732,2.0232221
15,-408145.7,-2.2492259,4.419999999983702,1.3794011
30,-408146.78,-3.044095,3.339999999967404,0.5845319999999998
45,-408148.12,-3.628627,2,0
60,-408149.34,-3.151919,0.779999999969732,0.4767079999999999
75,-408150.12,-2.7871954,0,0.8414316
90,-408150.12,-2.3517232,0,1.2769038
105,-408149.72,-3.069802,0.400000000023283,0.5588249999999997
120,-408149.25,-2.0906982,0.8699999999953434,1.5379288
135,-408148.66,-0.5256332,1.4600000000209548,3.1029937999999997
150,-408147.8,0.8465767,2.320000000006985,4.4752037
165,-408147.03,2.0085099,3.089999999967404,5.6371369
180,-408146.62,2.779101,3.5,6.407728
-165,-341196.12,-183.46155,0,0.35463000000001443
-150,-341195.56,-183.67882,0.5599999999976717,0.13736000000000104
-135,-341193.47,-182.92818,2.650000000023283,0.8880000000000052
-120,-341190.03,-181.68596,6.089999999967404,2.1302200000000084
-105,-341186.97,-177.6735,9.150000000023285,6.142680000000013
-90,-341183.88,-174.7491,12.239999999990689,9.067080000000004
-75,-341186.8,-180.03973,9.320000000006983,3.776450000000011
-60,-341191.2,-181.5648,4.919999999983702,2.2513800000000117
-45,-341194.22,-183.27986,1.900000000023283,0.5363199999999892
-30,-341195.84,-183.81618,0.279999999969732,0
-15,-341196.06,-183.28227,0.0599999999976716,0.5339099999999917
0,-341195.4,-181.89491,0.7199999999720603,1.9212699999999927
15,-341196.06,-183.2786,0.0599999999976716,0.5375799999999913
30,-341195.84,-183.7711,0.279999999969732,0.04508000000001289
45,-341194.22,-183.24785,1.900000000023283,0.5683300000000031
60,-341191.2,-181.70589,4.919999999983702,2.110289999999992
75,-341186.9,-179.78842,9.21999999997206,4.027760000000001
90,-341183.88,-174.75745,12.239999999990689,9.058729999999997
105,-341186.8,-177.83838,9.320000000006983,5.977800000000002
120,-341190.06,-181.69408,6.059999999997672,2.122099999999989
135,-341193.47,-183.21846,2.650000000023283,0.5977200000000096
150,-341195.56,-183.7768,0.5599999999976717,0.0393799999999942
165,-341196.12,-183.46983,0,0.34635000000000105
180,-341195.5,-182.07642,0.6199999999953434,1.7397599999999898
-165,-341807.6,-173.5985,3.8400000000256114,2.9032899999999984
-150,-341807.16,-172.69556,4.28000000002794,3.8062299999999993
-135,-341805.9,-170.96559,5.539999999979045,5.536200000000008
-120,-341803.94,-168.37527,7.5,8.12652
-105,-341800.53,-169.54282,10.909999999974389,6.958969999999994
-90,-341798.16,-166.20679,13.28000000002794,10.294999999999987
-75,-341801.38,-165.15538,10.059999999997672,11.346409999999992
-60,-341804.94,-168.70798,6.5,7.793810000000008
-45,-341807.88,-171.8433,3.559999999997672,4.6584900000000005
-30,-341809.9,-174.29066,1.5399999999790452,2.211129999999997
-15,-341811.06,-175.90947,0.3800000000046566,0.5923200000000008
0,-341811.44,-176.50179,0,0
15,-341811.06,-175.91043,0.3800000000046566,0.5913600000000088
30,-341809.9,-174.3042,1.5399999999790452,2.197589999999991
45,-341807.88,-171.85475,3.559999999997672,4.647040000000004
60,-341804.94,-168.67867,6.5,7.823119999999989
75,-341801.38,-165.1206,10.059999999997672,11.381190000000004
90,-341798.16,-166.1876,13.28000000002794,10.314189999999996
105,-341800.53,-169.58046,10.909999999974389,6.921330000000012
120,-341803.94,-168.70941,7.5,7.7923800000000085
135,-341805.9,-170.97653,5.539999999979045,5.525260000000003
150,-341807.16,-172.61719,4.28000000002794,3.884600000000006
165,-341807.6,-173.52968,3.8400000000256114,2.9721099999999865
180,-341807.47,-173.73663,3.970000000030268,2.7651600000000087
-165,-431734.9,-26.47694,0.1599999999743886,1.0220699999999994
-150,-431735,-27.209414,0.0599999999976716,0.2895959999999995
-135,-431735.06,-27.325293,0,0.1737169999999999
-120,-431735,-26.907804,0.0599999999976716,0.5912059999999997
-105,-431734.94,-26.453482,0.1199999999953433,1.0455279999999973
-90,-431735,-26.334772,0.0599999999976716,1.1642379999999974
-75,-431734.97,-26.613104,0.0900000000256113,0.8859059999999985
-60,-431734.5,-27.326466,0.5599999999976717,0.17254399999999848
-45,-431734.06,-27.49582,1,0.003190000000000026
-30,-431733.1,-25.941236,1.9600000000209548,1.5577739999999984
-15,-431731.4,-24.059437,3.6599999999743886,3.4395729999999993
0,-431728.72,-22.416063,6.340000000025611,5.082946999999997
15,-431731.4,-24.048359,3.6599999999743886,3.450650999999997
30,-431733.1,-25.933882,1.9600000000209548,1.5651279999999979
45,-431734.06,-27.49901,1,0
60,-431734.5,-27.326468,0.5599999999976717,0.17254199999999997
75,-431734.97,-26.613104,0.0900000000256113,0.8859059999999985
90,-431735,-26.330496,0.0599999999976716,1.1685139999999983
105,-431734.94,-26.45348,0.1199999999953433,1.0455299999999994
120,-431735,-26.907803,0.0599999999976716,0.5912069999999972
135,-431735.06,-27.325293,0,0.1737169999999999
150,-431735,-27.208042,0.0599999999976716,0.29096799999999945
165,-431734.9,-26.47694,0.1599999999743886,1.0220699999999994
180,-431734.97,-26.07442,0.0900000000256113,1.4245899999999985
-165,-393540.5,9.087073,1,1.0719550000000009
-150,-393539.7,9.728403,1.7999999999883585,1.7132850000000008
-135,-393538.7,10.466947,2.7999999999883585,2.451829
-120,-393539.25,10.5057745,2.25,2.4906565
-105,-393540.34,9.856028,1.1599999999743886,1.840910000000001
-90,-393541.28,9.152932,0.2199999999720603,1.1378140000000005
-75,-393541.5,8.690348,0,0.6752300000000009
-60,-393540.75,8.015118,0.75,0
-45,-393539.53,8.565434,1.9699999999720603,0.5503160000000005
-30,-393537.88,9.906637,3.619999999995344,1.8915190000000006
-15,-393536.28,11.314546,5.21999999997206,3.2994280000000007
0,-393535.22,12.070672,6.28000000002794,4.055554000000001
15,-393536.28,11.315171,5.21999999997206,3.300053
30,-393537.88,9.903406,3.619999999995344,1.888288000000001
45,-393539.53,8.567234,1.9699999999720603,0.5521159999999998
60,-393540.75,8.015127,0.75,9.000000000369823e-06
75,-393541.47,8.650985,0.0300000000279396,0.6358670000000011
90,-393541.28,9.153706,0.2199999999720603,1.1385880000000004
105,-393540.34,9.862915,1.1599999999743886,1.847797
120,-393539.25,10.500406,2.25,2.4852880000000006
135,-393538.7,10.469954,2.7999999999883585,2.4548360000000002
150,-393539.7,9.727893,1.7999999999883585,1.7127750000000006
165,-393540.5,9.085936,1,1.070818000000001
180,-393540.78,8.866798,0.7199999999720603,0.85168
-165,-361337.28,27.111168,4.75,4.424520999999999
-150,-361336.28,27.521051,5.75,4.834403999999999
-135,-361335.22,27.762293,6.810000000055879,5.075645999999999
-120,-361335.3,26.709574,6.730000000039581,4.022926999999999
-105,-361336.78,26.088663,5.25,3.4020159999999997
-90,-361338.62,24.677526,3.4100000000325963,1.9908789999999996
-75,-361340.34,23.53756,1.6900000000023283,0.8509129999999985
-60,-361341.1,23.11568,0.9300000000512229,0.42903300000000044
-45,-361340.28,23.54993,1.75,0.8632829999999991
-30,-361338.12,24.718796,3.910000000032596,2.0321490000000004
-15,-361335.88,26.153805,6.150000000023283,3.4671579999999977
0,-361335.53,27.978481,6.5,5.291833999999998
15,-361335.88,26.153805,6.150000000023283,3.4671579999999977
30,-361338.12,24.704216,3.910000000032596,2.017568999999998
45,-361340.12,23.35322,1.9100000000325963,0.6665729999999996
60,-361342.03,22.686647,0,0
75,-361340.34,23.554281,1.6900000000023283,0.8676339999999989
90,-361340.25,23.072319,1.7800000000279397,0.38567199999999957
105,-361338.38,24.897093,3.650000000023283,2.210446000000001
120,-361335.97,26.949104,6.060000000055879,4.262456999999998
135,-361335.22,27.761908,6.810000000055879,5.075260999999998
150,-361336.28,27.522816,5.75,4.836168999999998
165,-361337.28,27.112188,4.75,4.425540999999999
180,-361337.66,26.929522,4.370000000053551,4.242874999999998
-165,-730389.8,27.012758,3.599999999976717,2.852194000000001
-150,-730391.44,25.297165,1.9600000000791624,1.1366009999999989
-135,-730392.2,24.632128,1.2000000000698492,0.47156400000000076
-120,-730392.3,24.73969,1.099999999976717,0.5791259999999987
-105,-730392.3,25.116869,1.099999999976717,0.9563050000000004
-90,-730392.06,25.60596,1.3399999999674037,1.4453959999999988
-75,-730393,24.665548,0.400000000023283,0.5049840000000003
-60,-730393.4,24.160564,0,0
-45,-730392.9,24.75066,0.5,0.5900959999999991
-30,-730391.25,26.672468,2.150000000023283,2.5119039999999977
-15,-730388.9,29.800463,4.5,5.639899
0,-730385.8,34.420197,7.599999999976717,10.259633000000001
15,-730388.9,29.834574,4.5,5.674009999999999
30,-730391.3,26.818842,2.099999999976717,2.6582779999999993
45,-730392.9,24.760302,0.5,0.5997379999999986
60,-730393.4,24.161573,0,0.0010089999999998156
75,-730393,24.65961,0.400000000023283,0.4990459999999999
90,-730392.06,25.61563,1.3399999999674037,1.4550659999999986
105,-730392.3,25.112043,1.099999999976717,0.9514789999999991
120,-730392.3,24.73643,1.099999999976717,0.5758659999999978
135,-730392.2,24.633354,1.2000000000698492,0.4727899999999998
150,-730391.44,25.305988,1.9600000000791624,1.1454239999999984
165,-730389.8,27.021027,3.599999999976717,2.8604629999999993
180,-730387.5,29.827003,5.900000000023283,5.6664390000000004
-165,-332747.84,35.72485,0.2599999999511055,1.7008700000000019
-150,-332747.1,40.59747,1,6.57349
-135,-332745.94,47.686153,2.1599999999743886,13.662172999999996
-120,-332744.53,55.799767,3.5699999999487773,21.775787
-105,-332743.22,63.445072,4.880000000004657,29.421092
-90,-332742.47,67.52655,5.630000000004657,33.50257
-75,-332742.66,64.6533,5.440000000002328,30.62932
-60,-332743.72,57.074627,4.380000000004657,23.050646999999998
-45,-332745.12,49.01904,2.979999999981373,14.995059999999995
-30,-332746.4,42.377647,1.699999999953434,8.353667000000002
-15,-332747.28,38.076996,0.8199999999487773,4.0530159999999995
0,-332747.56,36.590885,0.5399999999790452,2.5669049999999984
15,-332747.28,38.076996,0.8199999999487773,4.0530159999999995
30,-332746.4,42.377655,1.699999999953434,8.353674999999996
45,-332745.12,49.019043,2.979999999981373,14.995063000000002
60,-332743.72,57.07464,4.380000000004657,23.05066
75,-332742.66,64.6533,5.440000000002328,30.62932
90,-332742.47,67.52656,5.630000000004657,33.50258
105,-332743.22,63.445072,4.880000000004657,29.421092
120,-332744.53,55.79976,3.5699999999487773,21.775779999999997
135,-332745.94,47.686153,2.1599999999743886,13.662172999999996
150,-332747.1,40.597466,1,6.5734859999999955
165,-332747.84,35.724842,0.2599999999511055,1.7008620000000008
180,-332748.1,34.02398,0,0
-165,-422759.88,28.937422,0.8200000000069849,4.292797
-150,-422760.34,28.17224,0.3599999999860301,3.5276149999999973
-135,-422760.7,27.271763,0,2.6271379999999986
-120,-422760.53,25.826508,0.1699999999837018,1.1818829999999991
-105,-422759.75,25.541458,0.9500000000116416,0.8968329999999973
-90,-422758.2,26.867088,2.5,2.2224629999999976
-75,-422759.2,25.19277,1.5,0.5481449999999981
-60,-422760.28,24.655788,0.4199999999837018,0.011162999999999812
-45,-422760.47,25.421047,0.2300000000395812,0.7764220000000002
-30,-422760.12,26.686445,0.5800000000162981,2.0418199999999977
-15,-422759.7,27.35753,1,2.7129049999999992
0,-422759.2,27.842537,1.5,3.1979119999999988
15,-422759.78,28.763878,0.919999999983702,4.119252999999997
30,-422760.25,28.127775,0.4500000000116415,3.4831499999999984
45,-422760.66,27.25642,0.0400000000372529,2.611794999999997
60,-422760.53,26.348959,0.1699999999837018,1.7043339999999993
75,-422759.75,25.872713,0.9500000000116416,1.2280879999999996
90,-422758.12,27.007574,2.580000000016298,2.3629490000000004
105,-422759.22,25.197313,1.4800000000395812,0.5526879999999998
120,-422760.28,24.644625,0.4199999999837018,0
135,-422760.5,25.361649,0.2000000000116415,0.7170239999999986
150,-422760.2,26.595863,0.5,1.951238
165,-422759.75,27.340725,0.9500000000116416,2.6960999999999977
180,-422759.25,27.858208,1.4500000000116415,3.213583
-165,-382608.8,-165.07382,0.3200000000069849,0.5663599999999747
-150,-382607.53,-164.46983,1.5899999999674037,1.170349999999985
-135,-382605.22,-163.16707,3.900000000023283,2.4731099999999913
-120,-382594.34,-155.1603,14.779999999969732,10.47987999999998
-105,-382595.78,-156.57301,13.339999999967404,9.067169999999976
-90,-382597.9,-158.55951,11.21999999997206,7.080669999999998
-75,-382600.3,-160.7242,8.820000000006985,4.9159799999999905
-60,-382602.5,-162.40463,6.619999999995343,3.2355499999999893
-45,-382604.22,-163.65088,4.900000000023283,1.9892999999999859
-30,-382605.28,-164.44826,3.839999999967404,1.1919199999999819
-15,-382605.75,-164.96783,3.3699999999953434,0.6723499999999945
0,-382605.75,-165.44365,3.3699999999953434,0.19652999999999565
15,-382605.47,-165.64018,3.650000000023283,0
30,-382604.47,-164.47922,4.650000000023283,1.1609599999999887
45,-382603.4,-163.94199,5.71999999997206,1.6981899999999825
60,-382601.84,-162.9276,7.279999999969732,2.7125799999999742
75,-382599.72,-161.23154,9.400000000023285,4.408639999999991
90,-382597.28,-159.19055,11.839999999967404,6.449629999999985
105,-382595.2,-157.13127,13.919999999983702,8.508909999999986
120,-382593.88,-155.85652,15.239999999990689,9.783659999999998
135,-382602.94,-160.07823,6.179999999993015,5.561949999999996
150,-382604.44,-159.65651,4.679999999993015,5.983669999999989
165,-382605.97,-162.12126,3.150000000023283,3.51891999999998
180,-382609.12,-165.18912,0,0.45105999999998403
-165,-513808.62,48.413185,7.410000000032596,6.106372999999998
-150,-513808.1,49.7382,7.930000000051223,7.431387999999998
-135,-513808.44,50.07014,7.590000000025611,7.763328000000001
-120,-513809.72,48.595566,6.310000000055879,6.288753999999997
-105,-513810.97,46.409206,5.060000000055879,4.102393999999997
-90,-513811.62,45.12303,4.410000000032596,2.816217999999999
-75,-513811.25,45.76493,4.78000000002794,3.458117999999999
-60,-513812.78,43.31859,3.25,1.0117779999999996
-45,-513814.06,42.306812,1.970000000030268,0
-30,-513814.5,42.365852,1.5300000000279397,0.059039999999995985
-15,-513814.94,45.475098,1.0900000000256114,3.168286000000002
0,-513815.12,45.8585,0.9100000000325964,3.5516879999999986
15,-513816,45.318306,0.0300000000279396,3.011493999999999
30,-513816.03,45.528217,0,3.221404999999997
45,-513815.16,46.553047,0.870000000053551,4.246234999999999
60,-513813.6,47.50037,2.4300000000512227,5.193557999999996
75,-513812.22,47.956436,3.81000000005588,5.649623999999996
90,-513809.4,47.33755,6.630000000004657,5.0307379999999995
105,-513809.16,46.39032,6.870000000053551,4.083508000000002
120,-513809.53,46.305687,6.5,3.998874999999998
135,-513809.66,46.35835,6.370000000053551,4.051538000000001
150,-513809.72,46.461945,6.310000000055879,4.155132999999999
165,-513809.6,46.771603,6.430000000051223,4.464790999999998
180,-513809.25,47.525375,6.78000000002794,5.218562999999996
-165,-367218.6,-69.975105,1.7800000000279397,0.1798249999999939
-150,-367218.5,-70.15445,1.8800000000046568,0.00047999999999603915
-135,-367218.25,-70.136246,2.1300000000046566,0.01868399999999326
-120,-367218.72,-69.9607,1.6600000000325963,0.19422999999999035
-105,-367219.38,-69.65691,1,0.4980199999999968
-90,-367220.03,-69.131294,0.3499999999767169,1.0236359999999962
-75,-367220.38,-68.67661,0,1.4783199999999965
-60,-367220.28,-67.91131,0.0999999999767169,2.243619999999993
-45,-367219.5,-66.691414,0.8800000000046566,3.4635159999999985
-30,-367218.3,-65.20238,2.080000000016298,4.952549999999988
-15,-367217.12,-63.968502,3.260000000009313,6.186427999999992
0,-367216.5,-63.40773,3.8800000000046566,6.747199999999992
15,-367217.12,-63.96575,3.260000000009313,6.189179999999993
30,-367218.3,-65.225845,2.080000000016298,4.929084999999986
45,-367219.5,-66.70737,0.8800000000046566,3.4475599999999957
60,-367220.28,-67.90953,0.0999999999767169,2.2453999999999894
75,-367220.38,-68.67628,0,1.4786499999999876
90,-367220.03,-69.131294,0.3499999999767169,1.0236359999999962
105,-367219.38,-69.67251,1,0.4824199999999905
120,-367218.72,-69.95977,1.6600000000325963,0.19515999999998712
135,-367218.25,-70.067154,2.1300000000046566,0.08777599999999097
150,-367218.5,-70.15493,1.8800000000046568,0
165,-367218.6,-69.97639,1.7800000000279397,0.17853999999999814
180,-367218.28,-69.44505,2.099999999976717,0.7098799999999983
-165,-467715.62,18.691723,2.820000000006985,1.8126159999999985
-150,-467717,17.996819,1.4400000000023283,1.1177119999999974
-135,-467717.9,17.470732,0.5399999999790452,0.5916250000000005
-120,-467718.28,17.177618,0.1599999999743886,0.29851099999999775
-105,-467718.44,16.939837,0,0.06072999999999951
-90,-467718.28,16.879108,0.1599999999743886,9.999999974752427e-07
-75,-467717.5,17.104105,0.9400000000023284,0.22499799999999937
-60,-467716.3,17.847929,2.14000000001397,0.9688219999999994
-45,-467714.88,19.204485,3.559999999997672,2.325377999999997
-30,-467713.72,20.572704,4.720000000030268,3.6935970000000005
-15,-467712.94,21.382921,5.5,4.503813999999998
0,-467712.7,21.669731,5.739999999990687,4.7906239999999976
15,-467712.94,21.382627,5.5,4.503519999999998
30,-467713.72,20.574562,4.720000000030268,3.695454999999999
45,-467714.88,19.209227,3.559999999997672,2.3301199999999973
60,-467716.3,17.85048,2.14000000001397,0.9713729999999998
75,-467717.5,17.106071,0.9400000000023284,0.22696399999999883
90,-467718.28,16.879107,0.1599999999743886,0
105,-467718.44,16.939848,0,0.060741000000000156
120,-467718.28,17.17627,0.1599999999743886,0.2971629999999976
135,-467717.9,17.470695,0.5399999999790452,0.591587999999998
150,-467717,17.996784,1.4400000000023283,1.1176770000000005
165,-467715.62,18.696548,2.820000000006985,1.8174409999999988
180,-467714.66,19.050266,3.78000000002794,2.1711589999999994
-165,-536812.44,4.826466,2.260000000009313,2.3208566999999998
-150,-536812.5,4.411227,2.199999999953434,1.9056177
-135,-536812.75,3.8445632,1.9499999999534336,1.3389539
-120,-536813.25,3.3075483,1.449999999953434,0.801939
-105,-536813.8,3.0212953,0.8999999999068677,0.5156859999999996
-90,-536814.3,2.6373255,0.3999999999068677,0.13171620000000006
-75,-536814.6,2.5061243,0.0999999999767169,0.0005150000000000432
-60,-536814.7,2.7016282,0,0.19601889999999988
-45,-536814.44,2.7995944,0.2600000000093132,0.2939851
-30,-536814.2,2.9267745,0.5,0.4211651999999999
-15,-536813.9,2.99644,0.7999999999301508,0.49083070000000006
0,-536813.8,3.0174305,0.8999999999068677,0.5118212
15,-536813.9,2.9865286,0.7999999999301508,0.48091930000000005
30,-536814.2,2.9287343,0.5,0.42312499999999975
45,-536814.44,2.8002326,0.2600000000093132,0.29462330000000003
60,-536814.7,2.6995432,0,0.19393389999999977
75,-536814.6,2.5056093,0.0999999999767169,0
90,-536814.3,2.6360674,0.3999999999068677,0.1304580999999998
105,-536813.8,3.0229893,0.8999999999068677,0.5173799999999997
120,-536813.25,3.3075871,1.449999999953434,0.8019778
135,-536812.75,3.8441603,1.9499999999534336,1.3385509999999998
150,-536812.5,4.4095864,2.199999999953434,1.9039771
165,-536812.44,4.824642,2.260000000009313,2.3190326999999997
180,-536812.44,4.990517,2.260000000009313,2.4849076999999995
-165,-563891.1,20.649273,0,0.743309
-150,-563891.1,20.184708,0,0.27874399999999966
-135,-563890.94,20.08263,0.1600000000325963,0.17666600000000088
-120,-563890.6,19.905968,0.5,4.000000000559112e-06
-105,-563890.44,20.244486,0.6600000000325963,0.33852199999999755
-90,-563890.3,20.51511,0.7999999999301508,0.6091459999999991
-75,-563890.5,20.215147,0.5999999999767169,0.3091830000000009
-60,-563890.7,20.064228,0.400000000023283,0.15826399999999907
-45,-563891,20.108646,0.0999999999767169,0.20268199999999936
-30,-563891.1,20.23618,0,0.33021600000000007
-15,-563891.06,20.70582,0.0399999999208375,0.7998559999999983
0,-563890.94,21.25323,0.1600000000325963,1.3472659999999976
15,-563891.06,20.705824,0.0399999999208375,0.7998599999999989
30,-563891.1,20.232965,0,0.3270009999999992
45,-563891,20.10734,0.0999999999767169,0.20137599999999978
60,-563890.7,20.06367,0.400000000023283,0.15770599999999746
75,-563890.5,20.215147,0.5999999999767169,0.3091830000000009
90,-563890.3,20.514029,0.7999999999301508,0.6080649999999999
105,-563890.44,20.237963,0.6600000000325963,0.3319989999999997
120,-563890.6,19.905964,0.5,0
135,-563890.94,20.08263,0.1600000000325963,0.17666600000000088
150,-563891.1,20.184706,0,0.2787419999999976
165,-563891.1,20.648933,0,0.7429689999999987
180,-563890.94,21.237675,0.1600000000325963,1.3317109999999985
-165,-373879.62,10.814444,2.039999999979045,4.424868
-150,-373880.56,8.622277,1.099999999976717,2.2327010000000005
-135,-373880.62,7.884336,1.0399999999790452,1.4947600000000003
-120,-373880.16,8.184776,1.5,1.7951999999999995
-105,-373879.62,8.846822,2.039999999979045,2.4572459999999996
-90,-373879.75,8.976707,1.9099999999743889,2.5871309999999994
-75,-373880.75,8.2591915,0.9099999999743886,1.8696155
-60,-373881.66,6.9607873,0,0.5712112999999999
-45,-373881.62,6.389576,0.0399999999790452,0
-30,-373880.4,7.024451,1.2599999999511056,0.6348750000000001
-15,-373878.25,8.843827,3.4099999999743886,2.4542509999999993
0,-373876,12.209277,5.659999999974389,5.819701
15,-373878.25,8.825872,3.4099999999743886,2.4362960000000005
30,-373880.4,7.0073442,1.2599999999511056,0.6177682000000004
45,-373881.62,6.3908916,0.0399999999790452,0.0013155999999998613
60,-373881.66,6.9607882,0,0.5712121999999997
75,-373880.75,8.258183,0.9099999999743886,1.8686070000000008
90,-373879.75,8.97744,1.9099999999743889,2.5878639999999997
105,-373879.62,8.812337,2.039999999979045,2.4227609999999995
120,-373880.16,8.181975,1.5,1.7923989999999996
135,-373880.62,7.8854227,1.0399999999790452,1.4958467000000004
150,-373880.56,8.61929,1.099999999976717,2.2297139999999995
165,-373879.62,10.816235,2.039999999979045,4.426659000000001
180,-373878.4,14.287408,3.2599999999511056,7.897831999999999
-165,-383348.94,29.794495,2.400000000023283,7.026909
-150,-383350.6,26.138626,0.7400000000488944,3.371039999999997
-135,-383351.06,24.139696,0.2800000000279397,1.3721099999999993
-120,-383350.75,23.212652,0.5900000000256114,0.4450659999999971
-105,-383350.25,22.867712,1.0900000000256114,0.1001259999999995
-90,-383350.1,22.770046,1.2400000000488944,0.0024599999999992406
-75,-383350.66,22.77482,0.6800000000512227,0.007233999999996854
-60,-383351.34,23.322004,0,0.5544179999999983
-45,-383351.34,25.063639,0,2.296052999999997
-30,-383350.4,28.236988,0.9400000000023284,5.469401999999999
-15,-383348.75,32.763412,2.590000000025612,9.995826000000001
0,-383347.53,37.244774,3.809999999997672,14.477187999999998
15,-383348.75,32.76692,2.590000000025612,9.999333999999998
30,-383350.4,28.237185,0.9400000000023284,5.469598999999999
45,-383351.34,25.063683,0,2.2960969999999996
60,-383351.34,23.330956,0,0.563369999999999
75,-383350.66,22.77482,0.6800000000512227,0.007233999999996854
90,-383350.1,22.767586,1.2400000000488944,0
105,-383350.25,22.868761,1.0900000000256114,0.1011749999999978
120,-383350.75,23.211952,0.5900000000256114,0.4443659999999987
135,-383351.06,24.139696,0.2800000000279397,1.3721099999999993
150,-383350.6,26.138626,0.7400000000488944,3.371039999999997
165,-383348.97,29.776585,2.370000000053551,7.008998999999999
180,-383346.16,35.75752,5.180000000051223,12.989933999999998
-165,-463101.8,94.69995,2.040000000037253,5.954620000000006
-150,-463101.88,92.81459,1.9600000000209548,4.06926
-135,-463101.38,91.6431,2.4600000000209548,2.8977700000000084
-120,-463100.56,91.03154,3.28000000002794,2.286210000000011
-105,-463099.94,90.604805,3.900000000023283,1.8594750000000033
-90,-463100.2,90.128914,3.64000000001397,1.383583999999999
-75,-463101.16,89.25424,2.6800000000512227,0.5089100000000002
-60,-463102.44,88.748344,1.400000000023283,0.0030140000000073996
-45,-463103.4,89.10663,0.4400000000023283,0.36129999999999995
-30,-463103.84,89.88261,0,1.137280000000004
-15,-463103.62,90.93228,0.2200000000302679,2.18695000000001
0,-463102.84,91.95996,1,3.2146299999999997
15,-463103.62,90.942604,0.2200000000302679,2.1972740000000073
30,-463103.84,89.88261,0,1.137280000000004
45,-463103.4,89.12154,0.4400000000023283,0.3762100000000004
60,-463102.44,88.74533,1.400000000023283,0
75,-463101.16,89.251526,2.6800000000512227,0.5061960000000028
90,-463100.2,90.12116,3.64000000001397,1.3758300000000077
105,-463099.94,90.600296,3.900000000023283,1.8549660000000046
120,-463100.56,91.03519,3.28000000002794,2.2898600000000044
135,-463101.38,91.64406,2.4600000000209548,2.8987300000000005
150,-463101.88,92.81459,1.9600000000209548,4.06926
165,-463101.8,94.71483,2.040000000037253,5.969500000000011
180,-463101.25,97.51954,2.590000000025612,8.77421000000001
-165,-375091.78,27.493202,12.779999999969732,13.455136
-150,-375094.88,28.30813,9.679999999993017,14.270063999999998
-135,-375096.62,27.329708,7.940000000002328,13.291642
-120,-375097.4,27.603838,7.159999999974389,13.565771999999999
-105,-375097.62,28.31563,6.940000000002328,14.277563999999998
-90,-375098.44,26.811865,6.119999999995343,12.773799
-75,-375100.1,24.054052,4.460000000020955,10.015985999999998
-60,-375101.78,21.178968,2.779999999969732,7.1409020000000005
-45,-375103.22,18.40887,1.3400000000256114,4.370804
-30,-375104.16,16.289364,0.400000000023283,2.2512979999999985
-15,-375104.56,14.809352,0,0.7712859999999999
0,-375104.4,14.038066,0.1599999999743886,0
15,-375104.56,14.822787,0,0.7847209999999993
30,-375104.16,16.310886,0.400000000023283,2.2728199999999994
45,-375103.22,18.402624,1.3400000000256114,4.364557999999999
60,-375101.78,21.179073,2.779999999969732,7.141006999999998
75,-375100.1,24.034513,4.460000000020955,9.996447
90,-375098.44,26.813875,6.119999999995343,12.775808999999999
105,-375097.62,28.330055,6.940000000002328,14.291989000000001
120,-375097.4,27.592098,7.159999999974389,13.554032
135,-375096.62,27.346014,7.940000000002328,13.307948
150,-375094.88,28.299015,9.679999999993017,14.260949
165,-375091.78,27.448586,12.779999999969732,13.410519999999998
180,-375089.72,30.647509,14.840000000025611,16.609443
-165,-422014.9,-9.807731,7.880000000004657,2.5891859999999998
-150,-422015.56,-10.841674,7.220000000030268,1.5552430000000008
-135,-422015.9,-11.462281,6.880000000004657,0.9346359999999994
-120,-422015.6,-11.094238,7.180000000051223,1.3026789999999995
-105,-422014.8,-9.720196,7.980000000039581,2.6767210000000006
-90,-422014.44,-8.555996,8.340000000025611,3.840921
-75,-422015.38,-9.11574,7.400000000023283,3.2811769999999996
-60,-422017.4,-10.829407,5.380000000004657,1.5675100000000004
-45,-422020.06,-11.96172,2.720000000030268,0.4351970000000005
-30,-422021.66,-12.396917,1.120000000053551,0
-15,-422022.5,-12.385982,0.2800000000279397,0.010934999999999917
0,-422022.78,-12.350398,0,0.04651899999999998
15,-422022.5,-12.387728,0.2800000000279397,0.009189000000001002
30,-422021.66,-12.394816,1.120000000053551,0.0021009999999996865
45,-422020.06,-11.959953,2.720000000030268,0.4369639999999997
60,-422017.4,-10.884634,5.380000000004657,1.512283
75,-422015.38,-9.119226,7.400000000023283,3.277691000000001
90,-422014.44,-8.555993,8.340000000025611,3.8409239999999993
105,-422014.8,-9.720991,7.980000000039581,2.6759260000000005
120,-422015.6,-11.089551,7.180000000051223,1.307366
135,-422015.9,-11.464978,6.880000000004657,0.9319389999999999
150,-422015.56,-10.84586,7.220000000030268,1.5510570000000001
165,-422014.9,-9.809372,7.880000000004657,2.5875450000000004
180,-422014.53,-9.289284,8.25,3.107633
-165,-393957.12,3.120222,0.5999999999767169,0.7785220000000002
-150,-393955.47,5.283816,2.25,2.942116
-135,-393952.84,8.293333,4.879999999946449,5.951633000000001
-120,-393949.38,11.973067,8.339999999967404,9.631367000000001
-105,-393946,16.181562,11.71999999997206,13.839862
-90,-393944.3,18.391756,13.419999999983702,16.050056
-75,-393944.75,17.738205,12.96999999997206,15.396505000000001
-60,-393946.66,15.460319,11.059999999997672,13.118619
-45,-393948.88,12.898237,8.839999999967404,10.556537
-30,-393950.66,10.866523,7.059999999997672,8.524823000000001
-15,-393951.72,9.650244,6,7.308544000000001
0,-393952.06,9.171138,5.659999999974389,6.829438
15,-393951.72,9.637669,6,7.295969000000001
30,-393950.66,10.872066,7.059999999997672,8.530366
45,-393948.88,12.892381,8.839999999967404,10.550681
60,-393946.66,15.44471,11.059999999997672,13.103010000000001
75,-393944.75,17.757074,12.96999999997206,15.415374
90,-393944.3,18.453419,13.419999999983702,16.111719
105,-393946,16.20949,11.71999999997206,13.86779
120,-393949.38,11.983206,8.339999999967404,9.641506
135,-393952.84,8.291736,4.879999999946449,5.950036000000001
150,-393955.47,5.274385,2.25,2.9326849999999998
165,-393957.12,3.1140225,0.5999999999767169,0.7723225
180,-393957.72,2.3417,0,0
-165,-440756.84,43.107513,6.039999999979045,7.106603
-150,-440757.22,41.7711,5.660000000032596,5.7701899999999995
-135,-440758.03,40.919704,4.849999999976717,4.918794000000005
-120,-440758.62,39.889053,4.260000000009313,3.8881429999999995
-105,-440758.78,39.618263,4.099999999976717,3.6173530000000014
-90,-440758.66,39.55142,4.220000000030268,3.5505100000000027
-75,-440758.22,38.34028,4.660000000032596,2.3393700000000024
-60,-440759.56,37.21464,3.320000000006985,1.2137300000000053
-45,-440760.78,36.92309,2.099999999976717,0.9221800000000044
-30,-440761.6,37.76473,1.2800000000279397,1.7638200000000026
-15,-440762.06,39.35825,0.8200000000069849,3.3573400000000007
0,-440762.4,39.023006,0.4799999999813735,3.022096000000005
15,-440762.88,37.481014,0,1.4801040000000043
30,-440762.62,36.275547,0.2600000000093132,0.27463700000000557
45,-440761.6,36.00091,1.2800000000279397,0
60,-440760.2,36.834824,2.679999999993015,0.833914
75,-440758.78,38.40928,4.099999999976717,2.408370000000005
90,-440758.66,39.551426,4.220000000030268,3.550516000000002
105,-440758.78,39.61827,4.099999999976717,3.617360000000005
120,-440758.62,39.88684,4.260000000009313,3.885930000000002
135,-440758.03,40.960266,4.849999999976717,4.959356
150,-440757.22,41.768093,5.660000000032596,5.767183000000003
165,-440756.84,43.107513,6.039999999979045,7.106603
180,-440756.62,42.85741,6.260000000009313,6.856500000000004
-165,-327886.28,-1.7073977,5,5.733852300000001
-150,-327889.1,-4.252802,2.1800000000512227,3.188448
-135,-327890.88,-6.8252873,0.400000000023283,0.6159626999999999
-120,-327891.28,-7.44125,0,0
-105,-327891.06,-7.232283,0.2200000000302679,0.20896700000000035
-90,-327889.62,-5.404287,1.6600000000325963,2.036963
-75,-327887.06,-2.7391958,4.220000000030268,4.7020542
-60,-327883.72,0.28555095,7.560000000055879,7.72680095
-45,-327883.8,0.000700202,7.480000000039581,7.441950202
-30,-327884.22,0.0872845,7.060000000055879,7.5285345
-15,-327884.44,-0.15927397,6.840000000025611,7.28197603
0,-327885.25,-1.4824398,6.03000000002794,5.9588102
15,-327886.44,-3.4706693,4.840000000025611,3.9705807
30,-327887.16,-4.5630383,4.120000000053551,2.8782117000000005
45,-327886.97,-3.9296331,4.310000000055879,3.5116169
60,-327885.6,-1.1180395,5.680000000051223,6.3232105
75,-327886.44,-2.6144505,4.840000000025611,4.8267995
90,-327887.22,-4.5768676,4.060000000055879,2.8643824
105,-327886.66,-3.8658347,4.620000000053551,3.5754153
120,-327885.44,-1.8519018,5.840000000025611,5.5893482
135,-327884.44,-0.15390211,6.840000000025611,7.28734789
150,-327884.2,0.10966177,7.080000000016298,7.55091177
165,-327883.7,-0.08279883,7.580000000016298,7.35845117
180,-327882.25,2.2233114,9.03000000002794,9.6645614
-165,-535432.8,-0.46027857,0.5999999999767169,1.5356368299999998
-150,-535432.2,4.127153,1.2000000000698492,6.123068399999999
-135,-535431.1,10.882715,2.300000000046566,12.878630399999999
-120,-535429.8,19.014458,3.599999999976717,21.010373400000002
-105,-535428.56,27.205744,4.839999999967404,29.2016594
-90,-535427.94,31.072151,5.460000000079162,33.0680664
-75,-535428.4,28.004057,5,29.9999724
-60,-535429.5,20.202894,3.900000000023283,22.198809400000002
-45,-535431,12.011658,2.400000000023283,14.0075734
-30,-535432.25,4.940398,1.150000000023283,6.9363133999999995
-15,-535433.06,0.28352782,0.3399999999674037,2.27944322
0,-535433.4,-1.2346923,0,0.7612230999999998
15,-535433.06,0.28352875,0.3399999999674037,2.27944415
30,-535432.25,4.9404,1.150000000023283,6.9363154
45,-535431,12.011664,2.400000000023283,14.0075794
60,-535429.5,20.202896,3.900000000023283,22.1988114
75,-535428.4,28.00406,5,29.9999754
90,-535427.94,31.072151,5.460000000079162,33.0680664
105,-535428.56,27.205744,4.839999999967404,29.2016594
120,-535429.8,19.018894,3.599999999976717,21.0148094
135,-535431.1,10.88271,2.300000000046566,12.878625399999999
150,-535432.2,4.127146,1.2000000000698492,6.123061399999999
165,-535432.8,-0.46028042,0.5999999999767169,1.5356349799999998
180,-535433,-1.9959154,0.400000000023283,0
-165,-536672.2,4.7227774,0.5,0.11793839999999989
-150,-536670.75,5.1342936,1.9499999999534336,0.5294546000000002
-135,-536668.7,6.696775,4,2.0919359999999996
-120,-536666.25,9.199091,6.449999999953434,4.594251999999999
-105,-536663.8,11.848398,8.899999999906868,7.243558999999999
-90,-536662.3,13.93218,10.399999999906868,9.327341
-75,-536662.25,14.301806,10.449999999953434,9.696966999999999
-60,-536663.3,13.833565,9.399999999906868,9.228726
-45,-536664.3,13.529995,8.399999999906868,8.925156
-30,-536664.5,14.358696,8.199999999953434,9.753857
-15,-536664.06,15.852539,8.639999999897555,11.2477
0,-536663.7,16.837374,9,12.232535
15,-536664.06,15.849611,8.639999999897555,11.244772
30,-536664.5,14.349995,8.199999999953434,9.745156
45,-536664.3,13.506562,8.399999999906868,8.901723
60,-536663.3,13.829391,9.399999999906868,9.224552
75,-536662.25,14.29817,10.449999999953434,9.693331
90,-536662.3,13.93216,10.399999999906868,9.327321
105,-536663.8,11.848394,8.899999999906868,7.243555000000001
120,-536666.25,9.210027,6.449999999953434,4.605188
135,-536668.7,6.6888247,4,2.0839856999999995
150,-536670.75,5.1342955,1.9499999999534336,0.5294565000000002
165,-536672.2,4.721842,0.5,0.11700299999999952
180,-536672.7,4.604839,0,0
-165,-344209.3,19.248518,0.2999999999883584,0.23127900000000068
-150,-344208.47,19.931892,1.1300000000046566,0.9146530000000013
-135,-344207.12,21.104786,2.479999999981373,2.0875470000000007
-120,-344205.47,22.55727,4.130000000004657,3.540030999999999
-105,-344203.84,23.991554,5.759999999951106,4.974315000000001
-90,-344202.8,24.801289,6.799999999988359,5.784050000000001
-75,-344202.88,24.55618,6.71999999997206,5.538941000000001
-60,-344203.88,23.721972,5.71999999997206,4.704733000000001
-45,-344205.12,22.874434,4.4799999999813735,3.857195000000001
-30,-344206.16,22.238691,3.4400000000023283,3.2214519999999993
-15,-344206.78,21.861265,2.8199999999487773,2.8440259999999995
0,-344206.97,21.74912,2.6300000000046566,2.7318810000000013
15,-344206.78,21.86127,2.8199999999487773,2.844031000000001
30,-344206.16,22.23869,3.4400000000023283,3.2214509999999983
45,-344205.12,22.87443,4.4799999999813735,3.8571910000000003
60,-344203.88,23.719835,5.71999999997206,4.702596
75,-344202.88,24.556173,6.71999999997206,5.538934000000001
90,-344202.8,24.801298,6.799999999988359,5.784058999999999
105,-344203.84,23.992367,5.759999999951106,4.9751280000000015
120,-344205.47,22.565605,4.130000000004657,3.5483660000000015
135,-344207.12,21.104778,2.479999999981373,2.0875389999999996
150,-344208.47,19.944613,1.1300000000046566,0.9273740000000004
165,-344209.3,19.248518,0.2999999999883584,0.23127900000000068
180,-344209.6,19.017239,0,0
-165,-395683.8,-6.6123815,2.080000000016298,2.6046084999999994
-150,-395682.84,-5.706606,3.039999999979045,3.5103839999999993
-135,-395681.8,-5.434389,4.080000000016298,3.7826009999999988
-120,-395681.7,-5.3003206,4.179999999993015,3.916669399999999
-105,-395682.84,-6.3391314,3.039999999979045,2.877858599999999
-90,-395684.38,-7.7856402,1.5,1.4313497999999996
-75,-395685.56,-9.196458,0.3200000000069849,0.02053199999999933
-60,-395685.88,-9.21699,0,0
-45,-395684.9,-7.765143,0.9799999999813735,1.451846999999999
-30,-395683.03,-5.484388,2.849999999976717,3.732601999999999
-15,-395681.16,-3.21785,4.720000000030268,5.999139999999999
0,-395680.03,-1.8389462,5.849999999976717,7.378043799999999
15,-395681.16,-3.2096436,4.720000000030268,6.007346399999999
30,-395683.03,-5.4886804,2.849999999976717,3.7283095999999993
45,-395684.9,-7.759164,0.9799999999813735,1.457825999999999
60,-395685.88,-9.214982,0,0.0020080000000000098
75,-395685.56,-9.180205,0.3200000000069849,0.03678499999999829
90,-395684.38,-7.816019,1.5,1.4009709999999993
105,-395682.84,-6.3154616,3.039999999979045,2.9015283999999992
120,-395681.7,-5.3338256,4.179999999993015,3.883164399999999
135,-395681.56,-5.133507,4.320000000006985,4.083482999999999
150,-395682.4,-5.6608896,3.479999999981373,3.556100399999999
165,-395683.62,-6.4368663,2.260000000009313,2.780123699999999
180,-395684.3,-7.0459533,1.580000000016298,2.1710366999999993
-165,-741882.8,17.14957,2.449999999953434,3.1679700000000004
-150,-741883.1,17.749397,2.150000000023283,3.767796999999998
-135,-741883.6,18.95193,1.650000000023283,4.970330000000001
-120,-741884.25,19.847652,1,5.866052
-105,-741884.9,20.475994,0.3499999999767169,6.494394
-90,-741884.1,20.064503,1.150000000023283,6.082902999999998
-75,-741885.25,18.85226,0,4.870660000000001
-60,-741884.8,17.350489,0.4499999999534338,3.3688889999999994
-45,-741884.1,16.060766,1.150000000023283,2.0791660000000007
-30,-741883.4,15.008152,1.849999999976717,1.0265520000000006
-15,-741882.75,14.240067,2.5,0.25846699999999956
0,-741882.56,13.9816,2.6899999999441206,0
15,-741882.75,14.241576,2.5,0.259976
30,-741883.4,15.006633,1.849999999976717,1.0250330000000005
45,-741884.1,16.066555,1.150000000023283,2.084955000000001
60,-741884.8,17.348686,0.4499999999534338,3.3670860000000005
75,-741885.25,18.85161,0,4.870010000000001
90,-741884.1,20.05354,1.150000000023283,6.0719400000000014
105,-741884.9,20.476423,0.3499999999767169,6.494823
120,-741884.25,19.846813,1,5.865213000000001
135,-741883.6,18.952957,1.650000000023283,4.971357000000001
150,-741883.1,17.750063,2.150000000023283,3.7684630000000006
165,-741882.8,17.149572,2.449999999953434,3.167971999999999
180,-741882.7,16.960997,2.550000000046566,2.9793969999999987
-165,-297000.72,14.792999,0.8800000000046566,1.3614069999999998
-150,-297001.44,13.972691,0.1599999999743886,0.5410989999999991
-135,-297001.6,13.547473,0,0.1158809999999999
-120,-297001.25,13.432827,0.3499999999767169,0.001234999999999431
-105,-297000.72,13.531786,0.8800000000046566,0.10019400000000012
-90,-297000.47,13.605063,1.1300000000046566,0.17347099999999926
-75,-297000.72,13.525519,0.8800000000046566,0.09392699999999898
-60,-297001.25,13.4370985,0.3499999999767169,0.005506499999999193
-45,-297001.6,13.550403,0,0.11881099999999911
-30,-297001.44,13.977499,0.1599999999743886,0.5459069999999997
-15,-297000.72,14.758995,0.8800000000046566,1.3274030000000003
0,-297000.1,15.512205,1.5,2.0806129999999996
15,-297000.72,14.767334,0.8800000000046566,1.3357419999999998
30,-297001.44,13.977498,0.1599999999743886,0.5459060000000004
45,-297001.6,13.550404,0,0.11881200000000014
60,-297001.25,13.431592,0.3499999999767169,0
75,-297000.72,13.515478,0.8800000000046566,0.08388599999999968
90,-297000.47,13.6048,1.1300000000046566,0.17320799999999892
105,-297000.72,13.522098,0.8800000000046566,0.09050599999999953
120,-297001.25,13.432827,0.3499999999767169,0.001234999999999431
135,-297001.6,13.542071,0,0.11047899999999977
150,-297001.44,13.961394,0.1599999999743886,0.5298020000000001
165,-297000.72,14.788598,0.8800000000046566,1.3570060000000002
180,-297000.1,15.518635,1.5,2.0870429999999995
-165,-395351.3,13.494839,0.7300000000395812,4.823981
-150,-395349.7,16.308977,2.330000000016298,7.638118999999998
-135,-395347.22,21.163246,4.810000000055879,12.492388
-120,-395344.22,25.349287,7.810000000055879,16.678429
-105,-395340.97,28.936401,11.06000000005588,20.265543
-90,-395340.66,29.364145,11.370000000053553,20.693286999999998
-75,-395343.4,25.298967,8.630000000004657,16.628109000000002
-60,-395346.28,20.44164,5.75,11.770781999999999
-45,-395348.8,15.812652,3.230000000039581,7.141793999999999
-30,-395350.8,11.635493,1.2300000000395812,2.9646349999999995
-15,-395352.03,8.673076,0,0.002217999999999165
0,-395350,11.495927,2.03000000002794,2.825068999999999
15,-395352.03,8.670858,0,0
30,-395350.8,11.512349,1.2300000000395812,2.8414909999999995
45,-395348.8,15.833533,3.230000000039581,7.162674999999998
60,-395346.28,20.465513,5.75,11.794655
75,-395343.38,25.343342,8.650000000023283,16.672483999999997
90,-395340.66,29.36208,11.370000000053553,20.691221999999996
105,-395340.97,28.846062,11.06000000005588,20.175204
120,-395344.22,25.30277,7.810000000055879,16.631912
135,-395347.22,21.143265,4.810000000055879,12.472406999999999
150,-395349.62,16.591429,2.4100000000325963,7.920571000000001
165,-395351.25,13.592655,0.7800000000279397,4.921797
180,-395351.8,12.36332,0.2300000000395812,3.692461999999999
-165,-547035.56,-31.969936,0.3799999998882413,0.8009990000000009
-150,-547034.5,-29.591002,1.4399999999441206,3.179933000000002
-135,-547032.94,-26.15041,3,6.620525000000001
-120,-547031.4,-21.902214,4.539999999920838,10.868721
-105,-547030.44,-16.99648,5.5,15.774455000000003
-90,-547029.94,-14.05869,6,18.712245000000003
-75,-547029.5,-13.195768,6.439999999944121,19.575167
-60,-547029.5,-15.406509,6.439999999944121,17.364426
-45,-547029.8,-19.205404,6.1399999998975545,13.565531
-30,-547030.5,-21.869658,5.439999999944121,10.901277
-15,-547031.06,-23.27525,4.879999999888241,9.495685000000002
0,-547031.25,-23.694921,4.689999999944121,9.076014
15,-547031.06,-23.275246,4.879999999888241,9.495689000000002
30,-547030.5,-21.871758,5.439999999944121,10.899177000000002
45,-547029.8,-19.21888,6.1399999998975545,13.552055000000003
60,-547029.5,-15.400951,6.439999999944121,17.369984000000002
75,-547029.5,-13.188252,6.439999999944121,19.582683000000003
90,-547029.94,-14.064274,6,18.706661000000004
105,-547030.44,-16.969673,5.5,15.801262000000001
120,-547031.4,-21.907701,4.539999999920838,10.863234000000002
135,-547032.94,-26.142122,3,6.628813000000001
150,-547034.5,-29.566116,1.4399999999441206,3.2048190000000005
165,-547035.56,-31.955988,0.3799999998882413,0.8149470000000001
180,-547035.94,-32.770935,0,0
-165,-456736.25,26.83492,3.0499999999883585,7.884741999999999
-150,-456738.66,21.820837,0.6400000000139698,2.870659
-135,-456739.3,19.093657,0,0.14347899999999925
-120,-456739.06,18.950178,0.2399999999906867,0
-105,-456738.88,20.096348,0.4199999999837018,1.146169999999998
-90,-456739.28,19.289507,0.0199999999604187,0.3393289999999993
-75,-456739.28,18.984077,0.0199999999604187,0.033898999999998125
-60,-456738.53,19.173658,0.7699999999604188,0.22347999999999857
-45,-456736.94,20.748056,2.35999999998603,1.7978779999999972
-30,-456734.78,24.70242,4.519999999960419,5.752241999999999
-15,-456732,30.528679,7.2999999999883585,11.578501
0,-456731.9,34.89624,7.399999999965075,15.946061999999998
15,-456735.47,28.01917,3.830000000016298,9.068991999999998
30,-456737.6,23.077322,1.7000000000116415,4.127143999999998
45,-456738.34,19.686539,0.9599999999627472,0.7363609999999987
60,-456738.44,19.521915,0.8599999999860302,0.5717369999999988
75,-456738.44,18.986902,0.8599999999860302,0.036723999999999535
90,-456738.4,19.227455,0.8999999999650754,0.277276999999998
105,-456738.34,19.276964,0.9599999999627472,0.32678599999999847
120,-456738.1,19.329292,1.2000000000116415,0.37911399999999773
135,-456737.1,20.475582,2.200000000011641,1.5254039999999982
150,-456735.34,24.444857,3.959999999962747,5.494678999999998
165,-456732.84,30.307573,6.459999999962747,11.357395
180,-456732.53,33.870213,6.769999999960419,14.920034999999999
-165,-382133.34,-121.65562,0.7199999999720603,1.4545559999999966
-150,-382131.9,-122.61355,2.1599999999743886,0.496625999999992
-135,-382130.12,-123.057755,3.940000000002328,0.05242099999999539
-120,-382128.4,-122.40616,5.659999999974389,0.7040159999999958
-105,-382126.88,-120.83113,7.179999999993015,2.279045999999994
-90,-382125.97,-118.67077,8.090000000025611,4.439405999999991
-75,-382126.06,-117.46488,8,5.645296000000002
-60,-382126.56,-117.09645,7.5,6.013725999999991
-45,-382127.16,-116.06681,6.900000000023283,7.043365999999992
-30,-382127.4,-114.473,6.659999999974389,8.637175999999997
-15,-382127.53,-112.802025,6.529999999969732,10.308150999999995
0,-382127.7,-111.96106,6.35999999998603,11.149115999999992
15,-382127.53,-112.802025,6.529999999969732,10.308150999999995
30,-382127.4,-114.473015,6.659999999974389,8.637160999999992
45,-382127.16,-116.06843,6.900000000023283,7.041745999999989
60,-382126.56,-117.09151,7.5,6.018665999999996
75,-382126.1,-117.43278,7.960000000020955,5.677396000000002
90,-382125.97,-118.67637,8.090000000025611,4.43380599999999
105,-382126.88,-120.83154,7.179999999993015,2.2786359999999917
120,-382128.4,-122.44165,5.659999999974389,0.668526
135,-382130.12,-123.110176,3.940000000002328,0
150,-382131.9,-122.6108,2.1599999999743886,0.49937599999999804
165,-382133.34,-121.65563,0.7199999999720603,1.4545459999999935
180,-382134.06,-121.22882,0,1.8813559999999967
-165,-452445.72,5.148281,0.3100000000558793,0.5965312999999997
-150,-452444.8,5.806073,1.2300000000395812,1.2543232999999994
-135,-452443.38,6.7543883,2.650000000023283,2.2026385999999993
-120,-452441.62,8.271918,4.410000000032596,3.720168299999999
-105,-452440.1,9.663948,5.930000000051223,5.112198299999999
-90,-452439.47,10.296272,6.560000000055879,5.7445223
-75,-452440.16,9.76121,5.870000000053551,5.2094603
-60,-452441.72,8.382892,4.310000000055879,3.8311423
-45,-452443.4,6.8185096,2.6300000000046566,2.2667598999999994
-30,-452444.75,5.532391,1.2800000000279397,0.9806412999999994
-15,-452445.56,4.78042,0.470000000030268,0.2286703000000001
0,-452445.8,4.5517497,0.2300000000395812,0
15,-452445.56,4.7804217,0.470000000030268,0.22867199999999954
30,-452444.75,5.532391,1.2800000000279397,0.9806412999999994
45,-452443.4,6.8253713,2.6300000000046566,2.2736215999999994
60,-452441.75,8.528737,4.28000000002794,3.9769872999999993
75,-452440.16,9.7612,5.870000000053551,5.2094503
90,-452439.47,10.296272,6.560000000055879,5.7445223
105,-452440.1,9.6638,5.930000000051223,5.1120503
120,-452441.62,8.273388,4.410000000032596,3.7216383000000004
135,-452443.38,6.754392,2.650000000023283,2.2026423
150,-452444.84,5.91213,1.1900000000023283,1.3603803
165,-452445.72,5.148237,0.3100000000558793,0.5964872999999997
180,-452446.03,4.757514,0,0.20576429999999934
-165,-382611,-98.55178,0.1599999999743886,0.17788000000000181
-150,-382610.1,-98.42148,1.0599999999976717,0.308179999999993
-135,-382608.22,-97.63084,2.9400000000023283,1.0988199999999892
-120,-382605.62,-96.39091,5.539999999979045,2.3387499999999903
-105,-382602.62,-94.846016,8.539999999979045,3.8836439999999897
-90,-382599.8,-93.242836,11.35999999998603,5.486823999999999
-75,-382597.8,-92.11156,13.35999999998603,6.618099999999998
-60,-382597.3,-92.57162,13.85999999998603,6.15804
-45,-382608.53,-97.50998,2.629999999946449,1.2196799999999968
-30,-382610.25,-98.36928,0.9099999999743886,0.36037999999999215
-15,-382611.06,-98.51539,0.0999999999767169,0.21426999999999907
0,-382611.16,-97.67633,0,1.0533300000000025
15,-382611.06,-98.63827,0.0999999999767169,0.09138999999998987
30,-382610.28,-98.57162,0.879999999946449,0.15803999999999974
45,-382608.6,-97.72962,2.559999999997672,1.0000399999999985
60,-382606,-96.312584,5.159999999974389,2.4170759999999945
75,-382602.8,-94.50579,8.35999999998603,4.223869999999991
90,-382599.72,-92.88992,11.440000000002328,5.839739999999992
105,-382597.66,-91.92746,13.5,6.802199999999999
120,-382597.2,-92.35804,13.959999999962749,6.371619999999993
135,-382608.2,-97.94553,2.959999999962747,0.7841299999999904
150,-382610.03,-98.6891,1.129999999946449,0.04055999999999926
165,-382611,-98.72966,0.1599999999743886,0
180,-382611.16,-97.68203,0,1.047629999999998
-165,-300799.56,1.5752949,1.099999999976717,0.5932711
-150,-300800.56,0.9877619,0.0999999999767169,0.005738099999999968
-135,-300800.66,1.3924168,0,0.4103929999999999
-120,-300799.88,2.4695885,0.779999999969732,1.4875647
-105,-300798.78,3.6344268,1.879999999946449,2.652403
-90,-300798.3,4.156179,2.35999999998603,3.1741552
-75,-300798.78,3.6278403,1.879999999946449,2.6458165
-60,-300799.84,2.4751902,0.8199999999487773,1.4931664000000002
-45,-300800.62,1.400017,0.0399999999790452,0.41799320000000006
-30,-300800.56,0.9820238,0.0999999999767169,0
-15,-300799.56,1.5530308,1.099999999976717,0.5710069999999999
0,-300798.7,2.477371,1.959999999962747,1.4953472000000003
15,-300799.56,1.5530281,1.099999999976717,0.5710042999999999
30,-300800.56,0.98202515,0.0999999999767169,1.3500000000110646e-06
45,-300800.62,1.4000183,0.0399999999790452,0.41799449999999994
60,-300799.84,2.475193,0.8199999999487773,1.4931692
75,-300798.78,3.6278412,1.879999999946449,2.6458174000000003
90,-300798.3,4.156178,2.35999999998603,3.1741542
105,-300798.78,3.634426,1.879999999946449,2.6524022
120,-300799.88,2.4695888,0.779999999969732,1.487565
135,-300800.66,1.392416,0,0.4103922000000001
150,-300800.56,0.98776054,0.0999999999767169,0.005736740000000018
165,-300799.56,1.5752953,1.099999999976717,0.5932715000000001
180,-300798.7,2.4786077,1.959999999962747,1.4965839
-165,-311615.06,9.31541,0.0599999999976716,0.002077999999999136
-150,-311614.62,9.492523,0.5,0.17919099999999943
-135,-311613.66,10.200903,1.4600000000209548,0.8875709999999994
-120,-311612.28,11.27007,2.839999999967404,1.9567379999999996
-105,-311611,12.299829,4.119999999995343,2.986497
-90,-311610.47,12.62317,4.650000000023283,3.309837999999999
-75,-311611.03,12.071236,4.089999999967404,2.757904
-60,-311612.3,11.072388,2.820000000006985,1.7590559999999993
-45,-311613.66,10.103077,1.4600000000209548,0.7897449999999999
-30,-311614.62,9.470054,0.5,0.15672199999999847
-15,-311615.06,9.313332,0.0599999999976716,0
0,-311615.12,9.37212,0,0.05878799999999984
15,-311615.06,9.329013,0.0599999999976716,0.015680999999998946
30,-311614.62,9.470054,0.5,0.15672199999999847
45,-311613.66,10.103072,1.4600000000209548,0.7897399999999983
60,-311612.3,11.0704155,2.820000000006985,1.7570834999999985
75,-311611.03,12.071236,4.089999999967404,2.757904
90,-311610.47,12.623019,4.650000000023283,3.3096869999999985
105,-311611,12.29983,4.119999999995343,2.986497999999999
120,-311612.28,11.27007,2.839999999967404,1.9567379999999996
135,-311613.66,10.201083,1.4600000000209548,0.8877509999999997
150,-311614.62,9.487703,0.5,0.17437099999999894
165,-311615.06,9.315336,0.0599999999976716,0.0020039999999994507
180,-311615.12,9.370741,0,0.05740899999999982
-165,-487630.12,-40.52257,0,4.768169999999998
-150,-487629.8,-37.557877,0.3200000000069849,7.732863000000002
-135,-487628.94,-32.955692,1.179999999993015,12.335048
-120,-487627.75,-27.971666,2.3699999999953434,17.319074
-105,-487626.72,-23.752195,3.400000000023283,21.538545
-90,-487626.22,-22.78419,3.900000000023283,22.50655
-75,-487626.53,-25.150517,3.589999999967404,20.140223
-60,-487627.5,-30.313864,2.6199999999953434,14.976876
-45,-487628.72,-36.0894,1.400000000023283,9.201340000000002
-30,-487629.53,-40.69469,0.5899999999674037,4.596049999999998
-15,-487629.84,-44.012123,0.279999999969732,1.278616999999997
0,-487629.75,-45.29074,0.3699999999953434,0
15,-487629.84,-44.04038,0.279999999969732,1.2503600000000006
30,-487629.53,-40.696377,0.5899999999674037,4.594363000000001
45,-487628.7,-35.923607,1.419999999983702,9.367133000000003
60,-487627.53,-30.345612,2.589999999967404,14.945128
75,-487626.53,-25.151548,3.589999999967404,20.139192
90,-487626.22,-22.747963,3.900000000023283,22.542777
105,-487626.72,-23.752197,3.400000000023283,21.538543
120,-487627.75,-27.981932,2.3699999999953434,17.308808
135,-487628.94,-32.908882,1.179999999993015,12.381858000000001
150,-487629.8,-37.559074,0.3200000000069849,7.731665999999997
165,-487630.12,-40.519382,0,4.771357999999999
180,-487630,-41.265495,0.1199999999953433,4.025244999999998
-165,-307077.06,-105.643684,0.1599999999743886,0.1972200000000015
-150,-307076.44,-105.840904,0.779999999969732,0
-135,-307075.2,-105.83596,2.019999999960419,0.00494399999999473
-120,-307073.4,-105.64682,3.819999999948777,0.1940839999999895
-105,-307071.47,-105.34796,5.75,0.4929439999999943
-90,-307070.3,-105.072266,6.919999999983702,0.7686379999999957
-75,-307071.53,-105.303566,5.689999999944121,0.5373379999999912
-60,-307073.47,-105.591064,3.75,0.24983999999999185
-45,-307075.25,-105.66401,1.9699999999720603,0.17689399999999011
-30,-307076.47,-105.39857,0.75,0.44233399999998824
-15,-307077.06,-104.921814,0.1599999999743886,0.9190899999999971
0,-307077.22,-104.66046,0,1.1804439999999943
15,-307077.06,-104.91804,0.1599999999743886,0.9228639999999899
30,-307076.47,-105.39857,0.75,0.44233399999998824
45,-307075.25,-105.66401,1.9699999999720603,0.17689399999999011
60,-307073.47,-105.59237,3.75,0.24853399999999226
75,-307071.53,-105.30351,5.689999999944121,0.5373939999999919
90,-307070.3,-105.070816,6.919999999983702,0.7700880000000012
105,-307071.47,-105.35212,5.75,0.48878399999999544
120,-307073.4,-105.64682,3.819999999948777,0.1940839999999895
135,-307075.2,-105.83596,2.019999999960419,0.00494399999999473
150,-307076.44,-105.840904,0.779999999969732,0
165,-307077.06,-105.643684,0.1599999999743886,0.1972200000000015
180,-307077.22,-105.47957,0,0.3613339999999994
-165,-331738.25,1.218099,0.1300000000046566,0.97452733
-150,-331738.38,0.34171295,0,0.09814128000000003
-135,-331737.94,0.24370661,0.4400000000023283,0.00013494000000000006
-120,-331736.9,0.8684943,1.4799999999813735,0.62492263
-105,-331735.75,1.7282032,2.6300000000046566,1.4846315300000001
-90,-331735.28,2.1802125,3.099999999976717,1.9366408300000002
-75,-331735.72,1.7567474,2.6600000000325963,1.5131757300000002
-60,-331736.78,0.89905876,1.599999999976717,0.6554870899999999
-45,-331737.8,0.25864425,0.5800000000162981,0.01507258000000003
-30,-331738.38,0.27966487,0,0.03609320000000002
-15,-331738.25,1.1209935,0.1300000000046566,0.87742183
0,-331738,1.9434568,0.3800000000046566,1.6998851300000002
15,-331738.25,1.1186413,0.1300000000046566,0.8750696299999999
30,-331738.38,0.28024474,0,0.03667307
45,-331737.8,0.258626,0.5800000000162981,0.015054330000000032
60,-331736.78,0.89675033,1.599999999976717,0.65317866
75,-331735.72,1.7561857,2.6600000000325963,1.5126140300000002
90,-331735.28,2.180249,3.099999999976717,1.93667733
105,-331735.75,1.7282032,2.6300000000046566,1.4846315300000001
120,-331736.9,0.8684943,1.4799999999813735,0.62492263
135,-331737.94,0.24357167,0.4400000000023283,0
150,-331738.38,0.34163636,0,0.09806468999999998
165,-331738.25,1.2227561,0.1300000000046566,0.97918443
180,-331738,1.9440038,0.3800000000046566,1.70043213
-165,-421242.9,-6.144934,0,1.6519414999999995
-150,-421241.8,-5.6946464,1.1000000000349246,2.1022290999999997
-135,-421240.1,-4.7275257,2.800000000046566,3.0693497999999995
-120,-421238,-3.32496,4.900000000023283,4.4719155
-105,-421236.06,-1.8529065,6.840000000025611,5.943968999999999
-90,-421233.2,-2.3058658,9.700000000011642,5.491009699999999
-75,-421233.7,-2.2768385,9.200000000011642,5.520036999999999
-60,-421234.94,-2.40313,7.960000000020955,5.3937455
-45,-421236.3,-2.351295,6.600000000034925,5.4455805
-30,-421237.25,-1.9590946,5.650000000023283,5.837780899999999
-15,-421237.53,-1.4244999,5.369999999995343,6.3723756
0,-421237.5,-0.9415322,5.400000000023283,6.8553432999999995
15,-421237.53,-1.4246458,5.369999999995343,6.3722297
30,-421237.25,-1.9629549,5.650000000023283,5.8339206
45,-421236.3,-2.3552227,6.600000000034925,5.4416528
60,-421234.94,-2.4059381,7.960000000020955,5.390937399999999
75,-421233.7,-2.275832,9.200000000011642,5.521043499999999
90,-421233.2,-2.305864,9.700000000011642,5.491011499999999
105,-421236.06,-1.8566884,6.840000000025611,5.940187099999999
120,-421238,-3.3249617,4.900000000023283,4.471913799999999
135,-421240.1,-4.7324634,2.800000000046566,3.0644120999999993
150,-421241.8,-5.690492,1.1000000000349246,2.1063834999999997
165,-421242.9,-6.144761,0,1.6521144999999997
180,-421241.25,-7.7968755,1.650000000023283,0
-165,-397592.4,78.43642,12.539999999979043,14.803824999999996
-150,-397593.53,76.43088,11.409999999974389,12.798285
-135,-397594.3,74.98292,10.64000000001397,11.350324999999991
-120,-397594.78,74.96441,10.159999999974389,11.331814999999999
-105,-397594.62,74.680786,10.320000000006983,11.048190999999996
-90,-397593.84,75.433205,11.099999999976715,11.800609999999999
-75,-397592.25,78.199585,12.690000000002328,14.566989999999997
-60,-397593.06,76.18661,11.880000000004657,12.554015
-45,-397594.62,73.02153,10.320000000006983,9.388934999999996
-30,-397597.4,68.667465,7.539999999979045,5.034870000000005
-15,-397600.53,66.863525,4.409999999974389,3.2309299999999936
0,-397604.06,63.632595,0.8800000000046566,0
15,-397604.94,63.71261,0,0.08001499999999595
30,-397604.62,65.07521,0.3200000000069849,1.4426149999999964
45,-397603.34,66.40779,1.599999999976717,2.7751950000000036
60,-397601.25,68.7029,3.690000000002328,5.070304999999998
75,-397602.25,71.906555,2.6900000000023283,8.273959999999995
90,-397602.78,69.09373,2.1599999999743886,5.461134999999992
105,-397602.84,67.899345,2.099999999976717,4.266749999999995
120,-397602.66,66.81285,2.28000000002794,3.1802549999999954
135,-397600.66,67.28591,4.28000000002794,3.653314999999999
150,-397597.53,69.158936,7.409999999974389,5.526340999999995
165,-397594.72,73.22865,10.220000000030268,9.596055
180,-397593.16,76.397194,11.78000000002794,12.764598999999997
-165,-312358.62,23.897251,0.9400000000023284,1.8384470000000022
-150,-312357.47,24.777088,2.090000000025612,2.7182840000000006
-135,-312355.9,25.589804,3.6599999999743886,3.5310000000000024
-120,-312354.28,26.12471,5.279999999969732,4.065906000000002
-105,-312353.03,26.45684,6.529999999969732,4.398036000000001
-90,-312352.94,26.164522,6.619999999995343,4.105718000000003
-75,-312354.22,24.87523,5.340000000025611,2.816426
-60,-312356.12,23.477062,3.4400000000023283,1.4182580000000016
-45,-312357.94,22.461033,1.6199999999953434,0.40222900000000195
-30,-312359.12,22.058804,0.4400000000023283,0
-15,-312359.56,22.256433,0,0.19762900000000272
0,-312359.34,23.00454,0.2199999999720603,0.9457360000000001
15,-312358.62,23.868546,0.9400000000023284,1.809742
30,-312357.47,24.76565,2.090000000025612,2.7068460000000023
45,-312355.9,25.610954,3.6599999999743886,3.552150000000001
60,-312354.22,26.14576,5.340000000025611,4.086956000000001
75,-312353.03,26.487787,6.529999999969732,4.428983000000002
90,-312352.88,26.154926,6.679999999993015,4.096122000000001
105,-312354.16,24.779787,5.400000000023283,2.7209830000000004
120,-312356.12,23.466358,3.4400000000023283,1.407554000000001
135,-312357.94,22.500488,1.6199999999953434,0.4416840000000022
150,-312359.12,22.059256,0.4400000000023283,0.0004520000000027835
165,-312359.56,22.249811,0,0.1910070000000026
180,-312359.34,23.000359,0.2199999999720603,0.941555000000001
-165,-512157.62,23.65182,0.4100000000325963,0.23333799999999982
-150,-512156.47,24.535992,1.5600000000558794,1.1175099999999993
-135,-512154.75,26.098808,3.28000000002794,2.6803259999999973
-120,-512152.8,28.106976,5.230000000039581,4.688493999999999
-105,-512151.25,30.113634,6.78000000002794,6.695152
-90,-512150.5,31.556023,7.53000000002794,8.137540999999999
-75,-512150.62,32.06327,7.410000000032596,8.644788000000002
-60,-512151.3,32.095753,6.730000000039581,8.677271000000001
-45,-512151.97,32.131172,6.060000000055879,8.712689999999998
-30,-512152.2,32.35291,5.830000000016298,8.934428
-15,-512152.03,32.817562,6,9.399080000000001
0,-512151.88,33.18708,6.150000000023283,9.768598
15,-512152.03,32.817562,6,9.399080000000001
30,-512152.2,32.35291,5.830000000016298,8.934428
45,-512151.97,32.13118,6.060000000055879,8.712698
60,-512151.3,32.095753,6.730000000039581,8.677271000000001
75,-512150.62,32.059063,7.410000000032596,8.640581000000001
90,-512150.5,31.566166,7.53000000002794,8.147683999999998
105,-512151.25,30.113232,6.78000000002794,6.694749999999999
120,-512152.8,28.106976,5.230000000039581,4.688493999999999
135,-512154.75,26.098808,3.28000000002794,2.6803259999999973
150,-512156.47,24.535992,1.5600000000558794,1.1175099999999993
165,-512157.62,23.666615,0.4100000000325963,0.24813299999999927
180,-512158.03,23.418482,0,0
-165,-405002.66,-176.12204,1.120000000053551,1.8814999999999884
-150,-405003.22,-176.55515,0.5600000000558794,1.4483899999999892
-135,-405003.56,-177.229,0.2200000000302679,0.7745399999999734
-120,-405003.78,-177.8718,0,0.13173999999997932
-105,-405003.72,-178.00354,0.0600000000558793,0
-90,-405002.6,-176.93475,1.1800000000512227,1.0687899999999786
-75,-405002.88,-177.02034,0.9000000000232831,0.9831999999999823
-60,-405003,-176.58774,0.7800000000279397,1.4157999999999902
-45,-405002.97,-175.91162,0.8100000000558794,2.0919199999999876
-30,-405002.75,-175.38158,1.0300000000279397,2.621959999999973
-15,-405002.38,-175.214,1.400000000023283,2.789539999999988
0,-405001.66,-175.85457,2.120000000053551,2.1489699999999914
15,-405002.38,-175.226,1.400000000023283,2.7775399999999877
30,-405002.75,-175.38817,1.0300000000279397,2.6153699999999844
45,-405002.97,-175.91711,0.8100000000558794,2.0864299999999787
60,-405003,-176.58563,0.7800000000279397,1.4179099999999778
75,-405002.88,-177.0195,0.9000000000232831,0.9840399999999931
90,-405002.6,-176.93633,1.1800000000512227,1.0672099999999887
105,-405003.72,-178.00302,0.0600000000558793,0.0005199999999945248
120,-405003.78,-177.87296,0,0.1305799999999806
135,-405003.56,-177.23628,0.2200000000302679,0.7672599999999932
150,-405003.22,-176.53616,0.5600000000558794,1.4673799999999915
165,-405002.66,-176.13077,1.120000000053551,1.8727699999999743
180,-405002.06,-177.21513,1.720000000030268,0.788409999999999
-165,-372667.38,2.364898,9.419999999983702,13.693389
-150,-372671.72,-4.758285,5.080000000016298,6.570206
-135,-372674.6,-8.648416,2.200000000011641,2.6800750000000004
-120,-372676.06,-10.571687,0.7399999999906868,0.7568039999999989
-105,-372676.66,-11.228414,0.1400000000139698,0.10007699999999886
-90,-372676.8,-11.328491,0,0
-75,-372676.62,-11.196938,0.179999999993015,0.13155300000000025
-60,-372675.97,-10.368489,0.8300000000162981,0.9600019999999994
-45,-372674.3,-8.129037,2.5,3.1994539999999994
-30,-372671.28,-3.946015,5.519999999960419,7.382476
-15,-372666.94,3.1059957,9.85999999998603,14.434486699999999
0,-372661.75,14.605986,15.049999999988358,25.934477
15,-372666.94,3.1043873,9.85999999998603,14.432878299999999
30,-372671.28,-3.9398298,5.519999999960419,7.3886612
45,-372674.3,-8.12903,2.5,3.1994609999999994
60,-372675.97,-10.386257,0.8300000000162981,0.9422339999999991
75,-372676.62,-11.196941,0.179999999993015,0.13154999999999895
90,-372676.8,-11.324615,0,0.0038759999999999906
105,-372676.66,-11.227732,0.1400000000139698,0.10075900000000004
120,-372676.06,-10.571741,0.7399999999906868,0.7567500000000003
135,-372674.6,-8.648481,2.200000000011641,2.6800099999999993
150,-372671.72,-4.7296023,5.080000000016298,6.5988887
165,-372667.38,2.3588076,9.419999999983702,13.6872986
180,-372662.53,13.181089,14.26999999996042,24.50958
-165,-311611.94,20.738256,0.9000000000232831,4.897637
-150,-311612.78,17.893877,0.0599999999976716,2.0532579999999996
-135,-311612.84,16.382502,0,0.5418829999999986
-120,-311612.25,15.902657,0.5900000000256114,0.06203799999999937
-105,-311611.5,15.911183,1.3400000000256114,0.07056399999999918
-90,-311611.16,15.939942,1.6800000000512227,0.09932300000000005
-75,-311611.47,15.849609,1.370000000053551,0.008989999999998943
-60,-311612.22,15.842968,0.620000000053551,0.0023490000000006006
-45,-311612.8,16.316917,0.0400000000372529,0.4762979999999999
-30,-311612.8,17.674051,0.0400000000372529,1.8334319999999984
-15,-311612.03,20.291882,0.8099999999976717,4.451263000000001
0,-311611.28,23.098726,1.5599999999976717,7.258106999999999
15,-311612.03,20.288076,0.8099999999976717,4.447457
30,-311612.8,17.679035,0.0400000000372529,1.8384159999999987
45,-311612.8,16.324976,0.0400000000372529,0.48435699999999926
60,-311612.22,15.840619,0.620000000053551,0
75,-311611.47,15.845981,1.370000000053551,0.005361999999999867
90,-311611.16,15.942316,1.6800000000512227,0.1016969999999997
105,-311611.5,15.912789,1.3400000000256114,0.07216999999999985
120,-311612.25,15.904592,0.5900000000256114,0.06397299999999895
135,-311612.84,16.382502,0,0.5418829999999986
150,-311612.78,17.893272,0.0599999999976716,2.0526529999999994
165,-311611.94,20.73826,0.9000000000232831,4.897641
180,-311611.28,23.09282,1.5599999999976717,7.2522009999999995
-165,-441985.84,30.341234,1.0399999999790452,0.6553949999999986
-150,-441986.75,29.743036,0.1300000000046566,0.05719699999999861
-135,-441986.84,30.018501,0.0399999999790452,0.3326619999999991
-120,-441986.34,30.939798,0.5399999999790452,1.2539589999999983
-105,-441985.56,32.093464,1.320000000006985,2.407624999999996
-90,-441984.9,32.87919,1.979999999981373,3.193351
-75,-441985.66,31.95845,1.220000000030268,2.2726109999999977
-60,-441986.44,30.829105,0.4400000000023283,1.143265999999997
-45,-441986.88,29.919367,0,0.23352799999999974
-30,-441986.62,29.685839,0.2600000000093132,0
-15,-441985.62,30.349167,1.2600000000093132,0.6633279999999999
0,-441984.22,31.797684,2.6600000000325963,2.111844999999999
15,-441985.62,30.358416,1.2600000000093132,0.6725769999999969
30,-441986.62,29.68906,0.2600000000093132,0.0032209999999999184
45,-441986.88,29.923197,0,0.23735799999999685
60,-441986.44,30.828022,0.4400000000023283,1.1421829999999993
75,-441985.66,31.958698,1.220000000030268,2.272858999999997
90,-441984.9,32.87886,1.979999999981373,3.1930210000000017
105,-441985.56,32.08804,1.320000000006985,2.402200999999998
120,-441986.34,30.938427,0.5399999999790452,1.2525879999999994
135,-441986.84,30.024117,0.0399999999790452,0.33827799999999897
150,-441986.75,29.73799,0.1300000000046566,0.052150999999998504
165,-441985.84,30.342802,1.0399999999790452,0.6569629999999975
180,-441984.34,31.758753,2.539999999979045,2.0729139999999973
-165,-147231.95,19.412521,2,2.6800130000000024
-150,-147232.86,18.700876,1.0900000000256114,1.9683680000000017
-135,-147233.62,17.864374,0.3300000000162981,1.1318660000000023
-120,-147233.95,17.321257,0,0.588749
-105,-147233.75,17.266817,0.2000000000116415,0.5343090000000004
-90,-147233.03,17.581663,0.9200000000128056,0.8491549999999997
-75,-147232.05,17.916685,1.900000000023283,1.1841770000000018
-60,-147231.94,17.757097,2.010000000009313,1.0245890000000024
-45,-147232.44,17.438526,1.5100000000093132,0.7060180000000003
-30,-147233.06,17.017853,0.8900000000139698,0.2853449999999995
-15,-147233.36,16.732508,0.5900000000256114,0
0,-147233.11,16.773975,0.8400000000256114,0.04146700000000081
15,-147233.36,16.732508,0.5900000000256114,0
30,-147233.06,17.017853,0.8900000000139698,0.2853449999999995
45,-147232.44,17.438011,1.5100000000093132,0.7055030000000002
60,-147231.94,17.757511,2.010000000009313,1.0250030000000017
75,-147232.05,17.916683,1.900000000023283,1.1841749999999998
90,-147233.03,17.57933,0.9200000000128056,0.8468219999999995
105,-147233.75,17.266232,0.2000000000116415,0.5337239999999994
120,-147233.95,17.321257,0,0.588749
135,-147233.62,17.866377,0.3300000000162981,1.1338690000000007
150,-147232.86,18.700878,1.0900000000256114,1.9683700000000002
165,-147231.95,19.415676,2,2.683168000000002
180,-147231.48,19.7061,2.470000000001164,2.973592
-165,-604752.4,50.424305,0.1600000000325963,0
-150,-604751.7,50.600727,0.8600000001024455,0.1764220000000023
-135,-604750.7,51.48833,1.8600000001024453,1.0640250000000009
-120,-604749.44,52.92358,3.1200000001117587,2.4992750000000044
-105,-604748.3,54.33387,4.260000000009313,3.9095650000000006
-90,-604747.8,55.0258,4.760000000009313,4.601495
-75,-604748.3,54.323334,4.260000000009313,3.899029000000006
-60,-604749.5,52.9189,3.06000000005588,2.494595000000004
-45,-604750.8,51.489403,1.7600000000093132,1.065098000000006
-30,-604751.75,50.603054,0.8100000000558794,0.17874900000000338
-15,-604752.4,50.4385,0.1600000000325963,0.014195000000000846
0,-604752.56,50.515556,0,0.09125099999999975
15,-604752.4,50.4385,0.1600000000325963,0.014195000000000846
30,-604751.75,50.603054,0.8100000000558794,0.17874900000000338
45,-604750.8,51.489407,1.7600000000093132,1.065102000000003
60,-604749.5,52.919235,3.06000000005588,2.4949300000000036
75,-604748.3,54.323334,4.260000000009313,3.899029000000006
90,-604747.8,55.0258,4.760000000009313,4.601495
105,-604748.3,54.34559,4.260000000009313,3.9212850000000046
120,-604749.44,52.92358,3.1200000001117587,2.4992750000000044
135,-604750.7,51.491276,1.8600000001024453,1.0669710000000023
150,-604751.7,50.600727,0.8600000001024455,0.1764220000000023
165,-604752.4,50.424305,0.1600000000325963,0
180,-604752.56,50.517097,0,0.09279200000000287
-165,-392821.06,-167.10835,2.6900000000023283,9.727309999999989
-150,-392823.12,-173.71066,0.6300000000046566,3.125
-135,-392823.75,-176.40619,0,0.4294699999999807
-120,-392823.25,-176.78047,0.5,0.055189999999981865
-105,-392822.4,-176.21437,1.349999999976717,0.6212899999999877
-90,-392822,-176.01683,1.75,0.8188299999999913
-75,-392822.44,-176.31023,1.3099999999976717,0.5254300000000001
-60,-392823.22,-176.83363,0.5300000000279397,0.0020299999999906504
-45,-392823.72,-176.46657,0.0300000000279396,0.3690899999999999
-30,-392823.22,-174.04274,0.5300000000279397,2.792919999999981
-15,-392821.44,-168.27379,2.309999999997672,8.561869999999999
0,-392818.78,-160.17479,4.96999999997206,16.66086999999999
15,-392821.44,-168.3477,2.309999999997672,8.487959999999987
30,-392823.22,-174.09792,0.5300000000279397,2.7377400000000023
45,-392823.72,-176.50095,0.0300000000279396,0.3347100000000012
60,-392823.22,-176.83566,0.5300000000279397,0
75,-392822.4,-176.34335,1.349999999976717,0.49231000000000336
90,-392822,-176.01051,1.75,0.8251499999999794
105,-392822.4,-176.21437,1.349999999976717,0.6212899999999877
120,-392823.25,-176.81503,0.5,0.02062999999998283
135,-392823.75,-176.45032,0,0.38533999999998514
150,-392823.12,-173.70877,0.6300000000046566,3.126890000000003
165,-392821.06,-167.02092,2.6900000000023283,9.81474
180,-392818.06,-157.70439,5.690000000002328,19.13127
-165,-535427.4,-10.670184,0.1999999999534338,1.6313439999999986
-150,-535426.5,-5.883673,1.099999999976717,6.417854999999999
-135,-535425.2,1.065807,2.400000000023283,13.367334999999999
-120,-535423.7,9.201622,3.900000000023283,21.503149999999998
-105,-535422.44,16.876408,5.160000000032596,29.177936000000003
-90,-535422,20.394764,5.599999999976717,32.696292
-75,-535422.6,16.40608,5,28.707608
-60,-535424,8.639119,3.599999999976717,20.940647
-45,-535425.4,1.0963552,2.199999999953434,13.397883199999999
-30,-535426.5,-5.280722,1.099999999976717,7.020805999999999
-15,-535427.1,-9.558848,0.5,2.74268
0,-535427.4,-11.067717,0.1999999999534338,1.2338109999999993
15,-535427.1,-9.56131,0.5,2.7402179999999987
30,-535426.5,-5.2721987,1.099999999976717,7.0293293
45,-535425.4,1.0963588,2.199999999953434,13.397886799999998
60,-535424,8.639121,3.599999999976717,20.940649
75,-535422.6,16.406082,5,28.707610000000003
90,-535422,20.394764,5.599999999976717,32.696292
105,-535422.44,16.876404,5.160000000032596,29.177932
120,-535423.7,9.201621,3.900000000023283,21.503149
135,-535425.2,1.0658007,2.400000000023283,13.3673287
150,-535426.5,-5.883678,1.099999999976717,6.41785
165,-535427.4,-10.670189,0.1999999999534338,1.6313389999999988
180,-535427.6,-12.301528,0,0
-165,-358362.12,-82.88866,4.099999999976717,4.397289999999998
-150,-358365.97,-85.54822,0.25,1.737729999999999
-135,-358365.94,-86.13513,0.279999999969732,1.150819999999996
-120,-358365.88,-87.28595,0.3399999999674037,0
-105,-358366.22,-86.825356,0,0.4605940000000004
-90,-358363.25,-85.06439,2.9699999999720603,2.2215599999999966
-75,-358363.66,-84.1462,2.559999999997672,3.1397500000000065
-60,-358363.38,-82.335945,2.839999999967404,4.950005000000004
-45,-358362.16,-80.53818,4.059999999997672,6.747770000000003
-30,-358360.25,-81.71215,5.96999999997206,5.573800000000006
-15,-358359.12,-81.697784,7.099999999976717,5.588166000000001
0,-358358.38,-84.2756,7.839999999967404,3.0103500000000025
15,-358359.12,-81.70506,7.099999999976717,5.580889999999997
30,-358360.25,-81.678825,5.96999999997206,5.607124999999996
45,-358362.16,-80.50058,4.059999999997672,6.78537
60,-358363.38,-82.37596,2.839999999967404,4.909989999999993
75,-358363.66,-84.09276,2.559999999997672,3.1931900000000013
90,-358363.25,-85.05281,2.9699999999720603,2.233140000000006
105,-358362.75,-85.312454,3.4699999999720603,1.9734959999999973
120,-358362.62,-84.20832,3.599999999976717,3.077629999999999
135,-358362.53,-83.308876,3.6899999999441206,3.9770740000000018
150,-358362.34,-82.96732,3.879999999946449,4.318629999999999
165,-358362.12,-82.89283,4.099999999976717,4.393119999999996
180,-358361.75,-82.72359,4.46999999997206,4.562359999999998
-165,-489995.53,-22.33691,0.7699999999604188,1.268460000000001
-150,-489995.94,-22.79455,0.3599999999860301,0.8108199999999997
-135,-489996.16,-23.218513,0.1400000000139698,0.3868569999999991
-120,-489996.3,-23.578411,0,0.02695900000000151
-105,-489996.2,-23.599224,0.0999999999767169,0.006146000000001095
-90,-489995.62,-23.420033,0.6799999999930151,0.18533700000000053
-75,-489996.2,-23.604324,0.0999999999767169,0.0010460000000023228
-60,-489996.3,-23.561522,0,0.04384800000000055
-45,-489996.12,-23.181335,0.179999999993015,0.42403499999999994
-30,-489995.88,-22.753761,0.4199999999837018,0.8516089999999998
-15,-489995.5,-22.318493,0.7999999999883585,1.2868770000000005
0,-489995.03,-22.038399,1.2699999999604188,1.5669710000000023
15,-489995.5,-22.318495,0.7999999999883585,1.286875000000002
30,-489995.88,-22.750084,0.4199999999837018,0.8552859999999995
45,-489996.12,-23.179918,0.179999999993015,0.42545199999999994
60,-489996.3,-23.563812,0,0.04155800000000198
75,-489996.2,-23.604326,0.0999999999767169,0.001044000000000267
90,-489995.62,-23.420033,0.6799999999930151,0.18533700000000053
105,-489996.2,-23.60537,0.0999999999767169,0
120,-489996.3,-23.578138,0,0.027232000000001477
135,-489996.16,-23.21922,0.1400000000139698,0.38615000000000066
150,-489995.94,-22.795338,0.3599999999860301,0.8100319999999996
165,-489995.53,-22.33691,0.7699999999604188,1.268460000000001
180,-489995.03,-22.033186,1.2699999999604188,1.572184
-165,-502093.7,11.389883,0.0800000000162981,0.11943599999999854
-150,-502093.28,11.880239,0.5,0.6097919999999988
-135,-502092.4,12.834427,1.3800000000046566,1.563979999999999
-120,-502091.12,14.1234665,2.6600000000325963,2.8530194999999985
-105,-502089.88,15.352019,3.900000000023283,4.0815719999999995
-90,-502089.38,15.865889,4.400000000023283,4.5954419999999985
-75,-502089.84,15.351339,3.940000000002328,4.080891999999999
-60,-502091.06,14.124594,2.720000000030268,2.8541469999999993
-45,-502092.38,12.84492,1.400000000023283,1.5744729999999993
-30,-502093.28,11.88914,0.5,0.6186929999999986
-15,-502093.7,11.392228,0.0800000000162981,0.12178099999999858
0,-502093.78,11.270447,0,0
15,-502093.7,11.396108,0.0800000000162981,0.12566099999999913
30,-502093.28,11.889142,0.5,0.6186949999999989
45,-502092.38,12.843539,1.400000000023283,1.573091999999999
60,-502091.06,14.128584,2.720000000030268,2.8581369999999993
75,-502089.84,15.351337,3.940000000002328,4.080889999999998
90,-502089.38,15.865889,4.400000000023283,4.5954419999999985
105,-502089.88,15.352019,3.900000000023283,4.0815719999999995
120,-502091.12,14.123468,2.6600000000325963,2.853021
135,-502092.4,12.836844,1.3800000000046566,1.5663969999999985
150,-502093.28,11.880239,0.5,0.6097919999999988
165,-502093.7,11.389846,0.0800000000162981,0.11939899999999959
180,-502093.78,11.271299,0,0.0008520000000000749
-165,-383365.3,26.81925,1.7999999999883585,2.406815999999999
-150,-383366.7,25.31889,0.3999999999650754,0.9064559999999986
-135,-383367.1,24.639463,0,0.22702899999999815
-120,-383366.75,24.413338,0.3499999999767169,0.0009039999999984616
-105,-383366.12,24.497015,0.9799999999813735,0.08458100000000002
-90,-383365.78,24.632618,1.3199999999487773,0.2201839999999997
-75,-383366.16,24.487011,0.9400000000023284,0.0745769999999979
-60,-383366.78,24.419733,0.3199999999487772,0.007298999999999722
-45,-383367.1,24.655241,0,0.2428069999999991
-30,-383366.62,25.371668,0.4799999999813735,0.9592339999999986
-15,-383365.25,26.890402,1.849999999976717,2.4779680000000006
0,-383363.12,29.919552,3.9799999999813735,5.507117999999998
15,-383365.25,26.88627,1.849999999976717,2.4738359999999986
30,-383366.62,25.371668,0.4799999999813735,0.9592339999999986
45,-383367.1,24.655241,0,0.2428069999999991
60,-383366.78,24.426794,0.3199999999487772,0.014359999999999928
75,-383366.16,24.487011,0.9400000000023284,0.0745769999999979
90,-383365.78,24.616764,1.3199999999487773,0.2043299999999988
105,-383366.12,24.504665,0.9799999999813735,0.09223099999999818
120,-383366.75,24.412434,0.3499999999767169,0
135,-383367.1,24.628265,0,0.21583099999999789
150,-383366.7,25.310556,0.3999999999650754,0.8981219999999972
165,-383365.3,26.81925,1.7999999999883585,2.406815999999999
180,-383363.12,30.03459,3.9799999999813735,5.622156
-165,-272486.28,-187.74106,0.6199999999953434,0.051339999999981956
-150,-272484.6,-187.6144,2.300000000046566,0.17799999999999727
-135,-272482.38,-187.39195,4.5200000000186265,0.400449999999978
-120,-272480.3,-186.91158,6.600000000034925,0.8808199999999999
-105,-272478.78,-186.76614,8.119999999995343,1.0262599999999793
-90,-272478.22,-186.67061,8.680000000051223,1.1217899999999759
-75,-272478.94,-186.7092,7.960000000020955,1.0831999999999766
-60,-272480.6,-186.82901,6.300000000046566,0.9633899999999755
-45,-272482.66,-187.32124,4.240000000048894,0.4711599999999976
-30,-272484.75,-187.64049,2.150000000023283,0.15190999999998667
-15,-272486.34,-187.74818,0.5599999999976717,0.04421999999999571
0,-272486.9,-187.7876,0,0.004799999999988813
15,-272486.34,-187.7451,0.5599999999976717,0.04729999999997858
30,-272484.75,-187.64499,2.150000000023283,0.1474099999999794
45,-272482.66,-187.32162,4.240000000048894,0.47077999999999065
60,-272480.6,-186.82205,6.300000000046566,0.9703499999999963
75,-272478.94,-186.70918,7.960000000020955,1.083219999999983
90,-272478.22,-186.67061,8.680000000051223,1.1217899999999759
105,-272478.78,-186.76572,8.119999999995343,1.026679999999999
120,-272480.3,-186.91158,6.600000000034925,0.8808199999999999
135,-272482.38,-187.3982,4.5200000000186265,0.3941999999999837
150,-272484.6,-187.61374,2.300000000046566,0.1786599999999794
165,-272486.28,-187.74104,0.6199999999953434,0.051359999999988304
180,-272486.9,-187.7924,0,0
-165,-358209.3,-82.019356,0.5,0.43568399999999485
-150,-358207.75,-80.7301,2.0499999999883585,1.7249400000000037
-135,-358205.16,-78.64646,4.64000000001397,3.808579999999992
-120,-358201.56,-75.90475,8.239999999990687,6.55028999999999
-105,-358197.28,-72.61173,12.51999999996042,9.843310000000002
-90,-358192.8,-68.97501,17,13.48003
-75,-358188.94,-64.85115,20.85999999998603,17.603889999999993
-60,-358196.53,-67.45953,13.26999999996042,14.995509999999996
-45,-358198.44,-70.184715,11.35999999998603,12.270325
-30,-358199.62,-72.0715,10.179999999993017,10.383539999999996
-15,-358200.2,-73.23028,9.599999999976715,9.224760000000003
0,-358200.28,-73.67589,9.51999999996042,8.779150000000001
15,-358200.2,-73.28959,9.599999999976715,9.165449999999993
30,-358199.25,-72.23437,10.549999999988358,10.220669999999998
45,-358198,-70.55087,11.799999999988358,11.904169999999993
60,-358196.06,-68.30061,13.739999999990689,14.15442999999999
75,-358188.94,-64.846985,20.85999999998603,17.608054999999993
90,-358192.84,-68.91027,16.959999999962747,13.54477
105,-358197.28,-72.61837,12.51999999996042,9.836669999999998
120,-358201.56,-75.90424,8.239999999990687,6.550799999999995
135,-358205.16,-78.67132,4.64000000001397,3.7837200000000024
150,-358207.75,-80.7301,2.0499999999883585,1.7249400000000037
165,-358209.3,-82.01936,0.5,0.43567999999999074
180,-358209.8,-82.45504,0,0
-165,-358805.84,28.651995,0,2.9078449999999982
-150,-358805.56,26.510553,0.2800000000279397,0.7664030000000004
-135,-358804.4,25.763487,1.4400000000023283,0.01933700000000016
-120,-358801.12,27.87543,4.720000000030268,2.1312800000000003
-105,-358801.9,27.94097,3.940000000002328,2.196819999999999
-90,-358802.22,28.286385,3.620000000053551,2.542234999999998
-75,-358802.5,28.02544,3.340000000025612,2.2812899999999985
-60,-358803.2,26.700678,2.64000000001397,0.9565279999999987
-45,-358804.47,25.756926,1.370000000053551,0.012775999999998788
-30,-358805.6,26.494478,0.2400000000488944,0.7503279999999997
-15,-358805.84,28.636675,0,2.892524999999999
0,-358804.9,32.28535,0.9400000000023284,6.5412
15,-358805.84,28.635344,0,2.8911939999999987
30,-358805.6,26.486378,0.2400000000488944,0.7422279999999972
45,-358804.47,25.756924,1.370000000053551,0.012774000000000285
60,-358800.9,28.125292,4.940000000002328,2.3811420000000005
75,-358801.8,27.939663,4.040000000037253,2.1955129999999983
90,-358802.22,28.28645,3.620000000053551,2.5422999999999973
105,-358801.9,27.940973,3.940000000002328,2.1968229999999984
120,-358801.12,27.89725,4.720000000030268,2.1530999999999985
135,-358804.4,25.74415,1.4400000000023283,0
150,-358805.56,26.513577,0.2800000000279397,0.7694270000000003
165,-358805.84,28.651289,0,2.9071389999999973
180,-358804.78,32.431686,1.0599999999976717,6.687535999999998
-165,-409654.16,14.429225,2.2400000000488944,4.265460000000001
-150,-409656.03,11.532734,0.3699999999953434,1.3689689999999999
-135,-409656.4,10.402747,0,0.23898200000000003
-120,-409656.4,10.163765,0,0
-105,-409656.3,10.729371,0.1000000000349246,0.5656060000000007
-90,-409655.56,12.268879,0.8400000000256114,2.1051140000000004
-75,-409654.44,16.63883,1.9600000000209548,6.475064999999999
-60,-409652,16.578224,4.400000000023283,6.414458999999999
-45,-409650.16,18.80108,6.240000000048894,8.637315
-30,-409646.75,21.555223,9.650000000023285,11.391458000000002
-15,-409644.53,25.527855,11.869999999995343,15.36409
0,-409644.47,23.888199,11.930000000051225,13.724434
15,-409646.16,24.143478,10.240000000048894,13.979713000000002
30,-409649.12,22.277714,7.28000000002794,12.113949
45,-409651.22,20.404966,5.180000000051223,10.241201000000002
60,-409651.7,18.878908,4.7000000000116415,8.715143
75,-409651.38,18.280611,5.0200000000186265,8.116846
90,-409651.03,18.155212,5.369999999995343,7.991446999999999
105,-409649,19.71131,7.400000000023283,9.547545000000001
120,-409645.94,22.249216,10.460000000020957,12.085451
135,-409646.72,21.686972,9.680000000051225,11.523207000000001
150,-409648.22,20.753014,8.180000000051223,10.589249
165,-409649.6,19.408066,6.800000000046566,9.244301000000002
180,-409651.56,20.208405,4.840000000025611,10.04464
-165,-434217.47,-1.8550545,3.370000000053551,8.7702135
-150,-434220.1,-7.027912,0.7400000000488944,3.5973560000000004
-135,-434220.84,-9.940735,0,0.6845330000000001
-120,-434220.5,-10.034753,0.3400000000256113,0.5905149999999999
-105,-434220.28,-8.625051,0.5599999999976717,2.000217000000001
-90,-434220.75,-9.546086,0.0900000000256113,1.0791819999999994
-75,-434220.8,-10.059065,0.0400000000372529,0.5662029999999998
-60,-434220.06,-9.749165,0.7800000000279397,0.8761030000000005
-45,-434218.47,-7.35513,2.370000000053551,3.270138
-30,-434216.2,-2.2744606,4.64000000001397,8.3508074
-15,-434213.2,4.2145295,7.64000000001397,14.8397975
0,-434212.94,5.8059144,7.900000000023283,16.4311824
15,-434216.8,-1.2269537,4.040000000037253,9.398314300000001
30,-434219.1,-6.396259,1.7400000000488944,4.2290090000000005
45,-434219.94,-9.875939,0.9000000000232831,0.7493289999999995
60,-434219.84,-10.395442,1,0.22982600000000097
75,-434219.8,-10.625268,1.040000000037253,0
90,-434219.84,-10.337065,1,0.2882029999999993
105,-434219.94,-10.264649,0.9000000000232831,0.3606189999999998
120,-434219.7,-9.875223,1.1400000000139698,0.7500450000000001
135,-434218.62,-7.8062425,2.220000000030268,2.8190255000000004
150,-434216.62,-2.4655538,4.220000000030268,8.1597142
165,-434213.9,4.431794,6.940000000002328,15.057062
180,-434213.4,5.7661905,7.440000000002328,16.3914585
-165,-469972.22,25.406519,2.6800000000512227,0.9786490000000008
-150,-469973.47,24.979229,1.4300000000512227,0.5513590000000015
-135,-469974.53,24.588562,0.3699999999953434,0.16069200000000095
-120,-469974.9,24.427874,0,4.000000000559112e-06
-105,-469974.6,24.569065,0.3000000000465661,0.14119499999999974
-90,-469973.6,24.912947,1.300000000046566,0.4850770000000004
-75,-469972.34,25.331556,2.559999999997672,0.9036860000000004
-60,-469971.56,25.50103,3.340000000025612,1.0731600000000014
-45,-469972.12,25.347467,2.78000000002794,0.9195970000000031
-30,-469973.44,24.924696,1.4600000000209548,0.4968260000000022
-15,-469974.53,24.571619,0.3699999999953434,0.14374899999999968
0,-469974.9,24.432709,0,0.004839000000000482
15,-469974.53,24.571623,0.3699999999953434,0.14375300000000024
30,-469973.44,24.934315,1.4600000000209548,0.5064450000000029
45,-469972.12,25.347467,2.78000000002794,0.9195970000000031
60,-469971.56,25.501034,3.340000000025612,1.073164000000002
75,-469972.34,25.331554,2.559999999997672,0.9036840000000019
90,-469973.6,24.920359,1.300000000046566,0.4924890000000026
105,-469974.6,24.569073,0.3000000000465661,0.14120300000000086
120,-469974.9,24.42787,0,0
135,-469974.53,24.58857,0.3699999999953434,0.16070000000000206
150,-469973.47,24.985882,1.4300000000512227,0.5580120000000015
165,-469972.22,25.406525,2.6800000000512227,0.9786549999999998
180,-469971.56,25.505413,3.340000000025612,1.0775430000000021
-165,-462460.88,18.119465,2.279999999969732,1.748942000000003
-150,-462462,17.309725,1.1599999999743886,0.9392020000000016
-135,-462462.8,16.649199,0.3599999999860301,0.2786760000000008
-120,-462463.12,16.385511,0.0399999999790452,0.014988000000002444
-105,-462463.12,16.398088,0.0399999999790452,0.027565000000002726
-90,-462463.12,16.433254,0.0399999999790452,0.06273100000000298
-75,-462463.16,16.385262,0,0.014739000000002278
-60,-462463.06,16.370523,0.0999999999767169,0
-45,-462462.56,16.68045,0.5999999999767169,0.30992700000000184
-30,-462461.7,17.37417,1.459999999962747,1.0036470000000008
-15,-462460.7,18.137463,2.459999999962747,1.7669400000000017
0,-462460.06,18.504135,3.099999999976717,2.133612000000003
15,-462460.7,18.133512,2.459999999962747,1.762989000000001
30,-462461.7,17.367416,1.459999999962747,0.996893
45,-462462.56,16.682459,0.5999999999767169,0.3119360000000029
60,-462463.06,16.371395,0.0999999999767169,0.0008720000000010941
75,-462463.16,16.386024,0,0.015501000000000431
90,-462463.12,16.433258,0.0399999999790452,0.06273499999999999
105,-462463.12,16.396875,0.0399999999790452,0.026352000000002818
120,-462463.12,16.385195,0.0399999999790452,0.014672000000000907
135,-462462.8,16.651073,0.3599999999860301,0.28055000000000163
150,-462462,17.309809,1.1599999999743886,0.9392860000000027
165,-462460.88,18.118063,2.279999999969732,1.7475400000000008
180,-462460.06,18.500805,3.099999999976717,2.130282000000001
-165,-423605.5,-147.83536,0.1599999999743886,3.624139999999983
-150,-423605.66,-148.93617,0,2.523329999999987
-135,-423605.34,-149.96957,0.3199999999487772,1.4899299999999869
-120,-423604.47,-150.68375,1.1900000000023283,0.775749999999988
-105,-423603.4,-151.11946,2.2599999999511056,0.3400399999999877
-90,-423602.8,-151.45316,2.85999999998603,0.006339999999994461
-75,-423603.38,-151.20107,2.279999999969732,0.25843000000000416
-60,-423604.44,-150.7229,1.2199999999720603,0.7365999999999815
-45,-423605.34,-149.97025,0.3199999999487772,1.4892499999999984
-30,-423605.66,-148.95108,0,2.508420000000001
-15,-423605.5,-147.8682,0.1599999999743886,3.5912999999999897
0,-423605.28,-147.30515,0.3799999999464489,4.154349999999994
15,-423605.5,-147.8682,0.1599999999743886,3.5912999999999897
30,-423605.66,-148.95108,0,2.508420000000001
45,-423605.34,-149.97025,0.3199999999487772,1.4892499999999984
60,-423604.44,-150.7229,1.2199999999720603,0.7365999999999815
75,-423603.38,-151.20625,2.279999999969732,0.25324999999998
90,-423602.8,-151.4595,2.85999999998603,0
105,-423603.4,-151.11008,2.2599999999511056,0.34941999999998075
120,-423604.47,-150.68375,1.1900000000023283,0.775749999999988
135,-423605.34,-149.96957,0.3199999999487772,1.4899299999999869
150,-423605.66,-148.93617,0,2.523329999999987
165,-423605.5,-147.83536,0.1599999999743886,3.624139999999983
180,-423605.28,-147.3,0.3799999999464489,4.15949999999998
-165,-355821.56,-234.5765,6.409999999974389,6.582629999999995
-150,-355821.28,-234.85115,6.689999999944121,6.307980000000015
-135,-355820.53,-236.32706,7.439999999944121,4.832070000000016
-120,-355823.88,-237.93132,4.089999999967404,3.227810000000005
-105,-355826.56,-240.41936,1.4099999999743886,0.7397699999999929
-90,-355827.97,-241.15913,0,0
-75,-355821.47,-235.32814,6.5,5.830990000000014
-60,-355827.5,-239.60428,0.4699999999720603,1.554850000000016
-45,-355822.66,-234.4863,5.309999999997672,6.672830000000005
-30,-355821.06,-234.10355,6.909999999974389,7.055579999999992
-15,-355819.75,-232.73505,8.21999999997206,8.424080000000004
0,-355818.84,-231.33331,9.129999999946447,9.825819999999993
15,-355819.75,-232.56465,8.21999999997206,8.594480000000004
30,-355821.06,-234.10165,6.909999999974389,7.057479999999998
45,-355822.66,-234.47177,5.309999999997672,6.687360000000012
60,-355827.5,-239.66302,0.4699999999720603,1.4961100000000158
75,-355821.5,-235.40936,6.46999999997206,5.749770000000012
90,-355827.97,-241.10837,0,0.05075999999999681
105,-355826.56,-240.31595,1.4099999999743886,0.843180000000018
120,-355823.84,-238.02455,4.129999999946449,3.1345799999999997
135,-355820.53,-236.26216,7.439999999944121,4.89697000000001
150,-355821.28,-234.84593,6.689999999944121,6.313199999999995
165,-355821.56,-234.51634,6.409999999974389,6.642789999999991
180,-355821.44,-234.26335,6.529999999969732,6.895780000000002
-165,-498312.12,34.868233,0.4799999999813735,1.5508159999999975
-150,-498310.8,39.519016,1.7999999999883585,6.201599000000002
-135,-498308.94,46.693596,3.6599999999743886,13.376179
-120,-498306.88,55.27332,5.71999999997206,21.955903
-105,-498305.03,63.794872,7.569999999948777,30.477455
-90,-498303.84,69.22162,8.759999999951106,35.904203
-75,-498303.66,68.203804,8.940000000002328,34.886387000000006
-60,-498304.16,62.55831,8.440000000002328,29.240893
-45,-498304.75,56.041267,7.849999999976717,22.72385
-30,-498305,50.303757,7.599999999976717,16.98634
-15,-498304.94,46.180435,7.659999999974389,12.863018000000004
0,-498304.84,44.59629,7.759999999951106,11.278873000000004
15,-498304.94,46.180435,7.659999999974389,12.863018000000004
30,-498305,50.303757,7.599999999976717,16.98634
45,-498304.75,56.04115,7.849999999976717,22.723733000000003
60,-498304.16,62.55831,8.440000000002328,29.240893
75,-498303.66,68.203804,8.940000000002328,34.886387000000006
90,-498303.84,69.21867,8.759999999951106,35.901253000000004
105,-498305.03,63.793297,7.569999999948777,30.475880000000004
120,-498306.88,55.269764,5.71999999997206,21.952347000000003
135,-498308.94,46.69359,3.6599999999743886,13.376173000000001
150,-498310.8,39.519016,1.7999999999883585,6.201599000000002
165,-498312.12,34.868233,0.4799999999813735,1.5508159999999975
180,-498312.6,33.317417,0,0
-165,-480795.16,-7.9870315,4.14000000001397,2.183804000000001
-150,-480795.16,-7.826853,4.14000000001397,2.343982500000001
-135,-480795.12,-7.4767084,4.179999999993015,2.694127100000001
-120,-480795,-7.3406944,4.299999999988359,2.8301411000000005
-105,-480794.8,-7.3007755,4.5,2.8700600000000005
-90,-480794.56,-7.2051105,4.739999999990687,2.965725000000001
-75,-480794.28,-6.828985,5.019999999960419,3.3418505000000005
-60,-480793.84,-5.88941,5.459999999962747,4.281425500000001
-45,-480793.34,-4.206949,5.959999999962747,5.963886500000001
-30,-480793.34,-2.9420865,5.959999999962747,7.2287490000000005
-15,-480793.25,-2.0196948,6.049999999988359,8.151140700000001
0,-480797.97,-6.90549,1.330000000016298,3.2653455000000005
15,-480798.88,-8.287433,0.4199999999837018,1.8834025000000008
30,-480799.3,-9.393364,0,0.7774715000000008
45,-480799.3,-10.1708355,0,0
60,-480798.62,-10.092435,0.6799999999930151,0.07840050000000076
75,-480797.16,-8.97258,2.14000000001397,1.1982555000000001
90,-480794.56,-7.2092166,4.739999999990687,2.9616189000000004
105,-480794.8,-7.30486,4.5,2.865975500000001
120,-480795,-7.3361573,4.299999999988359,2.834678200000001
135,-480795.12,-7.4723687,4.179999999993015,2.698466800000001
150,-480795.16,-7.826853,4.14000000001397,2.343982500000001
165,-480795.16,-7.9870095,4.14000000001397,2.1838260000000007
180,-480795.22,-7.839194,4.080000000016298,2.331641500000001
-165,-407284.97,-63.65223,0.3300000000162981,0.18112499999999443
-150,-407283.9,-62.95836,1.3999999999650754,0.8749949999999984
-135,-407282.12,-61.556973,3.179999999993015,2.276381999999998
-120,-407279.94,-59.689644,5.35999999998603,4.143710999999996
-105,-407278,-57.98351,7.2999999999883585,5.849844999999995
-90,-407277.16,-57.27761,8.14000000001397,6.555744999999995
-75,-407277.97,-57.994633,7.330000000016298,5.838721999999997
-60,-407279.94,-59.685486,5.35999999998603,4.147869
-45,-407282.12,-61.54049,3.179999999993015,2.292864999999999
-30,-407283.9,-62.928913,1.3999999999650754,0.904441999999996
-15,-407284.97,-63.65011,0.3300000000162981,0.18324499999999944
0,-407285.3,-63.82523,0,0.008124999999999716
15,-407284.97,-63.65011,0.3300000000162981,0.18324499999999944
30,-407283.9,-62.93954,1.3999999999650754,0.8938149999999965
45,-407282.12,-61.536434,3.179999999993015,2.2969209999999975
60,-407279.94,-59.683582,5.35999999998603,4.149772999999996
75,-407277.97,-57.99317,7.330000000016298,5.840184999999998
90,-407277.16,-57.27869,8.14000000001397,6.554665
105,-407278,-57.98126,7.2999999999883585,5.8520949999999985
120,-407279.94,-59.68075,5.35999999998603,4.152604999999994
135,-407282.12,-61.556973,3.179999999993015,2.276381999999998
150,-407283.9,-62.958366,1.3999999999650754,0.8749889999999994
165,-407284.97,-63.6561,0.3300000000162981,0.17725499999999528
180,-407285.3,-63.833355,0,0
-165,-549285.56,2.2240252,0.0399999999208375,3.3206321
-150,-549285.44,0.32319498,0.1600000000325963,1.41980188
-135,-549285.5,-0.9080292,0.0999999999767169,0.18857770000000007
-120,-549285.4,-1.096605,0.1999999999534338,1.8999999999991246e-06
-105,-549285.25,-1.0371453,0.3499999999767169,0.059461600000000114
-90,-549285.3,-0.9539927,0.2999999999301508,0.14261420000000002
-75,-549285.3,-1.0587658,0.2999999999301508,0.03784110000000007
-60,-549285.44,-1.0913289,0.1600000000325963,0.005278000000000116
-45,-549285.5,-0.7049744,0.0999999999767169,0.39163250000000005
-30,-549285.5,0.8253699,0.0999999999767169,1.9219768
-15,-549285.56,2.4373205,0.0399999999208375,3.5339273999999996
0,-549285.6,3.4042058,0,4.5008127
15,-549285.56,2.5140207,0.0399999999208375,3.6106276
30,-549285.5,0.8266709,0.0999999999767169,1.9232778000000001
45,-549285.5,-0.7049744,0.0999999999767169,0.39163250000000005
60,-549285.44,-1.0800335,0.1600000000325963,0.01657339999999996
75,-549285.3,-1.058744,0.2999999999301508,0.037862900000000144
90,-549285.3,-0.9539927,0.2999999999301508,0.14261420000000002
105,-549285.25,-1.0392103,0.3499999999767169,0.05739660000000013
120,-549285.4,-1.0966069,0.1999999999534338,0
135,-549285.5,-0.9080283,0.0999999999767169,0.18857860000000004
150,-549285.44,0.32337642,0.1600000000325963,1.41998332
165,-549285.56,2.2246606,0.0399999999208375,3.3212675000000003
180,-549285.6,3.4116719,0,4.5082788
-165,-335537.5,-50.835796,0.8800000000046566,3.7979699999999994
-150,-335538.3,-53.52123,0.0800000000162981,1.1125359999999986
-135,-335538.28,-54.60621,0.0999999999767169,0.027556000000004133
-120,-335537.47,-54.266903,0.9100000000325964,0.36686300000000216
-105,-335536.56,-53.34238,1.820000000006985,1.2913860000000028
-90,-335536.16,-52.88645,2.220000000030268,1.7473159999999979
-75,-335536.53,-53.32088,1.849999999976717,1.3128859999999989
-60,-335537.38,-54.203957,1,0.4298089999999988
-45,-335538.2,-54.63292,0.179999999993015,0.000846000000002789
-30,-335538.38,-53.802727,0,0.8310390000000041
-15,-335537.6,-51.2583,0.7800000000279397,3.375466000000003
0,-335536.88,-48.628517,1.5,6.005248999999999
15,-335537.6,-51.258488,0.7800000000279397,3.3752780000000016
30,-335538.38,-53.802727,0,0.8310390000000041
45,-335538.2,-54.633766,0.179999999993015,0
60,-335537.38,-54.20113,1,0.43263600000000224
75,-335536.53,-53.323895,1.849999999976717,1.3098710000000011
90,-335536.16,-52.88645,2.220000000030268,1.7473159999999979
105,-335536.56,-53.345108,1.820000000006985,1.288657999999998
120,-335537.47,-54.26538,0.9100000000325964,0.368386000000001
135,-335538.28,-54.60621,0.0999999999767169,0.027556000000004133
150,-335538.3,-53.521122,0.0800000000162981,1.112644000000003
165,-335537.5,-50.81946,0.8800000000046566,3.814306000000002
180,-335536.88,-48.628036,1.5,6.00573
-165,-446040.44,-14.376184,0.9400000000023284,3.085146
-150,-446040.56,-15.05516,0.8200000000069849,2.4061699999999995
-135,-446040.7,-15.971244,0.6799999999930151,1.4900859999999998
-120,-446041.12,-16.889431,0.2600000000093132,0.5718990000000019
-105,-446041.38,-17.435703,0,0.025627000000000066
-90,-446041.12,-17.46133,0.2600000000093132,0
-75,-446040.6,-16.138336,0.7800000000279397,1.3229940000000013
-60,-446040.22,-13.401234,1.1600000000325963,4.060096
-45,-446039.44,-12.13861,1.9400000000023283,5.32272
-30,-446038.12,-10.596343,3.260000000009313,6.864987000000001
-15,-446036.97,-9.448016,4.410000000032596,8.013314
0,-446036.4,-8.903529,4.9799999999813735,8.557801
15,-446036.97,-9.443146,4.410000000032596,8.018184
30,-446037.34,-12.870298,4.039999999979045,4.591032
45,-446039.44,-12.1403055,1.9400000000023283,5.3210245
60,-446040.22,-13.401956,1.1600000000325963,4.059374
75,-446040.6,-16.138342,0.7800000000279397,1.3229879999999987
90,-446041.12,-17.46133,0.2600000000093132,0
105,-446041.38,-17.437525,0,0.02380499999999941
120,-446041.12,-16.895409,0.2600000000093132,0.5659209999999995
135,-446040.72,-15.958939,0.6600000000325963,1.5023909999999994
150,-446040.56,-15.055158,0.8200000000069849,2.4061719999999998
165,-446040.44,-14.372504,0.9400000000023284,3.088826000000001
180,-446040,-13.772093,1.3800000000046566,3.6892370000000003
-165,-383929.75,0.11647484,3.450000000011641,2.94462484
-150,-383930.38,-0.46005964,2.820000000006985,2.36809036
-135,-383931.03,-1.1876031,2.169999999983702,1.6405469
-120,-383931.66,-1.816498,1.540000000037253,1.011652
-105,-383932.28,-2.1161594,0.919999999983702,0.7119906
-90,-383932.7,-2.5917716,0.5,0.2363784
-75,-383933.2,-2.5727167,0,0.2554333
-60,-383933.06,-2.4360983,0.1400000000139698,0.3920517000000001
-45,-383932.44,-2.3085692,0.7600000000093132,0.5195808
-30,-383931.62,-2.6970398,1.580000000016298,0.13111019999999973
-15,-383931.2,-2.8273845,2,0.0007654999999999745
0,-383931,-2.678885,2.200000000011641,0.14926499999999976
15,-383931.2,-2.82815,2,0
30,-383931.62,-2.7654593,1.580000000016298,0.0626907000000001
45,-383932.44,-2.3141422,0.7600000000093132,0.5140077999999999
60,-383933.06,-2.4408207,0.1400000000139698,0.38732929999999977
75,-383933.2,-2.5758517,0,0.2522983000000001
90,-383932.7,-2.5897799,0.5,0.23837010000000003
105,-383932.28,-2.0928447,0.919999999983702,0.7353052999999998
120,-383931.62,-1.8291548,1.580000000016298,0.9989952
135,-383931.03,-1.1845001,2.169999999983702,1.6436499
150,-383930.38,-0.45787472,2.820000000006985,2.37027528
165,-383929.75,0.14512846,3.450000000011641,2.97327846
180,-383929.4,0.4204585,3.7999999999883594,3.2486085
-165,-863720.9,25.797176,8.039999999920838,10.194252
-150,-863724.75,20.997217,4.189999999944121,5.394292999999999
-135,-863727.3,18.011372,1.6399999998975543,2.4084480000000017
-120,-863728.56,16.416956,0.3799999998882413,0.8140319999999992
-105,-863728.9,15.755724,0.0399999999208375,0.15280000000000094
-90,-863728.94,15.602924,0,0
-75,-863728.9,15.7699175,0.0399999999208375,0.16699350000000024
-60,-863728.56,16.464922,0.3799999998882413,0.8619980000000016
-45,-863727.4,18.053581,1.5399999999208376,2.4506570000000014
-30,-863724.94,20.84631,4,5.243385999999999
-15,-863721.25,24.872936,7.689999999944121,9.270012
0,-863716.9,30.806849,12.039999999920838,15.203925
15,-863721.25,24.949064,7.689999999944121,9.34614
30,-863724.94,20.842491,4,5.239566999999999
45,-863727.4,18.053537,1.5399999999208376,2.450612999999999
60,-863728.56,16.460283,0.3799999998882413,0.8573590000000006
75,-863728.9,15.765363,0.0399999999208375,0.1624390000000009
90,-863728.94,15.603202,0,0.0002779999999997784
105,-863728.9,15.766006,0.0399999999208375,0.16308200000000106
120,-863728.56,16.411627,0.3799999998882413,0.8087029999999995
135,-863727.3,18.003752,1.6399999998975543,2.400827999999999
150,-863724.75,20.99433,4.189999999944121,5.391406000000002
165,-863720.75,25.737206,8.18999999994412,10.134282
180,-863716.56,32.88778,12.37999999988824,17.284855999999998
-165,-499209.06,-34.794987,0.8200000000069849,0
-150,-499208.4,-33.489365,1.4799999999813735,1.3056219999999996
-135,-499207.06,-26.497509,2.820000000006985,8.297477999999998
-120,-499204.2,-22.092777,5.679999999993015,12.702209999999997
-105,-499202.3,-17.620367,7.580000000016298,17.174619999999997
-90,-499203.56,-23.01871,6.320000000006985,11.776277
-75,-499204.84,-25.493357,5.039999999979045,9.30163
-60,-499206.34,-28.006195,3.539999999979045,6.788791999999997
-45,-499207.7,-30.649464,2.179999999993015,4.145523000000001
-30,-499208.4,-32.61194,1.4799999999813735,2.183047000000002
-15,-499209.88,-29.890495,0,4.904491999999998
0,-499207.97,-32.27955,1.9100000000325963,2.5154369999999986
15,-499209.88,-29.828688,0,4.966298999999999
30,-499208.44,-32.56004,1.4400000000023283,2.2349469999999982
45,-499207.66,-30.657522,2.220000000030268,4.137464999999999
60,-499206.3,-28.177103,3.580000000016298,6.617884
75,-499204.84,-25.506636,5.039999999979045,9.288350999999999
90,-499203.56,-23.018652,6.320000000006985,11.776335
105,-499202.3,-17.589529,7.580000000016298,17.205458
120,-499204.06,-22.45531,5.820000000006985,12.339676999999998
135,-499207.06,-26.494095,2.820000000006985,8.300891999999997
150,-499208.4,-33.431446,1.4799999999813735,1.363540999999998
165,-499209.06,-34.763927,0.8200000000069849,0.031059999999996535
180,-499209.8,-33.38191,0.0800000000162981,1.4130770000000012
-165,-298536.1,-177.715,0,4.123969999999986
-150,-298535.94,-177.43065,0.1599999999743886,4.408319999999975
-135,-298535.6,-177.05287,0.5,4.786099999999976
-120,-298535.2,-177.24117,0.8999999999650754,4.597799999999978
-105,-298535.03,-178.32596,1.0699999999487773,3.51300999999998
-90,-298535.44,-179.91998,0.6599999999743886,1.9189899999999795
-75,-298535.94,-181.24376,0.1599999999743886,0.5952099999999803
-60,-298535.84,-181.83897,0.2599999999511055,0
-45,-298535.03,-181.32533,1.0699999999487773,0.513639999999981
-30,-298533.94,-180.08069,2.1599999999743886,1.758279999999985
-15,-298533,-178.7312,3.099999999976717,3.107769999999988
0,-298532.4,-177.92303,3.699999999953434,3.9159399999999778
15,-298532.4,-177.98506,3.699999999953434,3.853909999999985
30,-298532.94,-178.79079,3.1599999999743886,3.048180000000002
45,-298533.97,-179.99542,2.1300000000046566,1.8435499999999934
60,-298535.1,-180.7936,1,1.0453699999999913
75,-298535.72,-180.62704,0.3800000000046566,1.2119299999999953
90,-298535.72,-179.56696,0.3800000000046566,2.2720099999999945
105,-298535.4,-178.31837,0.6999999999534339,3.5206000000000017
120,-298535.1,-177.20526,1,4.633709999999979
135,-298534.94,-176.84007,1.1599999999743886,4.998899999999992
150,-298535.16,-177.06822,0.9400000000023284,4.7707499999999925
165,-298535.6,-177.46527,0.5,4.373699999999985
180,-298535.97,-177.6772,0.1300000000046566,4.16176999999999
-165,-418838.3,12.374509,1.1400000000139698,4.8769795
-150,-418839.4,9.248103,0.0399999999790452,1.7505735000000007
-135,-418839.44,7.888684,0,0.39115449999999985
-120,-418838.7,7.797871,0.7399999999906868,0.30034150000000004
-105,-418837.8,8.136227,1.6400000000139698,0.6386975000000001
-90,-418837.34,7.4975295,2.099999999976717,0
-75,-418837.8,8.158566,1.6400000000139698,0.6610365000000007
-60,-418838.66,7.803965,0.7800000000279397,0.3064355000000001
-45,-418839.4,7.8644567,0.0399999999790452,0.3669272000000001
-30,-418839.44,9.188351,0,1.690821500000001
-15,-418838.3,12.272567,1.1400000000139698,4.775037500000001
0,-418836.28,16.807652,3.1599999999743886,9.310122500000002
15,-418838.3,12.278457,1.1400000000139698,4.7809275
30,-418839.44,9.18935,0,1.6918204999999995
45,-418839.4,7.860074,0.0399999999790452,0.36254450000000027
60,-418838.66,7.801878,0.7800000000279397,0.3043485000000006
75,-418837.8,8.164271,1.6400000000139698,0.6667414999999997
90,-418837.34,7.4975305,2.099999999976717,1.000000000139778e-06
105,-418837.8,8.156542,1.6400000000139698,0.6590125000000002
120,-418838.7,7.799452,0.7399999999906868,0.30192249999999987
135,-418839.44,7.8863034,0,0.38877390000000034
150,-418839.4,9.248107,0.0399999999790452,1.7505774999999995
165,-418838.3,12.366469,1.1400000000139698,4.868939500000001
180,-418836.34,16.808895,3.099999999976717,9.3113655
-165,-383474.1,14.653465,1.5200000000186265,1.537878000000001
-150,-383474.28,14.170705,1.3399999999674037,1.0551180000000002
-135,-383474.88,14.088324,0.7399999999906868,0.9727370000000004
-120,-383475.25,13.115587,0.3699999999953434,0
-105,-383475.62,13.39786,0,0.282273
-90,-383475.3,13.84243,0.3200000000069849,0.7268430000000006
-75,-383474.56,14.543534,1.0599999999976717,1.4279469999999996
-60,-383473.56,15.630734,2.059999999997672,2.5151470000000007
-45,-383472.66,16.255476,2.9600000000209548,3.139889000000002
-30,-383472.6,16.569216,3.0200000000186265,3.453629000000001
-15,-383473.16,15.977126,2.4600000000209548,2.8615390000000005
0,-383473.78,15.247073,1.839999999967404,2.1314860000000007
15,-383474.1,14.673126,1.5200000000186265,1.5575390000000002
30,-383474.25,14.206807,1.3699999999953434,1.0912199999999999
45,-383474.84,14.15406,0.779999999969732,1.0384729999999998
60,-383475.25,13.131491,0.3699999999953434,0.015904000000000806
75,-383475.62,13.423598,0,0.3080110000000005
90,-383475.22,13.887632,0.400000000023283,0.7720450000000003
105,-383474.47,14.563197,1.150000000023283,1.447610000000001
120,-383473.6,15.521998,2.0200000000186265,2.4064110000000003
135,-383472.72,16.89177,2.900000000023283,3.7761830000000014
150,-383472.56,16.606476,3.059999999997672,3.490889000000001
165,-383473.06,16.065908,2.559999999997672,2.9503210000000006
180,-383473.72,15.272436,1.900000000023283,2.156849000000001
-165,-510743.7,31.216385,0.3599999999860301,1.7524990000000003
-150,-510742.62,36.15671,1.4400000000023283,6.692823999999998
-135,-510741.2,43.511406,2.85999999998603,14.047520000000002
-120,-510739.66,51.701073,4.400000000023283,22.237187000000002
-105,-510738.44,59.139824,5.619999999995343,29.675938
-90,-510737.97,62.419147,6.090000000025611,32.95526100000001
-75,-510738.28,59.569378,5.779999999969732,30.105492
-60,-510739.03,53.020226,5.029999999969732,23.556340000000002
-45,-510739.78,45.49562,4.279999999969732,16.031734000000004
-30,-510740.22,38.548916,3.8400000000256114,9.08503
-15,-510740.44,33.930492,3.619999999995344,4.466606000000002
0,-510740.47,32.19069,3.590000000025612,2.726803999999998
15,-510740.44,33.930492,3.619999999995344,4.466606000000002
30,-510740.22,38.548916,3.8400000000256114,9.08503
45,-510739.78,45.487232,4.279999999969732,16.023346
60,-510739.03,53.02763,5.029999999969732,23.563744000000003
75,-510738.28,59.57414,5.779999999969732,30.110254
90,-510737.97,62.419147,6.090000000025611,32.95526100000001
105,-510738.44,59.137608,5.619999999995343,29.673722
120,-510739.66,51.70358,4.400000000023283,22.239694000000004
135,-510741.2,43.559464,2.85999999998603,14.095578
150,-510742.62,36.156403,1.4400000000023283,6.692516999999999
165,-510743.7,31.216385,0.3599999999860301,1.7524990000000003
180,-510744.06,29.463886,0,0
-165,-492023.78,12.740173,0.2199999999720603,0.09930899999999987
-150,-492024,12.640864,0,0
-135,-492023.72,13.06542,0.2800000000279397,0.42455599999999905
-120,-492022.94,13.946243,1.0599999999976717,1.3053790000000003
-105,-492022.06,14.928539,1.9400000000023283,2.287675
-90,-492021.7,15.488323,2.2999999999883585,2.847458999999999
-75,-492022.03,15.031657,1.9699999999720603,2.3907929999999986
-60,-492022.9,14.040516,1.099999999976717,1.3996519999999997
-45,-492023.7,13.077623,0.2999999999883584,0.43675900000000034
-30,-492024,12.646681,0,0.005816999999998629
-15,-492023.78,12.758462,0.2199999999720603,0.1175979999999992
0,-492023.56,12.868896,0.4400000000023283,0.2280319999999989
15,-492023.78,12.758462,0.2199999999720603,0.1175979999999992
30,-492024,12.646683,0,0.005818999999998908
45,-492023.7,13.078424,0.2999999999883584,0.4375599999999995
60,-492022.9,14.046797,1.099999999976717,1.4059329999999992
75,-492022.03,15.031655,1.9699999999720603,2.390791
90,-492021.7,15.488323,2.2999999999883585,2.847458999999999
105,-492022.06,14.928541,1.9400000000023283,2.2876769999999986
120,-492022.94,13.946244,1.0599999999976717,1.3053799999999995
135,-492023.72,13.06542,0.2800000000279397,0.42455599999999905
150,-492024,12.640864,0,0
165,-492023.78,12.740174,0.2199999999720603,0.09930999999999912
180,-492023.56,12.868745,0.4400000000023283,0.227881
-165,-418108.16,36.619057,0.1400000000139698,0.13376299999999475
-150,-418107.53,37.191612,0.7699999999604188,0.706317999999996
-135,-418106.16,38.079956,2.14000000001397,1.5946619999999996
-120,-418104.12,39.651005,4.179999999993015,3.1657109999999946
-105,-418102.03,41.691612,6.269999999960419,5.206317999999996
-90,-418100.56,43.34646,7.739999999990687,6.861165999999997
-75,-418100.22,44.131187,8.080000000016298,7.645892999999994
-60,-418100.53,44.55607,7.769999999960419,8.070775999999995
-45,-418100.72,45.11837,7.580000000016298,8.633075999999996
-30,-418100.25,46.25456,8.049999999988358,9.769265999999995
-15,-418098.97,48.150265,9.330000000016298,11.664970999999994
0,-418097.66,50.386524,10.64000000001397,13.901229999999998
15,-418098.97,48.1486,9.330000000016298,11.663305999999999
30,-418100.25,46.24624,8.049999999988358,9.760945999999997
45,-418100.72,45.118366,7.580000000016298,8.633071999999999
60,-418100.53,44.54831,7.769999999960419,8.063015999999998
75,-418100.22,44.13116,8.080000000016298,7.645865999999998
90,-418100.56,43.345387,7.739999999990687,6.860092999999999
105,-418102.03,41.70019,6.269999999960419,5.214895999999996
120,-418104.2,39.752052,4.099999999976717,3.266757999999996
135,-418106.16,38.029766,2.14000000001397,1.544471999999999
150,-418107.53,37.010464,0.7699999999604188,0.5251699999999957
165,-418108.16,36.61445,0.1400000000139698,0.12915599999999472
180,-418108.3,36.485294,0,0
-165,-467697.34,15.924166,0.7199999999720603,1.7834909999999997
-150,-467696.88,15.524881,1.179999999993015,1.3842060000000007
-135,-467696,15.567291,2.059999999997672,1.426616000000001
-120,-467694.9,16.052526,3.1599999999743886,1.9118510000000004
-105,-467694.06,16.61962,4,2.4789450000000013
-90,-467693.97,16.651669,4.090000000025611,2.5109939999999984
-75,-467694.78,15.889735,3.279999999969732,1.74906
-60,-467696.03,14.810124,2.029999999969732,0.6694490000000002
-45,-467697.1,14.140677,0.9600000000209548,2.000000000279556e-06
-30,-467697.72,14.166192,0.3400000000256113,0.025517000000000678
-15,-467698,14.598797,0.0599999999976716,0.4581219999999995
0,-467698.06,14.857055,0,0.7163800000000009
15,-467698,14.598797,0.0599999999976716,0.4581219999999995
30,-467697.72,14.165846,0.3400000000256113,0.025171000000000276
45,-467697.1,14.140675,0.9600000000209548,0
60,-467696.03,14.810132,2.029999999969732,0.6694569999999995
75,-467694.78,15.897082,3.279999999969732,1.7564069999999994
90,-467693.97,16.65167,4.090000000025611,2.5109949999999994
105,-467694.06,16.619617,4,2.4789420000000018
120,-467694.9,16.064787,3.1599999999743886,1.9241119999999992
135,-467696,15.567291,2.059999999997672,1.426616000000001
150,-467696.88,15.524879,1.179999999993015,1.3842040000000004
165,-467697.34,15.924166,0.7199999999720603,1.7834909999999997
180,-467697.47,16.20004,0.5900000000256114,2.0593650000000014
-165,-368868.8,72.007095,0.5800000000162981,1.0508950000000112
-150,-368868.94,71.75078,0.4400000000023283,0.7945800000000105
-135,-368868.94,72.07692,0.4400000000023283,1.1207200000000057
-120,-368868.53,71.66192,0.8499999999767169,0.7057199999999995
-105,-368868.97,71.51313,0.4100000000325963,0.5569300000000084
-90,-368869.38,71.07095,0,0.1147500000000008
-75,-368869.38,70.96023,0,0.0040300000000002
-60,-368869.16,71.265495,0.2200000000302679,0.30929500000000587
-45,-368868.34,72.00409,1.0399999999790452,1.0478900000000095
-30,-368867.1,72.687454,2.28000000002794,1.731254000000007
-15,-368865.7,73.39027,3.679999999993015,2.4340700000000055
0,-368864.66,74.18557,4.720000000030268,3.229370000000003
15,-368865.7,73.40937,3.679999999993015,2.45317
30,-368867.1,72.69494,2.28000000002794,1.738740000000007
45,-368868.34,71.96914,1.0399999999790452,1.0129400000000004
60,-368869.16,71.27442,0.2200000000302679,0.3182200000000108
75,-368869.38,70.9562,0,0
90,-368869.38,71.06632,0,0.1101200000000091
105,-368868.97,71.52426,0.4100000000325963,0.5680600000000027
120,-368868.53,71.66193,0.8499999999767169,0.7057300000000026
135,-368868.94,72.075745,0.4400000000023283,1.1195450000000022
150,-368868.94,71.74931,0.4400000000023283,0.7931099999999986
165,-368868.8,71.99121,0.5800000000162981,1.0350099999999998
180,-368869.25,71.94464,0.1300000000046566,0.9884400000000113
-165,-447433.72,22.482216,0.7800000000279397,3.4326100000000004
-150,-447434.1,21.641869,0.400000000023283,2.592262999999999
-135,-447434.34,20.305243,0.1599999999743886,1.2556370000000001
-120,-447434.06,19.58504,0.4400000000023283,0.5354339999999986
-105,-447433.12,20.043026,1.3800000000046566,0.9934200000000004
-90,-447431.88,21.255503,2.6199999999953434,2.205897
-75,-447433.25,19.409643,1.25,0.3600369999999984
-60,-447434.22,19.076534,0.2800000000279397,0.026927999999998065
-45,-447434.5,19.949986,0,0.9003799999999984
-30,-447434.2,21.474003,0.2999999999883584,2.424396999999999
-15,-447433.72,22.396051,0.7800000000279397,3.3464449999999992
0,-447433.16,22.841324,1.3400000000256114,3.7917179999999995
15,-447433.66,22.484518,0.8400000000256114,3.4349120000000006
30,-447434.12,21.796972,0.3800000000046566,2.7473659999999995
45,-447434.34,20.393585,0.1599999999743886,1.343979000000001
60,-447434.06,19.616781,0.4400000000023283,0.5671749999999989
75,-447433.1,20.023117,1.400000000023283,0.9735109999999985
90,-447431.75,21.288012,2.75,2.2384059999999977
105,-447433.3,19.3719,1.2000000000116415,0.3222939999999994
120,-447434.22,19.049606,0.2800000000279397,0
135,-447434.5,19.870974,0,0.8213679999999997
150,-447434.25,21.361792,0.25,2.3121860000000005
165,-447433.8,22.387508,0.7000000000116415,3.3379019999999997
180,-447433.22,22.874626,1.2800000000279397,3.8250199999999985
-165,-512144.6,15.420239,0.0599999999976716,0.07898600000000044
-150,-512144.25,15.833461,0.4099999999743886,0.49220799999999976
-135,-512143.53,16.69969,1.129999999946449,1.3584370000000003
-120,-512142.4,17.904095,2.2599999999511056,2.5628420000000016
-105,-512141.28,19.093048,3.379999999946449,3.7517949999999995
-90,-512140.8,19.65416,3.85999999998603,4.312907000000001
-75,-512141.28,19.09268,3.379999999946449,3.7514270000000014
-60,-512142.44,17.926815,2.2199999999720603,2.5855620000000012
-45,-512143.56,16.710003,1.099999999976717,1.3687500000000004
-30,-512144.28,15.82967,0.3799999999464489,0.4884170000000001
-15,-512144.6,15.420357,0.0599999999976716,0.07910399999999917
0,-512144.66,15.341253,0,0
15,-512144.6,15.420357,0.0599999999976716,0.07910399999999917
30,-512144.28,15.8289585,0.3799999999464489,0.48770550000000057
45,-512143.56,16.708405,1.099999999976717,1.367151999999999
60,-512142.44,17.925493,2.2199999999720603,2.5842399999999994
75,-512141.28,19.092678,3.379999999946449,3.7514249999999993
90,-512140.8,19.65416,3.85999999998603,4.312907000000001
105,-512141.28,19.093048,3.379999999946449,3.7517949999999995
120,-512142.4,17.904095,2.2599999999511056,2.5628420000000016
135,-512143.53,16.702478,1.129999999946449,1.3612249999999992
150,-512144.25,15.833463,0.4099999999743886,0.49221000000000004
165,-512144.6,15.420239,0.0599999999976716,0.07898600000000044
180,-512144.66,15.341303,0,4.999999999988347e-05
-165,-420629.1,-5.1200304,0.6000000000349246,2.2010169
-150,-420628.2,-2.6265044,1.5,4.6945429
-135,-420627.34,-2.9099474,2.35999999998603,4.4110999
-120,-420627.3,-2.4632351,2.400000000023283,4.8578122
-105,-420628.22,-4.0263357,1.4800000000395812,3.2947116000000003
-90,-420629.22,-6.546786,0.4800000000395812,0.7742613
-75,-420629.7,-7.1386642,0,0.18238310000000002
-60,-420629.16,-7.3210473,0.5400000000372529,0
-45,-420627.75,-6.678466,1.9500000000116413,0.6425812999999998
-30,-420626.03,-5.1256084,3.669999999983702,2.1954389
-15,-420624.56,-3.4116254,5.14000000001397,3.9094219
0,-420623.78,-2.3923752,5.919999999983702,4.9286721
15,-420624.56,-3.4086485,5.14000000001397,3.9123988
30,-420626.03,-5.1902184,3.669999999983702,2.1308289
45,-420627.75,-6.633022,1.9500000000116413,0.6880252999999996
60,-420629.16,-7.30934,0.5400000000372529,0.011707300000000309
75,-420629.7,-7.134203,0,0.18684429999999974
90,-420629.22,-6.401837,0.4800000000395812,0.9192102999999996
105,-420628.22,-4.0426593,1.4800000000395812,3.2783879999999996
120,-420627.3,-2.4593704,2.400000000023283,4.8616769
135,-420627.16,-3.1365638,2.540000000037253,4.184483500000001
150,-420628.22,-4.3620186,1.4800000000395812,2.9590287
165,-420629.1,-5.117932,0.6000000000349246,2.2031153000000003
180,-420629.38,-5.3508015,0.3200000000069849,1.9702457999999998
-165,-299391.1,18.402033,0.1000000000349246,0.0276929999999993
-150,-299390.7,18.690556,0.5,0.3162160000000007
-135,-299389.78,19.429714,1.419999999983702,1.0553740000000005
-120,-299388.44,20.541014,2.760000000009313,2.1666740000000004
-105,-299387.1,21.642576,4.100000000034925,3.268235999999998
-90,-299386.47,22.219263,4.730000000039581,3.8449230000000014
-75,-299387.1,21.824917,4.100000000034925,3.450576999999999
-60,-299388.4,20.700937,2.7999999999883585,2.3265969999999996
-45,-299389.72,19.49464,1.4800000000395812,1.1203000000000003
-30,-299390.66,18.694218,0.5400000000372529,0.3198779999999992
-15,-299391.1,18.413807,0.1000000000349246,0.039466999999998365
0,-299391.2,18.37434,0,0
15,-299391.1,18.413807,0.1000000000349246,0.039466999999998365
30,-299390.66,18.693146,0.5400000000372529,0.3188059999999986
45,-299389.72,19.50086,1.4800000000395812,1.1265199999999993
60,-299388.4,20.695856,2.7999999999883585,2.321515999999999
75,-299387.1,21.824917,4.100000000034925,3.450576999999999
90,-299386.47,22.219263,4.730000000039581,3.8449230000000014
105,-299387.1,21.64257,4.100000000034925,3.268229999999999
120,-299388.44,20.566317,2.760000000009313,2.1919770000000014
135,-299389.78,19.428455,1.419999999983702,1.0541149999999995
150,-299390.7,18.692976,0.5,0.3186360000000015
165,-299391.1,18.402033,0.1000000000349246,0.0276929999999993
180,-299391.2,18.375204,0,0.0008639999999999759
-165,-549398.5,-149.43929,1,0.008980000000008204
-150,-549399.3,-148.1269,0.1999999999534338,1.3213700000000017
-135,-549399.5,-147.51385,0,1.9344200000000171
-120,-549399.4,-146.28218,0.0999999999767169,3.166089999999997
-105,-549398.6,-144.59306,0.9000000000232831,4.85521
-90,-549397.6,-142.6132,1.900000000023283,6.835070000000002
-75,-549398.7,-144.83571,0.8000000000465661,4.612560000000002
-60,-549399.44,-146.37413,0.0600000000558793,3.07414
-45,-549399.44,-147.74933,0.0600000000558793,1.6989400000000217
-30,-549399.3,-148.25414,0.1999999999534338,1.1941300000000012
-15,-549398.5,-149.44014,1,0.008129999999994197
0,-549398.7,-149.34584,0.8000000000465661,0.10242999999999824
15,-549398.5,-149.44827,1,0
30,-549399.3,-148.25414,0.1999999999534338,1.1941300000000012
45,-549399.44,-147.75105,0.0600000000558793,1.6972200000000157
60,-549399.44,-146.37415,0.0600000000558793,3.074120000000022
75,-549398.7,-144.90555,0.8000000000465661,4.542720000000003
90,-549397.6,-142.57652,1.900000000023283,6.87175000000002
105,-549398.6,-144.43573,0.9000000000232831,5.012540000000001
120,-549399.4,-146.28497,0.0999999999767169,3.163300000000021
135,-549399.5,-147.51514,0,1.9331300000000056
150,-549399.3,-148.12614,0.1999999999534338,1.3221300000000156
165,-549398.5,-149.4394,1,0.00887000000000171
180,-549398.7,-149.36589,0.8000000000465661,0.08238000000000056
-165,-372666.88,13.682488,0.279999999969732,1.2621959999999994
-150,-372667.12,13.247511,0.0399999999790452,0.8272189999999995
-135,-372667.16,13.07929,0,0.6589980000000004
-120,-372667.12,13.153957,0.0399999999790452,0.7336650000000002
-105,-372667.1,13.316171,0.0599999999976716,0.8958790000000008
-90,-372667.06,13.353041,0.0999999999767169,0.9327489999999994
-75,-372666.84,13.282802,0.3199999999487772,0.8625100000000003
-60,-372666.06,13.453764,1.099999999976717,1.0334719999999997
-45,-372664.72,14.290625,2.4400000000023283,1.8703330000000005
-30,-372663.03,15.661981,4.129999999946449,3.241689000000001
-15,-372661.4,16.952776,5.759999999951106,4.532484
0,-372660.7,17.286825,6.459999999962747,4.866533
15,-372661.5,16.585411,5.659999999974389,4.165119000000001
30,-372663.06,15.109069,4.099999999976717,2.688777
45,-372664.7,13.638748,2.459999999962747,1.2184559999999998
60,-372665.94,12.725627,1.2199999999720603,0.30533499999999947
75,-372666.7,12.494772,0.4599999999627471,0.07447999999999944
90,-372666.9,12.5498085,0.2599999999511055,0.12951649999999937
105,-372666.9,12.5309,0.2599999999511055,0.11060800000000093
120,-372666.97,12.420292,0.1900000000023283,0
135,-372667.03,12.427544,0.1299999999464489,0.00725199999999937
150,-372667.03,12.731854,0.1299999999464489,0.31156200000000034
165,-372666.84,13.339419,0.3199999999487772,0.9191269999999996
180,-372666.66,14.03141,0.5,1.6111179999999994
-165,-469086.84,30.10606,0.1299999999464489,1.1897619999999982
-150,-469086.97,29.102947,0,0.18664899999999918
-135,-469086.5,28.923038,0.4699999999720603,0.006739999999997082
-120,-469085.62,29.353586,1.349999999976717,0.4372879999999988
-105,-469084.75,30.061634,2.2199999999720603,1.1453360000000004
-90,-469084.34,30.516975,2.629999999946449,1.6006769999999975
-75,-469084.8,30.161627,2.169999999983702,1.2453289999999981
-60,-469085.72,29.433365,1.25,0.5170669999999973
-45,-469086.6,28.916754,0.3699999999953434,0.0004559999999997899
-30,-469086.97,29.173737,0,0.257438999999998
-15,-469086.78,30.346304,0.1899999999441206,1.4300059999999988
0,-469086.1,32.21301,0.8699999999953434,3.296711999999996
15,-469086.78,30.34669,0.1899999999441206,1.4303919999999977
30,-469086.97,29.170923,0,0.2546249999999972
45,-469086.6,28.916298,0.3699999999953434,0
60,-469085.72,29.433428,1.25,0.5171299999999981
75,-469084.8,30.17935,2.169999999983702,1.2630519999999983
90,-469084.34,30.51698,2.629999999946449,1.600681999999999
105,-469084.75,30.031364,2.2199999999720603,1.1150659999999988
120,-469085.62,29.38132,1.349999999976717,0.4650219999999976
135,-469086.5,28.929487,0.4699999999720603,0.013189000000000561
150,-469086.97,29.0965,0,0.18020199999999775
165,-469086.84,30.11489,0.1299999999464489,1.1985919999999979
180,-469086.22,31.953245,0.75,3.036946999999998
-165,-608569.6,-52.059685,2.099999999976717,2.1284020000000012
-150,-608571.1,-53.74556,0.5999999999767169,0.44252700000000544
-135,-608571.7,-54.182922,0,0.005165000000005193
-120,-608571.4,-53.75312,0.2999999999301508,0.4349670000000003
-105,-608570.75,-53.016407,0.949999999953434,1.171680000000002
-90,-608570.4,-52.59563,1.2999999999301508,1.5924570000000031
-75,-608570.75,-53.037918,0.949999999953434,1.1501690000000053
-60,-608571.4,-53.78267,0.2999999999301508,0.4054169999999999
-45,-608571.7,-54.188087,0,0
-30,-608571,-53.685204,0.6999999999534339,0.5028830000000042
-15,-608569.44,-51.846283,2.260000000009313,2.3418040000000033
0,-608567.56,-46.740204,4.1399999998975545,7.4478830000000045
15,-608569.44,-51.846283,2.260000000009313,2.3418040000000033
30,-608571,-53.684,0.6999999999534339,0.5040870000000055
45,-608571.7,-54.18802,0,6.700000000137152e-05
60,-608571.4,-53.78267,0.2999999999301508,0.4054169999999999
75,-608570.75,-53.03791,0.949999999953434,1.1501770000000064
90,-608570.4,-52.59571,1.2999999999301508,1.5923770000000061
105,-608570.75,-53.01641,0.949999999953434,1.1716770000000025
120,-608571.4,-53.75312,0.2999999999301508,0.4349670000000003
135,-608571.7,-54.182922,0,0.005165000000005193
150,-608571.1,-53.74556,0.5999999999767169,0.44252700000000544
165,-608569.6,-52.05969,2.099999999976717,2.1283969999999997
180,-608567.6,-47.97005,4.099999999976717,6.2180370000000025
-165,-522218.44,-24.63829,0.279999999969732,0.13798399999999944
-150,-522217.66,-24.084366,1.0599999999976717,0.6919080000000015
-135,-522216.4,-23.086506,2.3199999999487773,1.6897680000000008
-120,-522214.97,-21.85196,3.75,2.9243140000000025
-105,-522213.78,-20.816671,4.939999999944121,3.9596030000000013
-90,-522213.3,-20.393045,5.419999999983702,4.383229
-75,-522213.78,-21.084732,4.939999999944121,3.691542000000002
-60,-522215,-22.230917,3.71999999997206,2.545356999999999
-45,-522216.47,-23.328512,2.25,1.4477620000000009
-30,-522217.7,-24.18139,1.0199999999604188,0.5948840000000004
-15,-522218.47,-24.653316,0.25,0.12295800000000057
0,-522218.72,-24.776274,0,0
15,-522218.47,-24.653316,0.25,0.12295800000000057
30,-522217.7,-24.180183,1.0199999999604188,0.5960910000000013
45,-522216.47,-23.328512,2.25,1.4477620000000009
60,-522215,-22.223602,3.71999999997206,2.552672000000001
75,-522213.78,-21.084732,4.939999999944121,3.691542000000002
90,-522213.3,-20.393045,5.419999999983702,4.383229
105,-522213.78,-20.816671,4.939999999944121,3.9596030000000013
120,-522214.97,-21.85196,3.75,2.9243140000000025
135,-522216.4,-23.101706,2.3199999999487773,1.6745680000000007
150,-522217.66,-24.084366,1.0599999999976717,0.6919080000000015
165,-522218.44,-24.63829,0.279999999969732,0.13798399999999944
180,-522218.72,-24.774921,0,0.001353000000001714
-165,-355667.97,-61.263115,0.2800000000279397,6.008269999999996
-150,-355667.16,-60.656906,1.0900000000256114,6.614478999999996
-135,-355665.75,-59.804485,2.5,7.466899999999995
-120,-355663.84,-58.759052,4.409999999974389,8.512332999999998
-105,-355661.6,-57.606743,6.650000000023283,9.664641999999994
-90,-355660.84,-60.527843,7.409999999974389,6.743541999999998
-75,-355662.53,-62.89973,5.71999999997206,4.371654999999997
-60,-355664.66,-63.710888,3.590000000025612,3.560496999999998
-45,-355666.16,-65.613144,2.090000000025612,1.6582409999999896
-30,-355667.12,-66.59745,1.1300000000046566,0.6739350000000002
-15,-355667.66,-67.11075,0.5900000000256114,0.1606349999999992
0,-355667.8,-67.271385,0.4500000000116415,0
15,-355667.66,-67.11075,0.5900000000256114,0.1606349999999992
30,-355667.12,-66.60145,1.1300000000046566,0.6699349999999953
45,-355666.16,-65.61087,2.090000000025612,1.6605149999999895
60,-355664.66,-63.711403,3.590000000025612,3.559981999999998
75,-355662.53,-62.894875,5.71999999997206,4.376509999999996
90,-355660.84,-60.527843,7.409999999974389,6.743541999999998
105,-355661.6,-57.609756,6.650000000023283,9.661628999999998
120,-355663.84,-58.75334,4.409999999974389,8.518044999999994
135,-355665.75,-59.80543,2.5,7.465954999999994
150,-355667.16,-60.657097,1.0900000000256114,6.614287999999995
165,-355667.97,-61.2657,0.2800000000279397,6.005684999999993
180,-355668.25,-61.49493,0,5.776454999999999
-165,-301080.44,33.893307,0.400000000023283,0.6218000000000004
-150,-301079.28,35.05231,1.5599999999976717,1.7808029999999988
-135,-301077.75,36.60425,3.090000000025612,3.3327430000000007
-120,-301076.34,37.86545,4.5,4.593943000000003
-105,-301075.38,36.642563,5.460000000020955,3.371056000000003
-90,-301075.5,35.46387,5.340000000025611,2.1923630000000003
-75,-301075.97,35.44372,4.870000000053551,2.1722129999999993
-60,-301076.28,37.030598,4.559999999997672,3.759090999999998
-45,-301076.2,39.46446,4.64000000001397,6.192953000000003
-30,-301075.72,41.93175,5.120000000053551,8.660243000000001
-15,-301074.9,44.362354,5.940000000002328,11.090847000000004
0,-301073.97,46.06255,6.870000000053551,12.791043000000002
15,-301074.94,43.70821,5.900000000023283,10.436703000000001
30,-301075.66,41.09062,5.180000000051223,7.8191130000000015
45,-301076.03,38.640804,4.809999999997672,5.369297000000003
60,-301076.06,37.026222,4.78000000002794,3.7547149999999974
75,-301075.7,36.29483,5.14000000001397,3.0233229999999978
90,-301075.16,36.475803,5.680000000051223,3.2042959999999994
105,-301075.22,37.882046,5.620000000053551,4.610539000000003
120,-301076.28,37.41552,4.559999999997672,4.144013000000001
135,-301077.72,35.790928,3.120000000053551,2.5194210000000012
150,-301079.22,34.22837,1.620000000053551,0.9568629999999985
165,-301080.4,33.343452,0.4400000000023283,0.07194499999999948
180,-301080.84,33.271507,0,0
-165,-338036.06,16.024517,2.220000000030268,0.11662699999999937
-150,-338036.78,16.085566,1.5,0.17767599999999995
-135,-338037.2,16.047514,1.080000000016298,0.13962399999999953
-120,-338037.12,16.062428,1.1600000000325963,0.1545380000000005
-105,-338036.53,16.192558,1.75,0.28466799999999814
-90,-338035.62,16.364481,2.6600000000325963,0.4565910000000013
-75,-338034.7,16.403198,3.580000000016298,0.49530799999999964
-60,-338034.28,16.343,4,0.4351099999999999
-45,-338034.8,16.44321,3.480000000039581,0.5353200000000005
-30,-338036,16.681055,2.28000000002794,0.7731650000000005
-15,-338037.03,16.847227,1.25,0.9393370000000001
0,-338038.28,18.723774,0,2.8158839999999987
15,-338037.12,18.829021,1.1600000000325963,2.921131000000001
30,-338036.22,16.64112,2.06000000005588,0.7332300000000007
45,-338035.16,16.392035,3.120000000053551,0.4841449999999998
60,-338034.62,16.333385,3.660000000032596,0.42549499999999973
75,-338034.9,16.49084,3.3800000000046566,0.5829499999999985
90,-338035.66,16.563047,2.620000000053551,0.6551570000000009
105,-338036.44,16.42307,1.8400000000256116,0.5151799999999991
120,-338036.88,16.305769,1.400000000023283,0.3978790000000014
135,-338036.9,16.25239,1.3800000000046566,0.34449999999999825
150,-338036.47,16.186228,1.8100000000558796,0.27833799999999975
165,-338035.84,16.023018,2.4400000000023283,0.11512800000000034
180,-338035.62,15.90789,2.6600000000325963,0
-165,-713431.4,40.552208,5.039999999920838,9.056913000000002
-150,-713431.3,45.156437,5.1399999998975545,13.661141999999998
-135,-713430.9,51.40114,5.539999999920838,19.905845
-120,-713430.2,58.294857,6.239999999990687,26.799562
-105,-713429.56,64.106735,6.879999999888241,32.61144
-90,-713429.44,65.738235,7,34.242940000000004
-75,-713430.3,60.748795,6.1399999998975545,29.253500000000003
-60,-713431.9,52.395382,4.539999999920838,20.900087
-45,-713433.6,44.14151,2.839999999967404,12.646214999999998
-30,-713435.1,37.383312,1.3399999999674037,5.888016999999998
-15,-713436.1,33.007454,0.3399999999674037,1.512159000000004
0,-713436.44,31.495295,0,0
15,-713436.1,33.007454,0.3399999999674037,1.512159000000004
30,-713435.1,37.38293,1.3399999999674037,5.887635000000003
45,-713433.6,44.14171,2.839999999967404,12.646415000000005
60,-713431.9,52.39539,4.539999999920838,20.900095
75,-713430.3,60.73744,6.1399999998975545,29.242145
90,-713429.44,65.738235,7,34.242940000000004
105,-713429.56,64.11031,6.879999999888241,32.615015
120,-713430.2,58.29485,6.239999999990687,26.799554999999998
135,-713430.9,51.401657,5.539999999920838,19.906362
150,-713431.3,45.164402,5.1399999998975545,13.669107000000004
165,-713431.4,40.552208,5.039999999920838,9.056913000000002
180,-713431.4,38.634644,5.039999999920838,7.139349000000003
-165,-607114.6,11.568356,2.839999999967404,1.6275759999999995
-150,-607115.2,11.292641,2.2399999999906868,1.3518609999999995
-135,-607116,10.790812,1.4399999999441206,0.8500320000000006
-120,-607116.8,10.276585,0.6399999998975545,0.3358050000000006
-105,-607117.3,9.984089,0.1399999998975545,0.04330900000000071
-90,-607117.44,9.950469,0,0.009688999999999837
-75,-607117.2,9.940781,0.2399999999906867,9.999999992515995e-07
-60,-607116.56,10.203257,0.8799999998882413,0.2624770000000005
-45,-607115.8,10.743905,1.6399999998975543,0.8031249999999996
-30,-607115.06,11.277174,2.3799999998882413,1.3363940000000003
-15,-607114.56,11.552994,2.8799999998882413,1.6122139999999998
0,-607114.3,11.610783,3.1399999998975545,1.6700029999999995
15,-607114.56,11.552992,2.8799999998882413,1.6122119999999995
30,-607115.06,11.277175,2.3799999998882413,1.3363949999999996
45,-607115.8,10.743905,1.6399999998975543,0.8031249999999996
60,-607116.56,10.198369,0.8799999998882413,0.2575889999999994
75,-607117.2,9.94078,0.2399999999906867,0
90,-607117.44,9.950469,0,0.009688999999999837
105,-607117.3,9.984089,0.1399999998975545,0.04330900000000071
120,-607116.8,10.276639,0.6399999998975545,0.33585899999999924
135,-607116,10.7908125,1.4399999999441206,0.8500324999999993
150,-607115.2,11.292641,2.2399999999906868,1.3518609999999995
165,-607114.6,11.568355,2.839999999967404,1.6275750000000002
180,-607114.3,11.610426,3.1399999998975545,1.6696460000000002
-165,-148009.84,14.980394,1.7600000000093132,2.402261000000001
-150,-148010.62,14.3256235,0.9800000000104774,1.7474905000000014
-135,-148011.31,13.532846,0.2900000000081491,0.9547129999999999
-120,-148011.6,12.997187,0,0.4190540000000009
-105,-148011.39,12.900405,0.2099999999918509,0.3222719999999999
-90,-148010.77,13.11839,0.8300000000162981,0.5402570000000004
-75,-148009.97,13.339754,1.6300000000046566,0.7616209999999999
-60,-148009.38,13.399505,2.220000000001164,0.8213720000000002
-45,-148009.33,13.364551,2.2700000000186265,0.7864180000000012
-30,-148009.89,13.128446,1.709999999991851,0.5503130000000009
-15,-148010.55,12.758361,1.0500000000174623,0.1802280000000014
0,-148010.83,12.578133,0.7700000000186265,0
15,-148010.55,12.758361,1.0500000000174623,0.1802280000000014
30,-148009.89,13.128445,1.709999999991851,0.5503119999999999
45,-148009.33,13.364552,2.2700000000186265,0.7864190000000004
60,-148009.38,13.399506,2.220000000001164,0.8213730000000012
75,-148009.97,13.339755,1.6300000000046566,0.7616220000000009
90,-148010.77,13.118391,0.8300000000162981,0.5402580000000015
105,-148011.39,12.900406,0.2099999999918509,0.3222730000000009
120,-148011.6,12.997187,0,0.4190540000000009
135,-148011.31,13.533742,0.2900000000081491,0.9556090000000008
150,-148010.62,14.325624,0.9800000000104774,1.7474910000000001
165,-148009.84,14.980395,1.7600000000093132,2.4022620000000003
180,-148009.48,15.209785,2.1199999999953434,2.6316520000000008
-165,-582620.94,55.42059,0.1600000000325963,1.7468000000000004
-150,-582620.3,60.412853,0.7999999999301508,6.739063000000002
-135,-582619.3,67.32352,1.7999999999301508,13.649730000000005
-120,-582618.06,75.55491,3.0399999999208376,21.88112000000001
-105,-582616.94,82.981895,4.160000000032596,29.308104999999998
-90,-582616.25,86.81754,4.849999999976717,33.14375
-75,-582616.4,84.15776,4.699999999953434,30.48397
-60,-582617.25,76.79567,3.849999999976717,23.121880000000004
-45,-582618.5,68.54511,2.599999999976717,14.871319999999997
-30,-582619.7,61.827374,1.400000000023283,8.153584000000002
-15,-582620.44,57.33636,0.6600000000325963,3.6625700000000023
0,-582620.75,55.84639,0.3499999999767169,2.1726000000000028
15,-582620.44,57.33636,0.6600000000325963,3.6625700000000023
30,-582619.7,61.81309,1.400000000023283,8.139300000000006
45,-582618.5,68.60576,2.599999999976717,14.931970000000007
60,-582617.25,76.804146,3.849999999976717,23.130356000000006
75,-582616.4,84.15776,4.699999999953434,30.48397
90,-582616.25,86.81754,4.849999999976717,33.14375
105,-582616.94,82.98236,4.160000000032596,29.308570000000003
120,-582618.06,75.56232,3.0399999999208376,21.888530000000003
135,-582619.3,67.32347,1.7999999999301508,13.649680000000004
150,-582620.3,60.411217,0.7999999999301508,6.737427000000004
165,-582620.94,55.42059,0.1600000000325963,1.7468000000000004
180,-582621.1,53.67379,0,0
-165,-477594.34,31.18817,0.0599999999976716,3.468878
-150,-477593.9,35.047478,0.5,7.328185999999999
-135,-477593.06,40.95939,1.3400000000256114,13.240098
-120,-477590.72,51.65057,3.680000000051223,23.931278000000002
-105,-477590.16,56.609116,4.240000000048894,28.889824
-90,-477590.1,58.548313,4.300000000046566,30.829021
-75,-477590.53,55.552753,3.869999999995344,27.833461000000003
-60,-477592.22,47.142986,2.1800000000512227,19.423694
-45,-477593.16,39.760998,1.2400000000488944,12.041706000000001
-30,-477593.75,33.527435,0.6500000000232831,5.808142999999998
-15,-477593.94,29.295296,0.4600000000209547,1.576004000000001
0,-477593.9,27.719292,0.5,0
15,-477593.94,29.302658,0.4600000000209547,1.5833660000000016
30,-477593.75,33.527065,0.6500000000232831,5.807773000000001
45,-477593.16,39.758934,1.2400000000488944,12.039642000000004
60,-477592.22,47.14991,2.1800000000512227,19.430618
75,-477590.53,55.55096,3.869999999995344,27.831668000000004
90,-477590.1,58.568546,4.300000000046566,30.849254
105,-477590.16,56.618877,4.240000000048894,28.899585
120,-477590.72,51.652702,3.680000000051223,23.93341
135,-477593.06,40.928555,1.3400000000256114,13.209263000000004
150,-477593.9,35.025246,0.5,7.305954000000003
165,-477594.34,31.185907,0.0599999999976716,3.466615000000001
180,-477594.4,29.909317,0,2.190025000000002
-165,-427540.8,-20.115953,6.5,7.1752189999999985
-150,-427542.4,-22.438955,4.899999999965075,4.852217
-135,-427543.16,-24.027067,4.14000000001397,3.2641050000000007
-120,-427543.38,-24.611326,3.919999999983702,2.6798460000000013
-105,-427543.4,-25.246141,3.8999999999650754,2.045030999999998
-90,-427543.9,-25.85427,3.3999999999650754,1.436902
-75,-427545.06,-27.065687,2.2399999999906868,0.22548499999999905
-60,-427546.5,-27.284805,0.7999999999883585,0.0063670000000009
-45,-427547.3,-26.804205,0,0.4869669999999999
-30,-427547.22,-25.442667,0.0800000000162981,1.8485049999999994
-15,-427546.47,-23.222685,0.8300000000162981,4.068487000000001
0,-427545.84,-21.46665,1.459999999962747,5.824521999999998
15,-427546.47,-23.32151,0.8300000000162981,3.9696619999999996
30,-427547.22,-25.441992,0.0800000000162981,1.8491800000000005
45,-427547.3,-26.806017,0,0.4851549999999989
60,-427546.5,-27.291172,0.7999999999883585,0
75,-427545.06,-27.092985,2.2399999999906868,0.19818700000000078
90,-427543.9,-25.856752,3.3999999999650754,1.4344199999999994
105,-427543.44,-25.17881,3.85999999998603,2.112362000000001
120,-427543.34,-24.680393,3.959999999962747,2.610779000000001
135,-427543.16,-23.88405,4.14000000001397,3.407122000000001
150,-427542.4,-22.428093,4.899999999965075,4.863078999999999
165,-427540.8,-20.098946,6.5,7.192225999999998
180,-427538.66,-16.889187,8.64000000001397,10.401985
-165,-296999.22,15.977464,0.1800000000512227,0.1792359999999995
-150,-296998.62,15.79872,0.7800000000279397,0.0004919999999994928
-135,-296997.5,15.935594,1.900000000023283,0.1373660000000001
-120,-296996.03,16.410189,3.3699999999953434,0.6119609999999991
-105,-296994.6,16.9353,4.800000000046566,1.1370720000000016
-90,-296993.94,17.125486,5.460000000020955,1.3272579999999987
-75,-296994.6,16.92167,4.800000000046566,1.123441999999999
-60,-296996.03,16.411097,3.3699999999953434,0.6128690000000017
-45,-296997.5,15.932031,1.900000000023283,0.13380300000000034
-30,-296998.62,15.805536,0.7800000000279397,0.007308000000000092
-15,-296999.22,15.973733,0.1800000000512227,0.17550499999999936
0,-296999.4,16.106327,0,0.30809900000000034
15,-296999.22,15.973733,0.1800000000512227,0.17550499999999936
30,-296998.62,15.805536,0.7800000000279397,0.007308000000000092
45,-296997.5,15.944037,1.900000000023283,0.14580899999999986
60,-296996.03,16.411097,3.3699999999953434,0.6128690000000017
75,-296994.6,16.93022,4.800000000046566,1.1319919999999986
90,-296993.94,17.13116,5.460000000020955,1.3329320000000013
105,-296994.6,16.935246,4.800000000046566,1.1370179999999994
120,-296996.03,16.410189,3.3699999999953434,0.6119609999999991
135,-296997.5,15.935594,1.900000000023283,0.1373660000000001
150,-296998.62,15.798228,0.7800000000279397,0
165,-296999.22,15.977464,0.1800000000512227,0.1792359999999995
180,-296999.4,16.106312,0,0.30808399999999914
-165,-630550.8,8.586705,4.799999999930151,2.7363720000000002
-150,-630551.7,8.108828,3.900000000023283,2.258495000000001
-135,-630552.56,7.635382,3.0399999999208376,1.7850489999999999
-120,-630553.75,6.2082434,1.849999999976717,0.35791039999999974
-105,-630554.75,5.8503337,0.8499999999767169,7.000000001866624e-07
-90,-630555.1,6.098802,0.5,0.24846900000000005
-75,-630555.25,6.5753984,0.3499999999767169,0.7250654000000001
-60,-630555.4,7.107845,0.1999999999534338,1.2575120000000002
-45,-630555.56,7.4744115,0.0399999999208375,1.6240785000000004
-30,-630555.6,7.77168,0,1.921347
-15,-630555.4,7.922229,0.1999999999534338,2.0718959999999997
0,-630554.75,7.9016275,0.8499999999767169,2.0512945
15,-630555.4,7.922229,0.1999999999534338,2.0718959999999997
30,-630555.6,7.77168,0,1.921347
45,-630555.56,7.474412,0.0399999999208375,1.624079
60,-630555.4,7.107846,0.1999999999534338,1.2575130000000003
75,-630555.25,6.5753984,0.3499999999767169,0.7250654000000001
90,-630555.1,6.0988007,0.5,0.24846769999999996
105,-630554.75,5.850333,0.8499999999767169,0
120,-630553.75,6.1888456,1.849999999976717,0.3385125999999996
135,-630552.56,7.6353807,3.0399999999208376,1.7850476999999998
150,-630551.7,8.108827,3.900000000023283,2.258494
165,-630550.8,8.594539,4.799999999930151,2.7442059999999993
180,-630550.3,9.108185,5.299999999930151,3.2578520000000006
-165,-321685.7,-4.025088,0,0.14979250000000022
-150,-321685.66,-3.674656,0.0400000000372529,0.5002245000000003
-135,-321685.47,-3.2384083,0.2300000000395812,0.9364722000000003
-120,-321685.28,-2.792495,0.4199999999837018,1.3823855000000003
-105,-321685.12,-2.340174,0.5800000000162981,1.8347065000000002
-90,-321685.06,-1.7696573,0.6400000000139698,2.4052232000000004
-75,-321684.88,-0.9303782,0.8200000000069849,3.2445023000000006
-60,-321684.47,0.13567682,1.2300000000395812,4.31055732
-45,-321683.9,0.7711772,1.7999999999883585,4.946057700000001
-30,-321683.4,1.2772642,2.2999999999883585,5.452144700000001
-15,-321683.06,1.6998669,2.64000000001397,5.8747474
0,-321682.9,1.8720199,2.7999999999883585,6.0469004
15,-321683.06,1.7000328,2.64000000001397,5.8749133
30,-321683.4,1.2785553,2.2999999999883585,5.4534358
45,-321683.9,0.77287114,1.7999999999883585,4.947751640000001
60,-321684.47,0.13532671,1.2300000000395812,4.310207210000001
75,-321684.88,-0.9273367,0.8200000000069849,3.2475438000000003
90,-321685.06,-1.7696555,0.6400000000139698,2.4052250000000006
105,-321685.12,-2.3427083,0.5800000000162981,1.8321722000000005
120,-321685.25,-2.7954617,0.4500000000116415,1.3794188000000003
135,-321685.47,-3.237245,0.2300000000395812,0.9376355000000003
150,-321685.66,-3.6650665,0.0400000000372529,0.5098140000000004
165,-321685.7,-4.0268064,0,0.14807410000000054
180,-321685.66,-4.1748805,0.0400000000372529,0
-165,-479899.5,25.306297,8.700000000011642,9.810045
-150,-479903.88,20.438683,4.320000000006985,4.942431000000001
-135,-479906.22,18.139343,1.9800000000395808,2.643091
-120,-479907.25,17.110033,0.9500000000116416,1.6137810000000012
-105,-479907.6,16.586157,0.6000000000349246,1.089905
-90,-479907.75,16.057425,0.4500000000116415,0.5611729999999984
-75,-479908.2,15.496252,0,0
-60,-479907.94,15.961995,0.2600000000093132,0.4657429999999998
-45,-479906.47,17.391132,1.7300000000395812,1.8948799999999988
-30,-479903.72,19.950102,4.480000000039581,4.453850000000001
-15,-479899.5,24.429142,8.700000000011642,8.932889999999999
0,-479893.72,31.194872,14.48000000003958,15.69862
15,-479899.5,24.448545,8.700000000011642,8.952293
30,-479903.72,19.975584,4.480000000039581,4.479332000000001
45,-479906.47,17.405647,1.7300000000395812,1.9093949999999982
60,-479907.94,15.974451,0.2600000000093132,0.47819900000000004
75,-479908.2,15.496252,0,0
90,-479907.75,16.060444,0.4500000000116415,0.5641920000000002
105,-479907.6,16.575676,0.6000000000349246,1.0794240000000013
120,-479907.25,17.113691,0.9500000000116416,1.6174389999999992
135,-479906.22,18.142885,1.9800000000395808,2.6466329999999996
150,-479903.88,20.424944,4.320000000006985,4.928692
165,-479899.56,25.303701,8.64000000001397,9.807449
180,-479892.72,35.07315,15.48000000003958,19.576898
-165,-330987,-50.944927,0.0999999999767169,0.13578100000000148
-150,-330987.1,-50.63059,0,0.45011800000000335
-135,-330986.88,-50.18446,0.2199999999720603,0.8962479999999999
-120,-330986.22,-49.651394,0.8800000000046566,1.429313999999998
-105,-330985.5,-49.16859,1.599999999976717,1.9121179999999995
-90,-330985.2,-48.956158,1.8999999999650756,2.1245499999999993
-75,-330985.5,-49.16735,1.599999999976717,1.9133580000000023
-60,-330986.22,-49.64871,0.8800000000046566,1.431998
-45,-330986.88,-50.18206,0.2199999999720603,0.8986480000000014
-30,-330987.1,-50.628067,0,0.45264099999999985
-15,-330987,-50.94069,0.0999999999767169,0.14001800000000486
0,-330986.94,-51.080708,0.1599999999743886,0
15,-330987,-50.94069,0.0999999999767169,0.14001800000000486
30,-330987.1,-50.628067,0,0.45264099999999985
45,-330986.88,-50.18206,0.2199999999720603,0.8986480000000014
60,-330986.22,-49.64871,0.8800000000046566,1.431998
75,-330985.5,-49.16735,1.599999999976717,1.9133580000000023
90,-330985.2,-48.95622,1.8999999999650756,2.1244879999999995
105,-330985.5,-49.16859,1.599999999976717,1.9121179999999995
120,-330986.22,-49.651585,0.8800000000046566,1.4291230000000041
135,-330986.88,-50.18446,0.2199999999720603,0.8962479999999999
150,-330987.1,-50.630787,0,0.44992100000000335
165,-330987,-50.942974,0.0999999999767169,0.1377340000000018
180,-330986.94,-51.080704,0.1599999999743886,4.0000000041118255e-06
-165,-516840.12,-6.968145,4.5,2.096972000000001
-150,-516841.5,-6.959343,3.1199999999953434,2.105774000000001
-135,-516842.84,-7.113059,1.779999999969732,1.952058000000001
-120,-516843.88,-7.475019,0.7399999999906868,1.5900980000000011
-105,-516844.5,-8.024194,0.1199999999953433,1.0409230000000012
-90,-516844.62,-8.496807,0,0.5683100000000003
-75,-516844.38,-8.968413,0.2399999999906867,0.09670400000000079
-60,-516843.94,-9.065117,0.6799999999930151,0
-45,-516843.34,-8.056866,1.279999999969732,1.0082510000000013
-30,-516842.72,-6.309523,1.900000000023283,2.7555940000000003
-15,-516842.28,-4.5226984,2.339999999967404,4.5424186
0,-516841.66,-5.899136,2.9600000000209548,3.1659810000000004
15,-516842.28,-4.5226264,2.339999999967404,4.542490600000001
30,-516842.72,-6.309523,1.900000000023283,2.7555940000000003
45,-516843.34,-8.058113,1.279999999969732,1.0070040000000002
60,-516843.94,-9.063418,0.6799999999930151,0.0016990000000003391
75,-516844.38,-8.981967,0.2399999999906867,0.08315000000000161
90,-516844.62,-8.496807,0,0.5683100000000003
105,-516844.5,-8.024204,0.1199999999953433,1.0409130000000015
120,-516843.88,-7.4757795,0.7399999999906868,1.589337500000001
135,-516842.8,-7.107063,1.820000000006985,1.9580540000000006
150,-516841.5,-6.9686913,3.1199999999953434,2.096425700000001
165,-516840.12,-6.9663153,4.5,2.098801700000001
180,-516839.47,-7.203398,5.150000000023283,1.8617190000000008
-165,-431143.1,-44.711002,0.2000000000116415,0.05198800000000148
-150,-431142.4,-44.76299,0.8999999999650754,0
-135,-431141.38,-44.345974,1.9199999999837016,0.41701600000000383
-120,-431140.25,-43.401768,3.0499999999883585,1.361222000000005
-105,-431139.4,-42.376865,3.8999999999650754,2.386125
-90,-431139.2,-41.844883,4.099999999976717,2.918106999999999
-75,-431139.75,-42.156918,3.5499999999883585,2.6060720000000046
-60,-431140.75,-42.943375,2.5499999999883585,1.8196149999999989
-45,-431141.62,-43.595905,1.679999999993015,1.1670850000000002
-30,-431142.1,-43.715813,1.2000000000116415,1.047177000000005
-15,-431142.2,-43.594536,1.099999999976717,1.168454000000004
0,-431141.97,-43.18209,1.330000000016298,1.5808999999999997
15,-431142.2,-43.59381,1.099999999976717,1.1691800000000043
30,-431142.1,-43.7787,1.2000000000116415,0.9842900000000014
45,-431141.62,-43.588963,1.679999999993015,1.1740270000000024
60,-431140.75,-42.94822,2.5499999999883585,1.8147700000000029
75,-431139.75,-42.15918,3.5499999999883585,2.603810000000003
90,-431139.2,-41.84001,4.099999999976717,2.9229800000000026
105,-431139.4,-42.373135,3.8999999999650754,2.3898550000000043
120,-431140.25,-43.40587,3.0499999999883585,1.3571200000000019
135,-431141.38,-44.34129,1.9199999999837016,0.4217000000000013
150,-431142.38,-44.758232,0.919999999983702,0.0047580000000024825
165,-431143.1,-44.715397,0.2000000000116415,0.04759299999999911
180,-431143.3,-44.594215,0,0.16877500000000367
-165,-265555.12,18.643679,1.179999999993015,0.3357379999999992
-150,-265554.53,19.423187,1.7699999999604188,1.115245999999999
-135,-265553.9,20.112484,2.3999999999650754,1.804542999999999
-120,-265553.75,20.1732,2.5499999999883585,1.8652590000000018
-105,-265554.28,19.539171,2.019999999960419,1.23123
-90,-265555.22,18.55891,1.080000000016298,0.25096900000000133
-75,-265556.3,18.449831,0,0.14189000000000007
-60,-265556.12,18.439405,0.179999999993015,0.13146400000000114
-45,-265555.28,19.435728,1.0199999999604188,1.1277870000000014
-30,-265554.06,20.90559,2.2399999999906868,2.5976490000000005
-15,-265553,22.179293,3.2999999999883585,3.8713520000000017
0,-265552.62,22.734188,3.679999999993015,4.426247
15,-265553,22.179653,3.2999999999883585,3.8717119999999987
30,-265554.06,20.910618,2.2399999999906868,2.602677
45,-265555.28,19.435759,1.0199999999604188,1.1278180000000013
60,-265556.12,18.439407,0.179999999993015,0.13146599999999964
75,-265556.3,18.443975,0,0.13603399999999866
90,-265555.22,18.558937,1.080000000016298,0.25099600000000066
105,-265554.28,19.537735,2.019999999960419,1.2297940000000018
120,-265553.75,20.183153,2.5499999999883585,1.8752120000000012
135,-265553.9,20.1148,2.3999999999650754,1.8068589999999993
150,-265554.53,19.41778,1.7699999999604188,1.109839000000001
165,-265555.12,18.641874,1.179999999993015,0.3339330000000018
180,-265555.34,18.307941,0.9599999999627472,0
-165,-321679.6,8.180995,0.4300000000512227,0.11397000000000013
-150,-321679.7,8.347929,0.3300000000162981,0.2809040000000014
-135,-321679.7,8.51471,0.3300000000162981,0.4476849999999999
-120,-321679.72,8.69585,0.3100000000558793,0.6288250000000009
-105,-321679.9,8.92431,0.1300000000046566,0.857285000000001
-90,-321680.03,9.374038,0,1.3070130000000013
-75,-321679.88,10.022925,0.150000000023283,1.9559000000000015
-60,-321679.34,10.718237,0.6900000000023283,2.651212000000001
-45,-321678.56,11.625809,1.470000000030268,3.558784000000001
-30,-321677.66,12.298739,2.370000000053551,4.231714
-15,-321676.88,12.662928,3.150000000023283,4.595903000000002
0,-321676.56,12.781685,3.470000000030268,4.71466
15,-321676.88,12.66293,3.150000000023283,4.595905
30,-321677.66,12.300328,2.370000000053551,4.233303000000001
45,-321678.56,11.628446,1.470000000030268,3.561421000000001
60,-321679.34,10.718512,0.6900000000023283,2.6514870000000013
75,-321679.88,10.024411,0.150000000023283,1.9573860000000014
90,-321680.03,9.37425,0,1.3072250000000007
105,-321679.9,8.925526,0.1300000000046566,0.8585010000000004
120,-321679.72,8.689049,0.3100000000558793,0.6220240000000015
135,-321679.7,8.512747,0.3300000000162981,0.44572199999999995
150,-321679.7,8.346149,0.3300000000162981,0.27912400000000126
165,-321679.6,8.18099,0.4300000000512227,0.11396500000000032
180,-321679.5,8.067025,0.5300000000279397,0
-165,-362598.5,17.10829,3.7999999999883594,3.985047
-150,-362600.06,13.921986,2.2399999999906868,0.798743
-135,-362600.47,13.123861,1.830000000016298,0.0006179999999993413
-120,-362599.8,13.79995,2.5,0.6767070000000004
-105,-362601.1,15.806335,1.2000000000116415,2.6830920000000003
-90,-362600.72,16.299257,1.580000000016298,3.1760140000000003
-75,-362601.2,15.737046,1.099999999976717,2.613802999999999
-60,-362601.97,14.689879,0.3300000000162981,1.566635999999999
-45,-362602.3,14.286652,0,1.1634089999999997
-30,-362601.6,15.644381,0.7000000000116415,2.5211379999999988
-15,-362599.9,19.623867,2.3999999999650754,6.500624
0,-362596.38,22.652946,5.919999999983702,9.529703
15,-362598.3,17.533062,4,4.409819000000001
30,-362599.94,14.143141,2.35999999998603,1.0198979999999995
45,-362600.47,13.125735,1.830000000016298,0.0024920000000001608
60,-362599.9,13.7723465,2.3999999999650754,0.649103499999999
75,-362601.2,15.737046,1.099999999976717,2.613802999999999
90,-362600.72,16.299255,1.580000000016298,3.1760119999999983
105,-362601.1,15.806334,1.2000000000116415,2.6830909999999992
120,-362599.8,13.809175,2.5,0.6859319999999993
135,-362600.47,13.123243,1.830000000016298,0
150,-362600.06,13.922741,2.2399999999906868,0.7994979999999998
165,-362598.5,17.121483,3.7999999999883594,3.998240000000001
180,-362596.4,22.514524,5.899999999965075,9.391281000000001
-165,-467061.56,-30.096064,1.099999999976717,6.510862000000003
-150,-467062.44,-32.877113,0.2199999999720603,3.729813
-135,-467062.62,-34.40524,0.0399999999790452,2.2016860000000023
-120,-467062.2,-34.9462,0.4599999999627471,1.660726000000004
-105,-467061.47,-35.242214,1.1900000000023283,1.3647120000000044
-90,-467061.12,-35.463257,1.5399999999790452,1.1436690000000027
-75,-467061.56,-35.14996,1.099999999976717,1.4569660000000013
-60,-467062.3,-34.845833,0.3599999999860301,1.7610930000000025
-45,-467062.66,-34.160896,0,2.4460300000000004
-30,-467062.3,-32.377495,0.3599999999860301,4.229430999999998
-15,-467061.75,-26.224907,0.9099999999743886,10.382019
0,-467061.4,-21.01563,1.2599999999511056,15.591296
15,-467061.75,-26.33365,0.9099999999743886,10.273276000000003
30,-467062.3,-32.362404,0.3599999999860301,4.2445220000000035
45,-467062.66,-34.16357,0,2.4433560000000014
60,-467062.3,-34.846924,0.3599999999860301,1.760002
75,-467061.3,-36.45552,1.3599999999860302,0.15140600000000148
90,-467061.12,-35.464348,1.5399999999790452,1.1425780000000003
105,-467061.22,-36.606926,1.4400000000023283,0
120,-467062.2,-34.936295,0.4599999999627471,1.6706310000000002
135,-467062.62,-34.40867,0.0399999999790452,2.1982560000000007
150,-467062.44,-32.953228,0.2199999999720603,3.6536979999999986
165,-467061.56,-30.004786,1.099999999976717,6.602140000000002
180,-467061.4,-21.02372,1.2599999999511056,15.583206
-165,-286491.75,-99.030685,0.8699999999953434,2.953559999999996
-150,-286492.28,-99.76555,0.3399999999674037,2.2186949999999968
-135,-286492.62,-100.65247,0,1.3317750000000075
-120,-286492.6,-101.38733,0.0200000000186264,0.5969149999999956
-105,-286492.12,-101.84248,0.5,0.14176500000000658
-90,-286491.3,-101.984245,1.320000000006985,0
-75,-286490.94,-101.518715,1.679999999993015,0.4655300000000011
-60,-286492.1,-101.61054,0.5200000000186265,0.37370500000000106
-45,-286492.62,-101.23022,0,0.7540249999999986
-30,-286492.53,-100.33125,0.0899999999674037,1.6529950000000042
-15,-286492.06,-99.36226,0.5599999999976717,2.621984999999995
0,-286491.5,-98.74917,1.1199999999953434,3.235074999999995
15,-286492.06,-99.36151,0.5599999999976717,2.622735000000006
30,-286492.53,-100.335785,0.0899999999674037,1.64846
45,-286492.62,-101.22816,0,0.7560849999999988
60,-286492.1,-101.6154,0.5200000000186265,0.3688450000000074
75,-286490.94,-101.58277,1.679999999993015,0.4014750000000049
90,-286491.3,-101.98409,1.320000000006985,0.00015500000000656655
105,-286492.12,-101.83851,0.5,0.14573500000000195
120,-286492.6,-101.389854,0.0200000000186264,0.5943910000000017
135,-286492.62,-100.65249,0,1.3317550000000011
150,-286492.28,-99.76801,0.3399999999674037,2.2162349999999975
165,-286491.75,-99.03255,0.8699999999953434,2.951695000000001
180,-286491.5,-98.752,1.1199999999953434,3.232245000000006
-165,-394931.28,37.357212,7.96999999997206,8.300507999999997
-150,-394932.12,34.628635,7.130000000004657,5.571931000000003
-135,-394932.3,32.664547,6.9500000000116415,3.607842999999999
-120,-394931.9,31.549097,7.349999999976717,2.492393
-105,-394931.28,30.87678,7.96999999997206,1.8200760000000002
-90,-394931.47,29.9834,7.78000000002794,0.9266959999999997
-75,-394933.3,29.665226,5.9500000000116415,0.6085220000000007
-60,-394935.44,29.353128,3.809999999997672,0.2964240000000018
-45,-394937.16,29.37176,2.090000000025612,0.31505599999999845
-30,-394938.3,29.831356,0.9500000000116416,0.7746519999999997
-15,-394938.94,30.351334,0.3099999999976717,1.2946300000000015
0,-394939.25,30.384523,0,1.3278190000000016
15,-394939.22,29.871729,0.0300000000279396,0.8150249999999986
30,-394938.62,29.294044,0.6300000000046566,0.23733999999999966
45,-394937.38,29.056704,1.8699999999953436,0
60,-394935.47,29.217337,3.78000000002794,0.1606330000000007
75,-394933.22,29.65388,6.03000000002794,0.597176000000001
90,-394931.44,29.983662,7.809999999997672,0.9269579999999991
105,-394931.22,30.802591,8.03000000002794,1.7458869999999997
120,-394931.6,31.591219,7.650000000023283,2.534514999999999
135,-394931.62,33.024338,7.630000000004657,3.9676340000000003
150,-394930.9,35.73588,8.349999999976717,6.679176000000002
165,-394929.84,40.85733,9.409999999974389,11.800625999999998
180,-394930.16,40.07685,9.090000000025611,11.020146
-165,-345707.2,-94.1995,0.5800000000162981,0
-150,-345705.75,-94.029205,2.03000000002794,0.17029499999999587
-135,-345703.84,-93.26169,3.940000000002328,0.9378099999999989
-120,-345701.97,-92.40309,5.810000000055879,1.7964099999999945
-105,-345700.22,-91.62985,7.560000000055879,2.5696499999999958
-90,-345698.72,-90.45901,9.06000000005588,3.740489999999994
-75,-345698.1,-88.95463,9.680000000051225,5.244870000000006
-60,-345698.8,-88.00329,8.980000000039581,6.196209999999994
-45,-345700.3,-87.634254,7.480000000039581,6.565246000000002
-30,-345701.78,-87.59865,6,6.600849999999994
-15,-345702.78,-87.625984,5,6.573515999999998
0,-345703.1,-87.74614,4.680000000051223,6.4533600000000035
15,-345702.56,-87.88444,5.220000000030268,6.315060000000003
30,-345701.44,-87.98528,6.340000000025611,6.214219999999997
45,-345700.03,-88.01959,7.75,6.179910000000007
60,-345699.16,-88.12982,8.620000000053551,6.069680000000005
75,-345698.8,-88.731125,8.980000000039581,5.468374999999995
90,-345699,-89.46393,8.78000000002794,4.735569999999996
105,-345699.84,-90.40524,7.940000000002328,3.794259999999994
120,-345701.4,-91.41379,6.380000000004657,2.7857099999999946
135,-345703.62,-92.23832,4.160000000032596,1.9611799999999988
150,-345705.78,-93.00114,2,1.1983599999999939
165,-345707.28,-93.62447,0.5,0.5750299999999982
180,-345707.78,-94.0189,0,0.18059999999999832
-165,-478419.47,-135.54375,2.370000000053551,3.126140000000021
-150,-478417.3,-128.78786,4.540000000037253,9.882030000000015
-135,-478416.7,-127.36695,5.14000000001397,11.302940000000007
-120,-478416.34,-127.17602,5.5,11.493870000000015
-105,-478416.4,-127.884926,5.440000000002328,10.784964000000016
-90,-478418.44,-133.42503,3.400000000023283,5.244860000000017
-75,-478419.66,-135.73685,2.1800000000512227,2.9330400000000054
-60,-478419.84,-135.93971,2,2.7301800000000185
-45,-478419.06,-134.83983,2.78000000002794,3.830060000000003
-30,-478417.84,-132.01614,4,6.653750000000002
-15,-478416.3,-127.38395,5.540000000037253,11.28594000000001
0,-478416.4,-127.507126,5.440000000002328,11.16276400000001
15,-478416.78,-127.60012,5.059999999997672,11.069770000000005
30,-478417.47,-129.20206,4.370000000053551,9.46783000000002
45,-478419.7,-135.91328,2.14000000001397,2.7566100000000233
60,-478421,-138.4685,0.8400000000256114,0.2013900000000035
75,-478421.78,-138.6274,0.0599999999976716,0.042490000000015016
90,-478421.75,-137.75946,0.0900000000256113,0.9104300000000194
105,-478421.28,-136.08871,0.5599999999976717,2.5811800000000176
120,-478421.1,-135.34529,0.7400000000488944,3.3246000000000038
135,-478421.4,-136.57547,0.4400000000023283,2.0944200000000137
150,-478421.84,-138.13338,0,0.5365100000000211
165,-478421.62,-138.66989,0.2200000000302679,0
180,-478420.88,-138.30324,0.9600000000209548,0.36665000000002124
-165,-416733.4,-178.47379,0.3800000000046566,0.45125999999999067
-150,-416732.12,-177.09929,1.6600000000325963,1.8257600000000025
-135,-416729.94,-174.99782,3.8400000000256114,3.9272300000000087
-120,-416727.03,-172.31125,6.75,6.613799999999998
-105,-416723.72,-169.13033,10.06000000005588,9.794720000000012
-90,-416722.1,-162.17978,11.680000000051225,16.745270000000005
-75,-416724.28,-165.15065,9.5,13.774399999999986
-60,-416725.78,-167.4992,8,11.425849999999997
-45,-416726.56,-169.35838,7.220000000030268,9.566669999999988
-30,-416726.72,-170.67722,7.060000000055879,8.247829999999993
-15,-416726.34,-171.2663,7.440000000002328,7.658749999999998
0,-416725.56,-170.86592,8.220000000030268,8.05913000000001
15,-416726.34,-171.26915,7.440000000002328,7.655900000000003
30,-416726.72,-170.6814,7.060000000055879,8.243650000000002
45,-416726.56,-169.35838,7.220000000030268,9.566669999999988
60,-416725.78,-167.50151,8,11.423540000000003
75,-416724.28,-165.14413,9.5,13.780920000000009
90,-416722.1,-162.16745,11.680000000051225,16.757599999999996
105,-416723.72,-169.14088,10.06000000005588,9.784169999999989
120,-416727.03,-172.31087,6.75,6.614180000000005
135,-416729.94,-174.99666,3.8400000000256114,3.9283900000000074
150,-416732.12,-177.09573,1.6600000000325963,1.8293199999999956
165,-416733.4,-178.47379,0.3800000000046566,0.45125999999999067
180,-416733.78,-178.92505,0,0
-165,-512153.94,-93.01121,0.4600000000209547,0.2498599999999982
-150,-512152.56,-92.34193,1.8400000000256116,0.9191399999999987
-135,-512150.5,-91.26843,3.900000000023283,1.9926400000000086
-120,-512148.2,-89.79199,6.2000000000116415,3.4690800000000053
-105,-512146.25,-88.376854,8.150000000023283,4.884216000000009
-90,-512145.5,-87.87083,8.900000000023283,5.390240000000006
-75,-512146.28,-88.6156,8.119999999995343,4.645470000000003
-60,-512148.2,-90.04481,6.2000000000116415,3.2162600000000054
-45,-512150.53,-91.406425,3.869999999995344,1.854645000000005
-30,-512152.56,-92.40713,1.8400000000256116,0.8539400000000086
-15,-512153.94,-93.03491,0.4600000000209547,0.22616000000000724
0,-512154.4,-93.26107,0,0
15,-512153.94,-93.03491,0.4600000000209547,0.22616000000000724
30,-512152.56,-92.40713,1.8400000000256116,0.8539400000000086
45,-512150.53,-91.406425,3.869999999995344,1.854645000000005
60,-512148.2,-90.04481,6.2000000000116415,3.2162600000000054
75,-512146.28,-88.61554,8.119999999995343,4.645530000000008
90,-512145.5,-87.87083,8.900000000023283,5.390240000000006
105,-512146.25,-88.37628,8.150000000023283,4.8847900000000095
120,-512148.2,-89.79355,6.2000000000116415,3.4675200000000075
135,-512150.5,-91.268936,3.900000000023283,1.9921340000000072
150,-512152.56,-92.3427,1.8400000000256116,0.9183700000000101
165,-512153.94,-93.01121,0.4600000000209547,0.2498599999999982
180,-512154.4,-93.25768,0,0.003390000000010218
-165,-245919.17,18.417334,0.2299999999813735,2.723954000000001
-150,-245919.38,18.840298,0.0199999999895226,3.146918000000001
-135,-245919.4,18.69816,0,3.004780000000002
-120,-245919.27,18.098404,0.1300000000046566,2.405023999999999
-105,-245919.02,17.277967,0.3800000000046566,1.5845870000000009
-90,-245918.75,16.40449,0.6499999999941792,0.7111099999999997
-75,-245918.44,15.69338,0.9599999999918508,0
-60,-245917.72,15.851323,1.679999999993015,0.15794300000000128
-45,-245916.19,17.779438,3.209999999991851,2.0860579999999995
-30,-245914.05,21.734053,5.350000000005821,6.040673
-15,-245911.77,26.867083,7.630000000004657,11.173703000000001
0,-245909.83,31.348972,9.570000000006983,15.655592
15,-245908.3,34.711613,11.10000000000582,19.018233000000002
30,-245907.39,36.37406,12.00999999998021,20.680680000000002
45,-245908.12,35.813625,11.279999999998836,20.120245000000004
60,-245908.94,35.662033,10.459999999991853,19.968653000000003
75,-245910.16,31.454483,9.239999999990689,15.761103
90,-245911.95,27.16417,7.449999999982538,11.47079
105,-245914.16,21.483566,5.239999999990687,5.790186
120,-245916.44,17.345703,2.959999999991851,1.6523230000000009
135,-245917.94,15.78557,1.459999999991851,0.09219000000000044
150,-245918.53,15.946033,0.8699999999953434,0.25265300000000046
165,-245918.72,16.72993,0.6799999999930151,1.03655
180,-245918.92,17.633419,0.4799999999813735,1.9400390000000005
-165,-372052.28,7.502787,3.4699999999720603,3.0686786999999995
-150,-372050.78,9.248381,4.96999999997206,4.8142727
-135,-372048.47,11.927198,7.28000000002794,7.4930897000000005
-120,-372045.47,14.787243,10.28000000002794,10.3531347
-105,-372042.3,17.047335,13.450000000011642,12.6132267
-90,-372040.5,15.205257,15.25,10.7711487
-75,-372043.1,12.974552,12.650000000023285,8.540443699999999
-60,-372046.47,10.588089,9.28000000002794,6.1539807
-45,-372049.72,8.770605,6.03000000002794,4.3364967
-30,-372052.16,7.2306046,3.590000000025612,2.7964963000000003
-15,-372053.56,5.5560675,2.1900000000023283,1.1219592
0,-372054.03,4.4341083,1.7199999999720603,0
15,-372053.53,4.4547796,2.2199999999720603,0.02067130000000006
30,-372052,5.630855,3.75,1.1967467000000003
45,-372049.47,7.7783756,6.28000000002794,3.3442673000000003
60,-372046.03,10.493709,9.71999999997206,6.059600700000001
75,-372042.16,12.795982,13.590000000025611,8.3618737
90,-372042.4,18.054981,13.349999999976715,13.620872700000001
105,-372045.53,15.955372,10.21999999997206,11.5212637
120,-372048.84,13.12775,6.909999999974389,8.6936417
135,-372051.72,10.267307,4.03000000002794,5.8331987000000005
150,-372053.88,7.746204,1.8699999999953436,3.3120956999999995
165,-372055.2,5.9732423,0.5499999999883585,1.5391339999999998
180,-372055.75,5.210156,0,0.7760476999999995
-165,-319967.06,18.617147,2.9099999999743886,3.837410499999999
-150,-319965.28,20.743923,4.689999999944121,5.9641864999999985
-135,-319963.9,22.180996,6.069999999948777,7.4012595
-120,-319964.06,21.362835,5.909999999974389,6.5830985
-105,-319965.47,19.184784,4.5,4.4050475
-90,-319966.66,17.859707,3.309999999997672,3.0799705
-75,-319966.75,18.821844,3.2199999999720603,4.042107499999998
-60,-319967.22,17.89691,2.75,3.117173499999998
-45,-319966.66,18.479557,3.309999999997672,3.6998204999999995
-30,-319964.97,20.627392,5,5.8476555
-15,-319963.66,22.510836,6.309999999997672,7.731099500000001
0,-319963.84,22.237545,6.129999999946449,7.4578085000000005
15,-319965.44,20.148329,4.529999999969732,5.3685925
30,-319967.6,17.415848,2.3699999999953434,2.6361115
45,-319969.3,15.309289,0.6699999999837019,0.5295524999999994
60,-319969.97,14.7797365,0,0
75,-319969.78,15.576853,0.1899999999441206,0.7971164999999996
90,-319969.1,16.832678,0.8699999999953434,2.052941500000001
105,-319968.28,17.946262,1.6899999999441206,3.1665255000000005
120,-319968.06,18.041636,1.9099999999743889,3.2618995
135,-319968.22,17.474174,1.75,2.694437500000001
150,-319967.9,17.973816,2.0699999999487773,3.194079499999999
165,-319968.03,17.79465,1.9399999999441209,3.0149135000000005
180,-319968.1,17.472433,1.8699999999953436,2.6926964999999985
-165,-503795.8,5.674554,2.5,2.2141762999999997
-150,-503795.3,6.015935,3,2.5555573
-135,-503795.16,5.499312,3.14000000001397,2.0389342999999998
-120,-503795.44,4.9102325,2.85999999998603,1.4498548000000002
-105,-503796.38,4.361663,1.9199999999837016,0.9012853000000001
-90,-503797.44,3.826926,0.8599999999860302,0.3665482999999998
-75,-503798.22,3.9778888,0.0800000000162981,0.5175111000000001
-60,-503798.3,4.311456,0,0.8510782999999997
-45,-503797.84,3.7695405,0.4599999999627471,0.3091628000000002
-30,-503796.78,4.0087214,1.5199999999604188,0.5483436999999998
-15,-503795.75,4.595151,2.5499999999883585,1.1347733000000004
0,-503795.22,5.2334595,3.080000000016298,1.7730818000000004
15,-503795.22,5.8337293,3.080000000016298,2.3733516
30,-503795.56,6.3135424,2.7399999999906868,2.8531647
45,-503796.3,5.38496,2,1.9245823000000004
60,-503797,4.65628,1.2999999999883585,1.1959022999999998
75,-503797.38,3.947295,0.919999999983702,0.4869173
90,-503797.47,3.480682,0.8300000000162981,0.02030429999999983
105,-503797.4,3.6292157,0.8999999999650754,0.16883800000000004
120,-503797.34,4.0480714,0.9599999999627472,0.5876937000000004
135,-503797.44,3.4603777,0.8599999999860302,0
150,-503797.44,3.7079701,0.8599999999860302,0.24759239999999982
165,-503797.2,4.326527,1.099999999976717,0.8661492999999996
180,-503796.62,5.03448,1.679999999993015,1.5741023000000003
-165,-468465.38,-52.42148,1.9600000000209548,3.543849999999999
-150,-468466.5,-54.68603,0.8400000000256114,1.2792999999999992
-135,-468467.16,-55.899483,0.1800000000512227,0.0658470000000051
-120,-468467.34,-55.96528,0,5.000000000165983e-05
-105,-468467,-55.43937,0.3400000000256113,0.5259600000000049
-90,-468466.6,-54.818764,0.7400000000488944,1.146566
-75,-468466.3,-54.30744,1.040000000037253,1.6578900000000019
-60,-468466.4,-54.646545,0.9400000000023284,1.3187849999999983
-45,-468466,-54.280235,1.3400000000256114,1.685095000000004
-30,-468465.16,-52.804256,2.1800000000512227,3.1610739999999993
-15,-468464,-50.291656,3.340000000025612,5.673673999999998
0,-468463.03,-48.390366,4.309999999997672,7.574964000000001
15,-468464,-50.292744,3.340000000025612,5.672586000000003
30,-468465.16,-52.805283,2.1800000000512227,3.1600469999999987
45,-468466,-54.280235,1.3400000000256114,1.685095000000004
60,-468466.4,-54.64406,0.9400000000023284,1.3212699999999984
75,-468466.3,-54.308647,1.040000000037253,1.656683000000001
90,-468466.6,-54.818764,0.7400000000488944,1.146566
105,-468467,-55.439377,0.3400000000256113,0.5259530000000012
120,-468467.34,-55.96533,0,0
135,-468467.16,-55.901978,0.1800000000512227,0.06335200000000185
150,-468466.5,-54.68839,0.8400000000256114,1.2769400000000033
165,-468465.38,-52.425453,1.9600000000209548,3.539877000000004
180,-468464.25,-50.29996,3.090000000025612,5.665370000000003
-165,-334148.53,1.6009775,0.2699999999604188,0.23271439999999988
-150,-334147.7,2.2971811,1.099999999976717,0.9289179999999999
-135,-334146.3,3.4671957,2.5,2.0989326
-120,-334144.62,4.9172087,4.179999999993015,3.5489455999999997
-105,-334143.03,6.2793856,5.769999999960419,4.9111225
-90,-334142.34,6.9260883,6.459999999962747,5.5578252
-75,-334143,6.317152,5.799999999988359,4.9488889
-60,-334144.53,4.9377265,4.269999999960419,3.5694634
-45,-334146.22,3.455681,2.580000000016298,2.0874178999999997
-30,-334147.62,2.285043,1.179999999993015,0.9167798999999999
-15,-334148.5,1.5816705,0.2999999999883584,0.2134073999999999
0,-334148.8,1.3683311,0,6.799999999995698e-05
15,-334148.5,1.5816733,0.2999999999883584,0.2134102
30,-334147.62,2.2850394,1.179999999993015,0.9167763
45,-334146.22,3.4556801,2.580000000016298,2.087417
60,-334144.53,4.932344,4.269999999960419,3.5640808999999996
75,-334143,6.3171544,5.799999999988359,4.9488913
90,-334142.34,6.9260893,6.459999999962747,5.5578262
105,-334143.03,6.279211,5.769999999960419,4.9109479
120,-334144.62,4.917205,4.179999999993015,3.5489419
135,-334146.3,3.4616582,2.5,2.0933951
150,-334147.7,2.2971807,1.099999999976717,0.9289176000000001
165,-334148.53,1.6009771,0.2699999999604188,0.23271399999999987
180,-334148.8,1.3682631,0,0
-165,-418092.22,31.806149,0,1.3106590000000011
-150,-418091.94,32.910217,0.279999999969732,2.4147270000000027
-135,-418091.22,34.313683,1,3.8181929999999973
-120,-418090.16,36.09985,2.059999999997672,5.604360000000003
-105,-418088.9,38.14644,3.3199999999487773,7.650949999999998
-90,-418087.53,39.911827,4.689999999944121,9.416337000000002
-75,-418089.06,38.088478,3.1599999999743886,7.592988000000002
-60,-418090.34,35.96988,1.879999999946449,5.474390000000003
-45,-418091.38,34.239265,0.8399999999674037,3.743775000000003
-30,-418092,32.821327,0.2199999999720603,2.3258369999999964
-15,-418092.22,31.669365,0,1.173874999999999
0,-418092.12,30.49549,0.0999999999767169,0
15,-418092.22,31.68237,0,1.1868799999999986
30,-418092,32.80432,0.2199999999720603,2.308829999999997
45,-418091.38,34.241905,0.8399999999674037,3.7464150000000025
60,-418090.34,35.97637,1.879999999946449,5.480880000000003
75,-418089.06,38.061512,3.1599999999743886,7.566022
90,-418087.53,39.90708,4.689999999944121,9.41159
105,-418088.9,38.148674,3.3199999999487773,7.6531839999999995
120,-418090.16,36.07951,2.059999999997672,5.584019999999999
135,-418091.22,34.310585,1,3.815095000000003
150,-418091.94,32.89514,0.279999999969732,2.3996499999999976
165,-418092.22,31.80738,0,1.3118899999999982
180,-418092.12,30.594511,0.0999999999767169,0.09902100000000047
-165,-344203.3,-18.052765,0.2600000000093132,0.23355699999999757
-150,-344202.5,-17.323238,1.0599999999976717,0.9630839999999985
-135,-344201.22,-16.110744,2.340000000025612,2.175577999999998
-120,-344199.66,-14.609567,3.900000000023283,3.676754999999998
-105,-344198.22,-13.267557,5.340000000025611,5.018764999999998
-90,-344197.62,-12.67088,5.940000000002328,5.615441999999998
-75,-344198.2,-13.184704,5.35999999998603,5.101617999999998
-60,-344199.6,-14.510893,3.9600000000209543,3.775428999999999
-45,-344201.2,-16.035038,2.35999999998603,2.2512839999999983
-30,-344202.5,-17.296528,1.0599999999976717,0.9897939999999998
-15,-344203.3,-18.047056,0.2600000000093132,0.2392659999999971
0,-344203.56,-18.286322,0,0
15,-344203.3,-18.047056,0.2600000000093132,0.2392659999999971
30,-344202.5,-17.296524,1.0599999999976717,0.9897979999999968
45,-344201.2,-16.035038,2.35999999998603,2.2512839999999983
60,-344199.6,-14.510893,3.9600000000209543,3.775428999999999
75,-344198.2,-13.184704,5.35999999998603,5.101617999999998
90,-344197.62,-12.67088,5.940000000002328,5.615441999999998
105,-344198.22,-13.267557,5.340000000025611,5.018764999999998
120,-344199.66,-14.609567,3.900000000023283,3.676754999999998
135,-344201.22,-16.109154,2.340000000025612,2.177167999999998
150,-344202.5,-17.323238,1.0599999999976717,0.9630839999999985
165,-344203.3,-18.052757,0.2600000000093132,0.2335649999999987
180,-344203.56,-18.285234,0,0.0010879999999993117
-165,-370413.7,3.0794637,0.3300000000162981,0.4166688999999999
-150,-370413.97,4.668887,0.0600000000558793,2.0060922
-135,-370413.34,7.52302,0.6900000000023283,4.8602252
-120,-370412.34,11.147712,1.6900000000023283,8.4849172
-105,-370411.44,14.795539,2.590000000025612,12.1327442
-90,-370411.03,16.301878,3,13.639083199999998
-75,-370412,12.833875,2.03000000002794,10.1710802
-60,-370413.16,8.820581,0.870000000053551,6.1577862
-45,-370413.9,5.7711377,0.1300000000046566,3.1083429
-30,-370413.94,4.1469564,0.0900000000256113,1.4841615999999997
-15,-370413.16,3.9681644,0.870000000053551,1.3053696000000001
0,-370411.53,5.262322,2.5,2.5995272000000003
15,-370413.25,4.1088133,0.7800000000279397,1.4460184999999997
30,-370414.03,4.6326814,0,1.9698866000000002
45,-370414,6.4508276,0.0300000000279396,3.7880328000000003
60,-370413.16,9.424504,0.870000000053551,6.7617092
75,-370411.9,13.083973,2.1300000000046566,10.4211782
90,-370411.03,16.365818,3,13.7030232
105,-370411.44,14.162572,2.590000000025612,11.4997772
120,-370412.47,10.362002,1.5600000000558794,7.6992072
135,-370413.44,6.718219,0.5900000000256114,4.055424200000001
150,-370413.9,4.00256,0.1300000000046566,1.3397652
165,-370413.7,2.6627948,0.3300000000162981,0
180,-370412.25,3.11616,1.7800000000279397,0.4533651999999999
-165,-245918.72,16.731012,0.6799999999930151,1.040379999999999
-150,-245918.53,15.944579,0.8699999999953434,0.25394699999999837
-135,-245917.94,15.782178,1.459999999991851,0.09154599999999924
-120,-245916.44,17.361238,2.959999999991851,1.6706059999999994
-105,-245914.16,21.483341,5.239999999990687,5.7927089999999986
-90,-245911.95,27.133495,7.449999999982538,11.442863
-75,-245910.16,31.421646,9.239999999990689,15.731013999999998
-60,-245908.33,34.057014,11.070000000006983,18.366382
-45,-245908.14,35.93223,11.25999999998021,20.241597999999996
-30,-245907.81,37.115665,11.589999999996508,21.425033
-15,-245908.3,34.58881,11.10000000000582,18.898178
0,-245909.83,31.348469,9.570000000006983,15.657837
15,-245911.77,26.877083,7.630000000004657,11.186450999999998
30,-245914.05,21.73654,5.350000000005821,6.045908000000001
45,-245916.19,17.769224,3.209999999991851,2.0785920000000004
60,-245917.72,15.848676,1.679999999993015,0.15804399999999852
75,-245918.44,15.690632,0.9599999999918508,0
90,-245918.75,16.404602,0.6499999999941792,0.7139699999999998
105,-245919.02,17.276373,0.3800000000046566,1.5857409999999987
120,-245919.27,18.098402,0.1300000000046566,2.4077699999999993
135,-245919.4,18.699995,0,3.0093630000000005
150,-245919.38,18.8403,0.0199999999895226,3.1496679999999984
165,-245919.17,18.417316,0.2299999999813735,2.7266839999999988
180,-245918.92,17.633419,0.4799999999813735,1.9427869999999992
-165,-335819.94,-37.90315,11.340000000025611,11.738024000000003
-150,-335822.44,-43.248856,8.840000000025611,6.392317999999996
-135,-335825.3,-46.332874,5.980000000039581,3.3083000000000027
-120,-335827.22,-48.40954,4.060000000055879,1.2316339999999997
-105,-335828.22,-49.38515,3.06000000005588,0.2560239999999965
-90,-335828.4,-49.641174,2.8800000000046566,0
-75,-335827.97,-49.269966,3.31000000005588,0.37120800000000287
-60,-335827.28,-48.71634,4,0.924833999999997
-45,-335827.16,-47.223087,4.120000000053551,2.418087
-30,-335827.62,-48.436172,3.660000000032596,1.2050020000000004
-15,-335828.03,-49.115707,3.25,0.525466999999999
0,-335831.28,-49.50996,0,0.13121399999999994
15,-335831.12,-49.142902,0.1600000000325963,0.49827200000000005
30,-335827.62,-48.44435,3.660000000032596,1.1968239999999994
45,-335827.16,-47.237362,4.120000000053551,2.403812000000002
60,-335827.28,-48.62318,4,1.0179940000000016
75,-335827.97,-49.285145,3.31000000005588,0.3560289999999995
90,-335828.4,-49.638798,2.8800000000046566,0.0023759999999981574
105,-335828.22,-49.387177,3.06000000005588,0.25399699999999825
120,-335827.22,-48.389652,4.060000000055879,1.2515220000000014
135,-335825.28,-46.476723,6,3.1644509999999997
150,-335822.5,-43.061794,8.78000000002794,6.5793800000000005
165,-335819.88,-38.27476,11.400000000023285,11.366413999999999
180,-335819.06,-35.689774,12.220000000030268,13.9514
-165,-335618.34,14.3096285,1.7199999999720603,2.2108795000000008
-150,-335619.28,13.260936,0.779999999969732,1.1621869999999994
-135,-335619.88,12.529296,0.179999999993015,0.4305470000000007
-120,-335620.06,12.126397,0,0.027648000000001005
-105,-335619.66,12.09875,0.400000000023283,1.0000000010279564e-06
-90,-335618.6,12.476242,1.4600000000209548,0.3774929999999994
-75,-335618,17.259838,2.059999999997672,5.161088999999999
-60,-335617.22,17.800667,2.840000000025612,5.701918000000001
-45,-335615.3,18.16651,4.760000000009313,6.067760999999999
-30,-335613.34,18.370247,6.71999999997206,6.271497999999999
-15,-335612,18.948996,8.059999999997672,6.850247000000001
0,-335611.22,18.882761,8.840000000025611,6.784011999999999
15,-335611.97,18.841797,8.090000000025611,6.743048
30,-335613.34,18.456055,6.71999999997206,6.3573059999999995
45,-335615.28,18.178389,4.779999999969732,6.0796399999999995
60,-335617.22,17.767153,2.840000000025612,5.668404000000001
75,-335618,17.25984,2.059999999997672,5.161091000000001
90,-335618.6,12.47857,1.4600000000209548,0.37982099999999974
105,-335619.66,12.098749,0.400000000023283,0
120,-335620.06,12.126398,0,0.027649000000000257
135,-335619.88,12.538338,0.179999999993015,0.4395889999999998
150,-335619.28,13.296835,0.779999999969732,1.198086
165,-335618.34,14.260025,1.7199999999720603,2.161276000000001
180,-335617.12,15.401737,2.9400000000023283,3.302988000000001
-165,-300896.88,5.314562,0.150000000023283,0.7051316999999999
-150,-300896.7,6.4400373,0.3300000000162981,1.8306070000000005
-135,-300896.44,7.50758,0.5900000000256114,2.8981497000000003
-120,-300896.3,7.905815,0.7300000000395812,3.2963847
-105,-300896.4,7.358721,0.6300000000046566,2.7492907000000004
-90,-300896.8,6.720464,0.2300000000395812,2.1110337
-75,-300897.03,6.4765525,0,1.8671222000000007
-60,-300896.7,7.2475977,0.3300000000162981,2.6381674000000004
-45,-300895.34,8.488674,1.6900000000023283,3.8792437
-30,-300893.7,10.1728325,3.330000000016298,5.5634022000000005
-15,-300892.38,11.526897,4.650000000023283,6.9174667
0,-300891.9,12.060371,5.130000000004657,7.4509407
15,-300892.38,11.529503,4.650000000023283,6.9200727
30,-300893.7,10.170825,3.330000000016298,5.561394700000001
45,-300895.34,8.488677,1.6900000000023283,3.8792466999999995
60,-300896.7,7.270415,0.3300000000162981,2.6609847
75,-300897.03,6.47519,0,1.8657597
90,-300896.8,6.7221193,0.2300000000395812,2.1126890000000005
105,-300896.4,7.434336,0.6300000000046566,2.8249057000000004
120,-300896.3,7.90589,0.7300000000395812,3.2964597000000007
135,-300896.44,7.5082245,0.5900000000256114,2.8987942
150,-300896.7,6.4384704,0.3300000000162981,1.8290401000000003
165,-300896.88,5.314556,0.150000000023283,0.7051257
180,-300896.78,4.6094303,0.25,0
-165,-321672.03,-10.645143,1.849999999976717,4.464373
-150,-321673.28,-12.992992,0.5999999999767169,2.116524
-135,-321673.88,-14.521914,0,0.5876019999999986
-120,-321673.75,-15.109516,0.1300000000046566,0
-105,-321673.16,-15.106947,0.720000000030268,0.0025689999999993773
-90,-321672.7,-15.030276,1.179999999993015,0.07923999999999864
-75,-321672.72,-14.9256115,1.1600000000325963,0.1839044999999988
-60,-321673.25,-14.601515,0.6300000000046566,0.5080010000000001
-45,-321673.8,-13.718179,0.0800000000162981,1.391337
-30,-321673.8,-11.924555,0.0800000000162981,3.1849609999999995
-15,-321673.03,-8.794192,0.8499999999767169,6.315323999999999
0,-321672.2,-5.075196,1.679999999993015,10.03432
15,-321673.03,-8.806616,0.8499999999767169,6.302899999999999
30,-321673.8,-11.921285,0.0800000000162981,3.188231
45,-321673.8,-13.715985,0.0800000000162981,1.3935309999999994
60,-321673.25,-14.601511,0.6300000000046566,0.5080049999999989
75,-321672.72,-14.925963,1.1600000000325963,0.18355299999999986
90,-321672.7,-15.033923,1.179999999993015,0.07559299999999958
105,-321673.16,-15.108723,0.720000000030268,0.0007929999999998216
120,-321673.75,-15.106478,0.1300000000046566,0.003038000000000096
135,-321673.88,-14.530726,0,0.5787899999999997
150,-321673.28,-12.992344,0.5999999999767169,2.117172
165,-321672.03,-10.655326,1.849999999976717,4.454189999999999
180,-321671.25,-9.014362,2.6300000000046566,6.095153999999999
-165,-524590,13.344638,0,7.3054286
-150,-524589.56,11.691109,0.4399999999441206,5.651899600000001
-135,-524588,11.431571,2,5.3923616
-120,-524584.44,6.3927965,5.560000000055879,0.3535871000000004
-105,-524584.6,6.240269,5.400000000023283,0.20105959999999978
-90,-524585.4,6.0421047,4.599999999976717,0.002895300000000489
-75,-524587.06,6.046587,2.9399999999441206,0.007377599999999873
-60,-524588.6,6.7109504,1.400000000023283,0.6717409999999999
-45,-524589.4,8.260077,0.5999999999767169,2.220867600000001
-30,-524589.2,10.6331625,0.8000000000465661,4.593953099999999
-15,-524588.2,13.524893,1.800000000046566,7.485683600000001
0,-524587.25,15.859368,2.75,9.8201586
15,-524588.2,13.509926,1.800000000046566,7.4707166
30,-524589.2,10.638363,0.8000000000465661,4.5991536
45,-524589.4,8.246944,0.5999999999767169,2.2077345999999993
60,-524588.6,6.710998,1.400000000023283,0.6717886000000002
75,-524587.06,6.0498214,2.9399999999441206,0.010612000000000066
90,-524585.4,6.0392094,4.599999999976717,0
105,-524584.6,6.2418737,5.400000000023283,0.20266430000000035
120,-524584.44,6.3914323,5.560000000055879,0.3522229000000001
135,-524588,11.432074,2,5.3928646
150,-524589.56,11.6923485,0.4399999999441206,5.6531391
165,-524590,13.352486,0,7.313276600000001
180,-524589.3,16.005524,0.6999999999534339,9.9663146
-165,-512159.1,11.39308,0.2400000000488944,0.20433199999999907
-150,-512158.28,12.105562,1.0599999999976717,0.9168140000000005
-135,-512156.94,13.36416,2.400000000023283,2.1754119999999997
-120,-512155.28,14.948893,4.059999999997672,3.7601449999999996
-105,-512153.84,16.338259,5.5,5.149511
-90,-512153.3,16.893513,6.040000000037253,5.704764999999998
-75,-512153.84,16.305536,5.5,5.116788
-60,-512155.25,14.896737,4.090000000025611,3.7079889999999995
-45,-512156.88,13.3231325,2.4600000000209548,2.1343844999999995
-30,-512158.25,12.083074,1.0900000000256114,0.8943259999999995
-15,-512159.1,11.391637,0.2400000000488944,0.202888999999999
0,-512159.34,11.191175,0,0.002426999999999069
15,-512159.1,11.391798,0.2400000000488944,0.2030499999999993
30,-512158.25,12.083276,1.0900000000256114,0.8945279999999993
45,-512156.88,13.323134,2.4600000000209548,2.1343859999999992
60,-512155.25,14.900502,4.090000000025611,3.711753999999999
75,-512153.84,16.306982,5.5,5.118234000000001
90,-512153.3,16.893517,6.040000000037253,5.704768999999999
105,-512153.84,16.33902,5.5,5.150272000000001
120,-512155.28,14.948896,4.059999999997672,3.760147999999999
135,-512156.94,13.364158,2.400000000023283,2.1754099999999994
150,-512158.28,12.107428,1.0599999999976717,0.9186800000000002
165,-512159.1,11.393082,0.2400000000488944,0.20433399999999935
180,-512159.34,11.188748,0,0
-165,-358038.28,30.090647,0.3799999999464489,2.8687070000000006
-150,-358038.44,27.762747,0.2199999999720603,0.5408070000000009
-135,-358038.62,27.22194,0.0399999999790452,0
-120,-358038.62,27.457493,0.0399999999790452,0.23555299999999946
-105,-358038.6,27.861841,0.0599999999976716,0.6399009999999983
-90,-358038.56,28.009111,0.0999999999767169,0.7871710000000007
-75,-358038.6,27.746456,0.0599999999976716,0.5245159999999984
-60,-358038.66,27.310387,0,0.08844699999999861
-45,-358038.56,27.25584,0.0999999999767169,0.03389999999999915
-30,-358038.38,28.24614,0.279999999969732,1.0242000000000004
-15,-358038.28,30.345263,0.3799999999464489,3.123322999999999
0,-358038.28,31.00235,0.3799999999464489,3.78041
15,-358038.28,30.348082,0.3799999999464489,3.1261420000000015
30,-358038.38,28.246143,0.279999999969732,1.024203
45,-358038.56,27.255844,0.0999999999767169,0.03390399999999971
60,-358038.66,27.31038,0,0.08843999999999852
75,-358038.6,27.741169,0.0599999999976716,0.5192289999999993
90,-358038.56,28.005892,0.0999999999767169,0.7839519999999993
105,-358038.6,27.861835,0.0599999999976716,0.6398949999999992
120,-358038.62,27.457493,0.0399999999790452,0.23555299999999946
135,-358038.62,27.22194,0.0399999999790452,0
150,-358038.44,27.762743,0.2199999999720603,0.5408030000000004
165,-358038.28,30.090647,0.3799999999464489,2.8687070000000006
180,-358038.28,31.004446,0.3799999999464489,3.7825060000000015
-165,-321818.78,-68.31905,4.71999999997206,8.773623999999998
-150,-321818.47,-69.047195,5.03000000002794,8.045479
-135,-321817.75,-70.01315,5.75,7.079524000000006
-120,-321817.2,-70.31904,6.299999999988359,6.773634000000001
-105,-321820.22,-73.61891,3.28000000002794,3.4737640000000027
-90,-321822.28,-75.881935,1.2199999999720603,1.2107390000000038
-75,-321823.5,-77.092674,0,0
-60,-321823.4,-76.756676,0.0999999999767169,0.33599800000000357
-45,-321822.22,-76.82981,1.2800000000279397,0.26286400000000754
-30,-321819.3,-71.4087,4.2000000000116415,5.683974000000006
-15,-321818.1,-70.42635,5.400000000023283,6.666324000000003
0,-321817.25,-69.890144,6.25,7.202529999999996
15,-321818.1,-70.426346,5.400000000023283,6.666328000000007
30,-321819.3,-71.40997,4.2000000000116415,5.682704000000001
45,-321822.16,-76.91456,1.3400000000256114,0.17811400000000788
60,-321823.4,-76.7739,0.0999999999767169,0.3187740000000048
75,-321823.5,-77.07299,0,0.019683999999998036
90,-321822.28,-75.92981,1.2199999999720603,1.162863999999999
105,-321820.22,-73.643425,3.28000000002794,3.449249000000009
120,-321817.2,-70.3303,6.299999999988359,6.762374000000008
135,-321817.75,-69.87203,5.75,7.220644000000007
150,-321818.47,-69.09112,5.03000000002794,8.001553999999999
165,-321818.78,-68.28354,4.71999999997206,8.809134
180,-321818.6,-68.04671,4.900000000023283,9.045963999999998
-165,-372673.84,-19.668304,0,0.35426900000000217
-150,-372673.4,-19.930841,0.4400000000023283,0.09173200000000037
-135,-372672.72,-20.02257,1.120000000053551,2.9999999995311555e-06
-120,-372671.97,-19.933558,1.870000000053551,0.08901499999999984
-105,-372671.38,-19.763327,2.4600000000209548,0.259246000000001
-90,-372670.97,-19.701345,2.870000000053551,0.3212280000000014
-75,-372670.62,-19.695808,3.220000000030268,0.32676500000000175
-60,-372670,-19.387253,3.8400000000256114,0.6353200000000001
-45,-372668.94,-18.41355,4.900000000023283,1.6090230000000005
-30,-372667.56,-16.946163,6.28000000002794,3.0764100000000028
-15,-372666.22,-15.539662,7.620000000053551,4.482911000000001
0,-372665.6,-14.996532,8.240000000048894,5.026041000000001
15,-372666.22,-15.537705,7.620000000053551,4.4848680000000005
30,-372667.56,-16.911116,6.28000000002794,3.1114570000000015
45,-372668.94,-18.411161,4.900000000023283,1.6114120000000014
60,-372670,-19.39319,3.8400000000256114,0.6293830000000007
75,-372670.62,-19.69544,3.220000000030268,0.3271329999999999
90,-372670.97,-19.7022,2.870000000053551,0.320373
105,-372671.38,-19.76655,2.4600000000209548,0.25602300000000255
120,-372671.97,-19.930943,1.870000000053551,0.0916300000000021
135,-372672.72,-20.022573,1.120000000053551,0
150,-372673.4,-19.929707,0.4400000000023283,0.09286600000000078
165,-372673.84,-19.666685,0,0.3558880000000002
180,-372673.84,-19.3566,0,0.665973000000001
-165,-358796.34,21.865883,5.940000000002328,8.822534000000001
-150,-358797.97,19.38963,4.310000000055879,6.346281000000001
-135,-358798.8,17.556639,3.480000000039581,4.513290000000001
-120,-358798.78,16.356306,3.5,3.312957000000001
-105,-358798.3,15.525291,3.980000000039581,2.481942
-90,-358798.06,14.622884,4.220000000030268,1.5795350000000017
-75,-358798.56,13.6432705,3.720000000030268,0.5999215000000007
-60,-358799.4,13.043349,2.8800000000046566,0
-45,-358800.25,13.135321,2.03000000002794,0.09197200000000016
-30,-358800.75,14.341527,1.5300000000279397,1.298178
-15,-358802.28,18.78883,0,5.745481000000002
0,-358801.94,21.231804,0.3400000000256113,8.188455000000001
15,-358802.28,18.78883,0,5.745481000000002
30,-358800.75,14.34153,1.5300000000279397,1.2981810000000014
45,-358800.25,13.136436,2.03000000002794,0.09308700000000059
60,-358799.4,13.049595,2.8800000000046566,0.006246000000000862
75,-358798.56,13.649888,3.720000000030268,0.6065390000000015
90,-358798.06,14.615979,4.220000000030268,1.5726300000000002
105,-358798.3,15.534183,3.980000000039581,2.4908340000000013
120,-358798.78,16.356306,3.5,3.312957000000001
135,-358798.8,17.559135,3.480000000039581,4.515786000000002
150,-358797.97,19.387377,4.310000000055879,6.3440280000000016
165,-358796.34,21.8605,5.940000000002328,8.817150999999999
180,-358794.84,23.877668,7.440000000002328,10.834319
-165,-432985.62,-20.088987,14.130000000004657,13.922655000000002
-150,-432986.66,-24.73343,13.090000000025611,9.278212000000003
-135,-432989.6,-28.060785,10.150000000023285,5.950857000000003
-120,-432992.1,-30.351038,7.650000000023283,3.660604000000003
-105,-432993.8,-31.831533,5.9500000000116415,2.1801090000000016
-90,-432993.38,-30.88244,6.369999999995343,3.129202000000003
-75,-432994.25,-31.245787,5.5,2.765855000000002
-60,-432995.34,-30.633982,4.409999999974389,3.3776600000000023
-45,-432996.75,-32.532917,3,1.4787250000000043
-30,-432998.4,-34.011642,1.349999999976717,0
-15,-432999.06,-33.71785,0.6900000000023283,0.2937920000000034
0,-432999.75,-33.51762,0,0.49402200000000107
15,-432997.72,-30.295708,2.03000000002794,3.7159340000000007
30,-432994.94,-26.813112,4.809999999997672,7.198530000000002
45,-432992.06,-23.407825,7.690000000002328,10.603817000000003
60,-432990.4,-22.333374,9.349999999976715,11.678268000000003
75,-432992.4,-27.275301,7.349999999976717,6.736341000000003
90,-432993.72,-29.455797,6.03000000002794,4.5558450000000015
105,-432994.44,-30.694798,5.309999999997672,3.3168440000000032
120,-432994.06,-31.084328,5.690000000002328,2.9273140000000026
135,-432992.34,-30.087212,7.409999999974389,3.924430000000001
150,-432989.6,-27.353607,10.150000000023285,6.658035000000002
165,-432986.4,-23.071331,13.349999999976715,10.940311000000001
180,-432985.5,-18.81535,14.25,15.196292000000003
-165,-417769.47,-67.528755,4.370000000053551,5.4455799999999925
-150,-417771.88,-66.868286,1.9600000000209548,6.106048999999999
-135,-417772.9,-69.21984,0.9400000000023284,3.7544949999999915
-120,-417773.6,-71.11357,0.2400000000488944,1.8607650000000007
-105,-417773.84,-72.399025,0,0.5753100000000018
-90,-417773.66,-72.03258,0.1800000000512227,0.9417550000000006
-75,-417772.3,-72.974335,1.540000000037253,0
-60,-417770.78,-69.551765,3.059999999997672,3.4225699999999932
-45,-417769.6,-67.31102,4.240000000048894,5.663314999999997
-30,-417767.44,-65.6395,6.400000000023283,7.334834999999998
-15,-417767.75,-67.14876,6.090000000025611,5.825575000000001
0,-417767.75,-66.65688,6.090000000025611,6.317454999999995
15,-417768.12,-67.04284,5.720000000030268,5.931494999999998
30,-417767.44,-65.64696,6.400000000023283,7.327374999999989
45,-417769.6,-67.32712,4.240000000048894,5.647215000000003
60,-417770.78,-69.54045,3.059999999997672,3.4338849999999894
75,-417772.3,-72.90359,1.540000000037253,0.07074500000000228
90,-417773.66,-72.036064,0.1800000000512227,0.9382710000000003
105,-417773.84,-72.39846,0,0.5758749999999964
120,-417773.6,-71.12081,0.2400000000488944,1.8535249999999905
135,-417772.9,-69.22296,0.9400000000023284,3.751374999999996
150,-417771.88,-66.88431,1.9600000000209548,6.090024999999997
165,-417769.47,-67.52462,4.370000000053551,5.449714999999998
180,-417768.53,-66.661385,5.309999999997672,6.312950000000001
-165,-524878.6,-198.98753,0.5999999999767169,4.194810000000018
-150,-524877.5,-195.48225,1.699999999953434,7.700090000000017
-135,-524876.5,-193.45001,2.699999999953434,9.732330000000019
-120,-524874.25,-197.43112,4.949999999953434,5.751220000000018
-105,-524874.8,-198.76068,4.399999999906868,4.421660000000003
-90,-524876.2,-200.40268,3,2.779660000000007
-75,-524877.56,-201.52942,1.6399999998975543,1.652920000000023
-60,-524878,-200.56538,1.199999999953434,2.616960000000006
-45,-524877.56,-198.11517,1.6399999998975543,5.067170000000004
-30,-524876.75,-195.06558,2.449999999953434,8.11676
-15,-524876.25,-193.25037,2.949999999953434,9.931970000000007
0,-524876.4,-193.21338,2.799999999930151,9.96896000000001
15,-524877.2,-194.80898,2,8.37336000000002
30,-524878.3,-198.0086,0.8999999999068677,5.173740000000009
45,-524879.1,-201.229,0.0999999999767169,1.9533399999999972
60,-524879.06,-202.46866,0.1399999998975545,0.7136800000000108
75,-524877.9,-202.40408,1.2999999999301508,0.7782600000000173
90,-524875.94,-200.58759,3.260000000009313,2.5947500000000048
105,-524874.44,-198.57059,4.760000000009313,4.611750000000001
120,-524874.06,-198.107,5.1399999998975545,5.075340000000011
135,-524875.4,-199.90935,3.799999999930151,3.2729900000000214
150,-524877.3,-201.98221,1.899999999906868,1.2001300000000015
165,-524878.9,-203.18234,0.2999999999301508,0
180,-524879.2,-201.99068,0,1.191660000000013
-165,-445121.94,45.426903,9.679999999993017,10.963143000000002
-150,-445124.5,41.55364,7.119999999995343,7.089880000000001
-135,-445127.38,38.131134,4.239999999990687,3.6673740000000024
-120,-445129.53,36.485035,2.089999999967404,2.021275000000003
-105,-445130.8,35.919727,0.8200000000069849,1.4559670000000011
-90,-445131.53,35.568687,0.0899999999674037,1.1049269999999964
-75,-445131.62,34.8823,0,0.41854000000000013
-60,-445130.84,34.475002,0.779999999969732,0.01124200000000286
-45,-445128.94,34.808826,2.679999999993015,0.34506600000000276
-30,-445126.22,35.875973,5.400000000023283,1.4122130000000013
-15,-445123.47,37.16889,8.150000000023283,2.705129999999997
0,-445121.38,38.302692,10.239999999990689,3.838932
15,-445123.47,37.17357,8.150000000023283,2.7098099999999974
30,-445126.22,35.87181,5.400000000023283,1.408050000000003
45,-445128.94,34.803207,2.679999999993015,0.33944699999999983
60,-445130.84,34.46376,0.779999999969732,0
75,-445131.62,34.881977,0,0.4182169999999985
90,-445131.53,35.567394,0.0899999999674037,1.1036339999999996
105,-445130.8,35.910202,0.8200000000069849,1.4464419999999976
120,-445129.53,36.488327,2.089999999967404,2.0245669999999976
135,-445127.38,38.13142,4.239999999990687,3.667659999999998
150,-445124.5,41.554188,7.119999999995343,7.090428000000003
165,-445121.97,44.630203,9.650000000023285,10.166443000000001
180,-445121.94,44.35665,9.679999999993017,9.892890000000001
-165,-452827.9,-90.295044,1.1300000000046566,2.4203059999999965
-150,-452827.97,-90.75887,1.0600000000558794,1.956479999999999
-135,-452828.1,-91.45039,0.9300000000512229,1.264960000000002
-120,-452828.38,-92.13949,0.6500000000232831,0.5758600000000058
-105,-452828.7,-92.58163,0.3300000000162981,0.13371999999999673
-90,-452829,-92.702965,0.0300000000279396,0.012384999999994761
-75,-452829.03,-92.47474,0,0.24061000000000377
-60,-452828.72,-91.91717,0.3100000000558793,0.7981800000000021
-45,-452828.16,-91.19165,0.870000000053551,1.5237000000000052
-30,-452827.53,-90.53373,1.5,2.1816199999999952
-15,-452827.1,-90.14224,1.9300000000512227,2.57311
0,-452826.97,-90.01807,2.06000000005588,2.6972800000000063
15,-452827.1,-90.13919,1.9300000000512227,2.5761600000000016
30,-452827.53,-90.53923,1.5,2.1761199999999974
45,-452828.16,-91.17811,0.870000000053551,1.537239999999997
60,-452828.72,-91.91782,0.3100000000558793,0.7975299999999947
75,-452829.03,-92.48217,0,0.23318000000000438
90,-452829,-92.71535,0.0300000000279396,0
105,-452828.7,-92.582436,0.3300000000162981,0.13291399999999953
120,-452828.38,-92.14081,0.6500000000232831,0.5745399999999989
135,-452828.1,-91.454254,0.9300000000512229,1.2610959999999949
150,-452827.97,-90.75893,1.0600000000558794,1.9564199999999943
165,-452827.9,-90.2928,1.1300000000046566,2.422550000000001
180,-452827.9,-90.127144,1.1300000000046566,2.5882059999999996
-165,-584647.3,31.985395,0.1399999998975545,0
-150,-584646.94,32.187008,0.5,0.20161299999999827
-135,-584646.06,32.850876,1.3799999998882413,0.8654809999999991
-120,-584644.8,33.95951,2.6399999998975545,1.9741150000000012
-105,-584643.7,35.024426,3.739999999990687,3.039030999999998
-90,-584643.2,35.452114,4.239999999990687,3.466719000000001
-75,-584643.7,34.898903,3.739999999990687,2.9135079999999967
-60,-584644.8,33.81131,2.6399999998975545,1.8259149999999984
-45,-584646.06,32.792362,1.3799999998882413,0.8069669999999967
-30,-584646.94,32.181984,0.5,0.19658899999999946
-15,-584647.4,31.997082,0.0399999999208375,0.011686999999998449
0,-584647.44,32.01555,0,0.030154999999997045
15,-584647.4,31.995428,0.0399999999208375,0.010032999999999959
30,-584646.94,32.181984,0.5,0.19658899999999946
45,-584646.06,32.79237,1.3799999998882413,0.8069749999999978
60,-584644.8,33.811314,2.6399999998975545,1.8259190000000025
75,-584643.7,34.8989,3.739999999990687,2.913504999999997
90,-584643.2,35.45433,4.239999999990687,3.4689349999999983
105,-584643.7,35.02342,3.739999999990687,3.038025000000001
120,-584644.8,33.94949,2.6399999998975545,1.9640949999999968
135,-584646.06,32.85087,1.3799999998882413,0.865475
150,-584646.94,32.186726,0.5,0.2013309999999997
165,-584647.3,31.985395,0.1399999998975545,0
180,-584647.44,32.016914,0,0.03151899999999941
-165,-311622.03,12.981697,0.4399999999441206,1.4563260000000007
-150,-311622.47,11.771482,0,0.24611100000000086
-135,-311622.16,11.527863,0.3099999999976717,0.0024920000000001608
-120,-311621.2,12.097709,1.2699999999604188,0.5723380000000002
-105,-311620.1,12.997135,2.3699999999953434,1.4717640000000003
-90,-311619.28,13.358691,3.1899999999441206,1.8333200000000005
-75,-311620.16,13.005912,2.309999999997672,1.4805410000000006
-60,-311621.3,12.08302,1.169999999983702,0.5576489999999996
-45,-311622.25,11.528354,0.2199999999720603,0.002983000000000402
-30,-311622.44,11.888177,0.029999999969732,0.36280600000000085
-15,-311621.97,13.157686,0.5,1.6323150000000002
0,-311621.53,14.261458,0.9399999999441206,2.7360869999999995
15,-311621.97,13.155053,0.5,1.6296820000000007
30,-311622.44,11.88899,0.029999999969732,0.3636189999999999
45,-311622.25,11.526468,0.2199999999720603,0.0010969999999996816
60,-311621.3,12.086027,1.169999999983702,0.5606559999999998
75,-311620.16,13.007427,2.309999999997672,1.482056
90,-311619.28,13.363206,3.1899999999441206,1.837835
105,-311620.1,12.99767,2.3699999999953434,1.4722989999999996
120,-311621.2,12.093923,1.2699999999604188,0.5685520000000004
135,-311622.16,11.525371,0.3099999999976717,0
150,-311622.47,11.771479,0,0.24610799999999955
165,-311622.03,12.98039,0.4399999999441206,1.455019
180,-311621.53,14.259972,0.9399999999441206,2.7346009999999996
-165,-315669.53,23.760677,2.5699999999487773,3.1181219999999996
-150,-315669.44,24.069918,2.6599999999743886,3.4273629999999997
-135,-315668.2,26.277874,3.8999999999650754,5.635318999999999
-120,-315668.1,24.903646,4,4.261090999999997
-105,-315669.12,24.909855,2.979999999981373,4.267299999999999
-90,-315670.7,22.08649,1.3999999999650754,1.4439349999999997
-75,-315671.75,20.642555,0.3499999999767169,0
-60,-315671.97,20.78074,0.1300000000046566,0.138185
-45,-315670.72,22.521317,1.3800000000046566,1.8787619999999983
-30,-315668.75,24.347467,3.349999999976717,3.704912
-15,-315666.9,25.801456,5.199999999953434,5.158901
0,-315666.44,26.009592,5.659999999974389,5.367037
15,-315667.72,25.81419,4.380000000004657,5.171634999999998
30,-315669.6,24.067894,2.5,3.4253389999999975
45,-315671.4,21.695091,0.6999999999534339,1.052536
60,-315671.75,22.307552,0.3499999999767169,1.6649969999999996
75,-315671.3,21.841549,0.7999999999883585,1.198993999999999
90,-315669.88,23.575277,2.2199999999720603,2.9327219999999983
105,-315668.34,25.418129,3.7599999999511056,4.775573999999999
120,-315668,26.46279,4.099999999976717,5.820234999999997
135,-315668.8,25.39006,3.2999999999883585,4.747504999999997
150,-315670.34,23.454893,1.7599999999511056,2.812337999999997
165,-315671.66,21.698063,0.4400000000023283,1.0555079999999997
180,-315672.1,21.23845,0,0.5958949999999987
-165,-539333,-59.513866,4.560000000055879,3.6145539999999983
-150,-539335.56,-61.34382,2,1.7845999999999975
-135,-539336.6,-62.438065,0.9600000000791624,0.6903549999999967
-120,-539337.44,-63.12842,0.1200000001117587,0
-105,-539337.56,-62.89674,0,0.23167999999999722
-90,-539337.06,-62.28012,0.5,0.8483000000000018
-75,-539337.56,-62.904102,0,0.2243179999999967
-60,-539337.4,-63.09061,0.1600000000325963,0.03781000000000034
-45,-539336.5,-62.434975,1.0600000000558794,0.693444999999997
-30,-539335.4,-61.176956,2.1600000000325963,1.9514640000000014
-15,-539332.9,-59.525482,4.660000000032596,3.6029380000000018
0,-539332.56,-59.46505,5,3.6633700000000005
15,-539332.9,-59.525497,4.660000000032596,3.602922999999997
30,-539335.4,-61.181664,2.1600000000325963,1.9467560000000006
45,-539336.5,-62.434982,1.0600000000558794,0.6934380000000004
60,-539337.4,-63.09061,0.1600000000325963,0.03781000000000034
75,-539337.56,-62.90411,0,0.22430999999999557
90,-539337.06,-62.29751,0.5,0.8309099999999958
105,-539337.56,-62.89674,0,0.23167999999999722
120,-539337.44,-63.12842,0.1200000001117587,0
135,-539336.6,-62.442253,0.9600000000791624,0.6861669999999975
150,-539335.56,-61.342476,2,1.7859440000000006
165,-539333,-59.50773,4.560000000055879,3.620689999999996
180,-539332.56,-59.461777,5,3.6666430000000005
-165,-324067.28,10.02776,0.0199999999604187,0.0028360000000002827
-150,-324066.97,10.319079,0.3300000000162981,0.29415499999999994
-135,-324066.2,10.993917,1.099999999976717,0.9689929999999993
-120,-324065,12.101079,2.2999999999883585,2.076155
-105,-324063.84,13.1118765,3.459999999962747,3.086952499999999
-90,-324063.38,13.379402,3.919999999983702,3.3544780000000003
-75,-324063.88,12.876068,3.419999999983702,2.8511439999999997
-60,-324065,11.8927765,2.2999999999883585,1.8678524999999997
-45,-324066.2,10.8834915,1.099999999976717,0.8585674999999995
-30,-324066.97,10.228828,0.3300000000162981,0.20390399999999964
-15,-324067.28,10.024924,0.0199999999604187,0
0,-324067.3,10.049356,0,0.02443199999999912
15,-324067.28,10.0249405,0.0199999999604187,1.6499999999197712e-05
30,-324066.97,10.2288265,0.3300000000162981,0.20390249999999988
45,-324066.2,10.892739,1.099999999976717,0.8678150000000002
60,-324065,11.893427,2.2999999999883585,1.8685030000000005
75,-324063.88,12.876068,3.419999999983702,2.8511439999999997
90,-324063.38,13.3794,3.919999999983702,3.354476
105,-324063.84,13.112935,3.459999999962747,3.088011
120,-324065,12.101079,2.2999999999883585,2.076155
135,-324066.2,10.993916,1.099999999976717,0.9689920000000001
150,-324066.97,10.319078,0.3300000000162981,0.2941539999999989
165,-324067.28,10.027761,0.0199999999604187,0.0028369999999995343
180,-324067.3,10.056946,0,0.03202199999999955
-165,-520788.2,39.21903,0.9599999999627472,4.819547
-150,-520789,35.749638,0.1599999999743886,1.3501550000000009
-135,-520789.16,34.413265,0,0.013782000000006178
-120,-520788.53,34.403538,0.629999999946449,0.00405500000000103
-105,-520787.4,35.061394,1.7599999999511056,0.6619110000000035
-90,-520786.28,36.05722,2.879999999946449,1.6577370000000045
-75,-520785.8,37.074375,3.35999999998603,2.674892000000007
-60,-520785.75,37.94516,3.4099999999743886,3.545677000000005
-45,-520785.3,39.13241,3.85999999998603,4.732927000000004
-30,-520784.06,40.977203,5.099999999976717,6.5777200000000065
-15,-520781.72,43.937817,7.440000000002328,9.538334000000006
0,-520778.5,48.356968,10.659999999974389,13.957485000000005
15,-520781.72,43.91669,7.440000000002328,9.517207000000006
30,-520784.06,40.96901,5.099999999976717,6.569527000000001
45,-520785.3,39.1319,3.85999999998603,4.732417000000005
60,-520785.75,37.943184,3.4099999999743886,3.5437010000000058
75,-520785.8,37.089714,3.35999999998603,2.6902310000000043
90,-520786.28,36.064426,2.879999999946449,1.664943000000001
105,-520787.4,35.058117,1.7599999999511056,0.6586340000000064
120,-520788.53,34.399483,0.629999999946449,0
135,-520789.16,34.419388,0,0.019905000000001394
150,-520789,35.749638,0.1599999999743886,1.3501550000000009
165,-520788.2,39.218784,0.9599999999627472,4.819301000000003
180,-520787.62,42.42207,1.5399999999790452,8.022587000000001
-165,-331738.56,-18.346382,0.2399999999906867,0.7867380000000033
-150,-331738.8,-19.131634,0,0.001486000000003429
-135,-331738.44,-19.073174,0.3599999999860301,0.059946000000000055
-120,-331737.44,-18.266285,1.3599999999860302,0.8668350000000018
-105,-331736.28,-17.217947,2.519999999960419,1.915173000000003
-90,-331735.7,-16.56989,3.099999999976717,2.563230000000001
-75,-331735.9,-16.812834,2.8999999999650754,2.320286000000003
-60,-331736.72,-17.562185,2.080000000016298,1.5709350000000022
-45,-331737.53,-18.139685,1.2699999999604188,0.9934350000000016
-30,-331737.8,-18.057823,1,1.0752970000000026
-15,-331737.47,-17.142195,1.330000000016298,1.9909250000000007
0,-331737.06,-16.240032,1.7399999999906868,2.8930880000000023
15,-331737.47,-17.147144,1.330000000016298,1.9859760000000009
30,-331737.8,-18.054985,1,1.0781350000000032
45,-331737.53,-18.13429,1.2699999999604188,0.9988300000000017
60,-331736.72,-17.565268,2.080000000016298,1.567852000000002
75,-331735.9,-16.813734,2.8999999999650754,2.3193860000000015
90,-331735.7,-16.569881,3.099999999976717,2.563239000000003
105,-331736.28,-17.213503,2.519999999960419,1.9196170000000023
120,-331737.44,-18.266285,1.3599999999860302,0.8668350000000018
135,-331738.44,-19.072842,0.3599999999860301,0.060278000000000276
150,-331738.8,-19.13312,0,0
165,-331738.56,-18.351385,0.2399999999906867,0.7817350000000012
180,-331738.28,-17.645815,0.5199999999604188,1.4873050000000028
-165,-309471,-37.449924,0.5599999999976717,0.2696419999999975
-150,-309469.4,-36.62568,2.1599999999743886,1.0938859999999977
-135,-309467.12,-35.249676,4.440000000002328,2.4698899999999995
-120,-309464.6,-33.50336,6.960000000020955,4.216206
-105,-309462.53,-31.89472,9.029999999969732,5.824846000000001
-90,-309461.72,-31.270126,9.840000000025611,6.449439999999999
-75,-309462.47,-31.703241,9.090000000025611,6.016325000000002
-60,-309464.2,-32.512905,7.35999999998603,5.206660999999997
-45,-309466.03,-33.192303,5.529999999969732,4.527262999999998
-30,-309467.44,-33.581875,4.119999999995343,4.137691000000004
-15,-309468.22,-33.714565,3.340000000025612,4.005001
0,-309468.47,-33.724857,3.090000000025612,3.9947090000000003
15,-309468.22,-33.714565,3.340000000025612,4.005001
30,-309467.44,-33.581875,4.119999999995343,4.137691000000004
45,-309466.03,-33.192303,5.529999999969732,4.527262999999998
60,-309464.2,-32.507214,7.35999999998603,5.212352000000003
75,-309462.47,-31.707401,9.090000000025611,6.0121649999999995
90,-309461.72,-31.301256,9.840000000025611,6.418310000000002
105,-309462.53,-31.894724,9.029999999969732,5.824842
120,-309464.6,-33.503353,6.960000000020955,4.216213000000003
135,-309467.12,-35.240738,4.440000000002328,2.478828
150,-309469.4,-36.62568,2.1599999999743886,1.0938859999999977
165,-309471,-37.449924,0.5599999999976717,0.2696419999999975
180,-309471.56,-37.719566,0,0
-165,-384265.03,13.184216,4.75,10.9633772
-150,-384265.8,11.581089,3.980000000039581,9.3602502
-135,-384266.12,10.514443,3.660000000032596,8.2936042
-120,-384266.56,10.443818,3.220000000030268,8.222979200000001
-105,-384268.56,6.94182,1.220000000030268,4.7209812
-90,-384269.1,7.191872,0.6800000000512227,4.9710332
-75,-384269.56,7.682179,0.2200000000302679,5.4613401999999995
-60,-384269.78,6.134163,0,3.9133242
-45,-384269.2,7.484848,0.5800000000162981,5.2640092
-30,-384268,8.214881,1.7800000000279397,5.9940422
-15,-384266.7,8.345024,3.080000000016298,6.1241852
0,-384264.34,2.2208388,5.440000000002328,0
15,-384266.7,8.34335,3.080000000016298,6.122511199999999
30,-384268,8.217242,1.7800000000279397,5.9964032000000005
45,-384269.2,7.4760337,0.5800000000162981,5.2551949
60,-384269.78,6.137542,0,3.9167031999999997
75,-384269.56,7.6826987,0.2200000000302679,5.4618599
90,-384269.1,7.11555,0.6800000000512227,4.8947112
105,-384268.56,6.9398017,1.220000000030268,4.7189629
120,-384266.56,10.527655,3.220000000030268,8.3068162
135,-384266.12,10.515267,3.660000000032596,8.294428199999999
150,-384265.8,11.586122,3.980000000039581,9.3652832
165,-384265.03,13.18049,4.75,10.9596512
180,-384263.66,14.491745,6.120000000053551,12.270906199999999
-165,-408036.16,14.988504,0.6800000000512227,0.20062700000000078
-150,-408036.22,15.259372,0.620000000053551,0.4714950000000009
-135,-408036.22,15.517969,0.620000000053551,0.7300920000000009
-120,-408036.2,15.714518,0.6400000000139698,0.926641
-105,-408036.28,15.867432,0.5599999999976717,1.079555000000001
-90,-408036.38,16.766636,0.4600000000209547,1.9787589999999984
-75,-408036.84,16.843323,0,2.0554460000000017
-60,-408036.8,16.824102,0.0400000000372529,2.036225
-45,-408036.03,17.211134,0.8099999999976717,2.4232570000000013
-30,-408034.7,17.968996,2.14000000001397,3.1811190000000007
-15,-408033.38,18.827654,3.4600000000209548,4.039776999999999
0,-408032.72,19.287691,4.120000000053551,4.499813999999999
15,-408033.38,18.81413,3.4600000000209548,4.026252999999999
30,-408034.7,17.96753,2.14000000001397,3.179653
45,-408036.03,17.213205,0.8099999999976717,2.4253279999999986
60,-408036.8,16.816803,0.0400000000372529,2.0289260000000002
75,-408036.84,16.842005,0,2.0541280000000004
90,-408036.38,16.692568,0.4600000000209547,1.9046910000000015
105,-408036.28,15.871089,0.5599999999976717,1.0832119999999996
120,-408036.2,15.716239,0.6400000000139698,0.9283619999999999
135,-408036.22,15.5155945,0.620000000053551,0.7277175000000007
150,-408036.22,15.256779,0.620000000053551,0.46890199999999993
165,-408036.16,14.980048,0.6800000000512227,0.1921710000000001
180,-408036.06,14.787877,0.7800000000279397,0
-165,-421134.5,-157.48103,4.03000000002794,3.2828599999999994
-150,-421132.84,-157.88374,5.690000000002328,2.8801500000000146
-135,-421134.53,-158.54942,4,2.2144700000000057
-120,-421128.38,-159.96889,10.150000000023285,0.7950000000000159
-105,-421128.53,-159.59416,10,1.1697300000000155
-90,-421130,-160.01949,8.53000000002794,0.744400000000013
-75,-421131.84,-160.2453,6.690000000002328,0.5185900000000174
-60,-421133.3,-159.79994,5.230000000039581,0.9639500000000112
-45,-421134.28,-159.00386,4.25,1.7600300000000004
-30,-421132.75,-151.34589,5.78000000002794,9.418000000000006
-15,-421134.38,-154.497,4.150000000023283,6.266889999999989
0,-421138.53,-160.74457,0,0.019319999999993342
15,-421134.6,-157.44493,3.930000000051223,3.318960000000004
30,-421135.78,-157.15955,2.75,3.6043400000000076
45,-421134.88,-158.30843,3.650000000023283,2.4554600000000164
60,-421128.44,-160.0803,10.090000000025611,0.6835900000000095
75,-421128.5,-159.59358,10.03000000002794,1.1703100000000006
90,-421129.8,-160.03302,8.730000000039581,0.7308700000000101
105,-421131.5,-160.29704,7.03000000002794,0.46684999999999377
120,-421133,-159.97594,5.53000000002794,0.787949999999995
135,-421134.06,-159.26578,4.470000000030268,1.498109999999997
150,-421132.72,-151.44464,5.810000000055879,9.319250000000011
165,-421134.44,-154.64412,4.090000000025611,6.119770000000017
180,-421138.53,-160.76389,0,0
-165,-385172.22,4.557838,0.8400000000256114,4.840836100000001
-150,-385171.12,5.8170485,1.9400000000023283,6.100046600000001
-135,-385169.84,7.259332,3.2199999999720603,7.5423301
-120,-385169.94,4.1557693,3.1199999999953434,4.438767400000001
-105,-385171,3.0117347,2.059999999997672,3.2947328
-90,-385172,1.9127682,1.0599999999976717,2.1957663
-75,-385172.8,1.2978892,0.2600000000093132,1.5808872999999999
-60,-385173.06,1.2174609,0,1.500459
-45,-385172.28,1.4508395,0.779999999969732,1.7338376
-30,-385171.25,3.6703908,1.809999999997672,3.9533888999999998
-15,-385170,4.8829284,3.059999999997672,5.1659265
0,-385169.44,5.2877836,3.619999999995344,5.5707817
15,-385169.78,4.529261,3.279999999969732,4.8122591
30,-385171.03,2.9094687,2.029999999969732,3.1924668
45,-385172.47,1.3237091,0.5900000000256114,1.6067072
60,-385172.88,-0.2829981,0.179999999993015,0
75,-385172.66,0.9864527,0.400000000023283,1.2694508
90,-385171.22,2.4413183,1.8400000000256116,2.7243163999999997
105,-385169.56,4.182114,3.5,4.465112100000001
120,-385168.5,5.4092393,4.559999999997672,5.692237400000001
135,-385168.56,5.6302695,4.5,5.9132676
150,-385169.7,4.7717495,3.35999999998603,5.054747600000001
165,-385171.38,5.3865705,1.679999999993015,5.669568600000001
180,-385172.4,4.335976,0.6599999999743886,4.6189741
-165,-383477.6,17.46344,0,0.821629999999999
-150,-383477.03,17.532375,0.5699999999487773,0.8905649999999987
-135,-383476.34,17.678009,1.2599999999511056,1.0361989999999999
-120,-383475.88,17.796392,1.7199999999720603,1.1545820000000013
-105,-383475.72,17.810549,1.8800000000046568,1.1687390000000022
-90,-383475.72,17.551785,1.8800000000046568,0.9099749999999993
-75,-383475.5,16.960732,2.099999999976717,0.3189220000000006
-60,-383474.53,16.642904,3.0699999999487773,0.0010940000000019268
-45,-383472.97,17.01355,4.630000000004657,0.37173999999999907
-30,-383471.44,17.50975,6.159999999974389,0.8679400000000008
-15,-383470.06,17.738583,7.539999999979045,1.0967729999999989
0,-383469.06,17.65411,8.539999999979045,1.0122999999999998
15,-383470.06,17.72231,7.539999999979045,1.0805000000000007
30,-383471.44,17.515009,6.159999999974389,0.8731989999999996
45,-383472.97,17.006268,4.630000000004657,0.36445799999999906
60,-383474.53,16.64181,3.0699999999487773,0
75,-383475.5,16.959213,2.099999999976717,0.31740299999999877
90,-383475.72,17.574627,1.8800000000046568,0.932817
105,-383475.72,17.809849,1.8800000000046568,1.1680390000000003
120,-383475.88,17.789762,1.7199999999720603,1.147952
135,-383476.34,17.677288,1.2599999999511056,1.0354780000000012
150,-383477.03,17.532375,0.5699999999487773,0.8905649999999987
165,-383477.6,17.473572,0,0.8317620000000012
180,-383477.38,21.047482,0.2199999999720603,4.405671999999999
-165,-349505.44,-13.5582075,0.2199999999720603,0
-150,-349504.84,-13.488182,0.8199999999487773,0.07002549999999985
-135,-349504.16,-13.521615,1.5,0.03659249999999936
-120,-349503.9,-13.543694,1.7599999999511056,0.014513499999999624
-105,-349503.9,-13.356867,1.7599999999511056,0.2013405000000006
-90,-349503.94,-13.24178,1.7199999999720603,0.31642749999999964
-75,-349503.9,-13.302772,1.7599999999511056,0.2554355000000008
-60,-349503.9,-13.375002,1.7599999999511056,0.1832054999999997
-45,-349504.25,-13.270601,1.4099999999743886,0.28760650000000076
-30,-349504.9,-13.229378,0.7599999999511056,0.32882949999999944
-15,-349505.44,-13.2731695,0.2199999999720603,0.2850380000000001
0,-349505.62,-13.304943,0.0399999999790452,0.2532645000000002
15,-349505.44,-13.280097,0.2199999999720603,0.27811050000000037
30,-349504.9,-13.216379,0.7599999999511056,0.3418285000000001
45,-349504.25,-13.270331,1.4099999999743886,0.2878764999999994
60,-349503.9,-13.399038,1.7599999999511056,0.15916950000000085
75,-349503.9,-13.288065,1.7599999999511056,0.2701425000000004
90,-349503.94,-13.249698,1.7199999999720603,0.30850949999999955
105,-349503.9,-13.365478,1.7599999999511056,0.19272950000000044
120,-349503.9,-13.538746,1.7599999999511056,0.019461500000000242
135,-349504.16,-13.522642,1.5,0.03556550000000058
150,-349504.84,-13.489608,0.8199999999487773,0.06859949999999948
165,-349505.44,-13.515329,0.2199999999720603,0.042878500000000486
180,-349505.66,-13.545928,0,0.012279499999999999
-165,-374952.84,18.536516,3.3199999999487773,6.768470999999998
-150,-374953.16,15.20125,3,3.433204999999999
-135,-374954.5,14.89953,1.6599999999743886,3.1314849999999996
-120,-374955.62,13.222059,0.5399999999790452,1.454013999999999
-105,-374956.16,11.768045,0,0
-90,-374955.66,12.276675,0.5,0.5086299999999984
-75,-374955.75,13.121208,0.4099999999743886,1.3531629999999986
-60,-374954.47,14.414598,1.6900000000023283,2.646552999999999
-45,-374953,16.350077,3.1599999999743886,4.582031999999998
-30,-374952.1,17.631025,4.059999999997672,5.86298
-15,-374952.03,17.667894,4.129999999946449,5.899849
0,-374952.28,18.052103,3.879999999946449,6.284057999999998
15,-374952.8,18.54186,3.35999999998603,6.773814999999999
30,-374953.06,15.2446785,3.099999999976717,3.4766334999999984
45,-374954.38,15.041409,1.779999999969732,3.273363999999999
60,-374955.62,13.1826315,0.5399999999790452,1.4145864999999986
75,-374956.16,11.769328,0,0.001282999999999035
90,-374955.56,12.255338,0.5999999999767169,0.4872929999999993
105,-374955.66,13.165798,0.5,1.3977529999999998
120,-374954.47,14.314552,1.6900000000023283,2.546507
135,-374953.16,16.048954,3,4.280908999999998
150,-374952.16,17.531525,4,5.763479999999998
165,-374952.03,17.672941,4.129999999946449,5.904896000000001
180,-374952.28,18.002073,3.879999999946449,6.234027999999999
-165,-523752.66,-142.43779,7,3.700580000000002
-150,-523752.22,-142.43855,7.440000000002328,3.6998200000000168
-135,-523751.44,-141.93378,8.21999999997206,4.204589999999996
-120,-523750.25,-140.6609,9.409999999974389,5.477470000000011
-105,-523748.75,-138.84775,10.909999999974389,7.290620000000018
-90,-523747.16,-136.78304,12.5,9.35533000000001
-75,-523752.6,-141.13335,7.059999999997672,5.005020000000002
-60,-523755.25,-142.67555,4.409999999974389,3.462820000000022
-45,-523757.3,-144.05013,2.35999999998603,2.088240000000013
-30,-523758.66,-145.09935,1,1.039020000000022
-15,-523759.4,-145.85059,0.2599999999511055,0.2877799999999979
0,-523759.66,-146.13837,0,0
15,-523759.4,-145.84932,0.2599999999511055,0.28905000000000314
30,-523758.66,-145.10654,1,1.0318300000000136
45,-523757.3,-144.05574,2.35999999998603,2.082630000000023
60,-523755.25,-142.68074,4.409999999974389,3.457630000000023
75,-523752.6,-141.1058,7.059999999997672,5.032570000000021
90,-523747.16,-136.783,12.5,9.355370000000022
105,-523748.75,-138.84763,10.909999999974389,7.2907399999999996
120,-523750.25,-140.6609,9.409999999974389,5.477470000000011
135,-523751.44,-141.9317,8.21999999997206,4.206670000000003
150,-523752.2,-142.43547,7.459999999962747,3.7028999999999996
165,-523752.66,-142.43541,7,3.7029600000000187
180,-523752.8,-142.36588,6.85999999998603,3.772490000000005
-165,-361330.44,21.39516,2.559999999997672,2.612107999999999
-150,-361331.16,20.97383,1.8400000000256116,2.190777999999998
-135,-361331.9,20.271193,1.099999999976717,1.4881409999999988
-120,-361332.6,19.456125,0.400000000023283,0.6730729999999987
-105,-361332.97,18.868536,0.0300000000279396,0.08548399999999745
-90,-361333,18.783249,0,0.00019700000000000273
-75,-361332.9,18.913246,0.0999999999767169,0.13019399999999948
-60,-361332.4,19.603123,0.5999999999767169,0.8200709999999987
-45,-361331.75,20.378271,1.25,1.5952190000000002
-30,-361331,21.009365,2,2.2263129999999975
-15,-361330.38,21.393812,2.6199999999953434,2.610759999999999
0,-361330.12,21.525234,2.8800000000046566,2.7421819999999997
15,-361330.38,21.396624,2.6199999999953434,2.613571999999998
30,-361331,21.01054,2,2.2274879999999975
45,-361331.75,20.382885,1.25,1.5998330000000003
60,-361332.4,19.602295,0.5999999999767169,0.8192430000000002
75,-361332.9,18.913246,0.0999999999767169,0.13019399999999948
90,-361333,18.783052,0,0
105,-361332.97,18.87376,0.0300000000279396,0.09070799999999934
120,-361332.6,19.45628,0.400000000023283,0.6732279999999982
135,-361331.9,20.275547,1.099999999976717,1.4924949999999981
150,-361331.16,20.981073,1.8400000000256116,2.198020999999997
165,-361330.44,21.39516,2.559999999997672,2.612107999999999
180,-361330.12,21.523642,2.8800000000046566,2.7405899999999974
-165,-289340.5,78.774635,4,4.761305000000007
-150,-289339.6,79.32441,4.900000000023283,5.311080000000004
-135,-289338.56,80.01516,5.940000000002328,6.001829999999998
-120,-289338.3,80.1969,6.2000000000116415,6.183570000000003
-105,-289339.22,79.47741,5.28000000002794,5.46408000000001
-90,-289341.06,78.03916,3.4400000000023283,4.025829999999999
-75,-289343.12,76.34604,1.3800000000046566,2.332710000000006
-60,-289344.5,74.885445,0,0.872115000000008
-45,-289344.47,74.01333,0.0300000000279396,0
-30,-289343.2,74.24423,1.2999999999883585,0.23090000000000543
-15,-289341.66,75.80982,2.840000000025612,1.7964900000000057
0,-289340.78,77.29751,3.71999999997206,3.2841800000000063
15,-289341.66,75.80978,2.840000000025612,1.7964500000000072
30,-289343.2,74.24851,1.2999999999883585,0.23517999999999972
45,-289344.47,74.01333,0.0300000000279396,0
60,-289344.5,74.88082,0,0.8674900000000036
75,-289343.12,76.34602,1.3800000000046566,2.3326899999999995
90,-289341.06,78.04299,3.4400000000023283,4.029660000000007
105,-289339.22,79.482574,5.28000000002794,5.469244000000003
120,-289338.3,80.19248,6.2000000000116415,6.179150000000007
135,-289338.56,80.015594,5.940000000002328,6.002263999999997
150,-289339.6,79.32549,4.900000000023283,5.312160000000006
165,-289340.5,78.774635,4,4.761305000000007
180,-289340.8,79.03332,3.7000000000116415,5.019990000000007
-165,-501458.1,13.433857,0.2800000000279397,0.5278729999999996
-150,-501457.03,14.639103,1.349999999976717,1.7331190000000003
-135,-501455.44,16.491096,2.9400000000023283,3.5851119999999987
-120,-501453.56,18.595179,4.820000000006985,5.689195000000002
-105,-501452,20.547012,6.380000000004657,7.641027999999999
-90,-501451.4,21.358831,6.9799999999813735,8.452846999999998
-75,-501452.16,20.323599,6.220000000030268,7.417615000000001
-60,-501453.78,18.35549,4.599999999976717,5.4495059999999995
-45,-501455.53,16.29013,2.849999999976717,3.384146000000001
-30,-501456.9,14.511099,1.4799999999813735,1.6051149999999996
-15,-501457.66,13.315641,0.720000000030268,0.40965699999999927
0,-501457.88,12.905984,0.5,0
15,-501457.66,13.315852,0.720000000030268,0.40986799999999945
30,-501456.9,14.507157,1.4799999999813735,1.6011729999999993
45,-501455.53,16.274424,2.849999999976717,3.3684399999999997
60,-501453.78,18.363226,4.599999999976717,5.457242000000001
75,-501452.16,20.334248,6.220000000030268,7.428263999999999
90,-501451.4,21.35598,6.9799999999813735,8.449995999999999
105,-501452.03,20.534874,6.349999999976717,7.628889999999998
120,-501453.56,18.593203,4.820000000006985,5.687218999999999
135,-501455.44,16.50029,2.9400000000023283,3.5943059999999996
150,-501457.03,14.640359,1.349999999976717,1.734375
165,-501458.1,13.435358,0.2800000000279397,0.5293740000000007
180,-501458.38,12.962248,0,0.056264000000000536
-165,-491284.72,-28.084494,0.120000000053551,1.3597080000000012
-150,-491284.66,-27.309206,0.1800000000512227,2.134996000000001
-135,-491282.75,-23.179548,2.090000000025612,6.264654
-120,-491282.25,-22.935726,2.590000000025612,6.508476000000002
-105,-491281,-21.375431,3.8400000000256114,8.068771000000002
-90,-491279.44,-18.947905,5.400000000023283,10.496297000000002
-75,-491277.7,-16.485277,7.14000000001397,12.958925
-60,-491277.06,-17.028206,7.78000000002794,12.415996
-45,-491278.56,-21.561993,6.28000000002794,7.882209
-30,-491281.34,-23.060755,3.5,6.383447
-15,-491282.7,-23.36491,2.14000000001397,6.079292000000002
0,-491282.28,-21.990095,2.559999999997672,7.4541070000000005
15,-491282.56,-23.546946,2.28000000002794,5.897256000000002
30,-491281.8,-22.541431,3.040000000037253,6.902771000000001
45,-491280.12,-20.641222,4.720000000030268,8.802980000000002
60,-491277.53,-18.552137,7.309999999997672,10.892065000000002
75,-491274.28,-16.153244,10.559999999997672,13.290958
90,-491275.9,-17.567278,8.940000000002328,11.876923999999999
105,-491278.6,-20.44373,6.240000000048894,9.000472000000002
120,-491280.94,-22.769283,3.900000000023283,6.674918999999999
135,-491282.38,-23.68,2.4600000000209548,5.764202000000001
150,-491284.56,-28.206915,0.2800000000279397,1.237287000000002
165,-491284.84,-27.15722,0,2.286982000000002
180,-491284.5,-29.444202,0.3400000000256113,0
-165,-337946.22,59.37224,1.2800000000279397,1.4349269999999947
-150,-337943.8,60.660805,3.7000000000116415,2.7234920000000002
-135,-337941.1,62.04771,6.400000000023283,4.110396999999999
-120,-337939.8,63.724453,7.7000000000116415,5.787139999999994
-105,-337942.34,66.02264,5.159999999974389,8.085326999999992
-90,-337944.84,62.736702,2.6599999999743886,4.799388999999998
-75,-337946.6,60.28233,0.9000000000232831,2.3450169999999986
-60,-337944.56,60.43649,2.9400000000023283,2.499176999999996
-45,-337943.66,60.909767,3.8400000000256114,2.972453999999999
-30,-337941.94,62.324955,5.559999999997672,4.387642
-15,-337940.12,63.63027,7.380000000004657,5.692957
0,-337940.5,62.617027,7,4.679713999999997
15,-337942.4,61.063274,5.099999999976717,3.1259609999999967
30,-337944.72,59.372547,2.78000000002794,1.4352339999999941
45,-337946.56,58.213757,0.9400000000023284,0.2764439999999979
60,-337947.3,57.937313,0.2000000000116415,0
75,-337946.78,58.795547,0.7199999999720603,0.858233999999996
90,-337945.12,60.759907,2.3800000000046566,2.822593999999995
105,-337942.56,63.907555,4.940000000002328,5.970241999999999
120,-337941.44,65.57527,6.059999999997672,7.637957
135,-337944.22,60.757656,3.28000000002794,2.820342999999994
150,-337946.3,58.848503,1.2000000000116415,0.9111899999999977
165,-337947.44,58.450687,0.0599999999976716,0.5133739999999989
180,-337947.5,58.65024,0,0.7129269999999934
-165,-310843.44,40.39574,0,0.06154200000000287
-150,-310843.38,40.342003,0.0599999999976716,0.007804999999997619
-135,-310842.6,41.07111,0.8400000000256114,0.7369119999999967
-120,-310841.12,42.380215,2.320000000006985,2.046016999999999
-105,-310839.6,43.745155,3.8400000000256114,3.4109569999999962
-90,-310838.9,44.38412,4.539999999979045,4.049922000000002
-75,-310839.6,43.777565,3.8400000000256114,3.443367000000002
-60,-310841.12,42.409576,2.320000000006985,2.0753780000000006
-45,-310842.6,41.075787,0.8400000000256114,0.7415889999999976
-30,-310843.38,40.335484,0.0599999999976716,0.0012860000000003424
-15,-310843.44,40.405224,0,0.07102599999999626
0,-310843.3,40.677406,0.1400000000139698,0.34320799999999707
15,-310843.44,40.405224,0,0.07102599999999626
30,-310843.38,40.334198,0.0599999999976716,0
45,-310842.6,41.075787,0.8400000000256114,0.7415889999999976
60,-310841.12,42.409576,2.320000000006985,2.0753780000000006
75,-310839.6,43.777565,3.8400000000256114,3.443367000000002
90,-310838.9,44.38412,4.539999999979045,4.049922000000002
105,-310839.6,43.745155,3.8400000000256114,3.4109569999999962
120,-310841.16,42.37931,2.28000000002794,2.045111999999996
135,-310842.6,41.073246,0.8400000000256114,0.7390479999999968
150,-310843.38,40.34202,0.0599999999976716,0.007821999999997331
165,-310843.44,40.39574,0,0.06154200000000287
180,-310843.3,40.677402,0.1400000000139698,0.34320400000000006
-165,-438241.16,-193.10219,0.720000000030268,0.009029999999995653
-150,-438239.03,-193.08167,2.849999999976717,0.02955000000000041
-135,-438235.88,-192.57391,6,0.5373099999999909
-120,-438232.06,-191.16475,9.820000000006983,1.946470000000005
-105,-438228.34,-188.2762,13.539999999979043,4.835020000000014
-90,-438225.34,-184.14848,16.539999999979045,8.962739999999997
-75,-438223.66,-179.65805,18.220000000030268,13.45317
-60,-438223.25,-175.91814,18.630000000004657,17.19308000000001
-45,-438223.1,-173.01808,18.78000000002794,20.093140000000005
-30,-438222.5,-170.16368,19.380000000004657,22.947540000000004
-15,-438221.25,-167.36784,20.630000000004657,25.743380000000002
0,-438219.25,-164.85677,22.630000000004657,28.25444999999999
15,-438221.25,-167.3709,20.630000000004657,25.740319999999997
30,-438222.5,-170.16368,19.380000000004657,22.947540000000004
45,-438223.1,-173.01808,18.78000000002794,20.093140000000005
60,-438223.25,-175.93657,18.630000000004657,17.174650000000014
75,-438223.66,-179.65952,18.220000000030268,13.451700000000017
90,-438225.34,-184.07692,16.539999999979045,9.034300000000002
105,-438228.34,-188.18774,13.539999999979043,4.923480000000012
120,-438232.06,-191.1577,9.820000000006983,1.9535199999999975
135,-438235.88,-192.58917,6,0.5220500000000072
150,-438239.03,-193.08167,2.849999999976717,0.02955000000000041
165,-438241.16,-193.11122,0.720000000030268,0
180,-438241.88,-193.06575,0,0.04546999999999457
-165,-440003.75,-70.708595,0.4699999999720603,0.004184999999992556
-150,-440002.56,-68.41731,1.6599999999743886,2.2954699999999946
-135,-440000.62,-64.90622,3.599999999976717,5.80655999999999
-120,-439998.16,-61.01425,6.059999999997672,9.698529999999998
-105,-439995.53,-56.88799,8.68999999994412,13.824789999999993
-90,-439995.8,-51.91145,8.419999999983702,18.801329999999993
-75,-439998.12,-56.064842,6.099999999976717,14.647937999999996
-60,-439999.75,-59.193974,4.46999999997206,11.518805999999998
-45,-440000.56,-61.633263,3.6599999999743886,9.079516999999996
-30,-440000.7,-62.833607,3.519999999960419,7.879172999999994
-15,-440000.38,-62.777767,3.839999999967404,7.935012999999998
0,-439999.88,-59.479645,4.339999999967404,11.233134999999997
15,-440000.38,-62.780544,3.839999999967404,7.932235999999996
30,-440000.7,-62.8347,3.519999999960419,7.878079999999997
45,-440000.56,-61.64792,3.6599999999743886,9.064859999999996
60,-439999.75,-59.367126,4.46999999997206,11.345653999999996
75,-439998.12,-56.05714,6.099999999976717,14.655639999999998
90,-439995.8,-51.91104,8.419999999983702,18.801739999999995
105,-439995.53,-56.874928,8.68999999994412,13.837851999999998
120,-439998.16,-61.011074,6.059999999997672,9.701705999999994
135,-440000.62,-64.90586,3.599999999976717,5.806919999999991
150,-440002.56,-68.38413,1.6599999999743886,2.328649999999996
165,-440003.75,-70.71278,0.4699999999720603,0
180,-440004.22,-70.55068,0,0.16209999999999525
