mol_id,conf_id,scan,b3lyp_relative_energy,wb97m_relative_energy,resff_relative_energy
1,1,-165,11.09375,10.410727,8.662109
1,2,-150,10.8125,9.76308425,9.041992
1,3,-135,10.5625,9.1879805,9.431641
1,4,-120,10.25,8.647201,9.525391
1,5,-105,9.6875,8.0097865,8.8359375
1,6,-90,8.65625,7.20250775,7.6210938
1,7,-75,6.875,5.82025075,6.2666016
1,8,-60,4.59375,3.93310725,4.334961
1,9,-45,2.5625,2.18765325,2.6279297
1,10,-30,1.125,0.9361045,1.2255859
1,11,-15,0.28125,0.223139,0.31054688
1,12,0,0,0,0
1,13,15,0.28125,0.223139,0.3095703
1,14,30,1.125,0.93579075,1.2294922
1,15,45,2.5625,2.186461,2.6220703
1,16,60,4.59375,3.92833825,4.334961
1,17,75,6.875,5.815419,6.270508
1,18,90,8.65625,7.20275875,7.623047
1,19,105,9.6875,8.0097865,8.839844
1,20,120,10.25,8.64713825,9.524414
1,21,135,10.5625,9.1866,9.433594
1,22,150,10.8125,9.76308425,9.041992
1,23,165,11.09375,10.41078975,8.661133
1,24,180,11.34375,11.0305715,8.282227
2,1,-165,2.28125,3.265259,3.6660156
2,2,-150,1.15625,1.92811925,2.515625
2,3,-135,0.34375,0.82146025,1.3232422
2,4,-120,0.03125,0.2011765,0.4375
2,5,-105,0.03125,0.0146835,0.056640625
2,6,-90,0.03125,0,0.000976563
2,7,-75,0,0.0443015,0.13769531
2,8,-60,0.09375,0.35434925,0.6748047
2,9,-45,0.59375,1.11437725,1.6259766
2,10,-30,1.46875,2.262765,2.7783203
2,11,-15,2.46875,3.437194,3.7597656
2,12,0,3.09375,3.94816725,3.9726562
2,13,15,2.46875,3.43976675,3.7636719
2,14,30,1.46875,2.2638945,2.7919922
2,15,45,0.59375,1.11425175,1.6230469
2,16,60,0.09375,0.354663,0.6748047
2,17,75,0,0.0443015,0.140625
2,18,90,0.03125,0.00056475,0
2,19,105,0.03125,0.014558,0.053710938
2,20,120,0.03125,0.2011765,0.43652344
2,21,135,0.34375,0.8206445,1.3251953
2,22,150,1.15625,1.92661325,2.5185547
2,23,165,2.28125,3.265259,3.6640625
2,24,180,3.09375,3.94917125,3.9765625
3,1,-165,1,0.90780425,1.5292969
3,2,-150,0.1875,0.11113025,0.10058594
3,3,-135,0,0.0242215,0.52734375
3,4,-120,0.125,0.16258525,1.1367188
3,5,-105,0.875,0.76222425,2.0966797
3,6,-90,1.875,1.79910525,3.2109375
3,7,-75,0.8125,0.78230425,2.0898438
3,8,-60,0.0625,0.13723425,1.0371094
3,9,-45,0.0625,0.0051455,0.41796875
3,10,-30,0.1875,0.08163775,0
3,11,-15,1,0.8768685,1.3857422
3,12,0,0.8125,0.581567,0.3564453
3,13,15,1,0.88797525,1.4121094
3,14,30,0.1875,0.0817005,0
3,15,45,0.0625,0,0.41503906
3,16,60,0.0625,0.13723425,1.0371094
3,17,75,0.8125,0.78945775,2.0898438
3,18,90,1.875,1.81353775,3.241211
3,19,105,0.875,0.74201875,2.0751953
3,20,120,0.125,0.15668675,1.1279297
3,21,135,0,0.0247235,0.53515625
3,22,150,0.1875,0.10836925,0.09765625
3,23,165,1,0.90265875,1.5136719
3,24,180,0.8125,0.59744275,0.3984375
4,1,-165,0.9609375,0.64864675,0.9267578
4,2,-150,0.546875,0.40818875,0.68066406
4,3,-135,0.1484375,0.13554,0.2993164
4,4,-120,0,0,0.000488281
4,5,-105,0.171875,0.07599025,0.10498047
4,6,-90,0.609375,0.292415,0.59521484
4,7,-75,1.265625,0.64111675,1.0375977
4,8,-60,2.3203125,1.58261775,1.8242188
4,9,-45,3.5625,2.97027125,3.0439453
4,10,-30,4.0625,3.7646235,3.9194336
4,11,-15,3.8203125,3.51406275,3.6723633
4,12,0,3.6796875,3.3685455,3.4760742
4,13,15,3.8125,3.5131215,3.6640625
4,14,30,4.0625,3.76368225,3.915039
4,15,45,3.5625,2.97027125,3.0439453
4,16,60,2.3203125,1.58349625,1.8266602
4,17,75,1.265625,0.64111675,1.0375977
4,18,90,0.609375,0.292415,0.59521484
4,19,105,0.171875,0.07599025,0.10498047
4,20,120,0,0,0
4,21,135,0.1484375,0.13554,0.2993164
4,22,150,0.546875,0.40818875,0.6801758
4,23,165,0.9609375,0.64864675,0.9267578
4,24,180,1.1328125,0.7280255,0.98095703
5,1,-165,4.34375,3.5791345,2.2695312
5,2,-150,4.3125,3.6102585,2.6513672
5,3,-135,4.0625,3.429413,2.8652344
5,4,-120,3.625,2.9724675,2.828125
5,5,-105,3.09375,2.4353275,2.8457031
5,6,-90,2.375,1.8156085,2.366211
5,7,-75,1.59375,1.135273,1.8769531
5,8,-60,0.84375,0.52208,1.2519531
5,9,-45,0.25,0.13911675,0.6611328
5,10,-30,0,0.01838575,0.27246094
5,11,-15,0.03125,0.01738175,0.0703125
5,12,0,0.09375,0,0
5,13,15,0.03125,0.01650325,0.068359375
5,14,30,0,0.01838575,0.27148438
5,15,45,0.25,0.13773625,0.6640625
5,16,60,0.84375,0.52208,1.2519531
5,17,75,1.59375,1.13533575,1.8652344
5,18,90,2.375,1.816738,2.3769531
5,19,105,3.09375,2.4360805,2.8515625
5,20,120,3.625,2.97184,2.8251953
5,21,135,4.0625,3.42972675,2.866211
5,22,150,4.3125,3.60831325,2.6513672
5,23,165,4.34375,3.581017,2.2763672
5,24,180,4.28125,3.4772285,2.1347656
6,1,-165,0.3125,1.074029,1.8515625
6,2,-150,0,0.59631325,1.4179688
6,3,-135,0.0625,1.46364375,1.9511719
6,4,-120,1.4375,1.42762525,1.8945312
6,5,-105,2.6875,2.35795675,2.3457031
6,6,-90,1.9375,1.93765725,1.6699219
6,7,-75,1.75,1.39599925,1.0703125
6,8,-60,1.3125,0.68272,0.38671875
6,9,-45,0.6875,0.16697775,0
6,10,-30,0.3125,0.00094125,0.060546875
6,11,-15,0.375,0.310989,0.50390625
6,12,0,0.875,0.94269325,1.1738281
6,13,15,0.375,0.31105175,0.5097656
6,14,30,0.3125,0,0.05859375
6,15,45,0.6875,0.1662875,0.001953125
6,16,60,1.3125,0.68366125,0.39257812
6,17,75,1.75,1.396062,1.0703125
6,18,90,1.9375,1.9300645,1.6699219
6,19,105,2.6875,2.3592745,2.3457031
6,20,120,1.4375,1.43402575,1.9121094
6,21,135,0.4375,0.78481425,1.5546875
6,22,150,0,0.59417975,1.4160156
6,23,165,0.3125,1.07409175,1.8535156
6,24,180,1.125,1.9147535,2.3398438
7,1,-165,4.28125,4.12148275,4.310547
7,2,-150,5.25,4.87159625,5.573242
7,3,-135,6.21875,5.65797925,6.8447266
7,4,-120,6.375,5.76547,7.1328125
7,5,-105,5.34375,4.78399725,6.053711
7,6,-90,3.40625,3.00026575,4.459961
7,7,-75,1.375,1.1474465,2.508789
7,8,-60,0.03125,0,0.6640625
7,9,-45,0,0.0681465,0.06933594
7,10,-30,1.25,1.28455525,1.1630859
7,11,-15,2.75,3.0896845,3.6132812
7,12,0,3.53125,4.245163,5.0976562
7,13,15,3.25,3.34225325,3.696289
7,14,30,1.71875,1.58086075,1.3837891
7,15,45,0.5625,0.52465275,0
7,16,60,0.59375,0.59945075,0.40820312
7,17,75,2.03125,1.87076575,2.256836
7,18,90,4.15625,3.7337505,4.4003906
7,19,105,5.75,5.22663575,5.9560547
7,20,120,6.4375,5.80531625,6.805664
7,21,135,6.625,5.907536,7.2314453
7,22,150,5.59375,5.04930425,6.0371094
7,23,165,4.71875,4.517749,4.8447266
7,24,180,3.75,3.7089015,4.0771484
8,1,-165,0.5625,0.620974,0.515625
8,2,-150,2.09375,2.11197675,1.9443359
8,3,-135,3.875,3.93649575,3.7919922
8,4,-120,5.65625,5.4935115,5.6220703
8,5,-105,7.25,6.88995,7.071289
8,6,-90,8.3125,7.83992225,7.786133
8,7,-75,8.59375,8.1169635,7.7373047
8,8,-60,8.0625,7.6418205,7.069336
8,9,-45,6.84375,6.39014625,5.774414
8,10,-30,5.53125,5.00387325,4.3867188
8,11,-15,4.625,4.05722675,3.4697266
8,12,0,4.46875,3.794116,3.4804688
8,13,15,4.625,4.056411,3.4765625
8,14,30,5.53125,5.014227,4.40625
8,15,45,6.84375,6.3903345,5.774414
8,16,60,8.0625,7.63987525,7.064453
8,17,75,8.59375,8.113826,7.732422
8,18,90,8.3125,7.840487,7.7851562
8,19,105,7.25,6.89013825,7.0722656
8,20,120,5.65625,5.4932605,5.626953
8,21,135,3.875,3.933923,3.7832031
8,22,150,2.0625,2.120448,1.9101562
8,23,165,0.5625,0.56029475,0.48632812
8,24,180,0,0,0
9,1,-165,0.375,1.554694,2.1748047
9,2,-150,0.21875,0.79121475,1.3613281
9,3,-135,0.03125,0.27013875,0.859375
9,4,-120,0.03125,0.04574475,0.4453125
9,5,-105,0.0625,0,0.055664062
9,6,-90,0.09375,0.01938975,0
9,7,-75,0.0625,0.01562475,0.17089844
9,8,-60,0,0.10334925,0.6191406
9,9,-45,0.09375,0.41722475,1.0058594
9,10,-30,0.28125,1.01836975,1.5722656
9,11,-15,0.375,1.617695,2.234375
9,12,0,0.375,1.7495955,2.352539
9,13,15,0.375,1.617695,2.2324219
9,14,30,0.28125,1.01849525,1.5722656
9,15,45,0.09375,0.41709925,1.0058594
9,16,60,0,0.10322375,0.6191406
9,17,75,0.0625,0.01989175,0.18164062
9,18,90,0.09375,0.0202055,0
9,19,105,0.0625,0,0.057617188
9,20,120,0.03125,0.0458075,0.4453125
9,21,135,0.03125,0.27013875,0.859375
9,22,150,0.21875,0.79108925,1.3603516
9,23,165,0.375,1.554694,2.1748047
9,24,180,0.375,1.749972,2.359375
10,1,-165,0.46875,1.080053,0.40625
10,2,-150,1.0625,1.809961,1.2636719
10,3,-135,1.6875,2.3103295,1.6503906
10,4,-120,1.59375,2.67057725,2.5107422
10,5,-105,1.03125,2.024566,1.8232422
10,6,-90,0.4375,1.01284775,0.7578125
10,7,-75,0.03125,0.1319005,0
10,8,-60,0.375,0,0.33496094
10,9,-45,1.4375,0.95938475,1.3916016
10,10,-30,2.75,2.34942275,2.743164
10,11,-15,4,3.53765675,3.9824219
10,12,0,4.59375,4.1147685,4.629883
10,13,15,4,3.5362135,3.9853516
10,14,30,2.78125,2.34666175,2.7324219
10,15,45,1.4375,0.9602005,1.390625
10,16,60,0.375,0.000502,0.3388672
10,17,75,0.03125,0.13321825,0.002929688
10,18,90,0.4375,1.01874625,0.7705078
10,19,105,1.03125,2.02550725,1.8173828
10,20,120,1.5625,2.662357,2.5097656
10,21,135,1.6875,2.308949,1.6572266
10,22,150,1.0625,1.8048155,1.2128906
10,23,165,0.625,1.10985925,0.43945312
10,24,180,0,0.8211465,0.36035156
11,1,-165,0.125,0.31305975,0.3046875
11,2,-150,0,0,0
11,3,-135,0.46875,0.2385755,0.30664062
11,4,-120,1.34375,0.86212225,1.109375
11,5,-105,2.21875,1.5437755,2.1074219
11,6,-90,2.625,1.88595125,2.609375
11,7,-75,2.15625,1.59491675,2.1328125
11,8,-60,1.25,0.899082,1.1425781
11,9,-45,0.375,0.23939125,0.27929688
11,10,-30,0,0.0161895,0.013671875
11,11,-15,0.1875,0.38359075,0.37109375
11,12,0,0.875,1.17474275,1.1347656
11,13,15,0.1875,0.3836535,0.36914062
11,14,30,0,0.0154365,0.01171875
11,15,45,0.375,0.23989325,0.28515625
11,16,60,1.25,0.89989775,1.140625
11,17,75,2.15625,1.59855625,2.1308594
11,18,90,2.625,1.88469625,2.6054688
11,19,105,2.21875,1.54157925,2.0878906
11,20,120,1.34375,0.86274975,1.1171875
11,21,135,0.46875,0.235438,0.31054688
11,22,150,0,0.00332575,0.001953125
11,23,165,0.125,0.3171385,0.3125
11,24,180,0.75,1.0786725,1.0585938
12,1,-165,4.375,5.28675025,5.745117
12,2,-150,1.96875,3.40676025,3.9794922
12,3,-135,0.9375,2.28692375,2.6640625
12,4,-120,0.25,1.38796725,1.2802734
12,5,-105,0,0.52314675,0.5917969
12,6,-90,0.1875,0,0.001953125
12,7,-75,1.53125,2.723099,2.5888672
12,8,-60,3.0625,4.34399425,3.8515625
12,9,-45,4.25,5.363117,5.0859375
12,10,-30,6.40625,6.6950485,7.1591797
12,11,-15,6.09375,8.2640495,10.395508
12,12,0,6.09375,8.23148225,10.510742
12,13,15,5.71875,7.89376175,9.263672
12,14,30,6.40625,6.69937825,7.151367
12,15,45,4.25,5.37309425,5.1064453
12,16,60,3.0625,4.34775925,3.8574219
12,17,75,1.53125,2.72491875,2.5976562
12,18,90,0.1875,6.27E-05,0
12,19,105,0,0.52314675,0.58691406
12,20,120,0.25,1.384767,1.2832031
12,21,135,0.9375,2.28554325,2.6582031
12,22,150,1.96875,3.39985775,3.9853516
12,23,165,4.375,5.28800525,5.7539062
12,24,180,5.3125,6.1988215,6.6015625
13,1,-165,2.21875,2.1966265,1.6835938
13,2,-150,1.5,1.5314765,1.0458984
13,3,-135,1.09375,1.08683,0.34179688
13,4,-120,1.15625,1.10082325,0
13,5,-105,1.75,1.6007525,0.49023438
13,6,-90,2.65625,2.435202,1.5742188
13,7,-75,3.59375,3.3037875,2.5751953
13,8,-60,4,3.695724,2.9501953
13,9,-45,3.46875,3.22014175,2.5664062
13,10,-30,2.28125,2.0992385,1.7246094
13,11,-15,1.25,1.07446825,0.91796875
13,12,0,0,0,0.20800781
13,13,15,1.15625,0.6015215,0.61035156
13,14,30,2.0625,2.09892475,1.3798828
13,15,45,3.125,3.18161325,2.2167969
13,16,60,3.65625,3.6795345,2.7021484
13,17,75,3.375,3.31527075,2.477539
13,18,90,2.625,2.492681,1.6201172
13,19,105,1.84375,1.72844875,0.7529297
13,20,120,1.40625,1.3013095,0.38183594
13,21,135,1.375,1.3389595,0.67089844
13,22,150,1.8125,1.78931625,1.3066406
13,23,165,2.4375,2.37577775,1.7695312
13,24,180,2.65625,2.59979525,1.8935547
14,1,-165,1.5625,1.199278,2.2402344
14,2,-150,2.125,1.5269585,2.8876953
14,3,-135,3.1875,2.257996,3.9326172
14,4,-120,4.625,3.3502225,5.2314453
14,5,-105,6.0625,4.4091915,6.463867
14,6,-90,6.75,4.891488,7.208008
14,7,-75,6.1875,4.5128545,6.5878906
14,8,-60,4.6875,3.44240225,4.9765625
14,9,-45,2.875,2.11084725,3.0615234
14,10,-30,1.375,0.972625,1.4355469
14,11,-15,0.375,0.252506,0.37695312
14,12,0,0,0,0
14,13,15,0.375,0.250498,0.37402344
14,14,30,1.375,0.97306425,1.4365234
14,15,45,2.875,2.1148005,3.0576172
14,16,60,4.6875,3.44566525,4.9853516
14,17,75,6.1875,4.512227,6.584961
14,18,90,6.75,4.89067225,7.2021484
14,19,105,6.0625,4.4091915,6.4628906
14,20,120,4.625,3.350348,5.2314453
14,21,135,3.1875,2.2593765,3.930664
14,22,150,2.125,1.5269585,2.8886719
14,23,165,1.5625,1.1991525,2.2402344
14,24,180,1.375,1.1045255,1.9951172
15,1,-165,0.75,0.75193325,1.2763672
15,2,-150,0.90625,1.094611,1.7060547
15,3,-135,1.15625,1.47368375,2.1699219
15,4,-120,0.75,0.98561425,1.5742188
15,5,-105,0.25,0.45161175,0.69433594
15,6,-90,0,0,0.00390625
15,7,-75,0.5,0.1567495,0.22753906
15,8,-60,1.8125,1.224378,1.4121094
15,9,-45,3.84375,3.21675325,3.3671875
15,10,-30,6.03125,5.5567635,5.680664
15,11,-15,7.65625,7.4605985,7.5859375
15,12,0,8.28125,8.25005625,8.375
15,13,15,7.65625,7.45752375,7.583008
15,14,30,6.03125,5.55833225,5.676758
15,15,45,3.84375,3.2091605,3.3691406
15,16,60,1.8125,1.22895875,1.4248047
15,17,75,0.5,0.15605925,0.22851562
15,18,90,0,0.0013805,0
15,19,105,0.25,0.45048225,0.6923828
15,20,120,0.75,0.98762225,1.5869141
15,21,135,0.9375,1.18754375,1.7822266
15,22,150,0.90625,1.08262575,1.6855469
15,23,165,0.75,0.7960465,1.3320312
15,24,180,0.6875,0.55841225,1.0742188
16,1,-165,0.15625,0.05327475,0.049804688
16,2,-150,0.71875,0.2830025,0.24804688
16,3,-135,1.71875,0.819013,0.69433594
16,4,-120,3,1.6213345,1.4414062
16,5,-105,4.21875,2.4308095,2.2304688
16,6,-90,4.84375,2.92433825,2.7636719
16,7,-75,4.5625,2.80235225,2.7666016
16,8,-60,3.53125,2.15150925,2.2070312
16,9,-45,2.3125,1.4034665,1.3017578
16,10,-30,1.40625,0.9403715,0.6826172
16,11,-15,1,0.828802,0.5878906
16,12,0,0.90625,0.84517975,0.63671875
16,13,15,1,0.82861375,0.58691406
16,14,30,1.40625,0.940246,0.6826172
16,15,45,2.3125,1.404847,1.3095703
16,16,60,3.53125,2.15314075,2.211914
16,17,75,4.5625,2.80297975,2.7617188
16,18,90,4.84375,2.92396175,2.7636719
16,19,105,4.21875,2.43262925,2.2324219
16,20,120,3,1.6205815,1.4384766
16,21,135,1.71875,0.81832275,0.6933594
16,22,150,0.71875,0.28306525,0.24707031
16,23,165,0.15625,0.05026275,0.047851562
16,24,180,0,0,0
17,1,-165,0.15625,0.023845,0.2109375
17,2,-150,1.0625,0.604157,1.2324219
17,3,-135,2.9375,2.086563,3.2373047
17,4,-120,5.53125,4.27434175,5.885742
17,5,-105,8.53125,6.848786,8.796875
17,6,-90,11.34375,9.3390825,11.586914
17,7,-75,13.34375,11.09099975,13.788086
17,8,-60,13.84375,11.5915565,14.456055
17,9,-45,2.625,1.8670635,3.0595703
17,10,-30,0.90625,0.4923365,1.1035156
17,11,-15,0.09375,0.008785,0.15722656
17,12,0,0,0.21993875,0
17,13,15,0.09375,0,0.08886719
17,14,30,0.875,0.45035675,1.0195312
17,15,45,2.5625,1.80475275,2.9726562
17,16,60,5.15625,4.03036975,5.7470703
17,17,75,8.34375,6.8280785,8.813477
17,18,90,11.4375,9.50279725,11.614258
17,19,105,13.5,11.22779475,13.68457
17,20,120,13.96875,11.70193375,14.3125
17,21,135,2.96875,2.1075215,3.1914062
17,22,150,1.125,0.620472,1.1767578
17,23,165,0.15625,0.0202055,0.13671875
17,24,180,0,0.21981325,0.002929688
18,1,-165,2.1875,1.50656475,2.0732422
18,2,-150,3.875,2.96274125,3.7919922
18,3,-135,6,5.21785075,6.4208984
18,4,-120,7.8125,8.2582765,10.368164
18,5,-105,7.84375,8.81819475,11.208008
18,6,-90,7.0625,8.00545675,9.803711
18,7,-75,6,6.5728115,8.116211
18,8,-60,5.09375,5.15660675,6.7597656
18,9,-45,4.59375,4.32040025,6.013672
18,10,-30,4.5625,4.247422,6.165039
18,11,-15,4.75,4.62260425,6.819336
18,12,0,4.71875,4.6900605,6.7021484
18,13,15,4.34375,3.93135025,4.7802734
18,14,30,2.96875,1.8371945,2.1748047
18,15,45,1.75,0.75067825,1.1074219
18,16,60,1.09375,0.4265745,0.58691406
18,17,75,1.03125,0.610181,0.6582031
18,18,90,1.15625,1.4566785,1.5410156
18,19,105,1.03125,1.56128275,1.9082031
18,20,120,0.875,1.30074475,1.4628906
18,21,135,0.40625,0.6311395,0.5263672
18,22,150,0,0,0
18,23,165,0.1875,0.00420425,0.28515625
18,24,180,0.96875,0.51913075,0.97753906
19,1,-165,0.59375,0.49829775,0.48535156
19,2,-150,2.03125,1.90603125,1.8876953
19,3,-135,3.9375,3.86019175,3.9228516
19,4,-120,5.8125,5.58958175,5.9541016
19,5,-105,7.5625,7.08290625,7.618164
19,6,-90,9.0625,8.478529,8.99707
19,7,-75,9.6875,9.223999,9.274414
19,8,-60,8.96875,8.504884,8.099609
19,9,-45,7.46875,6.93895775,6.319336
19,10,-30,6,5.31762325,4.413086
19,11,-15,5,4.19126075,3.1103516
19,12,0,4.6875,3.841806,2.741211
19,13,15,5.21875,4.35290475,3.336914
19,14,30,6.34375,5.59121325,4.6367188
19,15,45,7.75,7.13662025,6.0966797
19,16,60,8.625,8.25921775,7.455078
19,17,75,8.96875,8.5948675,8.2890625
19,18,90,8.78125,8.49515775,8.513672
19,19,105,7.9375,7.84444025,7.919922
19,20,120,6.375,6.32112125,6.4765625
19,21,135,4.15625,4.1541755,4.3691406
19,22,150,2,2.05010525,2.211914
19,23,165,0.5,0.54611325,0.6171875
19,24,180,0,0,0
20,1,-165,3.9375,3.3582545,3.508789
20,2,-150,2.53125,2.3903985,2.8876953
20,3,-135,1.21875,1.4606945,1.9882812
20,4,-120,0.5,0.8909245,1.1835938
20,5,-105,0.375,0.73361025,0.9433594
20,6,-90,0.78125,0.839093,1.1494141
20,7,-75,1.21875,1.027845,1.2099609
20,8,-60,1.4375,1.05922,1.3271484
20,9,-45,1.25,0.85873375,1.0859375
20,10,-30,0.9375,0.53858325,0.62109375
20,11,-15,0.6875,0.2373205,0
20,12,0,0,0,1.1542969
20,13,15,0.21875,0.2624205,1.3476562
20,14,30,1.09375,0.59995275,0.9394531
20,15,45,1.03125,0.5658795,1.1328125
20,16,60,0.78125,0.4049885,0.95703125
20,17,75,0.46875,0.41120075,0.74316406
20,18,90,0.28125,0.58828125,0.53125
20,19,105,0.4375,0.9614555,0.7441406
20,20,120,1.09375,1.58738675,1.2734375
20,21,135,2.1875,2.304682,1.9619141
20,22,150,3.34375,2.88932375,2.6279297
20,23,165,4.21875,3.49159825,3.0458984
20,24,180,4.6875,3.82869125,3.1835938
21,1,-165,1.96875,2.1404025,2.196289
21,2,-150,2.25,1.9348335,2.1689453
21,3,-135,2.90625,2.09490875,2.631836
21,4,-120,3.875,2.57406775,3.4609375
21,5,-105,4.625,2.9353195,4.1552734
21,6,-90,4.65625,2.78992775,4.0410156
21,7,-75,3.75,2.0387475,3.1308594
21,8,-60,2.34375,1.0367555,1.9580078
21,9,-45,1.0625,0.260036,0.94433594
21,10,-30,0.28125,0,0.3046875
21,11,-15,0.03125,0.16409125,0.044921875
21,12,0,0,0.3306925,0
21,13,15,0.03125,0.16421675,0.043945312
21,14,30,0.28125,0,0.3046875
21,15,45,1.0625,0.2601615,0.94433594
21,16,60,2.34375,1.0367555,1.9589844
21,17,75,3.75,2.03881025,3.1308594
21,18,90,4.65625,2.78980225,4.0410156
21,19,105,4.625,2.9353195,4.1523438
21,20,120,3.875,2.5708675,3.4570312
21,21,135,2.90625,2.094846,2.631836
21,22,150,2.25,1.9348335,2.1699219
21,23,165,1.96875,2.1404025,2.196289
21,24,180,1.9375,2.31265125,2.2470703
22,1,-165,0.21875,0.22872375,0.53222656
22,2,-150,0.9375,0.74390125,1.5878906
22,3,-135,2.0625,1.50706675,2.8417969
22,4,-120,3.625,2.626966,4.1376953
22,5,-105,5.34375,3.88817825,5.4365234
22,6,-90,6.28125,4.5698315,6.0283203
22,7,-75,5.8125,4.2485515,5.3710938
22,8,-60,4.28125,3.1802955,4.026367
22,9,-45,2.625,1.931194,2.4941406
22,10,-30,1.21875,0.83940675,0.9658203
22,11,-15,0.3125,0.16396575,0.10253906
22,12,0,0,0.00106675,0.006835938
22,13,15,0.21875,0.23801075,0.5527344
22,14,30,0.90625,0.74239525,1.6240234
22,15,45,2,1.46740875,2.8779297
22,16,60,3.5625,2.598603,4.173828
22,17,75,5.28125,3.9081955,5.4648438
22,18,90,6.28125,4.57867925,6.033203
22,19,105,5.8125,4.20431275,5.3564453
22,20,120,4.34375,3.14252,4.0390625
22,21,135,2.65625,1.91042375,2.461914
22,22,150,1.25,0.829555,0.9501953
22,23,165,0.3125,0.16785625,0.103515625
22,24,180,0,0,0
23,1,-165,12.53125,12.5114715,13.316406
23,2,-150,11.40625,10.97390825,10.956055
23,3,-135,10.625,10.233521,9.413086
23,4,-120,10.15625,9.92736375,8.146484
23,5,-105,10.3125,10.01119775,8.65918
23,6,-90,11.09375,10.69743175,10.268555
23,7,-75,12.6875,12.59474075,13.448242
23,8,-60,11.875,11.5293085,12.8515625
23,9,-45,10.3125,9.93709,11.3984375
23,10,-30,7.53125,7.42790575,8.234375
23,11,-15,4.40625,4.59173125,5.3583984
23,12,0,0.875,0.7973015,1.3427734
23,13,15,0,0,0
23,14,30,0.3125,0.410636,0.640625
23,15,45,1.59375,1.934206,1.6376953
23,16,60,3.6875,4.0083445,3.756836
23,17,75,2.6875,4.050136,4.0546875
23,18,90,2.15625,2.981629,2.977539
23,19,105,2.09375,2.6296015,2.6191406
23,20,120,2.28125,2.893779,3.2128906
23,21,135,4.28125,4.58834275,5.4501953
23,22,150,7.40625,7.476035,8.2578125
23,23,165,10.21875,9.86373525,11.251953
23,24,180,11.78125,11.52748875,12.7578125
24,1,-165,0.71875,0.69545825,1.1630859
24,2,-150,0,0.002259,0.17480469
24,3,-135,0.09375,0.0126755,0
24,4,-120,0.8125,0.6243625,0.5097656
24,5,-105,1.78125,1.43603375,1.078125
24,6,-90,2.28125,1.84641875,1.15625
24,7,-75,1.78125,1.44042625,1.0849609
24,8,-60,0.8125,0.6301355,0.5292969
24,9,-45,0.09375,0.01474625,0.015625
24,10,-30,0,0,0.17285156
24,11,-15,0.6875,0.67926875,1.1494141
24,12,0,1.46875,1.38809275,2.0546875
24,13,15,0.6875,0.67926875,1.1494141
24,14,30,0,0.001757,0.17382812
24,15,45,0.09375,0.0144325,0.015625
24,16,60,0.8125,0.62718625,0.52246094
24,17,75,1.78125,1.4403635,1.0849609
24,18,90,2.28125,1.84666975,1.15625
24,19,105,1.78125,1.43603375,1.078125
24,20,120,0.8125,0.624488,0.50683594
24,21,135,0.09375,0.0126755,0
24,22,150,0,0.00232175,0.17480469
24,23,165,0.71875,0.69545825,1.1630859
24,24,180,1.46875,1.38809275,2.0546875
25,1,-165,0.625,0.19044625,0.18945312
25,2,-150,0.34375,0.059487,0.087890625
25,3,-135,0.125,0.0141815,0.0390625
25,4,-120,0,0.06193425,0.068359375
25,5,-105,0.15625,0.32699025,0.46679688
25,6,-90,0.8125,1.02251125,1.15625
25,7,-75,0.15625,0.3502705,0.49804688
25,8,-60,0.03125,0.044929,0.044921875
25,9,-45,0.15625,0,0
25,10,-30,0.375,0.04210525,0.09765625
25,11,-15,0.71875,0.20098825,0.15429688
25,12,0,1.03125,0.44219925,0.22460938
25,13,15,0.71875,0.20111375,0.15039062
25,14,30,0.375,0.0558475,0.08984375
25,15,45,0.15625,0.00194525,0.00390625
25,16,60,0.03125,0.04699975,0.046875
25,17,75,0.15625,0.350145,0.49609375
25,18,90,0.8125,1.02150725,1.1601562
25,19,105,0.15625,0.3264255,0.46679688
25,20,120,0,0.061495,0.068359375
25,21,135,0.125,0.01098125,0.03515625
25,22,150,0.34375,0.05678875,0.091796875
25,23,165,0.625,0.19421125,0.1875
25,24,180,1,0.440505,0.22851562
26,1,-165,0.71875,0.001757,0.000976563
26,2,-150,0.875,0.1891285,0.44140625
26,3,-135,1.25,0.70022725,1.3935547
26,4,-120,1.875,1.42938225,2.2802734
26,5,-105,2.625,2.277574,3.3271484
26,6,-90,3.21875,2.942473,4.229492
26,7,-75,2.875,2.646795,3.8388672
26,8,-60,1.71875,1.49677575,2.2695312
26,9,-45,0.625,0.52026025,1.2539062
26,10,-30,0,0.03570475,0.62402344
26,11,-15,0.03125,0.12631575,0.4501953
26,12,0,0.375,0.535885,0.38085938
26,13,15,0.03125,0.12443325,0.43359375
26,14,30,0,0.0360185,0.625
26,15,45,0.625,0.52703725,1.2539062
26,16,60,1.71875,1.50016425,2.272461
26,17,75,2.875,2.65438775,3.8603516
26,18,90,3.21875,2.94266125,4.2314453
26,19,105,2.625,2.27500125,3.3486328
26,20,120,1.875,1.427939,2.2832031
26,21,135,1.25,0.6946425,1.3867188
26,22,150,0.875,0.18831275,0.43945312
26,23,165,0.71875,0,0
26,24,180,0.96875,0.33050425,0.35058594
27,1,-165,0.75,1.0450385,0.9638672
27,2,-150,1.09375,1.589834,1.7646484
27,3,-135,2.46875,2.7099215,2.9013672
27,4,-120,3.71875,4.12876175,5.501953
27,5,-105,4.625,5.594539,9.801758
27,6,-90,5.8125,6.724792,12.612305
27,7,-75,9.03125,9.573391,12.783203
27,8,-60,5.5625,6.14178175,8.453125
27,9,-45,2.875,3.31953775,4.727539
27,10,-30,1.03125,1.4963365,2.3183594
27,11,-15,0.1875,0.34568975,0.5888672
27,12,0,0,0,0
27,13,15,0.1875,0.34481125,0.58691406
27,14,30,1.03125,1.492195,2.3251953
27,15,45,2.875,3.29908125,4.713867
27,16,60,5.5625,6.1383305,8.448242
27,17,75,9.03125,9.5700025,12.801758
27,18,90,5.8125,6.7374675,12.615234
27,19,105,4.625,5.597049,9.806641
27,20,120,3.71875,4.13177375,5.506836
27,21,135,2.46875,2.7146905,2.9042969
27,22,150,1.09375,1.58989675,1.7685547
27,23,165,0.75,1.04359525,0.9667969
27,24,180,1.03125,1.06919725,0.9785156
28,1,-165,6.40625,5.61330125,5.970703
28,2,-150,6.6875,6.0695565,6.2822266
28,3,-135,7.4375,6.815905,6.4833984
28,4,-120,4.09375,3.34225325,3.8613281
28,5,-105,1.40625,1.17537025,1.1865234
28,6,-90,0,0.00119225,0.005859375
28,7,-75,6.5,5.3100305,4.875
28,8,-60,0.46875,0.229163,1.2529297
28,9,-45,5.3125,4.87925175,4.8916016
28,10,-30,6.90625,6.63763225,6.663086
28,11,-15,8.21875,8.160261,8.616211
28,12,0,9.125,9.034494,9.987305
28,13,15,8.21875,8.171305,8.631836
28,14,30,6.90625,6.6420875,6.6796875
28,15,45,5.3125,4.87536125,4.879883
28,16,60,0.46875,0.21780525,1.2363281
28,17,75,6.46875,5.3153015,4.899414
28,18,90,0,0,0
28,19,105,1.40625,1.18001375,1.21875
28,20,120,4.125,3.36961225,3.8085938
28,21,135,7.4375,6.821427,6.4941406
28,22,150,6.6875,6.06698375,6.28125
28,23,165,6.40625,5.6157485,5.9570312
28,24,180,6.53125,5.55720275,5.873047
29,1,-165,8.53125,7.854041,8.135742
29,2,-150,6.625,6.0198585,6.555664
29,3,-135,3.53125,2.84979125,3.5634766
29,4,-120,1.4375,0.84894475,1.2431641
29,5,-105,0.34375,0,0.18066406
29,6,-90,0,0.0842105,0
29,7,-75,0.40625,0.691003,0.33691406
29,8,-60,1.34375,1.65854525,1.2773438
29,9,-45,3.03125,3.45068525,1.7353516
29,10,-30,3.8125,4.343053,2.5410156
29,11,-15,4.3125,4.93321675,3.1591797
29,12,0,4.46875,4.9970335,2.8652344
29,13,15,4.3125,4.93309125,3.163086
29,14,30,3.8125,4.344559,2.5410156
29,15,45,3.03125,3.44968125,1.7363281
29,16,60,2.1875,2.4747345,1.1865234
29,17,75,1.71875,1.83336675,0.99316406
29,18,90,1.8125,1.73284125,1.1542969
29,19,105,2.28125,2.2194675,2.1445312
29,20,120,1.4375,0.84568175,1.2353516
29,21,135,4.71875,4.38076575,5.0751953
29,22,150,6.625,6.019231,6.5527344
29,23,165,8.53125,7.85372725,8.136719
29,24,180,9.59375,8.8320625,9.05957
30,1,-165,0.5625,1.23636325,1.4365234
30,2,-150,1.6875,2.6848215,3.3242188
30,3,-135,2.6875,3.8994105,4.8046875
30,4,-120,4.9375,5.16677225,4.3964844
30,5,-105,4.375,4.386978,4.2871094
30,6,-90,3,2.920134,2.7871094
30,7,-75,1.625,1.717844,1.2851562
30,8,-60,1.1875,1.632253,1.4863281
30,9,-45,1.625,2.44976,3.2734375
30,10,-30,2.4375,3.49034325,5.147461
30,11,-15,2.9375,4.1782715,5.689453
30,12,0,2.8125,4.0367075,5.0625
30,13,15,2,3.04594775,3.7958984
30,14,30,0.875,1.6557215,2.0078125
30,15,45,0.0625,0.4182915,0.49121094
30,16,60,0.125,0.065511,0.18261719
30,17,75,1.3125,0.922425,1.4892578
30,18,90,3.25,2.91229025,3.727539
30,19,105,4.75,4.78487575,5.060547
30,20,120,5.125,5.177377,5.3291016
30,21,135,3.8125,3.5931905,4.229492
30,22,150,1.875,1.4248015,2.0820312
30,23,165,0.3125,0,0
30,24,180,0,0.16271075,0.20019531
31,1,-165,1.71875,1.77111875,2.600586
31,2,-150,0.78125,0.8899205,1.4511719
31,3,-135,0.1875,0.29297975,0.5996094
31,4,-120,0,6.28E-05,0.040039062
31,5,-105,0.40625,0.2649305,0
31,6,-90,1.46875,1.07748025,0.19628906
31,7,-75,2.0625,1.59341075,1.4404297
31,8,-60,2.84375,2.38067225,1.7695312
31,9,-45,4.75,4.28789575,3.024414
31,10,-30,6.71875,6.44210325,4.7021484
31,11,-15,8.0625,7.77127375,6.017578
31,12,0,8.84375,8.765171,7.3095703
31,13,15,8.09375,7.82762325,6.073242
31,14,30,6.71875,6.29614675,4.5742188
31,15,45,4.78125,4.407811,3.1435547
31,16,60,2.84375,2.38701,1.7763672
31,17,75,2.0625,1.59328525,1.4414062
31,18,90,1.46875,1.073025,0.17578125
31,19,105,0.40625,0.264805,0
31,20,120,0,0,0.0390625
31,21,135,0.1875,0.27904925,0.57128906
31,22,150,0.78125,0.93930475,1.5615234
31,23,165,1.71875,1.7478385,2.5185547
31,24,180,2.9375,2.81603175,3.6298828
32,1,-165,0,0.40153725,0.6689453
32,2,-150,0.0625,6.27E-05,0.043945312
32,3,-135,0.6875,0.10410225,0
32,4,-120,1.4375,0.53004925,0.13085938
32,5,-105,2.0625,0.76448325,0.4970703
32,6,-90,2.5625,1.18013925,1.2138672
32,7,-75,2.6875,1.43829275,1.7314453
32,8,-60,2.375,1.44419125,1.8398438
32,9,-45,2.0625,1.5244485,1.8027344
32,10,-30,1.75,1.5932225,1.4941406
32,11,-15,1.6875,1.91011,1.6123047
32,12,0,1.8125,2.1391475,1.7255859
32,13,15,1.6875,1.9104865,1.6132812
32,14,30,1.75,1.59341075,1.4941406
32,15,45,2.0625,1.52438575,1.8017578
32,16,60,2.375,1.443501,1.8398438
32,17,75,2.6875,1.4381045,1.7314453
32,18,90,2.5625,1.18202175,1.2177734
32,19,105,2.0625,0.76485975,0.49902344
32,20,120,1.4375,0.52427625,0.13085938
32,21,135,0.6875,0.1113185,0.001953125
32,22,150,0.0625,0,0.044921875
32,23,165,0,0.40279225,0.6738281
32,24,180,0.0625,0.72545275,1.0869141
33,1,-165,2.09375,1.505498,2.6367188
33,2,-150,4.03125,3.33509975,4.7578125
33,3,-135,5.8125,5.23793075,7.0625
33,4,-120,4.8125,4.4684275,5.3652344
33,5,-105,4.0625,3.50778775,4.1259766
33,6,-90,3.6875,2.9709615,3.3173828
33,7,-75,4.09375,3.445226,3.321289
33,8,-60,4.78125,4.1762635,4.3203125
33,9,-45,4.03125,3.37576175,4.2216797
33,10,-30,4.15625,3.4074505,4.774414
33,11,-15,4.8125,4.09562975,6.0507812
33,12,0,5.53125,4.9533595,7.4658203
33,13,15,5.53125,5.5743335,6.0898438
33,14,30,3.46875,3.329515,3.6855469
33,15,45,1.53125,1.27715075,1.7373047
33,16,60,0.5,0.2832535,0.5986328
33,17,75,0.4375,0.4576985,0.26367188
33,18,90,0.71875,1.2207385,1.6396484
33,19,105,0.46875,0.9024705,1.515625
33,20,120,0.125,0.3919365,0.9980469
33,21,135,0,0,0.28320312
33,22,150,0.5,0.3163855,0
33,23,165,0.84375,0.659126,0.8964844
33,24,180,0.96875,0.57510375,1.453125
34,1,-165,2.8125,2.34979925,0.46777344
34,2,-150,3.84375,3.07475,1.4726562
34,3,-135,5.59375,4.492398,3.1855469
34,4,-120,7.4375,6.0005315,5.6259766
34,5,-105,9.09375,7.23614175,7.09375
34,6,-90,9.6875,7.51035925,7.848633
34,7,-75,8.1875,6.21406975,5.9765625
34,8,-60,5.875,4.376436,3.9013672
34,9,-45,3.40625,2.33273125,1.9082031
34,10,-30,1.375,0.796674,0.6191406
34,11,-15,0.3125,0.13133575,0.10644531
34,12,0,0,0,0
34,13,15,0.3125,0.1293905,0.099609375
34,14,30,1.375,0.794164,0.6142578
34,15,45,3.375,2.32896625,1.890625
34,16,60,5.875,4.38691525,3.9101562
34,17,75,8.1875,6.213003,5.963867
34,18,90,9.6875,7.494609,7.8476562
34,19,105,9.09375,7.23250225,7.084961
34,20,120,7.4375,6.0027905,5.6191406
34,21,135,5.59375,4.4875035,3.140625
34,22,150,3.84375,3.0816525,1.4560547
34,23,165,2.8125,2.34942275,0.46679688
34,24,180,2.53125,2.202776,0.20507812
35,1,-165,3.5625,2.9975675,2.8911133
35,2,-150,4.53125,3.8278755,4.284668
35,3,-135,5.390625,4.740135,5.508789
35,4,-120,5.4375,4.73818975,5.482422
35,5,-105,4.296875,3.6807895,4.1308594
35,6,-90,2.484375,2.02149125,2.1347656
35,7,-75,0.78125,0.55427075,0.5473633
35,8,-60,0,0,0.000488281
35,9,-45,0.78125,0.8653225,1.0473633
35,10,-30,2.84375,2.89748125,3.1748047
35,11,-15,5.015625,4.98831125,5.5512695
35,12,0,5.96875,5.8519395,6.699707
35,13,15,5.015625,4.99119775,5.5566406
35,14,30,2.84375,2.89710475,3.1733398
35,15,45,0.78125,0.86525975,1.0463867
35,16,60,0,0,0
35,17,75,0.78125,0.55427075,0.5473633
35,18,90,2.484375,2.02149125,2.1347656
35,19,105,4.296875,3.6807895,4.1313477
35,20,120,5.4375,4.73818975,5.482422
35,21,135,5.390625,4.74057425,5.512207
35,22,150,4.53125,3.8261185,4.283203
35,23,165,3.5625,2.9975675,2.8896484
35,24,180,3.1875,2.6787975,2.3076172
36,1,-165,1,0.907616,1.8183594
36,2,-150,0.84375,0.93202575,1.7402344
36,3,-135,0.78125,0.94595625,1.7177734
36,4,-120,0.6875,0.8236565,1.546875
36,5,-105,0.46875,0.510032,1.0976562
36,6,-90,0.15625,0.15919675,0.4326172
36,7,-75,0,0,0
36,8,-60,0.09375,0.23738325,0.18945312
36,9,-45,0.53125,0.880759,0.9550781
36,10,-30,1.15625,1.74338325,1.8662109
36,11,-15,1.8125,2.568985,2.6845703
36,12,0,2.28125,3.1077565,3.2548828
36,13,15,1.8125,2.56729075,2.678711
36,14,30,1.15625,1.7433205,1.8652344
36,15,45,0.53125,0.88101,0.9550781
36,16,60,0.09375,0.23738325,0.18847656
36,17,75,0,0.00018825,0
36,18,90,0.15625,0.1592595,0.43066406
36,19,105,0.46875,0.510032,1.0966797
36,20,120,0.6875,0.823782,1.5458984
36,21,135,0.78125,0.946772,1.7197266
36,22,150,0.84375,0.93227675,1.7382812
36,23,165,1,0.90742775,1.8183594
36,24,180,1.375,1.02878625,2.1103516
37,1,-165,11.34375,10.6879565,10.930664
37,2,-150,8.84375,7.45175075,7.506836
37,3,-135,5.96875,4.70380275,4.861328
37,4,-120,4.0625,2.905827,2.790039
37,5,-105,3.0625,1.9990895,1.6552734
37,6,-90,2.875,1.896054,1.3623047
37,7,-75,3.3125,2.48446075,1.5546875
37,8,-60,4,3.3519795,2.116211
37,9,-45,4.125,3.981864,3.274414
37,10,-30,3.65625,3.482123,2.6621094
37,11,-15,3.25,2.9551485,2.1523438
37,12,0,0,0,0
37,13,15,0.15625,0.4710015,0.20996094
37,14,30,3.65625,3.4812445,2.65625
37,15,45,4.125,3.98205225,3.2714844
37,16,60,4,3.35819175,2.1767578
37,17,75,3.3125,2.48320575,1.546875
37,18,90,2.875,1.8981875,1.3603516
37,19,105,3.0625,1.998462,1.6464844
37,20,120,4.0625,2.90463475,2.7949219
37,21,135,6,4.7427705,4.794922
37,22,150,8.78125,7.40431175,7.614258
37,23,165,11.40625,10.731756,10.424805
37,24,180,12.21875,11.73318325,11.086914
38,1,-165,12.78125,11.81413075,10.214844
38,2,-150,9.6875,8.92198325,8.21875
38,3,-135,7.9375,6.907771,6.1220703
38,4,-120,7.15625,5.85564175,5.1933594
38,5,-105,6.9375,5.40936375,5.239258
38,6,-90,6.125,4.73191475,5.2001953
38,7,-75,4.46875,3.4257735,3.9560547
38,8,-60,2.78125,2.06114925,2.3291016
38,9,-45,1.34375,0.91684025,1.1601562
38,10,-30,0.40625,0.221884,0.41796875
38,11,-15,0,0,0.001953125
38,12,0,0.15625,0.4170365,0.20214844
38,13,15,0,0.00069025,0
38,14,30,0.40625,0.219374,0.41601562
38,15,45,1.34375,0.91834625,1.1621094
38,16,60,2.78125,2.06077275,2.3261719
38,17,75,4.46875,3.4335545,3.9697266
38,18,90,6.125,4.73040875,5.198242
38,19,105,6.9375,5.40861075,5.234375
38,20,120,7.15625,5.86041075,5.201172
38,21,135,7.9375,6.90871225,6.1289062
38,22,150,9.6875,8.93214875,8.209961
38,23,165,12.78125,11.8096755,10.180664
38,24,180,14.84375,14.1976895,11.364258
39,1,-165,2.75,2.22078525,2.0927734
39,2,-150,3.15625,2.7377825,2.477539
39,3,-135,3.46875,3.18751175,3.0810547
39,4,-120,3.03125,2.7882335,2.881836
39,5,-105,1.5,1.39411675,1.6308594
39,6,-90,0.21875,0.218621,0.4638672
39,7,-75,0,0,0
39,8,-60,0.875,0.8334455,0.50683594
39,9,-45,2.53125,2.50316025,1.9394531
39,10,-30,4.46875,4.596061,3.9628906
39,11,-15,6.03125,6.3546925,5.8554688
39,12,0,6.78125,7.17916475,6.791992
39,13,15,6.03125,6.35412775,5.8535156
39,14,30,4.46875,4.5961865,3.961914
39,15,45,2.53125,2.50316025,1.9394531
39,16,60,0.875,0.83338275,0.5078125
39,17,75,0,6.28E-05,0
39,18,90,0.21875,0.218872,0.45996094
39,19,105,1.5,1.3944305,1.6308594
39,20,120,3.03125,2.7884845,2.8808594
39,21,135,3.46875,3.18738625,3.078125
39,22,150,3.15625,2.73734325,2.4804688
39,23,165,2.75,2.2207225,2.0927734
39,24,180,2.5625,2.00329375,2.022461
40,1,-165,0,0.78180225,1.7275391
40,2,-150,0.15625,1.20323125,2.4072266
40,3,-135,0.5,1.71640075,2.9853516
40,4,-120,0.90625,2.0364885,3.1953125
40,5,-105,1.0625,1.75204275,2.274414
40,6,-90,0.65625,0.8989565,0.91503906
40,7,-75,0.15625,0.02026825,0
40,8,-60,0.25,0,0.36523438
40,9,-45,1.0625,0.941501,1.7734375
40,10,-30,2.15625,2.239924,3.4628906
40,11,-15,3.09375,3.3040385,5.0927734
40,12,0,3.6875,3.89683775,6.069336
40,13,15,3.6875,3.8803345,5.7460938
40,14,30,3.15625,3.24260625,4.5078125
40,15,45,2.125,2.04207325,2.959961
40,16,60,1,0.8118595,1.6171875
40,17,75,0.375,0.32799425,1.3984375
40,18,90,0.375,0.802949,2.0644531
40,19,105,0.6875,1.501482,2.8232422
40,20,120,1,2.12088725,3.2861328
40,21,135,1.15625,2.25868625,3.0800781
40,22,150,0.9375,1.80236825,2.1933594
40,23,165,0.5,1.13508475,1.5029297
40,24,180,0.125,0.7099535,1.3261719
41,1,-165,0.46875,0.45751025,0.3671875
41,2,-150,1.65625,1.409114,1.5722656
41,3,-135,3.59375,3.00440725,3.4033203
41,4,-120,6.0625,5.1132465,5.448242
41,5,-105,8.6875,7.377141,7.2402344
41,6,-90,8.40625,7.319662,9.650391
41,7,-75,6.09375,5.023263,5.963867
41,8,-60,4.46875,3.4784835,3.696289
41,9,-45,3.65625,2.7350215,2.8076172
41,10,-30,3.53125,2.7581135,2.8789062
41,11,-15,3.84375,3.271785,3.5683594
41,12,0,4.34375,4.28676625,5.1572266
41,13,15,3.84375,3.27247525,3.5634766
41,14,30,3.53125,2.75805075,2.883789
41,15,45,3.65625,2.724103,2.788086
41,16,60,4.46875,3.4237655,3.6611328
41,17,75,6.09375,5.02771825,5.9726562
41,18,90,8.40625,7.32261125,9.65625
41,19,105,8.6875,7.3765135,7.2373047
41,20,120,6.0625,5.10640675,5.430664
41,21,135,3.59375,3.00265025,3.4140625
41,22,150,1.65625,1.408612,1.5898438
41,23,165,0.46875,0.450796,0.3564453
41,24,180,0,0,0
42,1,-165,4.75,4.248175,4.0058594
42,2,-150,4.3125,4.121169,3.9628906
42,3,-135,5.09375,4.02233775,3.8789062
42,4,-120,2.90625,2.90212475,3.3261719
42,5,-105,1.125,1.36462425,1.5419922
42,6,-90,0.09375,0.30038425,0.4638672
42,7,-75,0,0,0.000976563
42,8,-60,0.6875,0.4275785,0.5048828
42,9,-45,1.75,1.27508,1.3535156
42,10,-30,2.4375,1.151086,0.63671875
42,11,-15,3.28125,2.385755,2.5742188
42,12,0,3.9375,2.91818875,3.2548828
42,13,15,4.75,4.228346,3.9873047
42,14,30,4.375,4.14131175,4.0166016
42,15,45,5.28125,4.0843975,3.9404297
42,16,60,2.875,2.83184475,3.296875
42,17,75,1.03125,1.24037925,1.5068359
42,18,90,0.0625,0.228159,0.40234375
42,19,105,0,0.01361675,0
42,20,120,0.59375,0.3957015,0.45996094
42,21,135,1.53125,1.1542235,1.3339844
42,22,150,2.46875,1.8660595,1.9111328
42,23,165,3.21875,2.355635,2.5126953
42,24,180,3.96875,2.969079,3.2490234
43,1,-165,0.15625,0.2872695,0.3984375
43,2,-150,0,0,0.000976563
43,3,-135,0.625,0.473637,0.4033203
43,4,-120,1.875,1.56630275,1.4560547
43,5,-105,3.375,2.93387625,2.578125
43,6,-90,4.375,3.876193,3.2402344
43,7,-75,3.6875,3.30435225,3.2050781
43,8,-60,2.21875,2.0588275,2.180664
43,9,-45,0.9375,1.015044,1.1679688
43,10,-30,0.21875,0.49716825,0.7011719
43,11,-15,0.09375,0.53946175,0.7998047
43,12,0,0.25,0.74503075,0.96875
43,13,15,0.09375,0.53946175,0.7998047
43,14,30,0.21875,0.49716825,0.7001953
43,15,45,0.9375,1.015295,1.1679688
43,16,60,2.21875,2.05889025,2.1796875
43,17,75,3.6875,3.31175675,3.2128906
43,18,90,4.375,3.87675775,3.2421875
43,19,105,3.375,2.9363235,2.5791016
43,20,120,1.875,1.56630275,1.4560547
43,21,135,0.625,0.47332325,0.4013672
43,22,150,0,0.00094125,0
43,23,165,0.15625,0.28733225,0.3984375
43,24,180,1,1.24288925,1.3017578
44,1,-165,1.28125,1.057212,1.6162109
44,2,-150,3.6875,3.23193875,3.3154297
44,3,-135,6.40625,5.75543,5.1621094
44,4,-120,7.6875,7.3878085,7.151367
44,5,-105,5.15625,6.36379125,6.283203
44,6,-90,2.65625,3.895018,3.8867188
44,7,-75,0.90625,2.15364275,2.0820312
44,8,-60,2.9375,3.40952125,3.7294922
44,9,-45,3.84375,3.99560625,4.5029297
44,10,-30,5.5625,5.47738475,5.9941406
44,11,-15,7.375,7.0241095,6.8740234
44,12,0,7,6.522737,6.1132812
44,13,15,5.09375,4.78155,4.5078125
44,14,30,2.78125,2.75165025,2.7734375
44,15,45,0.9375,1.07710375,1.1513672
44,16,60,0.1875,0.367213,0.3359375
44,17,75,0.71875,0.85409025,0.88671875
44,18,90,2.375,2.38129975,2.4814453
44,19,105,4.9375,5.033805,5.216797
44,20,120,6.0625,6.4257255,5.935547
44,21,135,3.28125,3.1735185,2.883789
44,22,150,1.1875,1.1366535,0.79589844
44,23,165,0.0625,0.08615575,0
44,24,180,0,0,0.40429688
45,1,-165,2.0625,3.77253,4.4697266
45,2,-150,1,2.2207225,3.0732422
45,3,-135,0.3125,1.00149,1.6240234
45,4,-120,0.125,0.3633225,0.61328125
45,5,-105,0.1875,0.1173425,0.19921875
45,6,-90,0.1875,0.03514,0.16015625
45,7,-75,0.0625,0,0.000976563
45,8,-60,0,0.2277825,0.30859375
45,9,-45,0.25,0.9538,1.3691406
45,10,-30,1,2.2684125,3.0791016
45,11,-15,2.0625,3.861635,4.6259766
45,12,0,2.6875,4.7357425,5.15625
45,13,15,2.0625,3.861635,4.6259766
45,14,30,1,2.267785,3.0791016
45,15,45,0.25,0.9544275,1.3691406
45,16,60,0,0.227155,0.30859375
45,17,75,0.0625,0,0
45,18,90,0.1875,0.0345125,0.16015625
45,19,105,0.1875,0.116715,0.19921875
45,20,120,0.125,0.3633225,0.61328125
45,21,135,0.3125,1.000235,1.6210938
45,22,150,1,2.222605,3.0761719
45,23,165,2.0625,3.77253,4.4697266
45,24,180,2.625,4.6114975,5.091797
46,1,-165,4.3125,4.484115,5.3027344
46,2,-150,5.09375,4.96019925,6.1289062
46,3,-135,6.125,5.67504725,7.234375
46,4,-120,2.5625,3.297638,3.546875
46,5,-105,1.4375,2.2124395,2.1328125
46,6,-90,0.65625,1.187983,0.77734375
46,7,-75,0.53125,0.5902265,0
46,8,-60,1.0625,0.896572,0.056640625
46,9,-45,2.90625,1.81931075,2.5019531
46,10,-30,4.59375,3.64470825,2.9199219
46,11,-15,6.65625,5.34128,4.8476562
46,12,0,9.375,7.44321675,8.082031
46,13,15,5.8125,4.47024725,4.8945312
46,14,30,3.5625,2.4598,2.8691406
46,15,45,1.53125,0.80778075,1.1464844
46,16,60,0.34375,0,0.265625
46,17,75,0,0.12066825,0.4296875
46,18,90,0.6875,1.09467375,1.4804688
46,19,105,1.90625,2.48320575,2.9570312
46,20,120,3.0625,3.74510825,4.3125
46,21,135,2.84375,3.7001165,4.111328
46,22,150,2.0625,2.81101175,3.3886719
46,23,165,1.4375,2.0465285,2.8144531
46,24,180,1.25,1.670154,2.609375
47,1,-165,0.71875,0.55138425,0.12890625
47,2,-150,2.15625,1.63796325,0.81640625
47,3,-135,3.9375,2.92094975,2.2802734
47,4,-120,5.65625,4.20682275,4.051758
47,5,-105,7.1875,5.39279775,5.7470703
47,6,-90,8.09375,6.243123,7.083008
47,7,-75,8,6.49086,8.080078
47,8,-60,7.5,6.43595375,6.9316406
47,9,-45,6.90625,6.3549435,6.879883
47,10,-30,6.65625,6.5002725,7.0771484
47,11,-15,6.53125,6.67051325,7.2753906
47,12,0,6.375,6.61579525,7.40625
47,13,15,6.53125,6.670325,7.2753906
47,14,30,6.65625,6.50008425,7.0771484
47,15,45,6.90625,6.3534375,6.876953
47,16,60,7.5,6.43695775,6.9365234
47,17,75,7.96875,6.50259425,8.063477
47,18,90,8.09375,6.24406425,7.080078
47,19,105,7.1875,5.393488,5.748047
47,20,120,5.65625,4.207011,4.051758
47,21,135,3.9375,2.92415,2.2939453
47,22,150,2.15625,1.635265,0.8066406
47,23,165,0.71875,0.551447,0.12597656
47,24,180,0,0,0
48,1,-165,0.96875,1.1439325,0.5029297
48,2,-150,0.0625,0.17337825,0.022460938
48,3,-135,0.125,0.030371,0.35742188
48,4,-120,0.84375,0.51273025,1.1533203
48,5,-105,1.75,1.14713275,2.0253906
48,6,-90,2.09375,1.43804175,2.515625
48,7,-75,1.53125,1.077543,1.9638672
48,8,-60,0.5625,0.37580975,0.97265625
48,9,-45,0,0.00207075,0.18066406
48,10,-30,0.28125,0.3964545,0
48,11,-15,1.40625,1.54848175,0.66796875
48,12,0,3.1875,3.2099135,2.09375
48,13,15,1.40625,1.54873275,0.671875
48,14,30,0.28125,0.398337,0.009765625
48,15,45,0,0,0.17480469
48,16,60,0.5625,0.37493125,0.97265625
48,17,75,1.53125,1.07572325,1.9619141
48,18,90,2.09375,1.43866925,2.524414
48,19,105,1.75,1.14399525,2.024414
48,20,120,0.84375,0.51837775,1.1621094
48,21,135,0.125,0.03068475,0.36035156
48,22,150,0.0625,0.17576275,0.020507812
48,23,165,0.96875,1.143556,0.49609375
48,24,180,2.71875,2.80297975,1.8046875
49,1,-165,4.5,4.040347,4.2158203
49,2,-150,3.125,2.79068075,2.9453125
49,3,-135,1.78125,1.52112275,1.5507812
49,4,-120,0.75,0.59116775,0.50390625
49,5,-105,0.125,0.10221975,0.038085938
49,6,-90,0,0.0001255,0
49,7,-75,0.25,0.23474775,0.22460938
49,8,-60,0.6875,0.56907975,0.49316406
49,9,-45,1.28125,0.975888,0.8408203
49,10,-30,1.90625,1.36926775,1.0986328
49,11,-15,2.34375,1.627735,1.3183594
49,12,0,2.96875,2.0997405,1.5371094
49,13,15,2.34375,1.62779775,1.3193359
49,14,30,1.90625,1.3693305,1.0986328
49,15,45,1.28125,0.975637,0.84277344
49,16,60,0.6875,0.5724055,0.49804688
49,17,75,0.25,0.235438,0.22753906
49,18,90,0,0,0
49,19,105,0.125,0.10234525,0.0390625
49,20,120,0.75,0.593615,0.5058594
49,21,135,1.8125,1.5209345,1.5507812
49,22,150,3.125,2.79218675,2.9511719
49,23,165,4.5,4.03940575,4.213867
49,24,180,5.15625,4.62549075,4.698242
50,1,-165,0.1875,0.087097,0.032226562
50,2,-150,0.90625,0.49666625,0.43945312
50,3,-135,2.15625,1.3472425,1.3818359
50,4,-120,3.71875,2.41317675,2.7011719
50,5,-105,7.78125,5.8012375,6.1621094
50,6,-90,7.71875,5.87848275,6.658203
50,7,-75,7,5.48240475,6.2958984
50,8,-60,6.25,5.0560185,5.620117
50,9,-45,4.3125,3.1843115,2.8271484
50,10,-30,6.5625,5.757187,4.723633
50,11,-15,7.90625,7.1970485,5.7958984
50,12,0,9.46875,8.9595705,7.504883
50,13,15,7.90625,7.20978675,5.805664
50,14,30,4.84375,4.00213225,3.0722656
50,15,45,4.3125,3.18412325,2.8251953
50,16,60,6.25,5.05595575,5.620117
50,17,75,7,5.4819655,6.2939453
50,18,90,7.71875,5.87710225,6.6533203
50,19,105,7.78125,5.80192775,6.1601562
50,20,120,3.71875,2.4117335,2.6953125
50,21,135,2.15625,1.35709425,1.40625
50,22,150,0.90625,0.48047675,0.4111328
50,23,165,0.1875,0.08163775,0.021484375
50,24,180,0,0,0
51,1,-165,5,5.04654325,6.9960938
51,2,-150,3.4375,2.935696,4.5390625
51,3,-135,3.5,2.7367785,4.2910156
51,4,-120,3.96875,2.840818,4.3007812
51,5,-105,4.4375,2.9169965,3.9765625
51,6,-90,4.53125,2.889512,3.5273438
51,7,-75,3.8125,2.629727,2.6679688
51,8,-60,3.875,2.760247,3.4707031
51,9,-45,3.8125,3.1172945,3.9414062
51,10,-30,4.46875,4.11106625,5.1367188
51,11,-15,6.03125,6.02581975,6.9765625
51,12,0,2.90625,3.59651625,3.6835938
51,13,15,0.96875,1.45372925,1.5742188
51,14,30,0,0.2315475,0.32421875
51,15,45,0.03125,0,0
51,16,60,0.8125,0.530614,0.4765625
51,17,75,1.90625,1.3221425,1.1875
51,18,90,2.75,2.01760075,1.7949219
51,19,105,3.09375,2.4694635,2.203125
51,20,120,2.5625,2.16456125,2.9453125
51,21,135,1.4375,1.2506075,2.4277344
51,22,150,0.875,0.8565375,2.4941406
51,23,165,1.25,1.35709425,3.2890625
51,24,180,2.71875,2.8384335,4.861328
52,1,-165,0.09375,0.11577375,0.234375
52,2,-150,0.65625,0.583073,0.72265625
52,3,-135,1.53125,1.26171425,1.5917969
52,4,-120,2.46875,2.0256955,2.6728516
52,5,-105,3.3125,2.72805625,3.3359375
52,6,-90,3.9375,3.183684,3.8115234
52,7,-75,4.34375,3.442716,4
52,8,-60,4.34375,3.6298365,4.270508
52,9,-45,4.53125,4.161329,4.6689453
52,10,-30,5,5.033554,5.0283203
52,11,-15,5.46875,5.89893925,5.3632812
52,12,0,5.75,6.28635775,5.370117
52,13,15,5.46875,5.90835175,5.3632812
52,14,30,5,5.03386775,5.0371094
52,15,45,4.53125,4.16804325,4.658203
52,16,60,4.375,3.66052125,4.3154297
52,17,75,4.34375,3.43273875,3.9863281
52,18,90,3.9375,3.172138,3.805664
52,19,105,3.3125,2.72115375,3.3701172
52,20,120,2.46875,2.027327,2.6728516
52,21,135,1.53125,1.2598945,1.59375
52,22,150,0.65625,0.565252,0.7998047
52,23,165,0.09375,0.11527175,0.24511719
52,24,180,0,0,0
53,1,-165,3.875,3.31953775,4.5839844
53,2,-150,3.78125,3.5030815,5.569336
53,3,-135,4.3125,4.09086075,6.5302734
53,4,-120,4.96875,4.684664,7.140625
53,5,-105,3.1875,3.1190515,6.364258
53,6,-90,1.03125,0.9248095,0.4765625
53,7,-75,0,0,0.038085938
53,8,-60,0.28125,0.222135,1.3046875
53,9,-45,1.3125,1.16972275,0.92089844
53,10,-30,3.3125,3.42696575,3.741211
53,11,-15,4.28125,4.359368,4.6123047
53,12,0,5.125,4.99195075,5.2851562
53,13,15,4.28125,4.34713175,4.5966797
53,14,30,3.3125,3.447234,3.7080078
53,15,45,1.3125,1.19281475,0.9501953
53,16,60,0.28125,0.23261425,1.3017578
53,17,75,0,0.00997725,0
53,18,90,1.03125,0.92619,0.4765625
53,19,105,5.3125,5.18245975,6.147461
53,20,120,4.96875,4.662827,7.178711
53,21,135,4.3125,4.08533875,6.529297
53,22,150,4.03125,3.70745825,5.3779297
53,23,165,3.84375,3.29054725,4.583008
53,24,180,4.40625,3.6486615,4.276367
54,1,-165,0,0.002259,0.001953125
54,2,-150,0.5,0.44081875,0.36816406
54,3,-135,1.875,1.557706,1.5703125
54,4,-120,3.625,3.00277575,3.2402344
54,5,-105,5.125,4.24535125,4.65625
54,6,-90,5.6875,4.78613075,5.109375
54,7,-75,4.9375,4.338284,4.3271484
54,8,-60,3.5,3.19504175,3.0048828
54,9,-45,2.125,2.002729,1.7832031
54,10,-30,1.3125,1.2711895,1.1318359
54,11,-15,1.125,1.154851,1.1142578
54,12,0,1.6875,1.662122,1.6259766
54,13,15,1.125,1.151337,1.1123047
54,14,30,1.3125,1.2709385,1.1318359
54,15,45,2.125,2.009506,1.7910156
54,16,60,3.5,3.196987,3.0097656
54,17,75,4.9375,4.343806,4.3339844
54,18,90,5.6875,4.78462475,5.104492
54,19,105,5.125,4.245916,4.65625
54,20,120,3.625,2.99926175,3.2314453
54,21,135,1.875,1.5656125,1.578125
54,22,150,0.5,0.44019125,0.3642578
54,23,165,0,0,0
54,24,180,0.4375,0.47941,0.4765625
55,1,-165,0.9375,0.98699475,1.4628906
55,2,-150,1.34375,1.05438825,2.0664062
55,3,-135,2.21875,1.4767585,3.1152344
55,4,-120,3.5625,2.33938275,4.680664
55,5,-105,5.34375,3.6283305,6.529297
55,6,-90,7.09375,5.21722325,7.979492
55,7,-75,5.25,3.809427,5.4960938
55,8,-60,3.375,2.3660515,3.1191406
55,9,-45,1.84375,1.238685,1.4052734
55,10,-30,0.84375,0.51134975,0.47460938
55,11,-15,0.1875,0.11928775,0.109375
55,12,0,0,0,0
55,13,15,0.1875,0.11928775,0.11035156
55,14,30,0.78125,0.50055675,0.49121094
55,15,45,1.84375,1.23661425,1.3994141
55,16,60,3.375,2.3660515,3.1210938
55,17,75,5.25,3.809427,5.4960938
55,18,90,7.125,5.20354375,7.9746094
55,19,105,5.34375,3.62625975,6.517578
55,20,120,3.5625,2.33975925,4.6757812
55,21,135,2.21875,1.4825315,3.1171875
55,22,150,1.34375,1.05463925,2.0673828
55,23,165,0.9375,0.987183,1.4628906
55,24,180,0.84375,1.063487,1.2050781
56,1,-165,0.21875,0.233179,0.76660156
56,2,-150,0.8125,0.84492875,1.4785156
56,3,-135,1.5,1.554694,2.3378906
56,4,-120,1.75,1.8072,2.8613281
56,5,-105,1.75,1.762271,3.1835938
56,6,-90,1.71875,1.74401075,3.2773438
56,7,-75,1.75,1.76697725,3.0625
56,8,-60,1.75,1.79596775,2.665039
56,9,-45,1.40625,1.4556745,2.015625
56,10,-30,0.75,0.76498525,1.0605469
56,11,-15,0.21875,0.19245425,0.28515625
56,12,0,0.03125,0.00520825,0
56,13,15,0.21875,0.22696675,0.29296875
56,14,30,0.75,0.766303,1.0576172
56,15,45,1.40625,1.454043,2.006836
56,16,60,1.75,1.79885425,2.6591797
56,17,75,1.75,1.76107875,3.0566406
56,18,90,1.71875,1.74526575,3.2753906
56,19,105,1.75,1.7626475,3.1855469
56,20,120,1.75,1.81265925,2.8564453
56,21,135,1.5,1.5553215,2.3388672
56,22,150,0.8125,0.84681125,1.4785156
56,23,165,0.21875,0.22207225,0.75878906
56,24,180,0,0,0.4892578
57,1,-165,0.09375,0.19697225,0.30273438
57,2,-150,0.21875,0.50909075,0.36914062
57,3,-135,0.25,0.71786,0.3203125
57,4,-120,0.3125,0.82986875,0.13867188
57,5,-105,0.53125,1.0237035,0
57,6,-90,0.96875,1.22381325,0.3828125
57,7,-75,1.5,1.42724875,1.0068359
57,8,-60,2.46875,2.07056175,1.7314453
57,9,-45,3.75,3.2048935,2.8017578
57,10,-30,4.84375,4.267,3.8867188
57,11,-15,5.5625,5.03512275,4.713867
57,12,0,5.84375,5.42517675,4.8808594
57,13,15,5.5,5.21521525,4.4072266
57,14,30,4.5625,4.325483,3.5966797
57,15,45,3.21875,3.02963275,2.75
57,16,60,2.0625,1.94757175,2.2519531
57,17,75,1.59375,1.727131,2.2919922
57,18,90,1.75,2.164122,2.46875
57,19,105,0.53125,1.0189345,0
57,20,120,0.3125,0.82999425,0.13867188
57,21,135,0.25,0.717609,0.31933594
57,22,150,0.21875,0.510032,0.3642578
57,23,165,0.09375,0.201804,0.30859375
57,24,180,0,0,0.2685547
58,1,-165,7.8125,7.14038525,5.5058594
58,2,-150,9.46875,8.6395455,6.7314453
58,3,-135,12.09375,11.06301325,8.989258
58,4,-120,15.4375,14.1675695,11.847656
58,5,-105,18.125,16.8166235,16.253906
58,6,-90,14.84375,13.9306255,13.254883
58,7,-75,10.59375,10.0290815,9.702148
58,8,-60,6.625,6.22373325,6.095703
58,9,-45,3.5625,3.23695875,2.9941406
58,10,-30,1.4375,1.18101775,0.9873047
58,11,-15,0.3125,0.2144795,0.12988281
58,12,0,0,0,0
58,13,15,0.3125,0.21353825,0.13964844
58,14,30,1.40625,1.18716725,0.98828125
58,15,45,3.5625,3.23068375,2.9951172
58,16,60,6.625,6.23891875,6.116211
58,17,75,10.59375,10.0371135,9.707031
58,18,90,14.84375,13.93520625,13.264648
58,19,105,18.125,16.81543125,16.269531
58,20,120,15.4375,14.18859075,11.8515625
58,21,135,12.09375,11.0639545,8.987305
58,22,150,9.46875,8.633898,6.727539
58,23,165,7.8125,7.14251875,5.508789
58,24,180,7.3125,6.7367145,5.298828
59,1,-165,0.0625,0.2440975,0.015625
59,2,-150,0.375,0.6231075,0.1875
59,3,-135,0.8125,0.9770175,0.3076172
59,4,-120,1.25,1.1815825,0.29589844
59,5,-105,1.5,1.1727975,0.3076172
59,6,-90,1.625,0.9883125,0.36132812
59,7,-75,1.75,0.8201425,0.3955078
59,8,-60,2.3125,1.23743,0.8183594
59,9,-45,3.5,2.47737,1.9941406
59,10,-30,4.9375,4.140245,3.5527344
59,11,-15,6.0625,5.370145,4.7158203
59,12,0,6.6875,5.8062575,5.21875
59,13,15,6.0625,5.3714,4.71875
59,14,30,4.9375,4.140245,3.553711
59,15,45,3.5,2.4767425,2.0039062
59,16,60,2.3125,1.2368025,0.8203125
59,17,75,1.75,0.82077,0.3955078
59,18,90,1.625,0.9895675,0.36132812
59,19,105,1.5,1.173425,0.3095703
59,20,120,1.25,1.18221,0.29101562
59,21,135,0.8125,0.9770175,0.30664062
59,22,150,0.375,0.62248,0.18164062
59,23,165,0.0625,0.2440975,0.015625
59,24,180,0,0,0
60,1,-165,5,4.28400525,3.4082031
60,2,-150,2.1875,1.9084785,1.6308594
60,3,-135,0.40625,0.2689465,0.13867188
60,4,-120,0,0,0.0859375
60,5,-105,0.21875,0.12832375,0
60,6,-90,1.65625,1.42398575,1.1181641
60,7,-75,4.21875,3.675895,2.8847656
60,8,-60,7.5625,6.66888175,5.5458984
60,9,-45,7.46875,6.89553475,7.745117
60,10,-30,7.0625,6.8353575,7.876953
60,11,-15,6.84375,6.873635,7.9765625
60,12,0,6.03125,6.32476075,7.321289
60,13,15,4.84375,4.93673075,5.3554688
60,14,30,4.125,4.04279425,3.9960938
60,15,45,4.3125,4.1750085,3.7421875
60,16,60,5.6875,5.54879425,4.3964844
60,17,75,4.84375,4.56587825,3.7685547
60,18,90,4.0625,3.95067725,3.7197266
60,19,105,4.625,4.70342625,4.830078
60,20,120,5.84375,6.159289,6.8496094
60,21,135,6.84375,6.896225,7.973633
60,22,150,7.09375,6.82663525,7.8125
60,23,165,7.59375,6.9804355,7.6835938
60,24,180,9.03125,7.9422675,6.8603516
61,1,-165,1.03125,1.31367125,1.5341797
61,2,-150,0.125,0.2686955,0.39257812
61,3,-135,0.03125,0.0036395,0
61,4,-120,0.53125,0.37901,0.28515625
61,5,-105,1.3125,1.12002475,1.0224609
61,6,-90,1.96875,1.895803,1.8525391
61,7,-75,1.21875,1.10370975,1.0449219
61,8,-60,0.4375,0.3560435,0.29101562
61,9,-45,0,0,0.022460938
61,10,-30,0.25,0.3992155,0.50878906
61,11,-15,1.25,1.5620985,1.7431641
61,12,0,2.65625,3.055172,3.2041016
61,13,15,1.25,1.56730675,1.7558594
61,14,30,0.25,0.39789775,0.5136719
61,15,45,0,0.0038905,0.030273438
61,16,60,0.4375,0.35598075,0.2919922
61,17,75,1.21875,1.10145075,1.0429688
61,18,90,1.96875,1.89724625,1.8515625
61,19,105,1.3125,1.11989925,1.0263672
61,20,120,0.53125,0.3816455,0.2841797
61,21,135,0.03125,0.00207075,0
61,22,150,0.125,0.2707035,0.39257812
61,23,165,1.03125,1.31367125,1.5371094
61,24,180,2.53125,2.9069565,3.1230469
62,1,-165,0.71875,0.59342675,0.5419922
62,2,-150,2.84375,2.2925085,2.171875
62,3,-135,6,4.86368975,4.651367
62,4,-120,9.8125,7.87481125,7.401367
62,5,-105,13.53125,10.792498,9.393555
62,6,-90,16.53125,13.24056375,10.654297
62,7,-75,18.21875,15.00095225,12.043945
62,8,-60,18.625,16.05816425,13.015625
62,9,-45,18.78125,16.982911,13.780273
62,10,-30,19.375,18.2551045,14.485352
62,11,-15,20.625,20.0362005,15.897461
62,12,0,22.625,22.3677395,18.198242
62,13,15,20.625,20.03588675,15.893555
62,14,30,19.375,18.2551045,14.486328
62,15,45,18.78125,16.982911,13.77832
62,16,60,18.625,16.0578505,13.0234375
62,17,75,18.21875,14.99894425,12.037109
62,18,90,16.53125,13.255561,10.6484375
62,19,105,13.53125,10.7908665,9.361328
62,20,120,9.8125,7.87136,7.3916016
62,21,135,6,4.86356425,4.6503906
62,22,150,2.84375,2.29257125,2.1699219
62,23,165,0.71875,0.59192075,0.54296875
62,24,180,0,0,0
63,1,-165,1.21875,1.530598,1.7529297
63,2,-150,0.125,0.28871275,0.40039062
63,3,-135,0,0.0001255,0.000976563
63,4,-120,0.78125,0.6321435,0.54003906
63,5,-105,1.84375,1.553188,1.5019531
63,6,-90,2.375,1.986916,1.8330078
63,7,-75,1.84375,1.54910925,1.5107422
63,8,-60,0.78125,0.64048925,0.55566406
63,9,-45,0,0.00307475,0.001953125
63,10,-30,0.09375,0.28683025,0.40527344
63,11,-15,1.1875,1.518299,1.7421875
63,12,0,2.21875,2.544889,2.8554688
63,13,15,1.1875,1.51811075,1.7421875
63,14,30,0.09375,0.28645375,0.40527344
63,15,45,0,0.0031375,0.002929688
63,16,60,0.78125,0.6409285,0.5546875
63,17,75,1.84375,1.549423,1.5087891
63,18,90,2.375,1.98748075,1.8330078
63,19,105,1.84375,1.55299975,1.5
63,20,120,0.78125,0.63252,0.5410156
63,21,135,0,0,0
63,22,150,0.125,0.2880225,0.40039062
63,23,165,1.21875,1.5307235,1.7539062
63,24,180,2.21875,2.54695975,2.8544922
64,1,-165,3.375,3.19529275,5.4941406
64,2,-150,2.71875,2.63430775,4.5527344
64,3,-135,1.5,1.557706,2.9140625
64,4,-120,0.96875,1.43641025,2.2285156
64,5,-105,0.84375,1.38884575,1.5664062
64,6,-90,0.59375,0.92437025,0.7363281
64,7,-75,0.15625,0.32259775,0
64,8,-60,0,0,0.00390625
64,9,-45,0.53125,0.13986975,1.1621094
64,10,-30,1.625,0.89964675,2.5820312
64,11,-15,2.8125,1.7874965,3.8457031
64,12,0,3.46875,2.102376,4.421875
64,13,15,2.8125,1.780594,3.8398438
64,14,30,1.625,0.89450125,2.5703125
64,15,45,0.53125,0.13535175,1.1621094
64,16,60,0.03125,0.02842575,0.1640625
64,17,75,0.15625,0.3186445,0
64,18,90,0.59375,0.9245585,0.7324219
64,19,105,0.84375,1.38897125,1.5664062
64,20,120,0.96875,1.4388575,2.2207031
64,21,135,1.5,1.55613725,2.9101562
64,22,150,2.71875,2.6293505,4.484375
64,23,165,3.375,3.1948535,5.5
64,24,180,3.59375,3.46612175,5.466797
65,1,-165,0.4375,0.5370145,0.5751953
65,2,-150,1.59375,1.93690425,2.209961
65,3,-135,3.0625,3.60643075,4.270508
65,4,-120,4.5,5.05633225,6.227539
65,5,-105,5.5625,5.756685,6.739258
65,6,-90,5.65625,5.48165175,6.0234375
65,7,-75,5.125,5.0028065,4.9746094
65,8,-60,4.6875,4.8446765,4.430664
65,9,-45,4.46875,5.006446,4.671875
65,10,-30,4.9375,5.751916,5.3291016
65,11,-15,5.71875,6.7713525,6.2714844
65,12,0,6.5625,7.8044685,6.522461
65,13,15,5.71875,6.76639525,6.2890625
65,14,30,4.9375,5.75222975,5.3222656
65,15,45,4.46875,5.00726175,4.669922
65,16,60,4.6875,4.8446765,4.430664
65,17,75,5.125,5.00148875,4.9716797
65,18,90,5.65625,5.47763575,6.013672
65,19,105,5.5625,5.75900675,6.745117
65,20,120,4.5,5.05532825,6.2304688
65,21,135,3.0625,3.604109,4.2626953
65,22,150,1.59375,1.9368415,2.2109375
65,23,165,0.4375,0.53808125,0.58496094
65,24,180,0,0,0
66,1,-165,2.4375,2.202525,1.6455078
66,2,-150,2.125,1.9709775,1.4111328
66,3,-135,1.625,1.532355,1.28125
66,4,-120,1,0.89105,0.9707031
66,5,-105,0.375,0.325045,0.4404297
66,6,-90,1.125,1.33783,1.0244141
66,7,-75,0,0,0
66,8,-60,0.4375,0.4511725,0.17578125
66,9,-45,1.125,1.1326375,0.4951172
66,10,-30,1.875,1.7400575,0.81152344
66,11,-15,2.5,2.134755,1.0800781
66,12,0,2.6875,2.2841,1.2460938
66,13,15,2.5,2.1341275,1.0810547
66,14,30,1.875,1.7400575,0.80566406
66,15,45,1.125,1.1301275,0.49609375
66,16,60,0.4375,0.4524275,0.17773438
66,17,75,0,0.0031375,0.005859375
66,18,90,1.125,1.3208875,1.0039062
66,19,105,0.375,0.3244175,0.43945312
66,20,120,1,0.89105,0.96972656
66,21,135,1.625,1.532355,1.2822266
66,22,150,2.125,1.9709775,1.4111328
66,23,165,2.4375,2.202525,1.6455078
66,24,180,2.5625,2.2659025,1.7832031
67,1,-165,4,4.38202075,4.6367188
67,2,-150,1.28125,1.5452815,1.5615234
67,3,-135,0.0625,0.197537,0.16113281
67,4,-120,0.0625,0.01273825,0
67,5,-105,0.625,0.41672275,0.32421875
67,6,-90,1,0.701294,0.5205078
67,7,-75,0.59375,0.42211925,0.3828125
67,8,-60,0,0.00018825,0.005859375
67,9,-45,0.1875,0.372986,0.2783203
67,10,-30,1.78125,2.1426615,2.0029297
67,11,-15,4.8125,5.35175925,5.3623047
67,12,0,8.78125,9.47845025,9.496094
67,13,15,4.8125,5.35132,5.3632812
67,14,30,1.78125,2.1426615,2.0029297
67,15,45,0.1875,0.37166825,0.27148438
67,16,60,0,0,0.005859375
67,17,75,0.59375,0.4225585,0.38476562
67,18,90,1,0.70085475,0.5214844
67,19,105,0.625,0.41659725,0.32617188
67,20,120,0.0625,0.013052,0
67,21,135,0.0625,0.19772525,0.16113281
67,22,150,1.28125,1.54434025,1.5615234
67,23,165,4,4.38540925,4.6376953
67,24,180,7.90625,8.420548,8.71875
68,1,-165,0.8125,0.87228775,0.39208984
68,2,-150,1.46875,1.578288,1.6699219
68,3,-135,2.8125,2.45729,2.6894531
68,4,-120,5.6875,5.406038,6.26416
68,5,-105,7.5625,7.57273275,9.359375
68,6,-90,6.3125,6.0206115,9.802734
68,7,-75,5.03125,4.61796075,9.714844
68,8,-60,3.53125,2.95521125,8.644043
68,9,-45,2.1875,1.40817275,6.2089844
68,10,-30,1.46875,0.43040225,3.8481445
68,11,-15,0,0.01123225,3.0048828
68,12,0,1.90625,1.466593,4.140625
68,13,15,0,0,3.012207
68,14,30,1.4375,0.45863975,3.8769531
68,15,45,2.21875,1.35621575,6.17334
68,16,60,3.5625,3.03076225,8.667969
68,17,75,5.03125,4.626683,9.728027
68,18,90,6.3125,6.0078105,9.817871
68,19,105,7.5625,7.59971525,9.400879
68,20,120,5.8125,5.48428725,6.248047
68,21,135,2.8125,2.4526465,2.6826172
68,22,150,1.46875,1.588579,1.7006836
68,23,165,0.8125,0.87504875,0.40820312
68,24,180,0.0625,0.049447,0
69,1,-165,0.5,0.49478375,0.5576172
69,2,-150,1.90625,1.88494725,2.1640625
69,3,-135,3.84375,3.82103575,4.3251953
69,4,-120,5.8125,5.4736825,6.185547
69,5,-105,7.34375,6.55166475,7.1972656
69,6,-90,8.125,6.780263,7.1523438
69,7,-75,8.1875,6.38042,6.6621094
69,8,-60,8,5.86041075,6.229492
69,9,-45,7.90625,5.58067125,6.076172
69,10,-30,8.15625,5.69537825,6.140625
69,11,-15,8.75,6.16023025,6.475586
69,12,0,9.5625,6.92803925,7.135742
69,13,15,8.75,6.15809675,6.4746094
69,14,30,8.15625,5.698202,6.140625
69,15,45,7.90625,5.581487,6.080078
69,16,60,8,5.86015975,6.2285156
69,17,75,8.1875,6.3805455,6.6621094
69,18,90,8.125,6.78383975,7.1601562
69,19,105,7.34375,6.54890375,7.1953125
69,20,120,5.8125,5.4776985,6.205078
69,21,135,3.84375,3.82342025,4.326172
69,22,150,1.90625,1.891285,2.1611328
69,23,165,0.5,0.473135,0.54296875
69,24,180,0,0,0
70,1,-165,1.90625,2.0382455,1.6503906
70,2,-150,0.75,0.772327,0.5136719
70,3,-135,0.0625,0.06582475,0.013671875
70,4,-120,0.03125,0.06569925,0.09375
70,5,-105,0.40625,0.43692825,0.26953125
70,6,-90,1.0625,1.0154205,0.578125
70,7,-75,0.34375,0.37442925,0.28320312
70,8,-60,0,0.00269825,0.06640625
70,9,-45,0.15625,0.16208325,0.001953125
70,10,-30,0.90625,0.97457025,0.6328125
70,11,-15,2.0625,2.23120175,1.7539062
70,12,0,2.78125,3.21876125,2.3730469
70,13,15,2.0625,2.2302605,1.7558594
70,14,30,0.90625,0.9737545,0.6269531
70,15,45,0.15625,0.158883,0.005859375
70,16,60,0,0,0.076171875
70,17,75,0.34375,0.37442925,0.28320312
70,18,90,1.0625,1.017052,0.5761719
70,19,105,0.40625,0.440003,0.2734375
70,20,120,0.03125,0.06958975,0.095703125
70,21,135,0.0625,0.063754,0
70,22,150,0.75,0.772076,0.5097656
70,23,165,1.90625,2.041383,1.65625
70,24,180,2.78125,3.2156865,2.3769531
71,1,-165,0.875,0.97808425,1.6191406
71,2,-150,0.8125,0.8728525,1.2060547
71,3,-135,1,0.97231125,0.9628906
71,4,-120,1.5625,1.3427245,1.1650391
71,5,-105,2.1875,1.8133495,1.6757812
71,6,-90,2.4375,2.00379575,1.9785156
71,7,-75,2.125,1.7121965,1.6074219
71,8,-60,1.375,1.03280225,0.8496094
71,9,-45,0.5,0.34079525,0.17578125
71,10,-30,0,0,0
71,11,-15,0.0625,0.16566,0.4345703
71,12,0,0.3125,0.52653525,0.9707031
71,13,15,0.0625,0.1650325,0.4326172
71,14,30,0,0.0001255,0.004882813
71,15,45,0.5,0.33928925,0.17382812
71,16,60,1.375,1.032614,0.84765625
71,17,75,2.125,1.710565,1.6123047
71,18,90,2.4375,2.00128575,1.9785156
71,19,105,2.1875,1.81391425,1.6748047
71,20,120,1.5625,1.342097,1.1621094
71,21,135,1,0.96653825,0.95410156
71,22,150,0.8125,0.87097,1.2060547
71,23,165,0.875,0.97820975,1.6191406
71,24,180,0.9375,1.07986475,1.8378906
72,1,-165,0.125,0.03118675,0.012695313
72,2,-150,0.875,0.8060865,0.80566406
72,3,-135,1.71875,1.673417,1.6767578
72,4,-120,2.0625,2.0266995,2.1396484
72,5,-105,1.96875,1.90276825,2.2441406
72,6,-90,1.5625,1.529845,1.921875
72,7,-75,0.9375,0.9730015,1.1210938
72,8,-60,0.4375,0.6627655,0.57421875
72,9,-45,0.3125,0.72495075,0.3359375
72,10,-30,0.34375,0.789395,0.3076172
72,11,-15,0.46875,0.97293875,0.33398438
72,12,0,0.875,1.5673695,0.91503906
72,13,15,0.46875,0.970868,0.33007812
72,14,30,0.34375,0.78770075,0.3076172
72,15,45,0.3125,0.72557825,0.3359375
72,16,60,0.4375,0.6647735,0.5722656
72,17,75,0.9375,0.96892275,1.1181641
72,18,90,1.5625,1.5297195,1.9179688
72,19,105,1.96875,1.90258,2.2460938
72,20,120,2.0625,2.0274525,2.1386719
72,21,135,1.71875,1.67448375,1.6796875
72,22,150,0.875,0.80112925,0.7988281
72,23,165,0.125,0.02340575,0
72,24,180,0,0,0.103515625
73,1,-165,2.125,4.24497475,3.6425781
73,2,-150,2.5,4.62737325,3.9111328
73,3,-135,2.25,4.02384375,3.2548828
73,4,-120,1.4375,2.8994265,2.7246094
73,5,-105,0.6875,1.66256125,1.9707031
73,6,-90,0.3125,0.84718775,1.3339844
73,7,-75,0.5625,0.6138205,1.0390625
73,8,-60,0,0.007028,0.3779297
73,9,-45,0.3125,0,0
73,10,-30,1.8125,1.38382575,0.9404297
73,11,-15,4.125,4.036582,3.3027344
73,12,0,6.5625,6.93669875,5.076172
73,13,15,4.125,4.03313075,3.3066406
73,14,30,1.8125,1.38420225,0.94140625
73,15,45,0.3125,6.27E-05,0.00390625
73,16,60,0,0.0064005,0.37402344
73,17,75,0.5625,0.623233,1.0634766
73,18,90,0.3125,0.83162575,1.3378906
73,19,105,0.6875,1.6750485,1.9775391
73,20,120,1.4375,2.8989245,2.7216797
73,21,135,2.25,4.0301815,3.2666016
73,22,150,2.5,4.626934,3.915039
73,23,165,2.125,4.254199,3.6572266
73,24,180,1.9375,3.719569,3.2685547
74,1,-165,3.25,3.61396075,3.3417969
74,2,-150,2.03125,2.22555425,1.9550781
74,3,-135,1.71875,1.70799225,1.4882812
74,4,-120,2.125,1.88871225,1.7246094
74,5,-105,2.84375,2.30800775,2.1738281
74,6,-90,3.28125,2.4707185,1.9648438
74,7,-75,2.75,1.95535275,1.4023438
74,8,-60,1.34375,0.80426675,0.7792969
74,9,-45,0.15625,0,0
74,10,-30,0,0.2553925,0.26367188
74,11,-15,0.84375,1.4908145,1.7070312
74,12,0,0.5,1.671409,1.2167969
74,13,15,0.84375,1.49012425,1.7109375
74,14,30,0,0.257526,0.26757812
74,15,45,0.15625,0.0016315,0.00390625
74,16,60,1.34375,0.803953,0.7734375
74,17,75,2.75,1.95598025,1.4023438
74,18,90,3.28125,2.47040475,1.9648438
74,19,105,2.84375,2.30775675,2.171875
74,20,120,2.125,1.88783375,1.7226562
74,21,135,1.71875,1.707051,1.4882812
74,22,150,2.03125,2.22618175,1.9492188
74,23,165,3.25,3.61960825,3.34375
74,24,180,4.96875,5.40610075,4.9335938
75,1,-165,0.28125,0.2282845,0.23828125
75,2,-150,1.1875,0.95938475,0.8544922
75,3,-135,2.65625,2.17987225,1.7089844
75,4,-120,4.4375,3.70733275,2.7304688
75,5,-105,6.125,5.08808375,3.6357422
75,6,-90,6.875,5.6857775,3.9169922
75,7,-75,6.0625,5.05934425,3.6289062
75,8,-60,4.34375,3.627452,2.7294922
75,9,-45,2.53125,2.08662575,1.6923828
75,10,-30,1.125,0.89858,0.82421875
75,11,-15,0.28125,0.2119695,0.22460938
75,12,0,0,0,0
75,13,15,0.28125,0.2119695,0.22460938
75,14,30,1.125,0.8982035,0.828125
75,15,45,2.53125,2.08511975,1.6875
75,16,60,4.34375,3.62695,2.7314453
75,17,75,6.0625,5.05934425,3.6289062
75,18,90,6.875,5.68496175,3.9160156
75,19,105,6.125,5.088021,3.633789
75,20,120,4.4375,3.70733275,2.7304688
75,21,135,2.65625,2.18024875,1.7050781
75,22,150,1.1875,0.9599495,0.8564453
75,23,165,0.28125,0.23110825,0.24414062
75,24,180,0,0.00251,0.00390625
76,1,-165,1.53125,1.20724725,0.75
76,2,-150,1.34375,1.1431795,0.48632812
76,3,-135,0.75,0.55075675,0.4716797
76,4,-120,0.375,0.116464,0.068359375
76,5,-105,0,0,0
76,6,-90,0.3125,0.3178915,0.41796875
76,7,-75,1.0625,0.84329725,0.8066406
76,8,-60,2.0625,1.50392925,1.2978516
76,9,-45,2.96875,2.2764445,1.9755859
76,10,-30,3.03125,2.31352975,1.953125
76,11,-15,2.46875,1.868946,1.3359375
76,12,0,1.84375,1.41043175,1.0087891
76,13,15,1.53125,1.21484,0.7685547
76,14,30,1.375,1.15478825,0.50097656
76,15,45,0.78125,0.58734,0.5126953
76,16,60,0.375,0.09983525,0.07324219
76,17,75,0,0.022841,0.01953125
76,18,90,0.40625,0.4160325,0.4658203
76,19,105,1.15625,0.9248095,0.7998047
76,20,120,2.03125,1.49476775,1.2851562
76,21,135,2.90625,2.2189655,2.0585938
76,22,150,3.0625,2.3449675,2.0361328
76,23,165,2.5625,1.9175145,1.3417969
76,24,180,1.90625,1.41971875,0.96777344
77,1,-165,0.578125,0.7636675,0.5161133
77,2,-150,0.5,0.75557275,1.0126953
77,3,-135,0.4375,0.745972,1.1367188
77,4,-120,0.328125,0.613695,0.8408203
77,5,-105,0.140625,0.31067525,0.37451172
77,6,-90,0,0,0
77,7,-75,0.203125,0.068021,0.10839844
77,8,-60,1.140625,0.89801525,1.0839844
77,9,-45,2.875,2.5866805,2.9223633
77,10,-30,5,4.814431,4.7578125
77,11,-15,5.578125,6.39453875,7.453125
77,12,0,7.953125,7.57712525,7.4365234
77,13,15,5.578125,6.3956055,7.4589844
77,14,30,5,4.75161825,4.841797
77,15,45,2.875,2.584547,2.9106445
77,16,60,1.140625,0.895819,1.0805664
77,17,75,0.203125,0.06569925,0.10595703
77,18,90,0,0.00069025,0.001464844
77,19,105,0.140625,0.31080075,0.3774414
77,20,120,0.328125,0.61513825,0.8388672
77,21,135,0.4375,0.745972,1.1357422
77,22,150,0.5,0.7553845,1.0112305
77,23,165,0.578125,0.76134575,0.5136719
77,24,180,0.671875,0.784375,0.17041016
78,1,-165,0.8125,0.55540025,0.38476562
78,2,-150,0.5,0.3914345,0.43164062
78,3,-135,0.15625,0.16145575,0.25195312
78,4,-120,0,0.01311475,0.000976563
78,5,-105,0.09375,0.00194525,0.0546875
78,6,-90,0.40625,0.081073,0.23144531
78,7,-75,1.015625,0.38396725,0.4248047
78,8,-60,2.203125,1.43314725,1.3652344
78,9,-45,3.78125,3.15488175,3.006836
78,10,-30,4.59375,4.22552225,4.323242
78,11,-15,4.5,4.08897825,4.326172
78,12,0,4.40625,3.98757425,4.2802734
78,13,15,4.5,4.08973125,4.330078
78,14,30,4.59375,4.2252085,4.3134766
78,15,45,4.140625,3.1722635,2.9042969
78,16,60,2.59375,1.62566425,1.4072266
78,17,75,1.015625,0.38434375,0.4248047
78,18,90,0.40625,0.081073,0.23144531
78,19,105,0.09375,0,0.052734375
78,20,120,0,0.013303,0
78,21,135,0.15625,0.16145575,0.2529297
78,22,150,0.5,0.39061875,0.43164062
78,23,165,0.8125,0.55540025,0.3857422
78,24,180,0.9375,0.58734,0.31054688
79,1,-165,0.34375,0.83802625,0.61621094
79,2,-150,0,0.1760765,0.12402344
79,3,-135,0.15625,0.0094125,0.010742188
79,4,-120,0.78125,0.30916925,0.12597656
79,5,-105,1.5,0.7661775,0.16992188
79,6,-90,1.875,1.02351525,0.3076172
79,7,-75,1.46875,0.82547625,0.2919922
79,8,-60,0.625,0.259534,0.20019531
79,9,-45,0.0625,6.28E-05,0
79,10,-30,0.0625,0.32146825,0.24511719
79,11,-15,0.4375,0.964091,0.75097656
79,12,0,0.65625,1.33211975,1.0019531
79,13,15,0.4375,0.963338,0.7451172
79,14,30,0.0625,0.32128,0.24414062
79,15,45,0.0625,0,0
79,16,60,0.625,0.25947125,0.203125
79,17,75,1.46875,0.82535075,0.2939453
79,18,90,1.875,1.02326425,0.30566406
79,19,105,1.5,0.7674325,0.16992188
79,20,120,0.78125,0.30879275,0.12597656
79,21,135,0.15625,0.00909875,0.010742188
79,22,150,0,0.1770805,0.12207031
79,23,165,0.34375,0.83834,0.62109375
79,24,180,0.65625,1.33174325,0.99316406
80,1,-165,3.90625,4.50350475,4.6728516
80,2,-150,3.03125,3.45131275,4.0234375
80,3,-135,2.09375,2.31352975,2.7597656
80,4,-120,1.59375,1.623468,1.6855469
80,5,-105,0.9375,1.00255675,1.2861328
80,6,-90,0,0.0011295,0.02734375
80,7,-75,0.09375,0.12995525,0
80,8,-60,0.5625,0.7491095,0.49316406
80,9,-45,0.90625,1.1411715,0.8154297
80,10,-30,1.0625,1.22946075,0.87890625
80,11,-15,1.1875,1.22494275,0.7714844
80,12,0,1.25,1.21126325,0.67578125
80,13,15,1.1875,1.22494275,0.7714844
80,14,30,1.0625,1.2297745,0.88183594
80,15,45,0.90625,1.14286575,0.8183594
80,16,60,0.5625,0.74929775,0.4921875
80,17,75,0.09375,0.129767,0.001953125
80,18,90,0,0,0.017578125
80,19,105,0.9375,1.0031215,1.2851562
80,20,120,1.59375,1.62327975,1.6855469
80,21,135,2.09375,2.307945,2.7636719
80,22,150,3.03125,3.45125,4.0234375
80,23,165,3.90625,4.50350475,4.6728516
80,24,180,4.25,4.9149565,4.8046875
81,1,-165,5.125,5.28411475,5.8876953
81,2,-150,5.21875,5.01140325,5.564453
81,3,-135,5.90625,5.48240475,5.9072266
81,4,-120,9.90625,8.4015975,6.9414062
81,5,-105,10.3125,8.863563,7.446289
81,6,-90,9.75,8.169046,7.236328
81,7,-75,7.6875,6.32513725,4.841797
81,8,-60,5,4.12123175,3.5957031
81,9,-45,2.46875,1.99099475,1.921875
81,10,-30,0.625,0.5299865,0.68359375
81,11,-15,0.03125,0,0.06738281
81,12,0,0.25,0.2714565,0
81,13,15,0,0.0618715,0.20507812
81,14,30,0.625,0.530112,0.68359375
81,15,45,2.40625,1.9704755,1.9619141
81,16,60,4.96875,4.1258125,3.6279297
81,17,75,7.71875,6.3403855,4.834961
81,18,90,9.75,8.16835575,7.2226562
81,19,105,10.3125,8.86400225,7.448242
81,20,120,9.90625,8.4003425,6.9404297
81,21,135,5.90625,5.48993475,5.9228516
81,22,150,5.21875,5.01140325,5.564453
81,23,165,5.15625,5.27495325,5.836914
81,24,180,5.65625,6.10626525,6.6708984
82,1,-165,0,0.01236175,0
82,2,-150,1.25,0.98900275,0.5078125
82,3,-135,3.15625,2.430182,2.2080078
82,4,-120,5.5,4.37700075,5.071289
82,5,-105,7.90625,6.35387675,8.22168
82,6,-90,9.3125,7.28734575,11.270508
82,7,-75,8.59375,5.5936605,6.9560547
82,8,-60,7,4.37850675,4.0595703
82,9,-45,2.75,1.437979,1.3369141
82,10,-30,3,2.22605625,0.7167969
82,11,-15,3.78125,2.8534935,1.5185547
82,12,0,3.34375,2.4875355,0.9121094
82,13,15,3.78125,2.867675,1.5302734
82,14,30,3,2.22643275,0.7167969
82,15,45,2.75,1.43214325,1.3349609
82,16,60,7.59375,5.80857925,6.0126953
82,17,75,8.9375,6.7703485,9.207031
82,18,90,9.34375,7.2429815,11.266602
82,19,105,6.71875,4.06224675,4.9658203
82,20,120,4.3125,2.33373525,2.9951172
82,21,135,1.8125,0.57861775,0.7314453
82,22,150,1.25,0.9860535,0.50878906
82,23,165,0,0.0134285,0.002929688
82,24,180,0.3125,0,1.234375
83,1,-165,0.875,3.45532875,2.2871094
83,2,-150,0.40625,2.5753855,1.5722656
83,3,-135,0,1.75605875,0.9003906
83,4,-120,1.84375,1.95133675,2.2285156
83,5,-105,0.75,0.65529825,1.2636719
83,6,-90,0.15625,0.12644125,0.2939453
83,7,-75,1.25,0.93164925,0.7285156
83,8,-60,0.65625,0.0003765,0
83,9,-45,1.03125,0.24742325,0.5917969
83,10,-30,2.53125,1.83700625,2.6953125
83,11,-15,4.90625,4.3512105,5.836914
83,12,0,7.75,7.323678,9.607422
83,13,15,4.90625,4.40461075,5.955078
83,14,30,2.53125,1.86493,2.7636719
83,15,45,1.03125,0.262044,0.60253906
83,16,60,0.65625,0,0.000976563
83,17,75,1.25,0.93121,0.72558594
83,18,90,2.28125,2.32532675,2.4003906
83,19,105,1.375,1.5829315,1.7421875
83,20,120,1.75,2.1559645,2.4296875
83,21,135,0,1.765785,0.9277344
83,22,150,0.40625,2.578272,1.5771484
83,23,165,0.875,3.45570525,2.2861328
83,24,180,1.09375,3.860631,2.4814453
84,1,-165,4,3.68474275,4.395508
84,2,-150,4.90625,4.36620775,5.6601562
84,3,-135,5.9375,5.2023515,7.0039062
84,4,-120,6.1875,5.41927825,7.4023438
84,5,-105,5.28125,4.60252425,6.241211
84,6,-90,3.4375,2.9373275,4.1660156
84,7,-75,1.375,1.1502075,2.2607422
84,8,-60,0,0.000251,0.5253906
84,9,-45,0.03125,0.03972075,0
84,10,-30,1.3125,1.25117225,1.4150391
84,11,-15,2.84375,3.1361195,3.8173828
84,12,0,3.71875,4.42443975,5.411133
84,13,15,2.84375,3.135743,3.819336
84,14,30,1.3125,1.249478,1.4199219
84,15,45,0.03125,0.03972075,0
84,16,60,0,0,0.5263672
84,17,75,1.375,1.1502075,2.2597656
84,18,90,3.4375,2.938206,4.1640625
84,19,105,5.28125,4.5999515,6.234375
84,20,120,6.1875,5.42053325,7.40625
84,21,135,5.9375,5.20072,7.006836
84,22,150,4.90625,4.36620775,5.661133
84,23,165,4,3.68474275,4.395508
84,24,180,3.6875,3.53627625,4.076172
85,1,-165,11.1875,8.4269485,8.296875
85,2,-150,10.84375,8.43705125,8.152344
85,3,-135,10.875,8.68303125,8.15332
85,4,-120,11.15625,9.202162,8.723633
85,5,-105,11.4375,9.7642765,9.730469
85,6,-90,11.375,10.12088475,10.545898
85,7,-75,10.5,9.68941575,10.260742
85,8,-60,8.65625,8.04423625,8.25293
85,9,-45,6.1875,5.5642935,5.5117188
85,10,-30,3.84375,3.11371775,2.953125
85,11,-15,1.34375,0.93604175,0.9638672
85,12,0,0,0,0
85,13,15,0.1875,0.27189575,0.40722656
85,14,30,1.59375,1.73698275,2.0566406
85,15,45,3.96875,4.0889155,4.600586
85,16,60,6.71875,6.703457,7.495117
85,17,75,8.90625,8.69846775,9.870117
85,18,90,9.71875,9.00544075,10.483398
85,19,105,9.5625,8.20864125,9.417969
85,20,120,9.375,7.48174525,8.234375
85,21,135,9.625,7.405002,7.90625
85,22,150,10.3125,7.88949475,8.292969
85,23,165,11.28125,8.6990325,9.0234375
85,24,180,11.875,8.756386,8.65918
86,1,-165,7.03125,6.742111,5.2783203
86,2,-150,7.34375,6.9831965,5.5625
86,3,-135,7.71875,7.27115625,6.1933594
86,4,-120,8.09375,7.448174,7.001953
86,5,-105,7.8125,6.60111175,8.246094
86,6,-90,5.9375,4.75902275,6.7333984
86,7,-75,3.75,2.88901,4.6523438
86,8,-60,3.40625,2.66455325,2.828125
86,9,-45,1.875,1.37002075,1.3759766
86,10,-30,0.84375,0.5430385,0.42382812
86,11,-15,0.21875,0.10824375,0.016601562
86,12,0,0,0,0.08203125
86,13,15,0.21875,0.1203545,0
86,14,30,0.84375,0.54372875,0.41210938
86,15,45,1.875,1.37140125,1.3701172
86,16,60,3.40625,2.66455325,2.8203125
86,17,75,3.75,2.89070425,4.654297
86,18,90,5.9375,4.74873175,6.729492
86,19,105,7.8125,6.59998225,8.251953
86,20,120,8.09375,7.450182,6.995117
86,21,135,7.71875,7.27253675,6.189453
86,22,150,7.34375,6.97961975,5.5566406
86,23,165,7.03125,6.731569,5.263672
86,24,180,6.875,6.685636,5.288086
87,1,-165,2.6875,4.010478,4.3007812
87,2,-150,0.625,1.25506275,1.3251953
87,3,-135,0,0.02403325,0.032226562
87,4,-120,0.5,0.00759275,0
87,5,-105,1.34375,0.5186915,0.61035156
87,6,-90,1.75,0.77891575,1.0429688
87,7,-75,1.3125,0.49189725,0.5908203
87,8,-60,0.53125,0.00583575,0.004882813
87,9,-45,0.03125,0.001506,0.010742188
87,10,-30,0.53125,1.1248565,1.2236328
87,11,-15,2.3125,3.54945375,3.9052734
87,12,0,4.96875,6.7434915,7.3603516
87,13,15,2.3125,3.5500185,3.9082031
87,14,30,0.53125,1.1243545,1.2236328
87,15,45,0.03125,0,0.01171875
87,16,60,0.53125,0.0064005,0.008789063
87,17,75,1.34375,0.49239925,0.58984375
87,18,90,1.75,0.777849,1.0429688
87,19,105,1.34375,0.51875425,0.61035156
87,20,120,0.5,0.0048945,0
87,21,135,0,0.02259,0.037109375
87,22,150,0.625,1.24903875,1.3232422
87,23,165,2.6875,4.00928575,4.2939453
87,24,180,5.6875,7.62468975,8.006836
88,1,-165,0,0.00031375,0
88,2,-150,0.59375,0.59844675,0.6064453
88,3,-135,1.40625,1.41595375,1.2773438
88,4,-120,1.84375,1.83010375,1.5361328
88,5,-105,1.9375,1.78153525,1.4541016
88,6,-90,2.03125,1.59027325,1.2158203
88,7,-75,2.46875,1.6353905,1.0107422
88,8,-60,3.625,2.523554,1.5546875
88,9,-45,4.59375,2.997693,2.5488281
88,10,-30,5.0625,3.35894475,2.790039
88,11,-15,5.4375,3.9975515,3.421875
88,12,0,5.59375,4.38089125,3.8203125
88,13,15,5.4375,3.99811625,3.4257812
88,14,30,5.0625,3.3537365,2.7890625
88,15,45,4.59375,2.99700275,2.5498047
88,16,60,3.625,2.52361675,1.5546875
88,17,75,2.46875,1.6368965,1.0146484
88,18,90,2.03125,1.592093,1.2197266
88,19,105,1.9375,1.78153525,1.4541016
88,20,120,1.84375,1.83010375,1.5341797
88,21,135,1.40625,1.42749975,1.2988281
88,22,150,0.59375,0.59982725,0.60839844
88,23,165,0,0,0
88,24,180,0.125,0.37857075,0.71875
89,1,-165,0.53125,0.53293575,0.5800781
89,2,-150,2.125,2.0723815,2.40625
89,3,-135,4.40625,4.20857975,5.044922
89,4,-120,6.75,6.2771335,7.513672
89,5,-105,8.84375,8.00620975,9.566406
89,6,-90,10.96875,9.91079775,10.816406
89,7,-75,12.25,10.9148605,11.724609
89,8,-60,14.40625,12.8478115,13.660156
89,9,-45,13.8125,12.19075625,13.484375
89,10,-30,13.0625,11.27222175,13.044922
89,11,-15,13.1875,11.0968355,13.427734
89,12,0,14.0625,11.74749025,14.888672
89,13,15,15.53125,12.985987,16.570312
89,14,30,9.71875,7.54763275,8.59375
89,15,45,9.1875,7.1784745,7.9160156
89,16,60,9.1875,7.26965025,7.392578
89,17,75,8.875,7.15255875,7.7402344
89,18,90,8.0625,6.743115,8.019531
89,19,105,7.15625,6.3019825,7.7714844
89,20,120,5.5,5.04930425,6.357422
89,21,135,3.40625,3.15663875,4.0742188
89,22,150,1.34375,1.17750375,1.6777344
89,23,165,0.6875,0.59192075,0.72265625
89,24,180,0,0,0
90,1,-165,0.34375,0.230669,0.13867188
90,2,-150,1.84375,1.4790175,1.0068359
90,3,-135,4.21875,3.55911725,2.9423828
90,4,-120,7.09375,6.12295675,5.796875
90,5,-105,12.71875,11.203134,11.019531
90,6,-90,13.6875,11.6869365,10.860352
90,7,-75,12.65625,11.27774375,14.456055
90,8,-60,11.34375,9.787745,12.379883
90,9,-45,9.40625,8.08075675,11.05957
90,10,-30,7.6875,6.7921855,10.594727
90,11,-15,6.71875,6.0160935,10.410156
90,12,0,6.8125,5.7761375,8.584961
90,13,15,6.71875,5.976561,10.2890625
90,14,30,7.6875,6.795323,10.608398
90,15,45,9.40625,8.08703175,11.075195
90,16,60,11.34375,9.8006715,12.4140625
90,17,75,12.65625,11.28866225,14.505859
90,18,90,13.6875,11.6989845,10.8671875
90,19,105,12.71875,11.19711,11.030273
90,20,120,7.09375,6.122392,5.798828
90,21,135,4.21875,3.5572975,2.9384766
90,22,150,1.84375,1.47882925,1.0068359
90,23,165,0.34375,0.232677,0.13183594
90,24,180,0,0,0
91,1,-165,4.40625,4.01305075,2.7666016
91,2,-150,3.3125,2.68777075,1.546875
91,3,-135,2.96875,2.141532,1.0195312
91,4,-120,3.15625,2.202274,1.1484375
91,5,-105,3.4375,2.559196,1.4082031
91,6,-90,3.125,2.7952615,1.8251953
91,7,-75,2.28125,2.465071,1.9462891
91,8,-60,1.46875,1.90439975,1.6523438
91,9,-45,0.625,0.32309975,0.016601562
91,10,-30,0.03125,0.001004,0.005859375
91,11,-15,0,0.27101725,0.4970703
91,12,0,0.375,0.861683,1.1572266
91,13,15,0,0.27177025,0.49804688
91,14,30,0.03125,0,0
91,15,45,0.625,0.3236645,0.016601562
91,16,60,1.46875,1.9042115,1.6523438
91,17,75,2.28125,2.4659495,1.953125
91,18,90,3.125,2.7970185,1.8242188
91,19,105,3.4375,2.56076475,1.4150391
91,20,120,3.15625,2.201521,1.1464844
91,21,135,2.96875,2.14121825,1.0185547
91,22,150,3.3125,2.69015525,1.5488281
91,23,165,4.40625,4.012235,2.7548828
91,24,180,6.1875,5.95372,4.333008
92,1,-165,0.125,0.14915675,0
92,2,-150,0.6875,0.492964,0.26953125
92,3,-135,1.78125,1.29948975,1.0800781
92,4,-120,3.5,2.707035,2.546875
92,5,-105,5.65625,4.598069,4.526367
92,6,-90,7.75,6.49908025,6.569336
92,7,-75,9.21875,7.790287,8.079102
92,8,-60,9.5625,8.15969625,8.563477
92,9,-45,2.8125,1.886014,2.3339844
92,10,-30,1,0.3610635,0.79785156
92,11,-15,0.25,0,0.21289062
92,12,0,0.03125,0.15329825,0.15039062
92,13,15,0,0.0786885,0.07714844
92,14,30,0.5,0.28770875,0.3701172
92,15,45,1.84375,1.29045375,1.4873047
92,16,60,4.15625,3.2274835,3.5263672
92,17,75,7.21875,5.980075,6.2246094
92,18,90,10.375,8.85960975,8.713867
92,19,105,12.4375,10.70621675,10.107422
92,20,120,4.375,3.5562935,3.4951172
92,21,135,2.09375,1.449525,1.5458984
92,22,150,0.78125,0.3078515,0.5214844
92,23,165,0.21875,0.05314925,0.17675781
92,24,180,0,0.1474625,0.17675781
93,1,-165,2.25,1.90716075,2.2617188
93,2,-150,0.375,0.2563965,0.40625
93,3,-135,0,0,0
93,4,-120,0,0,0.021484375
93,5,-105,0.09375,0.012299,0.0234375
93,6,-90,0.84375,0.6052865,0.7597656
93,7,-75,1.96875,2.1742875,3.0078125
93,8,-60,4.40625,3.75928975,5.123047
93,9,-45,6.25,5.53536575,6.7265625
93,10,-30,9.65625,8.90002075,9.28125
93,11,-15,11.875,11.431293,10.306641
93,12,0,11.9375,10.9489965,11.6171875
93,13,15,10.25,9.915504,10.300781
93,14,30,7.28125,6.8238115,7.6445312
93,15,45,5.1875,4.7206825,5.3398438
93,16,60,4.71875,4.26405075,4.2421875
93,17,75,5.03125,4.714533,4.4492188
93,18,90,5.375,4.572969,4.919922
93,19,105,7.40625,6.3594615,6.7539062
93,20,120,10.46875,9.719724,9.6015625
93,21,135,9.6875,9.17411275,9.144531
93,22,150,8.1875,7.62707425,9.025391
93,23,165,6.8125,5.828722,7.8476562
93,24,180,4.84375,4.28287575,5.4570312
94,1,-165,0.15625,0.0872225,0.10058594
94,2,-150,0.65625,0.351651,0.38476562
94,3,-135,1.46875,0.80200775,0.7714844
94,4,-120,2.4375,1.3623025,1.0615234
94,5,-105,3.28125,1.83951625,1.1445312
94,6,-90,3.59375,2.06416125,1.3212891
94,7,-75,3.25,1.94957975,1.6191406
94,8,-60,2.46875,1.5485445,1.6875
94,9,-45,1.59375,1.05288225,1.5253906
94,10,-30,0.90625,0.661134,1.3691406
94,11,-15,0.53125,0.45801225,1.3164062
94,12,0,0.375,0.40015675,1.3037109
94,13,15,0.53125,0.456318,1.3212891
94,14,30,0.90625,0.661134,1.3691406
94,15,45,1.59375,1.052945,1.5253906
94,16,60,2.46875,1.548921,1.6865234
94,17,75,3.25,1.949015,1.6171875
94,18,90,3.59375,2.0615885,1.3134766
94,19,105,3.28125,1.83951625,1.1445312
94,20,120,2.4375,1.36236525,1.0625
94,21,135,1.46875,0.8020705,0.77246094
94,22,150,0.65625,0.35158825,0.38476562
94,23,165,0.15625,0.08640675,0.09667969
94,24,180,0,0,0
95,1,-165,2.5625,1.96978525,1.2099609
95,2,-150,4.21875,3.543618,2.8164062
95,3,-135,8.5,6.06547775,6.330078
95,4,-120,9.9375,7.36038675,8.383789
95,5,-105,11.65625,9.003621,10.212891
95,6,-90,13.46875,10.76946875,12.074219
95,7,-75,12.5,11.0760025,12.035156
95,8,-60,8.46875,7.41133975,8.229492
95,9,-45,4.625,3.901795,4.1416016
95,10,-30,1.8125,1.417146,1.2636719
95,11,-15,0.28125,0.1489685,0.001953125
95,12,0,0,0,0.00390625
95,13,15,0.28125,0.14827825,0
95,14,30,1.8125,1.41633025,1.2636719
95,15,45,4.625,3.90474425,4.1464844
95,16,60,8.46875,7.41849325,8.239258
95,17,75,12.5,11.077634,12.0390625
95,18,90,13.46875,10.7630055,12.060547
95,19,105,11.65625,9.0009855,10.212891
95,20,120,9.9375,7.35938275,8.375
95,21,135,8.5,6.08894625,6.2646484
95,22,150,1.84375,0.97532325,0.4345703
95,23,165,2.5625,1.97053825,1.2080078
95,24,180,1.5625,0.94670925,0.20019531
96,1,-165,4.59375,4.6365975,3.415039
96,2,-150,3.0625,2.9699575,2.1699219
96,3,-135,1.71875,1.68565325,1.3183594
96,4,-120,0.65625,0.6504665,0.3515625
96,5,-105,0,0.01650325,0.0078125
96,6,-90,0.4375,0.32899825,0.16015625
96,7,-75,0.53125,1.01749125,0.010742188
96,8,-60,0.25,0.64437975,0.21289062
96,9,-45,0.46875,0.7594005,0.66503906
96,10,-30,1.3125,1.41564,1.2851562
96,11,-15,2.40625,2.266781,1.7880859
96,12,0,3.90625,3.59250025,2.8085938
96,13,15,2.40625,2.266781,1.7910156
96,14,30,1.3125,1.4155145,1.2851562
96,15,45,0.46875,0.7594005,0.66503906
96,16,60,0.25,0.64425425,0.21484375
96,17,75,0.53125,1.0171775,0.008789063
96,18,90,0.4375,0.330567,0.16113281
96,19,105,0,0,0
96,20,120,0.65625,0.66759725,0.36621094
96,21,135,1.71875,1.682202,1.3173828
96,22,150,3.0625,2.969832,2.1699219
96,23,165,4.59375,4.635719,3.4140625
96,24,180,6.21875,6.588248,5.3310547
97,1,-165,7,6.37621575,5.3789062
97,2,-150,7.4375,6.623388,5.71875
97,3,-135,8.21875,7.12883925,6.4052734
97,4,-120,9.40625,8.0351375,7.588867
97,5,-105,10.90625,9.333435,9.280273
97,6,-90,12.5,10.82029625,11.254883
97,7,-75,7.0625,5.9049005,6.3720703
97,8,-60,4.40625,3.6401275,4.1279297
97,9,-45,2.34375,1.92171875,2.2333984
97,10,-30,1,0.8018195,0.94140625
97,11,-15,0.25,0.19132475,0.23046875
97,12,0,0,0,0
97,13,15,0.25,0.19396025,0.22753906
97,14,30,1,0.80489425,0.93652344
97,15,45,2.34375,1.92460525,2.227539
97,16,60,4.40625,3.6391235,4.120117
97,17,75,7.0625,5.90458675,6.373047
97,18,90,12.5,10.81703325,11.246094
97,19,105,10.90625,9.333686,9.279297
97,20,120,9.40625,8.0351375,7.5878906
97,21,135,8.21875,7.12695675,6.399414
97,22,150,7.46875,6.6217565,5.7216797
97,23,165,7,6.37696875,5.376953
97,24,180,6.84375,6.3047435,5.267578
98,1,-165,0.375,0.07599025,0
98,2,-150,1.625,0.73323375,0.8652344
98,3,-135,3.3125,1.701278,2.165039
98,4,-120,5.15625,2.86911825,3.3652344
98,5,-105,6.6875,4.00614825,4.666992
98,6,-90,7.21875,4.60679125,6.104492
98,7,-75,6.40625,3.87085925,4.716797
98,8,-60,4.8125,2.6707655,3.2978516
98,9,-45,3,1.50480775,1.9746094
98,10,-30,1.40625,0.60698075,0.7216797
98,11,-15,0,0,0.83691406
98,12,0,0.375,0.67023275,1.3046875
98,13,15,0,0.0003765,0.83496094
98,14,30,1.40625,0.60742,0.7216797
98,15,45,3,1.50907475,1.9785156
98,16,60,4.8125,2.66618475,3.2910156
98,17,75,6.40625,3.870922,4.716797
98,18,90,7.21875,4.60679125,6.104492
98,19,105,6.6875,3.993912,4.6083984
98,20,120,5.15625,2.8652905,3.3564453
98,21,135,3.3125,1.69676,2.1621094
98,22,150,1.625,0.734175,0.86621094
98,23,165,0.0625,0.02691975,0.9121094
98,24,180,0.375,0.6720525,1.3076172
99,1,-165,0.28125,0.199294,0.24121094
99,2,-150,1.125,0.7990585,0.96484375
99,3,-135,2.46875,1.7646555,2.0205078
99,4,-120,4.03125,2.91254125,3.209961
99,5,-105,5.40625,3.927397,4.2890625
99,6,-90,6.125,4.44521,4.8398438
99,7,-75,5.75,4.2934805,4.745117
99,8,-60,4.59375,3.58371525,4.078125
99,9,-45,3.28125,2.73219775,3.1035156
99,10,-30,2.25,2.0713775,2.2324219
99,11,-15,1.65625,1.72116975,1.7324219
99,12,0,1.46875,1.62792325,1.59375
99,13,15,1.65625,1.7212325,1.7324219
99,14,30,2.25,2.07131475,2.2333984
99,15,45,3.28125,2.7300015,3.100586
99,16,60,4.59375,3.58371525,4.0771484
99,17,75,5.75,4.3015125,4.7558594
99,18,90,6.125,4.44740625,4.8427734
99,19,105,5.40625,3.9265185,4.286133
99,20,120,4.03125,2.912855,3.2148438
99,21,135,2.46875,1.76471825,2.0205078
99,22,150,1.125,0.79899575,0.9638672
99,23,165,0.28125,0.199294,0.24121094
99,24,180,0,0,0
100,1,-165,15.875,14.41172975,13.44043
100,2,-150,14.65625,13.2105065,11.716797
100,3,-135,14.25,12.84536425,10.53418
100,4,-120,14.46875,12.86205575,9.704102
100,5,-105,14.78125,12.82980225,8.4765625
100,6,-90,14.28125,12.1327125,7.3378906
100,7,-75,12.34375,10.411229,6.6533203
100,8,-60,9.1875,7.85033875,5.6054688
100,9,-45,5.65625,4.95367325,3.8554688
100,10,-30,2.625,2.356388,1.8964844
100,11,-15,0.65625,0.60610225,0.5029297
100,12,0,0,0,0
100,13,15,0.65625,0.603906,0.49414062
100,14,30,2.625,2.35632525,1.8916016
100,15,45,5.65625,4.96685075,3.8710938
100,16,60,9.1875,7.85222125,5.6103516
100,17,75,12.34375,10.41116625,6.6533203
100,18,90,14.3125,12.12361375,7.333008
100,19,105,14.78125,12.82967675,8.474609
100,20,120,14.46875,12.86117725,9.705078
100,21,135,14.25,12.8458035,10.53418
100,22,150,14.65625,13.210632,11.717773
100,23,165,15.875,14.415181,13.4453125
100,24,180,17.875,16.30928975,15.384766
101,1,-165,4.8125,4.23744475,4.7646484
101,2,-150,5.0625,4.57742425,4.8447266
101,3,-135,5.4375,4.990884,4.986328
101,4,-120,5.78125,5.350818,5.1875
101,5,-105,6.03125,5.60213175,5.2958984
101,6,-90,6.21875,5.80657125,5.3583984
101,7,-75,6.40625,6.1029395,5.4960938
101,8,-60,6.84375,6.5477115,5.6367188
101,9,-45,7.46875,7.1784745,6.1279297
101,10,-30,8.1875,7.77905475,6.6875
101,11,-15,8.6875,8.18969075,7.0625
101,12,0,3.09375,2.77210675,2.1171875
101,13,15,2.46875,2.3085725,1.5371094
101,14,30,2.0625,2.04533625,1.1904297
101,15,45,1.03125,1.1873555,0.99121094
101,16,60,0,0.152106,0.14550781
101,17,75,0.03125,0,0
101,18,90,1.03125,0.6800845,0.51660156
101,19,105,2.5625,1.843595,1.5546875
101,20,120,3.84375,2.85117175,2.6357422
101,21,135,4.53125,3.47063975,3.366211
101,22,150,5.0625,4.5773615,4.8427734
101,23,165,4.8125,4.23706825,4.7626953
101,24,180,4.71875,4.10636,4.7529297
102,1,-165,2.78125,2.3005405,2.1572266
102,2,-150,2.0625,1.6946265,1.6103516
102,3,-135,1.1875,0.947776,0.9189453
102,4,-120,0.375,0.21717775,0.19140625
102,5,-105,0,0,0
102,6,-90,0.5,0.49202275,0.2861328
102,7,-75,1.34375,1.316997,1.0683594
102,8,-60,2.0625,1.940732,2.1503906
102,9,-45,2.3125,2.09365375,2.8320312
102,10,-30,2.1875,1.8429675,2.7705078
102,11,-15,1.96875,1.507757,2.515625
102,12,0,1.71875,1.33783,2.4072266
102,13,15,1.9375,1.5043685,2.5166016
102,14,30,2.1875,1.84290475,2.7705078
102,15,45,2.3125,2.07545625,2.8027344
102,16,60,2.0625,1.941485,2.1533203
102,17,75,1.34375,1.31216525,1.0683594
102,18,90,0.5,0.49202275,0.2861328
102,19,105,0,0.001004,0
102,20,120,0.375,0.2177425,0.19335938
102,21,135,1.1875,0.947776,0.9189453
102,22,150,2.0625,1.69368525,1.609375
102,23,165,2.78125,2.30097975,2.15625
102,24,180,2.96875,2.4867825,2.4072266
103,1,-165,2.03125,2.2297585,1.7265625
103,2,-150,3.25,3.47791875,2.8652344
103,3,-135,3.9375,4.26951,3.6289062
103,4,-120,3.84375,4.15197925,2.883789
103,5,-105,2.6875,3.10104225,1.7880859
103,6,-90,1.125,1.703788,0.640625
103,7,-75,0.15625,0.9463955,0.25683594
103,8,-60,0.0625,0.74967425,0.22851562
103,9,-45,0.15625,0.93240225,0.26171875
103,10,-30,1.0625,1.61487125,0.61328125
103,11,-15,2.59375,2.9907905,1.7001953
103,12,0,3.78125,4.06362725,2.7773438
103,13,15,3.9375,4.3040225,3.6357422
103,14,30,3.40625,3.64633975,3.0566406
103,15,45,2.25,2.50039925,2.03125
103,16,60,1.6875,1.8509995,1.0136719
103,17,75,0.09375,0.30873,0.17480469
103,18,90,0.09375,0,0
103,19,105,0.8125,0.435987,0.5703125
103,20,120,1.375,0.969111,0.9511719
103,21,135,1,0.5796845,0.7636719
103,22,150,0.21875,0.06645225,0.103515625
103,23,165,0,0.17475875,0.056640625
103,24,180,1.46875,1.71690275,0.9580078
104,1,-165,1.1875,1.1604985,1.9501953
104,2,-150,1.78125,1.78467275,2.5957031
104,3,-135,2.40625,2.389269,3.1523438
104,4,-120,2.5625,2.530582,3.2441406
104,5,-105,2.03125,2.01873025,2.7929688
104,6,-90,1.09375,1.1484505,1.9082031
104,7,-75,0,0.1185975,0
104,8,-60,0.1875,0,0.056640625
104,9,-45,1.03125,0.61815025,0.7910156
104,10,-30,2.25,1.7887515,1.8583984
104,11,-15,3.3125,2.850105,2.8154297
104,12,0,3.6875,3.23595475,3.243164
104,13,15,3.3125,2.850858,2.8115234
104,14,30,2.25,1.789379,1.8564453
104,15,45,1.03125,0.61865225,0.79296875
104,16,60,0.1875,0,0.056640625
104,17,75,0,0.11928775,0.002929688
104,18,90,1.09375,1.15001925,1.9130859
104,19,105,2.03125,2.0199225,2.7978516
104,20,120,2.5625,2.53252725,3.243164
104,21,135,2.40625,2.3881395,3.15625
104,22,150,1.78125,1.78668075,2.6035156
104,23,165,1.1875,1.15943175,1.9472656
104,24,180,0.96875,0.8886655,1.6162109
105,1,-165,0.90625,0.577049,0.6230469
105,2,-150,2.375,1.80638425,2.102539
105,3,-135,3.34375,2.64321825,3.0185547
105,4,-120,4.03125,3.2736675,3.7958984
105,5,-105,4.125,3.499693,3.7705078
105,6,-90,1.8125,1.54245775,2.1875
105,7,-75,0.125,0.46089875,0.33007812
105,8,-60,0,0.7802335,0
105,9,-45,1.40625,2.32093425,1.7558594
105,10,-30,3.6875,4.1893155,4.524414
105,11,-15,4.09375,4.6119995,5.2773438
105,12,0,5.40625,5.258701,6.9716797
105,13,15,4.0625,3.82831475,5.09375
105,14,30,2.40625,2.1486855,2.6611328
105,15,45,1.375,1.162381,1.0488281
105,16,60,1.375,1.09944275,0.43554688
105,17,75,0.8125,1.1409205,1.15625
105,18,90,2.53125,2.79168475,2.8642578
105,19,105,4.53125,4.682656,4.7314453
105,20,120,5.5,5.46972925,5.8154297
105,21,135,4.53125,4.43159325,4.709961
105,22,150,2.40625,2.370444,2.6416016
105,23,165,0.6875,0.6371635,0.8378906
105,24,180,0.125,0,0.052734375
106,1,-165,12.8125,12.0365795,9.580566
106,2,-150,13.09375,12.16452675,10.32666
106,3,-135,13.78125,12.63239075,11.543945
106,4,-120,14.703125,13.28649675,13.34082
106,5,-105,13.203125,11.696851,13.277832
106,6,-90,11.171875,9.7989145,10.8671875
106,7,-75,8.375,7.4405185,8.159668
106,8,-60,5.265625,4.8002495,5.3081055
106,9,-45,2.734375,2.52537375,2.8583984
106,10,-30,1.09375,0.98084525,1.109375
106,11,-15,0.234375,0.20663575,0.22558594
106,12,0,0,0,0
106,13,15,0.234375,0.192266,0.17529297
106,14,30,1.09375,0.98097075,1.1069336
106,15,45,2.75,2.51909875,2.8217773
106,16,60,5.265625,4.805897,5.3115234
106,17,75,8.375,7.4405185,8.156738
106,18,90,11.171875,9.804813,10.876953
106,19,105,13.203125,11.6967255,13.271973
106,20,120,14.484375,12.988246,14.495605
106,21,135,13.78125,12.63653225,11.547363
106,22,150,13.09375,12.16590725,10.325684
106,23,165,12.8125,12.0325635,9.56543
106,24,180,13.21875,12.741262,9.311523
107,1,-165,0,0,0
107,2,-150,0,0.1163385,0.041015625
107,3,-135,0.1875,0.38785775,0.3125
107,4,-120,0.5,0.7340495,0.44726562
107,5,-105,0.6875,1.04221475,0.69921875
107,6,-90,0.8125,1.18578675,0.7792969
107,7,-75,0.625,1.00293325,0.67871094
107,8,-60,0.4375,0.689497,0.4609375
107,9,-45,0.125,0.3306925,0.29101562
107,10,-30,0,0.08326925,0.013671875
107,11,-15,0.0625,0.0008785,0.010742188
107,12,0,0.1875,0.09255625,0.11816406
107,13,15,0.0625,0.00094125,0.010742188
107,14,30,0,0.0827045,0.017578125
107,15,45,0.125,0.3299395,0.28320312
107,16,60,0.4375,0.6911285,0.4638672
107,17,75,0.625,1.00318425,0.67871094
107,18,90,0.8125,1.18917525,0.7832031
107,19,105,0.6875,1.038136,0.7011719
107,20,120,0.5,0.733924,0.44726562
107,21,135,0.1875,0.38785775,0.31445312
107,22,150,0,0.115962,0.041015625
107,23,165,0,0.00031375,0.00390625
107,24,180,0.1875,0.09079925,0.1171875
108,1,-165,0.5,1.354145,1.9667969
108,2,-150,0.875,1.913373,2.5302734
108,3,-135,1.125,2.20735675,3.0507812
108,4,-120,1.03125,1.7689225,2.850586
108,5,-105,0.5625,0.7312885,0.95410156
108,6,-90,0,0.095882,0.27734375
108,7,-75,0.03125,0,0.043945312
108,8,-60,0.65625,0.22684125,0
108,9,-45,1.5625,1.12027575,0.6777344
108,10,-30,2.90625,2.4147455,2.1132812
108,11,-15,4.25,3.82630675,3.8076172
108,12,0,5.34375,5.06687425,5.2460938
108,13,15,4.28125,4.02447125,3.7490234
108,14,30,2.9375,2.63907675,2.1591797
108,15,45,1.6875,1.37729975,0.8769531
108,16,60,0.78125,0.5927365,0.19824219
108,17,75,0.28125,0.385787,0.34570312
108,18,90,0.3125,0.63270825,1.0917969
108,19,105,0.8125,1.30777275,2.2998047
108,20,120,1.125,2.039375,3.0878906
108,21,135,1.15625,2.3309115,3.196289
108,22,150,0.90625,1.90188975,2.5800781
108,23,165,0.53125,1.3462385,2.0146484
108,24,180,0.34375,1.1050275,1.71875
109,1,-165,4.15625,4.34449625,5.544922
109,2,-150,4.15625,4.41389775,5.5
109,3,-135,4.1875,4.46911775,5.40625
109,4,-120,4.3125,4.48894675,5.265625
109,5,-105,4.5,4.5181255,5.1171875
109,6,-90,4.75,4.65674025,5.1054688
109,7,-75,5.03125,4.9603875,5.3867188
109,8,-60,5.46875,5.400516,5.748047
109,9,-45,5.96875,5.85049625,6.1015625
109,10,-30,5.96875,5.7046025,6.453125
109,11,-15,6.0625,5.7407465,6.5546875
109,12,0,1.34375,1.07020125,1.4492188
109,13,15,0.4375,0.34594075,0.43945312
109,14,30,0,0,0
109,15,45,0,0.08276725,0.21289062
109,16,60,0.6875,0.69307375,0.95703125
109,17,75,2.15625,1.89260275,2
109,18,90,4.75,4.65510875,5.1054688
109,19,105,4.5,4.51555275,5.1152344
109,20,120,4.3125,4.491645,5.2695312
109,21,135,4.1875,4.47012175,5.4003906
109,22,150,4.15625,4.41402325,5.5
109,23,165,4.15625,4.3444335,5.5410156
109,24,180,4.09375,4.24823775,5.6464844
110,1,-165,7.40625,6.82186625,5.694336
110,2,-150,7.9375,7.52077575,7.225586
110,3,-135,7.59375,7.087236,7.1601562
110,4,-120,6.3125,5.72750625,6.022461
110,5,-105,5.0625,4.40009275,5.1728516
110,6,-90,4.40625,3.85868575,5.069336
110,7,-75,4.78125,4.50915225,4.6992188
110,8,-60,3.25,3.0731185,2.9951172
110,9,-45,1.96875,1.84943075,1.6611328
110,10,-30,1.53125,1.499976,1.3867188
110,11,-15,1.09375,1.665385,0.78515625
110,12,0,0.90625,1.296917,0.78222656
110,13,15,0.03125,0.1718095,0.06640625
110,14,30,0,0,0
110,15,45,0.875,0.7907755,0.65527344
110,16,60,2.4375,2.233147,1.7705078
110,17,75,3.8125,3.63215825,2.7070312
110,18,90,6.625,6.572686,4.9521484
110,19,105,6.875,6.6016765,4.6367188
110,20,120,6.5,6.4254745,4.395508
110,21,135,6.375,6.2723645,3.9658203
110,22,150,6.3125,6.048347,3.6699219
110,23,165,6.4375,6.00900275,3.9697266
110,24,180,6.78125,6.22298025,4.676758
111,1,-165,2.6875,3.03264475,3.5898438
111,2,-150,1.4375,1.70297225,1.9882812
111,3,-135,0.375,0.47633525,0.58203125
111,4,-120,0,0.0006275,0
111,5,-105,0.3125,0.38898725,0.47753906
111,6,-90,1.3125,1.551682,1.7822266
111,7,-75,2.5625,2.89522225,3.4101562
111,8,-60,3.34375,3.5944455,4.251953
111,9,-45,2.78125,3.106878,3.6523438
111,10,-30,1.46875,1.742944,1.9931641
111,11,-15,0.375,0.477904,0.5654297
111,12,0,0,0,0
111,13,15,0.375,0.47796675,0.5644531
111,14,30,1.46875,1.7458305,1.9960938
111,15,45,2.78125,3.1067525,3.6533203
111,16,60,3.34375,3.59463375,4.251953
111,17,75,2.5625,2.8954105,3.4101562
111,18,90,1.3125,1.54936025,1.7802734
111,19,105,0.3125,0.38886175,0.47753906
111,20,120,0,0.0006275,0
111,21,135,0.375,0.4762725,0.5830078
111,22,150,1.4375,1.70146625,1.9794922
111,23,165,2.6875,3.032582,3.5898438
111,24,180,3.34375,3.60630525,4.2617188
112,1,-165,6.03125,7.7720895,7.1777344
112,2,-150,5.65625,7.219011,5.486328
112,3,-135,4.84375,6.07388625,4.158203
112,4,-120,4.25,4.74396275,3.0498047
112,5,-105,4.09375,3.83019725,2.397461
112,6,-90,4.21875,3.40607,2.3076172
112,7,-75,4.65625,3.858874,2.9179688
112,8,-60,3.3125,2.71582,2.2216797
112,9,-45,2.09375,1.7480895,1.7646484
112,10,-30,1.28125,0.9940855,1.7998047
112,11,-15,0.8125,0.483175,1.2255859
112,12,0,0.46875,0.482422,0.5644531
112,13,15,0,0,0.010742188
112,14,30,0.25,0.127006,0
112,15,45,1.28125,0.86475775,0.6894531
112,16,60,2.6875,1.95108575,1.8232422
112,17,75,4.09375,3.12815025,2.7607422
112,18,90,4.21875,3.40625825,2.3076172
112,19,105,4.09375,3.83019725,2.3984375
112,20,120,4.25,4.744653,3.0507812
112,21,135,4.84375,6.072694,4.1435547
112,22,150,5.65625,7.22032875,5.4853516
112,23,165,6.03125,7.771964,7.1777344
112,24,180,6.25,8.2073235,7.0527344
113,1,-165,0,0.109687,0
113,2,-150,0.0625,0.56907975,0.328125
113,3,-135,0.1875,0.92010325,0.9511719
113,4,-120,0.25,0.96465575,1.4814453
113,5,-105,0.3125,0.74603475,1.5761719
113,6,-90,0.5625,0.68453975,1.6181641
113,7,-75,1.6875,1.42637025,2.9550781
113,8,-60,2.1875,1.7345355,3.1660156
113,9,-45,3.6875,3.16278825,4.541992
113,10,-30,5.5,4.9852365,6.446289
113,11,-15,6.875,6.27895325,8.025391
113,12,0,7.375,6.6596575,8.660156
113,13,15,6.875,6.2783885,8.024414
113,14,30,5.5,4.9852365,6.448242
113,15,45,3.6875,3.14659875,4.504883
113,16,60,2.4375,2.07068725,3.6435547
113,17,75,1.25,1.160373,2.4726562
113,18,90,0.5625,0.6851045,1.6210938
113,19,105,0.3125,0.7455955,1.5742188
113,20,120,0.25,0.964593,1.4794922
113,21,135,0.1875,0.91935025,0.9511719
113,22,150,0.0625,0.56977,0.32714844
113,23,165,0,0.1100635,0.00390625
113,24,180,0.125,0,0.046875
114,1,-165,2.75,3.482123,2.7480469
114,2,-150,2,2.51382775,2.2451172
114,3,-135,1.21875,1.6002505,1.6386719
114,4,-120,0.53125,0.88069625,1.0849609
114,5,-105,0.0625,0.15856925,0.4111328
114,6,-90,0,0.003765,0.004882813
114,7,-75,0.125,0.256522,0.51171875
114,8,-60,0.71875,1.095615,1.1855469
114,9,-45,1.375,1.75957275,1.7324219
114,10,-30,2.15625,2.68864925,2.334961
114,11,-15,2.8125,3.5535325,2.7734375
114,12,0,3.0625,3.903301,2.9052734
114,13,15,2.8125,3.552403,2.7675781
114,14,30,2.15625,2.69002975,2.336914
114,15,45,1.375,1.75982375,1.7353516
114,16,60,0.71875,1.092101,1.1806641
114,17,75,0.125,0.25853,0.51464844
114,18,90,0,0,0
114,19,105,0.0625,0.1575025,0.40820312
114,20,120,0.53125,0.87919025,1.0859375
114,21,135,1.21875,1.6010035,1.6425781
114,22,150,2,2.5136395,2.2539062
114,23,165,2.75,3.4814955,2.7441406
114,24,180,3.0625,3.90261075,2.9052734
115,1,-165,3.3125,3.12978175,4.071289
115,2,-150,3,2.641273,2.9042969
115,3,-135,1.65625,1.63903,2.3291016
115,4,-120,0.53125,0.54749375,1.0996094
115,5,-105,0,0.015311,0
115,6,-90,0.5,0.3620675,0.5185547
115,7,-75,0.40625,0.20814175,0.44140625
115,8,-60,1.6875,1.13452,1.2324219
115,9,-45,3.15625,2.5302055,2.5214844
115,10,-30,4.0625,3.413851,3.4638672
115,11,-15,4.125,3.543367,3.6220703
115,12,0,3.875,3.483127,3.8085938
115,13,15,3.34375,3.177409,4.1035156
115,14,30,3.09375,2.707035,2.9824219
115,15,45,1.78125,1.7242445,2.3789062
115,16,60,0.53125,0.51222825,1.0478516
115,17,75,0,0,0.0078125
115,18,90,0.59375,0.44671725,0.5136719
115,19,105,0.5,0.28582625,0.48535156
115,20,120,1.6875,1.150333,1.2207031
115,21,135,3,2.37966825,2.3798828
115,22,150,4,3.35367375,3.397461
115,23,165,4.125,3.54230025,3.600586
115,24,180,3.875,3.47465575,3.758789
116,1,-165,6.5,5.5778475,5.4257812
116,2,-150,7.09375,5.98126725,5.7373047
116,3,-135,8.15625,6.75560225,6.6289062
116,4,-120,9.3125,7.51148875,7.495117
116,5,-105,10.1875,8.07561125,8.181641
116,6,-90,10.125,7.97533675,8.568359
116,7,-75,8.46875,6.856316,7.713867
116,8,-60,6.03125,4.97475725,5.963867
116,9,-45,3.59375,2.96399625,3.788086
116,10,-30,1.625,1.3126045,1.8701172
116,11,-15,0.40625,0.32874725,0.55859375
116,12,0,0,0,0
116,13,15,0.40625,0.327304,0.5595703
116,14,30,1.625,1.31693425,1.8710938
116,15,45,3.59375,2.95621525,3.7802734
116,16,60,6.03125,4.97638875,5.979492
116,17,75,8.5,6.8559395,7.7148438
116,18,90,10.09375,7.98926725,8.555664
116,19,105,10.1875,8.0755485,8.177734
116,20,120,9.3125,7.51098675,7.484375
116,21,135,8.15625,6.75359425,6.629883
116,22,150,7.09375,5.98063975,5.729492
116,23,165,6.46875,5.5914015,5.4404297
116,24,180,6.34375,5.52745925,5.3535156
117,1,-165,0.34375,0.22841,0.26171875
117,2,-150,1.3125,1.046168,1.015625
117,3,-135,2.84375,2.43827675,2.1796875
117,4,-120,4.90625,4.26856875,3.7519531
117,5,-105,7.25,6.3228155,5.7226562
117,6,-90,9.28125,8.174819,7.0390625
117,7,-75,10.1875,9.2118255,7.9414062
117,8,-60,10.34375,9.59453775,8.890625
117,9,-45,10.5625,10.0054875,9.878906
117,10,-30,11.15625,10.70370675,11.037109
117,11,-15,11.59375,10.92270425,11.25
117,12,0,11.25,10.51784125,10.994141
117,13,15,10.625,9.912994,10.376953
117,14,30,10.15625,9.43402325,9.744141
117,15,45,10.03125,9.23761575,9.3125
117,16,60,10.15625,9.23447825,8.873047
117,17,75,10.09375,9.08299975,8.058594
117,18,90,9.21875,8.157751,6.8691406
117,19,105,7.1875,6.3765295,5.609375
117,20,120,4.96875,4.414839,3.7929688
117,21,135,2.96875,2.64008075,2.2832031
117,22,150,1.40625,1.24991725,1.1425781
117,23,165,0.40625,0.356671,0.34375
117,24,180,0,0,0
118,1,-165,0.0625,0.32121725,0.03515625
118,2,-150,0.125,0,0.1171875
118,3,-135,0.5625,0.01223625,0.6738281
118,4,-120,1.75,0.762287,1.7324219
118,5,-105,3.25,1.96903225,2.9140625
118,6,-90,4.625,3.126456,3.4589844
118,7,-75,5.625,4.105105,3.6484375
118,8,-60,6.75,5.38263225,4.076172
118,9,-45,8.25,7.17251325,5.2089844
118,10,-30,9.9375,9.38809025,7.0351562
118,11,-15,11.5,11.6076205,8.931641
118,12,0,12.1875,12.65887125,9.863281
118,13,15,11.5,11.59814525,8.921875
118,14,30,9.9375,9.3965615,7.0371094
118,15,45,8.25,7.17163475,5.216797
118,16,60,6.75,5.38275775,4.0742188
118,17,75,5.625,4.10466575,3.6464844
118,18,90,4.625,3.1248245,3.453125
118,19,105,3.25,1.9689695,2.921875
118,20,120,1.75,0.762287,1.7285156
118,21,135,0.5625,0.0126755,0.67578125
118,22,150,0.125,0.00031375,0.11328125
118,23,165,0.0625,0.3201505,0.041015625
118,24,180,0,0.3695975,0
119,1,-165,4.90625,3.20269725,2.3310547
119,2,-150,3.34375,2.2608825,2.9414062
119,3,-135,1.75,1.07760575,1.1748047
119,4,-120,0.5625,0.33401825,0.12109375
119,5,-105,0,0.0003765,0.00390625
119,6,-90,0.25,0.24102275,0.5605469
119,7,-75,1.28125,1.0096475,1.3925781
119,8,-60,2.65625,1.96351025,2.1289062
119,9,-45,3.65625,2.69392025,2.6748047
119,10,-30,4.28125,3.259988,2.7451172
119,11,-15,4.875,3.77849125,2.8828125
119,12,0,5.5,4.2759105,3.180664
119,13,15,4.875,3.77874225,2.8798828
119,14,30,4.28125,3.26218425,2.7529297
119,15,45,3.625,2.6958655,2.6767578
119,16,60,2.65625,1.9604355,2.1220703
119,17,75,1.28125,1.009522,1.390625
119,18,90,0.25,0.23845,0.5566406
119,19,105,0,0,0
119,20,120,0.5625,0.33376725,0.12792969
119,21,135,1.75,1.0819355,1.1884766
119,22,150,3.34375,2.26056875,2.9394531
119,23,165,4.90625,3.2033875,2.3330078
119,24,180,5.375,3.66591775,2.4101562
120,1,-165,0,0.1158365,0.05859375
120,2,-150,0.28125,0.64776825,0.62597656
120,3,-135,1,1.5028625,1.5869141
120,4,-120,2.0625,2.61209425,2.9326172
120,5,-105,3.3125,3.78501725,4.2539062
120,6,-90,4.6875,4.93033025,5.4814453
120,7,-75,3.15625,3.729609,4.2685547
120,8,-60,1.875,2.49261825,2.8291016
120,9,-45,0.84375,1.36136125,1.4375
120,10,-30,0.21875,0.5535805,0.5234375
120,11,-15,0,0.08427325,0.032226562
120,12,0,0.09375,0.00495725,0.006835938
120,13,15,0,0.08515175,0.033203125
120,14,30,0.21875,0.55552575,0.5390625
120,15,45,0.84375,1.35998075,1.4326172
120,16,60,1.875,2.48998275,2.828125
120,17,75,3.15625,3.72766375,4.2685547
120,18,90,4.6875,4.930393,5.475586
120,19,105,3.3125,3.78564475,4.248047
120,20,120,2.0625,2.61560825,2.9365234
120,21,135,1,1.50418025,1.5908203
120,22,150,0.28125,0.6441915,0.6191406
120,23,165,0,0.117217,0.060546875
120,24,180,0.09375,0,0
121,1,-165,1.125,0.81129475,0.71484375
121,2,-150,0.5625,0.43667725,0.2626953
121,3,-135,0.21875,0.158883,0
121,4,-120,0,0.00169425,0.01171875
121,5,-105,0.0625,0.04398775,0.057617188
121,6,-90,1.1875,1.04874075,0.72265625
121,7,-75,0.90625,0.88144925,0.4892578
121,8,-60,0.78125,0.821523,0.5185547
121,9,-45,0.8125,0.82572725,0.48828125
121,10,-30,1.03125,0.90165475,0.75097656
121,11,-15,1.40625,1.057463,0.8613281
121,12,0,2.125,1.54509325,0.7265625
121,13,15,1.40625,1.05664725,0.8564453
121,14,30,1.03125,0.898078,0.74609375
121,15,45,0.8125,0.82547625,0.49121094
121,16,60,0.78125,0.8183855,0.5136719
121,17,75,0.90625,0.880508,0.48828125
121,18,90,1.1875,1.047674,0.71972656
121,19,105,0.0625,0.04122675,0.052734375
121,20,120,0,0,0.005859375
121,21,135,0.21875,0.15743975,0.005859375
121,22,150,0.5625,0.440254,0.26464844
121,23,165,1.125,0.805961,0.70410156
121,24,180,1.71875,1.04334425,0.66503906
122,1,-165,0.28125,0.12380575,0.11425781
122,2,-150,1.40625,1.15303125,1.1923828
122,3,-135,2.40625,2.0666085,2.178711
122,4,-120,2.84375,2.389269,2.5488281
122,5,-105,2.40625,2.021303,2.1201172
122,6,-90,1.40625,1.14198725,1.171875
122,7,-75,0.3125,0.151102,0.123046875
122,8,-60,0,0,0
122,9,-45,0.28125,0.131022,0.10449219
122,10,-30,1.4375,1.161126,1.1875
122,11,-15,2.40625,2.06127475,2.1777344
122,12,0,2.875,2.39610875,2.5732422
122,13,15,2.40625,2.06516525,2.1835938
122,14,30,1.46875,1.170915,1.2255859
122,15,45,0.28125,0.130771,0.11621094
122,16,60,0,0.0023845,0.00390625
122,17,75,0.3125,0.14990975,0.12207031
122,18,90,1.40625,1.140293,1.1738281
122,19,105,2.375,2.0239385,2.1357422
122,20,120,2.84375,2.38795125,2.5498047
122,21,135,2.40625,2.06993425,2.1855469
122,22,150,1.40625,1.15190175,1.1904297
122,23,165,0.28125,0.1263785,0.11621094
122,24,180,0.03125,0.030371,0.02734375
123,1,-165,1.03125,1.21076125,0.9941406
123,2,-150,0.59375,0.4905795,0.23632812
123,3,-135,0.71875,0.273088,0.00390625
123,4,-120,1.40625,0.6351555,0.14941406
123,5,-105,2.4375,1.32684875,0.6386719
123,6,-90,3.21875,1.92121675,1.2070312
123,7,-75,3.28125,2.028331,1.5390625
123,8,-60,2.5625,1.55776875,1.3447266
123,9,-45,1.4375,0.7626635,0.8017578
123,10,-30,0.46875,0.140811,0.5175781
123,11,-15,0.03125,0,0.7705078
123,12,0,0,0.081826,1.0361328
123,13,15,0.03125,0.0006275,0.7714844
123,14,30,0.46875,0.1404345,0.5126953
123,15,45,1.4375,0.76247525,0.8017578
123,16,60,2.5625,1.5565765,1.3427734
123,17,75,3.28125,2.028582,1.53125
123,18,90,3.21875,1.922911,1.2119141
123,19,105,2.4375,1.3269115,0.6386719
123,20,120,1.40625,0.63860675,0.15527344
123,21,135,0.71875,0.27302525,0
123,22,150,0.59375,0.49051675,0.234375
123,23,165,1.03125,1.21339675,0.9980469
123,24,180,1.375,1.6865945,1.4746094
124,1,-165,1.03125,2.33875525,2.9853516
124,2,-150,0,0.64325025,1.5039062
124,3,-135,0.03125,0.0759275,0.7783203
124,4,-120,0.875,0.39488575,0.6689453
124,5,-105,1.8125,1.00117625,1.0371094
124,6,-90,2.0625,1.15541575,1.2089844
124,7,-75,1.40625,0.65228625,0.43359375
124,8,-60,0.40625,6.27E-05,0
124,9,-45,0.375,0.3495175,0.85253906
124,10,-30,2.03125,2.3969245,3.071289
124,11,-15,5.21875,6.0336635,6.25
124,12,0,9.5,10.93751325,9.895508
124,13,15,5.21875,6.10576325,6.5683594
124,14,30,2.03125,2.39472825,3.0644531
124,15,45,0.375,0.34744675,0.8496094
124,16,60,0.40625,0,0.008789063
124,17,75,1.40625,0.64576025,0.4033203
124,18,90,2.0625,1.15679625,1.2109375
124,19,105,1.8125,1.0016155,1.0380859
124,20,120,0.90625,0.39739575,0.6748047
124,21,135,0.03125,0.07147225,0.7763672
124,22,150,0.15625,0.85873375,1.4746094
124,23,165,1.03125,2.33681,2.984375
124,24,180,2.5,4.491394,4.211914
125,1,-165,1.890625,1.92824475,2.211914
125,2,-150,0.96875,1.09241475,1.3359375
125,3,-135,0.234375,0.3936935,0.37304688
125,4,-120,0,0.149094,0
125,5,-105,0.421875,0.49704275,0.52441406
125,6,-90,1.53125,1.48046075,1.7949219
125,7,-75,2.703125,2.55135225,2.8701172
125,8,-60,2.96875,2.81377275,3.116211
125,9,-45,2.421875,2.17384825,2.4814453
125,10,-30,1.53125,1.15139975,1.4013672
125,11,-15,0.8125,0.3123695,0.55566406
125,12,0,0.546875,0,0.22265625
125,13,15,0.8125,0.3123695,0.5546875
125,14,30,1.53125,1.1517135,1.3994141
125,15,45,2.421875,2.17366,2.4814453
125,16,60,2.96875,2.8135845,3.116211
125,17,75,2.703125,2.5530465,2.8789062
125,18,90,1.53125,1.484665,1.7988281
125,19,105,0.421875,0.49698,0.5234375
125,20,120,0,0.1492195,0
125,21,135,0.234375,0.39363075,0.3720703
125,22,150,0.96875,1.09254025,1.3369141
125,23,165,1.890625,1.92811925,2.2109375
125,24,180,2.390625,2.33662175,2.4101562
126,1,-165,0.0625,0.00119225,0.004882813
126,2,-150,0.46875,0.13409675,0.28222656
126,3,-135,1.53125,0.86362825,1.1416016
126,4,-120,3.1875,2.18790425,2.4638672
126,5,-105,5.09375,3.79543375,3.9316406
126,6,-90,6.625,5.042088,5.2646484
126,7,-75,5.1875,3.88579375,4.0595703
126,8,-60,3.25,2.2664045,2.6035156
126,9,-45,1.5625,0.904604,1.2050781
126,10,-30,0.5,0.14765075,0.29882812
126,11,-15,0.0625,0.00056475,0.009765625
126,12,0,0,0.0801945,0.001953125
126,13,15,0.0625,0,0.008789063
126,14,30,0.5,0.148592,0.30078125
126,15,45,1.5625,0.904604,1.2080078
126,16,60,3.25,2.2684125,2.6035156
126,17,75,5.1875,3.8866095,4.057617
126,18,90,6.625,5.0429665,5.270508
126,19,105,5.09375,3.79468075,3.9248047
126,20,120,3.15625,2.1837,2.4658203
126,21,135,1.53125,0.86312625,1.140625
126,22,150,0.46875,0.1359165,0.28710938
126,23,165,0.0625,0.000753,0.004882813
126,24,180,0,0.0811985,0
127,1,-165,2.5625,2.064977,2.1386719
127,2,-150,2.65625,2.467581,2.5058594
127,3,-135,3.90625,3.5593055,4.0927734
127,4,-120,4,3.7701455,3.8730469
127,5,-105,2.96875,2.72014975,3.34375
127,6,-90,1.40625,1.42448775,1.8964844
127,7,-75,0.34375,0.29523875,0.55371094
127,8,-60,0.125,0.1534865,0.24121094
127,9,-45,1.375,1.3748525,1.7011719
127,10,-30,3.34375,3.47277325,3.7148438
127,11,-15,5.1875,5.23429125,4.935547
127,12,0,5.65625,5.70253175,5.166992
127,13,15,4.375,4.460019,4.536133
127,14,30,2.5,2.56227075,2.991211
127,15,45,0.6875,0.777096,1.0390625
127,16,60,0.34375,0.32824525,0.72558594
127,17,75,0.78125,0.694768,0.99316406
127,18,90,2.21875,2.03316275,2.5058594
127,19,105,3.75,3.3313975,3.6816406
127,20,120,4.09375,3.7786795,4.3378906
127,21,135,3.28125,3.10028925,3.4765625
127,22,150,1.75,1.70861975,1.8134766
127,23,165,0.4375,0.447784,0.45507812
127,24,180,0,0,0
128,1,-165,2.3125,1.75430175,1.8320312
128,2,-150,1.34375,1.1848455,1.4003906
128,3,-135,0.5625,0.6921325,0.8984375
128,4,-120,0.15625,0.467111,0.5996094
128,5,-105,0.28125,0.72457425,0.60546875
128,6,-90,0.84375,1.31022,0.83984375
128,7,-75,1.5,1.83499825,1.1621094
128,8,-60,2,2.21476125,1.5605469
128,9,-45,2.40625,2.4895435,1.9804688
128,10,-30,2.78125,2.6903435,2.2539062
128,11,-15,3.15625,2.78992775,2.3222656
128,12,0,3.34375,2.80373275,2.1757812
128,13,15,3.375,2.8236245,1.9453125
128,14,30,2.53125,2.33348425,1.5839844
128,15,45,2,1.990179,1.3789062
128,16,60,1.46875,1.56981675,1.046875
128,17,75,0.96875,1.1138125,0.6582031
128,18,90,0.4375,0.55803575,0.234375
128,19,105,0,0.15380025,0.044921875
128,20,120,0.09375,0,0
128,21,135,0.59375,0.253008,0.31445312
128,22,150,1.28125,0.82811175,0.9199219
128,23,165,2.28125,1.43766525,1.3964844
128,24,180,3.15625,2.06202775,1.8007812
129,1,-165,1.34375,1.02853525,0.53515625
129,2,-150,0.96875,0.471378,0
129,3,-135,1.28125,0.56267925,0.32226562
129,4,-120,2.09375,1.0995055,1.2763672
129,5,-105,0.9375,0.57347225,0.81640625
129,6,-90,1.3125,0.9955915,1.4951172
129,7,-75,1,0.850639,1.2402344
129,8,-60,0.34375,0.346129,0.7128906
129,9,-45,0,0,0.33691406
129,10,-30,0.28125,0.214856,0.68066406
129,11,-15,1.3125,1.0698875,1.875
129,12,0,2.9375,2.4764915,2.2402344
129,13,15,1.65625,1.294658,0.8154297
129,14,30,1,0.58752825,0.078125
129,15,45,1.0625,0.503506,0.16210938
129,16,60,1.71875,0.98649275,1.0214844
129,17,75,0.71875,0.53644975,0.7548828
129,18,90,1.3125,0.971119,1.4414062
129,19,105,1.15625,0.88734775,1.3017578
129,20,120,0.5625,0.45324325,0.80859375
129,21,135,0.09375,0.05766725,0.3720703
129,22,150,0.09375,0.07611575,0.5107422
129,23,165,0.875,0.79259525,1.4521484
129,24,180,2.5,2.20308975,1.8046875
130,1,-165,4.03125,3.824738,3.0585938
130,2,-150,5.6875,5.65672425,5.21875
130,3,-135,4,3.77422425,2.9472656
130,4,-120,10.15625,7.7218895,7.8984375
130,5,-105,10,7.635671,7.3007812
130,6,-90,8.53125,6.836487,6.1972656
130,7,-75,6.6875,5.7053555,5.09375
130,8,-60,5.21875,4.91627425,4.1796875
130,9,-45,4.25,4.49020175,3.4746094
130,10,-30,5.78125,5.90923025,3.5039062
130,11,-15,4.15625,4.09475125,2.9433594
130,12,0,0,0,0.0078125
130,13,15,3.9375,3.751948,2.9140625
130,14,30,2.75,2.72554625,1.40625
130,15,45,3.65625,3.52146725,2.6601562
130,16,60,10.09375,7.71015525,7.9140625
130,17,75,10.03125,7.6239995,7.326172
130,18,90,8.71875,6.86880325,6.1933594
130,19,105,7.03125,5.839264,5.138672
130,20,120,5.53125,5.017239,4.28125
130,21,135,4.46875,4.55508525,3.6035156
130,22,150,5.8125,5.8750315,3.6640625
130,23,165,4.09375,4.0035755,3.0117188
130,24,180,0,0.004267,0
131,1,-165,6.046875,6.10312775,2.8828125
131,2,-150,6.546875,6.5075515,3.8598633
131,3,-135,7.703125,7.4658695,5.604004
131,4,-120,9.5,8.93058,7.85791
131,5,-105,11.5625,10.58435625,10.458984
131,6,-90,9.375,8.39551075,9.941406
131,7,-75,6.1875,5.69926875,7.0620117
131,8,-60,3.65625,3.57467925,4.3876953
131,9,-45,1.8125,1.9150045,2.1791992
131,10,-30,0.609375,0.646325,0.6142578
131,11,-15,0,0.00119225,0
131,12,0,0.15625,0.0330065,0.068847656
131,13,15,0,0,0.005859375
131,14,30,0.609375,0.6472035,0.6201172
131,15,45,1.8125,1.91262,2.1933594
131,16,60,3.65625,3.57756575,4.3881836
131,17,75,6.1875,5.6827655,7.055664
131,18,90,9.375,8.39563625,9.9453125
131,19,105,11.5625,10.591698,10.458008
131,20,120,9.5,8.92838375,7.8500977
131,21,135,7.703125,7.47032475,5.609375
131,22,150,6.546875,6.505418,3.8613281
131,23,165,6.046875,6.10275125,2.878418
131,24,180,6.859375,6.793064,2.6958008
132,1,-165,0.625,0.08534,0.23144531
132,2,-150,2.375,2.0299625,2.3115234
132,3,-135,4.5625,4.78908,5.243164
132,4,-120,5.75,6.2053475,6.415039
132,5,-105,7.1875,8.62185,8.799805
132,6,-90,7.75,9.6691475,9.016602
132,7,-75,5.75,7.2093475,7.4853516
132,8,-60,5.125,6.2128775,6.432617
132,9,-45,6.75,7.40199,7.6015625
132,10,-30,5.6875,6.823435,6.1777344
132,11,-15,6,6.82218,5.645508
132,12,0,4.9375,5.51447,4.2353516
132,13,15,4.375,4.8813225,3.8066406
132,14,30,3.9375,4.4031675,3.703125
132,15,45,2.625,3.6024775,3.3134766
132,16,60,0.4375,1.903835,1.78125
132,17,75,0,1.6810725,1.3837891
132,18,90,1.0625,3.0954575,2.399414
132,19,105,2.25,4.2952375,3.5791016
132,20,120,3.25,4.8694,4.772461
132,21,135,2.6875,4.3328875,4.9628906
132,22,150,3.1875,4.1634625,4.9335938
132,23,165,1.75,1.83481,2.078125
132,24,180,0.375,0,0
133,1,-165,8.6875,7.826933,7.6289062
133,2,-150,4.3125,3.7159295,3.3007812
133,3,-135,1.96875,1.5590865,1.1679688
133,4,-120,0.9375,0.65190975,0.42773438
133,5,-105,0.59375,0.42211925,0.46679688
133,6,-90,0.4375,0.3289355,0.3828125
133,7,-75,0,0.00144325,0
133,8,-60,0.25,0.24591725,0.30078125
133,9,-45,1.71875,1.63369625,1.7109375
133,10,-30,4.46875,4.19176275,4.5683594
133,11,-15,8.6875,8.36225325,9.021484
133,12,0,14.46875,14.28133525,14.830078
133,13,15,8.6875,8.357798,8.998047
133,14,30,4.46875,4.20606975,4.5722656
133,15,45,1.71875,1.637775,1.7050781
133,16,60,0.25,0.2435955,0.29882812
133,17,75,0,0,0.00390625
133,18,90,0.4375,0.3289355,0.39257812
133,19,105,0.59375,0.42450375,0.46484375
133,20,120,0.9375,0.65128225,0.42382812
133,21,135,1.96875,1.55990225,1.1660156
133,22,150,4.3125,3.7191925,3.3007812
133,23,165,8.625,7.820156,7.6015625
133,24,180,15.46875,14.66787525,14.203125
134,1,-165,0.640625,0.6095535,0.5878906
134,2,-150,2.421875,2.29734025,2.1347656
134,3,-135,4.734375,4.55094375,4.109375
134,4,-120,6.890625,6.54501325,5.9467773
134,5,-105,8.5,7.9922165,7.0688477
134,6,-90,9.078125,8.5321175,7.385742
134,7,-75,8.328125,7.89200475,7.069336
134,8,-60,6.59375,6.3381265,5.9023438
134,9,-45,4.421875,4.3092935,3.979004
134,10,-30,2.25,2.15150925,1.9882812
134,11,-15,0.59375,0.56224,0.53222656
134,12,0,0,6.28E-05,0.003417969
134,13,15,0.59375,0.56224,0.53271484
134,14,30,2.25,2.1511955,1.9887695
134,15,45,4.421875,4.30885425,3.9785156
134,16,60,6.59375,6.32727075,5.8862305
134,17,75,8.328125,7.891942,7.069336
134,18,90,9.078125,8.5321175,7.385742
134,19,105,8.5,7.99215375,7.0688477
134,20,120,6.890625,6.5386755,5.9316406
134,21,135,4.734375,4.55295175,4.109375
134,22,150,2.421875,2.29558325,2.1357422
134,23,165,0.640625,0.60949075,0.5878906
134,24,180,0,0,0
135,1,-165,2,1.86160425,1.543457
135,2,-150,1.09375,1.050184,0.8852539
135,3,-135,0.328125,0.328057,0.25048828
135,4,-120,0,0,0
135,5,-105,0.203125,0.17814725,0.42285156
135,6,-90,0.921875,0.81505975,1.309082
135,7,-75,1.90625,1.692493,2.1923828
135,8,-60,2.015625,1.857651,1.8085938
135,9,-45,1.515625,1.31844025,1.2607422
135,10,-30,0.890625,0.62091125,0.6645508
135,11,-15,0.59375,0.23964225,0.2734375
135,12,0,0.84375,0.42864525,0.36865234
135,13,15,0.59375,0.239705,0.2734375
135,14,30,0.890625,0.62091125,0.6645508
135,15,45,1.515625,1.31818925,1.2583008
135,16,60,2.015625,1.856647,1.8085938
135,17,75,1.90625,1.69243025,2.192871
135,18,90,0.921875,0.81493425,1.3071289
135,19,105,0.203125,0.180469,0.42626953
135,20,120,0,0,0
135,21,135,0.328125,0.328559,0.25048828
135,22,150,1.09375,1.050184,0.8852539
135,23,165,2,1.8610395,1.5444336
135,24,180,2.46875,2.2729305,1.9916992
136,1,-165,4.5,4.58909575,3.7392578
136,2,-150,4.1875,4.151289,3.9550781
136,3,-135,4.3125,4.26179175,4.5166016
136,4,-120,4.875,4.8647565,5.2509766
136,5,-105,6.09375,5.96055975,6.395508
136,6,-90,7.84375,7.64740525,8.389648
136,7,-75,9.71875,9.483031,10.470703
136,8,-60,11.03125,10.790741,11.655273
136,9,-45,2.875,3.11058025,3.7363281
136,10,-30,0.6875,0.817256,0.96484375
136,11,-15,0,0.21717775,0.3232422
136,12,0,0,0,0
136,13,15,0,0.21491875,0.31933594
136,14,30,0.96875,1.25255275,1.5390625
136,15,45,2.875,3.11020375,3.7333984
136,16,60,11.03125,10.78779175,11.652344
136,17,75,9.71875,9.48296825,10.470703
136,18,90,7.84375,7.648221,8.390625
136,19,105,6.09375,5.96055975,6.395508
136,20,120,4.875,4.86481925,5.25
136,21,135,4.3125,4.26128975,4.515625
136,22,150,4.1875,4.149281,3.9472656
136,23,165,4.5,4.589033,3.741211
136,24,180,4.78125,4.91238375,3.6923828
137,1,-165,3.78125,4.0083445,3.8896484
137,2,-150,2.0625,2.08838275,1.8642578
137,3,-135,1.34375,1.15190175,0.93066406
137,4,-120,1.3125,0.92022875,0.85839844
137,5,-105,1.375,1.32245625,1.1699219
137,6,-90,1.21875,1.62227575,1.2392578
137,7,-75,1.15625,0.815248,0.5410156
137,8,-60,0.15625,0.0001255,0
137,9,-45,0,0.12895125,0.33789062
137,10,-30,0.90625,1.38552,1.6660156
137,11,-15,2.8125,3.700242,3.8515625
137,12,0,5.46875,6.81716,6.611328
137,13,15,2.8125,3.70055575,3.8417969
137,14,30,0.90625,1.385771,1.6650391
137,15,45,0,0.1271315,0.33203125
137,16,60,0.15625,0,0
137,17,75,1.15625,0.81531075,0.5390625
137,18,90,1.21875,1.62428375,1.2392578
137,19,105,1.375,1.32735075,1.1796875
137,20,120,1.3125,0.91985225,0.8564453
137,21,135,1.34375,1.14989375,0.92871094
137,22,150,2.0625,2.09013975,1.8671875
137,23,165,3.78125,4.0003125,3.8652344
137,24,180,6.5625,6.986334,6.654297
138,1,-165,2.625,1.0663735,1.546875
138,2,-150,2.5,1.3971915,1.7324219
138,3,-135,2.8125,2.16192575,2.5185547
138,4,-120,3.125,2.66053725,3.1445312
138,5,-105,2.625,1.92749175,2.586914
138,6,-90,1.125,0.8480035,2.2753906
138,7,-75,0.25,0.061244,1.0087891
138,8,-60,0,0,0.61816406
138,9,-45,0.21875,0.10937325,0
138,10,-30,1.125,1.13947725,0.22265625
138,11,-15,1.96875,2.18828075,0.87109375
138,12,0,2.71875,2.79971675,1.9072266
138,13,15,2.75,2.801913,2.7089844
138,14,30,2.6875,2.28755125,2.984375
138,15,45,2.625,1.892791,3.0917969
138,16,60,3.375,2.462059,2.9033203
138,17,75,5.03125,3.67809125,4.267578
138,18,90,7.625,5.8923505,6.8183594
138,19,105,10.59375,8.7577665,9.951172
138,20,120,11.875,10.47642625,11.691406
138,21,135,10.78125,9.319128,9.573242
138,22,150,8.4375,6.68080425,7.123047
138,23,165,5.59375,3.78966075,4.5058594
138,24,180,3.5625,1.99802275,2.828125
139,1,-165,0.84375,1.77074225,2.40625
139,2,-150,0.9375,1.13169625,1.4189453
139,3,-135,1.40625,1.6303705,1.9912109
139,4,-120,1,1.69293225,2.1640625
139,5,-105,0.4375,0.70825925,1.0527344
139,6,-90,0.1875,0.00131775,0.087890625
139,7,-75,0.5,0.26913475,0.14746094
139,8,-60,1.0625,0.439752,0.21972656
139,9,-45,2.625,1.78492375,1.5761719
139,10,-30,4.375,3.690955,3.8310547
139,11,-15,6.34375,5.63112225,5.6875
139,12,0,6.5,4.9636505,5.5117188
139,13,15,6.34375,5.64869225,5.7060547
139,14,30,4.375,3.6945945,3.8222656
139,15,45,2.625,1.785363,1.5761719
139,16,60,0.15625,0.049196,0
139,17,75,0,0.369472,0.2548828
139,18,90,0.1875,0,0.07910156
139,19,105,0.4375,0.70775725,1.0537109
139,20,120,1,1.69293225,2.1640625
139,21,135,1.375,2.35557225,2.993164
139,22,150,1.25,2.51395325,2.928711
139,23,165,0.84375,1.7714325,2.4072266
139,24,180,0.4375,1.45071725,2.2109375
140,1,-165,0.46875,0.3372185,0.41015625
140,2,-150,1.53125,1.19708175,1.3261719
140,3,-135,3.34375,2.66311,2.53125
140,4,-120,5.84375,4.712525,3.9960938
140,5,-105,8.75,6.9713995,5.7910156
140,6,-90,11.75,9.09856175,7.984375
140,7,-75,14.4375,10.743804,10.171875
140,8,-60,13.34375,10.3029225,12.193359
140,9,-45,12.78125,9.830917,11.65625
140,10,-30,12.90625,10.07394775,11.619141
140,11,-15,13.8125,10.97164925,12.318359
140,12,0,15,10.33260325,12.251953
140,13,15,14.875,10.3920275,10.720703
140,14,30,13.78125,9.37177525,9.5546875
140,15,45,13.09375,8.77389325,8.949219
140,16,60,12.8125,8.6109315,8.626953
140,17,75,12.875,8.7720735,8.376953
140,18,90,10.78125,7.692899,8.025391
140,19,105,7.625,5.45868525,5.7617188
140,20,120,4.96875,3.61007025,3.9238281
140,21,135,3.375,2.6541995,2.6679688
140,22,150,1.46875,1.047674,1.3203125
140,23,165,0.34375,0.1730645,0.33007812
140,24,180,0,0,0
141,1,-165,0.28125,0.2990665,0.8847656
141,2,-150,1,1.05991025,1.3642578
141,3,-135,1.8125,1.91054925,2.0126953
141,4,-120,1.53125,2.273558,2.0488281
141,5,-105,0.90625,1.58073525,1.4580078
141,6,-90,0.28125,0.789897,0.6201172
141,7,-75,0.125,0.343619,0
141,8,-60,0.6875,0.504259,0.103515625
141,9,-45,1.90625,1.33801825,1.1484375
141,10,-30,3.4375,2.56678875,2.7998047
141,11,-15,4.71875,3.721577,4.2539062
141,12,0,5.375,4.24560225,4.7197266
141,13,15,4.71875,3.72138875,4.2539062
141,14,30,3.4375,2.567981,2.796875
141,15,45,1.90625,1.33776725,1.1591797
141,16,60,0.6875,0.50451,0.1015625
141,17,75,0.125,0.3437445,0
141,18,90,0.28125,0.78744975,0.625
141,19,105,0.90625,1.583559,1.4667969
141,20,120,1.53125,2.2739345,2.0498047
141,21,135,1.8125,1.9114905,2.0166016
141,22,150,1,1.07409175,1.3330078
141,23,165,0.28125,0.298941,0.87890625
141,24,180,0,0,0.7636719
142,1,-165,0.5625,0.49817225,0.4638672
142,2,-150,1.96875,1.5590865,1.5283203
142,3,-135,4.875,4.1569365,3.8359375
142,4,-120,8.25,6.79111875,6.3867188
142,5,-105,11.5,9.26472375,8.755859
142,6,-90,13.34375,10.21074275,10.584961
142,7,-75,11.78125,9.41996725,10.102539
142,8,-60,9.1875,7.58779275,8.373047
142,9,-45,6.8125,5.824204,6.6796875
142,10,-30,5.25,4.6647095,5.7128906
142,11,-15,4.5,4.17984025,5.522461
142,12,0,4.40625,4.16390175,5.6123047
142,13,15,4.8125,4.499426,5.6953125
142,14,30,5.78125,5.2379935,5.993164
142,15,45,7.5,6.54212675,6.919922
142,16,60,9.1875,7.58271,8.350586
142,17,75,12.5625,10.207919,10.051758
142,18,90,13.25,10.13330925,10.472656
142,19,105,11.125,8.817128,8.928711
142,20,120,7.8125,6.30480625,6.536133
142,21,135,4.5,3.6328485,3.765625
142,22,150,1.96875,1.55362725,1.5224609
142,23,165,0.46875,0.35158825,0.2998047
142,24,180,0,0,0
143,1,-165,5.15625,4.8429195,5.2148438
143,2,-150,4.71875,4.59637475,6.1816406
143,3,-135,4.625,4.4117015,5.7871094
143,4,-120,5.09375,4.73994675,5.9609375
143,5,-105,6.3125,5.82451775,6.8085938
143,6,-90,8.59375,8.21416325,8.785156
143,7,-75,10.75,9.6104135,10.568359
143,8,-60,11.46875,10.5900665,11.349609
143,9,-45,3.28125,3.2493205,3.9804688
143,10,-30,1.28125,1.22720175,1.4238281
143,11,-15,0.1875,0.17199775,0.091796875
143,12,0,0,0,0
143,13,15,0.1875,0.1748215,0.095703125
143,14,30,1.3125,1.24163425,1.4375
143,15,45,3.28125,3.2473125,3.9941406
143,16,60,11.46875,10.58912525,11.3515625
143,17,75,10.75,9.61047625,10.566406
143,18,90,8.59375,8.21202975,8.777344
143,19,105,6.3125,5.82426675,6.8085938
143,20,120,5.09375,4.73994675,5.9609375
143,21,135,4.625,4.4109485,5.7851562
143,22,150,4.71875,4.597065,6.1875
143,23,165,5.15625,4.84197825,5.2128906
143,24,180,5.1875,5.0221335,5.5820312
144,1,-165,0.625,1.50254875,1.4482422
144,2,-150,0,0.41898175,0.35253906
144,3,-135,0.09375,0,0.000976563
144,4,-120,0.84375,0.34004225,0.8720703
144,5,-105,1.71875,0.9222995,1.8652344
144,6,-90,2.09375,1.1941325,2.3232422
144,7,-75,1.75,0.93353175,1.9023438
144,8,-60,0.90625,0.37380175,0.953125
144,9,-45,0.125,0.0051455,0.046875
144,10,-30,0,0.334081,0.24316406
144,11,-15,0.5625,1.39060275,1.3164062
144,12,0,1.03125,2.1579725,1.9052734
144,13,15,0.5625,1.39060275,1.3154297
144,14,30,0,0.334081,0.24316406
144,15,45,0.125,0.00558475,0.047851562
144,16,60,0.90625,0.376249,0.95214844
144,17,75,1.75,0.93353175,1.9023438
144,18,90,2.09375,1.1938815,2.3242188
144,19,105,1.71875,0.92223675,1.8652344
144,20,120,0.84375,0.34004225,0.8720703
144,21,135,0.09375,0.0006275,0
144,22,150,0,0.41898175,0.3564453
144,23,165,0.625,1.502737,1.4482422
144,24,180,1.03125,2.1609845,1.9101562
145,1,-165,3.90625,4.13039325,3.9492188
145,2,-150,2.46875,2.7932535,2.546875
145,3,-135,1.5625,1.9860375,1.7158203
145,4,-120,1.0625,1.51246325,1.3964844
145,5,-105,0.90625,1.2807275,1.0498047
145,6,-90,1.1875,1.43452775,0.99609375
145,7,-75,2.15625,2.31704375,2.0439453
145,8,-60,3.65625,3.78024825,3.3984375
145,9,-45,4.9375,4.93836225,4.1210938
145,10,-30,5.1875,5.26892925,4.4492188
145,11,-15,4.34375,4.2944845,4.0839844
145,12,0,3.09375,2.923899,3.0097656
145,13,15,1.875,1.6150595,1.7861328
145,14,30,0.9375,0.67738625,0.7451172
145,15,45,0.40625,0.20600825,0.2734375
145,16,60,0,0.052961,0.20214844
145,17,75,0,0,0
145,18,90,0.46875,0.347635,0.4111328
145,19,105,1.21875,0.94878,1.2167969
145,20,120,1.8125,1.56191025,1.7529297
145,21,135,2.46875,2.154584,2.084961
145,22,150,3.3125,3.03377425,2.671875
145,23,165,4.46875,4.4337895,3.7509766
145,24,180,5.03125,5.2058655,4.546875
146,1,-165,0,0.043423,0.15234375
146,2,-150,0.0625,0.000502,0
146,3,-135,0.71875,0.50632975,0.41601562
146,4,-120,1.875,1.46778525,1.2646484
146,5,-105,3.09375,2.43902975,1.9941406
146,6,-90,3.625,2.85857625,2.1328125
146,7,-75,3.0625,2.4340725,2.0351562
146,8,-60,1.875,1.46113375,1.3027344
146,9,-45,0.71875,0.5023765,0.44433594
146,10,-30,0.0625,0.0008785,0.009765625
146,11,-15,0,0.0360185,0.14257812
146,12,0,0.09375,0.20688675,0.3671875
146,13,15,0,0.03683425,0.14648438
146,14,30,0.0625,0,0.009765625
146,15,45,0.71875,0.50068225,0.4423828
146,16,60,1.875,1.46113375,1.3007812
146,17,75,3.0625,2.433947,2.0351562
146,18,90,3.625,2.85895275,2.1357422
146,19,105,3.09375,2.439971,1.9960938
146,20,120,1.875,1.46690675,1.2675781
146,21,135,0.71875,0.50632975,0.42285156
146,22,150,0.0625,0.00043925,0
146,23,165,0,0.043423,0.15234375
146,24,180,0.09375,0.20324725,0.3642578
147,1,-165,8.40625,8.43830625,9.43457
147,2,-150,8.03125,7.89727575,8.860352
147,3,-135,8.3125,7.99905625,8.636719
147,4,-120,8.96875,8.54648725,8.689453
147,5,-105,9.5625,8.9748815,8.080078
147,6,-90,9.0625,8.46466125,7.6777344
147,7,-75,7.5625,7.06721875,6.796875
147,8,-60,5.4375,5.02696525,5.2558594
147,9,-45,3.1875,2.85167375,3.209961
147,10,-30,1.3125,1.11098875,1.4716797
147,11,-15,0.1875,0.104667,0.35839844
147,12,0,0,0,0
147,13,15,0.1875,0.10542,0.35546875
147,14,30,1.3125,1.11023575,1.4765625
147,15,45,3.1875,2.855627,3.2128906
147,16,60,5.4375,5.02934975,5.2646484
147,17,75,7.5625,7.067909,6.796875
147,18,90,9.0625,8.46177475,7.6757812
147,19,105,9.5625,8.97933675,8.088867
147,20,120,8.96875,8.53996125,8.68457
147,21,135,8.3125,8.00583325,8.640625
147,22,150,8.03125,7.89451475,8.852539
147,23,165,8.40625,8.439875,9.457031
147,24,180,9.3125,9.38168975,8.990234
148,1,-165,0,0,0.029296875
148,2,-150,0.65625,0.46152625,0.6308594
148,3,-135,1.96875,1.75241925,1.7939453
148,4,-120,3.34375,3.2455555,3.006836
148,5,-105,1.8125,1.5779115,1.6582031
148,6,-90,0.5625,0.3926895,0.5751953
148,7,-75,0,0.018574,0.020507812
148,8,-60,0.71875,1.004502,0.84277344
148,9,-45,2.90625,3.3421905,3.1171875
148,10,-30,5.53125,6.102814,6.151367
148,11,-15,2.71875,3.127711,2.8066406
148,12,0,0.78125,1.00971025,0.8330078
148,13,15,0,0.06456975,0.005859375
148,14,30,0.34375,0.252255,0.49023438
148,15,45,1.46875,1.322268,1.5302734
148,16,60,2.90625,2.850858,2.734375
148,17,75,1.34375,1.18917525,1.4111328
148,18,90,0.28125,0.20437675,0.43847656
148,19,105,0.03125,0.0970115,0
148,20,120,0.9375,1.19168525,1.0126953
148,21,135,3.125,3.537845,3.3652344
148,22,150,5.4375,5.99180925,5.8320312
148,23,165,2.53125,2.944983,2.665039
148,24,180,0.59375,0.8336965,0.6845703
149,1,-165,6.375,5.6719725,5.6347656
149,2,-150,4.4375,3.73739,4.4194336
149,3,-135,2.4375,1.8630475,3.0512695
149,4,-120,1,0.53463,1.4814453
149,5,-105,0.25,0.03012,0.54052734
149,6,-90,0,0,0
149,7,-75,0.125,0.23845,0.18798828
149,8,-60,0.5625,0.6431875,1.2026367
149,9,-45,1.125,1.073025,2.102539
149,10,-30,1.625,1.344105,2.746582
149,11,-15,2,1.5016075,3.3515625
149,12,0,2.1875,1.564985,3.784668
149,13,15,2,1.5016075,3.3496094
149,14,30,1.625,1.344105,2.7524414
149,15,45,1.125,1.0723975,2.102539
149,16,60,0.5625,0.6431875,1.2026367
149,17,75,0.125,0.23845,0.18847656
149,18,90,0,0.0006275,0
149,19,105,0.25,0.0282375,0.5395508
149,20,120,1,0.5340025,1.4824219
149,21,135,2.4375,1.863675,3.0498047
149,22,150,4.4375,3.73739,4.4194336
149,23,165,6.375,5.6719725,5.6347656
149,24,180,7.25,6.617615,5.9467773
150,1,-165,0.34375,0.38308875,0.26367188
150,2,-150,0.0625,0.0719115,0.1484375
150,3,-135,0.6875,0.4940935,0.89160156
150,4,-120,1.6875,1.33513175,2.1503906
150,5,-105,2.59375,2.1903515,3.3652344
150,6,-90,3,2.85644275,3.7841797
150,7,-75,2.03125,2.29232025,2.3623047
150,8,-60,0.875,1.02728025,1.2529297
150,9,-45,0.125,0.16434225,0.46777344
150,10,-30,0.09375,0.1188485,0.2939453
150,11,-15,0.875,1.026088,0.92578125
150,12,0,2.5,2.831782,2.4580078
150,13,15,0.78125,0.88684575,0.6015625
150,14,30,0,0.10460425,0
150,15,45,0.03125,0.1815985,0.22265625
150,16,60,0.875,1.027092,1.1445312
150,17,75,2.125,2.2531015,2.3886719
150,18,90,3,2.78189575,3.7949219
150,19,105,2.59375,2.147556,3.2929688
150,20,120,1.5625,1.2895125,1.9638672
150,21,135,0.59375,0.43454375,0.84472656
150,22,150,0.125,0,0.25683594
150,23,165,0.34375,0.3889245,0.45996094
150,24,180,1.78125,1.67912725,1.3710938
151,1,-165,4.75,4.58608375,4.682617
151,2,-150,3.96875,3.8449435,4.1503906
151,3,-135,3.65625,3.52899725,3.7851562
151,4,-120,3.21875,3.088053,3.1699219
151,5,-105,1.21875,1.60621175,1.6767578
151,6,-90,0.6875,0.987434,1.2587891
151,7,-75,0.21875,0.454561,0.8330078
151,8,-60,0,0.0018825,0.001953125
151,9,-45,0.59375,0.36024775,0.4873047
151,10,-30,1.78125,1.585065,1.7021484
151,11,-15,3.09375,2.87551875,2.890625
151,12,0,5.4375,5.34987675,4.5009766
151,13,15,3.09375,2.8750795,2.8896484
151,14,30,1.78125,1.58186475,1.6992188
151,15,45,0.59375,0.3615655,0.47753906
151,16,60,0,0,0
151,17,75,0.21875,0.45361975,0.8310547
151,18,90,0.6875,0.990948,1.2392578
151,19,105,1.21875,1.607404,1.6757812
151,20,120,3.21875,3.03452725,3.1328125
151,21,135,3.65625,3.5301895,3.7822266
151,22,150,3.96875,3.84688875,4.147461
151,23,165,4.75,4.58633475,4.676758
151,24,180,6.125,5.97662375,6.0029297
152,1,-165,2.53125,2.236661,2.3222656
152,2,-150,1.78125,1.45259975,1.6201172
152,3,-135,1.109375,0.743964,0.82714844
152,4,-120,0.90625,0.525594,0.46972656
152,5,-105,1.234375,0.81455775,0.87109375
152,6,-90,1.859375,1.414385,1.7402344
152,7,-75,2.1875,1.979386,1.9462891
152,8,-60,2.359375,2.16832625,2.1503906
152,9,-45,2.25,2.0535565,2.116211
152,10,-30,2,1.68389625,1.8183594
152,11,-15,2.046875,1.550678,1.6992188
152,12,0,2.078125,1.54471675,1.6523438
152,13,15,2.109375,1.651831,1.7929688
152,14,30,2.46875,2.1381435,2.2011719
152,15,45,2.609375,2.3848765,2.4980469
152,16,60,2.234375,2.094846,2.2363281
152,17,75,1.546875,1.49250875,1.6464844
152,18,90,0.59375,0.468115,0.95214844
152,19,105,0.015625,0,0.17773438
152,20,120,0,0.056475,0
152,21,135,0.5,0.53582225,0.58691406
152,22,150,1.34375,1.320511,1.6210938
152,23,165,2.25,2.103631,2.3388672
152,24,180,2.75,2.50880775,2.5634766
153,1,-165,3.03125,3.030072,2.805664
153,2,-150,1.671875,1.70698825,1.5703125
153,3,-135,0.75,0.40662,0.3154297
153,4,-120,0.1875,0.0008785,0
153,5,-105,0,0.27741775,0.2109375
153,6,-90,0.34375,0.617711,0.8154297
153,7,-75,1.046875,1.32484075,1.6796875
153,8,-60,2.03125,1.86913425,2.0908203
153,9,-45,2.109375,2.010259,1.9814453
153,10,-30,1.28125,1.40880025,1.6015625
153,11,-15,0.640625,0.65780825,0.81152344
153,12,0,0.390625,0.34757225,0.43359375
153,13,15,0.640625,0.65893775,0.8173828
153,14,30,1.28125,1.40792175,1.5996094
153,15,45,2.109375,2.010761,1.9775391
153,16,60,2.03125,1.869197,2.0927734
153,17,75,1.046875,1.324276,1.6806641
153,18,90,0.34375,0.619217,0.8203125
153,19,105,0,0.27616275,0.2109375
153,20,120,0.1875,0,0.005859375
153,21,135,0.75,0.40668275,0.31640625
153,22,150,1.671875,1.70698825,1.5693359
153,23,165,3.03125,3.03026025,2.8085938
153,24,180,3.765625,3.78006,3.4189453
154,1,-165,4.875,4.91928625,5.151367
154,2,-150,4.375,4.17557325,4.0146484
154,3,-135,3.5625,3.361894,2.9238281
154,4,-120,2.96875,2.76821625,2.1904297
154,5,-105,3.15625,2.842826,1.9042969
154,6,-90,3.6875,3.233131,2.2285156
154,7,-75,4.21875,3.71398425,3.1601562
154,8,-60,5.3125,5.1114895,4.1777344
154,9,-45,7.3125,7.55177425,6.2539062
154,10,-30,8.8125,9.31530025,8.264648
154,11,-15,7.78125,8.32686225,7.7822266
154,12,0,4.125,4.8629995,5.3515625
154,13,15,2.09375,2.43727275,2.9814453
154,14,30,1.09375,1.022323,1.4306641
154,15,45,0.28125,0.2094595,0.2890625
154,16,60,0,0,0
154,17,75,0.84375,0.79083825,0.5595703
154,18,90,2.09375,2.1075215,1.2558594
154,19,105,4.28125,3.76493725,3.2998047
154,20,120,5.125,4.9179685,4.198242
154,21,135,6.71875,6.94498175,5.7226562
154,22,150,8.53125,9.10056975,7.751953
154,23,165,8.28125,8.74339675,8.185547
154,24,180,6.15625,6.47372925,6.71875
155,1,-165,2.375,1.716087,1.5380859
155,2,-150,4.53125,3.21574925,3.8720703
155,3,-135,5.15625,3.77987175,4.40625
155,4,-120,5.5,4.1222985,4.8535156
155,5,-105,5.4375,3.82040825,4.7304688
155,6,-90,3.40625,2.5234285,2.4990234
155,7,-75,2.1875,1.38897125,1.0146484
155,8,-60,2,1.3025645,0.7470703
155,9,-45,2.78125,1.7603885,1.6474609
155,10,-30,4,2.95859975,3.1591797
155,11,-15,5.53125,3.96887475,4.8085938
155,12,0,5.4375,4.14331975,4.7216797
155,13,15,5.0625,3.6993635,4.3320312
155,14,30,4.375,3.09439075,3.7861328
155,15,45,2.15625,1.542144,1.3525391
155,16,60,0.84375,0.33627725,0.002929688
155,17,75,0.0625,0.15882025,0.14550781
155,18,90,0.09375,0.04185425,0.04296875
155,19,105,0.5625,0.488948,0.44140625
155,20,120,0.75,0.70210975,0.47460938
155,21,135,0.4375,0.33885,0.35839844
155,22,150,0,0,0
155,23,165,0.21875,0.31933475,0.2998047
155,24,180,0.96875,0.410636,0.053710938
156,1,-165,0.71875,0.49026575,0.6035156
156,2,-150,2.34375,1.87603675,2.1738281
156,3,-135,4.8125,4.24572775,5.470703
156,4,-120,7.8125,6.859579,8.324219
156,5,-105,11.0625,9.3365725,10.200195
156,6,-90,11.375,9.3121,9.40918
156,7,-75,8.625,7.5584885,7.5078125
156,8,-60,5.75,5.69487625,5.495117
156,9,-45,3.21875,4.164592,3.6933594
156,10,-30,1.21875,2.75390925,3.5898438
156,11,-15,0,1.757502,3.3251953
156,12,0,2.03125,3.51556875,4.375
156,13,15,0,1.75449,3.3125
156,14,30,1.21875,2.7400415,3.6425781
156,15,45,3.21875,4.167102,3.7148438
156,16,60,5.75,5.683644,5.501953
156,17,75,8.65625,7.54336575,7.508789
156,18,90,11.375,9.30764475,9.405273
156,19,105,11.0625,9.334188,10.268555
156,20,120,7.8125,6.84395425,8.28125
156,21,135,4.8125,4.2465435,5.466797
156,22,150,2.40625,1.93615125,2.243164
156,23,165,0.78125,0.5272255,0.64746094
156,24,180,0.21875,0,0
157,1,-165,1.78125,1.73183725,1.8134766
157,2,-150,0.40625,0.42462925,0.4638672
157,3,-135,0,0.00232175,0.00390625
157,4,-120,0.34375,0.2732135,0.234375
157,5,-105,0.96875,0.85973775,0.6767578
157,6,-90,1.3125,1.21138875,0.8144531
157,7,-75,0.9375,0.8763665,0.7158203
157,8,-60,0.3125,0.2717075,0.23730469
157,9,-45,0,0.0061495,0.002929688
157,10,-30,0.46875,0.477402,0.51953125
157,11,-15,1.84375,1.8223855,1.9443359
157,12,0,3.96875,3.9071915,4.116211
157,13,15,1.84375,1.82207175,1.9443359
157,14,30,0.46875,0.477402,0.51953125
157,15,45,0,0.0061495,0.002929688
157,16,60,0.3125,0.27202125,0.23632812
157,17,75,0.9375,0.8763665,0.7158203
157,18,90,1.3125,1.206557,0.8017578
157,19,105,0.96875,0.86011425,0.67871094
157,20,120,0.34375,0.27453125,0.23144531
157,21,135,0,0,0
157,22,150,0.40625,0.42111525,0.4580078
157,23,165,1.78125,1.73208825,1.8125
157,24,180,3.96875,3.896022,3.9921875
158,1,-165,0.53125,0.4453995,0.5371094
158,2,-150,2.09375,1.86925975,2.038086
158,3,-135,4.65625,4.16465475,4.416992
158,4,-120,7.90625,7.08453775,7.3408203
158,5,-105,11.34375,10.1919805,10.333008
158,6,-90,11.5,10.4725985,11.480469
158,7,-75,8.90625,7.63397675,8.072266
158,8,-60,7.03125,5.57339225,5.3398438
158,9,-45,6.03125,4.476083,3.7441406
158,10,-30,5.78125,4.18962925,3.1738281
158,11,-15,6.09375,4.4887585,3.2910156
158,12,0,6.84375,5.24088,3.8623047
158,13,15,6.09375,4.4945315,3.296875
158,14,30,5.78125,4.1895665,3.1728516
158,15,45,6.03125,4.47514175,3.7402344
158,16,60,7.03125,5.570945,5.3378906
158,17,75,8.90625,7.63585925,8.069336
158,18,90,11.5,10.4720965,11.473633
158,19,105,11.34375,10.1862075,10.323242
158,20,120,7.90625,7.085981,7.3447266
158,21,135,4.65625,4.1637135,4.4140625
158,22,150,2.09375,1.86913425,2.0429688
158,23,165,0.53125,0.44521125,0.5371094
158,24,180,0,0,0
159,1,-165,0,0.08126125,0.16015625
159,2,-150,0.28125,0.4732605,0.7578125
159,3,-135,0.96875,1.08802225,1.6933594
159,4,-120,1.96875,1.87151875,2.7441406
159,5,-105,3.15625,2.6198125,3.4394531
159,6,-90,4.21875,3.136747,3.7304688
159,7,-75,2.59375,1.457055,1.6914062
159,8,-60,2.125,1.1574865,1.2382812
159,9,-45,2.4375,1.709812,1.4980469
159,10,-30,3.34375,2.84062975,2.2011719
159,11,-15,4.53125,4.16911,3.1230469
159,12,0,5.6875,5.28022425,3.9238281
159,13,15,4.53125,4.1694865,3.1230469
159,14,30,3.34375,2.84062975,2.1953125
159,15,45,2.4375,1.71000025,1.4980469
159,16,60,2.125,1.1572355,1.2363281
159,17,75,2.59375,1.4576825,1.6914062
159,18,90,4.21875,3.1371235,3.7363281
159,19,105,3.15625,2.6190595,3.4335938
159,20,120,1.96875,1.871958,2.7480469
159,21,135,0.96875,1.08764575,1.6933594
159,22,150,0.28125,0.47257025,0.7558594
159,23,165,0,0.081575,0.16015625
159,24,180,0.21875,0,0
160,1,-165,0,0.00144325,0.8408203
160,2,-150,1.6875,1.21051025,1.9189453
160,3,-135,4.03125,2.91542775,3.4970703
160,4,-120,6.6875,4.826981,5.5273438
160,5,-105,8.90625,6.423592,7.666992
160,6,-90,9.90625,7.194413,8.890625
160,7,-75,9.1875,6.941907,7.90625
160,8,-60,7.15625,5.62685525,5.5166016
160,9,-45,4.53125,3.74385325,3.1367188
160,10,-30,2.25,1.908604,1.2128906
160,11,-15,0.78125,0.661636,0.001953125
160,12,0,2.625,1.40453325,0.41308594
160,13,15,0.78125,0.6617615,0
160,14,30,2.25,1.9109885,1.2109375
160,15,45,4.53125,3.7367625,3.1191406
160,16,60,7.15625,5.62685525,5.517578
160,17,75,9.1875,6.936887,7.9033203
160,18,90,9.90625,7.19573075,8.888672
160,19,105,8.90625,6.42277625,7.6660156
160,20,120,6.6875,4.82829875,5.5273438
160,21,135,4.03125,2.92007125,3.4960938
160,22,150,1.6875,1.21051025,1.9189453
160,23,165,0,0,0.8408203
160,24,180,1.6875,0.7260175,1.3408203
161,1,-165,2.46875,2.79268875,3.1640625
161,2,-150,1.5625,1.95886675,1.7949219
161,3,-135,0.6875,0.8613065,0.98828125
161,4,-120,0.09375,0.14250525,0.4267578
161,5,-105,0.03125,0.000753,0.27246094
161,6,-90,0.375,0.35893,0.001953125
161,7,-75,0,0.040913,0.21777344
161,8,-60,0.1875,0.0711585,0.421875
161,9,-45,1.21875,1.014793,1.3564453
161,10,-30,2.5,2.35406625,2.6865234
161,11,-15,3.40625,3.1471635,3.6552734
161,12,0,3.5,3.1795425,3.852539
161,13,15,3.40625,3.153815,3.663086
161,14,30,2.5,2.367181,2.7001953
161,15,45,1.21875,1.01033775,1.3535156
161,16,60,0.1875,0.104416,0.4736328
161,17,75,0,0.044929,0.21386719
161,18,90,0.375,0.359683,0
161,19,105,0.03125,0,0.25683594
161,20,120,0.09375,0.14250525,0.4267578
161,21,135,0.6875,0.85735325,0.9814453
161,22,150,1.5625,1.99450875,1.8388672
161,23,165,2.46875,2.75089725,3.0966797
161,24,180,2.6875,3.42520875,3.8164062
162,1,-165,1.40625,1.87465625,2.0390625
162,2,-150,2.15625,2.5723735,2.5449219
162,3,-135,3.09375,3.3426925,3.1152344
162,4,-120,0.09375,0.21767975,0.59765625
162,5,-105,0,0,0
162,6,-90,0.40625,0.28921475,0.119140625
162,7,-75,1.25,1.115946,1.1201172
162,8,-60,1.09375,0.958067,0.79589844
162,9,-45,2.75,2.45823125,1.8857422
162,10,-30,4.125,3.6541835,3.7353516
162,11,-15,5.4375,4.85427725,5.196289
162,12,0,9.4375,8.75481725,8.089844
162,13,15,5.4375,4.84862975,5.1904297
162,14,30,4.125,3.633476,3.7314453
162,15,45,2.75,2.4598,1.8876953
162,16,60,1.09375,0.94783875,0.76953125
162,17,75,1.25,1.11437725,1.1181641
162,18,90,0.40625,0.282877,0.12207031
162,19,105,0,0.00018825,0.000976563
162,20,120,0.09375,0.21642475,0.5986328
162,21,135,3.09375,3.342567,3.1171875
162,22,150,2.15625,2.575762,2.5507812
162,23,165,1.40625,1.8843825,2.046875
162,24,180,1.1875,1.69142625,1.8193359
163,1,-165,2.78125,2.559447,2.3427734
163,2,-150,1.40625,0.93453575,1.2773438
163,3,-135,0.78125,0.30201575,1.0595703
163,4,-120,0.25,0,0.5439453
163,5,-105,0,0.08113575,0
163,6,-90,2.15625,2.42246375,3.1875
163,7,-75,3.625,3.61019575,3.9990234
163,8,-60,5.4375,5.09762175,7.642578
163,9,-45,5.25,4.9362915,7.5166016
163,10,-30,5.1875,4.850575,6.669922
163,11,-15,5.25,4.69727675,5.7978516
163,12,0,5.375,4.6937,5.1015625
163,13,15,3.625,3.088053,3.9541016
163,14,30,1.90625,1.3748525,2.1992188
163,15,45,1.3125,0.77552725,0.9980469
163,16,60,1.25,0.97921375,0.5488281
163,17,75,2.03125,2.00730975,1.2216797
163,18,90,3.6875,3.847077,2.8388672
163,19,105,5.46875,5.79879025,4.736328
163,20,120,7.15625,7.7311765,6.6328125
163,21,135,8.625,8.36338275,7.2158203
163,22,150,7.0625,6.92578025,6.1054688
163,23,165,5.15625,4.35441075,4.370117
163,24,180,3.8125,2.891269,3.3535156
164,1,-165,1.75,2.6326135,2.1425781
164,2,-150,1.0625,1.72104425,1.5537109
164,3,-135,0.4375,0.93478675,0.84375
164,4,-120,0,0.3726095,0.3798828
164,5,-105,0.0625,0.0018825,0
164,6,-90,0.90625,0.456569,0.57714844
164,7,-75,1.65625,1.124982,1.0556641
164,8,-60,3.21875,2.62000075,2.6445312
164,9,-45,4.84375,4.0161255,4.1103516
164,10,-30,6.5,5.74093475,5.5429688
164,11,-15,6,5.36355625,4.6152344
164,12,0,5.59375,5.11431325,4.095703
164,13,15,6,5.36405825,4.6191406
164,14,30,6.5,5.73578925,5.5341797
164,15,45,4.84375,4.01618825,4.111328
164,16,60,3.21875,2.620691,2.6396484
164,17,75,1.65625,1.12554675,1.0585938
164,18,90,0.90625,0.45412175,0.5751953
164,19,105,0.0625,0,0.002929688
164,20,120,0,0.3726095,0.37304688
164,21,135,0.4375,0.93579075,0.83691406
164,22,150,1.0625,1.722111,1.5556641
164,23,165,1.75,2.63330375,2.1503906
164,24,180,2.09375,3.06088225,2.3730469
165,1,-165,1.6875,2.33059775,2.7353516
165,2,-150,0.9375,1.5126515,1.8583984
165,3,-135,0.28125,0.57660975,0.7636719
165,4,-120,0,0.05001175,0.22949219
165,5,-105,0.1875,0,0
165,6,-90,0.8125,0.2817475,0.026367188
165,7,-75,1.40625,0.6369125,0.3095703
165,8,-60,1.625,0.7937875,0.39453125
165,9,-45,1.46875,0.68290825,0.35253906
165,10,-30,0.875,0.33401825,0.07519531
165,11,-15,0.21875,0.02792375,0.028320312
165,12,0,0,0.03357125,0.20410156
165,13,15,0.25,0.51059675,0.67089844
165,14,30,0.90625,1.435469,1.7304688
165,15,45,1.6875,2.286861,2.65625
165,16,60,2.15625,2.541626,2.8925781
165,17,75,2,2.0917085,2.4716797
165,18,90,1.25,1.19758375,1.4101562
165,19,105,0.40625,0.35861625,0.5917969
165,20,120,0.125,0.116715,0.15039062
165,21,135,0.34375,0.309232,0.5214844
165,22,150,1.15625,1.12454275,1.3125
165,23,165,1.96875,2.0540585,2.4121094
165,24,180,2.15625,2.54332025,2.899414
166,1,-165,8.0625,9.225505,9.186523
166,2,-150,4.1875,4.92211,5.0498047
166,3,-135,1.625,2.082045,2.1357422
166,4,-120,0.375,0.616205,0.57714844
166,5,-105,0.0625,0.09538,0.053710938
166,6,-90,0,0,0.000976563
166,7,-75,0.0625,0.0834575,0.048828125
166,8,-60,0.375,0.6093025,0.58496094
166,9,-45,1.5625,2.06824,2.1552734
166,10,-30,4,4.780295,5.0371094
166,11,-15,7.6875,8.7366825,8.991211
166,12,0,12.0625,13.495015,13.234375
166,13,15,7.6875,8.743585,8.966797
166,14,30,4,4.77402,5.0283203
166,15,45,1.5625,2.0663575,2.1503906
166,16,60,0.375,0.6067925,0.58691406
166,17,75,0.0625,0.08283,0.046875
166,18,90,0,0,0
166,19,105,0.0625,0.0897325,0.044921875
166,20,120,0.375,0.6193425,0.5830078
166,21,135,1.625,2.0826725,2.1376953
166,22,150,4.1875,4.920855,5.046875
166,23,165,8.1875,9.22174,9.15918
166,24,180,12.375,13.9386575,13.40918
167,1,-165,0,0,0
167,2,-150,0.5625,0.631014,0.5517578
167,3,-135,1.25,1.3841395,1.0146484
167,4,-120,1.71875,1.88206075,1.1601562
167,5,-105,1.875,1.9647025,1.1679688
167,6,-90,1.875,1.7162125,0.9042969
167,7,-75,2.09375,1.6225895,0.6347656
167,8,-60,3.0625,2.39673625,1.1494141
167,9,-45,4.625,3.888743,2.7363281
167,10,-30,6.15625,5.1790085,4.3378906
167,11,-15,7.53125,6.43143575,5.5664062
167,12,0,8.53125,7.33014125,6.166992
167,13,15,7.53125,6.4357655,5.5654297
167,14,30,6.15625,5.1770005,4.336914
167,15,45,4.625,3.89068825,2.7421875
167,16,60,3.0625,2.39334775,1.1523438
167,17,75,2.09375,1.639783,0.6533203
167,18,90,1.875,1.717593,0.9140625
167,19,105,1.875,1.9624435,1.1640625
167,20,120,1.71875,1.88281375,1.1640625
167,21,135,1.25,1.38395125,1.0136719
167,22,150,0.5625,0.63107675,0.55371094
167,23,165,0,0.001255,0.002929688
167,24,180,0.21875,0.414903,0.9560547
168,1,-165,1.9375,1.61895,1.6503906
168,2,-150,2.8125,2.3223775,2.3466797
168,3,-135,4.3125,3.52655,3.6201172
168,4,-120,6.1875,5.01749,5.3046875
168,5,-105,7.875,6.361595,7
168,6,-90,8.5625,6.8930875,7.9746094
168,7,-75,7.5625,6.2204075,7.1347656
168,8,-60,5.625,4.6830325,5.0126953
168,9,-45,3.375,2.840065,2.7705078
168,10,-30,1.125,0.967605,0.9824219
168,11,-15,0,0.001255,0
168,12,0,1.75,0.8603025,0.8330078
168,13,15,0,0,0.005859375
168,14,30,1.125,0.9707425,0.98828125
168,15,45,3.375,2.8356725,2.758789
168,16,60,5.625,4.674875,5.0009766
168,17,75,7.625,6.21978,7.129883
168,18,90,8.5625,6.89246,7.975586
168,19,105,7.875,6.361595,7.0029297
168,20,120,6.1875,5.018745,5.3027344
168,21,135,4.3125,3.52906,3.602539
168,22,150,2.8125,2.3223775,2.3564453
168,23,165,1.9375,1.6195775,1.6445312
168,24,180,3.6875,2.553925,2.4560547
169,1,-165,0.84375,1.508008,2.8144531
169,2,-150,1.9375,2.8110745,4.0566406
169,3,-135,3.21875,4.26756475,5.3789062
169,4,-120,3.125,2.92571875,3.7109375
169,5,-105,2.0625,2.02500525,3.040039
169,6,-90,1.0625,1.04359525,1.8076172
169,7,-75,0.25,0.1881245,1.1142578
169,8,-60,0,0,0.70996094
169,9,-45,0.78125,0.909624,1.3720703
169,10,-30,1.8125,1.92447975,2.96875
169,11,-15,3.0625,2.874703,4.0029297
169,12,0,3.625,3.03490375,4.2128906
169,13,15,3.28125,2.47216175,3.4648438
169,14,30,2.03125,1.57395825,2.1816406
169,15,45,0.59375,0.5104085,0.7519531
169,16,60,0.1875,0.05540825,0
169,17,75,0.40625,0.04574475,0.6826172
169,18,90,1.84375,1.20159975,2.0527344
169,19,105,3.5,2.62552275,3.3232422
169,20,120,4.5625,3.78125225,4.022461
169,21,135,4.5,4.04612,4.154297
169,22,150,3.375,3.1323545,3.305664
169,23,165,1.6875,1.9483875,3.3085938
169,24,180,0.65625,1.04058325,2.3730469
170,1,-165,0.46875,0.59342675,0.6489258
170,2,-150,0,0.0056475,0.012207031
170,3,-135,0.21875,0.14099925,0.07421875
170,4,-120,1.09375,0.9644675,0.94384766
170,5,-105,2.1875,1.997709,2.0952148
170,6,-90,2.71875,2.507239,2.5322266
170,7,-75,2.21875,2.00643125,2.083496
170,8,-60,1.125,0.99967025,0.9404297
170,9,-45,0.25,0.1602635,0.079589844
170,10,-30,0,0,0
170,11,-15,0.46875,0.57479,0.61572266
170,12,0,1.03125,1.212832,1.3227539
170,13,15,0.46875,0.575543,0.6176758
170,14,30,0,0,0
170,15,45,0.25,0.1602635,0.079589844
170,16,60,1.125,0.99967025,0.94091797
170,17,75,2.21875,2.00643125,2.083496
170,18,90,2.71875,2.507239,2.5322266
170,19,105,2.1875,1.99814825,2.099121
170,20,120,1.09375,0.9644675,0.94384766
170,21,135,0.21875,0.14099925,0.07421875
170,22,150,0,0.005773,0.01171875
170,23,165,0.46875,0.5934895,0.6484375
170,24,180,1.03125,1.214087,1.3261719
171,1,-165,2.6875,2.8363,4.0898438
171,2,-150,1.1875,1.3409675,2.7675781
171,3,-135,0.25,0.4267,1.8847656
171,4,-120,0,0,1.265625
171,5,-105,0.3125,0.1524825,0.88671875
171,6,-90,1.125,0.5365125,0.37695312
171,7,-75,0.5625,0.0771825,0.013671875
171,8,-60,0.4375,0.1675425,0.1875
171,9,-45,0.9375,0.89356,0.8203125
171,10,-30,1.875,2.044395,1.890625
171,11,-15,3.3125,3.53157,3.3847656
171,12,0,4.9375,5.14048,5.138672
171,13,15,3.3125,3.53157,3.3789062
171,14,30,1.875,2.044395,1.890625
171,15,45,0.9375,0.89356,0.82421875
171,16,60,0.4375,0.1675425,0.1875
171,17,75,0.5625,0.0734175,0
171,18,90,1.125,0.5390225,0.375
171,19,105,0.3125,0.1512275,0.8847656
171,20,120,0,0,1.265625
171,21,135,0.25,0.4273275,1.8828125
171,22,150,1.1875,1.3409675,2.7675781
171,23,165,2.6875,2.8363,4.09375
171,24,180,4.6875,4.6504025,5.732422
172,1,-165,0.125,0.247235,0.36914062
172,2,-150,0.9375,0.929704,0.8808594
172,3,-135,1.4375,1.41683225,1.5107422
172,4,-120,1.65625,2.0688675,2.2138672
172,5,-105,2.09375,2.73269975,2.9833984
172,6,-90,2.59375,3.246434,3.1328125
172,7,-75,2.40625,2.941218,2.5498047
172,8,-60,1.5,0.7641695,0.4814453
172,9,-45,1.6875,0.707569,0.5361328
172,10,-30,2.78125,1.5836845,1.421875
172,11,-15,4.125,2.85343075,2.8291016
172,12,0,4.90625,3.7530775,3.8417969
172,13,15,4.125,2.85343075,2.8300781
172,14,30,2.78125,1.5919675,1.4384766
172,15,45,1.6875,0.70750625,0.53515625
172,16,60,1.5,0.76398125,0.4814453
172,17,75,2.40625,2.9410925,2.5458984
172,18,90,2.59375,3.243673,3.1298828
172,19,105,2.09375,2.7327625,2.9824219
172,20,120,1.65625,2.06880475,2.2138672
172,21,135,1.4375,1.42611925,1.5361328
172,22,150,0.9375,0.930457,0.8808594
172,23,165,0.125,0.247235,0.36914062
172,24,180,0,0,0
173,1,-165,0.6875,0.398086,0.8671875
173,2,-150,0.875,0.1504745,1.0507812
173,3,-135,1.46875,0.353408,1.2099609
173,4,-120,2.96875,1.66281225,2.6464844
173,5,-105,5.25,4.28061675,5.8671875
173,6,-90,7.453125,6.981565,9.374023
173,7,-75,9.25,8.86023725,11.280273
173,8,-60,11.078125,10.78779175,12.769531
173,9,-45,11.265625,11.09702375,12.916992
173,10,-30,11.59375,11.5365875,13.673828
173,11,-15,11.109375,10.7871015,13.219727
173,12,0,9.578125,9.13784325,11.635742
173,13,15,7.640625,7.03157675,9.316406
173,14,30,5.359375,4.38327575,6.071289
173,15,45,3.21875,1.89373225,3.024414
173,16,60,1.6875,0.41107525,1.2109375
173,17,75,0.96875,0,0.7363281
173,18,90,0.65625,0.1916385,0.6435547
173,19,105,0.390625,0.3700995,0.19140625
173,20,120,0.140625,0.456067,0.095703125
173,21,135,0,0.4910815,0
173,22,150,0.03125,0.5668835,0.0703125
173,23,165,0.234375,0.594619,0.29101562
173,24,180,0.484375,0.575292,0.53808594
174,1,-165,0.875,1.68477475,1.7089844
174,2,-150,0.0625,0.40404725,0.49121094
174,3,-135,0.09375,0,0.002929688
174,4,-120,0.90625,0.472131,0.5957031
174,5,-105,1.8125,1.19457175,1.5517578
174,6,-90,2.21875,1.5287155,2.053711
174,7,-75,1.84375,1.1818335,1.5361328
174,8,-60,1,0.503255,0.6533203
174,9,-45,0.1875,0.01085575,0.000976563
174,10,-30,0,0.28996775,0.37890625
174,11,-15,0.78125,1.531351,1.5888672
174,12,0,1.5,2.59314375,2.4433594
174,13,15,0.78125,1.53404925,1.5908203
174,14,30,0,0.289905,0.38085938
174,15,45,0.1875,0.00972625,0.002929688
174,16,60,1,0.5003685,0.6464844
174,17,75,1.84375,1.179449,1.5332031
174,18,90,2.21875,1.528841,2.0527344
174,19,105,1.8125,1.192501,1.5449219
174,20,120,0.90625,0.472382,0.59765625
174,21,135,0.09375,0,0
174,22,150,0.0625,0.404361,0.4921875
174,23,165,0.875,1.68389625,1.7089844
174,24,180,1.5,2.59226525,2.4453125
175,1,-165,0.09375,0.01085575,0.001953125
175,2,-150,0.5,0.2885245,0.25390625
175,3,-135,1.375,1.0317355,0.9785156
175,4,-120,2.65625,2.13381375,2.0263672
175,5,-105,3.90625,3.20332475,2.96875
175,6,-90,4.40625,3.666608,3.3115234
175,7,-75,3.9375,3.20232075,3.0019531
175,8,-60,2.71875,2.1436655,2.084961
175,9,-45,1.40625,1.04485025,1.0205078
175,10,-30,0.5,0.288399,0.2626953
175,11,-15,0.09375,0.009789,0.001953125
175,12,0,0,0,0.001953125
175,13,15,0.09375,0.01675425,0.005859375
175,14,30,0.5,0.288399,0.2626953
175,15,45,1.40625,1.04271675,1.0175781
175,16,60,2.71875,2.14485775,2.0830078
175,17,75,3.9375,3.20219525,3.0019531
175,18,90,4.40625,3.66654525,3.3115234
175,19,105,3.90625,3.2033875,2.96875
175,20,120,2.65625,2.133751,2.0283203
175,21,135,1.375,1.02916275,0.9785156
175,22,150,0.5,0.2885245,0.25390625
175,23,165,0.09375,0.0106675,0
175,24,180,0,0.00232175,0.006835938
176,1,-165,0,0.020582,0.002929688
176,2,-150,0.125,0.02466075,0.099609375
176,3,-135,0.875,0.6876145,0.78125
176,4,-120,2.125,1.87453075,1.984375
176,5,-105,3.375,3.04895975,3.1132812
176,6,-90,3.875,3.53815875,3.609375
176,7,-75,3.25,2.998446,3.1445312
176,8,-60,2,1.78090775,1.9785156
176,9,-45,0.75,0.608424,0.74609375
176,10,-30,0.0625,0,0.07324219
176,11,-15,0.0625,0.0370225,0.01171875
176,12,0,0.1875,0.216111,0.115234375
176,13,15,0.0625,0.0370225,0.01171875
176,14,30,0.0625,0.0026355,0.07714844
176,15,45,0.75,0.608424,0.74609375
176,16,60,2,1.78090775,1.9785156
176,17,75,3.25,2.99875975,3.1445312
176,18,90,3.875,3.53815875,3.6083984
176,19,105,3.375,3.048897,3.1132812
176,20,120,2.125,1.87453075,1.9824219
176,21,135,0.875,0.68830475,0.7832031
176,22,150,0.125,0.021586,0.09765625
176,23,165,0,0.02026825,0
176,24,180,0.1875,0.22219775,0.12109375
177,1,-165,0,0.00069025,0
177,2,-150,1.09375,0.633775,0.7207031
177,3,-135,2.8125,1.732653,1.9199219
177,4,-120,4.90625,3.19792825,3.3789062
177,5,-105,6.84375,4.63063625,4.8125
177,6,-90,9.71875,6.93262,7.453125
177,7,-75,9.21875,6.84809575,7.3085938
177,8,-60,7.96875,6.22887875,6.2910156
177,9,-45,6.59375,5.47682,5.051758
177,10,-30,5.65625,5.01115225,4.1191406
177,11,-15,5.375,4.93045575,3.3720703
177,12,0,5.40625,5.024267,3.1875
177,13,15,5.375,4.931146,3.3701172
177,14,30,5.65625,5.0080775,4.111328
177,15,45,6.59375,5.48052225,5.053711
177,16,60,7.96875,6.22448625,6.283203
177,17,75,9.21875,6.84734275,7.310547
177,18,90,9.71875,6.9322435,7.4521484
177,19,105,6.84375,4.63101275,4.810547
177,20,120,4.90625,3.1978655,3.3779297
177,21,135,2.8125,1.7350375,1.9160156
177,22,150,1.09375,0.6328965,0.7246094
177,23,165,0,0,0.000976563
177,24,180,1.65625,0.90611,1.2109375
178,1,-165,8.21875,7.63774175,7.123047
178,2,-150,5.71875,5.01592125,5.0527344
178,3,-135,3.46875,2.839061,3.2441406
178,4,-120,1.78125,1.369958,1.8964844
178,5,-105,0.71875,0.49076775,0.7910156
178,6,-90,0,0.00370225,0
178,7,-75,0.0625,0,0.19921875
178,8,-60,0.53125,0.359934,0.6875
178,9,-45,0.90625,0.75532175,1.0703125
178,10,-30,1.34375,1.14361875,1.7949219
178,11,-15,1.71875,1.3537685,2.2871094
178,12,0,1.84375,1.38884575,2.4609375
178,13,15,1.71875,1.3540195,2.2871094
178,14,30,1.34375,1.14205,1.7949219
178,15,45,0.90625,0.75507075,1.0742188
178,16,60,0.53125,0.3598085,0.6816406
178,17,75,0.0625,0.0021335,0.20507812
178,18,90,0,0.0048945,0.001953125
178,19,105,0.71875,0.48775575,0.78515625
178,20,120,1.78125,1.370711,1.890625
178,21,135,3.46875,2.84326525,3.2519531
178,22,150,5.71875,5.0188705,5.060547
178,23,165,8.21875,7.63974975,7.1347656
178,24,180,9.5,9.112806,8.197266
179,1,-165,1.53125,2.62765625,4.0058594
179,2,-150,2.625,2.7091685,2.9941406
179,3,-135,1.71875,2.10620375,2.7675781
179,4,-120,0.78125,1.15265475,1.859375
179,5,-105,0.15625,0.32322525,1.0234375
179,6,-90,0,0,0.4296875
179,7,-75,0.84375,0.83375925,0.96875
179,8,-60,3.40625,3.849587,4.25
179,9,-45,4.625,4.9144545,5.283203
179,10,-30,5.78125,5.84572725,6.3945312
179,11,-15,6.375,6.4204545,7.0214844
179,12,0,5.4375,6.1807495,6.1933594
179,13,15,4.75,5.834746,6.1289062
179,14,30,7.75,8.2110885,7.8125
179,15,45,5.59375,6.062403,6.2714844
179,16,60,3.96875,4.53174225,4.8027344
179,17,75,0.375,0.63935975,0
179,18,90,0.34375,0.88672025,0.40234375
179,19,105,1.46875,2.13243325,2.0214844
179,20,120,4,4.5871505,5.091797
179,21,135,4.125,4.6925705,5.3398438
179,22,150,3.15625,3.9164785,4.4140625
179,23,165,2.46875,3.19039825,4.0976562
179,24,180,1.84375,2.69994425,3.9570312
180,1,-165,2.53125,2.666624,3.1386719
180,2,-150,1,1.16369875,1.2167969
180,3,-135,0.21875,0.23148475,0.31054688
180,4,-120,0,0.00156875,0.20214844
180,5,-105,0.03125,0.02453525,0.021484375
180,6,-90,0.1875,0.411891,0.3798828
180,7,-75,0.0625,0.034387,0
180,8,-60,0,0.001255,0.17773438
180,9,-45,0.15625,0.15668675,0.27441406
180,10,-30,0.75,0.900086,0.94921875
180,11,-15,1.96875,2.157847,2.5644531
180,12,0,3.90625,3.954756,4.857422
180,13,15,1.96875,2.1579725,2.5566406
180,14,30,0.75,0.90109,0.95214844
180,15,45,0.15625,0.15794175,0.27734375
180,16,60,0,0,0.17285156
180,17,75,0.0625,0.03281825,0
180,18,90,0.1875,0.41069875,0.38085938
180,19,105,0.03125,0.02440975,0.020507812
180,20,120,0,0.00345125,0.20410156
180,21,135,0.21875,0.2310455,0.31445312
180,22,150,1,1.1620045,1.2167969
180,23,165,2.53125,2.66869475,3.1416016
180,24,180,4.78125,4.7595875,5.7246094
181,1,-165,0,0,0
181,2,-150,0.375,0.34317975,0.5410156
181,3,-135,1.78125,1.63043325,2.0605469
181,4,-120,3.90625,3.6253185,4.2890625
181,5,-105,6.21875,5.5735805,6.4902344
181,6,-90,7.4375,6.085495,7.1132812
181,7,-75,6.65625,4.9237415,5.2773438
181,8,-60,4.9375,3.31828275,3
181,9,-45,3.1875,1.78655525,1.3320312
181,10,-30,2.03125,0.88985775,0.5917969
181,11,-15,1.96875,0.95882,0.8613281
181,12,0,3.0625,2.07809175,2.0566406
181,13,15,1.96875,0.9554315,0.8652344
181,14,30,2.03125,0.892556,0.59375
181,15,45,3.1875,1.78718275,1.3300781
181,16,60,4.9375,3.315208,3.0039062
181,17,75,6.65625,4.93497375,5.3007812
181,18,90,7.4375,6.0863735,7.1191406
181,19,105,6.21875,5.571949,6.498047
181,20,120,3.90625,3.609631,4.263672
181,21,135,1.78125,1.632002,2.0644531
181,22,150,0.375,0.342615,0.5410156
181,23,165,0,0.0008785,0.00390625
181,24,180,0.6875,0.62806475,0.546875
182,1,-165,3.375,2.8306525,2.5371094
182,2,-150,0.75,0.4607105,0.5800781
182,3,-135,0,0,0.09765625
182,4,-120,0.34375,0.6908775,0.375
182,5,-105,0.5625,0.994713,0.66015625
182,6,-90,0.09375,0.2917875,0
182,7,-75,0.03125,0.0197035,0.3203125
182,8,-60,0.78125,0.71905225,1.6679688
182,9,-45,2.375,2.3565135,3.609375
182,10,-30,4.65625,4.6207845,6.0664062
182,11,-15,7.65625,7.40694725,8.978516
182,12,0,7.90625,7.5845925,8.828125
182,13,15,4.03125,3.9159765,5.0117188
182,14,30,1.75,1.83481,2.9453125
182,15,45,0.90625,1.15692175,2.2871094
182,16,60,1,1.4084865,2.125
182,17,75,1.03125,1.3206365,1.8691406
182,18,90,1,1.41833825,2.328125
182,19,105,0.90625,1.1845945,2.3125
182,20,120,1.15625,1.26936975,2.4375
182,21,135,2.21875,2.232645,3.3222656
182,22,150,4.21875,4.15461475,4.892578
182,23,165,6.9375,6.67051325,7.1035156
182,24,180,7.4375,6.72849425,6.3671875
183,1,-165,0.53125,0.52214275,0.3310547
183,2,-150,1.875,1.78580225,1.46875
183,3,-135,3.25,3.30234425,2.9990234
183,4,-120,4.0625,4.21297225,3.4160156
183,5,-105,3.15625,3.06038025,2.6435547
183,6,-90,1.78125,1.570005,1.3945312
183,7,-75,0.5,0.3914345,0.35351562
183,8,-60,0,0.006024,0.005859375
183,9,-45,0.53125,0.532371,0.39257812
183,10,-30,1.875,1.793144,1.5419922
183,11,-15,3.25,3.319977,3.0039062
183,12,0,4.125,4.323726,3.4482422
183,13,15,3.28125,3.18738625,2.7597656
183,14,30,1.875,1.64549325,1.4755859
183,15,45,0.5,0.42048775,0.38476562
183,16,60,0,0,0
183,17,75,0.53125,0.49704275,0.31933594
183,18,90,1.8125,1.700525,1.4433594
183,19,105,3.125,3.169377,2.8623047
183,20,120,4,4.320965,3.6748047
183,21,135,3.28125,3.19767725,2.7646484
183,22,150,1.875,1.66695375,1.4394531
183,23,165,0.53125,0.42764125,0.36132812
183,24,180,0,0.00169425,0.000976563
184,1,-165,2.90625,2.7269895,2.7773438
184,2,-150,4.6875,4.5703335,4.794922
184,3,-135,6.0625,6.060144,6.3164062
184,4,-120,5.90625,5.69437425,5.9453125
184,5,-105,4.5,4.08784875,4.173828
184,6,-90,3.3125,2.89999125,3.0078125
184,7,-75,3.21875,3.2854645,3.671875
184,8,-60,2.75,2.423907,2.5371094
184,9,-45,3.3125,2.91411,3.15625
184,10,-30,5,4.74459025,5.2441406
184,11,-15,6.3125,6.29677425,6.78125
184,12,0,6.125,6.0557515,6.267578
184,13,15,4.53125,4.33596225,4.515625
184,14,30,2.375,2.0753935,2.15625
184,15,45,0.65625,0.3846575,0.26953125
184,16,60,0,0,0
184,17,75,0.1875,0.4280805,0.44726562
184,18,90,0.875,1.09128525,1.3105469
184,19,105,1.6875,1.863173,2.3359375
184,20,120,1.90625,1.95321925,2.2597656
184,21,135,1.75,1.71865975,1.5957031
184,22,150,2.0625,2.1720285,2.0390625
184,23,165,1.9375,2.05638025,2.046875
184,24,180,1.875,1.764781,1.5800781
185,1,-165,0.28125,0.243219,0.39941406
185,2,-150,1.34375,1.12240925,1.5791016
185,3,-135,2.9375,2.505984,3.1669922
185,4,-120,4.8125,4.09362175,4.819336
185,5,-105,6.375,5.4214745,6.2265625
185,6,-90,6.96875,5.93909925,6.9882812
185,7,-75,6.21875,5.33556975,6.5839844
185,8,-60,4.59375,4.0013165,5.4277344
185,9,-45,2.84375,2.48107225,3.9189453
185,10,-30,1.46875,1.288132,2.5908203
185,11,-15,0.71875,0.62091125,1.7109375
185,12,0,0.5,0.45933,1.4433594
185,13,15,0.71875,0.62103675,1.7099609
185,14,30,1.46875,1.28882225,2.5917969
185,15,45,2.84375,2.49494,3.9414062
185,16,60,4.59375,3.99322175,5.40625
185,17,75,6.21875,5.33469125,6.586914
185,18,90,6.96875,5.94010325,6.993164
185,19,105,6.34375,5.40710475,6.2177734
185,20,120,4.8125,4.093559,4.8164062
185,21,135,2.9375,2.50679975,3.165039
185,22,150,1.34375,1.119711,1.578125
185,23,165,0.28125,0.2405835,0.3935547
185,24,180,0,0,0
186,1,-165,3.3125,3.291865,3.8847656
186,2,-150,2.75,2.73307625,3.3603516
186,3,-135,2.21875,2.24237125,3.0429688
186,4,-120,1.5625,1.703286,2.4003906
186,5,-105,0.8125,0.9659735,1.4189453
186,6,-90,0.25,0.33088075,0.5019531
186,7,-75,0,0.0114205,0
186,8,-60,0.03125,0,0.1171875
186,9,-45,0.28125,0.14426225,0.55566406
186,10,-30,0.6875,0.41672275,0.9628906
186,11,-15,1.09375,0.70135675,1.5107422
186,12,0,1.25,0.81706775,1.7626953
186,13,15,1.09375,0.7016705,1.5097656
186,14,30,0.6875,0.409883,0.9921875
186,15,45,0.28125,0.1436975,0.5527344
186,16,60,0.03125,6.27E-05,0.12011719
186,17,75,0,0.0141815,0.000976563
186,18,90,0.25,0.3306925,0.50097656
186,19,105,0.8125,0.9664755,1.4160156
186,20,120,1.5625,1.70021125,2.4013672
186,21,135,2.21875,2.23935925,3.0205078
186,22,150,2.75,2.75390925,3.3710938
186,23,165,3.3125,3.31363925,3.8886719
186,24,180,3.625,3.592312,4.211914
187,1,-165,4.09375,3.704509,3.2890625
187,2,-150,0.25,0.1933955,0.51953125
187,3,-135,0.28125,0.15593375,0.59472656
187,4,-120,0.34375,0.34217575,0.5029297
187,5,-105,0,0,0
187,6,-90,2.96875,2.556686,1.9130859
187,7,-75,2.5625,2.08336275,1.2841797
187,8,-60,2.84375,2.27613075,1.2060547
187,9,-45,4.0625,3.540104,2.2490234
187,10,-30,5.96875,5.53624425,5.0585938
187,11,-15,7.09375,6.7053395,6.234375
187,12,0,7.84375,7.58942425,6.911133
187,13,15,7.09375,6.7081005,6.2265625
187,14,30,5.96875,5.52281575,5.0820312
187,15,45,4.0625,3.54066875,2.2548828
187,16,60,2.84375,2.28905725,1.2197266
187,17,75,2.5625,2.027327,1.2314453
187,18,90,2.96875,2.5600745,1.9140625
187,19,105,3.46875,3.20997625,2.4941406
187,20,120,3.59375,3.367165,2.6416016
187,21,135,3.6875,3.54468475,3.0361328
187,22,150,3.875,3.6303385,3.203125
187,23,165,4.09375,3.70632875,3.288086
187,24,180,4.46875,3.846575,3.491211
188,1,-165,0.4375,0.3434935,0.3408203
188,2,-150,1.6875,1.32735075,1.2744141
188,3,-135,3.5625,2.77135375,2.6367188
188,4,-120,5.59375,4.326989,4.1992188
188,5,-105,7.28125,5.55130425,5.5634766
188,6,-90,7.96875,6.01690925,6.015625
188,7,-75,7.28125,5.53900525,5.479492
188,8,-60,5.53125,4.27233375,4.1572266
188,9,-45,3.4375,2.69793625,2.5966797
188,10,-30,1.625,1.26573025,1.2226562
188,11,-15,0.40625,0.3211545,0.31640625
188,12,0,0,6.28E-05,0
188,13,15,0.40625,0.3211545,0.31640625
188,14,30,1.625,1.26573025,1.2226562
188,15,45,3.4375,2.69592825,2.586914
188,16,60,5.53125,4.27271025,4.1591797
188,17,75,7.28125,5.53875425,5.475586
188,18,90,7.96875,6.01690925,6.015625
188,19,105,7.28125,5.551367,5.5634766
188,20,120,5.59375,4.32454175,4.1972656
188,21,135,3.5625,2.77135375,2.6367188
188,22,150,1.6875,1.329296,1.2753906
188,23,165,0.4375,0.3434935,0.3408203
188,24,180,0,0,0
189,1,-165,4.8125,4.44772,4.5371094
189,2,-150,3.9375,3.5321975,4.015625
189,3,-135,3.0625,2.5796525,3.1445312
189,4,-120,1.875,1.0033725,0.9375
189,5,-105,0.875,0.0432975,0.043945312
189,6,-90,0.5,0,0
189,7,-75,0.375,0.325045,0.46875
189,8,-60,0.25,0.475645,0.68847656
189,9,-45,0.0625,0.3143775,0.6455078
189,10,-30,0,0.1436975,0.5449219
189,11,-15,0.25,0.307475,0.6308594
189,12,0,0.875,0.779355,0.9248047
189,13,15,0.25,0.307475,0.6308594
189,14,30,0,0.1436975,0.5449219
189,15,45,0.0625,0.3143775,0.6455078
189,16,60,0.25,0.475645,0.68847656
189,17,75,0.375,0.325045,0.46875
189,18,90,0.5,0.0006275,0
189,19,105,0.875,0.0432975,0.043945312
189,20,120,1.875,1.0096475,0.94140625
189,21,135,3.0625,2.579025,3.1445312
189,22,150,3.9375,3.53157,4.0166016
189,23,165,4.8125,4.4496025,4.5390625
189,24,180,5.3125,4.8813225,4.7539062
190,1,-165,9.15625,9.90088325,11.296875
190,2,-150,5.09375,5.6300555,6.234375
190,3,-135,2.3125,2.6283465,3.0566406
190,4,-120,0.78125,0.91545975,1.0605469
190,5,-105,0.125,0.16409125,0.076171875
190,6,-90,0,0.00018825,0
190,7,-75,0.15625,0.183481,0.083984375
190,8,-60,0.875,1.02552325,1.1191406
190,9,-45,2.5625,2.88794325,3.125
190,10,-30,5.46875,6.00925375,6.421875
190,11,-15,9.59375,10.4083425,11.488281
190,12,0,14.3125,15.2862765,16.878906
190,13,15,9.5625,10.41304875,11.527344
190,14,30,5.46875,6.0110735,6.421875
190,15,45,2.5625,2.8934025,3.1367188
190,16,60,0.875,1.029351,1.125
190,17,75,0.15625,0.1841085,0.076171875
190,18,90,0,0,0
190,19,105,0.125,0.16064,0.072265625
190,20,120,0.78125,0.9145185,1.0566406
190,21,135,2.3125,2.62546,3.0507812
190,22,150,5.09375,5.631938,6.2441406
190,23,165,9.15625,9.88657625,11.283203
190,24,180,13.53125,14.36454175,16.238281
191,1,-165,1.125,1.133516,1.1240234
191,2,-150,3.25,3.17295375,3.2978516
191,3,-135,3.90625,3.83910775,3.7001953
191,4,-120,3.84375,3.79091575,3.336914
191,5,-105,3.875,3.8303855,3.7382812
191,6,-90,3.125,3.048897,3.1328125
191,7,-75,1.03125,1.0129105,0.9921875
191,8,-60,0,0.00458075,0.002929688
191,9,-45,1.25,1.24301475,1.2363281
191,10,-30,3.28125,3.19102575,3.3115234
191,11,-15,3.90625,3.8414295,3.703125
191,12,0,3.84375,3.7897235,3.3320312
191,13,15,3.90625,3.83735075,3.711914
191,14,30,3.28125,3.19202975,3.3115234
191,15,45,1.25,1.2428265,1.2353516
191,16,60,0,0.0048945,0.001953125
191,17,75,1.03125,1.01473025,0.99316406
191,18,90,3.125,3.04921075,3.133789
191,19,105,3.875,3.8306365,3.7373047
191,20,120,3.84375,3.792359,3.334961
191,21,135,3.90625,3.83923325,3.7001953
191,22,150,3.25,3.174146,3.2919922
191,23,165,1.125,1.13106875,1.1259766
191,24,180,0,0,0
192,1,-165,5.59375,4.6900605,5.598633
192,2,-150,6.6875,5.62497275,6.8339844
192,3,-135,8.625,7.26274775,8.902344
192,4,-120,11.34375,9.7815955,11.6953125
192,5,-105,14.9375,13.17342125,13.012695
192,6,-90,15.4375,13.10188625,13.083984
192,7,-75,11.90625,10.348479,10.633789
192,8,-60,7.875,7.0622615,7.6103516
192,9,-45,4.40625,4.02384375,4.3466797
192,10,-30,1.90625,1.90439975,1.9169922
192,11,-15,0.53125,0.80815725,0.78808594
192,12,0,0,0,0
192,13,15,0.53125,0.81073,0.78125
192,14,30,1.9375,1.91757725,1.9433594
192,15,45,4.375,4.0344485,4.3945312
192,16,60,7.875,7.0592495,7.6083984
192,17,75,11.9375,10.322626,10.555664
192,18,90,15.4375,13.08205725,13.058594
192,19,105,14.9375,13.17417425,13.025391
192,20,120,11.34375,9.97066125,12.082031
192,21,135,8.625,7.37143075,9.015625
192,22,150,6.6875,5.62459625,6.8378906
192,23,165,5.59375,4.6918175,5.6015625
192,24,180,5.3125,4.429899,5.267578
193,1,-165,0.78125,1.58399825,2.3417969
193,2,-150,0,0.288399,0.5800781
193,3,-135,0.21875,0.0367715,0
193,4,-120,1.25,0.6770725,0.4404297
193,5,-105,2.40625,1.54572075,0.9921875
193,6,-90,2.875,1.94506175,1.2792969
193,7,-75,2.3125,1.493952,1.0371094
193,8,-60,1.0625,0.57673525,0.4375
193,9,-45,0.09375,0,0.029296875
193,10,-30,0.0625,0.439752,0.7783203
193,11,-15,0.875,1.76346325,2.5292969
193,12,0,1.625,2.8095685,3.8017578
193,13,15,0.875,1.760514,2.5195312
193,14,30,0.0625,0.439752,0.7783203
193,15,45,0.09375,0,0.030273438
193,16,60,1.0625,0.57673525,0.43847656
193,17,75,2.3125,1.49702675,1.0458984
193,18,90,2.875,1.9451245,1.2802734
193,19,105,2.40625,1.54572075,0.9921875
193,20,120,1.25,0.67650775,0.43652344
193,21,135,0.21875,0.0367715,0.000976563
193,22,150,0,0.28846175,0.5800781
193,23,165,0.78125,1.58374725,2.3417969
193,24,180,1.625,2.8090665,3.7998047
194,1,-165,0.28125,0.236191,0.23046875
194,2,-150,1.125,0.97532325,0.98535156
194,3,-135,2.5,2.17849175,2.196289
194,4,-120,4.125,3.66378425,3.546875
194,5,-105,5.6875,5.0750945,4.6728516
194,6,-90,6.75,5.973047,5.3164062
194,7,-75,6.9375,6.171839,5.6728516
194,8,-60,6.5625,5.924353,5.7441406
194,9,-45,6.25,5.72782,5.6708984
194,10,-30,6.28125,5.872647,5.8291016
194,11,-15,6.65625,6.331224,6.2529297
194,12,0,6.9375,6.6418365,6.520508
194,13,15,6.65625,6.331224,6.251953
194,14,30,6.28125,5.872647,5.8291016
194,15,45,6.25,5.72782,5.6708984
194,16,60,6.5625,5.92441575,5.7441406
194,17,75,6.9375,6.171086,5.6757812
194,18,90,6.75,5.97298425,5.3164062
194,19,105,5.6875,5.07503175,4.6728516
194,20,120,4.125,3.662341,3.5488281
194,21,135,2.5,2.17836625,2.1904297
194,22,150,1.125,0.97532325,0.9863281
194,23,165,0.28125,0.2383245,0.234375
194,24,180,0,0,0
195,1,-165,2.5625,3.2555955,2.5683594
195,2,-150,1.84375,2.303678,2.0585938
195,3,-135,1.09375,1.431202,1.4169922
195,4,-120,0.40625,0.70135675,0.859375
195,5,-105,0.03125,0.12393125,0.30273438
195,6,-90,0,0,0
195,7,-75,0.09375,0.19408575,0.3623047
195,8,-60,0.59375,0.90065075,0.9404297
195,9,-45,1.25,1.59039875,1.5263672
195,10,-30,2,2.481888,2.1464844
195,11,-15,2.625,3.32669125,2.5966797
195,12,0,2.875,3.66711,2.7519531
195,13,15,2.625,3.3258755,2.59375
195,14,30,2,2.48282925,2.1455078
195,15,45,1.25,1.59002225,1.5244141
195,16,60,0.59375,0.90140375,0.9355469
195,17,75,0.09375,0.19383475,0.3623047
195,18,90,0,0.000502,0.000976563
195,19,105,0.03125,0.12204875,0.296875
195,20,120,0.40625,0.70123125,0.8574219
195,21,135,1.09375,1.4305745,1.4199219
195,22,150,1.84375,2.3045565,2.055664
195,23,165,2.5625,3.255219,2.569336
195,24,180,2.875,3.66767475,2.7470703
196,1,-165,0.125,0.42419,1.0732422
196,2,-150,0,0.0176955,0.25878906
196,3,-135,0.4375,0.19910575,0.02734375
196,4,-120,1.46875,0.965848,0.6064453
196,5,-105,2.625,1.83537475,1.5390625
196,6,-90,3.09375,2.167887,1.8759766
196,7,-75,2.65625,1.78730825,1.4804688
196,8,-60,1.59375,0.9870575,0.6064453
196,9,-45,0.5625,0.24441125,0
196,10,-30,0,0.0008785,0.18164062
196,11,-15,0.125,0.3776295,1.0019531
196,12,0,0.375,0.77100925,1.5634766
196,13,15,0.125,0.37844525,1.0039062
196,14,30,0,0,0.18066406
196,15,45,0.5625,0.244223,0
196,16,60,1.59375,0.986932,0.6123047
196,17,75,2.65625,1.78630425,1.4824219
196,18,90,3.09375,2.16769875,1.8789062
196,19,105,2.625,1.8354375,1.5390625
196,20,120,1.46875,0.96578525,0.6064453
196,21,135,0.4375,0.19898025,0.029296875
196,22,150,0,0.01775825,0.2578125
196,23,165,0.125,0.42168,1.0693359
196,24,180,0.375,0.771072,1.5625
197,1,-165,0.875,0.8502625,0.9111328
197,2,-150,0.34375,0.427453,0.62402344
197,3,-135,0,0.0929955,0.2607422
197,4,-120,0.03125,0.002008,0.002929688
197,5,-105,0.5,0.2074515,0.0859375
197,6,-90,1.3125,0.709577,0.5751953
197,7,-75,1.6875,0.93428475,1.2988281
197,8,-60,0.53125,0.2799905,0.45214844
197,9,-45,0,0.02026825,0.12402344
197,10,-30,0.09375,0.11476975,0.16503906
197,11,-15,0.5625,0.46616975,0.4765625
197,12,0,1.125,1.0631105,1.0009766
197,13,15,0.5625,0.46629525,0.47753906
197,14,30,0.09375,0.11426775,0.16699219
197,15,45,0,0.02114675,0.12402344
197,16,60,0.53125,0.27829625,0.44335938
197,17,75,1.6875,0.941501,1.3056641
197,18,90,1.3125,0.71001625,0.5751953
197,19,105,0.5,0.207828,0.087890625
197,20,120,0.03125,0,0
197,21,135,0,0.0929955,0.2607422
197,22,150,0.34375,0.428457,0.6220703
197,23,165,0.875,0.8515175,0.91308594
197,24,180,1.125,1.06267125,1.0019531
198,1,-165,0.375,0.33012775,0.296875
198,2,-150,1.4375,1.2475955,1.1040039
198,3,-135,2.875,2.527821,2.1850586
198,4,-120,4.40625,3.857117,3.385254
198,5,-105,5.625,4.83175,4.5942383
198,6,-90,6.09375,5.16062275,5.390625
198,7,-75,5.78125,4.8640035,5.4404297
198,8,-60,5.03125,4.22564775,4.9575195
198,9,-45,4.28125,3.6341035,4.595703
198,10,-30,3.84375,3.32669125,4.557129
198,11,-15,3.625,3.28264075,4.616211
198,12,0,3.59375,3.3078035,4.6591797
198,13,15,3.625,3.282578,4.616211
198,14,30,3.84375,3.32669125,4.5566406
198,15,45,4.28125,3.632472,4.5976562
198,16,60,5.03125,4.22263575,4.953125
198,17,75,5.78125,4.86193275,5.4345703
198,18,90,6.09375,5.16062275,5.390625
198,19,105,5.625,4.832252,4.5947266
198,20,120,4.40625,3.85743075,3.3891602
198,21,135,2.875,2.5224245,2.1865234
198,22,150,1.4375,1.2485995,1.1035156
198,23,165,0.375,0.330065,0.296875
198,24,180,0,0,0
199,1,-165,0,0.1758255,0.15429688
199,2,-150,0.15625,0,0.006835938
199,3,-135,1.0625,0.54598775,0.44140625
199,4,-120,2.59375,1.76371425,1.4912109
199,5,-105,4.125,3.018024,2.8759766
199,6,-90,4.78125,3.55296775,3.4814453
199,7,-75,4.125,2.988657,2.9492188
199,8,-60,2.625,1.7583805,1.5917969
199,9,-45,1.09375,0.5676365,0.4736328
199,10,-30,0.15625,0.00357675,0.000976563
199,11,-15,0,0.1690485,0.14746094
199,12,0,0.125,0.4421365,0.3779297
199,13,15,0,0.16911125,0.14746094
199,14,30,0.15625,0.0036395,0
199,15,45,1.09375,0.5676365,0.4736328
199,16,60,2.625,1.7608905,1.5957031
199,17,75,4.125,2.988657,2.9492188
199,18,90,4.78125,3.55246575,3.4853516
199,19,105,4.125,3.01796125,2.875
199,20,120,2.59375,1.76371425,1.4921875
199,21,135,1.0625,0.54598775,0.44140625
199,22,150,0.15625,0,0.008789063
199,23,165,0,0.1758255,0.15429688
199,24,180,0.125,0.4391245,0.37402344
200,1,-165,0.0625,0,0
200,2,-150,0.46875,0.2011765,0.13476562
200,3,-135,1.375,0.867456,0.7558594
200,4,-120,2.71875,1.90879225,1.7949219
200,5,-105,3.96875,2.8863745,2.7558594
200,6,-90,4.46875,3.275299,3.1113281
200,7,-75,3.9375,2.85405825,2.8017578
200,8,-60,2.6875,1.88544925,1.8251953
200,9,-45,1.375,0.857416,0.7597656
200,10,-30,0.46875,0.203561,0.14746094
200,11,-15,0.0625,0.00382775,0.004882813
200,12,0,0,0.007028,0.055664062
200,13,15,0.0625,0.0038905,0.004882813
200,14,30,0.46875,0.20362375,0.14746094
200,15,45,1.375,0.85848275,0.765625
200,16,60,2.6875,1.885512,1.8251953
200,17,75,3.9375,2.8534935,2.8017578
200,18,90,4.46875,3.27498525,3.1142578
200,19,105,3.96875,2.888006,2.7646484
200,20,120,2.71875,1.91011,1.7949219
200,21,135,1.375,0.867456,0.7558594
200,22,150,0.46875,0.2011765,0.13378906
200,23,165,0.0625,0,0
200,24,180,0,0.00897325,0.056640625
201,1,-165,0.3125,0.20625925,0.21582031
201,2,-150,1.21875,0.860679,0.8876953
201,3,-135,2.65625,1.97317375,1.9707031
201,4,-120,4.46875,3.3700515,3.3115234
201,5,-105,6.15625,4.61469775,4.5742188
201,6,-90,6.875,5.113372,5.0683594
201,7,-75,6.15625,4.631452,4.557617
201,8,-60,4.53125,3.4240165,3.3066406
201,9,-45,2.71875,2.03429225,1.9755859
201,10,-30,1.25,0.898831,0.9033203
201,11,-15,0.3125,0.2149815,0.22265625
201,12,0,0,0,0
201,13,15,0.3125,0.2149815,0.22265625
201,14,30,1.25,0.898831,0.9033203
201,15,45,2.71875,2.0359865,1.9765625
201,16,60,4.53125,3.423891,3.3066406
201,17,75,6.15625,4.632456,4.564453
201,18,90,6.875,5.1157565,5.073242
201,19,105,6.15625,4.61469775,4.5742188
201,20,120,4.46875,3.3700515,3.3115234
201,21,135,2.65625,1.97317375,1.9707031
201,22,150,1.21875,0.860679,0.8876953
201,23,165,0.3125,0.20625925,0.21582031
201,24,180,0,0.00018825,0.004882813
202,1,-165,0.09375,0.69533275,0.78808594
202,2,-150,0,0.22094275,0.51953125
202,3,-135,0.21875,0.00269825,0.107421875
202,4,-120,0.875,0.169425,0.005859375
202,5,-105,1.59375,0.50758475,0.43066406
202,6,-90,1.90625,0.66345575,0.76171875
202,7,-75,1.59375,0.508024,0.4296875
202,8,-60,0.875,0.16973875,0.000976563
202,9,-45,0.21875,0,0.10253906
202,10,-30,0,0.21830725,0.5136719
202,11,-15,0.09375,0.69276,0.78125
202,12,0,0.15625,0.95750225,0.84472656
202,13,15,0.09375,0.69282275,0.78222656
202,14,30,0,0.21830725,0.5136719
202,15,45,0.21875,0,0.103515625
202,16,60,0.875,0.16973875,0
202,17,75,1.59375,0.508024,0.4296875
202,18,90,1.90625,0.66822475,0.7607422
202,19,105,1.59375,0.50758475,0.43164062
202,20,120,0.875,0.17074275,0.01171875
202,21,135,0.21875,0.00269825,0.107421875
202,22,150,0,0.218119,0.51464844
202,23,165,0.09375,0.69495625,0.7871094
202,24,180,0.15625,0.9574395,0.84472656
203,1,-165,14.125,13.74105775,10.667969
203,2,-150,13.09375,11.575618,8.814453
203,3,-135,10.15625,8.46441025,6.2304688
203,4,-120,7.65625,6.060395,4.048828
203,5,-105,5.9375,4.42506725,2.765625
203,6,-90,6.375,5.75863025,3.3261719
203,7,-75,5.5,5.18986425,3.1171875
203,8,-60,4.40625,4.53324825,3.0839844
203,9,-45,3,2.978115,2.46875
203,10,-30,1.34375,1.359416,1.2089844
203,11,-15,0.6875,0.91960125,0.35546875
203,12,0,0,0,0
203,13,15,2.03125,2.08486875,2.2832031
203,14,30,4.8125,4.78512675,4.9453125
203,15,45,7.6875,7.4422755,7.2539062
203,16,60,9.34375,8.58865525,8.130859
203,17,75,7.34375,6.02029775,4.8984375
203,18,90,6.03125,4.35792475,2.6542969
203,19,105,5.3125,3.6145255,1.6171875
203,20,120,5.6875,3.9405745,1.8417969
203,21,135,7.40625,5.5253885,3.5566406
203,22,150,10.15625,8.30308,6.439453
203,23,165,13.34375,11.6490355,10.349609
203,24,180,14.25,13.54898,11.865234
204,1,-165,0.15625,0.03043375,0
204,2,-150,0.75,0.37857075,0.07519531
204,3,-135,1.96875,1.330802,0.63964844
204,4,-120,3.6875,2.762255,1.6386719
204,5,-105,5.59375,4.3055285,2.8408203
204,6,-90,7.0625,5.446951,3.8339844
204,7,-75,7.4375,5.774004,4.2158203
204,8,-60,7.125,5.64329575,4.15625
204,9,-45,6.9375,5.66965075,4.2109375
204,10,-30,7.375,6.31735625,5.0214844
204,11,-15,8.53125,7.68311,6.314453
204,12,0,9.4375,8.79560475,6.991211
204,13,15,8.53125,7.68329825,6.314453
204,14,30,7.375,6.317419,5.0195312
204,15,45,6.9375,5.6694625,4.2109375
204,16,60,7.125,5.64505275,4.15625
204,17,75,7.4375,5.771745,4.211914
204,18,90,7.0625,5.448457,3.8310547
204,19,105,5.59375,4.30465,2.8427734
204,20,120,3.6875,2.76583175,1.640625
204,21,135,1.96875,1.3306765,0.6386719
204,22,150,0.75,0.3798885,0.07421875
204,23,165,0.15625,0.02930425,0.004882813
204,24,180,0,0,0.06347656
205,1,-165,0,0.00458075,0
205,2,-150,0.3125,0.316511,0.75878906
205,3,-135,1.1875,1.2915205,2.2382812
205,4,-120,2.375,2.4564115,3.567871
205,5,-105,3.40625,3.53815875,4.6191406
205,6,-90,3.90625,3.9674315,5.0009766
205,7,-75,3.59375,3.89445325,5.1835938
205,8,-60,2.625,2.990665,4.116211
205,9,-45,1.40625,1.76955,2.5151367
205,10,-30,0.59375,1.020566,1.5791016
205,11,-15,0.28125,0.75155675,1.0136719
205,12,0,0.375,0.98699475,1.2275391
205,13,15,0.28125,0.7468505,1.0024414
205,14,30,0.59375,1.01937375,1.5800781
205,15,45,1.4375,1.8680675,2.7597656
205,16,60,2.59375,2.943226,4.008789
205,17,75,3.59375,3.90085375,5.197754
205,18,90,3.90625,3.98657025,5.0219727
205,19,105,3.40625,3.53815875,4.6191406
205,20,120,2.375,2.475613,3.5942383
205,21,135,1.1875,1.2967915,2.265625
205,22,150,0.3125,0.31933475,0.7597656
205,23,165,0,0,0.000488281
205,24,180,0.125,0.18241425,0.125
206,1,-165,3.09375,3.41592175,3.7949219
206,2,-150,1.65625,1.92636225,2.1435547
206,3,-135,0.46875,0.5442935,0.62597656
206,4,-120,0,0.001757,0.008789063
206,5,-105,0.375,0.4323475,0.49316406
206,6,-90,1.5,1.7325275,1.8974609
206,7,-75,2.90625,3.24900675,3.5888672
206,8,-60,3.8125,4.05434025,4.451172
206,9,-45,3.1875,3.5070975,3.8632812
206,10,-30,1.6875,1.96627125,2.1435547
206,11,-15,0.4375,0.53193175,0.5859375
206,12,0,0,0,0
206,13,15,0.4375,0.53180625,0.5859375
206,14,30,1.6875,1.966334,2.1416016
206,15,45,3.1875,3.50716025,3.8652344
206,16,60,3.8125,4.054403,4.4492188
206,17,75,2.90625,3.2490695,3.5888672
206,18,90,1.5,1.7325275,1.8955078
206,19,105,0.375,0.43241025,0.49316406
206,20,120,0,0.00169425,0.009765625
206,21,135,0.46875,0.54423075,0.625
206,22,150,1.65625,1.9262995,2.1445312
206,23,165,3.09375,3.417365,3.7958984
206,24,180,3.8125,4.06036425,4.4589844
207,1,-165,6.5,5.964011,5.296875
207,2,-150,4.90625,4.31136425,3.4482422
207,3,-135,4.15625,3.38266425,2.2851562
207,4,-120,3.9375,3.02385975,1.4990234
207,5,-105,3.90625,2.77775425,0.890625
207,6,-90,3.40625,2.320244,0.7294922
207,7,-75,2.25,1.3590395,0.71191406
207,8,-60,0.8125,0.33615175,0.3623047
207,9,-45,0,0,0
207,10,-30,0.09375,0.5232095,0.3095703
207,11,-15,0.84375,1.674421,1.2255859
207,12,0,1.46875,2.475864,1.7998047
207,13,15,0.84375,1.65628625,1.2236328
207,14,30,0.09375,0.5277275,0.30859375
207,15,45,0,0.001004,0.000976563
207,16,60,0.8125,0.34205025,0.34765625
207,17,75,2.25,1.34705425,0.7158203
207,18,90,3.40625,2.3163535,0.7216797
207,19,105,3.875,2.77863275,0.8808594
207,20,120,3.96875,3.012753,1.5195312
207,21,135,4.15625,3.39960675,2.3232422
207,22,150,4.90625,4.3150665,3.4453125
207,23,165,6.5,5.96733675,5.2939453
207,24,180,8.65625,7.95921,7.6884766
208,1,-165,0.5,1.062483,0.7753906
208,2,-150,0,0.31745225,0.20898438
208,3,-135,0.0625,0,0
208,4,-120,0.59375,0.0972625,0.32421875
208,5,-105,1.375,0.51222825,1.1054688
208,6,-90,2.09375,1.08337875,1.7480469
208,7,-75,1.9375,1.27727625,1.390625
208,8,-60,1.1875,0.801945,1.0097656
208,9,-45,0.5,0.30076075,0.38085938
208,10,-30,0.375,0.22583725,0.15625
208,11,-15,0.78125,0.59995275,0.40429688
208,12,0,1.34375,1.090595,0.6230469
208,13,15,0.78125,0.5959995,0.39648438
208,14,30,0.375,0.223139,0.16015625
208,15,45,0.5,0.299945,0.37890625
208,16,60,1.1875,0.8038275,1.0136719
208,17,75,1.90625,1.2503565,1.375
208,18,90,2.09375,1.083818,1.7441406
208,19,105,1.375,0.50281575,1.0683594
208,20,120,0.65625,0.098392,0.33984375
208,21,135,0.0625,0.0008785,0
208,22,150,0,0.320025,0.21875
208,23,165,0.5,1.062483,0.7636719
208,24,180,1.125,1.7463325,1.1113281
209,1,-165,1.75,1.65088975,1.4433594
209,2,-150,0.953125,0.9140165,0.8696289
209,3,-135,0.265625,0.264052,0.28125
209,4,-120,0,0,0
209,5,-105,0.234375,0.2222605,0.27490234
209,6,-90,0.8984375,0.844866,0.9970703
209,7,-75,1.7421875,1.61738125,1.668457
209,8,-60,2.3125,2.114424,1.9204102
209,9,-45,2.2421875,1.98622575,1.7172852
209,10,-30,1.59375,1.24979175,1.168457
209,11,-15,0.859375,0.4421365,0.52734375
209,12,0,0.5625,0.10385125,0.26757812
209,13,15,0.859375,0.4421365,0.52734375
209,14,30,1.59375,1.24979175,1.168457
209,15,45,2.2421875,1.98622575,1.7172852
209,16,60,2.3125,2.114424,1.9204102
209,17,75,1.7421875,1.61738125,1.668457
209,18,90,0.8984375,0.84492875,0.99658203
209,19,105,0.234375,0.2222605,0.27539062
209,20,120,0,0,0.001464844
209,21,135,0.265625,0.264052,0.28076172
209,22,150,0.953125,0.9140165,0.8701172
209,23,165,1.75,1.65088975,1.4433594
209,24,180,2.125,1.993191,1.706543
210,1,-165,0.53125,0.931712,0.9140625
210,2,-150,2.21875,2.78879825,3.3164062
210,3,-135,4.5,4.8037635,5.5117188
210,4,-120,7.46875,7.2859025,7.8828125
210,5,-105,9.75,10.135129,9.703125
210,6,-90,7.09375,7.2921775,7.0839844
210,7,-75,4.15625,4.095316,4.2148438
210,8,-60,1.9375,1.6835825,1.8945312
210,9,-45,0.75,0.38710475,0.5
210,10,-30,0.40625,0,0
210,11,-15,0.71875,0.224143,0.16210938
210,12,0,1.5625,0.94081075,0.8613281
210,13,15,0.71875,0.22847275,0.16601562
210,14,30,0.40625,0.00131775,0.00390625
210,15,45,0.75,0.389552,0.49609375
210,16,60,1.9375,1.683708,1.8984375
210,17,75,4.15625,4.092806,4.201172
210,18,90,7.09375,7.296821,7.0898438
210,19,105,9.8125,10.1294815,9.714844
210,20,120,7.46875,7.30027225,7.9101562
210,21,135,4.5,4.80307325,5.5078125
210,22,150,2.28125,2.57526,2.8203125
210,23,165,0.53125,0.9280725,0.9160156
210,24,180,0,0.4267,0.099609375
211,1,-165,0.53125,0.390807,0.3701172
211,2,-150,2,1.545909,1.4726562
211,3,-135,4.25,3.35517975,3.2109375
211,4,-120,6.90625,5.50725375,5.1845703
211,5,-105,9.3125,7.37783125,6.7734375
211,6,-90,10.4375,8.188875,7.586914
211,7,-75,9.40625,7.48237275,6.8251953
211,8,-60,7,5.58958175,5.2802734
211,9,-45,4.25,3.38592725,3.3388672
211,10,-30,1.96875,1.52978225,1.5146484
211,11,-15,0.5,0.3849085,0.39160156
211,12,0,0,0,0.004882813
211,13,15,0.5,0.38497125,0.39160156
211,14,30,1.96875,1.53003325,1.5146484
211,15,45,4.25,3.3946495,3.3447266
211,16,60,7,5.59422525,5.298828
211,17,75,9.40625,7.48387875,6.8359375
211,18,90,10.4375,8.188875,7.5878906
211,19,105,9.3125,7.37783125,6.772461
211,20,120,6.90625,5.50399075,5.1777344
211,21,135,4.25,3.3554935,3.2158203
211,22,150,2,1.54446575,1.4755859
211,23,165,0.53125,0.39061875,0.3701172
211,24,180,0,0.00081575,0
212,1,-165,0.25,0.1354145,0.18847656
212,2,-150,0.96875,0.588344,0.6875
212,3,-135,2.09375,1.3567805,1.3496094
212,4,-120,3.375,2.23597075,2.0917969
212,5,-105,4.375,2.90312875,2.8417969
212,6,-90,4.6875,3.0304485,3.178711
212,7,-75,4.0625,2.54419875,2.7675781
212,8,-60,2.9375,1.698517,2.03125
212,9,-45,1.78125,0.92725675,1.3974609
212,10,-30,1,0.4800375,0.9472656
212,11,-15,0.65625,0.3485135,0.6308594
212,12,0,0.5625,0.35893,0.51953125
212,13,15,0.65625,0.348639,0.6308594
212,14,30,1,0.48122975,0.9453125
212,15,45,1.78125,0.92499775,1.3945312
212,16,60,2.9375,1.70234475,2.0332031
212,17,75,4.0625,2.5442615,2.7675781
212,18,90,4.6875,3.027813,3.171875
212,19,105,4.375,2.90300325,2.8417969
212,20,120,3.375,2.2360335,2.0917969
212,21,135,2.09375,1.3628045,1.3574219
212,22,150,0.96875,0.59254825,0.6982422
212,23,165,0.25,0.1359165,0.19335938
212,24,180,0,0,0
213,1,-165,0.1875,0.4135225,0.9003906
213,2,-150,0,0.001004,0.12109375
213,3,-135,0.3125,0.075049,0
213,4,-120,1.125,0.51837775,0.2548828
213,5,-105,1.9375,1.04372075,0.61621094
213,6,-90,2.4375,1.455047,1.0478516
213,7,-75,2.125,1.4519095,1.4023438
213,8,-60,1.4375,1.0284725,1.09375
213,9,-45,0.9375,0.77552725,0.57714844
213,10,-30,1.125,1.136277,0.7236328
213,11,-15,2,2.0894495,1.5908203
213,12,0,2.875,2.8923985,2.375
213,13,15,2,2.08838275,1.5908203
213,14,30,1.125,1.13382975,0.7236328
213,15,45,0.9375,0.77828825,0.57714844
213,16,60,1.4375,1.027845,1.0947266
213,17,75,2.125,1.45197225,1.3994141
213,18,90,2.4375,1.45473325,1.046875
213,19,105,1.9375,1.043658,0.61328125
213,20,120,1.125,0.51762475,0.25683594
213,21,135,0.3125,0.07781,0.005859375
213,22,150,0,0,0.11621094
213,23,165,0.1875,0.41345975,0.89941406
213,24,180,0.5,0.812236,1.6103516
214,1,-165,0.3125,0.2958035,0.25976562
214,2,-150,1.15625,1.095866,0.9160156
214,3,-135,2.125,2.049164,1.5683594
214,4,-120,2.4375,2.11021975,1.6357422
214,5,-105,2.21875,1.798666,1.7998047
214,6,-90,2.21875,1.8429675,1.8408203
214,7,-75,2.65625,2.056192,1.7255859
214,8,-60,3.5625,2.61623575,2.2148438
214,9,-45,4.3125,3.06722,3.4970703
214,10,-30,4.96875,3.4576505,4.1191406
214,11,-15,5.71875,4.0592975,4.7402344
214,12,0,5.875,4.94902975,5.435547
214,13,15,5.71875,4.05772875,4.7402344
214,14,30,4.96875,3.45771325,4.1191406
214,15,45,4.3125,3.066467,3.4980469
214,16,60,3.5625,2.62690325,2.227539
214,17,75,2.65625,2.056443,1.7236328
214,18,90,2.21875,1.842842,1.8417969
214,19,105,2.21875,1.79910525,1.7988281
214,20,120,2.4375,2.109906,1.6347656
214,21,135,2.125,2.048662,1.5683594
214,22,150,1.15625,1.08877525,0.9082031
214,23,165,0.3125,0.29548975,0.2607422
214,24,180,0,0,0
215,1,-165,0.3125,0.20236875,0.5488281
215,2,-150,1.21875,0.860428,1.2099609
215,3,-135,2.75,2.03579825,2.2470703
215,4,-120,4.9375,3.730613,3.796875
215,5,-105,7.59375,5.786805,5.118164
215,6,-90,9.625,7.50282925,7.0390625
215,7,-75,7.78125,6.27029375,6.1953125
215,8,-60,4.96875,3.9744595,4.270508
215,9,-45,2.71875,2.15063075,2.4072266
215,10,-30,1.15625,0.9150205,1.0400391
215,11,-15,0.28125,0.225649,0.25683594
215,12,0,0,0.01361675,0
215,13,15,0.28125,0.22508425,0.25683594
215,14,30,1.15625,0.91495775,1.0410156
215,15,45,2.71875,2.15063075,2.4082031
215,16,60,4.96875,3.971071,4.2646484
215,17,75,7.78125,6.27142325,6.194336
215,18,90,9.625,7.50220175,7.0351562
215,19,105,7.59375,5.78686775,5.118164
215,20,120,4.9375,3.73293475,3.805664
215,21,135,2.75,2.03642575,2.25
215,22,150,1.21875,0.8605535,1.2109375
215,23,165,0.3125,0.2021805,0.54785156
215,24,180,0.03125,0,0.31640625
216,1,-165,5.9375,5.5251375,6.1347656
216,2,-150,6,5.4106815,6.2070312
216,3,-135,6.40625,5.63174975,6.5390625
216,4,-120,7.15625,6.1631795,7.198242
216,5,-105,7.8125,6.66549325,7.916992
216,6,-90,7.8125,6.639703,7.9804688
216,7,-75,6.8125,5.779526,7.006836
216,8,-60,5,4.278546,5.21875
216,9,-45,3.0625,2.63016625,3.203125
216,10,-30,1.4375,1.22255825,1.4765625
216,11,-15,0.375,0.30264325,0.3671875
216,12,0,0,0,0
216,13,15,0.375,0.30377275,0.36621094
216,14,30,1.4375,1.22255825,1.4765625
216,15,45,3.0625,2.63016625,3.203125
216,16,60,5,4.280052,5.2158203
216,17,75,6.8125,5.78849925,7.0126953
216,18,90,7.8125,6.638197,7.9716797
216,19,105,7.8125,6.66549325,7.916992
216,20,120,7.15625,6.1631795,7.1992188
216,21,135,6.40625,5.631687,6.5390625
216,22,150,6,5.4106815,6.2070312
216,23,165,5.9375,5.5251375,6.1347656
216,24,180,5.96875,5.66161875,6.1464844
217,1,-165,0.3125,0.21278525,0.15429688
217,2,-150,1.25,0.88119825,0.6191406
217,3,-135,2.71875,2.00843925,1.3847656
217,4,-120,4.5,3.439704,2.4179688
217,5,-105,6.15625,4.77998125,3.446289
217,6,-90,7.09375,5.60815575,4.1279297
217,7,-75,7.125,5.771745,4.290039
217,8,-60,6.5,5.43233025,3.9814453
217,9,-45,5.75,4.991135,3.6884766
217,10,-30,5.28125,4.7924685,3.6240234
217,11,-15,5.1875,4.87661625,3.7539062
217,12,0,5.21875,4.972059,3.8544922
217,13,15,5.1875,4.876679,3.7539062
217,14,30,5.28125,4.79253125,3.6259766
217,15,45,5.75,4.99132325,3.6884766
217,16,60,6.5,5.4322675,3.9794922
217,17,75,7.125,5.771494,4.2910156
217,18,90,7.09375,5.60803025,4.1289062
217,19,105,6.15625,4.7751495,3.4433594
217,20,120,4.5,3.439955,2.4140625
217,21,135,2.71875,2.007749,1.3876953
217,22,150,1.25,0.8816375,0.61621094
217,23,165,0.3125,0.21291075,0.15429688
217,24,180,0,0,0
218,1,-165,1.5625,0.8534,0.7841797
218,2,-150,1.8125,0.952796,1.0146484
218,3,-135,2.40625,1.322268,1.4111328
218,4,-120,3.03125,1.66042775,1.7138672
218,5,-105,3.28125,1.779339,2.0664062
218,6,-90,3.09375,1.78730825,2.1513672
218,7,-75,3,1.6805705,1.8300781
218,8,-60,1.75,0.71227525,0.7519531
218,9,-45,0.78125,0.115962,0.16113281
218,10,-30,0.1875,0,0.000976563
218,11,-15,0,0.191513,0.12695312
218,12,0,0.03125,0.42877075,0.33984375
218,13,15,0,0.187246,0.12792969
218,14,30,0.1875,0.00056475,0
218,15,45,0.78125,0.11627575,0.1640625
218,16,60,1.75,0.71064375,0.75
218,17,75,3,1.6793155,1.8291016
218,18,90,3.09375,1.78492375,2.1542969
218,19,105,3.28125,1.7814725,2.071289
218,20,120,3.03125,1.65854525,1.7158203
218,21,135,2.40625,1.32107575,1.4121094
218,22,150,1.8125,0.953047,1.0126953
218,23,165,1.5625,0.8540275,0.7792969
218,24,180,1.6875,0.9807825,0.5830078
219,1,-165,1.84375,2.76382375,3.0166016
219,2,-150,0.59375,1.20900425,1.5117188
219,3,-135,0,0.255518,0.58984375
219,4,-120,0.125,0.113954,0.3466797
219,5,-105,0.71875,0.464099,0.25683594
219,6,-90,1.1875,0.748231,0.25097656
219,7,-75,1.15625,0.6401755,0.0234375
219,8,-60,0.625,0.2704525,0
219,9,-45,0.0625,0.00031375,0.041015625
219,10,-30,0.0625,0.2937955,0.5810547
219,11,-15,0.84375,1.40415675,1.8457031
219,12,0,1.6875,2.60569375,2.9433594
219,13,15,0.84375,1.40591375,1.8505859
219,14,30,0.0625,0.294674,0.58203125
219,15,45,0.0625,0,0.041015625
219,16,60,0.625,0.2704525,0
219,17,75,1.15625,0.64011275,0.017578125
219,18,90,1.1875,0.74979975,0.2548828
219,19,105,0.71875,0.46290675,0.25585938
219,20,120,0.125,0.1153345,0.34277344
219,21,135,0,0.25620825,0.5917969
219,22,150,0.59375,1.209067,1.5058594
219,23,165,1.84375,2.7631335,3.015625
219,24,180,2.625,3.73531925,3.9091797
220,1,-165,0,0,0
220,2,-150,0.40625,0.028363,0.13867188
220,3,-135,1.1875,0.34845075,0.5185547
220,4,-120,2.3125,0.956812,1.1132812
220,5,-105,3.5625,1.72066775,1.8007812
220,6,-90,4.5625,2.37948,2.3007812
220,7,-75,4.84375,2.632488,2.7021484
220,8,-60,4.5,2.33662175,2.6855469
220,9,-45,4.53125,2.4092235,2.71875
220,10,-30,5.25,3.29312,3.40625
220,11,-15,6.65625,4.96973725,4.6552734
220,12,0,8,6.79149525,4.8291016
220,13,15,6.65625,4.969298,4.6435547
220,14,30,5.25,3.2907355,3.4072266
220,15,45,4.53125,2.40740375,2.7158203
220,16,60,4.5,2.33724925,2.6904297
220,17,75,4.84375,2.63129575,2.6845703
220,18,90,4.5625,2.37929175,2.2958984
220,19,105,3.5625,1.7227385,1.8076172
220,20,120,2.3125,0.95574525,1.1103516
220,21,135,1.1875,0.34958025,0.5175781
220,22,150,0.40625,0.032128,0.1484375
220,23,165,0,6.28E-05,0
220,24,180,0.4375,0.4554395,0.8955078
221,1,-165,8.0625,7.783008,5.790039
221,2,-150,6.15625,5.9545985,4.1640625
221,3,-135,4.8125,4.475581,2.8789062
221,4,-120,2.6875,2.4581685,0.71972656
221,5,-105,3.5625,3.1348645,1.4609375
221,6,-90,3.84375,3.446481,1.7392578
221,7,-75,4.4375,3.60643075,1.5742188
221,8,-60,5.46875,5.57163525,3.3417969
221,9,-45,5.46875,5.7058575,3.477539
221,10,-30,3.15625,3.41265875,2.131836
221,11,-15,1.125,1.384014,0.6142578
221,12,0,0.0625,0.22006425,0.00390625
221,13,15,0,0,0
221,14,30,0.90625,0.7465995,0.5439453
221,15,45,2.3125,2.2330215,1.7734375
221,16,60,3.4375,3.280068,2.2324219
221,17,75,4.5,4.07454575,2.0595703
221,18,90,6,4.983103,1.5195312
221,19,105,6.6875,5.73089475,1.9716797
221,20,120,7.8125,7.01024175,3.0654297
221,21,135,9.375,8.7103275,5.111328
221,22,150,11.34375,10.82807725,7.536133
221,23,165,13.03125,12.715911,9.244141
221,24,180,10.75,10.5155195,8.3515625
222,1,-165,0.3125,0.105922,0.41796875
222,2,-150,1.09375,0.7016705,1.1171875
222,3,-135,2.09375,1.4622005,1.9736328
222,4,-120,2.4375,2.588061,2.359375
222,5,-105,1.5625,1.5701305,1.4980469
222,6,-90,0.78125,0.65617675,0.5107422
222,7,-75,0.75,0.00069025,0.001953125
222,8,-60,1.28125,0.12801,0.16015625
222,9,-45,2.5,1.00079975,0.9580078
222,10,-30,4.125,2.461808,2.4199219
222,11,-15,5.625,3.935429,3.8779297
222,12,0,6.53125,4.8396565,4.6572266
222,13,15,5.625,3.94239425,3.8740234
222,14,30,4.15625,2.45547025,2.4199219
222,15,45,2.5,0.99967025,0.95214844
222,16,60,1.28125,0.126253,0.16601562
222,17,75,0.75,0,0
222,18,90,0.78125,0.662138,0.5136719
222,19,105,1.5625,1.58926925,1.4189453
222,20,120,2.4375,2.58498625,2.3613281
222,21,135,2.09375,1.46075725,1.9697266
222,22,150,1.09375,0.704306,1.125
222,23,165,0.3125,0.116715,0.44433594
222,24,180,0,0.012801,0.27929688
223,1,-165,0,0.014558,0
223,2,-150,0.3125,0.009036,0.029296875
223,3,-135,1.34375,0.6886185,0.64746094
223,4,-120,3,1.9860375,1.8359375
223,5,-105,4.59375,3.27699325,3.1621094
223,6,-90,5.25,3.81902775,3.7626953
223,7,-75,4.59375,3.25703875,3.2246094
223,8,-60,3,1.971856,1.8779297
223,9,-45,1.375,0.6913795,0.6699219
223,10,-30,0.3125,0,0.022460938
223,11,-15,0,0.015311,0.002929688
223,12,0,0.03125,0.1911365,0.13867188
223,13,15,0,0.015311,0.00390625
223,14,30,0.3125,0.0001255,0.022460938
223,15,45,1.375,0.6913795,0.6699219
223,16,60,3,1.9717305,1.875
223,17,75,4.59375,3.2553445,3.2177734
223,18,90,5.25,3.8190905,3.758789
223,19,105,4.59375,3.27699325,3.1621094
223,20,120,3,1.97995075,1.8300781
223,21,135,1.34375,0.6886185,0.64746094
223,22,150,0.3125,0.00884775,0.029296875
223,23,165,0,0.014558,0.000976563
223,24,180,0.03125,0.193019,0.14746094
224,1,-165,0.125,0.4267,0.9189453
224,2,-150,0,0,0.30273438
224,3,-135,0.375,0.08966975,0
224,4,-120,1.28125,0.67801375,0.2998047
224,5,-105,2.3125,1.46653025,1.0976562
224,6,-90,3.125,2.0387475,2.133789
224,7,-75,2.90625,1.96827925,2.1308594
224,8,-60,2.4375,1.47581725,1.9101562
224,9,-45,2.34375,1.47318175,2
224,10,-30,3.0625,2.36937725,2.9882812
224,11,-15,4.40625,4.04417475,4.364258
224,12,0,5.53125,5.59874325,4.9277344
224,13,15,4.40625,4.043108,4.3652344
224,14,30,3.0625,2.3663025,2.984375
224,15,45,2.34375,1.47481325,1.9990234
224,16,60,2.4375,1.47606825,1.9150391
224,17,75,2.90625,1.9699735,2.1357422
224,18,90,3.09375,2.05123475,2.100586
224,19,105,2.3125,1.4667185,1.0966797
224,20,120,1.28125,0.67826475,0.30859375
224,21,135,0.375,0.0914895,0
224,22,150,0,0.001004,0.30371094
224,23,165,0.125,0.42826875,0.92578125
224,24,180,0.59375,0.7827435,2.2548828
225,1,-165,0.3125,0.1612675,0.1796875
225,2,-150,1.34375,0.80752975,0.8183594
225,3,-135,3.09375,2.06642025,2.0214844
225,4,-120,5.25,3.75263825,3.71875
225,5,-105,7.15625,5.31247775,5.4609375
225,6,-90,7.96875,5.9641365,6.216797
225,7,-75,7.1875,5.3258435,5.453125
225,8,-60,5.28125,3.7944925,3.7460938
225,9,-45,3.125,2.1040075,2.0878906
225,10,-30,1.375,0.83451225,0.87109375
225,11,-15,0.3125,0.1821005,0.20703125
225,12,0,0,0.00018825,0
225,13,15,0.3125,0.1675425,0.17773438
225,14,30,1.375,0.81844825,0.81640625
225,15,45,3.125,2.092838,2.0332031
225,16,60,5.28125,3.79166875,3.7167969
225,17,75,7.15625,5.31498775,5.4277344
225,18,90,7.96875,5.962756,6.2089844
225,19,105,7.15625,5.320698,5.486328
225,20,120,5.25,3.76995725,3.78125
225,21,135,3.09375,2.076774,2.0917969
225,22,150,1.375,0.82359375,0.87109375
225,23,165,0.3125,0.18216325,0.20117188
225,24,180,0,0,0
226,1,-165,0.9375,0.33339075,1.4746094
226,2,-150,0.8125,0.33634,1.0664062
226,3,-135,0.6875,0.36238125,0.77441406
226,4,-120,0.25,0.15492975,0.67578125
226,5,-105,0,0,0.23339844
226,6,-90,0.25,0.01813475,0
226,7,-75,0.78125,0.32648825,0.6904297
226,8,-60,1.15625,0.16823275,1.8603516
226,9,-45,1.9375,0.98643,1.7705078
226,10,-30,3.25,2.462059,2.9492188
226,11,-15,4.40625,3.64659075,4.209961
226,12,0,4.96875,4.0946885,4.783203
226,13,15,4.40625,3.64345325,4.208008
226,14,30,4.03125,2.88355075,3.3447266
226,15,45,1.9375,0.9905715,1.7773438
226,16,60,1.15625,0.1698015,1.8623047
226,17,75,0.78125,0.32661375,0.6904297
226,18,90,0.25,0.01788375,0.001953125
226,19,105,0,0.001255,0.23828125
226,20,120,0.25,0.16434225,0.67578125
226,21,135,0.65625,0.357926,0.7841797
226,22,150,0.8125,0.336089,1.0634766
226,23,165,0.9375,0.332826,1.4726562
226,24,180,1.375,0.6419325,1.875
227,1,-165,0.125,0.0051455,0.005859375
227,2,-150,0.625,0.13346925,0
227,3,-135,1.53125,0.58978725,0.40820312
227,4,-120,2.90625,1.37441325,1.3955078
227,5,-105,4.28125,2.280084,2.4033203
227,6,-90,5.25,2.9367,2.9667969
227,7,-75,5.40625,3.19090025,3.040039
227,8,-60,5,3.074248,2.508789
227,9,-45,4.40625,2.8191065,2.0546875
227,10,-30,3.78125,2.563965,1.8574219
227,11,-15,3.40625,2.430935,1.6220703
227,12,0,3.46875,2.78126825,2.4238281
227,13,15,3.71875,2.95445825,2.5898438
227,14,30,4.5,3.47842075,3.100586
227,15,45,4.40625,2.81904375,2.0546875
227,16,60,5,3.0743735,2.506836
227,17,75,5.40625,3.19140225,3.0361328
227,18,90,5.25,2.937202,2.9697266
227,19,105,4.28125,2.266781,2.3857422
227,20,120,2.90625,1.37717425,1.3945312
227,21,135,1.53125,0.59041475,0.41210938
227,22,150,0.625,0.13346925,0.001953125
227,23,165,0.125,0.0051455,0.005859375
227,24,180,0,0,0.123046875
228,1,-165,0.40625,0.552451,0.61035156
228,2,-150,1.5625,1.97066375,2.2197266
228,3,-135,3.09375,3.6777775,4.3164062
228,4,-120,4.5,5.0733375,5.9990234
228,5,-105,5.46875,5.51641525,6.2539062
228,6,-90,5.34375,5.18446775,5.598633
228,7,-75,4.875,4.78098525,4.826172
228,8,-60,4.5625,4.7420175,4.6083984
228,9,-45,4.65625,5.174114,4.9677734
228,10,-30,5.125,5.9786945,5.736328
228,11,-15,5.9375,7.0261175,6.7441406
228,12,0,6.875,8.1054175,6.9814453
228,13,15,5.90625,6.954206,5.9433594
228,14,30,5.1875,5.98076525,5.165039
228,15,45,4.8125,5.3047595,4.6904297
228,16,60,4.78125,5.02545925,4.5908203
228,17,75,5.15625,5.15233975,5.0625
228,18,90,5.6875,5.5811105,6.017578
228,19,105,5.625,5.86605825,6.720703
228,20,120,4.5625,5.155289,6.1240234
228,21,135,3.125,3.68411525,4.298828
228,22,150,1.625,1.96840475,2.2353516
228,23,165,0.4375,0.55276475,0.63964844
228,24,180,0,0,0
229,1,-165,0.25,0.470876,0.37890625
229,2,-150,0,0,0
229,3,-135,0.59375,0.40429825,0.49804688
229,4,-120,1.9375,1.463079,1.5625
229,5,-105,3.6875,2.92170275,3.0117188
229,6,-90,5.15625,4.22577325,4.466797
229,7,-75,4.9375,4.72639275,5.142578
229,8,-60,5.125,4.58696225,4.544922
229,9,-45,4.71875,4.43209525,4.2441406
229,10,-30,4.875,4.8577285,4.7734375
229,11,-15,5.78125,6.034542,6.185547
229,12,0,7.09375,7.55252725,7.6777344
229,13,15,5.78125,6.0331615,6.173828
229,14,30,4.875,4.85741475,4.767578
229,15,45,4.71875,4.43234625,4.2441406
229,16,60,5.125,4.59085275,4.5410156
229,17,75,4.9375,4.72576525,5.142578
229,18,90,5.15625,4.22778125,4.46875
229,19,105,3.6875,2.91592975,3.0136719
229,20,120,1.9375,1.46276525,1.5585938
229,21,135,0.59375,0.40341975,0.5
229,22,150,0,0.00483175,0.001953125
229,23,165,0.25,0.46930725,0.37695312
229,24,180,1.125,1.544905,1.453125
230,1,-165,0.15625,0.1233665,0.18945312
230,2,-150,0.78125,0.66257725,0.74316406
230,3,-135,2.03125,1.773064,1.8955078
230,4,-120,3.8125,3.40123825,3.4726562
230,5,-105,5.75,5.187166,4.892578
230,6,-90,6.90625,6.17817675,5.379883
230,7,-75,5.6875,5.251422,4.7148438
230,8,-60,3.75,3.5018265,3.3857422
230,9,-45,1.96875,1.835563,1.8417969
230,10,-30,0.75,0.6946425,0.6923828
230,11,-15,0.15625,0.15562,0.13574219
230,12,0,0,0.03721075,0
230,13,15,0.15625,0.1577535,0.13574219
230,14,30,0.75,0.6946425,0.6923828
230,15,45,1.96875,1.83550025,1.8417969
230,16,60,3.75,3.5028305,3.3808594
230,17,75,5.6875,5.25826175,4.7226562
230,18,90,6.90625,6.17529025,5.3759766
230,19,105,5.75,5.186664,4.895508
230,20,120,3.8125,3.40123825,3.4726562
230,21,135,2.03125,1.773064,1.8955078
230,22,150,0.78125,0.66257725,0.74316406
230,23,165,0.15625,0.1233665,0.18945312
230,24,180,0,0,0.059570312
231,1,-165,3.5,3.1474145,3.359375
231,2,-150,4.5625,4.0472495,4.6328125
231,3,-135,5.53125,4.8853385,5.6552734
231,4,-120,5.59375,4.91301125,5.5751953
231,5,-105,4.46875,3.87412225,4.225586
231,6,-90,2.65625,2.22191475,2.3271484
231,7,-75,0.96875,0.76987975,0.85546875
231,8,-60,0,6.27E-05,0
231,9,-45,0.75,0.802447,1.0263672
231,10,-30,2.84375,2.8248795,3.2617188
231,11,-15,5.0625,4.960262,5.758789
231,12,0,6.0625,5.9475705,6.9921875
231,13,15,5.0625,4.95906975,5.7529297
231,14,30,2.84375,2.824252,3.2529297
231,15,45,0.75,0.802447,1.0273438
231,16,60,0,0,0.000976563
231,17,75,0.96875,0.769817,0.85253906
231,18,90,2.65625,2.221852,2.3291016
231,19,105,4.46875,3.874687,4.2333984
231,20,120,5.59375,4.91326225,5.571289
231,21,135,5.53125,4.8853385,5.6533203
231,22,150,4.5625,4.049132,4.6376953
231,23,165,3.5,3.1474145,3.3564453
231,24,180,3.09375,2.83862175,2.7597656
232,1,-165,0.25,0.1590085,0.33398438
232,2,-150,1.0625,0.6745625,1.2431641
232,3,-135,2.34375,1.57879,2.5195312
232,4,-120,3.90625,2.7631335,3.8808594
232,5,-105,5.46875,3.93687225,5.1484375
232,6,-90,6.4375,4.69872,5.9970703
232,7,-75,6.3125,4.80344975,5.8710938
232,8,-60,5.28125,4.2736515,5.135742
232,9,-45,4.03125,3.50414825,4.2001953
232,10,-30,3,2.85782325,3.3642578
232,11,-15,2.40625,2.498705,2.8320312
232,12,0,2.1875,2.3848765,2.6425781
232,13,15,2.40625,2.4985795,2.8320312
232,14,30,3,2.857886,3.3642578
232,15,45,4.03125,3.50339525,4.2021484
232,16,60,5.28125,4.273777,5.1347656
232,17,75,6.3125,4.80344975,5.8740234
232,18,90,6.4375,4.69865725,5.998047
232,19,105,5.46875,3.93260525,5.1416016
232,20,120,3.90625,2.76319625,3.8808594
232,21,135,2.34375,1.57872725,2.5195312
232,22,150,1.0625,0.6745625,1.2431641
232,23,165,0.25,0.15894575,0.3330078
232,24,180,0,0,0
233,1,-165,2.15625,3.3218595,3.1386719
233,2,-150,1.75,2.7347705,2.7988281
233,3,-135,1.46875,2.151321,2.1328125
233,4,-120,1.40625,1.943493,1.6435547
233,5,-105,0.4375,0.747227,0.6484375
233,6,-90,0,6.28E-05,0
233,7,-75,0.15625,0.1399325,0.053710938
233,8,-60,0.5,0.628755,0.36914062
233,9,-45,0.71875,0.90567075,0.7763672
233,10,-30,0.8125,0.92750775,1.0732422
233,11,-15,0.90625,0.89356,1.1132812
233,12,0,0.9375,0.872978,1.0898438
233,13,15,0.90625,0.8934345,1.1132812
233,14,30,0.8125,0.92788425,1.0722656
233,15,45,0.71875,0.905608,0.7753906
233,16,60,0.5,0.62881775,0.36914062
233,17,75,0.15625,0.1396815,0.053710938
233,18,90,0,0,0
233,19,105,0.4375,0.74666225,0.6435547
233,20,120,1.40625,1.94368125,1.6445312
233,21,135,1.46875,2.151321,2.1328125
233,22,150,1.75,2.73495875,2.7988281
233,23,165,2.15625,3.32242425,3.1376953
233,24,180,2.34375,3.5550385,3.1845703
234,1,-165,0.34375,0.64048925,0.82714844
234,2,-150,0,0.00043925,0.010742188
234,3,-135,0.34375,0.0711585,0.000976563
234,4,-120,1.25,0.737689,0.5761719
234,5,-105,2.3125,1.71188275,1.4599609
234,6,-90,3.0625,2.626213,2.3427734
234,7,-75,2.15625,1.70598425,1.4755859
234,8,-60,1.0625,0.71905225,0.56640625
234,9,-45,0.21875,0.04210525,0
234,10,-30,0,0.07059375,0.09765625
234,11,-15,0.46875,0.81518525,1.0166016
234,12,0,1.3125,1.8226365,2.0917969
234,13,15,0.46875,0.81606375,1.0126953
234,14,30,0,0.0706565,0.09472656
234,15,45,0.21875,0.04298375,0.000976563
234,16,60,1.0625,0.72231525,0.5625
234,17,75,2.15625,1.70548225,1.4765625
234,18,90,3.0625,2.62790725,2.3486328
234,19,105,2.3125,1.708557,1.4492188
234,20,120,1.25,0.7378145,0.57714844
234,21,135,0.34375,0.07147225,0.00390625
234,22,150,0,0,0.009765625
234,23,165,0.34375,0.640803,0.82714844
234,24,180,1.21875,1.747211,2.0634766
235,1,-165,0.25,0.179465,0.24316406
235,2,-150,1.0625,0.76649125,0.93847656
235,3,-135,2.34375,1.7694245,2.0195312
235,4,-120,3.90625,3.00980375,3.3203125
235,5,-105,5.34375,4.11558425,4.5595703
235,6,-90,5.9375,4.58357375,5.1259766
235,7,-75,5.375,4.1521675,4.567383
235,8,-60,3.96875,3.0487715,3.3417969
235,9,-45,2.375,1.7794645,2.046875
235,10,-30,1.0625,0.76536175,0.9560547
235,11,-15,0.25,0.175198,0.24609375
235,12,0,0,0.0021335,0.001953125
235,13,15,0.25,0.17526075,0.24609375
235,14,30,1.0625,0.76523625,0.9560547
235,15,45,2.375,1.7794645,2.0458984
235,16,60,3.96875,3.0487715,3.3417969
235,17,75,5.375,4.1521675,4.5654297
235,18,90,5.9375,4.583511,5.1259766
235,19,105,5.34375,4.11570975,4.5585938
235,20,120,3.90625,3.00992925,3.319336
235,21,135,2.34375,1.76898525,2.022461
235,22,150,1.0625,0.76661675,0.9394531
235,23,165,0.25,0.179465,0.24316406
235,24,180,0,0,0
236,1,-165,0.3125,0.24390925,0.29589844
236,2,-150,1.34375,1.02659,1.0917969
236,3,-135,3.09375,2.4385905,2.430664
236,4,-120,5.59375,4.49283725,4.5214844
236,5,-105,8.625,7.01137125,7.1103516
236,6,-90,11.40625,9.42272825,9.231445
236,7,-75,8.125,6.66549325,6.7109375
236,8,-60,5.09375,4.10692475,4.1757812
236,9,-45,2.75,2.16920475,2.2294922
236,10,-30,1.15625,0.8944385,0.9824219
236,11,-15,0.28125,0.2094595,0.25878906
236,12,0,0,0.00056475,0.0078125
236,13,15,0.28125,0.2094595,0.25878906
236,14,30,1.15625,0.8939365,0.984375
236,15,45,2.75,2.16920475,2.2304688
236,16,60,5.09375,4.10692475,4.1757812
236,17,75,8.125,6.667815,6.7109375
236,18,90,11.40625,9.4226655,9.231445
236,19,105,8.625,7.01325375,7.114258
236,20,120,5.59375,4.4929,4.5214844
236,21,135,3.09375,2.43852775,2.4326172
236,22,150,1.34375,1.02659,1.0917969
236,23,165,0.3125,0.243972,0.29589844
236,24,180,0,0,0
237,1,-165,1.40625,0.988187,0.8574219
237,2,-150,2.15625,1.4345905,1.4482422
237,3,-135,3.125,3.63253475,3.9169922
237,4,-120,2.28125,2.83222125,3.1601562
237,5,-105,1.1875,1.6484425,2.1972656
237,6,-90,0.28125,0.6045335,1.1445312
237,7,-75,0,0.01506,0.30078125
237,8,-60,0.5,0.01022825,0
237,9,-45,1.6875,0.5294845,0.62597656
237,10,-30,3.5,2.09779525,2.571289
237,11,-15,5.46875,3.47264775,4.1914062
237,12,0,7.1875,4.9214825,5.709961
237,13,15,5.46875,3.47289875,4.1914062
237,14,30,3.5,1.82608775,2.2695312
237,15,45,1.6875,0.52967275,0.6308594
237,16,60,0.5,0.0151855,0.0078125
237,17,75,0,0,0.27441406
237,18,90,0.28125,0.6024,1.1455078
237,19,105,1.1875,1.6476895,2.1982422
237,20,120,2.28125,2.820487,3.165039
237,21,135,3.125,3.64784575,3.9082031
237,22,150,2.15625,1.43678675,1.4501953
237,23,165,1.40625,0.98799875,0.85546875
237,24,180,1.09375,0.94507775,0.9042969
238,1,-165,0.375,0.3058435,0.43847656
238,2,-150,1.65625,1.42122475,1.7333984
238,3,-135,3.84375,3.31476875,3.7490234
238,4,-120,6.75,5.877416,6.373047
238,5,-105,10.0625,8.777219,9.28125
238,6,-90,11.6875,10.26339,10.764648
238,7,-75,9.5,7.88773775,8.342773
238,8,-60,8,6.196688,6.330078
238,9,-45,7.21875,5.2791575,5.133789
238,10,-30,7.0625,5.016737,4.745117
238,11,-15,7.4375,5.275769,4.919922
238,12,0,8.21875,5.978318,5.430664
238,13,15,7.4375,5.2741375,4.9189453
238,14,30,7.0625,5.01567025,4.745117
238,15,45,7.21875,5.2791575,5.1328125
238,16,60,8,6.19612325,6.334961
238,17,75,9.5,7.889934,8.348633
238,18,90,11.6875,10.2685355,10.760742
238,19,105,10.0625,8.776466,9.277344
238,20,120,6.75,5.87760425,6.376953
238,21,135,3.84375,3.316463,3.7480469
238,22,150,1.65625,1.42097375,1.7294922
238,23,165,0.375,0.3058435,0.43847656
238,24,180,0,0,0
239,1,-165,0.03125,0,0.001953125
239,2,-150,2.125,1.36951875,1.1054688
239,3,-135,3.46875,1.7634005,2.163086
239,4,-120,5.125,2.61372575,3.2285156
239,5,-105,6.3125,3.50352075,4.0234375
239,6,-90,6.59375,3.96674125,4.446289
239,7,-75,6.1875,4.054403,4.475586
239,8,-60,5.6875,3.99221775,4.510742
239,9,-45,5.59375,4.2116545,4.723633
239,10,-30,6.375,5.293088,5.682617
239,11,-15,8.0625,7.22760775,7.4384766
239,12,0,10.125,9.273446,9.035156
239,13,15,8.0625,7.23865175,7.432617
239,14,30,6.375,5.2894485,5.6845703
239,15,45,5.59375,4.20832875,4.725586
239,16,60,5.6875,3.977848,4.498047
239,17,75,6.1875,4.05747775,4.4697266
239,18,90,6.59375,3.96649025,4.4472656
239,19,105,7.53125,4.28136975,4.8740234
239,20,120,5.125,2.614667,3.2216797
239,21,135,3.4375,1.752231,2.1542969
239,22,150,2.125,1.40829825,1.171875
239,23,165,0.03125,0.00031375,0
239,24,180,0,0.29599175,0.48242188
240,1,-165,5.78125,5.211513,3.4433594
240,2,-150,4.125,3.784578,2.8896484
240,3,-135,3.09375,2.782586,2.6064453
240,4,-120,2.15625,1.81454175,2.1298828
240,5,-105,1.46875,1.232912,1.7529297
240,6,-90,1.28125,0.98247675,1.4833984
240,7,-75,1.78125,1.484916,1.8125
240,8,-60,2.96875,2.3359315,1.6621094
240,9,-45,2.875,2.97303225,2.2392578
240,10,-30,1.25,1.25117225,1.1123047
240,11,-15,0.28125,0.329061,0.20214844
240,12,0,0,0,0.045898438
240,13,15,0.15625,0.0530865,0
240,14,30,0.5,0.35447475,0.140625
240,15,45,0.59375,0.74628575,0.7636719
240,16,60,0.59375,0.41032225,0.81347656
240,17,75,1.3125,0.91746775,1.3583984
240,18,90,3.0625,1.93521,1.3876953
240,19,105,4.0625,2.90124625,2.2021484
240,20,120,5.28125,4.1740045,3.2197266
240,21,135,6.71875,5.6531475,4.5810547
240,22,150,8.34375,7.31131625,6.120117
240,23,165,9.9375,8.96841825,7.3271484
240,24,180,8.46875,7.8401105,5.2441406
241,1,-165,3.4375,2.1303625,3.334961
241,2,-150,4.8125,4.1270675,5.067383
241,3,-135,4.625,4.3906175,4.6728516
241,4,-120,4.9375,5.6092225,5.3066406
241,5,-105,2.5625,3.028315,2.3388672
241,6,-90,1.1875,1.58381,1.2353516
241,7,-75,0,0,0
241,8,-60,1.875,1.6622475,2.0273438
241,9,-45,4.5,4.1170275,4.2226562
241,10,-30,6.0625,5.3644975,4.640625
241,11,-15,6.125,5.5715725,4.591797
241,12,0,5.875,5.5540025,4.671875
241,13,15,5.5625,5.5125875,5.03125
241,14,30,4.875,5.1147525,4.9589844
241,15,45,3.25,3.101105,3.0029297
241,16,60,2.1875,2.22135,2.3779297
241,17,75,2.75,2.907835,3.5146484
241,18,90,4.0625,4.2036225,5.348633
241,19,105,4.75,4.3140625,5.4335938
241,20,120,5.125,3.9789775,5.109375
241,21,135,5.4375,3.6476575,4.498047
241,22,150,4.8125,2.895285,3.1601562
241,23,165,3.3125,1.5129025,2.3710938
241,24,180,2.625,0.9155225,1.9580078
242,1,-165,0.5625,0.49817225,1.1416016
242,2,-150,1.1875,0.9948385,1.6152344
242,3,-135,2.25,1.82608775,2.336914
242,4,-120,3.5625,2.885245,3.2539062
242,5,-105,4.8125,3.8354055,4.182617
242,6,-90,5.4375,4.26329775,4.602539
242,7,-75,5,3.95030075,4.0039062
242,8,-60,3.875,3.052913,3.0117188
242,9,-45,2.375,1.9175145,1.9179688
242,10,-30,1.125,0.92926475,0.9736328
242,11,-15,0.3125,0.2503725,0.26953125
242,12,0,0,0,0
242,13,15,0.3125,0.25030975,0.26953125
242,14,30,1.125,0.929202,0.9736328
242,15,45,2.375,1.91757725,1.9179688
242,16,60,3.875,3.0527875,3.0117188
242,17,75,5,3.95042625,4.0039062
242,18,90,5.4375,4.26329775,4.602539
242,19,105,4.8125,3.8354055,4.182617
242,20,120,3.5625,2.88631175,3.2529297
242,21,135,2.25,1.82608775,2.336914
242,22,150,1.1875,0.994964,1.6162109
242,23,165,0.5625,0.49817225,1.1416016
242,24,180,0.375,0.34142275,0.9638672
243,1,-165,0.1875,0.99075975,0.8457031
243,2,-150,0,0.11439325,0.15429688
243,3,-135,0.53125,0,0
243,4,-120,1.8125,0.74967425,0.4638672
243,5,-105,3.15625,1.75994925,1.4179688
243,6,-90,3.90625,2.34678725,2.0253906
243,7,-75,3.75,2.3775975,1.8232422
243,8,-60,3.4375,2.347854,1.5859375
243,9,-45,3.6875,3.007231,1.9453125
243,10,-30,5.03125,4.78838975,3.1142578
243,11,-15,7.4375,7.65769625,4.826172
243,12,0,9.71875,10.3202415,5.4472656
243,13,15,7.4375,7.662026,4.830078
243,14,30,5.03125,4.78838975,3.1142578
243,15,45,3.6875,3.0073565,1.9453125
243,16,60,3.4375,2.347854,1.5878906
243,17,75,3.75,2.376217,1.8193359
243,18,90,3.90625,2.34503025,2.0195312
243,19,105,3.15625,1.75994925,1.4189453
243,20,120,1.8125,0.74904675,0.46875
243,21,135,0.53125,0,0
243,22,150,0,0.11439325,0.15527344
243,23,165,0.1875,0.99075975,0.8457031
243,24,180,0.40625,1.62754675,1.1826172
244,1,-165,0.25,0.18291625,0.21679688
244,2,-150,1.0625,0.8442385,0.9609375
244,3,-135,2.40625,2.0216795,2.2226562
244,4,-120,4.0625,3.54330425,3.7285156
244,5,-105,5.5,4.9234905,5.036133
244,6,-90,6.03125,5.48478925,5.584961
244,7,-75,5.5,4.91890975,5.0634766
244,8,-60,4.09375,3.57706375,3.7851562
244,9,-45,2.46875,2.06227875,2.2490234
244,10,-30,1.09375,0.86249875,0.9589844
244,11,-15,0.25,0.186995,0.2109375
244,12,0,0,0.002259,0.008789063
244,13,15,0.25,0.186995,0.20800781
244,14,30,1.09375,0.86400475,0.9580078
244,15,45,2.46875,2.06227875,2.2490234
244,16,60,4.09375,3.57681275,3.78125
244,17,75,5.5,4.92317675,5.069336
244,18,90,6.03125,5.48478925,5.584961
244,19,105,5.5,4.922863,5.040039
244,20,120,4.0625,3.54330425,3.7285156
244,21,135,2.40625,2.02161675,2.2236328
244,22,150,1.0625,0.84154025,0.9589844
244,23,165,0.25,0.1828535,0.21484375
244,24,180,0,0,0
245,1,-165,1.34375,1.36487525,1.4277344
245,2,-150,1.53125,1.6082825,1.7265625
245,3,-135,1.625,1.7636515,1.9316406
245,4,-120,1.375,1.55136825,2.0898438
245,5,-105,0.84375,0.95825525,1.4462891
245,6,-90,0.3125,0.36551875,0.6660156
245,7,-75,0,0,0.15429688
245,8,-60,0.125,0.107428,0
245,9,-45,0.65625,0.67462525,0.34765625
245,10,-30,1.46875,1.44193225,0.9873047
245,11,-15,2.1875,2.17033425,1.5126953
245,12,0,2.5,2.45371325,1.7089844
245,13,15,2.1875,2.1702715,1.5126953
245,14,30,1.46875,1.421162,1.0195312
245,15,45,0.65625,0.67475075,0.34765625
245,16,60,0.125,0.1075535,0
245,17,75,0.09375,0.0691505,0.18652344
245,18,90,0.3125,0.3675895,0.6591797
245,19,105,0.84375,0.95988675,1.4453125
245,20,120,1.34375,1.5513055,2.1074219
245,21,135,1.625,1.7603885,1.9335938
245,22,150,1.53125,1.60558425,1.7246094
245,23,165,1.34375,1.36374575,1.421875
245,24,180,1.25,1.21954625,1.2685547
246,1,-165,0.125,0.02842575,0.07324219
246,2,-150,0.5,0.33502225,0.4609375
246,3,-135,1.375,1.12303675,1.2441406
246,4,-120,2.625,2.250968,2.3232422
246,5,-105,3.75,3.2804445,3.3984375
246,6,-90,4.25,3.73117775,3.8310547
246,7,-75,3.75,3.2967595,3.4511719
246,8,-60,2.625,2.2473285,2.3710938
246,9,-45,1.375,1.10985925,1.2841797
246,10,-30,0.5,0.32523325,0.47753906
246,11,-15,0.0625,0.026857,0.07714844
246,12,0,0,0,0
246,13,15,0.0625,0.02641775,0.07714844
246,14,30,0.5,0.3251705,0.4765625
246,15,45,1.375,1.10985925,1.2841797
246,16,60,2.625,2.24714025,2.3710938
246,17,75,3.75,3.29669675,3.4501953
246,18,90,4.25,3.7324955,3.8378906
246,19,105,3.75,3.2796915,3.3955078
246,20,120,2.625,2.2505915,2.3232422
246,21,135,1.375,1.12303675,1.2441406
246,22,150,0.5,0.33489675,0.46289062
246,23,165,0.125,0.02842575,0.07324219
246,24,180,0,0.00194525,0.006835938
247,1,-165,9.4375,5.96125,6.745117
247,2,-150,9.71875,6.51075175,7.3027344
247,3,-135,10.65625,7.69057725,8.594727
247,4,-120,12.375,9.596232,10.573242
247,5,-105,14.875,12.231481,13.073242
247,6,-90,17.21875,15.21154125,15.667969
247,7,-75,12.9375,11.68925825,12.833008
247,8,-60,8.5625,7.73525525,9.138672
247,9,-45,4.75,4.33320125,5.116211
247,10,-30,2.0625,1.87214625,2.1279297
247,11,-15,0.5,0.453808,0.4892578
247,12,0,0,0,0
247,13,15,0.5,0.453808,0.4892578
247,14,30,2.0625,1.8750955,2.125
247,15,45,4.75,4.33307575,5.1171875
247,16,60,8.5625,7.745609,9.15332
247,17,75,12.96875,11.58114,12.995117
247,18,90,17.1875,15.2157455,15.602539
247,19,105,14.875,12.231481,13.073242
247,20,120,12.375,9.59541625,10.568359
247,21,135,10.65625,7.69484425,8.599609
247,22,150,9.71875,6.51112825,7.3027344
247,23,165,9.4375,5.96131275,6.743164
247,24,180,9.8125,6.00737125,6.908203
248,1,-165,9.4375,10.55762475,11.069336
248,2,-150,5.09375,5.9305025,6.0214844
248,3,-135,2.21875,2.70797625,2.7314453
248,4,-120,0.75,0.928951,0.86328125
248,5,-105,0.15625,0.18555175,0.01953125
248,6,-90,0,0.00282375,0.005859375
248,7,-75,0.1875,0.20199225,0.018554688
248,8,-60,0.84375,1.03870075,0.8925781
248,9,-45,2.5,2.998948,2.7519531
248,10,-30,5.53125,6.34571925,6.086914
248,11,-15,9.875,11.0980905,11.201172
248,12,0,15.0625,16.481413,16.435547
248,13,15,9.875,11.09099975,11.189453
248,14,30,5.53125,6.3499235,6.080078
248,15,45,2.5,2.99901075,2.7529297
248,16,60,0.84375,1.036128,0.8925781
248,17,75,0.1875,0.20199225,0.01953125
248,18,90,0,0,0
248,19,105,0.15625,0.18467325,0.020507812
248,20,120,0.75,0.9290765,0.8613281
248,21,135,2.21875,2.70446225,2.7294922
248,22,150,5.09375,5.91726225,5.9873047
248,23,165,9.4375,10.5649665,11.081055
248,24,180,14.28125,15.47785225,15.841797
249,1,-165,0.25,0.16064,0.1953125
249,2,-150,1.03125,0.72344475,0.8183594
249,3,-135,2.34375,1.712573,1.8408203
249,4,-120,3.9375,2.9749775,3.0839844
249,5,-105,5.4375,4.12311425,4.2470703
249,6,-90,6.0625,4.61770975,4.7041016
249,7,-75,5.46875,4.15925825,4.241211
249,8,-60,3.96875,3.0101175,3.1191406
249,9,-45,2.34375,1.71935,1.8759766
249,10,-30,1.03125,0.71478525,0.83203125
249,11,-15,0.25,0.15518075,0.19628906
249,12,0,0,0.00018825,0
249,13,15,0.25,0.15518075,0.19726562
249,14,30,1.03125,0.7149735,0.8310547
249,15,45,2.34375,1.71953825,1.8759766
249,16,60,3.96875,3.0096155,3.1201172
249,17,75,5.46875,4.1594465,4.2421875
249,18,90,6.0625,4.61758425,4.7041016
249,19,105,5.4375,4.12298875,4.2470703
249,20,120,3.9375,2.9742245,3.0830078
249,21,135,2.34375,1.712573,1.8408203
249,22,150,1.03125,0.7232565,0.8173828
249,23,165,0.25,0.16070275,0.1953125
249,24,180,0,0,0.002929688
250,1,-165,2.5,3.51431375,1.7744141
250,2,-150,0.5,2.059957,1.6132812
250,3,-135,0.375,1.6153105,1.3759766
250,4,-120,1.5,2.0457755,2.4335938
250,5,-105,1.3125,1.501482,1.8154297
250,6,-90,0.4375,0.618966,0.37304688
250,7,-75,0,0.0929955,0.25585938
250,8,-60,0.0625,0,0
250,9,-45,0.9375,0.86199675,0.46679688
250,10,-30,2.1875,2.06071,1.4111328
250,11,-15,3.125,3.006729,2.4033203
250,12,0,3.5625,3.42646375,2.9160156
250,13,15,3.125,3.00955275,2.4082031
250,14,30,2.1875,2.098109,1.4697266
250,15,45,0.9375,0.85233325,0.45507812
250,16,60,0.0625,0.02729625,0.028320312
250,17,75,0,0.08992075,0.25390625
250,18,90,0.4375,0.61890325,0.3701172
250,19,105,0.75,0.75049,0.7470703
250,20,120,1.125,1.1384105,1.1054688
250,21,135,1.75,1.91858125,1.2890625
250,22,150,0.4375,1.1825865,0.48535156
250,23,165,2.875,3.04243375,3.397461
250,24,180,2.625,3.3090585,2.9794922
251,1,-165,3.3125,3.36634925,4.366211
251,2,-150,2.5,2.58222525,3.8388672
251,3,-135,1.9375,2.089073,3.1826172
251,4,-120,1.5,2.04872475,2.8046875
251,5,-105,0.4375,0.7247625,0.58496094
251,6,-90,0,0.0809475,0.000976563
251,7,-75,0.0625,0.00056475,0.041015625
251,8,-60,0.9375,0.6958975,0.8925781
251,9,-45,2.5,1.98861025,2.4414062
251,10,-30,4.1875,3.48682925,4.166992
251,11,-15,5.3125,4.30471275,5.654297
251,12,0,5.6875,4.71221125,5.7958984
251,13,15,5.3125,4.3042735,5.651367
251,14,30,4.1875,3.4902805,4.1748047
251,15,45,2.5,1.99149675,2.4423828
251,16,60,0.9375,0.68654775,0.8955078
251,17,75,0.0625,0,0.037109375
251,18,90,0,0.08063375,0
251,19,105,0.4375,0.72444875,0.58984375
251,20,120,1.5,2.06541625,2.8125
251,21,135,1.9375,2.0876925,3.178711
251,22,150,2.5,2.5821625,3.8408203
251,23,165,3.3125,3.366412,4.3671875
251,24,180,3.9375,3.99284525,4.848633
252,1,-165,9.0625,9.00079725,9.8828125
252,2,-150,6.9375,6.96016725,5.977539
252,3,-135,4.75,4.9792125,4.354492
252,4,-120,2.125,2.36849875,2.3300781
252,5,-105,0.5625,0.67268,0.72753906
252,6,-90,0,0.00043925,0.000976563
252,7,-75,0.25,0.372735,0.40234375
252,8,-60,1.3125,1.58450025,1.4179688
252,9,-45,2.3125,2.41945175,2.4042969
252,10,-30,3.3125,3.52912275,3.2939453
252,11,-15,4.125,4.45932875,3.8789062
252,12,0,4.6875,5.0208785,3.8642578
252,13,15,4.125,4.469306,3.883789
252,14,30,3.3125,3.52862075,3.3017578
252,15,45,2.3125,2.41756925,2.3964844
252,16,60,1.3125,1.5851905,1.4199219
252,17,75,0.25,0.3716055,0.40429688
252,18,90,0,0,0
252,19,105,0.5625,0.67299375,0.7246094
252,20,120,2.125,2.3698165,2.3300781
252,21,135,4.75,4.972561,4.348633
252,22,150,6.9375,6.96016725,5.9697266
252,23,165,9.0625,9.0009855,9.883789
252,24,180,9.875,9.98371325,10.9609375
253,1,-165,0.125,0.00106675,0
253,2,-150,1.34375,0.8512665,0.34277344
253,3,-135,3.46875,2.5118825,1.3876953
253,4,-120,6.1875,4.726079,3.0449219
253,5,-105,9.09375,7.07236425,4.9365234
253,6,-90,11.4375,8.943883,6.4121094
253,7,-75,12.0625,9.44331025,7.0634766
253,8,-60,11.34375,9.06605725,6.754883
253,9,-45,10.71875,8.83450975,6.4208984
253,10,-30,10.78125,9.2667945,6.9628906
253,11,-15,11.78125,10.59150975,8.522461
253,12,0,13.5,12.553765,10.466797
253,13,15,11.78125,10.594208,8.520508
253,14,30,10.78125,9.26685725,6.9648438
253,15,45,10.71875,8.83463525,6.4208984
253,16,60,11.34375,9.06555525,6.7539062
253,17,75,12.0625,9.445632,7.060547
253,18,90,11.4375,8.951162,6.4140625
253,19,105,9.09375,7.07148575,4.9414062
253,20,120,6.1875,4.72513775,3.0439453
253,21,135,3.46875,2.50516825,1.3798828
253,22,150,1.34375,0.84957225,0.33789062
253,23,165,0.125,0,0.006835938
253,24,180,0,0.00056475,0.21777344
254,1,-165,0.0625,0.0006275,0.012695313
254,2,-150,0.5625,0.0822025,0.18554688
254,3,-135,1.5,0.586085,1.0029297
254,4,-120,2.8125,1.4664675,2.3544922
254,5,-105,4.0625,2.4139925,3.6230469
254,6,-90,4.625,2.8783425,4.1435547
254,7,-75,4,2.468585,3.6591797
254,8,-60,2.75,1.5028625,2.3417969
254,9,-45,1.4375,0.588595,0.91308594
254,10,-30,0.5,0.084085,0.12109375
254,11,-15,0.0625,0.00502,0
254,12,0,0,0.0458075,0.045898438
254,13,15,0.0625,0.003765,0.001953125
254,14,30,0.5,0.0834575,0.12597656
254,15,45,1.4375,0.58734,0.9091797
254,16,60,2.75,1.5041175,2.3408203
254,17,75,4,2.468585,3.6601562
254,18,90,4.625,2.87646,4.1396484
254,19,105,4.0625,2.4139925,3.6230469
254,20,120,2.8125,1.4664675,2.3544922
254,21,135,1.5,0.58483,1.0019531
254,22,150,0.5625,0.0822025,0.18554688
254,23,165,0.0625,0,0.012695313
254,24,180,0,0.0533375,0.0546875
255,1,-165,0.125,0.10598475,0.008789063
255,2,-150,0,0,0.15625
255,3,-135,0.0625,0.1690485,0.43554688
255,4,-120,0.6875,1.805192,1.7851562
255,5,-105,0.25,1.3700835,0.9941406
255,6,-90,0.0625,1.05325875,0.2578125
255,7,-75,0.71875,1.374978,0.30078125
255,8,-60,1.65625,1.46050625,0.36816406
255,9,-45,3.5,3.132982,1.8789062
255,10,-30,5.71875,5.27344725,4.161133
255,11,-15,7.65625,7.23300425,6.529297
255,12,0,9.09375,8.6611315,8.3203125
255,13,15,7.65625,7.24492675,6.553711
255,14,30,5.71875,5.277024,4.171875
255,15,45,3.5,3.1363705,1.8837891
255,16,60,1.625,1.4544195,0.38378906
255,17,75,0.71875,1.358412,0.32910156
255,18,90,0.09375,1.0194365,0.13378906
255,19,105,0.25,1.37190325,0.9941406
255,20,120,0.6875,1.81278475,1.8056641
255,21,135,0.0625,0.16672675,0.43359375
255,22,150,0,0.001004,0.15722656
255,23,165,0.125,0.1057965,0
255,24,180,0.46875,0.537391,0.29589844
256,1,-165,2.03125,2.0410065,0.6904297
256,2,-150,1.96875,1.716087,0.037109375
256,3,-135,2.46875,1.752231,0
256,4,-120,3.28125,1.9172635,0.12109375
256,5,-105,3.90625,1.85608225,0.5566406
256,6,-90,3.65625,1.404596,0.83203125
256,7,-75,2.6875,0.88722225,0.5029297
256,8,-60,1.40625,0.3467565,0.21484375
256,9,-45,0.4375,0,0.2763672
256,10,-30,0,0.22282525,0.8408203
256,11,-15,0.21875,0.8763665,1.6582031
256,12,0,1,1.87415425,2.6660156
256,13,15,0.21875,0.87479775,1.6591797
256,14,30,0,0.22282525,0.8408203
256,15,45,0.4375,0.00483175,0.2734375
256,16,60,1.40625,0.3532825,0.22070312
256,17,75,2.6875,0.888791,0.50097656
256,18,90,3.65625,1.40177225,0.83203125
256,19,105,3.90625,1.85746275,0.55566406
256,20,120,3.28125,1.91745175,0.12109375
256,21,135,2.46875,1.7563725,0.006835938
256,22,150,1.96875,1.716087,0.038085938
256,23,165,2.03125,2.04257525,0.69433594
256,24,180,2.59375,2.84477125,1.6386719
257,1,-165,0.78125,0.3128715,0.3671875
257,2,-150,0.375,0.09538,0.14453125
257,3,-135,0.15625,0.00909875,0.03125
257,4,-120,0,0.12719425,0.15234375
257,5,-105,0.125,0.30239225,0.43554688
257,6,-90,0.6875,0.73812825,0.9609375
257,7,-75,0.125,0.33828525,0.46679688
257,8,-60,0,0.11640125,0.140625
257,9,-45,0.1875,0.000753,0.00390625
257,10,-30,0.4375,0.09719975,0.15039062
257,11,-15,0.8125,0.32887275,0.35351562
257,12,0,1.28125,0.6825945,0.7011719
257,13,15,0.8125,0.32874725,0.35546875
257,14,30,0.4375,0.095129,0.15039062
257,15,45,0.1875,0,0
257,16,60,0,0.1113185,0.13085938
257,17,75,0.125,0.338097,0.46679688
257,18,90,0.6875,0.737689,0.9609375
257,19,105,0.125,0.304965,0.43164062
257,20,120,0,0.12468425,0.15234375
257,21,135,0.15625,0.0084085,0.029296875
257,22,150,0.375,0.09607025,0.14257812
257,23,165,0.78125,0.31318525,0.36523438
257,24,180,1.28125,0.67901775,0.69140625
258,1,-165,0.90625,1.292399,1.6435547
258,2,-150,0.0625,0.2513765,0.46289062
258,3,-135,0,6.28E-05,0
258,4,-120,0.59375,0.4393755,0.39453125
258,5,-105,1.34375,1.0515645,0.8691406
258,6,-90,1.6875,1.3351945,1.1142578
258,7,-75,1.375,1.04083425,0.8652344
258,8,-60,0.625,0.451047,0.40234375
258,9,-45,0.03125,0.008032,0
258,10,-30,0.03125,0.1933955,0.3876953
258,11,-15,0.8125,1.180453,1.5429688
258,12,0,1.5625,2.124715,2.4414062
258,13,15,0.8125,1.18352775,1.546875
258,14,30,0.03125,0.1918895,0.38378906
258,15,45,0.03125,0.00822025,0
258,16,60,0.625,0.4511725,0.40429688
258,17,75,1.375,1.03920275,0.86328125
258,18,90,1.6875,1.33525725,1.1123047
258,19,105,1.34375,1.04685825,0.86621094
258,20,120,0.59375,0.44044225,0.3955078
258,21,135,0,0,0
258,22,150,0.0625,0.251,0.4658203
258,23,165,0.90625,1.292399,1.6435547
258,24,180,1.5625,2.1235855,2.4355469
259,1,-165,3.125,3.792359,3.6464844
259,2,-150,0.875,1.20825125,1.1308594
259,3,-135,0,0.09569375,0.140625
259,4,-120,0.125,0,0
259,5,-105,0.8125,0.488195,0.44335938
259,6,-90,1.875,1.301435,1.71875
259,7,-75,0.8125,0.5073965,0.49023438
259,8,-60,0.1875,0.02114675,0.0078125
259,9,-45,0,0.0673935,0.115234375
259,10,-30,0.75,1.057965,1.0390625
259,11,-15,2.6875,3.2829545,3.3066406
259,12,0,5.6875,6.74631525,6.8515625
259,13,15,2.6875,3.284084,3.3066406
259,14,30,0.75,1.0578395,1.0390625
259,15,45,0,0.0668915,0.11328125
259,16,60,0.1875,0.02114675,0.0078125
259,17,75,0.8125,0.5073965,0.49023438
259,18,90,1.875,1.30137225,1.71875
259,19,105,0.8125,0.489199,0.44726562
259,20,120,0.125,0.000251,0.001953125
259,21,135,0,0.0947525,0.1328125
259,22,150,0.875,1.206808,1.125
259,23,165,3.125,3.7922335,3.6484375
259,24,180,6.5,7.77604275,7.501953
260,1,-165,4.03125,4.540841,4.5195312
260,2,-150,1.375,1.67624075,1.8320312
260,3,-135,0.125,0.25997325,0.37402344
260,4,-120,0,0.0064005,0
260,5,-105,0.34375,0.27766875,0.21484375
260,6,-90,0.53125,0.462593,0.51953125
260,7,-75,0.3125,0.26938575,0.22753906
260,8,-60,0,0,0.005859375
260,9,-45,0.21875,0.379763,0.4970703
260,10,-30,1.65625,2.02914675,2.1904297
260,11,-15,4.34375,4.953234,4.942383
260,12,0,6.90625,7.75997875,7.1503906
260,13,15,4.34375,4.9553675,4.9492188
260,14,30,1.65625,2.027829,2.1826172
260,15,45,0.21875,0.3801395,0.4970703
260,16,60,0,0,0.005859375
260,17,75,0.3125,0.26976225,0.2265625
260,18,90,0.53125,0.46240475,0.5185547
260,19,105,0.34375,0.278108,0.21484375
260,20,120,0,0.00633775,0.001953125
260,21,135,0.125,0.259785,0.37402344
260,22,150,1.375,1.673417,1.8291016
260,23,165,4.03125,4.54040175,4.5253906
260,24,180,6.90625,7.76073175,7.1464844
261,1,-165,1.9375,0.89286975,1.0009766
261,2,-150,2.34375,1.05564325,0.8330078
261,3,-135,3.5,1.79383425,1.3134766
261,4,-120,4.8125,2.6652435,2.1044922
261,5,-105,5.8125,3.38542525,2.6914062
261,6,-90,6.28125,4.00890925,3.1982422
261,7,-75,5.90625,4.345061,3.5292969
261,8,-60,3.8125,2.20359175,1.4667969
261,9,-45,1.90625,0.90629825,0.4560547
261,10,-30,0.625,0.16107925,0.002929688
261,11,-15,0,0,0.15332031
261,12,0,0.0625,0.2696995,0.5332031
261,13,15,0,0.0018825,0.16113281
261,14,30,0.625,0.1607655,0
261,15,45,1.90625,0.91043975,0.45703125
261,16,60,3.8125,2.204282,1.4638672
261,17,75,5.90625,4.345061,3.5292969
261,18,90,6.28125,4.0078425,3.194336
261,19,105,5.8125,3.3833545,2.6826172
261,20,120,4.8125,2.66467875,2.1054688
261,21,135,3.5,1.793144,1.3095703
261,22,150,2.34375,1.0545765,0.828125
261,23,165,1.9375,0.89010875,0.9941406
261,24,180,2.21875,1.2696835,1.5898438
262,1,-165,3.875,4.900775,4.881836
262,2,-150,1.5,2.41211,2.2998047
262,3,-135,0.3125,1.040395,0.8857422
262,4,-120,0,0.52208,0.33203125
262,5,-105,0.25,0.503255,0.18164062
262,6,-90,0.875,1.36042,0.8691406
262,7,-75,0.125,0.29618,0
262,8,-60,0,0.0018825,0.11425781
262,9,-45,0.875,0.8941875,1.2851562
262,10,-30,2.8125,3.0214125,3.6113281
262,11,-15,5.8125,6.24488,6.9414062
262,12,0,9.6875,10.4033225,10.931641
262,13,15,5.8125,6.2492725,6.958008
262,14,30,2.8125,3.0151375,3.616211
262,15,45,0.875,0.89607,1.2832031
262,16,60,0,0,0.10449219
262,17,75,0.125,0.2968075,0.005859375
262,18,90,0.875,1.3623025,0.8652344
262,19,105,0.25,0.5013725,0.17089844
262,20,120,0,0.523335,0.32617188
262,21,135,0.3125,1.0422775,0.8828125
262,22,150,1.5,2.410855,2.3007812
262,23,165,3.875,4.898265,4.8808594
262,24,180,7.4375,8.6525975,8.333008
263,1,-165,4.25,4.44025275,3.9326172
263,2,-150,4.28125,4.4807265,4.213867
263,3,-135,4.375,4.5796205,4.5166016
263,4,-120,4.21875,4.80144175,5.055664
263,5,-105,3.40625,3.91867475,4.4384766
263,6,-90,2.53125,2.8153415,3.5595703
263,7,-75,1.90625,1.91556925,3.2363281
263,8,-60,0,0,0
263,9,-45,0.59375,0.14162675,0.24804688
263,10,-30,1.40625,0.5887205,0.8066406
263,11,-15,2.34375,1.49589725,1.4492188
263,12,0,3,2.27537775,2.0654297
263,13,15,2.34375,1.49238325,1.4482422
263,14,30,1.40625,0.591858,0.8105469
263,15,45,0.59375,0.14175225,0.24902344
263,16,60,0,0.0061495,0.006835938
263,17,75,1.90625,1.9147535,3.2324219
263,18,90,2.53125,2.816471,3.5634766
263,19,105,3.40625,3.91917675,4.439453
263,20,120,4.21875,4.80194375,5.055664
263,21,135,4.375,4.575981,4.513672
263,22,150,4.28125,4.48116575,4.213867
263,23,165,4.25,4.44113125,3.930664
263,24,180,4.28125,4.48003625,3.819336
264,1,-165,0.15625,0.12801,0.001953125
264,2,-150,0.71875,0.628755,0.37109375
264,3,-135,1.5625,1.30269,1.3066406
264,4,-120,2.4375,2.035108,2.2949219
264,5,-105,3.28125,2.662608,2.9804688
264,6,-90,3.90625,3.108384,3.4863281
264,7,-75,4.5,3.4885235,3.8164062
264,8,-60,4.15625,3.45206575,4.1523438
264,9,-45,4.34375,3.964294,4.5976562
264,10,-30,4.875,4.87197275,5.0410156
264,11,-15,5.5,5.7981,5.390625
264,12,0,5.90625,6.31710525,5.640625
264,13,15,5.5,5.79879025,5.392578
264,14,30,4.875,4.85703825,5.0703125
264,15,45,4.34375,3.964294,4.5996094
264,16,60,4.15625,3.459282,4.169922
264,17,75,4.5,3.48820975,3.8222656
264,18,90,3.90625,3.11246275,3.5019531
264,19,105,3.28125,2.660349,2.9785156
264,20,120,2.4375,2.03692775,2.296875
264,21,135,1.5625,1.31354575,1.2265625
264,22,150,0.71875,0.62593125,0.37109375
264,23,165,0.15625,0.1281355,0
264,24,180,0,0,0.02734375
265,1,-165,0.28125,0.19094825,0.2626953
265,2,-150,1.125,0.78355925,1.0146484
265,3,-135,2.5,1.8000465,2.1728516
265,4,-120,4.1875,3.1002265,3.5185547
265,5,-105,5.78125,4.24648075,4.696289
265,6,-90,6.46875,4.7003515,5.1845703
265,7,-75,5.8125,4.2613525,4.729492
265,8,-60,4.28125,3.17257725,3.553711
265,9,-45,2.59375,1.8878965,2.1953125
265,10,-30,1.1875,0.836332,1.0371094
265,11,-15,0.3125,0.207326,0.2705078
265,12,0,0,0,0
265,13,15,0.3125,0.20726325,0.2705078
265,14,30,1.1875,0.836583,1.0380859
265,15,45,2.59375,1.88783375,2.1933594
265,16,60,4.28125,3.16818475,3.5488281
265,17,75,5.8125,4.26141525,4.729492
265,18,90,6.46875,4.7003515,5.1845703
265,19,105,5.78125,4.24660625,4.6992188
265,20,120,4.1875,3.100352,3.5185547
265,21,135,2.5,1.79948175,2.1699219
265,22,150,1.125,0.78368475,1.0146484
265,23,165,0.28125,0.19107375,0.2626953
265,24,180,0,0.00031375,0.000976563
266,1,-165,0.59375,1.25154875,1.4335938
266,2,-150,1.5,1.99036725,1.7675781
266,3,-135,2.34375,3.11196075,2.671875
266,4,-120,2.375,2.91655725,2.6757812
266,5,-105,1.46875,1.99224975,1.7998047
266,6,-90,0.46875,0.806714,0.88964844
266,7,-75,0,0.00194525,0.001953125
266,8,-60,0.53125,0.1140795,0.005859375
266,9,-45,1.9375,1.18704175,0.91015625
266,10,-30,3.65625,2.775307,2.4960938
266,11,-15,5.125,4.195716,4.211914
266,12,0,5.90625,4.919349,5.223633
266,13,15,5.125,4.19226475,4.1953125
266,14,30,3.65625,2.72629925,2.4492188
266,15,45,1.9375,1.1740525,0.8857422
266,16,60,0.53125,0.112699,0.00390625
266,17,75,0,0,0
266,18,90,0.46875,0.8050825,0.8730469
266,19,105,1.46875,1.98936325,1.7949219
266,20,120,2.375,2.9164945,2.6679688
266,21,135,2.53125,2.87576975,2.8173828
266,22,150,1.46875,1.99043,2.1035156
266,23,165,0.59375,1.25230175,1.4404297
266,24,180,0.3125,0.98975575,1.1386719
267,1,-165,0,0.0001255,0.13574219
267,2,-150,0.5625,0.44922725,0.8076172
267,3,-135,2.65625,2.43777475,2.2773438
267,4,-120,6.09375,5.974051,5.173828
267,5,-105,9.15625,9.75455025,13.120117
267,6,-90,12.25,12.70430225,15.885742
267,7,-75,9.3125,9.51120575,8.74707
267,8,-60,4.9375,4.97199625,4.5771484
267,9,-45,1.90625,1.88444525,1.9951172
267,10,-30,0.28125,0.270578,0.68359375
267,11,-15,0.0625,0.054718,0
267,12,0,0.71875,0.877496,0.041992188
267,13,15,0.0625,0.051706,0.00390625
267,14,30,0.28125,0.263299,0.67285156
267,15,45,1.90625,1.883002,2.0019531
267,16,60,4.9375,5.007952,4.6191406
267,17,75,9.21875,9.4638295,8.801758
267,18,90,12.25,12.6934465,15.880859
267,19,105,9.3125,9.87352425,12.96582
267,20,120,6.0625,5.9892365,5.1904297
267,21,135,2.65625,2.47442075,2.2939453
267,22,150,0.5625,0.46089875,0.8095703
267,23,165,0,0,0.12695312
267,24,180,0.625,0.773833,0
268,1,-165,0.9375,0.6705465,0.79589844
268,2,-150,2.09375,1.43126475,1.3505859
268,3,-135,3.65625,2.50554475,1.9824219
268,4,-120,5.28125,3.69603775,2.616211
268,5,-105,6.53125,4.547116,3.0322266
268,6,-90,6.625,4.58382475,3.015625
268,7,-75,5.34375,3.78903325,2.5205078
268,8,-60,3.4375,2.4677065,1.5537109
268,9,-45,1.625,1.15127425,0.62402344
268,10,-30,0.4375,0.2749705,0.078125
268,11,-15,0,6.28E-05,0.002929688
268,12,0,0.21875,0.19923125,0.31835938
268,13,15,0.9375,0.70029,0.80566406
268,14,30,2.09375,1.48843,1.4072266
268,15,45,3.65625,2.589065,2.0566406
268,16,60,5.34375,3.74711625,2.6230469
268,17,75,6.53125,4.52785175,3.0292969
268,18,90,6.6875,4.61570175,2.9970703
268,19,105,5.40625,3.84776725,2.5605469
268,20,120,3.4375,2.4491325,1.5878906
268,21,135,1.625,1.109922,0.60546875
268,22,150,0.4375,0.26034975,0.0625
268,23,165,0,0,0
268,24,180,0.21875,0.1871205,0.3154297
269,1,-165,0.15625,0.00244725,0.07324219
269,2,-150,0.78125,0.2471095,0.2998047
269,3,-135,2.15625,1.03568875,1.0791016
269,4,-120,4.1875,2.41305125,2.2861328
269,5,-105,6.28125,4.01857275,3.5664062
269,6,-90,7.75,5.184405,4.4248047
269,7,-75,8.09375,5.67341575,4.7460938
269,8,-60,7.78125,5.696194,4.7939453
269,9,-45,7.59375,5.8607245,4.9365234
269,10,-30,8.0625,6.67829425,5.701172
269,11,-15,9.34375,8.28168225,7.1035156
269,12,0,10.65625,9.76132725,8.001953
269,13,15,9.34375,8.2811175,7.111328
269,14,30,8.0625,6.67703925,5.7001953
269,15,45,7.59375,5.86066175,4.9345703
269,16,60,7.78125,5.696696,4.7890625
269,17,75,8.09375,5.6744825,4.7441406
269,18,90,7.75,5.1827735,4.421875
269,19,105,6.28125,4.015247,3.5615234
269,20,120,4.125,2.4358295,2.2714844
269,21,135,2.15625,1.026088,1.0722656
269,22,150,0.78125,0.21278525,0.33007812
269,23,165,0.15625,0.0003765,0.06640625
269,24,180,0,0,0
270,1,-165,0.28125,0.1805945,0.24316406
270,2,-150,1.09375,0.74490525,0.9033203
270,3,-135,2.5,1.726629,1.9609375
270,4,-120,4.40625,3.10455625,3.3154297
270,5,-105,6.65625,4.748418,4.685547
270,6,-90,7.40625,5.05583025,4.7148438
270,7,-75,5.71875,3.7658785,3.1464844
270,8,-60,3.59375,2.2756915,2.2548828
270,9,-45,2.09375,1.31367125,1.3408203
270,10,-30,1.125,0.74779175,0.79003906
270,11,-15,0.59375,0.45048225,0.43164062
270,12,0,0.4375,0.36024775,0.29296875
270,13,15,0.59375,0.45048225,0.43164062
270,14,30,1.125,0.74904675,0.7861328
270,15,45,2.09375,1.31279275,1.3427734
270,16,60,3.59375,2.2739345,2.2558594
270,17,75,5.71875,3.76751,3.1484375
270,18,90,7.40625,5.05583025,4.7148438
270,19,105,6.65625,4.74923375,4.6904297
270,20,120,4.40625,3.10487,3.319336
270,21,135,2.5,1.728135,1.9697266
270,22,150,1.09375,0.74490525,0.90527344
270,23,165,0.28125,0.18228875,0.24609375
270,24,180,0,0,0
271,1,-165,0.15625,1.2438305,1.78125
271,2,-150,0.0625,0.83463775,1.4755859
271,3,-135,0,0.448537,1.1953125
271,4,-120,0.0625,0.25783975,0.9736328
271,5,-105,0.125,0.1856145,0.69628906
271,6,-90,0.0625,0.04687425,0.3671875
271,7,-75,0.09375,0.000251,0
271,8,-60,0.5625,0.5708995,0.40820312
271,9,-45,1,1.31768725,1.8476562
271,10,-30,1.96875,2.3374375,2.9414062
271,11,-15,3.65625,4.093559,4.720703
271,12,0,6.34375,7.8388555,8.259766
271,13,15,3.65625,4.09199025,4.7265625
271,14,30,1.96875,2.33825325,2.944336
271,15,45,1,1.31643225,1.8388672
271,16,60,0.5625,0.571025,0.40722656
271,17,75,0.09375,0,0
271,18,90,0.0625,0.0468115,0.37109375
271,19,105,0.125,0.18574,0.6953125
271,20,120,0.0625,0.25809075,0.97265625
271,21,135,0,0.448286,1.1953125
271,22,150,0.0625,0.835077,1.4814453
271,23,165,0.15625,1.24389325,1.78125
271,24,180,0.09375,1.3377045,1.7646484
272,1,-165,5.84375,5.98189475,5.970703
272,2,-150,7.1875,7.43380425,7.7714844
272,3,-135,8.3125,8.68491375,8.9609375
272,4,-120,6.65625,7.45852775,9.15625
272,5,-105,4.6875,5.182146,6.5273438
272,6,-90,3.46875,3.50000675,4.390625
272,7,-75,3.09375,2.81954575,3.3300781
272,8,-60,3.65625,3.0337115,3.7304688
272,9,-45,5.28125,4.309921,5.1992188
272,10,-30,7.65625,6.5700505,7.3945312
272,11,-15,9.59375,8.458951,9.923828
272,12,0,10.53125,10.8016595,10.455078
272,13,15,9.40625,10.149687,8.964844
272,14,30,6.59375,6.50397475,5.935547
272,15,45,3.375,3.0435005,3.3710938
272,16,60,1.03125,0.724637,1.0585938
272,17,75,0,0,0
272,18,90,0.1875,0.5513215,0.47265625
272,19,105,0.8125,1.1803275,1.0546875
272,20,120,1.03125,1.5445285,1.8359375
272,21,135,1.40625,2.2972775,2.7109375
272,22,150,2.15625,2.65125025,2.3222656
272,23,165,2.90625,3.18525275,2.703125
272,24,180,4.53125,4.62122375,4.330078
273,1,-165,0.40625,0.34581525,0.24511719
273,2,-150,1.65625,1.37918225,0.98339844
273,3,-135,3.53125,3.02022025,2.25
273,4,-120,5.8125,5.002932,3.8222656
273,5,-105,7.96875,6.8479075,5.265625
273,6,-90,9.34375,7.94986025,6.0166016
273,7,-75,9.3125,7.983808,6.296875
273,8,-60,8.4375,7.37080325,5.9960938
273,9,-45,7.59375,6.80140975,5.533203
273,10,-30,7.28125,6.68343975,5.5371094
273,11,-15,7.53125,7.02705875,5.970703
273,12,0,7.78125,7.33440825,6.243164
273,13,15,7.53125,7.03094925,5.9746094
273,14,30,7.28125,6.68268675,5.5302734
273,15,45,7.59375,6.80140975,5.533203
273,16,60,8.4375,7.371368,5.9990234
273,17,75,9.3125,7.9839335,6.298828
273,18,90,9.34375,7.94986025,6.0166016
273,19,105,7.96875,6.84872325,5.270508
273,20,120,5.8125,5.002932,3.8222656
273,21,135,3.53125,3.01984375,2.25
273,22,150,1.65625,1.3776135,0.9863281
273,23,165,0.40625,0.345878,0.24511719
273,24,180,0,0,0
274,1,-165,1.1875,1.83474725,2.2382812
274,2,-150,1.03125,1.7859905,1.9648438
274,3,-135,1.0625,1.76559675,1.8457031
274,4,-120,1.03125,1.55400375,1.6425781
274,5,-105,0.8125,1.06154175,1.2382812
274,6,-90,0.5,0.43542225,0.7402344
274,7,-75,0,0.2109655,0.47851562
274,8,-60,0.09375,0.06419325,0
274,9,-45,0.96875,0.7408265,0.25390625
274,10,-30,2.34375,1.96714975,1.4433594
274,11,-15,3.6875,3.162098,2.6699219
274,12,0,4.125,3.65474825,3.2597656
274,13,15,3.40625,2.9292955,2.7675781
274,14,30,2.03125,1.5595885,1.5136719
274,15,45,0.75,0.433728,0.47265625
274,16,60,0.03125,0,0.078125
274,17,75,0.03125,0.2973095,0.3046875
274,18,90,0.59375,0.565503,0.7011719
274,19,105,0.90625,1.22996275,1.2441406
274,20,120,1.125,1.6532115,1.6445312
274,21,135,1.1875,1.88105675,1.84375
274,22,150,1.15625,1.87653875,2.0058594
274,23,165,1.25,1.88695525,2.296875
274,24,180,1.375,1.89523825,2.5234375
275,1,-165,2.03125,2.7300015,2.0927734
275,2,-150,1.09375,1.39599925,0.7402344
275,3,-135,1.03125,0.92298975,0.28027344
275,4,-120,1.5,1.06354975,0.6582031
275,5,-105,2.03125,1.35747075,1.1074219
275,6,-90,1.90625,1.2287705,1.0878906
275,7,-75,0.90625,0.61714625,0.6689453
275,8,-60,0,6.27E-05,0
275,9,-45,0.03125,0.28632825,0.26660156
275,10,-30,1.25,1.802431,1.7197266
275,11,-15,3.40625,4.39858675,4.182617
275,12,0,5.65625,7.3303295,6.341797
275,13,15,3.40625,4.3873545,4.1777344
275,14,30,1.25,1.80086225,1.7246094
275,15,45,0.03125,0.285136,0.26757812
275,16,60,0,0,0
275,17,75,0.90625,0.61865225,0.67089844
275,18,90,1.90625,1.22180525,1.0771484
275,19,105,2.03125,1.35470975,1.0947266
275,20,120,1.5,1.06493025,0.6621094
275,21,135,1.03125,0.92211125,0.28710938
275,22,150,1.09375,1.3961875,0.73828125
275,23,165,2.03125,2.73194675,2.0947266
275,24,180,3.25,4.3411705,3.5439453
276,1,-165,0.28125,0.19621925,0.19433594
276,2,-150,1.0625,0.81204775,0.79003906
276,3,-135,2.3125,1.87277375,1.7744141
276,4,-120,3.75,3.12036925,3.0371094
276,5,-105,4.9375,4.14080975,4.256836
276,6,-90,5.40625,4.57742425,4.8623047
276,7,-75,4.9375,4.14896725,4.2802734
276,8,-60,3.71875,3.07104775,3.0273438
276,9,-45,2.25,1.790132,1.7314453
276,10,-30,1.03125,0.753251,0.7441406
276,11,-15,0.25,0.175449,0.18066406
276,12,0,0,0.0011295,0
276,13,15,0.25,0.175449,0.18066406
276,14,30,1.03125,0.75381575,0.74609375
276,15,45,2.25,1.790132,1.7314453
276,16,60,3.71875,3.070232,3.0195312
276,17,75,4.9375,4.14896725,4.28125
276,18,90,5.40625,4.577487,4.8623047
276,19,105,4.9375,4.14080975,4.256836
276,20,120,3.75,3.12036925,3.0371094
276,21,135,2.3125,1.86800475,1.7714844
276,22,150,1.0625,0.81204775,0.79003906
276,23,165,0.28125,0.19621925,0.19628906
276,24,180,0,0,0.002929688
277,1,-165,0.5625,0.4637225,0.41308594
277,2,-150,2.21875,1.78429625,1.5947266
277,3,-135,4.6875,3.751195,3.34375
277,4,-120,7.5,5.97210575,5.310547
277,5,-105,10.0625,7.94684825,7.083008
277,6,-90,11.5625,9.10082075,8.172852
277,7,-75,11.46875,9.2690535,8.452148
277,8,-60,10.40625,8.755884,8.0078125
277,9,-45,9.3125,8.1603865,7.140625
277,10,-30,8.65625,7.899472,6.645508
277,11,-15,8.53125,8.0338825,6.6191406
277,12,0,8.625,8.1972835,6.7041016
277,13,15,8.53125,8.0338825,6.6191406
277,14,30,8.65625,7.899472,6.645508
277,15,45,9.3125,8.16032375,7.140625
277,16,60,10.40625,8.755884,8.0078125
277,17,75,11.46875,9.2690535,8.452148
277,18,90,11.5625,9.10395825,8.174805
277,19,105,10.0625,7.946911,7.0810547
277,20,120,7.5,5.9874795,5.334961
277,21,135,4.6875,3.751195,3.3427734
277,22,150,2.21875,1.78429625,1.5947266
277,23,165,0.5625,0.4637225,0.41308594
277,24,180,0,0,0
278,1,-165,3.46875,2.85167375,3.3886719
278,2,-150,4.96875,4.28457,5.086914
278,3,-135,7.28125,6.602806,7.614258
278,4,-120,10.28125,9.50342475,10.435547
278,5,-105,13.4375,12.418476,13.013672
278,6,-90,15.25,13.70667075,13.045898
278,7,-75,12.65625,11.56852725,10.947266
278,8,-60,9.28125,8.767179,8.694336
278,9,-45,6.03125,5.95089625,5.8759766
278,10,-30,3.59375,3.811435,3.5810547
278,11,-15,2.1875,2.5066115,2.3925781
278,12,0,1.71875,2.02412675,2.2324219
278,13,15,2.21875,2.43024475,2.8427734
278,14,30,3.75,3.8185885,4.21875
278,15,45,6.28125,6.13989925,6.638672
278,16,60,9.71875,9.32621875,9.7890625
278,17,75,13.59375,12.81926025,12.6171875
278,18,90,13.34375,12.06701325,10.828125
278,19,105,10.21875,9.15440925,8.043945
278,20,120,6.90625,6.1882795,5.564453
278,21,135,4.03125,3.668616,3.4716797
278,22,150,1.875,1.79948175,1.7919922
278,23,165,0.5625,0.600141,0.60253906
278,24,180,0,0,0
279,1,-165,0.625,1.56705575,1.4775391
279,2,-150,0.25,0.69872125,0.76464844
279,3,-135,0,0.2169895,0.42089844
279,4,-120,0.03125,0.01863675,0.21484375
279,5,-105,0.09375,0,0.04296875
279,6,-90,0.125,0.025602,0.00390625
279,7,-75,0.0625,0.00533375,0.115234375
279,8,-60,0,0.063754,0.29492188
279,9,-45,0.0625,0.34531325,0.50097656
279,10,-30,0.34375,0.918158,0.9033203
279,11,-15,0.65625,1.8171145,1.6972656
279,12,0,0.75,2.1524505,1.9941406
279,13,15,0.65625,1.815734,1.6933594
279,14,30,0.34375,0.918158,0.9013672
279,15,45,0.0625,0.34531325,0.50097656
279,16,60,0,0.063754,0.29492188
279,17,75,0.0625,0.00533375,0.115234375
279,18,90,0.125,0.02604125,0
279,19,105,0.09375,0,0.043945312
279,20,120,0.03125,0.01863675,0.21386719
279,21,135,0,0.2169895,0.42089844
279,22,150,0.25,0.69859575,0.76464844
279,23,165,0.625,1.56793425,1.4804688
279,24,180,0.75,2.15100725,1.9912109
280,1,-165,0.6875,1.06380075,1.5136719
280,2,-150,0.625,1.079551,1.2216797
280,3,-135,0.625,1.119209,1.1142578
280,4,-120,0.65625,1.05752575,0.90625
280,5,-105,0.5625,0.808471,0.5253906
280,6,-90,0.46875,0.3188955,0.022460938
280,7,-75,0,0.12706875,0.07421875
280,8,-60,0.03125,0.00069025,0.038085938
280,9,-45,0.8125,0.59355225,0.5048828
280,10,-30,2.15625,1.80500375,1.5957031
280,11,-15,3.46875,3.0555485,2.7490234
280,12,0,4.125,3.67545575,3.2373047
280,13,15,3.46875,3.04463,2.7519531
280,14,30,2.15625,1.80437625,1.6035156
280,15,45,0.8125,0.58985,0.4970703
280,16,60,0.03125,0,0.041992188
280,17,75,0,0.14426225,0.09667969
280,18,90,0.46875,0.3141265,0
280,19,105,0.5625,0.8108555,0.5253906
280,20,120,0.65625,1.060475,0.9042969
280,21,135,0.625,1.1210915,1.109375
280,22,150,0.625,1.07421725,1.2158203
280,23,165,0.6875,1.06191825,1.5302734
280,24,180,0.78125,1.08137075,1.828125
281,1,-165,0.5,0.3708525,0.49316406
281,2,-150,1.90625,1.4611965,1.8300781
281,3,-135,4,3.1233185,3.6455078
281,4,-120,6.40625,4.97136875,5.4335938
281,5,-105,8.40625,6.45716325,6.8583984
281,6,-90,9.28125,7.08679675,7.680664
281,7,-75,8.6875,6.6912835,7.53125
281,8,-60,7.0625,5.5173565,6.3632812
281,9,-45,5.25,4.10491675,4.791992
281,10,-30,3.8125,2.937704,3.2861328
281,11,-15,2.96875,2.294391,2.3066406
281,12,0,2.75,2.111914,1.9726562
281,13,15,2.96875,2.294391,2.3066406
281,14,30,3.8125,2.93764125,3.2861328
281,15,45,5.25,4.10504225,4.790039
281,16,60,7.0625,5.516729,6.3652344
281,17,75,8.6875,6.6912835,7.53125
281,18,90,9.28125,7.08667125,7.680664
281,19,105,8.40625,6.45716325,6.859375
281,20,120,6.40625,4.9714315,5.4335938
281,21,135,4.03125,3.11723175,3.6367188
281,22,150,1.90625,1.4611965,1.8320312
281,23,165,0.5,0.37116625,0.49804688
281,24,180,0,0,0
282,1,-165,1.09375,1.3884065,1.6123047
282,2,-150,0.09375,0.2471095,0.38378906
282,3,-135,0,0,0
282,4,-120,0.78125,0.61576575,0.51660156
282,5,-105,1.875,1.516793,1.5
282,6,-90,2.34375,1.9388495,1.8945312
282,7,-75,1.875,1.52551525,1.4902344
282,8,-60,0.8125,0.62756275,0.5136719
282,9,-45,0.03125,0.00081575,0.000976563
282,10,-30,0.09375,0.24867825,0.390625
282,11,-15,1.09375,1.3936775,1.6171875
282,12,0,1.96875,2.3118355,2.5654297
282,13,15,1.09375,1.39374025,1.6171875
282,14,30,0.09375,0.24867825,0.39160156
282,15,45,0.03125,0.00081575,0.001953125
282,16,60,0.8125,0.62756275,0.51464844
282,17,75,1.875,1.52551525,1.4902344
282,18,90,2.34375,1.93878675,1.8955078
282,19,105,1.875,1.516793,1.4990234
282,20,120,0.78125,0.61576575,0.51660156
282,21,135,0,0,0.000976563
282,22,150,0.09375,0.24704675,0.38378906
282,23,165,1.09375,1.3884065,1.6113281
282,24,180,1.96875,2.3115845,2.5644531
283,1,-165,0,0,0
283,2,-150,0.75,0.4110125,0.1875
283,3,-135,2.375,1.57948025,0.9082031
283,4,-120,4.75,3.406321,2.3115234
283,5,-105,7.5,5.5524965,4.388672
283,6,-90,9.71875,7.23902825,6.2333984
283,7,-75,7.375,5.470043,4.3789062
283,8,-60,4.625,3.35706225,2.4277344
283,9,-45,2.3125,1.5525605,0.99316406
283,10,-30,0.71875,0.40668275,0.2265625
283,11,-15,0,0.0018825,0.0078125
283,12,0,0.5,0.64325025,0.49121094
283,13,15,0,0.0018825,0.0078125
283,14,30,0.71875,0.40956925,0.22949219
283,15,45,2.3125,1.555447,0.99609375
283,16,60,4.625,3.35706225,2.4277344
283,17,75,7.375,5.4694155,4.3808594
283,18,90,9.71875,7.240848,6.227539
283,19,105,7.5,5.55080225,4.3828125
283,20,120,4.75,3.40663475,2.3125
283,21,135,2.375,1.57646825,0.91796875
283,22,150,0.75,0.4130205,0.19042969
283,23,165,0,0.00094125,0.004882813
283,24,180,0.5,0.6419325,0.4814453
284,1,-165,0.8125,0.2486155,0.171875
284,2,-150,1.625,0.923178,0.6875
284,3,-135,1.53125,1.672162,3.3496094
284,4,-120,2.75,2.84502225,4.4902344
284,5,-105,4.09375,3.99773975,5.7128906
284,6,-90,4.8125,4.6119995,6.419922
284,7,-75,3.71875,3.80246175,5.5625
284,8,-60,2.375,2.59502625,4.3046875
284,9,-45,1.25,1.46527525,3.2265625
284,10,-30,0.40625,0.60296475,2.4042969
284,11,-15,0,0.077559,1.7558594
284,12,0,0.40625,0,0.001953125
284,13,15,0.78125,0.2310455,0.1640625
284,14,30,1.53125,0.84969775,0.6230469
284,15,45,2.5,1.77036575,1.3144531
284,16,60,3.84375,3.12451075,2.3710938
284,17,75,5.75,5.04453525,4.1816406
284,18,90,4.8125,4.612376,6.4296875
284,19,105,4.09375,3.999183,5.7128906
284,20,120,2.75,2.83950025,4.4785156
284,21,135,1.5,1.6652595,3.34375
284,22,150,1.625,0.92110725,0.6796875
284,23,165,0.8125,0.25056075,0.17382812
284,24,180,0.40625,0.00257275,0
285,1,-165,0.15625,0.518817,0.8183594
285,2,-150,0.34375,0.84166575,1.2509766
285,3,-135,0.59375,1.16671075,1.4023438
285,4,-120,0.71875,1.22958625,1.1289062
285,5,-105,0.625,0.9945875,0.4814453
285,6,-90,0.21875,0.409632,0.0625
285,7,-75,0,0,0
285,8,-60,0.34375,0.3678405,0.4189453
285,9,-45,1.6875,1.59454025,1.6035156
285,10,-30,3.34375,3.22415775,3.0488281
285,11,-15,4.65625,4.52873025,4.116211
285,12,0,5.125,5.02370225,4.5322266
285,13,15,4.65625,4.53023625,4.125
285,14,30,3.34375,3.22033,3.0507812
285,15,45,1.6875,1.59454025,1.6035156
285,16,60,0.34375,0.38446925,0.46679688
285,17,75,0,0.000753,0.001953125
285,18,90,0.21875,0.410887,0.06640625
285,19,105,0.625,0.9880615,0.5292969
285,20,120,0.71875,1.22895875,1.1289062
285,21,135,0.59375,1.16671075,1.4013672
285,22,150,0.34375,0.84078725,1.2519531
285,23,165,0.15625,0.51887975,0.8173828
285,24,180,0.25,0.36363625,0.15527344
286,1,-165,0.125,0,0.015625
286,2,-150,0.6875,0.14903125,0.20703125
286,3,-135,1.75,0.73812825,0.8017578
286,4,-120,3.21875,1.63771225,1.6660156
286,5,-105,4.5625,2.443234,2.3652344
286,6,-90,5.125,2.707286,2.6044922
286,7,-75,4.5,2.36749475,2.3603516
286,8,-60,3.15625,1.59604625,1.7128906
286,9,-45,1.875,0.91257325,1.2275391
286,10,-30,1.09375,0.639799,1.1494141
286,11,-15,0.75,0.71679325,1.296875
286,12,0,0.6875,0.81995425,1.3955078
286,13,15,0.75,0.71679325,1.2958984
286,14,30,1.09375,0.63973625,1.1494141
286,15,45,1.875,0.91257325,1.2333984
286,16,60,3.15625,1.59604625,1.7128906
286,17,75,4.5,2.36736925,2.3603516
286,18,90,5.125,2.707286,2.6044922
286,19,105,4.5625,2.4433595,2.3652344
286,20,120,3.21875,1.637524,1.6660156
286,21,135,1.75,0.73812825,0.8017578
286,22,150,0.6875,0.14915675,0.20703125
286,23,165,0.125,0,0.015625
286,24,180,0,0.0239705,0
287,1,-165,0.46875,0.43178275,0.4111328
287,2,-150,1.78125,1.64310875,1.5488281
287,3,-135,3.65625,3.38065625,3.1542969
287,4,-120,5.71875,5.30356725,4.9785156
287,5,-105,7.5625,6.98978525,6.8789062
287,6,-90,8.75,8.01800675,8.4921875
287,7,-75,8.9375,8.21843025,9.18457
287,8,-60,8.4375,7.8483935,9.223633
287,9,-45,7.84375,7.42539575,9.044922
287,10,-30,7.59375,7.294311,8.892578
287,11,-15,7.65625,7.47910975,8.958008
287,12,0,7.75,7.63924775,9.055664
287,13,15,7.65625,7.479047,8.958008
287,14,30,7.59375,7.294311,8.892578
287,15,45,7.84375,7.424831,9.045898
287,16,60,8.4375,7.8483935,9.223633
287,17,75,8.9375,8.21843025,9.18457
287,18,90,8.75,8.0188225,8.498047
287,19,105,7.5625,6.98903225,6.8759766
287,20,120,5.71875,5.30243775,4.9804688
287,21,135,3.65625,3.38065625,3.1542969
287,22,150,1.78125,1.64310875,1.5488281
287,23,165,0.46875,0.43178275,0.4111328
287,24,180,0,0,0
288,1,-165,1.6875,1.70046225,1.1044922
288,2,-150,1.75,1.876978,1.3496094
288,3,-135,1.59375,1.8690715,1.6416016
288,4,-120,1.21875,1.47318175,1.3017578
288,5,-105,0.78125,0.89337175,0.7363281
288,6,-90,0.3125,0.346631,0.29003906
288,7,-75,0,0.0008785,0.001953125
288,8,-60,0.09375,0.09920775,0.001953125
288,9,-45,0.5625,0.58125325,0.296875
288,10,-30,1.25,1.2930265,0.8330078
288,11,-15,1.9375,1.93200975,1.375
288,12,0,2.21875,2.1956225,1.5927734
288,13,15,1.9375,1.93313925,1.375
288,14,30,1.25,1.2892615,0.8466797
288,15,45,0.53125,0.58439075,0.27148438
288,16,60,0.09375,0.1037885,0.01171875
288,17,75,0,0,0
288,18,90,0.3125,0.34656825,0.29003906
288,19,105,0.78125,0.893309,0.7363281
288,20,120,1.21875,1.47330725,1.3046875
288,21,135,1.59375,1.8683185,1.6386719
288,22,150,1.75,1.8793625,1.3671875
288,23,165,1.6875,1.70184275,1.1074219
288,24,180,1.65625,1.63708475,0.9013672
289,1,-165,1.71875,0.83332,1.46875
289,2,-150,1.125,0.49001475,1.1513672
289,3,-135,0.65625,0.225147,0.7294922
289,4,-120,0.3125,0.032379,0.18359375
289,5,-105,0.0625,0,0
289,6,-90,0,0.147086,0.10839844
289,7,-75,0.15625,0.33552425,0.43066406
289,8,-60,0.40625,0.570272,0.94921875
289,9,-45,0.84375,0.89701125,1.5126953
289,10,-30,1.34375,1.26911875,1.9628906
289,11,-15,1.875,1.64863075,2.2470703
289,12,0,2.3125,1.9190205,2.3115234
289,13,15,1.875,1.6491955,2.2451172
289,14,30,1.34375,1.27037375,1.9609375
289,15,45,0.84375,0.897576,1.5136719
289,16,60,0.40625,0.5693935,0.9453125
289,17,75,0.15625,0.33552425,0.43066406
289,18,90,0,0.146333,0.111328125
289,19,105,0.0625,0.00031375,0
289,20,120,0.3125,0.029618,0.1796875
289,21,135,0.65625,0.2252725,0.7314453
289,22,150,1.125,0.49779575,1.1601562
289,23,165,1.71875,0.824284,1.4560547
289,24,180,2.40625,1.39185775,1.8125
290,1,-165,0.6875,1.00983575,0.86328125
290,2,-150,0.5625,1.00519225,1.0019531
290,3,-135,0.4375,0.9250605,0.79785156
290,4,-120,0.25,0.565754,0.33691406
290,5,-105,0,0.00018825,0.000976563
290,6,-90,0.3125,0.08515175,0.16503906
290,7,-75,1.75,1.549423,1.5039062
290,8,-60,3.25,2.9589135,3.024414
290,9,-45,4.4375,4.27722825,5.1640625
290,10,-30,5.875,5.82376475,6.9296875
290,11,-15,6.9375,6.9857065,7.9785156
290,12,0,7.375,7.42012475,8.235352
290,13,15,6.9375,6.9852045,7.970703
290,14,30,5.875,5.822447,6.9296875
290,15,45,4.4375,4.27496925,5.1660156
290,16,60,3.25,2.95847425,3.022461
290,17,75,1.75,1.54735225,1.5039062
290,18,90,0.3125,0.084336,0.16699219
290,19,105,0,0,0
290,20,120,0.25,0.56556575,0.33398438
290,21,135,0.4375,0.9217975,0.7939453
290,22,150,0.5625,1.00531775,1.0019531
290,23,165,0.6875,1.00945925,0.8623047
290,24,180,0.75,1.02589975,0.7529297
291,1,-165,0.28125,0.3409835,1.0888672
291,2,-150,0.5,0.64400325,1.1103516
291,3,-135,0.84375,0.976892,1.1181641
291,4,-120,0.875,1.0043765,1.0283203
291,5,-105,0.5,0.573535,0.6074219
291,6,-90,0,0.0184485,0
291,7,-75,0.125,0,0.19824219
291,8,-60,1.375,1.132763,1.5986328
291,9,-45,3.65625,3.25678775,3.6279297
291,10,-30,6.15625,5.56548575,5.466797
291,11,-15,7.90625,7.16134375,6.783203
291,12,0,8.21875,7.89464025,7.995117
291,13,15,7.875,7.18820075,6.9248047
291,14,30,6.15625,5.560654,5.4628906
291,15,45,3.65625,3.25528175,3.6220703
291,16,60,1.375,1.12931175,1.5732422
291,17,75,0.125,0.00043925,0.19824219
291,18,90,0,0.020331,0.006835938
291,19,105,0.5,0.57246825,0.60839844
291,20,120,0.875,1.0036235,1.0292969
291,21,135,0.84375,0.9775195,1.1152344
291,22,150,0.5,0.6444425,1.1044922
291,23,165,0.28125,0.34330525,1.0957031
291,24,180,0.4375,0.4740135,1.2734375
292,1,-165,0.3125,0.11313825,0.7675781
292,2,-150,1.15625,0.721374,0.9160156
292,3,-135,1.71875,1.418652,1.609375
292,4,-120,2.125,1.8540115,2.0136719
292,5,-105,1.59375,0.959573,1.0566406
292,6,-90,1.65625,0.84179125,0.84472656
292,7,-75,2.25,1.59454025,1.2353516
292,8,-60,1.5625,0.1288885,0.11230469
292,9,-45,2.71875,0.9777705,0.95703125
292,10,-30,4.625,2.72102825,2.7861328
292,11,-15,6.625,4.79930825,4.895508
292,12,0,8.15625,6.45151575,6.5742188
292,13,15,6.65625,4.800877,4.901367
292,14,30,4.625,2.72027525,2.7861328
292,15,45,2.71875,0.9780215,0.95703125
292,16,60,1.5625,0.13196325,0.11035156
292,17,75,1.34375,0.22709225,0
292,18,90,0.90625,0.05264725,0.10546875
292,19,105,1.59375,0.95147825,1.046875
292,20,120,2.125,1.853384,2.0185547
292,21,135,1.71875,1.41708325,1.6083984
292,22,150,1.15625,0.7217505,0.9169922
292,23,165,0.3125,0.1113185,0.75683594
292,24,180,0,0,0.76660156
293,1,-165,0.125,0.056977,0.16894531
293,2,-150,0.59375,0.3457525,0.7138672
293,3,-135,1.53125,1.02238575,1.6308594
293,4,-120,2.875,2.036614,2.7666016
293,5,-105,4.3125,3.0417435,3.8476562
293,6,-90,5.03125,3.4456025,4.2626953
293,7,-75,4.34375,3.0605685,3.8427734
293,8,-60,2.96875,2.1170595,2.788086
293,9,-45,1.625,1.09605425,1.6523438
293,10,-30,0.625,0.38308875,0.7314453
293,11,-15,0.125,0.06130675,0.17773438
293,12,0,0,0,0
293,13,15,0.125,0.06130675,0.17675781
293,14,30,0.625,0.38333975,0.7314453
293,15,45,1.625,1.09605425,1.6523438
293,16,60,2.96875,2.1142985,2.7802734
293,17,75,4.34375,3.0608195,3.8427734
293,18,90,5.03125,3.4453515,4.2626953
293,19,105,4.3125,3.03452725,3.8339844
293,20,120,2.875,2.0372415,2.7734375
293,21,135,1.53125,1.0221975,1.6279297
293,22,150,0.59375,0.3457525,0.7138672
293,23,165,0.125,0.05729075,0.16894531
293,24,180,0,0.0001255,0.002929688
294,1,-165,0.03125,0,0.07910156
294,2,-150,0.5,0.2119695,0.6972656
294,3,-135,0.90625,0.546929,1.1757812
294,4,-120,2.0625,1.32772725,2.0019531
294,5,-105,3.65625,2.5003365,3.1855469
294,6,-90,5.03125,3.50628175,4.1240234
294,7,-75,5.4375,3.977346,4.484375
294,8,-60,4.75,3.6366135,3.7636719
294,9,-45,3.21875,2.47165975,2.6064453
294,10,-30,1.6875,1.2834885,1.3007812
294,11,-15,0.625,0.479661,0.41308594
294,12,0,0.0625,0.08088475,0.002929688
294,13,15,0,0.0026355,0.076171875
294,14,30,0.46875,0.2019295,0.7011719
294,15,45,0.8125,0.5247155,1.171875
294,16,60,1.90625,1.28944975,1.9921875
294,17,75,3.5625,2.5317115,3.2988281
294,18,90,4.96875,3.523789,4.1689453
294,19,105,5.4375,3.96335275,4.4765625
294,20,120,4.8125,3.60718375,3.6953125
294,21,135,3.3125,2.45227,2.515625
294,22,150,1.78125,1.2920225,1.2216797
294,23,165,0.65625,0.48010025,0.3701172
294,24,180,0.0625,0.079567,0
295,1,-165,3.90625,3.033586,1.5302734
295,2,-150,4.3125,3.1124,2.0439453
295,3,-135,4.96875,3.40500325,2.959961
295,4,-120,5.78125,3.7508185,3.633789
295,5,-105,6.53125,4.132966,4.2041016
295,6,-90,6.46875,4.01204675,4.0117188
295,7,-75,5.3125,3.24047275,3.0166016
295,8,-60,3.65625,2.18903375,1.8515625
295,9,-45,2.25,1.3126045,0.9140625
295,10,-30,1,0.45675725,0.22460938
295,11,-15,0.25,0.083081,0.025390625
295,12,0,0,0,0
295,13,15,0.25,0.08552825,0.02734375
295,14,30,1,0.45751025,0.2265625
295,15,45,2.25,1.31279275,0.9169922
295,16,60,3.65625,2.18815525,1.8662109
295,17,75,5.3125,3.24543,3.0263672
295,18,90,6.46875,4.01355275,4.013672
295,19,105,6.53125,4.13315425,4.205078
295,20,120,5.78125,3.753956,3.6357422
295,21,135,4.96875,3.4049405,2.961914
295,22,150,4.3125,3.11221175,2.0458984
295,23,165,3.90625,3.033586,1.5302734
295,24,180,3.8125,3.0741225,1.4072266
296,1,-165,0.21875,0.11916225,0.14355469
296,2,-150,0.875,0.4855595,0.5527344
296,3,-135,1.875,1.08475925,1.2666016
296,4,-120,3.125,1.89724625,2.3203125
296,5,-105,4.40625,2.765016,3.3310547
296,6,-90,5.0625,3.18901775,4.100586
296,7,-75,4.28125,2.7300015,3.3134766
296,8,-60,2.96875,1.822762,2.2480469
296,9,-45,1.6875,0.98573975,1.1494141
296,10,-30,0.75,0.42462925,0.4765625
296,11,-15,0.1875,0.102659,0.123046875
296,12,0,0,0,0
296,13,15,0.1875,0.10291,0.123046875
296,14,30,0.75,0.42375075,0.4765625
296,15,45,1.6875,0.98699475,1.1542969
296,16,60,2.96875,1.82194625,2.2451172
296,17,75,4.28125,2.73596275,3.3203125
296,18,90,5.0625,3.18788825,4.104492
296,19,105,4.40625,2.7646395,3.3310547
296,20,120,3.125,1.897309,2.3183594
296,21,135,1.875,1.08475925,1.2666016
296,22,150,0.875,0.477653,0.5390625
296,23,165,0.21875,0.11840925,0.14453125
296,24,180,0,0.00056475,0.004882813
297,1,-165,1.03125,1.06091425,0.9667969
297,2,-150,3.34375,3.227609,3.1835938
297,3,-135,6.40625,6.0851185,6.3789062
297,4,-120,9.65625,8.9297015,9.073242
297,5,-105,12.71875,11.5202725,10.984375
297,6,-90,15,13.56334975,11.740234
297,7,-75,16.28125,14.67415025,12.393555
297,8,-60,16.4375,14.5054155,13.107422
297,9,-45,16.15625,13.49608175,14.424805
297,10,-30,15.21875,12.59838025,14.097656
297,11,-15,14.65625,12.02020175,13.467773
297,12,0,13.40625,11.8244845,12.62207
297,13,15,14.0625,12.693321,13.260742
297,14,30,13.90625,12.3626285,13.138672
297,15,45,14.5,13.16062025,13.21875
297,16,60,14.75,13.4745585,12.109375
297,17,75,14.6875,13.23767725,10.72168
297,18,90,14.46875,13.10853775,10.671875
297,19,105,12.75,11.65675375,10.582031
297,20,120,9.46875,8.5963735,8.385742
297,21,135,5.875,5.28524425,5.352539
297,22,150,2.65625,2.344089,2.727539
297,23,165,0.5625,0.44144625,0.63671875
297,24,180,0,0,0
298,1,-165,2.25,2.3361825,2.1992188
298,2,-150,2.1875,2.24011225,2.1875
298,3,-135,1.9375,1.99011625,2.0449219
298,4,-120,1.4375,1.5101415,1.7324219
298,5,-105,0.875,0.83583,1.1025391
298,6,-90,0.375,0.34418375,0.45898438
298,7,-75,0.0625,0.05277275,0.006835938
298,8,-60,0,0,0
298,9,-45,0.25,0.0656365,0.10253906
298,10,-30,0.5,0.23161025,0.37597656
298,11,-15,0.8125,0.3886735,0.7207031
298,12,0,0.875,0.450796,0.8847656
298,13,15,0.8125,0.37254675,0.7089844
298,14,30,0.5,0.231422,0.37695312
298,15,45,0.25,0.06456975,0.10449219
298,16,60,0,0.00043925,0
298,17,75,0.0625,0.0535885,0.0078125
298,18,90,0.375,0.34832525,0.4609375
298,19,105,0.875,0.833571,1.0957031
298,20,120,1.4375,1.50945125,1.7314453
298,21,135,1.9375,1.98961425,2.0458984
298,22,150,2.1875,2.25906275,2.1904297
298,23,165,2.25,2.337312,2.203125
298,24,180,2.25,2.37151075,2.2841797
299,1,-165,0.5,0.467362,0.57421875
299,2,-150,2.0625,1.90013275,2.2841797
299,3,-135,4.65625,4.29140975,4.861328
299,4,-120,8.25,7.55616675,8.016602
299,5,-105,12.53125,11.335662,11.200195
299,6,-90,17,15.1304055,14.016602
299,7,-75,20.875,18.21437975,16.445312
299,8,-60,13.28125,12.04279175,12.19043
299,9,-45,11.375,10.21337825,10.470703
299,10,-30,10.1875,9.084192,9.302734
299,11,-15,9.625,8.5539545,8.692383
299,12,0,9.53125,8.4666065,8.549805
299,13,15,9.625,8.54247125,8.686523
299,14,30,10.5625,9.4214105,9.633789
299,15,45,11.8125,10.55197725,11.107422
299,16,60,13.75,12.30496125,13.250977
299,17,75,20.875,18.21023825,16.438477
299,18,90,16.96875,15.121244,14.014648
299,19,105,12.53125,11.3322735,11.197266
299,20,120,8.25,7.55566475,8.014648
299,21,135,4.65625,4.29530025,4.864258
299,22,150,2.0625,1.90013275,2.2841797
299,23,165,0.5,0.46742475,0.57421875
299,24,180,0,0,0
300,1,-165,2.8125,2.090579,1.8095703
300,2,-150,1.4375,0.99377175,0.7167969
300,3,-135,0.53125,0.26737775,0.11425781
300,4,-120,0.15625,0,0.000976563
300,5,-105,0,0.0355165,0.034179688
300,6,-90,0.15625,0.2782335,0.15917969
300,7,-75,0.9375,1.003247,0.87402344
300,8,-60,2.125,2.07407575,2.09375
300,9,-45,3.5625,3.4681925,3.4941406
300,10,-30,4.71875,4.62059625,4.727539
300,11,-15,5.5,5.4458215,5.665039
300,12,0,5.75,5.75097475,6.0117188
300,13,15,5.5,5.443437,5.661133
300,14,30,4.71875,4.617898,4.725586
300,15,45,3.5625,3.46951025,3.5039062
300,16,60,2.125,2.06322,2.0917969
300,17,75,0.9375,1.001992,0.8730469
300,18,90,0.15625,0.278359,0.16015625
300,19,105,0,0.03557925,0.037109375
300,20,120,0.15625,0.00269825,0
300,21,135,0.53125,0.2671895,0.11425781
300,22,150,1.4375,0.99314425,0.7158203
300,23,165,2.8125,2.09315175,1.8105469
300,24,180,3.78125,2.88769225,2.9384766
301,1,-165,0.375,0.30477675,0.34472656
301,2,-150,1.4375,1.214087,1.4316406
301,3,-135,3,2.5573135,2.8652344
301,4,-120,4.5625,3.95557175,4.2041016
301,5,-105,5.5,5.04930425,5.3164062
301,6,-90,6,5.55996375,5.7871094
301,7,-75,6.4375,6.16324225,6.4677734
301,8,-60,6.4375,6.17830225,6.598633
301,9,-45,6.125,5.7924525,6.548828
301,10,-30,5.4375,5.17831825,6.3535156
301,11,-15,4.875,4.71271325,6.120117
301,12,0,4.6875,4.5314285,5.9902344
301,13,15,4.875,4.71271325,6.1191406
301,14,30,5.4375,5.177628,6.3535156
301,15,45,6.125,5.790068,6.5439453
301,16,60,6.4375,6.18282025,6.602539
301,17,75,6.4375,6.16776025,6.4648438
301,18,90,6,5.5577675,5.786133
301,19,105,5.5,5.01717625,5.288086
301,20,120,4.5625,3.95331275,4.2001953
301,21,135,3,2.558694,2.8623047
301,22,150,1.4375,1.2179775,1.4355469
301,23,165,0.375,0.304965,0.33984375
301,24,180,0,0,0
302,1,-165,0.21875,0.29210125,0.36035156
302,2,-150,0,0,0
302,3,-135,0.28125,0.1959055,0.20605469
302,4,-120,1.0625,0.84831725,0.8691406
302,5,-105,1.9375,1.6426695,1.5595703
302,6,-90,2.3125,1.99400675,1.7919922
302,7,-75,1.96875,1.65578425,1.5576172
302,8,-60,1.09375,0.8776215,0.88183594
302,9,-45,0.3125,0.214354,0.2109375
302,10,-30,0,0.00307475,0
302,11,-15,0.21875,0.29461125,0.36523438
302,12,0,0.4375,0.57610775,0.7167969
302,13,15,0.21875,0.29461125,0.36523438
302,14,30,0,0.00307475,0
302,15,45,0.3125,0.21378925,0.21191406
302,16,60,1.09375,0.88144925,0.88671875
302,17,75,1.96875,1.65578425,1.5576172
302,18,90,2.3125,1.99413225,1.7919922
302,19,105,1.9375,1.6426695,1.5595703
302,20,120,1.0625,0.84831725,0.86816406
302,21,135,0.28125,0.1959055,0.20605469
302,22,150,0,0,0
302,23,165,0.21875,0.29210125,0.36035156
302,24,180,0.4375,0.57836675,0.7158203
303,1,-165,0,0.3884225,0.44628906
303,2,-150,0,0.5540825,0.6582031
303,3,-135,0.0625,0.623735,0.61621094
303,4,-120,0.25,0.608675,0.4326172
303,5,-105,0.375,0.5051375,0.20800781
303,6,-90,0.4375,0.269825,0.002929688
303,7,-75,0.625,0.1637775,0.02734375
303,8,-60,1.25,0.676445,0.65625
303,9,-45,2.4375,1.91262,2.0166016
303,10,-30,3.9375,3.5309425,3.5546875
303,11,-15,5.25,4.9064225,4.7441406
303,12,0,5.8125,5.2251925,5.0097656
303,13,15,5.25,4.89199,4.7402344
303,14,30,3.9375,3.527805,3.5546875
303,15,45,2.4375,1.9069725,2.0185547
303,16,60,1.25,0.6770725,0.6591797
303,17,75,0.625,0.1637775,0.02734375
303,18,90,0.4375,0.2704525,0
303,19,105,0.375,0.503255,0.19921875
303,20,120,0.25,0.6093025,0.43554688
303,21,135,0.0625,0.623735,0.61621094
303,22,150,0,0.5515725,0.6542969
303,23,165,0,0.395325,0.45214844
303,24,180,0,0,0.20605469
304,1,-165,0.25,0.1622715,0.24804688
304,2,-150,1,0.75557275,1.0371094
304,3,-135,2.1875,1.74990925,2.2050781
304,4,-120,3.6875,3.03904525,3.5878906
304,5,-105,5.0625,4.16879625,4.756836
304,6,-90,5.625,4.65146925,5.2714844
304,7,-75,5.0625,4.18398175,4.791992
304,8,-60,3.75,3.100603,3.6289062
304,9,-45,2.25,1.82797025,2.241211
304,10,-30,1,0.80012525,1.0625
304,11,-15,0.25,0.18115925,0.25976562
304,12,0,0,0,0
304,13,15,0.25,0.180971,0.2607422
304,14,30,1,0.799937,1.0615234
304,15,45,2.25,1.82784475,2.2392578
304,16,60,3.75,3.1004775,3.6279297
304,17,75,5.0625,4.18398175,4.7910156
304,18,90,5.5625,4.65849725,5.283203
304,19,105,5.0625,4.16841975,4.756836
304,20,120,3.6875,3.03917075,3.586914
304,21,135,2.1875,1.74965825,2.2050781
304,22,150,1,0.75519625,1.0380859
304,23,165,0.25,0.16220875,0.24804688
304,24,180,0,0.00069025,0.001953125
305,1,-165,1.96875,3.0507795,2.8535156
305,2,-150,0.84375,1.465589,1.1171875
305,3,-135,0.1875,0.371229,0.06542969
305,4,-120,0,0,0.001953125
305,5,-105,0.34375,0.27252325,0.546875
305,6,-90,0.75,0.87718225,1.2392578
305,7,-75,1.03125,1.45536075,1.5419922
305,8,-60,0.9375,1.107914,1.1728516
305,9,-45,1.34375,1.7099375,1.5283203
305,10,-30,2.1875,2.96110975,2.390625
305,11,-15,3.34375,4.604344,3.6230469
305,12,0,4.3125,5.78147125,4.536133
305,13,15,3.34375,4.60741875,3.618164
305,14,30,2.1875,2.9621765,2.3945312
305,15,45,1.34375,1.7099375,1.5283203
305,16,60,0.9375,1.10621975,1.1669922
305,17,75,1.03125,1.45661575,1.5458984
305,18,90,0.75,0.87743325,1.2402344
305,19,105,0.34375,0.272586,0.54785156
305,20,120,0,0.00069025,0
305,21,135,0.1875,0.3726095,0.068359375
305,22,150,0.84375,1.46452225,1.1230469
305,23,165,1.96875,3.052411,2.8652344
305,24,180,3.09375,4.38904875,4.258789
306,1,-165,0.125,0.1301435,0.2265625
306,2,-150,0.875,0.7368105,0.953125
306,3,-135,2.28125,1.91782825,2.1816406
306,4,-120,4.21875,3.52021225,3.5351562
306,5,-105,6.28125,5.1923115,4.7890625
306,6,-90,7.75,6.24757825,5.9589844
306,7,-75,7.5,6.29257,6.091797
306,8,-60,6.21875,5.551116,5.7734375
306,9,-45,4.96875,4.70806975,5.1816406
306,10,-30,4.21875,4.21811775,4.6035156
306,11,-15,4.0625,4.2234515,4.296875
306,12,0,4.1875,4.4267615,4.1171875
306,13,15,4.0625,4.22213375,4.3046875
306,14,30,4.21875,4.22075325,4.6132812
306,15,45,4.96875,4.71246225,5.1914062
306,16,60,6.21875,5.5499865,5.779297
306,17,75,7.5,6.292319,6.095703
306,18,90,7.75,6.2477665,5.9589844
306,19,105,6.28125,5.19224875,4.7890625
306,20,120,4.21875,3.522032,3.5429688
306,21,135,2.28125,1.91456525,2.1738281
306,22,150,0.875,0.74013625,0.96484375
306,23,165,0.125,0.1301435,0.2265625
306,24,180,0,0,0
307,1,-165,0.25,0.16170675,0.18945312
307,2,-150,1,0.750992,0.8720703
307,3,-135,2.3125,1.8392025,2.0888672
307,4,-120,3.875,3.254717,3.6308594
307,5,-105,5.25,4.52195325,5
307,6,-90,5.75,5.0361895,5.5722656
307,7,-75,5.1875,4.4917705,5.0478516
307,8,-60,3.875,3.25603475,3.7167969
307,9,-45,2.3125,1.87766825,2.1728516
307,10,-30,1.0625,0.8015685,0.93847656
307,11,-15,0.3125,0.18906575,0.22265625
307,12,0,0,0.0013805,0.00390625
307,13,15,0.25,0.16785625,0.19726562
307,14,30,1.0625,0.769315,0.8847656
307,15,45,2.3125,1.86825575,2.1191406
307,16,60,3.875,3.263,3.6582031
307,17,75,5.1875,4.503693,5.015625
307,18,90,5.75,5.03524825,5.571289
307,19,105,5.25,4.51153675,5.040039
307,20,120,3.875,3.259486,3.6972656
307,21,135,2.3125,1.8645535,2.1435547
307,22,150,1.0625,0.79121475,0.90625
307,23,165,0.3125,0.187497,0.203125
307,24,180,0,0,0
308,1,-165,0.03125,0.2752215,0.20703125
308,2,-150,0,0,0.014648438
308,3,-135,0.625,0.372735,0.4560547
308,4,-120,1.78125,1.2619025,1.5263672
308,5,-105,2.84375,2.15150925,2.1728516
308,6,-90,3.28125,2.492932,2.4365234
308,7,-75,2.8125,2.09603825,2.1865234
308,8,-60,1.78125,1.22230725,1.53125
308,9,-45,0.65625,0.36376175,0.44628906
308,10,-30,0.03125,0.00545925,0.001953125
308,11,-15,0,0.27440575,0.21386719
308,12,0,0.1875,0.55502375,0.41210938
308,13,15,0.03125,0.26173025,0.1875
308,14,30,0.03125,0.00658875,0.00390625
308,15,45,0.65625,0.36263225,0.4423828
308,16,60,1.78125,1.22268375,1.5322266
308,17,75,2.8125,2.09528525,2.1904297
308,18,90,3.28125,2.49299475,2.4375
308,19,105,2.84375,2.152576,2.1611328
308,20,120,1.78125,1.26108675,1.5224609
308,21,135,0.625,0.36915825,0.45214844
308,22,150,0.03125,0.007781,0
308,23,165,0,0.28821075,0.21679688
308,24,180,0.1875,0.55213725,0.41015625
309,1,-165,0.875,0.889795,0.9238281
309,2,-150,0.15625,0.179967,0.17773438
309,3,-135,0,0.00282375,0.00390625
309,4,-120,0.34375,0.3091065,0.3046875
309,5,-105,0.875,0.7932855,0.59375
309,6,-90,1.125,1.030857,0.6982422
309,7,-75,0.875,0.79196775,0.59765625
309,8,-60,0.34375,0.309734,0.30371094
309,9,-45,0,0.0018825,0
309,10,-30,0.15625,0.180218,0.1796875
309,11,-15,0.875,0.87479775,0.9160156
309,12,0,1.5,1.4883045,1.5810547
309,13,15,0.875,0.87630375,0.9189453
309,14,30,0.15625,0.1803435,0.1796875
309,15,45,0,0.0018825,0
309,16,60,0.34375,0.3081025,0.30566406
309,17,75,0.875,0.79008525,0.5908203
309,18,90,1.125,1.029602,0.7011719
309,19,105,0.875,0.7925325,0.5917969
309,20,120,0.34375,0.30916925,0.3046875
309,21,135,0,0,0.000976563
309,22,150,0.15625,0.1773315,0.16992188
309,23,165,0.875,0.886783,0.91796875
309,24,180,1.5,1.4920695,1.5800781
310,1,-165,0.15625,0,0.125
310,2,-150,0.65625,0.13095925,0.47558594
310,3,-135,1.6875,0.72168775,1.0566406
310,4,-120,3.125,1.71878525,1.9462891
310,5,-105,4.4375,2.6928535,3.015625
310,6,-90,4.96875,3.091065,3.5273438
310,7,-75,4.40625,2.66769075,2.9970703
310,8,-60,3.0625,1.67184825,1.921875
310,9,-45,1.625,0.679708,1.0185547
310,10,-30,0.625,0.113954,0.45214844
310,11,-15,0.15625,0.00106675,0.12597656
310,12,0,0,0.03256725,0.002929688
310,13,15,0.15625,0.0011295,0.123046875
310,14,30,0.625,0.113954,0.4482422
310,15,45,1.625,0.679708,1.0195312
310,16,60,3.0625,1.669401,1.921875
310,17,75,4.40625,2.66769075,2.9970703
310,18,90,4.96875,3.09037475,3.5292969
310,19,105,4.4375,2.69279075,3.015625
310,20,120,3.125,1.720605,1.9501953
310,21,135,1.6875,0.72168775,1.0566406
310,22,150,0.65625,0.13095925,0.47460938
310,23,165,0.15625,0,0.125
310,24,180,0,0.03294375,0
311,1,-165,2.5,2.1602315,1.9550781
311,2,-150,3,2.87652275,2.9101562
311,3,-135,3.15625,2.9543955,2.7070312
311,4,-120,2.875,2.58711975,2.1015625
311,5,-105,1.9375,1.755494,1.2050781
311,6,-90,0.875,0.7380655,0.41015625
311,7,-75,0.09375,0.0535885,0
311,8,-60,0,0,0.083984375
311,9,-45,0.46875,0.310487,0.060546875
311,10,-30,1.53125,1.22607225,0.73828125
311,11,-15,2.5625,2.2021485,1.6875
311,12,0,3.09375,2.831782,2.4863281
311,13,15,3.09375,2.970334,2.8847656
311,14,30,2.75,2.7264875,2.8945312
311,15,45,2,1.651831,1.3828125
311,16,60,1.3125,0.94871725,0.7519531
311,17,75,0.9375,0.69370125,0.7089844
311,18,90,0.84375,0.80978875,1.0761719
311,19,105,0.90625,1.055706,1.5976562
311,20,120,0.96875,1.181708,2.1054688
311,21,135,0.875,0.925437,1.2617188
311,22,150,0.875,0.689497,0.8300781
311,23,165,1.125,0.74954875,0.64453125
311,24,180,1.6875,1.25129775,0.99609375
312,1,-165,0.25,0.14087375,0.19824219
312,2,-150,1,0.59487,0.8105469
312,3,-135,2.15625,1.36286725,1.7519531
312,4,-120,3.5625,2.32005575,2.7558594
312,5,-105,4.875,3.2244715,3.506836
312,6,-90,5.625,3.777801,3.8066406
312,7,-75,5.4375,3.7899745,3.7158203
312,8,-60,4.375,3.2074035,3.3691406
312,9,-45,2.96875,2.258749,2.7265625
312,10,-30,1.6875,1.3166205,1.9257812
312,11,-15,0.8125,0.65605125,1.3066406
312,12,0,0.53125,0.4313435,1.0849609
312,13,15,0.8125,0.65605125,1.3056641
312,14,30,1.6875,1.31668325,1.9257812
312,15,45,2.96875,2.25868625,2.7265625
312,16,60,4.375,3.20746625,3.368164
312,17,75,5.4375,3.7899745,3.7158203
312,18,90,5.625,3.77773825,3.8066406
312,19,105,4.875,3.2244715,3.506836
312,20,120,3.5625,2.32005575,2.7558594
312,21,135,2.15625,1.3628045,1.7519531
312,22,150,1,0.59468175,0.8105469
312,23,165,0.25,0.140811,0.20019531
312,24,180,0,0,0
313,1,-165,5.6875,5.560152,6.8671875
313,2,-150,5.53125,5.58970725,7.0722656
313,3,-135,5.84375,5.9804515,6.9033203
313,4,-120,5.5,4.9671645,5.5351562
313,5,-105,3.75,3.30021075,3.7216797
313,6,-90,1.59375,1.3909165,1.3564453
313,7,-75,0.125,0.1190995,0.049804688
313,8,-60,0,0.0003765,0.002929688
313,9,-45,1.4375,1.32986075,0.98339844
313,10,-30,3.4375,3.21788275,3.2851562
313,11,-15,5.875,5.983589,6.182617
313,12,0,6.71875,6.6036845,6.5820312
313,13,15,5.875,5.984091,6.1689453
313,14,30,3.4375,3.22955425,3.2509766
313,15,45,1.21875,1.1539725,1.1513672
313,16,60,0,0,0
313,17,75,0.125,0.11803275,0.0390625
313,18,90,1.59375,1.39951325,1.3955078
313,19,105,3.75,3.30033625,3.7294922
313,20,120,5.5,4.959509,5.520508
313,21,135,5.59375,5.7407465,7.0429688
313,22,150,5.53125,5.590021,7.0820312
313,23,165,5.6875,5.56172075,6.8623047
313,24,180,6.0625,5.7482765,6.6328125
314,1,-165,0,0.1441995,0.7578125
314,2,-150,0.4375,0.00194525,0.5800781
314,3,-135,2,0.9466465,1.5605469
314,4,-120,5.5625,2.0289585,1.5742188
314,5,-105,5.375,1.9084785,1.2363281
314,6,-90,4.625,1.8781075,1.3222656
314,7,-75,2.9375,1.2039215,0.8828125
314,8,-60,1.375,0.440254,0.091796875
314,9,-45,0.625,0.32699025,0.001953125
314,10,-30,0.8125,1.06819325,0.7285156
314,11,-15,1.8125,2.523303,2.2285156
314,12,0,2.75,3.73393875,3.3496094
314,13,15,1.8125,2.5174045,2.2148438
314,14,30,0.8125,1.06926,0.7246094
314,15,45,0.625,0.32912375,0
314,16,60,1.375,0.43680275,0.08984375
314,17,75,2.9375,1.19657975,0.8730469
314,18,90,4.625,1.87289925,1.3183594
314,19,105,5.375,1.90992175,1.2402344
314,20,120,5.5625,2.030088,1.5742188
314,21,135,2,0.9453915,1.5625
314,22,150,0.4375,0,0.5878906
314,23,165,0,0.14300725,0.7578125
314,24,180,0.6875,1.23950075,1.9785156
315,1,-165,0.34375,0.3555415,0.65527344
315,2,-150,0.625,0.5254685,1.0976562
315,3,-135,1.34375,1.0917245,1.7832031
315,4,-120,2.40625,1.95660775,2.5966797
315,5,-105,3.375,2.78980225,3.3935547
315,6,-90,3.8125,3.10681525,3.899414
315,7,-75,3.34375,2.666122,3.4580078
315,8,-60,2.3125,1.78592775,2.6591797
315,9,-45,1.21875,0.8916775,1.6279297
315,10,-30,0.46875,0.28645375,0.70410156
315,11,-15,0.09375,0.0317515,0.16015625
315,12,0,0,0,0
315,13,15,0.09375,0.0317515,0.15820312
315,14,30,0.46875,0.28645375,0.70410156
315,15,45,1.21875,0.8936855,1.6289062
315,16,60,2.3125,1.78479825,2.65625
315,17,75,3.34375,2.671142,3.4658203
315,18,90,3.8125,3.10681525,3.899414
315,19,105,3.375,2.78980225,3.3935547
315,20,120,2.40625,1.95660775,2.5966797
315,21,135,1.34375,1.0917245,1.7832031
315,22,150,0.625,0.5262215,1.0996094
315,23,165,0.34375,0.3555415,0.65527344
315,24,180,0.28125,0.3645775,0.45898438
316,1,-165,0.8125,0.51147525,0.9892578
316,2,-150,0.28125,0.101153,0.3701172
316,3,-135,0,0.007028,0
316,4,-120,0,0.312997,0.09667969
316,5,-105,0.96875,1.14926625,0.47851562
316,6,-90,1.09375,1.1030195,0.6923828
316,7,-75,1.90625,2.192485,1.6806641
316,8,-60,2.125,2.2435635,1.9511719
316,9,-45,2.40625,2.35858425,2.3769531
316,10,-30,2.6875,2.53842575,2.8095703
316,11,-15,3,2.98620975,3.2871094
316,12,0,3.125,3.2824525,3.5917969
316,13,15,3,2.98570775,3.2832031
316,14,30,2.6875,2.541124,2.8154297
316,15,45,2.40625,2.35582325,2.383789
316,16,60,2.125,2.2440655,1.9492188
316,17,75,1.90625,2.19392825,1.6826172
316,18,90,1.09375,1.10283125,0.6904297
316,19,105,0.96875,1.149831,0.47851562
316,20,120,0,0.31682475,0.1015625
316,21,135,0,0,0
316,22,150,0.28125,0.1004,0.36816406
316,23,165,0.8125,0.51084775,0.9873047
316,24,180,1.28125,0.96515775,1.2763672
317,1,-165,0.90625,0.0766805,0.12792969
317,2,-150,1.1875,0.000753,0.50097656
317,3,-135,1.8125,0.2260255,0.9892578
317,4,-120,2.84375,0.69972525,1.7158203
317,5,-105,3.875,1.14205,2.6015625
317,6,-90,4.3125,1.20260375,3.3388672
317,7,-75,3.90625,1.1655185,2.7041016
317,8,-60,3.09375,0.948027,1.7255859
317,9,-45,2.25,0.58765375,1.5068359
317,10,-30,1.65625,0.3763745,1.6074219
317,11,-15,1.46875,0.44044225,1.6835938
317,12,0,0,0.33502225,0.080078125
317,13,15,0.15625,0.44069325,0.296875
317,14,30,0.65625,0.7041805,0.6347656
317,15,45,1.5,1.20731,1.1904297
317,16,60,2.65625,1.72556225,1.6962891
317,17,75,3.8125,2.0083765,2.6367188
317,18,90,4.3125,1.20373325,3.334961
317,19,105,3.875,1.1421755,2.600586
317,20,120,2.84375,0.70311375,1.7246094
317,21,135,1.8125,0.2260255,0.99316406
317,22,150,1.1875,0,0.50097656
317,23,165,0.90625,0.0753,0.11425781
317,24,180,0.84375,0.18291625,0
318,1,-165,0.0625,0.08690875,0.21679688
318,2,-150,0.5,0.54812125,0.6347656
318,3,-135,1.34375,1.32735075,1.2792969
318,4,-120,3.6875,2.76118825,1.6347656
318,5,-105,4.25,2.9433515,1.9160156
318,6,-90,4.3125,3.179668,2.3417969
318,7,-75,3.875,3.06941625,2.359375
318,8,-60,2.1875,2.078782,2.2363281
318,9,-45,1.25,1.4983445,1.40625
318,10,-30,0.65625,1.19996825,1
318,11,-15,0.46875,1.16482825,0.91015625
318,12,0,0.5,1.195764,0.90625
318,13,15,0.46875,1.16464,0.91015625
318,14,30,0.65625,1.20360775,1.0039062
318,15,45,1.25,1.497215,1.4023438
318,16,60,2.1875,2.07721325,2.2304688
318,17,75,3.875,3.0703575,2.3652344
318,18,90,4.3125,3.17722075,2.3417969
318,19,105,4.25,2.94423,1.9160156
318,20,120,3.6875,2.7608745,1.6269531
318,21,135,1.34375,1.32534275,1.2773438
318,22,150,0.5,0.54812125,0.6328125
318,23,165,0.0625,0.08778725,0.21289062
318,24,180,0,0,0
319,1,-165,0.34375,0.266311,0.2626953
319,2,-150,1.3125,0.99251675,0.9111328
319,3,-135,2.65625,2.0244405,1.8730469
319,4,-120,4.15625,3.09301025,3.0263672
319,5,-105,5.375,3.87663225,4.111328
319,6,-90,5.8125,4.09575525,4.5722656
319,7,-75,5.21875,3.69716725,4.0429688
319,8,-60,3.9375,2.8394375,2.9882812
319,9,-45,2.59375,1.9200245,1.9765625
319,10,-30,1.53125,1.1994035,1.1328125
319,11,-15,0.875,0.80389025,0.5185547
319,12,0,0.6875,0.68523,0.2783203
319,13,15,0.875,0.80376475,0.5185547
319,14,30,1.53125,1.1994035,1.1347656
319,15,45,2.59375,1.92046375,1.9775391
319,16,60,3.9375,2.840065,2.993164
319,17,75,5.21875,3.69723,4.0439453
319,18,90,5.8125,4.0956925,4.5742188
319,19,105,5.375,3.8765695,4.1123047
319,20,120,4.15625,3.09301025,3.024414
319,21,135,2.65625,2.02274625,1.8720703
319,22,150,1.3125,0.992454,0.91308594
319,23,165,0.34375,0.26624825,0.2626953
319,24,180,0,0,0
320,1,-165,0.375,0.698533,0.4140625
320,2,-150,0,0.1672915,0.033203125
320,3,-135,0.0625,0.00043925,0.02734375
320,4,-120,0.40625,0.0709075,0.25976562
320,5,-105,0.8125,0.20287075,0.49023438
320,6,-90,1.09375,0.19722325,0.6894531
320,7,-75,0.75,0.24240325,0.4921875
320,8,-60,0.3125,0.07737075,0.22460938
320,9,-45,0.03125,0.0219625,0
320,10,-30,0.0625,0.2445995,0.06640625
320,11,-15,0.5,0.8341985,0.5097656
320,12,0,1.3125,1.7769545,1.3847656
320,13,15,0.5,0.8347005,0.51171875
320,14,30,0.0625,0.242968,0.064453125
320,15,45,0.03125,0.021586,0
320,16,60,0.3125,0.07724525,0.2265625
320,17,75,0.75,0.24403475,0.5
320,18,90,1.09375,0.2044395,0.6972656
320,19,105,0.8125,0.2006745,0.4921875
320,20,120,0.40625,0.066766,0.265625
320,21,135,0.0625,0,0.021484375
320,22,150,0,0.1672915,0.033203125
320,23,165,0.375,0.703051,0.4140625
320,24,180,1.21875,1.6404105,1.2714844
321,1,-165,0.0625,0.20575725,0.234375
321,2,-150,0,0.202808,0.19921875
321,3,-135,0.21875,0.240207,0.18652344
321,4,-120,0.75,0.437242,0.26757812
321,5,-105,1.40625,0.70022725,0.28320312
321,6,-90,2,0.86500875,0.40625
321,7,-75,0.84375,0.0006275,0.08984375
321,8,-60,1.03125,0.2574005,0.74316406
321,9,-45,1.96875,1.37516625,1.8623047
321,10,-30,3.34375,2.91078425,3.1386719
321,11,-15,4.90625,4.5126035,4.390625
321,12,0,6.4375,5.91450125,5.272461
321,13,15,4.90625,4.51254075,4.3916016
321,14,30,3.34375,2.91103525,3.1376953
321,15,45,1.96875,1.3758565,1.8574219
321,16,60,1.03125,0.2568985,0.7402344
321,17,75,0.84375,0,0.09472656
321,18,90,1.53125,0.6030275,0
321,19,105,1.40625,0.70035275,0.28320312
321,20,120,0.75,0.43674,0.2685547
321,21,135,0.21875,0.24052075,0.18945312
321,22,150,0,0.201553,0.19921875
321,23,165,0.0625,0.20582,0.234375
321,24,180,0.46875,0.379261,0.33007812
322,1,-165,0.5625,0.44546225,0.31152344
322,2,-150,2.15625,1.716087,1.2939453
322,3,-135,4.4375,3.5442455,2.8378906
322,4,-120,6.96875,5.48867975,4.491211
322,5,-105,9.03125,6.939648,5.696289
322,6,-90,9.84375,7.418556,6.166992
322,7,-75,9.09375,6.86980725,5.879883
322,8,-60,7.375,5.63840125,4.9902344
322,9,-45,5.53125,4.282311,3.8759766
322,10,-30,4.125,3.2576035,2.8867188
322,11,-15,3.34375,2.74022975,2.3076172
322,12,0,3.09375,2.599858,2.1279297
322,13,15,3.34375,2.74022975,2.3076172
322,14,30,4.125,3.2576035,2.8867188
322,15,45,5.53125,4.282311,3.8759766
322,16,60,7.375,5.63651875,4.9853516
322,17,75,9.09375,6.8682385,5.8828125
322,18,90,9.84375,7.41924625,6.166992
322,19,105,9.03125,6.939648,5.696289
322,20,120,6.96875,5.48867975,4.491211
322,21,135,4.4375,3.54681825,2.8388672
322,22,150,2.15625,1.716087,1.2939453
322,23,165,0.5625,0.44546225,0.31054688
322,24,180,0,0,0
323,1,-165,0.59375,0.13961875,1.6914062
323,2,-150,0.40625,0.06381675,1.4785156
323,3,-135,0.125,0.02993175,1.2675781
323,4,-120,0,0.16358925,1.1738281
323,5,-105,0.40625,0.5724055,1.3261719
323,6,-90,0.125,0.066766,0.01171875
323,7,-75,0.34375,0.5673855,1.4042969
323,8,-60,0,0.13811275,1.1777344
323,9,-45,0.15625,0,1.25
323,10,-30,0.4375,0.05239625,1.4765625
323,11,-15,0.625,0.1288885,1.6816406
323,12,0,0.84375,0.2235155,1.828125
323,13,15,0.625,0.12932775,1.6835938
323,14,30,0.4375,0.052459,1.4707031
323,15,45,0.15625,0.00156875,1.2460938
323,16,60,0,0.1379245,1.171875
323,17,75,0.34375,0.568515,1.4003906
323,18,90,0.125,0.0611185,0
323,19,105,0.40625,0.571527,1.3300781
323,20,120,0,0.163401,1.1660156
323,21,135,0.125,0.02917875,1.2675781
323,22,150,0.40625,0.06293825,1.4785156
323,23,165,0.59375,0.139054,1.6894531
323,24,180,0.84375,0.22759425,1.8203125
324,1,-165,5.9375,5.49834325,5.330078
324,2,-150,4.3125,3.627954,3.6835938
324,3,-135,3.46875,2.53717075,2.6689453
324,4,-120,3.5,2.3248875,2.3417969
324,5,-105,3.96875,2.595591,2.2392578
324,6,-90,4.21875,2.693481,1.8554688
324,7,-75,3.71875,2.0181655,1.3701172
324,8,-60,2.875,1.18089225,0.9345703
324,9,-45,2.03125,0.76260075,0.7314453
324,10,-30,1.53125,0.80840825,0.7714844
324,11,-15,0,0,0
324,12,0,0.34375,0.52000925,0.5673828
324,13,15,0,6.27E-05,0
324,14,30,1.53125,0.8085965,0.7714844
324,15,45,2.03125,0.76335375,0.734375
324,16,60,2.875,1.18189625,0.9316406
324,17,75,3.71875,2.010259,1.3662109
324,18,90,4.21875,2.6913475,1.8515625
324,19,105,3.96875,2.59854025,2.2402344
324,20,120,3.5,2.324762,2.3408203
324,21,135,3.46875,2.5357275,2.6699219
324,22,150,4.3125,3.62914625,3.6894531
324,23,165,5.9375,5.49759025,5.328125
324,24,180,7.4375,7.04161675,6.515625
325,1,-165,0.84375,0.75858475,0.39746094
325,2,-150,1.46875,1.24401875,0.82714844
325,3,-135,2.625,2.18715125,1.5595703
325,4,-120,4.0625,3.3984145,2.4316406
325,5,-105,5.28125,4.4450845,3.2216797
325,6,-90,5.71875,4.8097875,3.4921875
325,7,-75,5.09375,4.22928725,3.0927734
325,8,-60,3.71875,3.041116,2.2382812
325,9,-45,2.15625,1.7415635,1.2099609
325,10,-30,0.9375,0.71578925,0.43066406
325,11,-15,0.21875,0.1524825,0.06640625
325,12,0,0,0,0
325,13,15,0.21875,0.152608,0.06640625
325,14,30,0.9375,0.71578925,0.43066406
325,15,45,2.15625,1.7415635,1.2109375
325,16,60,3.71875,3.041116,2.2373047
325,17,75,5.09375,4.22928725,3.0917969
325,18,90,5.71875,4.80934825,3.4960938
325,19,105,5.28125,4.4450845,3.2216797
325,20,120,4.0625,3.3984145,2.4316406
325,21,135,2.625,2.18715125,1.5625
325,22,150,1.46875,1.243956,0.82714844
325,23,165,0.84375,0.758773,0.4033203
325,24,180,0.65625,0.65040375,0.2890625
326,1,-165,0,0.1692995,0.001953125
326,2,-150,0.09375,0,0.18457031
326,3,-135,0.875,0.4260725,0.72265625
326,4,-120,2.375,1.53844175,1.7685547
326,5,-105,4.375,3.1381275,3.3964844
326,6,-90,6.375,4.72702025,4.883789
326,7,-75,7.6875,5.9114265,5.6171875
326,8,-60,8.40625,6.82512925,6.2246094
326,9,-45,9.125,7.73826725,7.2753906
326,10,-30,10,8.90014625,8.880859
326,11,-15,11.09375,10.30173025,10.364258
326,12,0,10.09375,9.8292855,9.783203
326,13,15,9.875,9.3973145,9.473633
326,14,30,9.5625,8.7828665,8.730469
326,15,45,9.53125,8.39846,7.989258
326,16,60,9.6875,8.15680975,7.640625
326,17,75,9.625,7.802586,7.466797
326,18,90,9.09375,7.15720225,6.852539
326,19,105,4.375,3.148795,3.4052734
326,20,120,2.375,1.5369985,1.7617188
326,21,135,0.875,0.427453,0.72265625
326,22,150,0.09375,0.002008,0.19140625
326,23,165,0,0.168923,0
326,24,180,0.28125,0.34267775,0.034179688
327,1,-165,3.59375,3.240159,2.8964844
327,2,-150,0.84375,0.96076525,1.3847656
327,3,-135,0.21875,0.43674,0.77734375
327,4,-120,0,0.0606165,0.17480469
327,5,-105,0.3125,0,0
327,6,-90,1.0625,1.40490975,0.9355469
327,7,-75,1.46875,1.48397475,1.1015625
327,8,-60,2.40625,2.254231,1.953125
327,9,-45,3.90625,3.78250725,3.4960938
327,10,-30,6.78125,5.88312625,5.317383
327,11,-15,7.0625,5.85953225,5.5058594
327,12,0,7.53125,6.200955,5.991211
327,13,15,8.1875,6.8830475,6.7177734
327,14,30,6.15625,6.1094655,6.25
327,15,45,5.15625,4.8386525,4.8632812
327,16,60,3.40625,2.9988225,3.1103516
327,17,75,2.125,1.96614575,1.9648438
327,18,90,1.28125,1.6547175,1.4238281
327,19,105,0.75,0.97494675,0.5048828
327,20,120,0.09375,0.78644575,0.5185547
327,21,135,0.0625,0.85358825,0.8857422
327,22,150,0.46875,1.21440075,1.3544922
327,23,165,1.15625,1.673166,1.5908203
327,24,180,3.59375,3.1883275,2.7841797
328,1,-165,0.21875,0.116213,0.15917969
328,2,-150,0.84375,0.56217725,0.64941406
328,3,-135,2,1.47242875,1.6103516
328,4,-120,3.5625,2.72542075,3.0185547
328,5,-105,5.0625,3.8866095,4.551758
328,6,-90,5.75,4.37574575,5.2382812
328,7,-75,5.09375,3.89633575,4.5585938
328,8,-60,3.59375,2.741673,3.0478516
328,9,-45,2,1.4817785,1.6279297
328,10,-30,0.84375,0.56732275,0.6542969
328,11,-15,0.21875,0.11125575,0.15429688
328,12,0,0,0.0003765,0
328,13,15,0.21875,0.11125575,0.15234375
328,14,30,0.84375,0.5673855,0.6542969
328,15,45,2,1.4832845,1.6337891
328,16,60,3.59375,2.741673,3.0478516
328,17,75,5.09375,3.8966495,4.5585938
328,18,90,5.75,4.37744,5.2421875
328,19,105,5.0625,3.89301,4.538086
328,20,120,3.5625,2.72529525,3.0214844
328,21,135,2,1.470609,1.6054688
328,22,150,0.84375,0.569017,0.6582031
328,23,165,0.21875,0.116213,0.15917969
328,24,180,0,0,0.004882813
329,1,-165,6.15625,5.73214975,4.8222656
329,2,-150,4.625,3.8896215,3.7392578
329,3,-135,4.15625,3.091316,3.1279297
329,4,-120,4.6875,3.240159,3.1611328
329,5,-105,5.65625,3.87136125,3.6796875
329,6,-90,6.3125,4.3145645,4.038086
329,7,-75,5.9375,3.990147,3.7177734
329,8,-60,4.5625,2.9922965,2.7919922
329,9,-45,0.71875,0.157126,0.056640625
329,10,-30,0.03125,0,0
329,11,-15,0,0.4509215,0.41308594
329,12,0,0.15625,0.80401575,0.6191406
329,13,15,0,0.4509215,0.41308594
329,14,30,0.03125,0.0001255,0.001953125
329,15,45,0.71875,0.154365,0.060546875
329,16,60,4.5625,2.998948,2.7939453
329,17,75,5.9375,3.99008425,3.7158203
329,18,90,6.3125,4.31487825,4.038086
329,19,105,5.65625,3.87111025,3.6826172
329,20,120,4.6875,3.241916,3.1611328
329,21,135,4.15625,3.0869235,3.1240234
329,22,150,4.625,3.89119025,3.7382812
329,23,165,6.15625,5.72976525,4.8183594
329,24,180,7.8125,7.57285825,5.3935547
330,1,-165,0.125,0.02792375,0.27539062
330,2,-150,0.65625,0.175198,0.55859375
330,3,-135,1.71875,0.78268075,1.0859375
330,4,-120,3.15625,1.786367,1.9023438
330,5,-105,4.46875,2.74311625,2.8769531
330,6,-90,5,3.150552,3.3105469
330,7,-75,4.46875,2.73131925,2.7949219
330,8,-60,3.125,1.772562,1.7695312
330,9,-45,1.71875,0.8005645,0.91796875
330,10,-30,0.71875,0.25231775,0.41992188
330,11,-15,0.21875,0.14263075,0.115234375
330,12,0,0.09375,0.1637775,0
330,13,15,0.1875,0.1103145,0.087890625
330,14,30,0.6875,0.20600825,0.36914062
330,15,45,1.65625,0.74967425,0.859375
330,16,60,3.09375,1.71251025,1.7285156
330,17,75,4.40625,2.66254525,2.7753906
330,18,90,4.9375,3.0733695,3.3027344
330,19,105,4.375,2.654325,2.8789062
330,20,120,3.0625,1.69569325,1.9082031
330,21,135,1.65625,0.703051,1.0859375
330,22,150,0.59375,0.11564825,0.5546875
330,23,165,0.09375,0,0.26757812
330,24,180,0,0.05126675,0.16796875
331,1,-165,0.71875,0.84091275,0.95410156
331,2,-150,0.03125,0.12995525,0.15527344
331,3,-135,0,0.0051455,0.030273438
331,4,-120,0.53125,0.3899285,0.5097656
331,5,-105,1.21875,0.937485,0.94628906
331,6,-90,1.5625,1.2079375,1.0976562
331,7,-75,1.21875,0.94093625,0.92871094
331,8,-60,0.5,0.39174825,0.49023438
331,9,-45,0,0,0
331,10,-30,0,0.102157,0.087890625
331,11,-15,0.65625,0.7779745,0.87109375
331,12,0,1.3125,1.42938225,1.5839844
331,13,15,0.65625,0.7781,0.87109375
331,14,30,0,0.102157,0.087890625
331,15,45,0,0,0
331,16,60,0.5,0.39174825,0.49023438
331,17,75,1.21875,0.94093625,0.92871094
331,18,90,1.5625,1.2079375,1.0976562
331,19,105,1.21875,0.937485,0.9472656
331,20,120,0.53125,0.3894265,0.5058594
331,21,135,0,0.0058985,0.030273438
331,22,150,0.03125,0.12995525,0.15527344
331,23,165,0.71875,0.84154025,0.95703125
331,24,180,1.40625,1.4975915,1.7099609
332,1,-165,5.0625,4.96478,5.8984375
332,2,-150,5.125,4.8938725,5.9345703
332,3,-135,5.5625,5.1524025,6.1743164
332,4,-120,6.25,5.66758,6.501953
332,5,-105,6.875,6.1852675,6.760254
332,6,-90,7,6.276255,6.554199
332,7,-75,6.125,5.558395,5.48291
332,8,-60,4.5625,4.197975,4.0688477
332,9,-45,2.8125,2.604125,2.5585938
332,10,-30,1.3125,1.22488,1.2324219
332,11,-15,0.3125,0.31877,0.32714844
332,12,0,0,0,0
332,13,15,0.3125,0.31877,0.32666016
332,14,30,1.3125,1.2242525,1.2319336
332,15,45,2.8125,2.604125,2.5615234
332,16,60,4.5625,4.197975,4.0688477
332,17,75,6.125,5.560905,5.484375
332,18,90,7,6.276255,6.5532227
332,19,105,6.875,6.1877775,6.760254
332,20,120,6.25,5.66758,6.501953
332,21,135,5.5625,5.144245,6.163574
332,22,150,5.125,4.8888525,5.9262695
332,23,165,5.0625,4.96478,5.8984375
332,24,180,5.0625,5.091535,5.9438477
333,1,-165,0.59375,1.29886225,1.8378906
333,2,-150,0,0.20789075,0.3408203
333,3,-135,0.28125,0.0432975,0
333,4,-120,1.3125,0.66766,0.64160156
333,5,-105,2.34375,1.43666125,1.390625
333,6,-90,2.75,1.7829785,1.7666016
333,7,-75,2.25,1.383763,1.4208984
333,8,-60,1.125,0.56280475,0.59277344
333,9,-45,0.15625,0.00508275,0.01953125
333,10,-30,0.03125,0.32636275,0.50097656
333,11,-15,0.6875,1.44858375,1.9892578
333,12,0,1.28125,2.319993,3.0673828
333,13,15,0.6875,1.44933675,1.9853516
333,14,30,0.03125,0.327053,0.5078125
333,15,45,0.1875,0,0.00390625
333,16,60,1.125,0.56267925,0.59375
333,17,75,2.25,1.3848925,1.4208984
333,18,90,2.75,1.78178625,1.7685547
333,19,105,2.34375,1.43816725,1.390625
333,20,120,1.3125,0.66998175,0.6425781
333,21,135,0.28125,0.0432975,0.001953125
333,22,150,0,0.2061965,0.3408203
333,23,165,0.59375,1.29886225,1.8378906
333,24,180,1.28125,2.31603975,3.069336
334,1,-165,1,1.17549575,1.7148438
334,2,-150,1.8125,1.74263025,2.3085938
334,3,-135,2.8125,2.4885395,3.0820312
334,4,-120,2.25,2.82983675,3.0947266
334,5,-105,1.15625,1.647062,1.9970703
334,6,-90,0.21875,0.5776765,0.79003906
334,7,-75,0,0.117719,0
334,8,-60,0.75,0,0.2939453
334,9,-45,1.96875,0.83363375,0.8964844
334,10,-30,3.625,2.3326685,2.1826172
334,11,-15,5.21875,3.874938,3.5947266
334,12,0,6.28125,4.862623,4.4873047
334,13,15,5.21875,3.86232525,3.5927734
334,14,30,3.625,2.322754,2.1757812
334,15,45,1.96875,0.83501425,0.8964844
334,16,60,0.75,0,0.29492188
334,17,75,0.03125,0.123743,0.005859375
334,18,90,0.21875,0.57736275,0.7919922
334,19,105,1.15625,1.64687375,1.9892578
334,20,120,2.25,2.8278915,3.102539
334,21,135,2.8125,2.48546475,3.0771484
334,22,150,1.8125,1.7463325,2.3173828
334,23,165,1,1.175935,1.7138672
334,24,180,0.71875,1.04359525,1.6621094
335,1,-165,8.90625,8.209708,6.705078
335,2,-150,8.125,7.232063,6.2314453
335,3,-135,8.03125,6.8408795,6.404297
335,4,-120,8.5,6.96882675,6.995117
335,5,-105,9.1875,7.29136175,7.2226562
335,6,-90,9.65625,7.43581225,7.1103516
335,7,-75,9.21875,7.0793295,7.001953
335,8,-60,5.375,4.2124075,4.0683594
335,9,-45,3.25,2.6160475,2.2539062
335,10,-30,1.4375,1.180202,0.8457031
335,11,-15,0.34375,0.286642,0.19042969
335,12,0,0,0,0
335,13,15,0.34375,0.28657925,0.19042969
335,14,30,1.4375,1.1797,0.8408203
335,15,45,3.25,2.61573375,2.2548828
335,16,60,5.375,4.211529,4.0742188
335,17,75,9.21875,7.06935225,6.9628906
335,18,90,9.65625,7.4362515,7.1103516
335,19,105,9.1875,7.28973025,7.21875
335,20,120,8.5,6.97027,6.9970703
335,21,135,8.03125,6.8398755,6.404297
335,22,150,8.125,7.22949025,6.2353516
335,23,165,8.90625,8.2103355,6.7070312
335,24,180,9.84375,9.17034775,7.165039
336,1,-165,6.3125,7.7361965,7.182617
336,2,-150,2.75,3.606368,3.5458984
336,3,-135,0.75,1.20084675,1.3076172
336,4,-120,0.03125,0.197537,0.38476562
336,5,-105,0,0,0
336,6,-90,0.0625,0.02553925,0.072265625
336,7,-75,0,0.0021335,0.00390625
336,8,-60,0.03125,0.19107375,0.38378906
336,9,-45,0.75,1.21201625,1.2958984
336,10,-30,2.65625,3.55485025,3.4726562
336,11,-15,5.78125,7.171572,6.9541016
336,12,0,8.875,10.75786,10.533203
336,13,15,5.78125,7.174584,6.9472656
336,14,30,2.65625,3.5547875,3.4736328
336,15,45,0.75,1.21151425,1.2958984
336,16,60,0.03125,0.19107375,0.38378906
336,17,75,0,0.0021335,0.00390625
336,18,90,0.0625,0.025853,0.076171875
336,19,105,0,0.000251,0
336,20,120,0.03125,0.19860375,0.38867188
336,21,135,0.75,1.20197625,1.3007812
336,22,150,2.75,3.60630525,3.5439453
336,23,165,6.3125,7.736322,7.173828
336,24,180,9.25,11.23432075,10.597656
337,1,-165,0.40625,0.17463325,0
337,2,-150,1.65625,1.2285195,1.2988281
337,3,-135,3.71875,3.213051,4.3964844
337,4,-120,6.5625,5.5138425,6.9277344
337,5,-105,7.21875,7.3647165,9.146484
337,6,-90,5.59375,5.03524825,6.4765625
337,7,-75,4.28125,3.1682475,4.0253906
337,8,-60,3.75,2.23641,2.4492188
337,9,-45,3.78125,2.386508,2.1796875
337,10,-30,4.21875,2.76771425,3.0644531
337,11,-15,5.5625,4.01418025,3.9707031
337,12,0,6.1875,4.71961575,5.7714844
337,13,15,5.5625,4.006964,3.9609375
337,14,30,4.21875,2.767526,3.0644531
337,15,45,3.78125,2.38770025,2.1542969
337,16,60,3.75,2.227123,2.4414062
337,17,75,4.28125,3.18700975,4.0097656
337,18,90,5.59375,5.03851125,6.4589844
337,19,105,7.21875,7.365093,9.140625
337,20,120,6.5625,5.515725,6.921875
337,21,135,3.78125,3.27297725,4.2871094
337,22,150,1.65625,1.21076125,1.2871094
337,23,165,0.375,0.25030975,0
337,24,180,0,0,1.2011719
338,1,-165,0.65625,0.37091525,0.4091797
338,2,-150,0.34375,0.22207225,0.22949219
338,3,-135,0.125,0.087348,0.07421875
338,4,-120,0,0.012801,0.005859375
338,5,-105,0.0625,0,0.014648438
338,6,-90,0.53125,0.46629525,0.6513672
338,7,-75,0.0625,0.01248725,0.03125
338,8,-60,0,0.00583575,0.004882813
338,9,-45,0.125,0.09657225,0.06933594
338,10,-30,0.40625,0.23951675,0.24609375
338,11,-15,0.65625,0.37901,0.4189453
338,12,0,0.78125,0.42764125,0.49414062
338,13,15,0.65625,0.378006,0.41992188
338,14,30,0.40625,0.23700675,0.24121094
338,15,45,0.125,0.0922425,0.068359375
338,16,60,0,0.00583575,0.001953125
338,17,75,0.0625,0.03746175,0.053710938
338,18,90,0.53125,0.4682405,0.62109375
338,19,105,0.0625,0.00119225,0.016601562
338,20,120,0,0.01248725,0
338,21,135,0.125,0.08785,0.07421875
338,22,150,0.34375,0.221131,0.22949219
338,23,165,0.65625,0.371229,0.41210938
338,24,180,0.78125,0.42977475,0.48632812
339,1,-165,4.75,4.11985125,3.2333984
339,2,-150,5.75,4.9626465,4.330078
339,3,-135,6.8125,5.84321725,5.3515625
339,4,-120,6.71875,5.94863725,5.135742
339,5,-105,5.25,4.69464125,3.703125
339,6,-90,3.40625,3.00227375,2.008789
339,7,-75,1.6875,1.4684755,0.56640625
339,8,-60,0.9375,0.89876825,0
339,9,-45,1.75,1.8005485,1.0253906
339,10,-30,3.90625,3.92708325,3.1591797
339,11,-15,6.15625,6.0800985,5.4228516
339,12,0,6.5,6.5449505,6.334961
339,13,15,6.15625,6.08003575,5.4228516
339,14,30,3.90625,3.9154745,3.1591797
339,15,45,1.90625,1.88896325,1.6748047
339,16,60,0,0,0.67871094
339,17,75,1.6875,1.46627925,0.56347656
339,18,90,1.78125,1.563479,0.484375
339,19,105,3.65625,3.47503225,2.5878906
339,20,120,6.0625,5.32640825,4.830078
339,21,135,6.8125,5.844033,5.3515625
339,22,150,5.75,4.961768,4.3378906
339,23,165,4.75,4.121922,3.234375
339,24,180,4.375,3.8178355,2.7480469
340,1,-165,4.375,5.4500885,5.2148438
340,2,-150,1.6875,2.2189655,2.1523438
340,3,-135,0.3125,0.505263,0.47265625
340,4,-120,0,0,0.009765625
340,5,-105,0.1875,0.10397675,0
340,6,-90,0.3125,0.21793075,0.27539062
340,7,-75,0.1875,0.10096475,0.013671875
340,8,-60,0,0.0036395,0.013671875
340,9,-45,0.3125,0.522833,0.47070312
340,10,-30,1.625,2.194744,2.1074219
340,11,-15,4,5.05846575,5.111328
340,12,0,6.4375,8.022462,8.064453
340,13,15,4,5.0552655,5.109375
340,14,30,1.625,2.1981325,2.109375
340,15,45,0.3125,0.52208,0.47265625
340,16,60,0,0.007781,0.01953125
340,17,75,0.1875,0.10912225,0.017578125
340,18,90,0.3125,0.21667575,0.265625
340,19,105,0.1875,0.102408,0
340,20,120,0,0.0018825,0.017578125
340,21,135,0.3125,0.5084005,0.4765625
340,22,150,1.6875,2.2172085,2.1542969
340,23,165,4.375,5.45674,5.21875
340,24,180,6.5625,8.21642225,7.8671875
341,1,-165,0.0625,0.5693935,1.796875
341,2,-150,0.1875,0.29235225,1.0595703
341,3,-135,0.125,0.0437995,0.42578125
341,4,-120,0.25,0,0.103515625
341,5,-105,0.375,0.07335475,0
341,6,-90,0.3125,0.12801,0.08105469
341,7,-75,0.3125,0.0560985,0.025390625
341,8,-60,0.1875,0.00156875,0.1875
341,9,-45,0.125,0.09544275,0.5732422
341,10,-30,0.125,0.3766255,1.2724609
341,11,-15,0.0625,0.597882,1.8779297
341,12,0,0,0.68228075,2.1279297
341,13,15,0.0625,0.60196075,1.8837891
341,14,30,0.125,0.3778805,1.2705078
341,15,45,0.125,0.09544275,0.5732422
341,16,60,0.1875,0.002259,0.19140625
341,17,75,0.3125,0.05628675,0.025390625
341,18,90,0.3125,0.12801,0.08105469
341,19,105,0.375,0.0724135,0
341,20,120,0.25,0,0.10449219
341,21,135,0.125,0.0437995,0.4248047
341,22,150,0.1875,0.29297975,1.0566406
341,23,165,0.0625,0.568264,1.7988281
341,24,180,0,0.68177875,2.1259766
342,1,-165,0.5,0.44470925,0.34960938
342,2,-150,1.875,1.67962925,1.2685547
342,3,-135,4,3.48745675,2.5976562
342,4,-120,6.375,5.49181725,4.0527344
342,5,-105,8.3125,7.061383,5.241211
342,6,-90,9.0625,7.663532,5.790039
342,7,-75,8.25,7.026494,5.2910156
342,8,-60,6.3125,5.4606305,4.120117
342,9,-45,4.0625,3.5219065,2.6708984
342,10,-30,2,1.77864875,1.3154297
342,11,-15,0.6875,0.6138205,0.375
342,12,0,0.1875,0.1858655,0
342,13,15,0.6875,0.617711,0.38085938
342,14,30,2,1.77864875,1.3154297
342,15,45,4.0625,3.5219065,2.6708984
342,16,60,6.3125,5.46006575,4.1171875
342,17,75,8.25,7.02655675,5.291992
342,18,90,9.0625,7.663281,5.790039
342,19,105,8.3125,7.061383,5.241211
342,20,120,6.375,5.49188,4.051758
342,21,135,4,3.488649,2.6015625
342,22,150,1.875,1.67950375,1.2685547
342,23,165,0.5,0.44470925,0.34960938
342,24,180,0,0,0.00390625
343,1,-165,3.8125,3.9232555,3.1464844
343,2,-150,2.25,1.98722975,1.6113281
343,3,-135,1.84375,1.2049255,1.0039062
343,4,-120,2.5,1.5608435,1.2822266
343,5,-105,1.21875,0.686736,0.5830078
343,6,-90,1.59375,0.9915755,1.0117188
343,7,-75,1.125,0.65015275,0.56933594
343,8,-60,0.34375,0.0571025,0
343,9,-45,0,0,0.107421875
343,10,-30,0.71875,1.06279675,1.1816406
343,11,-15,2.40625,3.11635325,2.9384766
343,12,0,5.9375,6.402006,4.9277344
343,13,15,4,4.1699885,3.4365234
343,14,30,2.375,2.17510325,1.8144531
343,15,45,1.84375,1.23648875,1.0292969
343,16,60,2.40625,1.53831625,1.328125
343,17,75,1.125,0.64965075,0.5703125
343,18,90,1.59375,0.99088525,1.0126953
343,19,105,1.21875,0.6868615,0.5830078
343,20,120,2.5,1.5651105,1.2851562
343,21,135,1.84375,1.2064315,1.0048828
343,22,150,2.25,1.9857865,1.6171875
343,23,165,3.8125,3.96561175,3.2167969
343,24,180,5.90625,6.31723075,4.8535156
344,1,-165,0.28125,1.63231575,1.1816406
344,2,-150,0.03125,1.47581725,1.3085938
344,3,-135,0,1.4125025,1.2480469
344,4,-120,0.09375,1.3321825,0.9746094
344,5,-105,0.15625,1.17097775,0.9707031
344,6,-90,0.125,0.8347005,0.7519531
344,7,-75,0.15625,0.3515255,0.30859375
344,8,-60,0.40625,0.000753,0
344,9,-45,1.125,0.29925475,0.15429688
344,10,-30,2.3125,1.31442425,0.8828125
344,11,-15,3.71875,2.74838725,1.8359375
344,12,0,4.90625,4.11432925,2.9121094
344,13,15,3.71875,2.75930575,1.8613281
344,14,30,2.3125,1.3105965,0.88671875
344,15,45,1.125,0.28946575,0.15429688
344,16,60,0.40625,0,0.00390625
344,17,75,0.15625,0.3507725,0.30859375
344,18,90,0.125,0.8344495,0.7558594
344,19,105,0.15625,1.1720445,0.97265625
344,20,120,0.09375,1.33538275,0.9785156
344,21,135,0,1.41557725,1.2578125
344,22,150,0.03125,1.476633,1.3125
344,23,165,0.28125,1.63244125,1.1796875
344,24,180,0.5,1.716589,1.2324219
345,1,-165,1.34375,0.66634225,0.94140625
345,2,-150,1.484375,0.50206275,0.7314453
345,3,-135,1.484375,0.32234675,0.5185547
345,4,-120,1.640625,0.42600975,0.7998047
345,5,-105,2.234375,1.1263625,1.5478516
345,6,-90,3.328125,2.33662175,3.2578125
345,7,-75,4.640625,3.758223,4.9033203
345,8,-60,5.890625,5.116635,6.263672
345,9,-45,7.4375,6.745374,7.944336
345,10,-30,9.609375,9.08463125,10.705078
345,11,-15,11.40625,11.05623625,14.78125
345,12,0,9.953125,9.482529,13.240234
345,13,15,7.90625,7.0489585,10.169922
345,14,30,5.625,4.32115325,6.4833984
345,15,45,3.5625,2.03542175,3.3642578
345,16,60,2.109375,0.60823575,1.4306641
345,17,75,1.359375,0.1093105,1.0078125
345,18,90,0.921875,0.10472975,0.7207031
345,19,105,0.515625,0.0691505,0.15234375
345,20,120,0.1875,0,0
345,21,135,0,0.00909875,0.016601562
345,22,150,0.109375,0.16622475,0.24023438
345,23,165,0.484375,0.439752,0.5839844
345,24,180,1,0.6569925,0.796875
346,1,-165,0.15625,1.137783,1.6347656
346,2,-150,0.0625,0.72156225,1.2578125
346,3,-135,0,0.3382225,0.94140625
346,4,-120,0.125,0.1667895,0.76464844
346,5,-105,0.34375,0.09970975,0.4658203
346,6,-90,0.53125,0.0006275,0.21582031
346,7,-75,0.90625,0.146333,0
346,8,-60,1.9375,1.237932,0.7675781
346,9,-45,3.8125,3.52153,2.9121094
346,10,-30,6.21875,6.62821975,5.9716797
346,11,-15,8.5625,9.905966,8.990234
346,12,0,9.5,11.90273375,10.5078125
346,13,15,8.5625,9.91230375,9.010742
346,14,30,6.21875,6.63185925,5.975586
346,15,45,3.8125,3.51067425,2.9013672
346,16,60,1.9375,1.240442,0.77441406
346,17,75,0.90625,0.14652125,0.002929688
346,18,90,0.53125,0,0.21289062
346,19,105,0.34375,0.099647,0.47265625
346,20,120,0.125,0.16697775,0.7626953
346,21,135,0,0.33885,0.94140625
346,22,150,0.0625,0.721374,1.2578125
346,23,165,0.15625,1.1379085,1.6347656
346,24,180,0.1875,1.29710525,1.7441406
347,1,-165,0.28125,0.191011,0.18066406
347,2,-150,1.3125,0.94118725,0.91503906
347,3,-135,3.09375,2.39033575,2.4394531
347,4,-120,5.4375,4.32228275,4.3251953
347,5,-105,7.78125,6.19549575,5.899414
347,6,-90,9.09375,7.16724225,6.8408203
347,7,-75,8.53125,6.91548925,7.071289
347,8,-60,6.875,5.7871815,6.2109375
347,9,-45,5.21875,4.60239875,4.8320312
347,10,-30,4.0625,3.799889,3.696289
347,11,-15,3.5,3.52924825,3.116211
347,12,0,3.40625,3.5286835,2.9882812
347,13,15,3.5,3.5294365,3.116211
347,14,30,4.0625,3.799889,3.696289
347,15,45,5.21875,4.601332,4.833008
347,16,60,6.875,5.7871815,6.211914
347,17,75,8.53125,6.910281,7.051758
347,18,90,9.09375,7.16724225,6.8408203
347,19,105,7.78125,6.19336225,5.8945312
347,20,120,5.4375,4.32090225,4.323242
347,21,135,3.09375,2.39058675,2.4423828
347,22,150,1.3125,0.942003,0.91308594
347,23,165,0.28125,0.191011,0.18164062
347,24,180,0,0,0
348,1,-165,0.125,0.179465,0.1640625
348,2,-150,0.6875,0.60491,0.6225586
348,3,-135,1.625,1.401835,1.4189453
348,4,-120,2.8125,2.37948,2.3779297
348,5,-105,3.6875,3.21029,3.269043
348,6,-90,4.0625,3.4857625,3.7045898
348,7,-75,3.5,3.0076075,3.3759766
348,8,-60,2.4375,2.074515,2.4604492
348,9,-45,1.375,1.1175775,1.3764648
348,10,-30,0.5625,0.4336025,0.5439453
348,11,-15,0.1875,0.0960075,0.123535156
348,12,0,0.0625,0,0
348,13,15,0.1875,0.0960075,0.12011719
348,14,30,0.5625,0.4336025,0.5444336
348,15,45,1.375,1.1175775,1.3769531
348,16,60,2.4375,2.0738875,2.4609375
348,17,75,3.5,3.0076075,3.3759766
348,18,90,4.0625,3.485135,3.696289
348,19,105,3.6875,3.21029,3.269043
348,20,120,2.8125,2.3801075,2.375
348,21,135,1.625,1.401835,1.4189453
348,22,150,0.6875,0.6024,0.62060547
348,23,165,0.125,0.179465,0.1640625
348,24,180,0,0.07028,0.022949219
349,1,-165,0.40625,0.35133725,0.3779297
349,2,-150,1.5625,1.36223975,1.4501953
349,3,-135,3.28125,2.9533915,3.0576172
349,4,-120,5.21875,4.72375725,4.8710938
349,5,-105,6.78125,6.168827,6.647461
349,6,-90,7.53125,6.8612105,7.8378906
349,7,-75,7.40625,6.69511125,7.8720703
349,8,-60,6.71875,6.06698375,7.1367188
349,9,-45,6.0625,5.5088225,6.576172
349,10,-30,5.84375,5.3893465,6.482422
349,11,-15,6,5.71596025,6.7529297
349,12,0,6.15625,5.9681525,6.9208984
349,13,15,6,5.71596025,6.7529297
349,14,30,5.84375,5.3893465,6.482422
349,15,45,6.0625,5.5098265,6.580078
349,16,60,6.71875,6.0670465,7.1367188
349,17,75,7.40625,6.693417,7.870117
349,18,90,7.53125,6.8614615,7.8378906
349,19,105,6.78125,6.16637975,6.6435547
349,20,120,5.21875,4.72375725,4.8710938
349,21,135,3.28125,2.95345425,3.0576172
349,22,150,1.5625,1.362177,1.4501953
349,23,165,0.40625,0.35347075,0.38378906
349,24,180,0,0,0
350,1,-165,0,0,0
350,2,-150,0.90625,0.52402525,0.1875
350,3,-135,2.71875,1.82370325,0.83496094
350,4,-120,5.21875,3.75514825,2.1074219
350,5,-105,8,5.95541425,3.9833984
350,6,-90,10.28125,7.66723425,5.4814453
350,7,-75,7.875,5.8632345,3.9824219
350,8,-60,5.09375,3.688696,2.225586
350,9,-45,2.625,1.78366875,0.94433594
350,10,-30,0.875,0.51825225,0.23925781
350,11,-15,0,0.004518,0.006835938
350,12,0,0,0.15329825,0.14355469
350,13,15,0,0.0048945,0.006835938
350,14,30,0.875,0.51800125,0.23925781
350,15,45,2.625,1.78931625,0.9511719
350,16,60,5.09375,3.70331675,2.2519531
350,17,75,7.875,5.86191675,3.977539
350,18,90,10.28125,7.666544,5.4833984
350,19,105,8,5.95403375,3.9824219
350,20,120,5.21875,3.755211,2.1074219
350,21,135,2.71875,1.82357775,0.83203125
350,22,150,0.90625,0.528857,0.18847656
350,23,165,0,0,0
350,24,180,0,0.1529845,0.14941406
351,1,-165,3.59375,3.60417175,3.0800781
351,2,-150,1.75,1.7837315,1.4492188
351,3,-135,0.625,0.6810885,0.5078125
351,4,-120,0.09375,0.100651,0.001953125
351,5,-105,0,0.00251,0.28320312
351,6,-90,0.46875,0.75569825,0.8730469
351,7,-75,0,0.10498075,0.29296875
351,8,-60,0.0625,0.007781,0.025390625
351,9,-45,0.75,0.655863,0.5996094
351,10,-30,2.125,2.04634025,1.7324219
351,11,-15,4.125,4.102595,3.5761719
351,12,0,6.59375,6.64566425,5.751953
351,13,15,4.125,4.105607,3.5820312
351,14,30,2.125,2.040881,1.7285156
351,15,45,0.75,0.65228625,0.60546875
351,16,60,0.0625,0.008785,0.037109375
351,17,75,0,0.1030355,0.28125
351,18,90,0.46875,0.75519625,0.8808594
351,19,105,0,0,0.28125
351,20,120,0.09375,0.10297275,0
351,21,135,0.625,0.67926875,0.5
351,22,150,1.71875,1.7854885,1.4335938
351,23,165,3.59375,3.60705825,3.09375
351,24,180,6.125,6.125153,5.0742188
352,1,-165,0.21875,0.390305,1.0615234
352,2,-150,0,0.0839595,0.2265625
352,3,-135,2.375,1.64436375,1.5966797
352,4,-120,0.625,0.216613,0.31640625
352,5,-105,1.34375,0.673684,1.0878906
352,6,-90,2.15625,1.238685,1.9960938
352,7,-75,1.21875,0.64613675,1.0537109
352,8,-60,0.46875,0.1655345,0.25097656
352,9,-45,0.0625,0,0
352,10,-30,0.03125,0.141062,0.3798828
352,11,-15,0.28125,0.4594555,1.25
352,12,0,0.75,0.8715975,2.2236328
352,13,15,0.28125,0.458828,1.2402344
352,14,30,0.03125,0.14087375,0.37890625
352,15,45,0.0625,0.00043925,0.006835938
352,16,60,0.46875,0.16371475,0.2548828
352,17,75,1.21875,0.6469525,1.0625
352,18,90,2.15625,1.23862225,1.9941406
352,19,105,1.34375,0.673684,1.0878906
352,20,120,0.625,0.21604825,0.31640625
352,21,135,2.375,1.64574425,1.5986328
352,22,150,0,0.08414775,0.22753906
352,23,165,0.21875,0.390305,1.0585938
352,24,180,0.6875,0.81744425,2.1230469
353,1,-165,0.6875,0.353157,0.55566406
353,2,-150,1.09375,0.52578225,0.8027344
353,3,-135,1.9375,1.0347475,1.2539062
353,4,-120,3.125,1.84742275,1.9179688
353,5,-105,4.28125,2.6868295,2.602539
353,6,-90,4.875,3.154568,2.9111328
353,7,-75,4.5625,2.988155,2.6113281
353,8,-60,3.46875,2.26069425,1.9414062
353,9,-45,2.125,1.33726525,1.2089844
353,10,-30,0.96875,0.5736605,0.5751953
353,11,-15,0.25,0.13372025,0.15527344
353,12,0,0,0,0
353,13,15,0.25,0.13384575,0.15527344
353,14,30,0.96875,0.57359775,0.578125
353,15,45,2.125,1.33726525,1.2060547
353,16,60,3.46875,2.26194925,1.9462891
353,17,75,4.5625,2.988406,2.6113281
353,18,90,4.875,3.155572,2.9121094
353,19,105,4.28125,2.6898415,2.609375
353,20,120,3.125,1.84736,1.9150391
353,21,135,1.9375,1.03593975,1.2529297
353,22,150,1.09375,0.52578225,0.8027344
353,23,165,0.6875,0.3530315,0.55371094
353,24,180,0.5625,0.345878,0.4765625
354,1,-165,9.6875,9.68627825,9.478516
354,2,-150,7.125,7.23814975,7.0097656
354,3,-135,4.25,4.481354,3.9121094
354,4,-120,2.09375,2.357894,1.546875
354,5,-105,0.8125,1.045415,0.40234375
354,6,-90,0.09375,0.239956,0.001953125
354,7,-75,0,0,0.24609375
354,8,-60,0.78125,0.633022,1.4042969
354,9,-45,2.6875,2.435202,3.5429688
354,10,-30,5.40625,5.12937325,6.498047
354,11,-15,8.15625,7.8433735,9.658203
354,12,0,10.25,9.86047225,12.080078
354,13,15,8.15625,7.846511,9.660156
354,14,30,5.40625,5.13677775,6.4921875
354,15,45,2.6875,2.43702175,3.5332031
354,16,60,0.78125,0.6336495,1.4042969
354,17,75,0,0.000502,0.24023438
354,18,90,0.09375,0.23989325,0
354,19,105,0.8125,1.0493055,0.40429688
354,20,120,2.09375,2.357894,1.5429688
354,21,135,4.25,4.48166775,3.90625
354,22,150,7.125,7.23727125,7.0058594
354,23,165,9.65625,9.66870825,9.417969
354,24,180,9.6875,9.74526325,10.1015625
355,1,-165,0.09375,0.1283865,0.033203125
355,2,-150,0,0.0033885,0.000976563
355,3,-135,0.21875,0.016817,0.06738281
355,4,-120,0.78125,0.274594,0.34765625
355,5,-105,1.5625,0.7513685,0.69628906
355,6,-90,2.375,1.2990505,1.0029297
355,7,-75,1.40625,0.71340475,0.7324219
355,8,-60,0.59375,0.2167385,0.31054688
355,9,-45,0.125,0.00031375,0.047851562
355,10,-30,0,0.019578,0.006835938
355,11,-15,0.15625,0.152106,0.021484375
355,12,0,0.5625,0.39802325,0.13671875
355,13,15,0.15625,0.1524825,0.02734375
355,14,30,0,0.01951525,0.006835938
355,15,45,0.125,0,0.047851562
355,16,60,0.59375,0.216613,0.31054688
355,17,75,1.40625,0.71227525,0.73339844
355,18,90,2.375,1.299176,1.0029297
355,19,105,1.5625,0.75456875,0.7050781
355,20,120,0.78125,0.270578,0.34375
355,21,135,0.21875,0.01662875,0.06738281
355,22,150,0,0.003514,0
355,23,165,0.09375,0.128512,0.036132812
355,24,180,0.53125,0.3778805,0.12988281
356,1,-165,2.46875,0.86764425,1
356,2,-150,2.84375,1.26786375,1.1308594
356,3,-135,3.75,2.04232425,1.5703125
356,4,-120,2.78125,2.00843925,1.6015625
356,5,-105,2.71875,1.993442,1.7128906
356,6,-90,3.25,2.43137425,2.3710938
356,7,-75,4.375,3.362647,3.4511719
356,8,-60,5.71875,4.37787925,4.3496094
356,9,-45,6.46875,4.895504,4.7382812
356,10,-30,5.8125,4.62674575,3.9609375
356,11,-15,5.21875,4.02785975,3.21875
356,12,0,4.625,3.48130725,2.6425781
356,13,15,3.9375,2.90990575,2.3828125
356,14,30,3.3125,2.3914025,2.3769531
356,15,45,2.75,1.93966525,2.4726562
356,16,60,1.96875,1.4343395,2.0351562
356,17,75,0.875,0.72382125,1.2109375
356,18,90,0.0625,0.11690325,0.34570312
356,19,105,0,0,0
356,20,120,0.71875,0.3813945,0.40625
356,21,135,1.9375,0.9860535,1.1152344
356,22,150,3.28125,1.894297,2.2636719
356,23,165,3.1875,1.44770525,1.2910156
356,24,180,2.6875,1.00883175,0.9375
357,1,-165,0.0625,0.0018825,0
357,2,-150,0.375,0.06394225,0.06542969
357,3,-135,1.1875,0.6000155,0.70214844
357,4,-120,2.34375,1.53254325,1.6455078
357,5,-105,3.40625,2.4656985,2.493164
357,6,-90,3.90625,2.87150275,2.7636719
357,7,-75,3.4375,2.455282,2.4902344
357,8,-60,2.34375,1.5349905,1.6738281
357,9,-45,1.21875,0.6108085,0.7402344
357,10,-30,0.40625,0.07046825,0.083984375
357,11,-15,0.0625,6.27E-05,0.001953125
357,12,0,0,0.06996625,0.1015625
357,13,15,0.0625,0,0
357,14,30,0.40625,0.07046825,0.08300781
357,15,45,1.21875,0.610683,0.7402344
357,16,60,2.34375,1.5347395,1.6738281
357,17,75,3.4375,2.455282,2.4902344
357,18,90,3.90625,2.87150275,2.7636719
357,19,105,3.40625,2.465573,2.493164
357,20,120,2.34375,1.53241775,1.6445312
357,21,135,1.1875,0.600392,0.7109375
357,22,150,0.375,0.064005,0.06738281
357,23,165,0.0625,0.00181975,0
357,24,180,0,0.07071925,0.10253906
358,1,-165,0,0.00181975,0.006835938
358,2,-150,0.59375,0.26549525,0.58691406
358,3,-135,1.9375,1.1404185,1.8476562
358,4,-120,3.8125,2.42861325,3.3447266
358,5,-105,5.75,3.75928975,4.7001953
358,6,-90,7,4.78675825,5.4257812
358,7,-75,7.59375,5.65521825,6.0302734
358,8,-60,8,6.50221775,6.4140625
358,9,-45,8.59375,7.4528175,6.8398438
358,10,-30,9.4375,8.68754925,7.9541016
358,11,-15,10.53125,10.070622,9.230469
358,12,0,11.65625,11.1887015,10.191406
358,13,15,10.53125,10.068363,9.224609
358,14,30,9.4375,8.6864825,7.951172
358,15,45,8.59375,7.45062125,6.8359375
358,16,60,8,6.5020295,6.415039
358,17,75,7.59375,5.65672425,6.033203
358,18,90,7,4.78663275,5.4179688
358,19,105,5.75,3.76029375,4.7021484
358,20,120,3.8125,2.427672,3.3447266
358,21,135,1.9375,1.13445725,1.84375
358,22,150,0.59375,0.26110275,0.58496094
358,23,165,0,0,0
358,24,180,0.96875,1.3743505,1.2119141
359,1,-165,0.59375,0.5839515,0.7939453
359,2,-150,2.25,2.295897,2.9990234
359,3,-135,4.875,5.07954975,6.2148438
359,4,-120,8.34375,8.81367675,10.12207
359,5,-105,11.71875,12.37900625,13.206055
359,6,-90,13.40625,13.96319275,14.435547
359,7,-75,12.96875,13.2797825,13.769531
359,8,-60,11.0625,11.3034085,11.861328
359,9,-45,8.84375,8.91696325,9.237305
359,10,-30,7.0625,6.852551,6.958008
359,11,-15,6,5.5705685,5.4648438
359,12,0,5.65625,5.182648,4.9941406
359,13,15,6,5.5723255,5.4677734
359,14,30,7.0625,6.85060575,6.953125
359,15,45,8.84375,8.91457875,9.239258
359,16,60,11.0625,11.30133775,11.856445
359,17,75,12.96875,13.27821375,13.759766
359,18,90,13.40625,13.97674675,14.454102
359,19,105,11.71875,12.36833875,13.189453
359,20,120,8.34375,8.804578,10.108398
359,21,135,4.875,5.0833775,6.223633
359,22,150,2.25,2.3055605,3.0117188
359,23,165,0.59375,0.58915975,0.79589844
359,24,180,0,0,0
360,1,-165,0.15625,0.02064475,0.28027344
360,2,-150,0.65625,0.15756525,0.5859375
360,3,-135,1.71875,0.750992,1.109375
360,4,-120,3.125,1.74614425,1.9394531
360,5,-105,4.4375,2.6963675,2.9101562
360,6,-90,5,3.11509825,3.3408203
360,7,-75,4.46875,2.6936065,2.8144531
360,8,-60,3.125,1.7435715,1.7685547
360,9,-45,1.71875,0.778602,0.9140625
360,10,-30,0.71875,0.23343,0.3984375
360,11,-15,0.25,0.1326535,0.10253906
360,12,0,0.09375,0.1713075,0
360,13,15,0.21875,0.1255,0.10839844
360,14,30,0.71875,0.21943675,0.4013672
360,15,45,1.71875,0.7722015,0.9169922
360,16,60,3.125,1.7362925,1.7919922
360,17,75,4.4375,2.68337825,2.8486328
360,18,90,4.96875,3.10317575,3.3769531
360,19,105,4.4375,2.679174,2.9589844
360,20,120,3.125,1.72154625,1.9873047
360,21,135,1.6875,0.72055825,1.1464844
360,22,150,0.625,0.127006,0.60253906
360,23,165,0.125,0,0.29589844
360,24,180,0,0.0478155,0.1875
361,1,-165,6.875,6.80768475,6.196289
361,2,-150,4.78125,4.47325925,4.2822266
361,3,-135,2.78125,2.297654,2.375
361,4,-120,1.28125,0.80263525,0.859375
361,5,-105,0.4375,0.1050435,0.09472656
361,6,-90,0.0625,0,0.001953125
361,7,-75,0,0.1916385,0.06347656
361,8,-60,0.09375,0.441258,0.265625
361,9,-45,0.3125,0.70198425,0.5488281
361,10,-30,0.625,0.97720575,0.7392578
361,11,-15,1,1.24063025,0.8769531
361,12,0,1.25,1.33262175,1.0146484
361,13,15,1,1.243454,0.88183594
361,14,30,0.625,0.976892,0.74316406
361,15,45,0.3125,0.70524725,0.5517578
361,16,60,0.09375,0.44094425,0.27441406
361,17,75,0,0.191513,0.06347656
361,18,90,0.0625,0.003012,0
361,19,105,0.4375,0.10962425,0.09277344
361,20,120,1.28125,0.80200775,0.86035156
361,21,135,2.78125,2.298909,2.3779297
361,22,150,4.78125,4.473824,4.286133
361,23,165,6.875,6.80712,6.1933594
361,24,180,8.21875,8.13610225,7.1953125
362,1,-165,0.125,0.29335625,0.43164062
362,2,-150,0.53125,1.01196925,0.8300781
362,3,-135,0.75,1.279598,0.7050781
362,4,-120,0.53125,1.119962,0.47265625
362,5,-105,0.28125,0.9428815,0.34179688
362,6,-90,0.96875,1.6818255,1.3144531
362,7,-75,1.09375,1.0611025,0.86328125
362,8,-60,0,0,0.0078125
362,9,-45,1.0625,0.68817925,0.43945312
362,10,-30,3.15625,2.55549375,1.9726562
362,11,-15,7.28125,6.75798675,5.9882812
362,12,0,6.5625,6.08894625,5.421875
362,13,15,5.3125,4.841037,3.9707031
362,14,30,4.28125,3.866404,2.8535156
362,15,45,3.90625,3.229115,1.7910156
362,16,60,4.34375,3.6401275,1.7128906
362,17,75,4.0625,3.329515,1.5996094
362,18,90,4.90625,4.14903,3.1503906
362,19,105,5.53125,4.99634325,4.5058594
362,20,120,5.90625,5.2445195,5.2753906
362,21,135,5.28125,4.6192785,4.6464844
362,22,150,3.5625,2.90501125,2.4277344
362,23,165,1.4375,0.945768,0.6816406
362,24,180,0.125,0.02365675,0
363,1,-165,1.9375,1.961565,1.4892578
363,2,-150,3.125,3.2683965,2.734375
363,3,-135,3.90625,4.04555525,3.3867188
363,4,-120,3.84375,4.06789425,3.0332031
363,5,-105,2.90625,3.18625675,1.9638672
363,6,-90,1.5,1.96037275,0.7832031
363,7,-75,0.53125,1.01247125,0.0078125
363,8,-60,1.40625,1.8502465,0.32714844
363,9,-45,0.5,0.96302425,0
363,10,-30,1.4375,1.870452,0.75683594
363,11,-15,2.8125,3.0864215,1.8867188
363,12,0,3.78125,3.94791625,2.9472656
363,13,15,3.9375,4.094814,3.4013672
363,14,30,3.28125,3.4481125,2.9101562
363,15,45,2.125,2.22680925,1.7529297
363,16,60,0.96875,0.94507775,0.5878906
363,17,75,0.1875,0.257526,0.08691406
363,18,90,0,0,0.17773438
363,19,105,0.4375,0.20833,0.63378906
363,20,120,0.59375,0.4416345,0.25097656
363,21,135,0.5625,0.64789375,0.27246094
363,22,150,0.0625,0.01587575,0.2685547
363,23,165,0.09375,0.236191,0.111328125
363,24,180,0.78125,0.74553275,0.41503906
364,1,-165,0.46875,0.4529295,0.40039062
364,2,-150,1.328125,1.3008075,1.1777344
364,3,-135,2.09375,2.0864375,1.96875
364,4,-120,2.34375,2.353878,2.3925781
364,5,-105,1.984375,1.9910575,2.1044922
364,6,-90,1.5,1.4401125,1.5683594
364,7,-75,1.515625,1.24590125,1.5351562
364,8,-60,2.203125,1.52752325,2.0507812
364,9,-45,3.6875,2.71625925,3.2792969
364,10,-30,5.71875,4.684162,4.8964844
364,11,-15,8.09375,7.32198375,6.4785156
364,12,0,8.703125,7.9425185,7.051758
364,13,15,8.09375,7.293809,6.4658203
364,14,30,6.734375,5.9598695,5.3291016
364,15,45,5.046875,3.915098,3.4414062
364,16,60,3.53125,2.68821,2.428711
364,17,75,2.796875,2.3773465,2.0117188
364,18,90,2.75,2.53880225,1.9833984
364,19,105,2.75,2.3843745,2
364,20,120,2.3125,2.013271,2
364,21,135,1.6875,1.53731225,1.7128906
364,22,150,0.8125,0.79999975,0.84472656
364,23,165,0.125,0.15643575,0.17675781
364,24,180,0,0,0
365,1,-165,5.84375,5.149767,6.541992
365,2,-150,6.1875,5.45328875,6.739258
365,3,-135,6.78125,5.8160465,6.673828
365,4,-120,7.09375,5.87547075,6.4765625
365,5,-105,7,5.64254275,6.3564453
365,6,-90,6.65625,5.250669,6.0742188
365,7,-75,5.90625,4.65197125,5.439453
365,8,-60,4.4375,3.602854,4.088867
365,9,-45,2.59375,2.20057975,2.618164
365,10,-30,1.0625,0.954051,1.3681641
365,11,-15,0.09375,0.15091375,0.49414062
365,12,0,0,0,0
365,13,15,0.09375,0.149847,0.49316406
365,14,30,1.0625,0.9541765,1.3691406
365,15,45,2.59375,2.20127,2.6171875
365,16,60,4.4375,3.607372,4.095703
365,17,75,5.90625,4.65397925,5.4404297
365,18,90,6.65625,5.249414,6.067383
365,19,105,7,5.641978,6.3740234
365,20,120,7.09375,5.87547075,6.4785156
365,21,135,6.78125,5.8147915,6.6640625
365,22,150,6.1875,5.4551085,6.7373047
365,23,165,5.84375,5.14870025,6.5410156
365,24,180,5.65625,5.01052475,6.4716797
366,1,-165,0.40625,0.71629125,0.8066406
366,2,-150,0.25,0.46435,0.6855469
366,3,-135,0.25,0.415405,0.32617188
366,4,-120,0.03125,0.27289975,0.040039062
366,5,-105,0,0.00445525,0.005859375
366,6,-90,0.09375,0.00470625,0.16796875
366,7,-75,0.28125,0.27754325,0.5253906
366,8,-60,0.875,1.1113025,1.1025391
366,9,-45,1.46875,1.72744475,1.9824219
366,10,-30,2.09375,2.597097,2.9902344
366,11,-15,2.65625,3.3878725,3.7451172
366,12,0,2.9375,3.73331125,4.013672
366,13,15,2.65625,3.38969225,3.7451172
366,14,30,2.09375,2.58975525,2.9765625
366,15,45,1.46875,1.729139,1.9824219
366,16,60,0.875,1.11161625,1.1015625
366,17,75,0.28125,0.27861,0.5234375
366,18,90,0.09375,0.005271,0.16894531
366,19,105,0,0,0
366,20,120,0.03125,0.2729625,0.040039062
366,21,135,0.25,0.4102595,0.33496094
366,22,150,0.28125,0.4541845,0.70410156
366,23,165,0.40625,0.7167305,0.8095703
366,24,180,0.46875,0.842105,0.81933594
367,1,-165,0.234375,0.59487,0.29492188
367,2,-150,0.03125,0.56726,0.072265625
367,3,-135,0,0.48926175,0
367,4,-120,0.140625,0.456318,0.09667969
367,5,-105,0.390625,0.37003675,0.19628906
367,6,-90,0.65625,0.1916385,0.6455078
367,7,-75,0.96875,0,0.7451172
367,8,-60,1.6875,0.41069875,1.2119141
367,9,-45,3.21875,1.8876455,3.0234375
367,10,-30,5.359375,4.3780675,6.0664062
367,11,-15,7.640625,7.026996,9.317383
367,12,0,9.578125,9.137153,11.631836
367,13,15,11.109375,10.79594925,13.269531
367,14,30,12.015625,11.753828,13.624023
367,15,45,11.28125,11.07506125,12.957031
367,16,60,10.46875,10.31804525,12.543945
367,17,75,9.25,8.86161775,11.298828
367,18,90,7.453125,6.98526725,9.3828125
367,19,105,5.25,4.28036575,5.8779297
367,20,120,2.96875,1.65289775,2.640625
367,21,135,1.46875,0.354914,1.2177734
367,22,150,0.875,0.148341,1.0498047
367,23,165,0.6875,0.3982115,0.8720703
367,24,180,0.484375,0.57560575,0.5410156
368,1,-165,0.3125,0.145078,0.359375
368,2,-150,1.21875,0.817256,1.0175781
368,3,-135,2.65625,2.0387475,2.0654297
368,4,-120,4.40625,3.41792975,3.2929688
368,5,-105,5.9375,4.609364,4.390625
368,6,-90,6.5625,5.06499175,4.796875
368,7,-75,5.875,4.51956875,4.3046875
368,8,-60,4.3125,3.29506525,3.1875
368,9,-45,2.625,1.94807375,1.9345703
368,10,-30,1.28125,0.92148375,0.87402344
368,11,-15,0.46875,0.37217025,0.21875
368,12,0,0.21875,0.2039375,0
368,13,15,0.46875,0.372233,0.21875
368,14,30,1.28125,0.92160925,0.87402344
368,15,45,2.625,1.94179875,1.9306641
368,16,60,4.28125,3.24586925,3.1875
368,17,75,5.875,4.519004,4.303711
368,18,90,6.5625,5.06518,4.7958984
368,19,105,5.9375,4.60836,4.383789
368,20,120,4.40625,3.4179925,3.2929688
368,21,135,2.65625,2.038622,2.0654297
368,22,150,1.1875,0.78312,1.0244141
368,23,165,0.3125,0.146082,0.35839844
368,24,180,0,0,0.13183594
369,1,-165,0.46875,0.763291,0.46289062
369,2,-150,1.4375,1.7377985,1.3925781
369,3,-135,3.375,3.764749,3.7324219
369,4,-120,5.3125,6.06660725,5.8378906
369,5,-105,4.46875,4.02855,3.6328125
369,6,-90,1.90625,1.5786645,1.2167969
369,7,-75,0.34375,0.26700125,0
369,8,-60,0,0,0.21875
369,9,-45,0.90625,0.8763665,1.2890625
369,10,-30,2.84375,2.712306,2.8789062
369,11,-15,5.28125,4.999418,4.607422
369,12,0,7.25,6.99041275,6.2695312
369,13,15,7.53125,7.6556255,7.390625
369,14,30,5.875,6.5723095,6.7089844
369,15,45,3.0625,4.310674,4.0234375
369,16,60,1.09375,2.5008385,2.1191406
369,17,75,3.1875,3.86358025,3.5800781
369,18,90,4.125,4.6940765,4.5390625
369,19,105,5.53125,5.8203135,6.078125
369,20,120,7.53125,7.32374075,6.779297
369,21,135,6.34375,5.87145475,5.2128906
369,22,150,3.90625,3.64452,3.5664062
369,23,165,1.65625,1.68678275,1.9570312
369,24,180,0.4375,0.6479565,0.7050781
370,1,-165,0.25,0.5169345,0.9111328
370,2,-150,0,0,0.125
370,3,-135,0.375,0.10146675,0
370,4,-120,1.375,0.83539075,0.6875
370,5,-105,2.53125,1.7290135,1.6259766
370,6,-90,3.125,2.22743675,2.0771484
370,7,-75,2.90625,2.031343,1.6962891
370,8,-60,2.09375,1.4463875,0.97753906
370,9,-45,1.28125,0.938238,0.43164062
370,10,-30,1,0.95511775,0.6904297
370,11,-15,1.34375,1.618448,1.6757812
370,12,0,1.75,2.18872,2.34375
370,13,15,1.34375,1.61393,1.671875
370,14,30,1,0.95449025,0.6953125
370,15,45,1.28125,0.93779875,0.43359375
370,16,60,2.09375,1.44519525,0.9785156
370,17,75,2.90625,2.03517075,1.6904297
370,18,90,3.125,2.2274995,2.0771484
370,19,105,2.53125,1.744199,1.6523438
370,20,120,1.375,0.835579,0.68652344
370,21,135,0.375,0.102408,0.000976563
370,22,150,0,0.00031375,0.12988281
370,23,165,0.25,0.517311,0.91308594
370,24,180,0.53125,0.9358535,1.4345703
371,1,-165,0.3125,0.25721225,0.1953125
371,2,-150,1.34375,1.076037,0.7050781
371,3,-135,3,2.43426075,1.4580078
371,4,-120,5.03125,4.15172825,2.5146484
371,5,-105,7.03125,5.75794,3.602539
371,6,-90,8,6.4653835,3.9433594
371,7,-75,7,5.72901225,3.5751953
371,8,-60,4.9375,4.0720985,2.524414
371,9,-45,2.84375,2.333798,1.4658203
371,10,-30,1.25,1.005757,0.69140625
371,11,-15,0.3125,0.24215225,0.18554688
371,12,0,0,0,0
371,13,15,0.3125,0.242215,0.18554688
371,14,30,1.25,1.00569425,0.69140625
371,15,45,2.84375,2.333798,1.4638672
371,16,60,4.9375,4.071973,2.5273438
371,17,75,7,5.7299535,3.5771484
371,18,90,8,6.4626225,3.9394531
371,19,105,7.03125,5.7598225,3.6035156
371,20,120,5.03125,4.15122625,2.5097656
371,21,135,3,2.43626875,1.4589844
371,22,150,1.34375,1.076037,0.7050781
371,23,165,0.3125,0.25721225,0.1953125
371,24,180,0,0.00156875,0.001953125
372,1,-165,0.03125,0.0006275,0.014648438
372,2,-150,0.34375,0.14614475,0
372,3,-135,1.125,0.72037,0.39746094
372,4,-120,2.3125,1.669401,1.2548828
372,5,-105,3.46875,2.5703655,2.1875
372,6,-90,3.9375,2.922644,2.506836
372,7,-75,3.4375,2.53177425,2.2128906
372,8,-60,2.3125,1.64335975,1.2734375
372,9,-45,1.125,0.71641675,0.40429688
372,10,-30,0.34375,0.1467095,0
372,11,-15,0.03125,0,0.009765625
372,12,0,0,0.026104,0.13671875
372,13,15,0.03125,0.00056475,0.010742188
372,14,30,0.34375,0.1467095,0
372,15,45,1.125,0.71691875,0.4013672
372,16,60,2.3125,1.6429205,1.2734375
372,17,75,3.4375,2.531837,2.2128906
372,18,90,3.9375,2.92270675,2.5058594
372,19,105,3.46875,2.569989,2.1845703
372,20,120,2.3125,1.6695265,1.2548828
372,21,135,1.125,0.7207465,0.39648438
372,22,150,0.34375,0.14589375,0.000976563
372,23,165,0.03125,0.00043925,0.014648438
372,24,180,0,0.026355,0.1328125
373,1,-165,0.5625,1.70221925,1.9287109
373,2,-150,0.25,0.86701675,1.1416016
373,3,-135,0.03125,0.2965565,0.63183594
373,4,-120,0,0.0410385,0.26953125
373,5,-105,0.09375,0,0.041992188
373,6,-90,0.09375,0.00922425,0
373,7,-75,0,0.01286375,0.119140625
373,8,-60,0,0.0985175,0.390625
373,9,-45,0.0625,0.45976925,0.7753906
373,10,-30,0.34375,1.11864425,1.34375
373,11,-15,0.59375,1.838575,2.0595703
373,12,0,0.65625,2.091332,2.303711
373,13,15,0.59375,1.838575,2.0595703
373,14,30,0.34375,1.11851875,1.3417969
373,15,45,0.09375,0.47759025,0.78808594
373,16,60,0,0.0985175,0.38964844
373,17,75,0.0625,0.01035375,0.12207031
373,18,90,0.09375,0.0094125,0
373,19,105,0.09375,0,0.041015625
373,20,120,0,0.0410385,0.2705078
373,21,135,0.03125,0.296933,0.6386719
373,22,150,0.25,0.866201,1.140625
373,23,165,0.5625,1.70623525,1.9296875
373,24,180,0.65625,2.08863375,2.3066406
374,1,-165,0,0.44270125,0.9638672
374,2,-150,0.4375,1.0244565,1.2001953
374,3,-135,0.84375,1.50154475,1.390625
374,4,-120,1.0625,1.5648595,1.7304688
374,5,-105,0.40625,0.852145,0.6230469
374,6,-90,0.125,0.264554,0.17285156
374,7,-75,0.25,0,0.001953125
374,8,-60,1.28125,0.65994175,0.65625
374,9,-45,3.3125,2.3979285,2.4550781
374,10,-30,5.75,4.7713845,4.9101562
374,11,-15,7.9375,7.0072925,7.350586
374,12,0,9.40625,8.58671,9.033203
374,13,15,7.9375,7.00748075,7.34375
374,14,30,5.75,4.76667825,4.908203
374,15,45,3.3125,2.39523025,2.4521484
374,16,60,1.28125,0.66395775,0.66503906
374,17,75,0.25,6.27E-05,0
374,18,90,0.125,0.2631735,0.171875
374,19,105,0.40625,0.85195675,0.61621094
374,20,120,1.0625,1.509012,1.4677734
374,21,135,0.84375,1.5011055,1.3730469
374,22,150,0.4375,1.01874625,1.1923828
374,23,165,0,0.4428895,0.9667969
374,24,180,0,0.2370695,0.5175781
375,1,-165,2.09375,2.3911515,2.2773438
375,2,-150,1.625,1.67209925,1.6845703
375,3,-135,0.578125,0.63961075,0.7792969
375,4,-120,0,0.040411,0.043945312
375,5,-105,0.015625,6.27E-05,0.000976563
375,6,-90,2.703125,2.3401985,2.421875
375,7,-75,3.640625,3.312698,3.1582031
375,8,-60,2.90625,3.04921075,2.8964844
375,9,-45,2.390625,2.143289,2.265625
375,10,-30,2.453125,2.14197125,2.2617188
375,11,-15,2.53125,2.1022505,2.0908203
375,12,0,2.734375,2.144795,1.9931641
375,13,15,2.53125,2.1022505,2.0908203
375,14,30,2.453125,2.1424105,2.2597656
375,15,45,2.796875,2.88944925,2.7089844
375,16,60,2.09375,1.87076575,2.1064453
375,17,75,3.640625,3.31100375,3.1640625
375,18,90,0.578125,0.4687425,0.63183594
375,19,105,0.015625,0,0
375,20,120,0,0.0420425,0.052734375
375,21,135,0.578125,0.6439405,0.78125
375,22,150,1.625,1.67109525,1.6806641
375,23,165,2.859375,2.8570075,2.538086
375,24,180,3.78125,3.6968535,3.1015625
376,1,-165,0.28125,0.15342375,0.26367188
376,2,-150,1.125,0.67412325,0.9785156
376,3,-135,2.4375,1.569252,1.9658203
376,4,-120,3.96875,2.66279625,3.0576172
376,5,-105,5.28125,3.59074325,4.0751953
376,6,-90,5.84375,3.95381475,4.609375
376,7,-75,5.3125,3.60931725,4.3447266
376,8,-60,4.09375,2.76081175,3.5302734
376,9,-45,2.75,1.87540925,2.6269531
376,10,-30,1.75,1.26384775,1.9199219
376,11,-15,1.1875,0.9948385,1.4970703
376,12,0,1.03125,0.93428475,1.3544922
376,13,15,1.1875,0.99653275,1.4980469
376,14,30,1.75,1.2631575,1.9169922
376,15,45,2.75,1.87553475,2.625
376,16,60,4.09375,2.76445125,3.5371094
376,17,75,5.3125,3.61007025,4.341797
376,18,90,5.84375,3.95343825,4.6083984
376,19,105,5.28125,3.589802,4.0771484
376,20,120,3.96875,2.66354925,3.0546875
376,21,135,2.4375,1.569001,1.9648438
376,22,150,1.125,0.674688,0.9824219
376,23,165,0.28125,0.15354925,0.26464844
376,24,180,0,0,0
377,1,-165,7.96875,7.096021,5.8427734
377,2,-150,7.125,6.1107205,4.783203
377,3,-135,6.9375,5.77168225,4.333008
377,4,-120,7.34375,6.04138175,4.506836
377,5,-105,7.96875,6.5123205,4.8447266
377,6,-90,7.78125,6.30330025,4.241211
377,7,-75,5.9375,4.880444,3.3691406
377,8,-60,3.8125,3.1436495,2.1533203
377,9,-45,2.09375,1.76333775,1.1494141
377,10,-30,0.9375,0.88835175,0.5625
377,11,-15,0.3125,0.39024225,0.3466797
377,12,0,0,0.08690875,0.18652344
377,13,15,0.03125,0,0
377,14,30,0.625,0.3572985,0.087890625
377,15,45,1.875,1.33111575,0.7451172
377,16,60,3.78125,2.9202595,1.9375
377,17,75,6.03125,4.816439,3.3359375
377,18,90,7.8125,6.30342575,4.2539062
377,19,105,8.03125,6.62257225,4.765625
377,20,120,7.65625,6.45151575,4.734375
377,21,135,7.625,6.64026775,4.975586
377,22,150,8.34375,7.569156,5.9160156
377,23,165,9.40625,8.808092,7.2578125
377,24,180,9.09375,8.35974325,6.9726562
378,1,-165,2.34375,2.6873315,3.5449219
378,2,-150,1.03125,1.27828025,2.2148438
378,3,-135,0.1875,0.30126275,0.7988281
378,4,-120,0,0.00043925,0.00390625
378,5,-105,0.4375,0.365707,0.12988281
378,6,-90,1.3125,1.261526,0.8730469
378,7,-75,2.21875,2.2812135,1.7548828
378,8,-60,2.5,2.71500425,2.3603516
378,9,-45,1.75,2.19367725,2.2421875
378,10,-30,0.71875,1.250231,1.4589844
378,11,-15,0.1875,0.6113105,0.6816406
378,12,0,0.375,0.61099675,0.4736328
378,13,15,0.1875,0.6113105,0.6816406
378,14,30,0.71875,1.2513605,1.4580078
378,15,45,1.75,2.1936145,2.2421875
378,16,60,2.5,2.7149415,2.3603516
378,17,75,2.21875,2.2812135,1.7548828
378,18,90,1.3125,1.260271,0.87402344
378,19,105,0.4375,0.36639725,0.12890625
378,20,120,0,0,0
378,21,135,0.1875,0.3003215,0.7949219
378,22,150,1.03125,1.27928425,2.2138672
378,23,165,2.34375,2.68839825,3.5488281
378,24,180,3.4375,3.50439925,4.2197266
379,1,-165,0,0,0.046875
379,2,-150,0.40625,0.17977875,0
379,3,-135,1.5,1.0292255,0.6171875
379,4,-120,2.96875,2.25165825,1.6679688
379,5,-105,4.25,3.3984145,2.8945312
379,6,-90,4.6875,4.141751,4.0078125
379,7,-75,4,4.033068,4.1132812
379,8,-60,3.03125,3.63303675,3.7441406
379,9,-45,2.5,3.50163825,3.5019531
379,10,-30,2.59375,3.70093225,3.5410156
379,11,-15,2.96875,3.8652745,3.5449219
379,12,0,3.0625,3.62726375,3.2871094
379,13,15,2.6875,3.050403,2.7597656
379,14,30,2.5625,2.69103375,2.4160156
379,15,45,2.96875,2.8695575,2.578125
379,16,60,3.875,3.54142175,3.1425781
379,17,75,4,4.03388375,4.1152344
379,18,90,4.6875,4.11395275,3.9570312
379,19,105,4.25,3.3981635,2.8945312
379,20,120,2.9375,2.22467575,1.65625
379,21,135,1.5,1.03016675,0.61328125
379,22,150,0.40625,0.178461,0.001953125
379,23,165,0,0.00458075,0.048828125
379,24,180,0.3125,0.47156625,0.7265625
380,1,-165,4.71875,4.33633875,5.5595703
380,2,-150,5.03125,4.93466,6.118164
380,3,-135,5.75,5.71796825,7.0527344
380,4,-120,6.3125,6.3835575,7.4492188
380,5,-105,3.28125,3.0693535,2.8066406
380,6,-90,1.21875,1.226637,0.8339844
380,7,-75,0,0.00144325,0
380,8,-60,0.09375,0.1617695,0.3173828
380,9,-45,1.28125,1.2330375,0.8535156
380,10,-30,4.1875,4.41314475,4.671875
380,11,-15,5.40625,5.5956685,5.725586
380,12,0,6.25,6.227059,6.373047
380,13,15,5.40625,5.59573125,5.723633
380,14,30,4.1875,4.41427425,4.666992
380,15,45,1.34375,1.28970075,0.90234375
380,16,60,0.09375,0.16471875,0.3154297
380,17,75,0,0,0.004882813
380,18,90,1.21875,1.21854225,0.78027344
380,19,105,3.28125,3.064208,2.7939453
380,20,120,6.3125,6.37445875,7.4658203
380,21,135,5.75,5.73353025,7.0302734
380,22,150,5.03125,4.924871,6.1054688
380,23,165,4.71875,4.328495,5.5742188
380,24,180,4.90625,4.3424255,5.248047
381,1,-165,0.125,0.325547,0.42871094
381,2,-150,0.1875,0.382524,0.58203125
381,3,-135,2.09375,1.920652,3.2480469
381,4,-120,2.59375,2.468585,4.5195312
381,5,-105,3.84375,3.726848,6.8896484
381,6,-90,5.40625,5.58569125,9.46582
381,7,-75,7.15625,7.5702855,11.776367
381,8,-60,7.78125,8.30301725,11.484375
381,9,-45,6.28125,6.39177775,7.520508
381,10,-30,3.5,3.475848,4.7226562
381,11,-15,2.15625,2.0284565,3.350586
381,12,0,2.5625,2.2659025,3.5703125
381,13,15,2.28125,1.8565215,2.4814453
381,14,30,3.03125,3.00302675,3.8535156
381,15,45,4.71875,4.96258375,5.9609375
381,16,60,7.3125,7.74767975,8.861328
381,17,75,10.5625,11.01959025,12.308594
381,18,90,8.9375,8.7903965,10.888672
381,19,105,6.25,5.80418675,7.5341797
381,20,120,3.90625,3.41956125,4.4765625
381,21,135,2.46875,2.0086275,2.6152344
381,22,150,0.28125,0,0
381,23,165,0,0.24347,0.8066406
381,24,180,0.34375,0.114707,0.22070312
382,1,-165,2.5625,2.3092,1.9248047
382,2,-150,2.6875,2.636755,2.4980469
382,3,-135,2.9375,2.9461125,2.8554688
382,4,-120,3.1875,3.2071525,3.0234375
382,5,-105,3.3125,3.337045,3.078125
382,6,-90,3.125,3.2473125,2.9658203
382,7,-75,2.625,2.91913,2.774414
382,8,-60,1.875,2.3851275,2.5175781
382,9,-45,1.1875,1.78461,2.178711
382,10,-30,0.5,1.2167225,1.7060547
382,11,-15,0.125,0.7611575,1.1728516
382,12,0,0,0,0
382,13,15,0.125,0.7649225,1.1738281
382,14,30,0.5,1.213585,1.6982422
382,15,45,1.1875,1.7839825,2.178711
382,16,60,1.875,2.3851275,2.5185547
382,17,75,2.625,2.91913,2.774414
382,18,90,3.125,3.2473125,2.9609375
382,19,105,3.3125,3.3389275,3.0800781
382,20,120,3.1875,3.2058975,3.0205078
382,21,135,2.9375,2.94423,2.8554688
382,22,150,2.6875,2.6373825,2.4960938
382,23,165,2.5625,2.3085725,1.9179688
382,24,180,2.5625,1.943995,1.5527344
383,1,-165,1.09375,1.40867475,1.4023438
383,2,-150,0.21875,0.3954505,0.29296875
383,3,-135,0.03125,0.00056475,0.01171875
383,4,-120,0.46875,0.209836,0.21191406
383,5,-105,1.1875,0.64224625,0.59472656
383,6,-90,1.53125,0.86563625,0.6777344
383,7,-75,1.09375,0.6474545,0.58984375
383,8,-60,0.34375,0.185489,0.20019531
383,9,-45,0,0.0249745,0.022460938
383,10,-30,0.34375,0.53619875,0.4638672
383,11,-15,0.90625,1.96903225,1.2617188
383,12,0,1.25,2.58599025,1.4912109
383,13,15,0.90625,1.96363575,1.2666016
383,14,30,0.34375,0.54134425,0.4716797
383,15,45,0,0.0239705,0.022460938
383,16,60,0.34375,0.184736,0.19335938
383,17,75,1.34375,0.63321025,0.7949219
383,18,90,1.53125,0.85747875,0.6669922
383,19,105,1.4375,0.61495,0.8183594
383,20,120,0.46875,0.20952225,0.20605469
383,21,135,0.03125,0,0
383,22,150,0.21875,0.37367625,0.33691406
383,23,165,1.09375,1.4245505,1.40625
383,24,180,1.25,2.58279,1.4902344
384,1,-165,0.0625,0.02754725,0.8388672
384,2,-150,0.3125,0.29523875,1.0683594
384,3,-135,0.90625,0.8357045,1.5029297
384,4,-120,1.75,1.56467125,1.9541016
384,5,-105,2.59375,2.28617075,1.9931641
384,6,-90,2.90625,2.62978975,2.0595703
384,7,-75,2.375,2.2044075,2.0976562
384,8,-60,1.53125,1.454796,1.9775391
384,9,-45,0.96875,0.95097625,1.5449219
384,10,-30,0.25,0.2330535,1.0175781
384,11,-15,0.03125,0.01964075,0.8388672
384,12,0,0,0,0.4013672
384,13,15,0.125,0.03583025,0.00390625
384,14,30,0.8125,0.63484175,0.7861328
384,15,45,1.375,1.22682525,1.2109375
384,16,60,2.46875,2.279331,2.3359375
384,17,75,3.71875,3.388751,3.538086
384,18,90,6.375,6.29940975,5.5615234
384,19,105,4.0625,3.544622,3.8095703
384,20,120,2.78125,2.4576665,2.4296875
384,21,135,1.59375,1.3607965,1.3232422
384,22,150,0.6875,0.520323,0.3642578
384,23,165,0.15625,0.0465605,0
384,24,180,0,0.004267,0.39648438
385,1,-165,0.28125,0.20914575,0.19433594
385,2,-150,1.15625,0.84053625,0.7817383
385,3,-135,2.40625,1.778586,1.6049805
385,4,-120,3.8125,2.80561525,2.3979492
385,5,-105,5.0625,3.64954,3.0239258
385,6,-90,5.625,4.02371825,3.4858398
385,7,-75,5.15625,3.75012825,3.5073242
385,8,-60,3.9375,2.98922175,3.1118164
385,9,-45,2.5625,2.01057275,2.4516602
385,10,-30,1.375,1.1266135,1.7001953
385,11,-15,0.625,0.56117325,1.1796875
385,12,0,0.375,0.374492,1.0024414
385,13,15,0.625,0.558224,1.175293
385,14,30,1.375,1.124982,1.7001953
385,15,45,2.5625,2.01057275,2.4516602
385,16,60,3.9375,2.9905395,3.1157227
385,17,75,5.15625,3.75012825,3.5073242
385,18,90,5.625,4.023781,3.4863281
385,19,105,5.0625,3.6441435,3.0185547
385,20,120,3.8125,2.805678,2.3979492
385,21,135,2.40625,1.778586,1.6049805
385,22,150,1.15625,0.8404735,0.78222656
385,23,165,0.28125,0.20914575,0.19433594
385,24,180,0,0,0
386,1,-165,0.4375,0.78757525,1.3046875
386,2,-150,0,0.049949,0.2626953
386,3,-135,0.3125,0.03193975,0.005859375
386,4,-120,1.28125,0.66634225,0.5419922
386,5,-105,2.375,1.4790175,1.2392578
386,6,-90,3.1875,2.0999915,2.0839844
386,7,-75,2.3125,1.48146475,1.2402344
386,8,-60,1.15625,0.63007275,0.5029297
386,9,-45,0.21875,0,0.001953125
386,10,-30,0.03125,0.11715425,0.37304688
386,11,-15,0.5,0.8884145,1.421875
386,12,0,0.9375,1.4744995,2.0986328
386,13,15,0.5,0.88847725,1.4208984
386,14,30,0.03125,0.11690325,0.37597656
386,15,45,0.21875,0.00181975,0.00390625
386,16,60,1.15625,0.63252,0.50683594
386,17,75,2.3125,1.48573175,1.2480469
386,18,90,3.1875,2.1004935,2.084961
386,19,105,2.375,1.47820175,1.2402344
386,20,120,1.28125,0.66358125,0.54785156
386,21,135,0.3125,0.03012,0
386,22,150,0,0.05001175,0.26464844
386,23,165,0.4375,0.78581825,1.2998047
386,24,180,0.9375,1.4719895,2.0888672
387,1,-165,1.84375,1.594101,2.0009766
387,2,-150,1,0.855408,1.1474609
387,3,-135,0.28125,0.22922575,0.32910156
387,4,-120,0,0.015311,0
387,5,-105,0.34375,0.33138275,0.36523438
387,6,-90,1.1875,1.0437835,1.2578125
387,7,-75,2,1.713577,2.3164062
387,8,-60,2.875,2.7121805,2.8417969
387,9,-45,2.6875,2.27550325,2.4316406
387,10,-30,1.90625,1.31969525,1.6240234
387,11,-15,1.125,0.43090425,0.76660156
387,12,0,0.75,0,0.38378906
387,13,15,1.125,0.43090425,0.76660156
387,14,30,1.90625,1.319507,1.6171875
387,15,45,2.6875,2.27537775,2.4316406
387,16,60,2.875,2.712306,2.8408203
387,17,75,2,1.71589875,2.319336
387,18,90,1.1875,1.04397175,1.2578125
387,19,105,0.34375,0.3314455,0.36523438
387,20,120,0,0.01549925,0
387,21,135,0.28125,0.2287865,0.32910156
387,22,150,1,0.85672575,1.1464844
387,23,165,1.84375,1.59378725,2
387,24,180,2.25,1.9677145,2.475586
388,1,-165,0.0625,0,0
388,2,-150,0.4375,0.166664,0.07128906
388,3,-135,1.375,0.79096375,0.6611328
388,4,-120,2.6875,1.7714325,1.6269531
388,5,-105,3.96875,2.735649,2.5253906
388,6,-90,4.53125,3.151054,2.9375
388,7,-75,3.96875,2.73157025,2.4570312
388,8,-60,2.65625,1.78461,1.6044922
388,9,-45,1.34375,0.7867595,0.63671875
388,10,-30,0.4375,0.16233425,0.060546875
388,11,-15,0.0625,0.003765,0.006835938
388,12,0,0,0.03143775,0.09863281
388,13,15,0.0625,0.00382775,0.00390625
388,14,30,0.4375,0.16233425,0.060546875
388,15,45,1.34375,0.7867595,0.6376953
388,16,60,2.65625,1.78329225,1.6025391
388,17,75,3.96875,2.73157025,2.4570312
388,18,90,4.53125,3.151054,2.9384766
388,19,105,3.96875,2.735649,2.5253906
388,20,120,2.6875,1.7714325,1.6269531
388,21,135,1.375,0.78770075,0.65722656
388,22,150,0.4375,0.16697775,0.06933594
388,23,165,0.0625,0,0
388,24,180,0,0.03369675,0.099609375
389,1,-165,2.21875,2.57318925,2.2294922
389,2,-150,2.8125,3.0859195,3.3916016
389,3,-135,4.3125,4.427891,5.4365234
389,4,-120,6.5625,6.4550925,7.998047
389,5,-105,8.625,8.4221795,9.4609375
389,6,-90,11.5,11.0815245,12.201172
389,7,-75,8.25,8.251374,9.334961
389,8,-60,6.21875,6.1912915,7.7265625
389,9,-45,4.03125,4.1940845,5.114258
389,10,-30,2.6875,2.97943275,3.1865234
389,11,-15,2.21875,2.57243625,2.1816406
389,12,0,0,0.0003765,0
389,13,15,2.21875,2.5726245,2.178711
389,14,30,2.6875,2.979119,3.1855469
389,15,45,4.03125,4.19515125,5.114258
389,16,60,6.21875,6.1910405,7.7265625
389,17,75,8.25,8.2404555,9.324219
389,18,90,11.5,11.08196375,12.199219
389,19,105,8.625,8.429333,9.47168
389,20,120,6.5625,6.46576,8.005859
389,21,135,4.3125,4.42757725,5.4365234
389,22,150,2.8125,3.087049,3.3867188
389,23,165,2.21875,2.57331475,2.225586
389,24,180,0,0,0.004882813
390,1,-165,2.59375,1.71778125,0.9511719
390,2,-150,2.71875,1.48899475,0.74316406
390,3,-135,3.5,1.82508375,1.1210938
390,4,-120,4.53125,2.40288575,1.8183594
390,5,-105,5.375,2.93086425,2.4394531
390,6,-90,5.78125,3.58710375,3.1777344
390,7,-75,5.71875,4.3562305,3.9472656
390,8,-60,3.40625,1.78304125,1.0800781
390,9,-45,1.625,0.58690075,0.2421875
390,10,-30,0.46875,0,0
390,11,-15,0,0.03733625,0.30078125
390,12,0,0.28125,0.55471,1.0068359
390,13,15,0,0.037399,0.29785156
390,14,30,0.46875,0.0013805,0.008789063
390,15,45,1.65625,0.59141875,0.2529297
390,16,60,3.40625,1.774821,1.0771484
390,17,75,5.71875,4.3562305,3.9472656
390,18,90,5.78125,3.590053,3.1875
390,19,105,5.375,2.9333115,2.4414062
390,20,120,4.53125,2.402823,1.8183594
390,21,135,3.5,1.82458175,1.1210938
390,22,150,2.71875,1.48773975,0.74121094
390,23,165,2.59375,1.71702825,0.94921875
390,24,180,3.25,2.576766,1.8466797
391,1,-165,0,0,0.00390625
391,2,-150,1.375,0.94808975,1.8212891
391,3,-135,3.46875,2.5625845,4.0859375
391,4,-120,6.40625,4.962772,6.8740234
391,5,-105,10,7.77993325,9.833984
391,6,-90,12.46875,9.40013825,12.652344
391,7,-75,11.625,8.7730775,11.557617
391,8,-60,8.90625,6.764952,8.8671875
391,9,-45,6.03125,4.3850955,6.3740234
391,10,-30,3.75,2.48521375,4.421875
391,11,-15,2.4375,1.41796175,3.0449219
391,12,0,2.03125,1.06166725,2.6484375
391,13,15,2.4375,1.42524075,3.0605469
391,14,30,3.75,2.485151,4.432617
391,15,45,6.03125,4.38817025,6.3789062
391,16,60,8.90625,6.76551675,8.869141
391,17,75,11.625,8.75908425,11.519531
391,18,90,12.46875,9.39913425,12.661133
391,19,105,9.96875,7.78344725,9.874023
391,20,120,6.46875,5.013725,7
391,21,135,3.46875,2.57042825,4.100586
391,22,150,1.375,0.94808975,1.8222656
391,23,165,0,0.0013805,0
391,24,180,0.90625,0.402855,0.33789062
392,1,-165,0,0.23123375,0.20019531
392,2,-150,0.0625,0.00043925,0.002929688
392,3,-135,0.84375,0.440003,0.37109375
392,4,-120,2.3125,1.542897,1.3769531
392,5,-105,3.84375,2.78001325,2.5449219
392,6,-90,4.53125,3.35085,3.0078125
392,7,-75,3.84375,2.82456575,2.5615234
392,8,-60,2.3125,1.59366175,1.4091797
392,9,-45,0.84375,0.458577,0.39257812
392,10,-30,0.0625,0.00244725,0.006835938
392,11,-15,0,0.23725775,0.20898438
392,12,0,0.125,0.5068945,0.4248047
392,13,15,0,0.237195,0.20898438
392,14,30,0.0625,0.000753,0
392,15,45,0.84375,0.45851425,0.39257812
392,16,60,2.3125,1.59366175,1.4091797
392,17,75,3.84375,2.82456575,2.5615234
392,18,90,4.53125,3.35085,3.0078125
392,19,105,3.84375,2.780076,2.5449219
392,20,120,2.28125,1.542395,1.3740234
392,21,135,0.84375,0.4408815,0.3671875
392,22,150,0.0625,0,0.000976563
392,23,165,0,0.2310455,0.20019531
392,24,180,0.125,0.50702,0.42773438
393,1,-165,0.4375,0.39664275,0.29101562
393,2,-150,1.625,1.4727425,1.1054688
393,3,-135,3.25,2.96537675,2.3417969
393,4,-120,4.9375,4.52496525,3.8105469
393,5,-105,6.28125,5.72098025,5.258789
393,6,-90,6.90625,6.2286905,6.2402344
393,7,-75,6.71875,6.02958475,6.5126953
393,8,-60,6.125,5.50010025,6.3359375
393,9,-45,5.625,5.1022025,6.142578
393,10,-30,5.53125,5.086264,6.1816406
393,11,-15,5.6875,5.35364175,6.330078
393,12,0,5.78125,5.52645525,6.388672
393,13,15,5.6875,5.353579,6.330078
393,14,30,5.53125,5.086264,6.182617
393,15,45,5.625,5.1022025,6.142578
393,16,60,6.125,5.500163,6.3359375
393,17,75,6.71875,6.02958475,6.5126953
393,18,90,6.90625,6.2286905,6.2402344
393,19,105,6.28125,5.72098025,5.258789
393,20,120,4.9375,4.524526,3.8076172
393,21,135,3.25,2.965314,2.3378906
393,22,150,1.625,1.47142475,1.1064453
393,23,165,0.4375,0.3967055,0.2919922
393,24,180,0,0,0
394,1,-165,0.5,0.347635,0.5029297
394,2,-150,1.9375,1.5831825,2.0625
394,3,-135,3.875,3.685935,4.0527344
394,4,-120,7,6.5605125,6.6953125
394,5,-105,10.9375,10.02243,9.459961
394,6,-90,15.3125,13.67197,12.121094
394,7,-75,15,13.126045,14.316406
394,8,-60,12.4375,10.3204925,11.282227
394,9,-45,10.75,8.3488875,9.094727
394,10,-30,10.0625,7.3499075,7.9296875
394,11,-15,10.0625,7.11585,7.5146484
394,12,0,10.5625,7.42709,7.7285156
394,13,15,10.0625,7.1114575,7.5117188
394,14,30,10.0625,7.350535,7.926758
394,15,45,10.75,8.3488875,9.091797
394,16,60,12.4375,10.304805,11.263672
394,17,75,15,13.1254175,14.311523
394,18,90,15.25,13.730955,12.199219
394,19,105,10.9375,10.0356075,9.50293
394,20,120,7,6.57118,6.709961
394,21,135,3.875,3.675895,4.0410156
394,22,150,1.625,1.615185,1.8808594
394,23,165,0.5625,0.302455,0.375
394,24,180,0,0,0
395,1,-165,1.5,0.789395,1.5615234
395,2,-150,1.15625,0.5553375,1.5986328
395,3,-135,0.46875,0.24052075,0.83496094
395,4,-120,0,0.00997725,0.48632812
395,5,-105,0.0625,0.11138125,0.60546875
395,6,-90,0.5625,0.42789225,0.34472656
395,7,-75,0.0625,0.13196325,0.63183594
395,8,-60,0.03125,0.00031375,0.46289062
395,9,-45,0.5625,0.23838725,0.7841797
395,10,-30,1.1875,0.56845225,1.2988281
395,11,-15,1.53125,0.802949,1.4433594
395,12,0,1.6875,0.95474125,1.5273438
395,13,15,1.53125,0.80338825,1.4423828
395,14,30,1.1875,0.5781785,1.3691406
395,15,45,0.5625,0.2370695,0.7890625
395,16,60,0.03125,0,0.45898438
395,17,75,0.0625,0.13008075,0.63378906
395,18,90,0.5625,0.42839425,0.3544922
395,19,105,0.0625,0.11426775,0.6035156
395,20,120,0.3125,0.21014975,0
395,21,135,0.46875,0.24152475,0.8378906
395,22,150,1.15625,0.55414525,1.6298828
395,23,165,1.5,0.78883025,1.5615234
395,24,180,1.6875,0.96540875,1.6464844
396,1,-165,0.34375,0.26260875,0.22363281
396,2,-150,1.3125,1.01460475,0.8964844
396,3,-135,2.71875,2.06466325,1.8486328
396,4,-120,4.15625,3.12877775,2.96875
396,5,-105,5.34375,3.9034265,4.0351562
396,6,-90,5.78125,4.1185335,4.458008
396,7,-75,5.1875,3.67909525,3.8398438
396,8,-60,3.9375,2.820738,2.765625
396,9,-45,2.59375,1.8914105,1.7421875
396,10,-30,1.53125,1.183967,0.90722656
396,11,-15,0.875,0.78920675,0.3173828
396,12,0,0.6875,0.6798335,0.09375
396,13,15,0.875,0.78920675,0.3173828
396,14,30,1.53125,1.186979,0.9140625
396,15,45,2.59375,1.8914105,1.7421875
396,16,60,3.9375,2.820738,2.765625
396,17,75,5.1875,3.67909525,3.8398438
396,18,90,5.78125,4.11897275,4.4609375
396,19,105,5.34375,3.9034265,4.0351562
396,20,120,4.15625,3.12877775,2.96875
396,21,135,2.71875,2.064726,1.8466797
396,22,150,1.3125,1.025084,0.89941406
396,23,165,0.34375,0.26260875,0.22363281
396,24,180,0,0,0
397,1,-165,0.9375,1.629241,1.5449219
397,2,-150,0.3125,0.79372475,0.94140625
397,3,-135,0,0.02541375,0.17480469
397,4,-120,0.4375,0.01687975,0
397,5,-105,1.9375,1.18653975,0.921875
397,6,-90,4.0625,3.201003,2.6396484
397,7,-75,5.875,5.03524825,4.4814453
397,8,-60,6.25,5.54151525,5.0839844
397,9,-45,3.25,3.19303375,3.1699219
397,10,-30,1.125,1.18478275,1.2255859
397,11,-15,0,0,0.12402344
397,12,0,0.5,0.7282765,0.8125
397,13,15,0.3125,0.46955825,0.5966797
397,14,30,1.0625,1.4827825,1.8154297
397,15,45,2.3125,2.56766725,2.8613281
397,16,60,4.25,4.22878525,4.5302734
397,17,75,6.8125,6.42804725,6.6552734
397,18,90,9.125,8.29548725,7.9277344
397,19,105,10.25,9.051311,7.7871094
397,20,120,1.3125,0.968358,0.71777344
397,21,135,0.3125,0.33753225,0.4169922
397,22,150,0.4375,0.96829525,1.1191406
397,23,165,1.125,2.0666085,1.8115234
397,24,180,1.5,2.3668045,1.7226562
398,1,-165,0.0625,0.0194525,0.009765625
398,2,-150,0,0.096384,0.17382812
398,3,-135,0.0625,0.27189575,0.40820312
398,4,-120,0.3125,0.5957485,0.63671875
398,5,-105,0.84375,1.1499565,1.2910156
398,6,-90,1.53125,1.9222835,2.0996094
398,7,-75,0.8125,1.1848455,1.3066406
398,8,-60,0.28125,0.60058025,0.6464844
398,9,-45,0.0625,0.2516275,0.39648438
398,10,-30,0.03125,0.082579,0.15625
398,11,-15,0.09375,0.0109185,0
398,12,0,0.125,0.00169425,0.033203125
398,13,15,0.09375,0.01562475,0.001953125
398,14,30,0.03125,0.0824535,0.15429688
398,15,45,0.0625,0.25018425,0.39648438
398,16,60,0.28125,0.597882,0.6484375
398,17,75,0.8125,1.1868535,1.3085938
398,18,90,1.53125,1.91983625,2.0957031
398,19,105,0.84375,1.14600325,1.2890625
398,20,120,0.3125,0.59694075,0.63671875
398,21,135,0.0625,0.27038975,0.41015625
398,22,150,0,0.09632125,0.17578125
398,23,165,0.0625,0.0192015,0.005859375
398,24,180,0.125,0,0.0234375
399,1,-165,1.4375,0.8869085,0.7597656
399,2,-150,1.5625,0.98586525,0.37304688
399,3,-135,2.3125,1.475127,0.52734375
399,4,-120,3.1875,1.92724075,0.66796875
399,5,-105,3.75,1.95899225,1.0390625
399,6,-90,3.5,1.67824875,1.0332031
399,7,-75,2.5625,1.1610005,0.58203125
399,8,-60,1.375,0.4913325,0.16796875
399,9,-45,0.375,0.0001255,0
399,10,-30,0,0.06344025,0.41210938
399,11,-15,0.25,0.5292335,1.0664062
399,12,0,0.9375,1.406353,1.9863281
399,13,15,0.25,0.52854325,1.0664062
399,14,30,0,0.06331475,0.4140625
399,15,45,0.375,0,0
399,16,60,1.375,0.49089325,0.16601562
399,17,75,2.5625,1.16106325,0.58203125
399,18,90,3.5,1.67849975,1.03125
399,19,105,3.75,1.95961975,1.0488281
399,20,120,3.1875,1.91443975,0.6484375
399,21,135,2.3125,1.47732325,0.5332031
399,22,150,1.5625,0.980406,0.37695312
399,23,165,1.4375,0.8274215,0.703125
399,24,180,2,1.45121925,1.5351562
400,1,-165,0.0625,0.13572825,0.07324219
400,2,-150,0.25,0.48599875,0.30566406
400,3,-135,0.65625,1.03619075,0.7080078
400,4,-120,1.3125,1.7583805,1.3720703
400,5,-105,2.09375,2.67998975,2.3300781
400,6,-90,2.75,3.54405725,3.0908203
400,7,-75,2.03125,2.655329,2.3027344
400,8,-60,1.21875,1.7513525,1.3818359
400,9,-45,0.59375,1.00393725,0.70214844
400,10,-30,0.21875,0.44383075,0.28710938
400,11,-15,0.0625,0.11665225,0.06347656
400,12,0,0,0.002761,0
400,13,15,0.0625,0.11715425,0.07324219
400,14,30,0.21875,0.44383075,0.2890625
400,15,45,0.59375,1.00343525,0.70410156
400,16,60,1.21875,1.750976,1.3847656
400,17,75,2.03125,2.65438775,2.2978516
400,18,90,2.75,3.54455925,3.0927734
400,19,105,2.09375,2.680429,2.3300781
400,20,120,1.3125,1.75844325,1.3720703
400,21,135,0.65625,1.039893,0.7138672
400,22,150,0.25,0.4855595,0.3017578
400,23,165,0.0625,0.135289,0.07519531
400,24,180,0,0,0
401,1,-165,0.03125,0.00069025,0
401,2,-150,0.625,0.63057475,0.7675781
401,3,-135,1.21875,1.2965405,1.5927734
401,4,-120,1.28125,1.38621025,2.0097656
401,5,-105,0.875,1.00004675,1.8447266
401,6,-90,0.34375,0.43404175,1.2480469
401,7,-75,0,0.1665385,0.8769531
401,8,-60,0.3125,0.64952525,1.0654297
401,9,-45,1,1.38621025,1.4824219
401,10,-30,1.75,2.3083215,2.0214844
401,11,-15,2.375,3.17747175,2.4501953
401,12,0,3.375,4.89920625,3.8759766
401,13,15,2.375,3.174648,2.444336
401,14,30,1.75,2.30926275,2.0292969
401,15,45,0.96875,1.3871515,1.4804688
401,16,60,0.3125,0.649086,1.0644531
401,17,75,0,0.164656,0.87890625
401,18,90,0.34375,0.4361125,1.2460938
401,19,105,0.875,0.97645275,1.8291016
401,20,120,1.28125,1.3848925,2.006836
401,21,135,1.21875,1.296164,1.5898438
401,22,150,0.625,0.639548,0.7685547
401,23,165,0.03125,0,0.002929688
401,24,180,0.5,1.19607775,0.99316406
402,1,-165,3.09375,3.30924675,3.5751953
402,2,-150,2.3125,2.6526935,3.3574219
402,3,-135,1.46875,1.83399425,2.6113281
402,4,-120,0.875,1.45460775,1.8486328
402,5,-105,0.40625,1.33952425,1.2070312
402,6,-90,0,0.199043,0.26953125
402,7,-75,0,0.0053965,0.004882813
402,8,-60,0.78125,0.634026,0.3642578
402,9,-45,2,1.84629325,1.7773438
402,10,-30,3.375,3.110894,3.3466797
402,11,-15,4.4375,3.9862565,4.5976562
402,12,0,4.78125,4.17820875,5.055664
402,13,15,4.4375,3.98217775,4.598633
402,14,30,3.34375,3.1172945,3.3740234
402,15,45,2,1.8417125,1.7783203
402,16,60,0.78125,0.6404265,0.37890625
402,17,75,0,0,0
402,18,90,0,0.2277825,0.2685547
402,19,105,0.40625,1.338332,1.2128906
402,20,120,0.875,1.454294,1.8457031
402,21,135,1.46875,1.836316,2.6123047
402,22,150,2.3125,2.6499325,3.359375
402,23,165,3.09375,3.30836825,3.5771484
402,24,180,3.5,3.75803475,3.9863281
403,1,-165,6.09375,7.308618,6.211914
403,2,-150,4.40625,4.5610465,3.9667969
403,3,-135,3.21875,2.78515875,2.3144531
403,4,-120,3.375,2.634747,2.069336
403,5,-105,4.4375,3.63579775,3.0585938
403,6,-90,0,0,0
403,7,-75,4.4375,3.65725825,3.0820312
403,8,-60,3.40625,2.63857475,2.078125
403,9,-45,3.21875,2.7997795,2.3330078
403,10,-30,4.4375,4.62109825,4.1015625
403,11,-15,7.125,7.99240475,6.7470703
403,12,0,8.3125,10.569359,6.6123047
403,13,15,7.15625,7.98173725,6.727539
403,14,30,3.09375,3.7457985,3.3496094
403,15,45,3.21875,2.79758325,2.3330078
403,16,60,3.40625,2.6378845,2.0771484
403,17,75,4.4375,3.6541835,3.0771484
403,18,90,0,0.0023845,0.002929688
403,19,105,4.4375,3.63705275,3.0585938
403,20,120,3.375,2.63405675,2.0722656
403,21,135,3.21875,2.78917475,2.3173828
403,22,150,4.40625,4.55508525,3.959961
403,23,165,6.09375,7.3253095,6.2460938
403,24,180,9.625,11.512617,7.883789
404,1,-165,0.1875,0.12255075,0.115234375
404,2,-150,0.78125,0.596376,0.5996094
404,3,-135,1.90625,1.499725,1.5117188
404,4,-120,3.375,2.729876,2.6845703
404,5,-105,4.8125,3.9034265,3.6923828
404,6,-90,5.46875,4.40235175,3.9453125
404,7,-75,4.8125,3.910078,3.7070312
404,8,-60,3.375,2.747697,2.7148438
404,9,-45,1.90625,1.51221225,1.5361328
404,10,-30,0.78125,0.59116775,0.6044922
404,11,-15,0.1875,0.1256255,0.123046875
404,12,0,0,6.28E-05,0
404,13,15,0.1875,0.12568825,0.12402344
404,14,30,0.78125,0.59104225,0.6044922
404,15,45,1.90625,1.51070625,1.5332031
404,16,60,3.375,2.747697,2.7148438
404,17,75,4.8125,3.9107055,3.7060547
404,18,90,5.46875,4.40159875,3.944336
404,19,105,4.8125,3.90901125,3.696289
404,20,120,3.375,2.729876,2.6826172
404,21,135,1.90625,1.499725,1.5126953
404,22,150,0.78125,0.5970035,0.60058594
404,23,165,0.1875,0.12255075,0.115234375
404,24,180,0,0,0
405,1,-165,0,0.00658875,0.25683594
405,2,-150,0.28125,0.16195775,0.001953125
405,3,-135,1.4375,1.13408075,0.8857422
405,4,-120,4.71875,4.49039,4.169922
405,5,-105,3.9375,3.45733675,3.5214844
405,6,-90,3.625,3.03352325,3.4052734
405,7,-75,3.34375,2.7882335,3.3720703
405,8,-60,2.65625,2.21300425,2.493164
405,9,-45,1.375,1.099129,0.9375
405,10,-30,0.25,0.15179225,0.012695313
405,11,-15,0,0,0.24804688
405,12,0,0.9375,1.0322375,1.6767578
405,13,15,0,0.0023845,0.24707031
405,14,30,0.25,0.15166675,0.017578125
405,15,45,1.375,1.0992545,0.93847656
405,16,60,4.9375,4.72237675,4.2490234
405,17,75,4.03125,3.5399785,3.5117188
405,18,90,3.625,3.03415075,3.40625
405,19,105,3.9375,3.45758775,3.5214844
405,20,120,4.71875,4.4987985,4.1865234
405,21,135,1.4375,1.1336415,0.8876953
405,22,150,0.28125,0.1637775,0
405,23,165,0,0.00922425,0.2578125
405,24,180,1.0625,1.13734375,1.7001953
406,1,-165,0,0.07925325,0.013671875
406,2,-150,0.03125,0.2955525,0.22070312
406,3,-135,0.21875,0.6233585,0.6298828
406,4,-120,0.40625,0.88672025,0.98828125
406,5,-105,0.5625,1.04271675,1.3857422
406,6,-90,0.625,1.16821675,1.9873047
406,7,-75,0.8125,1.4343395,2.5791016
406,8,-60,1.21875,1.93037825,3.1757812
406,9,-45,1.78125,2.44317125,3.5136719
406,10,-30,2.28125,2.8218675,3.5625
406,11,-15,2.625,3.11911425,3.540039
406,12,0,2.78125,3.241163,3.321289
406,13,15,2.625,3.11923975,3.5449219
406,14,30,2.28125,2.82117725,3.5644531
406,15,45,1.78125,2.4413515,3.5126953
406,16,60,1.21875,1.9308175,3.1767578
406,17,75,0.8125,1.4340885,2.5791016
406,18,90,0.625,1.16821675,1.9873047
406,19,105,0.5625,1.04196375,1.3818359
406,20,120,0.4375,0.885528,0.98828125
406,21,135,0.21875,0.62304475,0.6386719
406,22,150,0.03125,0.2809945,0.19921875
406,23,165,0,0.08766175,0.037109375
406,24,180,0.03125,0,0
407,1,-165,0.4375,0.367213,0.45703125
407,2,-150,1.8125,1.61399275,1.8681641
407,3,-135,4.125,3.733374,4.1015625
407,4,-120,7.1875,6.58931475,6.720703
407,5,-105,10.78125,9.8410825,9.461914
407,6,-90,13.25,12.22250775,11.620117
407,7,-75,10.9375,9.75304425,9.176758
407,8,-60,9.28125,7.9420165,7.3847656
407,9,-45,8.40625,6.90846125,6.1708984
407,10,-30,8.15625,6.5562455,5.513672
407,11,-15,8.4375,6.68406725,5.3564453
407,12,0,9.125,7.23074525,5.7460938
407,13,15,8.4375,6.679863,5.3564453
407,14,30,8.15625,6.55517875,5.508789
407,15,45,8.40625,6.912791,6.1757812
407,16,60,9.25,7.9174185,7.3691406
407,17,75,10.9375,9.7484635,9.174805
407,18,90,13.25,12.219935,11.620117
407,19,105,10.78125,9.833929,9.452148
407,20,120,7.1875,6.58931475,6.716797
407,21,135,4.125,3.73544475,4.0976562
407,22,150,1.8125,1.6115455,1.8671875
407,23,165,0.4375,0.37066425,0.4658203
407,24,180,0,0,0
408,1,-165,0.25,0.09280725,0.053710938
408,2,-150,0.9375,0.47821775,0
408,3,-135,2.0625,1.186979,0.19335938
408,4,-120,3.34375,2.0472815,0.68652344
408,5,-105,4.3125,2.673903,1.2373047
408,6,-90,4.59375,2.80159925,1.5419922
408,7,-75,3.9375,2.34214375,1.2363281
408,8,-60,2.84375,1.62553875,0.7919922
408,9,-45,1.96875,1.1238525,0.5839844
408,10,-30,1.625,1.1228485,0.6738281
408,11,-15,1.65625,1.454545,1.03125
408,12,0,1.71875,1.6645065,1.2392578
408,13,15,1.65625,1.45435675,1.0322266
408,14,30,1.625,1.12278575,0.6738281
408,15,45,1.96875,1.13044125,0.59375
408,16,60,2.84375,1.6235935,0.79003906
408,17,75,3.9375,2.345344,1.2421875
408,18,90,4.59375,2.80159925,1.5419922
408,19,105,4.3125,2.67371475,1.2373047
408,20,120,3.34375,2.048662,0.6904297
408,21,135,2.0625,1.184971,0.20019531
408,22,150,0.9375,0.4769,0.001953125
408,23,165,0.25,0.0927445,0.053710938
408,24,180,0,0,0.11816406
409,1,-165,0.25,0.25056075,0.23535156
409,2,-150,1.125,0.95398825,0.87890625
409,3,-135,2.4375,2.03366475,1.8271484
409,4,-120,3.9375,3.26983975,2.959961
409,5,-105,5.1875,4.319208,3.9902344
409,6,-90,5.625,4.693951,4.446289
409,7,-75,5,4.19690825,4.004883
409,8,-60,3.625,3.09539475,3.084961
409,9,-45,2.25,1.91556925,2
409,10,-30,1.125,0.973378,1.0419922
409,11,-15,0.5,0.40229025,0.41308594
409,12,0,0.25,0.21780525,0.19628906
409,13,15,0.5,0.399843,0.40722656
409,14,30,1.125,0.97695475,1.0429688
409,15,45,2.25,1.91556925,2.0009766
409,16,60,3.625,3.09539475,3.0839844
409,17,75,5,4.196971,4.004883
409,18,90,5.625,4.69388825,4.446289
409,19,105,5.1875,4.31914525,3.9882812
409,20,120,3.9375,3.26971425,2.959961
409,21,135,2.4375,2.033602,1.8271484
409,22,150,1.125,0.954051,0.87890625
409,23,165,0.25,0.25056075,0.234375
409,24,180,0,0,0
410,1,-165,0.0625,0.680461,0.9814453
410,2,-150,0,0.18028075,0.28710938
410,3,-135,0.34375,0.0021335,0
410,4,-120,1.09375,0.30954575,0.08203125
410,5,-105,2,0.875237,0.7246094
410,6,-90,2.4375,1.202039,1.0644531
410,7,-75,2.03125,0.912385,0.75
410,8,-60,1.0625,0.30414925,0.06542969
410,9,-45,0.28125,6.28E-05,0.021484375
410,10,-30,0,0.216362,0.33789062
410,11,-15,0.0625,0.713844,1.0263672
410,12,0,0.21875,1.1025175,1.1972656
410,13,15,0.25,0.97770775,0.9433594
410,14,30,0.5,0.836583,0.5703125
410,15,45,0.28125,0,0.01953125
410,16,60,1.0625,0.3025805,0.06738281
410,17,75,2.03125,0.9105025,0.75390625
410,18,90,2.4375,1.1986505,1.0615234
410,19,105,2,0.87668025,0.7246094
410,20,120,1.09375,0.308479,0.076171875
410,21,135,0.34375,0.00269825,0
410,22,150,0,0.17952775,0.2919922
410,23,165,0.0625,0.68366125,0.9902344
410,24,180,0.15625,0.9998585,1.4375
411,1,-165,2.71875,2.54884225,2.9072266
411,2,-150,3.6875,3.1735185,4.595703
411,3,-135,3.5625,3.019781,5.5390625
411,4,-120,2.21875,1.9152555,4.9023438
411,5,-105,0.75,0.92298975,2.7324219
411,6,-90,0,0.321782,0.6845703
411,7,-75,0.09375,0,0.001953125
411,8,-60,1.53125,1.2272645,0.80566406
411,9,-45,1.90625,1.70372525,1.0859375
411,10,-30,3.3125,3.201505,2.6708984
411,11,-15,4.71875,4.1423785,5.7041016
411,12,0,4.59375,4.2648665,6.397461
411,13,15,4.71875,4.14080975,5.692383
411,14,30,3.3125,3.19843025,2.6601562
411,15,45,1.90625,1.70560775,1.0800781
411,16,60,1.53125,1.22808025,0.8076172
411,17,75,0.09375,0.00320025,0
411,18,90,0,0.321782,0.6796875
411,19,105,0.78125,0.89161475,2.6523438
411,20,120,2.21875,1.9167615,4.901367
411,21,135,3.5625,3.021789,5.5166016
411,22,150,3.6875,3.171385,4.583008
411,23,165,2.96875,2.435202,3.1611328
411,24,180,2.4375,2.2342765,2.6513672
412,1,-165,8.59375,7.993095,7.9345703
412,2,-150,7.875,7.356057,7.5722656
412,3,-135,7,6.640205,7.095703
412,4,-120,6.09375,5.90872825,6.6376953
412,5,-105,5.25,5.19068,6.1396484
412,6,-90,4.53125,4.53701325,5.506836
412,7,-75,3.84375,3.9275225,4.7216797
412,8,-60,2.9375,3.04506925,3.6777344
412,9,-45,1.59375,1.7526075,2.3408203
412,10,-30,0.4375,0.583575,0.9316406
412,11,-15,0,0,0.08300781
412,12,0,0.28125,0.08213975,0
412,13,15,1.0625,0.718362,0.7167969
412,14,30,2.09375,1.76998925,2.022461
412,15,45,3.40625,3.1027365,3.3564453
412,16,60,5.09375,4.7224395,4.7890625
412,17,75,6.71875,6.203465,5.9609375
412,18,90,8.15625,7.522219,7.227539
412,19,105,9.5625,8.86688875,8.699219
412,20,120,10.5,10.005864,10.106445
412,21,135,10.5,10.04671425,9.744141
412,22,150,10.25,9.88996475,9.555664
412,23,165,9.75,9.47179875,9.240234
412,24,180,9.15625,8.69219275,8.5625
413,1,-165,0.625,1.162632,1.2138672
413,2,-150,0,0.1266295,0.14648438
413,3,-135,0.34375,0.0279865,0.004882813
413,4,-120,1.53125,0.7634165,0.73046875
413,5,-105,2.84375,1.728888,1.7255859
413,6,-90,3.375,2.18150375,2.1210938
413,7,-75,2.78125,1.73058225,1.7548828
413,8,-60,1.4375,0.72896675,0.7216797
413,9,-45,0.28125,0,0
413,10,-30,0,0.17099375,0.19921875
413,11,-15,0.625,1.2046745,1.2568359
413,12,0,1.28125,2.09101825,1.9072266
413,13,15,0.625,1.2044235,1.2568359
413,14,30,0,0.17701775,0.19921875
413,15,45,0.28125,0,0
413,16,60,1.4375,0.73448875,0.73046875
413,17,75,2.78125,1.731147,1.7529297
413,18,90,3.375,2.18225675,2.1191406
413,19,105,2.84375,1.731398,1.7246094
413,20,120,1.53125,0.7634165,0.7314453
413,21,135,0.34375,0.0279865,0.004882813
413,22,150,0,0.13070825,0.15039062
413,23,165,0.625,1.16394975,1.2119141
413,24,180,1.28125,2.09051625,1.9091797
414,1,-165,1.125,0.969613,0.7578125
414,2,-150,1.75,1.49100275,1.5976562
414,3,-135,2.9375,2.54081025,2.9072266
414,4,-120,4.5625,3.8996615,4.3789062
414,5,-105,5.9375,5.10866575,5.758789
414,6,-90,6.5,5.54302125,6.4804688
414,7,-75,5.8125,4.9473355,5.873047
414,8,-60,4.3125,3.64056675,4.3222656
414,9,-45,2.5625,2.13808075,2.5634766
414,10,-30,1.125,0.9280725,1.1464844
414,11,-15,0.3125,0.22420575,0.2763672
414,12,0,0,0,0
414,13,15,0.3125,0.22408025,0.27441406
414,14,30,1.125,0.93227675,1.1513672
414,15,45,2.5625,2.13808075,2.5634766
414,16,60,4.3125,3.64056675,4.3203125
414,17,75,5.8125,4.94790025,5.870117
414,18,90,6.5,5.54302125,6.4804688
414,19,105,5.9375,5.10866575,5.758789
414,20,120,4.5625,3.89984975,4.3779297
414,21,135,2.9375,2.54106125,2.9101562
414,22,150,1.75,1.49225775,1.5966797
414,23,165,1.125,0.96967575,0.7578125
414,24,180,0.875,0.81305175,0.4501953
415,1,-165,0.5625,0.66132225,1.0097656
415,2,-150,0,0.01700525,0.13378906
415,3,-135,0.125,0.08904225,0
415,4,-120,0.8125,0.81731875,0.6328125
415,5,-105,1.6875,1.6640045,1.4443359
415,6,-90,2.6875,2.63801,2.821289
415,7,-75,1.6875,1.65590975,1.4580078
415,8,-60,0.875,0.82246425,0.65625
415,9,-45,0.1875,0.10472975,0.020507812
415,10,-30,0,0,0.09472656
415,11,-15,0.5,0.62593125,0.953125
415,12,0,0.9375,1.2048,1.5869141
415,13,15,0.5,0.62605675,0.95214844
415,14,30,0,0.00069025,0.09667969
415,15,45,0.1875,0.104918,0.021484375
415,16,60,0.875,0.822025,0.65527344
415,17,75,1.6875,1.65578425,1.4541016
415,18,90,2.6875,2.63794725,2.8222656
415,19,105,1.6875,1.66620075,1.4443359
415,20,120,0.8125,0.81593825,0.63183594
415,21,135,0.125,0.0889795,0.000976563
415,22,150,0,0.017068,0.13378906
415,23,165,0.5625,0.66107125,1.0058594
415,24,180,0.9375,1.20611775,1.5830078
416,1,-165,2.0625,4.0751105,4.415039
416,2,-150,3.03125,4.96584675,5.399414
416,3,-135,4.0625,5.91977225,6.3876953
416,4,-120,4.1875,5.8795495,6.064453
416,5,-105,3.03125,4.50777175,4.6435547
416,6,-90,1.5,2.58084475,2.743164
416,7,-75,0.3125,0.6958975,0.7363281
416,8,-60,0,0,0
416,9,-45,0.96875,0.95147825,1.1572266
416,10,-30,2.84375,2.98018575,3.5732422
416,11,-15,4.71875,4.98918975,6.114258
416,12,0,5.84375,6.153265,7.888672
416,13,15,4.71875,4.97023925,6.0947266
416,14,30,2.84375,2.97729925,3.5703125
416,15,45,0.96875,0.949282,1.1582031
416,16,60,0,0.00251,0.015625
416,17,75,0.3125,0.6938895,0.7363281
416,18,90,1.5,2.58028,2.7324219
416,19,105,3.03125,4.52371025,4.651367
416,20,120,4.1875,5.86681125,6.078125
416,21,135,4.3125,6.1220155,6.4882812
416,22,150,3.46875,5.4734315,5.6572266
416,23,165,2.25,4.38415425,4.7041016
416,24,180,1.5625,3.72615775,4.0507812
417,1,-165,0.15625,0,0.0078125
417,2,-150,0.40625,0.15041175,0.296875
417,3,-135,1.15625,0.66420875,0.8300781
417,4,-120,2.40625,1.6180715,1.7480469
417,5,-105,4.0625,2.917373,3.069336
417,6,-90,5.78125,4.31098775,4.611328
417,7,-75,7.125,5.4962725,6.1689453
417,8,-60,3.75,3.3788365,4.376953
417,9,-45,2.0625,2.15929025,3.0976562
417,10,-30,0.90625,1.33174325,2.0830078
417,11,-15,0.21875,0.8806335,1.4892578
417,12,0,0,0.74126575,1.3066406
417,13,15,0.21875,0.87919025,1.4882812
417,14,30,0.90625,1.332308,2.0888672
417,15,45,2.0625,2.157094,3.0957031
417,16,60,3.75,3.37362825,4.366211
417,17,75,7.125,5.497151,6.166992
417,18,90,5.78125,4.3097955,4.6123047
417,19,105,4.0625,2.917373,3.0722656
417,20,120,2.40625,1.617946,1.7519531
417,21,135,1.15625,0.665652,0.8300781
417,22,150,0.40625,0.150349,0.296875
417,23,165,0.15625,6.27E-05,0.0078125
417,24,180,0.28125,0.05252175,0
418,1,-165,0.3125,0.34242675,0.06738281
418,2,-150,0,0.016817,0
418,3,-135,0.25,0.18605375,0.50683594
418,4,-120,0.75,0.710832,1.1289062
418,5,-105,1.4375,1.29459525,1.6337891
418,6,-90,1.75,1.5578315,2.0029297
418,7,-75,1.4375,1.28744175,1.7119141
418,8,-60,0.8125,0.77665675,1.2421875
418,9,-45,0.4375,0.43843425,0.91308594
418,10,-30,0.4375,0.4448975,0.75390625
418,11,-15,0.625,0.63509275,0.859375
418,12,0,0.625,0.59681525,0.8701172
418,13,15,0.3125,0.23424575,0.5800781
418,14,30,0.0625,0,0.41601562
418,15,45,0.25,0.14614475,0.7109375
418,16,60,0.75,0.653353,1.1923828
418,17,75,1.375,1.2390615,1.5957031
418,18,90,1.75,1.59253225,1.9423828
418,19,105,1.5,1.40679225,1.6787109
418,20,120,1.0625,0.99891725,1.1445312
418,21,135,0.6875,0.70687875,0.61035156
418,22,150,0.75,0.78908125,0.43945312
418,23,165,0.9375,1.102141,0.6015625
418,24,180,0.8125,0.91520875,0.47851562
419,1,-165,7.875,5.9081635,4.875
419,2,-150,7.21875,5.04616675,4.2958984
419,3,-135,6.875,4.68686025,4.114258
419,4,-120,7.1875,5.37234125,4.833008
419,5,-105,7.96875,6.743366,6.166992
419,6,-90,8.34375,7.66083375,7.0546875
419,7,-75,7.40625,6.8054885,5.966797
419,8,-60,5.375,4.91363875,3.6591797
419,9,-45,2.71875,2.3469755,1.9003906
419,10,-30,1.125,0.91985225,0.7392578
419,11,-15,0.28125,0.20801625,0.17480469
419,12,0,0,0,0
419,13,15,0.28125,0.2109655,0.18457031
419,14,30,1.125,0.921421,0.75097656
419,15,45,2.71875,2.34766575,1.8925781
419,16,60,5.375,4.89318225,3.6210938
419,17,75,7.40625,6.8057395,5.970703
419,18,90,8.34375,7.66070825,7.055664
419,19,105,7.96875,6.7439935,6.161133
419,20,120,7.1875,5.36882725,4.8310547
419,21,135,6.875,4.68598175,4.1152344
419,22,150,7.21875,5.0457275,4.2978516
419,23,165,7.875,5.909042,4.876953
419,24,180,8.25,6.43607925,5.2265625
420,1,-165,11.34375,10.4424785,8.261719
420,2,-150,11,9.9214025,7.779297
420,3,-135,11.375,10.053554,8.113281
420,4,-120,12.3125,10.754095,8.772461
420,5,-105,13.46875,11.64891,9.1484375
420,6,-90,12.65625,10.79394125,8.580078
420,7,-75,9.5,8.07724275,7.232422
420,8,-60,6.0625,5.12234525,4.8115234
420,9,-45,3.28125,2.73395475,2.5488281
420,10,-30,1.375,1.09404625,0.85253906
420,11,-15,0.28125,0.19245425,0
420,12,0,0,0,0.016601562
420,13,15,0.28125,0.191513,0.001953125
420,14,30,1.34375,1.094109,0.8496094
420,15,45,3.28125,2.72956225,2.5498047
420,16,60,6.0625,5.12410225,4.810547
420,17,75,9.5,8.05678625,7.196289
420,18,90,12.65625,10.7956355,8.589844
420,19,105,13.46875,11.64821975,9.147461
420,20,120,12.3125,10.754095,8.772461
420,21,135,11.34375,10.049538,8.108398
420,22,150,11,9.92133975,7.783203
420,23,165,11.34375,10.4402195,8.259766
420,24,180,12.25,11.5293085,9.537109
421,1,-165,0,0.179716,0.14648438
421,2,-150,0.21875,0.78744975,0.8808594
421,3,-135,0.84375,1.68690825,2.2714844
421,4,-120,1.71875,2.46124325,3.2216797
421,5,-105,2.84375,3.49348075,4.6904297
421,6,-90,4.0625,4.504195,6.036133
421,7,-75,2.71875,3.442465,4.609375
421,8,-60,1.53125,2.35720375,3.09375
421,9,-45,0.65625,1.415891,1.7431641
421,10,-30,0.15625,0.6401755,0.6923828
421,11,-15,0,0.129265,0.08496094
421,12,0,0.09375,0.01587575,0.012695313
421,13,15,0,0.1258765,0.08105469
421,14,30,0.15625,0.773331,0.8964844
421,15,45,0.65625,1.4212875,1.7539062
421,16,60,1.53125,2.362914,3.1660156
421,17,75,2.71875,3.45043425,4.6416016
421,18,90,4.0625,4.49384125,5.946289
421,19,105,2.875,3.49912825,4.645508
421,20,120,1.71875,2.4619335,3.2265625
421,21,135,0.78125,1.52488775,1.8779297
421,22,150,0.21875,0.7970505,0.9003906
421,23,165,0,0.179214,0.140625
421,24,180,0.0625,0,0
422,1,-165,2.40625,2.7676515,3.7324219
422,2,-150,0.75,0.91558525,1.6757812
422,3,-135,0.28125,0.21040075,0.68066406
422,4,-120,0.59375,0.25194125,0.41308594
422,5,-105,1.09375,0.51611875,0.31835938
422,6,-90,1.25,0.5857085,0.11425781
422,7,-75,0.6875,0.31193025,0
422,8,-60,0,0.0071535,0.103515625
422,9,-45,0,0.3718565,0.5966797
422,10,-30,0.9375,1.6865945,1.8095703
422,11,-15,2.59375,3.66039575,3.6074219
422,12,0,3.8125,5.094798,4.7353516
422,13,15,2.59375,3.660584,3.6113281
422,14,30,0.9375,1.688226,1.8095703
422,15,45,0,0.3721075,0.59765625
422,16,60,0,0,0.0859375
422,17,75,0.6875,0.3121185,0.000976563
422,18,90,1.25,0.586085,0.11328125
422,19,105,1.09375,0.51586775,0.31445312
422,20,120,0.59375,0.25206675,0.4189453
422,21,135,0.28125,0.21052625,0.6796875
422,22,150,0.75,0.91558525,1.6748047
422,23,165,2.375,2.76683575,3.743164
422,24,180,5.1875,5.8012375,6.649414
423,1,-165,1.125,0.84618375,0.7207031
423,2,-150,1.0625,0.9243075,0.7265625
423,3,-135,0.9375,0.8866575,0.7246094
423,4,-120,0.65625,0.654608,0.546875
423,5,-105,0.34375,0.29950575,0.21484375
423,6,-90,0.03125,0.012801,0
423,7,-75,0,0,0.080078125
423,8,-60,0.3125,0.3698485,0.421875
423,9,-45,0.875,0.93679475,0.84375
423,10,-30,1.5,1.499976,1.0351562
423,11,-15,1.9375,1.898313,1.2773438
423,12,0,2.0625,2.0226835,1.375
423,13,15,1.9375,1.89674425,1.2636719
423,14,30,1.5,1.5003525,1.0449219
423,15,45,0.875,0.93874,0.84375
423,16,60,0.3125,0.3690955,0.42773438
423,17,75,0,0.0003765,0.083984375
423,18,90,0.03125,0.0136795,0.009765625
423,19,105,0.34375,0.2998195,0.2109375
423,20,120,0.65625,0.65542375,0.5566406
423,21,135,0.9375,0.887034,0.72265625
423,22,150,1.0625,0.924433,0.7265625
423,23,165,1.125,0.84838,0.7128906
423,24,180,1.125,0.807969,0.7128906
424,1,-165,3.25,2.885998,3.241211
424,2,-150,2.1875,1.99250075,2.7148438
424,3,-135,1.21875,1.11086325,1.8701172
424,4,-120,0.5,0.45663175,1.0361328
424,5,-105,0.09375,0.05252175,0.38671875
424,6,-90,0,0.0008785,0.005859375
424,7,-75,0.28125,0.33690475,0.25097656
424,8,-60,0.9375,0.94645825,0.9921875
424,9,-45,1.84375,1.8469835,1.5439453
424,10,-30,1.90625,1.600376,1.7753906
424,11,-15,1.9375,1.301686,1.8105469
424,12,0,2.09375,1.201035,1.8652344
424,13,15,1.9375,1.301937,1.8105469
424,14,30,1.90625,1.60420375,1.78125
424,15,45,1.84375,1.8469835,1.5449219
424,16,60,0.96875,0.942254,0.9814453
424,17,75,0.28125,0.3367165,0.25
424,18,90,0,0,0
424,19,105,0.09375,0.053212,0.38378906
424,20,120,0.5,0.449792,1.0185547
424,21,135,1.21875,1.1090435,1.8662109
424,22,150,2.1875,1.9925635,2.7167969
424,23,165,3.25,2.888257,3.2480469
424,24,180,3.90625,3.45068525,3.4375
425,1,-165,3.09375,3.45281875,3.6015625
425,2,-150,7,7.9937225,8.019531
425,3,-135,4.03125,4.6872995,4.6777344
425,4,-120,2.59375,2.89403,2.9589844
425,5,-105,2.125,2.104384,2.15625
425,6,-90,1.65625,1.460067,1.2636719
425,7,-75,0.96875,0.72608025,0.7558594
425,8,-60,0.25,0.12430775,0.1015625
425,9,-45,0,0,0
425,10,-30,0.625,0.79560725,0.88671875
425,11,-15,2.4375,2.75968225,2.9453125
425,12,0,5.25,5.74557825,5.8710938
425,13,15,2.4375,2.7586155,2.9472656
425,14,30,0.625,0.79711325,0.89453125
425,15,45,0,6.28E-05,0.001953125
425,16,60,0.25,0.12443325,0.1015625
425,17,75,0.96875,0.7279,0.7519531
425,18,90,1.6875,1.46138475,1.265625
425,19,105,2.125,2.104635,2.1582031
425,20,120,2.59375,2.898548,2.9570312
425,21,135,4.0625,4.682405,4.6796875
425,22,150,7,8.001629,8.033203
425,23,165,3.09375,3.45520325,3.6035156
425,24,180,6.03125,6.6049395,6.470703
426,1,-165,0.28125,0.187999,0.34179688
426,2,-150,1.125,0.77552725,1.2851562
426,3,-135,2.46875,1.76045125,2.5898438
426,4,-120,4.125,3.0324565,3.9824219
426,5,-105,5.75,4.29178625,5.2578125
426,6,-90,6.78125,5.13138125,6.0498047
426,7,-75,6.71875,5.281542,6
426,8,-60,5.71875,4.76718025,5.4404297
426,9,-45,4.46875,3.990147,4.620117
426,10,-30,3.4375,3.33886475,3.8486328
426,11,-15,2.8125,2.98093875,3.3515625
426,12,0,2.625,2.86485125,3.1767578
426,13,15,2.8125,2.98081325,3.3515625
426,14,30,3.4375,3.3389275,3.8486328
426,15,45,4.46875,3.9900215,4.620117
426,16,60,5.71875,4.76755675,5.4453125
426,17,75,6.71875,5.2816675,6
426,18,90,6.78125,5.13150675,6.0478516
426,19,105,5.75,4.2919745,5.260742
426,20,120,4.125,3.032582,3.9824219
426,21,135,2.46875,1.76045125,2.5898438
426,22,150,1.125,0.77176225,1.2841797
426,23,165,0.28125,0.1878735,0.34179688
426,24,180,0,0,0
427,1,-165,0.40625,0.31193025,0.27734375
427,2,-150,1.53125,1.21327125,1.0722656
427,3,-135,2.8125,2.3708205,2.2226562
427,4,-120,4.875,3.758223,3.453125
427,5,-105,6.28125,4.70166925,4.580078
427,6,-90,6.8125,4.96948625,5.1523438
427,7,-75,6.09375,4.48191875,4.8632812
427,8,-60,4.59375,3.45068525,3.96875
427,9,-45,3,2.3233815,2.9238281
427,10,-30,1.71875,1.43515525,2.0039062
427,11,-15,0.96875,0.93089625,1.3535156
427,12,0,0.71875,0.7722015,1.1191406
427,13,15,0.96875,0.93077075,1.3535156
427,14,30,1.71875,1.43515525,2.0039062
427,15,45,3,2.322252,2.9257812
427,16,60,4.59375,3.4518775,3.9648438
427,17,75,6.09375,4.481856,4.8652344
427,18,90,6.8125,4.96948625,5.1503906
427,19,105,6.28125,4.700979,4.580078
427,20,120,4.875,3.76249,3.453125
427,21,135,3.125,2.464067,2.1855469
427,22,150,1.53125,1.21327125,1.0722656
427,23,165,0.40625,0.31255775,0.27734375
427,24,180,0,0,0
428,1,-165,0.1875,0.12568825,0.23339844
428,2,-150,0.8125,0.53532025,0.91308594
428,3,-135,1.8125,1.26886775,1.9638672
428,4,-120,3.0625,2.180186,3.022461
428,5,-105,4.1875,3.0485205,3.7714844
428,6,-90,4.875,3.5864135,4.088867
428,7,-75,4.75,3.5766245,3.9814453
428,8,-60,3.875,2.9832605,3.5791016
428,9,-45,2.625,2.04859925,2.9414062
428,10,-30,1.4375,1.0952385,2.0703125
428,11,-15,0.6875,0.45976925,1.4482422
428,12,0,0.375,0.2368185,1.2236328
428,13,15,0.6875,0.45976925,1.4472656
428,14,30,1.4375,1.09304225,2.0771484
428,15,45,2.625,2.0487875,2.9238281
428,16,60,3.875,2.97905625,3.5742188
428,17,75,4.75,3.576499,3.9814453
428,18,90,4.875,3.58647625,4.088867
428,19,105,4.1875,3.04965,3.772461
428,20,120,3.0625,2.17811525,3.0166016
428,21,135,1.8125,1.268805,1.96875
428,22,150,0.8125,0.5352575,0.9121094
428,23,165,0.1875,0.12568825,0.23242188
428,24,180,0,0,0
429,1,-165,0.8125,0.518817,0.9277344
429,2,-150,0.34375,0.1856145,0.6425781
429,3,-135,0,0.0061495,0
429,4,-120,0.15625,0.3605615,0.21875
429,5,-105,0.9375,1.32722525,0.9902344
429,6,-90,2.5,2.9707105,2.359375
429,7,-75,1.5,2.2259935,1.3554688
429,8,-60,0.40625,1.121217,0.45507812
429,9,-45,0.21875,0.783873,0.36523438
429,10,-30,0.5625,0.6916305,0.640625
429,11,-15,1,0.704808,0.7421875
429,12,0,1.5,1.06957375,0.875
429,13,15,0.90625,0.5919835,0.9238281
429,14,30,0.4375,0.22088,0.6738281
429,15,45,0.03125,0,0.025390625
429,16,60,0.15625,0.2993175,0.12109375
429,17,75,0.9375,1.277088,0.828125
429,18,90,2.5625,2.958286,2.09375
429,19,105,1.46875,2.26270225,1.5742188
429,20,120,0.40625,1.127492,0.47851562
429,21,135,0.1875,0.7955445,0.359375
429,22,150,0.5,0.71315375,0.6640625
429,23,165,0.9375,0.70029,0.7949219
429,24,180,1.4375,1.033367,0.8613281
430,1,-165,3.0625,3.4538855,3.5117188
430,2,-150,0.90625,1.295411,1.6347656
430,3,-135,1.84375,2.15778425,2.40625
430,4,-120,2.6875,2.8314055,2.9511719
430,5,-105,1.46875,1.853133,1.9492188
430,6,-90,0.5625,0.625241,0.6582031
430,7,-75,0.375,0,0
430,8,-60,1.1875,0.45299225,0.44921875
430,9,-45,2.8125,1.86536925,1.90625
430,10,-30,4.75,3.74347675,3.9414062
430,11,-15,6.375,5.296351,5.7929688
430,12,0,7.15625,5.92341175,6.5351562
430,13,15,6.375,5.29867275,5.8007812
430,14,30,4.75,3.74335125,3.9433594
430,15,45,2.8125,1.865683,1.90625
430,16,60,1.1875,0.45349425,0.44726562
430,17,75,0.375,0.0006275,0.001953125
430,18,90,0.625,0.638795,0.6660156
430,19,105,1.46875,1.85783925,1.9453125
430,20,120,2.6875,2.83385275,2.9492188
430,21,135,1.84375,2.15665475,2.4101562
430,22,150,0.90625,1.29509725,1.6289062
430,23,165,3.0625,3.4536345,3.5136719
430,24,180,0,0.38785775,1.0175781
431,1,-165,0.015625,0.000502,0
431,2,-150,0.421875,0.314754,0.14550781
431,3,-135,0.734375,0.669417,0.49121094
431,4,-120,1.125,0.96917375,0.89160156
431,5,-105,1.96875,1.77011475,1.8496094
431,6,-90,2.96875,2.782837,3.1425781
431,7,-75,3.640625,3.46461575,3.9414062
431,8,-60,3.75,3.60216375,4.0195312
431,9,-45,0.703125,0.65002725,0.46777344
431,10,-30,0.375,0.28168475,0.10546875
431,11,-15,0.984375,1.02389175,0.82910156
431,12,0,0.109375,0.238701,0.45898438
431,13,15,0,0.003012,0.008789063
431,14,30,0.375,0.28243775,0.107421875
431,15,45,0.703125,0.650592,0.4716797
431,16,60,1.03125,0.913138,0.85253906
431,17,75,1.921875,1.756498,1.8535156
431,18,90,3,2.8416965,3.2050781
431,19,105,3.65625,3.487645,3.9550781
431,20,120,3.765625,3.6037325,4.0195312
431,21,135,0.734375,0.66922875,0.48632812
431,22,150,0.421875,0.3148795,0.14257812
431,23,165,0.015625,0,0.000976563
431,24,180,0.109375,0.23863825,0.4560547
432,1,-165,0.5,1.08689275,1.2490234
432,2,-150,0.375,0.930206,1.1357422
432,3,-135,0.375,0.75657675,0.9638672
432,4,-120,0.15625,0.346882,0.020507812
432,5,-105,0.96875,1.17988825,0.9140625
432,6,-90,0.5625,0.760781,0.890625
432,7,-75,0,0,0
432,8,-60,0.25,0.30741225,0.19921875
432,9,-45,0.625,1.02338975,0.70996094
432,10,-30,0.78125,1.35972975,0.88183594
432,11,-15,0.90625,1.569503,1.0380859
432,12,0,0.5625,1.03744575,1.1103516
432,13,15,0.5,1.0909715,1.2470703
432,14,30,0.375,0.96151825,1.1630859
432,15,45,0.34375,0.78431225,1
432,16,60,0.3125,0.490454,0.13476562
432,17,75,0.09375,0.2237665,0.005859375
432,18,90,0.84375,1.16595775,1.1113281
432,19,105,0.0625,0.06657775,0.11328125
432,20,120,0.125,0.16635025,0.083984375
432,21,135,0.625,0.96440475,0.6904297
432,22,150,0.75,1.30651775,0.8457031
432,23,165,0.59375,0.80489425,0.9082031
432,24,180,0.5625,1.0327395,1.1083984
433,1,-165,3.5625,4.93968,5.0664062
433,2,-150,1.9375,3.0201575,3.2011719
433,3,-135,1.1875,1.9935675,2.2734375
433,4,-120,1.0625,1.5932225,1.9970703
433,5,-105,1.0625,1.3070825,1.6191406
433,6,-90,1.3125,1.6434225,1.5722656
433,7,-75,0.375,0.4925875,0.43066406
433,8,-60,0,0.0006275,0
433,9,-45,0.5,0.65511,0.76171875
433,10,-30,2.125,2.5106275,2.6972656
433,11,-15,4.5,5.335005,5.564453
433,12,0,7.5625,8.7906475,8.741211
433,13,15,4.5,5.332495,5.541992
433,14,30,2.0625,2.5583175,2.7392578
433,15,45,0.5,0.658875,0.76464844
433,16,60,0,0,0.000976563
433,17,75,0.375,0.4938425,0.4296875
433,18,90,1.3125,1.6434225,1.5625
433,19,105,1.0625,1.3083375,1.6220703
433,20,120,1.0625,1.592595,1.9960938
433,21,135,1.1875,1.9935675,2.2753906
433,22,150,1.9375,3.01953,3.203125
433,23,165,3.5625,4.920855,5.0595703
433,24,180,5.875,7.57267,7.198242
434,1,-165,3.84375,2.41254925,2.6933594
434,2,-150,4.28125,2.80360725,2.8828125
434,3,-135,5.53125,3.9478535,4.0654297
434,4,-120,7.5,5.765219,6.1083984
434,5,-105,10.90625,8.93578825,8.108398
434,6,-90,13.28125,11.0022085,10.353516
434,7,-75,10.0625,8.28707875,8.96582
434,8,-60,6.5,5.2726315,5.8847656
434,9,-45,3.5625,2.84188475,3.1777344
434,10,-30,1.53125,1.18490825,1.2919922
434,11,-15,0.375,0.27904925,0.28222656
434,12,0,0,0,0
434,13,15,0.375,0.2769785,0.28808594
434,14,30,1.53125,1.1833395,1.2910156
434,15,45,3.5625,2.83686475,3.1757812
434,16,60,6.5,5.27156475,5.8876953
434,17,75,10.0625,8.274466,8.947266
434,18,90,13.28125,11.00314975,10.360352
434,19,105,10.90625,8.937859,8.126953
434,20,120,7.5,5.76867025,5.9677734
434,21,135,5.53125,3.94678675,4.0585938
434,22,150,4.28125,2.781331,2.8515625
434,23,165,3.84375,2.40301125,2.6855469
434,24,180,3.96875,2.55499175,2.9638672
435,1,-165,4.5,3.8301345,2.5664062
435,2,-150,3.75,2.7975205,1.7441406
435,3,-135,3.65625,2.4107295,1.4707031
435,4,-120,4.03125,2.71801625,1.5996094
435,5,-105,4.5,3.371934,1.8710938
435,6,-90,4.625,3.7648745,2.4033203
435,7,-75,4.125,3.50414825,2.5009766
435,8,-60,2.96875,2.64303,2.0830078
435,9,-45,1.71875,1.57019325,1.3867188
435,10,-30,0.75,0.65780825,0.72753906
435,11,-15,0.1875,0.19345825,0.36523438
435,12,0,0,0,0
435,13,15,0.1875,0.19308175,0.35351562
435,14,30,0.75,0.6607575,0.72753906
435,15,45,1.75,1.60432925,1.4277344
435,16,60,2.96875,2.64303,2.0791016
435,17,75,4.125,3.505215,2.5019531
435,18,90,4.625,3.760231,2.399414
435,19,105,4.5,3.3685455,1.8740234
435,20,120,4.03125,2.72014975,1.6015625
435,21,135,3.65625,2.41267475,1.4716797
435,22,150,3.75,2.79080625,1.7412109
435,23,165,4.5,3.83069925,2.5664062
435,24,180,5.5,5.1368405,3.8017578
436,1,-165,0.15625,0.39902725,0.6230469
436,2,-150,0.03125,0,0
436,3,-135,0.5625,0.2521295,0.26464844
436,4,-120,1.59375,1.0420265,1.09375
436,5,-105,2.6875,2.00404675,2.0498047
436,6,-90,3.34375,2.75817625,2.8603516
436,7,-75,2.625,2.0573215,2.0957031
436,8,-60,1.5,1.0877085,1.1484375
436,9,-45,0.46875,0.2589065,0.2626953
436,10,-30,0,0.0254765,0.052734375
436,11,-15,0.21875,0.46742475,0.71777344
436,12,0,0.90625,1.2885085,1.6386719
436,13,15,0.21875,0.4674875,0.71777344
436,14,30,0,0.02340575,0.047851562
436,15,45,0.46875,0.257024,0.25976562
436,16,60,1.5,1.08764575,1.1494141
436,17,75,2.625,2.0540585,2.0996094
436,18,90,3.34375,2.7586155,2.859375
436,19,105,2.6875,2.00592925,2.0585938
436,20,120,1.59375,1.0440345,1.0986328
436,21,135,0.5625,0.2526315,0.25683594
436,22,150,0.03125,0.0021335,0.008789063
436,23,165,0.15625,0.39727025,0.62109375
436,24,180,0.84375,1.2189815,1.5683594
437,1,-165,3.0625,2.4779975,2.4707031
437,2,-150,0.65625,0.38459475,0.6816406
437,3,-135,0,0,0.16210938
437,4,-120,0.25,0.5919835,0.33007812
437,5,-105,0.4375,0.78443775,0.5136719
437,6,-90,0.03125,0.20412575,0
437,7,-75,0.03125,0.04160325,0.5078125
437,8,-60,0.78125,0.8000625,1.9160156
437,9,-45,2.375,2.4044545,3.9121094
437,10,-30,4.53125,4.4882565,6.1484375
437,11,-15,7.3125,7.09909575,8.921875
437,12,0,7.40625,7.117105,8.814453
437,13,15,3.84375,3.79957525,5.296875
437,14,30,1.71875,1.936967,3.4140625
437,15,45,0.96875,1.34404225,2.890625
437,16,60,0.875,1.271566,1.9863281
437,17,75,0.875,1.15039575,1.7304688
437,18,90,0.90625,1.40754525,2.5390625
437,19,105,0.96875,1.353643,2.8710938
437,20,120,1.21875,1.477135,3.0332031
437,21,135,2.21875,2.3060625,3.6972656
437,22,150,3.96875,3.8908765,4.876953
437,23,165,6.46875,6.117623,6.810547
437,24,180,6.78125,6.01678375,6.158203
438,1,-165,0.96875,1.747211,1.2597656
438,2,-150,0.15625,0.455314,0.25390625
438,3,-135,0,0,0.00390625
438,4,-120,0.625,0.37367625,0.39257812
438,5,-105,1.75,1.25330575,0.9628906
438,6,-90,2.875,2.15389375,1.6230469
438,7,-75,3.34375,2.47580125,1.8105469
438,8,-60,3.40625,2.5987285,1.8339844
438,9,-45,3.84375,3.1431475,2.3359375
438,10,-30,5.09375,4.505701,3.8105469
438,11,-15,7.4375,6.96023,6.3554688
438,12,0,10.65625,10.47454375,9.025391
438,13,15,7.4375,6.96656775,6.3535156
438,14,30,5.09375,4.503442,3.8007812
438,15,45,3.84375,3.14383775,2.3417969
438,16,60,3.40625,2.59778725,1.8320312
438,17,75,3.34375,2.4687105,1.8027344
438,18,90,2.875,2.150568,1.6152344
438,19,105,1.75,1.253243,0.95703125
438,20,120,0.625,0.3743665,0.39453125
438,21,135,0,0.00269825,0
438,22,150,0.15625,0.45525125,0.25976562
438,23,165,0.96875,1.746709,1.2597656
438,24,180,1.53125,2.69825,1.9160156
439,1,-165,0.34375,0.65856125,1.28125
439,2,-150,0,0.03005725,0.3203125
439,3,-135,0.25,0.02139775,0
439,4,-120,1.125,0.604157,0.47851562
439,5,-105,2.15625,1.349376,1.2255859
439,6,-90,2.625,1.755243,1.7539062
439,7,-75,2.09375,1.387277,1.1875
439,8,-60,1.03125,0.590101,0.46875
439,9,-45,0.1875,6.27E-05,0.014648438
439,10,-30,0,0.08264175,0.4189453
439,11,-15,0.375,0.7315395,1.3613281
439,12,0,0.71875,1.1921245,1.8847656
439,13,15,0.375,0.73084925,1.3515625
439,14,30,0,0.08226525,0.41992188
439,15,45,0.1875,0,0.015625
439,16,60,1.03125,0.592109,0.46777344
439,17,75,2.09375,1.390791,1.1835938
439,18,90,2.625,1.754741,1.7539062
439,19,105,2.15625,1.351886,1.2207031
439,20,120,1.125,0.60371775,0.48046875
439,21,135,0.25,0.02152325,0.002929688
439,22,150,0,0.02968075,0.32910156
439,23,165,0.34375,0.65906325,1.2802734
439,24,180,0.71875,1.19206175,1.8876953
440,1,-165,0.0625,0.00558475,0
440,2,-150,0.5,0.22370375,0.18359375
440,3,-135,1.46875,0.90843175,0.82128906
440,4,-120,2.84375,1.96827925,1.8564453
440,5,-105,4.125,2.9722165,2.8115234
440,6,-90,4.65625,3.374695,3.1621094
440,7,-75,4.09375,2.938708,2.8740234
440,8,-60,2.8125,1.939979,1.9130859
440,9,-45,1.46875,0.8936855,0.84765625
440,10,-30,0.5,0.21692675,0.1953125
440,11,-15,0.0625,0,0
440,12,0,0,0.00985175,0.03125
440,13,15,0.0625,0.00809475,0.008789063
440,14,30,0.5,0.2167385,0.1953125
440,15,45,1.46875,0.89374825,0.85058594
440,16,60,2.8125,1.94066925,1.9169922
440,17,75,4.09375,2.93877075,2.8740234
440,18,90,4.65625,3.3748205,3.165039
440,19,105,4.125,2.9722165,2.8115234
440,20,120,2.84375,1.9682165,1.8564453
440,21,135,1.46875,0.90843175,0.82421875
440,22,150,0.5,0.2217585,0.18359375
440,23,165,0.0625,0.0056475,0.004882813
440,24,180,0,0.009287,0.029296875
441,1,-165,3.4375,2.7741775,3.1982422
441,2,-150,2.8125,2.2094275,2.7734375
441,3,-135,2.15625,1.67398175,2.2636719
441,4,-120,1.53125,1.180704,1.5546875
441,5,-105,0.90625,0.72156225,0.6855469
441,6,-90,0.5,0.2679425,0.000976563
441,7,-75,0,0,0.55371094
441,8,-60,0.125,0.21542075,0.69628906
441,9,-45,0.75,0.72068375,1.1787109
441,10,-30,1.5625,0.98975575,1.5078125
441,11,-15,2,1.241948,1.546875
441,12,0,2.1875,1.30338025,1.9277344
441,13,15,2,1.2297745,1.5390625
441,14,30,1.5625,0.957565,1.4287109
441,15,45,0.75,0.69947425,1.1582031
441,16,60,0.125,0.21316175,0.6933594
441,17,75,0,6.27E-05,0.5546875
441,18,90,0.5,0.26737775,0
441,19,105,0.90625,0.73386125,0.6826172
441,20,120,1.5625,1.15629425,1.5634766
441,21,135,2.15625,1.667644,2.2822266
441,22,150,2.8125,2.20873725,2.7675781
441,23,165,3.4375,2.76332175,3.203125
441,24,180,3.78125,3.13756275,3.4589844
442,1,-165,1.75,1.63470025,1.4433594
442,2,-150,0.96875,0.92085625,0.9008789
442,3,-135,0.28125,0.2724605,0.29101562
442,4,-120,0,0,0
442,5,-105,0.203125,0.1748215,0.2475586
442,6,-90,0.828125,0.7518705,0.9433594
442,7,-75,1.625,1.48347275,1.5849609
442,8,-60,2.21875,2.007247,1.878418
442,9,-45,2.265625,1.97907225,1.7607422
442,10,-30,1.703125,1.361675,1.2729492
442,11,-15,1.046875,0.63358675,0.6328125
442,12,0,0.765625,0.32372725,0.36328125
442,13,15,1.046875,0.6336495,0.6333008
442,14,30,1.703125,1.361675,1.2709961
442,15,45,2.265625,1.97907225,1.7602539
442,16,60,2.21875,2.00718425,1.878418
442,17,75,1.625,1.48347275,1.5854492
442,18,90,0.828125,0.75193325,0.9433594
442,19,105,0.203125,0.17488425,0.24804688
442,20,120,0,6.27E-05,0.000976563
442,21,135,0.28125,0.272837,0.29638672
442,22,150,0.96875,0.92085625,0.89941406
442,23,165,1.75,1.63470025,1.4428711
442,24,180,2.109375,1.97580925,1.6743164
443,1,-165,0.28125,0.33226125,0.58203125
443,2,-150,1.25,1.26397325,1.5791016
443,3,-135,2.625,2.54030825,2.7480469
443,4,-120,4.0625,3.82705975,3.8955078
443,5,-105,5.125,4.77081975,4.7666016
443,6,-90,5.46875,5.09348025,5.098633
443,7,-75,4.9375,4.66358,4.7041016
443,8,-60,3.75,3.61483925,3.7832031
443,9,-45,2.3125,2.30775675,2.6240234
443,10,-30,1.03125,1.111428,1.4609375
443,11,-15,0.25,0.285638,0.5263672
443,12,0,0,0,0.010742188
443,13,15,0.25,0.2857635,0.5263672
443,14,30,1.03125,1.10998475,1.4609375
443,15,45,2.3125,2.3065645,2.6240234
443,16,60,3.75,3.615153,3.7851562
443,17,75,4.9375,4.6519085,4.6992188
443,18,90,5.46875,5.09360575,5.0966797
443,19,105,5.125,4.76015225,4.758789
443,20,120,4.0625,3.82693425,3.8955078
443,21,135,2.625,2.54030825,2.7490234
443,22,150,1.25,1.26497725,1.5810547
443,23,165,0.28125,0.33376725,0.5830078
443,24,180,0,0.00658875,0
444,1,-165,0.65625,0.96277325,1.0849609
444,2,-150,3.375,3.36785525,2.15625
444,3,-135,4,4.0570385,2.4892578
444,4,-120,2.25,2.860396,2.9667969
444,5,-105,1.0625,1.577033,1.8623047
444,6,-90,0.1875,0.489701,0.5878906
444,7,-75,0,0,0.001953125
444,8,-60,0.53125,0.25043525,0.25
444,9,-45,1.78125,1.3191305,1.3271484
444,10,-30,3.34375,2.89133175,2.9316406
444,11,-15,4.78125,4.35227725,4.522461
444,12,0,5.6875,5.210007,5.4228516
444,13,15,4.78125,4.3534695,4.522461
444,14,30,3.34375,2.89308875,2.9414062
444,15,45,1.78125,1.3186285,1.3125
444,16,60,0.53125,0.25156475,0.24316406
444,17,75,0,0.00081575,0
444,18,90,0.1875,0.49089325,0.5878906
444,19,105,1.0625,1.57847625,1.859375
444,20,120,2.25,2.85255225,2.9609375
444,21,135,2.09375,2.587559,2.2216797
444,22,150,1.3125,1.7142045,1.5703125
444,23,165,0.65625,0.96289875,1.0859375
444,24,180,0.4375,0.70298825,0.9863281
445,1,-165,0.5625,0.5114125,0.5595703
445,2,-150,2.03125,1.937971,2.0830078
445,3,-135,4.0625,4.01041525,4.1123047
445,4,-120,6.03125,5.8483,6.0566406
445,5,-105,7.78125,7.4091435,7.4316406
445,6,-90,8.9375,8.47269325,8.143555
445,7,-75,8.125,8.591981,8.03125
445,8,-60,7.40625,7.886922,7.5351562
445,9,-45,8.03125,7.70137025,6.513672
445,10,-30,6.75,6.34182875,5.0058594
445,11,-15,5.8125,5.37020775,4.0341797
445,12,0,5.5,5.0319225,3.6816406
445,13,15,5.8125,5.369141,4.03125
445,14,30,6.75,6.34157775,5.0078125
445,15,45,7.96875,7.74586,6.5126953
445,16,60,7.40625,7.8852905,7.53125
445,17,75,8.125,8.59329875,8.026367
445,18,90,8.9375,8.47281875,8.146484
445,19,105,7.78125,7.40983375,7.4316406
445,20,120,6.03125,5.84786075,6.0527344
445,21,135,4.0625,4.01028975,4.109375
445,22,150,2.03125,1.93778275,2.0810547
445,23,165,0.5625,0.51147525,0.5595703
445,24,180,0,0,0
446,1,-165,0.78125,0.480414,1.015625
446,2,-150,0.40625,0.52101325,0.9980469
446,3,-135,0.15625,0.63308475,0.71484375
446,4,-120,0.4375,1.00356075,0.9296875
446,5,-105,1.375,1.949015,1.9550781
446,6,-90,2.625,3.08974725,2.8457031
446,7,-75,1.25,1.460318,1.484375
446,8,-60,0.28125,0.428457,0.35742188
446,9,-45,0,0,0
446,10,-30,0.3125,0.10008625,0.453125
446,11,-15,0.78125,0.2910345,0.69140625
446,12,0,1.34375,0.85647475,1.15625
446,13,15,0.84375,0.49126975,0.9902344
446,14,30,0.375,0.47941,0.9433594
446,15,45,0.15625,0.618464,0.734375
446,16,60,0.4375,0.98310425,0.90234375
446,17,75,1.40625,1.9775035,1.8691406
446,18,90,2.75,3.19730075,2.8242188
446,19,105,1.1875,1.410871,1.5136719
446,20,120,0.28125,0.4220565,0.36328125
446,21,135,0,0.011295,0.01171875
446,22,150,0.25,0.08389675,0.43554688
446,23,165,0.6875,0.256271,0.7265625
446,24,180,1.28125,0.8033255,1.1816406
447,1,-165,0.09375,0.01060475,0.18261719
447,2,-150,0.46875,0.27804525,0.36816406
447,3,-135,1.375,1.053698,1.0898438
447,4,-120,2.8125,2.3048075,2.2392578
447,5,-105,4.34375,3.65449725,3.2060547
447,6,-90,5.09375,4.32956175,3.4345703
447,7,-75,4.25,3.68963725,3.1240234
447,8,-60,2.71875,2.362914,2.1640625
447,9,-45,1.3125,1.08802225,0.9892578
447,10,-30,0.375,0.28959125,0.22558594
447,11,-15,0.03125,0.033132,0.009765625
447,12,0,0,0.0279865,0
447,13,15,0.03125,0.033885,0.008789063
447,14,30,0.375,0.289403,0.2265625
447,15,45,1.3125,1.08676725,0.9921875
447,16,60,2.71875,2.373456,2.1767578
447,17,75,4.25,3.68963725,3.1230469
447,18,90,5.09375,4.33031475,3.4375
447,19,105,4.34375,3.6551875,3.209961
447,20,120,2.8125,2.3048075,2.241211
447,21,135,1.375,1.0545765,1.0898438
447,22,150,0.46875,0.27904925,0.36328125
447,23,165,0.09375,0.01060475,0.18261719
447,24,180,0.03125,0,0.20703125
448,1,-165,1.21875,1.692995,1.4111328
448,2,-150,0.625,1.07145625,0.8076172
448,3,-135,0.21875,0.5924855,0.2685547
448,4,-120,0.03125,0.262044,0.000976563
448,5,-105,0,0.06532275,0.140625
448,6,-90,0.15625,0,0.3564453
448,7,-75,0.40625,0.042419,0.62597656
448,8,-60,0.8125,0.286893,0.8095703
448,9,-45,1.5,0.91182025,1.1689453
448,10,-30,2.5,1.8279075,1.7470703
448,11,-15,3.5625,2.81465125,2.3398438
448,12,0,4.25,3.41366275,2.6767578
448,13,15,3.5625,2.80473675,2.3330078
448,14,30,2.5,1.82470725,1.7441406
448,15,45,1.5,0.90818075,1.1650391
448,16,60,0.8125,0.2920385,0.81152344
448,17,75,0.40625,0.04386225,0.62597656
448,18,90,0.15625,0.00056475,0.35546875
448,19,105,0,0.0683975,0.13867188
448,20,120,0.03125,0.26104,0
448,21,135,0.21875,0.5927365,0.26660156
448,22,150,0.625,1.072774,0.81152344
448,23,165,1.21875,1.68992025,1.4091797
448,24,180,1.90625,2.32520125,2.0273438
449,1,-165,0.625,0.90090175,0.9863281
449,2,-150,0,0.07209975,0.095703125
449,3,-135,0.125,0,0
449,4,-120,0.8125,0.5520745,0.44433594
449,5,-105,1.65625,1.3025645,0.89941406
449,6,-90,2.0625,1.66883625,1.0419922
449,7,-75,1.6875,1.311224,0.87109375
449,8,-60,0.84375,0.5796845,0.46777344
449,9,-45,0.15625,0.01255,0.008789063
449,10,-30,0,0.04963525,0.08105469
449,11,-15,0.5625,0.842105,0.95214844
449,12,0,1.21875,1.6896065,1.78125
449,13,15,0.5625,0.84216775,0.95214844
449,14,30,0,0.04963525,0.08105469
449,15,45,0.15625,0.01286375,0.008789063
449,16,60,0.84375,0.57974725,0.46777344
449,17,75,1.6875,1.31216525,0.875
449,18,90,2.0625,1.6692755,1.0380859
449,19,105,1.65625,1.304447,0.89746094
449,20,120,0.8125,0.55263925,0.4423828
449,21,135,0.125,0,0
449,22,150,0,0.0719115,0.09472656
449,23,165,0.625,0.90090175,0.98535156
449,24,180,1.21875,1.689732,1.7802734
450,1,-165,1.34375,2.17209125,1.8925781
450,2,-150,0.15625,0.570774,0.5214844
450,3,-135,0.03125,0,0
450,4,-120,0.78125,0.364452,0.13574219
450,5,-105,1.78125,1.059471,0.8310547
450,6,-90,2.1875,1.38294725,1.2363281
450,7,-75,1.71875,1.0252095,0.8701172
450,8,-60,0.71875,0.31218125,0.16601562
450,9,-45,0,0.002008,0.014648438
450,10,-30,0.21875,0.67951975,0.60058594
450,11,-15,1.40625,2.2930105,1.9794922
450,12,0,2.5,3.6270755,2.913086
450,13,15,1.40625,2.2930105,1.9794922
450,14,30,0.21875,0.67951975,0.60058594
450,15,45,0,0.00207075,0.015625
450,16,60,0.71875,0.31218125,0.16601562
450,17,75,1.71875,1.02527225,0.8671875
450,18,90,2.1875,1.382759,1.2373047
450,19,105,1.78125,1.05953375,0.8310547
450,20,120,0.78125,0.3635735,0.13183594
450,21,135,0.03125,0,0
450,22,150,0.15625,0.570774,0.5214844
450,23,165,1.34375,2.17711125,1.8847656
450,24,180,2.5,3.6265735,2.9169922
451,1,-165,4.5625,4.28312675,4.227539
451,2,-150,2,1.85758825,2.0126953
451,3,-135,0.9375,0.89688575,0.85253906
451,4,-120,0.125,0.14200325,0.04296875
451,5,-105,0,0.004016,0.004882813
451,6,-90,0.5,0.6251155,0.38476562
451,7,-75,0,0,0
451,8,-60,0.1875,0.14815275,0.02734375
451,9,-45,1.0625,0.888791,0.75683594
451,10,-30,2.1875,1.9694715,2.1103516
451,11,-15,4.6875,4.3115525,4.290039
451,12,0,5,4.4859975,4.595703
451,13,15,4.6875,4.31174075,4.290039
451,14,30,2.1875,1.9621925,2.1054688
451,15,45,1.0625,0.88885375,0.75683594
451,16,60,0.1875,0.14802725,0.02734375
451,17,75,0,6.27E-05,0
451,18,90,0.5,0.6379165,0.39746094
451,19,105,0,0.0041415,0.00390625
451,20,120,0.125,0.1419405,0.041992188
451,21,135,0.9375,0.89387375,0.85253906
451,22,150,2,1.85796475,2.0107422
451,23,165,4.5625,4.288335,4.2304688
451,24,180,5,4.4859975,4.598633
452,1,-165,0.15625,0.4481605,0.08496094
452,2,-150,0,0.00018825,0.18554688
452,3,-135,0.3125,0.03884225,0.4638672
452,4,-120,1.1875,0.59857225,1.1367188
452,5,-105,2.25,1.38796725,2.272461
452,6,-90,2.84375,1.80487825,3.1914062
452,7,-75,2.28125,1.37516625,2.2773438
452,8,-60,1.21875,0.599137,1.1806641
452,9,-45,0.3125,0.041917,0.48046875
452,10,-30,0,0,0.18847656
452,11,-15,0.15625,0.44257575,0.09765625
452,12,0,0.375,0.784626,0
452,13,15,0.15625,0.44257575,0.09765625
452,14,30,0,0,0.18847656
452,15,45,0.3125,0.041917,0.47851562
452,16,60,1.21875,0.599137,1.1787109
452,17,75,2.28125,1.37529175,2.2851562
452,18,90,2.84375,1.8083295,3.1933594
452,19,105,2.25,1.386524,2.2714844
452,20,120,1.1875,0.598635,1.1376953
452,21,135,0.3125,0.03896775,0.4638672
452,22,150,0,0.00018825,0.18554688
452,23,165,0.15625,0.44809775,0.0859375
452,24,180,0.375,0.78443775,0
453,1,-165,0.0625,0.82635475,1.3730469
453,2,-150,0.75,1.5503015,1.7285156
453,3,-135,1.6875,2.43087225,2.4580078
453,4,-120,1.9375,2.45296025,2.7617188
453,5,-105,1.09375,1.64072425,1.7675781
453,6,-90,0.25,0.5222055,0.5878906
453,7,-75,0.09375,0,0
453,8,-60,0.875,0.459832,0.47753906
453,9,-45,2.46875,1.81717725,1.9599609
453,10,-30,4.40625,3.67206725,4.111328
453,11,-15,6.0625,5.29817075,6.0566406
453,12,0,6.90625,6.12182725,7.0273438
453,13,15,6.0625,5.297857,6.057617
453,14,30,4.40625,3.6720045,4.111328
453,15,45,2.46875,1.81843225,1.9638672
453,16,60,0.875,0.45964375,0.47851562
453,17,75,0.09375,0,0.00390625
453,18,90,0.25,0.503757,0.5761719
453,19,105,1.09375,1.64310875,1.7705078
453,20,120,1.9375,2.4533995,2.7636719
453,21,135,1.6875,2.430935,2.4570312
453,22,150,0.75,1.5530625,1.7431641
453,23,165,0.0625,0.826543,1.3730469
453,24,180,0,0.7009175,1.8095703
454,1,-165,0.40625,0.1241195,0.375
454,2,-150,0.90625,0.2712055,0.5859375
454,3,-135,2.375,1.401584,1.6425781
454,4,-120,6.46875,4.7186745,4.7333984
454,5,-105,6.21875,4.497418,4.408203
454,6,-90,5.03125,3.5728595,3.3095703
454,7,-75,3.25,2.0907045,1.9101562
454,8,-60,1.65625,0.81029075,0.78515625
454,9,-45,0.65625,0.2064475,0.16894531
454,10,-30,0.21875,0.11100475,0
454,11,-15,0.03125,0.080571,0.032226562
454,12,0,0.03125,0.13208875,0.23828125
454,13,15,0.34375,0.231924,0.35546875
454,14,30,0.5,0.119225,0.31933594
454,15,45,1.0625,0.4710015,0.6796875
454,16,60,2.46875,1.62397,1.7148438
454,17,75,9.46875,7.3935815,7.2285156
454,18,90,7.75,5.9021395,5.9628906
454,19,105,5.28125,3.739649,3.9404297
454,20,120,2.90625,1.78291575,2.0126953
454,21,135,1.15625,0.4935915,0.66503906
454,22,150,0.21875,0,0.10058594
454,23,165,0,0.102157,0.099609375
454,24,180,0.375,0.342364,0.4189453
455,1,-165,12.78125,13.840642,13.25
455,2,-150,6.8125,7.429098,7.265625
455,3,-135,2.75,3.072491,2.9140625
455,4,-120,0.71875,0.80715325,0.8046875
455,5,-105,0.03125,0.007781,0.005859375
455,6,-90,0,0.00395325,0.20703125
455,7,-75,0.40625,0.4890735,0.7636719
455,8,-60,1.40625,1.689481,2.0703125
455,9,-45,3.59375,4.31061125,4.607422
455,10,-30,7.46875,8.74716175,9.193359
455,11,-15,12.15625,13.76189075,14.306641
455,12,0,15.6875,16.88295025,16.675781
455,13,15,10.59375,11.72728475,12.019531
455,14,30,5.84375,6.65005675,6.8789062
455,15,45,2.375,2.828017,2.8984375
455,16,60,0.59375,0.7305355,0.8300781
455,17,75,0,0,0
455,18,90,0,0.01248725,0.21875
455,19,105,0.46875,0.54448175,0.8144531
455,20,120,1.59375,1.90490175,2.140625
455,21,135,4.21875,4.88615425,4.796875
455,22,150,8.84375,10.20923675,9.996094
455,23,165,16.09375,16.77790675,15.005859
455,24,180,18.03125,19.22452925,17.861328
456,1,-165,0.5,0.30414925,0.20019531
456,2,-150,1.9375,1.156357,0.54785156
456,3,-135,4,2.513263,1.2109375
456,4,-120,6.4375,4.20908175,2.9355469
456,5,-105,8.875,5.957736,5.6152344
456,6,-90,10.375,7.10662575,7.888672
456,7,-75,10.4375,7.3328395,7.5527344
456,8,-60,9.375,6.80642975,5.904297
456,9,-45,8.375,6.5768275,4.9921875
456,10,-30,8.1875,7.094515,4.8320312
456,11,-15,8.625,8.06494375,4.788086
456,12,0,9,8.688616,4.7490234
456,13,15,8.625,8.06833225,4.788086
456,14,30,8.1875,7.0883655,4.8203125
456,15,45,8.375,6.5778315,4.986328
456,16,60,9.375,6.8029785,5.9003906
456,17,75,10.4375,7.335475,7.5527344
456,18,90,10.375,7.11177125,7.9003906
456,19,105,8.875,5.95779875,5.616211
456,20,120,6.4375,4.19879075,2.9355469
456,21,135,4,2.51771825,1.2167969
456,22,150,1.9375,1.156357,0.54785156
456,23,165,0.5,0.302455,0.203125
456,24,180,0,0,0
457,1,-165,6.90625,5.25424575,5.3588867
457,2,-150,7.65625,5.8790475,6.5356445
457,3,-135,8.53125,6.5800905,7.621582
457,4,-120,5.125,4.17733025,4.284668
457,5,-105,2.96875,2.462812,2.4155273
457,6,-90,1.0625,0.855157,0.70214844
457,7,-75,0,0,0
457,8,-60,0.5625,0.512793,0.9970703
457,9,-45,2.5,2.409349,3.411621
457,10,-30,7.21875,6.1471155,6.3774414
457,11,-15,6.375,6.2525355,6.591797
457,12,0,6.28125,6.4159365,7.052246
457,13,15,6.375,6.2575555,6.5996094
457,14,30,7.21875,6.14868425,6.3706055
457,15,45,2.5,2.409851,3.4375
457,16,60,0.5625,0.51222825,0.984375
457,17,75,0,0,0.000976563
457,18,90,1.0625,0.8555335,0.7036133
457,19,105,2.96875,2.473856,2.4379883
457,20,120,5.125,4.173879,4.290039
457,21,135,8.53125,6.58128275,7.6274414
457,22,150,7.65625,5.88889925,6.546875
457,23,165,6.90625,5.27106275,5.36084
457,24,180,6.75,5.17417675,4.9506836
458,1,-165,2.0625,2.0384965,2.319336
458,2,-150,0.5625,0.4885715,0.6484375
458,3,-135,0,0.001757,0.000976563
458,4,-120,0.3125,0.36213025,0.19824219
458,5,-105,0.9375,1.061228,0.921875
458,6,-90,1.3125,1.43164125,1.2714844
458,7,-75,0.9375,1.09806225,0.9794922
458,8,-60,0.3125,0.3716055,0.23632812
458,9,-45,0,0,0.008789063
458,10,-30,0.6875,0.615452,0.7470703
458,11,-15,2.25,2.30210925,2.5371094
458,12,0,4.125,4.424377,4.442383
458,13,15,2.25,2.30198375,2.5371094
458,14,30,0.6875,0.615703,0.74902344
458,15,45,0,0.00056475,0.0078125
458,16,60,0.3125,0.37154275,0.23730469
458,17,75,0.9375,1.097121,0.9785156
458,18,90,1.3125,1.43126475,1.2705078
458,19,105,0.9375,1.06116525,0.921875
458,20,120,0.3125,0.36213025,0.19726562
458,21,135,0,0.001757,0
458,22,150,0.5625,0.488446,0.6484375
458,23,165,2.0625,2.03868475,2.319336
458,24,180,4.0625,4.3087915,4.4716797
459,1,-165,1.78125,0.5212015,1.3417969
459,2,-150,1.875,0.757016,1.3769531
459,3,-135,2.125,1.144058,1.5634766
459,4,-120,1.65625,1.1881085,0.6464844
459,5,-105,1,0.89487775,0.36328125
459,6,-90,0.34375,0.423688,0.12597656
459,7,-75,0,0,0
459,8,-60,0.09375,0.01035375,0.15332031
459,9,-45,0.875,0.6720525,0.7363281
459,10,-30,2.0625,1.78366875,1.71875
459,11,-15,3.25,2.874452,2.6894531
459,12,0,3.875,3.38831175,3.0292969
459,13,15,3.25,2.87175375,2.6855469
459,14,30,2.0625,1.7852375,1.7216797
459,15,45,0.875,0.66998175,0.7373047
459,16,60,0.09375,0.00859675,0.15234375
459,17,75,0,0.00043925,0
459,18,90,0.34375,0.423688,0.12597656
459,19,105,1,0.89713675,0.3671875
459,20,120,1.65625,1.18716725,0.64941406
459,21,135,2.125,1.1481995,1.5605469
459,22,150,1.875,0.76009075,1.375
459,23,165,1.78125,0.52000925,1.3378906
459,24,180,2.09375,0.809224,1.4052734
460,1,-165,0.71875,0.7021725,0
460,2,-150,1.1875,0.794666,0.13183594
460,3,-135,2.0625,1.19519925,0.6894531
460,4,-120,3.15625,1.76170625,1.3935547
460,5,-105,4,2.1125415,1.8105469
460,6,-90,4.09375,1.9775035,1.7373047
460,7,-75,3.28125,1.40666675,1.3037109
460,8,-60,2.03125,0.66515,0.73828125
460,9,-45,0.96875,0.146835,0.27246094
460,10,-30,0.34375,0,0.1796875
460,11,-15,0.0625,0.10196875,0.2607422
460,12,0,0,0.18825,0.29785156
460,13,15,0.0625,0.1020315,0.25390625
460,14,30,0.34375,0.00043925,0.18261719
460,15,45,0.96875,0.146333,0.27246094
460,16,60,2.03125,0.664648,0.73828125
460,17,75,3.28125,1.4007055,1.2958984
460,18,90,4.09375,1.9775035,1.7373047
460,19,105,4,2.112918,1.8115234
460,20,120,3.15625,1.7601375,1.3945312
460,21,135,2.0625,1.195262,0.6894531
460,22,150,1.1875,0.79497975,0.13183594
460,23,165,0.71875,0.702047,0
460,24,180,0.59375,0.730159,0.025390625
461,1,-165,0.84375,1.1268645,1.3525391
461,2,-150,0.15625,0.19044625,0.36523438
461,3,-135,0.03125,0.003765,0.002929688
461,4,-120,0.5,0.325296,0.13964844
461,5,-105,0.5625,0.691756,0.72558594
461,6,-90,1.28125,0.998227,0.43066406
461,7,-75,0.4375,0.653353,0.6855469
461,8,-60,0.40625,0.29812525,0.103515625
461,9,-45,0,0.00018825,0.009765625
461,10,-30,0.1875,0.269825,0.51171875
461,11,-15,0.96875,1.259518,1.5546875
461,12,0,1.75,2.5967205,2.8671875
461,13,15,0.96875,1.25769825,1.5585938
461,14,30,0.1875,0.27089175,0.515625
461,15,45,0,0,0.012695313
461,16,60,0.40625,0.29812525,0.10546875
461,17,75,0.4375,0.6544825,0.69140625
461,18,90,1.21875,1.007263,0.51953125
461,19,105,0.59375,0.6825945,0.6982422
461,20,120,0.5,0.3276805,0.14355469
461,21,135,0.03125,0.00207075,0
461,22,150,0.09375,0.198541,0.36523438
461,23,165,0.875,1.13621425,1.2792969
461,24,180,1.75,2.52010275,2.7792969
462,1,-165,0.09375,0.02930425,0.051757812
462,2,-150,0.5,0.276853,0.33398438
462,3,-135,1.40625,0.9253115,0.9121094
462,4,-120,2.75,1.9157575,1.7451172
462,5,-105,4.09375,2.89622625,2.5
462,6,-90,4.71875,3.30134025,2.6669922
462,7,-75,4.09375,2.91379625,2.4580078
462,8,-60,2.78125,1.967338,1.7050781
462,9,-45,1.46875,0.9760135,0.9042969
462,10,-30,0.53125,0.301451,0.32910156
462,11,-15,0.09375,0.03796375,0.055664062
462,12,0,0,0.003514,0.000976563
462,13,15,0.09375,0.03796375,0.055664062
462,14,30,0.53125,0.298941,0.32714844
462,15,45,1.46875,0.978649,0.90722656
462,16,60,2.78125,1.9722325,1.7080078
462,17,75,4.09375,2.9139845,2.4580078
462,18,90,4.71875,3.30134025,2.6660156
462,19,105,4.09375,2.89584975,2.4990234
462,20,120,2.75,1.91807925,1.7519531
462,21,135,1.40625,0.92600175,0.9091797
462,22,150,0.5,0.278359,0.3330078
462,23,165,0.09375,0.02930425,0.051757812
462,24,180,0,0,0
463,1,-165,3.34375,4.127695,4.3095703
463,2,-150,1.03125,1.47086,1.6103516
463,3,-135,0.03125,0.1780845,0.20605469
463,4,-120,0.125,0.00043925,0
463,5,-105,0.625,0.3357125,0.15039062
463,6,-90,0.9375,0.56180075,0.3232422
463,7,-75,0.65625,0.35748675,0.16113281
463,8,-60,0.15625,0.0186995,0.018554688
463,9,-45,0,0.12681775,0.14746094
463,10,-30,0.90625,1.308965,1.3984375
463,11,-15,3.0625,3.8268715,3.984375
463,12,0,5.75,6.811889,6.229492
463,13,15,3.0625,3.8268715,3.984375
463,14,30,0.90625,1.308965,1.3994141
463,15,45,0,0.1246215,0.14746094
463,16,60,0.15625,0.018574,0.017578125
463,17,75,0.65625,0.35723575,0.16113281
463,18,90,0.9375,0.56180075,0.32617188
463,19,105,0.625,0.33590075,0.15039062
463,20,120,0.125,0,0
463,21,135,0.03125,0.17852375,0.20703125
463,22,150,1.03125,1.47086,1.609375
463,23,165,3.34375,4.12838525,4.307617
463,24,180,5.75,6.81170075,6.225586
464,1,-165,0.375,0.31544425,0.28125
464,2,-150,1.5625,1.265291,1.1699219
464,3,-135,3.4375,2.84226125,2.6835938
464,4,-120,5.875,4.921859,4.6591797
464,5,-105,8.4375,7.2131125,6.625
464,6,-90,10.3125,8.8933065,7.861328
464,7,-75,8.375,7.23338075,6.6884766
464,8,-60,5.75,4.8931195,4.7041016
464,9,-45,3.3125,2.77813075,2.678711
464,10,-30,1.46875,1.21565575,1.1494141
464,11,-15,0.375,0.2993175,0.2783203
464,12,0,0,0.000753,0.005859375
464,13,15,0.375,0.2993175,0.2783203
464,14,30,1.46875,1.21565575,1.1494141
464,15,45,3.3125,2.7781935,2.6816406
464,16,60,5.75,4.89293125,4.6953125
464,17,75,8.375,7.23802425,6.689453
464,18,90,10.3125,8.896444,7.8632812
464,19,105,8.4375,7.21405375,6.618164
464,20,120,5.875,4.921859,4.6591797
464,21,135,3.4375,2.8427005,2.6845703
464,22,150,1.5625,1.26485175,1.171875
464,23,165,0.375,0.315507,0.28808594
464,24,180,0,0,0
465,1,-165,0.5625,1.429947,1.9902344
465,2,-150,0.4375,1.582053,1.9931641
465,3,-135,0.4375,1.48341,0.91015625
465,4,-120,0.84375,1.69230475,1.5615234
465,5,-105,0.40625,0.7458465,0.65234375
465,6,-90,0,0.1238685,0.028320312
465,7,-75,0,0,0.0390625
465,8,-60,0.21875,0.04185425,0.48339844
465,9,-45,1.03125,1.335571,1.1865234
465,10,-30,2.28125,2.57024,2.4013672
465,11,-15,3.6875,3.999183,3.8291016
465,12,0,4.71875,5.012972,4.8691406
465,13,15,3.6875,3.99843,3.8291016
465,14,30,2.28125,2.573001,2.4091797
465,15,45,1.03125,1.301184,1.1386719
465,16,60,0.21875,0.04436425,0.47460938
465,17,75,0,0.0041415,0.04296875
465,18,90,0,0.1278845,0
465,19,105,0.40625,0.744968,0.6513672
465,20,120,0.84375,1.692493,1.5615234
465,21,135,0.4375,1.476884,0.9160156
465,22,150,0.4375,1.5836845,1.9873047
465,23,165,0.5625,1.427688,1.9824219
465,24,180,0.125,1.06317325,1.8095703
466,1,-165,1.3125,1.3482465,2.53125
466,2,-150,1.71875,1.584814,2.6914062
466,3,-135,2.1875,1.7571255,2.6240234
466,4,-120,1.90625,1.8753465,2.125
466,5,-105,1.375,1.25631775,1.2197266
466,6,-90,1.9375,1.057212,1.2666016
466,7,-75,1.8125,0.44885075,0.7089844
466,8,-60,1.15625,0.0681465,0
466,9,-45,2.21875,1.0051295,1.3476562
466,10,-30,3.6875,2.37289125,3.2011719
466,11,-15,4.90625,3.53916275,4.9677734
466,12,0,5.40625,3.9189885,5.754883
466,13,15,5.15625,3.47992675,5.142578
466,14,30,4.3125,2.5819115,3.743164
466,15,45,2.21875,1.01372625,1.3701172
466,16,60,2.1875,0.97130725,1.4130859
466,17,75,1.625,0.83313175,1.3369141
466,18,90,0.625,0.25696125,0.27539062
466,19,105,1.375,1.26472625,1.2158203
466,20,120,1.90625,1.87641325,2.1132812
466,21,135,2.1875,1.75681175,2.6171875
466,22,150,1.71875,1.58412375,2.6904297
466,23,165,1.3125,1.35470975,2.5117188
466,24,180,0,0,0.5107422
467,1,-165,0,0,0.000976563
467,2,-150,0.09375,0.321029,0.046875
467,3,-135,0.34375,0.63270825,0.41992188
467,4,-120,0.90625,1.186979,0.6777344
467,5,-105,1.1875,1.90439975,1.8964844
467,6,-90,0.53125,1.42135025,1.1582031
467,7,-75,0.1875,0.80589825,0.4140625
467,8,-60,0.375,0.07661775,0.41308594
467,9,-45,0.875,0.29875275,0.7753906
467,10,-30,2.0625,1.5292175,2.2158203
467,11,-15,3.34375,2.8828605,3.7480469
467,12,0,4.25,3.7452965,4.6708984
467,13,15,3.34375,2.88304875,3.7451172
467,14,30,2.0625,1.52827625,2.2197266
467,15,45,0.875,0.29900375,0.7783203
467,16,60,0.375,0.075049,0.41015625
467,17,75,0.1875,0.806714,0.4189453
467,18,90,0.53125,1.43151575,1.1738281
467,19,105,1.1875,1.90414875,1.8964844
467,20,120,0.90625,1.186477,0.67578125
467,21,135,0.34375,0.63295925,0.42382812
467,22,150,0.09375,0.32109175,0.052734375
467,23,165,0,6.27E-05,0
467,24,180,0.15625,0.026104,0.12988281
468,1,-165,0.125,0.199294,0.25195312
468,2,-150,0,0,0
468,3,-135,0.40625,0.27340175,0.27539062
468,4,-120,1.25,0.97507225,0.9082031
468,5,-105,2.1875,1.73535125,1.4462891
468,6,-90,2.59375,2.06729875,1.5576172
468,7,-75,2.1875,1.735163,1.4453125
468,8,-60,1.28125,0.9830415,0.9091797
468,9,-45,0.40625,0.27315075,0.2783203
468,10,-30,0,0.00031375,0.002929688
468,11,-15,0.125,0.19571725,0.24804688
468,12,0,0.28125,0.4074985,0.5058594
468,13,15,0.125,0.195529,0.24804688
468,14,30,0,0.00031375,0.002929688
468,15,45,0.40625,0.2732135,0.27441406
468,16,60,1.28125,0.9837945,0.9111328
468,17,75,2.1875,1.73723375,1.4384766
468,18,90,2.59375,2.0673615,1.5556641
468,19,105,2.1875,1.73535125,1.4462891
468,20,120,1.25,0.97507225,0.9082031
468,21,135,0.40625,0.2659345,0.26660156
468,22,150,0,0,0
468,23,165,0.125,0.199294,0.25195312
468,24,180,0.28125,0.404361,0.50390625
469,1,-165,0.0625,0.01123225,0.000976563
469,2,-150,0.40625,0.202306,0.111328125
469,3,-135,1.125,0.823531,0.7011719
469,4,-120,2.25,1.8053175,1.6259766
469,5,-105,3.375,2.791622,2.4804688
469,6,-90,3.84375,3.25766625,2.8183594
469,7,-75,3.375,2.78315075,2.4365234
469,8,-60,2.21875,1.80469,1.6044922
469,9,-45,1.09375,0.81342825,0.6826172
469,10,-30,0.375,0.19722325,0.10546875
469,11,-15,0.0625,0.0111695,0
469,12,0,0,0.0001255,0.037109375
469,13,15,0.0625,0.0111695,0
469,14,30,0.375,0.197537,0.103515625
469,15,45,1.09375,0.8153735,0.6845703
469,16,60,2.21875,1.80387425,1.6025391
469,17,75,3.375,2.78315075,2.4365234
469,18,90,3.84375,3.25766625,2.8183594
469,19,105,3.375,2.791622,2.4804688
469,20,120,2.25,1.80525475,1.6259766
469,21,135,1.125,0.82321725,0.703125
469,22,150,0.40625,0.20236875,0.111328125
469,23,165,0.0625,0.011295,0.000976563
469,24,180,0,0,0.03515625
470,1,-165,0.4375,0.03746175,1.0986328
470,2,-150,0.34375,0.0867205,0.69628906
470,3,-135,0.34375,0.17500975,0.48632812
470,4,-120,0.3125,0.19860375,0.19824219
470,5,-105,0.125,0.0909875,0.005859375
470,6,-90,0,0,0.23828125
470,7,-75,0.15625,0.18417125,1.0136719
470,8,-60,0.6875,0.644066,2.0029297
470,9,-45,1.46875,1.368703,2.7529297
470,10,-30,2.375,2.288367,3.5410156
470,11,-15,3.15625,3.0618235,4.345703
470,12,0,3.46875,3.39170025,4.6865234
470,13,15,3.15625,3.06201175,4.345703
470,14,30,2.375,2.28805325,3.5419922
470,15,45,1.46875,1.36813825,2.7470703
470,16,60,0.6875,0.644568,2.0039062
470,17,75,0.15625,0.18655575,1.0166016
470,18,90,0,0.004016,0.24414062
470,19,105,0.125,0.090611,0
470,20,120,0.3125,0.20073725,0.20898438
470,21,135,0.34375,0.177708,0.48632812
470,22,150,0.34375,0.08828925,0.69628906
470,23,165,0.4375,0.03765,1.1015625
470,24,180,0.53125,0.03131225,1.3896484
471,1,-165,0.46875,0.2761,0.07421875
471,2,-150,1.0625,0.74189325,0.45410156
471,3,-135,1.96875,1.43013525,1.1767578
471,4,-120,1.625,0.83463775,1.3613281
471,5,-105,3.40625,2.0964775,2.444336
471,6,-90,4.65625,3.02084775,2.9951172
471,7,-75,3.28125,2.1293585,2.4707031
471,8,-60,1.5625,0.7553845,1.2226562
471,9,-45,1.8125,1.52551525,1.1787109
471,10,-30,1,0.68441425,0.37402344
471,11,-15,0.4375,0.2850105,0.10449219
471,12,0,0,0,0
471,13,15,0.4375,0.28532425,0.10449219
471,14,30,0.96875,0.76084375,0.4453125
471,15,45,1.8125,1.52250325,1.1757812
471,16,60,1.53125,0.80677675,1.2900391
471,17,75,3.28125,2.13506875,2.4814453
471,18,90,4.65625,3.0199065,2.9921875
471,19,105,3.40625,2.0954735,2.444336
471,20,120,1.625,0.8447405,1.3828125
471,21,135,1.96875,1.454545,1.1953125
471,22,150,1.09375,0.56995825,0.2861328
471,23,165,0.46875,0.2817475,0.0859375
471,24,180,0,0.013052,0.01171875
472,1,-165,0.1875,0.0402855,0.26757812
472,2,-150,0.75,0.2230135,0.54296875
472,3,-135,1.84375,0.84794075,0.9824219
472,4,-120,3.34375,1.84579125,1.6835938
472,5,-105,4.65625,2.8015365,2.65625
472,6,-90,5.21875,3.197991,3.1640625
472,7,-75,4.6875,2.80900375,2.5761719
472,8,-60,3.34375,1.870452,1.5273438
472,9,-45,1.90625,0.9110045,0.83203125
472,10,-30,0.84375,0.3507725,0.41796875
472,11,-15,0.3125,0.21404025,0.1328125
472,12,0,0.15625,0.215358,0
472,13,15,0.28125,0.1682955,0.11328125
472,14,30,0.8125,0.28218675,0.36523438
472,15,45,1.84375,0.8269195,0.7578125
472,16,60,3.28125,1.77613875,1.4785156
472,17,75,4.59375,2.69279075,2.53125
472,18,90,5.125,3.0826565,3.1367188
472,19,105,4.5625,2.67145575,2.6503906
472,20,120,3.21875,1.72939,1.6816406
472,21,135,1.78125,0.74101475,0.97265625
472,22,150,0.6875,0.14049725,0.51953125
472,23,165,0.15625,0,0.2578125
472,24,180,0,0.04072475,0.14453125
473,1,-165,0.28125,0.780861,1.0722656
473,2,-150,0.03125,0.61978175,0.9082031
473,3,-135,0,0.52565675,0.6777344
473,4,-120,0.03125,0.446278,0.40820312
473,5,-105,0.0625,0.2659345,0.2890625
473,6,-90,0.09375,0.02302925,0.016601562
473,7,-75,0.3125,0,0
473,8,-60,1.09375,0.57999825,0.82714844
473,9,-45,2.4375,1.9127455,2.2207031
473,10,-30,4.125,3.762239,3.8710938
473,11,-15,5.75,5.52043125,5.2978516
473,12,0,6.46875,6.2871735,5.951172
473,13,15,5.65625,5.41827425,5.338867
473,14,30,4.09375,3.7463005,3.9023438
473,15,45,2.46875,1.9827745,2.2470703
473,16,60,1.21875,0.74641125,0.9199219
473,17,75,0.46875,0.22445675,0.16699219
473,18,90,0.25,0.262546,0.14941406
473,19,105,0.25,0.50068225,0.44335938
473,20,120,0.1875,0.6647735,0.6015625
473,21,135,0.125,0.701796,0.8808594
473,22,150,0.125,0.7506155,1.1083984
473,23,165,0.3125,0.8525215,1.2226562
473,24,180,0.5,0.8861555,1.2851562
474,1,-165,0.21875,0.12418225,0.103515625
474,2,-150,0.90625,0.488195,0.34277344
474,3,-135,1.9375,1.08049225,0.72753906
474,4,-120,3.0625,1.745956,1.1269531
474,5,-105,3.90625,2.229633,1.4287109
474,6,-90,4.125,2.29985025,1.3554688
474,7,-75,3.5625,1.86311025,0.84375
474,8,-60,2.5625,1.21302025,0.3359375
474,9,-45,1.6875,0.7548825,0.18847656
474,10,-30,1.21875,0.7167305,0.38867188
474,11,-15,1.125,0.95285875,0.7402344
474,12,0,1.34375,1.39863475,1.3925781
474,13,15,1.125,0.95260775,0.7451172
474,14,30,1.21875,0.711334,0.40429688
474,15,45,1.6875,0.75419225,0.18847656
474,16,60,2.5625,1.2152165,0.33984375
474,17,75,3.5625,1.86373775,0.8486328
474,18,90,4.125,2.30148175,1.3681641
474,19,105,3.90625,2.2292565,1.4267578
474,20,120,3.0625,1.74689725,1.1298828
474,21,135,1.9375,1.081057,0.7314453
474,22,150,0.9375,0.48813225,0.3466797
474,23,165,0.21875,0.12255075,0.10253906
474,24,180,0,0,0
475,1,-165,0.625,0.587089,0.5449219
475,2,-150,2.3125,2.19505775,1.9931641
475,3,-135,4.53125,4.3579875,3.9433594
475,4,-120,6.59375,6.26125775,5.8867188
475,5,-105,8.125,7.6154655,7.1220703
475,6,-90,8.6875,8.127631,7.5097656
475,7,-75,7.96875,7.5253565,7.0908203
475,8,-60,6.3125,6.06296775,5.7890625
475,9,-45,4.25,4.14545325,3.7988281
475,10,-30,2.15625,2.06039625,1.8525391
475,11,-15,0.5625,0.55012925,0.49121094
475,12,0,0,0.00031375,0
475,13,15,0.5625,0.550694,0.48828125
475,14,30,2.15625,2.06127475,1.8544922
475,15,45,4.25,4.14419825,3.796875
475,16,60,6.3125,6.06472475,5.7939453
475,17,75,7.96875,7.5253565,7.088867
475,18,90,8.6875,8.12769375,7.5117188
475,19,105,8.125,7.6152145,7.126953
475,20,120,6.59375,6.2613205,5.8867188
475,21,135,4.53125,4.365894,3.953125
475,22,150,2.3125,2.1963755,1.9980469
475,23,165,0.625,0.58702625,0.54589844
475,24,180,0,0,0.000976563
476,1,-165,1.25,1.50631375,2.0126953
476,2,-150,0.3125,0.36012225,0.3798828
476,3,-135,0.25,0.16315,0.00390625
476,4,-120,0.75,0.6143225,0.6640625
476,5,-105,1.25,1.09053225,1.3701172
476,6,-90,1.375,1.1489525,1.7734375
476,7,-75,0.875,0.63848125,1.3935547
476,8,-60,0.125,0.00759275,0.6425781
476,9,-45,0,0,0.5517578
476,10,-30,0.625,0.88784975,1.2626953
476,11,-15,1.875,2.418636,2.5703125
476,12,0,2.6875,3.44315525,3.3964844
476,13,15,1.875,2.418636,2.5703125
476,14,30,0.625,0.88784975,1.2626953
476,15,45,0,0,0.5517578
476,16,60,0.125,0.007279,0.6455078
476,17,75,0.875,0.63848125,1.3935547
476,18,90,1.375,1.1489525,1.7734375
476,19,105,1.25,1.090595,1.3701172
476,20,120,0.75,0.60911425,0.6591797
476,21,135,0.25,0.16208325,0
476,22,150,0.3125,0.3603105,0.3798828
476,23,165,1.25,1.50606275,2.0195312
476,24,180,3,3.5688435,4.359375
477,1,-165,0.03125,0.29611725,0.27441406
477,2,-150,0,0.0031375,0.004882813
477,3,-135,0.53125,0.3143775,0.38671875
477,4,-120,1.625,1.1707895,1.3671875
477,5,-105,2.625,2.0199225,2.0419922
477,6,-90,3.03125,2.3401985,2.3310547
477,7,-75,2.59375,1.95849025,2.0625
477,8,-60,1.625,1.12793125,1.3613281
477,9,-45,0.5625,0.31582075,0.38085938
477,10,-30,0,0,0
477,11,-15,0.03125,0.28268875,0.2626953
477,12,0,0.21875,0.58734,0.51464844
477,13,15,0.03125,0.28243775,0.26171875
477,14,30,0,0.0001255,0
477,15,45,0.5625,0.315758,0.3798828
477,16,60,1.625,1.1316335,1.359375
477,17,75,2.59375,1.9591805,2.0488281
477,18,90,3.03125,2.34038675,2.3271484
477,19,105,2.625,2.02011075,2.0410156
477,20,120,1.625,1.1712915,1.3720703
477,21,135,0.53125,0.314503,0.38671875
477,22,150,0,0.00320025,0.01171875
477,23,165,0.03125,0.295929,0.27539062
477,24,180,0.21875,0.5877165,0.51660156
478,1,-165,1.125,1.42875475,1.6162109
478,2,-150,0.03125,0.16133025,0.25
478,3,-135,0,0,0.006835938
478,4,-120,0.75,0.60371775,0.37695312
478,5,-105,1.625,1.38545725,0.96191406
478,6,-90,2.09375,1.840834,1.6142578
478,7,-75,1.625,1.40503525,0.9560547
478,8,-60,0.78125,0.64249725,0.375
478,9,-45,0.03125,0.00972625,0.002929688
478,10,-30,0,0.15932225,0.25585938
478,11,-15,1.125,1.46502425,1.7050781
478,12,0,3.15625,3.6190435,4.013672
478,13,15,1.125,1.4632045,1.7050781
478,14,30,0,0.1605145,0.25976562
478,15,45,0.03125,0.00796925,0
478,16,60,0.78125,0.64262275,0.37109375
478,17,75,1.625,1.40616475,0.953125
478,18,90,2.09375,1.84102225,1.6132812
478,19,105,1.625,1.385269,0.95214844
478,20,120,0.75,0.6020235,0.37597656
478,21,135,0,0.000502,0.009765625
478,22,150,0.03125,0.161142,0.24902344
478,23,165,1.125,1.42498975,1.6171875
478,24,180,3.09375,3.527554,3.866211
479,1,-165,0,0.02290375,0
479,2,-150,0.4375,0.374492,0.16992188
479,3,-135,1.125,0.8623105,0.3720703
479,4,-120,1.875,1.31906775,0.609375
479,5,-105,2.46875,1.53856725,0.9482422
479,6,-90,2.875,1.5781625,1.0654297
479,7,-75,3.21875,1.60081525,1.0332031
479,8,-60,3.84375,2.0264485,1.4921875
479,9,-45,4.90625,3.092822,2.4707031
479,10,-30,6.28125,4.63590725,3.8544922
479,11,-15,7.625,6.15357875,5.0371094
479,12,0,8.25,6.89101675,5.4746094
479,13,15,7.625,6.1511315,5.036133
479,14,30,6.28125,4.63289525,3.8564453
479,15,45,4.90625,3.09413975,2.4736328
479,16,60,3.84375,2.02688775,1.4970703
479,17,75,3.21875,1.60056425,1.0332031
479,18,90,2.875,1.57697025,1.0634766
479,19,105,2.46875,1.54245775,0.9550781
479,20,120,1.875,1.320762,0.6064453
479,21,135,1.125,0.8620595,0.3720703
479,22,150,0.4375,0.37217025,0.16894531
479,23,165,0,0.0232175,0.002929688
479,24,180,0,0,0.080078125
480,1,-165,0.3125,0.2428425,0.22363281
480,2,-150,1.59375,1.44318725,1.4589844
480,3,-135,3.90625,3.60630525,3.6191406
480,4,-120,14.78125,13.809267,15.652344
480,5,-105,13.34375,12.571335,14.49707
480,6,-90,11.21875,10.6952355,12.21875
480,7,-75,8.8125,8.4209245,9.620117
480,8,-60,6.625,6.30041375,7.129883
480,9,-45,4.90625,4.62762425,5.216797
480,10,-30,3.84375,3.4453515,3.8007812
480,11,-15,3.375,2.87087525,2.959961
480,12,0,3.375,2.80712125,2.8427734
480,13,15,3.65625,2.912855,2.9902344
480,14,30,4.65625,3.759478,3.78125
480,15,45,5.71875,4.833507,5.3720703
480,16,60,7.28125,6.86528925,7.9716797
480,17,75,9.40625,8.9271915,10.373047
480,18,90,11.84375,11.158205,13.001953
480,19,105,13.9375,12.91664825,15.189453
480,20,120,15.25,14.0132045,16.311523
480,21,135,6.1875,5.4222275,5.977539
480,22,150,4.6875,4.64230775,5.120117
480,23,165,3.15625,2.7483245,2.5009766
480,24,180,0,0,0
481,1,-165,2.8125,2.55147775,3.6015625
481,2,-150,2.25,2.05763525,2.9853516
481,3,-135,1.4375,1.4250525,1.8847656
481,4,-120,0.625,0.6557375,0.71484375
481,5,-105,0.125,0.13861475,0.12011719
481,6,-90,0,6.27E-05,0
481,7,-75,0.25,0.18818725,0.15820312
481,8,-60,0.875,0.76536175,0.88378906
481,9,-45,1.625,1.545407,2.0947266
481,10,-30,2.375,2.16468675,3.1328125
481,11,-15,2.875,2.58950425,3.6201172
481,12,0,3.125,2.7320095,3.7128906
481,13,15,2.875,2.5896925,3.6191406
481,14,30,2.375,2.1647495,3.1328125
481,15,45,1.625,1.54534425,2.0947266
481,16,60,0.875,0.768813,0.88671875
481,17,75,0.25,0.18825,0.15917969
481,18,90,0,0,0.000976563
481,19,105,0.125,0.1386775,0.119140625
481,20,120,0.625,0.655863,0.7138672
481,21,135,1.4375,1.42498975,1.8847656
481,22,150,2.25,2.05750975,2.9853516
481,23,165,2.8125,2.55147775,3.600586
481,24,180,3.125,2.73320175,3.7158203
482,1,-165,4.59375,5.76088925,4.951172
482,2,-150,0,0.94482675,1.3681641
482,3,-135,0.625,0.58777925,0.7080078
482,4,-120,0.4375,0.00345125,0.000976563
482,5,-105,0.875,0.25520425,0.083984375
482,6,-90,1.1875,0.48624975,0.25878906
482,7,-75,0.9375,0.29661925,0.10839844
482,8,-60,0.46875,0.00081575,0.006835938
482,9,-45,0.5625,0.528104,0.54003906
482,10,-30,1.90625,2.4742325,2.28125
482,11,-15,4.4375,5.6672035,4.5810547
482,12,0,5.71875,7.79606,4.5585938
482,13,15,4.4375,5.69286825,4.631836
482,14,30,1.90625,2.47605225,2.2763672
482,15,45,0.5625,0.53757925,0.5517578
482,16,60,0.46875,0,0.005859375
482,17,75,0.9375,0.299694,0.12011719
482,18,90,1.1875,0.48599875,0.25683594
482,19,105,0.875,0.2604125,0.095703125
482,20,120,0.4375,0.00508275,0
482,21,135,0.625,0.588344,0.7050781
482,22,150,1.9375,2.52700525,2.5371094
482,23,165,4.59375,5.761705,4.9433594
482,24,180,5.84375,7.872113,4.591797
483,1,-165,0,0,0.13085938
483,2,-150,0.59375,0.408126,0.68652344
483,3,-135,1.625,1.21778925,1.5390625
483,4,-120,2.90625,2.177676,2.4375
483,5,-105,4.03125,2.97704825,3.2138672
483,6,-90,4.53125,3.28853925,4.0234375
483,7,-75,4.0625,3.02285575,4.1259766
483,8,-60,3.0625,2.36937725,3.6015625
483,9,-45,2.0625,1.7214835,2.915039
483,10,-30,1.40625,1.337328,2.1767578
483,11,-15,1.125,1.22142875,1.5888672
483,12,0,1.03125,1.1795745,1.2910156
483,13,15,1.03125,1.12448,1.4453125
483,14,30,1.34375,1.237681,2.0332031
483,15,45,2.03125,1.653588,2.8632812
483,16,60,3.03125,2.311961,3.6289062
483,17,75,4.03125,2.95270125,4.1152344
483,18,90,4.5,3.24624575,3.9814453
483,19,105,4.125,3.06050575,3.3115234
483,20,120,3.25,2.48998275,2.4199219
483,21,135,2.1875,1.76873425,1.4716797
483,22,150,1.21875,1.0653695,0.6611328
483,23,165,0.4375,0.47018575,0.20800781
483,24,180,0,0.05653775,0
484,1,-165,0.34375,0.1753235,0.19628906
484,2,-150,1.40625,0.845619,0.85058594
484,3,-135,3.1875,2.1406535,2.0576172
484,4,-120,5.375,3.8680355,3.7089844
484,5,-105,7.3125,5.44563325,5.4052734
484,6,-90,8.15625,6.12082325,6.1035156
484,7,-75,7.34375,5.45341425,5.3740234
484,8,-60,5.375,3.88046,3.6845703
484,9,-45,3.1875,2.13205675,2.053711
484,10,-30,1.40625,0.8349515,0.8613281
484,11,-15,0.34375,0.17450775,0.20996094
484,12,0,0,0,0
484,13,15,0.34375,0.17450775,0.20996094
484,14,30,1.40625,0.8354535,0.85839844
484,15,45,3.1875,2.13092725,2.0478516
484,16,60,5.375,3.880962,3.6826172
484,17,75,7.34375,5.454481,5.370117
484,18,90,8.15625,6.120635,6.107422
484,19,105,7.3125,5.44362525,5.411133
484,20,120,5.375,3.86910225,3.709961
484,21,135,3.1875,2.1406535,2.0576172
484,22,150,1.40625,0.845619,0.8496094
484,23,165,0.34375,0.17300175,0.20214844
484,24,180,0,0.001506,0.001953125
485,1,-165,5.125,4.7525595,5.4023438
485,2,-150,4.25,3.870169,4.3203125
485,3,-135,4.1875,3.721326,3.9179688
485,4,-120,4.5625,4.02058075,4.2070312
485,5,-105,4.9375,4.10341075,4.5507812
485,6,-90,4.5,3.47791875,4.1289062
485,7,-75,3,2.10971775,3.0292969
485,8,-60,1.25,0.7388185,1.6640625
485,9,-45,0.1875,0.0018825,0.50390625
485,10,-30,0,0.15568275,0.01171875
485,11,-15,0.5,1.05752575,0.31445312
485,12,0,1.4375,2.36699275,1.2382812
485,13,15,0.5,1.06279675,0.3203125
485,14,30,0,0.14809,0
485,15,45,0.1875,0,0.5078125
485,16,60,1.25,0.7373125,1.6601562
485,17,75,3,2.10971775,3.0273438
485,18,90,4.5,3.4764755,4.125
485,19,105,4.9375,4.1037245,4.546875
485,20,120,4.5625,4.01982775,4.201172
485,21,135,4.1875,3.7206985,3.9140625
485,22,150,4.25,3.8700435,4.3242188
485,23,165,5.125,4.758207,5.408203
485,24,180,6.5625,6.1636815,6.6816406
486,1,-165,15.75,14.343897,13.495117
486,2,-150,14.53125,13.13037475,11.719727
486,3,-135,14.09375,12.75977325,10.4765625
486,4,-120,14.3125,12.7441485,9.53418
486,5,-105,14.65625,12.715158,8.341797
486,6,-90,14.15625,11.99096025,7.182617
486,7,-75,12.25,10.312586,6.5527344
486,8,-60,9.15625,7.787275,5.5039062
486,9,-45,5.65625,4.9051675,3.790039
486,10,-30,2.65625,2.3246365,1.8652344
486,11,-15,0.6875,0.60070575,0.5
486,12,0,0,0,0
486,13,15,0.6875,0.5987605,0.49804688
486,14,30,2.65625,2.32633075,1.8720703
486,15,45,5.65625,4.906046,3.7910156
486,16,60,9.15625,7.788781,5.5253906
486,17,75,12.25,10.28805075,6.508789
486,18,90,14.15625,11.989517,7.1816406
486,19,105,14.65625,12.71233425,8.339844
486,20,120,14.3125,12.74094825,9.53125
486,21,135,14.09375,12.7572005,10.47168
486,22,150,14.53125,13.13301025,11.71875
486,23,165,15.75,14.34395975,13.495117
486,24,180,17.75,16.2395745,15.473633
487,1,-165,1.1875,1.573268,0
487,2,-150,1.25,1.4170205,0.6816406
487,3,-135,1.75,1.65339975,1.9277344
487,4,-120,2.5,1.9478855,2.859375
487,5,-105,3,2.17359725,3.586914
487,6,-90,3.3125,2.69072,4.290039
487,7,-75,2.125,1.54797975,3.4384766
487,8,-60,0.75,0.36501675,2.1777344
487,9,-45,0,0,1.2060547
487,10,-30,2.5625,3.84739075,3.522461
487,11,-15,2,3.3989165,2.5664062
487,12,0,1.3125,2.60732525,1.6083984
487,13,15,0.5625,1.50392925,0.85839844
487,14,30,0.0625,0.52226825,0.76464844
487,15,45,0,0.008534,1.2128906
487,16,60,0.75,0.36313425,2.1699219
487,17,75,2.125,1.5400105,3.4404297
487,18,90,5.96875,5.23529525,5.586914
487,19,105,3,2.168891,3.5810547
487,20,120,2.5,1.94769725,2.8544922
487,21,135,1.75,1.6564745,1.9199219
487,22,150,2.84375,2.61083925,1.9277344
487,23,165,3.25,3.169879,1.4726562
487,24,180,1.84375,2.248709,0.22070312
488,1,-165,0.75,1.607906,1.03125
488,2,-150,1.96875,3.30259525,2.2109375
488,3,-135,2.9375,4.3612505,4.3378906
488,4,-120,1.6875,1.31931875,1.4892578
488,5,-105,0.9375,0.82271525,1.3867188
488,6,-90,0.9375,1.02665275,1.7275391
488,7,-75,1.65625,1.82407975,2.696289
488,8,-60,2.96875,3.15186975,4.0009766
488,9,-45,1.625,1.80738825,2.665039
488,10,-30,0.9375,1.0189345,1.7148438
488,11,-15,0.9375,0.82334275,1.3896484
488,12,0,1.65625,1.2852455,1.5009766
488,13,15,3.0625,4.39055475,4.7070312
488,14,30,2.15625,3.53602525,2.5986328
488,15,45,0.84375,1.7621455,1.1171875
488,16,60,0.03125,0.34418375,0.19433594
488,17,75,0,0.0036395,0.016601562
488,18,90,0.9375,0.77879025,0.47070312
488,19,105,2.28125,2.24161825,1.859375
488,20,120,3.78125,3.961533,3.1894531
488,21,135,2.4375,2.38042125,1.9941406
488,22,150,1,0.81493425,0.5175781
488,23,165,0.03125,0,0
488,24,180,0,0.32272325,0.17675781
489,1,-165,0.1875,0.0849635,0.000976563
489,2,-150,0.875,0.47188,0.21875
489,3,-135,1.875,1.296415,1.0332031
489,4,-120,3.125,2.45509375,2.1728516
489,5,-105,4.25,3.53439375,3.3134766
489,6,-90,4.75,4.0025715,3.8105469
489,7,-75,4.25,3.53062875,3.2910156
489,8,-60,3.0625,2.42535025,2.133789
489,9,-45,1.75,1.2551255,1.0068359
489,10,-30,0.8125,0.43768125,0.21386719
489,11,-15,0.1875,0.0781865,0.008789063
489,12,0,0,0.001506,0.028320312
489,13,15,0.1875,0.07812375,0.008789063
489,14,30,0.8125,0.43755575,0.21484375
489,15,45,1.75,1.2551255,1.0058594
489,16,60,3.0625,2.424911,2.1367188
489,17,75,4.25,3.53075425,3.288086
489,18,90,4.75,4.00250875,3.8134766
489,19,105,4.25,3.5522775,3.3339844
489,20,120,3.125,2.45509375,2.1728516
489,21,135,1.875,1.29986625,1.0263672
489,22,150,0.875,0.47188,0.21875
489,23,165,0.1875,0.08515175,0
489,24,180,0,0,0.021484375
490,1,-165,0.3125,0.21837,0.2919922
490,2,-150,1.28125,0.9105025,1.1669922
490,3,-135,2.8125,2.05713325,2.4785156
490,4,-120,4.6875,3.517765,3.9951172
490,5,-105,6.5,4.810164,5.2910156
490,6,-90,7.28125,5.327224,5.834961
490,7,-75,6.53125,4.83218925,5.3310547
490,8,-60,4.8125,3.59526125,4.0195312
490,9,-45,2.90625,2.151823,2.5126953
490,10,-30,1.3125,0.9649695,1.1933594
490,11,-15,0.34375,0.23537525,0.30371094
490,12,0,0,0.00169425,0.002929688
490,13,15,0.34375,0.2353125,0.3017578
490,14,30,1.3125,0.9649695,1.1933594
490,15,45,2.90625,2.15188575,2.5097656
490,16,60,4.8125,3.59513575,4.022461
490,17,75,6.53125,4.832252,5.3310547
490,18,90,7.28125,5.3270985,5.834961
490,19,105,6.5,4.80997575,5.2958984
490,20,120,4.6875,3.517514,3.993164
490,21,135,2.8125,2.05713325,2.4785156
490,22,150,1.28125,0.91069075,1.1669922
490,23,165,0.3125,0.21837,0.2919922
490,24,180,0,0,0
491,1,-165,0.15625,0.08577925,0.17382812
491,2,-150,0.875,0.67519,0.8642578
491,3,-135,2.03125,1.635265,1.7382812
491,4,-120,3.40625,2.691222,2.5878906
491,5,-105,4.53125,3.497183,3.3789062
491,6,-90,4.96875,3.7646235,4.138672
491,7,-75,4.40625,3.447987,4.2148438
491,8,-60,3.3125,2.75303075,3.7216797
491,9,-45,2.28125,2.09114375,3.140625
491,10,-30,1.625,1.7031605,2.4453125
491,11,-15,1.375,1.56856175,1.796875
491,12,0,1.28125,1.49225775,1.5048828
491,13,15,1.28125,1.434214,1.8320312
491,14,30,1.5625,1.54333625,2.399414
491,15,45,2.28125,1.9687185,3.0488281
491,16,60,3.3125,2.64472425,3.711914
491,17,75,4.34375,3.33309175,4.1884766
491,18,90,4.84375,3.6544345,4.0703125
491,19,105,4.46875,3.460286,3.4267578
491,20,120,3.5,2.81377275,2.5576172
491,21,135,2.3125,1.956043,1.5839844
491,22,150,1.21875,1.08111975,0.859375
491,23,165,0.40625,0.37179375,0.2783203
491,24,180,0,0,0
492,1,-165,0.4375,0.39927825,0.546875
492,2,-150,1.15625,0.9228015,1.4179688
492,3,-135,2.21875,1.57295425,2.4199219
492,4,-120,3.75,2.538112,3.5351562
492,5,-105,5.34375,3.65838775,4.4902344
492,6,-90,6.125,4.26518025,4.8164062
492,7,-75,5.53125,3.99221775,4.3554688
492,8,-60,3.9375,2.98884525,3.2382812
492,9,-45,2.125,1.66356525,1.8632812
492,10,-30,0.71875,0.547682,0.6152344
492,11,-15,0.03125,0,0
492,12,0,0,0.0091615,0.03515625
492,13,15,0.40625,0.40944375,0.5878906
492,14,30,1.09375,0.93541425,1.4648438
492,15,45,2.09375,1.576531,2.4726562
492,16,60,3.5625,2.553423,3.609375
492,17,75,5.125,3.71982,4.5898438
492,18,90,6.125,4.27358875,4.830078
492,19,105,5.5625,3.93298175,4.375
492,20,120,3.96875,2.902313,3.3261719
492,21,135,2.125,1.60018775,1.9121094
492,22,150,0.71875,0.50570225,0.6015625
492,23,165,0.03125,0.0011295,0.009765625
492,24,180,0,0.006526,0.013671875
493,1,-165,1.0625,0.96151825,1.3847656
493,2,-150,1.65625,1.89749725,2.2314453
493,3,-135,3.34375,3.40148925,2.4384766
493,4,-120,2.25,2.82042425,3.0449219
493,5,-105,1.15625,1.67837425,2.0605469
493,6,-90,0.21875,0.592109,0.89941406
493,7,-75,0.21875,0.0254765,0.24902344
493,8,-60,0.90625,0,0.18066406
493,9,-45,2.1875,0.79485425,0.828125
493,10,-30,3.875,2.2320175,2.0478516
493,11,-15,5.40625,3.664851,3.3671875
493,12,0,6.4375,4.601834,4.1640625
493,13,15,5.40625,3.671377,3.390625
493,14,30,3.875,2.22818975,2.0361328
493,15,45,2.1875,0.7348025,0.76660156
493,16,60,0.90625,0.00194525,0.18554688
493,17,75,0,0.15191775,0
493,18,90,0.21875,0.59417975,0.89941406
493,19,105,1.125,1.66456925,2.0605469
493,20,120,2.25,2.82080075,3.0488281
493,21,135,3.34375,3.39985775,2.4335938
493,22,150,1.65625,1.89699525,2.2314453
493,23,165,1.0625,0.95662375,1.3857422
493,24,180,0.6875,0.72319375,1.1845703
494,1,-165,0.625,0.832567,0.14257812
494,2,-150,0.15625,0.251251,0.36328125
494,3,-135,0,0.008534,0.4423828
494,4,-120,0.21875,0.098643,0.2861328
494,5,-105,0.625,0.35893,0.18652344
494,6,-90,0.90625,0.50871425,0.000976563
494,7,-75,0.6875,0.374743,0.31835938
494,8,-60,0.28125,0.13108475,0.33496094
494,9,-45,0,0,0.44140625
494,10,-30,0.125,0.20324725,0.3701172
494,11,-15,0.5625,0.77264075,0.1796875
494,12,0,1,1.266295,0.005859375
494,13,15,0.5625,0.77389575,0.18066406
494,14,30,0.125,0.204565,0.3671875
494,15,45,0,0,0.44140625
494,16,60,0.28125,0.13083375,0.3359375
494,17,75,0.6875,0.374743,0.31933594
494,18,90,0.90625,0.50896525,0
494,19,105,0.625,0.35911825,0.1875
494,20,120,0.21875,0.09782725,0.28125
494,21,135,0,0.0086595,0.44433594
494,22,150,0.15625,0.2511255,0.36328125
494,23,165,0.625,0.83250425,0.140625
494,24,180,1,1.268805,0.005859375
495,1,-165,2.125,1.8323,1.6376953
495,2,-150,2.59375,2.0590785,1.8056641
495,3,-135,3.4375,2.55336025,2.1669922
495,4,-120,4.5625,3.25578375,2.7685547
495,5,-105,5.65625,3.94477875,3.3847656
495,6,-90,6.15625,4.3042735,3.8164062
495,7,-75,5.625,4.11570975,3.5146484
495,8,-60,4.28125,3.2731655,2.741211
495,9,-45,2.65625,2.0864375,1.7978516
495,10,-30,1.25,0.99013225,0.89453125
495,11,-15,0.34375,0.258279,0.24316406
495,12,0,0,0,0
495,13,15,0.34375,0.25959675,0.24121094
495,14,30,1.25,0.99013225,0.89453125
495,15,45,2.65625,2.0881945,1.7978516
495,16,60,4.28125,3.2731655,2.741211
495,17,75,5.625,4.1102505,3.508789
495,18,90,6.15625,4.3042735,3.8164062
495,19,105,5.65625,3.945971,3.3876953
495,20,120,4.5625,3.25565825,2.7675781
495,21,135,3.4375,2.55336025,2.1669922
495,22,150,2.59375,2.0590785,1.8056641
495,23,165,2.125,1.8323,1.6376953
495,24,180,1.96875,1.7827275,1.5712891
496,1,-165,0.25,0.0997725,0.13378906
496,2,-150,1.0625,0.559479,0.6279297
496,3,-135,2.46875,1.68954375,1.5380859
496,4,-120,4.375,3.12099675,2.852539
496,5,-105,6.53125,4.71447025,4.4453125
496,6,-90,8.09375,5.9508335,5.6865234
496,7,-75,8.5625,6.44561725,6.0654297
496,8,-60,8.21875,6.3898325,5.8154297
496,9,-45,7.84375,6.3519315,5.5839844
496,10,-30,7.96875,6.81998375,5.995117
496,11,-15,8.6875,7.8235445,6.8867188
496,12,0,9.25,8.53832975,7.3320312
496,13,15,8.6875,7.823419,6.8867188
496,14,30,7.96875,6.820172,5.9970703
496,15,45,7.84375,6.35237075,5.59375
496,16,60,8.21875,6.39039725,5.819336
496,17,75,8.5625,6.44348375,6.0595703
496,18,90,8.09375,5.9523395,5.680664
496,19,105,6.53125,4.7149095,4.411133
496,20,120,4.40625,3.113655,2.8613281
496,21,135,2.46875,1.688728,1.5390625
496,22,150,1.0625,0.560483,0.6308594
496,23,165,0.25,0.09983525,0.13378906
496,24,180,0,0,0
497,1,-165,0.46875,0.407373,0.34277344
497,2,-150,1.84375,1.59755225,1.3505859
497,3,-135,3.90625,3.36584725,2.7539062
497,4,-120,6.21875,5.32101175,4.2021484
497,5,-105,8.15625,6.9046335,5.373047
497,6,-90,8.90625,7.52014825,5.9140625
497,7,-75,8.125,6.899488,5.4208984
497,8,-60,6.21875,5.32440025,4.2509766
497,9,-45,3.875,3.37827175,2.7919922
497,10,-30,1.84375,1.611922,1.3662109
497,11,-15,0.46875,0.41484025,0.3544922
497,12,0,0,0,0
497,13,15,0.46875,0.41484025,0.3544922
497,14,30,1.84375,1.61198475,1.3652344
497,15,45,3.875,3.37827175,2.7910156
497,16,60,6.21875,5.32440025,4.2509766
497,17,75,8.125,6.8991115,5.4257812
497,18,90,8.90625,7.52014825,5.9140625
497,19,105,8.15625,6.905261,5.375
497,20,120,6.21875,5.3213255,4.2041016
497,21,135,3.90625,3.36747875,2.7548828
497,22,150,1.84375,1.598117,1.3544922
497,23,165,0.46875,0.407373,0.34375
497,24,180,0,0.00269825,0.00390625
498,1,-165,0.953125,0.6316415,1.0112305
498,2,-150,0.5625,0.40592975,0.78271484
498,3,-135,0.171875,0.14413675,0.3486328
498,4,-120,0,0,0
498,5,-105,0.140625,0.02666875,0.107421875
498,6,-90,0.546875,0.1928935,0.5571289
498,7,-75,1.203125,0.51975825,0.9199219
498,8,-60,2.28125,1.51484775,1.7924805
498,9,-45,3.59375,2.98821775,3.1586914
498,10,-30,4.15625,3.82379675,3.9985352
498,11,-15,3.9375,3.558929,3.737793
498,12,0,4.65625,3.89520625,3.6733398
498,13,15,3.9375,3.55346975,3.7294922
498,14,30,4.15625,3.8241105,3.9975586
498,15,45,3.953125,3.0186515,3.0683594
498,16,60,2.28125,1.51484775,1.7929688
498,17,75,1.203125,0.51957,0.91796875
498,18,90,0.546875,0.1928935,0.5620117
498,19,105,0.140625,0.02666875,0.107910156
498,20,120,0,0,0.001464844
498,21,135,0.171875,0.14413675,0.3491211
498,22,150,0.5625,0.40592975,0.78271484
498,23,165,0.953125,0.6316415,1.0117188
498,24,180,1.109375,0.715852,1.0571289
499,1,-165,2.40625,2.031845,1.5605469
499,2,-150,1.34375,1.284116,0.8535156
499,3,-135,0.65625,0.84405025,0.57128906
499,4,-120,0.3125,0.7626635,0.51953125
499,5,-105,0.40625,1.035375,0.6113281
499,6,-90,0.84375,1.4933245,0.9560547
499,7,-75,1.46875,2.01245525,1.3964844
499,8,-60,2.15625,2.5711185,2.0214844
499,9,-45,2.8125,3.13555475,2.5859375
499,10,-30,3.4375,3.63655075,3.102539
499,11,-15,3.84375,3.89997525,3.4580078
499,12,0,3.90625,3.80221075,3.3710938
499,13,15,3.59375,3.41504325,2.915039
499,14,30,3.28125,3.09740275,2.4404297
499,15,45,2.25,2.53704525,1.8505859
499,16,60,1.46875,1.81692625,1.2451172
499,17,75,0.8125,1.1712915,0.7109375
499,18,90,0.3125,0.6454465,0.46777344
499,19,105,0,0.260036,0.25195312
499,20,120,0.0625,0,0
499,21,135,0.46875,0.144074,0.025390625
499,22,150,1.25,0.76335375,0.4765625
499,23,165,2.28125,1.69443825,1.3203125
499,24,180,3.46875,2.9483715,2.4648438
500,1,-165,0.03125,0,0.08984375
500,2,-150,0.34375,0.049949,0
500,3,-135,1.125,0.57228,0.4951172
500,4,-120,2.3125,1.4948305,1.2099609
500,5,-105,3.4375,2.410604,1.9589844
500,6,-90,3.9375,2.81829075,2.272461
500,7,-75,3.40625,2.40978825,1.9980469
500,8,-60,2.28125,1.4938265,1.2402344
500,9,-45,1.09375,0.563997,0.5019531
500,10,-30,0.3125,0.04285825,0.002929688
500,11,-15,0.03125,0.003263,0.099609375
500,12,0,0,0.0965095,0.27929688
500,13,15,0.03125,0.00458075,0.099609375
500,14,30,0.3125,0.04285825,0.002929688
500,15,45,1.09375,0.563997,0.50097656
500,16,60,2.28125,1.4938265,1.2392578
500,17,75,3.40625,2.40978825,1.9980469
500,18,90,3.9375,2.81778875,2.2734375
500,19,105,3.4375,2.40853325,1.953125
500,20,120,2.3125,1.49790525,1.2138672
500,21,135,1.125,0.57234275,0.4951172
500,22,150,0.34375,0.049949,0
500,23,165,0.03125,0.0041415,0.09765625
500,24,180,0,0.097388,0.28320312
