mol_id,conf_id,scan,wb97m
1,1,-165,10.410727
1,2,-150,9.76308425
1,3,-135,9.1879805
1,4,-120,8.647201
1,5,-105,8.0097865
1,6,-90,7.20250775
1,7,-75,5.82025075
1,8,-60,3.93310725
1,9,-45,2.18765325
1,10,-30,0.9361045
1,11,-15,0.223139
1,12,0,0
1,13,15,0.223139
1,14,30,0.93579075
1,15,45,2.186461
1,16,60,3.92833825
1,17,75,5.815419
1,18,90,7.20275875
1,19,105,8.0097865
1,20,120,8.64713825
1,21,135,9.1866
1,22,150,9.76308425
1,23,165,10.41078975
1,24,180,11.0305715
2,1,-165,3.265259
2,2,-150,1.92811925
2,3,-135,0.82146025
2,4,-120,0.2011765
2,5,-105,0.0146835
2,6,-90,0
2,7,-75,0.0443015
2,8,-60,0.35434925
2,9,-45,1.11437725
2,10,-30,2.262765
2,11,-15,3.437194
2,12,0,3.94816725
2,13,15,3.43976675
2,14,30,2.2638945
2,15,45,1.11425175
2,16,60,0.354663
2,17,75,0.0443015
2,18,90,0.00056475
2,19,105,0.014558
2,20,120,0.2011765
2,21,135,0.8206445
2,22,150,1.92661325
2,23,165,3.265259
2,24,180,3.94917125
3,1,-165,0.90780425
3,2,-150,0.11113025
3,3,-135,0.0242215
3,4,-120,0.16258525
3,5,-105,0.76222425
3,6,-90,1.79910525
3,7,-75,0.78230425
3,8,-60,0.13723425
3,9,-45,0.0051455
3,10,-30,0.08163775
3,11,-15,0.8768685
3,12,0,0.581567
3,13,15,0.88797525
3,14,30,0.0817005
3,15,45,0
3,16,60,0.13723425
3,17,75,0.78945775
3,18,90,1.81353775
3,19,105,0.74201875
3,20,120,0.15668675
3,21,135,0.0247235
3,22,150,0.10836925
3,23,165,0.90265875
3,24,180,0.59744275
4,1,-165,0.64864675
4,2,-150,0.40818875
4,3,-135,0.13554
4,4,-120,0
4,5,-105,0.07599025
4,6,-90,0.292415
4,7,-75,0.64111675
4,8,-60,1.58261775
4,9,-45,2.97027125
4,10,-30,3.7646235
4,11,-15,3.51406275
4,12,0,3.3685455
4,13,15,3.5131215
4,14,30,3.76368225
4,15,45,2.97027125
4,16,60,1.58349625
4,17,75,0.64111675
4,18,90,0.292415
4,19,105,0.07599025
4,20,120,0
4,21,135,0.13554
4,22,150,0.40818875
4,23,165,0.64864675
4,24,180,0.7280255
5,1,-165,3.5791345
5,2,-150,3.6102585
5,3,-135,3.429413
5,4,-120,2.9724675
5,5,-105,2.4353275
5,6,-90,1.8156085
5,7,-75,1.135273
5,8,-60,0.52208
5,9,-45,0.13911675
5,10,-30,0.01838575
5,11,-15,0.01738175
5,12,0,0
5,13,15,0.01650325
5,14,30,0.01838575
5,15,45,0.13773625
5,16,60,0.52208
5,17,75,1.13533575
5,18,90,1.816738
5,19,105,2.4360805
5,20,120,2.97184
5,21,135,3.42972675
5,22,150,3.60831325
5,23,165,3.581017
5,24,180,3.4772285
6,1,-165,1.074029
6,2,-150,0.59631325
6,3,-135,1.46364375
6,4,-120,1.42762525
6,5,-105,2.35795675
6,6,-90,1.93765725
6,7,-75,1.39599925
6,8,-60,0.68272
6,9,-45,0.16697775
6,10,-30,0.00094125
6,11,-15,0.310989
6,12,0,0.94269325
6,13,15,0.31105175
6,14,30,0
6,15,45,0.1662875
6,16,60,0.68366125
6,17,75,1.396062
6,18,90,1.9300645
6,19,105,2.3592745
6,20,120,1.43402575
6,21,135,0.78481425
6,22,150,0.59417975
6,23,165,1.07409175
6,24,180,1.9147535
7,1,-165,4.12148275
7,2,-150,4.87159625
7,3,-135,5.65797925
7,4,-120,5.76547
7,5,-105,4.78399725
7,6,-90,3.00026575
7,7,-75,1.1474465
7,8,-60,0
7,9,-45,0.0681465
7,10,-30,1.28455525
7,11,-15,3.0896845
7,12,0,4.245163
7,13,15,3.34225325
7,14,30,1.58086075
7,15,45,0.52465275
7,16,60,0.59945075
7,17,75,1.87076575
7,18,90,3.7337505
7,19,105,5.22663575
7,20,120,5.80531625
7,21,135,5.907536
7,22,150,5.04930425
7,23,165,4.517749
7,24,180,3.7089015
8,1,-165,0.620974
8,2,-150,2.11197675
8,3,-135,3.93649575
8,4,-120,5.4935115
8,5,-105,6.88995
8,6,-90,7.83992225
8,7,-75,8.1169635
8,8,-60,7.6418205
8,9,-45,6.39014625
8,10,-30,5.00387325
8,11,-15,4.05722675
8,12,0,3.794116
8,13,15,4.056411
8,14,30,5.014227
8,15,45,6.3903345
8,16,60,7.63987525
8,17,75,8.113826
8,18,90,7.840487
8,19,105,6.89013825
8,20,120,5.4932605
8,21,135,3.933923
8,22,150,2.120448
8,23,165,0.56029475
8,24,180,0
9,1,-165,1.554694
9,2,-150,0.79121475
9,3,-135,0.27013875
9,4,-120,0.04574475
9,5,-105,0
9,6,-90,0.01938975
9,7,-75,0.01562475
9,8,-60,0.10334925
9,9,-45,0.41722475
9,10,-30,1.01836975
9,11,-15,1.617695
9,12,0,1.7495955
9,13,15,1.617695
9,14,30,1.01849525
9,15,45,0.41709925
9,16,60,0.10322375
9,17,75,0.01989175
9,18,90,0.0202055
9,19,105,0
9,20,120,0.0458075
9,21,135,0.27013875
9,22,150,0.79108925
9,23,165,1.554694
9,24,180,1.749972
10,1,-165,1.080053
10,2,-150,1.809961
10,3,-135,2.3103295
10,4,-120,2.67057725
10,5,-105,2.024566
10,6,-90,1.01284775
10,7,-75,0.1319005
10,8,-60,0
10,9,-45,0.95938475
10,10,-30,2.34942275
10,11,-15,3.53765675
10,12,0,4.1147685
10,13,15,3.5362135
10,14,30,2.34666175
10,15,45,0.9602005
10,16,60,0.000502
10,17,75,0.13321825
10,18,90,1.01874625
10,19,105,2.02550725
10,20,120,2.662357
10,21,135,2.308949
10,22,150,1.8048155
10,23,165,1.10985925
10,24,180,0.8211465
11,1,-165,0.31305975
11,2,-150,0
11,3,-135,0.2385755
11,4,-120,0.86212225
11,5,-105,1.5437755
11,6,-90,1.88595125
11,7,-75,1.59491675
11,8,-60,0.899082
11,9,-45,0.23939125
11,10,-30,0.0161895
11,11,-15,0.38359075
11,12,0,1.17474275
11,13,15,0.3836535
11,14,30,0.0154365
11,15,45,0.23989325
11,16,60,0.89989775
11,17,75,1.59855625
11,18,90,1.88469625
11,19,105,1.54157925
11,20,120,0.86274975
11,21,135,0.235438
11,22,150,0.00332575
11,23,165,0.3171385
11,24,180,1.0786725
12,1,-165,5.28675025
12,2,-150,3.40676025
12,3,-135,2.28692375
12,4,-120,1.38796725
12,5,-105,0.52314675
12,6,-90,0
12,7,-75,2.723099
12,8,-60,4.34399425
12,9,-45,5.363117
12,10,-30,6.6950485
12,11,-15,8.2640495
12,12,0,8.23148225
12,13,15,7.89376175
12,14,30,6.69937825
12,15,45,5.37309425
12,16,60,4.34775925
12,17,75,2.72491875
12,18,90,6.27E-05
12,19,105,0.52314675
12,20,120,1.384767
12,21,135,2.28554325
12,22,150,3.39985775
12,23,165,5.28800525
12,24,180,6.1988215
13,1,-165,2.1966265
13,2,-150,1.5314765
13,3,-135,1.08683
13,4,-120,1.10082325
13,5,-105,1.6007525
13,6,-90,2.435202
13,7,-75,3.3037875
13,8,-60,3.695724
13,9,-45,3.22014175
13,10,-30,2.0992385
13,11,-15,1.07446825
13,12,0,0
13,13,15,0.6015215
13,14,30,2.09892475
13,15,45,3.18161325
13,16,60,3.6795345
13,17,75,3.31527075
13,18,90,2.492681
13,19,105,1.72844875
13,20,120,1.3013095
13,21,135,1.3389595
13,22,150,1.78931625
13,23,165,2.37577775
13,24,180,2.59979525
14,1,-165,1.199278
14,2,-150,1.5269585
14,3,-135,2.257996
14,4,-120,3.3502225
14,5,-105,4.4091915
14,6,-90,4.891488
14,7,-75,4.5128545
14,8,-60,3.44240225
14,9,-45,2.11084725
14,10,-30,0.972625
14,11,-15,0.252506
14,12,0,0
14,13,15,0.250498
14,14,30,0.97306425
14,15,45,2.1148005
14,16,60,3.44566525
14,17,75,4.512227
14,18,90,4.89067225
14,19,105,4.4091915
14,20,120,3.350348
14,21,135,2.2593765
14,22,150,1.5269585
14,23,165,1.1991525
14,24,180,1.1045255
15,1,-165,0.75193325
15,2,-150,1.094611
15,3,-135,1.47368375
15,4,-120,0.98561425
15,5,-105,0.45161175
15,6,-90,0
15,7,-75,0.1567495
15,8,-60,1.224378
15,9,-45,3.21675325
15,10,-30,5.5567635
15,11,-15,7.4605985
15,12,0,8.25005625
15,13,15,7.45752375
15,14,30,5.55833225
15,15,45,3.2091605
15,16,60,1.22895875
15,17,75,0.15605925
15,18,90,0.0013805
15,19,105,0.45048225
15,20,120,0.98762225
15,21,135,1.18754375
15,22,150,1.08262575
15,23,165,0.7960465
15,24,180,0.55841225
16,1,-165,0.05327475
16,2,-150,0.2830025
16,3,-135,0.819013
16,4,-120,1.6213345
16,5,-105,2.4308095
16,6,-90,2.92433825
16,7,-75,2.80235225
16,8,-60,2.15150925
16,9,-45,1.4034665
16,10,-30,0.9403715
16,11,-15,0.828802
16,12,0,0.84517975
16,13,15,0.82861375
16,14,30,0.940246
16,15,45,1.404847
16,16,60,2.15314075
16,17,75,2.80297975
16,18,90,2.92396175
16,19,105,2.43262925
16,20,120,1.6205815
16,21,135,0.81832275
16,22,150,0.28306525
16,23,165,0.05026275
16,24,180,0
17,1,-165,0.023845
17,2,-150,0.604157
17,3,-135,2.086563
17,4,-120,4.27434175
17,5,-105,6.848786
17,6,-90,9.3390825
17,7,-75,11.09099975
17,8,-60,11.5915565
17,9,-45,1.8670635
17,10,-30,0.4923365
17,11,-15,0.008785
17,12,0,0.21993875
17,13,15,0
17,14,30,0.45035675
17,15,45,1.80475275
17,16,60,4.03036975
17,17,75,6.8280785
17,18,90,9.50279725
17,19,105,11.22779475
17,20,120,11.70193375
17,21,135,2.1075215
17,22,150,0.620472
17,23,165,0.0202055
17,24,180,0.21981325
18,1,-165,1.50656475
18,2,-150,2.96274125
18,3,-135,5.21785075
18,4,-120,8.2582765
18,5,-105,8.81819475
18,6,-90,8.00545675
18,7,-75,6.5728115
18,8,-60,5.15660675
18,9,-45,4.32040025
18,10,-30,4.247422
18,11,-15,4.62260425
18,12,0,4.6900605
18,13,15,3.93135025
18,14,30,1.8371945
18,15,45,0.75067825
18,16,60,0.4265745
18,17,75,0.610181
18,18,90,1.4566785
18,19,105,1.56128275
18,20,120,1.30074475
18,21,135,0.6311395
18,22,150,0
18,23,165,0.00420425
18,24,180,0.51913075
19,1,-165,0.49829775
19,2,-150,1.90603125
19,3,-135,3.86019175
19,4,-120,5.58958175
19,5,-105,7.08290625
19,6,-90,8.478529
19,7,-75,9.223999
19,8,-60,8.504884
19,9,-45,6.93895775
19,10,-30,5.31762325
19,11,-15,4.19126075
19,12,0,3.841806
19,13,15,4.35290475
19,14,30,5.59121325
19,15,45,7.13662025
19,16,60,8.25921775
19,17,75,8.5948675
19,18,90,8.49515775
19,19,105,7.84444025
19,20,120,6.32112125
19,21,135,4.1541755
19,22,150,2.05010525
19,23,165,0.54611325
19,24,180,0
20,1,-165,3.3582545
20,2,-150,2.3903985
20,3,-135,1.4606945
20,4,-120,0.8909245
20,5,-105,0.73361025
20,6,-90,0.839093
20,7,-75,1.027845
20,8,-60,1.05922
20,9,-45,0.85873375
20,10,-30,0.53858325
20,11,-15,0.2373205
20,12,0,0
20,13,15,0.2624205
20,14,30,0.59995275
20,15,45,0.5658795
20,16,60,0.4049885
20,17,75,0.41120075
20,18,90,0.58828125
20,19,105,0.9614555
20,20,120,1.58738675
20,21,135,2.304682
20,22,150,2.88932375
20,23,165,3.49159825
20,24,180,3.82869125
21,1,-165,2.1404025
21,2,-150,1.9348335
21,3,-135,2.09490875
21,4,-120,2.57406775
21,5,-105,2.9353195
21,6,-90,2.78992775
21,7,-75,2.0387475
21,8,-60,1.0367555
21,9,-45,0.260036
21,10,-30,0
21,11,-15,0.16409125
21,12,0,0.3306925
21,13,15,0.16421675
21,14,30,0
21,15,45,0.2601615
21,16,60,1.0367555
21,17,75,2.03881025
21,18,90,2.78980225
21,19,105,2.9353195
21,20,120,2.5708675
21,21,135,2.094846
21,22,150,1.9348335
21,23,165,2.1404025
21,24,180,2.31265125
22,1,-165,0.22872375
22,2,-150,0.74390125
22,3,-135,1.50706675
22,4,-120,2.626966
22,5,-105,3.88817825
22,6,-90,4.5698315
22,7,-75,4.2485515
22,8,-60,3.1802955
22,9,-45,1.931194
22,10,-30,0.83940675
22,11,-15,0.16396575
22,12,0,0.00106675
22,13,15,0.23801075
22,14,30,0.74239525
22,15,45,1.46740875
22,16,60,2.598603
22,17,75,3.9081955
22,18,90,4.57867925
22,19,105,4.20431275
22,20,120,3.14252
22,21,135,1.91042375
22,22,150,0.829555
22,23,165,0.16785625
22,24,180,0
23,1,-165,12.5114715
23,2,-150,10.97390825
23,3,-135,10.233521
23,4,-120,9.92736375
23,5,-105,10.01119775
23,6,-90,10.69743175
23,7,-75,12.59474075
23,8,-60,11.5293085
23,9,-45,9.93709
23,10,-30,7.42790575
23,11,-15,4.59173125
23,12,0,0.7973015
23,13,15,0
23,14,30,0.410636
23,15,45,1.934206
23,16,60,4.0083445
23,17,75,4.050136
23,18,90,2.981629
23,19,105,2.6296015
23,20,120,2.893779
23,21,135,4.58834275
23,22,150,7.476035
23,23,165,9.86373525
23,24,180,11.52748875
24,1,-165,0.69545825
24,2,-150,0.002259
24,3,-135,0.0126755
24,4,-120,0.6243625
24,5,-105,1.43603375
24,6,-90,1.84641875
24,7,-75,1.44042625
24,8,-60,0.6301355
24,9,-45,0.01474625
24,10,-30,0
24,11,-15,0.67926875
24,12,0,1.38809275
24,13,15,0.67926875
24,14,30,0.001757
24,15,45,0.0144325
24,16,60,0.62718625
24,17,75,1.4403635
24,18,90,1.84666975
24,19,105,1.43603375
24,20,120,0.624488
24,21,135,0.0126755
24,22,150,0.00232175
24,23,165,0.69545825
24,24,180,1.38809275
25,1,-165,0.19044625
25,2,-150,0.059487
25,3,-135,0.0141815
25,4,-120,0.06193425
25,5,-105,0.32699025
25,6,-90,1.02251125
25,7,-75,0.3502705
25,8,-60,0.044929
25,9,-45,0
25,10,-30,0.04210525
25,11,-15,0.20098825
25,12,0,0.44219925
25,13,15,0.20111375
25,14,30,0.0558475
25,15,45,0.00194525
25,16,60,0.04699975
25,17,75,0.350145
25,18,90,1.02150725
25,19,105,0.3264255
25,20,120,0.061495
25,21,135,0.01098125
25,22,150,0.05678875
25,23,165,0.19421125
25,24,180,0.440505
26,1,-165,0.001757
26,2,-150,0.1891285
26,3,-135,0.70022725
26,4,-120,1.42938225
26,5,-105,2.277574
26,6,-90,2.942473
26,7,-75,2.646795
26,8,-60,1.49677575
26,9,-45,0.52026025
26,10,-30,0.03570475
26,11,-15,0.12631575
26,12,0,0.535885
26,13,15,0.12443325
26,14,30,0.0360185
26,15,45,0.52703725
26,16,60,1.50016425
26,17,75,2.65438775
26,18,90,2.94266125
26,19,105,2.27500125
26,20,120,1.427939
26,21,135,0.6946425
26,22,150,0.18831275
26,23,165,0
26,24,180,0.33050425
27,1,-165,1.0450385
27,2,-150,1.589834
27,3,-135,2.7099215
27,4,-120,4.12876175
27,5,-105,5.594539
27,6,-90,6.724792
27,7,-75,9.573391
27,8,-60,6.14178175
27,9,-45,3.31953775
27,10,-30,1.4963365
27,11,-15,0.34568975
27,12,0,0
27,13,15,0.34481125
27,14,30,1.492195
27,15,45,3.29908125
27,16,60,6.1383305
27,17,75,9.5700025
27,18,90,6.7374675
27,19,105,5.597049
27,20,120,4.13177375
27,21,135,2.7146905
27,22,150,1.58989675
27,23,165,1.04359525
27,24,180,1.06919725
28,1,-165,5.61330125
28,2,-150,6.0695565
28,3,-135,6.815905
28,4,-120,3.34225325
28,5,-105,1.17537025
28,6,-90,0.00119225
28,7,-75,5.3100305
28,8,-60,0.229163
28,9,-45,4.87925175
28,10,-30,6.63763225
28,11,-15,8.160261
28,12,0,9.034494
28,13,15,8.171305
28,14,30,6.6420875
28,15,45,4.87536125
28,16,60,0.21780525
28,17,75,5.3153015
28,18,90,0
28,19,105,1.18001375
28,20,120,3.36961225
28,21,135,6.821427
28,22,150,6.06698375
28,23,165,5.6157485
28,24,180,5.55720275
29,1,-165,7.854041
29,2,-150,6.0198585
29,3,-135,2.84979125
29,4,-120,0.84894475
29,5,-105,0
29,6,-90,0.0842105
29,7,-75,0.691003
29,8,-60,1.65854525
29,9,-45,3.45068525
29,10,-30,4.343053
29,11,-15,4.93321675
29,12,0,4.9970335
29,13,15,4.93309125
29,14,30,4.344559
29,15,45,3.44968125
29,16,60,2.4747345
29,17,75,1.83336675
29,18,90,1.73284125
29,19,105,2.2194675
29,20,120,0.84568175
29,21,135,4.38076575
29,22,150,6.019231
29,23,165,7.85372725
29,24,180,8.8320625
30,1,-165,1.23636325
30,2,-150,2.6848215
30,3,-135,3.8994105
30,4,-120,5.16677225
30,5,-105,4.386978
30,6,-90,2.920134
30,7,-75,1.717844
30,8,-60,1.632253
30,9,-45,2.44976
30,10,-30,3.49034325
30,11,-15,4.1782715
30,12,0,4.0367075
30,13,15,3.04594775
30,14,30,1.6557215
30,15,45,0.4182915
30,16,60,0.065511
30,17,75,0.922425
30,18,90,2.91229025
30,19,105,4.78487575
30,20,120,5.177377
30,21,135,3.5931905
30,22,150,1.4248015
30,23,165,0
30,24,180,0.16271075
31,1,-165,1.77111875
31,2,-150,0.8899205
31,3,-135,0.29297975
31,4,-120,6.28E-05
31,5,-105,0.2649305
31,6,-90,1.07748025
31,7,-75,1.59341075
31,8,-60,2.38067225
31,9,-45,4.28789575
31,10,-30,6.44210325
31,11,-15,7.77127375
31,12,0,8.765171
31,13,15,7.82762325
31,14,30,6.29614675
31,15,45,4.407811
31,16,60,2.38701
31,17,75,1.59328525
31,18,90,1.073025
31,19,105,0.264805
31,20,120,0
31,21,135,0.27904925
31,22,150,0.93930475
31,23,165,1.7478385
31,24,180,2.81603175
32,1,-165,0.40153725
32,2,-150,6.27E-05
32,3,-135,0.10410225
32,4,-120,0.53004925
32,5,-105,0.76448325
32,6,-90,1.18013925
32,7,-75,1.43829275
32,8,-60,1.44419125
32,9,-45,1.5244485
32,10,-30,1.5932225
32,11,-15,1.91011
32,12,0,2.1391475
32,13,15,1.9104865
32,14,30,1.59341075
32,15,45,1.52438575
32,16,60,1.443501
32,17,75,1.4381045
32,18,90,1.18202175
32,19,105,0.76485975
32,20,120,0.52427625
32,21,135,0.1113185
32,22,150,0
32,23,165,0.40279225
32,24,180,0.72545275
33,1,-165,1.505498
33,2,-150,3.33509975
33,3,-135,5.23793075
33,4,-120,4.4684275
33,5,-105,3.50778775
33,6,-90,2.9709615
33,7,-75,3.445226
33,8,-60,4.1762635
33,9,-45,3.37576175
33,10,-30,3.4074505
33,11,-15,4.09562975
33,12,0,4.9533595
33,13,15,5.5743335
33,14,30,3.329515
33,15,45,1.27715075
33,16,60,0.2832535
33,17,75,0.4576985
33,18,90,1.2207385
33,19,105,0.9024705
33,20,120,0.3919365
33,21,135,0
33,22,150,0.3163855
33,23,165,0.659126
33,24,180,0.57510375
34,1,-165,2.34979925
34,2,-150,3.07475
34,3,-135,4.492398
34,4,-120,6.0005315
34,5,-105,7.23614175
34,6,-90,7.51035925
34,7,-75,6.21406975
34,8,-60,4.376436
34,9,-45,2.33273125
34,10,-30,0.796674
34,11,-15,0.13133575
34,12,0,0
34,13,15,0.1293905
34,14,30,0.794164
34,15,45,2.32896625
34,16,60,4.38691525
34,17,75,6.213003
34,18,90,7.494609
34,19,105,7.23250225
34,20,120,6.0027905
34,21,135,4.4875035
34,22,150,3.0816525
34,23,165,2.34942275
34,24,180,2.202776
35,1,-165,2.9975675
35,2,-150,3.8278755
35,3,-135,4.740135
35,4,-120,4.73818975
35,5,-105,3.6807895
35,6,-90,2.02149125
35,7,-75,0.55427075
35,8,-60,0
35,9,-45,0.8653225
35,10,-30,2.89748125
35,11,-15,4.98831125
35,12,0,5.8519395
35,13,15,4.99119775
35,14,30,2.89710475
35,15,45,0.86525975
35,16,60,0
35,17,75,0.55427075
35,18,90,2.02149125
35,19,105,3.6807895
35,20,120,4.73818975
35,21,135,4.74057425
35,22,150,3.8261185
35,23,165,2.9975675
35,24,180,2.6787975
36,1,-165,0.907616
36,2,-150,0.93202575
36,3,-135,0.94595625
36,4,-120,0.8236565
36,5,-105,0.510032
36,6,-90,0.15919675
36,7,-75,0
36,8,-60,0.23738325
36,9,-45,0.880759
36,10,-30,1.74338325
36,11,-15,2.568985
36,12,0,3.1077565
36,13,15,2.56729075
36,14,30,1.7433205
36,15,45,0.88101
36,16,60,0.23738325
36,17,75,0.00018825
36,18,90,0.1592595
36,19,105,0.510032
36,20,120,0.823782
36,21,135,0.946772
36,22,150,0.93227675
36,23,165,0.90742775
36,24,180,1.02878625
37,1,-165,10.6879565
37,2,-150,7.45175075
37,3,-135,4.70380275
37,4,-120,2.905827
37,5,-105,1.9990895
37,6,-90,1.896054
37,7,-75,2.48446075
37,8,-60,3.3519795
37,9,-45,3.981864
37,10,-30,3.482123
37,11,-15,2.9551485
37,12,0,0
37,13,15,0.4710015
37,14,30,3.4812445
37,15,45,3.98205225
37,16,60,3.35819175
37,17,75,2.48320575
37,18,90,1.8981875
37,19,105,1.998462
37,20,120,2.90463475
37,21,135,4.7427705
37,22,150,7.40431175
37,23,165,10.731756
37,24,180,11.73318325
38,1,-165,11.81413075
38,2,-150,8.92198325
38,3,-135,6.907771
38,4,-120,5.85564175
38,5,-105,5.40936375
38,6,-90,4.73191475
38,7,-75,3.4257735
38,8,-60,2.06114925
38,9,-45,0.91684025
38,10,-30,0.221884
38,11,-15,0
38,12,0,0.4170365
38,13,15,0.00069025
38,14,30,0.219374
38,15,45,0.91834625
38,16,60,2.06077275
38,17,75,3.4335545
38,18,90,4.73040875
38,19,105,5.40861075
38,20,120,5.86041075
38,21,135,6.90871225
38,22,150,8.93214875
38,23,165,11.8096755
38,24,180,14.1976895
39,1,-165,2.22078525
39,2,-150,2.7377825
39,3,-135,3.18751175
39,4,-120,2.7882335
39,5,-105,1.39411675
39,6,-90,0.218621
39,7,-75,0
39,8,-60,0.8334455
39,9,-45,2.50316025
39,10,-30,4.596061
39,11,-15,6.3546925
39,12,0,7.17916475
39,13,15,6.35412775
39,14,30,4.5961865
39,15,45,2.50316025
39,16,60,0.83338275
39,17,75,6.28E-05
39,18,90,0.218872
39,19,105,1.3944305
39,20,120,2.7884845
39,21,135,3.18738625
39,22,150,2.73734325
39,23,165,2.2207225
39,24,180,2.00329375
40,1,-165,0.78180225
40,2,-150,1.20323125
40,3,-135,1.71640075
40,4,-120,2.0364885
40,5,-105,1.75204275
40,6,-90,0.8989565
40,7,-75,0.02026825
40,8,-60,0
40,9,-45,0.941501
40,10,-30,2.239924
40,11,-15,3.3040385
40,12,0,3.89683775
40,13,15,3.8803345
40,14,30,3.24260625
40,15,45,2.04207325
40,16,60,0.8118595
40,17,75,0.32799425
40,18,90,0.802949
40,19,105,1.501482
40,20,120,2.12088725
40,21,135,2.25868625
40,22,150,1.80236825
40,23,165,1.13508475
40,24,180,0.7099535
41,1,-165,0.45751025
41,2,-150,1.409114
41,3,-135,3.00440725
41,4,-120,5.1132465
41,5,-105,7.377141
41,6,-90,7.319662
41,7,-75,5.023263
41,8,-60,3.4784835
41,9,-45,2.7350215
41,10,-30,2.7581135
41,11,-15,3.271785
41,12,0,4.28676625
41,13,15,3.27247525
41,14,30,2.75805075
41,15,45,2.724103
41,16,60,3.4237655
41,17,75,5.02771825
41,18,90,7.32261125
41,19,105,7.3765135
41,20,120,5.10640675
41,21,135,3.00265025
41,22,150,1.408612
41,23,165,0.450796
41,24,180,0
42,1,-165,4.248175
42,2,-150,4.121169
42,3,-135,4.02233775
42,4,-120,2.90212475
42,5,-105,1.36462425
42,6,-90,0.30038425
42,7,-75,0
42,8,-60,0.4275785
42,9,-45,1.27508
42,10,-30,1.151086
42,11,-15,2.385755
42,12,0,2.91818875
42,13,15,4.228346
42,14,30,4.14131175
42,15,45,4.0843975
42,16,60,2.83184475
42,17,75,1.24037925
42,18,90,0.228159
42,19,105,0.01361675
42,20,120,0.3957015
42,21,135,1.1542235
42,22,150,1.8660595
42,23,165,2.355635
42,24,180,2.969079
43,1,-165,0.2872695
43,2,-150,0
43,3,-135,0.473637
43,4,-120,1.56630275
43,5,-105,2.93387625
43,6,-90,3.876193
43,7,-75,3.30435225
43,8,-60,2.0588275
43,9,-45,1.015044
43,10,-30,0.49716825
43,11,-15,0.53946175
43,12,0,0.74503075
43,13,15,0.53946175
43,14,30,0.49716825
43,15,45,1.015295
43,16,60,2.05889025
43,17,75,3.31175675
43,18,90,3.87675775
43,19,105,2.9363235
43,20,120,1.56630275
43,21,135,0.47332325
43,22,150,0.00094125
43,23,165,0.28733225
43,24,180,1.24288925
44,1,-165,1.057212
44,2,-150,3.23193875
44,3,-135,5.75543
44,4,-120,7.3878085
44,5,-105,6.36379125
44,6,-90,3.895018
44,7,-75,2.15364275
44,8,-60,3.40952125
44,9,-45,3.99560625
44,10,-30,5.47738475
44,11,-15,7.0241095
44,12,0,6.522737
44,13,15,4.78155
44,14,30,2.75165025
44,15,45,1.07710375
44,16,60,0.367213
44,17,75,0.85409025
44,18,90,2.38129975
44,19,105,5.033805
44,20,120,6.4257255
44,21,135,3.1735185
44,22,150,1.1366535
44,23,165,0.08615575
44,24,180,0
45,1,-165,3.77253
45,2,-150,2.2207225
45,3,-135,1.00149
45,4,-120,0.3633225
45,5,-105,0.1173425
45,6,-90,0.03514
45,7,-75,0
45,8,-60,0.2277825
45,9,-45,0.9538
45,10,-30,2.2684125
45,11,-15,3.861635
45,12,0,4.7357425
45,13,15,3.861635
45,14,30,2.267785
45,15,45,0.9544275
45,16,60,0.227155
45,17,75,0
45,18,90,0.0345125
45,19,105,0.116715
45,20,120,0.3633225
45,21,135,1.000235
45,22,150,2.222605
45,23,165,3.77253
45,24,180,4.6114975
46,1,-165,4.484115
46,2,-150,4.96019925
46,3,-135,5.67504725
46,4,-120,3.297638
46,5,-105,2.2124395
46,6,-90,1.187983
46,7,-75,0.5902265
46,8,-60,0.896572
46,9,-45,1.81931075
46,10,-30,3.64470825
46,11,-15,5.34128
46,12,0,7.44321675
46,13,15,4.47024725
46,14,30,2.4598
46,15,45,0.80778075
46,16,60,0
46,17,75,0.12066825
46,18,90,1.09467375
46,19,105,2.48320575
46,20,120,3.74510825
46,21,135,3.7001165
46,22,150,2.81101175
46,23,165,2.0465285
46,24,180,1.670154
47,1,-165,0.55138425
47,2,-150,1.63796325
47,3,-135,2.92094975
47,4,-120,4.20682275
47,5,-105,5.39279775
47,6,-90,6.243123
47,7,-75,6.49086
47,8,-60,6.43595375
47,9,-45,6.3549435
47,10,-30,6.5002725
47,11,-15,6.67051325
47,12,0,6.61579525
47,13,15,6.670325
47,14,30,6.50008425
47,15,45,6.3534375
47,16,60,6.43695775
47,17,75,6.50259425
47,18,90,6.24406425
47,19,105,5.393488
47,20,120,4.207011
47,21,135,2.92415
47,22,150,1.635265
47,23,165,0.551447
47,24,180,0
48,1,-165,1.1439325
48,2,-150,0.17337825
48,3,-135,0.030371
48,4,-120,0.51273025
48,5,-105,1.14713275
48,6,-90,1.43804175
48,7,-75,1.077543
48,8,-60,0.37580975
48,9,-45,0.00207075
48,10,-30,0.3964545
48,11,-15,1.54848175
48,12,0,3.2099135
48,13,15,1.54873275
48,14,30,0.398337
48,15,45,0
48,16,60,0.37493125
48,17,75,1.07572325
48,18,90,1.43866925
48,19,105,1.14399525
48,20,120,0.51837775
48,21,135,0.03068475
48,22,150,0.17576275
48,23,165,1.143556
48,24,180,2.80297975
49,1,-165,4.040347
49,2,-150,2.79068075
49,3,-135,1.52112275
49,4,-120,0.59116775
49,5,-105,0.10221975
49,6,-90,0.0001255
49,7,-75,0.23474775
49,8,-60,0.56907975
49,9,-45,0.975888
49,10,-30,1.36926775
49,11,-15,1.627735
49,12,0,2.0997405
49,13,15,1.62779775
49,14,30,1.3693305
49,15,45,0.975637
49,16,60,0.5724055
49,17,75,0.235438
49,18,90,0
49,19,105,0.10234525
49,20,120,0.593615
49,21,135,1.5209345
49,22,150,2.79218675
49,23,165,4.03940575
49,24,180,4.62549075
50,1,-165,0.087097
50,2,-150,0.49666625
50,3,-135,1.3472425
50,4,-120,2.41317675
50,5,-105,5.8012375
50,6,-90,5.87848275
50,7,-75,5.48240475
50,8,-60,5.0560185
50,9,-45,3.1843115
50,10,-30,5.757187
50,11,-15,7.1970485
50,12,0,8.9595705
50,13,15,7.20978675
50,14,30,4.00213225
50,15,45,3.18412325
50,16,60,5.05595575
50,17,75,5.4819655
50,18,90,5.87710225
50,19,105,5.80192775
50,20,120,2.4117335
50,21,135,1.35709425
50,22,150,0.48047675
50,23,165,0.08163775
50,24,180,0
51,1,-165,5.04654325
51,2,-150,2.935696
51,3,-135,2.7367785
51,4,-120,2.840818
51,5,-105,2.9169965
51,6,-90,2.889512
51,7,-75,2.629727
51,8,-60,2.760247
51,9,-45,3.1172945
51,10,-30,4.11106625
51,11,-15,6.02581975
51,12,0,3.59651625
51,13,15,1.45372925
51,14,30,0.2315475
51,15,45,0
51,16,60,0.530614
51,17,75,1.3221425
51,18,90,2.01760075
51,19,105,2.4694635
51,20,120,2.16456125
51,21,135,1.2506075
51,22,150,0.8565375
51,23,165,1.35709425
51,24,180,2.8384335
52,1,-165,0.11577375
52,2,-150,0.583073
52,3,-135,1.26171425
52,4,-120,2.0256955
52,5,-105,2.72805625
52,6,-90,3.183684
52,7,-75,3.442716
52,8,-60,3.6298365
52,9,-45,4.161329
52,10,-30,5.033554
52,11,-15,5.89893925
52,12,0,6.28635775
52,13,15,5.90835175
52,14,30,5.03386775
52,15,45,4.16804325
52,16,60,3.66052125
52,17,75,3.43273875
52,18,90,3.172138
52,19,105,2.72115375
52,20,120,2.027327
52,21,135,1.2598945
52,22,150,0.565252
52,23,165,0.11527175
52,24,180,0
53,1,-165,3.31953775
53,2,-150,3.5030815
53,3,-135,4.09086075
53,4,-120,4.684664
53,5,-105,3.1190515
53,6,-90,0.9248095
53,7,-75,0
53,8,-60,0.222135
53,9,-45,1.16972275
53,10,-30,3.42696575
53,11,-15,4.359368
53,12,0,4.99195075
53,13,15,4.34713175
53,14,30,3.447234
53,15,45,1.19281475
53,16,60,0.23261425
53,17,75,0.00997725
53,18,90,0.92619
53,19,105,5.18245975
53,20,120,4.662827
53,21,135,4.08533875
53,22,150,3.70745825
53,23,165,3.29054725
53,24,180,3.6486615
54,1,-165,0.002259
54,2,-150,0.44081875
54,3,-135,1.557706
54,4,-120,3.00277575
54,5,-105,4.24535125
54,6,-90,4.78613075
54,7,-75,4.338284
54,8,-60,3.19504175
54,9,-45,2.002729
54,10,-30,1.2711895
54,11,-15,1.154851
54,12,0,1.662122
54,13,15,1.151337
54,14,30,1.2709385
54,15,45,2.009506
54,16,60,3.196987
54,17,75,4.343806
54,18,90,4.78462475
54,19,105,4.245916
54,20,120,2.99926175
54,21,135,1.5656125
54,22,150,0.44019125
54,23,165,0
54,24,180,0.47941
55,1,-165,0.98699475
55,2,-150,1.05438825
55,3,-135,1.4767585
55,4,-120,2.33938275
55,5,-105,3.6283305
55,6,-90,5.21722325
55,7,-75,3.809427
55,8,-60,2.3660515
55,9,-45,1.238685
55,10,-30,0.51134975
55,11,-15,0.11928775
55,12,0,0
55,13,15,0.11928775
55,14,30,0.50055675
55,15,45,1.23661425
55,16,60,2.3660515
55,17,75,3.809427
55,18,90,5.20354375
55,19,105,3.62625975
55,20,120,2.33975925
55,21,135,1.4825315
55,22,150,1.05463925
55,23,165,0.987183
55,24,180,1.063487
56,1,-165,0.233179
56,2,-150,0.84492875
56,3,-135,1.554694
56,4,-120,1.8072
56,5,-105,1.762271
56,6,-90,1.74401075
56,7,-75,1.76697725
56,8,-60,1.79596775
56,9,-45,1.4556745
56,10,-30,0.76498525
56,11,-15,0.19245425
56,12,0,0.00520825
56,13,15,0.22696675
56,14,30,0.766303
56,15,45,1.454043
56,16,60,1.79885425
56,17,75,1.76107875
56,18,90,1.74526575
56,19,105,1.7626475
56,20,120,1.81265925
56,21,135,1.5553215
56,22,150,0.84681125
56,23,165,0.22207225
56,24,180,0
57,1,-165,0.19697225
57,2,-150,0.50909075
57,3,-135,0.71786
57,4,-120,0.82986875
57,5,-105,1.0237035
57,6,-90,1.22381325
57,7,-75,1.42724875
57,8,-60,2.07056175
57,9,-45,3.2048935
57,10,-30,4.267
57,11,-15,5.03512275
57,12,0,5.42517675
57,13,15,5.21521525
57,14,30,4.325483
57,15,45,3.02963275
57,16,60,1.94757175
57,17,75,1.727131
57,18,90,2.164122
57,19,105,1.0189345
57,20,120,0.82999425
57,21,135,0.717609
57,22,150,0.510032
57,23,165,0.201804
57,24,180,0
58,1,-165,7.14038525
58,2,-150,8.6395455
58,3,-135,11.06301325
58,4,-120,14.1675695
58,5,-105,16.8166235
58,6,-90,13.9306255
58,7,-75,10.0290815
58,8,-60,6.22373325
58,9,-45,3.23695875
58,10,-30,1.18101775
58,11,-15,0.2144795
58,12,0,0
58,13,15,0.21353825
58,14,30,1.18716725
58,15,45,3.23068375
58,16,60,6.23891875
58,17,75,10.0371135
58,18,90,13.93520625
58,19,105,16.81543125
58,20,120,14.18859075
58,21,135,11.0639545
58,22,150,8.633898
58,23,165,7.14251875
58,24,180,6.7367145
59,1,-165,0.2440975
59,2,-150,0.6231075
59,3,-135,0.9770175
59,4,-120,1.1815825
59,5,-105,1.1727975
59,6,-90,0.9883125
59,7,-75,0.8201425
59,8,-60,1.23743
59,9,-45,2.47737
59,10,-30,4.140245
59,11,-15,5.370145
59,12,0,5.8062575
59,13,15,5.3714
59,14,30,4.140245
59,15,45,2.4767425
59,16,60,1.2368025
59,17,75,0.82077
59,18,90,0.9895675
59,19,105,1.173425
59,20,120,1.18221
59,21,135,0.9770175
59,22,150,0.62248
59,23,165,0.2440975
59,24,180,0
60,1,-165,4.28400525
60,2,-150,1.9084785
60,3,-135,0.2689465
60,4,-120,0
60,5,-105,0.12832375
60,6,-90,1.42398575
60,7,-75,3.675895
60,8,-60,6.66888175
60,9,-45,6.89553475
60,10,-30,6.8353575
60,11,-15,6.873635
60,12,0,6.32476075
60,13,15,4.93673075
60,14,30,4.04279425
60,15,45,4.1750085
60,16,60,5.54879425
60,17,75,4.56587825
60,18,90,3.95067725
60,19,105,4.70342625
60,20,120,6.159289
60,21,135,6.896225
60,22,150,6.82663525
60,23,165,6.9804355
60,24,180,7.9422675
61,1,-165,1.31367125
61,2,-150,0.2686955
61,3,-135,0.0036395
61,4,-120,0.37901
61,5,-105,1.12002475
61,6,-90,1.895803
61,7,-75,1.10370975
61,8,-60,0.3560435
61,9,-45,0
61,10,-30,0.3992155
61,11,-15,1.5620985
61,12,0,3.055172
61,13,15,1.56730675
61,14,30,0.39789775
61,15,45,0.0038905
61,16,60,0.35598075
61,17,75,1.10145075
61,18,90,1.89724625
61,19,105,1.11989925
61,20,120,0.3816455
61,21,135,0.00207075
61,22,150,0.2707035
61,23,165,1.31367125
61,24,180,2.9069565
62,1,-165,0.59342675
62,2,-150,2.2925085
62,3,-135,4.86368975
62,4,-120,7.87481125
62,5,-105,10.792498
62,6,-90,13.24056375
62,7,-75,15.00095225
62,8,-60,16.05816425
62,9,-45,16.982911
62,10,-30,18.2551045
62,11,-15,20.0362005
62,12,0,22.3677395
62,13,15,20.03588675
62,14,30,18.2551045
62,15,45,16.982911
62,16,60,16.0578505
62,17,75,14.99894425
62,18,90,13.255561
62,19,105,10.7908665
62,20,120,7.87136
62,21,135,4.86356425
62,22,150,2.29257125
62,23,165,0.59192075
62,24,180,0
63,1,-165,1.530598
63,2,-150,0.28871275
63,3,-135,0.0001255
63,4,-120,0.6321435
63,5,-105,1.553188
63,6,-90,1.986916
63,7,-75,1.54910925
63,8,-60,0.64048925
63,9,-45,0.00307475
63,10,-30,0.28683025
63,11,-15,1.518299
63,12,0,2.544889
63,13,15,1.51811075
63,14,30,0.28645375
63,15,45,0.0031375
63,16,60,0.6409285
63,17,75,1.549423
63,18,90,1.98748075
63,19,105,1.55299975
63,20,120,0.63252
63,21,135,0
63,22,150,0.2880225
63,23,165,1.5307235
63,24,180,2.54695975
64,1,-165,3.19529275
64,2,-150,2.63430775
64,3,-135,1.557706
64,4,-120,1.43641025
64,5,-105,1.38884575
64,6,-90,0.92437025
64,7,-75,0.32259775
64,8,-60,0
64,9,-45,0.13986975
64,10,-30,0.89964675
64,11,-15,1.7874965
64,12,0,2.102376
64,13,15,1.780594
64,14,30,0.89450125
64,15,45,0.13535175
64,16,60,0.02842575
64,17,75,0.3186445
64,18,90,0.9245585
64,19,105,1.38897125
64,20,120,1.4388575
64,21,135,1.55613725
64,22,150,2.6293505
64,23,165,3.1948535
64,24,180,3.46612175
65,1,-165,0.5370145
65,2,-150,1.93690425
65,3,-135,3.60643075
65,4,-120,5.05633225
65,5,-105,5.756685
65,6,-90,5.48165175
65,7,-75,5.0028065
65,8,-60,4.8446765
65,9,-45,5.006446
65,10,-30,5.751916
65,11,-15,6.7713525
65,12,0,7.8044685
65,13,15,6.76639525
65,14,30,5.75222975
65,15,45,5.00726175
65,16,60,4.8446765
65,17,75,5.00148875
65,18,90,5.47763575
65,19,105,5.75900675
65,20,120,5.05532825
65,21,135,3.604109
65,22,150,1.9368415
65,23,165,0.53808125
65,24,180,0
66,1,-165,2.202525
66,2,-150,1.9709775
66,3,-135,1.532355
66,4,-120,0.89105
66,5,-105,0.325045
66,6,-90,1.33783
66,7,-75,0
66,8,-60,0.4511725
66,9,-45,1.1326375
66,10,-30,1.7400575
66,11,-15,2.134755
66,12,0,2.2841
66,13,15,2.1341275
66,14,30,1.7400575
66,15,45,1.1301275
66,16,60,0.4524275
66,17,75,0.0031375
66,18,90,1.3208875
66,19,105,0.3244175
66,20,120,0.89105
66,21,135,1.532355
66,22,150,1.9709775
66,23,165,2.202525
66,24,180,2.2659025
67,1,-165,4.38202075
67,2,-150,1.5452815
67,3,-135,0.197537
67,4,-120,0.01273825
67,5,-105,0.41672275
67,6,-90,0.701294
67,7,-75,0.42211925
67,8,-60,0.00018825
67,9,-45,0.372986
67,10,-30,2.1426615
67,11,-15,5.35175925
67,12,0,9.47845025
67,13,15,5.35132
67,14,30,2.1426615
67,15,45,0.37166825
67,16,60,0
67,17,75,0.4225585
67,18,90,0.70085475
67,19,105,0.41659725
67,20,120,0.013052
67,21,135,0.19772525
67,22,150,1.54434025
67,23,165,4.38540925
67,24,180,8.420548
68,1,-165,0.87228775
68,2,-150,1.578288
68,3,-135,2.45729
68,4,-120,5.406038
68,5,-105,7.57273275
68,6,-90,6.0206115
68,7,-75,4.61796075
68,8,-60,2.95521125
68,9,-45,1.40817275
68,10,-30,0.43040225
68,11,-15,0.01123225
68,12,0,1.466593
68,13,15,0
68,14,30,0.45863975
68,15,45,1.35621575
68,16,60,3.03076225
68,17,75,4.626683
68,18,90,6.0078105
68,19,105,7.59971525
68,20,120,5.48428725
68,21,135,2.4526465
68,22,150,1.588579
68,23,165,0.87504875
68,24,180,0.049447
69,1,-165,0.49478375
69,2,-150,1.88494725
69,3,-135,3.82103575
69,4,-120,5.4736825
69,5,-105,6.55166475
69,6,-90,6.780263
69,7,-75,6.38042
69,8,-60,5.86041075
69,9,-45,5.58067125
69,10,-30,5.69537825
69,11,-15,6.16023025
69,12,0,6.92803925
69,13,15,6.15809675
69,14,30,5.698202
69,15,45,5.581487
69,16,60,5.86015975
69,17,75,6.3805455
69,18,90,6.78383975
69,19,105,6.54890375
69,20,120,5.4776985
69,21,135,3.82342025
69,22,150,1.891285
69,23,165,0.473135
69,24,180,0
70,1,-165,2.0382455
70,2,-150,0.772327
70,3,-135,0.06582475
70,4,-120,0.06569925
70,5,-105,0.43692825
70,6,-90,1.0154205
70,7,-75,0.37442925
70,8,-60,0.00269825
70,9,-45,0.16208325
70,10,-30,0.97457025
70,11,-15,2.23120175
70,12,0,3.21876125
70,13,15,2.2302605
70,14,30,0.9737545
70,15,45,0.158883
70,16,60,0
70,17,75,0.37442925
70,18,90,1.017052
70,19,105,0.440003
70,20,120,0.06958975
70,21,135,0.063754
70,22,150,0.772076
70,23,165,2.041383
70,24,180,3.2156865
71,1,-165,0.97808425
71,2,-150,0.8728525
71,3,-135,0.97231125
71,4,-120,1.3427245
71,5,-105,1.8133495
71,6,-90,2.00379575
71,7,-75,1.7121965
71,8,-60,1.03280225
71,9,-45,0.34079525
71,10,-30,0
71,11,-15,0.16566
71,12,0,0.52653525
71,13,15,0.1650325
71,14,30,0.0001255
71,15,45,0.33928925
71,16,60,1.032614
71,17,75,1.710565
71,18,90,2.00128575
71,19,105,1.81391425
71,20,120,1.342097
71,21,135,0.96653825
71,22,150,0.87097
71,23,165,0.97820975
71,24,180,1.07986475
72,1,-165,0.03118675
72,2,-150,0.8060865
72,3,-135,1.673417
72,4,-120,2.0266995
72,5,-105,1.90276825
72,6,-90,1.529845
72,7,-75,0.9730015
72,8,-60,0.6627655
72,9,-45,0.72495075
72,10,-30,0.789395
72,11,-15,0.97293875
72,12,0,1.5673695
72,13,15,0.970868
72,14,30,0.78770075
72,15,45,0.72557825
72,16,60,0.6647735
72,17,75,0.96892275
72,18,90,1.5297195
72,19,105,1.90258
72,20,120,2.0274525
72,21,135,1.67448375
72,22,150,0.80112925
72,23,165,0.02340575
72,24,180,0
73,1,-165,4.24497475
73,2,-150,4.62737325
73,3,-135,4.02384375
73,4,-120,2.8994265
73,5,-105,1.66256125
73,6,-90,0.84718775
73,7,-75,0.6138205
73,8,-60,0.007028
73,9,-45,0
73,10,-30,1.38382575
73,11,-15,4.036582
73,12,0,6.93669875
73,13,15,4.03313075
73,14,30,1.38420225
73,15,45,6.27E-05
73,16,60,0.0064005
73,17,75,0.623233
73,18,90,0.83162575
73,19,105,1.6750485
73,20,120,2.8989245
73,21,135,4.0301815
73,22,150,4.626934
73,23,165,4.254199
73,24,180,3.719569
74,1,-165,3.61396075
74,2,-150,2.22555425
74,3,-135,1.70799225
74,4,-120,1.88871225
74,5,-105,2.30800775
74,6,-90,2.4707185
74,7,-75,1.95535275
74,8,-60,0.80426675
74,9,-45,0
74,10,-30,0.2553925
74,11,-15,1.4908145
74,12,0,1.671409
74,13,15,1.49012425
74,14,30,0.257526
74,15,45,0.0016315
74,16,60,0.803953
74,17,75,1.95598025
74,18,90,2.47040475
74,19,105,2.30775675
74,20,120,1.88783375
74,21,135,1.707051
74,22,150,2.22618175
74,23,165,3.61960825
74,24,180,5.40610075
75,1,-165,0.2282845
75,2,-150,0.95938475
75,3,-135,2.17987225
75,4,-120,3.70733275
75,5,-105,5.08808375
75,6,-90,5.6857775
75,7,-75,5.05934425
75,8,-60,3.627452
75,9,-45,2.08662575
75,10,-30,0.89858
75,11,-15,0.2119695
75,12,0,0
75,13,15,0.2119695
75,14,30,0.8982035
75,15,45,2.08511975
75,16,60,3.62695
75,17,75,5.05934425
75,18,90,5.68496175
75,19,105,5.088021
75,20,120,3.70733275
75,21,135,2.18024875
75,22,150,0.9599495
75,23,165,0.23110825
75,24,180,0.00251
76,1,-165,1.20724725
76,2,-150,1.1431795
76,3,-135,0.55075675
76,4,-120,0.116464
76,5,-105,0
76,6,-90,0.3178915
76,7,-75,0.84329725
76,8,-60,1.50392925
76,9,-45,2.2764445
76,10,-30,2.31352975
76,11,-15,1.868946
76,12,0,1.41043175
76,13,15,1.21484
76,14,30,1.15478825
76,15,45,0.58734
76,16,60,0.09983525
76,17,75,0.022841
76,18,90,0.4160325
76,19,105,0.9248095
76,20,120,1.49476775
76,21,135,2.2189655
76,22,150,2.3449675
76,23,165,1.9175145
76,24,180,1.41971875
77,1,-165,0.7636675
77,2,-150,0.75557275
77,3,-135,0.745972
77,4,-120,0.613695
77,5,-105,0.31067525
77,6,-90,0
77,7,-75,0.068021
77,8,-60,0.89801525
77,9,-45,2.5866805
77,10,-30,4.814431
77,11,-15,6.39453875
77,12,0,7.57712525
77,13,15,6.3956055
77,14,30,4.75161825
77,15,45,2.584547
77,16,60,0.895819
77,17,75,0.06569925
77,18,90,0.00069025
77,19,105,0.31080075
77,20,120,0.61513825
77,21,135,0.745972
77,22,150,0.7553845
77,23,165,0.76134575
77,24,180,0.784375
78,1,-165,0.55540025
78,2,-150,0.3914345
78,3,-135,0.16145575
78,4,-120,0.01311475
78,5,-105,0.00194525
78,6,-90,0.081073
78,7,-75,0.38396725
78,8,-60,1.43314725
78,9,-45,3.15488175
78,10,-30,4.22552225
78,11,-15,4.08897825
78,12,0,3.98757425
78,13,15,4.08973125
78,14,30,4.2252085
78,15,45,3.1722635
78,16,60,1.62566425
78,17,75,0.38434375
78,18,90,0.081073
78,19,105,0
78,20,120,0.013303
78,21,135,0.16145575
78,22,150,0.39061875
78,23,165,0.55540025
78,24,180,0.58734
79,1,-165,0.83802625
79,2,-150,0.1760765
79,3,-135,0.0094125
79,4,-120,0.30916925
79,5,-105,0.7661775
79,6,-90,1.02351525
79,7,-75,0.82547625
79,8,-60,0.259534
79,9,-45,6.28E-05
79,10,-30,0.32146825
79,11,-15,0.964091
79,12,0,1.33211975
79,13,15,0.963338
79,14,30,0.32128
79,15,45,0
79,16,60,0.25947125
79,17,75,0.82535075
79,18,90,1.02326425
79,19,105,0.7674325
79,20,120,0.30879275
79,21,135,0.00909875
79,22,150,0.1770805
79,23,165,0.83834
79,24,180,1.33174325
80,1,-165,4.50350475
80,2,-150,3.45131275
80,3,-135,2.31352975
80,4,-120,1.623468
80,5,-105,1.00255675
80,6,-90,0.0011295
80,7,-75,0.12995525
80,8,-60,0.7491095
80,9,-45,1.1411715
80,10,-30,1.22946075
80,11,-15,1.22494275
80,12,0,1.21126325
80,13,15,1.22494275
80,14,30,1.2297745
80,15,45,1.14286575
80,16,60,0.74929775
80,17,75,0.129767
80,18,90,0
80,19,105,1.0031215
80,20,120,1.62327975
80,21,135,2.307945
80,22,150,3.45125
80,23,165,4.50350475
80,24,180,4.9149565
81,1,-165,5.28411475
81,2,-150,5.01140325
81,3,-135,5.48240475
81,4,-120,8.4015975
81,5,-105,8.863563
81,6,-90,8.169046
81,7,-75,6.32513725
81,8,-60,4.12123175
81,9,-45,1.99099475
81,10,-30,0.5299865
81,11,-15,0
81,12,0,0.2714565
81,13,15,0.0618715
81,14,30,0.530112
81,15,45,1.9704755
81,16,60,4.1258125
81,17,75,6.3403855
81,18,90,8.16835575
81,19,105,8.86400225
81,20,120,8.4003425
81,21,135,5.48993475
81,22,150,5.01140325
81,23,165,5.27495325
81,24,180,6.10626525
82,1,-165,0.01236175
82,2,-150,0.98900275
82,3,-135,2.430182
82,4,-120,4.37700075
82,5,-105,6.35387675
82,6,-90,7.28734575
82,7,-75,5.5936605
82,8,-60,4.37850675
82,9,-45,1.437979
82,10,-30,2.22605625
82,11,-15,2.8534935
82,12,0,2.4875355
82,13,15,2.867675
82,14,30,2.22643275
82,15,45,1.43214325
82,16,60,5.80857925
82,17,75,6.7703485
82,18,90,7.2429815
82,19,105,4.06224675
82,20,120,2.33373525
82,21,135,0.57861775
82,22,150,0.9860535
82,23,165,0.0134285
82,24,180,0
83,1,-165,3.45532875
83,2,-150,2.5753855
83,3,-135,1.75605875
83,4,-120,1.95133675
83,5,-105,0.65529825
83,6,-90,0.12644125
83,7,-75,0.93164925
83,8,-60,0.0003765
83,9,-45,0.24742325
83,10,-30,1.83700625
83,11,-15,4.3512105
83,12,0,7.323678
83,13,15,4.40461075
83,14,30,1.86493
83,15,45,0.262044
83,16,60,0
83,17,75,0.93121
83,18,90,2.32532675
83,19,105,1.5829315
83,20,120,2.1559645
83,21,135,1.765785
83,22,150,2.578272
83,23,165,3.45570525
83,24,180,3.860631
84,1,-165,3.68474275
84,2,-150,4.36620775
84,3,-135,5.2023515
84,4,-120,5.41927825
84,5,-105,4.60252425
84,6,-90,2.9373275
84,7,-75,1.1502075
84,8,-60,0.000251
84,9,-45,0.03972075
84,10,-30,1.25117225
84,11,-15,3.1361195
84,12,0,4.42443975
84,13,15,3.135743
84,14,30,1.249478
84,15,45,0.03972075
84,16,60,0
84,17,75,1.1502075
84,18,90,2.938206
84,19,105,4.5999515
84,20,120,5.42053325
84,21,135,5.20072
84,22,150,4.36620775
84,23,165,3.68474275
84,24,180,3.53627625
85,1,-165,8.4269485
85,2,-150,8.43705125
85,3,-135,8.68303125
85,4,-120,9.202162
85,5,-105,9.7642765
85,6,-90,10.12088475
85,7,-75,9.68941575
85,8,-60,8.04423625
85,9,-45,5.5642935
85,10,-30,3.11371775
85,11,-15,0.93604175
85,12,0,0
85,13,15,0.27189575
85,14,30,1.73698275
85,15,45,4.0889155
85,16,60,6.703457
85,17,75,8.69846775
85,18,90,9.00544075
85,19,105,8.20864125
85,20,120,7.48174525
85,21,135,7.405002
85,22,150,7.88949475
85,23,165,8.6990325
85,24,180,8.756386
86,1,-165,6.742111
86,2,-150,6.9831965
86,3,-135,7.27115625
86,4,-120,7.448174
86,5,-105,6.60111175
86,6,-90,4.75902275
86,7,-75,2.88901
86,8,-60,2.66455325
86,9,-45,1.37002075
86,10,-30,0.5430385
86,11,-15,0.10824375
86,12,0,0
86,13,15,0.1203545
86,14,30,0.54372875
86,15,45,1.37140125
86,16,60,2.66455325
86,17,75,2.89070425
86,18,90,4.74873175
86,19,105,6.59998225
86,20,120,7.450182
86,21,135,7.27253675
86,22,150,6.97961975
86,23,165,6.731569
86,24,180,6.685636
87,1,-165,4.010478
87,2,-150,1.25506275
87,3,-135,0.02403325
87,4,-120,0.00759275
87,5,-105,0.5186915
87,6,-90,0.77891575
87,7,-75,0.49189725
87,8,-60,0.00583575
87,9,-45,0.001506
87,10,-30,1.1248565
87,11,-15,3.54945375
87,12,0,6.7434915
87,13,15,3.5500185
87,14,30,1.1243545
87,15,45,0
87,16,60,0.0064005
87,17,75,0.49239925
87,18,90,0.777849
87,19,105,0.51875425
87,20,120,0.0048945
87,21,135,0.02259
87,22,150,1.24903875
87,23,165,4.00928575
87,24,180,7.62468975
88,1,-165,0.00031375
88,2,-150,0.59844675
88,3,-135,1.41595375
88,4,-120,1.83010375
88,5,-105,1.78153525
88,6,-90,1.59027325
88,7,-75,1.6353905
88,8,-60,2.523554
88,9,-45,2.997693
88,10,-30,3.35894475
88,11,-15,3.9975515
88,12,0,4.38089125
88,13,15,3.99811625
88,14,30,3.3537365
88,15,45,2.99700275
88,16,60,2.52361675
88,17,75,1.6368965
88,18,90,1.592093
88,19,105,1.78153525
88,20,120,1.83010375
88,21,135,1.42749975
88,22,150,0.59982725
88,23,165,0
88,24,180,0.37857075
89,1,-165,0.53293575
89,2,-150,2.0723815
89,3,-135,4.20857975
89,4,-120,6.2771335
89,5,-105,8.00620975
89,6,-90,9.91079775
89,7,-75,10.9148605
89,8,-60,12.8478115
89,9,-45,12.19075625
89,10,-30,11.27222175
89,11,-15,11.0968355
89,12,0,11.74749025
89,13,15,12.985987
89,14,30,7.54763275
89,15,45,7.1784745
89,16,60,7.26965025
89,17,75,7.15255875
89,18,90,6.743115
89,19,105,6.3019825
89,20,120,5.04930425
89,21,135,3.15663875
89,22,150,1.17750375
89,23,165,0.59192075
89,24,180,0
90,1,-165,0.230669
90,2,-150,1.4790175
90,3,-135,3.55911725
90,4,-120,6.12295675
90,5,-105,11.203134
90,6,-90,11.6869365
90,7,-75,11.27774375
90,8,-60,9.787745
90,9,-45,8.08075675
90,10,-30,6.7921855
90,11,-15,6.0160935
90,12,0,5.7761375
90,13,15,5.976561
90,14,30,6.795323
90,15,45,8.08703175
90,16,60,9.8006715
90,17,75,11.28866225
90,18,90,11.6989845
90,19,105,11.19711
90,20,120,6.122392
90,21,135,3.5572975
90,22,150,1.47882925
90,23,165,0.232677
90,24,180,0
91,1,-165,4.01305075
91,2,-150,2.68777075
91,3,-135,2.141532
91,4,-120,2.202274
91,5,-105,2.559196
91,6,-90,2.7952615
91,7,-75,2.465071
91,8,-60,1.90439975
91,9,-45,0.32309975
91,10,-30,0.001004
91,11,-15,0.27101725
91,12,0,0.861683
91,13,15,0.27177025
91,14,30,0
91,15,45,0.3236645
91,16,60,1.9042115
91,17,75,2.4659495
91,18,90,2.7970185
91,19,105,2.56076475
91,20,120,2.201521
91,21,135,2.14121825
91,22,150,2.69015525
91,23,165,4.012235
91,24,180,5.95372
92,1,-165,0.14915675
92,2,-150,0.492964
92,3,-135,1.29948975
92,4,-120,2.707035
92,5,-105,4.598069
92,6,-90,6.49908025
92,7,-75,7.790287
92,8,-60,8.15969625
92,9,-45,1.886014
92,10,-30,0.3610635
92,11,-15,0
92,12,0,0.15329825
92,13,15,0.0786885
92,14,30,0.28770875
92,15,45,1.29045375
92,16,60,3.2274835
92,17,75,5.980075
92,18,90,8.85960975
92,19,105,10.70621675
92,20,120,3.5562935
92,21,135,1.449525
92,22,150,0.3078515
92,23,165,0.05314925
92,24,180,0.1474625
93,1,-165,1.90716075
93,2,-150,0.2563965
93,3,-135,0
93,4,-120,0
93,5,-105,0.012299
93,6,-90,0.6052865
93,7,-75,2.1742875
93,8,-60,3.75928975
93,9,-45,5.53536575
93,10,-30,8.90002075
93,11,-15,11.431293
93,12,0,10.9489965
93,13,15,9.915504
93,14,30,6.8238115
93,15,45,4.7206825
93,16,60,4.26405075
93,17,75,4.714533
93,18,90,4.572969
93,19,105,6.3594615
93,20,120,9.719724
93,21,135,9.17411275
93,22,150,7.62707425
93,23,165,5.828722
93,24,180,4.28287575
94,1,-165,0.0872225
94,2,-150,0.351651
94,3,-135,0.80200775
94,4,-120,1.3623025
94,5,-105,1.83951625
94,6,-90,2.06416125
94,7,-75,1.94957975
94,8,-60,1.5485445
94,9,-45,1.05288225
94,10,-30,0.661134
94,11,-15,0.45801225
94,12,0,0.40015675
94,13,15,0.456318
94,14,30,0.661134
94,15,45,1.052945
94,16,60,1.548921
94,17,75,1.949015
94,18,90,2.0615885
94,19,105,1.83951625
94,20,120,1.36236525
94,21,135,0.8020705
94,22,150,0.35158825
94,23,165,0.08640675
94,24,180,0
95,1,-165,1.96978525
95,2,-150,3.543618
95,3,-135,6.06547775
95,4,-120,7.36038675
95,5,-105,9.003621
95,6,-90,10.76946875
95,7,-75,11.0760025
95,8,-60,7.41133975
95,9,-45,3.901795
95,10,-30,1.417146
95,11,-15,0.1489685
95,12,0,0
95,13,15,0.14827825
95,14,30,1.41633025
95,15,45,3.90474425
95,16,60,7.41849325
95,17,75,11.077634
95,18,90,10.7630055
95,19,105,9.0009855
95,20,120,7.35938275
95,21,135,6.08894625
95,22,150,0.97532325
95,23,165,1.97053825
95,24,180,0.94670925
96,1,-165,4.6365975
96,2,-150,2.9699575
96,3,-135,1.68565325
96,4,-120,0.6504665
96,5,-105,0.01650325
96,6,-90,0.32899825
96,7,-75,1.01749125
96,8,-60,0.64437975
96,9,-45,0.7594005
96,10,-30,1.41564
96,11,-15,2.266781
96,12,0,3.59250025
96,13,15,2.266781
96,14,30,1.4155145
96,15,45,0.7594005
96,16,60,0.64425425
96,17,75,1.0171775
96,18,90,0.330567
96,19,105,0
96,20,120,0.66759725
96,21,135,1.682202
96,22,150,2.969832
96,23,165,4.635719
96,24,180,6.588248
97,1,-165,6.37621575
97,2,-150,6.623388
97,3,-135,7.12883925
97,4,-120,8.0351375
97,5,-105,9.333435
97,6,-90,10.82029625
97,7,-75,5.9049005
97,8,-60,3.6401275
97,9,-45,1.92171875
97,10,-30,0.8018195
97,11,-15,0.19132475
97,12,0,0
97,13,15,0.19396025
97,14,30,0.80489425
97,15,45,1.92460525
97,16,60,3.6391235
97,17,75,5.90458675
97,18,90,10.81703325
97,19,105,9.333686
97,20,120,8.0351375
97,21,135,7.12695675
97,22,150,6.6217565
97,23,165,6.37696875
97,24,180,6.3047435
98,1,-165,0.07599025
98,2,-150,0.73323375
98,3,-135,1.701278
98,4,-120,2.86911825
98,5,-105,4.00614825
98,6,-90,4.60679125
98,7,-75,3.87085925
98,8,-60,2.6707655
98,9,-45,1.50480775
98,10,-30,0.60698075
98,11,-15,0
98,12,0,0.67023275
98,13,15,0.0003765
98,14,30,0.60742
98,15,45,1.50907475
98,16,60,2.66618475
98,17,75,3.870922
98,18,90,4.60679125
98,19,105,3.993912
98,20,120,2.8652905
98,21,135,1.69676
98,22,150,0.734175
98,23,165,0.02691975
98,24,180,0.6720525
99,1,-165,0.199294
99,2,-150,0.7990585
99,3,-135,1.7646555
99,4,-120,2.91254125
99,5,-105,3.927397
99,6,-90,4.44521
99,7,-75,4.2934805
99,8,-60,3.58371525
99,9,-45,2.73219775
99,10,-30,2.0713775
99,11,-15,1.72116975
99,12,0,1.62792325
99,13,15,1.7212325
99,14,30,2.07131475
99,15,45,2.7300015
99,16,60,3.58371525
99,17,75,4.3015125
99,18,90,4.44740625
99,19,105,3.9265185
99,20,120,2.912855
99,21,135,1.76471825
99,22,150,0.79899575
99,23,165,0.199294
99,24,180,0
100,1,-165,14.41172975
100,2,-150,13.2105065
100,3,-135,12.84536425
100,4,-120,12.86205575
100,5,-105,12.82980225
100,6,-90,12.1327125
100,7,-75,10.411229
100,8,-60,7.85033875
100,9,-45,4.95367325
100,10,-30,2.356388
100,11,-15,0.60610225
100,12,0,0
100,13,15,0.603906
100,14,30,2.35632525
100,15,45,4.96685075
100,16,60,7.85222125
100,17,75,10.41116625
100,18,90,12.12361375
100,19,105,12.82967675
100,20,120,12.86117725
100,21,135,12.8458035
100,22,150,13.210632
100,23,165,14.415181
100,24,180,16.30928975
101,1,-165,4.23744475
101,2,-150,4.57742425
101,3,-135,4.990884
101,4,-120,5.350818
101,5,-105,5.60213175
101,6,-90,5.80657125
101,7,-75,6.1029395
101,8,-60,6.5477115
101,9,-45,7.1784745
101,10,-30,7.77905475
101,11,-15,8.18969075
101,12,0,2.77210675
101,13,15,2.3085725
101,14,30,2.04533625
101,15,45,1.1873555
101,16,60,0.152106
101,17,75,0
101,18,90,0.6800845
101,19,105,1.843595
101,20,120,2.85117175
101,21,135,3.47063975
101,22,150,4.5773615
101,23,165,4.23706825
101,24,180,4.10636
102,1,-165,2.3005405
102,2,-150,1.6946265
102,3,-135,0.947776
102,4,-120,0.21717775
102,5,-105,0
102,6,-90,0.49202275
102,7,-75,1.316997
102,8,-60,1.940732
102,9,-45,2.09365375
102,10,-30,1.8429675
102,11,-15,1.507757
102,12,0,1.33783
102,13,15,1.5043685
102,14,30,1.84290475
102,15,45,2.07545625
102,16,60,1.941485
102,17,75,1.31216525
102,18,90,0.49202275
102,19,105,0.001004
102,20,120,0.2177425
102,21,135,0.947776
102,22,150,1.69368525
102,23,165,2.30097975
102,24,180,2.4867825
103,1,-165,2.2297585
103,2,-150,3.47791875
103,3,-135,4.26951
103,4,-120,4.15197925
103,5,-105,3.10104225
103,6,-90,1.703788
103,7,-75,0.9463955
103,8,-60,0.74967425
103,9,-45,0.93240225
103,10,-30,1.61487125
103,11,-15,2.9907905
103,12,0,4.06362725
103,13,15,4.3040225
103,14,30,3.64633975
103,15,45,2.50039925
103,16,60,1.8509995
103,17,75,0.30873
103,18,90,0
103,19,105,0.435987
103,20,120,0.969111
103,21,135,0.5796845
103,22,150,0.06645225
103,23,165,0.17475875
103,24,180,1.71690275
104,1,-165,1.1604985
104,2,-150,1.78467275
104,3,-135,2.389269
104,4,-120,2.530582
104,5,-105,2.01873025
104,6,-90,1.1484505
104,7,-75,0.1185975
104,8,-60,0
104,9,-45,0.61815025
104,10,-30,1.7887515
104,11,-15,2.850105
104,12,0,3.23595475
104,13,15,2.850858
104,14,30,1.789379
104,15,45,0.61865225
104,16,60,0
104,17,75,0.11928775
104,18,90,1.15001925
104,19,105,2.0199225
104,20,120,2.53252725
104,21,135,2.3881395
104,22,150,1.78668075
104,23,165,1.15943175
104,24,180,0.8886655
105,1,-165,0.577049
105,2,-150,1.80638425
105,3,-135,2.64321825
105,4,-120,3.2736675
105,5,-105,3.499693
105,6,-90,1.54245775
105,7,-75,0.46089875
105,8,-60,0.7802335
105,9,-45,2.32093425
105,10,-30,4.1893155
105,11,-15,4.6119995
105,12,0,5.258701
105,13,15,3.82831475
105,14,30,2.1486855
105,15,45,1.162381
105,16,60,1.09944275
105,17,75,1.1409205
105,18,90,2.79168475
105,19,105,4.682656
105,20,120,5.46972925
105,21,135,4.43159325
105,22,150,2.370444
105,23,165,0.6371635
105,24,180,0
106,1,-165,12.0365795
106,2,-150,12.16452675
106,3,-135,12.63239075
106,4,-120,13.28649675
106,5,-105,11.696851
106,6,-90,9.7989145
106,7,-75,7.4405185
106,8,-60,4.8002495
106,9,-45,2.52537375
106,10,-30,0.98084525
106,11,-15,0.20663575
106,12,0,0
106,13,15,0.192266
106,14,30,0.98097075
106,15,45,2.51909875
106,16,60,4.805897
106,17,75,7.4405185
106,18,90,9.804813
106,19,105,11.6967255
106,20,120,12.988246
106,21,135,12.63653225
106,22,150,12.16590725
106,23,165,12.0325635
106,24,180,12.741262
107,1,-165,0
107,2,-150,0.1163385
107,3,-135,0.38785775
107,4,-120,0.7340495
107,5,-105,1.04221475
107,6,-90,1.18578675
107,7,-75,1.00293325
107,8,-60,0.689497
107,9,-45,0.3306925
107,10,-30,0.08326925
107,11,-15,0.0008785
107,12,0,0.09255625
107,13,15,0.00094125
107,14,30,0.0827045
107,15,45,0.3299395
107,16,60,0.6911285
107,17,75,1.00318425
107,18,90,1.18917525
107,19,105,1.038136
107,20,120,0.733924
107,21,135,0.38785775
107,22,150,0.115962
107,23,165,0.00031375
107,24,180,0.09079925
108,1,-165,1.354145
108,2,-150,1.913373
108,3,-135,2.20735675
108,4,-120,1.7689225
108,5,-105,0.7312885
108,6,-90,0.095882
108,7,-75,0
108,8,-60,0.22684125
108,9,-45,1.12027575
108,10,-30,2.4147455
108,11,-15,3.82630675
108,12,0,5.06687425
108,13,15,4.02447125
108,14,30,2.63907675
108,15,45,1.37729975
108,16,60,0.5927365
108,17,75,0.385787
108,18,90,0.63270825
108,19,105,1.30777275
108,20,120,2.039375
108,21,135,2.3309115
108,22,150,1.90188975
108,23,165,1.3462385
108,24,180,1.1050275
109,1,-165,4.34449625
109,2,-150,4.41389775
109,3,-135,4.46911775
109,4,-120,4.48894675
109,5,-105,4.5181255
109,6,-90,4.65674025
109,7,-75,4.9603875
109,8,-60,5.400516
109,9,-45,5.85049625
109,10,-30,5.7046025
109,11,-15,5.7407465
109,12,0,1.07020125
109,13,15,0.34594075
109,14,30,0
109,15,45,0.08276725
109,16,60,0.69307375
109,17,75,1.89260275
109,18,90,4.65510875
109,19,105,4.51555275
109,20,120,4.491645
109,21,135,4.47012175
109,22,150,4.41402325
109,23,165,4.3444335
109,24,180,4.24823775
110,1,-165,6.82186625
110,2,-150,7.52077575
110,3,-135,7.087236
110,4,-120,5.72750625
110,5,-105,4.40009275
110,6,-90,3.85868575
110,7,-75,4.50915225
110,8,-60,3.0731185
110,9,-45,1.84943075
110,10,-30,1.499976
110,11,-15,1.665385
110,12,0,1.296917
110,13,15,0.1718095
110,14,30,0
110,15,45,0.7907755
110,16,60,2.233147
110,17,75,3.63215825
110,18,90,6.572686
110,19,105,6.6016765
110,20,120,6.4254745
110,21,135,6.2723645
110,22,150,6.048347
110,23,165,6.00900275
110,24,180,6.22298025
111,1,-165,3.03264475
111,2,-150,1.70297225
111,3,-135,0.47633525
111,4,-120,0.0006275
111,5,-105,0.38898725
111,6,-90,1.551682
111,7,-75,2.89522225
111,8,-60,3.5944455
111,9,-45,3.106878
111,10,-30,1.742944
111,11,-15,0.477904
111,12,0,0
111,13,15,0.47796675
111,14,30,1.7458305
111,15,45,3.1067525
111,16,60,3.59463375
111,17,75,2.8954105
111,18,90,1.54936025
111,19,105,0.38886175
111,20,120,0.0006275
111,21,135,0.4762725
111,22,150,1.70146625
111,23,165,3.032582
111,24,180,3.60630525
112,1,-165,7.7720895
112,2,-150,7.219011
112,3,-135,6.07388625
112,4,-120,4.74396275
112,5,-105,3.83019725
112,6,-90,3.40607
112,7,-75,3.858874
112,8,-60,2.71582
112,9,-45,1.7480895
112,10,-30,0.9940855
112,11,-15,0.483175
112,12,0,0.482422
112,13,15,0
112,14,30,0.127006
112,15,45,0.86475775
112,16,60,1.95108575
112,17,75,3.12815025
112,18,90,3.40625825
112,19,105,3.83019725
112,20,120,4.744653
112,21,135,6.072694
112,22,150,7.22032875
112,23,165,7.771964
112,24,180,8.2073235
113,1,-165,0.109687
113,2,-150,0.56907975
113,3,-135,0.92010325
113,4,-120,0.96465575
113,5,-105,0.74603475
113,6,-90,0.68453975
113,7,-75,1.42637025
113,8,-60,1.7345355
113,9,-45,3.16278825
113,10,-30,4.9852365
113,11,-15,6.27895325
113,12,0,6.6596575
113,13,15,6.2783885
113,14,30,4.9852365
113,15,45,3.14659875
113,16,60,2.07068725
113,17,75,1.160373
113,18,90,0.6851045
113,19,105,0.7455955
113,20,120,0.964593
113,21,135,0.91935025
113,22,150,0.56977
113,23,165,0.1100635
113,24,180,0
114,1,-165,3.482123
114,2,-150,2.51382775
114,3,-135,1.6002505
114,4,-120,0.88069625
114,5,-105,0.15856925
114,6,-90,0.003765
114,7,-75,0.256522
114,8,-60,1.095615
114,9,-45,1.75957275
114,10,-30,2.68864925
114,11,-15,3.5535325
114,12,0,3.903301
114,13,15,3.552403
114,14,30,2.69002975
114,15,45,1.75982375
114,16,60,1.092101
114,17,75,0.25853
114,18,90,0
114,19,105,0.1575025
114,20,120,0.87919025
114,21,135,1.6010035
114,22,150,2.5136395
114,23,165,3.4814955
114,24,180,3.90261075
115,1,-165,3.12978175
115,2,-150,2.641273
115,3,-135,1.63903
115,4,-120,0.54749375
115,5,-105,0.015311
115,6,-90,0.3620675
115,7,-75,0.20814175
115,8,-60,1.13452
115,9,-45,2.5302055
115,10,-30,3.413851
115,11,-15,3.543367
115,12,0,3.483127
115,13,15,3.177409
115,14,30,2.707035
115,15,45,1.7242445
115,16,60,0.51222825
115,17,75,0
115,18,90,0.44671725
115,19,105,0.28582625
115,20,120,1.150333
115,21,135,2.37966825
115,22,150,3.35367375
115,23,165,3.54230025
115,24,180,3.47465575
116,1,-165,5.5778475
116,2,-150,5.98126725
116,3,-135,6.75560225
116,4,-120,7.51148875
116,5,-105,8.07561125
116,6,-90,7.97533675
116,7,-75,6.856316
116,8,-60,4.97475725
116,9,-45,2.96399625
116,10,-30,1.3126045
116,11,-15,0.32874725
116,12,0,0
116,13,15,0.327304
116,14,30,1.31693425
116,15,45,2.95621525
116,16,60,4.97638875
116,17,75,6.8559395
116,18,90,7.98926725
116,19,105,8.0755485
116,20,120,7.51098675
116,21,135,6.75359425
116,22,150,5.98063975
116,23,165,5.5914015
116,24,180,5.52745925
117,1,-165,0.22841
117,2,-150,1.046168
117,3,-135,2.43827675
117,4,-120,4.26856875
117,5,-105,6.3228155
117,6,-90,8.174819
117,7,-75,9.2118255
117,8,-60,9.59453775
117,9,-45,10.0054875
117,10,-30,10.70370675
117,11,-15,10.92270425
117,12,0,10.51784125
117,13,15,9.912994
117,14,30,9.43402325
117,15,45,9.23761575
117,16,60,9.23447825
117,17,75,9.08299975
117,18,90,8.157751
117,19,105,6.3765295
117,20,120,4.414839
117,21,135,2.64008075
117,22,150,1.24991725
117,23,165,0.356671
117,24,180,0
118,1,-165,0.32121725
118,2,-150,0
118,3,-135,0.01223625
118,4,-120,0.762287
118,5,-105,1.96903225
118,6,-90,3.126456
118,7,-75,4.105105
118,8,-60,5.38263225
118,9,-45,7.17251325
118,10,-30,9.38809025
118,11,-15,11.6076205
118,12,0,12.65887125
118,13,15,11.59814525
118,14,30,9.3965615
118,15,45,7.17163475
118,16,60,5.38275775
118,17,75,4.10466575
118,18,90,3.1248245
118,19,105,1.9689695
118,20,120,0.762287
118,21,135,0.0126755
118,22,150,0.00031375
118,23,165,0.3201505
118,24,180,0.3695975
119,1,-165,3.20269725
119,2,-150,2.2608825
119,3,-135,1.07760575
119,4,-120,0.33401825
119,5,-105,0.0003765
119,6,-90,0.24102275
119,7,-75,1.0096475
119,8,-60,1.96351025
119,9,-45,2.69392025
119,10,-30,3.259988
119,11,-15,3.77849125
119,12,0,4.2759105
119,13,15,3.77874225
119,14,30,3.26218425
119,15,45,2.6958655
119,16,60,1.9604355
119,17,75,1.009522
119,18,90,0.23845
119,19,105,0
119,20,120,0.33376725
119,21,135,1.0819355
119,22,150,2.26056875
119,23,165,3.2033875
119,24,180,3.66591775
120,1,-165,0.1158365
120,2,-150,0.64776825
120,3,-135,1.5028625
120,4,-120,2.61209425
120,5,-105,3.78501725
120,6,-90,4.93033025
120,7,-75,3.729609
120,8,-60,2.49261825
120,9,-45,1.36136125
120,10,-30,0.5535805
120,11,-15,0.08427325
120,12,0,0.00495725
120,13,15,0.08515175
120,14,30,0.55552575
120,15,45,1.35998075
120,16,60,2.48998275
120,17,75,3.72766375
120,18,90,4.930393
120,19,105,3.78564475
120,20,120,2.61560825
120,21,135,1.50418025
120,22,150,0.6441915
120,23,165,0.117217
120,24,180,0
121,1,-165,0.81129475
121,2,-150,0.43667725
121,3,-135,0.158883
121,4,-120,0.00169425
121,5,-105,0.04398775
121,6,-90,1.04874075
121,7,-75,0.88144925
121,8,-60,0.821523
121,9,-45,0.82572725
121,10,-30,0.90165475
121,11,-15,1.057463
121,12,0,1.54509325
121,13,15,1.05664725
121,14,30,0.898078
121,15,45,0.82547625
121,16,60,0.8183855
121,17,75,0.880508
121,18,90,1.047674
121,19,105,0.04122675
121,20,120,0
121,21,135,0.15743975
121,22,150,0.440254
121,23,165,0.805961
121,24,180,1.04334425
122,1,-165,0.12380575
122,2,-150,1.15303125
122,3,-135,2.0666085
122,4,-120,2.389269
122,5,-105,2.021303
122,6,-90,1.14198725
122,7,-75,0.151102
122,8,-60,0
122,9,-45,0.131022
122,10,-30,1.161126
122,11,-15,2.06127475
122,12,0,2.39610875
122,13,15,2.06516525
122,14,30,1.170915
122,15,45,0.130771
122,16,60,0.0023845
122,17,75,0.14990975
122,18,90,1.140293
122,19,105,2.0239385
122,20,120,2.38795125
122,21,135,2.06993425
122,22,150,1.15190175
122,23,165,0.1263785
122,24,180,0.030371
123,1,-165,1.21076125
123,2,-150,0.4905795
123,3,-135,0.273088
123,4,-120,0.6351555
123,5,-105,1.32684875
123,6,-90,1.92121675
123,7,-75,2.028331
123,8,-60,1.55776875
123,9,-45,0.7626635
123,10,-30,0.140811
123,11,-15,0
123,12,0,0.081826
123,13,15,0.0006275
123,14,30,0.1404345
123,15,45,0.76247525
123,16,60,1.5565765
123,17,75,2.028582
123,18,90,1.922911
123,19,105,1.3269115
123,20,120,0.63860675
123,21,135,0.27302525
123,22,150,0.49051675
123,23,165,1.21339675
123,24,180,1.6865945
124,1,-165,2.33875525
124,2,-150,0.64325025
124,3,-135,0.0759275
124,4,-120,0.39488575
124,5,-105,1.00117625
124,6,-90,1.15541575
124,7,-75,0.65228625
124,8,-60,6.27E-05
124,9,-45,0.3495175
124,10,-30,2.3969245
124,11,-15,6.0336635
124,12,0,10.93751325
124,13,15,6.10576325
124,14,30,2.39472825
124,15,45,0.34744675
124,16,60,0
124,17,75,0.64576025
124,18,90,1.15679625
124,19,105,1.0016155
124,20,120,0.39739575
124,21,135,0.07147225
124,22,150,0.85873375
124,23,165,2.33681
124,24,180,4.491394
125,1,-165,1.92824475
125,2,-150,1.09241475
125,3,-135,0.3936935
125,4,-120,0.149094
125,5,-105,0.49704275
125,6,-90,1.48046075
125,7,-75,2.55135225
125,8,-60,2.81377275
125,9,-45,2.17384825
125,10,-30,1.15139975
125,11,-15,0.3123695
125,12,0,0
125,13,15,0.3123695
125,14,30,1.1517135
125,15,45,2.17366
125,16,60,2.8135845
125,17,75,2.5530465
125,18,90,1.484665
125,19,105,0.49698
125,20,120,0.1492195
125,21,135,0.39363075
125,22,150,1.09254025
125,23,165,1.92811925
125,24,180,2.33662175
126,1,-165,0.00119225
126,2,-150,0.13409675
126,3,-135,0.86362825
126,4,-120,2.18790425
126,5,-105,3.79543375
126,6,-90,5.042088
126,7,-75,3.88579375
126,8,-60,2.2664045
126,9,-45,0.904604
126,10,-30,0.14765075
126,11,-15,0.00056475
126,12,0,0.0801945
126,13,15,0
126,14,30,0.148592
126,15,45,0.904604
126,16,60,2.2684125
126,17,75,3.8866095
126,18,90,5.0429665
126,19,105,3.79468075
126,20,120,2.1837
126,21,135,0.86312625
126,22,150,0.1359165
126,23,165,0.000753
126,24,180,0.0811985
127,1,-165,2.064977
127,2,-150,2.467581
127,3,-135,3.5593055
127,4,-120,3.7701455
127,5,-105,2.72014975
127,6,-90,1.42448775
127,7,-75,0.29523875
127,8,-60,0.1534865
127,9,-45,1.3748525
127,10,-30,3.47277325
127,11,-15,5.23429125
127,12,0,5.70253175
127,13,15,4.460019
127,14,30,2.56227075
127,15,45,0.777096
127,16,60,0.32824525
127,17,75,0.694768
127,18,90,2.03316275
127,19,105,3.3313975
127,20,120,3.7786795
127,21,135,3.10028925
127,22,150,1.70861975
127,23,165,0.447784
127,24,180,0
128,1,-165,1.75430175
128,2,-150,1.1848455
128,3,-135,0.6921325
128,4,-120,0.467111
128,5,-105,0.72457425
128,6,-90,1.31022
128,7,-75,1.83499825
128,8,-60,2.21476125
128,9,-45,2.4895435
128,10,-30,2.6903435
128,11,-15,2.78992775
128,12,0,2.80373275
128,13,15,2.8236245
128,14,30,2.33348425
128,15,45,1.990179
128,16,60,1.56981675
128,17,75,1.1138125
128,18,90,0.55803575
128,19,105,0.15380025
128,20,120,0
128,21,135,0.253008
128,22,150,0.82811175
128,23,165,1.43766525
128,24,180,2.06202775
129,1,-165,1.02853525
129,2,-150,0.471378
129,3,-135,0.56267925
129,4,-120,1.0995055
129,5,-105,0.57347225
129,6,-90,0.9955915
129,7,-75,0.850639
129,8,-60,0.346129
129,9,-45,0
129,10,-30,0.214856
129,11,-15,1.0698875
129,12,0,2.4764915
129,13,15,1.294658
129,14,30,0.58752825
129,15,45,0.503506
129,16,60,0.98649275
129,17,75,0.53644975
129,18,90,0.971119
129,19,105,0.88734775
129,20,120,0.45324325
129,21,135,0.05766725
129,22,150,0.07611575
129,23,165,0.79259525
129,24,180,2.20308975
130,1,-165,3.824738
130,2,-150,5.65672425
130,3,-135,3.77422425
130,4,-120,7.7218895
130,5,-105,7.635671
130,6,-90,6.836487
130,7,-75,5.7053555
130,8,-60,4.91627425
130,9,-45,4.49020175
130,10,-30,5.90923025
130,11,-15,4.09475125
130,12,0,0
130,13,15,3.751948
130,14,30,2.72554625
130,15,45,3.52146725
130,16,60,7.71015525
130,17,75,7.6239995
130,18,90,6.86880325
130,19,105,5.839264
130,20,120,5.017239
130,21,135,4.55508525
130,22,150,5.8750315
130,23,165,4.0035755
130,24,180,0.004267
131,1,-165,6.10312775
131,2,-150,6.5075515
131,3,-135,7.4658695
131,4,-120,8.93058
131,5,-105,10.58435625
131,6,-90,8.39551075
131,7,-75,5.69926875
131,8,-60,3.57467925
131,9,-45,1.9150045
131,10,-30,0.646325
131,11,-15,0.00119225
131,12,0,0.0330065
131,13,15,0
131,14,30,0.6472035
131,15,45,1.91262
131,16,60,3.57756575
131,17,75,5.6827655
131,18,90,8.39563625
131,19,105,10.591698
131,20,120,8.92838375
131,21,135,7.47032475
131,22,150,6.505418
131,23,165,6.10275125
131,24,180,6.793064
132,1,-165,0.08534
132,2,-150,2.0299625
132,3,-135,4.78908
132,4,-120,6.2053475
132,5,-105,8.62185
132,6,-90,9.6691475
132,7,-75,7.2093475
132,8,-60,6.2128775
132,9,-45,7.40199
132,10,-30,6.823435
132,11,-15,6.82218
132,12,0,5.51447
132,13,15,4.8813225
132,14,30,4.4031675
132,15,45,3.6024775
132,16,60,1.903835
132,17,75,1.6810725
132,18,90,3.0954575
132,19,105,4.2952375
132,20,120,4.8694
132,21,135,4.3328875
132,22,150,4.1634625
132,23,165,1.83481
132,24,180,0
133,1,-165,7.826933
133,2,-150,3.7159295
133,3,-135,1.5590865
133,4,-120,0.65190975
133,5,-105,0.42211925
133,6,-90,0.3289355
133,7,-75,0.00144325
133,8,-60,0.24591725
133,9,-45,1.63369625
133,10,-30,4.19176275
133,11,-15,8.36225325
133,12,0,14.28133525
133,13,15,8.357798
133,14,30,4.20606975
133,15,45,1.637775
133,16,60,0.2435955
133,17,75,0
133,18,90,0.3289355
133,19,105,0.42450375
133,20,120,0.65128225
133,21,135,1.55990225
133,22,150,3.7191925
133,23,165,7.820156
133,24,180,14.66787525
134,1,-165,0.6095535
134,2,-150,2.29734025
134,3,-135,4.55094375
134,4,-120,6.54501325
134,5,-105,7.9922165
134,6,-90,8.5321175
134,7,-75,7.89200475
134,8,-60,6.3381265
134,9,-45,4.3092935
134,10,-30,2.15150925
134,11,-15,0.56224
134,12,0,6.28E-05
134,13,15,0.56224
134,14,30,2.1511955
134,15,45,4.30885425
134,16,60,6.32727075
134,17,75,7.891942
134,18,90,8.5321175
134,19,105,7.99215375
134,20,120,6.5386755
134,21,135,4.55295175
134,22,150,2.29558325
134,23,165,0.60949075
134,24,180,0
135,1,-165,1.86160425
135,2,-150,1.050184
135,3,-135,0.328057
135,4,-120,0
135,5,-105,0.17814725
135,6,-90,0.81505975
135,7,-75,1.692493
135,8,-60,1.857651
135,9,-45,1.31844025
135,10,-30,0.62091125
135,11,-15,0.23964225
135,12,0,0.42864525
135,13,15,0.239705
135,14,30,0.62091125
135,15,45,1.31818925
135,16,60,1.856647
135,17,75,1.69243025
135,18,90,0.81493425
135,19,105,0.180469
135,20,120,0
135,21,135,0.328559
135,22,150,1.050184
135,23,165,1.8610395
135,24,180,2.2729305
136,1,-165,4.58909575
136,2,-150,4.151289
136,3,-135,4.26179175
136,4,-120,4.8647565
136,5,-105,5.96055975
136,6,-90,7.64740525
136,7,-75,9.483031
136,8,-60,10.790741
136,9,-45,3.11058025
136,10,-30,0.817256
136,11,-15,0.21717775
136,12,0,0
136,13,15,0.21491875
136,14,30,1.25255275
136,15,45,3.11020375
136,16,60,10.78779175
136,17,75,9.48296825
136,18,90,7.648221
136,19,105,5.96055975
136,20,120,4.86481925
136,21,135,4.26128975
136,22,150,4.149281
136,23,165,4.589033
136,24,180,4.91238375
137,1,-165,4.0083445
137,2,-150,2.08838275
137,3,-135,1.15190175
137,4,-120,0.92022875
137,5,-105,1.32245625
137,6,-90,1.62227575
137,7,-75,0.815248
137,8,-60,0.0001255
137,9,-45,0.12895125
137,10,-30,1.38552
137,11,-15,3.700242
137,12,0,6.81716
137,13,15,3.70055575
137,14,30,1.385771
137,15,45,0.1271315
137,16,60,0
137,17,75,0.81531075
137,18,90,1.62428375
137,19,105,1.32735075
137,20,120,0.91985225
137,21,135,1.14989375
137,22,150,2.09013975
137,23,165,4.0003125
137,24,180,6.986334
138,1,-165,1.0663735
138,2,-150,1.3971915
138,3,-135,2.16192575
138,4,-120,2.66053725
138,5,-105,1.92749175
138,6,-90,0.8480035
138,7,-75,0.061244
138,8,-60,0
138,9,-45,0.10937325
138,10,-30,1.13947725
138,11,-15,2.18828075
138,12,0,2.79971675
138,13,15,2.801913
138,14,30,2.28755125
138,15,45,1.892791
138,16,60,2.462059
138,17,75,3.67809125
138,18,90,5.8923505
138,19,105,8.7577665
138,20,120,10.47642625
138,21,135,9.319128
138,22,150,6.68080425
138,23,165,3.78966075
138,24,180,1.99802275
139,1,-165,1.77074225
139,2,-150,1.13169625
139,3,-135,1.6303705
139,4,-120,1.69293225
139,5,-105,0.70825925
139,6,-90,0.00131775
139,7,-75,0.26913475
139,8,-60,0.439752
139,9,-45,1.78492375
139,10,-30,3.690955
139,11,-15,5.63112225
139,12,0,4.9636505
139,13,15,5.64869225
139,14,30,3.6945945
139,15,45,1.785363
139,16,60,0.049196
139,17,75,0.369472
139,18,90,0
139,19,105,0.70775725
139,20,120,1.69293225
139,21,135,2.35557225
139,22,150,2.51395325
139,23,165,1.7714325
139,24,180,1.45071725
140,1,-165,0.3372185
140,2,-150,1.19708175
140,3,-135,2.66311
140,4,-120,4.712525
140,5,-105,6.9713995
140,6,-90,9.09856175
140,7,-75,10.743804
140,8,-60,10.3029225
140,9,-45,9.830917
140,10,-30,10.07394775
140,11,-15,10.97164925
140,12,0,10.33260325
140,13,15,10.3920275
140,14,30,9.37177525
140,15,45,8.77389325
140,16,60,8.6109315
140,17,75,8.7720735
140,18,90,7.692899
140,19,105,5.45868525
140,20,120,3.61007025
140,21,135,2.6541995
140,22,150,1.047674
140,23,165,0.1730645
140,24,180,0
141,1,-165,0.2990665
141,2,-150,1.05991025
141,3,-135,1.91054925
141,4,-120,2.273558
141,5,-105,1.58073525
141,6,-90,0.789897
141,7,-75,0.343619
141,8,-60,0.504259
141,9,-45,1.33801825
141,10,-30,2.56678875
141,11,-15,3.721577
141,12,0,4.24560225
141,13,15,3.72138875
141,14,30,2.567981
141,15,45,1.33776725
141,16,60,0.50451
141,17,75,0.3437445
141,18,90,0.78744975
141,19,105,1.583559
141,20,120,2.2739345
141,21,135,1.9114905
141,22,150,1.07409175
141,23,165,0.298941
141,24,180,0
142,1,-165,0.49817225
142,2,-150,1.5590865
142,3,-135,4.1569365
142,4,-120,6.79111875
142,5,-105,9.26472375
142,6,-90,10.21074275
142,7,-75,9.41996725
142,8,-60,7.58779275
142,9,-45,5.824204
142,10,-30,4.6647095
142,11,-15,4.17984025
142,12,0,4.16390175
142,13,15,4.499426
142,14,30,5.2379935
142,15,45,6.54212675
142,16,60,7.58271
142,17,75,10.207919
142,18,90,10.13330925
142,19,105,8.817128
142,20,120,6.30480625
142,21,135,3.6328485
142,22,150,1.55362725
142,23,165,0.35158825
142,24,180,0
143,1,-165,4.8429195
143,2,-150,4.59637475
143,3,-135,4.4117015
143,4,-120,4.73994675
143,5,-105,5.82451775
143,6,-90,8.21416325
143,7,-75,9.6104135
143,8,-60,10.5900665
143,9,-45,3.2493205
143,10,-30,1.22720175
143,11,-15,0.17199775
143,12,0,0
143,13,15,0.1748215
143,14,30,1.24163425
143,15,45,3.2473125
143,16,60,10.58912525
143,17,75,9.61047625
143,18,90,8.21202975
143,19,105,5.82426675
143,20,120,4.73994675
143,21,135,4.4109485
143,22,150,4.597065
143,23,165,4.84197825
143,24,180,5.0221335
144,1,-165,1.50254875
144,2,-150,0.41898175
144,3,-135,0
144,4,-120,0.34004225
144,5,-105,0.9222995
144,6,-90,1.1941325
144,7,-75,0.93353175
144,8,-60,0.37380175
144,9,-45,0.0051455
144,10,-30,0.334081
144,11,-15,1.39060275
144,12,0,2.1579725
144,13,15,1.39060275
144,14,30,0.334081
144,15,45,0.00558475
144,16,60,0.376249
144,17,75,0.93353175
144,18,90,1.1938815
144,19,105,0.92223675
144,20,120,0.34004225
144,21,135,0.0006275
144,22,150,0.41898175
144,23,165,1.502737
144,24,180,2.1609845
145,1,-165,4.13039325
145,2,-150,2.7932535
145,3,-135,1.9860375
145,4,-120,1.51246325
145,5,-105,1.2807275
145,6,-90,1.43452775
145,7,-75,2.31704375
145,8,-60,3.78024825
145,9,-45,4.93836225
145,10,-30,5.26892925
145,11,-15,4.2944845
145,12,0,2.923899
145,13,15,1.6150595
145,14,30,0.67738625
145,15,45,0.20600825
145,16,60,0.052961
145,17,75,0
145,18,90,0.347635
145,19,105,0.94878
145,20,120,1.56191025
145,21,135,2.154584
145,22,150,3.03377425
145,23,165,4.4337895
145,24,180,5.2058655
146,1,-165,0.043423
146,2,-150,0.000502
146,3,-135,0.50632975
146,4,-120,1.46778525
146,5,-105,2.43902975
146,6,-90,2.85857625
146,7,-75,2.4340725
146,8,-60,1.46113375
146,9,-45,0.5023765
146,10,-30,0.0008785
146,11,-15,0.0360185
146,12,0,0.20688675
146,13,15,0.03683425
146,14,30,0
146,15,45,0.50068225
146,16,60,1.46113375
146,17,75,2.433947
146,18,90,2.85895275
146,19,105,2.439971
146,20,120,1.46690675
146,21,135,0.50632975
146,22,150,0.00043925
146,23,165,0.043423
146,24,180,0.20324725
147,1,-165,8.43830625
147,2,-150,7.89727575
147,3,-135,7.99905625
147,4,-120,8.54648725
147,5,-105,8.9748815
147,6,-90,8.46466125
147,7,-75,7.06721875
147,8,-60,5.02696525
147,9,-45,2.85167375
147,10,-30,1.11098875
147,11,-15,0.104667
147,12,0,0
147,13,15,0.10542
147,14,30,1.11023575
147,15,45,2.855627
147,16,60,5.02934975
147,17,75,7.067909
147,18,90,8.46177475
147,19,105,8.97933675
147,20,120,8.53996125
147,21,135,8.00583325
147,22,150,7.89451475
147,23,165,8.439875
147,24,180,9.38168975
148,1,-165,0
148,2,-150,0.46152625
148,3,-135,1.75241925
148,4,-120,3.2455555
148,5,-105,1.5779115
148,6,-90,0.3926895
148,7,-75,0.018574
148,8,-60,1.004502
148,9,-45,3.3421905
148,10,-30,6.102814
148,11,-15,3.127711
148,12,0,1.00971025
148,13,15,0.06456975
148,14,30,0.252255
148,15,45,1.322268
148,16,60,2.850858
148,17,75,1.18917525
148,18,90,0.20437675
148,19,105,0.0970115
148,20,120,1.19168525
148,21,135,3.537845
148,22,150,5.99180925
148,23,165,2.944983
148,24,180,0.8336965
149,1,-165,5.6719725
149,2,-150,3.73739
149,3,-135,1.8630475
149,4,-120,0.53463
149,5,-105,0.03012
149,6,-90,0
149,7,-75,0.23845
149,8,-60,0.6431875
149,9,-45,1.073025
149,10,-30,1.344105
149,11,-15,1.5016075
149,12,0,1.564985
149,13,15,1.5016075
149,14,30,1.344105
149,15,45,1.0723975
149,16,60,0.6431875
149,17,75,0.23845
149,18,90,0.0006275
149,19,105,0.0282375
149,20,120,0.5340025
149,21,135,1.863675
149,22,150,3.73739
149,23,165,5.6719725
149,24,180,6.617615
150,1,-165,0.38308875
150,2,-150,0.0719115
150,3,-135,0.4940935
150,4,-120,1.33513175
150,5,-105,2.1903515
150,6,-90,2.85644275
150,7,-75,2.29232025
150,8,-60,1.02728025
150,9,-45,0.16434225
150,10,-30,0.1188485
150,11,-15,1.026088
150,12,0,2.831782
150,13,15,0.88684575
150,14,30,0.10460425
150,15,45,0.1815985
150,16,60,1.027092
150,17,75,2.2531015
150,18,90,2.78189575
150,19,105,2.147556
150,20,120,1.2895125
150,21,135,0.43454375
150,22,150,0
150,23,165,0.3889245
150,24,180,1.67912725
151,1,-165,4.58608375
151,2,-150,3.8449435
151,3,-135,3.52899725
151,4,-120,3.088053
151,5,-105,1.60621175
151,6,-90,0.987434
151,7,-75,0.454561
151,8,-60,0.0018825
151,9,-45,0.36024775
151,10,-30,1.585065
151,11,-15,2.87551875
151,12,0,5.34987675
151,13,15,2.8750795
151,14,30,1.58186475
151,15,45,0.3615655
151,16,60,0
151,17,75,0.45361975
151,18,90,0.990948
151,19,105,1.607404
151,20,120,3.03452725
151,21,135,3.5301895
151,22,150,3.84688875
151,23,165,4.58633475
151,24,180,5.97662375
152,1,-165,2.236661
152,2,-150,1.45259975
152,3,-135,0.743964
152,4,-120,0.525594
152,5,-105,0.81455775
152,6,-90,1.414385
152,7,-75,1.979386
152,8,-60,2.16832625
152,9,-45,2.0535565
152,10,-30,1.68389625
152,11,-15,1.550678
152,12,0,1.54471675
152,13,15,1.651831
152,14,30,2.1381435
152,15,45,2.3848765
152,16,60,2.094846
152,17,75,1.49250875
152,18,90,0.468115
152,19,105,0
152,20,120,0.056475
152,21,135,0.53582225
152,22,150,1.320511
152,23,165,2.103631
152,24,180,2.50880775
153,1,-165,3.030072
153,2,-150,1.70698825
153,3,-135,0.40662
153,4,-120,0.0008785
153,5,-105,0.27741775
153,6,-90,0.617711
153,7,-75,1.32484075
153,8,-60,1.86913425
153,9,-45,2.010259
153,10,-30,1.40880025
153,11,-15,0.65780825
153,12,0,0.34757225
153,13,15,0.65893775
153,14,30,1.40792175
153,15,45,2.010761
153,16,60,1.869197
153,17,75,1.324276
153,18,90,0.619217
153,19,105,0.27616275
153,20,120,0
153,21,135,0.40668275
153,22,150,1.70698825
153,23,165,3.03026025
153,24,180,3.78006
154,1,-165,4.91928625
154,2,-150,4.17557325
154,3,-135,3.361894
154,4,-120,2.76821625
154,5,-105,2.842826
154,6,-90,3.233131
154,7,-75,3.71398425
154,8,-60,5.1114895
154,9,-45,7.55177425
154,10,-30,9.31530025
154,11,-15,8.32686225
154,12,0,4.8629995
154,13,15,2.43727275
154,14,30,1.022323
154,15,45,0.2094595
154,16,60,0
154,17,75,0.79083825
154,18,90,2.1075215
154,19,105,3.76493725
154,20,120,4.9179685
154,21,135,6.94498175
154,22,150,9.10056975
154,23,165,8.74339675
154,24,180,6.47372925
155,1,-165,1.716087
155,2,-150,3.21574925
155,3,-135,3.77987175
155,4,-120,4.1222985
155,5,-105,3.82040825
155,6,-90,2.5234285
155,7,-75,1.38897125
155,8,-60,1.3025645
155,9,-45,1.7603885
155,10,-30,2.95859975
155,11,-15,3.96887475
155,12,0,4.14331975
155,13,15,3.6993635
155,14,30,3.09439075
155,15,45,1.542144
155,16,60,0.33627725
155,17,75,0.15882025
155,18,90,0.04185425
155,19,105,0.488948
155,20,120,0.70210975
155,21,135,0.33885
155,22,150,0
155,23,165,0.31933475
155,24,180,0.410636
156,1,-165,0.49026575
156,2,-150,1.87603675
156,3,-135,4.24572775
156,4,-120,6.859579
156,5,-105,9.3365725
156,6,-90,9.3121
156,7,-75,7.5584885
156,8,-60,5.69487625
156,9,-45,4.164592
156,10,-30,2.75390925
156,11,-15,1.757502
156,12,0,3.51556875
156,13,15,1.75449
156,14,30,2.7400415
156,15,45,4.167102
156,16,60,5.683644
156,17,75,7.54336575
156,18,90,9.30764475
156,19,105,9.334188
156,20,120,6.84395425
156,21,135,4.2465435
156,22,150,1.93615125
156,23,165,0.5272255
156,24,180,0
157,1,-165,1.73183725
157,2,-150,0.42462925
157,3,-135,0.00232175
157,4,-120,0.2732135
157,5,-105,0.85973775
157,6,-90,1.21138875
157,7,-75,0.8763665
157,8,-60,0.2717075
157,9,-45,0.0061495
157,10,-30,0.477402
157,11,-15,1.8223855
157,12,0,3.9071915
157,13,15,1.82207175
157,14,30,0.477402
157,15,45,0.0061495
157,16,60,0.27202125
157,17,75,0.8763665
157,18,90,1.206557
157,19,105,0.86011425
157,20,120,0.27453125
157,21,135,0
157,22,150,0.42111525
157,23,165,1.73208825
157,24,180,3.896022
158,1,-165,0.4453995
158,2,-150,1.86925975
158,3,-135,4.16465475
158,4,-120,7.08453775
158,5,-105,10.1919805
158,6,-90,10.4725985
158,7,-75,7.63397675
158,8,-60,5.57339225
158,9,-45,4.476083
158,10,-30,4.18962925
158,11,-15,4.4887585
158,12,0,5.24088
158,13,15,4.4945315
158,14,30,4.1895665
158,15,45,4.47514175
158,16,60,5.570945
158,17,75,7.63585925
158,18,90,10.4720965
158,19,105,10.1862075
158,20,120,7.085981
158,21,135,4.1637135
158,22,150,1.86913425
158,23,165,0.44521125
158,24,180,0
159,1,-165,0.08126125
159,2,-150,0.4732605
159,3,-135,1.08802225
159,4,-120,1.87151875
159,5,-105,2.6198125
159,6,-90,3.136747
159,7,-75,1.457055
159,8,-60,1.1574865
159,9,-45,1.709812
159,10,-30,2.84062975
159,11,-15,4.16911
159,12,0,5.28022425
159,13,15,4.1694865
159,14,30,2.84062975
159,15,45,1.71000025
159,16,60,1.1572355
159,17,75,1.4576825
159,18,90,3.1371235
159,19,105,2.6190595
159,20,120,1.871958
159,21,135,1.08764575
159,22,150,0.47257025
159,23,165,0.081575
159,24,180,0
160,1,-165,0.00144325
160,2,-150,1.21051025
160,3,-135,2.91542775
160,4,-120,4.826981
160,5,-105,6.423592
160,6,-90,7.194413
160,7,-75,6.941907
160,8,-60,5.62685525
160,9,-45,3.74385325
160,10,-30,1.908604
160,11,-15,0.661636
160,12,0,1.40453325
160,13,15,0.6617615
160,14,30,1.9109885
160,15,45,3.7367625
160,16,60,5.62685525
160,17,75,6.936887
160,18,90,7.19573075
160,19,105,6.42277625
160,20,120,4.82829875
160,21,135,2.92007125
160,22,150,1.21051025
160,23,165,0
160,24,180,0.7260175
161,1,-165,2.79268875
161,2,-150,1.95886675
161,3,-135,0.8613065
161,4,-120,0.14250525
161,5,-105,0.000753
161,6,-90,0.35893
161,7,-75,0.040913
161,8,-60,0.0711585
161,9,-45,1.014793
161,10,-30,2.35406625
161,11,-15,3.1471635
161,12,0,3.1795425
161,13,15,3.153815
161,14,30,2.367181
161,15,45,1.01033775
161,16,60,0.104416
161,17,75,0.044929
161,18,90,0.359683
161,19,105,0
161,20,120,0.14250525
161,21,135,0.85735325
161,22,150,1.99450875
161,23,165,2.75089725
161,24,180,3.42520875
162,1,-165,1.87465625
162,2,-150,2.5723735
162,3,-135,3.3426925
162,4,-120,0.21767975
162,5,-105,0
162,6,-90,0.28921475
162,7,-75,1.115946
162,8,-60,0.958067
162,9,-45,2.45823125
162,10,-30,3.6541835
162,11,-15,4.85427725
162,12,0,8.75481725
162,13,15,4.84862975
162,14,30,3.633476
162,15,45,2.4598
162,16,60,0.94783875
162,17,75,1.11437725
162,18,90,0.282877
162,19,105,0.00018825
162,20,120,0.21642475
162,21,135,3.342567
162,22,150,2.575762
162,23,165,1.8843825
162,24,180,1.69142625
163,1,-165,2.559447
163,2,-150,0.93453575
163,3,-135,0.30201575
163,4,-120,0
163,5,-105,0.08113575
163,6,-90,2.42246375
163,7,-75,3.61019575
163,8,-60,5.09762175
163,9,-45,4.9362915
163,10,-30,4.850575
163,11,-15,4.69727675
163,12,0,4.6937
163,13,15,3.088053
163,14,30,1.3748525
163,15,45,0.77552725
163,16,60,0.97921375
163,17,75,2.00730975
163,18,90,3.847077
163,19,105,5.79879025
163,20,120,7.7311765
163,21,135,8.36338275
163,22,150,6.92578025
163,23,165,4.35441075
163,24,180,2.891269
164,1,-165,2.6326135
164,2,-150,1.72104425
164,3,-135,0.93478675
164,4,-120,0.3726095
164,5,-105,0.0018825
164,6,-90,0.456569
164,7,-75,1.124982
164,8,-60,2.62000075
164,9,-45,4.0161255
164,10,-30,5.74093475
164,11,-15,5.36355625
164,12,0,5.11431325
164,13,15,5.36405825
164,14,30,5.73578925
164,15,45,4.01618825
164,16,60,2.620691
164,17,75,1.12554675
164,18,90,0.45412175
164,19,105,0
164,20,120,0.3726095
164,21,135,0.93579075
164,22,150,1.722111
164,23,165,2.63330375
164,24,180,3.06088225
165,1,-165,2.33059775
165,2,-150,1.5126515
165,3,-135,0.57660975
165,4,-120,0.05001175
165,5,-105,0
165,6,-90,0.2817475
165,7,-75,0.6369125
165,8,-60,0.7937875
165,9,-45,0.68290825
165,10,-30,0.33401825
165,11,-15,0.02792375
165,12,0,0.03357125
165,13,15,0.51059675
165,14,30,1.435469
165,15,45,2.286861
165,16,60,2.541626
165,17,75,2.0917085
165,18,90,1.19758375
165,19,105,0.35861625
165,20,120,0.116715
165,21,135,0.309232
165,22,150,1.12454275
165,23,165,2.0540585
165,24,180,2.54332025
166,1,-165,9.225505
166,2,-150,4.92211
166,3,-135,2.082045
166,4,-120,0.616205
166,5,-105,0.09538
166,6,-90,0
166,7,-75,0.0834575
166,8,-60,0.6093025
166,9,-45,2.06824
166,10,-30,4.780295
166,11,-15,8.7366825
166,12,0,13.495015
166,13,15,8.743585
166,14,30,4.77402
166,15,45,2.0663575
166,16,60,0.6067925
166,17,75,0.08283
166,18,90,0
166,19,105,0.0897325
166,20,120,0.6193425
166,21,135,2.0826725
166,22,150,4.920855
166,23,165,9.22174
166,24,180,13.9386575
167,1,-165,0
167,2,-150,0.631014
167,3,-135,1.3841395
167,4,-120,1.88206075
167,5,-105,1.9647025
167,6,-90,1.7162125
167,7,-75,1.6225895
167,8,-60,2.39673625
167,9,-45,3.888743
167,10,-30,5.1790085
167,11,-15,6.43143575
167,12,0,7.33014125
167,13,15,6.4357655
167,14,30,5.1770005
167,15,45,3.89068825
167,16,60,2.39334775
167,17,75,1.639783
167,18,90,1.717593
167,19,105,1.9624435
167,20,120,1.88281375
167,21,135,1.38395125
167,22,150,0.63107675
167,23,165,0.001255
167,24,180,0.414903
168,1,-165,1.61895
168,2,-150,2.3223775
168,3,-135,3.52655
168,4,-120,5.01749
168,5,-105,6.361595
168,6,-90,6.8930875
168,7,-75,6.2204075
168,8,-60,4.6830325
168,9,-45,2.840065
168,10,-30,0.967605
168,11,-15,0.001255
168,12,0,0.8603025
168,13,15,0
168,14,30,0.9707425
168,15,45,2.8356725
168,16,60,4.674875
168,17,75,6.21978
168,18,90,6.89246
168,19,105,6.361595
168,20,120,5.018745
168,21,135,3.52906
168,22,150,2.3223775
168,23,165,1.6195775
168,24,180,2.553925
169,1,-165,1.508008
169,2,-150,2.8110745
169,3,-135,4.26756475
169,4,-120,2.92571875
169,5,-105,2.02500525
169,6,-90,1.04359525
169,7,-75,0.1881245
169,8,-60,0
169,9,-45,0.909624
169,10,-30,1.92447975
169,11,-15,2.874703
169,12,0,3.03490375
169,13,15,2.47216175
169,14,30,1.57395825
169,15,45,0.5104085
169,16,60,0.05540825
169,17,75,0.04574475
169,18,90,1.20159975
169,19,105,2.62552275
169,20,120,3.78125225
169,21,135,4.04612
169,22,150,3.1323545
169,23,165,1.9483875
169,24,180,1.04058325
170,1,-165,0.59342675
170,2,-150,0.0056475
170,3,-135,0.14099925
170,4,-120,0.9644675
170,5,-105,1.997709
170,6,-90,2.507239
170,7,-75,2.00643125
170,8,-60,0.99967025
170,9,-45,0.1602635
170,10,-30,0
170,11,-15,0.57479
170,12,0,1.212832
170,13,15,0.575543
170,14,30,0
170,15,45,0.1602635
170,16,60,0.99967025
170,17,75,2.00643125
170,18,90,2.507239
170,19,105,1.99814825
170,20,120,0.9644675
170,21,135,0.14099925
170,22,150,0.005773
170,23,165,0.5934895
170,24,180,1.214087
171,1,-165,2.8363
171,2,-150,1.3409675
171,3,-135,0.4267
171,4,-120,0
171,5,-105,0.1524825
171,6,-90,0.5365125
171,7,-75,0.0771825
171,8,-60,0.1675425
171,9,-45,0.89356
171,10,-30,2.044395
171,11,-15,3.53157
171,12,0,5.14048
171,13,15,3.53157
171,14,30,2.044395
171,15,45,0.89356
171,16,60,0.1675425
171,17,75,0.0734175
171,18,90,0.5390225
171,19,105,0.1512275
171,20,120,0
171,21,135,0.4273275
171,22,150,1.3409675
171,23,165,2.8363
171,24,180,4.6504025
172,1,-165,0.247235
172,2,-150,0.929704
172,3,-135,1.41683225
172,4,-120,2.0688675
172,5,-105,2.73269975
172,6,-90,3.246434
172,7,-75,2.941218
172,8,-60,0.7641695
172,9,-45,0.707569
172,10,-30,1.5836845
172,11,-15,2.85343075
172,12,0,3.7530775
172,13,15,2.85343075
172,14,30,1.5919675
172,15,45,0.70750625
172,16,60,0.76398125
172,17,75,2.9410925
172,18,90,3.243673
172,19,105,2.7327625
172,20,120,2.06880475
172,21,135,1.42611925
172,22,150,0.930457
172,23,165,0.247235
172,24,180,0
173,1,-165,0.398086
173,2,-150,0.1504745
173,3,-135,0.353408
173,4,-120,1.66281225
173,5,-105,4.28061675
173,6,-90,6.981565
173,7,-75,8.86023725
173,8,-60,10.78779175
173,9,-45,11.09702375
173,10,-30,11.5365875
173,11,-15,10.7871015
173,12,0,9.13784325
173,13,15,7.03157675
173,14,30,4.38327575
173,15,45,1.89373225
173,16,60,0.41107525
173,17,75,0
173,18,90,0.1916385
173,19,105,0.3700995
173,20,120,0.456067
173,21,135,0.4910815
173,22,150,0.5668835
173,23,165,0.594619
173,24,180,0.575292
174,1,-165,1.68477475
174,2,-150,0.40404725
174,3,-135,0
174,4,-120,0.472131
174,5,-105,1.19457175
174,6,-90,1.5287155
174,7,-75,1.1818335
174,8,-60,0.503255
174,9,-45,0.01085575
174,10,-30,0.28996775
174,11,-15,1.531351
174,12,0,2.59314375
174,13,15,1.53404925
174,14,30,0.289905
174,15,45,0.00972625
174,16,60,0.5003685
174,17,75,1.179449
174,18,90,1.528841
174,19,105,1.192501
174,20,120,0.472382
174,21,135,0
174,22,150,0.404361
174,23,165,1.68389625
174,24,180,2.59226525
175,1,-165,0.01085575
175,2,-150,0.2885245
175,3,-135,1.0317355
175,4,-120,2.13381375
175,5,-105,3.20332475
175,6,-90,3.666608
175,7,-75,3.20232075
175,8,-60,2.1436655
175,9,-45,1.04485025
175,10,-30,0.288399
175,11,-15,0.009789
175,12,0,0
175,13,15,0.01675425
175,14,30,0.288399
175,15,45,1.04271675
175,16,60,2.14485775
175,17,75,3.20219525
175,18,90,3.66654525
175,19,105,3.2033875
175,20,120,2.133751
175,21,135,1.02916275
175,22,150,0.2885245
175,23,165,0.0106675
175,24,180,0.00232175
176,1,-165,0.020582
176,2,-150,0.02466075
176,3,-135,0.6876145
176,4,-120,1.87453075
176,5,-105,3.04895975
176,6,-90,3.53815875
176,7,-75,2.998446
176,8,-60,1.78090775
176,9,-45,0.608424
176,10,-30,0
176,11,-15,0.0370225
176,12,0,0.216111
176,13,15,0.0370225
176,14,30,0.0026355
176,15,45,0.608424
176,16,60,1.78090775
176,17,75,2.99875975
176,18,90,3.53815875
176,19,105,3.048897
176,20,120,1.87453075
176,21,135,0.68830475
176,22,150,0.021586
176,23,165,0.02026825
176,24,180,0.22219775
177,1,-165,0.00069025
177,2,-150,0.633775
177,3,-135,1.732653
177,4,-120,3.19792825
177,5,-105,4.63063625
177,6,-90,6.93262
177,7,-75,6.84809575
177,8,-60,6.22887875
177,9,-45,5.47682
177,10,-30,5.01115225
177,11,-15,4.93045575
177,12,0,5.024267
177,13,15,4.931146
177,14,30,5.0080775
177,15,45,5.48052225
177,16,60,6.22448625
177,17,75,6.84734275
177,18,90,6.9322435
177,19,105,4.63101275
177,20,120,3.1978655
177,21,135,1.7350375
177,22,150,0.6328965
177,23,165,0
177,24,180,0.90611
178,1,-165,7.63774175
178,2,-150,5.01592125
178,3,-135,2.839061
178,4,-120,1.369958
178,5,-105,0.49076775
178,6,-90,0.00370225
178,7,-75,0
178,8,-60,0.359934
178,9,-45,0.75532175
178,10,-30,1.14361875
178,11,-15,1.3537685
178,12,0,1.38884575
178,13,15,1.3540195
178,14,30,1.14205
178,15,45,0.75507075
178,16,60,0.3598085
178,17,75,0.0021335
178,18,90,0.0048945
178,19,105,0.48775575
178,20,120,1.370711
178,21,135,2.84326525
178,22,150,5.0188705
178,23,165,7.63974975
178,24,180,9.112806
179,1,-165,2.62765625
179,2,-150,2.7091685
179,3,-135,2.10620375
179,4,-120,1.15265475
179,5,-105,0.32322525
179,6,-90,0
179,7,-75,0.83375925
179,8,-60,3.849587
179,9,-45,4.9144545
179,10,-30,5.84572725
179,11,-15,6.4204545
179,12,0,6.1807495
179,13,15,5.834746
179,14,30,8.2110885
179,15,45,6.062403
179,16,60,4.53174225
179,17,75,0.63935975
179,18,90,0.88672025
179,19,105,2.13243325
179,20,120,4.5871505
179,21,135,4.6925705
179,22,150,3.9164785
179,23,165,3.19039825
179,24,180,2.69994425
180,1,-165,2.666624
180,2,-150,1.16369875
180,3,-135,0.23148475
180,4,-120,0.00156875
180,5,-105,0.02453525
180,6,-90,0.411891
180,7,-75,0.034387
180,8,-60,0.001255
180,9,-45,0.15668675
180,10,-30,0.900086
180,11,-15,2.157847
180,12,0,3.954756
180,13,15,2.1579725
180,14,30,0.90109
180,15,45,0.15794175
180,16,60,0
180,17,75,0.03281825
180,18,90,0.41069875
180,19,105,0.02440975
180,20,120,0.00345125
180,21,135,0.2310455
180,22,150,1.1620045
180,23,165,2.66869475
180,24,180,4.7595875
181,1,-165,0
181,2,-150,0.34317975
181,3,-135,1.63043325
181,4,-120,3.6253185
181,5,-105,5.5735805
181,6,-90,6.085495
181,7,-75,4.9237415
181,8,-60,3.31828275
181,9,-45,1.78655525
181,10,-30,0.88985775
181,11,-15,0.95882
181,12,0,2.07809175
181,13,15,0.9554315
181,14,30,0.892556
181,15,45,1.78718275
181,16,60,3.315208
181,17,75,4.93497375
181,18,90,6.0863735
181,19,105,5.571949
181,20,120,3.609631
181,21,135,1.632002
181,22,150,0.342615
181,23,165,0.0008785
181,24,180,0.62806475
182,1,-165,2.8306525
182,2,-150,0.4607105
182,3,-135,0
182,4,-120,0.6908775
182,5,-105,0.994713
182,6,-90,0.2917875
182,7,-75,0.0197035
182,8,-60,0.71905225
182,9,-45,2.3565135
182,10,-30,4.6207845
182,11,-15,7.40694725
182,12,0,7.5845925
182,13,15,3.9159765
182,14,30,1.83481
182,15,45,1.15692175
182,16,60,1.4084865
182,17,75,1.3206365
182,18,90,1.41833825
182,19,105,1.1845945
182,20,120,1.26936975
182,21,135,2.232645
182,22,150,4.15461475
182,23,165,6.67051325
182,24,180,6.72849425
183,1,-165,0.52214275
183,2,-150,1.78580225
183,3,-135,3.30234425
183,4,-120,4.21297225
183,5,-105,3.06038025
183,6,-90,1.570005
183,7,-75,0.3914345
183,8,-60,0.006024
183,9,-45,0.532371
183,10,-30,1.793144
183,11,-15,3.319977
183,12,0,4.323726
183,13,15,3.18738625
183,14,30,1.64549325
183,15,45,0.42048775
183,16,60,0
183,17,75,0.49704275
183,18,90,1.700525
183,19,105,3.169377
183,20,120,4.320965
183,21,135,3.19767725
183,22,150,1.66695375
183,23,165,0.42764125
183,24,180,0.00169425
184,1,-165,2.7269895
184,2,-150,4.5703335
184,3,-135,6.060144
184,4,-120,5.69437425
184,5,-105,4.08784875
184,6,-90,2.89999125
184,7,-75,3.2854645
184,8,-60,2.423907
184,9,-45,2.91411
184,10,-30,4.74459025
184,11,-15,6.29677425
184,12,0,6.0557515
184,13,15,4.33596225
184,14,30,2.0753935
184,15,45,0.3846575
184,16,60,0
184,17,75,0.4280805
184,18,90,1.09128525
184,19,105,1.863173
184,20,120,1.95321925
184,21,135,1.71865975
184,22,150,2.1720285
184,23,165,2.05638025
184,24,180,1.764781
185,1,-165,0.243219
185,2,-150,1.12240925
185,3,-135,2.505984
185,4,-120,4.09362175
185,5,-105,5.4214745
185,6,-90,5.93909925
185,7,-75,5.33556975
185,8,-60,4.0013165
185,9,-45,2.48107225
185,10,-30,1.288132
185,11,-15,0.62091125
185,12,0,0.45933
185,13,15,0.62103675
185,14,30,1.28882225
185,15,45,2.49494
185,16,60,3.99322175
185,17,75,5.33469125
185,18,90,5.94010325
185,19,105,5.40710475
185,20,120,4.093559
185,21,135,2.50679975
185,22,150,1.119711
185,23,165,0.2405835
185,24,180,0
186,1,-165,3.291865
186,2,-150,2.73307625
186,3,-135,2.24237125
186,4,-120,1.703286
186,5,-105,0.9659735
186,6,-90,0.33088075
186,7,-75,0.0114205
186,8,-60,0
186,9,-45,0.14426225
186,10,-30,0.41672275
186,11,-15,0.70135675
186,12,0,0.81706775
186,13,15,0.7016705
186,14,30,0.409883
186,15,45,0.1436975
186,16,60,6.27E-05
186,17,75,0.0141815
186,18,90,0.3306925
186,19,105,0.9664755
186,20,120,1.70021125
186,21,135,2.23935925
186,22,150,2.75390925
186,23,165,3.31363925
186,24,180,3.592312
187,1,-165,3.704509
187,2,-150,0.1933955
187,3,-135,0.15593375
187,4,-120,0.34217575
187,5,-105,0
187,6,-90,2.556686
187,7,-75,2.08336275
187,8,-60,2.27613075
187,9,-45,3.540104
187,10,-30,5.53624425
187,11,-15,6.7053395
187,12,0,7.58942425
187,13,15,6.7081005
187,14,30,5.52281575
187,15,45,3.54066875
187,16,60,2.28905725
187,17,75,2.027327
187,18,90,2.5600745
187,19,105,3.20997625
187,20,120,3.367165
187,21,135,3.54468475
187,22,150,3.6303385
187,23,165,3.70632875
187,24,180,3.846575
188,1,-165,0.3434935
188,2,-150,1.32735075
188,3,-135,2.77135375
188,4,-120,4.326989
188,5,-105,5.55130425
188,6,-90,6.01690925
188,7,-75,5.53900525
188,8,-60,4.27233375
188,9,-45,2.69793625
188,10,-30,1.26573025
188,11,-15,0.3211545
188,12,0,6.28E-05
188,13,15,0.3211545
188,14,30,1.26573025
188,15,45,2.69592825
188,16,60,4.27271025
188,17,75,5.53875425
188,18,90,6.01690925
188,19,105,5.551367
188,20,120,4.32454175
188,21,135,2.77135375
188,22,150,1.329296
188,23,165,0.3434935
188,24,180,0
189,1,-165,4.44772
189,2,-150,3.5321975
189,3,-135,2.5796525
189,4,-120,1.0033725
189,5,-105,0.0432975
189,6,-90,0
189,7,-75,0.325045
189,8,-60,0.475645
189,9,-45,0.3143775
189,10,-30,0.1436975
189,11,-15,0.307475
189,12,0,0.779355
189,13,15,0.307475
189,14,30,0.1436975
189,15,45,0.3143775
189,16,60,0.475645
189,17,75,0.325045
189,18,90,0.0006275
189,19,105,0.0432975
189,20,120,1.0096475
189,21,135,2.579025
189,22,150,3.53157
189,23,165,4.4496025
189,24,180,4.8813225
190,1,-165,9.90088325
190,2,-150,5.6300555
190,3,-135,2.6283465
190,4,-120,0.91545975
190,5,-105,0.16409125
190,6,-90,0.00018825
190,7,-75,0.183481
190,8,-60,1.02552325
190,9,-45,2.88794325
190,10,-30,6.00925375
190,11,-15,10.4083425
190,12,0,15.2862765
190,13,15,10.41304875
190,14,30,6.0110735
190,15,45,2.8934025
190,16,60,1.029351
190,17,75,0.1841085
190,18,90,0
190,19,105,0.16064
190,20,120,0.9145185
190,21,135,2.62546
190,22,150,5.631938
190,23,165,9.88657625
190,24,180,14.36454175
191,1,-165,1.133516
191,2,-150,3.17295375
191,3,-135,3.83910775
191,4,-120,3.79091575
191,5,-105,3.8303855
191,6,-90,3.048897
191,7,-75,1.0129105
191,8,-60,0.00458075
191,9,-45,1.24301475
191,10,-30,3.19102575
191,11,-15,3.8414295
191,12,0,3.7897235
191,13,15,3.83735075
191,14,30,3.19202975
191,15,45,1.2428265
191,16,60,0.0048945
191,17,75,1.01473025
191,18,90,3.04921075
191,19,105,3.8306365
191,20,120,3.792359
191,21,135,3.83923325
191,22,150,3.174146
191,23,165,1.13106875
191,24,180,0
192,1,-165,4.6900605
192,2,-150,5.62497275
192,3,-135,7.26274775
192,4,-120,9.7815955
192,5,-105,13.17342125
192,6,-90,13.10188625
192,7,-75,10.348479
192,8,-60,7.0622615
192,9,-45,4.02384375
192,10,-30,1.90439975
192,11,-15,0.80815725
192,12,0,0
192,13,15,0.81073
192,14,30,1.91757725
192,15,45,4.0344485
192,16,60,7.0592495
192,17,75,10.322626
192,18,90,13.08205725
192,19,105,13.17417425
192,20,120,9.97066125
192,21,135,7.37143075
192,22,150,5.62459625
192,23,165,4.6918175
192,24,180,4.429899
193,1,-165,1.58399825
193,2,-150,0.288399
193,3,-135,0.0367715
193,4,-120,0.6770725
193,5,-105,1.54572075
193,6,-90,1.94506175
193,7,-75,1.493952
193,8,-60,0.57673525
193,9,-45,0
193,10,-30,0.439752
193,11,-15,1.76346325
193,12,0,2.8095685
193,13,15,1.760514
193,14,30,0.439752
193,15,45,0
193,16,60,0.57673525
193,17,75,1.49702675
193,18,90,1.9451245
193,19,105,1.54572075
193,20,120,0.67650775
193,21,135,0.0367715
193,22,150,0.28846175
193,23,165,1.58374725
193,24,180,2.8090665
194,1,-165,0.236191
194,2,-150,0.97532325
194,3,-135,2.17849175
194,4,-120,3.66378425
194,5,-105,5.0750945
194,6,-90,5.973047
194,7,-75,6.171839
194,8,-60,5.924353
194,9,-45,5.72782
194,10,-30,5.872647
194,11,-15,6.331224
194,12,0,6.6418365
194,13,15,6.331224
194,14,30,5.872647
194,15,45,5.72782
194,16,60,5.92441575
194,17,75,6.171086
194,18,90,5.97298425
194,19,105,5.07503175
194,20,120,3.662341
194,21,135,2.17836625
194,22,150,0.97532325
194,23,165,0.2383245
194,24,180,0
195,1,-165,3.2555955
195,2,-150,2.303678
195,3,-135,1.431202
195,4,-120,0.70135675
195,5,-105,0.12393125
195,6,-90,0
195,7,-75,0.19408575
195,8,-60,0.90065075
195,9,-45,1.59039875
195,10,-30,2.481888
195,11,-15,3.32669125
195,12,0,3.66711
195,13,15,3.3258755
195,14,30,2.48282925
195,15,45,1.59002225
195,16,60,0.90140375
195,17,75,0.19383475
195,18,90,0.000502
195,19,105,0.12204875
195,20,120,0.70123125
195,21,135,1.4305745
195,22,150,2.3045565
195,23,165,3.255219
195,24,180,3.66767475
196,1,-165,0.42419
196,2,-150,0.0176955
196,3,-135,0.19910575
196,4,-120,0.965848
196,5,-105,1.83537475
196,6,-90,2.167887
196,7,-75,1.78730825
196,8,-60,0.9870575
196,9,-45,0.24441125
196,10,-30,0.0008785
196,11,-15,0.3776295
196,12,0,0.77100925
196,13,15,0.37844525
196,14,30,0
196,15,45,0.244223
196,16,60,0.986932
196,17,75,1.78630425
196,18,90,2.16769875
196,19,105,1.8354375
196,20,120,0.96578525
196,21,135,0.19898025
196,22,150,0.01775825
196,23,165,0.42168
196,24,180,0.771072
197,1,-165,0.8502625
197,2,-150,0.427453
197,3,-135,0.0929955
197,4,-120,0.002008
197,5,-105,0.2074515
197,6,-90,0.709577
197,7,-75,0.93428475
197,8,-60,0.2799905
197,9,-45,0.02026825
197,10,-30,0.11476975
197,11,-15,0.46616975
197,12,0,1.0631105
197,13,15,0.46629525
197,14,30,0.11426775
197,15,45,0.02114675
197,16,60,0.27829625
197,17,75,0.941501
197,18,90,0.71001625
197,19,105,0.207828
197,20,120,0
197,21,135,0.0929955
197,22,150,0.428457
197,23,165,0.8515175
197,24,180,1.06267125
198,1,-165,0.33012775
198,2,-150,1.2475955
198,3,-135,2.527821
198,4,-120,3.857117
198,5,-105,4.83175
198,6,-90,5.16062275
198,7,-75,4.8640035
198,8,-60,4.22564775
198,9,-45,3.6341035
198,10,-30,3.32669125
198,11,-15,3.28264075
198,12,0,3.3078035
198,13,15,3.282578
198,14,30,3.32669125
198,15,45,3.632472
198,16,60,4.22263575
198,17,75,4.86193275
198,18,90,5.16062275
198,19,105,4.832252
198,20,120,3.85743075
198,21,135,2.5224245
198,22,150,1.2485995
198,23,165,0.330065
198,24,180,0
199,1,-165,0.1758255
199,2,-150,0
199,3,-135,0.54598775
199,4,-120,1.76371425
199,5,-105,3.018024
199,6,-90,3.55296775
199,7,-75,2.988657
199,8,-60,1.7583805
199,9,-45,0.5676365
199,10,-30,0.00357675
199,11,-15,0.1690485
199,12,0,0.4421365
199,13,15,0.16911125
199,14,30,0.0036395
199,15,45,0.5676365
199,16,60,1.7608905
199,17,75,2.988657
199,18,90,3.55246575
199,19,105,3.01796125
199,20,120,1.76371425
199,21,135,0.54598775
199,22,150,0
199,23,165,0.1758255
199,24,180,0.4391245
200,1,-165,0
200,2,-150,0.2011765
200,3,-135,0.867456
200,4,-120,1.90879225
200,5,-105,2.8863745
200,6,-90,3.275299
200,7,-75,2.85405825
200,8,-60,1.88544925
200,9,-45,0.857416
200,10,-30,0.203561
200,11,-15,0.00382775
200,12,0,0.007028
200,13,15,0.0038905
200,14,30,0.20362375
200,15,45,0.85848275
200,16,60,1.885512
200,17,75,2.8534935
200,18,90,3.27498525
200,19,105,2.888006
200,20,120,1.91011
200,21,135,0.867456
200,22,150,0.2011765
200,23,165,0
200,24,180,0.00897325
201,1,-165,0.20625925
201,2,-150,0.860679
201,3,-135,1.97317375
201,4,-120,3.3700515
201,5,-105,4.61469775
201,6,-90,5.113372
201,7,-75,4.631452
201,8,-60,3.4240165
201,9,-45,2.03429225
201,10,-30,0.898831
201,11,-15,0.2149815
201,12,0,0
201,13,15,0.2149815
201,14,30,0.898831
201,15,45,2.0359865
201,16,60,3.423891
201,17,75,4.632456
201,18,90,5.1157565
201,19,105,4.61469775
201,20,120,3.3700515
201,21,135,1.97317375
201,22,150,0.860679
201,23,165,0.20625925
201,24,180,0.00018825
202,1,-165,0.69533275
202,2,-150,0.22094275
202,3,-135,0.00269825
202,4,-120,0.169425
202,5,-105,0.50758475
202,6,-90,0.66345575
202,7,-75,0.508024
202,8,-60,0.16973875
202,9,-45,0
202,10,-30,0.21830725
202,11,-15,0.69276
202,12,0,0.95750225
202,13,15,0.69282275
202,14,30,0.21830725
202,15,45,0
202,16,60,0.16973875
202,17,75,0.508024
202,18,90,0.66822475
202,19,105,0.50758475
202,20,120,0.17074275
202,21,135,0.00269825
202,22,150,0.218119
202,23,165,0.69495625
202,24,180,0.9574395
203,1,-165,13.74105775
203,2,-150,11.575618
203,3,-135,8.46441025
203,4,-120,6.060395
203,5,-105,4.42506725
203,6,-90,5.75863025
203,7,-75,5.18986425
203,8,-60,4.53324825
203,9,-45,2.978115
203,10,-30,1.359416
203,11,-15,0.91960125
203,12,0,0
203,13,15,2.08486875
203,14,30,4.78512675
203,15,45,7.4422755
203,16,60,8.58865525
203,17,75,6.02029775
203,18,90,4.35792475
203,19,105,3.6145255
203,20,120,3.9405745
203,21,135,5.5253885
203,22,150,8.30308
203,23,165,11.6490355
203,24,180,13.54898
204,1,-165,0.03043375
204,2,-150,0.37857075
204,3,-135,1.330802
204,4,-120,2.762255
204,5,-105,4.3055285
204,6,-90,5.446951
204,7,-75,5.774004
204,8,-60,5.64329575
204,9,-45,5.66965075
204,10,-30,6.31735625
204,11,-15,7.68311
204,12,0,8.79560475
204,13,15,7.68329825
204,14,30,6.317419
204,15,45,5.6694625
204,16,60,5.64505275
204,17,75,5.771745
204,18,90,5.448457
204,19,105,4.30465
204,20,120,2.76583175
204,21,135,1.3306765
204,22,150,0.3798885
204,23,165,0.02930425
204,24,180,0
205,1,-165,0.00458075
205,2,-150,0.316511
205,3,-135,1.2915205
205,4,-120,2.4564115
205,5,-105,3.53815875
205,6,-90,3.9674315
205,7,-75,3.89445325
205,8,-60,2.990665
205,9,-45,1.76955
205,10,-30,1.020566
205,11,-15,0.75155675
205,12,0,0.98699475
205,13,15,0.7468505
205,14,30,1.01937375
205,15,45,1.8680675
205,16,60,2.943226
205,17,75,3.90085375
205,18,90,3.98657025
205,19,105,3.53815875
205,20,120,2.475613
205,21,135,1.2967915
205,22,150,0.31933475
205,23,165,0
205,24,180,0.18241425
206,1,-165,3.41592175
206,2,-150,1.92636225
206,3,-135,0.5442935
206,4,-120,0.001757
206,5,-105,0.4323475
206,6,-90,1.7325275
206,7,-75,3.24900675
206,8,-60,4.05434025
206,9,-45,3.5070975
206,10,-30,1.96627125
206,11,-15,0.53193175
206,12,0,0
206,13,15,0.53180625
206,14,30,1.966334
206,15,45,3.50716025
206,16,60,4.054403
206,17,75,3.2490695
206,18,90,1.7325275
206,19,105,0.43241025
206,20,120,0.00169425
206,21,135,0.54423075
206,22,150,1.9262995
206,23,165,3.417365
206,24,180,4.06036425
207,1,-165,5.964011
207,2,-150,4.31136425
207,3,-135,3.38266425
207,4,-120,3.02385975
207,5,-105,2.77775425
207,6,-90,2.320244
207,7,-75,1.3590395
207,8,-60,0.33615175
207,9,-45,0
207,10,-30,0.5232095
207,11,-15,1.674421
207,12,0,2.475864
207,13,15,1.65628625
207,14,30,0.5277275
207,15,45,0.001004
207,16,60,0.34205025
207,17,75,1.34705425
207,18,90,2.3163535
207,19,105,2.77863275
207,20,120,3.012753
207,21,135,3.39960675
207,22,150,4.3150665
207,23,165,5.96733675
207,24,180,7.95921
208,1,-165,1.062483
208,2,-150,0.31745225
208,3,-135,0
208,4,-120,0.0972625
208,5,-105,0.51222825
208,6,-90,1.08337875
208,7,-75,1.27727625
208,8,-60,0.801945
208,9,-45,0.30076075
208,10,-30,0.22583725
208,11,-15,0.59995275
208,12,0,1.090595
208,13,15,0.5959995
208,14,30,0.223139
208,15,45,0.299945
208,16,60,0.8038275
208,17,75,1.2503565
208,18,90,1.083818
208,19,105,0.50281575
208,20,120,0.098392
208,21,135,0.0008785
208,22,150,0.320025
208,23,165,1.062483
208,24,180,1.7463325
209,1,-165,1.65088975
209,2,-150,0.9140165
209,3,-135,0.264052
209,4,-120,0
209,5,-105,0.2222605
209,6,-90,0.844866
209,7,-75,1.61738125
209,8,-60,2.114424
209,9,-45,1.98622575
209,10,-30,1.24979175
209,11,-15,0.4421365
209,12,0,0.10385125
209,13,15,0.4421365
209,14,30,1.24979175
209,15,45,1.98622575
209,16,60,2.114424
209,17,75,1.61738125
209,18,90,0.84492875
209,19,105,0.2222605
209,20,120,0
209,21,135,0.264052
209,22,150,0.9140165
209,23,165,1.65088975
209,24,180,1.993191
210,1,-165,0.931712
210,2,-150,2.78879825
210,3,-135,4.8037635
210,4,-120,7.2859025
210,5,-105,10.135129
210,6,-90,7.2921775
210,7,-75,4.095316
210,8,-60,1.6835825
210,9,-45,0.38710475
210,10,-30,0
210,11,-15,0.224143
210,12,0,0.94081075
210,13,15,0.22847275
210,14,30,0.00131775
210,15,45,0.389552
210,16,60,1.683708
210,17,75,4.092806
210,18,90,7.296821
210,19,105,10.1294815
210,20,120,7.30027225
210,21,135,4.80307325
210,22,150,2.57526
210,23,165,0.9280725
210,24,180,0.4267
211,1,-165,0.390807
211,2,-150,1.545909
211,3,-135,3.35517975
211,4,-120,5.50725375
211,5,-105,7.37783125
211,6,-90,8.188875
211,7,-75,7.48237275
211,8,-60,5.58958175
211,9,-45,3.38592725
211,10,-30,1.52978225
211,11,-15,0.3849085
211,12,0,0
211,13,15,0.38497125
211,14,30,1.53003325
211,15,45,3.3946495
211,16,60,5.59422525
211,17,75,7.48387875
211,18,90,8.188875
211,19,105,7.37783125
211,20,120,5.50399075
211,21,135,3.3554935
211,22,150,1.54446575
211,23,165,0.39061875
211,24,180,0.00081575
212,1,-165,0.1354145
212,2,-150,0.588344
212,3,-135,1.3567805
212,4,-120,2.23597075
212,5,-105,2.90312875
212,6,-90,3.0304485
212,7,-75,2.54419875
212,8,-60,1.698517
212,9,-45,0.92725675
212,10,-30,0.4800375
212,11,-15,0.3485135
212,12,0,0.35893
212,13,15,0.348639
212,14,30,0.48122975
212,15,45,0.92499775
212,16,60,1.70234475
212,17,75,2.5442615
212,18,90,3.027813
212,19,105,2.90300325
212,20,120,2.2360335
212,21,135,1.3628045
212,22,150,0.59254825
212,23,165,0.1359165
212,24,180,0
213,1,-165,0.4135225
213,2,-150,0.001004
213,3,-135,0.075049
213,4,-120,0.51837775
213,5,-105,1.04372075
213,6,-90,1.455047
213,7,-75,1.4519095
213,8,-60,1.0284725
213,9,-45,0.77552725
213,10,-30,1.136277
213,11,-15,2.0894495
213,12,0,2.8923985
213,13,15,2.08838275
213,14,30,1.13382975
213,15,45,0.77828825
213,16,60,1.027845
213,17,75,1.45197225
213,18,90,1.45473325
213,19,105,1.043658
213,20,120,0.51762475
213,21,135,0.07781
213,22,150,0
213,23,165,0.41345975
213,24,180,0.812236
214,1,-165,0.2958035
214,2,-150,1.095866
214,3,-135,2.049164
214,4,-120,2.11021975
214,5,-105,1.798666
214,6,-90,1.8429675
214,7,-75,2.056192
214,8,-60,2.61623575
214,9,-45,3.06722
214,10,-30,3.4576505
214,11,-15,4.0592975
214,12,0,4.94902975
214,13,15,4.05772875
214,14,30,3.45771325
214,15,45,3.066467
214,16,60,2.62690325
214,17,75,2.056443
214,18,90,1.842842
214,19,105,1.79910525
214,20,120,2.109906
214,21,135,2.048662
214,22,150,1.08877525
214,23,165,0.29548975
214,24,180,0
215,1,-165,0.20236875
215,2,-150,0.860428
215,3,-135,2.03579825
215,4,-120,3.730613
215,5,-105,5.786805
215,6,-90,7.50282925
215,7,-75,6.27029375
215,8,-60,3.9744595
215,9,-45,2.15063075
215,10,-30,0.9150205
215,11,-15,0.225649
215,12,0,0.01361675
215,13,15,0.22508425
215,14,30,0.91495775
215,15,45,2.15063075
215,16,60,3.971071
215,17,75,6.27142325
215,18,90,7.50220175
215,19,105,5.78686775
215,20,120,3.73293475
215,21,135,2.03642575
215,22,150,0.8605535
215,23,165,0.2021805
215,24,180,0
216,1,-165,5.5251375
216,2,-150,5.4106815
216,3,-135,5.63174975
216,4,-120,6.1631795
216,5,-105,6.66549325
216,6,-90,6.639703
216,7,-75,5.779526
216,8,-60,4.278546
216,9,-45,2.63016625
216,10,-30,1.22255825
216,11,-15,0.30264325
216,12,0,0
216,13,15,0.30377275
216,14,30,1.22255825
216,15,45,2.63016625
216,16,60,4.280052
216,17,75,5.78849925
216,18,90,6.638197
216,19,105,6.66549325
216,20,120,6.1631795
216,21,135,5.631687
216,22,150,5.4106815
216,23,165,5.5251375
216,24,180,5.66161875
217,1,-165,0.21278525
217,2,-150,0.88119825
217,3,-135,2.00843925
217,4,-120,3.439704
217,5,-105,4.77998125
217,6,-90,5.60815575
217,7,-75,5.771745
217,8,-60,5.43233025
217,9,-45,4.991135
217,10,-30,4.7924685
217,11,-15,4.87661625
217,12,0,4.972059
217,13,15,4.876679
217,14,30,4.79253125
217,15,45,4.99132325
217,16,60,5.4322675
217,17,75,5.771494
217,18,90,5.60803025
217,19,105,4.7751495
217,20,120,3.439955
217,21,135,2.007749
217,22,150,0.8816375
217,23,165,0.21291075
217,24,180,0
218,1,-165,0.8534
218,2,-150,0.952796
218,3,-135,1.322268
218,4,-120,1.66042775
218,5,-105,1.779339
218,6,-90,1.78730825
218,7,-75,1.6805705
218,8,-60,0.71227525
218,9,-45,0.115962
218,10,-30,0
218,11,-15,0.191513
218,12,0,0.42877075
218,13,15,0.187246
218,14,30,0.00056475
218,15,45,0.11627575
218,16,60,0.71064375
218,17,75,1.6793155
218,18,90,1.78492375
218,19,105,1.7814725
218,20,120,1.65854525
218,21,135,1.32107575
218,22,150,0.953047
218,23,165,0.8540275
218,24,180,0.9807825
219,1,-165,2.76382375
219,2,-150,1.20900425
219,3,-135,0.255518
219,4,-120,0.113954
219,5,-105,0.464099
219,6,-90,0.748231
219,7,-75,0.6401755
219,8,-60,0.2704525
219,9,-45,0.00031375
219,10,-30,0.2937955
219,11,-15,1.40415675
219,12,0,2.60569375
219,13,15,1.40591375
219,14,30,0.294674
219,15,45,0
219,16,60,0.2704525
219,17,75,0.64011275
219,18,90,0.74979975
219,19,105,0.46290675
219,20,120,0.1153345
219,21,135,0.25620825
219,22,150,1.209067
219,23,165,2.7631335
219,24,180,3.73531925
220,1,-165,0
220,2,-150,0.028363
220,3,-135,0.34845075
220,4,-120,0.956812
220,5,-105,1.72066775
220,6,-90,2.37948
220,7,-75,2.632488
220,8,-60,2.33662175
220,9,-45,2.4092235
220,10,-30,3.29312
220,11,-15,4.96973725
220,12,0,6.79149525
220,13,15,4.969298
220,14,30,3.2907355
220,15,45,2.40740375
220,16,60,2.33724925
220,17,75,2.63129575
220,18,90,2.37929175
220,19,105,1.7227385
220,20,120,0.95574525
220,21,135,0.34958025
220,22,150,0.032128
220,23,165,6.28E-05
220,24,180,0.4554395
221,1,-165,7.783008
221,2,-150,5.9545985
221,3,-135,4.475581
221,4,-120,2.4581685
221,5,-105,3.1348645
221,6,-90,3.446481
221,7,-75,3.60643075
221,8,-60,5.57163525
221,9,-45,5.7058575
221,10,-30,3.41265875
221,11,-15,1.384014
221,12,0,0.22006425
221,13,15,0
221,14,30,0.7465995
221,15,45,2.2330215
221,16,60,3.280068
221,17,75,4.07454575
221,18,90,4.983103
221,19,105,5.73089475
221,20,120,7.01024175
221,21,135,8.7103275
221,22,150,10.82807725
221,23,165,12.715911
221,24,180,10.5155195
222,1,-165,0.105922
222,2,-150,0.7016705
222,3,-135,1.4622005
222,4,-120,2.588061
222,5,-105,1.5701305
222,6,-90,0.65617675
222,7,-75,0.00069025
222,8,-60,0.12801
222,9,-45,1.00079975
222,10,-30,2.461808
222,11,-15,3.935429
222,12,0,4.8396565
222,13,15,3.94239425
222,14,30,2.45547025
222,15,45,0.99967025
222,16,60,0.126253
222,17,75,0
222,18,90,0.662138
222,19,105,1.58926925
222,20,120,2.58498625
222,21,135,1.46075725
222,22,150,0.704306
222,23,165,0.116715
222,24,180,0.012801
223,1,-165,0.014558
223,2,-150,0.009036
223,3,-135,0.6886185
223,4,-120,1.9860375
223,5,-105,3.27699325
223,6,-90,3.81902775
223,7,-75,3.25703875
223,8,-60,1.971856
223,9,-45,0.6913795
223,10,-30,0
223,11,-15,0.015311
223,12,0,0.1911365
223,13,15,0.015311
223,14,30,0.0001255
223,15,45,0.6913795
223,16,60,1.9717305
223,17,75,3.2553445
223,18,90,3.8190905
223,19,105,3.27699325
223,20,120,1.97995075
223,21,135,0.6886185
223,22,150,0.00884775
223,23,165,0.014558
223,24,180,0.193019
224,1,-165,0.4267
224,2,-150,0
224,3,-135,0.08966975
224,4,-120,0.67801375
224,5,-105,1.46653025
224,6,-90,2.0387475
224,7,-75,1.96827925
224,8,-60,1.47581725
224,9,-45,1.47318175
224,10,-30,2.36937725
224,11,-15,4.04417475
224,12,0,5.59874325
224,13,15,4.043108
224,14,30,2.3663025
224,15,45,1.47481325
224,16,60,1.47606825
224,17,75,1.9699735
224,18,90,2.05123475
224,19,105,1.4667185
224,20,120,0.67826475
224,21,135,0.0914895
224,22,150,0.001004
224,23,165,0.42826875
224,24,180,0.7827435
225,1,-165,0.1612675
225,2,-150,0.80752975
225,3,-135,2.06642025
225,4,-120,3.75263825
225,5,-105,5.31247775
225,6,-90,5.9641365
225,7,-75,5.3258435
225,8,-60,3.7944925
225,9,-45,2.1040075
225,10,-30,0.83451225
225,11,-15,0.1821005
225,12,0,0.00018825
225,13,15,0.1675425
225,14,30,0.81844825
225,15,45,2.092838
225,16,60,3.79166875
225,17,75,5.31498775
225,18,90,5.962756
225,19,105,5.320698
225,20,120,3.76995725
225,21,135,2.076774
225,22,150,0.82359375
225,23,165,0.18216325
225,24,180,0
226,1,-165,0.33339075
226,2,-150,0.33634
226,3,-135,0.36238125
226,4,-120,0.15492975
226,5,-105,0
226,6,-90,0.01813475
226,7,-75,0.32648825
226,8,-60,0.16823275
226,9,-45,0.98643
226,10,-30,2.462059
226,11,-15,3.64659075
226,12,0,4.0946885
226,13,15,3.64345325
226,14,30,2.88355075
226,15,45,0.9905715
226,16,60,0.1698015
226,17,75,0.32661375
226,18,90,0.01788375
226,19,105,0.001255
226,20,120,0.16434225
226,21,135,0.357926
226,22,150,0.336089
226,23,165,0.332826
226,24,180,0.6419325
227,1,-165,0.0051455
227,2,-150,0.13346925
227,3,-135,0.58978725
227,4,-120,1.37441325
227,5,-105,2.280084
227,6,-90,2.9367
227,7,-75,3.19090025
227,8,-60,3.074248
227,9,-45,2.8191065
227,10,-30,2.563965
227,11,-15,2.430935
227,12,0,2.78126825
227,13,15,2.95445825
227,14,30,3.47842075
227,15,45,2.81904375
227,16,60,3.0743735
227,17,75,3.19140225
227,18,90,2.937202
227,19,105,2.266781
227,20,120,1.37717425
227,21,135,0.59041475
227,22,150,0.13346925
227,23,165,0.0051455
227,24,180,0
228,1,-165,0.552451
228,2,-150,1.97066375
228,3,-135,3.6777775
228,4,-120,5.0733375
228,5,-105,5.51641525
228,6,-90,5.18446775
228,7,-75,4.78098525
228,8,-60,4.7420175
228,9,-45,5.174114
228,10,-30,5.9786945
228,11,-15,7.0261175
228,12,0,8.1054175
228,13,15,6.954206
228,14,30,5.98076525
228,15,45,5.3047595
228,16,60,5.02545925
228,17,75,5.15233975
228,18,90,5.5811105
228,19,105,5.86605825
228,20,120,5.155289
228,21,135,3.68411525
228,22,150,1.96840475
228,23,165,0.55276475
228,24,180,0
229,1,-165,0.470876
229,2,-150,0
229,3,-135,0.40429825
229,4,-120,1.463079
229,5,-105,2.92170275
229,6,-90,4.22577325
229,7,-75,4.72639275
229,8,-60,4.58696225
229,9,-45,4.43209525
229,10,-30,4.8577285
229,11,-15,6.034542
229,12,0,7.55252725
229,13,15,6.0331615
229,14,30,4.85741475
229,15,45,4.43234625
229,16,60,4.59085275
229,17,75,4.72576525
229,18,90,4.22778125
229,19,105,2.91592975
229,20,120,1.46276525
229,21,135,0.40341975
229,22,150,0.00483175
229,23,165,0.46930725
229,24,180,1.544905
230,1,-165,0.1233665
230,2,-150,0.66257725
230,3,-135,1.773064
230,4,-120,3.40123825
230,5,-105,5.187166
230,6,-90,6.17817675
230,7,-75,5.251422
230,8,-60,3.5018265
230,9,-45,1.835563
230,10,-30,0.6946425
230,11,-15,0.15562
230,12,0,0.03721075
230,13,15,0.1577535
230,14,30,0.6946425
230,15,45,1.83550025
230,16,60,3.5028305
230,17,75,5.25826175
230,18,90,6.17529025
230,19,105,5.186664
230,20,120,3.40123825
230,21,135,1.773064
230,22,150,0.66257725
230,23,165,0.1233665
230,24,180,0
231,1,-165,3.1474145
231,2,-150,4.0472495
231,3,-135,4.8853385
231,4,-120,4.91301125
231,5,-105,3.87412225
231,6,-90,2.22191475
231,7,-75,0.76987975
231,8,-60,6.27E-05
231,9,-45,0.802447
231,10,-30,2.8248795
231,11,-15,4.960262
231,12,0,5.9475705
231,13,15,4.95906975
231,14,30,2.824252
231,15,45,0.802447
231,16,60,0
231,17,75,0.769817
231,18,90,2.221852
231,19,105,3.874687
231,20,120,4.91326225
231,21,135,4.8853385
231,22,150,4.049132
231,23,165,3.1474145
231,24,180,2.83862175
232,1,-165,0.1590085
232,2,-150,0.6745625
232,3,-135,1.57879
232,4,-120,2.7631335
232,5,-105,3.93687225
232,6,-90,4.69872
232,7,-75,4.80344975
232,8,-60,4.2736515
232,9,-45,3.50414825
232,10,-30,2.85782325
232,11,-15,2.498705
232,12,0,2.3848765
232,13,15,2.4985795
232,14,30,2.857886
232,15,45,3.50339525
232,16,60,4.273777
232,17,75,4.80344975
232,18,90,4.69865725
232,19,105,3.93260525
232,20,120,2.76319625
232,21,135,1.57872725
232,22,150,0.6745625
232,23,165,0.15894575
232,24,180,0
233,1,-165,3.3218595
233,2,-150,2.7347705
233,3,-135,2.151321
233,4,-120,1.943493
233,5,-105,0.747227
233,6,-90,6.28E-05
233,7,-75,0.1399325
233,8,-60,0.628755
233,9,-45,0.90567075
233,10,-30,0.92750775
233,11,-15,0.89356
233,12,0,0.872978
233,13,15,0.8934345
233,14,30,0.92788425
233,15,45,0.905608
233,16,60,0.62881775
233,17,75,0.1396815
233,18,90,0
233,19,105,0.74666225
233,20,120,1.94368125
233,21,135,2.151321
233,22,150,2.73495875
233,23,165,3.32242425
233,24,180,3.5550385
234,1,-165,0.64048925
234,2,-150,0.00043925
234,3,-135,0.0711585
234,4,-120,0.737689
234,5,-105,1.71188275
234,6,-90,2.626213
234,7,-75,1.70598425
234,8,-60,0.71905225
234,9,-45,0.04210525
234,10,-30,0.07059375
234,11,-15,0.81518525
234,12,0,1.8226365
234,13,15,0.81606375
234,14,30,0.0706565
234,15,45,0.04298375
234,16,60,0.72231525
234,17,75,1.70548225
234,18,90,2.62790725
234,19,105,1.708557
234,20,120,0.7378145
234,21,135,0.07147225
234,22,150,0
234,23,165,0.640803
234,24,180,1.747211
235,1,-165,0.179465
235,2,-150,0.76649125
235,3,-135,1.7694245
235,4,-120,3.00980375
235,5,-105,4.11558425
235,6,-90,4.58357375
235,7,-75,4.1521675
235,8,-60,3.0487715
235,9,-45,1.7794645
235,10,-30,0.76536175
235,11,-15,0.175198
235,12,0,0.0021335
235,13,15,0.17526075
235,14,30,0.76523625
235,15,45,1.7794645
235,16,60,3.0487715
235,17,75,4.1521675
235,18,90,4.583511
235,19,105,4.11570975
235,20,120,3.00992925
235,21,135,1.76898525
235,22,150,0.76661675
235,23,165,0.179465
235,24,180,0
236,1,-165,0.24390925
236,2,-150,1.02659
236,3,-135,2.4385905
236,4,-120,4.49283725
236,5,-105,7.01137125
236,6,-90,9.42272825
236,7,-75,6.66549325
236,8,-60,4.10692475
236,9,-45,2.16920475
236,10,-30,0.8944385
236,11,-15,0.2094595
236,12,0,0.00056475
236,13,15,0.2094595
236,14,30,0.8939365
236,15,45,2.16920475
236,16,60,4.10692475
236,17,75,6.667815
236,18,90,9.4226655
236,19,105,7.01325375
236,20,120,4.4929
236,21,135,2.43852775
236,22,150,1.02659
236,23,165,0.243972
236,24,180,0
237,1,-165,0.988187
237,2,-150,1.4345905
237,3,-135,3.63253475
237,4,-120,2.83222125
237,5,-105,1.6484425
237,6,-90,0.6045335
237,7,-75,0.01506
237,8,-60,0.01022825
237,9,-45,0.5294845
237,10,-30,2.09779525
237,11,-15,3.47264775
237,12,0,4.9214825
237,13,15,3.47289875
237,14,30,1.82608775
237,15,45,0.52967275
237,16,60,0.0151855
237,17,75,0
237,18,90,0.6024
237,19,105,1.6476895
237,20,120,2.820487
237,21,135,3.64784575
237,22,150,1.43678675
237,23,165,0.98799875
237,24,180,0.94507775
238,1,-165,0.3058435
238,2,-150,1.42122475
238,3,-135,3.31476875
238,4,-120,5.877416
238,5,-105,8.777219
238,6,-90,10.26339
238,7,-75,7.88773775
238,8,-60,6.196688
238,9,-45,5.2791575
238,10,-30,5.016737
238,11,-15,5.275769
238,12,0,5.978318
238,13,15,5.2741375
238,14,30,5.01567025
238,15,45,5.2791575
238,16,60,6.19612325
238,17,75,7.889934
238,18,90,10.2685355
238,19,105,8.776466
238,20,120,5.87760425
238,21,135,3.316463
238,22,150,1.42097375
238,23,165,0.3058435
238,24,180,0
239,1,-165,0
239,2,-150,1.36951875
239,3,-135,1.7634005
239,4,-120,2.61372575
239,5,-105,3.50352075
239,6,-90,3.96674125
239,7,-75,4.054403
239,8,-60,3.99221775
239,9,-45,4.2116545
239,10,-30,5.293088
239,11,-15,7.22760775
239,12,0,9.273446
239,13,15,7.23865175
239,14,30,5.2894485
239,15,45,4.20832875
239,16,60,3.977848
239,17,75,4.05747775
239,18,90,3.96649025
239,19,105,4.28136975
239,20,120,2.614667
239,21,135,1.752231
239,22,150,1.40829825
239,23,165,0.00031375
239,24,180,0.29599175
240,1,-165,5.211513
240,2,-150,3.784578
240,3,-135,2.782586
240,4,-120,1.81454175
240,5,-105,1.232912
240,6,-90,0.98247675
240,7,-75,1.484916
240,8,-60,2.3359315
240,9,-45,2.97303225
240,10,-30,1.25117225
240,11,-15,0.329061
240,12,0,0
240,13,15,0.0530865
240,14,30,0.35447475
240,15,45,0.74628575
240,16,60,0.41032225
240,17,75,0.91746775
240,18,90,1.93521
240,19,105,2.90124625
240,20,120,4.1740045
240,21,135,5.6531475
240,22,150,7.31131625
240,23,165,8.96841825
240,24,180,7.8401105
241,1,-165,2.1303625
241,2,-150,4.1270675
241,3,-135,4.3906175
241,4,-120,5.6092225
241,5,-105,3.028315
241,6,-90,1.58381
241,7,-75,0
241,8,-60,1.6622475
241,9,-45,4.1170275
241,10,-30,5.3644975
241,11,-15,5.5715725
241,12,0,5.5540025
241,13,15,5.5125875
241,14,30,5.1147525
241,15,45,3.101105
241,16,60,2.22135
241,17,75,2.907835
241,18,90,4.2036225
241,19,105,4.3140625
241,20,120,3.9789775
241,21,135,3.6476575
241,22,150,2.895285
241,23,165,1.5129025
241,24,180,0.9155225
242,1,-165,0.49817225
242,2,-150,0.9948385
242,3,-135,1.82608775
242,4,-120,2.885245
242,5,-105,3.8354055
242,6,-90,4.26329775
242,7,-75,3.95030075
242,8,-60,3.052913
242,9,-45,1.9175145
242,10,-30,0.92926475
242,11,-15,0.2503725
242,12,0,0
242,13,15,0.25030975
242,14,30,0.929202
242,15,45,1.91757725
242,16,60,3.0527875
242,17,75,3.95042625
242,18,90,4.26329775
242,19,105,3.8354055
242,20,120,2.88631175
242,21,135,1.82608775
242,22,150,0.994964
242,23,165,0.49817225
242,24,180,0.34142275
243,1,-165,0.99075975
243,2,-150,0.11439325
243,3,-135,0
243,4,-120,0.74967425
243,5,-105,1.75994925
243,6,-90,2.34678725
243,7,-75,2.3775975
243,8,-60,2.347854
243,9,-45,3.007231
243,10,-30,4.78838975
243,11,-15,7.65769625
243,12,0,10.3202415
243,13,15,7.662026
243,14,30,4.78838975
243,15,45,3.0073565
243,16,60,2.347854
243,17,75,2.376217
243,18,90,2.34503025
243,19,105,1.75994925
243,20,120,0.74904675
243,21,135,0
243,22,150,0.11439325
243,23,165,0.99075975
243,24,180,1.62754675
244,1,-165,0.18291625
244,2,-150,0.8442385
244,3,-135,2.0216795
244,4,-120,3.54330425
244,5,-105,4.9234905
244,6,-90,5.48478925
244,7,-75,4.91890975
244,8,-60,3.57706375
244,9,-45,2.06227875
244,10,-30,0.86249875
244,11,-15,0.186995
244,12,0,0.002259
244,13,15,0.186995
244,14,30,0.86400475
244,15,45,2.06227875
244,16,60,3.57681275
244,17,75,4.92317675
244,18,90,5.48478925
244,19,105,4.922863
244,20,120,3.54330425
244,21,135,2.02161675
244,22,150,0.84154025
244,23,165,0.1828535
244,24,180,0
245,1,-165,1.36487525
245,2,-150,1.6082825
245,3,-135,1.7636515
245,4,-120,1.55136825
245,5,-105,0.95825525
245,6,-90,0.36551875
245,7,-75,0
245,8,-60,0.107428
245,9,-45,0.67462525
245,10,-30,1.44193225
245,11,-15,2.17033425
245,12,0,2.45371325
245,13,15,2.1702715
245,14,30,1.421162
245,15,45,0.67475075
245,16,60,0.1075535
245,17,75,0.0691505
245,18,90,0.3675895
245,19,105,0.95988675
245,20,120,1.5513055
245,21,135,1.7603885
245,22,150,1.60558425
245,23,165,1.36374575
245,24,180,1.21954625
246,1,-165,0.02842575
246,2,-150,0.33502225
246,3,-135,1.12303675
246,4,-120,2.250968
246,5,-105,3.2804445
246,6,-90,3.73117775
246,7,-75,3.2967595
246,8,-60,2.2473285
246,9,-45,1.10985925
246,10,-30,0.32523325
246,11,-15,0.026857
246,12,0,0
246,13,15,0.02641775
246,14,30,0.3251705
246,15,45,1.10985925
246,16,60,2.24714025
246,17,75,3.29669675
246,18,90,3.7324955
246,19,105,3.2796915
246,20,120,2.2505915
246,21,135,1.12303675
246,22,150,0.33489675
246,23,165,0.02842575
246,24,180,0.00194525
247,1,-165,5.96125
247,2,-150,6.51075175
247,3,-135,7.69057725
247,4,-120,9.596232
247,5,-105,12.231481
247,6,-90,15.21154125
247,7,-75,11.68925825
247,8,-60,7.73525525
247,9,-45,4.33320125
247,10,-30,1.87214625
247,11,-15,0.453808
247,12,0,0
247,13,15,0.453808
247,14,30,1.8750955
247,15,45,4.33307575
247,16,60,7.745609
247,17,75,11.58114
247,18,90,15.2157455
247,19,105,12.231481
247,20,120,9.59541625
247,21,135,7.69484425
247,22,150,6.51112825
247,23,165,5.96131275
247,24,180,6.00737125
248,1,-165,10.55762475
248,2,-150,5.9305025
248,3,-135,2.70797625
248,4,-120,0.928951
248,5,-105,0.18555175
248,6,-90,0.00282375
248,7,-75,0.20199225
248,8,-60,1.03870075
248,9,-45,2.998948
248,10,-30,6.34571925
248,11,-15,11.0980905
248,12,0,16.481413
248,13,15,11.09099975
248,14,30,6.3499235
248,15,45,2.99901075
248,16,60,1.036128
248,17,75,0.20199225
248,18,90,0
248,19,105,0.18467325
248,20,120,0.9290765
248,21,135,2.70446225
248,22,150,5.91726225
248,23,165,10.5649665
248,24,180,15.47785225
249,1,-165,0.16064
249,2,-150,0.72344475
249,3,-135,1.712573
249,4,-120,2.9749775
249,5,-105,4.12311425
249,6,-90,4.61770975
249,7,-75,4.15925825
249,8,-60,3.0101175
249,9,-45,1.71935
249,10,-30,0.71478525
249,11,-15,0.15518075
249,12,0,0.00018825
249,13,15,0.15518075
249,14,30,0.7149735
249,15,45,1.71953825
249,16,60,3.0096155
249,17,75,4.1594465
249,18,90,4.61758425
249,19,105,4.12298875
249,20,120,2.9742245
249,21,135,1.712573
249,22,150,0.7232565
249,23,165,0.16070275
249,24,180,0
250,1,-165,3.51431375
250,2,-150,2.059957
250,3,-135,1.6153105
250,4,-120,2.0457755
250,5,-105,1.501482
250,6,-90,0.618966
250,7,-75,0.0929955
250,8,-60,0
250,9,-45,0.86199675
250,10,-30,2.06071
250,11,-15,3.006729
250,12,0,3.42646375
250,13,15,3.00955275
250,14,30,2.098109
250,15,45,0.85233325
250,16,60,0.02729625
250,17,75,0.08992075
250,18,90,0.61890325
250,19,105,0.75049
250,20,120,1.1384105
250,21,135,1.91858125
250,22,150,1.1825865
250,23,165,3.04243375
250,24,180,3.3090585
251,1,-165,3.36634925
251,2,-150,2.58222525
251,3,-135,2.089073
251,4,-120,2.04872475
251,5,-105,0.7247625
251,6,-90,0.0809475
251,7,-75,0.00056475
251,8,-60,0.6958975
251,9,-45,1.98861025
251,10,-30,3.48682925
251,11,-15,4.30471275
251,12,0,4.71221125
251,13,15,4.3042735
251,14,30,3.4902805
251,15,45,1.99149675
251,16,60,0.68654775
251,17,75,0
251,18,90,0.08063375
251,19,105,0.72444875
251,20,120,2.06541625
251,21,135,2.0876925
251,22,150,2.5821625
251,23,165,3.366412
251,24,180,3.99284525
252,1,-165,9.00079725
252,2,-150,6.96016725
252,3,-135,4.9792125
252,4,-120,2.36849875
252,5,-105,0.67268
252,6,-90,0.00043925
252,7,-75,0.372735
252,8,-60,1.58450025
252,9,-45,2.41945175
252,10,-30,3.52912275
252,11,-15,4.45932875
252,12,0,5.0208785
252,13,15,4.469306
252,14,30,3.52862075
252,15,45,2.41756925
252,16,60,1.5851905
252,17,75,0.3716055
252,18,90,0
252,19,105,0.67299375
252,20,120,2.3698165
252,21,135,4.972561
252,22,150,6.96016725
252,23,165,9.0009855
252,24,180,9.98371325
253,1,-165,0.00106675
253,2,-150,0.8512665
253,3,-135,2.5118825
253,4,-120,4.726079
253,5,-105,7.07236425
253,6,-90,8.943883
253,7,-75,9.44331025
253,8,-60,9.06605725
253,9,-45,8.83450975
253,10,-30,9.2667945
253,11,-15,10.59150975
253,12,0,12.553765
253,13,15,10.594208
253,14,30,9.26685725
253,15,45,8.83463525
253,16,60,9.06555525
253,17,75,9.445632
253,18,90,8.951162
253,19,105,7.07148575
253,20,120,4.72513775
253,21,135,2.50516825
253,22,150,0.84957225
253,23,165,0
253,24,180,0.00056475
254,1,-165,0.0006275
254,2,-150,0.0822025
254,3,-135,0.586085
254,4,-120,1.4664675
254,5,-105,2.4139925
254,6,-90,2.8783425
254,7,-75,2.468585
254,8,-60,1.5028625
254,9,-45,0.588595
254,10,-30,0.084085
254,11,-15,0.00502
254,12,0,0.0458075
254,13,15,0.003765
254,14,30,0.0834575
254,15,45,0.58734
254,16,60,1.5041175
254,17,75,2.468585
254,18,90,2.87646
254,19,105,2.4139925
254,20,120,1.4664675
254,21,135,0.58483
254,22,150,0.0822025
254,23,165,0
254,24,180,0.0533375
255,1,-165,0.10598475
255,2,-150,0
255,3,-135,0.1690485
255,4,-120,1.805192
255,5,-105,1.3700835
255,6,-90,1.05325875
255,7,-75,1.374978
255,8,-60,1.46050625
255,9,-45,3.132982
255,10,-30,5.27344725
255,11,-15,7.23300425
255,12,0,8.6611315
255,13,15,7.24492675
255,14,30,5.277024
255,15,45,3.1363705
255,16,60,1.4544195
255,17,75,1.358412
255,18,90,1.0194365
255,19,105,1.37190325
255,20,120,1.81278475
255,21,135,0.16672675
255,22,150,0.001004
255,23,165,0.1057965
255,24,180,0.537391
256,1,-165,2.0410065
256,2,-150,1.716087
256,3,-135,1.752231
256,4,-120,1.9172635
256,5,-105,1.85608225
256,6,-90,1.404596
256,7,-75,0.88722225
256,8,-60,0.3467565
256,9,-45,0
256,10,-30,0.22282525
256,11,-15,0.8763665
256,12,0,1.87415425
256,13,15,0.87479775
256,14,30,0.22282525
256,15,45,0.00483175
256,16,60,0.3532825
256,17,75,0.888791
256,18,90,1.40177225
256,19,105,1.85746275
256,20,120,1.91745175
256,21,135,1.7563725
256,22,150,1.716087
256,23,165,2.04257525
256,24,180,2.84477125
257,1,-165,0.3128715
257,2,-150,0.09538
257,3,-135,0.00909875
257,4,-120,0.12719425
257,5,-105,0.30239225
257,6,-90,0.73812825
257,7,-75,0.33828525
257,8,-60,0.11640125
257,9,-45,0.000753
257,10,-30,0.09719975
257,11,-15,0.32887275
257,12,0,0.6825945
257,13,15,0.32874725
257,14,30,0.095129
257,15,45,0
257,16,60,0.1113185
257,17,75,0.338097
257,18,90,0.737689
257,19,105,0.304965
257,20,120,0.12468425
257,21,135,0.0084085
257,22,150,0.09607025
257,23,165,0.31318525
257,24,180,0.67901775
258,1,-165,1.292399
258,2,-150,0.2513765
258,3,-135,6.28E-05
258,4,-120,0.4393755
258,5,-105,1.0515645
258,6,-90,1.3351945
258,7,-75,1.04083425
258,8,-60,0.451047
258,9,-45,0.008032
258,10,-30,0.1933955
258,11,-15,1.180453
258,12,0,2.124715
258,13,15,1.18352775
258,14,30,0.1918895
258,15,45,0.00822025
258,16,60,0.4511725
258,17,75,1.03920275
258,18,90,1.33525725
258,19,105,1.04685825
258,20,120,0.44044225
258,21,135,0
258,22,150,0.251
258,23,165,1.292399
258,24,180,2.1235855
259,1,-165,3.792359
259,2,-150,1.20825125
259,3,-135,0.09569375
259,4,-120,0
259,5,-105,0.488195
259,6,-90,1.301435
259,7,-75,0.5073965
259,8,-60,0.02114675
259,9,-45,0.0673935
259,10,-30,1.057965
259,11,-15,3.2829545
259,12,0,6.74631525
259,13,15,3.284084
259,14,30,1.0578395
259,15,45,0.0668915
259,16,60,0.02114675
259,17,75,0.5073965
259,18,90,1.30137225
259,19,105,0.489199
259,20,120,0.000251
259,21,135,0.0947525
259,22,150,1.206808
259,23,165,3.7922335
259,24,180,7.77604275
260,1,-165,4.540841
260,2,-150,1.67624075
260,3,-135,0.25997325
260,4,-120,0.0064005
260,5,-105,0.27766875
260,6,-90,0.462593
260,7,-75,0.26938575
260,8,-60,0
260,9,-45,0.379763
260,10,-30,2.02914675
260,11,-15,4.953234
260,12,0,7.75997875
260,13,15,4.9553675
260,14,30,2.027829
260,15,45,0.3801395
260,16,60,0
260,17,75,0.26976225
260,18,90,0.46240475
260,19,105,0.278108
260,20,120,0.00633775
260,21,135,0.259785
260,22,150,1.673417
260,23,165,4.54040175
260,24,180,7.76073175
261,1,-165,0.89286975
261,2,-150,1.05564325
261,3,-135,1.79383425
261,4,-120,2.6652435
261,5,-105,3.38542525
261,6,-90,4.00890925
261,7,-75,4.345061
261,8,-60,2.20359175
261,9,-45,0.90629825
261,10,-30,0.16107925
261,11,-15,0
261,12,0,0.2696995
261,13,15,0.0018825
261,14,30,0.1607655
261,15,45,0.91043975
261,16,60,2.204282
261,17,75,4.345061
261,18,90,4.0078425
261,19,105,3.3833545
261,20,120,2.66467875
261,21,135,1.793144
261,22,150,1.0545765
261,23,165,0.89010875
261,24,180,1.2696835
262,1,-165,4.900775
262,2,-150,2.41211
262,3,-135,1.040395
262,4,-120,0.52208
262,5,-105,0.503255
262,6,-90,1.36042
262,7,-75,0.29618
262,8,-60,0.0018825
262,9,-45,0.8941875
262,10,-30,3.0214125
262,11,-15,6.24488
262,12,0,10.4033225
262,13,15,6.2492725
262,14,30,3.0151375
262,15,45,0.89607
262,16,60,0
262,17,75,0.2968075
262,18,90,1.3623025
262,19,105,0.5013725
262,20,120,0.523335
262,21,135,1.0422775
262,22,150,2.410855
262,23,165,4.898265
262,24,180,8.6525975
263,1,-165,4.44025275
263,2,-150,4.4807265
263,3,-135,4.5796205
263,4,-120,4.80144175
263,5,-105,3.91867475
263,6,-90,2.8153415
263,7,-75,1.91556925
263,8,-60,0
263,9,-45,0.14162675
263,10,-30,0.5887205
263,11,-15,1.49589725
263,12,0,2.27537775
263,13,15,1.49238325
263,14,30,0.591858
263,15,45,0.14175225
263,16,60,0.0061495
263,17,75,1.9147535
263,18,90,2.816471
263,19,105,3.91917675
263,20,120,4.80194375
263,21,135,4.575981
263,22,150,4.48116575
263,23,165,4.44113125
263,24,180,4.48003625
264,1,-165,0.12801
264,2,-150,0.628755
264,3,-135,1.30269
264,4,-120,2.035108
264,5,-105,2.662608
264,6,-90,3.108384
264,7,-75,3.4885235
264,8,-60,3.45206575
264,9,-45,3.964294
264,10,-30,4.87197275
264,11,-15,5.7981
264,12,0,6.31710525
264,13,15,5.79879025
264,14,30,4.85703825
264,15,45,3.964294
264,16,60,3.459282
264,17,75,3.48820975
264,18,90,3.11246275
264,19,105,2.660349
264,20,120,2.03692775
264,21,135,1.31354575
264,22,150,0.62593125
264,23,165,0.1281355
264,24,180,0
265,1,-165,0.19094825
265,2,-150,0.78355925
265,3,-135,1.8000465
265,4,-120,3.1002265
265,5,-105,4.24648075
265,6,-90,4.7003515
265,7,-75,4.2613525
265,8,-60,3.17257725
265,9,-45,1.8878965
265,10,-30,0.836332
265,11,-15,0.207326
265,12,0,0
265,13,15,0.20726325
265,14,30,0.836583
265,15,45,1.88783375
265,16,60,3.16818475
265,17,75,4.26141525
265,18,90,4.7003515
265,19,105,4.24660625
265,20,120,3.100352
265,21,135,1.79948175
265,22,150,0.78368475
265,23,165,0.19107375
265,24,180,0.00031375
266,1,-165,1.25154875
266,2,-150,1.99036725
266,3,-135,3.11196075
266,4,-120,2.91655725
266,5,-105,1.99224975
266,6,-90,0.806714
266,7,-75,0.00194525
266,8,-60,0.1140795
266,9,-45,1.18704175
266,10,-30,2.775307
266,11,-15,4.195716
266,12,0,4.919349
266,13,15,4.19226475
266,14,30,2.72629925
266,15,45,1.1740525
266,16,60,0.112699
266,17,75,0
266,18,90,0.8050825
266,19,105,1.98936325
266,20,120,2.9164945
266,21,135,2.87576975
266,22,150,1.99043
266,23,165,1.25230175
266,24,180,0.98975575
267,1,-165,0.0001255
267,2,-150,0.44922725
267,3,-135,2.43777475
267,4,-120,5.974051
267,5,-105,9.75455025
267,6,-90,12.70430225
267,7,-75,9.51120575
267,8,-60,4.97199625
267,9,-45,1.88444525
267,10,-30,0.270578
267,11,-15,0.054718
267,12,0,0.877496
267,13,15,0.051706
267,14,30,0.263299
267,15,45,1.883002
267,16,60,5.007952
267,17,75,9.4638295
267,18,90,12.6934465
267,19,105,9.87352425
267,20,120,5.9892365
267,21,135,2.47442075
267,22,150,0.46089875
267,23,165,0
267,24,180,0.773833
268,1,-165,0.6705465
268,2,-150,1.43126475
268,3,-135,2.50554475
268,4,-120,3.69603775
268,5,-105,4.547116
268,6,-90,4.58382475
268,7,-75,3.78903325
268,8,-60,2.4677065
268,9,-45,1.15127425
268,10,-30,0.2749705
268,11,-15,6.28E-05
268,12,0,0.19923125
268,13,15,0.70029
268,14,30,1.48843
268,15,45,2.589065
268,16,60,3.74711625
268,17,75,4.52785175
268,18,90,4.61570175
268,19,105,3.84776725
268,20,120,2.4491325
268,21,135,1.109922
268,22,150,0.26034975
268,23,165,0
268,24,180,0.1871205
269,1,-165,0.00244725
269,2,-150,0.2471095
269,3,-135,1.03568875
269,4,-120,2.41305125
269,5,-105,4.01857275
269,6,-90,5.184405
269,7,-75,5.67341575
269,8,-60,5.696194
269,9,-45,5.8607245
269,10,-30,6.67829425
269,11,-15,8.28168225
269,12,0,9.76132725
269,13,15,8.2811175
269,14,30,6.67703925
269,15,45,5.86066175
269,16,60,5.696696
269,17,75,5.6744825
269,18,90,5.1827735
269,19,105,4.015247
269,20,120,2.4358295
269,21,135,1.026088
269,22,150,0.21278525
269,23,165,0.0003765
269,24,180,0
270,1,-165,0.1805945
270,2,-150,0.74490525
270,3,-135,1.726629
270,4,-120,3.10455625
270,5,-105,4.748418
270,6,-90,5.05583025
270,7,-75,3.7658785
270,8,-60,2.2756915
270,9,-45,1.31367125
270,10,-30,0.74779175
270,11,-15,0.45048225
270,12,0,0.36024775
270,13,15,0.45048225
270,14,30,0.74904675
270,15,45,1.31279275
270,16,60,2.2739345
270,17,75,3.76751
270,18,90,5.05583025
270,19,105,4.74923375
270,20,120,3.10487
270,21,135,1.728135
270,22,150,0.74490525
270,23,165,0.18228875
270,24,180,0
271,1,-165,1.2438305
271,2,-150,0.83463775
271,3,-135,0.448537
271,4,-120,0.25783975
271,5,-105,0.1856145
271,6,-90,0.04687425
271,7,-75,0.000251
271,8,-60,0.5708995
271,9,-45,1.31768725
271,10,-30,2.3374375
271,11,-15,4.093559
271,12,0,7.8388555
271,13,15,4.09199025
271,14,30,2.33825325
271,15,45,1.31643225
271,16,60,0.571025
271,17,75,0
271,18,90,0.0468115
271,19,105,0.18574
271,20,120,0.25809075
271,21,135,0.448286
271,22,150,0.835077
271,23,165,1.24389325
271,24,180,1.3377045
272,1,-165,5.98189475
272,2,-150,7.43380425
272,3,-135,8.68491375
272,4,-120,7.45852775
272,5,-105,5.182146
272,6,-90,3.50000675
272,7,-75,2.81954575
272,8,-60,3.0337115
272,9,-45,4.309921
272,10,-30,6.5700505
272,11,-15,8.458951
272,12,0,10.8016595
272,13,15,10.149687
272,14,30,6.50397475
272,15,45,3.0435005
272,16,60,0.724637
272,17,75,0
272,18,90,0.5513215
272,19,105,1.1803275
272,20,120,1.5445285
272,21,135,2.2972775
272,22,150,2.65125025
272,23,165,3.18525275
272,24,180,4.62122375
273,1,-165,0.34581525
273,2,-150,1.37918225
273,3,-135,3.02022025
273,4,-120,5.002932
273,5,-105,6.8479075
273,6,-90,7.94986025
273,7,-75,7.983808
273,8,-60,7.37080325
273,9,-45,6.80140975
273,10,-30,6.68343975
273,11,-15,7.02705875
273,12,0,7.33440825
273,13,15,7.03094925
273,14,30,6.68268675
273,15,45,6.80140975
273,16,60,7.371368
273,17,75,7.9839335
273,18,90,7.94986025
273,19,105,6.84872325
273,20,120,5.002932
273,21,135,3.01984375
273,22,150,1.3776135
273,23,165,0.345878
273,24,180,0
274,1,-165,1.83474725
274,2,-150,1.7859905
274,3,-135,1.76559675
274,4,-120,1.55400375
274,5,-105,1.06154175
274,6,-90,0.43542225
274,7,-75,0.2109655
274,8,-60,0.06419325
274,9,-45,0.7408265
274,10,-30,1.96714975
274,11,-15,3.162098
274,12,0,3.65474825
274,13,15,2.9292955
274,14,30,1.5595885
274,15,45,0.433728
274,16,60,0
274,17,75,0.2973095
274,18,90,0.565503
274,19,105,1.22996275
274,20,120,1.6532115
274,21,135,1.88105675
274,22,150,1.87653875
274,23,165,1.88695525
274,24,180,1.89523825
275,1,-165,2.7300015
275,2,-150,1.39599925
275,3,-135,0.92298975
275,4,-120,1.06354975
275,5,-105,1.35747075
275,6,-90,1.2287705
275,7,-75,0.61714625
275,8,-60,6.27E-05
275,9,-45,0.28632825
275,10,-30,1.802431
275,11,-15,4.39858675
275,12,0,7.3303295
275,13,15,4.3873545
275,14,30,1.80086225
275,15,45,0.285136
275,16,60,0
275,17,75,0.61865225
275,18,90,1.22180525
275,19,105,1.35470975
275,20,120,1.06493025
275,21,135,0.92211125
275,22,150,1.3961875
275,23,165,2.73194675
275,24,180,4.3411705
276,1,-165,0.19621925
276,2,-150,0.81204775
276,3,-135,1.87277375
276,4,-120,3.12036925
276,5,-105,4.14080975
276,6,-90,4.57742425
276,7,-75,4.14896725
276,8,-60,3.07104775
276,9,-45,1.790132
276,10,-30,0.753251
276,11,-15,0.175449
276,12,0,0.0011295
276,13,15,0.175449
276,14,30,0.75381575
276,15,45,1.790132
276,16,60,3.070232
276,17,75,4.14896725
276,18,90,4.577487
276,19,105,4.14080975
276,20,120,3.12036925
276,21,135,1.86800475
276,22,150,0.81204775
276,23,165,0.19621925
276,24,180,0
277,1,-165,0.4637225
277,2,-150,1.78429625
277,3,-135,3.751195
277,4,-120,5.97210575
277,5,-105,7.94684825
277,6,-90,9.10082075
277,7,-75,9.2690535
277,8,-60,8.755884
277,9,-45,8.1603865
277,10,-30,7.899472
277,11,-15,8.0338825
277,12,0,8.1972835
277,13,15,8.0338825
277,14,30,7.899472
277,15,45,8.16032375
277,16,60,8.755884
277,17,75,9.2690535
277,18,90,9.10395825
277,19,105,7.946911
277,20,120,5.9874795
277,21,135,3.751195
277,22,150,1.78429625
277,23,165,0.4637225
277,24,180,0
278,1,-165,2.85167375
278,2,-150,4.28457
278,3,-135,6.602806
278,4,-120,9.50342475
278,5,-105,12.418476
278,6,-90,13.70667075
278,7,-75,11.56852725
278,8,-60,8.767179
278,9,-45,5.95089625
278,10,-30,3.811435
278,11,-15,2.5066115
278,12,0,2.02412675
278,13,15,2.43024475
278,14,30,3.8185885
278,15,45,6.13989925
278,16,60,9.32621875
278,17,75,12.81926025
278,18,90,12.06701325
278,19,105,9.15440925
278,20,120,6.1882795
278,21,135,3.668616
278,22,150,1.79948175
278,23,165,0.600141
278,24,180,0
279,1,-165,1.56705575
279,2,-150,0.69872125
279,3,-135,0.2169895
279,4,-120,0.01863675
279,5,-105,0
279,6,-90,0.025602
279,7,-75,0.00533375
279,8,-60,0.063754
279,9,-45,0.34531325
279,10,-30,0.918158
279,11,-15,1.8171145
279,12,0,2.1524505
279,13,15,1.815734
279,14,30,0.918158
279,15,45,0.34531325
279,16,60,0.063754
279,17,75,0.00533375
279,18,90,0.02604125
279,19,105,0
279,20,120,0.01863675
279,21,135,0.2169895
279,22,150,0.69859575
279,23,165,1.56793425
279,24,180,2.15100725
280,1,-165,1.06380075
280,2,-150,1.079551
280,3,-135,1.119209
280,4,-120,1.05752575
280,5,-105,0.808471
280,6,-90,0.3188955
280,7,-75,0.12706875
280,8,-60,0.00069025
280,9,-45,0.59355225
280,10,-30,1.80500375
280,11,-15,3.0555485
280,12,0,3.67545575
280,13,15,3.04463
280,14,30,1.80437625
280,15,45,0.58985
280,16,60,0
280,17,75,0.14426225
280,18,90,0.3141265
280,19,105,0.8108555
280,20,120,1.060475
280,21,135,1.1210915
280,22,150,1.07421725
280,23,165,1.06191825
280,24,180,1.08137075
281,1,-165,0.3708525
281,2,-150,1.4611965
281,3,-135,3.1233185
281,4,-120,4.97136875
281,5,-105,6.45716325
281,6,-90,7.08679675
281,7,-75,6.6912835
281,8,-60,5.5173565
281,9,-45,4.10491675
281,10,-30,2.937704
281,11,-15,2.294391
281,12,0,2.111914
281,13,15,2.294391
281,14,30,2.93764125
281,15,45,4.10504225
281,16,60,5.516729
281,17,75,6.6912835
281,18,90,7.08667125
281,19,105,6.45716325
281,20,120,4.9714315
281,21,135,3.11723175
281,22,150,1.4611965
281,23,165,0.37116625
281,24,180,0
282,1,-165,1.3884065
282,2,-150,0.2471095
282,3,-135,0
282,4,-120,0.61576575
282,5,-105,1.516793
282,6,-90,1.9388495
282,7,-75,1.52551525
282,8,-60,0.62756275
282,9,-45,0.00081575
282,10,-30,0.24867825
282,11,-15,1.3936775
282,12,0,2.3118355
282,13,15,1.39374025
282,14,30,0.24867825
282,15,45,0.00081575
282,16,60,0.62756275
282,17,75,1.52551525
282,18,90,1.93878675
282,19,105,1.516793
282,20,120,0.61576575
282,21,135,0
282,22,150,0.24704675
282,23,165,1.3884065
282,24,180,2.3115845
283,1,-165,0
283,2,-150,0.4110125
283,3,-135,1.57948025
283,4,-120,3.406321
283,5,-105,5.5524965
283,6,-90,7.23902825
283,7,-75,5.470043
283,8,-60,3.35706225
283,9,-45,1.5525605
283,10,-30,0.40668275
283,11,-15,0.0018825
283,12,0,0.64325025
283,13,15,0.0018825
283,14,30,0.40956925
283,15,45,1.555447
283,16,60,3.35706225
283,17,75,5.4694155
283,18,90,7.240848
283,19,105,5.55080225
283,20,120,3.40663475
283,21,135,1.57646825
283,22,150,0.4130205
283,23,165,0.00094125
283,24,180,0.6419325
284,1,-165,0.2486155
284,2,-150,0.923178
284,3,-135,1.672162
284,4,-120,2.84502225
284,5,-105,3.99773975
284,6,-90,4.6119995
284,7,-75,3.80246175
284,8,-60,2.59502625
284,9,-45,1.46527525
284,10,-30,0.60296475
284,11,-15,0.077559
284,12,0,0
284,13,15,0.2310455
284,14,30,0.84969775
284,15,45,1.77036575
284,16,60,3.12451075
284,17,75,5.04453525
284,18,90,4.612376
284,19,105,3.999183
284,20,120,2.83950025
284,21,135,1.6652595
284,22,150,0.92110725
284,23,165,0.25056075
284,24,180,0.00257275
285,1,-165,0.518817
285,2,-150,0.84166575
285,3,-135,1.16671075
285,4,-120,1.22958625
285,5,-105,0.9945875
285,6,-90,0.409632
285,7,-75,0
285,8,-60,0.3678405
285,9,-45,1.59454025
285,10,-30,3.22415775
285,11,-15,4.52873025
285,12,0,5.02370225
285,13,15,4.53023625
285,14,30,3.22033
285,15,45,1.59454025
285,16,60,0.38446925
285,17,75,0.000753
285,18,90,0.410887
285,19,105,0.9880615
285,20,120,1.22895875
285,21,135,1.16671075
285,22,150,0.84078725
285,23,165,0.51887975
285,24,180,0.36363625
286,1,-165,0
286,2,-150,0.14903125
286,3,-135,0.73812825
286,4,-120,1.63771225
286,5,-105,2.443234
286,6,-90,2.707286
286,7,-75,2.36749475
286,8,-60,1.59604625
286,9,-45,0.91257325
286,10,-30,0.639799
286,11,-15,0.71679325
286,12,0,0.81995425
286,13,15,0.71679325
286,14,30,0.63973625
286,15,45,0.91257325
286,16,60,1.59604625
286,17,75,2.36736925
286,18,90,2.707286
286,19,105,2.4433595
286,20,120,1.637524
286,21,135,0.73812825
286,22,150,0.14915675
286,23,165,0
286,24,180,0.0239705
287,1,-165,0.43178275
287,2,-150,1.64310875
287,3,-135,3.38065625
287,4,-120,5.30356725
287,5,-105,6.98978525
287,6,-90,8.01800675
287,7,-75,8.21843025
287,8,-60,7.8483935
287,9,-45,7.42539575
287,10,-30,7.294311
287,11,-15,7.47910975
287,12,0,7.63924775
287,13,15,7.479047
287,14,30,7.294311
287,15,45,7.424831
287,16,60,7.8483935
287,17,75,8.21843025
287,18,90,8.0188225
287,19,105,6.98903225
287,20,120,5.30243775
287,21,135,3.38065625
287,22,150,1.64310875
287,23,165,0.43178275
287,24,180,0
288,1,-165,1.70046225
288,2,-150,1.876978
288,3,-135,1.8690715
288,4,-120,1.47318175
288,5,-105,0.89337175
288,6,-90,0.346631
288,7,-75,0.0008785
288,8,-60,0.09920775
288,9,-45,0.58125325
288,10,-30,1.2930265
288,11,-15,1.93200975
288,12,0,2.1956225
288,13,15,1.93313925
288,14,30,1.2892615
288,15,45,0.58439075
288,16,60,0.1037885
288,17,75,0
288,18,90,0.34656825
288,19,105,0.893309
288,20,120,1.47330725
288,21,135,1.8683185
288,22,150,1.8793625
288,23,165,1.70184275
288,24,180,1.63708475
289,1,-165,0.83332
289,2,-150,0.49001475
289,3,-135,0.225147
289,4,-120,0.032379
289,5,-105,0
289,6,-90,0.147086
289,7,-75,0.33552425
289,8,-60,0.570272
289,9,-45,0.89701125
289,10,-30,1.26911875
289,11,-15,1.64863075
289,12,0,1.9190205
289,13,15,1.6491955
289,14,30,1.27037375
289,15,45,0.897576
289,16,60,0.5693935
289,17,75,0.33552425
289,18,90,0.146333
289,19,105,0.00031375
289,20,120,0.029618
289,21,135,0.2252725
289,22,150,0.49779575
289,23,165,0.824284
289,24,180,1.39185775
290,1,-165,1.00983575
290,2,-150,1.00519225
290,3,-135,0.9250605
290,4,-120,0.565754
290,5,-105,0.00018825
290,6,-90,0.08515175
290,7,-75,1.549423
290,8,-60,2.9589135
290,9,-45,4.27722825
290,10,-30,5.82376475
290,11,-15,6.9857065
290,12,0,7.42012475
290,13,15,6.9852045
290,14,30,5.822447
290,15,45,4.27496925
290,16,60,2.95847425
290,17,75,1.54735225
290,18,90,0.084336
290,19,105,0
290,20,120,0.56556575
290,21,135,0.9217975
290,22,150,1.00531775
290,23,165,1.00945925
290,24,180,1.02589975
291,1,-165,0.3409835
291,2,-150,0.64400325
291,3,-135,0.976892
291,4,-120,1.0043765
291,5,-105,0.573535
291,6,-90,0.0184485
291,7,-75,0
291,8,-60,1.132763
291,9,-45,3.25678775
291,10,-30,5.56548575
291,11,-15,7.16134375
291,12,0,7.89464025
291,13,15,7.18820075
291,14,30,5.560654
291,15,45,3.25528175
291,16,60,1.12931175
291,17,75,0.00043925
291,18,90,0.020331
291,19,105,0.57246825
291,20,120,1.0036235
291,21,135,0.9775195
291,22,150,0.6444425
291,23,165,0.34330525
291,24,180,0.4740135
292,1,-165,0.11313825
292,2,-150,0.721374
292,3,-135,1.418652
292,4,-120,1.8540115
292,5,-105,0.959573
292,6,-90,0.84179125
292,7,-75,1.59454025
292,8,-60,0.1288885
292,9,-45,0.9777705
292,10,-30,2.72102825
292,11,-15,4.79930825
292,12,0,6.45151575
292,13,15,4.800877
292,14,30,2.72027525
292,15,45,0.9780215
292,16,60,0.13196325
292,17,75,0.22709225
292,18,90,0.05264725
292,19,105,0.95147825
292,20,120,1.853384
292,21,135,1.41708325
292,22,150,0.7217505
292,23,165,0.1113185
292,24,180,0
293,1,-165,0.056977
293,2,-150,0.3457525
293,3,-135,1.02238575
293,4,-120,2.036614
293,5,-105,3.0417435
293,6,-90,3.4456025
293,7,-75,3.0605685
293,8,-60,2.1170595
293,9,-45,1.09605425
293,10,-30,0.38308875
293,11,-15,0.06130675
293,12,0,0
293,13,15,0.06130675
293,14,30,0.38333975
293,15,45,1.09605425
293,16,60,2.1142985
293,17,75,3.0608195
293,18,90,3.4453515
293,19,105,3.03452725
293,20,120,2.0372415
293,21,135,1.0221975
293,22,150,0.3457525
293,23,165,0.05729075
293,24,180,0.0001255
294,1,-165,0
294,2,-150,0.2119695
294,3,-135,0.546929
294,4,-120,1.32772725
294,5,-105,2.5003365
294,6,-90,3.50628175
294,7,-75,3.977346
294,8,-60,3.6366135
294,9,-45,2.47165975
294,10,-30,1.2834885
294,11,-15,0.479661
294,12,0,0.08088475
294,13,15,0.0026355
294,14,30,0.2019295
294,15,45,0.5247155
294,16,60,1.28944975
294,17,75,2.5317115
294,18,90,3.523789
294,19,105,3.96335275
294,20,120,3.60718375
294,21,135,2.45227
294,22,150,1.2920225
294,23,165,0.48010025
294,24,180,0.079567
295,1,-165,3.033586
295,2,-150,3.1124
295,3,-135,3.40500325
295,4,-120,3.7508185
295,5,-105,4.132966
295,6,-90,4.01204675
295,7,-75,3.24047275
295,8,-60,2.18903375
295,9,-45,1.3126045
295,10,-30,0.45675725
295,11,-15,0.083081
295,12,0,0
295,13,15,0.08552825
295,14,30,0.45751025
295,15,45,1.31279275
295,16,60,2.18815525
295,17,75,3.24543
295,18,90,4.01355275
295,19,105,4.13315425
295,20,120,3.753956
295,21,135,3.4049405
295,22,150,3.11221175
295,23,165,3.033586
295,24,180,3.0741225
296,1,-165,0.11916225
296,2,-150,0.4855595
296,3,-135,1.08475925
296,4,-120,1.89724625
296,5,-105,2.765016
296,6,-90,3.18901775
296,7,-75,2.7300015
296,8,-60,1.822762
296,9,-45,0.98573975
296,10,-30,0.42462925
296,11,-15,0.102659
296,12,0,0
296,13,15,0.10291
296,14,30,0.42375075
296,15,45,0.98699475
296,16,60,1.82194625
296,17,75,2.73596275
296,18,90,3.18788825
296,19,105,2.7646395
296,20,120,1.897309
296,21,135,1.08475925
296,22,150,0.477653
296,23,165,0.11840925
296,24,180,0.00056475
297,1,-165,1.06091425
297,2,-150,3.227609
297,3,-135,6.0851185
297,4,-120,8.9297015
297,5,-105,11.5202725
297,6,-90,13.56334975
297,7,-75,14.67415025
297,8,-60,14.5054155
297,9,-45,13.49608175
297,10,-30,12.59838025
297,11,-15,12.02020175
297,12,0,11.8244845
297,13,15,12.693321
297,14,30,12.3626285
297,15,45,13.16062025
297,16,60,13.4745585
297,17,75,13.23767725
297,18,90,13.10853775
297,19,105,11.65675375
297,20,120,8.5963735
297,21,135,5.28524425
297,22,150,2.344089
297,23,165,0.44144625
297,24,180,0
298,1,-165,2.3361825
298,2,-150,2.24011225
298,3,-135,1.99011625
298,4,-120,1.5101415
298,5,-105,0.83583
298,6,-90,0.34418375
298,7,-75,0.05277275
298,8,-60,0
298,9,-45,0.0656365
298,10,-30,0.23161025
298,11,-15,0.3886735
298,12,0,0.450796
298,13,15,0.37254675
298,14,30,0.231422
298,15,45,0.06456975
298,16,60,0.00043925
298,17,75,0.0535885
298,18,90,0.34832525
298,19,105,0.833571
298,20,120,1.50945125
298,21,135,1.98961425
298,22,150,2.25906275
298,23,165,2.337312
298,24,180,2.37151075
299,1,-165,0.467362
299,2,-150,1.90013275
299,3,-135,4.29140975
299,4,-120,7.55616675
299,5,-105,11.335662
299,6,-90,15.1304055
299,7,-75,18.21437975
299,8,-60,12.04279175
299,9,-45,10.21337825
299,10,-30,9.084192
299,11,-15,8.5539545
299,12,0,8.4666065
299,13,15,8.54247125
299,14,30,9.4214105
299,15,45,10.55197725
299,16,60,12.30496125
299,17,75,18.21023825
299,18,90,15.121244
299,19,105,11.3322735
299,20,120,7.55566475
299,21,135,4.29530025
299,22,150,1.90013275
299,23,165,0.46742475
299,24,180,0
300,1,-165,2.090579
300,2,-150,0.99377175
300,3,-135,0.26737775
300,4,-120,0
300,5,-105,0.0355165
300,6,-90,0.2782335
300,7,-75,1.003247
300,8,-60,2.07407575
300,9,-45,3.4681925
300,10,-30,4.62059625
300,11,-15,5.4458215
300,12,0,5.75097475
300,13,15,5.443437
300,14,30,4.617898
300,15,45,3.46951025
300,16,60,2.06322
300,17,75,1.001992
300,18,90,0.278359
300,19,105,0.03557925
300,20,120,0.00269825
300,21,135,0.2671895
300,22,150,0.99314425
300,23,165,2.09315175
300,24,180,2.88769225
301,1,-165,0.30477675
301,2,-150,1.214087
301,3,-135,2.5573135
301,4,-120,3.95557175
301,5,-105,5.04930425
301,6,-90,5.55996375
301,7,-75,6.16324225
301,8,-60,6.17830225
301,9,-45,5.7924525
301,10,-30,5.17831825
301,11,-15,4.71271325
301,12,0,4.5314285
301,13,15,4.71271325
301,14,30,5.177628
301,15,45,5.790068
301,16,60,6.18282025
301,17,75,6.16776025
301,18,90,5.5577675
301,19,105,5.01717625
301,20,120,3.95331275
301,21,135,2.558694
301,22,150,1.2179775
301,23,165,0.304965
301,24,180,0
302,1,-165,0.29210125
302,2,-150,0
302,3,-135,0.1959055
302,4,-120,0.84831725
302,5,-105,1.6426695
302,6,-90,1.99400675
302,7,-75,1.65578425
302,8,-60,0.8776215
302,9,-45,0.214354
302,10,-30,0.00307475
302,11,-15,0.29461125
302,12,0,0.57610775
302,13,15,0.29461125
302,14,30,0.00307475
302,15,45,0.21378925
302,16,60,0.88144925
302,17,75,1.65578425
302,18,90,1.99413225
302,19,105,1.6426695
302,20,120,0.84831725
302,21,135,0.1959055
302,22,150,0
302,23,165,0.29210125
302,24,180,0.57836675
303,1,-165,0.3884225
303,2,-150,0.5540825
303,3,-135,0.623735
303,4,-120,0.608675
303,5,-105,0.5051375
303,6,-90,0.269825
303,7,-75,0.1637775
303,8,-60,0.676445
303,9,-45,1.91262
303,10,-30,3.5309425
303,11,-15,4.9064225
303,12,0,5.2251925
303,13,15,4.89199
303,14,30,3.527805
303,15,45,1.9069725
303,16,60,0.6770725
303,17,75,0.1637775
303,18,90,0.2704525
303,19,105,0.503255
303,20,120,0.6093025
303,21,135,0.623735
303,22,150,0.5515725
303,23,165,0.395325
303,24,180,0
304,1,-165,0.1622715
304,2,-150,0.75557275
304,3,-135,1.74990925
304,4,-120,3.03904525
304,5,-105,4.16879625
304,6,-90,4.65146925
304,7,-75,4.18398175
304,8,-60,3.100603
304,9,-45,1.82797025
304,10,-30,0.80012525
304,11,-15,0.18115925
304,12,0,0
304,13,15,0.180971
304,14,30,0.799937
304,15,45,1.82784475
304,16,60,3.1004775
304,17,75,4.18398175
304,18,90,4.65849725
304,19,105,4.16841975
304,20,120,3.03917075
304,21,135,1.74965825
304,22,150,0.75519625
304,23,165,0.16220875
304,24,180,0.00069025
305,1,-165,3.0507795
305,2,-150,1.465589
305,3,-135,0.371229
305,4,-120,0
305,5,-105,0.27252325
305,6,-90,0.87718225
305,7,-75,1.45536075
305,8,-60,1.107914
305,9,-45,1.7099375
305,10,-30,2.96110975
305,11,-15,4.604344
305,12,0,5.78147125
305,13,15,4.60741875
305,14,30,2.9621765
305,15,45,1.7099375
305,16,60,1.10621975
305,17,75,1.45661575
305,18,90,0.87743325
305,19,105,0.272586
305,20,120,0.00069025
305,21,135,0.3726095
305,22,150,1.46452225
305,23,165,3.052411
305,24,180,4.38904875
306,1,-165,0.1301435
306,2,-150,0.7368105
306,3,-135,1.91782825
306,4,-120,3.52021225
306,5,-105,5.1923115
306,6,-90,6.24757825
306,7,-75,6.29257
306,8,-60,5.551116
306,9,-45,4.70806975
306,10,-30,4.21811775
306,11,-15,4.2234515
306,12,0,4.4267615
306,13,15,4.22213375
306,14,30,4.22075325
306,15,45,4.71246225
306,16,60,5.5499865
306,17,75,6.292319
306,18,90,6.2477665
306,19,105,5.19224875
306,20,120,3.522032
306,21,135,1.91456525
306,22,150,0.74013625
306,23,165,0.1301435
306,24,180,0
307,1,-165,0.16170675
307,2,-150,0.750992
307,3,-135,1.8392025
307,4,-120,3.254717
307,5,-105,4.52195325
307,6,-90,5.0361895
307,7,-75,4.4917705
307,8,-60,3.25603475
307,9,-45,1.87766825
307,10,-30,0.8015685
307,11,-15,0.18906575
307,12,0,0.0013805
307,13,15,0.16785625
307,14,30,0.769315
307,15,45,1.86825575
307,16,60,3.263
307,17,75,4.503693
307,18,90,5.03524825
307,19,105,4.51153675
307,20,120,3.259486
307,21,135,1.8645535
307,22,150,0.79121475
307,23,165,0.187497
307,24,180,0
308,1,-165,0.2752215
308,2,-150,0
308,3,-135,0.372735
308,4,-120,1.2619025
308,5,-105,2.15150925
308,6,-90,2.492932
308,7,-75,2.09603825
308,8,-60,1.22230725
308,9,-45,0.36376175
308,10,-30,0.00545925
308,11,-15,0.27440575
308,12,0,0.55502375
308,13,15,0.26173025
308,14,30,0.00658875
308,15,45,0.36263225
308,16,60,1.22268375
308,17,75,2.09528525
308,18,90,2.49299475
308,19,105,2.152576
308,20,120,1.26108675
308,21,135,0.36915825
308,22,150,0.007781
308,23,165,0.28821075
308,24,180,0.55213725
309,1,-165,0.889795
309,2,-150,0.179967
309,3,-135,0.00282375
309,4,-120,0.3091065
309,5,-105,0.7932855
309,6,-90,1.030857
309,7,-75,0.79196775
309,8,-60,0.309734
309,9,-45,0.0018825
309,10,-30,0.180218
309,11,-15,0.87479775
309,12,0,1.4883045
309,13,15,0.87630375
309,14,30,0.1803435
309,15,45,0.0018825
309,16,60,0.3081025
309,17,75,0.79008525
309,18,90,1.029602
309,19,105,0.7925325
309,20,120,0.30916925
309,21,135,0
309,22,150,0.1773315
309,23,165,0.886783
309,24,180,1.4920695
310,1,-165,0
310,2,-150,0.13095925
310,3,-135,0.72168775
310,4,-120,1.71878525
310,5,-105,2.6928535
310,6,-90,3.091065
310,7,-75,2.66769075
310,8,-60,1.67184825
310,9,-45,0.679708
310,10,-30,0.113954
310,11,-15,0.00106675
310,12,0,0.03256725
310,13,15,0.0011295
310,14,30,0.113954
310,15,45,0.679708
310,16,60,1.669401
310,17,75,2.66769075
310,18,90,3.09037475
310,19,105,2.69279075
310,20,120,1.720605
310,21,135,0.72168775
310,22,150,0.13095925
310,23,165,0
310,24,180,0.03294375
311,1,-165,2.1602315
311,2,-150,2.87652275
311,3,-135,2.9543955
311,4,-120,2.58711975
311,5,-105,1.755494
311,6,-90,0.7380655
311,7,-75,0.0535885
311,8,-60,0
311,9,-45,0.310487
311,10,-30,1.22607225
311,11,-15,2.2021485
311,12,0,2.831782
311,13,15,2.970334
311,14,30,2.7264875
311,15,45,1.651831
311,16,60,0.94871725
311,17,75,0.69370125
311,18,90,0.80978875
311,19,105,1.055706
311,20,120,1.181708
311,21,135,0.925437
311,22,150,0.689497
311,23,165,0.74954875
311,24,180,1.25129775
312,1,-165,0.14087375
312,2,-150,0.59487
312,3,-135,1.36286725
312,4,-120,2.32005575
312,5,-105,3.2244715
312,6,-90,3.777801
312,7,-75,3.7899745
312,8,-60,3.2074035
312,9,-45,2.258749
312,10,-30,1.3166205
312,11,-15,0.65605125
312,12,0,0.4313435
312,13,15,0.65605125
312,14,30,1.31668325
312,15,45,2.25868625
312,16,60,3.20746625
312,17,75,3.7899745
312,18,90,3.77773825
312,19,105,3.2244715
312,20,120,2.32005575
312,21,135,1.3628045
312,22,150,0.59468175
312,23,165,0.140811
312,24,180,0
313,1,-165,5.560152
313,2,-150,5.58970725
313,3,-135,5.9804515
313,4,-120,4.9671645
313,5,-105,3.30021075
313,6,-90,1.3909165
313,7,-75,0.1190995
313,8,-60,0.0003765
313,9,-45,1.32986075
313,10,-30,3.21788275
313,11,-15,5.983589
313,12,0,6.6036845
313,13,15,5.984091
313,14,30,3.22955425
313,15,45,1.1539725
313,16,60,0
313,17,75,0.11803275
313,18,90,1.39951325
313,19,105,3.30033625
313,20,120,4.959509
313,21,135,5.7407465
313,22,150,5.590021
313,23,165,5.56172075
313,24,180,5.7482765
314,1,-165,0.1441995
314,2,-150,0.00194525
314,3,-135,0.9466465
314,4,-120,2.0289585
314,5,-105,1.9084785
314,6,-90,1.8781075
314,7,-75,1.2039215
314,8,-60,0.440254
314,9,-45,0.32699025
314,10,-30,1.06819325
314,11,-15,2.523303
314,12,0,3.73393875
314,13,15,2.5174045
314,14,30,1.06926
314,15,45,0.32912375
314,16,60,0.43680275
314,17,75,1.19657975
314,18,90,1.87289925
314,19,105,1.90992175
314,20,120,2.030088
314,21,135,0.9453915
314,22,150,0
314,23,165,0.14300725
314,24,180,1.23950075
315,1,-165,0.3555415
315,2,-150,0.5254685
315,3,-135,1.0917245
315,4,-120,1.95660775
315,5,-105,2.78980225
315,6,-90,3.10681525
315,7,-75,2.666122
315,8,-60,1.78592775
315,9,-45,0.8916775
315,10,-30,0.28645375
315,11,-15,0.0317515
315,12,0,0
315,13,15,0.0317515
315,14,30,0.28645375
315,15,45,0.8936855
315,16,60,1.78479825
315,17,75,2.671142
315,18,90,3.10681525
315,19,105,2.78980225
315,20,120,1.95660775
315,21,135,1.0917245
315,22,150,0.5262215
315,23,165,0.3555415
315,24,180,0.3645775
316,1,-165,0.51147525
316,2,-150,0.101153
316,3,-135,0.007028
316,4,-120,0.312997
316,5,-105,1.14926625
316,6,-90,1.1030195
316,7,-75,2.192485
316,8,-60,2.2435635
316,9,-45,2.35858425
316,10,-30,2.53842575
316,11,-15,2.98620975
316,12,0,3.2824525
316,13,15,2.98570775
316,14,30,2.541124
316,15,45,2.35582325
316,16,60,2.2440655
316,17,75,2.19392825
316,18,90,1.10283125
316,19,105,1.149831
316,20,120,0.31682475
316,21,135,0
316,22,150,0.1004
316,23,165,0.51084775
316,24,180,0.96515775
317,1,-165,0.0766805
317,2,-150,0.000753
317,3,-135,0.2260255
317,4,-120,0.69972525
317,5,-105,1.14205
317,6,-90,1.20260375
317,7,-75,1.1655185
317,8,-60,0.948027
317,9,-45,0.58765375
317,10,-30,0.3763745
317,11,-15,0.44044225
317,12,0,0.33502225
317,13,15,0.44069325
317,14,30,0.7041805
317,15,45,1.20731
317,16,60,1.72556225
317,17,75,2.0083765
317,18,90,1.20373325
317,19,105,1.1421755
317,20,120,0.70311375
317,21,135,0.2260255
317,22,150,0
317,23,165,0.0753
317,24,180,0.18291625
318,1,-165,0.08690875
318,2,-150,0.54812125
318,3,-135,1.32735075
318,4,-120,2.76118825
318,5,-105,2.9433515
318,6,-90,3.179668
318,7,-75,3.06941625
318,8,-60,2.078782
318,9,-45,1.4983445
318,10,-30,1.19996825
318,11,-15,1.16482825
318,12,0,1.195764
318,13,15,1.16464
318,14,30,1.20360775
318,15,45,1.497215
318,16,60,2.07721325
318,17,75,3.0703575
318,18,90,3.17722075
318,19,105,2.94423
318,20,120,2.7608745
318,21,135,1.32534275
318,22,150,0.54812125
318,23,165,0.08778725
318,24,180,0
319,1,-165,0.266311
319,2,-150,0.99251675
319,3,-135,2.0244405
319,4,-120,3.09301025
319,5,-105,3.87663225
319,6,-90,4.09575525
319,7,-75,3.69716725
319,8,-60,2.8394375
319,9,-45,1.9200245
319,10,-30,1.1994035
319,11,-15,0.80389025
319,12,0,0.68523
319,13,15,0.80376475
319,14,30,1.1994035
319,15,45,1.92046375
319,16,60,2.840065
319,17,75,3.69723
319,18,90,4.0956925
319,19,105,3.8765695
319,20,120,3.09301025
319,21,135,2.02274625
319,22,150,0.992454
319,23,165,0.26624825
319,24,180,0
320,1,-165,0.698533
320,2,-150,0.1672915
320,3,-135,0.00043925
320,4,-120,0.0709075
320,5,-105,0.20287075
320,6,-90,0.19722325
320,7,-75,0.24240325
320,8,-60,0.07737075
320,9,-45,0.0219625
320,10,-30,0.2445995
320,11,-15,0.8341985
320,12,0,1.7769545
320,13,15,0.8347005
320,14,30,0.242968
320,15,45,0.021586
320,16,60,0.07724525
320,17,75,0.24403475
320,18,90,0.2044395
320,19,105,0.2006745
320,20,120,0.066766
320,21,135,0
320,22,150,0.1672915
320,23,165,0.703051
320,24,180,1.6404105
321,1,-165,0.20575725
321,2,-150,0.202808
321,3,-135,0.240207
321,4,-120,0.437242
321,5,-105,0.70022725
321,6,-90,0.86500875
321,7,-75,0.0006275
321,8,-60,0.2574005
321,9,-45,1.37516625
321,10,-30,2.91078425
321,11,-15,4.5126035
321,12,0,5.91450125
321,13,15,4.51254075
321,14,30,2.91103525
321,15,45,1.3758565
321,16,60,0.2568985
321,17,75,0
321,18,90,0.6030275
321,19,105,0.70035275
321,20,120,0.43674
321,21,135,0.24052075
321,22,150,0.201553
321,23,165,0.20582
321,24,180,0.379261
322,1,-165,0.44546225
322,2,-150,1.716087
322,3,-135,3.5442455
322,4,-120,5.48867975
322,5,-105,6.939648
322,6,-90,7.418556
322,7,-75,6.86980725
322,8,-60,5.63840125
322,9,-45,4.282311
322,10,-30,3.2576035
322,11,-15,2.74022975
322,12,0,2.599858
322,13,15,2.74022975
322,14,30,3.2576035
322,15,45,4.282311
322,16,60,5.63651875
322,17,75,6.8682385
322,18,90,7.41924625
322,19,105,6.939648
322,20,120,5.48867975
322,21,135,3.54681825
322,22,150,1.716087
322,23,165,0.44546225
322,24,180,0
323,1,-165,0.13961875
323,2,-150,0.06381675
323,3,-135,0.02993175
323,4,-120,0.16358925
323,5,-105,0.5724055
323,6,-90,0.066766
323,7,-75,0.5673855
323,8,-60,0.13811275
323,9,-45,0
323,10,-30,0.05239625
323,11,-15,0.1288885
323,12,0,0.2235155
323,13,15,0.12932775
323,14,30,0.052459
323,15,45,0.00156875
323,16,60,0.1379245
323,17,75,0.568515
323,18,90,0.0611185
323,19,105,0.571527
323,20,120,0.163401
323,21,135,0.02917875
323,22,150,0.06293825
323,23,165,0.139054
323,24,180,0.22759425
324,1,-165,5.49834325
324,2,-150,3.627954
324,3,-135,2.53717075
324,4,-120,2.3248875
324,5,-105,2.595591
324,6,-90,2.693481
324,7,-75,2.0181655
324,8,-60,1.18089225
324,9,-45,0.76260075
324,10,-30,0.80840825
324,11,-15,0
324,12,0,0.52000925
324,13,15,6.27E-05
324,14,30,0.8085965
324,15,45,0.76335375
324,16,60,1.18189625
324,17,75,2.010259
324,18,90,2.6913475
324,19,105,2.59854025
324,20,120,2.324762
324,21,135,2.5357275
324,22,150,3.62914625
324,23,165,5.49759025
324,24,180,7.04161675
325,1,-165,0.75858475
325,2,-150,1.24401875
325,3,-135,2.18715125
325,4,-120,3.3984145
325,5,-105,4.4450845
325,6,-90,4.8097875
325,7,-75,4.22928725
325,8,-60,3.041116
325,9,-45,1.7415635
325,10,-30,0.71578925
325,11,-15,0.1524825
325,12,0,0
325,13,15,0.152608
325,14,30,0.71578925
325,15,45,1.7415635
325,16,60,3.041116
325,17,75,4.22928725
325,18,90,4.80934825
325,19,105,4.4450845
325,20,120,3.3984145
325,21,135,2.18715125
325,22,150,1.243956
325,23,165,0.758773
325,24,180,0.65040375
326,1,-165,0.1692995
326,2,-150,0
326,3,-135,0.4260725
326,4,-120,1.53844175
326,5,-105,3.1381275
326,6,-90,4.72702025
326,7,-75,5.9114265
326,8,-60,6.82512925
326,9,-45,7.73826725
326,10,-30,8.90014625
326,11,-15,10.30173025
326,12,0,9.8292855
326,13,15,9.3973145
326,14,30,8.7828665
326,15,45,8.39846
326,16,60,8.15680975
326,17,75,7.802586
326,18,90,7.15720225
326,19,105,3.148795
326,20,120,1.5369985
326,21,135,0.427453
326,22,150,0.002008
326,23,165,0.168923
326,24,180,0.34267775
327,1,-165,3.240159
327,2,-150,0.96076525
327,3,-135,0.43674
327,4,-120,0.0606165
327,5,-105,0
327,6,-90,1.40490975
327,7,-75,1.48397475
327,8,-60,2.254231
327,9,-45,3.78250725
327,10,-30,5.88312625
327,11,-15,5.85953225
327,12,0,6.200955
327,13,15,6.8830475
327,14,30,6.1094655
327,15,45,4.8386525
327,16,60,2.9988225
327,17,75,1.96614575
327,18,90,1.6547175
327,19,105,0.97494675
327,20,120,0.78644575
327,21,135,0.85358825
327,22,150,1.21440075
327,23,165,1.673166
327,24,180,3.1883275
328,1,-165,0.116213
328,2,-150,0.56217725
328,3,-135,1.47242875
328,4,-120,2.72542075
328,5,-105,3.8866095
328,6,-90,4.37574575
328,7,-75,3.89633575
328,8,-60,2.741673
328,9,-45,1.4817785
328,10,-30,0.56732275
328,11,-15,0.11125575
328,12,0,0.0003765
328,13,15,0.11125575
328,14,30,0.5673855
328,15,45,1.4832845
328,16,60,2.741673
328,17,75,3.8966495
328,18,90,4.37744
328,19,105,3.89301
328,20,120,2.72529525
328,21,135,1.470609
328,22,150,0.569017
328,23,165,0.116213
328,24,180,0
329,1,-165,5.73214975
329,2,-150,3.8896215
329,3,-135,3.091316
329,4,-120,3.240159
329,5,-105,3.87136125
329,6,-90,4.3145645
329,7,-75,3.990147
329,8,-60,2.9922965
329,9,-45,0.157126
329,10,-30,0
329,11,-15,0.4509215
329,12,0,0.80401575
329,13,15,0.4509215
329,14,30,0.0001255
329,15,45,0.154365
329,16,60,2.998948
329,17,75,3.99008425
329,18,90,4.31487825
329,19,105,3.87111025
329,20,120,3.241916
329,21,135,3.0869235
329,22,150,3.89119025
329,23,165,5.72976525
329,24,180,7.57285825
330,1,-165,0.02792375
330,2,-150,0.175198
330,3,-135,0.78268075
330,4,-120,1.786367
330,5,-105,2.74311625
330,6,-90,3.150552
330,7,-75,2.73131925
330,8,-60,1.772562
330,9,-45,0.8005645
330,10,-30,0.25231775
330,11,-15,0.14263075
330,12,0,0.1637775
330,13,15,0.1103145
330,14,30,0.20600825
330,15,45,0.74967425
330,16,60,1.71251025
330,17,75,2.66254525
330,18,90,3.0733695
330,19,105,2.654325
330,20,120,1.69569325
330,21,135,0.703051
330,22,150,0.11564825
330,23,165,0
330,24,180,0.05126675
331,1,-165,0.84091275
331,2,-150,0.12995525
331,3,-135,0.0051455
331,4,-120,0.3899285
331,5,-105,0.937485
331,6,-90,1.2079375
331,7,-75,0.94093625
331,8,-60,0.39174825
331,9,-45,0
331,10,-30,0.102157
331,11,-15,0.7779745
331,12,0,1.42938225
331,13,15,0.7781
331,14,30,0.102157
331,15,45,0
331,16,60,0.39174825
331,17,75,0.94093625
331,18,90,1.2079375
331,19,105,0.937485
331,20,120,0.3894265
331,21,135,0.0058985
331,22,150,0.12995525
331,23,165,0.84154025
331,24,180,1.4975915
332,1,-165,4.96478
332,2,-150,4.8938725
332,3,-135,5.1524025
332,4,-120,5.66758
332,5,-105,6.1852675
332,6,-90,6.276255
332,7,-75,5.558395
332,8,-60,4.197975
332,9,-45,2.604125
332,10,-30,1.22488
332,11,-15,0.31877
332,12,0,0
332,13,15,0.31877
332,14,30,1.2242525
332,15,45,2.604125
332,16,60,4.197975
332,17,75,5.560905
332,18,90,6.276255
332,19,105,6.1877775
332,20,120,5.66758
332,21,135,5.144245
332,22,150,4.8888525
332,23,165,4.96478
332,24,180,5.091535
333,1,-165,1.29886225
333,2,-150,0.20789075
333,3,-135,0.0432975
333,4,-120,0.66766
333,5,-105,1.43666125
333,6,-90,1.7829785
333,7,-75,1.383763
333,8,-60,0.56280475
333,9,-45,0.00508275
333,10,-30,0.32636275
333,11,-15,1.44858375
333,12,0,2.319993
333,13,15,1.44933675
333,14,30,0.327053
333,15,45,0
333,16,60,0.56267925
333,17,75,1.3848925
333,18,90,1.78178625
333,19,105,1.43816725
333,20,120,0.66998175
333,21,135,0.0432975
333,22,150,0.2061965
333,23,165,1.29886225
333,24,180,2.31603975
334,1,-165,1.17549575
334,2,-150,1.74263025
334,3,-135,2.4885395
334,4,-120,2.82983675
334,5,-105,1.647062
334,6,-90,0.5776765
334,7,-75,0.117719
334,8,-60,0
334,9,-45,0.83363375
334,10,-30,2.3326685
334,11,-15,3.874938
334,12,0,4.862623
334,13,15,3.86232525
334,14,30,2.322754
334,15,45,0.83501425
334,16,60,0
334,17,75,0.123743
334,18,90,0.57736275
334,19,105,1.64687375
334,20,120,2.8278915
334,21,135,2.48546475
334,22,150,1.7463325
334,23,165,1.175935
334,24,180,1.04359525
335,1,-165,8.209708
335,2,-150,7.232063
335,3,-135,6.8408795
335,4,-120,6.96882675
335,5,-105,7.29136175
335,6,-90,7.43581225
335,7,-75,7.0793295
335,8,-60,4.2124075
335,9,-45,2.6160475
335,10,-30,1.180202
335,11,-15,0.286642
335,12,0,0
335,13,15,0.28657925
335,14,30,1.1797
335,15,45,2.61573375
335,16,60,4.211529
335,17,75,7.06935225
335,18,90,7.4362515
335,19,105,7.28973025
335,20,120,6.97027
335,21,135,6.8398755
335,22,150,7.22949025
335,23,165,8.2103355
335,24,180,9.17034775
336,1,-165,7.7361965
336,2,-150,3.606368
336,3,-135,1.20084675
336,4,-120,0.197537
336,5,-105,0
336,6,-90,0.02553925
336,7,-75,0.0021335
336,8,-60,0.19107375
336,9,-45,1.21201625
336,10,-30,3.55485025
336,11,-15,7.171572
336,12,0,10.75786
336,13,15,7.174584
336,14,30,3.5547875
336,15,45,1.21151425
336,16,60,0.19107375
336,17,75,0.0021335
336,18,90,0.025853
336,19,105,0.000251
336,20,120,0.19860375
336,21,135,1.20197625
336,22,150,3.60630525
336,23,165,7.736322
336,24,180,11.23432075
337,1,-165,0.17463325
337,2,-150,1.2285195
337,3,-135,3.213051
337,4,-120,5.5138425
337,5,-105,7.3647165
337,6,-90,5.03524825
337,7,-75,3.1682475
337,8,-60,2.23641
337,9,-45,2.386508
337,10,-30,2.76771425
337,11,-15,4.01418025
337,12,0,4.71961575
337,13,15,4.006964
337,14,30,2.767526
337,15,45,2.38770025
337,16,60,2.227123
337,17,75,3.18700975
337,18,90,5.03851125
337,19,105,7.365093
337,20,120,5.515725
337,21,135,3.27297725
337,22,150,1.21076125
337,23,165,0.25030975
337,24,180,0
338,1,-165,0.37091525
338,2,-150,0.22207225
338,3,-135,0.087348
338,4,-120,0.012801
338,5,-105,0
338,6,-90,0.46629525
338,7,-75,0.01248725
338,8,-60,0.00583575
338,9,-45,0.09657225
338,10,-30,0.23951675
338,11,-15,0.37901
338,12,0,0.42764125
338,13,15,0.378006
338,14,30,0.23700675
338,15,45,0.0922425
338,16,60,0.00583575
338,17,75,0.03746175
338,18,90,0.4682405
338,19,105,0.00119225
338,20,120,0.01248725
338,21,135,0.08785
338,22,150,0.221131
338,23,165,0.371229
338,24,180,0.42977475
339,1,-165,4.11985125
339,2,-150,4.9626465
339,3,-135,5.84321725
339,4,-120,5.94863725
339,5,-105,4.69464125
339,6,-90,3.00227375
339,7,-75,1.4684755
339,8,-60,0.89876825
339,9,-45,1.8005485
339,10,-30,3.92708325
339,11,-15,6.0800985
339,12,0,6.5449505
339,13,15,6.08003575
339,14,30,3.9154745
339,15,45,1.88896325
339,16,60,0
339,17,75,1.46627925
339,18,90,1.563479
339,19,105,3.47503225
339,20,120,5.32640825
339,21,135,5.844033
339,22,150,4.961768
339,23,165,4.121922
339,24,180,3.8178355
340,1,-165,5.4500885
340,2,-150,2.2189655
340,3,-135,0.505263
340,4,-120,0
340,5,-105,0.10397675
340,6,-90,0.21793075
340,7,-75,0.10096475
340,8,-60,0.0036395
340,9,-45,0.522833
340,10,-30,2.194744
340,11,-15,5.05846575
340,12,0,8.022462
340,13,15,5.0552655
340,14,30,2.1981325
340,15,45,0.52208
340,16,60,0.007781
340,17,75,0.10912225
340,18,90,0.21667575
340,19,105,0.102408
340,20,120,0.0018825
340,21,135,0.5084005
340,22,150,2.2172085
340,23,165,5.45674
340,24,180,8.21642225
341,1,-165,0.5693935
341,2,-150,0.29235225
341,3,-135,0.0437995
341,4,-120,0
341,5,-105,0.07335475
341,6,-90,0.12801
341,7,-75,0.0560985
341,8,-60,0.00156875
341,9,-45,0.09544275
341,10,-30,0.3766255
341,11,-15,0.597882
341,12,0,0.68228075
341,13,15,0.60196075
341,14,30,0.3778805
341,15,45,0.09544275
341,16,60,0.002259
341,17,75,0.05628675
341,18,90,0.12801
341,19,105,0.0724135
341,20,120,0
341,21,135,0.0437995
341,22,150,0.29297975
341,23,165,0.568264
341,24,180,0.68177875
342,1,-165,0.44470925
342,2,-150,1.67962925
342,3,-135,3.48745675
342,4,-120,5.49181725
342,5,-105,7.061383
342,6,-90,7.663532
342,7,-75,7.026494
342,8,-60,5.4606305
342,9,-45,3.5219065
342,10,-30,1.77864875
342,11,-15,0.6138205
342,12,0,0.1858655
342,13,15,0.617711
342,14,30,1.77864875
342,15,45,3.5219065
342,16,60,5.46006575
342,17,75,7.02655675
342,18,90,7.663281
342,19,105,7.061383
342,20,120,5.49188
342,21,135,3.488649
342,22,150,1.67950375
342,23,165,0.44470925
342,24,180,0
343,1,-165,3.9232555
343,2,-150,1.98722975
343,3,-135,1.2049255
343,4,-120,1.5608435
343,5,-105,0.686736
343,6,-90,0.9915755
343,7,-75,0.65015275
343,8,-60,0.0571025
343,9,-45,0
343,10,-30,1.06279675
343,11,-15,3.11635325
343,12,0,6.402006
343,13,15,4.1699885
343,14,30,2.17510325
343,15,45,1.23648875
343,16,60,1.53831625
343,17,75,0.64965075
343,18,90,0.99088525
343,19,105,0.6868615
343,20,120,1.5651105
343,21,135,1.2064315
343,22,150,1.9857865
343,23,165,3.96561175
343,24,180,6.31723075
344,1,-165,1.63231575
344,2,-150,1.47581725
344,3,-135,1.4125025
344,4,-120,1.3321825
344,5,-105,1.17097775
344,6,-90,0.8347005
344,7,-75,0.3515255
344,8,-60,0.000753
344,9,-45,0.29925475
344,10,-30,1.31442425
344,11,-15,2.74838725
344,12,0,4.11432925
344,13,15,2.75930575
344,14,30,1.3105965
344,15,45,0.28946575
344,16,60,0
344,17,75,0.3507725
344,18,90,0.8344495
344,19,105,1.1720445
344,20,120,1.33538275
344,21,135,1.41557725
344,22,150,1.476633
344,23,165,1.63244125
344,24,180,1.716589
345,1,-165,0.66634225
345,2,-150,0.50206275
345,3,-135,0.32234675
345,4,-120,0.42600975
345,5,-105,1.1263625
345,6,-90,2.33662175
345,7,-75,3.758223
345,8,-60,5.116635
345,9,-45,6.745374
345,10,-30,9.08463125
345,11,-15,11.05623625
345,12,0,9.482529
345,13,15,7.0489585
345,14,30,4.32115325
345,15,45,2.03542175
345,16,60,0.60823575
345,17,75,0.1093105
345,18,90,0.10472975
345,19,105,0.0691505
345,20,120,0
345,21,135,0.00909875
345,22,150,0.16622475
345,23,165,0.439752
345,24,180,0.6569925
346,1,-165,1.137783
346,2,-150,0.72156225
346,3,-135,0.3382225
346,4,-120,0.1667895
346,5,-105,0.09970975
346,6,-90,0.0006275
346,7,-75,0.146333
346,8,-60,1.237932
346,9,-45,3.52153
346,10,-30,6.62821975
346,11,-15,9.905966
346,12,0,11.90273375
346,13,15,9.91230375
346,14,30,6.63185925
346,15,45,3.51067425
346,16,60,1.240442
346,17,75,0.14652125
346,18,90,0
346,19,105,0.099647
346,20,120,0.16697775
346,21,135,0.33885
346,22,150,0.721374
346,23,165,1.1379085
346,24,180,1.29710525
347,1,-165,0.191011
347,2,-150,0.94118725
347,3,-135,2.39033575
347,4,-120,4.32228275
347,5,-105,6.19549575
347,6,-90,7.16724225
347,7,-75,6.91548925
347,8,-60,5.7871815
347,9,-45,4.60239875
347,10,-30,3.799889
347,11,-15,3.52924825
347,12,0,3.5286835
347,13,15,3.5294365
347,14,30,3.799889
347,15,45,4.601332
347,16,60,5.7871815
347,17,75,6.910281
347,18,90,7.16724225
347,19,105,6.19336225
347,20,120,4.32090225
347,21,135,2.39058675
347,22,150,0.942003
347,23,165,0.191011
347,24,180,0
348,1,-165,0.179465
348,2,-150,0.60491
348,3,-135,1.401835
348,4,-120,2.37948
348,5,-105,3.21029
348,6,-90,3.4857625
348,7,-75,3.0076075
348,8,-60,2.074515
348,9,-45,1.1175775
348,10,-30,0.4336025
348,11,-15,0.0960075
348,12,0,0
348,13,15,0.0960075
348,14,30,0.4336025
348,15,45,1.1175775
348,16,60,2.0738875
348,17,75,3.0076075
348,18,90,3.485135
348,19,105,3.21029
348,20,120,2.3801075
348,21,135,1.401835
348,22,150,0.6024
348,23,165,0.179465
348,24,180,0.07028
349,1,-165,0.35133725
349,2,-150,1.36223975
349,3,-135,2.9533915
349,4,-120,4.72375725
349,5,-105,6.168827
349,6,-90,6.8612105
349,7,-75,6.69511125
349,8,-60,6.06698375
349,9,-45,5.5088225
349,10,-30,5.3893465
349,11,-15,5.71596025
349,12,0,5.9681525
349,13,15,5.71596025
349,14,30,5.3893465
349,15,45,5.5098265
349,16,60,6.0670465
349,17,75,6.693417
349,18,90,6.8614615
349,19,105,6.16637975
349,20,120,4.72375725
349,21,135,2.95345425
349,22,150,1.362177
349,23,165,0.35347075
349,24,180,0
350,1,-165,0
350,2,-150,0.52402525
350,3,-135,1.82370325
350,4,-120,3.75514825
350,5,-105,5.95541425
350,6,-90,7.66723425
350,7,-75,5.8632345
350,8,-60,3.688696
350,9,-45,1.78366875
350,10,-30,0.51825225
350,11,-15,0.004518
350,12,0,0.15329825
350,13,15,0.0048945
350,14,30,0.51800125
350,15,45,1.78931625
350,16,60,3.70331675
350,17,75,5.86191675
350,18,90,7.666544
350,19,105,5.95403375
350,20,120,3.755211
350,21,135,1.82357775
350,22,150,0.528857
350,23,165,0
350,24,180,0.1529845
351,1,-165,3.60417175
351,2,-150,1.7837315
351,3,-135,0.6810885
351,4,-120,0.100651
351,5,-105,0.00251
351,6,-90,0.75569825
351,7,-75,0.10498075
351,8,-60,0.007781
351,9,-45,0.655863
351,10,-30,2.04634025
351,11,-15,4.102595
351,12,0,6.64566425
351,13,15,4.105607
351,14,30,2.040881
351,15,45,0.65228625
351,16,60,0.008785
351,17,75,0.1030355
351,18,90,0.75519625
351,19,105,0
351,20,120,0.10297275
351,21,135,0.67926875
351,22,150,1.7854885
351,23,165,3.60705825
351,24,180,6.125153
352,1,-165,0.390305
352,2,-150,0.0839595
352,3,-135,1.64436375
352,4,-120,0.216613
352,5,-105,0.673684
352,6,-90,1.238685
352,7,-75,0.64613675
352,8,-60,0.1655345
352,9,-45,0
352,10,-30,0.141062
352,11,-15,0.4594555
352,12,0,0.8715975
352,13,15,0.458828
352,14,30,0.14087375
352,15,45,0.00043925
352,16,60,0.16371475
352,17,75,0.6469525
352,18,90,1.23862225
352,19,105,0.673684
352,20,120,0.21604825
352,21,135,1.64574425
352,22,150,0.08414775
352,23,165,0.390305
352,24,180,0.81744425
353,1,-165,0.353157
353,2,-150,0.52578225
353,3,-135,1.0347475
353,4,-120,1.84742275
353,5,-105,2.6868295
353,6,-90,3.154568
353,7,-75,2.988155
353,8,-60,2.26069425
353,9,-45,1.33726525
353,10,-30,0.5736605
353,11,-15,0.13372025
353,12,0,0
353,13,15,0.13384575
353,14,30,0.57359775
353,15,45,1.33726525
353,16,60,2.26194925
353,17,75,2.988406
353,18,90,3.155572
353,19,105,2.6898415
353,20,120,1.84736
353,21,135,1.03593975
353,22,150,0.52578225
353,23,165,0.3530315
353,24,180,0.345878
354,1,-165,9.68627825
354,2,-150,7.23814975
354,3,-135,4.481354
354,4,-120,2.357894
354,5,-105,1.045415
354,6,-90,0.239956
354,7,-75,0
354,8,-60,0.633022
354,9,-45,2.435202
354,10,-30,5.12937325
354,11,-15,7.8433735
354,12,0,9.86047225
354,13,15,7.846511
354,14,30,5.13677775
354,15,45,2.43702175
354,16,60,0.6336495
354,17,75,0.000502
354,18,90,0.23989325
354,19,105,1.0493055
354,20,120,2.357894
354,21,135,4.48166775
354,22,150,7.23727125
354,23,165,9.66870825
354,24,180,9.74526325
355,1,-165,0.1283865
355,2,-150,0.0033885
355,3,-135,0.016817
355,4,-120,0.274594
355,5,-105,0.7513685
355,6,-90,1.2990505
355,7,-75,0.71340475
355,8,-60,0.2167385
355,9,-45,0.00031375
355,10,-30,0.019578
355,11,-15,0.152106
355,12,0,0.39802325
355,13,15,0.1524825
355,14,30,0.01951525
355,15,45,0
355,16,60,0.216613
355,17,75,0.71227525
355,18,90,1.299176
355,19,105,0.75456875
355,20,120,0.270578
355,21,135,0.01662875
355,22,150,0.003514
355,23,165,0.128512
355,24,180,0.3778805
356,1,-165,0.86764425
356,2,-150,1.26786375
356,3,-135,2.04232425
356,4,-120,2.00843925
356,5,-105,1.993442
356,6,-90,2.43137425
356,7,-75,3.362647
356,8,-60,4.37787925
356,9,-45,4.895504
356,10,-30,4.62674575
356,11,-15,4.02785975
356,12,0,3.48130725
356,13,15,2.90990575
356,14,30,2.3914025
356,15,45,1.93966525
356,16,60,1.4343395
356,17,75,0.72382125
356,18,90,0.11690325
356,19,105,0
356,20,120,0.3813945
356,21,135,0.9860535
356,22,150,1.894297
356,23,165,1.44770525
356,24,180,1.00883175
357,1,-165,0.0018825
357,2,-150,0.06394225
357,3,-135,0.6000155
357,4,-120,1.53254325
357,5,-105,2.4656985
357,6,-90,2.87150275
357,7,-75,2.455282
357,8,-60,1.5349905
357,9,-45,0.6108085
357,10,-30,0.07046825
357,11,-15,6.27E-05
357,12,0,0.06996625
357,13,15,0
357,14,30,0.07046825
357,15,45,0.610683
357,16,60,1.5347395
357,17,75,2.455282
357,18,90,2.87150275
357,19,105,2.465573
357,20,120,1.53241775
357,21,135,0.600392
357,22,150,0.064005
357,23,165,0.00181975
357,24,180,0.07071925
358,1,-165,0.00181975
358,2,-150,0.26549525
358,3,-135,1.1404185
358,4,-120,2.42861325
358,5,-105,3.75928975
358,6,-90,4.78675825
358,7,-75,5.65521825
358,8,-60,6.50221775
358,9,-45,7.4528175
358,10,-30,8.68754925
358,11,-15,10.070622
358,12,0,11.1887015
358,13,15,10.068363
358,14,30,8.6864825
358,15,45,7.45062125
358,16,60,6.5020295
358,17,75,5.65672425
358,18,90,4.78663275
358,19,105,3.76029375
358,20,120,2.427672
358,21,135,1.13445725
358,22,150,0.26110275
358,23,165,0
358,24,180,1.3743505
359,1,-165,0.5839515
359,2,-150,2.295897
359,3,-135,5.07954975
359,4,-120,8.81367675
359,5,-105,12.37900625
359,6,-90,13.96319275
359,7,-75,13.2797825
359,8,-60,11.3034085
359,9,-45,8.91696325
359,10,-30,6.852551
359,11,-15,5.5705685
359,12,0,5.182648
359,13,15,5.5723255
359,14,30,6.85060575
359,15,45,8.91457875
359,16,60,11.30133775
359,17,75,13.27821375
359,18,90,13.97674675
359,19,105,12.36833875
359,20,120,8.804578
359,21,135,5.0833775
359,22,150,2.3055605
359,23,165,0.58915975
359,24,180,0
360,1,-165,0.02064475
360,2,-150,0.15756525
360,3,-135,0.750992
360,4,-120,1.74614425
360,5,-105,2.6963675
360,6,-90,3.11509825
360,7,-75,2.6936065
360,8,-60,1.7435715
360,9,-45,0.778602
360,10,-30,0.23343
360,11,-15,0.1326535
360,12,0,0.1713075
360,13,15,0.1255
360,14,30,0.21943675
360,15,45,0.7722015
360,16,60,1.7362925
360,17,75,2.68337825
360,18,90,3.10317575
360,19,105,2.679174
360,20,120,1.72154625
360,21,135,0.72055825
360,22,150,0.127006
360,23,165,0
360,24,180,0.0478155
361,1,-165,6.80768475
361,2,-150,4.47325925
361,3,-135,2.297654
361,4,-120,0.80263525
361,5,-105,0.1050435
361,6,-90,0
361,7,-75,0.1916385
361,8,-60,0.441258
361,9,-45,0.70198425
361,10,-30,0.97720575
361,11,-15,1.24063025
361,12,0,1.33262175
361,13,15,1.243454
361,14,30,0.976892
361,15,45,0.70524725
361,16,60,0.44094425
361,17,75,0.191513
361,18,90,0.003012
361,19,105,0.10962425
361,20,120,0.80200775
361,21,135,2.298909
361,22,150,4.473824
361,23,165,6.80712
361,24,180,8.13610225
362,1,-165,0.29335625
362,2,-150,1.01196925
362,3,-135,1.279598
362,4,-120,1.119962
362,5,-105,0.9428815
362,6,-90,1.6818255
362,7,-75,1.0611025
362,8,-60,0
362,9,-45,0.68817925
362,10,-30,2.55549375
362,11,-15,6.75798675
362,12,0,6.08894625
362,13,15,4.841037
362,14,30,3.866404
362,15,45,3.229115
362,16,60,3.6401275
362,17,75,3.329515
362,18,90,4.14903
362,19,105,4.99634325
362,20,120,5.2445195
362,21,135,4.6192785
362,22,150,2.90501125
362,23,165,0.945768
362,24,180,0.02365675
363,1,-165,1.961565
363,2,-150,3.2683965
363,3,-135,4.04555525
363,4,-120,4.06789425
363,5,-105,3.18625675
363,6,-90,1.96037275
363,7,-75,1.01247125
363,8,-60,1.8502465
363,9,-45,0.96302425
363,10,-30,1.870452
363,11,-15,3.0864215
363,12,0,3.94791625
363,13,15,4.094814
363,14,30,3.4481125
363,15,45,2.22680925
363,16,60,0.94507775
363,17,75,0.257526
363,18,90,0
363,19,105,0.20833
363,20,120,0.4416345
363,21,135,0.64789375
363,22,150,0.01587575
363,23,165,0.236191
363,24,180,0.74553275
364,1,-165,0.4529295
364,2,-150,1.3008075
364,3,-135,2.0864375
364,4,-120,2.353878
364,5,-105,1.9910575
364,6,-90,1.4401125
364,7,-75,1.24590125
364,8,-60,1.52752325
364,9,-45,2.71625925
364,10,-30,4.684162
364,11,-15,7.32198375
364,12,0,7.9425185
364,13,15,7.293809
364,14,30,5.9598695
364,15,45,3.915098
364,16,60,2.68821
364,17,75,2.3773465
364,18,90,2.53880225
364,19,105,2.3843745
364,20,120,2.013271
364,21,135,1.53731225
364,22,150,0.79999975
364,23,165,0.15643575
364,24,180,0
365,1,-165,5.149767
365,2,-150,5.45328875
365,3,-135,5.8160465
365,4,-120,5.87547075
365,5,-105,5.64254275
365,6,-90,5.250669
365,7,-75,4.65197125
365,8,-60,3.602854
365,9,-45,2.20057975
365,10,-30,0.954051
365,11,-15,0.15091375
365,12,0,0
365,13,15,0.149847
365,14,30,0.9541765
365,15,45,2.20127
365,16,60,3.607372
365,17,75,4.65397925
365,18,90,5.249414
365,19,105,5.641978
365,20,120,5.87547075
365,21,135,5.8147915
365,22,150,5.4551085
365,23,165,5.14870025
365,24,180,5.01052475
366,1,-165,0.71629125
366,2,-150,0.46435
366,3,-135,0.415405
366,4,-120,0.27289975
366,5,-105,0.00445525
366,6,-90,0.00470625
366,7,-75,0.27754325
366,8,-60,1.1113025
366,9,-45,1.72744475
366,10,-30,2.597097
366,11,-15,3.3878725
366,12,0,3.73331125
366,13,15,3.38969225
366,14,30,2.58975525
366,15,45,1.729139
366,16,60,1.11161625
366,17,75,0.27861
366,18,90,0.005271
366,19,105,0
366,20,120,0.2729625
366,21,135,0.4102595
366,22,150,0.4541845
366,23,165,0.7167305
366,24,180,0.842105
367,1,-165,0.59487
367,2,-150,0.56726
367,3,-135,0.48926175
367,4,-120,0.456318
367,5,-105,0.37003675
367,6,-90,0.1916385
367,7,-75,0
367,8,-60,0.41069875
367,9,-45,1.8876455
367,10,-30,4.3780675
367,11,-15,7.026996
367,12,0,9.137153
367,13,15,10.79594925
367,14,30,11.753828
367,15,45,11.07506125
367,16,60,10.31804525
367,17,75,8.86161775
367,18,90,6.98526725
367,19,105,4.28036575
367,20,120,1.65289775
367,21,135,0.354914
367,22,150,0.148341
367,23,165,0.3982115
367,24,180,0.57560575
368,1,-165,0.145078
368,2,-150,0.817256
368,3,-135,2.0387475
368,4,-120,3.41792975
368,5,-105,4.609364
368,6,-90,5.06499175
368,7,-75,4.51956875
368,8,-60,3.29506525
368,9,-45,1.94807375
368,10,-30,0.92148375
368,11,-15,0.37217025
368,12,0,0.2039375
368,13,15,0.372233
368,14,30,0.92160925
368,15,45,1.94179875
368,16,60,3.24586925
368,17,75,4.519004
368,18,90,5.06518
368,19,105,4.60836
368,20,120,3.4179925
368,21,135,2.038622
368,22,150,0.78312
368,23,165,0.146082
368,24,180,0
369,1,-165,0.763291
369,2,-150,1.7377985
369,3,-135,3.764749
369,4,-120,6.06660725
369,5,-105,4.02855
369,6,-90,1.5786645
369,7,-75,0.26700125
369,8,-60,0
369,9,-45,0.8763665
369,10,-30,2.712306
369,11,-15,4.999418
369,12,0,6.99041275
369,13,15,7.6556255
369,14,30,6.5723095
369,15,45,4.310674
369,16,60,2.5008385
369,17,75,3.86358025
369,18,90,4.6940765
369,19,105,5.8203135
369,20,120,7.32374075
369,21,135,5.87145475
369,22,150,3.64452
369,23,165,1.68678275
369,24,180,0.6479565
370,1,-165,0.5169345
370,2,-150,0
370,3,-135,0.10146675
370,4,-120,0.83539075
370,5,-105,1.7290135
370,6,-90,2.22743675
370,7,-75,2.031343
370,8,-60,1.4463875
370,9,-45,0.938238
370,10,-30,0.95511775
370,11,-15,1.618448
370,12,0,2.18872
370,13,15,1.61393
370,14,30,0.95449025
370,15,45,0.93779875
370,16,60,1.44519525
370,17,75,2.03517075
370,18,90,2.2274995
370,19,105,1.744199
370,20,120,0.835579
370,21,135,0.102408
370,22,150,0.00031375
370,23,165,0.517311
370,24,180,0.9358535
371,1,-165,0.25721225
371,2,-150,1.076037
371,3,-135,2.43426075
371,4,-120,4.15172825
371,5,-105,5.75794
371,6,-90,6.4653835
371,7,-75,5.72901225
371,8,-60,4.0720985
371,9,-45,2.333798
371,10,-30,1.005757
371,11,-15,0.24215225
371,12,0,0
371,13,15,0.242215
371,14,30,1.00569425
371,15,45,2.333798
371,16,60,4.071973
371,17,75,5.7299535
371,18,90,6.4626225
371,19,105,5.7598225
371,20,120,4.15122625
371,21,135,2.43626875
371,22,150,1.076037
371,23,165,0.25721225
371,24,180,0.00156875
372,1,-165,0.0006275
372,2,-150,0.14614475
372,3,-135,0.72037
372,4,-120,1.669401
372,5,-105,2.5703655
372,6,-90,2.922644
372,7,-75,2.53177425
372,8,-60,1.64335975
372,9,-45,0.71641675
372,10,-30,0.1467095
372,11,-15,0
372,12,0,0.026104
372,13,15,0.00056475
372,14,30,0.1467095
372,15,45,0.71691875
372,16,60,1.6429205
372,17,75,2.531837
372,18,90,2.92270675
372,19,105,2.569989
372,20,120,1.6695265
372,21,135,0.7207465
372,22,150,0.14589375
372,23,165,0.00043925
372,24,180,0.026355
373,1,-165,1.70221925
373,2,-150,0.86701675
373,3,-135,0.2965565
373,4,-120,0.0410385
373,5,-105,0
373,6,-90,0.00922425
373,7,-75,0.01286375
373,8,-60,0.0985175
373,9,-45,0.45976925
373,10,-30,1.11864425
373,11,-15,1.838575
373,12,0,2.091332
373,13,15,1.838575
373,14,30,1.11851875
373,15,45,0.47759025
373,16,60,0.0985175
373,17,75,0.01035375
373,18,90,0.0094125
373,19,105,0
373,20,120,0.0410385
373,21,135,0.296933
373,22,150,0.866201
373,23,165,1.70623525
373,24,180,2.08863375
374,1,-165,0.44270125
374,2,-150,1.0244565
374,3,-135,1.50154475
374,4,-120,1.5648595
374,5,-105,0.852145
374,6,-90,0.264554
374,7,-75,0
374,8,-60,0.65994175
374,9,-45,2.3979285
374,10,-30,4.7713845
374,11,-15,7.0072925
374,12,0,8.58671
374,13,15,7.00748075
374,14,30,4.76667825
374,15,45,2.39523025
374,16,60,0.66395775
374,17,75,6.27E-05
374,18,90,0.2631735
374,19,105,0.85195675
374,20,120,1.509012
374,21,135,1.5011055
374,22,150,1.01874625
374,23,165,0.4428895
374,24,180,0.2370695
375,1,-165,2.3911515
375,2,-150,1.67209925
375,3,-135,0.63961075
375,4,-120,0.040411
375,5,-105,6.27E-05
375,6,-90,2.3401985
375,7,-75,3.312698
375,8,-60,3.04921075
375,9,-45,2.143289
375,10,-30,2.14197125
375,11,-15,2.1022505
375,12,0,2.144795
375,13,15,2.1022505
375,14,30,2.1424105
375,15,45,2.88944925
375,16,60,1.87076575
375,17,75,3.31100375
375,18,90,0.4687425
375,19,105,0
375,20,120,0.0420425
375,21,135,0.6439405
375,22,150,1.67109525
375,23,165,2.8570075
375,24,180,3.6968535
376,1,-165,0.15342375
376,2,-150,0.67412325
376,3,-135,1.569252
376,4,-120,2.66279625
376,5,-105,3.59074325
376,6,-90,3.95381475
376,7,-75,3.60931725
376,8,-60,2.76081175
376,9,-45,1.87540925
376,10,-30,1.26384775
376,11,-15,0.9948385
376,12,0,0.93428475
376,13,15,0.99653275
376,14,30,1.2631575
376,15,45,1.87553475
376,16,60,2.76445125
376,17,75,3.61007025
376,18,90,3.95343825
376,19,105,3.589802
376,20,120,2.66354925
376,21,135,1.569001
376,22,150,0.674688
376,23,165,0.15354925
376,24,180,0
377,1,-165,7.096021
377,2,-150,6.1107205
377,3,-135,5.77168225
377,4,-120,6.04138175
377,5,-105,6.5123205
377,6,-90,6.30330025
377,7,-75,4.880444
377,8,-60,3.1436495
377,9,-45,1.76333775
377,10,-30,0.88835175
377,11,-15,0.39024225
377,12,0,0.08690875
377,13,15,0
377,14,30,0.3572985
377,15,45,1.33111575
377,16,60,2.9202595
377,17,75,4.816439
377,18,90,6.30342575
377,19,105,6.62257225
377,20,120,6.45151575
377,21,135,6.64026775
377,22,150,7.569156
377,23,165,8.808092
377,24,180,8.35974325
378,1,-165,2.6873315
378,2,-150,1.27828025
378,3,-135,0.30126275
378,4,-120,0.00043925
378,5,-105,0.365707
378,6,-90,1.261526
378,7,-75,2.2812135
378,8,-60,2.71500425
378,9,-45,2.19367725
378,10,-30,1.250231
378,11,-15,0.6113105
378,12,0,0.61099675
378,13,15,0.6113105
378,14,30,1.2513605
378,15,45,2.1936145
378,16,60,2.7149415
378,17,75,2.2812135
378,18,90,1.260271
378,19,105,0.36639725
378,20,120,0
378,21,135,0.3003215
378,22,150,1.27928425
378,23,165,2.68839825
378,24,180,3.50439925
379,1,-165,0
379,2,-150,0.17977875
379,3,-135,1.0292255
379,4,-120,2.25165825
379,5,-105,3.3984145
379,6,-90,4.141751
379,7,-75,4.033068
379,8,-60,3.63303675
379,9,-45,3.50163825
379,10,-30,3.70093225
379,11,-15,3.8652745
379,12,0,3.62726375
379,13,15,3.050403
379,14,30,2.69103375
379,15,45,2.8695575
379,16,60,3.54142175
379,17,75,4.03388375
379,18,90,4.11395275
379,19,105,3.3981635
379,20,120,2.22467575
379,21,135,1.03016675
379,22,150,0.178461
379,23,165,0.00458075
379,24,180,0.47156625
380,1,-165,4.33633875
380,2,-150,4.93466
380,3,-135,5.71796825
380,4,-120,6.3835575
380,5,-105,3.0693535
380,6,-90,1.226637
380,7,-75,0.00144325
380,8,-60,0.1617695
380,9,-45,1.2330375
380,10,-30,4.41314475
380,11,-15,5.5956685
380,12,0,6.227059
380,13,15,5.59573125
380,14,30,4.41427425
380,15,45,1.28970075
380,16,60,0.16471875
380,17,75,0
380,18,90,1.21854225
380,19,105,3.064208
380,20,120,6.37445875
380,21,135,5.73353025
380,22,150,4.924871
380,23,165,4.328495
380,24,180,4.3424255
381,1,-165,0.325547
381,2,-150,0.382524
381,3,-135,1.920652
381,4,-120,2.468585
381,5,-105,3.726848
381,6,-90,5.58569125
381,7,-75,7.5702855
381,8,-60,8.30301725
381,9,-45,6.39177775
381,10,-30,3.475848
381,11,-15,2.0284565
381,12,0,2.2659025
381,13,15,1.8565215
381,14,30,3.00302675
381,15,45,4.96258375
381,16,60,7.74767975
381,17,75,11.01959025
381,18,90,8.7903965
381,19,105,5.80418675
381,20,120,3.41956125
381,21,135,2.0086275
381,22,150,0
381,23,165,0.24347
381,24,180,0.114707
382,1,-165,2.3092
382,2,-150,2.636755
382,3,-135,2.9461125
382,4,-120,3.2071525
382,5,-105,3.337045
382,6,-90,3.2473125
382,7,-75,2.91913
382,8,-60,2.3851275
382,9,-45,1.78461
382,10,-30,1.2167225
382,11,-15,0.7611575
382,12,0,0
382,13,15,0.7649225
382,14,30,1.213585
382,15,45,1.7839825
382,16,60,2.3851275
382,17,75,2.91913
382,18,90,3.2473125
382,19,105,3.3389275
382,20,120,3.2058975
382,21,135,2.94423
382,22,150,2.6373825
382,23,165,2.3085725
382,24,180,1.943995
383,1,-165,1.40867475
383,2,-150,0.3954505
383,3,-135,0.00056475
383,4,-120,0.209836
383,5,-105,0.64224625
383,6,-90,0.86563625
383,7,-75,0.6474545
383,8,-60,0.185489
383,9,-45,0.0249745
383,10,-30,0.53619875
383,11,-15,1.96903225
383,12,0,2.58599025
383,13,15,1.96363575
383,14,30,0.54134425
383,15,45,0.0239705
383,16,60,0.184736
383,17,75,0.63321025
383,18,90,0.85747875
383,19,105,0.61495
383,20,120,0.20952225
383,21,135,0
383,22,150,0.37367625
383,23,165,1.4245505
383,24,180,2.58279
384,1,-165,0.02754725
384,2,-150,0.29523875
384,3,-135,0.8357045
384,4,-120,1.56467125
384,5,-105,2.28617075
384,6,-90,2.62978975
384,7,-75,2.2044075
384,8,-60,1.454796
384,9,-45,0.95097625
384,10,-30,0.2330535
384,11,-15,0.01964075
384,12,0,0
384,13,15,0.03583025
384,14,30,0.63484175
384,15,45,1.22682525
384,16,60,2.279331
384,17,75,3.388751
384,18,90,6.29940975
384,19,105,3.544622
384,20,120,2.4576665
384,21,135,1.3607965
384,22,150,0.520323
384,23,165,0.0465605
384,24,180,0.004267
385,1,-165,0.20914575
385,2,-150,0.84053625
385,3,-135,1.778586
385,4,-120,2.80561525
385,5,-105,3.64954
385,6,-90,4.02371825
385,7,-75,3.75012825
385,8,-60,2.98922175
385,9,-45,2.01057275
385,10,-30,1.1266135
385,11,-15,0.56117325
385,12,0,0.374492
385,13,15,0.558224
385,14,30,1.124982
385,15,45,2.01057275
385,16,60,2.9905395
385,17,75,3.75012825
385,18,90,4.023781
385,19,105,3.6441435
385,20,120,2.805678
385,21,135,1.778586
385,22,150,0.8404735
385,23,165,0.20914575
385,24,180,0
386,1,-165,0.78757525
386,2,-150,0.049949
386,3,-135,0.03193975
386,4,-120,0.66634225
386,5,-105,1.4790175
386,6,-90,2.0999915
386,7,-75,1.48146475
386,8,-60,0.63007275
386,9,-45,0
386,10,-30,0.11715425
386,11,-15,0.8884145
386,12,0,1.4744995
386,13,15,0.88847725
386,14,30,0.11690325
386,15,45,0.00181975
386,16,60,0.63252
386,17,75,1.48573175
386,18,90,2.1004935
386,19,105,1.47820175
386,20,120,0.66358125
386,21,135,0.03012
386,22,150,0.05001175
386,23,165,0.78581825
386,24,180,1.4719895
387,1,-165,1.594101
387,2,-150,0.855408
387,3,-135,0.22922575
387,4,-120,0.015311
387,5,-105,0.33138275
387,6,-90,1.0437835
387,7,-75,1.713577
387,8,-60,2.7121805
387,9,-45,2.27550325
387,10,-30,1.31969525
387,11,-15,0.43090425
387,12,0,0
387,13,15,0.43090425
387,14,30,1.319507
387,15,45,2.27537775
387,16,60,2.712306
387,17,75,1.71589875
387,18,90,1.04397175
387,19,105,0.3314455
387,20,120,0.01549925
387,21,135,0.2287865
387,22,150,0.85672575
387,23,165,1.59378725
387,24,180,1.9677145
388,1,-165,0
388,2,-150,0.166664
388,3,-135,0.79096375
388,4,-120,1.7714325
388,5,-105,2.735649
388,6,-90,3.151054
388,7,-75,2.73157025
388,8,-60,1.78461
388,9,-45,0.7867595
388,10,-30,0.16233425
388,11,-15,0.003765
388,12,0,0.03143775
388,13,15,0.00382775
388,14,30,0.16233425
388,15,45,0.7867595
388,16,60,1.78329225
388,17,75,2.73157025
388,18,90,3.151054
388,19,105,2.735649
388,20,120,1.7714325
388,21,135,0.78770075
388,22,150,0.16697775
388,23,165,0
388,24,180,0.03369675
389,1,-165,2.57318925
389,2,-150,3.0859195
389,3,-135,4.427891
389,4,-120,6.4550925
389,5,-105,8.4221795
389,6,-90,11.0815245
389,7,-75,8.251374
389,8,-60,6.1912915
389,9,-45,4.1940845
389,10,-30,2.97943275
389,11,-15,2.57243625
389,12,0,0.0003765
389,13,15,2.5726245
389,14,30,2.979119
389,15,45,4.19515125
389,16,60,6.1910405
389,17,75,8.2404555
389,18,90,11.08196375
389,19,105,8.429333
389,20,120,6.46576
389,21,135,4.42757725
389,22,150,3.087049
389,23,165,2.57331475
389,24,180,0
390,1,-165,1.71778125
390,2,-150,1.48899475
390,3,-135,1.82508375
390,4,-120,2.40288575
390,5,-105,2.93086425
390,6,-90,3.58710375
390,7,-75,4.3562305
390,8,-60,1.78304125
390,9,-45,0.58690075
390,10,-30,0
390,11,-15,0.03733625
390,12,0,0.55471
390,13,15,0.037399
390,14,30,0.0013805
390,15,45,0.59141875
390,16,60,1.774821
390,17,75,4.3562305
390,18,90,3.590053
390,19,105,2.9333115
390,20,120,2.402823
390,21,135,1.82458175
390,22,150,1.48773975
390,23,165,1.71702825
390,24,180,2.576766
391,1,-165,0
391,2,-150,0.94808975
391,3,-135,2.5625845
391,4,-120,4.962772
391,5,-105,7.77993325
391,6,-90,9.40013825
391,7,-75,8.7730775
391,8,-60,6.764952
391,9,-45,4.3850955
391,10,-30,2.48521375
391,11,-15,1.41796175
391,12,0,1.06166725
391,13,15,1.42524075
391,14,30,2.485151
391,15,45,4.38817025
391,16,60,6.76551675
391,17,75,8.75908425
391,18,90,9.39913425
391,19,105,7.78344725
391,20,120,5.013725
391,21,135,2.57042825
391,22,150,0.94808975
391,23,165,0.0013805
391,24,180,0.402855
392,1,-165,0.23123375
392,2,-150,0.00043925
392,3,-135,0.440003
392,4,-120,1.542897
392,5,-105,2.78001325
392,6,-90,3.35085
392,7,-75,2.82456575
392,8,-60,1.59366175
392,9,-45,0.458577
392,10,-30,0.00244725
392,11,-15,0.23725775
392,12,0,0.5068945
392,13,15,0.237195
392,14,30,0.000753
392,15,45,0.45851425
392,16,60,1.59366175
392,17,75,2.82456575
392,18,90,3.35085
392,19,105,2.780076
392,20,120,1.542395
392,21,135,0.4408815
392,22,150,0
392,23,165,0.2310455
392,24,180,0.50702
393,1,-165,0.39664275
393,2,-150,1.4727425
393,3,-135,2.96537675
393,4,-120,4.52496525
393,5,-105,5.72098025
393,6,-90,6.2286905
393,7,-75,6.02958475
393,8,-60,5.50010025
393,9,-45,5.1022025
393,10,-30,5.086264
393,11,-15,5.35364175
393,12,0,5.52645525
393,13,15,5.353579
393,14,30,5.086264
393,15,45,5.1022025
393,16,60,5.500163
393,17,75,6.02958475
393,18,90,6.2286905
393,19,105,5.72098025
393,20,120,4.524526
393,21,135,2.965314
393,22,150,1.47142475
393,23,165,0.3967055
393,24,180,0
394,1,-165,0.347635
394,2,-150,1.5831825
394,3,-135,3.685935
394,4,-120,6.5605125
394,5,-105,10.02243
394,6,-90,13.67197
394,7,-75,13.126045
394,8,-60,10.3204925
394,9,-45,8.3488875
394,10,-30,7.3499075
394,11,-15,7.11585
394,12,0,7.42709
394,13,15,7.1114575
394,14,30,7.350535
394,15,45,8.3488875
394,16,60,10.304805
394,17,75,13.1254175
394,18,90,13.730955
394,19,105,10.0356075
394,20,120,6.57118
394,21,135,3.675895
394,22,150,1.615185
394,23,165,0.302455
394,24,180,0
395,1,-165,0.789395
395,2,-150,0.5553375
395,3,-135,0.24052075
395,4,-120,0.00997725
395,5,-105,0.11138125
395,6,-90,0.42789225
395,7,-75,0.13196325
395,8,-60,0.00031375
395,9,-45,0.23838725
395,10,-30,0.56845225
395,11,-15,0.802949
395,12,0,0.95474125
395,13,15,0.80338825
395,14,30,0.5781785
395,15,45,0.2370695
395,16,60,0
395,17,75,0.13008075
395,18,90,0.42839425
395,19,105,0.11426775
395,20,120,0.21014975
395,21,135,0.24152475
395,22,150,0.55414525
395,23,165,0.78883025
395,24,180,0.96540875
396,1,-165,0.26260875
396,2,-150,1.01460475
396,3,-135,2.06466325
396,4,-120,3.12877775
396,5,-105,3.9034265
396,6,-90,4.1185335
396,7,-75,3.67909525
396,8,-60,2.820738
396,9,-45,1.8914105
396,10,-30,1.183967
396,11,-15,0.78920675
396,12,0,0.6798335
396,13,15,0.78920675
396,14,30,1.186979
396,15,45,1.8914105
396,16,60,2.820738
396,17,75,3.67909525
396,18,90,4.11897275
396,19,105,3.9034265
396,20,120,3.12877775
396,21,135,2.064726
396,22,150,1.025084
396,23,165,0.26260875
396,24,180,0
397,1,-165,1.629241
397,2,-150,0.79372475
397,3,-135,0.02541375
397,4,-120,0.01687975
397,5,-105,1.18653975
397,6,-90,3.201003
397,7,-75,5.03524825
397,8,-60,5.54151525
397,9,-45,3.19303375
397,10,-30,1.18478275
397,11,-15,0
397,12,0,0.7282765
397,13,15,0.46955825
397,14,30,1.4827825
397,15,45,2.56766725
397,16,60,4.22878525
397,17,75,6.42804725
397,18,90,8.29548725
397,19,105,9.051311
397,20,120,0.968358
397,21,135,0.33753225
397,22,150,0.96829525
397,23,165,2.0666085
397,24,180,2.3668045
398,1,-165,0.0194525
398,2,-150,0.096384
398,3,-135,0.27189575
398,4,-120,0.5957485
398,5,-105,1.1499565
398,6,-90,1.9222835
398,7,-75,1.1848455
398,8,-60,0.60058025
398,9,-45,0.2516275
398,10,-30,0.082579
398,11,-15,0.0109185
398,12,0,0.00169425
398,13,15,0.01562475
398,14,30,0.0824535
398,15,45,0.25018425
398,16,60,0.597882
398,17,75,1.1868535
398,18,90,1.91983625
398,19,105,1.14600325
398,20,120,0.59694075
398,21,135,0.27038975
398,22,150,0.09632125
398,23,165,0.0192015
398,24,180,0
399,1,-165,0.8869085
399,2,-150,0.98586525
399,3,-135,1.475127
399,4,-120,1.92724075
399,5,-105,1.95899225
399,6,-90,1.67824875
399,7,-75,1.1610005
399,8,-60,0.4913325
399,9,-45,0.0001255
399,10,-30,0.06344025
399,11,-15,0.5292335
399,12,0,1.406353
399,13,15,0.52854325
399,14,30,0.06331475
399,15,45,0
399,16,60,0.49089325
399,17,75,1.16106325
399,18,90,1.67849975
399,19,105,1.95961975
399,20,120,1.91443975
399,21,135,1.47732325
399,22,150,0.980406
399,23,165,0.8274215
399,24,180,1.45121925
400,1,-165,0.13572825
400,2,-150,0.48599875
400,3,-135,1.03619075
400,4,-120,1.7583805
400,5,-105,2.67998975
400,6,-90,3.54405725
400,7,-75,2.655329
400,8,-60,1.7513525
400,9,-45,1.00393725
400,10,-30,0.44383075
400,11,-15,0.11665225
400,12,0,0.002761
400,13,15,0.11715425
400,14,30,0.44383075
400,15,45,1.00343525
400,16,60,1.750976
400,17,75,2.65438775
400,18,90,3.54455925
400,19,105,2.680429
400,20,120,1.75844325
400,21,135,1.039893
400,22,150,0.4855595
400,23,165,0.135289
400,24,180,0
401,1,-165,0.00069025
401,2,-150,0.63057475
401,3,-135,1.2965405
401,4,-120,1.38621025
401,5,-105,1.00004675
401,6,-90,0.43404175
401,7,-75,0.1665385
401,8,-60,0.64952525
401,9,-45,1.38621025
401,10,-30,2.3083215
401,11,-15,3.17747175
401,12,0,4.89920625
401,13,15,3.174648
401,14,30,2.30926275
401,15,45,1.3871515
401,16,60,0.649086
401,17,75,0.164656
401,18,90,0.4361125
401,19,105,0.97645275
401,20,120,1.3848925
401,21,135,1.296164
401,22,150,0.639548
401,23,165,0
401,24,180,1.19607775
402,1,-165,3.30924675
402,2,-150,2.6526935
402,3,-135,1.83399425
402,4,-120,1.45460775
402,5,-105,1.33952425
402,6,-90,0.199043
402,7,-75,0.0053965
402,8,-60,0.634026
402,9,-45,1.84629325
402,10,-30,3.110894
402,11,-15,3.9862565
402,12,0,4.17820875
402,13,15,3.98217775
402,14,30,3.1172945
402,15,45,1.8417125
402,16,60,0.6404265
402,17,75,0
402,18,90,0.2277825
402,19,105,1.338332
402,20,120,1.454294
402,21,135,1.836316
402,22,150,2.6499325
402,23,165,3.30836825
402,24,180,3.75803475
403,1,-165,7.308618
403,2,-150,4.5610465
403,3,-135,2.78515875
403,4,-120,2.634747
403,5,-105,3.63579775
403,6,-90,0
403,7,-75,3.65725825
403,8,-60,2.63857475
403,9,-45,2.7997795
403,10,-30,4.62109825
403,11,-15,7.99240475
403,12,0,10.569359
403,13,15,7.98173725
403,14,30,3.7457985
403,15,45,2.79758325
403,16,60,2.6378845
403,17,75,3.6541835
403,18,90,0.0023845
403,19,105,3.63705275
403,20,120,2.63405675
403,21,135,2.78917475
403,22,150,4.55508525
403,23,165,7.3253095
403,24,180,11.512617
404,1,-165,0.12255075
404,2,-150,0.596376
404,3,-135,1.499725
404,4,-120,2.729876
404,5,-105,3.9034265
404,6,-90,4.40235175
404,7,-75,3.910078
404,8,-60,2.747697
404,9,-45,1.51221225
404,10,-30,0.59116775
404,11,-15,0.1256255
404,12,0,6.28E-05
404,13,15,0.12568825
404,14,30,0.59104225
404,15,45,1.51070625
404,16,60,2.747697
404,17,75,3.9107055
404,18,90,4.40159875
404,19,105,3.90901125
404,20,120,2.729876
404,21,135,1.499725
404,22,150,0.5970035
404,23,165,0.12255075
404,24,180,0
405,1,-165,0.00658875
405,2,-150,0.16195775
405,3,-135,1.13408075
405,4,-120,4.49039
405,5,-105,3.45733675
405,6,-90,3.03352325
405,7,-75,2.7882335
405,8,-60,2.21300425
405,9,-45,1.099129
405,10,-30,0.15179225
405,11,-15,0
405,12,0,1.0322375
405,13,15,0.0023845
405,14,30,0.15166675
405,15,45,1.0992545
405,16,60,4.72237675
405,17,75,3.5399785
405,18,90,3.03415075
405,19,105,3.45758775
405,20,120,4.4987985
405,21,135,1.1336415
405,22,150,0.1637775
405,23,165,0.00922425
405,24,180,1.13734375
406,1,-165,0.07925325
406,2,-150,0.2955525
406,3,-135,0.6233585
406,4,-120,0.88672025
406,5,-105,1.04271675
406,6,-90,1.16821675
406,7,-75,1.4343395
406,8,-60,1.93037825
406,9,-45,2.44317125
406,10,-30,2.8218675
406,11,-15,3.11911425
406,12,0,3.241163
406,13,15,3.11923975
406,14,30,2.82117725
406,15,45,2.4413515
406,16,60,1.9308175
406,17,75,1.4340885
406,18,90,1.16821675
406,19,105,1.04196375
406,20,120,0.885528
406,21,135,0.62304475
406,22,150,0.2809945
406,23,165,0.08766175
406,24,180,0
407,1,-165,0.367213
407,2,-150,1.61399275
407,3,-135,3.733374
407,4,-120,6.58931475
407,5,-105,9.8410825
407,6,-90,12.22250775
407,7,-75,9.75304425
407,8,-60,7.9420165
407,9,-45,6.90846125
407,10,-30,6.5562455
407,11,-15,6.68406725
407,12,0,7.23074525
407,13,15,6.679863
407,14,30,6.55517875
407,15,45,6.912791
407,16,60,7.9174185
407,17,75,9.7484635
407,18,90,12.219935
407,19,105,9.833929
407,20,120,6.58931475
407,21,135,3.73544475
407,22,150,1.6115455
407,23,165,0.37066425
407,24,180,0
408,1,-165,0.09280725
408,2,-150,0.47821775
408,3,-135,1.186979
408,4,-120,2.0472815
408,5,-105,2.673903
408,6,-90,2.80159925
408,7,-75,2.34214375
408,8,-60,1.62553875
408,9,-45,1.1238525
408,10,-30,1.1228485
408,11,-15,1.454545
408,12,0,1.6645065
408,13,15,1.45435675
408,14,30,1.12278575
408,15,45,1.13044125
408,16,60,1.6235935
408,17,75,2.345344
408,18,90,2.80159925
408,19,105,2.67371475
408,20,120,2.048662
408,21,135,1.184971
408,22,150,0.4769
408,23,165,0.0927445
408,24,180,0
409,1,-165,0.25056075
409,2,-150,0.95398825
409,3,-135,2.03366475
409,4,-120,3.26983975
409,5,-105,4.319208
409,6,-90,4.693951
409,7,-75,4.19690825
409,8,-60,3.09539475
409,9,-45,1.91556925
409,10,-30,0.973378
409,11,-15,0.40229025
409,12,0,0.21780525
409,13,15,0.399843
409,14,30,0.97695475
409,15,45,1.91556925
409,16,60,3.09539475
409,17,75,4.196971
409,18,90,4.69388825
409,19,105,4.31914525
409,20,120,3.26971425
409,21,135,2.033602
409,22,150,0.954051
409,23,165,0.25056075
409,24,180,0
410,1,-165,0.680461
410,2,-150,0.18028075
410,3,-135,0.0021335
410,4,-120,0.30954575
410,5,-105,0.875237
410,6,-90,1.202039
410,7,-75,0.912385
410,8,-60,0.30414925
410,9,-45,6.28E-05
410,10,-30,0.216362
410,11,-15,0.713844
410,12,0,1.1025175
410,13,15,0.97770775
410,14,30,0.836583
410,15,45,0
410,16,60,0.3025805
410,17,75,0.9105025
410,18,90,1.1986505
410,19,105,0.87668025
410,20,120,0.308479
410,21,135,0.00269825
410,22,150,0.17952775
410,23,165,0.68366125
410,24,180,0.9998585
411,1,-165,2.54884225
411,2,-150,3.1735185
411,3,-135,3.019781
411,4,-120,1.9152555
411,5,-105,0.92298975
411,6,-90,0.321782
411,7,-75,0
411,8,-60,1.2272645
411,9,-45,1.70372525
411,10,-30,3.201505
411,11,-15,4.1423785
411,12,0,4.2648665
411,13,15,4.14080975
411,14,30,3.19843025
411,15,45,1.70560775
411,16,60,1.22808025
411,17,75,0.00320025
411,18,90,0.321782
411,19,105,0.89161475
411,20,120,1.9167615
411,21,135,3.021789
411,22,150,3.171385
411,23,165,2.435202
411,24,180,2.2342765
412,1,-165,7.993095
412,2,-150,7.356057
412,3,-135,6.640205
412,4,-120,5.90872825
412,5,-105,5.19068
412,6,-90,4.53701325
412,7,-75,3.9275225
412,8,-60,3.04506925
412,9,-45,1.7526075
412,10,-30,0.583575
412,11,-15,0
412,12,0,0.08213975
412,13,15,0.718362
412,14,30,1.76998925
412,15,45,3.1027365
412,16,60,4.7224395
412,17,75,6.203465
412,18,90,7.522219
412,19,105,8.86688875
412,20,120,10.005864
412,21,135,10.04671425
412,22,150,9.88996475
412,23,165,9.47179875
412,24,180,8.69219275
413,1,-165,1.162632
413,2,-150,0.1266295
413,3,-135,0.0279865
413,4,-120,0.7634165
413,5,-105,1.728888
413,6,-90,2.18150375
413,7,-75,1.73058225
413,8,-60,0.72896675
413,9,-45,0
413,10,-30,0.17099375
413,11,-15,1.2046745
413,12,0,2.09101825
413,13,15,1.2044235
413,14,30,0.17701775
413,15,45,0
413,16,60,0.73448875
413,17,75,1.731147
413,18,90,2.18225675
413,19,105,1.731398
413,20,120,0.7634165
413,21,135,0.0279865
413,22,150,0.13070825
413,23,165,1.16394975
413,24,180,2.09051625
414,1,-165,0.969613
414,2,-150,1.49100275
414,3,-135,2.54081025
414,4,-120,3.8996615
414,5,-105,5.10866575
414,6,-90,5.54302125
414,7,-75,4.9473355
414,8,-60,3.64056675
414,9,-45,2.13808075
414,10,-30,0.9280725
414,11,-15,0.22420575
414,12,0,0
414,13,15,0.22408025
414,14,30,0.93227675
414,15,45,2.13808075
414,16,60,3.64056675
414,17,75,4.94790025
414,18,90,5.54302125
414,19,105,5.10866575
414,20,120,3.89984975
414,21,135,2.54106125
414,22,150,1.49225775
414,23,165,0.96967575
414,24,180,0.81305175
415,1,-165,0.66132225
415,2,-150,0.01700525
415,3,-135,0.08904225
415,4,-120,0.81731875
415,5,-105,1.6640045
415,6,-90,2.63801
415,7,-75,1.65590975
415,8,-60,0.82246425
415,9,-45,0.10472975
415,10,-30,0
415,11,-15,0.62593125
415,12,0,1.2048
415,13,15,0.62605675
415,14,30,0.00069025
415,15,45,0.104918
415,16,60,0.822025
415,17,75,1.65578425
415,18,90,2.63794725
415,19,105,1.66620075
415,20,120,0.81593825
415,21,135,0.0889795
415,22,150,0.017068
415,23,165,0.66107125
415,24,180,1.20611775
416,1,-165,4.0751105
416,2,-150,4.96584675
416,3,-135,5.91977225
416,4,-120,5.8795495
416,5,-105,4.50777175
416,6,-90,2.58084475
416,7,-75,0.6958975
416,8,-60,0
416,9,-45,0.95147825
416,10,-30,2.98018575
416,11,-15,4.98918975
416,12,0,6.153265
416,13,15,4.97023925
416,14,30,2.97729925
416,15,45,0.949282
416,16,60,0.00251
416,17,75,0.6938895
416,18,90,2.58028
416,19,105,4.52371025
416,20,120,5.86681125
416,21,135,6.1220155
416,22,150,5.4734315
416,23,165,4.38415425
416,24,180,3.72615775
417,1,-165,0
417,2,-150,0.15041175
417,3,-135,0.66420875
417,4,-120,1.6180715
417,5,-105,2.917373
417,6,-90,4.31098775
417,7,-75,5.4962725
417,8,-60,3.3788365
417,9,-45,2.15929025
417,10,-30,1.33174325
417,11,-15,0.8806335
417,12,0,0.74126575
417,13,15,0.87919025
417,14,30,1.332308
417,15,45,2.157094
417,16,60,3.37362825
417,17,75,5.497151
417,18,90,4.3097955
417,19,105,2.917373
417,20,120,1.617946
417,21,135,0.665652
417,22,150,0.150349
417,23,165,6.27E-05
417,24,180,0.05252175
418,1,-165,0.34242675
418,2,-150,0.016817
418,3,-135,0.18605375
418,4,-120,0.710832
418,5,-105,1.29459525
418,6,-90,1.5578315
418,7,-75,1.28744175
418,8,-60,0.77665675
418,9,-45,0.43843425
418,10,-30,0.4448975
418,11,-15,0.63509275
418,12,0,0.59681525
418,13,15,0.23424575
418,14,30,0
418,15,45,0.14614475
418,16,60,0.653353
418,17,75,1.2390615
418,18,90,1.59253225
418,19,105,1.40679225
418,20,120,0.99891725
418,21,135,0.70687875
418,22,150,0.78908125
418,23,165,1.102141
418,24,180,0.91520875
419,1,-165,5.9081635
419,2,-150,5.04616675
419,3,-135,4.68686025
419,4,-120,5.37234125
419,5,-105,6.743366
419,6,-90,7.66083375
419,7,-75,6.8054885
419,8,-60,4.91363875
419,9,-45,2.3469755
419,10,-30,0.91985225
419,11,-15,0.20801625
419,12,0,0
419,13,15,0.2109655
419,14,30,0.921421
419,15,45,2.34766575
419,16,60,4.89318225
419,17,75,6.8057395
419,18,90,7.66070825
419,19,105,6.7439935
419,20,120,5.36882725
419,21,135,4.68598175
419,22,150,5.0457275
419,23,165,5.909042
419,24,180,6.43607925
420,1,-165,10.4424785
420,2,-150,9.9214025
420,3,-135,10.053554
420,4,-120,10.754095
420,5,-105,11.64891
420,6,-90,10.79394125
420,7,-75,8.07724275
420,8,-60,5.12234525
420,9,-45,2.73395475
420,10,-30,1.09404625
420,11,-15,0.19245425
420,12,0,0
420,13,15,0.191513
420,14,30,1.094109
420,15,45,2.72956225
420,16,60,5.12410225
420,17,75,8.05678625
420,18,90,10.7956355
420,19,105,11.64821975
420,20,120,10.754095
420,21,135,10.049538
420,22,150,9.92133975
420,23,165,10.4402195
420,24,180,11.5293085
421,1,-165,0.179716
421,2,-150,0.78744975
421,3,-135,1.68690825
421,4,-120,2.46124325
421,5,-105,3.49348075
421,6,-90,4.504195
421,7,-75,3.442465
421,8,-60,2.35720375
421,9,-45,1.415891
421,10,-30,0.6401755
421,11,-15,0.129265
421,12,0,0.01587575
421,13,15,0.1258765
421,14,30,0.773331
421,15,45,1.4212875
421,16,60,2.362914
421,17,75,3.45043425
421,18,90,4.49384125
421,19,105,3.49912825
421,20,120,2.4619335
421,21,135,1.52488775
421,22,150,0.7970505
421,23,165,0.179214
421,24,180,0
422,1,-165,2.7676515
422,2,-150,0.91558525
422,3,-135,0.21040075
422,4,-120,0.25194125
422,5,-105,0.51611875
422,6,-90,0.5857085
422,7,-75,0.31193025
422,8,-60,0.0071535
422,9,-45,0.3718565
422,10,-30,1.6865945
422,11,-15,3.66039575
422,12,0,5.094798
422,13,15,3.660584
422,14,30,1.688226
422,15,45,0.3721075
422,16,60,0
422,17,75,0.3121185
422,18,90,0.586085
422,19,105,0.51586775
422,20,120,0.25206675
422,21,135,0.21052625
422,22,150,0.91558525
422,23,165,2.76683575
422,24,180,5.8012375
423,1,-165,0.84618375
423,2,-150,0.9243075
423,3,-135,0.8866575
423,4,-120,0.654608
423,5,-105,0.29950575
423,6,-90,0.012801
423,7,-75,0
423,8,-60,0.3698485
423,9,-45,0.93679475
423,10,-30,1.499976
423,11,-15,1.898313
423,12,0,2.0226835
423,13,15,1.89674425
423,14,30,1.5003525
423,15,45,0.93874
423,16,60,0.3690955
423,17,75,0.0003765
423,18,90,0.0136795
423,19,105,0.2998195
423,20,120,0.65542375
423,21,135,0.887034
423,22,150,0.924433
423,23,165,0.84838
423,24,180,0.807969
424,1,-165,2.885998
424,2,-150,1.99250075
424,3,-135,1.11086325
424,4,-120,0.45663175
424,5,-105,0.05252175
424,6,-90,0.0008785
424,7,-75,0.33690475
424,8,-60,0.94645825
424,9,-45,1.8469835
424,10,-30,1.600376
424,11,-15,1.301686
424,12,0,1.201035
424,13,15,1.301937
424,14,30,1.60420375
424,15,45,1.8469835
424,16,60,0.942254
424,17,75,0.3367165
424,18,90,0
424,19,105,0.053212
424,20,120,0.449792
424,21,135,1.1090435
424,22,150,1.9925635
424,23,165,2.888257
424,24,180,3.45068525
425,1,-165,3.45281875
425,2,-150,7.9937225
425,3,-135,4.6872995
425,4,-120,2.89403
425,5,-105,2.104384
425,6,-90,1.460067
425,7,-75,0.72608025
425,8,-60,0.12430775
425,9,-45,0
425,10,-30,0.79560725
425,11,-15,2.75968225
425,12,0,5.74557825
425,13,15,2.7586155
425,14,30,0.79711325
425,15,45,6.28E-05
425,16,60,0.12443325
425,17,75,0.7279
425,18,90,1.46138475
425,19,105,2.104635
425,20,120,2.898548
425,21,135,4.682405
425,22,150,8.001629
425,23,165,3.45520325
425,24,180,6.6049395
426,1,-165,0.187999
426,2,-150,0.77552725
426,3,-135,1.76045125
426,4,-120,3.0324565
426,5,-105,4.29178625
426,6,-90,5.13138125
426,7,-75,5.281542
426,8,-60,4.76718025
426,9,-45,3.990147
426,10,-30,3.33886475
426,11,-15,2.98093875
426,12,0,2.86485125
426,13,15,2.98081325
426,14,30,3.3389275
426,15,45,3.9900215
426,16,60,4.76755675
426,17,75,5.2816675
426,18,90,5.13150675
426,19,105,4.2919745
426,20,120,3.032582
426,21,135,1.76045125
426,22,150,0.77176225
426,23,165,0.1878735
426,24,180,0
427,1,-165,0.31193025
427,2,-150,1.21327125
427,3,-135,2.3708205
427,4,-120,3.758223
427,5,-105,4.70166925
427,6,-90,4.96948625
427,7,-75,4.48191875
427,8,-60,3.45068525
427,9,-45,2.3233815
427,10,-30,1.43515525
427,11,-15,0.93089625
427,12,0,0.7722015
427,13,15,0.93077075
427,14,30,1.43515525
427,15,45,2.322252
427,16,60,3.4518775
427,17,75,4.481856
427,18,90,4.96948625
427,19,105,4.700979
427,20,120,3.76249
427,21,135,2.464067
427,22,150,1.21327125
427,23,165,0.31255775
427,24,180,0
428,1,-165,0.12568825
428,2,-150,0.53532025
428,3,-135,1.26886775
428,4,-120,2.180186
428,5,-105,3.0485205
428,6,-90,3.5864135
428,7,-75,3.5766245
428,8,-60,2.9832605
428,9,-45,2.04859925
428,10,-30,1.0952385
428,11,-15,0.45976925
428,12,0,0.2368185
428,13,15,0.45976925
428,14,30,1.09304225
428,15,45,2.0487875
428,16,60,2.97905625
428,17,75,3.576499
428,18,90,3.58647625
428,19,105,3.04965
428,20,120,2.17811525
428,21,135,1.268805
428,22,150,0.5352575
428,23,165,0.12568825
428,24,180,0
429,1,-165,0.518817
429,2,-150,0.1856145
429,3,-135,0.0061495
429,4,-120,0.3605615
429,5,-105,1.32722525
429,6,-90,2.9707105
429,7,-75,2.2259935
429,8,-60,1.121217
429,9,-45,0.783873
429,10,-30,0.6916305
429,11,-15,0.704808
429,12,0,1.06957375
429,13,15,0.5919835
429,14,30,0.22088
429,15,45,0
429,16,60,0.2993175
429,17,75,1.277088
429,18,90,2.958286
429,19,105,2.26270225
429,20,120,1.127492
429,21,135,0.7955445
429,22,150,0.71315375
429,23,165,0.70029
429,24,180,1.033367
430,1,-165,3.4538855
430,2,-150,1.295411
430,3,-135,2.15778425
430,4,-120,2.8314055
430,5,-105,1.853133
430,6,-90,0.625241
430,7,-75,0
430,8,-60,0.45299225
430,9,-45,1.86536925
430,10,-30,3.74347675
430,11,-15,5.296351
430,12,0,5.92341175
430,13,15,5.29867275
430,14,30,3.74335125
430,15,45,1.865683
430,16,60,0.45349425
430,17,75,0.0006275
430,18,90,0.638795
430,19,105,1.85783925
430,20,120,2.83385275
430,21,135,2.15665475
430,22,150,1.29509725
430,23,165,3.4536345
430,24,180,0.38785775
431,1,-165,0.000502
431,2,-150,0.314754
431,3,-135,0.669417
431,4,-120,0.96917375
431,5,-105,1.77011475
431,6,-90,2.782837
431,7,-75,3.46461575
431,8,-60,3.60216375
431,9,-45,0.65002725
431,10,-30,0.28168475
431,11,-15,1.02389175
431,12,0,0.238701
431,13,15,0.003012
431,14,30,0.28243775
431,15,45,0.650592
431,16,60,0.913138
431,17,75,1.756498
431,18,90,2.8416965
431,19,105,3.487645
431,20,120,3.6037325
431,21,135,0.66922875
431,22,150,0.3148795
431,23,165,0
431,24,180,0.23863825
432,1,-165,1.08689275
432,2,-150,0.930206
432,3,-135,0.75657675
432,4,-120,0.346882
432,5,-105,1.17988825
432,6,-90,0.760781
432,7,-75,0
432,8,-60,0.30741225
432,9,-45,1.02338975
432,10,-30,1.35972975
432,11,-15,1.569503
432,12,0,1.03744575
432,13,15,1.0909715
432,14,30,0.96151825
432,15,45,0.78431225
432,16,60,0.490454
432,17,75,0.2237665
432,18,90,1.16595775
432,19,105,0.06657775
432,20,120,0.16635025
432,21,135,0.96440475
432,22,150,1.30651775
432,23,165,0.80489425
432,24,180,1.0327395
433,1,-165,4.93968
433,2,-150,3.0201575
433,3,-135,1.9935675
433,4,-120,1.5932225
433,5,-105,1.3070825
433,6,-90,1.6434225
433,7,-75,0.4925875
433,8,-60,0.0006275
433,9,-45,0.65511
433,10,-30,2.5106275
433,11,-15,5.335005
433,12,0,8.7906475
433,13,15,5.332495
433,14,30,2.5583175
433,15,45,0.658875
433,16,60,0
433,17,75,0.4938425
433,18,90,1.6434225
433,19,105,1.3083375
433,20,120,1.592595
433,21,135,1.9935675
433,22,150,3.01953
433,23,165,4.920855
433,24,180,7.57267
434,1,-165,2.41254925
434,2,-150,2.80360725
434,3,-135,3.9478535
434,4,-120,5.765219
434,5,-105,8.93578825
434,6,-90,11.0022085
434,7,-75,8.28707875
434,8,-60,5.2726315
434,9,-45,2.84188475
434,10,-30,1.18490825
434,11,-15,0.27904925
434,12,0,0
434,13,15,0.2769785
434,14,30,1.1833395
434,15,45,2.83686475
434,16,60,5.27156475
434,17,75,8.274466
434,18,90,11.00314975
434,19,105,8.937859
434,20,120,5.76867025
434,21,135,3.94678675
434,22,150,2.781331
434,23,165,2.40301125
434,24,180,2.55499175
435,1,-165,3.8301345
435,2,-150,2.7975205
435,3,-135,2.4107295
435,4,-120,2.71801625
435,5,-105,3.371934
435,6,-90,3.7648745
435,7,-75,3.50414825
435,8,-60,2.64303
435,9,-45,1.57019325
435,10,-30,0.65780825
435,11,-15,0.19345825
435,12,0,0
435,13,15,0.19308175
435,14,30,0.6607575
435,15,45,1.60432925
435,16,60,2.64303
435,17,75,3.505215
435,18,90,3.760231
435,19,105,3.3685455
435,20,120,2.72014975
435,21,135,2.41267475
435,22,150,2.79080625
435,23,165,3.83069925
435,24,180,5.1368405
436,1,-165,0.39902725
436,2,-150,0
436,3,-135,0.2521295
436,4,-120,1.0420265
436,5,-105,2.00404675
436,6,-90,2.75817625
436,7,-75,2.0573215
436,8,-60,1.0877085
436,9,-45,0.2589065
436,10,-30,0.0254765
436,11,-15,0.46742475
436,12,0,1.2885085
436,13,15,0.4674875
436,14,30,0.02340575
436,15,45,0.257024
436,16,60,1.08764575
436,17,75,2.0540585
436,18,90,2.7586155
436,19,105,2.00592925
436,20,120,1.0440345
436,21,135,0.2526315
436,22,150,0.0021335
436,23,165,0.39727025
436,24,180,1.2189815
437,1,-165,2.4779975
437,2,-150,0.38459475
437,3,-135,0
437,4,-120,0.5919835
437,5,-105,0.78443775
437,6,-90,0.20412575
437,7,-75,0.04160325
437,8,-60,0.8000625
437,9,-45,2.4044545
437,10,-30,4.4882565
437,11,-15,7.09909575
437,12,0,7.117105
437,13,15,3.79957525
437,14,30,1.936967
437,15,45,1.34404225
437,16,60,1.271566
437,17,75,1.15039575
437,18,90,1.40754525
437,19,105,1.353643
437,20,120,1.477135
437,21,135,2.3060625
437,22,150,3.8908765
437,23,165,6.117623
437,24,180,6.01678375
438,1,-165,1.747211
438,2,-150,0.455314
438,3,-135,0
438,4,-120,0.37367625
438,5,-105,1.25330575
438,6,-90,2.15389375
438,7,-75,2.47580125
438,8,-60,2.5987285
438,9,-45,3.1431475
438,10,-30,4.505701
438,11,-15,6.96023
438,12,0,10.47454375
438,13,15,6.96656775
438,14,30,4.503442
438,15,45,3.14383775
438,16,60,2.59778725
438,17,75,2.4687105
438,18,90,2.150568
438,19,105,1.253243
438,20,120,0.3743665
438,21,135,0.00269825
438,22,150,0.45525125
438,23,165,1.746709
438,24,180,2.69825
439,1,-165,0.65856125
439,2,-150,0.03005725
439,3,-135,0.02139775
439,4,-120,0.604157
439,5,-105,1.349376
439,6,-90,1.755243
439,7,-75,1.387277
439,8,-60,0.590101
439,9,-45,6.27E-05
439,10,-30,0.08264175
439,11,-15,0.7315395
439,12,0,1.1921245
439,13,15,0.73084925
439,14,30,0.08226525
439,15,45,0
439,16,60,0.592109
439,17,75,1.390791
439,18,90,1.754741
439,19,105,1.351886
439,20,120,0.60371775
439,21,135,0.02152325
439,22,150,0.02968075
439,23,165,0.65906325
439,24,180,1.19206175
440,1,-165,0.00558475
440,2,-150,0.22370375
440,3,-135,0.90843175
440,4,-120,1.96827925
440,5,-105,2.9722165
440,6,-90,3.374695
440,7,-75,2.938708
440,8,-60,1.939979
440,9,-45,0.8936855
440,10,-30,0.21692675
440,11,-15,0
440,12,0,0.00985175
440,13,15,0.00809475
440,14,30,0.2167385
440,15,45,0.89374825
440,16,60,1.94066925
440,17,75,2.93877075
440,18,90,3.3748205
440,19,105,2.9722165
440,20,120,1.9682165
440,21,135,0.90843175
440,22,150,0.2217585
440,23,165,0.0056475
440,24,180,0.009287
441,1,-165,2.7741775
441,2,-150,2.2094275
441,3,-135,1.67398175
441,4,-120,1.180704
441,5,-105,0.72156225
441,6,-90,0.2679425
441,7,-75,0
441,8,-60,0.21542075
441,9,-45,0.72068375
441,10,-30,0.98975575
441,11,-15,1.241948
441,12,0,1.30338025
441,13,15,1.2297745
441,14,30,0.957565
441,15,45,0.69947425
441,16,60,0.21316175
441,17,75,6.27E-05
441,18,90,0.26737775
441,19,105,0.73386125
441,20,120,1.15629425
441,21,135,1.667644
441,22,150,2.20873725
441,23,165,2.76332175
441,24,180,3.13756275
442,1,-165,1.63470025
442,2,-150,0.92085625
442,3,-135,0.2724605
442,4,-120,0
442,5,-105,0.1748215
442,6,-90,0.7518705
442,7,-75,1.48347275
442,8,-60,2.007247
442,9,-45,1.97907225
442,10,-30,1.361675
442,11,-15,0.63358675
442,12,0,0.32372725
442,13,15,0.6336495
442,14,30,1.361675
442,15,45,1.97907225
442,16,60,2.00718425
442,17,75,1.48347275
442,18,90,0.75193325
442,19,105,0.17488425
442,20,120,6.27E-05
442,21,135,0.272837
442,22,150,0.92085625
442,23,165,1.63470025
442,24,180,1.97580925
443,1,-165,0.33226125
443,2,-150,1.26397325
443,3,-135,2.54030825
443,4,-120,3.82705975
443,5,-105,4.77081975
443,6,-90,5.09348025
443,7,-75,4.66358
443,8,-60,3.61483925
443,9,-45,2.30775675
443,10,-30,1.111428
443,11,-15,0.285638
443,12,0,0
443,13,15,0.2857635
443,14,30,1.10998475
443,15,45,2.3065645
443,16,60,3.615153
443,17,75,4.6519085
443,18,90,5.09360575
443,19,105,4.76015225
443,20,120,3.82693425
443,21,135,2.54030825
443,22,150,1.26497725
443,23,165,0.33376725
443,24,180,0.00658875
444,1,-165,0.96277325
444,2,-150,3.36785525
444,3,-135,4.0570385
444,4,-120,2.860396
444,5,-105,1.577033
444,6,-90,0.489701
444,7,-75,0
444,8,-60,0.25043525
444,9,-45,1.3191305
444,10,-30,2.89133175
444,11,-15,4.35227725
444,12,0,5.210007
444,13,15,4.3534695
444,14,30,2.89308875
444,15,45,1.3186285
444,16,60,0.25156475
444,17,75,0.00081575
444,18,90,0.49089325
444,19,105,1.57847625
444,20,120,2.85255225
444,21,135,2.587559
444,22,150,1.7142045
444,23,165,0.96289875
444,24,180,0.70298825
445,1,-165,0.5114125
445,2,-150,1.937971
445,3,-135,4.01041525
445,4,-120,5.8483
445,5,-105,7.4091435
445,6,-90,8.47269325
445,7,-75,8.591981
445,8,-60,7.886922
445,9,-45,7.70137025
445,10,-30,6.34182875
445,11,-15,5.37020775
445,12,0,5.0319225
445,13,15,5.369141
445,14,30,6.34157775
445,15,45,7.74586
445,16,60,7.8852905
445,17,75,8.59329875
445,18,90,8.47281875
445,19,105,7.40983375
445,20,120,5.84786075
445,21,135,4.01028975
445,22,150,1.93778275
445,23,165,0.51147525
445,24,180,0
446,1,-165,0.480414
446,2,-150,0.52101325
446,3,-135,0.63308475
446,4,-120,1.00356075
446,5,-105,1.949015
446,6,-90,3.08974725
446,7,-75,1.460318
446,8,-60,0.428457
446,9,-45,0
446,10,-30,0.10008625
446,11,-15,0.2910345
446,12,0,0.85647475
446,13,15,0.49126975
446,14,30,0.47941
446,15,45,0.618464
446,16,60,0.98310425
446,17,75,1.9775035
446,18,90,3.19730075
446,19,105,1.410871
446,20,120,0.4220565
446,21,135,0.011295
446,22,150,0.08389675
446,23,165,0.256271
446,24,180,0.8033255
447,1,-165,0.01060475
447,2,-150,0.27804525
447,3,-135,1.053698
447,4,-120,2.3048075
447,5,-105,3.65449725
447,6,-90,4.32956175
447,7,-75,3.68963725
447,8,-60,2.362914
447,9,-45,1.08802225
447,10,-30,0.28959125
447,11,-15,0.033132
447,12,0,0.0279865
447,13,15,0.033885
447,14,30,0.289403
447,15,45,1.08676725
447,16,60,2.373456
447,17,75,3.68963725
447,18,90,4.33031475
447,19,105,3.6551875
447,20,120,2.3048075
447,21,135,1.0545765
447,22,150,0.27904925
447,23,165,0.01060475
447,24,180,0
448,1,-165,1.692995
448,2,-150,1.07145625
448,3,-135,0.5924855
448,4,-120,0.262044
448,5,-105,0.06532275
448,6,-90,0
448,7,-75,0.042419
448,8,-60,0.286893
448,9,-45,0.91182025
448,10,-30,1.8279075
448,11,-15,2.81465125
448,12,0,3.41366275
448,13,15,2.80473675
448,14,30,1.82470725
448,15,45,0.90818075
448,16,60,0.2920385
448,17,75,0.04386225
448,18,90,0.00056475
448,19,105,0.0683975
448,20,120,0.26104
448,21,135,0.5927365
448,22,150,1.072774
448,23,165,1.68992025
448,24,180,2.32520125
449,1,-165,0.90090175
449,2,-150,0.07209975
449,3,-135,0
449,4,-120,0.5520745
449,5,-105,1.3025645
449,6,-90,1.66883625
449,7,-75,1.311224
449,8,-60,0.5796845
449,9,-45,0.01255
449,10,-30,0.04963525
449,11,-15,0.842105
449,12,0,1.6896065
449,13,15,0.84216775
449,14,30,0.04963525
449,15,45,0.01286375
449,16,60,0.57974725
449,17,75,1.31216525
449,18,90,1.6692755
449,19,105,1.304447
449,20,120,0.55263925
449,21,135,0
449,22,150,0.0719115
449,23,165,0.90090175
449,24,180,1.689732
450,1,-165,2.17209125
450,2,-150,0.570774
450,3,-135,0
450,4,-120,0.364452
450,5,-105,1.059471
450,6,-90,1.38294725
450,7,-75,1.0252095
450,8,-60,0.31218125
450,9,-45,0.002008
450,10,-30,0.67951975
450,11,-15,2.2930105
450,12,0,3.6270755
450,13,15,2.2930105
450,14,30,0.67951975
450,15,45,0.00207075
450,16,60,0.31218125
450,17,75,1.02527225
450,18,90,1.382759
450,19,105,1.05953375
450,20,120,0.3635735
450,21,135,0
450,22,150,0.570774
450,23,165,2.17711125
450,24,180,3.6265735
451,1,-165,4.28312675
451,2,-150,1.85758825
451,3,-135,0.89688575
451,4,-120,0.14200325
451,5,-105,0.004016
451,6,-90,0.6251155
451,7,-75,0
451,8,-60,0.14815275
451,9,-45,0.888791
451,10,-30,1.9694715
451,11,-15,4.3115525
451,12,0,4.4859975
451,13,15,4.31174075
451,14,30,1.9621925
451,15,45,0.88885375
451,16,60,0.14802725
451,17,75,6.27E-05
451,18,90,0.6379165
451,19,105,0.0041415
451,20,120,0.1419405
451,21,135,0.89387375
451,22,150,1.85796475
451,23,165,4.288335
451,24,180,4.4859975
452,1,-165,0.4481605
452,2,-150,0.00018825
452,3,-135,0.03884225
452,4,-120,0.59857225
452,5,-105,1.38796725
452,6,-90,1.80487825
452,7,-75,1.37516625
452,8,-60,0.599137
452,9,-45,0.041917
452,10,-30,0
452,11,-15,0.44257575
452,12,0,0.784626
452,13,15,0.44257575
452,14,30,0
452,15,45,0.041917
452,16,60,0.599137
452,17,75,1.37529175
452,18,90,1.8083295
452,19,105,1.386524
452,20,120,0.598635
452,21,135,0.03896775
452,22,150,0.00018825
452,23,165,0.44809775
452,24,180,0.78443775
453,1,-165,0.82635475
453,2,-150,1.5503015
453,3,-135,2.43087225
453,4,-120,2.45296025
453,5,-105,1.64072425
453,6,-90,0.5222055
453,7,-75,0
453,8,-60,0.459832
453,9,-45,1.81717725
453,10,-30,3.67206725
453,11,-15,5.29817075
453,12,0,6.12182725
453,13,15,5.297857
453,14,30,3.6720045
453,15,45,1.81843225
453,16,60,0.45964375
453,17,75,0
453,18,90,0.503757
453,19,105,1.64310875
453,20,120,2.4533995
453,21,135,2.430935
453,22,150,1.5530625
453,23,165,0.826543
453,24,180,0.7009175
454,1,-165,0.1241195
454,2,-150,0.2712055
454,3,-135,1.401584
454,4,-120,4.7186745
454,5,-105,4.497418
454,6,-90,3.5728595
454,7,-75,2.0907045
454,8,-60,0.81029075
454,9,-45,0.2064475
454,10,-30,0.11100475
454,11,-15,0.080571
454,12,0,0.13208875
454,13,15,0.231924
454,14,30,0.119225
454,15,45,0.4710015
454,16,60,1.62397
454,17,75,7.3935815
454,18,90,5.9021395
454,19,105,3.739649
454,20,120,1.78291575
454,21,135,0.4935915
454,22,150,0
454,23,165,0.102157
454,24,180,0.342364
455,1,-165,13.840642
455,2,-150,7.429098
455,3,-135,3.072491
455,4,-120,0.80715325
455,5,-105,0.007781
455,6,-90,0.00395325
455,7,-75,0.4890735
455,8,-60,1.689481
455,9,-45,4.31061125
455,10,-30,8.74716175
455,11,-15,13.76189075
455,12,0,16.88295025
455,13,15,11.72728475
455,14,30,6.65005675
455,15,45,2.828017
455,16,60,0.7305355
455,17,75,0
455,18,90,0.01248725
455,19,105,0.54448175
455,20,120,1.90490175
455,21,135,4.88615425
455,22,150,10.20923675
455,23,165,16.77790675
455,24,180,19.22452925
456,1,-165,0.30414925
456,2,-150,1.156357
456,3,-135,2.513263
456,4,-120,4.20908175
456,5,-105,5.957736
456,6,-90,7.10662575
456,7,-75,7.3328395
456,8,-60,6.80642975
456,9,-45,6.5768275
456,10,-30,7.094515
456,11,-15,8.06494375
456,12,0,8.688616
456,13,15,8.06833225
456,14,30,7.0883655
456,15,45,6.5778315
456,16,60,6.8029785
456,17,75,7.335475
456,18,90,7.11177125
456,19,105,5.95779875
456,20,120,4.19879075
456,21,135,2.51771825
456,22,150,1.156357
456,23,165,0.302455
456,24,180,0
457,1,-165,5.25424575
457,2,-150,5.8790475
457,3,-135,6.5800905
457,4,-120,4.17733025
457,5,-105,2.462812
457,6,-90,0.855157
457,7,-75,0
457,8,-60,0.512793
457,9,-45,2.409349
457,10,-30,6.1471155
457,11,-15,6.2525355
457,12,0,6.4159365
457,13,15,6.2575555
457,14,30,6.14868425
457,15,45,2.409851
457,16,60,0.51222825
457,17,75,0
457,18,90,0.8555335
457,19,105,2.473856
457,20,120,4.173879
457,21,135,6.58128275
457,22,150,5.88889925
457,23,165,5.27106275
457,24,180,5.17417675
458,1,-165,2.0384965
458,2,-150,0.4885715
458,3,-135,0.001757
458,4,-120,0.36213025
458,5,-105,1.061228
458,6,-90,1.43164125
458,7,-75,1.09806225
458,8,-60,0.3716055
458,9,-45,0
458,10,-30,0.615452
458,11,-15,2.30210925
458,12,0,4.424377
458,13,15,2.30198375
458,14,30,0.615703
458,15,45,0.00056475
458,16,60,0.37154275
458,17,75,1.097121
458,18,90,1.43126475
458,19,105,1.06116525
458,20,120,0.36213025
458,21,135,0.001757
458,22,150,0.488446
458,23,165,2.03868475
458,24,180,4.3087915
459,1,-165,0.5212015
459,2,-150,0.757016
459,3,-135,1.144058
459,4,-120,1.1881085
459,5,-105,0.89487775
459,6,-90,0.423688
459,7,-75,0
459,8,-60,0.01035375
459,9,-45,0.6720525
459,10,-30,1.78366875
459,11,-15,2.874452
459,12,0,3.38831175
459,13,15,2.87175375
459,14,30,1.7852375
459,15,45,0.66998175
459,16,60,0.00859675
459,17,75,0.00043925
459,18,90,0.423688
459,19,105,0.89713675
459,20,120,1.18716725
459,21,135,1.1481995
459,22,150,0.76009075
459,23,165,0.52000925
459,24,180,0.809224
460,1,-165,0.7021725
460,2,-150,0.794666
460,3,-135,1.19519925
460,4,-120,1.76170625
460,5,-105,2.1125415
460,6,-90,1.9775035
460,7,-75,1.40666675
460,8,-60,0.66515
460,9,-45,0.146835
460,10,-30,0
460,11,-15,0.10196875
460,12,0,0.18825
460,13,15,0.1020315
460,14,30,0.00043925
460,15,45,0.146333
460,16,60,0.664648
460,17,75,1.4007055
460,18,90,1.9775035
460,19,105,2.112918
460,20,120,1.7601375
460,21,135,1.195262
460,22,150,0.79497975
460,23,165,0.702047
460,24,180,0.730159
461,1,-165,1.1268645
461,2,-150,0.19044625
461,3,-135,0.003765
461,4,-120,0.325296
461,5,-105,0.691756
461,6,-90,0.998227
461,7,-75,0.653353
461,8,-60,0.29812525
461,9,-45,0.00018825
461,10,-30,0.269825
461,11,-15,1.259518
461,12,0,2.5967205
461,13,15,1.25769825
461,14,30,0.27089175
461,15,45,0
461,16,60,0.29812525
461,17,75,0.6544825
461,18,90,1.007263
461,19,105,0.6825945
461,20,120,0.3276805
461,21,135,0.00207075
461,22,150,0.198541
461,23,165,1.13621425
461,24,180,2.52010275
462,1,-165,0.02930425
462,2,-150,0.276853
462,3,-135,0.9253115
462,4,-120,1.9157575
462,5,-105,2.89622625
462,6,-90,3.30134025
462,7,-75,2.91379625
462,8,-60,1.967338
462,9,-45,0.9760135
462,10,-30,0.301451
462,11,-15,0.03796375
462,12,0,0.003514
462,13,15,0.03796375
462,14,30,0.298941
462,15,45,0.978649
462,16,60,1.9722325
462,17,75,2.9139845
462,18,90,3.30134025
462,19,105,2.89584975
462,20,120,1.91807925
462,21,135,0.92600175
462,22,150,0.278359
462,23,165,0.02930425
462,24,180,0
463,1,-165,4.127695
463,2,-150,1.47086
463,3,-135,0.1780845
463,4,-120,0.00043925
463,5,-105,0.3357125
463,6,-90,0.56180075
463,7,-75,0.35748675
463,8,-60,0.0186995
463,9,-45,0.12681775
463,10,-30,1.308965
463,11,-15,3.8268715
463,12,0,6.811889
463,13,15,3.8268715
463,14,30,1.308965
463,15,45,0.1246215
463,16,60,0.018574
463,17,75,0.35723575
463,18,90,0.56180075
463,19,105,0.33590075
463,20,120,0
463,21,135,0.17852375
463,22,150,1.47086
463,23,165,4.12838525
463,24,180,6.81170075
464,1,-165,0.31544425
464,2,-150,1.265291
464,3,-135,2.84226125
464,4,-120,4.921859
464,5,-105,7.2131125
464,6,-90,8.8933065
464,7,-75,7.23338075
464,8,-60,4.8931195
464,9,-45,2.77813075
464,10,-30,1.21565575
464,11,-15,0.2993175
464,12,0,0.000753
464,13,15,0.2993175
464,14,30,1.21565575
464,15,45,2.7781935
464,16,60,4.89293125
464,17,75,7.23802425
464,18,90,8.896444
464,19,105,7.21405375
464,20,120,4.921859
464,21,135,2.8427005
464,22,150,1.26485175
464,23,165,0.315507
464,24,180,0
465,1,-165,1.429947
465,2,-150,1.582053
465,3,-135,1.48341
465,4,-120,1.69230475
465,5,-105,0.7458465
465,6,-90,0.1238685
465,7,-75,0
465,8,-60,0.04185425
465,9,-45,1.335571
465,10,-30,2.57024
465,11,-15,3.999183
465,12,0,5.012972
465,13,15,3.99843
465,14,30,2.573001
465,15,45,1.301184
465,16,60,0.04436425
465,17,75,0.0041415
465,18,90,0.1278845
465,19,105,0.744968
465,20,120,1.692493
465,21,135,1.476884
465,22,150,1.5836845
465,23,165,1.427688
465,24,180,1.06317325
466,1,-165,1.3482465
466,2,-150,1.584814
466,3,-135,1.7571255
466,4,-120,1.8753465
466,5,-105,1.25631775
466,6,-90,1.057212
466,7,-75,0.44885075
466,8,-60,0.0681465
466,9,-45,1.0051295
466,10,-30,2.37289125
466,11,-15,3.53916275
466,12,0,3.9189885
466,13,15,3.47992675
466,14,30,2.5819115
466,15,45,1.01372625
466,16,60,0.97130725
466,17,75,0.83313175
466,18,90,0.25696125
466,19,105,1.26472625
466,20,120,1.87641325
466,21,135,1.75681175
466,22,150,1.58412375
466,23,165,1.35470975
466,24,180,0
467,1,-165,0
467,2,-150,0.321029
467,3,-135,0.63270825
467,4,-120,1.186979
467,5,-105,1.90439975
467,6,-90,1.42135025
467,7,-75,0.80589825
467,8,-60,0.07661775
467,9,-45,0.29875275
467,10,-30,1.5292175
467,11,-15,2.8828605
467,12,0,3.7452965
467,13,15,2.88304875
467,14,30,1.52827625
467,15,45,0.29900375
467,16,60,0.075049
467,17,75,0.806714
467,18,90,1.43151575
467,19,105,1.90414875
467,20,120,1.186477
467,21,135,0.63295925
467,22,150,0.32109175
467,23,165,6.27E-05
467,24,180,0.026104
468,1,-165,0.199294
468,2,-150,0
468,3,-135,0.27340175
468,4,-120,0.97507225
468,5,-105,1.73535125
468,6,-90,2.06729875
468,7,-75,1.735163
468,8,-60,0.9830415
468,9,-45,0.27315075
468,10,-30,0.00031375
468,11,-15,0.19571725
468,12,0,0.4074985
468,13,15,0.195529
468,14,30,0.00031375
468,15,45,0.2732135
468,16,60,0.9837945
468,17,75,1.73723375
468,18,90,2.0673615
468,19,105,1.73535125
468,20,120,0.97507225
468,21,135,0.2659345
468,22,150,0
468,23,165,0.199294
468,24,180,0.404361
469,1,-165,0.01123225
469,2,-150,0.202306
469,3,-135,0.823531
469,4,-120,1.8053175
469,5,-105,2.791622
469,6,-90,3.25766625
469,7,-75,2.78315075
469,8,-60,1.80469
469,9,-45,0.81342825
469,10,-30,0.19722325
469,11,-15,0.0111695
469,12,0,0.0001255
469,13,15,0.0111695
469,14,30,0.197537
469,15,45,0.8153735
469,16,60,1.80387425
469,17,75,2.78315075
469,18,90,3.25766625
469,19,105,2.791622
469,20,120,1.80525475
469,21,135,0.82321725
469,22,150,0.20236875
469,23,165,0.011295
469,24,180,0
470,1,-165,0.03746175
470,2,-150,0.0867205
470,3,-135,0.17500975
470,4,-120,0.19860375
470,5,-105,0.0909875
470,6,-90,0
470,7,-75,0.18417125
470,8,-60,0.644066
470,9,-45,1.368703
470,10,-30,2.288367
470,11,-15,3.0618235
470,12,0,3.39170025
470,13,15,3.06201175
470,14,30,2.28805325
470,15,45,1.36813825
470,16,60,0.644568
470,17,75,0.18655575
470,18,90,0.004016
470,19,105,0.090611
470,20,120,0.20073725
470,21,135,0.177708
470,22,150,0.08828925
470,23,165,0.03765
470,24,180,0.03131225
471,1,-165,0.2761
471,2,-150,0.74189325
471,3,-135,1.43013525
471,4,-120,0.83463775
471,5,-105,2.0964775
471,6,-90,3.02084775
471,7,-75,2.1293585
471,8,-60,0.7553845
471,9,-45,1.52551525
471,10,-30,0.68441425
471,11,-15,0.2850105
471,12,0,0
471,13,15,0.28532425
471,14,30,0.76084375
471,15,45,1.52250325
471,16,60,0.80677675
471,17,75,2.13506875
471,18,90,3.0199065
471,19,105,2.0954735
471,20,120,0.8447405
471,21,135,1.454545
471,22,150,0.56995825
471,23,165,0.2817475
471,24,180,0.013052
472,1,-165,0.0402855
472,2,-150,0.2230135
472,3,-135,0.84794075
472,4,-120,1.84579125
472,5,-105,2.8015365
472,6,-90,3.197991
472,7,-75,2.80900375
472,8,-60,1.870452
472,9,-45,0.9110045
472,10,-30,0.3507725
472,11,-15,0.21404025
472,12,0,0.215358
472,13,15,0.1682955
472,14,30,0.28218675
472,15,45,0.8269195
472,16,60,1.77613875
472,17,75,2.69279075
472,18,90,3.0826565
472,19,105,2.67145575
472,20,120,1.72939
472,21,135,0.74101475
472,22,150,0.14049725
472,23,165,0
472,24,180,0.04072475
473,1,-165,0.780861
473,2,-150,0.61978175
473,3,-135,0.52565675
473,4,-120,0.446278
473,5,-105,0.2659345
473,6,-90,0.02302925
473,7,-75,0
473,8,-60,0.57999825
473,9,-45,1.9127455
473,10,-30,3.762239
473,11,-15,5.52043125
473,12,0,6.2871735
473,13,15,5.41827425
473,14,30,3.7463005
473,15,45,1.9827745
473,16,60,0.74641125
473,17,75,0.22445675
473,18,90,0.262546
473,19,105,0.50068225
473,20,120,0.6647735
473,21,135,0.701796
473,22,150,0.7506155
473,23,165,0.8525215
473,24,180,0.8861555
474,1,-165,0.12418225
474,2,-150,0.488195
474,3,-135,1.08049225
474,4,-120,1.745956
474,5,-105,2.229633
474,6,-90,2.29985025
474,7,-75,1.86311025
474,8,-60,1.21302025
474,9,-45,0.7548825
474,10,-30,0.7167305
474,11,-15,0.95285875
474,12,0,1.39863475
474,13,15,0.95260775
474,14,30,0.711334
474,15,45,0.75419225
474,16,60,1.2152165
474,17,75,1.86373775
474,18,90,2.30148175
474,19,105,2.2292565
474,20,120,1.74689725
474,21,135,1.081057
474,22,150,0.48813225
474,23,165,0.12255075
474,24,180,0
475,1,-165,0.587089
475,2,-150,2.19505775
475,3,-135,4.3579875
475,4,-120,6.26125775
475,5,-105,7.6154655
475,6,-90,8.127631
475,7,-75,7.5253565
475,8,-60,6.06296775
475,9,-45,4.14545325
475,10,-30,2.06039625
475,11,-15,0.55012925
475,12,0,0.00031375
475,13,15,0.550694
475,14,30,2.06127475
475,15,45,4.14419825
475,16,60,6.06472475
475,17,75,7.5253565
475,18,90,8.12769375
475,19,105,7.6152145
475,20,120,6.2613205
475,21,135,4.365894
475,22,150,2.1963755
475,23,165,0.58702625
475,24,180,0
476,1,-165,1.50631375
476,2,-150,0.36012225
476,3,-135,0.16315
476,4,-120,0.6143225
476,5,-105,1.09053225
476,6,-90,1.1489525
476,7,-75,0.63848125
476,8,-60,0.00759275
476,9,-45,0
476,10,-30,0.88784975
476,11,-15,2.418636
476,12,0,3.44315525
476,13,15,2.418636
476,14,30,0.88784975
476,15,45,0
476,16,60,0.007279
476,17,75,0.63848125
476,18,90,1.1489525
476,19,105,1.090595
476,20,120,0.60911425
476,21,135,0.16208325
476,22,150,0.3603105
476,23,165,1.50606275
476,24,180,3.5688435
477,1,-165,0.29611725
477,2,-150,0.0031375
477,3,-135,0.3143775
477,4,-120,1.1707895
477,5,-105,2.0199225
477,6,-90,2.3401985
477,7,-75,1.95849025
477,8,-60,1.12793125
477,9,-45,0.31582075
477,10,-30,0
477,11,-15,0.28268875
477,12,0,0.58734
477,13,15,0.28243775
477,14,30,0.0001255
477,15,45,0.315758
477,16,60,1.1316335
477,17,75,1.9591805
477,18,90,2.34038675
477,19,105,2.02011075
477,20,120,1.1712915
477,21,135,0.314503
477,22,150,0.00320025
477,23,165,0.295929
477,24,180,0.5877165
478,1,-165,1.42875475
478,2,-150,0.16133025
478,3,-135,0
478,4,-120,0.60371775
478,5,-105,1.38545725
478,6,-90,1.840834
478,7,-75,1.40503525
478,8,-60,0.64249725
478,9,-45,0.00972625
478,10,-30,0.15932225
478,11,-15,1.46502425
478,12,0,3.6190435
478,13,15,1.4632045
478,14,30,0.1605145
478,15,45,0.00796925
478,16,60,0.64262275
478,17,75,1.40616475
478,18,90,1.84102225
478,19,105,1.385269
478,20,120,0.6020235
478,21,135,0.000502
478,22,150,0.161142
478,23,165,1.42498975
478,24,180,3.527554
479,1,-165,0.02290375
479,2,-150,0.374492
479,3,-135,0.8623105
479,4,-120,1.31906775
479,5,-105,1.53856725
479,6,-90,1.5781625
479,7,-75,1.60081525
479,8,-60,2.0264485
479,9,-45,3.092822
479,10,-30,4.63590725
479,11,-15,6.15357875
479,12,0,6.89101675
479,13,15,6.1511315
479,14,30,4.63289525
479,15,45,3.09413975
479,16,60,2.02688775
479,17,75,1.60056425
479,18,90,1.57697025
479,19,105,1.54245775
479,20,120,1.320762
479,21,135,0.8620595
479,22,150,0.37217025
479,23,165,0.0232175
479,24,180,0
480,1,-165,0.2428425
480,2,-150,1.44318725
480,3,-135,3.60630525
480,4,-120,13.809267
480,5,-105,12.571335
480,6,-90,10.6952355
480,7,-75,8.4209245
480,8,-60,6.30041375
480,9,-45,4.62762425
480,10,-30,3.4453515
480,11,-15,2.87087525
480,12,0,2.80712125
480,13,15,2.912855
480,14,30,3.759478
480,15,45,4.833507
480,16,60,6.86528925
480,17,75,8.9271915
480,18,90,11.158205
480,19,105,12.91664825
480,20,120,14.0132045
480,21,135,5.4222275
480,22,150,4.64230775
480,23,165,2.7483245
480,24,180,0
481,1,-165,2.55147775
481,2,-150,2.05763525
481,3,-135,1.4250525
481,4,-120,0.6557375
481,5,-105,0.13861475
481,6,-90,6.27E-05
481,7,-75,0.18818725
481,8,-60,0.76536175
481,9,-45,1.545407
481,10,-30,2.16468675
481,11,-15,2.58950425
481,12,0,2.7320095
481,13,15,2.5896925
481,14,30,2.1647495
481,15,45,1.54534425
481,16,60,0.768813
481,17,75,0.18825
481,18,90,0
481,19,105,0.1386775
481,20,120,0.655863
481,21,135,1.42498975
481,22,150,2.05750975
481,23,165,2.55147775
481,24,180,2.73320175
482,1,-165,5.76088925
482,2,-150,0.94482675
482,3,-135,0.58777925
482,4,-120,0.00345125
482,5,-105,0.25520425
482,6,-90,0.48624975
482,7,-75,0.29661925
482,8,-60,0.00081575
482,9,-45,0.528104
482,10,-30,2.4742325
482,11,-15,5.6672035
482,12,0,7.79606
482,13,15,5.69286825
482,14,30,2.47605225
482,15,45,0.53757925
482,16,60,0
482,17,75,0.299694
482,18,90,0.48599875
482,19,105,0.2604125
482,20,120,0.00508275
482,21,135,0.588344
482,22,150,2.52700525
482,23,165,5.761705
482,24,180,7.872113
483,1,-165,0
483,2,-150,0.408126
483,3,-135,1.21778925
483,4,-120,2.177676
483,5,-105,2.97704825
483,6,-90,3.28853925
483,7,-75,3.02285575
483,8,-60,2.36937725
483,9,-45,1.7214835
483,10,-30,1.337328
483,11,-15,1.22142875
483,12,0,1.1795745
483,13,15,1.12448
483,14,30,1.237681
483,15,45,1.653588
483,16,60,2.311961
483,17,75,2.95270125
483,18,90,3.24624575
483,19,105,3.06050575
483,20,120,2.48998275
483,21,135,1.76873425
483,22,150,1.0653695
483,23,165,0.47018575
483,24,180,0.05653775
484,1,-165,0.1753235
484,2,-150,0.845619
484,3,-135,2.1406535
484,4,-120,3.8680355
484,5,-105,5.44563325
484,6,-90,6.12082325
484,7,-75,5.45341425
484,8,-60,3.88046
484,9,-45,2.13205675
484,10,-30,0.8349515
484,11,-15,0.17450775
484,12,0,0
484,13,15,0.17450775
484,14,30,0.8354535
484,15,45,2.13092725
484,16,60,3.880962
484,17,75,5.454481
484,18,90,6.120635
484,19,105,5.44362525
484,20,120,3.86910225
484,21,135,2.1406535
484,22,150,0.845619
484,23,165,0.17300175
484,24,180,0.001506
485,1,-165,4.7525595
485,2,-150,3.870169
485,3,-135,3.721326
485,4,-120,4.02058075
485,5,-105,4.10341075
485,6,-90,3.47791875
485,7,-75,2.10971775
485,8,-60,0.7388185
485,9,-45,0.0018825
485,10,-30,0.15568275
485,11,-15,1.05752575
485,12,0,2.36699275
485,13,15,1.06279675
485,14,30,0.14809
485,15,45,0
485,16,60,0.7373125
485,17,75,2.10971775
485,18,90,3.4764755
485,19,105,4.1037245
485,20,120,4.01982775
485,21,135,3.7206985
485,22,150,3.8700435
485,23,165,4.758207
485,24,180,6.1636815
486,1,-165,14.343897
486,2,-150,13.13037475
486,3,-135,12.75977325
486,4,-120,12.7441485
486,5,-105,12.715158
486,6,-90,11.99096025
486,7,-75,10.312586
486,8,-60,7.787275
486,9,-45,4.9051675
486,10,-30,2.3246365
486,11,-15,0.60070575
486,12,0,0
486,13,15,0.5987605
486,14,30,2.32633075
486,15,45,4.906046
486,16,60,7.788781
486,17,75,10.28805075
486,18,90,11.989517
486,19,105,12.71233425
486,20,120,12.74094825
486,21,135,12.7572005
486,22,150,13.13301025
486,23,165,14.34395975
486,24,180,16.2395745
487,1,-165,1.573268
487,2,-150,1.4170205
487,3,-135,1.65339975
487,4,-120,1.9478855
487,5,-105,2.17359725
487,6,-90,2.69072
487,7,-75,1.54797975
487,8,-60,0.36501675
487,9,-45,0
487,10,-30,3.84739075
487,11,-15,3.3989165
487,12,0,2.60732525
487,13,15,1.50392925
487,14,30,0.52226825
487,15,45,0.008534
487,16,60,0.36313425
487,17,75,1.5400105
487,18,90,5.23529525
487,19,105,2.168891
487,20,120,1.94769725
487,21,135,1.6564745
487,22,150,2.61083925
487,23,165,3.169879
487,24,180,2.248709
488,1,-165,1.607906
488,2,-150,3.30259525
488,3,-135,4.3612505
488,4,-120,1.31931875
488,5,-105,0.82271525
488,6,-90,1.02665275
488,7,-75,1.82407975
488,8,-60,3.15186975
488,9,-45,1.80738825
488,10,-30,1.0189345
488,11,-15,0.82334275
488,12,0,1.2852455
488,13,15,4.39055475
488,14,30,3.53602525
488,15,45,1.7621455
488,16,60,0.34418375
488,17,75,0.0036395
488,18,90,0.77879025
488,19,105,2.24161825
488,20,120,3.961533
488,21,135,2.38042125
488,22,150,0.81493425
488,23,165,0
488,24,180,0.32272325
489,1,-165,0.0849635
489,2,-150,0.47188
489,3,-135,1.296415
489,4,-120,2.45509375
489,5,-105,3.53439375
489,6,-90,4.0025715
489,7,-75,3.53062875
489,8,-60,2.42535025
489,9,-45,1.2551255
489,10,-30,0.43768125
489,11,-15,0.0781865
489,12,0,0.001506
489,13,15,0.07812375
489,14,30,0.43755575
489,15,45,1.2551255
489,16,60,2.424911
489,17,75,3.53075425
489,18,90,4.00250875
489,19,105,3.5522775
489,20,120,2.45509375
489,21,135,1.29986625
489,22,150,0.47188
489,23,165,0.08515175
489,24,180,0
490,1,-165,0.21837
490,2,-150,0.9105025
490,3,-135,2.05713325
490,4,-120,3.517765
490,5,-105,4.810164
490,6,-90,5.327224
490,7,-75,4.83218925
490,8,-60,3.59526125
490,9,-45,2.151823
490,10,-30,0.9649695
490,11,-15,0.23537525
490,12,0,0.00169425
490,13,15,0.2353125
490,14,30,0.9649695
490,15,45,2.15188575
490,16,60,3.59513575
490,17,75,4.832252
490,18,90,5.3270985
490,19,105,4.80997575
490,20,120,3.517514
490,21,135,2.05713325
490,22,150,0.91069075
490,23,165,0.21837
490,24,180,0
491,1,-165,0.08577925
491,2,-150,0.67519
491,3,-135,1.635265
491,4,-120,2.691222
491,5,-105,3.497183
491,6,-90,3.7646235
491,7,-75,3.447987
491,8,-60,2.75303075
491,9,-45,2.09114375
491,10,-30,1.7031605
491,11,-15,1.56856175
491,12,0,1.49225775
491,13,15,1.434214
491,14,30,1.54333625
491,15,45,1.9687185
491,16,60,2.64472425
491,17,75,3.33309175
491,18,90,3.6544345
491,19,105,3.460286
491,20,120,2.81377275
491,21,135,1.956043
491,22,150,1.08111975
491,23,165,0.37179375
491,24,180,0
492,1,-165,0.39927825
492,2,-150,0.9228015
492,3,-135,1.57295425
492,4,-120,2.538112
492,5,-105,3.65838775
492,6,-90,4.26518025
492,7,-75,3.99221775
492,8,-60,2.98884525
492,9,-45,1.66356525
492,10,-30,0.547682
492,11,-15,0
492,12,0,0.0091615
492,13,15,0.40944375
492,14,30,0.93541425
492,15,45,1.576531
492,16,60,2.553423
492,17,75,3.71982
492,18,90,4.27358875
492,19,105,3.93298175
492,20,120,2.902313
492,21,135,1.60018775
492,22,150,0.50570225
492,23,165,0.0011295
492,24,180,0.006526
493,1,-165,0.96151825
493,2,-150,1.89749725
493,3,-135,3.40148925
493,4,-120,2.82042425
493,5,-105,1.67837425
493,6,-90,0.592109
493,7,-75,0.0254765
493,8,-60,0
493,9,-45,0.79485425
493,10,-30,2.2320175
493,11,-15,3.664851
493,12,0,4.601834
493,13,15,3.671377
493,14,30,2.22818975
493,15,45,0.7348025
493,16,60,0.00194525
493,17,75,0.15191775
493,18,90,0.59417975
493,19,105,1.66456925
493,20,120,2.82080075
493,21,135,3.39985775
493,22,150,1.89699525
493,23,165,0.95662375
493,24,180,0.72319375
494,1,-165,0.832567
494,2,-150,0.251251
494,3,-135,0.008534
494,4,-120,0.098643
494,5,-105,0.35893
494,6,-90,0.50871425
494,7,-75,0.374743
494,8,-60,0.13108475
494,9,-45,0
494,10,-30,0.20324725
494,11,-15,0.77264075
494,12,0,1.266295
494,13,15,0.77389575
494,14,30,0.204565
494,15,45,0
494,16,60,0.13083375
494,17,75,0.374743
494,18,90,0.50896525
494,19,105,0.35911825
494,20,120,0.09782725
494,21,135,0.0086595
494,22,150,0.2511255
494,23,165,0.83250425
494,24,180,1.268805
495,1,-165,1.8323
495,2,-150,2.0590785
495,3,-135,2.55336025
495,4,-120,3.25578375
495,5,-105,3.94477875
495,6,-90,4.3042735
495,7,-75,4.11570975
495,8,-60,3.2731655
495,9,-45,2.0864375
495,10,-30,0.99013225
495,11,-15,0.258279
495,12,0,0
495,13,15,0.25959675
495,14,30,0.99013225
495,15,45,2.0881945
495,16,60,3.2731655
495,17,75,4.1102505
495,18,90,4.3042735
495,19,105,3.945971
495,20,120,3.25565825
495,21,135,2.55336025
495,22,150,2.0590785
495,23,165,1.8323
495,24,180,1.7827275
496,1,-165,0.0997725
496,2,-150,0.559479
496,3,-135,1.68954375
496,4,-120,3.12099675
496,5,-105,4.71447025
496,6,-90,5.9508335
496,7,-75,6.44561725
496,8,-60,6.3898325
496,9,-45,6.3519315
496,10,-30,6.81998375
496,11,-15,7.8235445
496,12,0,8.53832975
496,13,15,7.823419
496,14,30,6.820172
496,15,45,6.35237075
496,16,60,6.39039725
496,17,75,6.44348375
496,18,90,5.9523395
496,19,105,4.7149095
496,20,120,3.113655
496,21,135,1.688728
496,22,150,0.560483
496,23,165,0.09983525
496,24,180,0
497,1,-165,0.407373
497,2,-150,1.59755225
497,3,-135,3.36584725
497,4,-120,5.32101175
497,5,-105,6.9046335
497,6,-90,7.52014825
497,7,-75,6.899488
497,8,-60,5.32440025
497,9,-45,3.37827175
497,10,-30,1.611922
497,11,-15,0.41484025
497,12,0,0
497,13,15,0.41484025
497,14,30,1.61198475
497,15,45,3.37827175
497,16,60,5.32440025
497,17,75,6.8991115
497,18,90,7.52014825
497,19,105,6.905261
497,20,120,5.3213255
497,21,135,3.36747875
497,22,150,1.598117
497,23,165,0.407373
497,24,180,0.00269825
498,1,-165,0.6316415
498,2,-150,0.40592975
498,3,-135,0.14413675
498,4,-120,0
498,5,-105,0.02666875
498,6,-90,0.1928935
498,7,-75,0.51975825
498,8,-60,1.51484775
498,9,-45,2.98821775
498,10,-30,3.82379675
498,11,-15,3.558929
498,12,0,3.89520625
498,13,15,3.55346975
498,14,30,3.8241105
498,15,45,3.0186515
498,16,60,1.51484775
498,17,75,0.51957
498,18,90,0.1928935
498,19,105,0.02666875
498,20,120,0
498,21,135,0.14413675
498,22,150,0.40592975
498,23,165,0.6316415
498,24,180,0.715852
499,1,-165,2.031845
499,2,-150,1.284116
499,3,-135,0.84405025
499,4,-120,0.7626635
499,5,-105,1.035375
499,6,-90,1.4933245
499,7,-75,2.01245525
499,8,-60,2.5711185
499,9,-45,3.13555475
499,10,-30,3.63655075
499,11,-15,3.89997525
499,12,0,3.80221075
499,13,15,3.41504325
499,14,30,3.09740275
499,15,45,2.53704525
499,16,60,1.81692625
499,17,75,1.1712915
499,18,90,0.6454465
499,19,105,0.260036
499,20,120,0
499,21,135,0.144074
499,22,150,0.76335375
499,23,165,1.69443825
499,24,180,2.9483715
500,1,-165,0
500,2,-150,0.049949
500,3,-135,0.57228
500,4,-120,1.4948305
500,5,-105,2.410604
500,6,-90,2.81829075
500,7,-75,2.40978825
500,8,-60,1.4938265
500,9,-45,0.563997
500,10,-30,0.04285825
500,11,-15,0.003263
500,12,0,0.0965095
500,13,15,0.00458075
500,14,30,0.04285825
500,15,45,0.563997
500,16,60,1.4938265
500,17,75,2.40978825
500,18,90,2.81778875
500,19,105,2.40853325
500,20,120,1.49790525
500,21,135,0.57234275
500,22,150,0.049949
500,23,165,0.0041415
500,24,180,0.097388
