mol_id,conf_id,scan,ResFF Energy,Reference Energy,scan_group_id,u_qm_rel,wb97m
302.0,1.0,-165.0,0.36035156,0.21875,1,0.21875,0.29210125
302.0,2.0,-150.0,0.0,0.0,1,0.0,0.0
302.0,3.0,-135.0,0.20605469,0.28125,1,0.28125,0.1959055
302.0,4.0,-120.0,0.8691406,1.0625,1,1.0625,0.84831725
302.0,5.0,-105.0,1.5595703,1.9375,1,1.9375,1.6426695
302.0,6.0,-90.0,1.7919922,2.3125,1,2.3125,1.99400675
302.0,7.0,-75.0,1.5576172,1.96875,1,1.96875,1.65578425
302.0,8.0,-60.0,0.88183594,1.09375,1,1.09375,0.8776215
302.0,9.0,-45.0,0.2109375,0.3125,1,0.3125,0.214354
302.0,10.0,-30.0,0.0009765625,0.0,1,0.0,0.00307475
302.0,11.0,-15.0,0.36523438,0.21875,1,0.21875,0.29461125
302.0,12.0,0.0,0.7167969,0.4375,1,0.4375,0.57610775
302.0,13.0,15.0,0.36523438,0.21875,1,0.21875,0.29461125
302.0,14.0,30.0,0.0,0.0,1,0.0,0.00307475
302.0,15.0,45.0,0.21191406,0.3125,1,0.3125,0.21378925
302.0,16.0,60.0,0.88671875,1.09375,1,1.09375,0.88144925
302.0,17.0,75.0,1.5576172,1.96875,1,1.96875,1.65578425
302.0,18.0,90.0,1.7919922,2.3125,1,2.3125,1.99413225
302.0,19.0,105.0,1.5595703,1.9375,1,1.9375,1.6426695
302.0,20.0,120.0,0.86621094,1.0625,1,1.0625,0.84831725
302.0,21.0,135.0,0.20605469,0.28125,1,0.28125,0.1959055
302.0,22.0,150.0,0.0,0.0,1,0.0,0.0
302.0,23.0,165.0,0.36035156,0.21875,1,0.21875,0.29210125
302.0,24.0,180.0,0.7158203,0.4375,1,0.4375,0.57836675
66.0,1.0,-165.0,1.6455078,2.4375,2,2.4375,2.202525
66.0,2.0,-150.0,1.4111328,2.125,2,2.125,1.9709775
66.0,3.0,-135.0,1.2822266,1.625,2,1.625,1.532355
66.0,4.0,-120.0,0.9707031,1.0,2,1.0,0.89105
66.0,5.0,-105.0,0.4404297,0.375,2,0.375,0.325045
66.0,6.0,-90.0,1.0244141,1.125,2,1.125,1.33783
66.0,7.0,-75.0,0.0,0.0,2,0.0,0.0
66.0,8.0,-60.0,0.17578125,0.4375,2,0.4375,0.4511725
66.0,9.0,-45.0,0.4951172,1.125,2,1.125,1.1326375
66.0,10.0,-30.0,0.81152344,1.875,2,1.875,1.7400575
66.0,11.0,-15.0,1.0800781,2.5,2,2.5,2.134755
66.0,12.0,0.0,1.2460938,2.6875,2,2.6875,2.2841
66.0,13.0,15.0,1.0810547,2.5,2,2.5,2.1341275
66.0,14.0,30.0,0.80566406,1.875,2,1.875,1.7400575
66.0,15.0,45.0,0.49609375,1.125,2,1.125,1.1301275
66.0,16.0,60.0,0.17773438,0.4375,2,0.4375,0.4524275
66.0,17.0,75.0,0.0068359375,0.0,2,0.0,0.0031375
66.0,18.0,90.0,1.0039062,1.125,2,1.125,1.3208875
66.0,19.0,105.0,0.43945312,0.375,2,0.375,0.3244175
66.0,20.0,120.0,0.96972656,1.0,2,1.0,0.89105
66.0,21.0,135.0,1.2822266,1.625,2,1.625,1.532355
66.0,22.0,150.0,1.4111328,2.125,2,2.125,1.9709775
66.0,23.0,165.0,1.6455078,2.4375,2,2.4375,2.202525
66.0,24.0,180.0,1.7832031,2.5625,2,2.5625,2.2659025
366.0,1.0,-165.0,0.8046875,0.40625,3,0.40625,0.71629125
366.0,2.0,-150.0,0.6826172,0.25,3,0.25,0.46435
366.0,3.0,-135.0,0.32421875,0.25,3,0.25,0.415405
366.0,4.0,-120.0,0.037109375,0.03125,3,0.03125,0.27289975
366.0,5.0,-105.0,0.0029296875,0.0,3,0.0,0.00445525
366.0,6.0,-90.0,0.16503906,0.09375,3,0.09375,0.00470625
366.0,7.0,-75.0,0.5263672,0.28125,3,0.28125,0.27754325
366.0,8.0,-60.0,1.0986328,0.875,3,0.875,1.1113025
366.0,9.0,-45.0,1.9785156,1.46875,3,1.46875,1.72744475
366.0,10.0,-30.0,2.9873047,2.09375,3,2.09375,2.597097
366.0,11.0,-15.0,3.741211,2.65625,3,2.65625,3.3878725
366.0,12.0,0.0,4.010742,2.9375,3,2.9375,3.73331125
366.0,13.0,15.0,3.7451172,2.65625,3,2.65625,3.38969225
366.0,14.0,30.0,2.9736328,2.09375,3,2.09375,2.58975525
366.0,15.0,45.0,1.9794922,1.46875,3,1.46875,1.729139
366.0,16.0,60.0,1.0966797,0.875,3,0.875,1.11161625
366.0,17.0,75.0,0.52246094,0.28125,3,0.28125,0.27861
366.0,18.0,90.0,0.16992188,0.09375,3,0.09375,0.005271
366.0,19.0,105.0,0.0,0.0,3,0.0,0.0
366.0,20.0,120.0,0.036132812,0.03125,3,0.03125,0.2729625
366.0,21.0,135.0,0.3310547,0.25,3,0.25,0.4102595
366.0,22.0,150.0,0.70214844,0.28125,3,0.28125,0.4541845
366.0,23.0,165.0,0.8066406,0.40625,3,0.40625,0.7167305
366.0,24.0,180.0,0.8154297,0.46875,3,0.46875,0.842105
121.0,1.0,-165.0,0.7128906,1.125,4,1.125,0.81129475
121.0,2.0,-150.0,0.26464844,0.5625,4,0.5625,0.43667725
121.0,3.0,-135.0,0.0,0.21875,4,0.21875,0.158883
121.0,4.0,-120.0,0.0107421875,0.0,4,0.0,0.00169425
121.0,5.0,-105.0,0.05859375,0.0625,4,0.0625,0.04398775
121.0,6.0,-90.0,0.7207031,1.1875,4,1.1875,1.04874075
121.0,7.0,-75.0,0.4892578,0.90625,4,0.90625,0.88144925
121.0,8.0,-60.0,0.5185547,0.78125,4,0.78125,0.821523
121.0,9.0,-45.0,0.4873047,0.8125,4,0.8125,0.82572725
121.0,10.0,-30.0,0.75097656,1.03125,4,1.03125,0.90165475
121.0,11.0,-15.0,0.86035156,1.40625,4,1.40625,1.057463
121.0,12.0,0.0,0.72265625,2.125,4,2.125,1.54509325
121.0,13.0,15.0,0.8564453,1.40625,4,1.40625,1.05664725
121.0,14.0,30.0,0.74609375,1.03125,4,1.03125,0.898078
121.0,15.0,45.0,0.49023438,0.8125,4,0.8125,0.82547625
121.0,16.0,60.0,0.51660156,0.78125,4,0.78125,0.8183855
121.0,17.0,75.0,0.4892578,0.90625,4,0.90625,0.880508
121.0,18.0,90.0,0.71972656,1.1875,4,1.1875,1.047674
121.0,19.0,105.0,0.052734375,0.0625,4,0.0625,0.04122675
121.0,20.0,120.0,0.005859375,0.0,4,0.0,0.0
121.0,21.0,135.0,0.0078125,0.21875,4,0.21875,0.15743975
121.0,22.0,150.0,0.26367188,0.5625,4,0.5625,0.440254
121.0,23.0,165.0,0.70410156,1.125,4,1.125,0.805961
121.0,24.0,180.0,0.66503906,1.71875,4,1.71875,1.04334425
86.0,1.0,-165.0,5.276367,7.03125,5,7.03125,6.742111
86.0,2.0,-150.0,5.5625,7.34375,5,7.34375,6.9831965
86.0,3.0,-135.0,6.192383,7.71875,5,7.71875,7.27115625
86.0,4.0,-120.0,7.001953,8.09375,5,8.09375,7.448174
86.0,5.0,-105.0,8.246094,7.8125,5,7.8125,6.60111175
86.0,6.0,-90.0,6.732422,5.9375,5,5.9375,4.75902275
86.0,7.0,-75.0,4.6523438,3.75,5,3.75,2.88901
86.0,8.0,-60.0,2.828125,3.40625,5,3.40625,2.66455325
86.0,9.0,-45.0,1.3759766,1.875,5,1.875,1.37002075
86.0,10.0,-30.0,0.42285156,0.84375,5,0.84375,0.5430385
86.0,11.0,-15.0,0.016601562,0.21875,5,0.21875,0.10824375
86.0,12.0,0.0,0.08203125,0.0,5,0.0,0.0
86.0,13.0,15.0,0.0,0.21875,5,0.21875,0.1203545
86.0,14.0,30.0,0.4111328,0.84375,5,0.84375,0.54372875
86.0,15.0,45.0,1.3710938,1.875,5,1.875,1.37140125
86.0,16.0,60.0,2.819336,3.40625,5,3.40625,2.66455325
86.0,17.0,75.0,4.6552734,3.75,5,3.75,2.89070425
86.0,18.0,90.0,6.729492,5.9375,5,5.9375,4.74873175
86.0,19.0,105.0,8.251953,7.8125,5,7.8125,6.59998225
86.0,20.0,120.0,6.995117,8.09375,5,8.09375,7.450182
86.0,21.0,135.0,6.189453,7.71875,5,7.71875,7.27253675
86.0,22.0,150.0,5.557617,7.34375,5,7.34375,6.97961975
86.0,23.0,165.0,5.2646484,7.03125,5,7.03125,6.731569
86.0,24.0,180.0,5.2910156,6.875,5,6.875,6.685636
179.0,1.0,-165.0,4.0039062,1.53125,6,1.53125,2.62765625
179.0,2.0,-150.0,2.9941406,2.625,6,2.625,2.7091685
179.0,3.0,-135.0,2.7695312,1.71875,6,1.71875,2.10620375
179.0,4.0,-120.0,1.8574219,0.78125,6,0.78125,1.15265475
179.0,5.0,-105.0,1.0234375,0.15625,6,0.15625,0.32322525
179.0,6.0,-90.0,0.4296875,0.0,6,0.0,0.0
179.0,7.0,-75.0,0.9667969,0.84375,6,0.84375,0.83375925
179.0,8.0,-60.0,4.248047,3.40625,6,3.40625,3.849587
179.0,9.0,-45.0,5.28125,4.625,6,4.625,4.9144545
179.0,10.0,-30.0,6.3945312,5.78125,6,5.78125,5.84572725
179.0,11.0,-15.0,7.0195312,6.375,6,6.375,6.4204545
179.0,12.0,0.0,6.1933594,5.4375,6,5.4375,6.1807495
179.0,13.0,15.0,6.126953,4.75,6,4.75,5.834746
179.0,14.0,30.0,7.8125,7.75,6,7.75,8.2110885
179.0,15.0,45.0,6.2714844,5.59375,6,5.59375,6.062403
179.0,16.0,60.0,4.8046875,3.96875,6,3.96875,4.53174225
179.0,17.0,75.0,0.0,0.375,6,0.375,0.63935975
179.0,18.0,90.0,0.40234375,0.34375,6,0.34375,0.88672025
179.0,19.0,105.0,2.0214844,1.46875,6,1.46875,2.13243325
179.0,20.0,120.0,5.091797,4.0,6,4.0,4.5871505
179.0,21.0,135.0,5.34375,4.125,6,4.125,4.6925705
179.0,22.0,150.0,4.4140625,3.15625,6,3.15625,3.9164785
179.0,23.0,165.0,4.0996094,2.46875,6,2.46875,3.19039825
179.0,24.0,180.0,3.9570312,1.84375,6,1.84375,2.69994425
348.0,1.0,-165.0,0.16552734,0.125,7,0.125,0.179465
348.0,2.0,-150.0,0.62402344,0.6875,7,0.6875,0.60491
348.0,3.0,-135.0,1.4204102,1.625,7,1.625,1.401835
348.0,4.0,-120.0,2.3793945,2.8125,7,2.8125,2.37948
348.0,5.0,-105.0,3.2705078,3.6875,7,3.6875,3.21029
348.0,6.0,-90.0,3.703125,4.0625,7,4.0625,3.4857625
348.0,7.0,-75.0,3.3774414,3.5,7,3.5,3.0076075
348.0,8.0,-60.0,2.461914,2.4375,7,2.4375,2.074515
348.0,9.0,-45.0,1.3779297,1.375,7,1.375,1.1175775
348.0,10.0,-30.0,0.54541016,0.5625,7,0.5625,0.4336025
348.0,11.0,-15.0,0.12207031,0.1875,7,0.1875,0.0960075
348.0,12.0,0.0,0.0,0.0625,7,0.0625,0.0
348.0,13.0,15.0,0.12158203,0.1875,7,0.1875,0.0960075
348.0,14.0,30.0,0.54589844,0.5625,7,0.5625,0.4336025
348.0,15.0,45.0,1.378418,1.375,7,1.375,1.1175775
348.0,16.0,60.0,2.4624023,2.4375,7,2.4375,2.0738875
348.0,17.0,75.0,3.3774414,3.5,7,3.5,3.0076075
348.0,18.0,90.0,3.697754,4.0625,7,4.0625,3.485135
348.0,19.0,105.0,3.2705078,3.6875,7,3.6875,3.21029
348.0,20.0,120.0,2.3759766,2.8125,7,2.8125,2.3801075
348.0,21.0,135.0,1.4204102,1.625,7,1.625,1.401835
348.0,22.0,150.0,0.6220703,0.6875,7,0.6875,0.6024
348.0,23.0,165.0,0.16552734,0.125,7,0.125,0.179465
348.0,24.0,180.0,0.024414062,0.0,7,0.0,0.07028
217.0,1.0,-165.0,0.15429688,0.3125,8,0.3125,0.21278525
217.0,2.0,-150.0,0.6191406,1.25,8,1.25,0.88119825
217.0,3.0,-135.0,1.3847656,2.71875,8,2.71875,2.00843925
217.0,4.0,-120.0,2.4179688,4.5,8,4.5,3.439704
217.0,5.0,-105.0,3.446289,6.15625,8,6.15625,4.77998125
217.0,6.0,-90.0,4.126953,7.09375,8,7.09375,5.60815575
217.0,7.0,-75.0,4.290039,7.125,8,7.125,5.771745
217.0,8.0,-60.0,3.9794922,6.5,8,6.5,5.43233025
217.0,9.0,-45.0,3.6884766,5.75,8,5.75,4.991135
217.0,10.0,-30.0,3.6259766,5.28125,8,5.28125,4.7924685
217.0,11.0,-15.0,3.7548828,5.1875,8,5.1875,4.87661625
217.0,12.0,0.0,3.8544922,5.21875,8,5.21875,4.972059
217.0,13.0,15.0,3.7548828,5.1875,8,5.1875,4.876679
217.0,14.0,30.0,3.625,5.28125,8,5.28125,4.79253125
217.0,15.0,45.0,3.6884766,5.75,8,5.75,4.99132325
217.0,16.0,60.0,3.9804688,6.5,8,6.5,5.4322675
217.0,17.0,75.0,4.290039,7.125,8,7.125,5.771494
217.0,18.0,90.0,4.1289062,7.09375,8,7.09375,5.60803025
217.0,19.0,105.0,3.4433594,6.15625,8,6.15625,4.7751495
217.0,20.0,120.0,2.415039,4.5,8,4.5,3.439955
217.0,21.0,135.0,1.3876953,2.71875,8,2.71875,2.007749
217.0,22.0,150.0,0.61621094,1.25,8,1.25,0.8816375
217.0,23.0,165.0,0.15429688,0.3125,8,0.3125,0.21291075
217.0,24.0,180.0,0.0,0.0,8,0.0,0.0
379.0,1.0,-165.0,0.044921875,0.0,9,0.0,0.0
379.0,2.0,-150.0,0.0,0.40625,9,0.40625,0.17977875
379.0,3.0,-135.0,0.6152344,1.5,9,1.5,1.0292255
379.0,4.0,-120.0,1.6660156,2.96875,9,2.96875,2.25165825
379.0,5.0,-105.0,2.8984375,4.25,9,4.25,3.3984145
379.0,6.0,-90.0,4.0058594,4.6875,9,4.6875,4.141751
379.0,7.0,-75.0,4.111328,4.0,9,4.0,4.033068
379.0,8.0,-60.0,3.7421875,3.03125,9,3.03125,3.63303675
379.0,9.0,-45.0,3.5,2.5,9,2.5,3.50163825
379.0,10.0,-30.0,3.5390625,2.59375,9,2.59375,3.70093225
379.0,11.0,-15.0,3.546875,2.96875,9,2.96875,3.8652745
379.0,12.0,0.0,3.2851562,3.0625,9,3.0625,3.62726375
379.0,13.0,15.0,2.7578125,2.6875,9,2.6875,3.050403
379.0,14.0,30.0,2.4140625,2.5625,9,2.5625,2.69103375
379.0,15.0,45.0,2.578125,2.96875,9,2.96875,2.8695575
379.0,16.0,60.0,3.140625,3.875,9,3.875,3.54142175
379.0,17.0,75.0,4.111328,4.0,9,4.0,4.03388375
379.0,18.0,90.0,3.9550781,4.6875,9,4.6875,4.11395275
379.0,19.0,105.0,2.8945312,4.25,9,4.25,3.3981635
379.0,20.0,120.0,1.6523438,2.9375,9,2.9375,2.22467575
379.0,21.0,135.0,0.6074219,1.5,9,1.5,1.03016675
379.0,22.0,150.0,0.0,0.40625,9,0.40625,0.178461
379.0,23.0,165.0,0.046875,0.0,9,0.0,0.00458075
379.0,24.0,180.0,0.72265625,0.3125,9,0.3125,0.47156625
443.0,1.0,-165.0,0.58203125,0.28125,10,0.28125,0.33226125
443.0,2.0,-150.0,1.5791016,1.25,10,1.25,1.26397325
443.0,3.0,-135.0,2.7480469,2.625,10,2.625,2.54030825
443.0,4.0,-120.0,3.8955078,4.0625,10,4.0625,3.82705975
443.0,5.0,-105.0,4.7666016,5.125,10,5.125,4.77081975
443.0,6.0,-90.0,5.098633,5.46875,10,5.46875,5.09348025
443.0,7.0,-75.0,4.7041016,4.9375,10,4.9375,4.66358
443.0,8.0,-60.0,3.7832031,3.75,10,3.75,3.61483925
443.0,9.0,-45.0,2.6240234,2.3125,10,2.3125,2.30775675
443.0,10.0,-30.0,1.4609375,1.03125,10,1.03125,1.111428
443.0,11.0,-15.0,0.5263672,0.25,10,0.25,0.285638
443.0,12.0,0.0,0.0107421875,0.0,10,0.0,0.0
443.0,13.0,15.0,0.52734375,0.25,10,0.25,0.2857635
443.0,14.0,30.0,1.4609375,1.03125,10,1.03125,1.10998475
443.0,15.0,45.0,2.6220703,2.3125,10,2.3125,2.3065645
443.0,16.0,60.0,3.7851562,3.75,10,3.75,3.615153
443.0,17.0,75.0,4.7001953,4.9375,10,4.9375,4.6519085
443.0,18.0,90.0,5.0966797,5.46875,10,5.46875,5.09360575
443.0,19.0,105.0,4.758789,5.125,10,5.125,4.76015225
443.0,20.0,120.0,3.8955078,4.0625,10,4.0625,3.82693425
443.0,21.0,135.0,2.7490234,2.625,10,2.625,2.54030825
443.0,22.0,150.0,1.5810547,1.25,10,1.25,1.26497725
443.0,23.0,165.0,0.58203125,0.28125,10,0.28125,0.33376725
443.0,24.0,180.0,0.0,0.0,10,0.0,0.00658875
64.0,1.0,-165.0,5.4941406,3.375,11,3.375,3.19529275
64.0,2.0,-150.0,4.5527344,2.71875,11,2.71875,2.63430775
64.0,3.0,-135.0,2.9140625,1.5,11,1.5,1.557706
64.0,4.0,-120.0,2.2285156,0.96875,11,0.96875,1.43641025
64.0,5.0,-105.0,1.5664062,0.84375,11,0.84375,1.38884575
64.0,6.0,-90.0,0.7363281,0.59375,11,0.59375,0.92437025
64.0,7.0,-75.0,0.001953125,0.15625,11,0.15625,0.32259775
64.0,8.0,-60.0,0.001953125,0.0,11,0.0,0.0
64.0,9.0,-45.0,1.1621094,0.53125,11,0.53125,0.13986975
64.0,10.0,-30.0,2.5820312,1.625,11,1.625,0.89964675
64.0,11.0,-15.0,3.8457031,2.8125,11,2.8125,1.7874965
64.0,12.0,0.0,4.421875,3.46875,11,3.46875,2.102376
64.0,13.0,15.0,3.8417969,2.8125,11,2.8125,1.780594
64.0,14.0,30.0,2.5703125,1.625,11,1.625,0.89450125
64.0,15.0,45.0,1.1640625,0.53125,11,0.53125,0.13535175
64.0,16.0,60.0,0.16796875,0.03125,11,0.03125,0.02842575
64.0,17.0,75.0,0.0,0.15625,11,0.15625,0.3186445
64.0,18.0,90.0,0.734375,0.59375,11,0.59375,0.9245585
64.0,19.0,105.0,1.5664062,0.84375,11,0.84375,1.38897125
64.0,20.0,120.0,2.2246094,0.96875,11,0.96875,1.4388575
64.0,21.0,135.0,2.9082031,1.5,11,1.5,1.55613725
64.0,22.0,150.0,4.484375,2.71875,11,2.71875,2.6293505
64.0,23.0,165.0,5.5,3.375,11,3.375,3.1948535
64.0,24.0,180.0,5.466797,3.59375,11,3.59375,3.46612175
386.0,1.0,-165.0,1.3056641,0.4375,12,0.4375,0.78757525
386.0,2.0,-150.0,0.26464844,0.0,12,0.0,0.049949
386.0,3.0,-135.0,0.005859375,0.3125,12,0.3125,0.03193975
386.0,4.0,-120.0,0.5410156,1.28125,12,1.28125,0.66634225
386.0,5.0,-105.0,1.2392578,2.375,12,2.375,1.4790175
386.0,6.0,-90.0,2.0839844,3.1875,12,3.1875,2.0999915
386.0,7.0,-75.0,1.2402344,2.3125,12,2.3125,1.48146475
386.0,8.0,-60.0,0.50097656,1.15625,12,1.15625,0.63007275
386.0,9.0,-45.0,0.001953125,0.21875,12,0.21875,0.0
386.0,10.0,-30.0,0.37304688,0.03125,12,0.03125,0.11715425
386.0,11.0,-15.0,1.4199219,0.5,12,0.5,0.8884145
386.0,12.0,0.0,2.0986328,0.9375,12,0.9375,1.4744995
386.0,13.0,15.0,1.4228516,0.5,12,0.5,0.88847725
386.0,14.0,30.0,0.37597656,0.03125,12,0.03125,0.11690325
386.0,15.0,45.0,0.0029296875,0.21875,12,0.21875,0.00181975
386.0,16.0,60.0,0.50683594,1.15625,12,1.15625,0.63252
386.0,17.0,75.0,1.2490234,2.3125,12,2.3125,1.48573175
386.0,18.0,90.0,2.084961,3.1875,12,3.1875,2.1004935
386.0,19.0,105.0,1.2402344,2.375,12,2.375,1.47820175
386.0,20.0,120.0,0.54785156,1.28125,12,1.28125,0.66358125
386.0,21.0,135.0,0.0,0.3125,12,0.3125,0.03012
386.0,22.0,150.0,0.26464844,0.0,12,0.0,0.05001175
386.0,23.0,165.0,1.2998047,0.4375,12,0.4375,0.78581825
386.0,24.0,180.0,2.0888672,0.9375,12,0.9375,1.4719895
403.0,1.0,-165.0,6.213867,6.09375,13,6.09375,7.308618
403.0,2.0,-150.0,3.9667969,4.40625,13,4.40625,4.5610465
403.0,3.0,-135.0,2.3144531,3.21875,13,3.21875,2.78515875
403.0,4.0,-120.0,2.0683594,3.375,13,3.375,2.634747
403.0,5.0,-105.0,3.0585938,4.4375,13,4.4375,3.63579775
403.0,6.0,-90.0,0.0,0.0,13,0.0,0.0
403.0,7.0,-75.0,3.0820312,4.4375,13,4.4375,3.65725825
403.0,8.0,-60.0,2.0761719,3.40625,13,3.40625,2.63857475
403.0,9.0,-45.0,2.3339844,3.21875,13,3.21875,2.7997795
403.0,10.0,-30.0,4.1015625,4.4375,13,4.4375,4.62109825
403.0,11.0,-15.0,6.7470703,7.125,13,7.125,7.99240475
403.0,12.0,0.0,6.6123047,8.3125,13,8.3125,10.569359
403.0,13.0,15.0,6.7285156,7.15625,13,7.15625,7.98173725
403.0,14.0,30.0,3.3496094,3.09375,13,3.09375,3.7457985
403.0,15.0,45.0,2.336914,3.21875,13,3.21875,2.79758325
403.0,16.0,60.0,2.0761719,3.40625,13,3.40625,2.6378845
403.0,17.0,75.0,3.0771484,4.4375,13,4.4375,3.6541835
403.0,18.0,90.0,0.0029296875,0.0,13,0.0,0.0023845
403.0,19.0,105.0,3.0615234,4.4375,13,4.4375,3.63705275
403.0,20.0,120.0,2.0703125,3.375,13,3.375,2.63405675
403.0,21.0,135.0,2.3144531,3.21875,13,3.21875,2.78917475
403.0,22.0,150.0,3.9589844,4.40625,13,4.40625,4.55508525
403.0,23.0,165.0,6.245117,6.09375,13,6.09375,7.3253095
403.0,24.0,180.0,7.883789,9.625,13,9.625,11.512617
67.0,1.0,-165.0,4.640625,4.0,14,4.0,4.38202075
67.0,2.0,-150.0,1.5634766,1.28125,14,1.28125,1.5452815
67.0,3.0,-135.0,0.16308594,0.0625,14,0.0625,0.197537
67.0,4.0,-120.0,0.00390625,0.0625,14,0.0625,0.01273825
67.0,5.0,-105.0,0.328125,0.625,14,0.625,0.41672275
67.0,6.0,-90.0,0.5234375,1.0,14,1.0,0.701294
67.0,7.0,-75.0,0.38476562,0.59375,14,0.59375,0.42211925
67.0,8.0,-60.0,0.0078125,0.0,14,0.0,0.00018825
67.0,9.0,-45.0,0.28027344,0.1875,14,0.1875,0.372986
67.0,10.0,-30.0,2.0048828,1.78125,14,1.78125,2.1426615
67.0,11.0,-15.0,5.364258,4.8125,14,4.8125,5.35175925
67.0,12.0,0.0,9.498047,8.78125,14,8.78125,9.47845025
67.0,13.0,15.0,5.3652344,4.8125,14,4.8125,5.35132
67.0,14.0,30.0,2.0039062,1.78125,14,1.78125,2.1426615
67.0,15.0,45.0,0.27441406,0.1875,14,0.1875,0.37166825
67.0,16.0,60.0,0.0078125,0.0,14,0.0,0.0
67.0,17.0,75.0,0.38671875,0.59375,14,0.59375,0.4225585
67.0,18.0,90.0,0.5234375,1.0,14,1.0,0.70085475
67.0,19.0,105.0,0.328125,0.625,14,0.625,0.41659725
67.0,20.0,120.0,0.0,0.0625,14,0.0625,0.013052
67.0,21.0,135.0,0.16308594,0.0625,14,0.0625,0.19772525
67.0,22.0,150.0,1.5634766,1.28125,14,1.28125,1.54434025
67.0,23.0,165.0,4.6396484,4.0,14,4.0,4.38540925
67.0,24.0,180.0,8.719727,7.90625,14,7.90625,8.420548
120.0,1.0,-165.0,0.05859375,0.0,15,0.0,0.1158365
120.0,2.0,-150.0,0.62597656,0.28125,15,0.28125,0.64776825
120.0,3.0,-135.0,1.5878906,1.0,15,1.0,1.5028625
120.0,4.0,-120.0,2.9326172,2.0625,15,2.0625,2.61209425
120.0,5.0,-105.0,4.2529297,3.3125,15,3.3125,3.78501725
120.0,6.0,-90.0,5.4814453,4.6875,15,4.6875,4.93033025
120.0,7.0,-75.0,4.2685547,3.15625,15,3.15625,3.729609
120.0,8.0,-60.0,2.8300781,1.875,15,1.875,2.49261825
120.0,9.0,-45.0,1.4375,0.84375,15,0.84375,1.36136125
120.0,10.0,-30.0,0.5253906,0.21875,15,0.21875,0.5535805
120.0,11.0,-15.0,0.032226562,0.0,15,0.0,0.08427325
120.0,12.0,0.0,0.0068359375,0.09375,15,0.09375,0.00495725
120.0,13.0,15.0,0.033203125,0.0,15,0.0,0.08515175
120.0,14.0,30.0,0.5390625,0.21875,15,0.21875,0.55552575
120.0,15.0,45.0,1.4326172,0.84375,15,0.84375,1.35998075
120.0,16.0,60.0,2.828125,1.875,15,1.875,2.48998275
120.0,17.0,75.0,4.2685547,3.15625,15,3.15625,3.72766375
120.0,18.0,90.0,5.4765625,4.6875,15,4.6875,4.930393
120.0,19.0,105.0,4.248047,3.3125,15,3.3125,3.78564475
120.0,20.0,120.0,2.9365234,2.0625,15,2.0625,2.61560825
120.0,21.0,135.0,1.5898438,1.0,15,1.0,1.50418025
120.0,22.0,150.0,0.6191406,0.28125,15,0.28125,0.6441915
120.0,23.0,165.0,0.060546875,0.0,15,0.0,0.117217
120.0,24.0,180.0,0.0,0.09375,15,0.09375,0.0
166.0,1.0,-165.0,9.186523,8.0625,16,8.0625,9.225505
166.0,2.0,-150.0,5.0498047,4.1875,16,4.1875,4.92211
166.0,3.0,-135.0,2.1357422,1.625,16,1.625,2.082045
166.0,4.0,-120.0,0.57714844,0.375,16,0.375,0.616205
166.0,5.0,-105.0,0.052734375,0.0625,16,0.0625,0.09538
166.0,6.0,-90.0,0.0009765625,0.0,16,0.0,0.0
166.0,7.0,-75.0,0.048828125,0.0625,16,0.0625,0.0834575
166.0,8.0,-60.0,0.58496094,0.375,16,0.375,0.6093025
166.0,9.0,-45.0,2.1552734,1.5625,16,1.5625,2.06824
166.0,10.0,-30.0,5.0371094,4.0,16,4.0,4.780295
166.0,11.0,-15.0,8.991211,7.6875,16,7.6875,8.7366825
166.0,12.0,0.0,13.234375,12.0625,16,12.0625,13.495015
166.0,13.0,15.0,8.96875,7.6875,16,7.6875,8.743585
166.0,14.0,30.0,5.0283203,4.0,16,4.0,4.77402
166.0,15.0,45.0,2.1513672,1.5625,16,1.5625,2.0663575
166.0,16.0,60.0,0.58691406,0.375,16,0.375,0.6067925
166.0,17.0,75.0,0.046875,0.0625,16,0.0625,0.08283
166.0,18.0,90.0,0.0,0.0,16,0.0,0.0
166.0,19.0,105.0,0.044921875,0.0625,16,0.0625,0.0897325
166.0,20.0,120.0,0.5830078,0.375,16,0.375,0.6193425
166.0,21.0,135.0,2.1376953,1.625,16,1.625,2.0826725
166.0,22.0,150.0,5.044922,4.1875,16,4.1875,4.920855
166.0,23.0,165.0,9.158203,8.1875,16,8.1875,9.22174
166.0,24.0,180.0,13.40918,12.375,16,12.375,13.9386575
326.0,1.0,-165.0,0.001953125,0.0,17,0.0,0.1692995
326.0,2.0,-150.0,0.18457031,0.09375,17,0.09375,0.0
326.0,3.0,-135.0,0.72558594,0.875,17,0.875,0.4260725
326.0,4.0,-120.0,1.7685547,2.375,17,2.375,1.53844175
326.0,5.0,-105.0,3.3964844,4.375,17,4.375,3.1381275
326.0,6.0,-90.0,4.8847656,6.375,17,6.375,4.72702025
326.0,7.0,-75.0,5.6171875,7.6875,17,7.6875,5.9114265
326.0,8.0,-60.0,6.223633,8.40625,17,8.40625,6.82512925
326.0,9.0,-45.0,7.274414,9.125,17,9.125,7.73826725
326.0,10.0,-30.0,8.879883,10.0,17,10.0,8.90014625
326.0,11.0,-15.0,10.364258,11.09375,17,11.09375,10.30173025
326.0,12.0,0.0,9.78125,10.09375,17,10.09375,9.8292855
326.0,13.0,15.0,9.473633,9.875,17,9.875,9.3973145
326.0,14.0,30.0,8.730469,9.5625,17,9.5625,8.7828665
326.0,15.0,45.0,7.9902344,9.53125,17,9.53125,8.39846
326.0,16.0,60.0,7.6416016,9.6875,17,9.6875,8.15680975
326.0,17.0,75.0,7.466797,9.625,17,9.625,7.802586
326.0,18.0,90.0,6.8535156,9.09375,17,9.09375,7.15720225
326.0,19.0,105.0,3.4052734,4.375,17,4.375,3.148795
326.0,20.0,120.0,1.7626953,2.375,17,2.375,1.5369985
326.0,21.0,135.0,0.72265625,0.875,17,0.875,0.427453
326.0,22.0,150.0,0.19140625,0.09375,17,0.09375,0.002008
326.0,23.0,165.0,0.0,0.0,17,0.0,0.168923
326.0,24.0,180.0,0.034179688,0.28125,17,0.28125,0.34267775
106.0,1.0,-165.0,9.57959,12.8125,18,12.8125,12.0365795
106.0,2.0,-150.0,10.327148,13.09375,18,13.09375,12.16452675
106.0,3.0,-135.0,11.543457,13.78125,18,13.78125,12.63239075
106.0,4.0,-120.0,13.337891,14.703125,18,14.703125,13.28649675
106.0,5.0,-105.0,13.276855,13.203125,18,13.203125,11.696851
106.0,6.0,-90.0,10.867676,11.171875,18,11.171875,9.7989145
106.0,7.0,-75.0,8.158691,8.375,18,8.375,7.4405185
106.0,8.0,-60.0,5.307617,5.265625,18,5.265625,4.8002495
106.0,9.0,-45.0,2.8579102,2.734375,18,2.734375,2.52537375
106.0,10.0,-30.0,1.1088867,1.09375,18,1.09375,0.98084525
106.0,11.0,-15.0,0.22509766,0.234375,18,0.234375,0.20663575
106.0,12.0,0.0,0.0,0.0,18,0.0,0.0
106.0,13.0,15.0,0.17529297,0.234375,18,0.234375,0.192266
106.0,14.0,30.0,1.1064453,1.09375,18,1.09375,0.98097075
106.0,15.0,45.0,2.821289,2.75,18,2.75,2.51909875
106.0,16.0,60.0,5.310547,5.265625,18,5.265625,4.805897
106.0,17.0,75.0,8.15625,8.375,18,8.375,7.4405185
106.0,18.0,90.0,10.876465,11.171875,18,11.171875,9.804813
106.0,19.0,105.0,13.271484,13.203125,18,13.203125,11.6967255
106.0,20.0,120.0,14.494629,14.484375,18,14.484375,12.988246
106.0,21.0,135.0,11.546387,13.78125,18,13.78125,12.63653225
106.0,22.0,150.0,10.325195,13.09375,18,13.09375,12.16590725
106.0,23.0,165.0,9.564941,12.8125,18,12.8125,12.0325635
106.0,24.0,180.0,9.311035,13.21875,18,13.21875,12.741262
243.0,1.0,-165.0,0.8457031,0.1875,19,0.1875,0.99075975
243.0,2.0,-150.0,0.15429688,0.0,19,0.0,0.11439325
243.0,3.0,-135.0,0.0,0.53125,19,0.53125,0.0
243.0,4.0,-120.0,0.4638672,1.8125,19,1.8125,0.74967425
243.0,5.0,-105.0,1.4179688,3.15625,19,3.15625,1.75994925
243.0,6.0,-90.0,2.0253906,3.90625,19,3.90625,2.34678725
243.0,7.0,-75.0,1.8203125,3.75,19,3.75,2.3775975
243.0,8.0,-60.0,1.5859375,3.4375,19,3.4375,2.347854
243.0,9.0,-45.0,1.9443359,3.6875,19,3.6875,3.007231
243.0,10.0,-30.0,3.1142578,5.03125,19,5.03125,4.78838975
243.0,11.0,-15.0,4.8242188,7.4375,19,7.4375,7.65769625
243.0,12.0,0.0,5.4472656,9.71875,19,9.71875,10.3202415
243.0,13.0,15.0,4.830078,7.4375,19,7.4375,7.662026
243.0,14.0,30.0,3.1142578,5.03125,19,5.03125,4.78838975
243.0,15.0,45.0,1.9453125,3.6875,19,3.6875,3.0073565
243.0,16.0,60.0,1.5849609,3.4375,19,3.4375,2.347854
243.0,17.0,75.0,1.8193359,3.75,19,3.75,2.376217
243.0,18.0,90.0,2.0195312,3.90625,19,3.90625,2.34503025
243.0,19.0,105.0,1.4179688,3.15625,19,3.15625,1.75994925
243.0,20.0,120.0,0.46875,1.8125,19,1.8125,0.74904675
243.0,21.0,135.0,0.0,0.53125,19,0.53125,0.0
243.0,22.0,150.0,0.15429688,0.0,19,0.0,0.11439325
243.0,23.0,165.0,0.84472656,0.1875,19,0.1875,0.99075975
243.0,24.0,180.0,1.1826172,0.40625,19,0.40625,1.62754675
407.0,1.0,-165.0,0.45703125,0.4375,20,0.4375,0.367213
407.0,2.0,-150.0,1.8681641,1.8125,20,1.8125,1.61399275
407.0,3.0,-135.0,4.1015625,4.125,20,4.125,3.733374
407.0,4.0,-120.0,6.7197266,7.1875,20,7.1875,6.58931475
407.0,5.0,-105.0,9.461914,10.78125,20,10.78125,9.8410825
407.0,6.0,-90.0,11.619141,13.25,20,13.25,12.22250775
407.0,7.0,-75.0,9.176758,10.9375,20,10.9375,9.75304425
407.0,8.0,-60.0,7.383789,9.28125,20,9.28125,7.9420165
407.0,9.0,-45.0,6.1708984,8.40625,20,8.40625,6.90846125
407.0,10.0,-30.0,5.513672,8.15625,20,8.15625,6.5562455
407.0,11.0,-15.0,5.357422,8.4375,20,8.4375,6.68406725
407.0,12.0,0.0,5.7490234,9.125,20,9.125,7.23074525
407.0,13.0,15.0,5.3564453,8.4375,20,8.4375,6.679863
407.0,14.0,30.0,5.508789,8.15625,20,8.15625,6.55517875
407.0,15.0,45.0,6.176758,8.40625,20,8.40625,6.912791
407.0,16.0,60.0,7.3691406,9.25,20,9.25,7.9174185
407.0,17.0,75.0,9.174805,10.9375,20,10.9375,9.7484635
407.0,18.0,90.0,11.620117,13.25,20,13.25,12.219935
407.0,19.0,105.0,9.452148,10.78125,20,10.78125,9.833929
407.0,20.0,120.0,6.716797,7.1875,20,7.1875,6.58931475
407.0,21.0,135.0,4.0966797,4.125,20,4.125,3.73544475
407.0,22.0,150.0,1.8671875,1.8125,20,1.8125,1.6115455
407.0,23.0,165.0,0.4658203,0.4375,20,0.4375,0.37066425
407.0,24.0,180.0,0.0,0.0,20,0.0,0.0
338.0,1.0,-165.0,0.4091797,0.65625,21,0.65625,0.37091525
338.0,2.0,-150.0,0.22949219,0.34375,21,0.34375,0.22207225
338.0,3.0,-135.0,0.07324219,0.125,21,0.125,0.087348
338.0,4.0,-120.0,0.005859375,0.0,21,0.0,0.012801
338.0,5.0,-105.0,0.013671875,0.0625,21,0.0625,0.0
338.0,6.0,-90.0,0.6513672,0.53125,21,0.53125,0.46629525
338.0,7.0,-75.0,0.03125,0.0625,21,0.0625,0.01248725
338.0,8.0,-60.0,0.0048828125,0.0,21,0.0,0.00583575
338.0,9.0,-45.0,0.068359375,0.125,21,0.125,0.09657225
338.0,10.0,-30.0,0.24609375,0.40625,21,0.40625,0.23951675
338.0,11.0,-15.0,0.4189453,0.65625,21,0.65625,0.37901
338.0,12.0,0.0,0.49414062,0.78125,21,0.78125,0.42764125
338.0,13.0,15.0,0.4189453,0.65625,21,0.65625,0.378006
338.0,14.0,30.0,0.2421875,0.40625,21,0.40625,0.23700675
338.0,15.0,45.0,0.068359375,0.125,21,0.125,0.0922425
338.0,16.0,60.0,0.001953125,0.0,21,0.0,0.00583575
338.0,17.0,75.0,0.055664062,0.0625,21,0.0625,0.03746175
338.0,18.0,90.0,0.62109375,0.53125,21,0.53125,0.4682405
338.0,19.0,105.0,0.016601562,0.0625,21,0.0625,0.00119225
338.0,20.0,120.0,0.0,0.0,21,0.0,0.01248725
338.0,21.0,135.0,0.07421875,0.125,21,0.125,0.08785
338.0,22.0,150.0,0.22949219,0.34375,21,0.34375,0.221131
338.0,23.0,165.0,0.41210938,0.65625,21,0.65625,0.371229
338.0,24.0,180.0,0.48632812,0.78125,21,0.78125,0.42977475
368.0,1.0,-165.0,0.36035156,0.3125,22,0.3125,0.145078
368.0,2.0,-150.0,1.0175781,1.21875,22,1.21875,0.817256
368.0,3.0,-135.0,2.0664062,2.65625,22,2.65625,2.0387475
368.0,4.0,-120.0,3.2939453,4.40625,22,4.40625,3.41792975
368.0,5.0,-105.0,4.390625,5.9375,22,5.9375,4.609364
368.0,6.0,-90.0,4.796875,6.5625,22,6.5625,5.06499175
368.0,7.0,-75.0,4.305664,5.875,22,5.875,4.51956875
368.0,8.0,-60.0,3.1884766,4.3125,22,4.3125,3.29506525
368.0,9.0,-45.0,1.9355469,2.625,22,2.625,1.94807375
368.0,10.0,-30.0,0.875,1.28125,22,1.28125,0.92148375
368.0,11.0,-15.0,0.21972656,0.46875,22,0.46875,0.37217025
368.0,12.0,0.0,0.0,0.21875,22,0.21875,0.2039375
368.0,13.0,15.0,0.22070312,0.46875,22,0.46875,0.372233
368.0,14.0,30.0,0.87597656,1.28125,22,1.28125,0.92160925
368.0,15.0,45.0,1.9316406,2.625,22,2.625,1.94179875
368.0,16.0,60.0,3.1875,4.28125,22,4.28125,3.24586925
368.0,17.0,75.0,4.3046875,5.875,22,5.875,4.519004
368.0,18.0,90.0,4.7978516,6.5625,22,6.5625,5.06518
368.0,19.0,105.0,4.3847656,5.9375,22,5.9375,4.60836
368.0,20.0,120.0,3.2939453,4.40625,22,4.40625,3.4179925
368.0,21.0,135.0,2.0664062,2.65625,22,2.65625,2.038622
368.0,22.0,150.0,1.0244141,1.1875,22,1.1875,0.78312
368.0,23.0,165.0,0.359375,0.3125,22,0.3125,0.146082
368.0,24.0,180.0,0.1328125,0.0,22,0.0,0.0
329.0,1.0,-165.0,4.821289,6.15625,23,6.15625,5.73214975
329.0,2.0,-150.0,3.7402344,4.625,23,4.625,3.8896215
329.0,3.0,-135.0,3.1279297,4.15625,23,4.15625,3.091316
329.0,4.0,-120.0,3.1601562,4.6875,23,4.6875,3.240159
329.0,5.0,-105.0,3.680664,5.65625,23,5.65625,3.87136125
329.0,6.0,-90.0,4.0390625,6.3125,23,6.3125,4.3145645
329.0,7.0,-75.0,3.7177734,5.9375,23,5.9375,3.990147
329.0,8.0,-60.0,2.7919922,4.5625,23,4.5625,2.9922965
329.0,9.0,-45.0,0.061523438,0.71875,23,0.71875,0.157126
329.0,10.0,-30.0,0.0,0.03125,23,0.03125,0.0
329.0,11.0,-15.0,0.4140625,0.0,23,0.0,0.4509215
329.0,12.0,0.0,0.6191406,0.15625,23,0.15625,0.80401575
329.0,13.0,15.0,0.4140625,0.0,23,0.0,0.4509215
329.0,14.0,30.0,0.0029296875,0.03125,23,0.03125,0.0001255
329.0,15.0,45.0,0.061523438,0.71875,23,0.71875,0.154365
329.0,16.0,60.0,2.7939453,4.5625,23,4.5625,2.998948
329.0,17.0,75.0,3.7158203,5.9375,23,5.9375,3.99008425
329.0,18.0,90.0,4.0390625,6.3125,23,6.3125,4.31487825
329.0,19.0,105.0,3.6826172,5.65625,23,5.65625,3.87111025
329.0,20.0,120.0,3.1621094,4.6875,23,4.6875,3.241916
329.0,21.0,135.0,3.125,4.15625,23,4.15625,3.0869235
329.0,22.0,150.0,3.7402344,4.625,23,4.625,3.89119025
329.0,23.0,165.0,4.8203125,6.15625,23,6.15625,5.72976525
329.0,24.0,180.0,5.395508,7.8125,23,7.8125,7.57285825
126.0,1.0,-165.0,0.0078125,0.0625,24,0.0625,0.00119225
126.0,2.0,-150.0,0.28515625,0.46875,24,0.46875,0.13409675
126.0,3.0,-135.0,1.1435547,1.53125,24,1.53125,0.86362825
126.0,4.0,-120.0,2.4667969,3.1875,24,3.1875,2.18790425
126.0,5.0,-105.0,3.9335938,5.09375,24,5.09375,3.79543375
126.0,6.0,-90.0,5.267578,6.625,24,6.625,5.042088
126.0,7.0,-75.0,4.0625,5.1875,24,5.1875,3.88579375
126.0,8.0,-60.0,2.6074219,3.25,24,3.25,2.2664045
126.0,9.0,-45.0,1.2080078,1.5625,24,1.5625,0.904604
126.0,10.0,-30.0,0.3017578,0.5,24,0.5,0.14765075
126.0,11.0,-15.0,0.01171875,0.0625,24,0.0625,0.00056475
126.0,12.0,0.0,0.0048828125,0.0,24,0.0,0.0801945
126.0,13.0,15.0,0.0126953125,0.0625,24,0.0625,0.0
126.0,14.0,30.0,0.30371094,0.5,24,0.5,0.148592
126.0,15.0,45.0,1.2109375,1.5625,24,1.5625,0.904604
126.0,16.0,60.0,2.6044922,3.25,24,3.25,2.2684125
126.0,17.0,75.0,4.060547,5.1875,24,5.1875,3.8866095
126.0,18.0,90.0,5.2734375,6.625,24,6.625,5.0429665
126.0,19.0,105.0,3.9267578,5.09375,24,5.09375,3.79468075
126.0,20.0,120.0,2.46875,3.15625,24,3.15625,2.1837
126.0,21.0,135.0,1.1425781,1.53125,24,1.53125,0.86312625
126.0,22.0,150.0,0.29003906,0.46875,24,0.46875,0.1359165
126.0,23.0,165.0,0.0078125,0.0625,24,0.0625,0.000753
126.0,24.0,180.0,0.0,0.0,24,0.0,0.0811985
215.0,1.0,-165.0,0.54785156,0.3125,25,0.3125,0.20236875
215.0,2.0,-150.0,1.2089844,1.21875,25,1.21875,0.860428
215.0,3.0,-135.0,2.2470703,2.75,25,2.75,2.03579825
215.0,4.0,-120.0,3.7958984,4.9375,25,4.9375,3.730613
215.0,5.0,-105.0,5.1171875,7.59375,25,7.59375,5.786805
215.0,6.0,-90.0,7.038086,9.625,25,9.625,7.50282925
215.0,7.0,-75.0,6.194336,7.78125,25,7.78125,6.27029375
215.0,8.0,-60.0,4.2695312,4.96875,25,4.96875,3.9744595
215.0,9.0,-45.0,2.40625,2.71875,25,2.71875,2.15063075
215.0,10.0,-30.0,1.0390625,1.15625,25,1.15625,0.9150205
215.0,11.0,-15.0,0.2548828,0.28125,25,0.28125,0.225649
215.0,12.0,0.0,0.0,0.0,25,0.0,0.01361675
215.0,13.0,15.0,0.25585938,0.28125,25,0.28125,0.22508425
215.0,14.0,30.0,1.0400391,1.15625,25,1.15625,0.91495775
215.0,15.0,45.0,2.4091797,2.71875,25,2.71875,2.15063075
215.0,16.0,60.0,4.2646484,4.96875,25,4.96875,3.971071
215.0,17.0,75.0,6.1953125,7.78125,25,7.78125,6.27142325
215.0,18.0,90.0,7.0390625,9.625,25,9.625,7.50220175
215.0,19.0,105.0,5.1171875,7.59375,25,7.59375,5.78686775
215.0,20.0,120.0,3.803711,4.9375,25,4.9375,3.73293475
215.0,21.0,135.0,2.2490234,2.75,25,2.75,2.03642575
215.0,22.0,150.0,1.2099609,1.21875,25,1.21875,0.8605535
215.0,23.0,165.0,0.54785156,0.3125,25,0.3125,0.2021805
215.0,24.0,180.0,0.3154297,0.03125,25,0.03125,0.0
430.0,1.0,-165.0,3.5097656,3.0625,26,3.0625,3.4538855
430.0,2.0,-150.0,1.6328125,0.90625,26,0.90625,1.295411
430.0,3.0,-135.0,2.4023438,1.84375,26,1.84375,2.15778425
430.0,4.0,-120.0,2.9472656,2.6875,26,2.6875,2.8314055
430.0,5.0,-105.0,1.9453125,1.46875,26,1.46875,1.853133
430.0,6.0,-90.0,0.6582031,0.5625,26,0.5625,0.625241
430.0,7.0,-75.0,0.0,0.375,26,0.375,0.0
430.0,8.0,-60.0,0.44726562,1.1875,26,1.1875,0.45299225
430.0,9.0,-45.0,1.9042969,2.8125,26,2.8125,1.86536925
430.0,10.0,-30.0,3.9414062,4.75,26,4.75,3.74347675
430.0,11.0,-15.0,5.7910156,6.375,26,6.375,5.296351
430.0,12.0,0.0,6.53125,7.15625,26,7.15625,5.92341175
430.0,13.0,15.0,5.798828,6.375,26,6.375,5.29867275
430.0,14.0,30.0,3.9433594,4.75,26,4.75,3.74335125
430.0,15.0,45.0,1.9042969,2.8125,26,2.8125,1.865683
430.0,16.0,60.0,0.44726562,1.1875,26,1.1875,0.45349425
430.0,17.0,75.0,0.001953125,0.375,26,0.375,0.0006275
430.0,18.0,90.0,0.6640625,0.625,26,0.625,0.638795
430.0,19.0,105.0,1.9433594,1.46875,26,1.46875,1.85783925
430.0,20.0,120.0,2.9472656,2.6875,26,2.6875,2.83385275
430.0,21.0,135.0,2.40625,1.84375,26,1.84375,2.15665475
430.0,22.0,150.0,1.6269531,0.90625,26,0.90625,1.29509725
430.0,23.0,165.0,3.5117188,3.0625,26,3.0625,3.4536345
430.0,24.0,180.0,1.015625,0.0,26,0.0,0.38785775
377.0,1.0,-165.0,5.845703,7.96875,27,7.96875,7.096021
377.0,2.0,-150.0,4.7851562,7.125,27,7.125,6.1107205
377.0,3.0,-135.0,4.334961,6.9375,27,6.9375,5.77168225
377.0,4.0,-120.0,4.5117188,7.34375,27,7.34375,6.04138175
377.0,5.0,-105.0,4.8466797,7.96875,27,7.96875,6.5123205
377.0,6.0,-90.0,4.243164,7.78125,27,7.78125,6.30330025
377.0,7.0,-75.0,3.3710938,5.9375,27,5.9375,4.880444
377.0,8.0,-60.0,2.15625,3.8125,27,3.8125,3.1436495
377.0,9.0,-45.0,1.1503906,2.09375,27,2.09375,1.76333775
377.0,10.0,-30.0,0.5654297,0.9375,27,0.9375,0.88835175
377.0,11.0,-15.0,0.3486328,0.3125,27,0.3125,0.39024225
377.0,12.0,0.0,0.19140625,0.0,27,0.0,0.08690875
377.0,13.0,15.0,0.0,0.03125,27,0.03125,0.0
377.0,14.0,30.0,0.09082031,0.625,27,0.625,0.3572985
377.0,15.0,45.0,0.7470703,1.875,27,1.875,1.33111575
377.0,16.0,60.0,1.9404297,3.78125,27,3.78125,2.9202595
377.0,17.0,75.0,3.3378906,6.03125,27,6.03125,4.816439
377.0,18.0,90.0,4.2558594,7.8125,27,7.8125,6.30342575
377.0,19.0,105.0,4.767578,8.03125,27,8.03125,6.62257225
377.0,20.0,120.0,4.7333984,7.65625,27,7.65625,6.45151575
377.0,21.0,135.0,4.9785156,7.625,27,7.625,6.64026775
377.0,22.0,150.0,5.9179688,8.34375,27,8.34375,7.569156
377.0,23.0,165.0,7.2578125,9.40625,27,9.40625,8.808092
377.0,24.0,180.0,6.9746094,9.09375,27,9.09375,8.35974325
98.0,1.0,-165.0,0.0,0.375,28,0.375,0.07599025
98.0,2.0,-150.0,0.8652344,1.625,28,1.625,0.73323375
98.0,3.0,-135.0,2.1669922,3.3125,28,3.3125,1.701278
98.0,4.0,-120.0,3.3632812,5.15625,28,5.15625,2.86911825
98.0,5.0,-105.0,4.6679688,6.6875,28,6.6875,4.00614825
98.0,6.0,-90.0,6.104492,7.21875,28,7.21875,4.60679125
98.0,7.0,-75.0,4.716797,6.40625,28,6.40625,3.87085925
98.0,8.0,-60.0,3.2978516,4.8125,28,4.8125,2.6707655
98.0,9.0,-45.0,1.9716797,3.0,28,3.0,1.50480775
98.0,10.0,-30.0,0.72265625,1.40625,28,1.40625,0.60698075
98.0,11.0,-15.0,0.83496094,0.0,28,0.0,0.0
98.0,12.0,0.0,1.3046875,0.375,28,0.375,0.67023275
98.0,13.0,15.0,0.8339844,0.0,28,0.0,0.0003765
98.0,14.0,30.0,0.7216797,1.40625,28,1.40625,0.60742
98.0,15.0,45.0,1.9785156,3.0,28,3.0,1.50907475
98.0,16.0,60.0,3.2910156,4.8125,28,4.8125,2.66618475
98.0,17.0,75.0,4.716797,6.40625,28,6.40625,3.870922
98.0,18.0,90.0,6.104492,7.21875,28,7.21875,4.60679125
98.0,19.0,105.0,4.6083984,6.6875,28,6.6875,3.993912
98.0,20.0,120.0,3.3574219,5.15625,28,5.15625,2.8652905
98.0,21.0,135.0,2.163086,3.3125,28,3.3125,1.69676
98.0,22.0,150.0,0.8642578,1.625,28,1.625,0.734175
98.0,23.0,165.0,0.9121094,0.0625,28,0.0625,0.02691975
98.0,24.0,180.0,1.3066406,0.375,28,0.375,0.6720525
135.0,1.0,-165.0,1.543457,2.0,29,2.0,1.86160425
135.0,2.0,-150.0,0.8852539,1.09375,29,1.09375,1.050184
135.0,3.0,-135.0,0.25,0.328125,29,0.328125,0.328057
135.0,4.0,-120.0,0.0,0.0,29,0.0,0.0
135.0,5.0,-105.0,0.42236328,0.203125,29,0.203125,0.17814725
135.0,6.0,-90.0,1.309082,0.921875,29,0.921875,0.81505975
135.0,7.0,-75.0,2.1923828,1.90625,29,1.90625,1.692493
135.0,8.0,-60.0,1.8095703,2.015625,29,2.015625,1.857651
135.0,9.0,-45.0,1.2607422,1.515625,29,1.515625,1.31844025
135.0,10.0,-30.0,0.6640625,0.890625,29,0.890625,0.62091125
135.0,11.0,-15.0,0.2734375,0.59375,29,0.59375,0.23964225
135.0,12.0,0.0,0.36865234,0.84375,29,0.84375,0.42864525
135.0,13.0,15.0,0.2734375,0.59375,29,0.59375,0.239705
135.0,14.0,30.0,0.66503906,0.890625,29,0.890625,0.62091125
135.0,15.0,45.0,1.2583008,1.515625,29,1.515625,1.31818925
135.0,16.0,60.0,1.8085938,2.015625,29,2.015625,1.856647
135.0,17.0,75.0,2.192871,1.90625,29,1.90625,1.69243025
135.0,18.0,90.0,1.3071289,0.921875,29,0.921875,0.81493425
135.0,19.0,105.0,0.42626953,0.203125,29,0.203125,0.180469
135.0,20.0,120.0,0.0,0.0,29,0.0,0.0
135.0,21.0,135.0,0.25048828,0.328125,29,0.328125,0.328559
135.0,22.0,150.0,0.8852539,1.09375,29,1.09375,1.050184
135.0,23.0,165.0,1.5444336,2.0,29,2.0,1.8610395
135.0,24.0,180.0,1.9916992,2.46875,29,2.46875,2.2729305
97.0,1.0,-165.0,5.3789062,7.0,30,7.0,6.37621575
97.0,2.0,-150.0,5.7177734,7.4375,30,7.4375,6.623388
97.0,3.0,-135.0,6.4052734,8.21875,30,8.21875,7.12883925
97.0,4.0,-120.0,7.5859375,9.40625,30,9.40625,8.0351375
97.0,5.0,-105.0,9.280273,10.90625,30,10.90625,9.333435
97.0,6.0,-90.0,11.254883,12.5,30,12.5,10.82029625
97.0,7.0,-75.0,6.373047,7.0625,30,7.0625,5.9049005
97.0,8.0,-60.0,4.1279297,4.40625,30,4.40625,3.6401275
97.0,9.0,-45.0,2.2314453,2.34375,30,2.34375,1.92171875
97.0,10.0,-30.0,0.9404297,1.0,30,1.0,0.8018195
97.0,11.0,-15.0,0.23046875,0.25,30,0.25,0.19132475
97.0,12.0,0.0,0.0,0.0,30,0.0,0.0
97.0,13.0,15.0,0.22753906,0.25,30,0.25,0.19396025
97.0,14.0,30.0,0.93652344,1.0,30,1.0,0.80489425
97.0,15.0,45.0,2.225586,2.34375,30,2.34375,1.92460525
97.0,16.0,60.0,4.120117,4.40625,30,4.40625,3.6391235
97.0,17.0,75.0,6.373047,7.0625,30,7.0625,5.90458675
97.0,18.0,90.0,11.246094,12.5,30,12.5,10.81703325
97.0,19.0,105.0,9.279297,10.90625,30,10.90625,9.333686
97.0,20.0,120.0,7.5898438,9.40625,30,9.40625,8.0351375
97.0,21.0,135.0,6.399414,8.21875,30,8.21875,7.12695675
97.0,22.0,150.0,5.7216797,7.46875,30,7.46875,6.6217565
97.0,23.0,165.0,5.3779297,7.0,30,7.0,6.37696875
97.0,24.0,180.0,5.267578,6.84375,30,6.84375,6.3047435
82.0,1.0,-165.0,0.0,0.0,31,0.0,0.01236175
82.0,2.0,-150.0,0.50683594,1.25,31,1.25,0.98900275
82.0,3.0,-135.0,2.2070312,3.15625,31,3.15625,2.430182
82.0,4.0,-120.0,5.069336,5.5,31,5.5,4.37700075
82.0,5.0,-105.0,8.220703,7.90625,31,7.90625,6.35387675
82.0,6.0,-90.0,11.269531,9.3125,31,9.3125,7.28734575
82.0,7.0,-75.0,6.955078,8.59375,31,8.59375,5.5936605
82.0,8.0,-60.0,4.0585938,7.0,31,7.0,4.37850675
82.0,9.0,-45.0,1.3359375,2.75,31,2.75,1.437979
82.0,10.0,-30.0,0.71777344,3.0,31,3.0,2.22605625
82.0,11.0,-15.0,1.5175781,3.78125,31,3.78125,2.8534935
82.0,12.0,0.0,0.9111328,3.34375,31,3.34375,2.4875355
82.0,13.0,15.0,1.53125,3.78125,31,3.78125,2.867675
82.0,14.0,30.0,0.7158203,3.0,31,3.0,2.22643275
82.0,15.0,45.0,1.3330078,2.75,31,2.75,1.43214325
82.0,16.0,60.0,6.0117188,7.59375,31,7.59375,5.80857925
82.0,17.0,75.0,9.206055,8.9375,31,8.9375,6.7703485
82.0,18.0,90.0,11.265625,9.34375,31,9.34375,7.2429815
82.0,19.0,105.0,4.9648438,6.71875,31,6.71875,4.06224675
82.0,20.0,120.0,2.9951172,4.3125,31,4.3125,2.33373525
82.0,21.0,135.0,0.7314453,1.8125,31,1.8125,0.57861775
82.0,22.0,150.0,0.50878906,1.25,31,1.25,0.9860535
82.0,23.0,165.0,0.001953125,0.0,31,0.0,0.0134285
82.0,24.0,180.0,1.2353516,0.3125,31,0.3125,0.0
426.0,1.0,-165.0,0.34179688,0.28125,32,0.28125,0.187999
426.0,2.0,-150.0,1.2851562,1.125,32,1.125,0.77552725
426.0,3.0,-135.0,2.5898438,2.46875,32,2.46875,1.76045125
426.0,4.0,-120.0,3.9824219,4.125,32,4.125,3.0324565
426.0,5.0,-105.0,5.2578125,5.75,32,5.75,4.29178625
426.0,6.0,-90.0,6.0498047,6.78125,32,6.78125,5.13138125
426.0,7.0,-75.0,6.0,6.71875,32,6.71875,5.281542
426.0,8.0,-60.0,5.4404297,5.71875,32,5.71875,4.76718025
426.0,9.0,-45.0,4.620117,4.46875,32,4.46875,3.990147
426.0,10.0,-30.0,3.8486328,3.4375,32,3.4375,3.33886475
426.0,11.0,-15.0,3.3515625,2.8125,32,2.8125,2.98093875
426.0,12.0,0.0,3.1767578,2.625,32,2.625,2.86485125
426.0,13.0,15.0,3.3515625,2.8125,32,2.8125,2.98081325
426.0,14.0,30.0,3.8486328,3.4375,32,3.4375,3.3389275
426.0,15.0,45.0,4.620117,4.46875,32,4.46875,3.9900215
426.0,16.0,60.0,5.4453125,5.71875,32,5.71875,4.76755675
426.0,17.0,75.0,6.0,6.71875,32,6.71875,5.2816675
426.0,18.0,90.0,6.0478516,6.78125,32,6.78125,5.13150675
426.0,19.0,105.0,5.260742,5.75,32,5.75,4.2919745
426.0,20.0,120.0,3.9824219,4.125,32,4.125,3.032582
426.0,21.0,135.0,2.5898438,2.46875,32,2.46875,1.76045125
426.0,22.0,150.0,1.2832031,1.125,32,1.125,0.77176225
426.0,23.0,165.0,0.34179688,0.28125,32,0.28125,0.1878735
426.0,24.0,180.0,0.0,0.0,32,0.0,0.0
127.0,1.0,-165.0,2.1376953,2.5625,33,2.5625,2.064977
127.0,2.0,-150.0,2.5097656,2.65625,33,2.65625,2.467581
127.0,3.0,-135.0,4.0947266,3.90625,33,3.90625,3.5593055
127.0,4.0,-120.0,3.875,4.0,33,4.0,3.7701455
127.0,5.0,-105.0,3.3417969,2.96875,33,2.96875,2.72014975
127.0,6.0,-90.0,1.8964844,1.40625,33,1.40625,1.42448775
127.0,7.0,-75.0,0.5546875,0.34375,33,0.34375,0.29523875
127.0,8.0,-60.0,0.24121094,0.125,33,0.125,0.1534865
127.0,9.0,-45.0,1.7001953,1.375,33,1.375,1.3748525
127.0,10.0,-30.0,3.711914,3.34375,33,3.34375,3.47277325
127.0,11.0,-15.0,4.935547,5.1875,33,5.1875,5.23429125
127.0,12.0,0.0,5.1679688,5.65625,33,5.65625,5.70253175
127.0,13.0,15.0,4.538086,4.375,33,4.375,4.460019
127.0,14.0,30.0,2.9941406,2.5,33,2.5,2.56227075
127.0,15.0,45.0,1.0400391,0.6875,33,0.6875,0.777096
127.0,16.0,60.0,0.7265625,0.34375,33,0.34375,0.32824525
127.0,17.0,75.0,0.9941406,0.78125,33,0.78125,0.694768
127.0,18.0,90.0,2.506836,2.21875,33,2.21875,2.03316275
127.0,19.0,105.0,3.6826172,3.75,33,3.75,3.3313975
127.0,20.0,120.0,4.338867,4.09375,33,4.09375,3.7786795
127.0,21.0,135.0,3.475586,3.28125,33,3.28125,3.10028925
127.0,22.0,150.0,1.8144531,1.75,33,1.75,1.70861975
127.0,23.0,165.0,0.4560547,0.4375,33,0.4375,0.447784
127.0,24.0,180.0,0.0,0.0,33,0.0,0.0
59.0,1.0,-165.0,0.015625,0.0625,34,0.0625,0.2440975
59.0,2.0,-150.0,0.1875,0.375,34,0.375,0.6231075
59.0,3.0,-135.0,0.3095703,0.8125,34,0.8125,0.9770175
59.0,4.0,-120.0,0.296875,1.25,34,1.25,1.1815825
59.0,5.0,-105.0,0.3076172,1.5,34,1.5,1.1727975
59.0,6.0,-90.0,0.36132812,1.625,34,1.625,0.9883125
59.0,7.0,-75.0,0.39648438,1.75,34,1.75,0.8201425
59.0,8.0,-60.0,0.8183594,2.3125,34,2.3125,1.23743
59.0,9.0,-45.0,1.9970703,3.5,34,3.5,2.47737
59.0,10.0,-30.0,3.5527344,4.9375,34,4.9375,4.140245
59.0,11.0,-15.0,4.7148438,6.0625,34,6.0625,5.370145
59.0,12.0,0.0,5.220703,6.6875,34,6.6875,5.8062575
59.0,13.0,15.0,4.720703,6.0625,34,6.0625,5.3714
59.0,14.0,30.0,3.5527344,4.9375,34,4.9375,4.140245
59.0,15.0,45.0,2.0039062,3.5,34,3.5,2.4767425
59.0,16.0,60.0,0.8203125,2.3125,34,2.3125,1.2368025
59.0,17.0,75.0,0.3955078,1.75,34,1.75,0.82077
59.0,18.0,90.0,0.36132812,1.625,34,1.625,0.9895675
59.0,19.0,105.0,0.3095703,1.5,34,1.5,1.173425
59.0,20.0,120.0,0.29101562,1.25,34,1.25,1.18221
59.0,21.0,135.0,0.30664062,0.8125,34,0.8125,0.9770175
59.0,22.0,150.0,0.18261719,0.375,34,0.375,0.62248
59.0,23.0,165.0,0.0126953125,0.0625,34,0.0625,0.2440975
59.0,24.0,180.0,0.0,0.0,34,0.0,0.0
484.0,1.0,-165.0,0.19335938,0.34375,35,0.34375,0.1753235
484.0,2.0,-150.0,0.8515625,1.40625,35,1.40625,0.845619
484.0,3.0,-135.0,2.0576172,3.1875,35,3.1875,2.1406535
484.0,4.0,-120.0,3.709961,5.375,35,5.375,3.8680355
484.0,5.0,-105.0,5.4052734,7.3125,35,7.3125,5.44563325
484.0,6.0,-90.0,6.104492,8.15625,35,8.15625,6.12082325
484.0,7.0,-75.0,5.373047,7.34375,35,7.34375,5.45341425
484.0,8.0,-60.0,3.6845703,5.375,35,5.375,3.88046
484.0,9.0,-45.0,2.0546875,3.1875,35,3.1875,2.13205675
484.0,10.0,-30.0,0.859375,1.40625,35,1.40625,0.8349515
484.0,11.0,-15.0,0.20996094,0.34375,35,0.34375,0.17450775
484.0,12.0,0.0,0.0,0.0,35,0.0,0.0
484.0,13.0,15.0,0.20996094,0.34375,35,0.34375,0.17450775
484.0,14.0,30.0,0.85839844,1.40625,35,1.40625,0.8354535
484.0,15.0,45.0,2.0478516,3.1875,35,3.1875,2.13092725
484.0,16.0,60.0,3.6826172,5.375,35,5.375,3.880962
484.0,17.0,75.0,5.370117,7.34375,35,7.34375,5.454481
484.0,18.0,90.0,6.107422,8.15625,35,8.15625,6.120635
484.0,19.0,105.0,5.411133,7.3125,35,7.3125,5.44362525
484.0,20.0,120.0,3.709961,5.375,35,5.375,3.86910225
484.0,21.0,135.0,2.0576172,3.1875,35,3.1875,2.1406535
484.0,22.0,150.0,0.85058594,1.40625,35,1.40625,0.845619
484.0,23.0,165.0,0.20117188,0.34375,35,0.34375,0.17300175
484.0,24.0,180.0,0.0009765625,0.0,35,0.0,0.001506
288.0,1.0,-165.0,1.1054688,1.6875,36,1.6875,1.70046225
288.0,2.0,-150.0,1.3505859,1.75,36,1.75,1.876978
288.0,3.0,-135.0,1.6416016,1.59375,36,1.59375,1.8690715
288.0,4.0,-120.0,1.3027344,1.21875,36,1.21875,1.47318175
288.0,5.0,-105.0,0.73828125,0.78125,36,0.78125,0.89337175
288.0,6.0,-90.0,0.2919922,0.3125,36,0.3125,0.346631
288.0,7.0,-75.0,0.0029296875,0.0,36,0.0,0.0008785
288.0,8.0,-60.0,0.0029296875,0.09375,36,0.09375,0.09920775
288.0,9.0,-45.0,0.29882812,0.5625,36,0.5625,0.58125325
288.0,10.0,-30.0,0.8339844,1.25,36,1.25,1.2930265
288.0,11.0,-15.0,1.3779297,1.9375,36,1.9375,1.93200975
288.0,12.0,0.0,1.59375,2.21875,36,2.21875,2.1956225
288.0,13.0,15.0,1.3759766,1.9375,36,1.9375,1.93313925
288.0,14.0,30.0,0.8466797,1.25,36,1.25,1.2892615
288.0,15.0,45.0,0.27148438,0.53125,36,0.53125,0.58439075
288.0,16.0,60.0,0.0126953125,0.09375,36,0.09375,0.1037885
288.0,17.0,75.0,0.0,0.0,36,0.0,0.0
288.0,18.0,90.0,0.2919922,0.3125,36,0.3125,0.34656825
288.0,19.0,105.0,0.7373047,0.78125,36,0.78125,0.893309
288.0,20.0,120.0,1.3056641,1.21875,36,1.21875,1.47330725
288.0,21.0,135.0,1.6396484,1.59375,36,1.59375,1.8683185
288.0,22.0,150.0,1.3681641,1.75,36,1.75,1.8793625
288.0,23.0,165.0,1.1074219,1.6875,36,1.6875,1.70184275
288.0,24.0,180.0,0.90234375,1.65625,36,1.65625,1.63708475
314.0,1.0,-165.0,0.76171875,0.0,37,0.0,0.1441995
314.0,2.0,-150.0,0.5800781,0.4375,37,0.4375,0.00194525
314.0,3.0,-135.0,1.5644531,2.0,37,2.0,0.9466465
314.0,4.0,-120.0,1.5761719,5.5625,37,5.5625,2.0289585
314.0,5.0,-105.0,1.2402344,5.375,37,5.375,1.9084785
314.0,6.0,-90.0,1.3222656,4.625,37,4.625,1.8781075
314.0,7.0,-75.0,0.88671875,2.9375,37,2.9375,1.2039215
314.0,8.0,-60.0,0.09375,1.375,37,1.375,0.440254
314.0,9.0,-45.0,0.005859375,0.625,37,0.625,0.32699025
314.0,10.0,-30.0,0.73046875,0.8125,37,0.8125,1.06819325
314.0,11.0,-15.0,2.2304688,1.8125,37,1.8125,2.523303
314.0,12.0,0.0,3.3515625,2.75,37,2.75,3.73393875
314.0,13.0,15.0,2.21875,1.8125,37,1.8125,2.5174045
314.0,14.0,30.0,0.7285156,0.8125,37,0.8125,1.06926
314.0,15.0,45.0,0.0,0.625,37,0.625,0.32912375
314.0,16.0,60.0,0.09375,1.375,37,1.375,0.43680275
314.0,17.0,75.0,0.875,2.9375,37,2.9375,1.19657975
314.0,18.0,90.0,1.3222656,4.625,37,4.625,1.87289925
314.0,19.0,105.0,1.2402344,5.375,37,5.375,1.90992175
314.0,20.0,120.0,1.5761719,5.5625,37,5.5625,2.030088
314.0,21.0,135.0,1.5644531,2.0,37,2.0,0.9453915
314.0,22.0,150.0,0.5878906,0.4375,37,0.4375,0.0
314.0,23.0,165.0,0.7597656,0.0,37,0.0,0.14300725
314.0,24.0,180.0,1.9804688,0.6875,37,0.6875,1.23950075
201.0,1.0,-165.0,0.21582031,0.3125,38,0.3125,0.20625925
201.0,2.0,-150.0,0.8876953,1.21875,38,1.21875,0.860679
201.0,3.0,-135.0,1.9707031,2.65625,38,2.65625,1.97317375
201.0,4.0,-120.0,3.3115234,4.46875,38,4.46875,3.3700515
201.0,5.0,-105.0,4.5742188,6.15625,38,6.15625,4.61469775
201.0,6.0,-90.0,5.0683594,6.875,38,6.875,5.113372
201.0,7.0,-75.0,4.5585938,6.15625,38,6.15625,4.631452
201.0,8.0,-60.0,3.305664,4.53125,38,4.53125,3.4240165
201.0,9.0,-45.0,1.9755859,2.71875,38,2.71875,2.03429225
201.0,10.0,-30.0,0.9033203,1.25,38,1.25,0.898831
201.0,11.0,-15.0,0.22167969,0.3125,38,0.3125,0.2149815
201.0,12.0,0.0,0.0,0.0,38,0.0,0.0
201.0,13.0,15.0,0.22167969,0.3125,38,0.3125,0.2149815
201.0,14.0,30.0,0.9033203,1.25,38,1.25,0.898831
201.0,15.0,45.0,1.9765625,2.71875,38,2.71875,2.0359865
201.0,16.0,60.0,3.3085938,4.53125,38,4.53125,3.423891
201.0,17.0,75.0,4.560547,6.15625,38,6.15625,4.632456
201.0,18.0,90.0,5.073242,6.875,38,6.875,5.1157565
201.0,19.0,105.0,4.5742188,6.15625,38,6.15625,4.61469775
201.0,20.0,120.0,3.3115234,4.46875,38,4.46875,3.3700515
201.0,21.0,135.0,1.9707031,2.65625,38,2.65625,1.97317375
201.0,22.0,150.0,0.8876953,1.21875,38,1.21875,0.860679
201.0,23.0,165.0,0.21582031,0.3125,38,0.3125,0.20625925
201.0,24.0,180.0,0.0048828125,0.0,38,0.0,0.00018825
351.0,1.0,-165.0,3.0820312,3.59375,39,3.59375,3.60417175
351.0,2.0,-150.0,1.4492188,1.75,39,1.75,1.7837315
351.0,3.0,-135.0,0.5078125,0.625,39,0.625,0.6810885
351.0,4.0,-120.0,0.0,0.09375,39,0.09375,0.100651
351.0,5.0,-105.0,0.2890625,0.0,39,0.0,0.00251
351.0,6.0,-90.0,0.875,0.46875,39,0.46875,0.75569825
351.0,7.0,-75.0,0.29882812,0.0,39,0.0,0.10498075
351.0,8.0,-60.0,0.029296875,0.0625,39,0.0625,0.007781
351.0,9.0,-45.0,0.6035156,0.75,39,0.75,0.655863
351.0,10.0,-30.0,1.7324219,2.125,39,2.125,2.04634025
351.0,11.0,-15.0,3.578125,4.125,39,4.125,4.102595
351.0,12.0,0.0,5.7539062,6.59375,39,6.59375,6.64566425
351.0,13.0,15.0,3.5839844,4.125,39,4.125,4.105607
351.0,14.0,30.0,1.7304688,2.125,39,2.125,2.040881
351.0,15.0,45.0,0.60546875,0.75,39,0.75,0.65228625
351.0,16.0,60.0,0.03515625,0.0625,39,0.0625,0.008785
351.0,17.0,75.0,0.28320312,0.0,39,0.0,0.1030355
351.0,18.0,90.0,0.8808594,0.46875,39,0.46875,0.75519625
351.0,19.0,105.0,0.28320312,0.0,39,0.0,0.0
351.0,20.0,120.0,0.001953125,0.09375,39,0.09375,0.10297275
351.0,21.0,135.0,0.5019531,0.625,39,0.625,0.67926875
351.0,22.0,150.0,1.4375,1.71875,39,1.71875,1.7854885
351.0,23.0,165.0,3.0957031,3.59375,39,3.59375,3.60705825
351.0,24.0,180.0,5.078125,6.125,39,6.125,6.125153
129.0,1.0,-165.0,0.5361328,1.34375,40,1.34375,1.02853525
129.0,2.0,-150.0,0.0,0.96875,40,0.96875,0.471378
129.0,3.0,-135.0,0.3232422,1.28125,40,1.28125,0.56267925
129.0,4.0,-120.0,1.2753906,2.09375,40,2.09375,1.0995055
129.0,5.0,-105.0,0.8173828,0.9375,40,0.9375,0.57347225
129.0,6.0,-90.0,1.4892578,1.3125,40,1.3125,0.9955915
129.0,7.0,-75.0,1.2373047,1.0,40,1.0,0.850639
129.0,8.0,-60.0,0.7109375,0.34375,40,0.34375,0.346129
129.0,9.0,-45.0,0.33691406,0.0,40,0.0,0.0
129.0,10.0,-30.0,0.6777344,0.28125,40,0.28125,0.214856
129.0,11.0,-15.0,1.8710938,1.3125,40,1.3125,1.0698875
129.0,12.0,0.0,2.2392578,2.9375,40,2.9375,2.4764915
129.0,13.0,15.0,0.81347656,1.65625,40,1.65625,1.294658
129.0,14.0,30.0,0.07714844,1.0,40,1.0,0.58752825
129.0,15.0,45.0,0.16113281,1.0625,40,1.0625,0.503506
129.0,16.0,60.0,1.0185547,1.71875,40,1.71875,0.98649275
129.0,17.0,75.0,0.7529297,0.71875,40,0.71875,0.53644975
129.0,18.0,90.0,1.4394531,1.3125,40,1.3125,0.971119
129.0,19.0,105.0,1.2998047,1.15625,40,1.15625,0.88734775
129.0,20.0,120.0,0.8066406,0.5625,40,0.5625,0.45324325
129.0,21.0,135.0,0.37304688,0.09375,40,0.09375,0.05766725
129.0,22.0,150.0,0.515625,0.09375,40,0.09375,0.07611575
129.0,23.0,165.0,1.4501953,0.875,40,0.875,0.79259525
129.0,24.0,180.0,1.8027344,2.5,40,2.5,2.20308975
461.0,1.0,-165.0,1.3544922,0.84375,41,0.84375,1.1268645
461.0,2.0,-150.0,0.36816406,0.15625,41,0.15625,0.19044625
461.0,3.0,-135.0,0.00390625,0.03125,41,0.03125,0.003765
461.0,4.0,-120.0,0.14160156,0.5,41,0.5,0.325296
461.0,5.0,-105.0,0.72753906,0.5625,41,0.5625,0.691756
461.0,6.0,-90.0,0.4326172,1.28125,41,1.28125,0.998227
461.0,7.0,-75.0,0.68847656,0.4375,41,0.4375,0.653353
461.0,8.0,-60.0,0.10546875,0.40625,41,0.40625,0.29812525
461.0,9.0,-45.0,0.01171875,0.0,41,0.0,0.00018825
461.0,10.0,-30.0,0.5136719,0.1875,41,0.1875,0.269825
461.0,11.0,-15.0,1.5546875,0.96875,41,0.96875,1.259518
461.0,12.0,0.0,2.8691406,1.75,41,1.75,2.5967205
461.0,13.0,15.0,1.5615234,0.96875,41,0.96875,1.25769825
461.0,14.0,30.0,0.51660156,0.1875,41,0.1875,0.27089175
461.0,15.0,45.0,0.01171875,0.0,41,0.0,0.0
461.0,16.0,60.0,0.107421875,0.40625,41,0.40625,0.29812525
461.0,17.0,75.0,0.6933594,0.4375,41,0.4375,0.6544825
461.0,18.0,90.0,0.52246094,1.21875,41,1.21875,1.007263
461.0,19.0,105.0,0.70214844,0.59375,41,0.59375,0.6825945
461.0,20.0,120.0,0.14550781,0.5,41,0.5,0.3276805
461.0,21.0,135.0,0.0,0.03125,41,0.03125,0.00207075
461.0,22.0,150.0,0.3671875,0.09375,41,0.09375,0.198541
461.0,23.0,165.0,1.2822266,0.875,41,0.875,1.13621425
461.0,24.0,180.0,2.78125,1.75,41,1.75,2.52010275
159.0,1.0,-165.0,0.15820312,0.0,42,0.0,0.08126125
159.0,2.0,-150.0,0.7558594,0.28125,42,0.28125,0.4732605
159.0,3.0,-135.0,1.6933594,0.96875,42,0.96875,1.08802225
159.0,4.0,-120.0,2.7460938,1.96875,42,1.96875,1.87151875
159.0,5.0,-105.0,3.4394531,3.15625,42,3.15625,2.6198125
159.0,6.0,-90.0,3.7304688,4.21875,42,4.21875,3.136747
159.0,7.0,-75.0,1.6914062,2.59375,42,2.59375,1.457055
159.0,8.0,-60.0,1.2402344,2.125,42,2.125,1.1574865
159.0,9.0,-45.0,1.4980469,2.4375,42,2.4375,1.709812
159.0,10.0,-30.0,2.2011719,3.34375,42,3.34375,2.84062975
159.0,11.0,-15.0,3.1230469,4.53125,42,4.53125,4.16911
159.0,12.0,0.0,3.9238281,5.6875,42,5.6875,5.28022425
159.0,13.0,15.0,3.1230469,4.53125,42,4.53125,4.1694865
159.0,14.0,30.0,2.1933594,3.34375,42,3.34375,2.84062975
159.0,15.0,45.0,1.4980469,2.4375,42,2.4375,1.71000025
159.0,16.0,60.0,1.234375,2.125,42,2.125,1.1572355
159.0,17.0,75.0,1.6914062,2.59375,42,2.59375,1.4576825
159.0,18.0,90.0,3.734375,4.21875,42,4.21875,3.1371235
159.0,19.0,105.0,3.4355469,3.15625,42,3.15625,2.6190595
159.0,20.0,120.0,2.7480469,1.96875,42,1.96875,1.871958
159.0,21.0,135.0,1.6933594,0.96875,42,0.96875,1.08764575
159.0,22.0,150.0,0.75390625,0.28125,42,0.28125,0.47257025
159.0,23.0,165.0,0.15820312,0.0,42,0.0,0.081575
159.0,24.0,180.0,0.0,0.21875,42,0.21875,0.0
315.0,1.0,-165.0,0.65527344,0.34375,43,0.34375,0.3555415
315.0,2.0,-150.0,1.0957031,0.625,43,0.625,0.5254685
315.0,3.0,-135.0,1.7832031,1.34375,43,1.34375,1.0917245
315.0,4.0,-120.0,2.5966797,2.40625,43,2.40625,1.95660775
315.0,5.0,-105.0,3.3935547,3.375,43,3.375,2.78980225
315.0,6.0,-90.0,3.899414,3.8125,43,3.8125,3.10681525
315.0,7.0,-75.0,3.4580078,3.34375,43,3.34375,2.666122
315.0,8.0,-60.0,2.6552734,2.3125,43,2.3125,1.78592775
315.0,9.0,-45.0,1.6279297,1.21875,43,1.21875,0.8916775
315.0,10.0,-30.0,0.70410156,0.46875,43,0.46875,0.28645375
315.0,11.0,-15.0,0.16015625,0.09375,43,0.09375,0.0317515
315.0,12.0,0.0,0.0,0.0,43,0.0,0.0
315.0,13.0,15.0,0.16015625,0.09375,43,0.09375,0.0317515
315.0,14.0,30.0,0.70410156,0.46875,43,0.46875,0.28645375
315.0,15.0,45.0,1.6289062,1.21875,43,1.21875,0.8936855
315.0,16.0,60.0,2.65625,2.3125,43,2.3125,1.78479825
315.0,17.0,75.0,3.4648438,3.34375,43,3.34375,2.671142
315.0,18.0,90.0,3.899414,3.8125,43,3.8125,3.10681525
315.0,19.0,105.0,3.3935547,3.375,43,3.375,2.78980225
315.0,20.0,120.0,2.5966797,2.40625,43,2.40625,1.95660775
315.0,21.0,135.0,1.7832031,1.34375,43,1.34375,1.0917245
315.0,22.0,150.0,1.0996094,0.625,43,0.625,0.5262215
315.0,23.0,165.0,0.65527344,0.34375,43,0.34375,0.3555415
315.0,24.0,180.0,0.45898438,0.28125,43,0.28125,0.3645775
137.0,1.0,-165.0,3.8916016,3.78125,44,3.78125,4.0083445
137.0,2.0,-150.0,1.8662109,2.0625,44,2.0625,2.08838275
137.0,3.0,-135.0,0.9316406,1.34375,44,1.34375,1.15190175
137.0,4.0,-120.0,0.859375,1.3125,44,1.3125,0.92022875
137.0,5.0,-105.0,1.1708984,1.375,44,1.375,1.32245625
137.0,6.0,-90.0,1.2402344,1.21875,44,1.21875,1.62227575
137.0,7.0,-75.0,0.5419922,1.15625,44,1.15625,0.815248
137.0,8.0,-60.0,0.001953125,0.15625,44,0.15625,0.0001255
137.0,9.0,-45.0,0.33496094,0.0,44,0.0,0.12895125
137.0,10.0,-30.0,1.6630859,0.90625,44,0.90625,1.38552
137.0,11.0,-15.0,3.8544922,2.8125,44,2.8125,3.700242
137.0,12.0,0.0,6.611328,5.46875,44,5.46875,6.81716
137.0,13.0,15.0,3.84375,2.8125,44,2.8125,3.70055575
137.0,14.0,30.0,1.6660156,0.90625,44,0.90625,1.385771
137.0,15.0,45.0,0.33203125,0.0,44,0.0,0.1271315
137.0,16.0,60.0,0.0,0.15625,44,0.15625,0.0
137.0,17.0,75.0,0.5410156,1.15625,44,1.15625,0.81531075
137.0,18.0,90.0,1.2382812,1.21875,44,1.21875,1.62428375
137.0,19.0,105.0,1.1796875,1.375,44,1.375,1.32735075
137.0,20.0,120.0,0.8574219,1.3125,44,1.3125,0.91985225
137.0,21.0,135.0,0.9296875,1.34375,44,1.34375,1.14989375
137.0,22.0,150.0,1.8681641,2.0625,44,2.0625,2.09013975
137.0,23.0,165.0,3.8623047,3.78125,44,3.78125,4.0003125
137.0,24.0,180.0,6.6552734,6.5625,44,6.5625,6.986334
73.0,1.0,-165.0,3.6425781,2.125,45,2.125,4.24497475
73.0,2.0,-150.0,3.9121094,2.5,45,2.5,4.62737325
73.0,3.0,-135.0,3.2539062,2.25,45,2.25,4.02384375
73.0,4.0,-120.0,2.7246094,1.4375,45,1.4375,2.8994265
73.0,5.0,-105.0,1.9707031,0.6875,45,0.6875,1.66256125
73.0,6.0,-90.0,1.3339844,0.3125,45,0.3125,0.84718775
73.0,7.0,-75.0,1.0400391,0.5625,45,0.5625,0.6138205
73.0,8.0,-60.0,0.37695312,0.0,45,0.0,0.007028
73.0,9.0,-45.0,0.0,0.3125,45,0.3125,0.0
73.0,10.0,-30.0,0.9404297,1.8125,45,1.8125,1.38382575
73.0,11.0,-15.0,3.303711,4.125,45,4.125,4.036582
73.0,12.0,0.0,5.076172,6.5625,45,6.5625,6.93669875
73.0,13.0,15.0,3.3066406,4.125,45,4.125,4.03313075
73.0,14.0,30.0,0.94140625,1.8125,45,1.8125,1.38420225
73.0,15.0,45.0,0.0029296875,0.3125,45,0.3125,6.27e-05
73.0,16.0,60.0,0.37402344,0.0,45,0.0,0.0064005
73.0,17.0,75.0,1.0625,0.5625,45,0.5625,0.623233
73.0,18.0,90.0,1.3378906,0.3125,45,0.3125,0.83162575
73.0,19.0,105.0,1.9775391,0.6875,45,0.6875,1.6750485
73.0,20.0,120.0,2.7216797,1.4375,45,1.4375,2.8989245
73.0,21.0,135.0,3.2666016,2.25,45,2.25,4.0301815
73.0,22.0,150.0,3.915039,2.5,45,2.5,4.626934
73.0,23.0,165.0,3.6552734,2.125,45,2.125,4.254199
73.0,24.0,180.0,3.2685547,1.9375,45,1.9375,3.719569
33.0,1.0,-165.0,2.640625,2.09375,46,2.09375,1.505498
33.0,2.0,-150.0,4.758789,4.03125,46,4.03125,3.33509975
33.0,3.0,-135.0,7.064453,5.8125,46,5.8125,5.23793075
33.0,4.0,-120.0,5.364258,4.8125,46,4.8125,4.4684275
33.0,5.0,-105.0,4.1279297,4.0625,46,4.0625,3.50778775
33.0,6.0,-90.0,3.3164062,3.6875,46,3.6875,2.9709615
33.0,7.0,-75.0,3.321289,4.09375,46,4.09375,3.445226
33.0,8.0,-60.0,4.3203125,4.78125,46,4.78125,4.1762635
33.0,9.0,-45.0,4.2216797,4.03125,46,4.03125,3.37576175
33.0,10.0,-30.0,4.7734375,4.15625,46,4.15625,3.4074505
33.0,11.0,-15.0,6.0507812,4.8125,46,4.8125,4.09562975
33.0,12.0,0.0,7.4716797,5.53125,46,5.53125,4.9533595
33.0,13.0,15.0,6.0898438,5.53125,46,5.53125,5.5743335
33.0,14.0,30.0,3.6855469,3.46875,46,3.46875,3.329515
33.0,15.0,45.0,1.7412109,1.53125,46,1.53125,1.27715075
33.0,16.0,60.0,0.5966797,0.5,46,0.5,0.2832535
33.0,17.0,75.0,0.26367188,0.4375,46,0.4375,0.4576985
33.0,18.0,90.0,1.6396484,0.71875,46,0.71875,1.2207385
33.0,19.0,105.0,1.5146484,0.46875,46,0.46875,0.9024705
33.0,20.0,120.0,0.9980469,0.125,46,0.125,0.3919365
33.0,21.0,135.0,0.28320312,0.0,46,0.0,0.0
33.0,22.0,150.0,0.0,0.5,46,0.5,0.3163855
33.0,23.0,165.0,0.8984375,0.84375,46,0.84375,0.659126
33.0,24.0,180.0,1.4550781,0.96875,46,0.96875,0.57510375
197.0,1.0,-165.0,0.9111328,0.875,47,0.875,0.8502625
197.0,2.0,-150.0,0.6220703,0.34375,47,0.34375,0.427453
197.0,3.0,-135.0,0.2607422,0.0,47,0.0,0.0929955
197.0,4.0,-120.0,0.0029296875,0.03125,47,0.03125,0.002008
197.0,5.0,-105.0,0.0859375,0.5,47,0.5,0.2074515
197.0,6.0,-90.0,0.57421875,1.3125,47,1.3125,0.709577
197.0,7.0,-75.0,1.2978516,1.6875,47,1.6875,0.93428475
197.0,8.0,-60.0,0.45214844,0.53125,47,0.53125,0.2799905
197.0,9.0,-45.0,0.123046875,0.0,47,0.0,0.02026825
197.0,10.0,-30.0,0.16503906,0.09375,47,0.09375,0.11476975
197.0,11.0,-15.0,0.4765625,0.5625,47,0.5625,0.46616975
197.0,12.0,0.0,1.0009766,1.125,47,1.125,1.0631105
197.0,13.0,15.0,0.47753906,0.5625,47,0.5625,0.46629525
197.0,14.0,30.0,0.16699219,0.09375,47,0.09375,0.11426775
197.0,15.0,45.0,0.12402344,0.0,47,0.0,0.02114675
197.0,16.0,60.0,0.44335938,0.53125,47,0.53125,0.27829625
197.0,17.0,75.0,1.3056641,1.6875,47,1.6875,0.941501
197.0,18.0,90.0,0.5751953,1.3125,47,1.3125,0.71001625
197.0,19.0,105.0,0.087890625,0.5,47,0.5,0.207828
197.0,20.0,120.0,0.0,0.03125,47,0.03125,0.0
197.0,21.0,135.0,0.26171875,0.0,47,0.0,0.0929955
197.0,22.0,150.0,0.62109375,0.34375,47,0.34375,0.428457
197.0,23.0,165.0,0.9140625,0.875,47,0.875,0.8515175
197.0,24.0,180.0,1.0009766,1.125,47,1.125,1.06267125
210.0,1.0,-165.0,0.91796875,0.53125,48,0.53125,0.931712
210.0,2.0,-150.0,3.3183594,2.21875,48,2.21875,2.78879825
210.0,3.0,-135.0,5.513672,4.5,48,4.5,4.8037635
210.0,4.0,-120.0,7.8847656,7.46875,48,7.46875,7.2859025
210.0,5.0,-105.0,9.705078,9.75,48,9.75,10.135129
210.0,6.0,-90.0,7.0859375,7.09375,48,7.09375,7.2921775
210.0,7.0,-75.0,4.2128906,4.15625,48,4.15625,4.095316
210.0,8.0,-60.0,1.8984375,1.9375,48,1.9375,1.6835825
210.0,9.0,-45.0,0.5019531,0.75,48,0.75,0.38710475
210.0,10.0,-30.0,0.0,0.40625,48,0.40625,0.0
210.0,11.0,-15.0,0.16015625,0.71875,48,0.71875,0.224143
210.0,12.0,0.0,0.86328125,1.5625,48,1.5625,0.94081075
210.0,13.0,15.0,0.16796875,0.71875,48,0.71875,0.22847275
210.0,14.0,30.0,0.005859375,0.40625,48,0.40625,0.00131775
210.0,15.0,45.0,0.50390625,0.75,48,0.75,0.389552
210.0,16.0,60.0,1.8984375,1.9375,48,1.9375,1.683708
210.0,17.0,75.0,4.205078,4.15625,48,4.15625,4.092806
210.0,18.0,90.0,7.091797,7.09375,48,7.09375,7.296821
210.0,19.0,105.0,9.716797,9.8125,48,9.8125,10.1294815
210.0,20.0,120.0,7.9121094,7.46875,48,7.46875,7.30027225
210.0,21.0,135.0,5.5078125,4.5,48,4.5,4.80307325
210.0,22.0,150.0,2.8222656,2.28125,48,2.28125,2.57526
210.0,23.0,165.0,0.9199219,0.53125,48,0.53125,0.9280725
210.0,24.0,180.0,0.1015625,0.0,48,0.0,0.4267
257.0,1.0,-165.0,0.3671875,0.78125,49,0.78125,0.3128715
257.0,2.0,-150.0,0.14257812,0.375,49,0.375,0.09538
257.0,3.0,-135.0,0.03125,0.15625,49,0.15625,0.00909875
257.0,4.0,-120.0,0.15429688,0.0,49,0.0,0.12719425
257.0,5.0,-105.0,0.43554688,0.125,49,0.125,0.30239225
257.0,6.0,-90.0,0.9609375,0.6875,49,0.6875,0.73812825
257.0,7.0,-75.0,0.46679688,0.125,49,0.125,0.33828525
257.0,8.0,-60.0,0.140625,0.0,49,0.0,0.11640125
257.0,9.0,-45.0,0.00390625,0.1875,49,0.1875,0.000753
257.0,10.0,-30.0,0.15039062,0.4375,49,0.4375,0.09719975
257.0,11.0,-15.0,0.35351562,0.8125,49,0.8125,0.32887275
257.0,12.0,0.0,0.69921875,1.28125,49,1.28125,0.6825945
257.0,13.0,15.0,0.35546875,0.8125,49,0.8125,0.32874725
257.0,14.0,30.0,0.14648438,0.4375,49,0.4375,0.095129
257.0,15.0,45.0,0.0,0.1875,49,0.1875,0.0
257.0,16.0,60.0,0.13085938,0.0,49,0.0,0.1113185
257.0,17.0,75.0,0.46484375,0.125,49,0.125,0.338097
257.0,18.0,90.0,0.9609375,0.6875,49,0.6875,0.737689
257.0,19.0,105.0,0.4296875,0.125,49,0.125,0.304965
257.0,20.0,120.0,0.15234375,0.0,49,0.0,0.12468425
257.0,21.0,135.0,0.029296875,0.15625,49,0.15625,0.0084085
257.0,22.0,150.0,0.14257812,0.375,49,0.375,0.09607025
257.0,23.0,165.0,0.3671875,0.78125,49,0.78125,0.31318525
257.0,24.0,180.0,0.69140625,1.28125,49,1.28125,0.67901775
392.0,1.0,-165.0,0.20019531,0.0,50,0.0,0.23123375
392.0,2.0,-150.0,0.00390625,0.0625,50,0.0625,0.00043925
392.0,3.0,-135.0,0.37109375,0.84375,50,0.84375,0.440003
392.0,4.0,-120.0,1.3769531,2.3125,50,2.3125,1.542897
392.0,5.0,-105.0,2.5449219,3.84375,50,3.84375,2.78001325
392.0,6.0,-90.0,3.0078125,4.53125,50,4.53125,3.35085
392.0,7.0,-75.0,2.5615234,3.84375,50,3.84375,2.82456575
392.0,8.0,-60.0,1.4091797,2.3125,50,2.3125,1.59366175
392.0,9.0,-45.0,0.39257812,0.84375,50,0.84375,0.458577
392.0,10.0,-30.0,0.0068359375,0.0625,50,0.0625,0.00244725
392.0,11.0,-15.0,0.20898438,0.0,50,0.0,0.23725775
392.0,12.0,0.0,0.4248047,0.125,50,0.125,0.5068945
392.0,13.0,15.0,0.20898438,0.0,50,0.0,0.237195
392.0,14.0,30.0,0.0,0.0625,50,0.0625,0.000753
392.0,15.0,45.0,0.39257812,0.84375,50,0.84375,0.45851425
392.0,16.0,60.0,1.4082031,2.3125,50,2.3125,1.59366175
392.0,17.0,75.0,2.5615234,3.84375,50,3.84375,2.82456575
392.0,18.0,90.0,3.0078125,4.53125,50,4.53125,3.35085
392.0,19.0,105.0,2.5449219,3.84375,50,3.84375,2.780076
392.0,20.0,120.0,1.3740234,2.28125,50,2.28125,1.542395
392.0,21.0,135.0,0.36816406,0.84375,50,0.84375,0.4408815
392.0,22.0,150.0,0.0009765625,0.0625,50,0.0625,0.0
392.0,23.0,165.0,0.20019531,0.0,50,0.0,0.2310455
392.0,24.0,180.0,0.42773438,0.125,50,0.125,0.50702
323.0,1.0,-165.0,1.6894531,0.59375,51,0.59375,0.13961875
323.0,2.0,-150.0,1.4746094,0.40625,51,0.40625,0.06381675
323.0,3.0,-135.0,1.265625,0.125,51,0.125,0.02993175
323.0,4.0,-120.0,1.171875,0.0,51,0.0,0.16358925
323.0,5.0,-105.0,1.3242188,0.40625,51,0.40625,0.5724055
323.0,6.0,-90.0,0.01171875,0.125,51,0.125,0.066766
323.0,7.0,-75.0,1.4023438,0.34375,51,0.34375,0.5673855
323.0,8.0,-60.0,1.1738281,0.0,51,0.0,0.13811275
323.0,9.0,-45.0,1.2480469,0.15625,51,0.15625,0.0
323.0,10.0,-30.0,1.4746094,0.4375,51,0.4375,0.05239625
323.0,11.0,-15.0,1.6816406,0.625,51,0.625,0.1288885
323.0,12.0,0.0,1.8261719,0.84375,51,0.84375,0.2235155
323.0,13.0,15.0,1.6855469,0.625,51,0.625,0.12932775
323.0,14.0,30.0,1.4648438,0.4375,51,0.4375,0.052459
323.0,15.0,45.0,1.2441406,0.15625,51,0.15625,0.00156875
323.0,16.0,60.0,1.171875,0.0,51,0.0,0.1379245
323.0,17.0,75.0,1.3964844,0.34375,51,0.34375,0.568515
323.0,18.0,90.0,0.0,0.125,51,0.125,0.0611185
323.0,19.0,105.0,1.3261719,0.40625,51,0.40625,0.571527
323.0,20.0,120.0,1.1660156,0.0,51,0.0,0.163401
323.0,21.0,135.0,1.265625,0.125,51,0.125,0.02917875
323.0,22.0,150.0,1.4765625,0.40625,51,0.40625,0.06293825
323.0,23.0,165.0,1.6875,0.59375,51,0.59375,0.139054
323.0,24.0,180.0,1.8203125,0.84375,51,0.84375,0.22759425
318.0,1.0,-165.0,0.21679688,0.0625,52,0.0625,0.08690875
318.0,2.0,-150.0,0.6347656,0.5,52,0.5,0.54812125
318.0,3.0,-135.0,1.2792969,1.34375,52,1.34375,1.32735075
318.0,4.0,-120.0,1.6308594,3.6875,52,3.6875,2.76118825
318.0,5.0,-105.0,1.9160156,4.25,52,4.25,2.9433515
318.0,6.0,-90.0,2.3398438,4.3125,52,4.3125,3.179668
318.0,7.0,-75.0,2.359375,3.875,52,3.875,3.06941625
318.0,8.0,-60.0,2.234375,2.1875,52,2.1875,2.078782
318.0,9.0,-45.0,1.4082031,1.25,52,1.25,1.4983445
318.0,10.0,-30.0,1.0019531,0.65625,52,0.65625,1.19996825
318.0,11.0,-15.0,0.91015625,0.46875,52,0.46875,1.16482825
318.0,12.0,0.0,0.90625,0.5,52,0.5,1.195764
318.0,13.0,15.0,0.9121094,0.46875,52,0.46875,1.16464
318.0,14.0,30.0,1.0039062,0.65625,52,0.65625,1.20360775
318.0,15.0,45.0,1.4023438,1.25,52,1.25,1.497215
318.0,16.0,60.0,2.2304688,2.1875,52,2.1875,2.07721325
318.0,17.0,75.0,2.3652344,3.875,52,3.875,3.0703575
318.0,18.0,90.0,2.3417969,4.3125,52,4.3125,3.17722075
318.0,19.0,105.0,1.9160156,4.25,52,4.25,2.94423
318.0,20.0,120.0,1.6269531,3.6875,52,3.6875,2.7608745
318.0,21.0,135.0,1.2792969,1.34375,52,1.34375,1.32534275
318.0,22.0,150.0,0.6347656,0.5,52,0.5,0.54812125
318.0,23.0,165.0,0.20898438,0.0625,52,0.0625,0.08778725
318.0,24.0,180.0,0.0,0.0,52,0.0,0.0
177.0,1.0,-165.0,0.0,0.0,53,0.0,0.00069025
177.0,2.0,-150.0,0.7216797,1.09375,53,1.09375,0.633775
177.0,3.0,-135.0,1.9208984,2.8125,53,2.8125,1.732653
177.0,4.0,-120.0,3.3789062,4.90625,53,4.90625,3.19792825
177.0,5.0,-105.0,4.8115234,6.84375,53,6.84375,4.63063625
177.0,6.0,-90.0,7.451172,9.71875,53,9.71875,6.93262
177.0,7.0,-75.0,7.3095703,9.21875,53,9.21875,6.84809575
177.0,8.0,-60.0,6.2910156,7.96875,53,7.96875,6.22887875
177.0,9.0,-45.0,5.0507812,6.59375,53,6.59375,5.47682
177.0,10.0,-30.0,4.1191406,5.65625,53,5.65625,5.01115225
177.0,11.0,-15.0,3.3730469,5.375,53,5.375,4.93045575
177.0,12.0,0.0,3.1875,5.40625,53,5.40625,5.024267
177.0,13.0,15.0,3.368164,5.375,53,5.375,4.931146
177.0,14.0,30.0,4.1103516,5.65625,53,5.65625,5.0080775
177.0,15.0,45.0,5.053711,6.59375,53,6.59375,5.48052225
177.0,16.0,60.0,6.2841797,7.96875,53,7.96875,6.22448625
177.0,17.0,75.0,7.3095703,9.21875,53,9.21875,6.84734275
177.0,18.0,90.0,7.4521484,9.71875,53,9.71875,6.9322435
177.0,19.0,105.0,4.810547,6.84375,53,6.84375,4.63101275
177.0,20.0,120.0,3.3789062,4.90625,53,4.90625,3.1978655
177.0,21.0,135.0,1.9140625,2.8125,53,2.8125,1.7350375
177.0,22.0,150.0,0.72558594,1.09375,53,1.09375,0.6328965
177.0,23.0,165.0,0.005859375,0.0,53,0.0,0.0
177.0,24.0,180.0,1.2119141,1.65625,53,1.65625,0.90611
24.0,1.0,-165.0,1.1621094,0.71875,54,0.71875,0.69545825
24.0,2.0,-150.0,0.17480469,0.0,54,0.0,0.002259
24.0,3.0,-135.0,0.0,0.09375,54,0.09375,0.0126755
24.0,4.0,-120.0,0.50878906,0.8125,54,0.8125,0.6243625
24.0,5.0,-105.0,1.0771484,1.78125,54,1.78125,1.43603375
24.0,6.0,-90.0,1.1582031,2.28125,54,2.28125,1.84641875
24.0,7.0,-75.0,1.0849609,1.78125,54,1.78125,1.44042625
24.0,8.0,-60.0,0.5292969,0.8125,54,0.8125,0.6301355
24.0,9.0,-45.0,0.0146484375,0.09375,54,0.09375,0.01474625
24.0,10.0,-30.0,0.17285156,0.0,54,0.0,0.0
24.0,11.0,-15.0,1.1513672,0.6875,54,0.6875,0.67926875
24.0,12.0,0.0,2.055664,1.46875,54,1.46875,1.38809275
24.0,13.0,15.0,1.1503906,0.6875,54,0.6875,0.67926875
24.0,14.0,30.0,0.17382812,0.0,54,0.0,0.001757
24.0,15.0,45.0,0.0146484375,0.09375,54,0.09375,0.0144325
24.0,16.0,60.0,0.52246094,0.8125,54,0.8125,0.62718625
24.0,17.0,75.0,1.0849609,1.78125,54,1.78125,1.4403635
24.0,18.0,90.0,1.15625,2.28125,54,2.28125,1.84666975
24.0,19.0,105.0,1.078125,1.78125,54,1.78125,1.43603375
24.0,20.0,120.0,0.50878906,0.8125,54,0.8125,0.624488
24.0,21.0,135.0,0.0,0.09375,54,0.09375,0.0126755
24.0,22.0,150.0,0.17480469,0.0,54,0.0,0.00232175
24.0,23.0,165.0,1.1630859,0.71875,54,0.71875,0.69545825
24.0,24.0,180.0,2.0546875,1.46875,54,1.46875,1.38809275
305.0,1.0,-165.0,2.8535156,1.96875,55,1.96875,3.0507795
305.0,2.0,-150.0,1.1162109,0.84375,55,0.84375,1.465589
305.0,3.0,-135.0,0.06542969,0.1875,55,0.1875,0.371229
305.0,4.0,-120.0,0.001953125,0.0,55,0.0,0.0
305.0,5.0,-105.0,0.54785156,0.34375,55,0.34375,0.27252325
305.0,6.0,-90.0,1.2392578,0.75,55,0.75,0.87718225
305.0,7.0,-75.0,1.5410156,1.03125,55,1.03125,1.45536075
305.0,8.0,-60.0,1.171875,0.9375,55,0.9375,1.107914
305.0,9.0,-45.0,1.5283203,1.34375,55,1.34375,1.7099375
305.0,10.0,-30.0,2.390625,2.1875,55,2.1875,2.96110975
305.0,11.0,-15.0,3.6220703,3.34375,55,3.34375,4.604344
305.0,12.0,0.0,4.5371094,4.3125,55,4.3125,5.78147125
305.0,13.0,15.0,3.6230469,3.34375,55,3.34375,4.60741875
305.0,14.0,30.0,2.3916016,2.1875,55,2.1875,2.9621765
305.0,15.0,45.0,1.5283203,1.34375,55,1.34375,1.7099375
305.0,16.0,60.0,1.1679688,0.9375,55,0.9375,1.10621975
305.0,17.0,75.0,1.5458984,1.03125,55,1.03125,1.45661575
305.0,18.0,90.0,1.2392578,0.75,55,0.75,0.87743325
305.0,19.0,105.0,0.546875,0.34375,55,0.34375,0.272586
305.0,20.0,120.0,0.0,0.0,55,0.0,0.00069025
305.0,21.0,135.0,0.06640625,0.1875,55,0.1875,0.3726095
305.0,22.0,150.0,1.1240234,0.84375,55,0.84375,1.46452225
305.0,23.0,165.0,2.8632812,1.96875,55,1.96875,3.052411
305.0,24.0,180.0,4.258789,3.09375,55,3.09375,4.38904875
37.0,1.0,-165.0,10.930664,11.34375,56,11.34375,10.6879565
37.0,2.0,-150.0,7.506836,8.84375,56,8.84375,7.45175075
37.0,3.0,-135.0,4.8603516,5.96875,56,5.96875,4.70380275
37.0,4.0,-120.0,2.7890625,4.0625,56,4.0625,2.905827
37.0,5.0,-105.0,1.6552734,3.0625,56,3.0625,1.9990895
37.0,6.0,-90.0,1.3623047,2.875,56,2.875,1.896054
37.0,7.0,-75.0,1.5546875,3.3125,56,3.3125,2.48446075
37.0,8.0,-60.0,2.116211,4.0,56,4.0,3.3519795
37.0,9.0,-45.0,3.2763672,4.125,56,4.125,3.981864
37.0,10.0,-30.0,2.6611328,3.65625,56,3.65625,3.482123
37.0,11.0,-15.0,2.1523438,3.25,56,3.25,2.9551485
37.0,12.0,0.0,0.0,0.0,56,0.0,0.0
37.0,13.0,15.0,0.20898438,0.15625,56,0.15625,0.4710015
37.0,14.0,30.0,2.65625,3.65625,56,3.65625,3.4812445
37.0,15.0,45.0,3.2714844,4.125,56,4.125,3.98205225
37.0,16.0,60.0,2.1738281,4.0,56,4.0,3.35819175
37.0,17.0,75.0,1.546875,3.3125,56,3.3125,2.48320575
37.0,18.0,90.0,1.3613281,2.875,56,2.875,1.8981875
37.0,19.0,105.0,1.6484375,3.0625,56,3.0625,1.998462
37.0,20.0,120.0,2.7949219,4.0625,56,4.0625,2.90463475
37.0,21.0,135.0,4.794922,6.0,56,6.0,4.7427705
37.0,22.0,150.0,7.614258,8.78125,56,8.78125,7.40431175
37.0,23.0,165.0,10.424805,11.40625,56,11.40625,10.731756
37.0,24.0,180.0,11.086914,12.21875,56,12.21875,11.73318325
363.0,1.0,-165.0,1.4902344,1.9375,57,1.9375,1.961565
363.0,2.0,-150.0,2.7353516,3.125,57,3.125,3.2683965
363.0,3.0,-135.0,3.3876953,3.90625,57,3.90625,4.04555525
363.0,4.0,-120.0,3.0351562,3.84375,57,3.84375,4.06789425
363.0,5.0,-105.0,1.9658203,2.90625,57,2.90625,3.18625675
363.0,6.0,-90.0,0.7841797,1.5,57,1.5,1.96037275
363.0,7.0,-75.0,0.0087890625,0.53125,57,0.53125,1.01247125
363.0,8.0,-60.0,0.328125,1.40625,57,1.40625,1.8502465
363.0,9.0,-45.0,0.0,0.5,57,0.5,0.96302425
363.0,10.0,-30.0,0.7578125,1.4375,57,1.4375,1.870452
363.0,11.0,-15.0,1.8867188,2.8125,57,2.8125,3.0864215
363.0,12.0,0.0,2.9492188,3.78125,57,3.78125,3.94791625
363.0,13.0,15.0,3.4013672,3.9375,57,3.9375,4.094814
363.0,14.0,30.0,2.913086,3.28125,57,3.28125,3.4481125
363.0,15.0,45.0,1.7548828,2.125,57,2.125,2.22680925
363.0,16.0,60.0,0.58984375,0.96875,57,0.96875,0.94507775
363.0,17.0,75.0,0.087890625,0.1875,57,0.1875,0.257526
363.0,18.0,90.0,0.17871094,0.0,57,0.0,0.0
363.0,19.0,105.0,0.6347656,0.4375,57,0.4375,0.20833
363.0,20.0,120.0,0.25195312,0.59375,57,0.59375,0.4416345
363.0,21.0,135.0,0.27441406,0.5625,57,0.5625,0.64789375
363.0,22.0,150.0,0.26953125,0.0625,57,0.0625,0.01587575
363.0,23.0,165.0,0.11230469,0.09375,57,0.09375,0.236191
363.0,24.0,180.0,0.41601562,0.78125,57,0.78125,0.74553275
286.0,1.0,-165.0,0.016601562,0.125,58,0.125,0.0
286.0,2.0,-150.0,0.20800781,0.6875,58,0.6875,0.14903125
286.0,3.0,-135.0,0.8027344,1.75,58,1.75,0.73812825
286.0,4.0,-120.0,1.6669922,3.21875,58,3.21875,1.63771225
286.0,5.0,-105.0,2.366211,4.5625,58,4.5625,2.443234
286.0,6.0,-90.0,2.6035156,5.125,58,5.125,2.707286
286.0,7.0,-75.0,2.3613281,4.5,58,4.5,2.36749475
286.0,8.0,-60.0,1.7148438,3.15625,58,3.15625,1.59604625
286.0,9.0,-45.0,1.2285156,1.875,58,1.875,0.91257325
286.0,10.0,-30.0,1.1503906,1.09375,58,1.09375,0.639799
286.0,11.0,-15.0,1.2949219,0.75,58,0.75,0.71679325
286.0,12.0,0.0,1.3964844,0.6875,58,0.6875,0.81995425
286.0,13.0,15.0,1.296875,0.75,58,0.75,0.71679325
286.0,14.0,30.0,1.1503906,1.09375,58,1.09375,0.63973625
286.0,15.0,45.0,1.2333984,1.875,58,1.875,0.91257325
286.0,16.0,60.0,1.7138672,3.15625,58,3.15625,1.59604625
286.0,17.0,75.0,2.3632812,4.5,58,4.5,2.36736925
286.0,18.0,90.0,2.6054688,5.125,58,5.125,2.707286
286.0,19.0,105.0,2.366211,4.5625,58,4.5625,2.4433595
286.0,20.0,120.0,1.6669922,3.21875,58,3.21875,1.637524
286.0,21.0,135.0,0.8027344,1.75,58,1.75,0.73812825
286.0,22.0,150.0,0.20800781,0.6875,58,0.6875,0.14915675
286.0,23.0,165.0,0.016601562,0.125,58,0.125,0.0
286.0,24.0,180.0,0.0,0.0,58,0.0,0.0239705
473.0,1.0,-165.0,1.0722656,0.28125,59,0.28125,0.780861
473.0,2.0,-150.0,0.9082031,0.03125,59,0.03125,0.61978175
473.0,3.0,-135.0,0.6796875,0.0,59,0.0,0.52565675
473.0,4.0,-120.0,0.40820312,0.03125,59,0.03125,0.446278
473.0,5.0,-105.0,0.2890625,0.0625,59,0.0625,0.2659345
473.0,6.0,-90.0,0.016601562,0.09375,59,0.09375,0.02302925
473.0,7.0,-75.0,0.0,0.3125,59,0.3125,0.0
473.0,8.0,-60.0,0.8261719,1.09375,59,1.09375,0.57999825
473.0,9.0,-45.0,2.2207031,2.4375,59,2.4375,1.9127455
473.0,10.0,-30.0,3.8710938,4.125,59,4.125,3.762239
473.0,11.0,-15.0,5.296875,5.75,59,5.75,5.52043125
473.0,12.0,0.0,5.951172,6.46875,59,6.46875,6.2871735
473.0,13.0,15.0,5.338867,5.65625,59,5.65625,5.41827425
473.0,14.0,30.0,3.9023438,4.09375,59,4.09375,3.7463005
473.0,15.0,45.0,2.2470703,2.46875,59,2.46875,1.9827745
473.0,16.0,60.0,0.9199219,1.21875,59,1.21875,0.74641125
473.0,17.0,75.0,0.16699219,0.46875,59,0.46875,0.22445675
473.0,18.0,90.0,0.14941406,0.25,59,0.25,0.262546
473.0,19.0,105.0,0.4453125,0.25,59,0.25,0.50068225
473.0,20.0,120.0,0.6015625,0.1875,59,0.1875,0.6647735
473.0,21.0,135.0,0.8798828,0.125,59,0.125,0.701796
473.0,22.0,150.0,1.1083984,0.125,59,0.125,0.7506155
473.0,23.0,165.0,1.2226562,0.3125,59,0.3125,0.8525215
473.0,24.0,180.0,1.2851562,0.5,59,0.5,0.8861555
169.0,1.0,-165.0,2.8125,0.84375,60,0.84375,1.508008
169.0,2.0,-150.0,4.0566406,1.9375,60,1.9375,2.8110745
169.0,3.0,-135.0,5.3789062,3.21875,60,3.21875,4.26756475
169.0,4.0,-120.0,3.711914,3.125,60,3.125,2.92571875
169.0,5.0,-105.0,3.0410156,2.0625,60,2.0625,2.02500525
169.0,6.0,-90.0,1.8076172,1.0625,60,1.0625,1.04359525
169.0,7.0,-75.0,1.1162109,0.25,60,0.25,0.1881245
169.0,8.0,-60.0,0.70996094,0.0,60,0.0,0.0
169.0,9.0,-45.0,1.3730469,0.78125,60,0.78125,0.909624
169.0,10.0,-30.0,2.9667969,1.8125,60,1.8125,1.92447975
169.0,11.0,-15.0,4.0029297,3.0625,60,3.0625,2.874703
169.0,12.0,0.0,4.213867,3.625,60,3.625,3.03490375
169.0,13.0,15.0,3.4648438,3.28125,60,3.28125,2.47216175
169.0,14.0,30.0,2.1796875,2.03125,60,2.03125,1.57395825
169.0,15.0,45.0,0.7519531,0.59375,60,0.59375,0.5104085
169.0,16.0,60.0,0.0,0.1875,60,0.1875,0.05540825
169.0,17.0,75.0,0.6826172,0.40625,60,0.40625,0.04574475
169.0,18.0,90.0,2.0527344,1.84375,60,1.84375,1.20159975
169.0,19.0,105.0,3.3232422,3.5,60,3.5,2.62552275
169.0,20.0,120.0,4.024414,4.5625,60,4.5625,3.78125225
169.0,21.0,135.0,4.1533203,4.5,60,4.5,4.04612
169.0,22.0,150.0,3.305664,3.375,60,3.375,3.1323545
169.0,23.0,165.0,3.3085938,1.6875,60,1.6875,1.9483875
169.0,24.0,180.0,2.3710938,0.65625,60,0.65625,1.04058325
57.0,1.0,-165.0,0.30371094,0.09375,61,0.09375,0.19697225
57.0,2.0,-150.0,0.37109375,0.21875,61,0.21875,0.50909075
57.0,3.0,-135.0,0.3203125,0.25,61,0.25,0.71786
57.0,4.0,-120.0,0.13671875,0.3125,61,0.3125,0.82986875
57.0,5.0,-105.0,0.0,0.53125,61,0.53125,1.0237035
57.0,6.0,-90.0,0.38378906,0.96875,61,0.96875,1.22381325
57.0,7.0,-75.0,1.0068359,1.5,61,1.5,1.42724875
57.0,8.0,-60.0,1.7333984,2.46875,61,2.46875,2.07056175
57.0,9.0,-45.0,2.7998047,3.75,61,3.75,3.2048935
57.0,10.0,-30.0,3.8867188,4.84375,61,4.84375,4.267
57.0,11.0,-15.0,4.7148438,5.5625,61,5.5625,5.03512275
57.0,12.0,0.0,4.8808594,5.84375,61,5.84375,5.42517675
57.0,13.0,15.0,4.4072266,5.5,61,5.5,5.21521525
57.0,14.0,30.0,3.5966797,4.5625,61,4.5625,4.325483
57.0,15.0,45.0,2.75,3.21875,61,3.21875,3.02963275
57.0,16.0,60.0,2.2529297,2.0625,61,2.0625,1.94757175
57.0,17.0,75.0,2.2910156,1.59375,61,1.59375,1.727131
57.0,18.0,90.0,2.46875,1.75,61,1.75,2.164122
57.0,19.0,105.0,0.0,0.53125,61,0.53125,1.0189345
57.0,20.0,120.0,0.13867188,0.3125,61,0.3125,0.82999425
57.0,21.0,135.0,0.3203125,0.25,61,0.25,0.717609
57.0,22.0,150.0,0.36523438,0.21875,61,0.21875,0.510032
57.0,23.0,165.0,0.30859375,0.09375,61,0.09375,0.201804
57.0,24.0,180.0,0.26757812,0.0,61,0.0,0.0
270.0,1.0,-165.0,0.2421875,0.28125,62,0.28125,0.1805945
270.0,2.0,-150.0,0.9033203,1.09375,62,1.09375,0.74490525
270.0,3.0,-135.0,1.9609375,2.5,62,2.5,1.726629
270.0,4.0,-120.0,3.3173828,4.40625,62,4.40625,3.10455625
270.0,5.0,-105.0,4.685547,6.65625,62,6.65625,4.748418
270.0,6.0,-90.0,4.7148438,7.40625,62,7.40625,5.05583025
270.0,7.0,-75.0,3.1464844,5.71875,62,5.71875,3.7658785
270.0,8.0,-60.0,2.2548828,3.59375,62,3.59375,2.2756915
270.0,9.0,-45.0,1.3398438,2.09375,62,2.09375,1.31367125
270.0,10.0,-30.0,0.79003906,1.125,62,1.125,0.74779175
270.0,11.0,-15.0,0.43164062,0.59375,62,0.59375,0.45048225
270.0,12.0,0.0,0.29296875,0.4375,62,0.4375,0.36024775
270.0,13.0,15.0,0.43066406,0.59375,62,0.59375,0.45048225
270.0,14.0,30.0,0.7871094,1.125,62,1.125,0.74904675
270.0,15.0,45.0,1.3417969,2.09375,62,2.09375,1.31279275
270.0,16.0,60.0,2.2558594,3.59375,62,3.59375,2.2739345
270.0,17.0,75.0,3.1484375,5.71875,62,5.71875,3.76751
270.0,18.0,90.0,4.7148438,7.40625,62,7.40625,5.05583025
270.0,19.0,105.0,4.6914062,6.65625,62,6.65625,4.74923375
270.0,20.0,120.0,3.319336,4.40625,62,4.40625,3.10487
270.0,21.0,135.0,1.9697266,2.5,62,2.5,1.728135
270.0,22.0,150.0,0.90527344,1.09375,62,1.09375,0.74490525
270.0,23.0,165.0,0.24609375,0.28125,62,0.28125,0.18228875
270.0,24.0,180.0,0.0,0.0,62,0.0,0.0
196.0,1.0,-165.0,1.0742188,0.125,63,0.125,0.42419
196.0,2.0,-150.0,0.25976562,0.0,63,0.0,0.0176955
196.0,3.0,-135.0,0.030273438,0.4375,63,0.4375,0.19910575
196.0,4.0,-120.0,0.6074219,1.46875,63,1.46875,0.965848
196.0,5.0,-105.0,1.5400391,2.625,63,2.625,1.83537475
196.0,6.0,-90.0,1.8769531,3.09375,63,3.09375,2.167887
196.0,7.0,-75.0,1.4814453,2.65625,63,2.65625,1.78730825
196.0,8.0,-60.0,0.6074219,1.59375,63,1.59375,0.9870575
196.0,9.0,-45.0,0.0,0.5625,63,0.5625,0.24441125
196.0,10.0,-30.0,0.18261719,0.0,63,0.0,0.0008785
196.0,11.0,-15.0,1.0029297,0.125,63,0.125,0.3776295
196.0,12.0,0.0,1.5634766,0.375,63,0.375,0.77100925
196.0,13.0,15.0,1.0039062,0.125,63,0.125,0.37844525
196.0,14.0,30.0,0.18164062,0.0,63,0.0,0.0
196.0,15.0,45.0,0.0,0.5625,63,0.5625,0.244223
196.0,16.0,60.0,0.61328125,1.59375,63,1.59375,0.986932
196.0,17.0,75.0,1.4833984,2.65625,63,2.65625,1.78630425
196.0,18.0,90.0,1.8798828,3.09375,63,3.09375,2.16769875
196.0,19.0,105.0,1.5419922,2.625,63,2.625,1.8354375
196.0,20.0,120.0,0.60839844,1.46875,63,1.46875,0.96578525
196.0,21.0,135.0,0.030273438,0.4375,63,0.4375,0.19898025
196.0,22.0,150.0,0.25976562,0.0,63,0.0,0.01775825
196.0,23.0,165.0,1.0712891,0.125,63,0.125,0.42168
196.0,24.0,180.0,1.5634766,0.375,63,0.375,0.771072
453.0,1.0,-165.0,1.3720703,0.0625,64,0.0625,0.82635475
453.0,2.0,-150.0,1.7275391,0.75,64,0.75,1.5503015
453.0,3.0,-135.0,2.4560547,1.6875,64,1.6875,2.43087225
453.0,4.0,-120.0,2.7607422,1.9375,64,1.9375,2.45296025
453.0,5.0,-105.0,1.7666016,1.09375,64,1.09375,1.64072425
453.0,6.0,-90.0,0.58496094,0.25,64,0.25,0.5222055
453.0,7.0,-75.0,0.0,0.09375,64,0.09375,0.0
453.0,8.0,-60.0,0.4765625,0.875,64,0.875,0.459832
453.0,9.0,-45.0,1.9589844,2.46875,64,2.46875,1.81717725
453.0,10.0,-30.0,4.111328,4.40625,64,4.40625,3.67206725
453.0,11.0,-15.0,6.055664,6.0625,64,6.0625,5.29817075
453.0,12.0,0.0,7.024414,6.90625,64,6.90625,6.12182725
453.0,13.0,15.0,6.0566406,6.0625,64,6.0625,5.297857
453.0,14.0,30.0,4.111328,4.40625,64,4.40625,3.6720045
453.0,15.0,45.0,1.9628906,2.46875,64,2.46875,1.81843225
453.0,16.0,60.0,0.47753906,0.875,64,0.875,0.45964375
453.0,17.0,75.0,0.0029296875,0.09375,64,0.09375,0.0
453.0,18.0,90.0,0.5751953,0.25,64,0.25,0.503757
453.0,19.0,105.0,1.7695312,1.09375,64,1.09375,1.64310875
453.0,20.0,120.0,2.7617188,1.9375,64,1.9375,2.4533995
453.0,21.0,135.0,2.4560547,1.6875,64,1.6875,2.430935
453.0,22.0,150.0,1.7412109,0.75,64,0.75,1.5530625
453.0,23.0,165.0,1.3720703,0.0625,64,0.0625,0.826543
453.0,24.0,180.0,1.8115234,0.0,64,0.0,0.7009175
306.0,1.0,-165.0,0.22460938,0.125,65,0.125,0.1301435
306.0,2.0,-150.0,0.9511719,0.875,65,0.875,0.7368105
306.0,3.0,-135.0,2.1796875,2.28125,65,2.28125,1.91782825
306.0,4.0,-120.0,3.5332031,4.21875,65,4.21875,3.52021225
306.0,5.0,-105.0,4.7871094,6.28125,65,6.28125,5.1923115
306.0,6.0,-90.0,5.9570312,7.75,65,7.75,6.24757825
306.0,7.0,-75.0,6.0898438,7.5,65,7.5,6.29257
306.0,8.0,-60.0,5.7714844,6.21875,65,6.21875,5.551116
306.0,9.0,-45.0,5.1796875,4.96875,65,4.96875,4.70806975
306.0,10.0,-30.0,4.6035156,4.21875,65,4.21875,4.21811775
306.0,11.0,-15.0,4.296875,4.0625,65,4.0625,4.2234515
306.0,12.0,0.0,4.111328,4.1875,65,4.1875,4.4267615
306.0,13.0,15.0,4.3027344,4.0625,65,4.0625,4.22213375
306.0,14.0,30.0,4.6132812,4.21875,65,4.21875,4.22075325
306.0,15.0,45.0,5.1914062,4.96875,65,4.96875,4.71246225
306.0,16.0,60.0,5.7753906,6.21875,65,6.21875,5.5499865
306.0,17.0,75.0,6.09375,7.5,65,7.5,6.292319
306.0,18.0,90.0,5.9570312,7.75,65,7.75,6.2477665
306.0,19.0,105.0,4.7871094,6.28125,65,6.28125,5.19224875
306.0,20.0,120.0,3.5410156,4.21875,65,4.21875,3.522032
306.0,21.0,135.0,2.171875,2.28125,65,2.28125,1.91456525
306.0,22.0,150.0,0.9628906,0.875,65,0.875,0.74013625
306.0,23.0,165.0,0.22460938,0.125,65,0.125,0.1301435
306.0,24.0,180.0,0.0,0.0,65,0.0,0.0
150.0,1.0,-165.0,0.2626953,0.34375,66,0.34375,0.38308875
150.0,2.0,-150.0,0.14550781,0.0625,66,0.0625,0.0719115
150.0,3.0,-135.0,0.8925781,0.6875,66,0.6875,0.4940935
150.0,4.0,-120.0,2.1484375,1.6875,66,1.6875,1.33513175
150.0,5.0,-105.0,3.366211,2.59375,66,2.59375,2.1903515
150.0,6.0,-90.0,3.7841797,3.0,66,3.0,2.85644275
150.0,7.0,-75.0,2.3613281,2.03125,66,2.03125,2.29232025
150.0,8.0,-60.0,1.2519531,0.875,66,0.875,1.02728025
150.0,9.0,-45.0,0.46875,0.125,66,0.125,0.16434225
150.0,10.0,-30.0,0.29296875,0.09375,66,0.09375,0.1188485
150.0,11.0,-15.0,0.92285156,0.875,66,0.875,1.026088
150.0,12.0,0.0,2.4580078,2.5,66,2.5,2.831782
150.0,13.0,15.0,0.5996094,0.78125,66,0.78125,0.88684575
150.0,14.0,30.0,0.0,0.0,66,0.0,0.10460425
150.0,15.0,45.0,0.22167969,0.03125,66,0.03125,0.1815985
150.0,16.0,60.0,1.1396484,0.875,66,0.875,1.027092
150.0,17.0,75.0,2.3876953,2.125,66,2.125,2.2531015
150.0,18.0,90.0,3.7958984,3.0,66,3.0,2.78189575
150.0,19.0,105.0,3.2910156,2.59375,66,2.59375,2.147556
150.0,20.0,120.0,1.9628906,1.5625,66,1.5625,1.2895125
150.0,21.0,135.0,0.84375,0.59375,66,0.59375,0.43454375
150.0,22.0,150.0,0.2529297,0.125,66,0.125,0.0
150.0,23.0,165.0,0.4580078,0.34375,66,0.34375,0.3889245
150.0,24.0,180.0,1.3701172,1.78125,66,1.78125,1.67912725
289.0,1.0,-165.0,1.46875,1.71875,67,1.71875,0.83332
289.0,2.0,-150.0,1.1523438,1.125,67,1.125,0.49001475
289.0,3.0,-135.0,0.73046875,0.65625,67,0.65625,0.225147
289.0,4.0,-120.0,0.18652344,0.3125,67,0.3125,0.032379
289.0,5.0,-105.0,0.0009765625,0.0625,67,0.0625,0.0
289.0,6.0,-90.0,0.109375,0.0,67,0.0,0.147086
289.0,7.0,-75.0,0.43164062,0.15625,67,0.15625,0.33552425
289.0,8.0,-60.0,0.9501953,0.40625,67,0.40625,0.570272
289.0,9.0,-45.0,1.5136719,0.84375,67,0.84375,0.89701125
289.0,10.0,-30.0,1.9638672,1.34375,67,1.34375,1.26911875
289.0,11.0,-15.0,2.2480469,1.875,67,1.875,1.64863075
289.0,12.0,0.0,2.3134766,2.3125,67,2.3125,1.9190205
289.0,13.0,15.0,2.2460938,1.875,67,1.875,1.6491955
289.0,14.0,30.0,1.9619141,1.34375,67,1.34375,1.27037375
289.0,15.0,45.0,1.5146484,0.84375,67,0.84375,0.897576
289.0,16.0,60.0,0.94628906,0.40625,67,0.40625,0.5693935
289.0,17.0,75.0,0.43066406,0.15625,67,0.15625,0.33552425
289.0,18.0,90.0,0.11328125,0.0,67,0.0,0.146333
289.0,19.0,105.0,0.0,0.0625,67,0.0625,0.00031375
289.0,20.0,120.0,0.18066406,0.3125,67,0.3125,0.029618
289.0,21.0,135.0,0.7324219,0.65625,67,0.65625,0.2252725
289.0,22.0,150.0,1.1630859,1.125,67,1.125,0.49779575
289.0,23.0,165.0,1.4570312,1.71875,67,1.71875,0.824284
289.0,24.0,180.0,1.8125,2.40625,67,2.40625,1.39185775
125.0,1.0,-165.0,2.211914,1.890625,68,1.890625,1.92824475
125.0,2.0,-150.0,1.3369141,0.96875,68,0.96875,1.09241475
125.0,3.0,-135.0,0.3720703,0.234375,68,0.234375,0.3936935
125.0,4.0,-120.0,0.0,0.0,68,0.0,0.149094
125.0,5.0,-105.0,0.5234375,0.421875,68,0.421875,0.49704275
125.0,6.0,-90.0,1.7949219,1.53125,68,1.53125,1.48046075
125.0,7.0,-75.0,2.8710938,2.703125,68,2.703125,2.55135225
125.0,8.0,-60.0,3.1142578,2.96875,68,2.96875,2.81377275
125.0,9.0,-45.0,2.4814453,2.421875,68,2.421875,2.17384825
125.0,10.0,-30.0,1.4013672,1.53125,68,1.53125,1.15139975
125.0,11.0,-15.0,0.55566406,0.8125,68,0.8125,0.3123695
125.0,12.0,0.0,0.22265625,0.546875,68,0.546875,0.0
125.0,13.0,15.0,0.5546875,0.8125,68,0.8125,0.3123695
125.0,14.0,30.0,1.3994141,1.53125,68,1.53125,1.1517135
125.0,15.0,45.0,2.4814453,2.421875,68,2.421875,2.17366
125.0,16.0,60.0,3.1142578,2.96875,68,2.96875,2.8135845
125.0,17.0,75.0,2.8789062,2.703125,68,2.703125,2.5530465
125.0,18.0,90.0,1.7988281,1.53125,68,1.53125,1.484665
125.0,19.0,105.0,0.5234375,0.421875,68,0.421875,0.49698
125.0,20.0,120.0,0.0,0.0,68,0.0,0.1492195
125.0,21.0,135.0,0.3720703,0.234375,68,0.234375,0.39363075
125.0,22.0,150.0,1.3378906,0.96875,68,0.96875,1.09254025
125.0,23.0,165.0,2.2109375,1.890625,68,1.890625,1.92811925
125.0,24.0,180.0,2.4101562,2.390625,68,2.390625,2.33662175
390.0,1.0,-165.0,0.95214844,2.59375,69,2.59375,1.71778125
390.0,2.0,-150.0,0.7441406,2.71875,69,2.71875,1.48899475
390.0,3.0,-135.0,1.1210938,3.5,69,3.5,1.82508375
390.0,4.0,-120.0,1.8173828,4.53125,69,4.53125,2.40288575
390.0,5.0,-105.0,2.4355469,5.375,69,5.375,2.93086425
390.0,6.0,-90.0,3.1777344,5.78125,69,5.78125,3.58710375
390.0,7.0,-75.0,3.9472656,5.71875,69,5.71875,4.3562305
390.0,8.0,-60.0,1.0820312,3.40625,69,3.40625,1.78304125
390.0,9.0,-45.0,0.2421875,1.625,69,1.625,0.58690075
390.0,10.0,-30.0,0.0,0.46875,69,0.46875,0.0
390.0,11.0,-15.0,0.29785156,0.0,69,0.0,0.03733625
390.0,12.0,0.0,1.0058594,0.28125,69,0.28125,0.55471
390.0,13.0,15.0,0.29882812,0.0,69,0.0,0.037399
390.0,14.0,30.0,0.009765625,0.46875,69,0.46875,0.0013805
390.0,15.0,45.0,0.2529297,1.65625,69,1.65625,0.59141875
390.0,16.0,60.0,1.0771484,3.40625,69,3.40625,1.774821
390.0,17.0,75.0,3.9472656,5.71875,69,5.71875,4.3562305
390.0,18.0,90.0,3.1875,5.78125,69,5.78125,3.590053
390.0,19.0,105.0,2.4384766,5.375,69,5.375,2.9333115
390.0,20.0,120.0,1.8193359,4.53125,69,4.53125,2.402823
390.0,21.0,135.0,1.1210938,3.5,69,3.5,1.82458175
390.0,22.0,150.0,0.74121094,2.71875,69,2.71875,1.48773975
390.0,23.0,165.0,0.94921875,2.59375,69,2.59375,1.71702825
390.0,24.0,180.0,1.8466797,3.25,69,3.25,2.576766
230.0,1.0,-165.0,0.18945312,0.15625,70,0.15625,0.1233665
230.0,2.0,-150.0,0.74316406,0.78125,70,0.78125,0.66257725
230.0,3.0,-135.0,1.8955078,2.03125,70,2.03125,1.773064
230.0,4.0,-120.0,3.4726562,3.8125,70,3.8125,3.40123825
230.0,5.0,-105.0,4.892578,5.75,70,5.75,5.187166
230.0,6.0,-90.0,5.379883,6.90625,70,6.90625,6.17817675
230.0,7.0,-75.0,4.713867,5.6875,70,5.6875,5.251422
230.0,8.0,-60.0,3.3857422,3.75,70,3.75,3.5018265
230.0,9.0,-45.0,1.8398438,1.96875,70,1.96875,1.835563
230.0,10.0,-30.0,0.6923828,0.75,70,0.75,0.6946425
230.0,11.0,-15.0,0.13574219,0.15625,70,0.15625,0.15562
230.0,12.0,0.0,0.0,0.0,70,0.0,0.03721075
230.0,13.0,15.0,0.13574219,0.15625,70,0.15625,0.1577535
230.0,14.0,30.0,0.6923828,0.75,70,0.75,0.6946425
230.0,15.0,45.0,1.8408203,1.96875,70,1.96875,1.83550025
230.0,16.0,60.0,3.3808594,3.75,70,3.75,3.5028305
230.0,17.0,75.0,4.7226562,5.6875,70,5.6875,5.25826175
230.0,18.0,90.0,5.3759766,6.90625,70,6.90625,6.17529025
230.0,19.0,105.0,4.895508,5.75,70,5.75,5.186664
230.0,20.0,120.0,3.4726562,3.8125,70,3.8125,3.40123825
230.0,21.0,135.0,1.8955078,2.03125,70,2.03125,1.773064
230.0,22.0,150.0,0.74316406,0.78125,70,0.78125,0.66257725
230.0,23.0,165.0,0.18945312,0.15625,70,0.15625,0.1233665
230.0,24.0,180.0,0.059570312,0.0,70,0.0,0.0
62.0,1.0,-165.0,0.5419922,0.71875,71,0.71875,0.59342675
62.0,2.0,-150.0,2.171875,2.84375,71,2.84375,2.2925085
62.0,3.0,-135.0,4.651367,6.0,71,6.0,4.86368975
62.0,4.0,-120.0,7.401367,9.8125,71,9.8125,7.87481125
62.0,5.0,-105.0,9.390625,13.53125,71,13.53125,10.792498
62.0,6.0,-90.0,10.654297,16.53125,71,16.53125,13.24056375
62.0,7.0,-75.0,12.043945,18.21875,71,18.21875,15.00095225
62.0,8.0,-60.0,13.015625,18.625,71,18.625,16.05816425
62.0,9.0,-45.0,13.77832,18.78125,71,18.78125,16.982911
62.0,10.0,-30.0,14.488281,19.375,71,19.375,18.2551045
62.0,11.0,-15.0,15.897461,20.625,71,20.625,20.0362005
62.0,12.0,0.0,18.198242,22.625,71,22.625,22.3677395
62.0,13.0,15.0,15.893555,20.625,71,20.625,20.03588675
62.0,14.0,30.0,14.486328,19.375,71,19.375,18.2551045
62.0,15.0,45.0,13.777344,18.78125,71,18.78125,16.982911
62.0,16.0,60.0,13.022461,18.625,71,18.625,16.0578505
62.0,17.0,75.0,12.040039,18.21875,71,18.21875,14.99894425
62.0,18.0,90.0,10.6484375,16.53125,71,16.53125,13.255561
62.0,19.0,105.0,9.360352,13.53125,71,13.53125,10.7908665
62.0,20.0,120.0,7.3916016,9.8125,71,9.8125,7.87136
62.0,21.0,135.0,4.6503906,6.0,71,6.0,4.86356425
62.0,22.0,150.0,2.1699219,2.84375,71,2.84375,2.29257125
62.0,23.0,165.0,0.5410156,0.71875,71,0.71875,0.59192075
62.0,24.0,180.0,0.0,0.0,71,0.0,0.0
294.0,1.0,-165.0,0.080078125,0.03125,72,0.03125,0.0
294.0,2.0,-150.0,0.6982422,0.5,72,0.5,0.2119695
294.0,3.0,-135.0,1.1767578,0.90625,72,0.90625,0.546929
294.0,4.0,-120.0,2.0029297,2.0625,72,2.0625,1.32772725
294.0,5.0,-105.0,3.1875,3.65625,72,3.65625,2.5003365
294.0,6.0,-90.0,4.125,5.03125,72,5.03125,3.50628175
294.0,7.0,-75.0,4.4853516,5.4375,72,5.4375,3.977346
294.0,8.0,-60.0,3.7646484,4.75,72,4.75,3.6366135
294.0,9.0,-45.0,2.6074219,3.21875,72,3.21875,2.47165975
294.0,10.0,-30.0,1.3017578,1.6875,72,1.6875,1.2834885
294.0,11.0,-15.0,0.4140625,0.625,72,0.625,0.479661
294.0,12.0,0.0,0.0048828125,0.0625,72,0.0625,0.08088475
294.0,13.0,15.0,0.076171875,0.0,72,0.0,0.0026355
294.0,14.0,30.0,0.7011719,0.46875,72,0.46875,0.2019295
294.0,15.0,45.0,1.1728516,0.8125,72,0.8125,0.5247155
294.0,16.0,60.0,1.9931641,1.90625,72,1.90625,1.28944975
294.0,17.0,75.0,3.3007812,3.5625,72,3.5625,2.5317115
294.0,18.0,90.0,4.171875,4.96875,72,4.96875,3.523789
294.0,19.0,105.0,4.477539,5.4375,72,5.4375,3.96335275
294.0,20.0,120.0,3.696289,4.8125,72,4.8125,3.60718375
294.0,21.0,135.0,2.515625,3.3125,72,3.3125,2.45227
294.0,22.0,150.0,1.2236328,1.78125,72,1.78125,1.2920225
294.0,23.0,165.0,0.36816406,0.65625,72,0.65625,0.48010025
294.0,24.0,180.0,0.0,0.0625,72,0.0625,0.079567
34.0,1.0,-165.0,0.46875,2.8125,73,2.8125,2.34979925
34.0,2.0,-150.0,1.4726562,3.84375,73,3.84375,3.07475
34.0,3.0,-135.0,3.1855469,5.59375,73,5.59375,4.492398
34.0,4.0,-120.0,5.6240234,7.4375,73,7.4375,6.0005315
34.0,5.0,-105.0,7.09375,9.09375,73,9.09375,7.23614175
34.0,6.0,-90.0,7.850586,9.6875,73,9.6875,7.51035925
34.0,7.0,-75.0,5.9765625,8.1875,73,8.1875,6.21406975
34.0,8.0,-60.0,3.9023438,5.875,73,5.875,4.376436
34.0,9.0,-45.0,1.9082031,3.40625,73,3.40625,2.33273125
34.0,10.0,-30.0,0.6191406,1.375,73,1.375,0.796674
34.0,11.0,-15.0,0.10546875,0.3125,73,0.3125,0.13133575
34.0,12.0,0.0,0.0,0.0,73,0.0,0.0
34.0,13.0,15.0,0.10058594,0.3125,73,0.3125,0.1293905
34.0,14.0,30.0,0.6152344,1.375,73,1.375,0.794164
34.0,15.0,45.0,1.890625,3.375,73,3.375,2.32896625
34.0,16.0,60.0,3.9101562,5.875,73,5.875,4.38691525
34.0,17.0,75.0,5.9648438,8.1875,73,8.1875,6.213003
34.0,18.0,90.0,7.8466797,9.6875,73,9.6875,7.494609
34.0,19.0,105.0,7.084961,9.09375,73,9.09375,7.23250225
34.0,20.0,120.0,5.620117,7.4375,73,7.4375,6.0027905
34.0,21.0,135.0,3.140625,5.59375,73,5.59375,4.4875035
34.0,22.0,150.0,1.4560547,3.84375,73,3.84375,3.0816525
34.0,23.0,165.0,0.46679688,2.8125,73,2.8125,2.34942275
34.0,24.0,180.0,0.20605469,2.53125,73,2.53125,2.202776
205.0,1.0,-165.0,0.0,0.0,74,0.0,0.00458075
205.0,2.0,-150.0,0.7597656,0.3125,74,0.3125,0.316511
205.0,3.0,-135.0,2.2382812,1.1875,74,1.1875,1.2915205
205.0,4.0,-120.0,3.5683594,2.375,74,2.375,2.4564115
205.0,5.0,-105.0,4.619629,3.40625,74,3.40625,3.53815875
205.0,6.0,-90.0,5.001465,3.90625,74,3.90625,3.9674315
205.0,7.0,-75.0,5.184082,3.59375,74,3.59375,3.89445325
205.0,8.0,-60.0,4.1171875,2.625,74,2.625,2.990665
205.0,9.0,-45.0,2.515625,1.40625,74,1.40625,1.76955
205.0,10.0,-30.0,1.5795898,0.59375,74,0.59375,1.020566
205.0,11.0,-15.0,1.0141602,0.28125,74,0.28125,0.75155675
205.0,12.0,0.0,1.2280273,0.375,74,0.375,0.98699475
205.0,13.0,15.0,1.0029297,0.28125,74,0.28125,0.7468505
205.0,14.0,30.0,1.5805664,0.59375,74,0.59375,1.01937375
205.0,15.0,45.0,2.7617188,1.4375,74,1.4375,1.8680675
205.0,16.0,60.0,4.008789,2.59375,74,2.59375,2.943226
205.0,17.0,75.0,5.198242,3.59375,74,3.59375,3.90085375
205.0,18.0,90.0,5.022461,3.90625,74,3.90625,3.98657025
205.0,19.0,105.0,4.619629,3.40625,74,3.40625,3.53815875
205.0,20.0,120.0,3.5942383,2.375,74,2.375,2.475613
205.0,21.0,135.0,2.2646484,1.1875,74,1.1875,1.2967915
205.0,22.0,150.0,0.7602539,0.3125,74,0.3125,0.31933475
205.0,23.0,165.0,0.0009765625,0.0,74,0.0,0.0
205.0,24.0,180.0,0.12548828,0.125,74,0.125,0.18241425
28.0,1.0,-165.0,5.970703,6.40625,75,6.40625,5.61330125
28.0,2.0,-150.0,6.2822266,6.6875,75,6.6875,6.0695565
28.0,3.0,-135.0,6.4833984,7.4375,75,7.4375,6.815905
28.0,4.0,-120.0,3.8613281,4.09375,75,4.09375,3.34225325
28.0,5.0,-105.0,1.1875,1.40625,75,1.40625,1.17537025
28.0,6.0,-90.0,0.005859375,0.0,75,0.0,0.00119225
28.0,7.0,-75.0,4.875,6.5,75,6.5,5.3100305
28.0,8.0,-60.0,1.2539062,0.46875,75,0.46875,0.229163
28.0,9.0,-45.0,4.8916016,5.3125,75,5.3125,4.87925175
28.0,10.0,-30.0,6.6640625,6.90625,75,6.90625,6.63763225
28.0,11.0,-15.0,8.6171875,8.21875,75,8.21875,8.160261
28.0,12.0,0.0,9.987305,9.125,75,9.125,9.034494
28.0,13.0,15.0,8.6328125,8.21875,75,8.21875,8.171305
28.0,14.0,30.0,6.6796875,6.90625,75,6.90625,6.6420875
28.0,15.0,45.0,4.8789062,5.3125,75,5.3125,4.87536125
28.0,16.0,60.0,1.2363281,0.46875,75,0.46875,0.21780525
28.0,17.0,75.0,4.899414,6.46875,75,6.46875,5.3153015
28.0,18.0,90.0,0.0,0.0,75,0.0,0.0
28.0,19.0,105.0,1.21875,1.40625,75,1.40625,1.18001375
28.0,20.0,120.0,3.8085938,4.125,75,4.125,3.36961225
28.0,21.0,135.0,6.4941406,7.4375,75,7.4375,6.821427
28.0,22.0,150.0,6.28125,6.6875,75,6.6875,6.06698375
28.0,23.0,165.0,5.9570312,6.40625,75,6.40625,5.6157485
28.0,24.0,180.0,5.873047,6.53125,75,6.53125,5.55720275
1.0,1.0,-165.0,8.662109,11.09375,76,11.09375,10.410727
1.0,2.0,-150.0,9.042969,10.8125,76,10.8125,9.76308425
1.0,3.0,-135.0,9.432617,10.5625,76,10.5625,9.1879805
1.0,4.0,-120.0,9.526367,10.25,76,10.25,8.647201
1.0,5.0,-105.0,8.837891,9.6875,76,9.6875,8.0097865
1.0,6.0,-90.0,7.6220703,8.65625,76,8.65625,7.20250775
1.0,7.0,-75.0,6.2666016,6.875,76,6.875,5.82025075
1.0,8.0,-60.0,4.334961,4.59375,76,4.59375,3.93310725
1.0,9.0,-45.0,2.6298828,2.5625,76,2.5625,2.18765325
1.0,10.0,-30.0,1.2255859,1.125,76,1.125,0.9361045
1.0,11.0,-15.0,0.3125,0.28125,76,0.28125,0.223139
1.0,12.0,0.0,0.0,0.0,76,0.0,0.0
1.0,13.0,15.0,0.31152344,0.28125,76,0.28125,0.223139
1.0,14.0,30.0,1.2304688,1.125,76,1.125,0.93579075
1.0,15.0,45.0,2.6230469,2.5625,76,2.5625,2.186461
1.0,16.0,60.0,4.334961,4.59375,76,4.59375,3.92833825
1.0,17.0,75.0,6.2714844,6.875,76,6.875,5.815419
1.0,18.0,90.0,7.6240234,8.65625,76,8.65625,7.20275875
1.0,19.0,105.0,8.84082,9.6875,76,9.6875,8.0097865
1.0,20.0,120.0,9.525391,10.25,76,10.25,8.64713825
1.0,21.0,135.0,9.43457,10.5625,76,10.5625,9.1866
1.0,22.0,150.0,9.043945,10.8125,76,10.8125,9.76308425
1.0,23.0,165.0,8.662109,11.09375,76,11.09375,10.41078975
1.0,24.0,180.0,8.283203,11.34375,76,11.34375,11.0305715
462.0,1.0,-165.0,0.051757812,0.09375,77,0.09375,0.02930425
462.0,2.0,-150.0,0.33398438,0.5,77,0.5,0.276853
462.0,3.0,-135.0,0.9121094,1.40625,77,1.40625,0.9253115
462.0,4.0,-120.0,1.7431641,2.75,77,2.75,1.9157575
462.0,5.0,-105.0,2.5,4.09375,77,4.09375,2.89622625
462.0,6.0,-90.0,2.6669922,4.71875,77,4.71875,3.30134025
462.0,7.0,-75.0,2.4589844,4.09375,77,4.09375,2.91379625
462.0,8.0,-60.0,1.7050781,2.78125,77,2.78125,1.967338
462.0,9.0,-45.0,0.9042969,1.46875,77,1.46875,0.9760135
462.0,10.0,-30.0,0.32910156,0.53125,77,0.53125,0.301451
462.0,11.0,-15.0,0.055664062,0.09375,77,0.09375,0.03796375
462.0,12.0,0.0,0.0009765625,0.0,77,0.0,0.003514
462.0,13.0,15.0,0.055664062,0.09375,77,0.09375,0.03796375
462.0,14.0,30.0,0.32714844,0.53125,77,0.53125,0.298941
462.0,15.0,45.0,0.90722656,1.46875,77,1.46875,0.978649
462.0,16.0,60.0,1.7080078,2.78125,77,2.78125,1.9722325
462.0,17.0,75.0,2.4550781,4.09375,77,4.09375,2.9139845
462.0,18.0,90.0,2.6669922,4.71875,77,4.71875,3.30134025
462.0,19.0,105.0,2.4980469,4.09375,77,4.09375,2.89584975
462.0,20.0,120.0,1.7519531,2.75,77,2.75,1.91807925
462.0,21.0,135.0,0.9082031,1.40625,77,1.40625,0.92600175
462.0,22.0,150.0,0.3330078,0.5,77,0.5,0.278359
462.0,23.0,165.0,0.051757812,0.09375,77,0.09375,0.02930425
462.0,24.0,180.0,0.0,0.0,77,0.0,0.0
493.0,1.0,-165.0,1.3837891,1.0625,78,1.0625,0.96151825
493.0,2.0,-150.0,2.2333984,1.65625,78,1.65625,1.89749725
493.0,3.0,-135.0,2.4394531,3.34375,78,3.34375,3.40148925
493.0,4.0,-120.0,3.0449219,2.25,78,2.25,2.82042425
493.0,5.0,-105.0,2.0585938,1.15625,78,1.15625,1.67837425
493.0,6.0,-90.0,0.9003906,0.21875,78,0.21875,0.592109
493.0,7.0,-75.0,0.25,0.21875,78,0.21875,0.0254765
493.0,8.0,-60.0,0.18359375,0.90625,78,0.90625,0.0
493.0,9.0,-45.0,0.82910156,2.1875,78,2.1875,0.79485425
493.0,10.0,-30.0,2.0458984,3.875,78,3.875,2.2320175
493.0,11.0,-15.0,3.3671875,5.40625,78,5.40625,3.664851
493.0,12.0,0.0,4.163086,6.4375,78,6.4375,4.601834
493.0,13.0,15.0,3.3896484,5.40625,78,5.40625,3.671377
493.0,14.0,30.0,2.0341797,3.875,78,3.875,2.22818975
493.0,15.0,45.0,0.76660156,2.1875,78,2.1875,0.7348025
493.0,16.0,60.0,0.18554688,0.90625,78,0.90625,0.00194525
493.0,17.0,75.0,0.0,0.0,78,0.0,0.15191775
493.0,18.0,90.0,0.9013672,0.21875,78,0.21875,0.59417975
493.0,19.0,105.0,2.0605469,1.125,78,1.125,1.66456925
493.0,20.0,120.0,3.0498047,2.25,78,2.25,2.82080075
493.0,21.0,135.0,2.4335938,3.34375,78,3.34375,3.39985775
493.0,22.0,150.0,2.227539,1.65625,78,1.65625,1.89699525
493.0,23.0,165.0,1.3857422,1.0625,78,1.0625,0.95662375
493.0,24.0,180.0,1.1845703,0.6875,78,0.6875,0.72319375
133.0,1.0,-165.0,7.623047,8.6875,79,8.6875,7.826933
133.0,2.0,-150.0,3.2949219,4.3125,79,4.3125,3.7159295
133.0,3.0,-135.0,1.1601562,1.96875,79,1.96875,1.5590865
133.0,4.0,-120.0,0.42382812,0.9375,79,0.9375,0.65190975
133.0,5.0,-105.0,0.46289062,0.59375,79,0.59375,0.42211925
133.0,6.0,-90.0,0.37890625,0.4375,79,0.4375,0.3289355
133.0,7.0,-75.0,0.0,0.0,79,0.0,0.00144325
133.0,8.0,-60.0,0.296875,0.25,79,0.25,0.24591725
133.0,9.0,-45.0,1.7070312,1.71875,79,1.71875,1.63369625
133.0,10.0,-30.0,4.564453,4.46875,79,4.46875,4.19176275
133.0,11.0,-15.0,9.017578,8.6875,79,8.6875,8.36225325
133.0,12.0,0.0,14.830078,14.46875,79,14.46875,14.28133525
133.0,13.0,15.0,8.9921875,8.6875,79,8.6875,8.357798
133.0,14.0,30.0,4.5683594,4.46875,79,4.46875,4.20606975
133.0,15.0,45.0,1.703125,1.71875,79,1.71875,1.637775
133.0,16.0,60.0,0.29296875,0.25,79,0.25,0.2435955
133.0,17.0,75.0,0.0,0.0,79,0.0,0.0
133.0,18.0,90.0,0.38867188,0.4375,79,0.4375,0.3289355
133.0,19.0,105.0,0.45898438,0.59375,79,0.59375,0.42450375
133.0,20.0,120.0,0.41992188,0.9375,79,0.9375,0.65128225
133.0,21.0,135.0,1.1621094,1.96875,79,1.96875,1.55990225
133.0,22.0,150.0,3.296875,4.3125,79,4.3125,3.7191925
133.0,23.0,165.0,7.5996094,8.625,79,8.625,7.820156
133.0,24.0,180.0,14.203125,15.46875,79,15.46875,14.66787525
35.0,1.0,-165.0,2.8896484,3.5625,80,3.5625,2.9975675
35.0,2.0,-150.0,4.2851562,4.53125,80,4.53125,3.8278755
35.0,3.0,-135.0,5.508789,5.390625,80,5.390625,4.740135
35.0,4.0,-120.0,5.482422,5.4375,80,5.4375,4.73818975
35.0,5.0,-105.0,4.1308594,4.296875,80,4.296875,3.6807895
35.0,6.0,-90.0,2.135254,2.484375,80,2.484375,2.02149125
35.0,7.0,-75.0,0.54785156,0.78125,80,0.78125,0.55427075
35.0,8.0,-60.0,0.0,0.0,80,0.0,0.0
35.0,9.0,-45.0,1.0473633,0.78125,80,0.78125,0.8653225
35.0,10.0,-30.0,3.1733398,2.84375,80,2.84375,2.89748125
35.0,11.0,-15.0,5.5512695,5.015625,80,5.015625,4.98831125
35.0,12.0,0.0,6.6992188,5.96875,80,5.96875,5.8519395
35.0,13.0,15.0,5.5566406,5.015625,80,5.015625,4.99119775
35.0,14.0,30.0,3.1733398,2.84375,80,2.84375,2.89710475
35.0,15.0,45.0,1.0458984,0.78125,80,0.78125,0.86525975
35.0,16.0,60.0,0.00048828125,0.0,80,0.0,0.0
35.0,17.0,75.0,0.5473633,0.78125,80,0.78125,0.55427075
35.0,18.0,90.0,2.135254,2.484375,80,2.484375,2.02149125
35.0,19.0,105.0,4.1313477,4.296875,80,4.296875,3.6807895
35.0,20.0,120.0,5.482422,5.4375,80,5.4375,4.73818975
35.0,21.0,135.0,5.512207,5.390625,80,5.390625,4.74057425
35.0,22.0,150.0,4.283203,4.53125,80,4.53125,3.8261185
35.0,23.0,165.0,2.8896484,3.5625,80,3.5625,2.9975675
35.0,24.0,180.0,2.3076172,3.1875,80,3.1875,2.6787975
308.0,1.0,-165.0,0.20605469,0.03125,81,0.03125,0.2752215
308.0,2.0,-150.0,0.013671875,0.0,81,0.0,0.0
308.0,3.0,-135.0,0.45507812,0.625,81,0.625,0.372735
308.0,4.0,-120.0,1.5253906,1.78125,81,1.78125,1.2619025
308.0,5.0,-105.0,2.171875,2.84375,81,2.84375,2.15150925
308.0,6.0,-90.0,2.4355469,3.28125,81,3.28125,2.492932
308.0,7.0,-75.0,2.1865234,2.8125,81,2.8125,2.09603825
308.0,8.0,-60.0,1.5322266,1.78125,81,1.78125,1.22230725
308.0,9.0,-45.0,0.4453125,0.65625,81,0.65625,0.36376175
308.0,10.0,-30.0,0.0009765625,0.03125,81,0.03125,0.00545925
308.0,11.0,-15.0,0.21289062,0.0,81,0.0,0.27440575
308.0,12.0,0.0,0.4111328,0.1875,81,0.1875,0.55502375
308.0,13.0,15.0,0.18652344,0.03125,81,0.03125,0.26173025
308.0,14.0,30.0,0.00390625,0.03125,81,0.03125,0.00658875
308.0,15.0,45.0,0.4423828,0.65625,81,0.65625,0.36263225
308.0,16.0,60.0,1.5302734,1.78125,81,1.78125,1.22268375
308.0,17.0,75.0,2.1884766,2.8125,81,2.8125,2.09528525
308.0,18.0,90.0,2.4365234,3.28125,81,3.28125,2.49299475
308.0,19.0,105.0,2.1601562,2.84375,81,2.84375,2.152576
308.0,20.0,120.0,1.5234375,1.78125,81,1.78125,1.26108675
308.0,21.0,135.0,0.45117188,0.625,81,0.625,0.36915825
308.0,22.0,150.0,0.0,0.03125,81,0.03125,0.007781
308.0,23.0,165.0,0.21582031,0.0,81,0.0,0.28821075
308.0,24.0,180.0,0.4091797,0.1875,81,0.1875,0.55213725
495.0,1.0,-165.0,1.6376953,2.125,82,2.125,1.8323
495.0,2.0,-150.0,1.8056641,2.59375,82,2.59375,2.0590785
495.0,3.0,-135.0,2.1669922,3.4375,82,3.4375,2.55336025
495.0,4.0,-120.0,2.7695312,4.5625,82,4.5625,3.25578375
495.0,5.0,-105.0,3.3847656,5.65625,82,5.65625,3.94477875
495.0,6.0,-90.0,3.8164062,6.15625,82,6.15625,4.3042735
495.0,7.0,-75.0,3.515625,5.625,82,5.625,4.11570975
495.0,8.0,-60.0,2.741211,4.28125,82,4.28125,3.2731655
495.0,9.0,-45.0,1.7978516,2.65625,82,2.65625,2.0864375
495.0,10.0,-30.0,0.89453125,1.25,82,1.25,0.99013225
495.0,11.0,-15.0,0.24316406,0.34375,82,0.34375,0.258279
495.0,12.0,0.0,0.0,0.0,82,0.0,0.0
495.0,13.0,15.0,0.24121094,0.34375,82,0.34375,0.25959675
495.0,14.0,30.0,0.89453125,1.25,82,1.25,0.99013225
495.0,15.0,45.0,1.7978516,2.65625,82,2.65625,2.0881945
495.0,16.0,60.0,2.741211,4.28125,82,4.28125,3.2731655
495.0,17.0,75.0,3.508789,5.625,82,5.625,4.1102505
495.0,18.0,90.0,3.8164062,6.15625,82,6.15625,4.3042735
495.0,19.0,105.0,3.3876953,5.65625,82,5.65625,3.945971
495.0,20.0,120.0,2.7675781,4.5625,82,4.5625,3.25565825
495.0,21.0,135.0,2.1669922,3.4375,82,3.4375,2.55336025
495.0,22.0,150.0,1.8056641,2.59375,82,2.59375,2.0590785
495.0,23.0,165.0,1.6376953,2.125,82,2.125,1.8323
495.0,24.0,180.0,1.5732422,1.96875,82,1.96875,1.7827275
486.0,1.0,-165.0,13.49707,15.75,83,15.75,14.343897
486.0,2.0,-150.0,11.720703,14.53125,83,14.53125,13.13037475
486.0,3.0,-135.0,10.477539,14.09375,83,14.09375,12.75977325
486.0,4.0,-120.0,9.535156,14.3125,83,14.3125,12.7441485
486.0,5.0,-105.0,8.341797,14.65625,83,14.65625,12.715158
486.0,6.0,-90.0,7.1816406,14.15625,83,14.15625,11.99096025
486.0,7.0,-75.0,6.5527344,12.25,83,12.25,10.312586
486.0,8.0,-60.0,5.504883,9.15625,83,9.15625,7.787275
486.0,9.0,-45.0,3.790039,5.65625,83,5.65625,4.9051675
486.0,10.0,-30.0,1.8652344,2.65625,83,2.65625,2.3246365
486.0,11.0,-15.0,0.50097656,0.6875,83,0.6875,0.60070575
486.0,12.0,0.0,0.0,0.0,83,0.0,0.0
486.0,13.0,15.0,0.4970703,0.6875,83,0.6875,0.5987605
486.0,14.0,30.0,1.8710938,2.65625,83,2.65625,2.32633075
486.0,15.0,45.0,3.7910156,5.65625,83,5.65625,4.906046
486.0,16.0,60.0,5.5253906,9.15625,83,9.15625,7.788781
486.0,17.0,75.0,6.508789,12.25,83,12.25,10.28805075
486.0,18.0,90.0,7.1816406,14.15625,83,14.15625,11.989517
486.0,19.0,105.0,8.339844,14.65625,83,14.65625,12.71233425
486.0,20.0,120.0,9.532227,14.3125,83,14.3125,12.74094825
486.0,21.0,135.0,10.473633,14.09375,83,14.09375,12.7572005
486.0,22.0,150.0,11.71875,14.53125,83,14.53125,13.13301025
486.0,23.0,165.0,13.495117,15.75,83,15.75,14.34395975
486.0,24.0,180.0,15.473633,17.75,83,17.75,16.2395745
161.0,1.0,-165.0,3.163086,2.46875,84,2.46875,2.79268875
161.0,2.0,-150.0,1.7949219,1.5625,84,1.5625,1.95886675
161.0,3.0,-135.0,0.9892578,0.6875,84,0.6875,0.8613065
161.0,4.0,-120.0,0.4267578,0.09375,84,0.09375,0.14250525
161.0,5.0,-105.0,0.27246094,0.03125,84,0.03125,0.000753
161.0,6.0,-90.0,0.0029296875,0.375,84,0.375,0.35893
161.0,7.0,-75.0,0.21777344,0.0,84,0.0,0.040913
161.0,8.0,-60.0,0.42089844,0.1875,84,0.1875,0.0711585
161.0,9.0,-45.0,1.3564453,1.21875,84,1.21875,1.014793
161.0,10.0,-30.0,2.6865234,2.5,84,2.5,2.35406625
161.0,11.0,-15.0,3.65625,3.40625,84,3.40625,3.1471635
161.0,12.0,0.0,3.8515625,3.5,84,3.5,3.1795425
161.0,13.0,15.0,3.663086,3.40625,84,3.40625,3.153815
161.0,14.0,30.0,2.7001953,2.5,84,2.5,2.367181
161.0,15.0,45.0,1.3535156,1.21875,84,1.21875,1.01033775
161.0,16.0,60.0,0.4736328,0.1875,84,0.1875,0.104416
161.0,17.0,75.0,0.21289062,0.0,84,0.0,0.044929
161.0,18.0,90.0,0.0,0.375,84,0.375,0.359683
161.0,19.0,105.0,0.2578125,0.03125,84,0.03125,0.0
161.0,20.0,120.0,0.4267578,0.09375,84,0.09375,0.14250525
161.0,21.0,135.0,0.98339844,0.6875,84,0.6875,0.85735325
161.0,22.0,150.0,1.8378906,1.5625,84,1.5625,1.99450875
161.0,23.0,165.0,3.0966797,2.46875,84,2.46875,2.75089725
161.0,24.0,180.0,3.8164062,2.6875,84,2.6875,3.42520875
231.0,1.0,-165.0,3.3574219,3.5,85,3.5,3.1474145
231.0,2.0,-150.0,4.6328125,4.5625,85,4.5625,4.0472495
231.0,3.0,-135.0,5.654297,5.53125,85,5.53125,4.8853385
231.0,4.0,-120.0,5.576172,5.59375,85,5.59375,4.91301125
231.0,5.0,-105.0,4.2246094,4.46875,85,4.46875,3.87412225
231.0,6.0,-90.0,2.328125,2.65625,85,2.65625,2.22191475
231.0,7.0,-75.0,0.85546875,0.96875,85,0.96875,0.76987975
231.0,8.0,-60.0,0.0,0.0,85,0.0,6.27e-05
231.0,9.0,-45.0,1.0263672,0.75,85,0.75,0.802447
231.0,10.0,-30.0,3.2597656,2.84375,85,2.84375,2.8248795
231.0,11.0,-15.0,5.7626953,5.0625,85,5.0625,4.960262
231.0,12.0,0.0,6.9921875,6.0625,85,6.0625,5.9475705
231.0,13.0,15.0,5.751953,5.0625,85,5.0625,4.95906975
231.0,14.0,30.0,3.2529297,2.84375,85,2.84375,2.824252
231.0,15.0,45.0,1.0273438,0.75,85,0.75,0.802447
231.0,16.0,60.0,0.0009765625,0.0,85,0.0,0.0
231.0,17.0,75.0,0.85253906,0.96875,85,0.96875,0.769817
231.0,18.0,90.0,2.328125,2.65625,85,2.65625,2.221852
231.0,19.0,105.0,4.232422,4.46875,85,4.46875,3.874687
231.0,20.0,120.0,5.571289,5.59375,85,5.59375,4.91326225
231.0,21.0,135.0,5.658203,5.53125,85,5.53125,4.8853385
231.0,22.0,150.0,4.6376953,4.5625,85,4.5625,4.049132
231.0,23.0,165.0,3.3583984,3.5,85,3.5,3.1474145
231.0,24.0,180.0,2.758789,3.09375,85,3.09375,2.83862175
429.0,1.0,-165.0,0.9238281,0.8125,86,0.8125,0.518817
429.0,2.0,-150.0,0.6425781,0.34375,86,0.34375,0.1856145
429.0,3.0,-135.0,0.0,0.0,86,0.0,0.0061495
429.0,4.0,-120.0,0.21875,0.15625,86,0.15625,0.3605615
429.0,5.0,-105.0,0.9902344,0.9375,86,0.9375,1.32722525
429.0,6.0,-90.0,2.359375,2.5,86,2.5,2.9707105
429.0,7.0,-75.0,1.3554688,1.5,86,1.5,2.2259935
429.0,8.0,-60.0,0.453125,0.40625,86,0.40625,1.121217
429.0,9.0,-45.0,0.36523438,0.21875,86,0.21875,0.783873
429.0,10.0,-30.0,0.64453125,0.5625,86,0.5625,0.6916305
429.0,11.0,-15.0,0.7421875,1.0,86,1.0,0.704808
429.0,12.0,0.0,0.875,1.5,86,1.5,1.06957375
429.0,13.0,15.0,0.9238281,0.90625,86,0.90625,0.5919835
429.0,14.0,30.0,0.6738281,0.4375,86,0.4375,0.22088
429.0,15.0,45.0,0.025390625,0.03125,86,0.03125,0.0
429.0,16.0,60.0,0.123046875,0.15625,86,0.15625,0.2993175
429.0,17.0,75.0,0.828125,0.9375,86,0.9375,1.277088
429.0,18.0,90.0,2.09375,2.5625,86,2.5625,2.958286
429.0,19.0,105.0,1.5742188,1.46875,86,1.46875,2.26270225
429.0,20.0,120.0,0.47851562,0.40625,86,0.40625,1.127492
429.0,21.0,135.0,0.359375,0.1875,86,0.1875,0.7955445
429.0,22.0,150.0,0.6640625,0.5,86,0.5,0.71315375
429.0,23.0,165.0,0.79296875,0.9375,86,0.9375,0.70029
429.0,24.0,180.0,0.86328125,1.4375,86,1.4375,1.033367
45.0,1.0,-165.0,4.4697266,2.0625,87,2.0625,3.77253
45.0,2.0,-150.0,3.0742188,1.0,87,1.0,2.2207225
45.0,3.0,-135.0,1.6240234,0.3125,87,0.3125,1.00149
45.0,4.0,-120.0,0.61328125,0.125,87,0.125,0.3633225
45.0,5.0,-105.0,0.19921875,0.1875,87,0.1875,0.1173425
45.0,6.0,-90.0,0.16015625,0.1875,87,0.1875,0.03514
45.0,7.0,-75.0,0.0009765625,0.0625,87,0.0625,0.0
45.0,8.0,-60.0,0.30859375,0.0,87,0.0,0.2277825
45.0,9.0,-45.0,1.3691406,0.25,87,0.25,0.9538
45.0,10.0,-30.0,3.0791016,1.0,87,1.0,2.2684125
45.0,11.0,-15.0,4.6259766,2.0625,87,2.0625,3.861635
45.0,12.0,0.0,5.15625,2.6875,87,2.6875,4.7357425
45.0,13.0,15.0,4.6259766,2.0625,87,2.0625,3.861635
45.0,14.0,30.0,3.0791016,1.0,87,1.0,2.267785
45.0,15.0,45.0,1.3691406,0.25,87,0.25,0.9544275
45.0,16.0,60.0,0.30859375,0.0,87,0.0,0.227155
45.0,17.0,75.0,0.0,0.0625,87,0.0625,0.0
45.0,18.0,90.0,0.16015625,0.1875,87,0.1875,0.0345125
45.0,19.0,105.0,0.19921875,0.1875,87,0.1875,0.116715
45.0,20.0,120.0,0.61328125,0.125,87,0.125,0.3633225
45.0,21.0,135.0,1.6210938,0.3125,87,0.3125,1.000235
45.0,22.0,150.0,3.0742188,1.0,87,1.0,2.222605
45.0,23.0,165.0,4.4697266,2.0625,87,2.0625,3.77253
45.0,24.0,180.0,5.091797,2.625,87,2.625,4.6114975
186.0,1.0,-165.0,3.8847656,3.3125,88,3.3125,3.291865
186.0,2.0,-150.0,3.3613281,2.75,88,2.75,2.73307625
186.0,3.0,-135.0,3.0439453,2.21875,88,2.21875,2.24237125
186.0,4.0,-120.0,2.4013672,1.5625,88,1.5625,1.703286
186.0,5.0,-105.0,1.4199219,0.8125,88,0.8125,0.9659735
186.0,6.0,-90.0,0.5029297,0.25,88,0.25,0.33088075
186.0,7.0,-75.0,0.0,0.0,88,0.0,0.0114205
186.0,8.0,-60.0,0.11816406,0.03125,88,0.03125,0.0
186.0,9.0,-45.0,0.5566406,0.28125,88,0.28125,0.14426225
186.0,10.0,-30.0,0.9638672,0.6875,88,0.6875,0.41672275
186.0,11.0,-15.0,1.5117188,1.09375,88,1.09375,0.70135675
186.0,12.0,0.0,1.7626953,1.25,88,1.25,0.81706775
186.0,13.0,15.0,1.5107422,1.09375,88,1.09375,0.7016705
186.0,14.0,30.0,0.99316406,0.6875,88,0.6875,0.409883
186.0,15.0,45.0,0.55371094,0.28125,88,0.28125,0.1436975
186.0,16.0,60.0,0.12109375,0.03125,88,0.03125,6.27e-05
186.0,17.0,75.0,0.001953125,0.0,88,0.0,0.0141815
186.0,18.0,90.0,0.5029297,0.25,88,0.25,0.3306925
186.0,19.0,105.0,1.4169922,0.8125,88,0.8125,0.9664755
186.0,20.0,120.0,2.4023438,1.5625,88,1.5625,1.70021125
186.0,21.0,135.0,3.022461,2.21875,88,2.21875,2.23935925
186.0,22.0,150.0,3.3720703,2.75,88,2.75,2.75390925
186.0,23.0,165.0,3.8896484,3.3125,88,3.3125,3.31363925
186.0,24.0,180.0,4.2128906,3.625,88,3.625,3.592312
345.0,1.0,-165.0,0.93652344,1.34375,89,1.34375,0.66634225
345.0,2.0,-150.0,0.73046875,1.484375,89,1.484375,0.50206275
345.0,3.0,-135.0,0.5185547,1.484375,89,1.484375,0.32234675
345.0,4.0,-120.0,0.80078125,1.640625,89,1.640625,0.42600975
345.0,5.0,-105.0,1.5449219,2.234375,89,2.234375,1.1263625
345.0,6.0,-90.0,3.256836,3.328125,89,3.328125,2.33662175
345.0,7.0,-75.0,4.9003906,4.640625,89,4.640625,3.758223
345.0,8.0,-60.0,6.263672,5.890625,89,5.890625,5.116635
345.0,9.0,-45.0,7.944336,7.4375,89,7.4375,6.745374
345.0,10.0,-30.0,10.707031,9.609375,89,9.609375,9.08463125
345.0,11.0,-15.0,14.78125,11.40625,89,11.40625,11.05623625
345.0,12.0,0.0,13.2421875,9.953125,89,9.953125,9.482529
345.0,13.0,15.0,10.169922,7.90625,89,7.90625,7.0489585
345.0,14.0,30.0,6.484375,5.625,89,5.625,4.32115325
345.0,15.0,45.0,3.3642578,3.5625,89,3.5625,2.03542175
345.0,16.0,60.0,1.4306641,2.109375,89,2.109375,0.60823575
345.0,17.0,75.0,1.0078125,1.359375,89,1.359375,0.1093105
345.0,18.0,90.0,0.7207031,0.921875,89,0.921875,0.10472975
345.0,19.0,105.0,0.15332031,0.515625,89,0.515625,0.0691505
345.0,20.0,120.0,0.0,0.1875,89,0.1875,0.0
345.0,21.0,135.0,0.017578125,0.0,89,0.0,0.00909875
345.0,22.0,150.0,0.24023438,0.109375,89,0.109375,0.16622475
345.0,23.0,165.0,0.5830078,0.484375,89,0.484375,0.439752
345.0,24.0,180.0,0.79785156,1.0,89,1.0,0.6569925
185.0,1.0,-165.0,0.39941406,0.28125,90,0.28125,0.243219
185.0,2.0,-150.0,1.5800781,1.34375,90,1.34375,1.12240925
185.0,3.0,-135.0,3.1640625,2.9375,90,2.9375,2.505984
185.0,4.0,-120.0,4.819336,4.8125,90,4.8125,4.09362175
185.0,5.0,-105.0,6.2265625,6.375,90,6.375,5.4214745
185.0,6.0,-90.0,6.9882812,6.96875,90,6.96875,5.93909925
185.0,7.0,-75.0,6.5839844,6.21875,90,6.21875,5.33556975
185.0,8.0,-60.0,5.4277344,4.59375,90,4.59375,4.0013165
185.0,9.0,-45.0,3.9189453,2.84375,90,2.84375,2.48107225
185.0,10.0,-30.0,2.5908203,1.46875,90,1.46875,1.288132
185.0,11.0,-15.0,1.7080078,0.71875,90,0.71875,0.62091125
185.0,12.0,0.0,1.4433594,0.5,90,0.5,0.45933
185.0,13.0,15.0,1.7099609,0.71875,90,0.71875,0.62103675
185.0,14.0,30.0,2.5917969,1.46875,90,1.46875,1.28882225
185.0,15.0,45.0,3.9414062,2.84375,90,2.84375,2.49494
185.0,16.0,60.0,5.40625,4.59375,90,4.59375,3.99322175
185.0,17.0,75.0,6.5878906,6.21875,90,6.21875,5.33469125
185.0,18.0,90.0,6.993164,6.96875,90,6.96875,5.94010325
185.0,19.0,105.0,6.216797,6.34375,90,6.34375,5.40710475
185.0,20.0,120.0,4.8164062,4.8125,90,4.8125,4.093559
185.0,21.0,135.0,3.165039,2.9375,90,2.9375,2.50679975
185.0,22.0,150.0,1.578125,1.34375,90,1.34375,1.119711
185.0,23.0,165.0,0.3935547,0.28125,90,0.28125,0.2405835
185.0,24.0,180.0,0.0,0.0,90,0.0,0.0
311.0,1.0,-165.0,1.9570312,2.5,91,2.5,2.1602315
311.0,2.0,-150.0,2.9121094,3.0,91,3.0,2.87652275
311.0,3.0,-135.0,2.7070312,3.15625,91,3.15625,2.9543955
311.0,4.0,-120.0,2.1035156,2.875,91,2.875,2.58711975
311.0,5.0,-105.0,1.2050781,1.9375,91,1.9375,1.755494
311.0,6.0,-90.0,0.41015625,0.875,91,0.875,0.7380655
311.0,7.0,-75.0,0.0,0.09375,91,0.09375,0.0535885
311.0,8.0,-60.0,0.083984375,0.0,91,0.0,0.0
311.0,9.0,-45.0,0.060546875,0.46875,91,0.46875,0.310487
311.0,10.0,-30.0,0.7363281,1.53125,91,1.53125,1.22607225
311.0,11.0,-15.0,1.6855469,2.5625,91,2.5625,2.2021485
311.0,12.0,0.0,2.484375,3.09375,91,3.09375,2.831782
311.0,13.0,15.0,2.8847656,3.09375,91,3.09375,2.970334
311.0,14.0,30.0,2.8925781,2.75,91,2.75,2.7264875
311.0,15.0,45.0,1.3828125,2.0,91,2.0,1.651831
311.0,16.0,60.0,0.7519531,1.3125,91,1.3125,0.94871725
311.0,17.0,75.0,0.7109375,0.9375,91,0.9375,0.69370125
311.0,18.0,90.0,1.0761719,0.84375,91,0.84375,0.80978875
311.0,19.0,105.0,1.5976562,0.90625,91,0.90625,1.055706
311.0,20.0,120.0,2.1035156,0.96875,91,0.96875,1.181708
311.0,21.0,135.0,1.2558594,0.875,91,0.875,0.925437
311.0,22.0,150.0,0.828125,0.875,91,0.875,0.689497
311.0,23.0,165.0,0.6425781,1.125,91,1.125,0.74954875
311.0,24.0,180.0,0.99609375,1.6875,91,1.6875,1.25129775
265.0,1.0,-165.0,0.26171875,0.28125,92,0.28125,0.19094825
265.0,2.0,-150.0,1.0136719,1.125,92,1.125,0.78355925
265.0,3.0,-135.0,2.171875,2.5,92,2.5,1.8000465
265.0,4.0,-120.0,3.5175781,4.1875,92,4.1875,3.1002265
265.0,5.0,-105.0,4.6953125,5.78125,92,5.78125,4.24648075
265.0,6.0,-90.0,5.1835938,6.46875,92,6.46875,4.7003515
265.0,7.0,-75.0,4.7285156,5.8125,92,5.8125,4.2613525
265.0,8.0,-60.0,3.5527344,4.28125,92,4.28125,3.17257725
265.0,9.0,-45.0,2.1933594,2.59375,92,2.59375,1.8878965
265.0,10.0,-30.0,1.0371094,1.1875,92,1.1875,0.836332
265.0,11.0,-15.0,0.26953125,0.3125,92,0.3125,0.207326
265.0,12.0,0.0,0.0,0.0,92,0.0,0.0
265.0,13.0,15.0,0.26953125,0.3125,92,0.3125,0.20726325
265.0,14.0,30.0,1.0371094,1.1875,92,1.1875,0.836583
265.0,15.0,45.0,2.1923828,2.59375,92,2.59375,1.88783375
265.0,16.0,60.0,3.5478516,4.28125,92,4.28125,3.16818475
265.0,17.0,75.0,4.7285156,5.8125,92,5.8125,4.26141525
265.0,18.0,90.0,5.1835938,6.46875,92,6.46875,4.7003515
265.0,19.0,105.0,4.698242,5.78125,92,5.78125,4.24660625
265.0,20.0,120.0,3.5175781,4.1875,92,4.1875,3.100352
265.0,21.0,135.0,2.1689453,2.5,92,2.5,1.79948175
265.0,22.0,150.0,1.0136719,1.125,92,1.125,0.78368475
265.0,23.0,165.0,0.26171875,0.28125,92,0.28125,0.19107375
265.0,24.0,180.0,0.0,0.0,92,0.0,0.00031375
258.0,1.0,-165.0,1.6435547,0.90625,93,0.90625,1.292399
258.0,2.0,-150.0,0.46289062,0.0625,93,0.0625,0.2513765
258.0,3.0,-135.0,0.0009765625,0.0,93,0.0,6.28e-05
258.0,4.0,-120.0,0.39453125,0.59375,93,0.59375,0.4393755
258.0,5.0,-105.0,0.8691406,1.34375,93,1.34375,1.0515645
258.0,6.0,-90.0,1.1142578,1.6875,93,1.6875,1.3351945
258.0,7.0,-75.0,0.8642578,1.375,93,1.375,1.04083425
258.0,8.0,-60.0,0.40234375,0.625,93,0.625,0.451047
258.0,9.0,-45.0,0.0,0.03125,93,0.03125,0.008032
258.0,10.0,-30.0,0.38671875,0.03125,93,0.03125,0.1933955
258.0,11.0,-15.0,1.5429688,0.8125,93,0.8125,1.180453
258.0,12.0,0.0,2.4404297,1.5625,93,1.5625,2.124715
258.0,13.0,15.0,1.5478516,0.8125,93,0.8125,1.18352775
258.0,14.0,30.0,0.38378906,0.03125,93,0.03125,0.1918895
258.0,15.0,45.0,0.0,0.03125,93,0.03125,0.00822025
258.0,16.0,60.0,0.40429688,0.625,93,0.625,0.4511725
258.0,17.0,75.0,0.86328125,1.375,93,1.375,1.03920275
258.0,18.0,90.0,1.1123047,1.6875,93,1.6875,1.33525725
258.0,19.0,105.0,0.8652344,1.34375,93,1.34375,1.04685825
258.0,20.0,120.0,0.3955078,0.59375,93,0.59375,0.44044225
258.0,21.0,135.0,0.0,0.0,93,0.0,0.0
258.0,22.0,150.0,0.46484375,0.0625,93,0.0625,0.251
258.0,23.0,165.0,1.6435547,0.90625,93,0.90625,1.292399
258.0,24.0,180.0,2.4365234,1.5625,93,1.5625,2.1235855
358.0,1.0,-165.0,0.0107421875,0.0,94,0.0,0.00181975
358.0,2.0,-150.0,0.5908203,0.59375,94,0.59375,0.26549525
358.0,3.0,-135.0,1.8515625,1.9375,94,1.9375,1.1404185
358.0,4.0,-120.0,3.3496094,3.8125,94,3.8125,2.42861325
358.0,5.0,-105.0,4.7021484,5.75,94,5.75,3.75928975
358.0,6.0,-90.0,5.428711,7.0,94,7.0,4.78675825
358.0,7.0,-75.0,6.0341797,7.59375,94,7.59375,5.65521825
358.0,8.0,-60.0,6.4228516,8.0,94,8.0,6.50221775
358.0,9.0,-45.0,6.8447266,8.59375,94,8.59375,7.4528175
358.0,10.0,-30.0,7.955078,9.4375,94,9.4375,8.68754925
358.0,11.0,-15.0,9.237305,10.53125,94,10.53125,10.070622
358.0,12.0,0.0,10.1953125,11.65625,94,11.65625,11.1887015
358.0,13.0,15.0,9.233398,10.53125,94,10.53125,10.068363
358.0,14.0,30.0,7.9570312,9.4375,94,9.4375,8.6864825
358.0,15.0,45.0,6.8378906,8.59375,94,8.59375,7.45062125
358.0,16.0,60.0,6.423828,8.0,94,8.0,6.5020295
358.0,17.0,75.0,6.036133,7.59375,94,7.59375,5.65672425
358.0,18.0,90.0,5.4208984,7.0,94,7.0,4.78663275
358.0,19.0,105.0,4.705078,5.75,94,5.75,3.76029375
358.0,20.0,120.0,3.3496094,3.8125,94,3.8125,2.427672
358.0,21.0,135.0,1.8476562,1.9375,94,1.9375,1.13445725
358.0,22.0,150.0,0.5878906,0.59375,94,0.59375,0.26110275
358.0,23.0,165.0,0.0,0.0,94,0.0,0.0
358.0,24.0,180.0,1.2148438,0.96875,94,0.96875,1.3743505
7.0,1.0,-165.0,4.3115234,4.28125,95,4.28125,4.12148275
7.0,2.0,-150.0,5.5742188,5.25,95,5.25,4.87159625
7.0,3.0,-135.0,6.845703,6.21875,95,6.21875,5.65797925
7.0,4.0,-120.0,7.133789,6.375,95,6.375,5.76547
7.0,5.0,-105.0,6.0546875,5.34375,95,5.34375,4.78399725
7.0,6.0,-90.0,4.4570312,3.40625,95,3.40625,3.00026575
7.0,7.0,-75.0,2.5097656,1.375,95,1.375,1.1474465
7.0,8.0,-60.0,0.6660156,0.03125,95,0.03125,0.0
7.0,9.0,-45.0,0.06542969,0.0,95,0.0,0.0681465
7.0,10.0,-30.0,1.1650391,1.25,95,1.25,1.28455525
7.0,11.0,-15.0,3.6142578,2.75,95,2.75,3.0896845
7.0,12.0,0.0,5.1035156,3.53125,95,3.53125,4.245163
7.0,13.0,15.0,3.6972656,3.25,95,3.25,3.34225325
7.0,14.0,30.0,1.3847656,1.71875,95,1.71875,1.58086075
7.0,15.0,45.0,0.0,0.5625,95,0.5625,0.52465275
7.0,16.0,60.0,0.41015625,0.59375,95,0.59375,0.59945075
7.0,17.0,75.0,2.2578125,2.03125,95,2.03125,1.87076575
7.0,18.0,90.0,4.4003906,4.15625,95,4.15625,3.7337505
7.0,19.0,105.0,5.9570312,5.75,95,5.75,5.22663575
7.0,20.0,120.0,6.8066406,6.4375,95,6.4375,5.80531625
7.0,21.0,135.0,7.232422,6.625,95,6.625,5.907536
7.0,22.0,150.0,6.038086,5.59375,95,5.59375,5.04930425
7.0,23.0,165.0,4.8447266,4.71875,95,4.71875,4.517749
7.0,24.0,180.0,4.0791016,3.75,95,3.75,3.7089015
299.0,1.0,-165.0,0.57421875,0.5,96,0.5,0.467362
299.0,2.0,-150.0,2.2841797,2.0625,96,2.0625,1.90013275
299.0,3.0,-135.0,4.861328,4.65625,96,4.65625,4.29140975
299.0,4.0,-120.0,8.016602,8.25,96,8.25,7.55616675
299.0,5.0,-105.0,11.200195,12.53125,96,12.53125,11.335662
299.0,6.0,-90.0,14.017578,17.0,96,17.0,15.1304055
299.0,7.0,-75.0,16.44629,20.875,96,20.875,18.21437975
299.0,8.0,-60.0,12.19043,13.28125,96,13.28125,12.04279175
299.0,9.0,-45.0,10.470703,11.375,96,11.375,10.21337825
299.0,10.0,-30.0,9.302734,10.1875,96,10.1875,9.084192
299.0,11.0,-15.0,8.692383,9.625,96,9.625,8.5539545
299.0,12.0,0.0,8.547852,9.53125,96,9.53125,8.4666065
299.0,13.0,15.0,8.686523,9.625,96,9.625,8.54247125
299.0,14.0,30.0,9.6328125,10.5625,96,10.5625,9.4214105
299.0,15.0,45.0,11.107422,11.8125,96,11.8125,10.55197725
299.0,16.0,60.0,13.250977,13.75,96,13.75,12.30496125
299.0,17.0,75.0,16.438477,20.875,96,20.875,18.21023825
299.0,18.0,90.0,14.015625,16.96875,96,16.96875,15.121244
299.0,19.0,105.0,11.198242,12.53125,96,12.53125,11.3322735
299.0,20.0,120.0,8.014648,8.25,96,8.25,7.55566475
299.0,21.0,135.0,4.864258,4.65625,96,4.65625,4.29530025
299.0,22.0,150.0,2.2841797,2.0625,96,2.0625,1.90013275
299.0,23.0,165.0,0.57421875,0.5,96,0.5,0.46742475
299.0,24.0,180.0,0.0,0.0,96,0.0,0.0
328.0,1.0,-165.0,0.15820312,0.21875,97,0.21875,0.116213
328.0,2.0,-150.0,0.64746094,0.84375,97,0.84375,0.56217725
328.0,3.0,-135.0,1.6113281,2.0,97,2.0,1.47242875
328.0,4.0,-120.0,3.0195312,3.5625,97,3.5625,2.72542075
328.0,5.0,-105.0,4.5507812,5.0625,97,5.0625,3.8866095
328.0,6.0,-90.0,5.2373047,5.75,97,5.75,4.37574575
328.0,7.0,-75.0,4.5566406,5.09375,97,5.09375,3.89633575
328.0,8.0,-60.0,3.046875,3.59375,97,3.59375,2.741673
328.0,9.0,-45.0,1.6269531,2.0,97,2.0,1.4817785
328.0,10.0,-30.0,0.6542969,0.84375,97,0.84375,0.56732275
328.0,11.0,-15.0,0.15332031,0.21875,97,0.21875,0.11125575
328.0,12.0,0.0,0.0,0.0,97,0.0,0.0003765
328.0,13.0,15.0,0.15136719,0.21875,97,0.21875,0.11125575
328.0,14.0,30.0,0.6533203,0.84375,97,0.84375,0.5673855
328.0,15.0,45.0,1.6308594,2.0,97,2.0,1.4832845
328.0,16.0,60.0,3.046875,3.59375,97,3.59375,2.741673
328.0,17.0,75.0,4.557617,5.09375,97,5.09375,3.8966495
328.0,18.0,90.0,5.241211,5.75,97,5.75,4.37744
328.0,19.0,105.0,4.5371094,5.0625,97,5.0625,3.89301
328.0,20.0,120.0,3.0205078,3.5625,97,3.5625,2.72529525
328.0,21.0,135.0,1.6044922,2.0,97,2.0,1.470609
328.0,22.0,150.0,0.65722656,0.84375,97,0.84375,0.569017
328.0,23.0,165.0,0.15820312,0.21875,97,0.21875,0.116213
328.0,24.0,180.0,0.00390625,0.0,97,0.0,0.0
69.0,1.0,-165.0,0.5566406,0.5,98,0.5,0.49478375
69.0,2.0,-150.0,2.1640625,1.90625,98,1.90625,1.88494725
69.0,3.0,-135.0,4.323242,3.84375,98,3.84375,3.82103575
69.0,4.0,-120.0,6.185547,5.8125,98,5.8125,5.4736825
69.0,5.0,-105.0,7.198242,7.34375,98,7.34375,6.55166475
69.0,6.0,-90.0,7.1523438,8.125,98,8.125,6.780263
69.0,7.0,-75.0,6.6621094,8.1875,98,8.1875,6.38042
69.0,8.0,-60.0,6.2304688,8.0,98,8.0,5.86041075
69.0,9.0,-45.0,6.076172,7.90625,98,7.90625,5.58067125
69.0,10.0,-30.0,6.140625,8.15625,98,8.15625,5.69537825
69.0,11.0,-15.0,6.4746094,8.75,98,8.75,6.16023025
69.0,12.0,0.0,7.135742,9.5625,98,9.5625,6.92803925
69.0,13.0,15.0,6.473633,8.75,98,8.75,6.15809675
69.0,14.0,30.0,6.1396484,8.15625,98,8.15625,5.698202
69.0,15.0,45.0,6.080078,7.90625,98,7.90625,5.581487
69.0,16.0,60.0,6.229492,8.0,98,8.0,5.86015975
69.0,17.0,75.0,6.6621094,8.1875,98,8.1875,6.3805455
69.0,18.0,90.0,7.1601562,8.125,98,8.125,6.78383975
69.0,19.0,105.0,7.1953125,7.34375,98,7.34375,6.54890375
69.0,20.0,120.0,6.201172,5.8125,98,5.8125,5.4776985
69.0,21.0,135.0,4.326172,3.84375,98,3.84375,3.82342025
69.0,22.0,150.0,2.163086,1.90625,98,1.90625,1.891285
69.0,23.0,165.0,0.54296875,0.5,98,0.5,0.473135
69.0,24.0,180.0,0.0,0.0,98,0.0,0.0
273.0,1.0,-165.0,0.24511719,0.40625,99,0.40625,0.34581525
273.0,2.0,-150.0,0.98339844,1.65625,99,1.65625,1.37918225
273.0,3.0,-135.0,2.2509766,3.53125,99,3.53125,3.02022025
273.0,4.0,-120.0,3.8222656,5.8125,99,5.8125,5.002932
273.0,5.0,-105.0,5.2646484,7.96875,99,7.96875,6.8479075
273.0,6.0,-90.0,6.0166016,9.34375,99,9.34375,7.94986025
273.0,7.0,-75.0,6.296875,9.3125,99,9.3125,7.983808
273.0,8.0,-60.0,5.9960938,8.4375,99,8.4375,7.37080325
273.0,9.0,-45.0,5.533203,7.59375,99,7.59375,6.80140975
273.0,10.0,-30.0,5.5371094,7.28125,99,7.28125,6.68343975
273.0,11.0,-15.0,5.9697266,7.53125,99,7.53125,7.02705875
273.0,12.0,0.0,6.243164,7.78125,99,7.78125,7.33440825
273.0,13.0,15.0,5.973633,7.53125,99,7.53125,7.03094925
273.0,14.0,30.0,5.529297,7.28125,99,7.28125,6.68268675
273.0,15.0,45.0,5.533203,7.59375,99,7.59375,6.80140975
273.0,16.0,60.0,5.9990234,8.4375,99,8.4375,7.371368
273.0,17.0,75.0,6.298828,9.3125,99,9.3125,7.9839335
273.0,18.0,90.0,6.0166016,9.34375,99,9.34375,7.94986025
273.0,19.0,105.0,5.270508,7.96875,99,7.96875,6.84872325
273.0,20.0,120.0,3.8222656,5.8125,99,5.8125,5.002932
273.0,21.0,135.0,2.2509766,3.53125,99,3.53125,3.01984375
273.0,22.0,150.0,0.98535156,1.65625,99,1.65625,1.3776135
273.0,23.0,165.0,0.24511719,0.40625,99,0.40625,0.345878
273.0,24.0,180.0,0.0,0.0,99,0.0,0.0
128.0,1.0,-165.0,1.8300781,2.3125,100,2.3125,1.75430175
128.0,2.0,-150.0,1.4003906,1.34375,100,1.34375,1.1848455
128.0,3.0,-135.0,0.90234375,0.5625,100,0.5625,0.6921325
128.0,4.0,-120.0,0.6035156,0.15625,100,0.15625,0.467111
128.0,5.0,-105.0,0.60546875,0.28125,100,0.28125,0.72457425
128.0,6.0,-90.0,0.83984375,0.84375,100,0.84375,1.31022
128.0,7.0,-75.0,1.1640625,1.5,100,1.5,1.83499825
128.0,8.0,-60.0,1.5585938,2.0,100,2.0,2.21476125
128.0,9.0,-45.0,1.9765625,2.40625,100,2.40625,2.4895435
128.0,10.0,-30.0,2.2558594,2.78125,100,2.78125,2.6903435
128.0,11.0,-15.0,2.3222656,3.15625,100,3.15625,2.78992775
128.0,12.0,0.0,2.1757812,3.34375,100,3.34375,2.80373275
128.0,13.0,15.0,1.9414062,3.375,100,3.375,2.8236245
128.0,14.0,30.0,1.5878906,2.53125,100,2.53125,2.33348425
128.0,15.0,45.0,1.3789062,2.0,100,2.0,1.990179
128.0,16.0,60.0,1.0507812,1.46875,100,1.46875,1.56981675
128.0,17.0,75.0,0.65625,0.96875,100,0.96875,1.1138125
128.0,18.0,90.0,0.234375,0.4375,100,0.4375,0.55803575
128.0,19.0,105.0,0.044921875,0.0,100,0.0,0.15380025
128.0,20.0,120.0,0.0,0.09375,100,0.09375,0.0
128.0,21.0,135.0,0.31445312,0.59375,100,0.59375,0.253008
128.0,22.0,150.0,0.921875,1.28125,100,1.28125,0.82811175
128.0,23.0,165.0,1.3964844,2.28125,100,2.28125,1.43766525
128.0,24.0,180.0,1.8066406,3.15625,100,3.15625,2.06202775
460.0,1.0,-165.0,0.0,0.71875,101,0.71875,0.7021725
460.0,2.0,-150.0,0.1328125,1.1875,101,1.1875,0.794666
460.0,3.0,-135.0,0.6904297,2.0625,101,2.0625,1.19519925
460.0,4.0,-120.0,1.3955078,3.15625,101,3.15625,1.76170625
460.0,5.0,-105.0,1.8115234,4.0,101,4.0,2.1125415
460.0,6.0,-90.0,1.7382812,4.09375,101,4.09375,1.9775035
460.0,7.0,-75.0,1.3046875,3.28125,101,3.28125,1.40666675
460.0,8.0,-60.0,0.7392578,2.03125,101,2.03125,0.66515
460.0,9.0,-45.0,0.2734375,0.96875,101,0.96875,0.146835
460.0,10.0,-30.0,0.18066406,0.34375,101,0.34375,0.0
460.0,11.0,-15.0,0.2529297,0.0625,101,0.0625,0.10196875
460.0,12.0,0.0,0.29785156,0.0,101,0.0,0.18825
460.0,13.0,15.0,0.25683594,0.0625,101,0.0625,0.1020315
460.0,14.0,30.0,0.18261719,0.34375,101,0.34375,0.00043925
460.0,15.0,45.0,0.2734375,0.96875,101,0.96875,0.146333
460.0,16.0,60.0,0.7392578,2.03125,101,2.03125,0.664648
460.0,17.0,75.0,1.2978516,3.28125,101,3.28125,1.4007055
460.0,18.0,90.0,1.7382812,4.09375,101,4.09375,1.9775035
460.0,19.0,105.0,1.8105469,4.0,101,4.0,2.112918
460.0,20.0,120.0,1.3955078,3.15625,101,3.15625,1.7601375
460.0,21.0,135.0,0.6904297,2.0625,101,2.0625,1.195262
460.0,22.0,150.0,0.13378906,1.1875,101,1.1875,0.79497975
460.0,23.0,165.0,0.0009765625,0.71875,101,0.71875,0.702047
460.0,24.0,180.0,0.026367188,0.59375,101,0.59375,0.730159
394.0,1.0,-165.0,0.5029297,0.5,102,0.5,0.347635
394.0,2.0,-150.0,2.0605469,1.9375,102,1.9375,1.5831825
394.0,3.0,-135.0,4.0546875,3.875,102,3.875,3.685935
394.0,4.0,-120.0,6.696289,7.0,102,7.0,6.5605125
394.0,5.0,-105.0,9.459961,10.9375,102,10.9375,10.02243
394.0,6.0,-90.0,12.121094,15.3125,102,15.3125,13.67197
394.0,7.0,-75.0,14.317383,15.0,102,15.0,13.126045
394.0,8.0,-60.0,11.282227,12.4375,102,12.4375,10.3204925
394.0,9.0,-45.0,9.094727,10.75,102,10.75,8.3488875
394.0,10.0,-30.0,7.9296875,10.0625,102,10.0625,7.3499075
394.0,11.0,-15.0,7.513672,10.0625,102,10.0625,7.11585
394.0,12.0,0.0,7.7304688,10.5625,102,10.5625,7.42709
394.0,13.0,15.0,7.5117188,10.0625,102,10.0625,7.1114575
394.0,14.0,30.0,7.926758,10.0625,102,10.0625,7.350535
394.0,15.0,45.0,9.091797,10.75,102,10.75,8.3488875
394.0,16.0,60.0,11.264648,12.4375,102,12.4375,10.304805
394.0,17.0,75.0,14.310547,15.0,102,15.0,13.1254175
394.0,18.0,90.0,12.199219,15.25,102,15.25,13.730955
394.0,19.0,105.0,9.50293,10.9375,102,10.9375,10.0356075
394.0,20.0,120.0,6.709961,7.0,102,7.0,6.57118
394.0,21.0,135.0,4.0410156,3.875,102,3.875,3.675895
394.0,22.0,150.0,1.8818359,1.625,102,1.625,1.615185
394.0,23.0,165.0,0.375,0.5625,102,0.5625,0.302455
394.0,24.0,180.0,0.0,0.0,102,0.0,0.0
141.0,1.0,-165.0,0.8857422,0.28125,103,0.28125,0.2990665
141.0,2.0,-150.0,1.3671875,1.0,103,1.0,1.05991025
141.0,3.0,-135.0,2.0136719,1.8125,103,1.8125,1.91054925
141.0,4.0,-120.0,2.0507812,1.53125,103,1.53125,2.273558
141.0,5.0,-105.0,1.4589844,0.90625,103,0.90625,1.58073525
141.0,6.0,-90.0,0.6230469,0.28125,103,0.28125,0.789897
141.0,7.0,-75.0,0.0,0.125,103,0.125,0.343619
141.0,8.0,-60.0,0.10449219,0.6875,103,0.6875,0.504259
141.0,9.0,-45.0,1.1494141,1.90625,103,1.90625,1.33801825
141.0,10.0,-30.0,2.8027344,3.4375,103,3.4375,2.56678875
141.0,11.0,-15.0,4.2539062,4.71875,103,4.71875,3.721577
141.0,12.0,0.0,4.720703,5.375,103,5.375,4.24560225
141.0,13.0,15.0,4.254883,4.71875,103,4.71875,3.72138875
141.0,14.0,30.0,2.7978516,3.4375,103,3.4375,2.567981
141.0,15.0,45.0,1.1601562,1.90625,103,1.90625,1.33776725
141.0,16.0,60.0,0.10253906,0.6875,103,0.6875,0.50451
141.0,17.0,75.0,0.0,0.125,103,0.125,0.3437445
141.0,18.0,90.0,0.62597656,0.28125,103,0.28125,0.78744975
141.0,19.0,105.0,1.4677734,0.90625,103,0.90625,1.583559
141.0,20.0,120.0,2.0498047,1.53125,103,1.53125,2.2739345
141.0,21.0,135.0,2.0175781,1.8125,103,1.8125,1.9114905
141.0,22.0,150.0,1.3339844,1.0,103,1.0,1.07409175
141.0,23.0,165.0,0.8828125,0.28125,103,0.28125,0.298941
141.0,24.0,180.0,0.7636719,0.0,103,0.0,0.0
357.0,1.0,-165.0,0.0,0.0625,104,0.0625,0.0018825
357.0,2.0,-150.0,0.06738281,0.375,104,0.375,0.06394225
357.0,3.0,-135.0,0.70214844,1.1875,104,1.1875,0.6000155
357.0,4.0,-120.0,1.6455078,2.34375,104,2.34375,1.53254325
357.0,5.0,-105.0,2.493164,3.40625,104,3.40625,2.4656985
357.0,6.0,-90.0,2.7636719,3.90625,104,3.90625,2.87150275
357.0,7.0,-75.0,2.4902344,3.4375,104,3.4375,2.455282
357.0,8.0,-60.0,1.6738281,2.34375,104,2.34375,1.5349905
357.0,9.0,-45.0,0.7421875,1.21875,104,1.21875,0.6108085
357.0,10.0,-30.0,0.083984375,0.40625,104,0.40625,0.07046825
357.0,11.0,-15.0,0.0,0.0625,104,0.0625,6.27e-05
357.0,12.0,0.0,0.1015625,0.0,104,0.0,0.06996625
357.0,13.0,15.0,0.001953125,0.0625,104,0.0625,0.0
357.0,14.0,30.0,0.083984375,0.40625,104,0.40625,0.07046825
357.0,15.0,45.0,0.74121094,1.21875,104,1.21875,0.610683
357.0,16.0,60.0,1.6738281,2.34375,104,2.34375,1.5347395
357.0,17.0,75.0,2.4902344,3.4375,104,3.4375,2.455282
357.0,18.0,90.0,2.7636719,3.90625,104,3.90625,2.87150275
357.0,19.0,105.0,2.493164,3.40625,104,3.40625,2.465573
357.0,20.0,120.0,1.6445312,2.34375,104,2.34375,1.53241775
357.0,21.0,135.0,0.70996094,1.1875,104,1.1875,0.600392
357.0,22.0,150.0,0.06738281,0.375,104,0.375,0.064005
357.0,23.0,165.0,0.0,0.0625,104,0.0625,0.00181975
357.0,24.0,180.0,0.10253906,0.0,104,0.0,0.07071925
262.0,1.0,-165.0,4.881836,3.875,105,3.875,4.900775
262.0,2.0,-150.0,2.296875,1.5,105,1.5,2.41211
262.0,3.0,-135.0,0.8857422,0.3125,105,0.3125,1.040395
262.0,4.0,-120.0,0.3310547,0.0,105,0.0,0.52208
262.0,5.0,-105.0,0.17871094,0.25,105,0.25,0.503255
262.0,6.0,-90.0,0.86816406,0.875,105,0.875,1.36042
262.0,7.0,-75.0,0.0,0.125,105,0.125,0.29618
262.0,8.0,-60.0,0.107421875,0.0,105,0.0,0.0018825
262.0,9.0,-45.0,1.2851562,0.875,105,0.875,0.8941875
262.0,10.0,-30.0,3.609375,2.8125,105,2.8125,3.0214125
262.0,11.0,-15.0,6.9375,5.8125,105,5.8125,6.24488
262.0,12.0,0.0,10.931641,9.6875,105,9.6875,10.4033225
262.0,13.0,15.0,6.9570312,5.8125,105,5.8125,6.2492725
262.0,14.0,30.0,3.6142578,2.8125,105,2.8125,3.0151375
262.0,15.0,45.0,1.2832031,0.875,105,0.875,0.89607
262.0,16.0,60.0,0.103515625,0.0,105,0.0,0.0
262.0,17.0,75.0,0.0048828125,0.125,105,0.125,0.2968075
262.0,18.0,90.0,0.8652344,0.875,105,0.875,1.3623025
262.0,19.0,105.0,0.171875,0.25,105,0.25,0.5013725
262.0,20.0,120.0,0.3251953,0.0,105,0.0,0.523335
262.0,21.0,135.0,0.8828125,0.3125,105,0.3125,1.0422775
262.0,22.0,150.0,2.2998047,1.5,105,1.5,2.410855
262.0,23.0,165.0,4.879883,3.875,105,3.875,4.898265
262.0,24.0,180.0,8.334961,7.4375,105,7.4375,8.6525975
488.0,1.0,-165.0,1.0244141,0.75,106,0.75,1.607906
488.0,2.0,-150.0,2.2050781,1.96875,106,1.96875,3.30259525
488.0,3.0,-135.0,4.3320312,2.9375,106,2.9375,4.3612505
488.0,4.0,-120.0,1.484375,1.6875,106,1.6875,1.31931875
488.0,5.0,-105.0,1.3808594,0.9375,106,0.9375,0.82271525
488.0,6.0,-90.0,1.7207031,0.9375,106,0.9375,1.02665275
488.0,7.0,-75.0,2.6914062,1.65625,106,1.65625,1.82407975
488.0,8.0,-60.0,3.9951172,2.96875,106,2.96875,3.15186975
488.0,9.0,-45.0,2.6572266,1.625,106,1.625,1.80738825
488.0,10.0,-30.0,1.7109375,0.9375,106,0.9375,1.0189345
488.0,11.0,-15.0,1.3828125,0.9375,106,0.9375,0.82334275
488.0,12.0,0.0,1.4990234,1.65625,106,1.65625,1.2852455
488.0,13.0,15.0,4.701172,3.0625,106,3.0625,4.39055475
488.0,14.0,30.0,2.5927734,2.15625,106,2.15625,3.53602525
488.0,15.0,45.0,1.1123047,0.84375,106,0.84375,1.7621455
488.0,16.0,60.0,0.18847656,0.03125,106,0.03125,0.34418375
488.0,17.0,75.0,0.0107421875,0.0,106,0.0,0.0036395
488.0,18.0,90.0,0.4658203,0.9375,106,0.9375,0.77879025
488.0,19.0,105.0,1.8535156,2.28125,106,2.28125,2.24161825
488.0,20.0,120.0,3.1796875,3.78125,106,3.78125,3.961533
488.0,21.0,135.0,1.9882812,2.4375,106,2.4375,2.38042125
488.0,22.0,150.0,0.51171875,1.0,106,1.0,0.81493425
488.0,23.0,165.0,0.0,0.03125,106,0.03125,0.0
488.0,24.0,180.0,0.17089844,0.0,106,0.0,0.32272325
435.0,1.0,-165.0,2.5664062,4.5,107,4.5,3.8301345
435.0,2.0,-150.0,1.7480469,3.75,107,3.75,2.7975205
435.0,3.0,-135.0,1.4736328,3.65625,107,3.65625,2.4107295
435.0,4.0,-120.0,1.5986328,4.03125,107,4.03125,2.71801625
435.0,5.0,-105.0,1.8730469,4.5,107,4.5,3.371934
435.0,6.0,-90.0,2.4033203,4.625,107,4.625,3.7648745
435.0,7.0,-75.0,2.5029297,4.125,107,4.125,3.50414825
435.0,8.0,-60.0,2.0830078,2.96875,107,2.96875,2.64303
435.0,9.0,-45.0,1.3886719,1.71875,107,1.71875,1.57019325
435.0,10.0,-30.0,0.7265625,0.75,107,0.75,0.65780825
435.0,11.0,-15.0,0.36523438,0.1875,107,0.1875,0.19345825
435.0,12.0,0.0,0.0,0.0,107,0.0,0.0
435.0,13.0,15.0,0.35253906,0.1875,107,0.1875,0.19308175
435.0,14.0,30.0,0.73046875,0.75,107,0.75,0.6607575
435.0,15.0,45.0,1.4277344,1.75,107,1.75,1.60432925
435.0,16.0,60.0,2.078125,2.96875,107,2.96875,2.64303
435.0,17.0,75.0,2.5029297,4.125,107,4.125,3.505215
435.0,18.0,90.0,2.399414,4.625,107,4.625,3.760231
435.0,19.0,105.0,1.8740234,4.5,107,4.5,3.3685455
435.0,20.0,120.0,1.6015625,4.03125,107,4.03125,2.72014975
435.0,21.0,135.0,1.4697266,3.65625,107,3.65625,2.41267475
435.0,22.0,150.0,1.7412109,3.75,107,3.75,2.79080625
435.0,23.0,165.0,2.5654297,4.5,107,4.5,3.83069925
435.0,24.0,180.0,3.803711,5.5,107,5.5,5.1368405
312.0,1.0,-165.0,0.19824219,0.25,108,0.25,0.14087375
312.0,2.0,-150.0,0.8095703,1.0,108,1.0,0.59487
312.0,3.0,-135.0,1.7519531,2.15625,108,2.15625,1.36286725
312.0,4.0,-120.0,2.7548828,3.5625,108,3.5625,2.32005575
312.0,5.0,-105.0,3.506836,4.875,108,4.875,3.2244715
312.0,6.0,-90.0,3.8066406,5.625,108,5.625,3.777801
312.0,7.0,-75.0,3.7158203,5.4375,108,5.4375,3.7899745
312.0,8.0,-60.0,3.368164,4.375,108,4.375,3.2074035
312.0,9.0,-45.0,2.7265625,2.96875,108,2.96875,2.258749
312.0,10.0,-30.0,1.9257812,1.6875,108,1.6875,1.3166205
312.0,11.0,-15.0,1.3066406,0.8125,108,0.8125,0.65605125
312.0,12.0,0.0,1.0849609,0.53125,108,0.53125,0.4313435
312.0,13.0,15.0,1.3056641,0.8125,108,0.8125,0.65605125
312.0,14.0,30.0,1.9257812,1.6875,108,1.6875,1.31668325
312.0,15.0,45.0,2.7265625,2.96875,108,2.96875,2.25868625
312.0,16.0,60.0,3.368164,4.375,108,4.375,3.20746625
312.0,17.0,75.0,3.7158203,5.4375,108,5.4375,3.7899745
312.0,18.0,90.0,3.8066406,5.625,108,5.625,3.77773825
312.0,19.0,105.0,3.506836,4.875,108,4.875,3.2244715
312.0,20.0,120.0,2.7548828,3.5625,108,3.5625,2.32005575
312.0,21.0,135.0,1.7519531,2.15625,108,2.15625,1.3628045
312.0,22.0,150.0,0.8095703,1.0,108,1.0,0.59468175
312.0,23.0,165.0,0.20117188,0.25,108,0.25,0.140811
312.0,24.0,180.0,0.0,0.0,108,0.0,0.0
454.0,1.0,-165.0,0.37597656,0.40625,109,0.40625,0.1241195
454.0,2.0,-150.0,0.5888672,0.90625,109,0.90625,0.2712055
454.0,3.0,-135.0,1.6425781,2.375,109,2.375,1.401584
454.0,4.0,-120.0,4.734375,6.46875,109,6.46875,4.7186745
454.0,5.0,-105.0,4.4091797,6.21875,109,6.21875,4.497418
454.0,6.0,-90.0,3.3105469,5.03125,109,5.03125,3.5728595
454.0,7.0,-75.0,1.9111328,3.25,109,3.25,2.0907045
454.0,8.0,-60.0,0.78515625,1.65625,109,1.65625,0.81029075
454.0,9.0,-45.0,0.16796875,0.65625,109,0.65625,0.2064475
454.0,10.0,-30.0,0.0,0.21875,109,0.21875,0.11100475
454.0,11.0,-15.0,0.033203125,0.03125,109,0.03125,0.080571
454.0,12.0,0.0,0.23925781,0.03125,109,0.03125,0.13208875
454.0,13.0,15.0,0.3564453,0.34375,109,0.34375,0.231924
454.0,14.0,30.0,0.3203125,0.5,109,0.5,0.119225
454.0,15.0,45.0,0.68066406,1.0625,109,1.0625,0.4710015
454.0,16.0,60.0,1.7158203,2.46875,109,2.46875,1.62397
454.0,17.0,75.0,7.2285156,9.46875,109,9.46875,7.3935815
454.0,18.0,90.0,5.961914,7.75,109,7.75,5.9021395
454.0,19.0,105.0,3.9414062,5.28125,109,5.28125,3.739649
454.0,20.0,120.0,2.0126953,2.90625,109,2.90625,1.78291575
454.0,21.0,135.0,0.6660156,1.15625,109,1.15625,0.4935915
454.0,22.0,150.0,0.1015625,0.21875,109,0.21875,0.0
454.0,23.0,165.0,0.10253906,0.0,109,0.0,0.102157
454.0,24.0,180.0,0.41992188,0.375,109,0.375,0.342364
123.0,1.0,-165.0,0.9941406,1.03125,110,1.03125,1.21076125
123.0,2.0,-150.0,0.23632812,0.59375,110,0.59375,0.4905795
123.0,3.0,-135.0,0.0048828125,0.71875,110,0.71875,0.273088
123.0,4.0,-120.0,0.15039062,1.40625,110,1.40625,0.6351555
123.0,5.0,-105.0,0.63964844,2.4375,110,2.4375,1.32684875
123.0,6.0,-90.0,1.2080078,3.21875,110,3.21875,1.92121675
123.0,7.0,-75.0,1.5380859,3.28125,110,3.28125,2.028331
123.0,8.0,-60.0,1.3457031,2.5625,110,2.5625,1.55776875
123.0,9.0,-45.0,0.8027344,1.4375,110,1.4375,0.7626635
123.0,10.0,-30.0,0.5185547,0.46875,110,0.46875,0.140811
123.0,11.0,-15.0,0.7714844,0.03125,110,0.03125,0.0
123.0,12.0,0.0,1.0371094,0.0,110,0.0,0.081826
123.0,13.0,15.0,0.77246094,0.03125,110,0.03125,0.0006275
123.0,14.0,30.0,0.5136719,0.46875,110,0.46875,0.1404345
123.0,15.0,45.0,0.8027344,1.4375,110,1.4375,0.76247525
123.0,16.0,60.0,1.34375,2.5625,110,2.5625,1.5565765
123.0,17.0,75.0,1.5322266,3.28125,110,3.28125,2.028582
123.0,18.0,90.0,1.2119141,3.21875,110,3.21875,1.922911
123.0,19.0,105.0,0.63964844,2.4375,110,2.4375,1.3269115
123.0,20.0,120.0,0.15625,1.40625,110,1.40625,0.63860675
123.0,21.0,135.0,0.0,0.71875,110,0.71875,0.27302525
123.0,22.0,150.0,0.23535156,0.59375,110,0.59375,0.49051675
123.0,23.0,165.0,0.99902344,1.03125,110,1.03125,1.21339675
123.0,24.0,180.0,1.4755859,1.375,110,1.375,1.6865945
476.0,1.0,-165.0,2.0136719,1.25,111,1.25,1.50631375
476.0,2.0,-150.0,0.38085938,0.3125,111,0.3125,0.36012225
476.0,3.0,-135.0,0.0048828125,0.25,111,0.25,0.16315
476.0,4.0,-120.0,0.66308594,0.75,111,0.75,0.6143225
476.0,5.0,-105.0,1.3710938,1.25,111,1.25,1.09053225
476.0,6.0,-90.0,1.7744141,1.375,111,1.375,1.1489525
476.0,7.0,-75.0,1.3945312,0.875,111,0.875,0.63848125
476.0,8.0,-60.0,0.6425781,0.125,111,0.125,0.00759275
476.0,9.0,-45.0,0.5517578,0.0,111,0.0,0.0
476.0,10.0,-30.0,1.265625,0.625,111,0.625,0.88784975
476.0,11.0,-15.0,2.571289,1.875,111,1.875,2.418636
476.0,12.0,0.0,3.397461,2.6875,111,2.6875,3.44315525
476.0,13.0,15.0,2.571289,1.875,111,1.875,2.418636
476.0,14.0,30.0,1.265625,0.625,111,0.625,0.88784975
476.0,15.0,45.0,0.5527344,0.0,111,0.0,0.0
476.0,16.0,60.0,0.6464844,0.125,111,0.125,0.007279
476.0,17.0,75.0,1.3945312,0.875,111,0.875,0.63848125
476.0,18.0,90.0,1.7744141,1.375,111,1.375,1.1489525
476.0,19.0,105.0,1.3720703,1.25,111,1.25,1.090595
476.0,20.0,120.0,0.66015625,0.75,111,0.75,0.60911425
476.0,21.0,135.0,0.0,0.25,111,0.25,0.16208325
476.0,22.0,150.0,0.38085938,0.3125,111,0.3125,0.3603105
476.0,23.0,165.0,2.0185547,1.25,111,1.25,1.50606275
476.0,24.0,180.0,4.3603516,3.0,111,3.0,3.5688435
52.0,1.0,-165.0,0.234375,0.09375,112,0.09375,0.11577375
52.0,2.0,-150.0,0.71972656,0.65625,112,0.65625,0.583073
52.0,3.0,-135.0,1.5927734,1.53125,112,1.53125,1.26171425
52.0,4.0,-120.0,2.6728516,2.46875,112,2.46875,2.0256955
52.0,5.0,-105.0,3.3359375,3.3125,112,3.3125,2.72805625
52.0,6.0,-90.0,3.8115234,3.9375,112,3.9375,3.183684
52.0,7.0,-75.0,4.0,4.34375,112,4.34375,3.442716
52.0,8.0,-60.0,4.270508,4.34375,112,4.34375,3.6298365
52.0,9.0,-45.0,4.6708984,4.53125,112,4.53125,4.161329
52.0,10.0,-30.0,5.0283203,5.0,112,5.0,5.033554
52.0,11.0,-15.0,5.3632812,5.46875,112,5.46875,5.89893925
52.0,12.0,0.0,5.3710938,5.75,112,5.75,6.28635775
52.0,13.0,15.0,5.3632812,5.46875,112,5.46875,5.90835175
52.0,14.0,30.0,5.038086,5.0,112,5.0,5.03386775
52.0,15.0,45.0,4.658203,4.53125,112,4.53125,4.16804325
52.0,16.0,60.0,4.3134766,4.375,112,4.375,3.66052125
52.0,17.0,75.0,3.9863281,4.34375,112,4.34375,3.43273875
52.0,18.0,90.0,3.803711,3.9375,112,3.9375,3.172138
52.0,19.0,105.0,3.3710938,3.3125,112,3.3125,2.72115375
52.0,20.0,120.0,2.6728516,2.46875,112,2.46875,2.027327
52.0,21.0,135.0,1.59375,1.53125,112,1.53125,1.2598945
52.0,22.0,150.0,0.7998047,0.65625,112,0.65625,0.565252
52.0,23.0,165.0,0.24511719,0.09375,112,0.09375,0.11527175
52.0,24.0,180.0,0.0,0.0,112,0.0,0.0
143.0,1.0,-165.0,5.2148438,5.15625,113,5.15625,4.8429195
143.0,2.0,-150.0,6.1796875,4.71875,113,4.71875,4.59637475
143.0,3.0,-135.0,5.7851562,4.625,113,4.625,4.4117015
143.0,4.0,-120.0,5.9609375,5.09375,113,5.09375,4.73994675
143.0,5.0,-105.0,6.8066406,6.3125,113,6.3125,5.82451775
143.0,6.0,-90.0,8.78125,8.59375,113,8.59375,8.21416325
143.0,7.0,-75.0,10.568359,10.75,113,10.75,9.6104135
143.0,8.0,-60.0,11.3515625,11.46875,113,11.46875,10.5900665
143.0,9.0,-45.0,3.9824219,3.28125,113,3.28125,3.2493205
143.0,10.0,-30.0,1.4199219,1.28125,113,1.28125,1.22720175
143.0,11.0,-15.0,0.091796875,0.1875,113,0.1875,0.17199775
143.0,12.0,0.0,0.0,0.0,113,0.0,0.0
143.0,13.0,15.0,0.09765625,0.1875,113,0.1875,0.1748215
143.0,14.0,30.0,1.4375,1.3125,113,1.3125,1.24163425
143.0,15.0,45.0,3.9902344,3.28125,113,3.28125,3.2473125
143.0,16.0,60.0,11.353516,11.46875,113,11.46875,10.58912525
143.0,17.0,75.0,10.568359,10.75,113,10.75,9.61047625
143.0,18.0,90.0,8.777344,8.59375,113,8.59375,8.21202975
143.0,19.0,105.0,6.8027344,6.3125,113,6.3125,5.82426675
143.0,20.0,120.0,5.9609375,5.09375,113,5.09375,4.73994675
143.0,21.0,135.0,5.7851562,4.625,113,4.625,4.4109485
143.0,22.0,150.0,6.185547,4.71875,113,4.71875,4.597065
143.0,23.0,165.0,5.216797,5.15625,113,5.15625,4.84197825
143.0,24.0,180.0,5.5820312,5.1875,113,5.1875,5.0221335
222.0,1.0,-165.0,0.4189453,0.3125,114,0.3125,0.105922
222.0,2.0,-150.0,1.1181641,1.09375,114,1.09375,0.7016705
222.0,3.0,-135.0,1.9736328,2.09375,114,2.09375,1.4622005
222.0,4.0,-120.0,2.3603516,2.4375,114,2.4375,2.588061
222.0,5.0,-105.0,1.5,1.5625,114,1.5625,1.5701305
222.0,6.0,-90.0,0.5107422,0.78125,114,0.78125,0.65617675
222.0,7.0,-75.0,0.0009765625,0.75,114,0.75,0.00069025
222.0,8.0,-60.0,0.16113281,1.28125,114,1.28125,0.12801
222.0,9.0,-45.0,0.9580078,2.5,114,2.5,1.00079975
222.0,10.0,-30.0,2.4208984,4.125,114,4.125,2.461808
222.0,11.0,-15.0,3.8779297,5.625,114,5.625,3.935429
222.0,12.0,0.0,4.6572266,6.53125,114,6.53125,4.8396565
222.0,13.0,15.0,3.8740234,5.625,114,5.625,3.94239425
222.0,14.0,30.0,2.4199219,4.15625,114,4.15625,2.45547025
222.0,15.0,45.0,0.95214844,2.5,114,2.5,0.99967025
222.0,16.0,60.0,0.16601562,1.28125,114,1.28125,0.126253
222.0,17.0,75.0,0.0,0.75,114,0.75,0.0
222.0,18.0,90.0,0.5136719,0.78125,114,0.78125,0.662138
222.0,19.0,105.0,1.4189453,1.5625,114,1.5625,1.58926925
222.0,20.0,120.0,2.3583984,2.4375,114,2.4375,2.58498625
222.0,21.0,135.0,1.9707031,2.09375,114,2.09375,1.46075725
222.0,22.0,150.0,1.1259766,1.09375,114,1.09375,0.704306
222.0,23.0,165.0,0.44335938,0.3125,114,0.3125,0.116715
222.0,24.0,180.0,0.27929688,0.0,114,0.0,0.012801
422.0,1.0,-165.0,3.7314453,2.40625,115,2.40625,2.7676515
422.0,2.0,-150.0,1.6748047,0.75,115,0.75,0.91558525
422.0,3.0,-135.0,0.67871094,0.28125,115,0.28125,0.21040075
422.0,4.0,-120.0,0.41210938,0.59375,115,0.59375,0.25194125
422.0,5.0,-105.0,0.3173828,1.09375,115,1.09375,0.51611875
422.0,6.0,-90.0,0.11328125,1.25,115,1.25,0.5857085
422.0,7.0,-75.0,0.0,0.6875,115,0.6875,0.31193025
422.0,8.0,-60.0,0.10253906,0.0,115,0.0,0.0071535
422.0,9.0,-45.0,0.5957031,0.0,115,0.0,0.3718565
422.0,10.0,-30.0,1.8085938,0.9375,115,0.9375,1.6865945
422.0,11.0,-15.0,3.6064453,2.59375,115,2.59375,3.66039575
422.0,12.0,0.0,4.7333984,3.8125,115,3.8125,5.094798
422.0,13.0,15.0,3.6103516,2.59375,115,2.59375,3.660584
422.0,14.0,30.0,1.8085938,0.9375,115,0.9375,1.688226
422.0,15.0,45.0,0.5966797,0.0,115,0.0,0.3721075
422.0,16.0,60.0,0.08886719,0.0,115,0.0,0.0
422.0,17.0,75.0,0.0,0.6875,115,0.6875,0.3121185
422.0,18.0,90.0,0.111328125,1.25,115,1.25,0.586085
422.0,19.0,105.0,0.31445312,1.09375,115,1.09375,0.51586775
422.0,20.0,120.0,0.41796875,0.59375,115,0.59375,0.25206675
422.0,21.0,135.0,0.67871094,0.28125,115,0.28125,0.21052625
422.0,22.0,150.0,1.6748047,0.75,115,0.75,0.91558525
422.0,23.0,165.0,3.7421875,2.375,115,2.375,2.76683575
422.0,24.0,180.0,6.6484375,5.1875,115,5.1875,5.8012375
107.0,1.0,-165.0,0.0,0.0,116,0.0,0.0
107.0,2.0,-150.0,0.040039062,0.0,116,0.0,0.1163385
107.0,3.0,-135.0,0.31152344,0.1875,116,0.1875,0.38785775
107.0,4.0,-120.0,0.44628906,0.5,116,0.5,0.7340495
107.0,5.0,-105.0,0.6982422,0.6875,116,0.6875,1.04221475
107.0,6.0,-90.0,0.77734375,0.8125,116,0.8125,1.18578675
107.0,7.0,-75.0,0.67871094,0.625,116,0.625,1.00293325
107.0,8.0,-60.0,0.45996094,0.4375,116,0.4375,0.689497
107.0,9.0,-45.0,0.29003906,0.125,116,0.125,0.3306925
107.0,10.0,-30.0,0.01171875,0.0,116,0.0,0.08326925
107.0,11.0,-15.0,0.009765625,0.0625,116,0.0625,0.0008785
107.0,12.0,0.0,0.1171875,0.1875,116,0.1875,0.09255625
107.0,13.0,15.0,0.0107421875,0.0625,116,0.0625,0.00094125
107.0,14.0,30.0,0.016601562,0.0,116,0.0,0.0827045
107.0,15.0,45.0,0.28222656,0.125,116,0.125,0.3299395
107.0,16.0,60.0,0.46289062,0.4375,116,0.4375,0.6911285
107.0,17.0,75.0,0.6777344,0.625,116,0.625,1.00318425
107.0,18.0,90.0,0.78222656,0.8125,116,0.8125,1.18917525
107.0,19.0,105.0,0.7001953,0.6875,116,0.6875,1.038136
107.0,20.0,120.0,0.44628906,0.5,116,0.5,0.733924
107.0,21.0,135.0,0.31152344,0.1875,116,0.1875,0.38785775
107.0,22.0,150.0,0.041015625,0.0,116,0.0,0.115962
107.0,23.0,165.0,0.0029296875,0.0,116,0.0,0.00031375
107.0,24.0,180.0,0.11621094,0.1875,116,0.1875,0.09079925
209.0,1.0,-165.0,1.4428711,1.75,117,1.75,1.65088975
209.0,2.0,-150.0,0.8696289,0.953125,117,0.953125,0.9140165
209.0,3.0,-135.0,0.28125,0.265625,117,0.265625,0.264052
209.0,4.0,-120.0,0.0,0.0,117,0.0,0.0
209.0,5.0,-105.0,0.27490234,0.234375,117,0.234375,0.2222605
209.0,6.0,-90.0,0.9970703,0.8984375,117,0.8984375,0.844866
209.0,7.0,-75.0,1.668457,1.7421875,117,1.7421875,1.61738125
209.0,8.0,-60.0,1.9204102,2.3125,117,2.3125,2.114424
209.0,9.0,-45.0,1.7172852,2.2421875,117,2.2421875,1.98622575
209.0,10.0,-30.0,1.168457,1.59375,117,1.59375,1.24979175
209.0,11.0,-15.0,0.52734375,0.859375,117,0.859375,0.4421365
209.0,12.0,0.0,0.26904297,0.5625,117,0.5625,0.10385125
209.0,13.0,15.0,0.52734375,0.859375,117,0.859375,0.4421365
209.0,14.0,30.0,1.168457,1.59375,117,1.59375,1.24979175
209.0,15.0,45.0,1.7172852,2.2421875,117,2.2421875,1.98622575
209.0,16.0,60.0,1.9208984,2.3125,117,2.3125,2.114424
209.0,17.0,75.0,1.668457,1.7421875,117,1.7421875,1.61738125
209.0,18.0,90.0,0.99658203,0.8984375,117,0.8984375,0.84492875
209.0,19.0,105.0,0.27539062,0.234375,117,0.234375,0.2222605
209.0,20.0,120.0,0.0009765625,0.0,117,0.0,0.0
209.0,21.0,135.0,0.28076172,0.265625,117,0.265625,0.264052
209.0,22.0,150.0,0.8701172,0.953125,117,0.953125,0.9140165
209.0,23.0,165.0,1.4438477,1.75,117,1.75,1.65088975
209.0,24.0,180.0,1.706543,2.125,117,2.125,1.993191
237.0,1.0,-165.0,0.85839844,1.40625,118,1.40625,0.988187
237.0,2.0,-150.0,1.4472656,2.15625,118,2.15625,1.4345905
237.0,3.0,-135.0,3.9140625,3.125,118,3.125,3.63253475
237.0,4.0,-120.0,3.1660156,2.28125,118,2.28125,2.83222125
237.0,5.0,-105.0,2.1992188,1.1875,118,1.1875,1.6484425
237.0,6.0,-90.0,1.1474609,0.28125,118,0.28125,0.6045335
237.0,7.0,-75.0,0.2998047,0.0,118,0.0,0.01506
237.0,8.0,-60.0,0.0,0.5,118,0.5,0.01022825
237.0,9.0,-45.0,0.6279297,1.6875,118,1.6875,0.5294845
237.0,10.0,-30.0,2.571289,3.5,118,3.5,2.09779525
237.0,11.0,-15.0,4.1914062,5.46875,118,5.46875,3.47264775
237.0,12.0,0.0,5.7089844,7.1875,118,7.1875,4.9214825
237.0,13.0,15.0,4.1904297,5.46875,118,5.46875,3.47289875
237.0,14.0,30.0,2.2666016,3.5,118,3.5,1.82608775
237.0,15.0,45.0,0.6308594,1.6875,118,1.6875,0.52967275
237.0,16.0,60.0,0.0078125,0.5,118,0.5,0.0151855
237.0,17.0,75.0,0.27441406,0.0,118,0.0,0.0
237.0,18.0,90.0,1.1474609,0.28125,118,0.28125,0.6024
237.0,19.0,105.0,2.1992188,1.1875,118,1.1875,1.6476895
237.0,20.0,120.0,3.165039,2.28125,118,2.28125,2.820487
237.0,21.0,135.0,3.9052734,3.125,118,3.125,3.64784575
237.0,22.0,150.0,1.4511719,2.15625,118,2.15625,1.43678675
237.0,23.0,165.0,0.85546875,1.40625,118,1.40625,0.98799875
237.0,24.0,180.0,0.9033203,1.09375,118,1.09375,0.94507775
80.0,1.0,-165.0,4.6728516,3.90625,119,3.90625,4.50350475
80.0,2.0,-150.0,4.0234375,3.03125,119,3.03125,3.45131275
80.0,3.0,-135.0,2.7597656,2.09375,119,2.09375,2.31352975
80.0,4.0,-120.0,1.6865234,1.59375,119,1.59375,1.623468
80.0,5.0,-105.0,1.2861328,0.9375,119,0.9375,1.00255675
80.0,6.0,-90.0,0.026367188,0.0,119,0.0,0.0011295
80.0,7.0,-75.0,0.0,0.09375,119,0.09375,0.12995525
80.0,8.0,-60.0,0.4951172,0.5625,119,0.5625,0.7491095
80.0,9.0,-45.0,0.8154297,0.90625,119,0.90625,1.1411715
80.0,10.0,-30.0,0.87890625,1.0625,119,1.0625,1.22946075
80.0,11.0,-15.0,0.7714844,1.1875,119,1.1875,1.22494275
80.0,12.0,0.0,0.6767578,1.25,119,1.25,1.21126325
80.0,13.0,15.0,0.7714844,1.1875,119,1.1875,1.22494275
80.0,14.0,30.0,0.8808594,1.0625,119,1.0625,1.2297745
80.0,15.0,45.0,0.8173828,0.90625,119,0.90625,1.14286575
80.0,16.0,60.0,0.49316406,0.5625,119,0.5625,0.74929775
80.0,17.0,75.0,0.001953125,0.09375,119,0.09375,0.129767
80.0,18.0,90.0,0.016601562,0.0,119,0.0,0.0
80.0,19.0,105.0,1.2851562,0.9375,119,0.9375,1.0031215
80.0,20.0,120.0,1.6865234,1.59375,119,1.59375,1.62327975
80.0,21.0,135.0,2.7636719,2.09375,119,2.09375,2.307945
80.0,22.0,150.0,4.0234375,3.03125,119,3.03125,3.45125
80.0,23.0,165.0,4.6728516,3.90625,119,3.90625,4.50350475
80.0,24.0,180.0,4.8046875,4.25,119,4.25,4.9149565
213.0,1.0,-165.0,0.9003906,0.1875,120,0.1875,0.4135225
213.0,2.0,-150.0,0.12109375,0.0,120,0.0,0.001004
213.0,3.0,-135.0,0.0,0.3125,120,0.3125,0.075049
213.0,4.0,-120.0,0.25585938,1.125,120,1.125,0.51837775
213.0,5.0,-105.0,0.61621094,1.9375,120,1.9375,1.04372075
213.0,6.0,-90.0,1.0478516,2.4375,120,2.4375,1.455047
213.0,7.0,-75.0,1.4033203,2.125,120,2.125,1.4519095
213.0,8.0,-60.0,1.09375,1.4375,120,1.4375,1.0284725
213.0,9.0,-45.0,0.578125,0.9375,120,0.9375,0.77552725
213.0,10.0,-30.0,0.72265625,1.125,120,1.125,1.136277
213.0,11.0,-15.0,1.5908203,2.0,120,2.0,2.0894495
213.0,12.0,0.0,2.375,2.875,120,2.875,2.8923985
213.0,13.0,15.0,1.5908203,2.0,120,2.0,2.08838275
213.0,14.0,30.0,0.7236328,1.125,120,1.125,1.13382975
213.0,15.0,45.0,0.57714844,0.9375,120,0.9375,0.77828825
213.0,16.0,60.0,1.0947266,1.4375,120,1.4375,1.027845
213.0,17.0,75.0,1.4003906,2.125,120,2.125,1.45197225
213.0,18.0,90.0,1.046875,2.4375,120,2.4375,1.45473325
213.0,19.0,105.0,0.61328125,1.9375,120,1.9375,1.043658
213.0,20.0,120.0,0.25683594,1.125,120,1.125,0.51762475
213.0,21.0,135.0,0.0048828125,0.3125,120,0.3125,0.07781
213.0,22.0,150.0,0.11621094,0.0,120,0.0,0.0
213.0,23.0,165.0,0.90234375,0.1875,120,0.1875,0.41345975
213.0,24.0,180.0,1.6103516,0.5,120,0.5,0.812236
51.0,1.0,-165.0,6.9960938,5.0,121,5.0,5.04654325
51.0,2.0,-150.0,4.5410156,3.4375,121,3.4375,2.935696
51.0,3.0,-135.0,4.2929688,3.5,121,3.5,2.7367785
51.0,4.0,-120.0,4.3007812,3.96875,121,3.96875,2.840818
51.0,5.0,-105.0,3.9785156,4.4375,121,4.4375,2.9169965
51.0,6.0,-90.0,3.5234375,4.53125,121,4.53125,2.889512
51.0,7.0,-75.0,2.6699219,3.8125,121,3.8125,2.629727
51.0,8.0,-60.0,3.4707031,3.875,121,3.875,2.760247
51.0,9.0,-45.0,3.9394531,3.8125,121,3.8125,3.1172945
51.0,10.0,-30.0,5.1367188,4.46875,121,4.46875,4.11106625
51.0,11.0,-15.0,6.9746094,6.03125,121,6.03125,6.02581975
51.0,12.0,0.0,3.6855469,2.90625,121,2.90625,3.59651625
51.0,13.0,15.0,1.5761719,0.96875,121,0.96875,1.45372925
51.0,14.0,30.0,0.33007812,0.0,121,0.0,0.2315475
51.0,15.0,45.0,0.0,0.03125,121,0.03125,0.0
51.0,16.0,60.0,0.47851562,0.8125,121,0.8125,0.530614
51.0,17.0,75.0,1.1894531,1.90625,121,1.90625,1.3221425
51.0,18.0,90.0,1.7949219,2.75,121,2.75,2.01760075
51.0,19.0,105.0,2.2050781,3.09375,121,3.09375,2.4694635
51.0,20.0,120.0,2.9453125,2.5625,121,2.5625,2.16456125
51.0,21.0,135.0,2.4277344,1.4375,121,1.4375,1.2506075
51.0,22.0,150.0,2.4941406,0.875,121,0.875,0.8565375
51.0,23.0,165.0,3.2910156,1.25,121,1.25,1.35709425
51.0,24.0,180.0,4.861328,2.71875,121,2.71875,2.8384335
444.0,1.0,-165.0,1.0869141,0.65625,122,0.65625,0.96277325
444.0,2.0,-150.0,2.1582031,3.375,122,3.375,3.36785525
444.0,3.0,-135.0,2.4892578,4.0,122,4.0,4.0570385
444.0,4.0,-120.0,2.96875,2.25,122,2.25,2.860396
444.0,5.0,-105.0,1.8642578,1.0625,122,1.0625,1.577033
444.0,6.0,-90.0,0.5878906,0.1875,122,0.1875,0.489701
444.0,7.0,-75.0,0.0029296875,0.0,122,0.0,0.0
444.0,8.0,-60.0,0.25097656,0.53125,122,0.53125,0.25043525
444.0,9.0,-45.0,1.3271484,1.78125,122,1.78125,1.3191305
444.0,10.0,-30.0,2.9335938,3.34375,122,3.34375,2.89133175
444.0,11.0,-15.0,4.5234375,4.78125,122,4.78125,4.35227725
444.0,12.0,0.0,5.423828,5.6875,122,5.6875,5.210007
444.0,13.0,15.0,4.522461,4.78125,122,4.78125,4.3534695
444.0,14.0,30.0,2.9414062,3.34375,122,3.34375,2.89308875
444.0,15.0,45.0,1.3134766,1.78125,122,1.78125,1.3186285
444.0,16.0,60.0,0.24414062,0.53125,122,0.53125,0.25156475
444.0,17.0,75.0,0.0,0.0,122,0.0,0.00081575
444.0,18.0,90.0,0.5917969,0.1875,122,0.1875,0.49089325
444.0,19.0,105.0,1.8603516,1.0625,122,1.0625,1.57847625
444.0,20.0,120.0,2.9648438,2.25,122,2.25,2.85255225
444.0,21.0,135.0,2.2216797,2.09375,122,2.09375,2.587559
444.0,22.0,150.0,1.5722656,1.3125,122,1.3125,1.7142045
444.0,23.0,165.0,1.0869141,0.65625,122,0.65625,0.96289875
444.0,24.0,180.0,0.98828125,0.4375,122,0.4375,0.70298825
44.0,1.0,-165.0,1.6181641,1.28125,123,1.28125,1.057212
44.0,2.0,-150.0,3.3134766,3.6875,123,3.6875,3.23193875
44.0,3.0,-135.0,5.1601562,6.40625,123,6.40625,5.75543
44.0,4.0,-120.0,7.151367,7.6875,123,7.6875,7.3878085
44.0,5.0,-105.0,6.283203,5.15625,123,5.15625,6.36379125
44.0,6.0,-90.0,3.8847656,2.65625,123,2.65625,3.895018
44.0,7.0,-75.0,2.0830078,0.90625,123,0.90625,2.15364275
44.0,8.0,-60.0,3.7324219,2.9375,123,2.9375,3.40952125
44.0,9.0,-45.0,4.5029297,3.84375,123,3.84375,3.99560625
44.0,10.0,-30.0,5.9941406,5.5625,123,5.5625,5.47738475
44.0,11.0,-15.0,6.873047,7.375,123,7.375,7.0241095
44.0,12.0,0.0,6.1132812,7.0,123,7.0,6.522737
44.0,13.0,15.0,4.508789,5.09375,123,5.09375,4.78155
44.0,14.0,30.0,2.7734375,2.78125,123,2.78125,2.75165025
44.0,15.0,45.0,1.1513672,0.9375,123,0.9375,1.07710375
44.0,16.0,60.0,0.33496094,0.1875,123,0.1875,0.367213
44.0,17.0,75.0,0.88671875,0.71875,123,0.71875,0.85409025
44.0,18.0,90.0,2.477539,2.375,123,2.375,2.38129975
44.0,19.0,105.0,5.216797,4.9375,123,4.9375,5.033805
44.0,20.0,120.0,5.935547,6.0625,123,6.0625,6.4257255
44.0,21.0,135.0,2.883789,3.28125,123,3.28125,3.1735185
44.0,22.0,150.0,0.7949219,1.1875,123,1.1875,1.1366535
44.0,23.0,165.0,0.0,0.0625,123,0.0625,0.08615575
44.0,24.0,180.0,0.40429688,0.0,123,0.0,0.0
87.0,1.0,-165.0,4.3007812,2.6875,124,2.6875,4.010478
87.0,2.0,-150.0,1.3271484,0.625,124,0.625,1.25506275
87.0,3.0,-135.0,0.033203125,0.0,124,0.0,0.02403325
87.0,4.0,-120.0,0.0009765625,0.5,124,0.5,0.00759275
87.0,5.0,-105.0,0.6123047,1.34375,124,1.34375,0.5186915
87.0,6.0,-90.0,1.0439453,1.75,124,1.75,0.77891575
87.0,7.0,-75.0,0.59277344,1.3125,124,1.3125,0.49189725
87.0,8.0,-60.0,0.005859375,0.53125,124,0.53125,0.00583575
87.0,9.0,-45.0,0.0107421875,0.03125,124,0.03125,0.001506
87.0,10.0,-30.0,1.2246094,0.53125,124,0.53125,1.1248565
87.0,11.0,-15.0,3.90625,2.3125,124,2.3125,3.54945375
87.0,12.0,0.0,7.3603516,4.96875,124,4.96875,6.7434915
87.0,13.0,15.0,3.9072266,2.3125,124,2.3125,3.5500185
87.0,14.0,30.0,1.2255859,0.53125,124,0.53125,1.1243545
87.0,15.0,45.0,0.0126953125,0.03125,124,0.03125,0.0
87.0,16.0,60.0,0.0078125,0.53125,124,0.53125,0.0064005
87.0,17.0,75.0,0.58984375,1.34375,124,1.34375,0.49239925
87.0,18.0,90.0,1.0439453,1.75,124,1.75,0.777849
87.0,19.0,105.0,0.6123047,1.34375,124,1.34375,0.51875425
87.0,20.0,120.0,0.0,0.5,124,0.5,0.0048945
87.0,21.0,135.0,0.0390625,0.0,124,0.0,0.02259
87.0,22.0,150.0,1.3222656,0.625,124,0.625,1.24903875
87.0,23.0,165.0,4.294922,2.6875,124,2.6875,4.00928575
87.0,24.0,180.0,8.0078125,5.6875,124,5.6875,7.62468975
198.0,1.0,-165.0,0.296875,0.375,125,0.375,0.33012775
198.0,2.0,-150.0,1.1040039,1.4375,125,1.4375,1.2475955
198.0,3.0,-135.0,2.184082,2.875,125,2.875,2.527821
198.0,4.0,-120.0,3.387207,4.40625,125,4.40625,3.857117
198.0,5.0,-105.0,4.5942383,5.625,125,5.625,4.83175
198.0,6.0,-90.0,5.3916016,6.09375,125,6.09375,5.16062275
198.0,7.0,-75.0,5.4375,5.78125,125,5.78125,4.8640035
198.0,8.0,-60.0,4.9575195,5.03125,125,5.03125,4.22564775
198.0,9.0,-45.0,4.595215,4.28125,125,4.28125,3.6341035
198.0,10.0,-30.0,4.5566406,3.84375,125,3.84375,3.32669125
198.0,11.0,-15.0,4.616211,3.625,125,3.625,3.28264075
198.0,12.0,0.0,4.6591797,3.59375,125,3.59375,3.3078035
198.0,13.0,15.0,4.616211,3.625,125,3.625,3.282578
198.0,14.0,30.0,4.5566406,3.84375,125,3.84375,3.32669125
198.0,15.0,45.0,4.5966797,4.28125,125,4.28125,3.632472
198.0,16.0,60.0,4.9536133,5.03125,125,5.03125,4.22263575
198.0,17.0,75.0,5.4345703,5.78125,125,5.78125,4.86193275
198.0,18.0,90.0,5.3916016,6.09375,125,6.09375,5.16062275
198.0,19.0,105.0,4.5947266,5.625,125,5.625,4.832252
198.0,20.0,120.0,3.3891602,4.40625,125,4.40625,3.85743075
198.0,21.0,135.0,2.1860352,2.875,125,2.875,2.5224245
198.0,22.0,150.0,1.1035156,1.4375,125,1.4375,1.2485995
198.0,23.0,165.0,0.296875,0.375,125,0.375,0.330065
198.0,24.0,180.0,0.0,0.0,125,0.0,0.0
175.0,1.0,-165.0,0.0029296875,0.09375,126,0.09375,0.01085575
175.0,2.0,-150.0,0.25585938,0.5,126,0.5,0.2885245
175.0,3.0,-135.0,0.98046875,1.375,126,1.375,1.0317355
175.0,4.0,-120.0,2.0273438,2.65625,126,2.65625,2.13381375
175.0,5.0,-105.0,2.9697266,3.90625,126,3.90625,3.20332475
175.0,6.0,-90.0,3.3125,4.40625,126,4.40625,3.666608
175.0,7.0,-75.0,3.0029297,3.9375,126,3.9375,3.20232075
175.0,8.0,-60.0,2.0859375,2.71875,126,2.71875,2.1436655
175.0,9.0,-45.0,1.0214844,1.40625,126,1.40625,1.04485025
175.0,10.0,-30.0,0.2626953,0.5,126,0.5,0.288399
175.0,11.0,-15.0,0.0029296875,0.09375,126,0.09375,0.009789
175.0,12.0,0.0,0.005859375,0.0,126,0.0,0.0
175.0,13.0,15.0,0.0068359375,0.09375,126,0.09375,0.01675425
175.0,14.0,30.0,0.26367188,0.5,126,0.5,0.288399
175.0,15.0,45.0,1.0175781,1.40625,126,1.40625,1.04271675
175.0,16.0,60.0,2.0839844,2.71875,126,2.71875,2.14485775
175.0,17.0,75.0,3.0029297,3.9375,126,3.9375,3.20219525
175.0,18.0,90.0,3.3125,4.40625,126,4.40625,3.66654525
175.0,19.0,105.0,2.9697266,3.90625,126,3.90625,3.2033875
175.0,20.0,120.0,2.0273438,2.65625,126,2.65625,2.133751
175.0,21.0,135.0,0.9794922,1.375,126,1.375,1.02916275
175.0,22.0,150.0,0.2548828,0.5,126,0.5,0.2885245
175.0,23.0,165.0,0.0,0.09375,126,0.09375,0.0106675
175.0,24.0,180.0,0.0078125,0.0,126,0.0,0.00232175
155.0,1.0,-165.0,1.5390625,2.375,127,2.375,1.716087
155.0,2.0,-150.0,3.8720703,4.53125,127,4.53125,3.21574925
155.0,3.0,-135.0,4.40625,5.15625,127,5.15625,3.77987175
155.0,4.0,-120.0,4.8535156,5.5,127,5.5,4.1222985
155.0,5.0,-105.0,4.7304688,5.4375,127,5.4375,3.82040825
155.0,6.0,-90.0,2.4990234,3.40625,127,3.40625,2.5234285
155.0,7.0,-75.0,1.0146484,2.1875,127,2.1875,1.38897125
155.0,8.0,-60.0,0.7470703,2.0,127,2.0,1.3025645
155.0,9.0,-45.0,1.6474609,2.78125,127,2.78125,1.7603885
155.0,10.0,-30.0,3.1591797,4.0,127,4.0,2.95859975
155.0,11.0,-15.0,4.8085938,5.53125,127,5.53125,3.96887475
155.0,12.0,0.0,4.720703,5.4375,127,5.4375,4.14331975
155.0,13.0,15.0,4.3320312,5.0625,127,5.0625,3.6993635
155.0,14.0,30.0,3.7861328,4.375,127,4.375,3.09439075
155.0,15.0,45.0,1.3525391,2.15625,127,2.15625,1.542144
155.0,16.0,60.0,0.00390625,0.84375,127,0.84375,0.33627725
155.0,17.0,75.0,0.14550781,0.0625,127,0.0625,0.15882025
155.0,18.0,90.0,0.04296875,0.09375,127,0.09375,0.04185425
155.0,19.0,105.0,0.4404297,0.5625,127,0.5625,0.488948
155.0,20.0,120.0,0.4736328,0.75,127,0.75,0.70210975
155.0,21.0,135.0,0.35839844,0.4375,127,0.4375,0.33885
155.0,22.0,150.0,0.0,0.0,127,0.0,0.0
155.0,23.0,165.0,0.2998047,0.21875,127,0.21875,0.31933475
155.0,24.0,180.0,0.053710938,0.96875,127,0.96875,0.410636
142.0,1.0,-165.0,0.4609375,0.5625,128,0.5625,0.49817225
142.0,2.0,-150.0,1.5244141,1.96875,128,1.96875,1.5590865
142.0,3.0,-135.0,3.8320312,4.875,128,4.875,4.1569365
142.0,4.0,-120.0,6.383789,8.25,128,8.25,6.79111875
142.0,5.0,-105.0,8.749023,11.5,128,11.5,9.26472375
142.0,6.0,-90.0,10.581055,13.34375,128,13.34375,10.21074275
142.0,7.0,-75.0,10.098633,11.78125,128,11.78125,9.41996725
142.0,8.0,-60.0,8.369141,9.1875,128,9.1875,7.58779275
142.0,9.0,-45.0,6.6757812,6.8125,128,6.8125,5.824204
142.0,10.0,-30.0,5.7089844,5.25,128,5.25,4.6647095
142.0,11.0,-15.0,5.5146484,4.5,128,4.5,4.17984025
142.0,12.0,0.0,5.607422,4.40625,128,4.40625,4.16390175
142.0,13.0,15.0,5.6914062,4.8125,128,4.8125,4.499426
142.0,14.0,30.0,5.9902344,5.78125,128,5.78125,5.2379935
142.0,15.0,45.0,6.9179688,7.5,128,7.5,6.54212675
142.0,16.0,60.0,8.347656,9.1875,128,9.1875,7.58271
142.0,17.0,75.0,10.046875,12.5625,128,12.5625,10.207919
142.0,18.0,90.0,10.469727,13.25,128,13.25,10.13330925
142.0,19.0,105.0,8.925781,11.125,128,11.125,8.817128
142.0,20.0,120.0,6.533203,7.8125,128,7.8125,6.30480625
142.0,21.0,135.0,3.7597656,4.5,128,4.5,3.6328485
142.0,22.0,150.0,1.5185547,1.96875,128,1.96875,1.55362725
142.0,23.0,165.0,0.29589844,0.46875,128,0.46875,0.35158825
142.0,24.0,180.0,0.0,0.0,128,0.0,0.0
413.0,1.0,-165.0,1.2138672,0.625,129,0.625,1.162632
413.0,2.0,-150.0,0.14648438,0.0,129,0.0,0.1266295
413.0,3.0,-135.0,0.0048828125,0.34375,129,0.34375,0.0279865
413.0,4.0,-120.0,0.73046875,1.53125,129,1.53125,0.7634165
413.0,5.0,-105.0,1.7265625,2.84375,129,2.84375,1.728888
413.0,6.0,-90.0,2.118164,3.375,129,3.375,2.18150375
413.0,7.0,-75.0,1.7548828,2.78125,129,2.78125,1.73058225
413.0,8.0,-60.0,0.72265625,1.4375,129,1.4375,0.72896675
413.0,9.0,-45.0,0.0,0.28125,129,0.28125,0.0
413.0,10.0,-30.0,0.19921875,0.0,129,0.0,0.17099375
413.0,11.0,-15.0,1.2568359,0.625,129,0.625,1.2046745
413.0,12.0,0.0,1.9091797,1.28125,129,1.28125,2.09101825
413.0,13.0,15.0,1.2568359,0.625,129,0.625,1.2044235
413.0,14.0,30.0,0.19921875,0.0,129,0.0,0.17701775
413.0,15.0,45.0,0.0,0.28125,129,0.28125,0.0
413.0,16.0,60.0,0.7294922,1.4375,129,1.4375,0.73448875
413.0,17.0,75.0,1.7529297,2.78125,129,2.78125,1.731147
413.0,18.0,90.0,2.1220703,3.375,129,3.375,2.18225675
413.0,19.0,105.0,1.7246094,2.84375,129,2.84375,1.731398
413.0,20.0,120.0,0.7314453,1.53125,129,1.53125,0.7634165
413.0,21.0,135.0,0.0048828125,0.34375,129,0.34375,0.0279865
413.0,22.0,150.0,0.15136719,0.0,129,0.0,0.13070825
413.0,23.0,165.0,1.2119141,0.625,129,0.625,1.16394975
413.0,24.0,180.0,1.9091797,1.28125,129,1.28125,2.09051625
295.0,1.0,-165.0,1.5302734,3.90625,130,3.90625,3.033586
295.0,2.0,-150.0,2.0449219,4.3125,130,4.3125,3.1124
295.0,3.0,-135.0,2.9609375,4.96875,130,4.96875,3.40500325
295.0,4.0,-120.0,3.633789,5.78125,130,5.78125,3.7508185
295.0,5.0,-105.0,4.2041016,6.53125,130,6.53125,4.132966
295.0,6.0,-90.0,4.0117188,6.46875,130,6.46875,4.01204675
295.0,7.0,-75.0,3.0166016,5.3125,130,5.3125,3.24047275
295.0,8.0,-60.0,1.8496094,3.65625,130,3.65625,2.18903375
295.0,9.0,-45.0,0.9140625,2.25,130,2.25,1.3126045
295.0,10.0,-30.0,0.22558594,1.0,130,1.0,0.45675725
295.0,11.0,-15.0,0.025390625,0.25,130,0.25,0.083081
295.0,12.0,0.0,0.0,0.0,130,0.0,0.0
295.0,13.0,15.0,0.02734375,0.25,130,0.25,0.08552825
295.0,14.0,30.0,0.2265625,1.0,130,1.0,0.45751025
295.0,15.0,45.0,0.9169922,2.25,130,2.25,1.31279275
295.0,16.0,60.0,1.8662109,3.65625,130,3.65625,2.18815525
295.0,17.0,75.0,3.0263672,5.3125,130,5.3125,3.24543
295.0,18.0,90.0,4.013672,6.46875,130,6.46875,4.01355275
295.0,19.0,105.0,4.2041016,6.53125,130,6.53125,4.13315425
295.0,20.0,120.0,3.6347656,5.78125,130,5.78125,3.753956
295.0,21.0,135.0,2.961914,4.96875,130,4.96875,3.4049405
295.0,22.0,150.0,2.0458984,4.3125,130,4.3125,3.11221175
295.0,23.0,165.0,1.5302734,3.90625,130,3.90625,3.033586
295.0,24.0,180.0,1.4072266,3.8125,130,3.8125,3.0741225
75.0,1.0,-165.0,0.23828125,0.28125,131,0.28125,0.2282845
75.0,2.0,-150.0,0.8544922,1.1875,131,1.1875,0.95938475
75.0,3.0,-135.0,1.7080078,2.65625,131,2.65625,2.17987225
75.0,4.0,-120.0,2.7304688,4.4375,131,4.4375,3.70733275
75.0,5.0,-105.0,3.6357422,6.125,131,6.125,5.08808375
75.0,6.0,-90.0,3.9169922,6.875,131,6.875,5.6857775
75.0,7.0,-75.0,3.6289062,6.0625,131,6.0625,5.05934425
75.0,8.0,-60.0,2.7294922,4.34375,131,4.34375,3.627452
75.0,9.0,-45.0,1.6923828,2.53125,131,2.53125,2.08662575
75.0,10.0,-30.0,0.8251953,1.125,131,1.125,0.89858
75.0,11.0,-15.0,0.22460938,0.28125,131,0.28125,0.2119695
75.0,12.0,0.0,0.0,0.0,131,0.0,0.0
75.0,13.0,15.0,0.22460938,0.28125,131,0.28125,0.2119695
75.0,14.0,30.0,0.828125,1.125,131,1.125,0.8982035
75.0,15.0,45.0,1.6884766,2.53125,131,2.53125,2.08511975
75.0,16.0,60.0,2.7314453,4.34375,131,4.34375,3.62695
75.0,17.0,75.0,3.6279297,6.0625,131,6.0625,5.05934425
75.0,18.0,90.0,3.9160156,6.875,131,6.875,5.68496175
75.0,19.0,105.0,3.6357422,6.125,131,6.125,5.088021
75.0,20.0,120.0,2.7304688,4.4375,131,4.4375,3.70733275
75.0,21.0,135.0,1.7050781,2.65625,131,2.65625,2.18024875
75.0,22.0,150.0,0.8564453,1.1875,131,1.1875,0.9599495
75.0,23.0,165.0,0.24609375,0.28125,131,0.28125,0.23110825
75.0,24.0,180.0,0.00390625,0.0,131,0.0,0.00251
264.0,1.0,-165.0,0.001953125,0.15625,132,0.15625,0.12801
264.0,2.0,-150.0,0.375,0.71875,132,0.71875,0.628755
264.0,3.0,-135.0,1.3066406,1.5625,132,1.5625,1.30269
264.0,4.0,-120.0,2.2949219,2.4375,132,2.4375,2.035108
264.0,5.0,-105.0,2.9824219,3.28125,132,3.28125,2.662608
264.0,6.0,-90.0,3.4863281,3.90625,132,3.90625,3.108384
264.0,7.0,-75.0,3.8164062,4.5,132,4.5,3.4885235
264.0,8.0,-60.0,4.1523438,4.15625,132,4.15625,3.45206575
264.0,9.0,-45.0,4.595703,4.34375,132,4.34375,3.964294
264.0,10.0,-30.0,5.0390625,4.875,132,4.875,4.87197275
264.0,11.0,-15.0,5.392578,5.5,132,5.5,5.7981
264.0,12.0,0.0,5.638672,5.90625,132,5.90625,6.31710525
264.0,13.0,15.0,5.3945312,5.5,132,5.5,5.79879025
264.0,14.0,30.0,5.0703125,4.875,132,4.875,4.85703825
264.0,15.0,45.0,4.5996094,4.34375,132,4.34375,3.964294
264.0,16.0,60.0,4.169922,4.15625,132,4.15625,3.459282
264.0,17.0,75.0,3.8203125,4.5,132,4.5,3.48820975
264.0,18.0,90.0,3.5019531,3.90625,132,3.90625,3.11246275
264.0,19.0,105.0,2.9765625,3.28125,132,3.28125,2.660349
264.0,20.0,120.0,2.296875,2.4375,132,2.4375,2.03692775
264.0,21.0,135.0,1.2265625,1.5625,132,1.5625,1.31354575
264.0,22.0,150.0,0.37109375,0.71875,132,0.71875,0.62593125
264.0,23.0,165.0,0.0,0.15625,132,0.15625,0.1281355
264.0,24.0,180.0,0.02734375,0.0,132,0.0,0.0
279.0,1.0,-165.0,1.4765625,0.625,133,0.625,1.56705575
279.0,2.0,-150.0,0.7636719,0.25,133,0.25,0.69872125
279.0,3.0,-135.0,0.421875,0.0,133,0.0,0.2169895
279.0,4.0,-120.0,0.21386719,0.03125,133,0.03125,0.01863675
279.0,5.0,-105.0,0.041992188,0.09375,133,0.09375,0.0
279.0,6.0,-90.0,0.0009765625,0.125,133,0.125,0.025602
279.0,7.0,-75.0,0.11425781,0.0625,133,0.0625,0.00533375
279.0,8.0,-60.0,0.2939453,0.0,133,0.0,0.063754
279.0,9.0,-45.0,0.49902344,0.0625,133,0.0625,0.34531325
279.0,10.0,-30.0,0.9013672,0.34375,133,0.34375,0.918158
279.0,11.0,-15.0,1.6962891,0.65625,133,0.65625,1.8171145
279.0,12.0,0.0,1.9931641,0.75,133,0.75,2.1524505
279.0,13.0,15.0,1.6923828,0.65625,133,0.65625,1.815734
279.0,14.0,30.0,0.9013672,0.34375,133,0.34375,0.918158
279.0,15.0,45.0,0.5,0.0625,133,0.0625,0.34531325
279.0,16.0,60.0,0.2939453,0.0,133,0.0,0.063754
279.0,17.0,75.0,0.11425781,0.0625,133,0.0625,0.00533375
279.0,18.0,90.0,0.0,0.125,133,0.125,0.02604125
279.0,19.0,105.0,0.04296875,0.09375,133,0.09375,0.0
279.0,20.0,120.0,0.21386719,0.03125,133,0.03125,0.01863675
279.0,21.0,135.0,0.41992188,0.0,133,0.0,0.2169895
279.0,22.0,150.0,0.7636719,0.25,133,0.25,0.69859575
279.0,23.0,165.0,1.4794922,0.625,133,0.625,1.56793425
279.0,24.0,180.0,1.9902344,0.75,133,0.75,2.15100725
342.0,1.0,-165.0,0.35058594,0.5,134,0.5,0.44470925
342.0,2.0,-150.0,1.2695312,1.875,134,1.875,1.67962925
342.0,3.0,-135.0,2.5976562,4.0,134,4.0,3.48745675
342.0,4.0,-120.0,4.053711,6.375,134,6.375,5.49181725
342.0,5.0,-105.0,5.241211,8.3125,134,8.3125,7.061383
342.0,6.0,-90.0,5.790039,9.0625,134,9.0625,7.663532
342.0,7.0,-75.0,5.291992,8.25,134,8.25,7.026494
342.0,8.0,-60.0,4.120117,6.3125,134,6.3125,5.4606305
342.0,9.0,-45.0,2.6708984,4.0625,134,4.0625,3.5219065
342.0,10.0,-30.0,1.3144531,2.0,134,2.0,1.77864875
342.0,11.0,-15.0,0.375,0.6875,134,0.6875,0.6138205
342.0,12.0,0.0,0.0,0.1875,134,0.1875,0.1858655
342.0,13.0,15.0,0.38085938,0.6875,134,0.6875,0.617711
342.0,14.0,30.0,1.3144531,2.0,134,2.0,1.77864875
342.0,15.0,45.0,2.6708984,4.0625,134,4.0625,3.5219065
342.0,16.0,60.0,4.116211,6.3125,134,6.3125,5.46006575
342.0,17.0,75.0,5.2910156,8.25,134,8.25,7.02655675
342.0,18.0,90.0,5.790039,9.0625,134,9.0625,7.663281
342.0,19.0,105.0,5.241211,8.3125,134,8.3125,7.061383
342.0,20.0,120.0,4.0527344,6.375,134,6.375,5.49188
342.0,21.0,135.0,2.6015625,4.0,134,4.0,3.488649
342.0,22.0,150.0,1.2685547,1.875,134,1.875,1.67950375
342.0,23.0,165.0,0.35058594,0.5,134,0.5,0.44470925
342.0,24.0,180.0,0.0048828125,0.0,134,0.0,0.0
172.0,1.0,-165.0,0.36914062,0.125,135,0.125,0.247235
172.0,2.0,-150.0,0.8808594,0.9375,135,0.9375,0.929704
172.0,3.0,-135.0,1.5107422,1.4375,135,1.4375,1.41683225
172.0,4.0,-120.0,2.2138672,1.65625,135,1.65625,2.0688675
172.0,5.0,-105.0,2.9833984,2.09375,135,2.09375,2.73269975
172.0,6.0,-90.0,3.1328125,2.59375,135,2.59375,3.246434
172.0,7.0,-75.0,2.5498047,2.40625,135,2.40625,2.941218
172.0,8.0,-60.0,0.4814453,1.5,135,1.5,0.7641695
172.0,9.0,-45.0,0.5361328,1.6875,135,1.6875,0.707569
172.0,10.0,-30.0,1.421875,2.78125,135,2.78125,1.5836845
172.0,11.0,-15.0,2.8291016,4.125,135,4.125,2.85343075
172.0,12.0,0.0,3.8417969,4.90625,135,4.90625,3.7530775
172.0,13.0,15.0,2.8300781,4.125,135,4.125,2.85343075
172.0,14.0,30.0,1.4384766,2.78125,135,2.78125,1.5919675
172.0,15.0,45.0,0.53515625,1.6875,135,1.6875,0.70750625
172.0,16.0,60.0,0.4814453,1.5,135,1.5,0.76398125
172.0,17.0,75.0,2.5458984,2.40625,135,2.40625,2.9410925
172.0,18.0,90.0,3.1298828,2.59375,135,2.59375,3.243673
172.0,19.0,105.0,2.9814453,2.09375,135,2.09375,2.7327625
172.0,20.0,120.0,2.2138672,1.65625,135,1.65625,2.06880475
172.0,21.0,135.0,1.5351562,1.4375,135,1.4375,1.42611925
172.0,22.0,150.0,0.8808594,0.9375,135,0.9375,0.930457
172.0,23.0,165.0,0.36914062,0.125,135,0.125,0.247235
172.0,24.0,180.0,0.0,0.0,135,0.0,0.0
281.0,1.0,-165.0,0.49121094,0.5,136,0.5,0.3708525
281.0,2.0,-150.0,1.8291016,1.90625,136,1.90625,1.4611965
281.0,3.0,-135.0,3.6455078,4.0,136,4.0,3.1233185
281.0,4.0,-120.0,5.4375,6.40625,136,6.40625,4.97136875
281.0,5.0,-105.0,6.857422,8.40625,136,8.40625,6.45716325
281.0,6.0,-90.0,7.680664,9.28125,136,9.28125,7.08679675
281.0,7.0,-75.0,7.5302734,8.6875,136,8.6875,6.6912835
281.0,8.0,-60.0,6.364258,7.0625,136,7.0625,5.5173565
281.0,9.0,-45.0,4.791992,5.25,136,5.25,4.10491675
281.0,10.0,-30.0,3.2861328,3.8125,136,3.8125,2.937704
281.0,11.0,-15.0,2.3066406,2.96875,136,2.96875,2.294391
281.0,12.0,0.0,1.9726562,2.75,136,2.75,2.111914
281.0,13.0,15.0,2.3066406,2.96875,136,2.96875,2.294391
281.0,14.0,30.0,3.2861328,3.8125,136,3.8125,2.93764125
281.0,15.0,45.0,4.790039,5.25,136,5.25,4.10504225
281.0,16.0,60.0,6.3623047,7.0625,136,7.0625,5.516729
281.0,17.0,75.0,7.53125,8.6875,136,8.6875,6.6912835
281.0,18.0,90.0,7.6796875,9.28125,136,9.28125,7.08667125
281.0,19.0,105.0,6.8583984,8.40625,136,8.40625,6.45716325
281.0,20.0,120.0,5.435547,6.40625,136,6.40625,4.9714315
281.0,21.0,135.0,3.6396484,4.03125,136,4.03125,3.11723175
281.0,22.0,150.0,1.8300781,1.90625,136,1.90625,1.4611965
281.0,23.0,165.0,0.49804688,0.5,136,0.5,0.37116625
281.0,24.0,180.0,0.0,0.0,136,0.0,0.0
182.0,1.0,-165.0,2.5390625,3.375,137,3.375,2.8306525
182.0,2.0,-150.0,0.578125,0.75,137,0.75,0.4607105
182.0,3.0,-135.0,0.09765625,0.0,137,0.0,0.0
182.0,4.0,-120.0,0.37304688,0.34375,137,0.34375,0.6908775
182.0,5.0,-105.0,0.6621094,0.5625,137,0.5625,0.994713
182.0,6.0,-90.0,0.0,0.09375,137,0.09375,0.2917875
182.0,7.0,-75.0,0.3203125,0.03125,137,0.03125,0.0197035
182.0,8.0,-60.0,1.6679688,0.78125,137,0.78125,0.71905225
182.0,9.0,-45.0,3.609375,2.375,137,2.375,2.3565135
182.0,10.0,-30.0,6.0664062,4.65625,137,4.65625,4.6207845
182.0,11.0,-15.0,8.978516,7.65625,137,7.65625,7.40694725
182.0,12.0,0.0,8.824219,7.90625,137,7.90625,7.5845925
182.0,13.0,15.0,5.015625,4.03125,137,4.03125,3.9159765
182.0,14.0,30.0,2.9472656,1.75,137,1.75,1.83481
182.0,15.0,45.0,2.2910156,0.90625,137,0.90625,1.15692175
182.0,16.0,60.0,2.125,1.0,137,1.0,1.4084865
182.0,17.0,75.0,1.8710938,1.03125,137,1.03125,1.3206365
182.0,18.0,90.0,2.3261719,1.0,137,1.0,1.41833825
182.0,19.0,105.0,2.3125,0.90625,137,0.90625,1.1845945
182.0,20.0,120.0,2.4355469,1.15625,137,1.15625,1.26936975
182.0,21.0,135.0,3.3203125,2.21875,137,2.21875,2.232645
182.0,22.0,150.0,4.890625,4.21875,137,4.21875,4.15461475
182.0,23.0,165.0,7.1035156,6.9375,137,6.9375,6.67051325
182.0,24.0,180.0,6.3671875,7.4375,137,7.4375,6.72849425
114.0,1.0,-165.0,2.7490234,2.75,138,2.75,3.482123
114.0,2.0,-150.0,2.2451172,2.0,138,2.0,2.51382775
114.0,3.0,-135.0,1.640625,1.21875,138,1.21875,1.6002505
114.0,4.0,-120.0,1.0869141,0.53125,138,0.53125,0.88069625
114.0,5.0,-105.0,0.41210938,0.0625,138,0.0625,0.15856925
114.0,6.0,-90.0,0.005859375,0.0,138,0.0,0.003765
114.0,7.0,-75.0,0.51464844,0.125,138,0.125,0.256522
114.0,8.0,-60.0,1.1855469,0.71875,138,0.71875,1.095615
114.0,9.0,-45.0,1.7333984,1.375,138,1.375,1.75957275
114.0,10.0,-30.0,2.3359375,2.15625,138,2.15625,2.68864925
114.0,11.0,-15.0,2.7734375,2.8125,138,2.8125,3.5535325
114.0,12.0,0.0,2.90625,3.0625,138,3.0625,3.903301
114.0,13.0,15.0,2.7685547,2.8125,138,2.8125,3.552403
114.0,14.0,30.0,2.3388672,2.15625,138,2.15625,2.69002975
114.0,15.0,45.0,1.7373047,1.375,138,1.375,1.75982375
114.0,16.0,60.0,1.1816406,0.71875,138,0.71875,1.092101
114.0,17.0,75.0,0.515625,0.125,138,0.125,0.25853
114.0,18.0,90.0,0.0,0.0,138,0.0,0.0
114.0,19.0,105.0,0.40820312,0.0625,138,0.0625,0.1575025
114.0,20.0,120.0,1.0859375,0.53125,138,0.53125,0.87919025
114.0,21.0,135.0,1.6416016,1.21875,138,1.21875,1.6010035
114.0,22.0,150.0,2.2539062,2.0,138,2.0,2.5136395
114.0,23.0,165.0,2.741211,2.75,138,2.75,3.4814955
114.0,24.0,180.0,2.90625,3.0625,138,3.0625,3.90261075
26.0,1.0,-165.0,0.0009765625,0.71875,139,0.71875,0.001757
26.0,2.0,-150.0,0.44140625,0.875,139,0.875,0.1891285
26.0,3.0,-135.0,1.3925781,1.25,139,1.25,0.70022725
26.0,4.0,-120.0,2.2802734,1.875,139,1.875,1.42938225
26.0,5.0,-105.0,3.3271484,2.625,139,2.625,2.277574
26.0,6.0,-90.0,4.229492,3.21875,139,3.21875,2.942473
26.0,7.0,-75.0,3.8388672,2.875,139,2.875,2.646795
26.0,8.0,-60.0,2.2695312,1.71875,139,1.71875,1.49677575
26.0,9.0,-45.0,1.2539062,0.625,139,0.625,0.52026025
26.0,10.0,-30.0,0.62402344,0.0,139,0.0,0.03570475
26.0,11.0,-15.0,0.44921875,0.03125,139,0.03125,0.12631575
26.0,12.0,0.0,0.38085938,0.375,139,0.375,0.535885
26.0,13.0,15.0,0.4345703,0.03125,139,0.03125,0.12443325
26.0,14.0,30.0,0.625,0.0,139,0.0,0.0360185
26.0,15.0,45.0,1.2539062,0.625,139,0.625,0.52703725
26.0,16.0,60.0,2.272461,1.71875,139,1.71875,1.50016425
26.0,17.0,75.0,3.8613281,2.875,139,2.875,2.65438775
26.0,18.0,90.0,4.2314453,3.21875,139,3.21875,2.94266125
26.0,19.0,105.0,3.3486328,2.625,139,2.625,2.27500125
26.0,20.0,120.0,2.2832031,1.875,139,1.875,1.427939
26.0,21.0,135.0,1.3867188,1.25,139,1.25,0.6946425
26.0,22.0,150.0,0.43847656,0.875,139,0.875,0.18831275
26.0,23.0,165.0,0.0,0.71875,139,0.71875,0.0
26.0,24.0,180.0,0.35058594,0.96875,139,0.96875,0.33050425
118.0,1.0,-165.0,0.033203125,0.0625,140,0.0625,0.32121725
118.0,2.0,-150.0,0.111328125,0.125,140,0.125,0.0
118.0,3.0,-135.0,0.6777344,0.5625,140,0.5625,0.01223625
118.0,4.0,-120.0,1.7363281,1.75,140,1.75,0.762287
118.0,5.0,-105.0,2.9140625,3.25,140,3.25,1.96903225
118.0,6.0,-90.0,3.4589844,4.625,140,4.625,3.126456
118.0,7.0,-75.0,3.6484375,5.625,140,5.625,4.105105
118.0,8.0,-60.0,4.076172,6.75,140,6.75,5.38263225
118.0,9.0,-45.0,5.2070312,8.25,140,8.25,7.17251325
118.0,10.0,-30.0,7.0371094,9.9375,140,9.9375,9.38809025
118.0,11.0,-15.0,8.931641,11.5,140,11.5,11.6076205
118.0,12.0,0.0,9.863281,12.1875,140,12.1875,12.65887125
118.0,13.0,15.0,8.921875,11.5,140,11.5,11.59814525
118.0,14.0,30.0,7.0390625,9.9375,140,9.9375,9.3965615
118.0,15.0,45.0,5.2128906,8.25,140,8.25,7.17163475
118.0,16.0,60.0,4.076172,6.75,140,6.75,5.38275775
118.0,17.0,75.0,3.6445312,5.625,140,5.625,4.10466575
118.0,18.0,90.0,3.453125,4.625,140,4.625,3.1248245
118.0,19.0,105.0,2.9160156,3.25,140,3.25,1.9689695
118.0,20.0,120.0,1.7285156,1.75,140,1.75,0.762287
118.0,21.0,135.0,0.671875,0.5625,140,0.5625,0.0126755
118.0,22.0,150.0,0.115234375,0.125,140,0.125,0.00031375
118.0,23.0,165.0,0.0390625,0.0625,140,0.0625,0.3201505
118.0,24.0,180.0,0.0,0.0,140,0.0,0.3695975
14.0,1.0,-165.0,2.2402344,1.5625,141,1.5625,1.199278
14.0,2.0,-150.0,2.8896484,2.125,141,2.125,1.5269585
14.0,3.0,-135.0,3.9335938,3.1875,141,3.1875,2.257996
14.0,4.0,-120.0,5.232422,4.625,141,4.625,3.3502225
14.0,5.0,-105.0,6.4648438,6.0625,141,6.0625,4.4091915
14.0,6.0,-90.0,7.2089844,6.75,141,6.75,4.891488
14.0,7.0,-75.0,6.588867,6.1875,141,6.1875,4.5128545
14.0,8.0,-60.0,4.977539,4.6875,141,4.6875,3.44240225
14.0,9.0,-45.0,3.0615234,2.875,141,2.875,2.11084725
14.0,10.0,-30.0,1.4365234,1.375,141,1.375,0.972625
14.0,11.0,-15.0,0.37695312,0.375,141,0.375,0.252506
14.0,12.0,0.0,0.0,0.0,141,0.0,0.0
14.0,13.0,15.0,0.37402344,0.375,141,0.375,0.250498
14.0,14.0,30.0,1.4375,1.375,141,1.375,0.97306425
14.0,15.0,45.0,3.0595703,2.875,141,2.875,2.1148005
14.0,16.0,60.0,4.9853516,4.6875,141,4.6875,3.44566525
14.0,17.0,75.0,6.584961,6.1875,141,6.1875,4.512227
14.0,18.0,90.0,7.203125,6.75,141,6.75,4.89067225
14.0,19.0,105.0,6.4648438,6.0625,141,6.0625,4.4091915
14.0,20.0,120.0,5.232422,4.625,141,4.625,3.350348
14.0,21.0,135.0,3.9316406,3.1875,141,3.1875,2.2593765
14.0,22.0,150.0,2.8896484,2.125,141,2.125,1.5269585
14.0,23.0,165.0,2.241211,1.5625,141,1.5625,1.1991525
14.0,24.0,180.0,1.9951172,1.375,141,1.375,1.1045255
212.0,1.0,-165.0,0.18847656,0.25,142,0.25,0.1354145
212.0,2.0,-150.0,0.6875,0.96875,142,0.96875,0.588344
212.0,3.0,-135.0,1.3505859,2.09375,142,2.09375,1.3567805
212.0,4.0,-120.0,2.0917969,3.375,142,3.375,2.23597075
212.0,5.0,-105.0,2.8417969,4.375,142,4.375,2.90312875
212.0,6.0,-90.0,3.178711,4.6875,142,4.6875,3.0304485
212.0,7.0,-75.0,2.7685547,4.0625,142,4.0625,2.54419875
212.0,8.0,-60.0,2.03125,2.9375,142,2.9375,1.698517
212.0,9.0,-45.0,1.3974609,1.78125,142,1.78125,0.92725675
212.0,10.0,-30.0,0.9472656,1.0,142,1.0,0.4800375
212.0,11.0,-15.0,0.63378906,0.65625,142,0.65625,0.3485135
212.0,12.0,0.0,0.5205078,0.5625,142,0.5625,0.35893
212.0,13.0,15.0,0.6308594,0.65625,142,0.65625,0.348639
212.0,14.0,30.0,0.9453125,1.0,142,1.0,0.48122975
212.0,15.0,45.0,1.3945312,1.78125,142,1.78125,0.92499775
212.0,16.0,60.0,2.0332031,2.9375,142,2.9375,1.70234475
212.0,17.0,75.0,2.7675781,4.0625,142,4.0625,2.5442615
212.0,18.0,90.0,3.171875,4.6875,142,4.6875,3.027813
212.0,19.0,105.0,2.8417969,4.375,142,4.375,2.90300325
212.0,20.0,120.0,2.0917969,3.375,142,3.375,2.2360335
212.0,21.0,135.0,1.3583984,2.09375,142,2.09375,1.3628045
212.0,22.0,150.0,0.6982422,0.96875,142,0.96875,0.59254825
212.0,23.0,165.0,0.19335938,0.25,142,0.25,0.1359165
212.0,24.0,180.0,0.0,0.0,142,0.0,0.0
188.0,1.0,-165.0,0.3408203,0.4375,143,0.4375,0.3434935
188.0,2.0,-150.0,1.2744141,1.6875,143,1.6875,1.32735075
188.0,3.0,-135.0,2.6367188,3.5625,143,3.5625,2.77135375
188.0,4.0,-120.0,4.198242,5.59375,143,5.59375,4.326989
188.0,5.0,-105.0,5.5634766,7.28125,143,7.28125,5.55130425
188.0,6.0,-90.0,6.015625,7.96875,143,7.96875,6.01690925
188.0,7.0,-75.0,5.479492,7.28125,143,7.28125,5.53900525
188.0,8.0,-60.0,4.1572266,5.53125,143,5.53125,4.27233375
188.0,9.0,-45.0,2.5966797,3.4375,143,3.4375,2.69793625
188.0,10.0,-30.0,1.2226562,1.625,143,1.625,1.26573025
188.0,11.0,-15.0,0.3154297,0.40625,143,0.40625,0.3211545
188.0,12.0,0.0,0.0,0.0,143,0.0,6.28e-05
188.0,13.0,15.0,0.31640625,0.40625,143,0.40625,0.3211545
188.0,14.0,30.0,1.2207031,1.625,143,1.625,1.26573025
188.0,15.0,45.0,2.586914,3.4375,143,3.4375,2.69592825
188.0,16.0,60.0,4.1591797,5.53125,143,5.53125,4.27271025
188.0,17.0,75.0,5.475586,7.28125,143,7.28125,5.53875425
188.0,18.0,90.0,6.015625,7.96875,143,7.96875,6.01690925
188.0,19.0,105.0,5.5634766,7.28125,143,7.28125,5.551367
188.0,20.0,120.0,4.1972656,5.59375,143,5.59375,4.32454175
188.0,21.0,135.0,2.6367188,3.5625,143,3.5625,2.77135375
188.0,22.0,150.0,1.2753906,1.6875,143,1.6875,1.329296
188.0,23.0,165.0,0.34179688,0.4375,143,0.4375,0.3434935
188.0,24.0,180.0,0.0,0.0,143,0.0,0.0
401.0,1.0,-165.0,0.0,0.03125,144,0.03125,0.00069025
401.0,2.0,-150.0,0.7705078,0.625,144,0.625,0.63057475
401.0,3.0,-135.0,1.59375,1.21875,144,1.21875,1.2965405
401.0,4.0,-120.0,2.0107422,1.28125,144,1.28125,1.38621025
401.0,5.0,-105.0,1.8476562,0.875,144,0.875,1.00004675
401.0,6.0,-90.0,1.25,0.34375,144,0.34375,0.43404175
401.0,7.0,-75.0,0.8779297,0.0,144,0.0,0.1665385
401.0,8.0,-60.0,1.0673828,0.3125,144,0.3125,0.64952525
401.0,9.0,-45.0,1.4833984,1.0,144,1.0,1.38621025
401.0,10.0,-30.0,2.0214844,1.75,144,1.75,2.3083215
401.0,11.0,-15.0,2.453125,2.375,144,2.375,3.17747175
401.0,12.0,0.0,3.8769531,3.375,144,3.375,4.89920625
401.0,13.0,15.0,2.4453125,2.375,144,2.375,3.174648
401.0,14.0,30.0,2.03125,1.75,144,1.75,2.30926275
401.0,15.0,45.0,1.4814453,0.96875,144,0.96875,1.3871515
401.0,16.0,60.0,1.0664062,0.3125,144,0.3125,0.649086
401.0,17.0,75.0,0.8808594,0.0,144,0.0,0.164656
401.0,18.0,90.0,1.2460938,0.34375,144,0.34375,0.4361125
401.0,19.0,105.0,1.8300781,0.875,144,0.875,0.97645275
401.0,20.0,120.0,2.0078125,1.28125,144,1.28125,1.3848925
401.0,21.0,135.0,1.5898438,1.21875,144,1.21875,1.296164
401.0,22.0,150.0,0.7705078,0.625,144,0.625,0.639548
401.0,23.0,165.0,0.00390625,0.03125,144,0.03125,0.0
401.0,24.0,180.0,0.99609375,0.5,144,0.5,1.19607775
112.0,1.0,-165.0,7.178711,6.03125,145,6.03125,7.7720895
112.0,2.0,-150.0,5.4882812,5.65625,145,5.65625,7.219011
112.0,3.0,-135.0,4.1591797,4.84375,145,4.84375,6.07388625
112.0,4.0,-120.0,3.0507812,4.25,145,4.25,4.74396275
112.0,5.0,-105.0,2.399414,4.09375,145,4.09375,3.83019725
112.0,6.0,-90.0,2.3085938,4.21875,145,4.21875,3.40607
112.0,7.0,-75.0,2.9179688,4.65625,145,4.65625,3.858874
112.0,8.0,-60.0,2.2226562,3.3125,145,3.3125,2.71582
112.0,9.0,-45.0,1.765625,2.09375,145,2.09375,1.7480895
112.0,10.0,-30.0,1.8017578,1.28125,145,1.28125,0.9940855
112.0,11.0,-15.0,1.2285156,0.8125,145,0.8125,0.483175
112.0,12.0,0.0,0.5644531,0.46875,145,0.46875,0.482422
112.0,13.0,15.0,0.01171875,0.0,145,0.0,0.0
112.0,14.0,30.0,0.0,0.25,145,0.25,0.127006
112.0,15.0,45.0,0.6875,1.28125,145,1.28125,0.86475775
112.0,16.0,60.0,1.8232422,2.6875,145,2.6875,1.95108575
112.0,17.0,75.0,2.7617188,4.09375,145,4.09375,3.12815025
112.0,18.0,90.0,2.3085938,4.21875,145,4.21875,3.40625825
112.0,19.0,105.0,2.3984375,4.09375,145,4.09375,3.83019725
112.0,20.0,120.0,3.0517578,4.25,145,4.25,4.744653
112.0,21.0,135.0,4.1445312,4.84375,145,4.84375,6.072694
112.0,22.0,150.0,5.4873047,5.65625,145,5.65625,7.22032875
112.0,23.0,165.0,7.178711,6.03125,145,6.03125,7.771964
112.0,24.0,180.0,7.051758,6.25,145,6.25,8.2073235
47.0,1.0,-165.0,0.12695312,0.71875,146,0.71875,0.55138425
47.0,2.0,-150.0,0.81640625,2.15625,146,2.15625,1.63796325
47.0,3.0,-135.0,2.2802734,3.9375,146,3.9375,2.92094975
47.0,4.0,-120.0,4.0507812,5.65625,146,5.65625,4.20682275
47.0,5.0,-105.0,5.7470703,7.1875,146,7.1875,5.39279775
47.0,6.0,-90.0,7.083008,8.09375,146,8.09375,6.243123
47.0,7.0,-75.0,8.079102,8.0,146,8.0,6.49086
47.0,8.0,-60.0,6.9316406,7.5,146,7.5,6.43595375
47.0,9.0,-45.0,6.879883,6.90625,146,6.90625,6.3549435
47.0,10.0,-30.0,7.0771484,6.65625,146,6.65625,6.5002725
47.0,11.0,-15.0,7.2773438,6.53125,146,6.53125,6.67051325
47.0,12.0,0.0,7.40625,6.375,146,6.375,6.61579525
47.0,13.0,15.0,7.2753906,6.53125,146,6.53125,6.670325
47.0,14.0,30.0,7.0771484,6.65625,146,6.65625,6.50008425
47.0,15.0,45.0,6.876953,6.90625,146,6.90625,6.3534375
47.0,16.0,60.0,6.9365234,7.5,146,7.5,6.43695775
47.0,17.0,75.0,8.063477,7.96875,146,7.96875,6.50259425
47.0,18.0,90.0,7.0771484,8.09375,146,8.09375,6.24406425
47.0,19.0,105.0,5.748047,7.1875,146,7.1875,5.393488
47.0,20.0,120.0,4.051758,5.65625,146,5.65625,4.207011
47.0,21.0,135.0,2.2939453,3.9375,146,3.9375,2.92415
47.0,22.0,150.0,0.8076172,2.15625,146,2.15625,1.635265
47.0,23.0,165.0,0.12695312,0.71875,146,0.71875,0.551447
47.0,24.0,180.0,0.0,0.0,146,0.0,0.0
165.0,1.0,-165.0,2.7353516,1.6875,147,1.6875,2.33059775
165.0,2.0,-150.0,1.8583984,0.9375,147,0.9375,1.5126515
165.0,3.0,-135.0,0.7636719,0.28125,147,0.28125,0.57660975
165.0,4.0,-120.0,0.22949219,0.0,147,0.0,0.05001175
165.0,5.0,-105.0,0.0,0.1875,147,0.1875,0.0
165.0,6.0,-90.0,0.026367188,0.8125,147,0.8125,0.2817475
165.0,7.0,-75.0,0.3095703,1.40625,147,1.40625,0.6369125
165.0,8.0,-60.0,0.39453125,1.625,147,1.625,0.7937875
165.0,9.0,-45.0,0.35253906,1.46875,147,1.46875,0.68290825
165.0,10.0,-30.0,0.07519531,0.875,147,0.875,0.33401825
165.0,11.0,-15.0,0.028320312,0.21875,147,0.21875,0.02792375
165.0,12.0,0.0,0.20410156,0.0,147,0.0,0.03357125
165.0,13.0,15.0,0.67089844,0.25,147,0.25,0.51059675
165.0,14.0,30.0,1.7304688,0.90625,147,0.90625,1.435469
165.0,15.0,45.0,2.6572266,1.6875,147,1.6875,2.286861
165.0,16.0,60.0,2.8925781,2.15625,147,2.15625,2.541626
165.0,17.0,75.0,2.4716797,2.0,147,2.0,2.0917085
165.0,18.0,90.0,1.4101562,1.25,147,1.25,1.19758375
165.0,19.0,105.0,0.5917969,0.40625,147,0.40625,0.35861625
165.0,20.0,120.0,0.15332031,0.125,147,0.125,0.116715
165.0,21.0,135.0,0.5214844,0.34375,147,0.34375,0.309232
165.0,22.0,150.0,1.3125,1.15625,147,1.15625,1.12454275
165.0,23.0,165.0,2.413086,1.96875,147,1.96875,2.0540585
165.0,24.0,180.0,2.899414,2.15625,147,2.15625,2.54332025
111.0,1.0,-165.0,3.5898438,2.6875,148,2.6875,3.03264475
111.0,2.0,-150.0,1.9882812,1.4375,148,1.4375,1.70297225
111.0,3.0,-135.0,0.58203125,0.375,148,0.375,0.47633525
111.0,4.0,-120.0,0.0,0.0,148,0.0,0.0006275
111.0,5.0,-105.0,0.47753906,0.3125,148,0.3125,0.38898725
111.0,6.0,-90.0,1.78125,1.3125,148,1.3125,1.551682
111.0,7.0,-75.0,3.4101562,2.5625,148,2.5625,2.89522225
111.0,8.0,-60.0,4.251953,3.34375,148,3.34375,3.5944455
111.0,9.0,-45.0,3.6523438,2.78125,148,2.78125,3.106878
111.0,10.0,-30.0,1.9931641,1.46875,148,1.46875,1.742944
111.0,11.0,-15.0,0.5654297,0.375,148,0.375,0.477904
111.0,12.0,0.0,0.0,0.0,148,0.0,0.0
111.0,13.0,15.0,0.5654297,0.375,148,0.375,0.47796675
111.0,14.0,30.0,1.9960938,1.46875,148,1.46875,1.7458305
111.0,15.0,45.0,3.6523438,2.78125,148,2.78125,3.1067525
111.0,16.0,60.0,4.251953,3.34375,148,3.34375,3.59463375
111.0,17.0,75.0,3.4101562,2.5625,148,2.5625,2.8954105
111.0,18.0,90.0,1.7802734,1.3125,148,1.3125,1.54936025
111.0,19.0,105.0,0.47753906,0.3125,148,0.3125,0.38886175
111.0,20.0,120.0,0.0,0.0,148,0.0,0.0006275
111.0,21.0,135.0,0.5830078,0.375,148,0.375,0.4762725
111.0,22.0,150.0,1.9794922,1.4375,148,1.4375,1.70146625
111.0,23.0,165.0,3.5898438,2.6875,148,2.6875,3.032582
111.0,24.0,180.0,4.2666016,3.34375,148,3.34375,3.60630525
144.0,1.0,-165.0,1.4482422,0.625,149,0.625,1.50254875
144.0,2.0,-150.0,0.35351562,0.0,149,0.0,0.41898175
144.0,3.0,-135.0,0.0009765625,0.09375,149,0.09375,0.0
144.0,4.0,-120.0,0.8720703,0.84375,149,0.84375,0.34004225
144.0,5.0,-105.0,1.8652344,1.71875,149,1.71875,0.9222995
144.0,6.0,-90.0,2.3232422,2.09375,149,2.09375,1.1941325
144.0,7.0,-75.0,1.9023438,1.75,149,1.75,0.93353175
144.0,8.0,-60.0,0.953125,0.90625,149,0.90625,0.37380175
144.0,9.0,-45.0,0.046875,0.125,149,0.125,0.0051455
144.0,10.0,-30.0,0.24316406,0.0,149,0.0,0.334081
144.0,11.0,-15.0,1.3164062,0.5625,149,0.5625,1.39060275
144.0,12.0,0.0,1.9052734,1.03125,149,1.03125,2.1579725
144.0,13.0,15.0,1.3164062,0.5625,149,0.5625,1.39060275
144.0,14.0,30.0,0.24414062,0.0,149,0.0,0.334081
144.0,15.0,45.0,0.048828125,0.125,149,0.125,0.00558475
144.0,16.0,60.0,0.95214844,0.90625,149,0.90625,0.376249
144.0,17.0,75.0,1.9023438,1.75,149,1.75,0.93353175
144.0,18.0,90.0,2.3242188,2.09375,149,2.09375,1.1938815
144.0,19.0,105.0,1.8662109,1.71875,149,1.71875,0.92223675
144.0,20.0,120.0,0.8720703,0.84375,149,0.84375,0.34004225
144.0,21.0,135.0,0.0,0.09375,149,0.09375,0.0006275
144.0,22.0,150.0,0.3564453,0.0,149,0.0,0.41898175
144.0,23.0,165.0,1.4482422,0.625,149,0.625,1.502737
144.0,24.0,180.0,1.9101562,1.03125,149,1.03125,2.1609845
398.0,1.0,-165.0,0.01171875,0.0625,150,0.0625,0.0194525
398.0,2.0,-150.0,0.17382812,0.0,150,0.0,0.096384
398.0,3.0,-135.0,0.40820312,0.0625,150,0.0625,0.27189575
398.0,4.0,-120.0,0.6347656,0.3125,150,0.3125,0.5957485
398.0,5.0,-105.0,1.2910156,0.84375,150,0.84375,1.1499565
398.0,6.0,-90.0,2.0996094,1.53125,150,1.53125,1.9222835
398.0,7.0,-75.0,1.3066406,0.8125,150,0.8125,1.1848455
398.0,8.0,-60.0,0.6464844,0.28125,150,0.28125,0.60058025
398.0,9.0,-45.0,0.3984375,0.0625,150,0.0625,0.2516275
398.0,10.0,-30.0,0.15820312,0.03125,150,0.03125,0.082579
398.0,11.0,-15.0,0.0,0.09375,150,0.09375,0.0109185
398.0,12.0,0.0,0.029296875,0.125,150,0.125,0.00169425
398.0,13.0,15.0,0.001953125,0.09375,150,0.09375,0.01562475
398.0,14.0,30.0,0.15234375,0.03125,150,0.03125,0.0824535
398.0,15.0,45.0,0.39648438,0.0625,150,0.0625,0.25018425
398.0,16.0,60.0,0.6484375,0.28125,150,0.28125,0.597882
398.0,17.0,75.0,1.3085938,0.8125,150,0.8125,1.1868535
398.0,18.0,90.0,2.0957031,1.53125,150,1.53125,1.91983625
398.0,19.0,105.0,1.2871094,0.84375,150,0.84375,1.14600325
398.0,20.0,120.0,0.63671875,0.3125,150,0.3125,0.59694075
398.0,21.0,135.0,0.41015625,0.0625,150,0.0625,0.27038975
398.0,22.0,150.0,0.17578125,0.0,150,0.0,0.09632125
398.0,23.0,165.0,0.005859375,0.0625,150,0.0625,0.0192015
398.0,24.0,180.0,0.02734375,0.125,150,0.125,0.0
105.0,1.0,-165.0,0.62597656,0.90625,151,0.90625,0.577049
105.0,2.0,-150.0,2.1015625,2.375,151,2.375,1.80638425
105.0,3.0,-135.0,3.0185547,3.34375,151,3.34375,2.64321825
105.0,4.0,-120.0,3.7958984,4.03125,151,4.03125,3.2736675
105.0,5.0,-105.0,3.7714844,4.125,151,4.125,3.499693
105.0,6.0,-90.0,2.1875,1.8125,151,1.8125,1.54245775
105.0,7.0,-75.0,0.32910156,0.125,151,0.125,0.46089875
105.0,8.0,-60.0,0.0,0.0,151,0.0,0.7802335
105.0,9.0,-45.0,1.7558594,1.40625,151,1.40625,2.32093425
105.0,10.0,-30.0,4.5253906,3.6875,151,3.6875,4.1893155
105.0,11.0,-15.0,5.276367,4.09375,151,4.09375,4.6119995
105.0,12.0,0.0,6.9716797,5.40625,151,5.40625,5.258701
105.0,13.0,15.0,5.0966797,4.0625,151,4.0625,3.82831475
105.0,14.0,30.0,2.663086,2.40625,151,2.40625,2.1486855
105.0,15.0,45.0,1.0478516,1.375,151,1.375,1.162381
105.0,16.0,60.0,0.4345703,1.375,151,1.375,1.09944275
105.0,17.0,75.0,1.15625,0.8125,151,0.8125,1.1409205
105.0,18.0,90.0,2.8642578,2.53125,151,2.53125,2.79168475
105.0,19.0,105.0,4.732422,4.53125,151,4.53125,4.682656
105.0,20.0,120.0,5.8154297,5.5,151,5.5,5.46972925
105.0,21.0,135.0,4.709961,4.53125,151,4.53125,4.43159325
105.0,22.0,150.0,2.640625,2.40625,151,2.40625,2.370444
105.0,23.0,165.0,0.83691406,0.6875,151,0.6875,0.6371635
105.0,24.0,180.0,0.052734375,0.125,151,0.125,0.0
284.0,1.0,-165.0,0.17382812,0.8125,152,0.8125,0.2486155
284.0,2.0,-150.0,0.6875,1.625,152,1.625,0.923178
284.0,3.0,-135.0,3.3515625,1.53125,152,1.53125,1.672162
284.0,4.0,-120.0,4.4921875,2.75,152,2.75,2.84502225
284.0,5.0,-105.0,5.7148438,4.09375,152,4.09375,3.99773975
284.0,6.0,-90.0,6.419922,4.8125,152,4.8125,4.6119995
284.0,7.0,-75.0,5.5625,3.71875,152,3.71875,3.80246175
284.0,8.0,-60.0,4.3066406,2.375,152,2.375,2.59502625
284.0,9.0,-45.0,3.2246094,1.25,152,1.25,1.46527525
284.0,10.0,-30.0,2.4042969,0.40625,152,0.40625,0.60296475
284.0,11.0,-15.0,1.7558594,0.0,152,0.0,0.077559
284.0,12.0,0.0,0.001953125,0.40625,152,0.40625,0.0
284.0,13.0,15.0,0.16601562,0.78125,152,0.78125,0.2310455
284.0,14.0,30.0,0.6230469,1.53125,152,1.53125,0.84969775
284.0,15.0,45.0,1.3144531,2.5,152,2.5,1.77036575
284.0,16.0,60.0,2.3691406,3.84375,152,3.84375,3.12451075
284.0,17.0,75.0,4.1816406,5.75,152,5.75,5.04453525
284.0,18.0,90.0,6.4257812,4.8125,152,4.8125,4.612376
284.0,19.0,105.0,5.7109375,4.09375,152,4.09375,3.999183
284.0,20.0,120.0,4.4785156,2.75,152,2.75,2.83950025
284.0,21.0,135.0,3.34375,1.5,152,1.5,1.6652595
284.0,22.0,150.0,0.6796875,1.625,152,1.625,0.92110725
284.0,23.0,165.0,0.17382812,0.8125,152,0.8125,0.25056075
284.0,24.0,180.0,0.0,0.40625,152,0.40625,0.00257275
203.0,1.0,-165.0,10.666016,14.125,153,14.125,13.74105775
203.0,2.0,-150.0,8.814453,13.09375,153,13.09375,11.575618
203.0,3.0,-135.0,6.232422,10.15625,153,10.15625,8.46441025
203.0,4.0,-120.0,4.046875,7.65625,153,7.65625,6.060395
203.0,5.0,-105.0,2.765625,5.9375,153,5.9375,4.42506725
203.0,6.0,-90.0,3.3261719,6.375,153,6.375,5.75863025
203.0,7.0,-75.0,3.1230469,5.5,153,5.5,5.18986425
203.0,8.0,-60.0,3.0839844,4.40625,153,4.40625,4.53324825
203.0,9.0,-45.0,2.4648438,3.0,153,3.0,2.978115
203.0,10.0,-30.0,1.2089844,1.34375,153,1.34375,1.359416
203.0,11.0,-15.0,0.35546875,0.6875,153,0.6875,0.91960125
203.0,12.0,0.0,0.0,0.0,153,0.0,0.0
203.0,13.0,15.0,2.28125,2.03125,153,2.03125,2.08486875
203.0,14.0,30.0,4.9453125,4.8125,153,4.8125,4.78512675
203.0,15.0,45.0,7.2558594,7.6875,153,7.6875,7.4422755
203.0,16.0,60.0,8.1328125,9.34375,153,9.34375,8.58865525
203.0,17.0,75.0,4.904297,7.34375,153,7.34375,6.02029775
203.0,18.0,90.0,2.6582031,6.03125,153,6.03125,4.35792475
203.0,19.0,105.0,1.6171875,5.3125,153,5.3125,3.6145255
203.0,20.0,120.0,1.8476562,5.6875,153,5.6875,3.9405745
203.0,21.0,135.0,3.5566406,7.40625,153,7.40625,5.5253885
203.0,22.0,150.0,6.439453,10.15625,153,10.15625,8.30308
203.0,23.0,165.0,10.3515625,13.34375,153,13.34375,11.6490355
203.0,24.0,180.0,11.865234,14.25,153,14.25,13.54898
263.0,1.0,-165.0,3.9316406,4.25,154,4.25,4.44025275
263.0,2.0,-150.0,4.211914,4.28125,154,4.28125,4.4807265
263.0,3.0,-135.0,4.513672,4.375,154,4.375,4.5796205
263.0,4.0,-120.0,5.055664,4.21875,154,4.21875,4.80144175
263.0,5.0,-105.0,4.4384766,3.40625,154,3.40625,3.91867475
263.0,6.0,-90.0,3.5576172,2.53125,154,2.53125,2.8153415
263.0,7.0,-75.0,3.234375,1.90625,154,1.90625,1.91556925
263.0,8.0,-60.0,0.0,0.0,154,0.0,0.0
263.0,9.0,-45.0,0.24707031,0.59375,154,0.59375,0.14162675
263.0,10.0,-30.0,0.8017578,1.40625,154,1.40625,0.5887205
263.0,11.0,-15.0,1.4501953,2.34375,154,2.34375,1.49589725
263.0,12.0,0.0,2.0644531,3.0,154,3.0,2.27537775
263.0,13.0,15.0,1.4453125,2.34375,154,2.34375,1.49238325
263.0,14.0,30.0,0.8105469,1.40625,154,1.40625,0.591858
263.0,15.0,45.0,0.24609375,0.59375,154,0.59375,0.14175225
263.0,16.0,60.0,0.0068359375,0.0,154,0.0,0.0061495
263.0,17.0,75.0,3.225586,1.90625,154,1.90625,1.9147535
263.0,18.0,90.0,3.5625,2.53125,154,2.53125,2.816471
263.0,19.0,105.0,4.442383,3.40625,154,3.40625,3.91917675
263.0,20.0,120.0,5.055664,4.21875,154,4.21875,4.80194375
263.0,21.0,135.0,4.5117188,4.375,154,4.375,4.575981
263.0,22.0,150.0,4.213867,4.28125,154,4.28125,4.48116575
263.0,23.0,165.0,3.9316406,4.25,154,4.25,4.44113125
263.0,24.0,180.0,3.8183594,4.28125,154,4.28125,4.48003625
469.0,1.0,-165.0,0.0009765625,0.0625,155,0.0625,0.01123225
469.0,2.0,-150.0,0.111328125,0.40625,155,0.40625,0.202306
469.0,3.0,-135.0,0.7011719,1.125,155,1.125,0.823531
469.0,4.0,-120.0,1.6259766,2.25,155,2.25,1.8053175
469.0,5.0,-105.0,2.4804688,3.375,155,3.375,2.791622
469.0,6.0,-90.0,2.8183594,3.84375,155,3.84375,3.25766625
469.0,7.0,-75.0,2.4365234,3.375,155,3.375,2.78315075
469.0,8.0,-60.0,1.6044922,2.21875,155,2.21875,1.80469
469.0,9.0,-45.0,0.6816406,1.09375,155,1.09375,0.81342825
469.0,10.0,-30.0,0.10546875,0.375,155,0.375,0.19722325
469.0,11.0,-15.0,0.0009765625,0.0625,155,0.0625,0.0111695
469.0,12.0,0.0,0.037109375,0.0,155,0.0,0.0001255
469.0,13.0,15.0,0.0,0.0625,155,0.0625,0.0111695
469.0,14.0,30.0,0.103515625,0.375,155,0.375,0.197537
469.0,15.0,45.0,0.6845703,1.09375,155,1.09375,0.8153735
469.0,16.0,60.0,1.6044922,2.21875,155,2.21875,1.80387425
469.0,17.0,75.0,2.4365234,3.375,155,3.375,2.78315075
469.0,18.0,90.0,2.8183594,3.84375,155,3.84375,3.25766625
469.0,19.0,105.0,2.4794922,3.375,155,3.375,2.791622
469.0,20.0,120.0,1.6259766,2.25,155,2.25,1.80525475
469.0,21.0,135.0,0.703125,1.125,155,1.125,0.82321725
469.0,22.0,150.0,0.11230469,0.40625,155,0.40625,0.20236875
469.0,23.0,165.0,0.0009765625,0.0625,155,0.0625,0.011295
469.0,24.0,180.0,0.03515625,0.0,155,0.0,0.0
369.0,1.0,-165.0,0.4609375,0.46875,156,0.46875,0.763291
369.0,2.0,-150.0,1.3867188,1.4375,156,1.4375,1.7377985
369.0,3.0,-135.0,3.7304688,3.375,156,3.375,3.764749
369.0,4.0,-120.0,5.8359375,5.3125,156,5.3125,6.06660725
369.0,5.0,-105.0,3.6308594,4.46875,156,4.46875,4.02855
369.0,6.0,-90.0,1.2148438,1.90625,156,1.90625,1.5786645
369.0,7.0,-75.0,0.0,0.34375,156,0.34375,0.26700125
369.0,8.0,-60.0,0.22070312,0.0,156,0.0,0.0
369.0,9.0,-45.0,1.2871094,0.90625,156,0.90625,0.8763665
369.0,10.0,-30.0,2.8769531,2.84375,156,2.84375,2.712306
369.0,11.0,-15.0,4.6054688,5.28125,156,5.28125,4.999418
369.0,12.0,0.0,6.2695312,7.25,156,7.25,6.99041275
369.0,13.0,15.0,7.388672,7.53125,156,7.53125,7.6556255
369.0,14.0,30.0,6.7070312,5.875,156,5.875,6.5723095
369.0,15.0,45.0,4.0195312,3.0625,156,3.0625,4.310674
369.0,16.0,60.0,2.1132812,1.09375,156,1.09375,2.5008385
369.0,17.0,75.0,3.578125,3.1875,156,3.1875,3.86358025
369.0,18.0,90.0,4.5390625,4.125,156,4.125,4.6940765
369.0,19.0,105.0,6.0742188,5.53125,156,5.53125,5.8203135
369.0,20.0,120.0,6.7753906,7.53125,156,7.53125,7.32374075
369.0,21.0,135.0,5.2109375,6.34375,156,6.34375,5.87145475
369.0,22.0,150.0,3.5644531,3.90625,156,3.90625,3.64452
369.0,23.0,165.0,1.9511719,1.65625,156,1.65625,1.68678275
369.0,24.0,180.0,0.703125,0.4375,156,0.4375,0.6479565
193.0,1.0,-165.0,2.34375,0.78125,157,0.78125,1.58399825
193.0,2.0,-150.0,0.5800781,0.0,157,0.0,0.288399
193.0,3.0,-135.0,0.0009765625,0.21875,157,0.21875,0.0367715
193.0,4.0,-120.0,0.4404297,1.25,157,1.25,0.6770725
193.0,5.0,-105.0,0.9921875,2.40625,157,2.40625,1.54572075
193.0,6.0,-90.0,1.2783203,2.875,157,2.875,1.94506175
193.0,7.0,-75.0,1.0380859,2.3125,157,2.3125,1.493952
193.0,8.0,-60.0,0.43847656,1.0625,157,1.0625,0.57673525
193.0,9.0,-45.0,0.030273438,0.09375,157,0.09375,0.0
193.0,10.0,-30.0,0.7783203,0.0625,157,0.0625,0.439752
193.0,11.0,-15.0,2.5292969,0.875,157,0.875,1.76346325
193.0,12.0,0.0,3.8027344,1.625,157,1.625,2.8095685
193.0,13.0,15.0,2.5195312,0.875,157,0.875,1.760514
193.0,14.0,30.0,0.7783203,0.0625,157,0.0625,0.439752
193.0,15.0,45.0,0.030273438,0.09375,157,0.09375,0.0
193.0,16.0,60.0,0.4375,1.0625,157,1.0625,0.57673525
193.0,17.0,75.0,1.0458984,2.3125,157,2.3125,1.49702675
193.0,18.0,90.0,1.2802734,2.875,157,2.875,1.9451245
193.0,19.0,105.0,0.9921875,2.40625,157,2.40625,1.54572075
193.0,20.0,120.0,0.43652344,1.25,157,1.25,0.67650775
193.0,21.0,135.0,0.0,0.21875,157,0.21875,0.0367715
193.0,22.0,150.0,0.5800781,0.0,157,0.0,0.28846175
193.0,23.0,165.0,2.3427734,0.78125,157,0.78125,1.58374725
193.0,24.0,180.0,3.7998047,1.625,157,1.625,2.8090665
156.0,1.0,-165.0,0.60253906,0.71875,158,0.71875,0.49026575
156.0,2.0,-150.0,2.1689453,2.34375,158,2.34375,1.87603675
156.0,3.0,-135.0,5.470703,4.8125,158,4.8125,4.24572775
156.0,4.0,-120.0,8.325195,7.8125,158,7.8125,6.859579
156.0,5.0,-105.0,10.201172,11.0625,158,11.0625,9.3365725
156.0,6.0,-90.0,9.40918,11.375,158,11.375,9.3121
156.0,7.0,-75.0,7.506836,8.625,158,8.625,7.5584885
156.0,8.0,-60.0,5.493164,5.75,158,5.75,5.69487625
156.0,9.0,-45.0,3.6933594,3.21875,158,3.21875,4.164592
156.0,10.0,-30.0,3.5888672,1.21875,158,1.21875,2.75390925
156.0,11.0,-15.0,3.3271484,0.0,158,0.0,1.757502
156.0,12.0,0.0,4.375,2.03125,158,2.03125,3.51556875
156.0,13.0,15.0,3.3095703,0.0,158,0.0,1.75449
156.0,14.0,30.0,3.6425781,1.21875,158,1.21875,2.7400415
156.0,15.0,45.0,3.7148438,3.21875,158,3.21875,4.167102
156.0,16.0,60.0,5.501953,5.75,158,5.75,5.683644
156.0,17.0,75.0,7.508789,8.65625,158,8.65625,7.54336575
156.0,18.0,90.0,9.40625,11.375,158,11.375,9.30764475
156.0,19.0,105.0,10.268555,11.0625,158,11.0625,9.334188
156.0,20.0,120.0,8.28125,7.8125,158,7.8125,6.84395425
156.0,21.0,135.0,5.4658203,4.8125,158,4.8125,4.2465435
156.0,22.0,150.0,2.2441406,2.40625,158,2.40625,1.93615125
156.0,23.0,165.0,0.64746094,0.78125,158,0.78125,0.5272255
156.0,24.0,180.0,0.0,0.21875,158,0.21875,0.0
471.0,1.0,-165.0,0.078125,0.46875,159,0.46875,0.2761
471.0,2.0,-150.0,0.45507812,1.0625,159,1.0625,0.74189325
471.0,3.0,-135.0,1.1787109,1.96875,159,1.96875,1.43013525
471.0,4.0,-120.0,1.3623047,1.625,159,1.625,0.83463775
471.0,5.0,-105.0,2.446289,3.40625,159,3.40625,2.0964775
471.0,6.0,-90.0,2.9960938,4.65625,159,4.65625,3.02084775
471.0,7.0,-75.0,2.4736328,3.28125,159,3.28125,2.1293585
471.0,8.0,-60.0,1.2216797,1.5625,159,1.5625,0.7553845
471.0,9.0,-45.0,1.1796875,1.8125,159,1.8125,1.52551525
471.0,10.0,-30.0,0.37304688,1.0,159,1.0,0.68441425
471.0,11.0,-15.0,0.10546875,0.4375,159,0.4375,0.2850105
471.0,12.0,0.0,0.0,0.0,159,0.0,0.0
471.0,13.0,15.0,0.10546875,0.4375,159,0.4375,0.28532425
471.0,14.0,30.0,0.44628906,0.96875,159,0.96875,0.76084375
471.0,15.0,45.0,1.1757812,1.8125,159,1.8125,1.52250325
471.0,16.0,60.0,1.2929688,1.53125,159,1.53125,0.80677675
471.0,17.0,75.0,2.4814453,3.28125,159,3.28125,2.13506875
471.0,18.0,90.0,2.9921875,4.65625,159,4.65625,3.0199065
471.0,19.0,105.0,2.4453125,3.40625,159,3.40625,2.0954735
471.0,20.0,120.0,1.3828125,1.625,159,1.625,0.8447405
471.0,21.0,135.0,1.1992188,1.96875,159,1.96875,1.454545
471.0,22.0,150.0,0.28710938,1.09375,159,1.09375,0.56995825
471.0,23.0,165.0,0.08300781,0.46875,159,0.46875,0.2817475
471.0,24.0,180.0,0.01171875,0.0,159,0.0,0.013052
371.0,1.0,-165.0,0.1953125,0.3125,160,0.3125,0.25721225
371.0,2.0,-150.0,0.7050781,1.34375,160,1.34375,1.076037
371.0,3.0,-135.0,1.4580078,3.0,160,3.0,2.43426075
371.0,4.0,-120.0,2.5146484,5.03125,160,5.03125,4.15172825
371.0,5.0,-105.0,3.602539,7.03125,160,7.03125,5.75794
371.0,6.0,-90.0,3.9433594,8.0,160,8.0,6.4653835
371.0,7.0,-75.0,3.5751953,7.0,160,7.0,5.72901225
371.0,8.0,-60.0,2.524414,4.9375,160,4.9375,4.0720985
371.0,9.0,-45.0,1.4658203,2.84375,160,2.84375,2.333798
371.0,10.0,-30.0,0.69140625,1.25,160,1.25,1.005757
371.0,11.0,-15.0,0.18554688,0.3125,160,0.3125,0.24215225
371.0,12.0,0.0,0.0,0.0,160,0.0,0.0
371.0,13.0,15.0,0.18554688,0.3125,160,0.3125,0.242215
371.0,14.0,30.0,0.6923828,1.25,160,1.25,1.00569425
371.0,15.0,45.0,1.4648438,2.84375,160,2.84375,2.333798
371.0,16.0,60.0,2.5253906,4.9375,160,4.9375,4.071973
371.0,17.0,75.0,3.5771484,7.0,160,7.0,5.7299535
371.0,18.0,90.0,3.9394531,8.0,160,8.0,6.4626225
371.0,19.0,105.0,3.6035156,7.03125,160,7.03125,5.7598225
371.0,20.0,120.0,2.5097656,5.03125,160,5.03125,4.15122625
371.0,21.0,135.0,1.4599609,3.0,160,3.0,2.43626875
371.0,22.0,150.0,0.7050781,1.34375,160,1.34375,1.076037
371.0,23.0,165.0,0.1953125,0.3125,160,0.3125,0.25721225
371.0,24.0,180.0,0.0009765625,0.0,160,0.0,0.00156875
310.0,1.0,-165.0,0.12402344,0.15625,161,0.15625,0.0
310.0,2.0,-150.0,0.47460938,0.65625,161,0.65625,0.13095925
310.0,3.0,-135.0,1.0566406,1.6875,161,1.6875,0.72168775
310.0,4.0,-120.0,1.9462891,3.125,161,3.125,1.71878525
310.0,5.0,-105.0,3.0175781,4.4375,161,4.4375,2.6928535
310.0,6.0,-90.0,3.5292969,4.96875,161,4.96875,3.091065
310.0,7.0,-75.0,2.9970703,4.40625,161,4.40625,2.66769075
310.0,8.0,-60.0,1.921875,3.0625,161,3.0625,1.67184825
310.0,9.0,-45.0,1.0195312,1.625,161,1.625,0.679708
310.0,10.0,-30.0,0.4482422,0.625,161,0.625,0.113954
310.0,11.0,-15.0,0.12695312,0.15625,161,0.15625,0.00106675
310.0,12.0,0.0,0.00390625,0.0,161,0.0,0.03256725
310.0,13.0,15.0,0.12597656,0.15625,161,0.15625,0.0011295
310.0,14.0,30.0,0.45117188,0.625,161,0.625,0.113954
310.0,15.0,45.0,1.0205078,1.625,161,1.625,0.679708
310.0,16.0,60.0,1.921875,3.0625,161,3.0625,1.669401
310.0,17.0,75.0,2.9960938,4.40625,161,4.40625,2.66769075
310.0,18.0,90.0,3.53125,4.96875,161,4.96875,3.09037475
310.0,19.0,105.0,3.0146484,4.4375,161,4.4375,2.69279075
310.0,20.0,120.0,1.9492188,3.125,161,3.125,1.720605
310.0,21.0,135.0,1.0566406,1.6875,161,1.6875,0.72168775
310.0,22.0,150.0,0.47460938,0.65625,161,0.65625,0.13095925
310.0,23.0,165.0,0.125,0.15625,161,0.15625,0.0
310.0,24.0,180.0,0.0,0.0,161,0.0,0.03294375
41.0,1.0,-165.0,0.36914062,0.46875,162,0.46875,0.45751025
41.0,2.0,-150.0,1.5751953,1.65625,162,1.65625,1.409114
41.0,3.0,-135.0,3.4052734,3.59375,162,3.59375,3.00440725
41.0,4.0,-120.0,5.4501953,6.0625,162,6.0625,5.1132465
41.0,5.0,-105.0,7.2421875,8.6875,162,8.6875,7.377141
41.0,6.0,-90.0,9.652344,8.40625,162,8.40625,7.319662
41.0,7.0,-75.0,5.9658203,6.09375,162,6.09375,5.023263
41.0,8.0,-60.0,3.6982422,4.46875,162,4.46875,3.4784835
41.0,9.0,-45.0,2.8105469,3.65625,162,3.65625,2.7350215
41.0,10.0,-30.0,2.881836,3.53125,162,3.53125,2.7581135
41.0,11.0,-15.0,3.5703125,3.84375,162,3.84375,3.271785
41.0,12.0,0.0,5.1591797,4.34375,162,4.34375,4.28676625
41.0,13.0,15.0,3.5683594,3.84375,162,3.84375,3.27247525
41.0,14.0,30.0,2.8857422,3.53125,162,3.53125,2.75805075
41.0,15.0,45.0,2.790039,3.65625,162,3.65625,2.724103
41.0,16.0,60.0,3.663086,4.46875,162,4.46875,3.4237655
41.0,17.0,75.0,5.9746094,6.09375,162,6.09375,5.02771825
41.0,18.0,90.0,9.658203,8.40625,162,8.40625,7.32261125
41.0,19.0,105.0,7.2402344,8.6875,162,8.6875,7.3765135
41.0,20.0,120.0,5.4316406,6.0625,162,6.0625,5.10640675
41.0,21.0,135.0,3.4160156,3.59375,162,3.59375,3.00265025
41.0,22.0,150.0,1.5917969,1.65625,162,1.65625,1.408612
41.0,23.0,165.0,0.35839844,0.46875,162,0.46875,0.450796
41.0,24.0,180.0,0.0,0.0,162,0.0,0.0
391.0,1.0,-165.0,0.001953125,0.0,163,0.0,0.0
391.0,2.0,-150.0,1.8222656,1.375,163,1.375,0.94808975
391.0,3.0,-135.0,4.0859375,3.46875,163,3.46875,2.5625845
391.0,4.0,-120.0,6.873047,6.40625,163,6.40625,4.962772
391.0,5.0,-105.0,9.833984,10.0,163,10.0,7.77993325
391.0,6.0,-90.0,12.652344,12.46875,163,12.46875,9.40013825
391.0,7.0,-75.0,11.557617,11.625,163,11.625,8.7730775
391.0,8.0,-60.0,8.8671875,8.90625,163,8.90625,6.764952
391.0,9.0,-45.0,6.375,6.03125,163,6.03125,4.3850955
391.0,10.0,-30.0,4.421875,3.75,163,3.75,2.48521375
391.0,11.0,-15.0,3.0449219,2.4375,163,2.4375,1.41796175
391.0,12.0,0.0,2.6484375,2.03125,163,2.03125,1.06166725
391.0,13.0,15.0,3.0605469,2.4375,163,2.4375,1.42524075
391.0,14.0,30.0,4.432617,3.75,163,3.75,2.485151
391.0,15.0,45.0,6.3789062,6.03125,163,6.03125,4.38817025
391.0,16.0,60.0,8.869141,8.90625,163,8.90625,6.76551675
391.0,17.0,75.0,11.521484,11.625,163,11.625,8.75908425
391.0,18.0,90.0,12.660156,12.46875,163,12.46875,9.39913425
391.0,19.0,105.0,9.874023,9.96875,163,9.96875,7.78344725
391.0,20.0,120.0,7.0,6.46875,163,6.46875,5.013725
391.0,21.0,135.0,4.100586,3.46875,163,3.46875,2.57042825
391.0,22.0,150.0,1.8222656,1.375,163,1.375,0.94808975
391.0,23.0,165.0,0.0,0.0,163,0.0,0.0013805
391.0,24.0,180.0,0.33789062,0.90625,163,0.90625,0.402855
88.0,1.0,-165.0,0.0,0.0,164,0.0,0.00031375
88.0,2.0,-150.0,0.6064453,0.59375,164,0.59375,0.59844675
88.0,3.0,-135.0,1.2763672,1.40625,164,1.40625,1.41595375
88.0,4.0,-120.0,1.5361328,1.84375,164,1.84375,1.83010375
88.0,5.0,-105.0,1.4541016,1.9375,164,1.9375,1.78153525
88.0,6.0,-90.0,1.2158203,2.03125,164,2.03125,1.59027325
88.0,7.0,-75.0,1.0097656,2.46875,164,2.46875,1.6353905
88.0,8.0,-60.0,1.5546875,3.625,164,3.625,2.523554
88.0,9.0,-45.0,2.5478516,4.59375,164,4.59375,2.997693
88.0,10.0,-30.0,2.790039,5.0625,164,5.0625,3.35894475
88.0,11.0,-15.0,3.4228516,5.4375,164,5.4375,3.9975515
88.0,12.0,0.0,3.8203125,5.59375,164,5.59375,4.38089125
88.0,13.0,15.0,3.4257812,5.4375,164,5.4375,3.99811625
88.0,14.0,30.0,2.788086,5.0625,164,5.0625,3.3537365
88.0,15.0,45.0,2.5498047,4.59375,164,4.59375,2.99700275
88.0,16.0,60.0,1.5546875,3.625,164,3.625,2.52361675
88.0,17.0,75.0,1.0136719,2.46875,164,2.46875,1.6368965
88.0,18.0,90.0,1.2197266,2.03125,164,2.03125,1.592093
88.0,19.0,105.0,1.4541016,1.9375,164,1.9375,1.78153525
88.0,20.0,120.0,1.5351562,1.84375,164,1.84375,1.83010375
88.0,21.0,135.0,1.2988281,1.40625,164,1.40625,1.42749975
88.0,22.0,150.0,0.6074219,0.59375,164,0.59375,0.59982725
88.0,23.0,165.0,0.0,0.0,164,0.0,0.0
88.0,24.0,180.0,0.71777344,0.125,164,0.125,0.37857075
349.0,1.0,-165.0,0.3779297,0.40625,165,0.40625,0.35133725
349.0,2.0,-150.0,1.4501953,1.5625,165,1.5625,1.36223975
349.0,3.0,-135.0,3.0576172,3.28125,165,3.28125,2.9533915
349.0,4.0,-120.0,4.8710938,5.21875,165,5.21875,4.72375725
349.0,5.0,-105.0,6.647461,6.78125,165,6.78125,6.168827
349.0,6.0,-90.0,7.836914,7.53125,165,7.53125,6.8612105
349.0,7.0,-75.0,7.8720703,7.40625,165,7.40625,6.69511125
349.0,8.0,-60.0,7.1367188,6.71875,165,6.71875,6.06698375
349.0,9.0,-45.0,6.576172,6.0625,165,6.0625,5.5088225
349.0,10.0,-30.0,6.482422,5.84375,165,5.84375,5.3893465
349.0,11.0,-15.0,6.7529297,6.0,165,6.0,5.71596025
349.0,12.0,0.0,6.9208984,6.15625,165,6.15625,5.9681525
349.0,13.0,15.0,6.7529297,6.0,165,6.0,5.71596025
349.0,14.0,30.0,6.482422,5.84375,165,5.84375,5.3893465
349.0,15.0,45.0,6.5791016,6.0625,165,6.0625,5.5098265
349.0,16.0,60.0,7.1367188,6.71875,165,6.71875,6.0670465
349.0,17.0,75.0,7.870117,7.40625,165,7.40625,6.693417
349.0,18.0,90.0,7.8378906,7.53125,165,7.53125,6.8614615
349.0,19.0,105.0,6.6435547,6.78125,165,6.78125,6.16637975
349.0,20.0,120.0,4.8710938,5.21875,165,5.21875,4.72375725
349.0,21.0,135.0,3.0576172,3.28125,165,3.28125,2.95345425
349.0,22.0,150.0,1.4501953,1.5625,165,1.5625,1.362177
349.0,23.0,165.0,0.38378906,0.40625,165,0.40625,0.35347075
349.0,24.0,180.0,0.0,0.0,165,0.0,0.0
53.0,1.0,-165.0,4.5839844,3.875,166,3.875,3.31953775
53.0,2.0,-150.0,5.569336,3.78125,166,3.78125,3.5030815
53.0,3.0,-135.0,6.5302734,4.3125,166,4.3125,4.09086075
53.0,4.0,-120.0,7.140625,4.96875,166,4.96875,4.684664
53.0,5.0,-105.0,6.364258,3.1875,166,3.1875,3.1190515
53.0,6.0,-90.0,0.4765625,1.03125,166,1.03125,0.9248095
53.0,7.0,-75.0,0.037109375,0.0,166,0.0,0.0
53.0,8.0,-60.0,1.3056641,0.28125,166,0.28125,0.222135
53.0,9.0,-45.0,0.92089844,1.3125,166,1.3125,1.16972275
53.0,10.0,-30.0,3.7421875,3.3125,166,3.3125,3.42696575
53.0,11.0,-15.0,4.611328,4.28125,166,4.28125,4.359368
53.0,12.0,0.0,5.2851562,5.125,166,5.125,4.99195075
53.0,13.0,15.0,4.5966797,4.28125,166,4.28125,4.34713175
53.0,14.0,30.0,3.7080078,3.3125,166,3.3125,3.447234
53.0,15.0,45.0,0.9501953,1.3125,166,1.3125,1.19281475
53.0,16.0,60.0,1.3017578,0.28125,166,0.28125,0.23261425
53.0,17.0,75.0,0.0,0.0,166,0.0,0.00997725
53.0,18.0,90.0,0.47558594,1.03125,166,1.03125,0.92619
53.0,19.0,105.0,6.1484375,5.3125,166,5.3125,5.18245975
53.0,20.0,120.0,7.1777344,4.96875,166,4.96875,4.662827
53.0,21.0,135.0,6.529297,4.3125,166,4.3125,4.08533875
53.0,22.0,150.0,5.3779297,4.03125,166,4.03125,3.70745825
53.0,23.0,165.0,4.583008,3.84375,166,3.84375,3.29054725
53.0,24.0,180.0,4.276367,4.40625,166,4.40625,3.6486615
359.0,1.0,-165.0,0.79296875,0.59375,167,0.59375,0.5839515
359.0,2.0,-150.0,2.9990234,2.25,167,2.25,2.295897
359.0,3.0,-135.0,6.2177734,4.875,167,4.875,5.07954975
359.0,4.0,-120.0,10.121094,8.34375,167,8.34375,8.81367675
359.0,5.0,-105.0,13.206055,11.71875,167,11.71875,12.37900625
359.0,6.0,-90.0,14.43457,13.40625,167,13.40625,13.96319275
359.0,7.0,-75.0,13.769531,12.96875,167,12.96875,13.2797825
359.0,8.0,-60.0,11.859375,11.0625,167,11.0625,11.3034085
359.0,9.0,-45.0,9.237305,8.84375,167,8.84375,8.91696325
359.0,10.0,-30.0,6.958008,7.0625,167,7.0625,6.852551
359.0,11.0,-15.0,5.4648438,6.0,167,6.0,5.5705685
359.0,12.0,0.0,4.993164,5.65625,167,5.65625,5.182648
359.0,13.0,15.0,5.4677734,6.0,167,6.0,5.5723255
359.0,14.0,30.0,6.953125,7.0625,167,7.0625,6.85060575
359.0,15.0,45.0,9.239258,8.84375,167,8.84375,8.91457875
359.0,16.0,60.0,11.856445,11.0625,167,11.0625,11.30133775
359.0,17.0,75.0,13.759766,12.96875,167,12.96875,13.27821375
359.0,18.0,90.0,14.454102,13.40625,167,13.40625,13.97674675
359.0,19.0,105.0,13.189453,11.71875,167,11.71875,12.36833875
359.0,20.0,120.0,10.108398,8.34375,167,8.34375,8.804578
359.0,21.0,135.0,6.223633,4.875,167,4.875,5.0833775
359.0,22.0,150.0,3.0126953,2.25,167,2.25,2.3055605
359.0,23.0,165.0,0.796875,0.59375,167,0.59375,0.58915975
359.0,24.0,180.0,0.0,0.0,167,0.0,0.0
277.0,1.0,-165.0,0.41308594,0.5625,168,0.5625,0.4637225
277.0,2.0,-150.0,1.59375,2.21875,168,2.21875,1.78429625
277.0,3.0,-135.0,3.3427734,4.6875,168,4.6875,3.751195
277.0,4.0,-120.0,5.310547,7.5,168,7.5,5.97210575
277.0,5.0,-105.0,7.0810547,10.0625,168,10.0625,7.94684825
277.0,6.0,-90.0,8.172852,11.5625,168,11.5625,9.10082075
277.0,7.0,-75.0,8.452148,11.46875,168,11.46875,9.2690535
277.0,8.0,-60.0,8.0078125,10.40625,168,10.40625,8.755884
277.0,9.0,-45.0,7.140625,9.3125,168,9.3125,8.1603865
277.0,10.0,-30.0,6.645508,8.65625,168,8.65625,7.899472
277.0,11.0,-15.0,6.6191406,8.53125,168,8.53125,8.0338825
277.0,12.0,0.0,6.7041016,8.625,168,8.625,8.1972835
277.0,13.0,15.0,6.6191406,8.53125,168,8.53125,8.0338825
277.0,14.0,30.0,6.645508,8.65625,168,8.65625,7.899472
277.0,15.0,45.0,7.140625,9.3125,168,9.3125,8.16032375
277.0,16.0,60.0,8.0078125,10.40625,168,10.40625,8.755884
277.0,17.0,75.0,8.453125,11.46875,168,11.46875,9.2690535
277.0,18.0,90.0,8.174805,11.5625,168,11.5625,9.10395825
277.0,19.0,105.0,7.083008,10.0625,168,10.0625,7.946911
277.0,20.0,120.0,5.334961,7.5,168,7.5,5.9874795
277.0,21.0,135.0,3.3427734,4.6875,168,4.6875,3.751195
277.0,22.0,150.0,1.59375,2.21875,168,2.21875,1.78429625
277.0,23.0,165.0,0.41308594,0.5625,168,0.5625,0.4637225
277.0,24.0,180.0,0.0,0.0,168,0.0,0.0
383.0,1.0,-165.0,1.4023438,1.09375,169,1.09375,1.40867475
383.0,2.0,-150.0,0.29589844,0.21875,169,0.21875,0.3954505
383.0,3.0,-135.0,0.01171875,0.03125,169,0.03125,0.00056475
383.0,4.0,-120.0,0.2109375,0.46875,169,0.46875,0.209836
383.0,5.0,-105.0,0.59375,1.1875,169,1.1875,0.64224625
383.0,6.0,-90.0,0.6777344,1.53125,169,1.53125,0.86563625
383.0,7.0,-75.0,0.5908203,1.09375,169,1.09375,0.6474545
383.0,8.0,-60.0,0.20019531,0.34375,169,0.34375,0.185489
383.0,9.0,-45.0,0.0234375,0.0,169,0.0,0.0249745
383.0,10.0,-30.0,0.46289062,0.34375,169,0.34375,0.53619875
383.0,11.0,-15.0,1.2617188,0.90625,169,0.90625,1.96903225
383.0,12.0,0.0,1.4912109,1.25,169,1.25,2.58599025
383.0,13.0,15.0,1.2666016,0.90625,169,0.90625,1.96363575
383.0,14.0,30.0,0.47265625,0.34375,169,0.34375,0.54134425
383.0,15.0,45.0,0.022460938,0.0,169,0.0,0.0239705
383.0,16.0,60.0,0.19335938,0.34375,169,0.34375,0.184736
383.0,17.0,75.0,0.7949219,1.34375,169,1.34375,0.63321025
383.0,18.0,90.0,0.66503906,1.53125,169,1.53125,0.85747875
383.0,19.0,105.0,0.8173828,1.4375,169,1.4375,0.61495
383.0,20.0,120.0,0.20703125,0.46875,169,0.46875,0.20952225
383.0,21.0,135.0,0.0,0.03125,169,0.03125,0.0
383.0,22.0,150.0,0.33691406,0.21875,169,0.21875,0.37367625
383.0,23.0,165.0,1.40625,1.09375,169,1.09375,1.4245505
383.0,24.0,180.0,1.4882812,1.25,169,1.25,2.58279
410.0,1.0,-165.0,0.9814453,0.0625,170,0.0625,0.680461
410.0,2.0,-150.0,0.28808594,0.0,170,0.0,0.18028075
410.0,3.0,-135.0,0.0,0.34375,170,0.34375,0.0021335
410.0,4.0,-120.0,0.08203125,1.09375,170,1.09375,0.30954575
410.0,5.0,-105.0,0.7246094,2.0,170,2.0,0.875237
410.0,6.0,-90.0,1.0634766,2.4375,170,2.4375,1.202039
410.0,7.0,-75.0,0.75,2.03125,170,2.03125,0.912385
410.0,8.0,-60.0,0.064453125,1.0625,170,1.0625,0.30414925
410.0,9.0,-45.0,0.021484375,0.28125,170,0.28125,6.28e-05
410.0,10.0,-30.0,0.33789062,0.0,170,0.0,0.216362
410.0,11.0,-15.0,1.0263672,0.0625,170,0.0625,0.713844
410.0,12.0,0.0,1.1972656,0.21875,170,0.21875,1.1025175
410.0,13.0,15.0,0.9433594,0.25,170,0.25,0.97770775
410.0,14.0,30.0,0.5703125,0.5,170,0.5,0.836583
410.0,15.0,45.0,0.01953125,0.28125,170,0.28125,0.0
410.0,16.0,60.0,0.06738281,1.0625,170,1.0625,0.3025805
410.0,17.0,75.0,0.7548828,2.03125,170,2.03125,0.9105025
410.0,18.0,90.0,1.0615234,2.4375,170,2.4375,1.1986505
410.0,19.0,105.0,0.7246094,2.0,170,2.0,0.87668025
410.0,20.0,120.0,0.076171875,1.09375,170,1.09375,0.308479
410.0,21.0,135.0,0.0,0.34375,170,0.34375,0.00269825
410.0,22.0,150.0,0.2919922,0.0,170,0.0,0.17952775
410.0,23.0,165.0,0.9902344,0.0625,170,0.0625,0.68366125
410.0,24.0,180.0,1.4375,0.15625,170,0.15625,0.9998585
227.0,1.0,-165.0,0.005859375,0.125,171,0.125,0.0051455
227.0,2.0,-150.0,0.0,0.625,171,0.625,0.13346925
227.0,3.0,-135.0,0.40722656,1.53125,171,1.53125,0.58978725
227.0,4.0,-120.0,1.3955078,2.90625,171,2.90625,1.37441325
227.0,5.0,-105.0,2.4033203,4.28125,171,4.28125,2.280084
227.0,6.0,-90.0,2.9677734,5.25,171,5.25,2.9367
227.0,7.0,-75.0,3.0390625,5.40625,171,5.40625,3.19090025
227.0,8.0,-60.0,2.5078125,5.0,171,5.0,3.074248
227.0,9.0,-45.0,2.0546875,4.40625,171,4.40625,2.8191065
227.0,10.0,-30.0,1.8583984,3.78125,171,3.78125,2.563965
227.0,11.0,-15.0,1.6220703,3.40625,171,3.40625,2.430935
227.0,12.0,0.0,2.4238281,3.46875,171,3.46875,2.78126825
227.0,13.0,15.0,2.5898438,3.71875,171,3.71875,2.95445825
227.0,14.0,30.0,3.1015625,4.5,171,4.5,3.47842075
227.0,15.0,45.0,2.055664,4.40625,171,4.40625,2.81904375
227.0,16.0,60.0,2.506836,5.0,171,5.0,3.0743735
227.0,17.0,75.0,3.0371094,5.40625,171,5.40625,3.19140225
227.0,18.0,90.0,2.9707031,5.25,171,5.25,2.937202
227.0,19.0,105.0,2.3857422,4.28125,171,4.28125,2.266781
227.0,20.0,120.0,1.3945312,2.90625,171,2.90625,1.37717425
227.0,21.0,135.0,0.41210938,1.53125,171,1.53125,0.59041475
227.0,22.0,150.0,0.001953125,0.625,171,0.625,0.13346925
227.0,23.0,165.0,0.005859375,0.125,171,0.125,0.0051455
227.0,24.0,180.0,0.123046875,0.0,171,0.0,0.0
414.0,1.0,-165.0,0.7597656,1.125,172,1.125,0.969613
414.0,2.0,-150.0,1.5996094,1.75,172,1.75,1.49100275
414.0,3.0,-135.0,2.9101562,2.9375,172,2.9375,2.54081025
414.0,4.0,-120.0,4.3789062,4.5625,172,4.5625,3.8996615
414.0,5.0,-105.0,5.760742,5.9375,172,5.9375,5.10866575
414.0,6.0,-90.0,6.4833984,6.5,172,6.5,5.54302125
414.0,7.0,-75.0,5.875,5.8125,172,5.8125,4.9473355
414.0,8.0,-60.0,4.323242,4.3125,172,4.3125,3.64056675
414.0,9.0,-45.0,2.5654297,2.5625,172,2.5625,2.13808075
414.0,10.0,-30.0,1.1503906,1.125,172,1.125,0.9280725
414.0,11.0,-15.0,0.27539062,0.3125,172,0.3125,0.22420575
414.0,12.0,0.0,0.0,0.0,172,0.0,0.0
414.0,13.0,15.0,0.27539062,0.3125,172,0.3125,0.22408025
414.0,14.0,30.0,1.1533203,1.125,172,1.125,0.93227675
414.0,15.0,45.0,2.5654297,2.5625,172,2.5625,2.13808075
414.0,16.0,60.0,4.3203125,4.3125,172,4.3125,3.64056675
414.0,17.0,75.0,5.873047,5.8125,172,5.8125,4.94790025
414.0,18.0,90.0,6.4833984,6.5,172,6.5,5.54302125
414.0,19.0,105.0,5.760742,5.9375,172,5.9375,5.10866575
414.0,20.0,120.0,4.379883,4.5625,172,4.5625,3.89984975
414.0,21.0,135.0,2.9121094,2.9375,172,2.9375,2.54106125
414.0,22.0,150.0,1.6005859,1.75,172,1.75,1.49225775
414.0,23.0,165.0,0.7597656,1.125,172,1.125,0.96967575
414.0,24.0,180.0,0.45214844,0.875,172,0.875,0.81305175
202.0,1.0,-165.0,0.7861328,0.09375,173,0.09375,0.69533275
202.0,2.0,-150.0,0.5185547,0.0,173,0.0,0.22094275
202.0,3.0,-135.0,0.10644531,0.21875,173,0.21875,0.00269825
202.0,4.0,-120.0,0.0048828125,0.875,173,0.875,0.169425
202.0,5.0,-105.0,0.4296875,1.59375,173,1.59375,0.50758475
202.0,6.0,-90.0,0.7607422,1.90625,173,1.90625,0.66345575
202.0,7.0,-75.0,0.42871094,1.59375,173,1.59375,0.508024
202.0,8.0,-60.0,0.0,0.875,173,0.875,0.16973875
202.0,9.0,-45.0,0.10253906,0.21875,173,0.21875,0.0
202.0,10.0,-30.0,0.5126953,0.0,173,0.0,0.21830725
202.0,11.0,-15.0,0.78027344,0.09375,173,0.09375,0.69276
202.0,12.0,0.0,0.84375,0.15625,173,0.15625,0.95750225
202.0,13.0,15.0,0.78125,0.09375,173,0.09375,0.69282275
202.0,14.0,30.0,0.5126953,0.0,173,0.0,0.21830725
202.0,15.0,45.0,0.10253906,0.21875,173,0.21875,0.0
202.0,16.0,60.0,0.0,0.875,173,0.875,0.16973875
202.0,17.0,75.0,0.42871094,1.59375,173,1.59375,0.508024
202.0,18.0,90.0,0.75878906,1.90625,173,1.90625,0.66822475
202.0,19.0,105.0,0.43066406,1.59375,173,1.59375,0.50758475
202.0,20.0,120.0,0.0078125,0.875,173,0.875,0.17074275
202.0,21.0,135.0,0.10644531,0.21875,173,0.21875,0.00269825
202.0,22.0,150.0,0.5136719,0.0,173,0.0,0.218119
202.0,23.0,165.0,0.7861328,0.09375,173,0.09375,0.69495625
202.0,24.0,180.0,0.84375,0.15625,173,0.15625,0.9574395
132.0,1.0,-165.0,0.22460938,0.625,174,0.625,0.08534
132.0,2.0,-150.0,2.3095703,2.375,174,2.375,2.0299625
132.0,3.0,-135.0,5.2382812,4.5625,174,4.5625,4.78908
132.0,4.0,-120.0,6.4121094,5.75,174,5.75,6.2053475
132.0,5.0,-105.0,8.794922,7.1875,174,7.1875,8.62185
132.0,6.0,-90.0,9.012695,7.75,174,7.75,9.6691475
132.0,7.0,-75.0,7.482422,5.75,174,5.75,7.2093475
132.0,8.0,-60.0,6.430664,5.125,174,5.125,6.2128775
132.0,9.0,-45.0,7.5976562,6.75,174,6.75,7.40199
132.0,10.0,-30.0,6.173828,5.6875,174,5.6875,6.823435
132.0,11.0,-15.0,5.6445312,6.0,174,6.0,6.82218
132.0,12.0,0.0,4.232422,4.9375,174,4.9375,5.51447
132.0,13.0,15.0,3.8027344,4.375,174,4.375,4.8813225
132.0,14.0,30.0,3.6992188,3.9375,174,3.9375,4.4031675
132.0,15.0,45.0,3.3095703,2.625,174,2.625,3.6024775
132.0,16.0,60.0,1.7773438,0.4375,174,0.4375,1.903835
132.0,17.0,75.0,1.3808594,0.0,174,0.0,1.6810725
132.0,18.0,90.0,2.3964844,1.0625,174,1.0625,3.0954575
132.0,19.0,105.0,3.5761719,2.25,174,2.25,4.2952375
132.0,20.0,120.0,4.7685547,3.25,174,3.25,4.8694
132.0,21.0,135.0,4.9589844,2.6875,174,2.6875,4.3328875
132.0,22.0,150.0,4.930664,3.1875,174,3.1875,4.1634625
132.0,23.0,165.0,2.0761719,1.75,174,1.75,1.83481
132.0,24.0,180.0,0.0,0.375,174,0.375,0.0
219.0,1.0,-165.0,3.0185547,1.84375,175,1.84375,2.76382375
219.0,2.0,-150.0,1.5126953,0.59375,175,0.59375,1.20900425
219.0,3.0,-135.0,0.5908203,0.0,175,0.0,0.255518
219.0,4.0,-120.0,0.34765625,0.125,175,0.125,0.113954
219.0,5.0,-105.0,0.2578125,0.71875,175,0.71875,0.464099
219.0,6.0,-90.0,0.25195312,1.1875,175,1.1875,0.748231
219.0,7.0,-75.0,0.024414062,1.15625,175,1.15625,0.6401755
219.0,8.0,-60.0,0.0009765625,0.625,175,0.625,0.2704525
219.0,9.0,-45.0,0.041992188,0.0625,175,0.0625,0.00031375
219.0,10.0,-30.0,0.58203125,0.0625,175,0.0625,0.2937955
219.0,11.0,-15.0,1.8466797,0.84375,175,0.84375,1.40415675
219.0,12.0,0.0,2.944336,1.6875,175,1.6875,2.60569375
219.0,13.0,15.0,1.8515625,0.84375,175,0.84375,1.40591375
219.0,14.0,30.0,0.5830078,0.0625,175,0.0625,0.294674
219.0,15.0,45.0,0.041992188,0.0625,175,0.0625,0.0
219.0,16.0,60.0,0.0,0.625,175,0.625,0.2704525
219.0,17.0,75.0,0.021484375,1.15625,175,1.15625,0.64011275
219.0,18.0,90.0,0.2548828,1.1875,175,1.1875,0.74979975
219.0,19.0,105.0,0.25683594,0.71875,175,0.71875,0.46290675
219.0,20.0,120.0,0.34375,0.125,175,0.125,0.1153345
219.0,21.0,135.0,0.59375,0.0,175,0.0,0.25620825
219.0,22.0,150.0,1.5078125,0.59375,175,0.59375,1.209067
219.0,23.0,165.0,3.0175781,1.84375,175,1.84375,2.7631335
219.0,24.0,180.0,3.9101562,2.625,175,2.625,3.73531925
136.0,1.0,-165.0,3.741211,4.5,176,4.5,4.58909575
136.0,2.0,-150.0,3.9550781,4.1875,176,4.1875,4.151289
136.0,3.0,-135.0,4.5166016,4.3125,176,4.3125,4.26179175
136.0,4.0,-120.0,5.2509766,4.875,176,4.875,4.8647565
136.0,5.0,-105.0,6.395508,6.09375,176,6.09375,5.96055975
136.0,6.0,-90.0,8.389648,7.84375,176,7.84375,7.64740525
136.0,7.0,-75.0,10.470703,9.71875,176,9.71875,9.483031
136.0,8.0,-60.0,11.655273,11.03125,176,11.03125,10.790741
136.0,9.0,-45.0,3.7363281,2.875,176,2.875,3.11058025
136.0,10.0,-30.0,0.9638672,0.6875,176,0.6875,0.817256
136.0,11.0,-15.0,0.3232422,0.0,176,0.0,0.21717775
136.0,12.0,0.0,0.0,0.0,176,0.0,0.0
136.0,13.0,15.0,0.3173828,0.0,176,0.0,0.21491875
136.0,14.0,30.0,1.5390625,0.96875,176,0.96875,1.25255275
136.0,15.0,45.0,3.7333984,2.875,176,2.875,3.11020375
136.0,16.0,60.0,11.652344,11.03125,176,11.03125,10.78779175
136.0,17.0,75.0,10.470703,9.71875,176,9.71875,9.48296825
136.0,18.0,90.0,8.390625,7.84375,176,7.84375,7.648221
136.0,19.0,105.0,6.395508,6.09375,176,6.09375,5.96055975
136.0,20.0,120.0,5.251953,4.875,176,4.875,4.86481925
136.0,21.0,135.0,4.515625,4.3125,176,4.3125,4.26128975
136.0,22.0,150.0,3.9472656,4.1875,176,4.1875,4.149281
136.0,23.0,165.0,3.741211,4.5,176,4.5,4.589033
136.0,24.0,180.0,3.696289,4.78125,176,4.78125,4.91238375
78.0,1.0,-165.0,0.38476562,0.8125,177,0.8125,0.55540025
78.0,2.0,-150.0,0.43164062,0.5,177,0.5,0.3914345
78.0,3.0,-135.0,0.25195312,0.15625,177,0.15625,0.16145575
78.0,4.0,-120.0,0.0009765625,0.0,177,0.0,0.01311475
78.0,5.0,-105.0,0.053710938,0.09375,177,0.09375,0.00194525
78.0,6.0,-90.0,0.23144531,0.40625,177,0.40625,0.081073
78.0,7.0,-75.0,0.4248047,1.015625,177,1.015625,0.38396725
78.0,8.0,-60.0,1.3671875,2.203125,177,2.203125,1.43314725
78.0,9.0,-45.0,3.006836,3.78125,177,3.78125,3.15488175
78.0,10.0,-30.0,4.323242,4.59375,177,4.59375,4.22552225
78.0,11.0,-15.0,4.326172,4.5,177,4.5,4.08897825
78.0,12.0,0.0,4.2802734,4.40625,177,4.40625,3.98757425
78.0,13.0,15.0,4.330078,4.5,177,4.5,4.08973125
78.0,14.0,30.0,4.3125,4.59375,177,4.59375,4.2252085
78.0,15.0,45.0,2.9033203,4.140625,177,4.140625,3.1722635
78.0,16.0,60.0,1.40625,2.59375,177,2.59375,1.62566425
78.0,17.0,75.0,0.4248047,1.015625,177,1.015625,0.38434375
78.0,18.0,90.0,0.23046875,0.40625,177,0.40625,0.081073
78.0,19.0,105.0,0.0546875,0.09375,177,0.09375,0.0
78.0,20.0,120.0,0.0,0.0,177,0.0,0.013303
78.0,21.0,135.0,0.2529297,0.15625,177,0.15625,0.16145575
78.0,22.0,150.0,0.43164062,0.5,177,0.5,0.39061875
78.0,23.0,165.0,0.3857422,0.8125,177,0.8125,0.55540025
78.0,24.0,180.0,0.31054688,0.9375,177,0.9375,0.58734
204.0,1.0,-165.0,0.0,0.15625,178,0.15625,0.03043375
204.0,2.0,-150.0,0.078125,0.75,178,0.75,0.37857075
204.0,3.0,-135.0,0.6425781,1.96875,178,1.96875,1.330802
204.0,4.0,-120.0,1.6425781,3.6875,178,3.6875,2.762255
204.0,5.0,-105.0,2.84375,5.59375,178,5.59375,4.3055285
204.0,6.0,-90.0,3.836914,7.0625,178,7.0625,5.446951
204.0,7.0,-75.0,4.21875,7.4375,178,7.4375,5.774004
204.0,8.0,-60.0,4.1591797,7.125,178,7.125,5.64329575
204.0,9.0,-45.0,4.213867,6.9375,178,6.9375,5.66965075
204.0,10.0,-30.0,5.024414,7.375,178,7.375,6.31735625
204.0,11.0,-15.0,6.317383,8.53125,178,8.53125,7.68311
204.0,12.0,0.0,6.9941406,9.4375,178,9.4375,8.79560475
204.0,13.0,15.0,6.317383,8.53125,178,8.53125,7.68329825
204.0,14.0,30.0,5.022461,7.375,178,7.375,6.317419
204.0,15.0,45.0,4.213867,6.9375,178,6.9375,5.6694625
204.0,16.0,60.0,4.161133,7.125,178,7.125,5.64505275
204.0,17.0,75.0,4.2148438,7.4375,178,7.4375,5.771745
204.0,18.0,90.0,3.8339844,7.0625,178,7.0625,5.448457
204.0,19.0,105.0,2.8457031,5.59375,178,5.59375,4.30465
204.0,20.0,120.0,1.6425781,3.6875,178,3.6875,2.76583175
204.0,21.0,135.0,0.64160156,1.96875,178,1.96875,1.3306765
204.0,22.0,150.0,0.07714844,0.75,178,0.75,0.3798885
204.0,23.0,165.0,0.0078125,0.15625,178,0.15625,0.02930425
204.0,24.0,180.0,0.06640625,0.0,178,0.0,0.0
427.0,1.0,-165.0,0.27929688,0.40625,179,0.40625,0.31193025
427.0,2.0,-150.0,1.0742188,1.53125,179,1.53125,1.21327125
427.0,3.0,-135.0,2.2246094,2.8125,179,2.8125,2.3708205
427.0,4.0,-120.0,3.4511719,4.875,179,4.875,3.758223
427.0,5.0,-105.0,4.5820312,6.28125,179,6.28125,4.70166925
427.0,6.0,-90.0,5.15625,6.8125,179,6.8125,4.96948625
427.0,7.0,-75.0,4.8652344,6.09375,179,6.09375,4.48191875
427.0,8.0,-60.0,3.9726562,4.59375,179,4.59375,3.45068525
427.0,9.0,-45.0,2.921875,3.0,179,3.0,2.3233815
427.0,10.0,-30.0,2.0058594,1.71875,179,1.71875,1.43515525
427.0,11.0,-15.0,1.3554688,0.96875,179,0.96875,0.93089625
427.0,12.0,0.0,1.1210938,0.71875,179,0.71875,0.7722015
427.0,13.0,15.0,1.3554688,0.96875,179,0.96875,0.93077075
427.0,14.0,30.0,2.0058594,1.71875,179,1.71875,1.43515525
427.0,15.0,45.0,2.9277344,3.0,179,3.0,2.322252
427.0,16.0,60.0,3.9667969,4.59375,179,4.59375,3.4518775
427.0,17.0,75.0,4.8671875,6.09375,179,6.09375,4.481856
427.0,18.0,90.0,5.1523438,6.8125,179,6.8125,4.96948625
427.0,19.0,105.0,4.5820312,6.28125,179,6.28125,4.700979
427.0,20.0,120.0,3.4550781,4.875,179,4.875,3.76249
427.0,21.0,135.0,2.1894531,3.125,179,3.125,2.464067
427.0,22.0,150.0,1.0742188,1.53125,179,1.53125,1.21327125
427.0,23.0,165.0,0.27929688,0.40625,179,0.40625,0.31255775
427.0,24.0,180.0,0.0,0.0,179,0.0,0.0
54.0,1.0,-165.0,0.001953125,0.0,180,0.0,0.002259
54.0,2.0,-150.0,0.36816406,0.5,180,0.5,0.44081875
54.0,3.0,-135.0,1.5693359,1.875,180,1.875,1.557706
54.0,4.0,-120.0,3.241211,3.625,180,3.625,3.00277575
54.0,5.0,-105.0,4.65625,5.125,180,5.125,4.24535125
54.0,6.0,-90.0,5.109375,5.6875,180,5.6875,4.78613075
54.0,7.0,-75.0,4.3271484,4.9375,180,4.9375,4.338284
54.0,8.0,-60.0,3.0029297,3.5,180,3.5,3.19504175
54.0,9.0,-45.0,1.7822266,2.125,180,2.125,2.002729
54.0,10.0,-30.0,1.1318359,1.3125,180,1.3125,1.2711895
54.0,11.0,-15.0,1.1142578,1.125,180,1.125,1.154851
54.0,12.0,0.0,1.6259766,1.6875,180,1.6875,1.662122
54.0,13.0,15.0,1.1123047,1.125,180,1.125,1.151337
54.0,14.0,30.0,1.1318359,1.3125,180,1.3125,1.2709385
54.0,15.0,45.0,1.7910156,2.125,180,2.125,2.009506
54.0,16.0,60.0,3.008789,3.5,180,3.5,3.196987
54.0,17.0,75.0,4.3339844,4.9375,180,4.9375,4.343806
54.0,18.0,90.0,5.104492,5.6875,180,5.6875,4.78462475
54.0,19.0,105.0,4.6552734,5.125,180,5.125,4.245916
54.0,20.0,120.0,3.2304688,3.625,180,3.625,2.99926175
54.0,21.0,135.0,1.578125,1.875,180,1.875,1.5656125
54.0,22.0,150.0,0.3642578,0.5,180,0.5,0.44019125
54.0,23.0,165.0,0.0,0.0,180,0.0,0.0
54.0,24.0,180.0,0.47753906,0.4375,180,0.4375,0.47941
396.0,1.0,-165.0,0.22363281,0.34375,181,0.34375,0.26260875
396.0,2.0,-150.0,0.8964844,1.3125,181,1.3125,1.01460475
396.0,3.0,-135.0,1.8496094,2.71875,181,2.71875,2.06466325
396.0,4.0,-120.0,2.96875,4.15625,181,4.15625,3.12877775
396.0,5.0,-105.0,4.0351562,5.34375,181,5.34375,3.9034265
396.0,6.0,-90.0,4.458008,5.78125,181,5.78125,4.1185335
396.0,7.0,-75.0,3.8398438,5.1875,181,5.1875,3.67909525
396.0,8.0,-60.0,2.765625,3.9375,181,3.9375,2.820738
396.0,9.0,-45.0,1.7421875,2.59375,181,2.59375,1.8914105
396.0,10.0,-30.0,0.90722656,1.53125,181,1.53125,1.183967
396.0,11.0,-15.0,0.3173828,0.875,181,0.875,0.78920675
396.0,12.0,0.0,0.09375,0.6875,181,0.6875,0.6798335
396.0,13.0,15.0,0.3173828,0.875,181,0.875,0.78920675
396.0,14.0,30.0,0.9140625,1.53125,181,1.53125,1.186979
396.0,15.0,45.0,1.7421875,2.59375,181,2.59375,1.8914105
396.0,16.0,60.0,2.765625,3.9375,181,3.9375,2.820738
396.0,17.0,75.0,3.8398438,5.1875,181,5.1875,3.67909525
396.0,18.0,90.0,4.4609375,5.78125,181,5.78125,4.11897275
396.0,19.0,105.0,4.0351562,5.34375,181,5.34375,3.9034265
396.0,20.0,120.0,2.96875,4.15625,181,4.15625,3.12877775
396.0,21.0,135.0,1.8466797,2.71875,181,2.71875,2.064726
396.0,22.0,150.0,0.89941406,1.3125,181,1.3125,1.025084
396.0,23.0,165.0,0.22363281,0.34375,181,0.34375,0.26260875
396.0,24.0,180.0,0.0,0.0,181,0.0,0.0
32.0,1.0,-165.0,0.6689453,0.0,182,0.0,0.40153725
32.0,2.0,-150.0,0.044921875,0.0625,182,0.0625,6.27e-05
32.0,3.0,-135.0,0.0,0.6875,182,0.6875,0.10410225
32.0,4.0,-120.0,0.13085938,1.4375,182,1.4375,0.53004925
32.0,5.0,-105.0,0.4970703,2.0625,182,2.0625,0.76448325
32.0,6.0,-90.0,1.2138672,2.5625,182,2.5625,1.18013925
32.0,7.0,-75.0,1.7314453,2.6875,182,2.6875,1.43829275
32.0,8.0,-60.0,1.8398438,2.375,182,2.375,1.44419125
32.0,9.0,-45.0,1.8017578,2.0625,182,2.0625,1.5244485
32.0,10.0,-30.0,1.4941406,1.75,182,1.75,1.5932225
32.0,11.0,-15.0,1.6123047,1.6875,182,1.6875,1.91011
32.0,12.0,0.0,1.7255859,1.8125,182,1.8125,2.1391475
32.0,13.0,15.0,1.6132812,1.6875,182,1.6875,1.9104865
32.0,14.0,30.0,1.4941406,1.75,182,1.75,1.59341075
32.0,15.0,45.0,1.8017578,2.0625,182,2.0625,1.52438575
32.0,16.0,60.0,1.8398438,2.375,182,2.375,1.443501
32.0,17.0,75.0,1.7314453,2.6875,182,2.6875,1.4381045
32.0,18.0,90.0,1.2177734,2.5625,182,2.5625,1.18202175
32.0,19.0,105.0,0.49902344,2.0625,182,2.0625,0.76485975
32.0,20.0,120.0,0.13085938,1.4375,182,1.4375,0.52427625
32.0,21.0,135.0,0.001953125,0.6875,182,0.6875,0.1113185
32.0,22.0,150.0,0.043945312,0.0625,182,0.0625,0.0
32.0,23.0,165.0,0.6738281,0.0,182,0.0,0.40279225
32.0,24.0,180.0,1.0869141,0.0625,182,0.0625,0.72545275
119.0,1.0,-165.0,2.3320312,4.90625,183,4.90625,3.20269725
119.0,2.0,-150.0,2.9414062,3.34375,183,3.34375,2.2608825
119.0,3.0,-135.0,1.1748047,1.75,183,1.75,1.07760575
119.0,4.0,-120.0,0.12109375,0.5625,183,0.5625,0.33401825
119.0,5.0,-105.0,0.005859375,0.0,183,0.0,0.0003765
119.0,6.0,-90.0,0.5595703,0.25,183,0.25,0.24102275
119.0,7.0,-75.0,1.3935547,1.28125,183,1.28125,1.0096475
119.0,8.0,-60.0,2.1279297,2.65625,183,2.65625,1.96351025
119.0,9.0,-45.0,2.6757812,3.65625,183,3.65625,2.69392025
119.0,10.0,-30.0,2.7441406,4.28125,183,4.28125,3.259988
119.0,11.0,-15.0,2.8808594,4.875,183,4.875,3.77849125
119.0,12.0,0.0,3.1816406,5.5,183,5.5,4.2759105
119.0,13.0,15.0,2.881836,4.875,183,4.875,3.77874225
119.0,14.0,30.0,2.7519531,4.28125,183,4.28125,3.26218425
119.0,15.0,45.0,2.6767578,3.625,183,3.625,2.6958655
119.0,16.0,60.0,2.1240234,2.65625,183,2.65625,1.9604355
119.0,17.0,75.0,1.3886719,1.28125,183,1.28125,1.009522
119.0,18.0,90.0,0.5566406,0.25,183,0.25,0.23845
119.0,19.0,105.0,0.0,0.0,183,0.0,0.0
119.0,20.0,120.0,0.12792969,0.5625,183,0.5625,0.33376725
119.0,21.0,135.0,1.1894531,1.75,183,1.75,1.0819355
119.0,22.0,150.0,2.9384766,3.34375,183,3.34375,2.26056875
119.0,23.0,165.0,2.3320312,4.90625,183,4.90625,3.2033875
119.0,24.0,180.0,2.4091797,5.375,183,5.375,3.66591775
68.0,1.0,-165.0,0.3935547,0.8125,184,0.8125,0.87228775
68.0,2.0,-150.0,1.6699219,1.46875,184,1.46875,1.578288
68.0,3.0,-135.0,2.6889648,2.8125,184,2.8125,2.45729
68.0,4.0,-120.0,6.263672,5.6875,184,5.6875,5.406038
68.0,5.0,-105.0,9.359375,7.5625,184,7.5625,7.57273275
68.0,6.0,-90.0,9.802734,6.3125,184,6.3125,6.0206115
68.0,7.0,-75.0,9.714844,5.03125,184,5.03125,4.61796075
68.0,8.0,-60.0,8.644043,3.53125,184,3.53125,2.95521125
68.0,9.0,-45.0,6.2094727,2.1875,184,2.1875,1.40817275
68.0,10.0,-30.0,3.8481445,1.46875,184,1.46875,0.43040225
68.0,11.0,-15.0,3.0048828,0.0,184,0.0,0.01123225
68.0,12.0,0.0,4.1411133,1.90625,184,1.90625,1.466593
68.0,13.0,15.0,3.0117188,0.0,184,0.0,0.0
68.0,14.0,30.0,3.8730469,1.4375,184,1.4375,0.45863975
68.0,15.0,45.0,6.1728516,2.21875,184,2.21875,1.35621575
68.0,16.0,60.0,8.668457,3.5625,184,3.5625,3.03076225
68.0,17.0,75.0,9.728027,5.03125,184,5.03125,4.626683
68.0,18.0,90.0,9.817871,6.3125,184,6.3125,6.0078105
68.0,19.0,105.0,9.400879,7.5625,184,7.5625,7.59971525
68.0,20.0,120.0,6.2470703,5.8125,184,5.8125,5.48428725
68.0,21.0,135.0,2.6826172,2.8125,184,2.8125,2.4526465
68.0,22.0,150.0,1.7001953,1.46875,184,1.46875,1.588579
68.0,23.0,165.0,0.40771484,0.8125,184,0.8125,0.87504875
68.0,24.0,180.0,0.0,0.0625,184,0.0625,0.049447
423.0,1.0,-165.0,0.7207031,1.125,185,1.125,0.84618375
423.0,2.0,-150.0,0.7285156,1.0625,185,1.0625,0.9243075
423.0,3.0,-135.0,0.72265625,0.9375,185,0.9375,0.8866575
423.0,4.0,-120.0,0.5488281,0.65625,185,0.65625,0.654608
423.0,5.0,-105.0,0.21484375,0.34375,185,0.34375,0.29950575
423.0,6.0,-90.0,0.0,0.03125,185,0.03125,0.012801
423.0,7.0,-75.0,0.08203125,0.0,185,0.0,0.0
423.0,8.0,-60.0,0.42382812,0.3125,185,0.3125,0.3698485
423.0,9.0,-45.0,0.8457031,0.875,185,0.875,0.93679475
423.0,10.0,-30.0,1.0371094,1.5,185,1.5,1.499976
423.0,11.0,-15.0,1.2832031,1.9375,185,1.9375,1.898313
423.0,12.0,0.0,1.3789062,2.0625,185,2.0625,2.0226835
423.0,13.0,15.0,1.2695312,1.9375,185,1.9375,1.89674425
423.0,14.0,30.0,1.046875,1.5,185,1.5,1.5003525
423.0,15.0,45.0,0.8457031,0.875,185,0.875,0.93874
423.0,16.0,60.0,0.42773438,0.3125,185,0.3125,0.3690955
423.0,17.0,75.0,0.08203125,0.0,185,0.0,0.0003765
423.0,18.0,90.0,0.015625,0.03125,185,0.03125,0.0136795
423.0,19.0,105.0,0.21289062,0.34375,185,0.34375,0.2998195
423.0,20.0,120.0,0.5605469,0.65625,185,0.65625,0.65542375
423.0,21.0,135.0,0.72265625,0.9375,185,0.9375,0.887034
423.0,22.0,150.0,0.73046875,1.0625,185,1.0625,0.924433
423.0,23.0,165.0,0.7128906,1.125,185,1.125,0.84838
423.0,24.0,180.0,0.7089844,1.125,185,1.125,0.807969
180.0,1.0,-165.0,3.1386719,2.53125,186,2.53125,2.666624
180.0,2.0,-150.0,1.2177734,1.0,186,1.0,1.16369875
180.0,3.0,-135.0,0.31054688,0.21875,186,0.21875,0.23148475
180.0,4.0,-120.0,0.203125,0.0,186,0.0,0.00156875
180.0,5.0,-105.0,0.020507812,0.03125,186,0.03125,0.02453525
180.0,6.0,-90.0,0.3798828,0.1875,186,0.1875,0.411891
180.0,7.0,-75.0,0.0,0.0625,186,0.0625,0.034387
180.0,8.0,-60.0,0.17773438,0.0,186,0.0,0.001255
180.0,9.0,-45.0,0.27441406,0.15625,186,0.15625,0.15668675
180.0,10.0,-30.0,0.9501953,0.75,186,0.75,0.900086
180.0,11.0,-15.0,2.5644531,1.96875,186,1.96875,2.157847
180.0,12.0,0.0,4.8564453,3.90625,186,3.90625,3.954756
180.0,13.0,15.0,2.555664,1.96875,186,1.96875,2.1579725
180.0,14.0,30.0,0.95214844,0.75,186,0.75,0.90109
180.0,15.0,45.0,0.27734375,0.15625,186,0.15625,0.15794175
180.0,16.0,60.0,0.17285156,0.0,186,0.0,0.0
180.0,17.0,75.0,0.0,0.0625,186,0.0625,0.03281825
180.0,18.0,90.0,0.38085938,0.1875,186,0.1875,0.41069875
180.0,19.0,105.0,0.020507812,0.03125,186,0.03125,0.02440975
180.0,20.0,120.0,0.20410156,0.0,186,0.0,0.00345125
180.0,21.0,135.0,0.31347656,0.21875,186,0.21875,0.2310455
180.0,22.0,150.0,1.2158203,1.0,186,1.0,1.1620045
180.0,23.0,165.0,3.140625,2.53125,186,2.53125,2.66869475
180.0,24.0,180.0,5.723633,4.78125,186,4.78125,4.7595875
409.0,1.0,-165.0,0.23535156,0.25,187,0.25,0.25056075
409.0,2.0,-150.0,0.87890625,1.125,187,1.125,0.95398825
409.0,3.0,-135.0,1.8271484,2.4375,187,2.4375,2.03366475
409.0,4.0,-120.0,2.959961,3.9375,187,3.9375,3.26983975
409.0,5.0,-105.0,3.9892578,5.1875,187,5.1875,4.319208
409.0,6.0,-90.0,4.446289,5.625,187,5.625,4.693951
409.0,7.0,-75.0,4.004883,5.0,187,5.0,4.19690825
409.0,8.0,-60.0,3.084961,3.625,187,3.625,3.09539475
409.0,9.0,-45.0,2.0009766,2.25,187,2.25,1.91556925
409.0,10.0,-30.0,1.0419922,1.125,187,1.125,0.973378
409.0,11.0,-15.0,0.41308594,0.5,187,0.5,0.40229025
409.0,12.0,0.0,0.19628906,0.25,187,0.25,0.21780525
409.0,13.0,15.0,0.40722656,0.5,187,0.5,0.399843
409.0,14.0,30.0,1.0439453,1.125,187,1.125,0.97695475
409.0,15.0,45.0,2.0009766,2.25,187,2.25,1.91556925
409.0,16.0,60.0,3.084961,3.625,187,3.625,3.09539475
409.0,17.0,75.0,4.004883,5.0,187,5.0,4.196971
409.0,18.0,90.0,4.446289,5.625,187,5.625,4.69388825
409.0,19.0,105.0,3.9892578,5.1875,187,5.1875,4.31914525
409.0,20.0,120.0,2.9589844,3.9375,187,3.9375,3.26971425
409.0,21.0,135.0,1.828125,2.4375,187,2.4375,2.033602
409.0,22.0,150.0,0.8769531,1.125,187,1.125,0.954051
409.0,23.0,165.0,0.23535156,0.25,187,0.25,0.25056075
409.0,24.0,180.0,0.0,0.0,187,0.0,0.0
256.0,1.0,-165.0,0.6904297,2.03125,188,2.03125,2.0410065
256.0,2.0,-150.0,0.038085938,1.96875,188,1.96875,1.716087
256.0,3.0,-135.0,0.0,2.46875,188,2.46875,1.752231
256.0,4.0,-120.0,0.12109375,3.28125,188,3.28125,1.9172635
256.0,5.0,-105.0,0.5566406,3.90625,188,3.90625,1.85608225
256.0,6.0,-90.0,0.83203125,3.65625,188,3.65625,1.404596
256.0,7.0,-75.0,0.5019531,2.6875,188,2.6875,0.88722225
256.0,8.0,-60.0,0.21289062,1.40625,188,1.40625,0.3467565
256.0,9.0,-45.0,0.2763672,0.4375,188,0.4375,0.0
256.0,10.0,-30.0,0.8408203,0.0,188,0.0,0.22282525
256.0,11.0,-15.0,1.6582031,0.21875,188,0.21875,0.8763665
256.0,12.0,0.0,2.6669922,1.0,188,1.0,1.87415425
256.0,13.0,15.0,1.6582031,0.21875,188,0.21875,0.87479775
256.0,14.0,30.0,0.8408203,0.0,188,0.0,0.22282525
256.0,15.0,45.0,0.27246094,0.4375,188,0.4375,0.00483175
256.0,16.0,60.0,0.22070312,1.40625,188,1.40625,0.3532825
256.0,17.0,75.0,0.50097656,2.6875,188,2.6875,0.888791
256.0,18.0,90.0,0.83203125,3.65625,188,3.65625,1.40177225
256.0,19.0,105.0,0.55566406,3.90625,188,3.90625,1.85746275
256.0,20.0,120.0,0.12109375,3.28125,188,3.28125,1.91745175
256.0,21.0,135.0,0.00390625,2.46875,188,2.46875,1.7563725
256.0,22.0,150.0,0.038085938,1.96875,188,1.96875,1.716087
256.0,23.0,165.0,0.6894531,2.03125,188,2.03125,2.04257525
256.0,24.0,180.0,1.6386719,2.59375,188,2.59375,2.84477125
293.0,1.0,-165.0,0.16894531,0.125,189,0.125,0.056977
293.0,2.0,-150.0,0.71191406,0.59375,189,0.59375,0.3457525
293.0,3.0,-135.0,1.6298828,1.53125,189,1.53125,1.02238575
293.0,4.0,-120.0,2.765625,2.875,189,2.875,2.036614
293.0,5.0,-105.0,3.8466797,4.3125,189,4.3125,3.0417435
293.0,6.0,-90.0,4.2617188,5.03125,189,5.03125,3.4456025
293.0,7.0,-75.0,3.8417969,4.34375,189,4.34375,3.0605685
293.0,8.0,-60.0,2.7851562,2.96875,189,2.96875,2.1170595
293.0,9.0,-45.0,1.6513672,1.625,189,1.625,1.09605425
293.0,10.0,-30.0,0.73046875,0.625,189,0.625,0.38308875
293.0,11.0,-15.0,0.17675781,0.125,189,0.125,0.06130675
293.0,12.0,0.0,0.0,0.0,189,0.0,0.0
293.0,13.0,15.0,0.17578125,0.125,189,0.125,0.06130675
293.0,14.0,30.0,0.73046875,0.625,189,0.625,0.38333975
293.0,15.0,45.0,1.6513672,1.625,189,1.625,1.09605425
293.0,16.0,60.0,2.7792969,2.96875,189,2.96875,2.1142985
293.0,17.0,75.0,3.8417969,4.34375,189,4.34375,3.0608195
293.0,18.0,90.0,4.2617188,5.03125,189,5.03125,3.4453515
293.0,19.0,105.0,3.8330078,4.3125,189,4.3125,3.03452725
293.0,20.0,120.0,2.7734375,2.875,189,2.875,2.0372415
293.0,21.0,135.0,1.6269531,1.53125,189,1.53125,1.0221975
293.0,22.0,150.0,0.7128906,0.59375,189,0.59375,0.3457525
293.0,23.0,165.0,0.16894531,0.125,189,0.125,0.05729075
293.0,24.0,180.0,0.001953125,0.0,189,0.0,0.0001255
285.0,1.0,-165.0,0.8183594,0.15625,190,0.15625,0.518817
285.0,2.0,-150.0,1.2490234,0.34375,190,0.34375,0.84166575
285.0,3.0,-135.0,1.4013672,0.59375,190,0.59375,1.16671075
285.0,4.0,-120.0,1.1289062,0.71875,190,0.71875,1.22958625
285.0,5.0,-105.0,0.4765625,0.625,190,0.625,0.9945875
285.0,6.0,-90.0,0.0625,0.21875,190,0.21875,0.409632
285.0,7.0,-75.0,0.0,0.0,190,0.0,0.0
285.0,8.0,-60.0,0.42089844,0.34375,190,0.34375,0.3678405
285.0,9.0,-45.0,1.6035156,1.6875,190,1.6875,1.59454025
285.0,10.0,-30.0,3.0478516,3.34375,190,3.34375,3.22415775
285.0,11.0,-15.0,4.1152344,4.65625,190,4.65625,4.52873025
285.0,12.0,0.0,4.53125,5.125,190,5.125,5.02370225
285.0,13.0,15.0,4.125,4.65625,190,4.65625,4.53023625
285.0,14.0,30.0,3.0507812,3.34375,190,3.34375,3.22033
285.0,15.0,45.0,1.6035156,1.6875,190,1.6875,1.59454025
285.0,16.0,60.0,0.46679688,0.34375,190,0.34375,0.38446925
285.0,17.0,75.0,0.001953125,0.0,190,0.0,0.000753
285.0,18.0,90.0,0.06640625,0.21875,190,0.21875,0.410887
285.0,19.0,105.0,0.5292969,0.625,190,0.625,0.9880615
285.0,20.0,120.0,1.1289062,0.71875,190,0.71875,1.22895875
285.0,21.0,135.0,1.4013672,0.59375,190,0.59375,1.16671075
285.0,22.0,150.0,1.2519531,0.34375,190,0.34375,0.84078725
285.0,23.0,165.0,0.8173828,0.15625,190,0.15625,0.51887975
285.0,24.0,180.0,0.15527344,0.25,190,0.25,0.36363625
375.0,1.0,-165.0,2.2763672,2.09375,191,2.09375,2.3911515
375.0,2.0,-150.0,1.6835938,1.625,191,1.625,1.67209925
375.0,3.0,-135.0,0.7783203,0.578125,191,0.578125,0.63961075
375.0,4.0,-120.0,0.04296875,0.0,191,0.0,0.040411
375.0,5.0,-105.0,0.0,0.015625,191,0.015625,6.27e-05
375.0,6.0,-90.0,2.4208984,2.703125,191,2.703125,2.3401985
375.0,7.0,-75.0,3.1552734,3.640625,191,3.640625,3.312698
375.0,8.0,-60.0,2.8955078,2.90625,191,2.90625,3.04921075
375.0,9.0,-45.0,2.2646484,2.390625,191,2.390625,2.143289
375.0,10.0,-30.0,2.2607422,2.453125,191,2.453125,2.14197125
375.0,11.0,-15.0,2.0898438,2.53125,191,2.53125,2.1022505
375.0,12.0,0.0,1.9921875,2.734375,191,2.734375,2.144795
375.0,13.0,15.0,2.0898438,2.53125,191,2.53125,2.1022505
375.0,14.0,30.0,2.258789,2.453125,191,2.453125,2.1424105
375.0,15.0,45.0,2.7070312,2.796875,191,2.796875,2.88944925
375.0,16.0,60.0,2.1054688,2.09375,191,2.09375,1.87076575
375.0,17.0,75.0,3.165039,3.640625,191,3.640625,3.31100375
375.0,18.0,90.0,0.6308594,0.578125,191,0.578125,0.4687425
375.0,19.0,105.0,0.0,0.015625,191,0.015625,0.0
375.0,20.0,120.0,0.051757812,0.0,191,0.0,0.0420425
375.0,21.0,135.0,0.78027344,0.578125,191,0.578125,0.6439405
375.0,22.0,150.0,1.6796875,1.625,191,1.625,1.67109525
375.0,23.0,165.0,2.5371094,2.859375,191,2.859375,2.8570075
375.0,24.0,180.0,3.100586,3.78125,191,3.78125,3.6968535
226.0,1.0,-165.0,1.4746094,0.9375,192,0.9375,0.33339075
226.0,2.0,-150.0,1.0644531,0.8125,192,0.8125,0.33634
226.0,3.0,-135.0,0.77441406,0.6875,192,0.6875,0.36238125
226.0,4.0,-120.0,0.67285156,0.25,192,0.25,0.15492975
226.0,5.0,-105.0,0.23144531,0.0,192,0.0,0.0
226.0,6.0,-90.0,0.0,0.25,192,0.25,0.01813475
226.0,7.0,-75.0,0.6894531,0.78125,192,0.78125,0.32648825
226.0,8.0,-60.0,1.8603516,1.15625,192,1.15625,0.16823275
226.0,9.0,-45.0,1.7705078,1.9375,192,1.9375,0.98643
226.0,10.0,-30.0,2.9472656,3.25,192,3.25,2.462059
226.0,11.0,-15.0,4.211914,4.40625,192,4.40625,3.64659075
226.0,12.0,0.0,4.783203,4.96875,192,4.96875,4.0946885
226.0,13.0,15.0,4.2070312,4.40625,192,4.40625,3.64345325
226.0,14.0,30.0,3.3447266,4.03125,192,4.03125,2.88355075
226.0,15.0,45.0,1.7783203,1.9375,192,1.9375,0.9905715
226.0,16.0,60.0,1.8623047,1.15625,192,1.15625,0.1698015
226.0,17.0,75.0,0.6894531,0.78125,192,0.78125,0.32661375
226.0,18.0,90.0,0.0,0.25,192,0.25,0.01788375
226.0,19.0,105.0,0.23828125,0.0,192,0.0,0.001255
226.0,20.0,120.0,0.67578125,0.25,192,0.25,0.16434225
226.0,21.0,135.0,0.7841797,0.65625,192,0.65625,0.357926
226.0,22.0,150.0,1.0673828,0.8125,192,0.8125,0.336089
226.0,23.0,165.0,1.4765625,0.9375,192,0.9375,0.332826
226.0,24.0,180.0,1.875,1.375,192,1.375,0.6419325
239.0,1.0,-165.0,0.0,0.03125,193,0.03125,0.0
239.0,2.0,-150.0,1.1044922,2.125,193,2.125,1.36951875
239.0,3.0,-135.0,2.163086,3.46875,193,3.46875,1.7634005
239.0,4.0,-120.0,3.2285156,5.125,193,5.125,2.61372575
239.0,5.0,-105.0,4.0234375,6.3125,193,6.3125,3.50352075
239.0,6.0,-90.0,4.446289,6.59375,193,6.59375,3.96674125
239.0,7.0,-75.0,4.475586,6.1875,193,6.1875,4.054403
239.0,8.0,-60.0,4.510742,5.6875,193,5.6875,3.99221775
239.0,9.0,-45.0,4.723633,5.59375,193,5.59375,4.2116545
239.0,10.0,-30.0,5.6835938,6.375,193,6.375,5.293088
239.0,11.0,-15.0,7.4384766,8.0625,193,8.0625,7.22760775
239.0,12.0,0.0,9.036133,10.125,193,10.125,9.273446
239.0,13.0,15.0,7.4335938,8.0625,193,8.0625,7.23865175
239.0,14.0,30.0,5.6835938,6.375,193,6.375,5.2894485
239.0,15.0,45.0,4.725586,5.59375,193,5.59375,4.20832875
239.0,16.0,60.0,4.4990234,5.6875,193,5.6875,3.977848
239.0,17.0,75.0,4.470703,6.1875,193,6.1875,4.05747775
239.0,18.0,90.0,4.4472656,6.59375,193,6.59375,3.96649025
239.0,19.0,105.0,4.8740234,7.53125,193,7.53125,4.28136975
239.0,20.0,120.0,3.2216797,5.125,193,5.125,2.614667
239.0,21.0,135.0,2.1542969,3.4375,193,3.4375,1.752231
239.0,22.0,150.0,1.1728516,2.125,193,2.125,1.40829825
239.0,23.0,165.0,0.0,0.03125,193,0.03125,0.00031375
239.0,24.0,180.0,0.48339844,0.0,193,0.0,0.29599175
376.0,1.0,-165.0,0.26464844,0.28125,194,0.28125,0.15342375
376.0,2.0,-150.0,0.9765625,1.125,194,1.125,0.67412325
376.0,3.0,-135.0,1.9667969,2.4375,194,2.4375,1.569252
376.0,4.0,-120.0,3.0576172,3.96875,194,3.96875,2.66279625
376.0,5.0,-105.0,4.0751953,5.28125,194,5.28125,3.59074325
376.0,6.0,-90.0,4.609375,5.84375,194,5.84375,3.95381475
376.0,7.0,-75.0,4.3427734,5.3125,194,5.3125,3.60931725
376.0,8.0,-60.0,3.53125,4.09375,194,4.09375,2.76081175
376.0,9.0,-45.0,2.6269531,2.75,194,2.75,1.87540925
376.0,10.0,-30.0,1.9189453,1.75,194,1.75,1.26384775
376.0,11.0,-15.0,1.4970703,1.1875,194,1.1875,0.9948385
376.0,12.0,0.0,1.3535156,1.03125,194,1.03125,0.93428475
376.0,13.0,15.0,1.4980469,1.1875,194,1.1875,0.99653275
376.0,14.0,30.0,1.9169922,1.75,194,1.75,1.2631575
376.0,15.0,45.0,2.625,2.75,194,2.75,1.87553475
376.0,16.0,60.0,3.5341797,4.09375,194,4.09375,2.76445125
376.0,17.0,75.0,4.341797,5.3125,194,5.3125,3.61007025
376.0,18.0,90.0,4.6083984,5.84375,194,5.84375,3.95343825
376.0,19.0,105.0,4.0771484,5.28125,194,5.28125,3.589802
376.0,20.0,120.0,3.055664,3.96875,194,3.96875,2.66354925
376.0,21.0,135.0,1.9648438,2.4375,194,2.4375,1.569001
376.0,22.0,150.0,0.98046875,1.125,194,1.125,0.674688
376.0,23.0,165.0,0.2626953,0.28125,194,0.28125,0.15354925
376.0,24.0,180.0,0.0,0.0,194,0.0,0.0
110.0,1.0,-165.0,5.694336,7.40625,195,7.40625,6.82186625
110.0,2.0,-150.0,7.225586,7.9375,195,7.9375,7.52077575
110.0,3.0,-135.0,7.15625,7.59375,195,7.59375,7.087236
110.0,4.0,-120.0,6.022461,6.3125,195,6.3125,5.72750625
110.0,5.0,-105.0,5.1728516,5.0625,195,5.0625,4.40009275
110.0,6.0,-90.0,5.069336,4.40625,195,4.40625,3.85868575
110.0,7.0,-75.0,4.6992188,4.78125,195,4.78125,4.50915225
110.0,8.0,-60.0,2.9941406,3.25,195,3.25,3.0731185
110.0,9.0,-45.0,1.6621094,1.96875,195,1.96875,1.84943075
110.0,10.0,-30.0,1.3876953,1.53125,195,1.53125,1.499976
110.0,11.0,-15.0,0.78222656,1.09375,195,1.09375,1.665385
110.0,12.0,0.0,0.78125,0.90625,195,0.90625,1.296917
110.0,13.0,15.0,0.06640625,0.03125,195,0.03125,0.1718095
110.0,14.0,30.0,0.0,0.0,195,0.0,0.0
110.0,15.0,45.0,0.65527344,0.875,195,0.875,0.7907755
110.0,16.0,60.0,1.7685547,2.4375,195,2.4375,2.233147
110.0,17.0,75.0,2.7060547,3.8125,195,3.8125,3.63215825
110.0,18.0,90.0,4.953125,6.625,195,6.625,6.572686
110.0,19.0,105.0,4.6376953,6.875,195,6.875,6.6016765
110.0,20.0,120.0,4.3964844,6.5,195,6.5,6.4254745
110.0,21.0,135.0,3.9658203,6.375,195,6.375,6.2723645
110.0,22.0,150.0,3.6699219,6.3125,195,6.3125,6.048347
110.0,23.0,165.0,3.9697266,6.4375,195,6.4375,6.00900275
110.0,24.0,180.0,4.6748047,6.78125,195,6.78125,6.22298025
29.0,1.0,-165.0,8.135742,8.53125,196,8.53125,7.854041
29.0,2.0,-150.0,6.5546875,6.625,196,6.625,6.0198585
29.0,3.0,-135.0,3.5634766,3.53125,196,3.53125,2.84979125
29.0,4.0,-120.0,1.2402344,1.4375,196,1.4375,0.84894475
29.0,5.0,-105.0,0.1796875,0.34375,196,0.34375,0.0
29.0,6.0,-90.0,0.0,0.0,196,0.0,0.0842105
29.0,7.0,-75.0,0.34179688,0.40625,196,0.40625,0.691003
29.0,8.0,-60.0,1.2773438,1.34375,196,1.34375,1.65854525
29.0,9.0,-45.0,1.7353516,3.03125,196,3.03125,3.45068525
29.0,10.0,-30.0,2.5410156,3.8125,196,3.8125,4.343053
29.0,11.0,-15.0,3.1582031,4.3125,196,4.3125,4.93321675
29.0,12.0,0.0,2.8652344,4.46875,196,4.46875,4.9970335
29.0,13.0,15.0,3.163086,4.3125,196,4.3125,4.93309125
29.0,14.0,30.0,2.5410156,3.8125,196,3.8125,4.344559
29.0,15.0,45.0,1.7363281,3.03125,196,3.03125,3.44968125
29.0,16.0,60.0,1.1904297,2.1875,196,2.1875,2.4747345
29.0,17.0,75.0,0.9921875,1.71875,196,1.71875,1.83336675
29.0,18.0,90.0,1.1542969,1.8125,196,1.8125,1.73284125
29.0,19.0,105.0,2.1445312,2.28125,196,2.28125,2.2194675
29.0,20.0,120.0,1.2363281,1.4375,196,1.4375,0.84568175
29.0,21.0,135.0,5.076172,4.71875,196,4.71875,4.38076575
29.0,22.0,150.0,6.551758,6.625,196,6.625,6.019231
29.0,23.0,165.0,8.134766,8.53125,196,8.53125,7.85372725
29.0,24.0,180.0,9.05957,9.59375,196,9.59375,8.8320625
397.0,1.0,-165.0,1.5449219,0.9375,197,0.9375,1.629241
397.0,2.0,-150.0,0.94140625,0.3125,197,0.3125,0.79372475
397.0,3.0,-135.0,0.17480469,0.0,197,0.0,0.02541375
397.0,4.0,-120.0,0.0,0.4375,197,0.4375,0.01687975
397.0,5.0,-105.0,0.9199219,1.9375,197,1.9375,1.18653975
397.0,6.0,-90.0,2.6396484,4.0625,197,4.0625,3.201003
397.0,7.0,-75.0,4.4814453,5.875,197,5.875,5.03524825
397.0,8.0,-60.0,5.0839844,6.25,197,6.25,5.54151525
397.0,9.0,-45.0,3.1708984,3.25,197,3.25,3.19303375
397.0,10.0,-30.0,1.2246094,1.125,197,1.125,1.18478275
397.0,11.0,-15.0,0.12402344,0.0,197,0.0,0.0
397.0,12.0,0.0,0.8125,0.5,197,0.5,0.7282765
397.0,13.0,15.0,0.5966797,0.3125,197,0.3125,0.46955825
397.0,14.0,30.0,1.8154297,1.0625,197,1.0625,1.4827825
397.0,15.0,45.0,2.859375,2.3125,197,2.3125,2.56766725
397.0,16.0,60.0,4.5302734,4.25,197,4.25,4.22878525
397.0,17.0,75.0,6.6552734,6.8125,197,6.8125,6.42804725
397.0,18.0,90.0,7.9277344,9.125,197,9.125,8.29548725
397.0,19.0,105.0,7.788086,10.25,197,10.25,9.051311
397.0,20.0,120.0,0.71875,1.3125,197,1.3125,0.968358
397.0,21.0,135.0,0.4169922,0.3125,197,0.3125,0.33753225
397.0,22.0,150.0,1.1191406,0.4375,197,0.4375,0.96829525
397.0,23.0,165.0,1.8115234,1.125,197,1.125,2.0666085
397.0,24.0,180.0,1.7226562,1.5,197,1.5,2.3668045
400.0,1.0,-165.0,0.07421875,0.0625,198,0.0625,0.13572825
400.0,2.0,-150.0,0.30371094,0.25,198,0.25,0.48599875
400.0,3.0,-135.0,0.7060547,0.65625,198,0.65625,1.03619075
400.0,4.0,-120.0,1.3720703,1.3125,198,1.3125,1.7583805
400.0,5.0,-105.0,2.3291016,2.09375,198,2.09375,2.67998975
400.0,6.0,-90.0,3.0878906,2.75,198,2.75,3.54405725
400.0,7.0,-75.0,2.3027344,2.03125,198,2.03125,2.655329
400.0,8.0,-60.0,1.3818359,1.21875,198,1.21875,1.7513525
400.0,9.0,-45.0,0.703125,0.59375,198,0.59375,1.00393725
400.0,10.0,-30.0,0.28710938,0.21875,198,0.21875,0.44383075
400.0,11.0,-15.0,0.06347656,0.0625,198,0.0625,0.11665225
400.0,12.0,0.0,0.0,0.0,198,0.0,0.002761
400.0,13.0,15.0,0.07324219,0.0625,198,0.0625,0.11715425
400.0,14.0,30.0,0.28808594,0.21875,198,0.21875,0.44383075
400.0,15.0,45.0,0.70410156,0.59375,198,0.59375,1.00343525
400.0,16.0,60.0,1.3837891,1.21875,198,1.21875,1.750976
400.0,17.0,75.0,2.2988281,2.03125,198,2.03125,2.65438775
400.0,18.0,90.0,3.09375,2.75,198,2.75,3.54455925
400.0,19.0,105.0,2.3310547,2.09375,198,2.09375,2.680429
400.0,20.0,120.0,1.3720703,1.3125,198,1.3125,1.75844325
400.0,21.0,135.0,0.7128906,0.65625,198,0.65625,1.039893
400.0,22.0,150.0,0.3017578,0.25,198,0.25,0.4855595
400.0,23.0,165.0,0.07714844,0.0625,198,0.0625,0.135289
400.0,24.0,180.0,0.0,0.0,198,0.0,0.0
195.0,1.0,-165.0,2.569336,2.5625,199,2.5625,3.2555955
195.0,2.0,-150.0,2.0585938,1.84375,199,1.84375,2.303678
195.0,3.0,-135.0,1.4160156,1.09375,199,1.09375,1.431202
195.0,4.0,-120.0,0.85839844,0.40625,199,0.40625,0.70135675
195.0,5.0,-105.0,0.30273438,0.03125,199,0.03125,0.12393125
195.0,6.0,-90.0,0.0,0.0,199,0.0,0.0
195.0,7.0,-75.0,0.3623047,0.09375,199,0.09375,0.19408575
195.0,8.0,-60.0,0.9404297,0.59375,199,0.59375,0.90065075
195.0,9.0,-45.0,1.5263672,1.25,199,1.25,1.59039875
195.0,10.0,-30.0,2.1455078,2.0,199,2.0,2.481888
195.0,11.0,-15.0,2.5966797,2.625,199,2.625,3.32669125
195.0,12.0,0.0,2.7519531,2.875,199,2.875,3.66711
195.0,13.0,15.0,2.59375,2.625,199,2.625,3.3258755
195.0,14.0,30.0,2.147461,2.0,199,2.0,2.48282925
195.0,15.0,45.0,1.5234375,1.25,199,1.25,1.59002225
195.0,16.0,60.0,0.9355469,0.59375,199,0.59375,0.90140375
195.0,17.0,75.0,0.3623047,0.09375,199,0.09375,0.19383475
195.0,18.0,90.0,0.0009765625,0.0,199,0.0,0.000502
195.0,19.0,105.0,0.296875,0.03125,199,0.03125,0.12204875
195.0,20.0,120.0,0.8574219,0.40625,199,0.40625,0.70123125
195.0,21.0,135.0,1.4199219,1.09375,199,1.09375,1.4305745
195.0,22.0,150.0,2.055664,1.84375,199,1.84375,2.3045565
195.0,23.0,165.0,2.569336,2.5625,199,2.5625,3.255219
195.0,24.0,180.0,2.7460938,2.875,199,2.875,3.66767475
25.0,1.0,-165.0,0.18945312,0.625,200,0.625,0.19044625
25.0,2.0,-150.0,0.087890625,0.34375,200,0.34375,0.059487
25.0,3.0,-135.0,0.0390625,0.125,200,0.125,0.0141815
25.0,4.0,-120.0,0.0703125,0.0,200,0.0,0.06193425
25.0,5.0,-105.0,0.46484375,0.15625,200,0.15625,0.32699025
25.0,6.0,-90.0,1.15625,0.8125,200,0.8125,1.02251125
25.0,7.0,-75.0,0.49804688,0.15625,200,0.15625,0.3502705
25.0,8.0,-60.0,0.044921875,0.03125,200,0.03125,0.044929
25.0,9.0,-45.0,0.0,0.15625,200,0.15625,0.0
25.0,10.0,-30.0,0.09765625,0.375,200,0.375,0.04210525
25.0,11.0,-15.0,0.15429688,0.71875,200,0.71875,0.20098825
25.0,12.0,0.0,0.22460938,1.03125,200,1.03125,0.44219925
25.0,13.0,15.0,0.15234375,0.71875,200,0.71875,0.20111375
25.0,14.0,30.0,0.08984375,0.375,200,0.375,0.0558475
25.0,15.0,45.0,0.00390625,0.15625,200,0.15625,0.00194525
25.0,16.0,60.0,0.046875,0.03125,200,0.03125,0.04699975
25.0,17.0,75.0,0.49804688,0.15625,200,0.15625,0.350145
25.0,18.0,90.0,1.1601562,0.8125,200,0.8125,1.02150725
25.0,19.0,105.0,0.46679688,0.15625,200,0.15625,0.3264255
25.0,20.0,120.0,0.068359375,0.0,200,0.0,0.061495
25.0,21.0,135.0,0.033203125,0.125,200,0.125,0.01098125
25.0,22.0,150.0,0.091796875,0.34375,200,0.34375,0.05678875
25.0,23.0,165.0,0.1875,0.625,200,0.625,0.19421125
25.0,24.0,180.0,0.22851562,1.0,200,1.0,0.440505
268.0,1.0,-165.0,0.79589844,0.9375,201,0.9375,0.6705465
268.0,2.0,-150.0,1.3505859,2.09375,201,2.09375,1.43126475
268.0,3.0,-135.0,1.9824219,3.65625,201,3.65625,2.50554475
268.0,4.0,-120.0,2.616211,5.28125,201,5.28125,3.69603775
268.0,5.0,-105.0,3.0322266,6.53125,201,6.53125,4.547116
268.0,6.0,-90.0,3.015625,6.625,201,6.625,4.58382475
268.0,7.0,-75.0,2.5205078,5.34375,201,5.34375,3.78903325
268.0,8.0,-60.0,1.5537109,3.4375,201,3.4375,2.4677065
268.0,9.0,-45.0,0.62402344,1.625,201,1.625,1.15127425
268.0,10.0,-30.0,0.078125,0.4375,201,0.4375,0.2749705
268.0,11.0,-15.0,0.0029296875,0.0,201,0.0,6.28e-05
268.0,12.0,0.0,0.31933594,0.21875,201,0.21875,0.19923125
268.0,13.0,15.0,0.80566406,0.9375,201,0.9375,0.70029
268.0,14.0,30.0,1.4072266,2.09375,201,2.09375,1.48843
268.0,15.0,45.0,2.0566406,3.65625,201,3.65625,2.589065
268.0,16.0,60.0,2.6230469,5.34375,201,5.34375,3.74711625
268.0,17.0,75.0,3.0292969,6.53125,201,6.53125,4.52785175
268.0,18.0,90.0,2.9970703,6.6875,201,6.6875,4.61570175
268.0,19.0,105.0,2.5605469,5.40625,201,5.40625,3.84776725
268.0,20.0,120.0,1.5878906,3.4375,201,3.4375,2.4491325
268.0,21.0,135.0,0.6064453,1.625,201,1.625,1.109922
268.0,22.0,150.0,0.0625,0.4375,201,0.4375,0.26034975
268.0,23.0,165.0,0.0,0.0,201,0.0,0.0
268.0,24.0,180.0,0.3154297,0.21875,201,0.21875,0.1871205
416.0,1.0,-165.0,4.4179688,2.0625,202,2.0625,4.0751105
416.0,2.0,-150.0,5.399414,3.03125,202,3.03125,4.96584675
416.0,3.0,-135.0,6.3876953,4.0625,202,4.0625,5.91977225
416.0,4.0,-120.0,6.064453,4.1875,202,4.1875,5.8795495
416.0,5.0,-105.0,4.6445312,3.03125,202,3.03125,4.50777175
416.0,6.0,-90.0,2.7441406,1.5,202,1.5,2.58084475
416.0,7.0,-75.0,0.7373047,0.3125,202,0.3125,0.6958975
416.0,8.0,-60.0,0.0,0.0,202,0.0,0.0
416.0,9.0,-45.0,1.1611328,0.96875,202,0.96875,0.95147825
416.0,10.0,-30.0,3.5751953,2.84375,202,2.84375,2.98018575
416.0,11.0,-15.0,6.1152344,4.71875,202,4.71875,4.98918975
416.0,12.0,0.0,7.890625,5.84375,202,5.84375,6.153265
416.0,13.0,15.0,6.095703,4.71875,202,4.71875,4.97023925
416.0,14.0,30.0,3.5722656,2.84375,202,2.84375,2.97729925
416.0,15.0,45.0,1.1582031,0.96875,202,0.96875,0.949282
416.0,16.0,60.0,0.017578125,0.0,202,0.0,0.00251
416.0,17.0,75.0,0.7373047,0.3125,202,0.3125,0.6938895
416.0,18.0,90.0,2.7324219,1.5,202,1.5,2.58028
416.0,19.0,105.0,4.654297,3.03125,202,3.03125,4.52371025
416.0,20.0,120.0,6.0751953,4.1875,202,4.1875,5.86681125
416.0,21.0,135.0,6.486328,4.3125,202,4.3125,6.1220155
416.0,22.0,150.0,5.6601562,3.46875,202,3.46875,5.4734315
416.0,23.0,165.0,4.7060547,2.25,202,2.25,4.38415425
416.0,24.0,180.0,4.0527344,1.5625,202,1.5625,3.72615775
370.0,1.0,-165.0,0.9091797,0.25,203,0.25,0.5169345
370.0,2.0,-150.0,0.125,0.0,203,0.0,0.0
370.0,3.0,-135.0,0.0009765625,0.375,203,0.375,0.10146675
370.0,4.0,-120.0,0.6875,1.375,203,1.375,0.83539075
370.0,5.0,-105.0,1.625,2.53125,203,2.53125,1.7290135
370.0,6.0,-90.0,2.0771484,3.125,203,3.125,2.22743675
370.0,7.0,-75.0,1.6962891,2.90625,203,2.90625,2.031343
370.0,8.0,-60.0,0.9765625,2.09375,203,2.09375,1.4463875
370.0,9.0,-45.0,0.43164062,1.28125,203,1.28125,0.938238
370.0,10.0,-30.0,0.6904297,1.0,203,1.0,0.95511775
370.0,11.0,-15.0,1.6757812,1.34375,203,1.34375,1.618448
370.0,12.0,0.0,2.3447266,1.75,203,1.75,2.18872
370.0,13.0,15.0,1.671875,1.34375,203,1.34375,1.61393
370.0,14.0,30.0,0.6953125,1.0,203,1.0,0.95449025
370.0,15.0,45.0,0.4326172,1.28125,203,1.28125,0.93779875
370.0,16.0,60.0,0.9785156,2.09375,203,2.09375,1.44519525
370.0,17.0,75.0,1.6904297,2.90625,203,2.90625,2.03517075
370.0,18.0,90.0,2.078125,3.125,203,3.125,2.2274995
370.0,19.0,105.0,1.6523438,2.53125,203,2.53125,1.744199
370.0,20.0,120.0,0.6875,1.375,203,1.375,0.835579
370.0,21.0,135.0,0.0,0.375,203,0.375,0.102408
370.0,22.0,150.0,0.12988281,0.0,203,0.0,0.00031375
370.0,23.0,165.0,0.9140625,0.25,203,0.25,0.517311
370.0,24.0,180.0,1.4345703,0.53125,203,0.53125,0.9358535
276.0,1.0,-165.0,0.1953125,0.28125,204,0.28125,0.19621925
276.0,2.0,-150.0,0.7910156,1.0625,204,1.0625,0.81204775
276.0,3.0,-135.0,1.7753906,2.3125,204,2.3125,1.87277375
276.0,4.0,-120.0,3.038086,3.75,204,3.75,3.12036925
276.0,5.0,-105.0,4.2578125,4.9375,204,4.9375,4.14080975
276.0,6.0,-90.0,4.8632812,5.40625,204,5.40625,4.57742425
276.0,7.0,-75.0,4.28125,4.9375,204,4.9375,4.14896725
276.0,8.0,-60.0,3.0283203,3.71875,204,3.71875,3.07104775
276.0,9.0,-45.0,1.7324219,2.25,204,2.25,1.790132
276.0,10.0,-30.0,0.7451172,1.03125,204,1.03125,0.753251
276.0,11.0,-15.0,0.18164062,0.25,204,0.25,0.175449
276.0,12.0,0.0,0.0,0.0,204,0.0,0.0011295
276.0,13.0,15.0,0.18164062,0.25,204,0.25,0.175449
276.0,14.0,30.0,0.7470703,1.03125,204,1.03125,0.75381575
276.0,15.0,45.0,1.7324219,2.25,204,2.25,1.790132
276.0,16.0,60.0,3.0205078,3.71875,204,3.71875,3.070232
276.0,17.0,75.0,4.28125,4.9375,204,4.9375,4.14896725
276.0,18.0,90.0,4.8632812,5.40625,204,5.40625,4.577487
276.0,19.0,105.0,4.2578125,4.9375,204,4.9375,4.14080975
276.0,20.0,120.0,3.038086,3.75,204,3.75,3.12036925
276.0,21.0,135.0,1.7734375,2.3125,204,2.3125,1.86800475
276.0,22.0,150.0,0.7910156,1.0625,204,1.0625,0.81204775
276.0,23.0,165.0,0.1953125,0.28125,204,0.28125,0.19621925
276.0,24.0,180.0,0.0,0.0,204,0.0,0.0
15.0,1.0,-165.0,1.2763672,0.75,205,0.75,0.75193325
15.0,2.0,-150.0,1.7060547,0.90625,205,0.90625,1.094611
15.0,3.0,-135.0,2.1699219,1.15625,205,1.15625,1.47368375
15.0,4.0,-120.0,1.5742188,0.75,205,0.75,0.98561425
15.0,5.0,-105.0,0.69433594,0.25,205,0.25,0.45161175
15.0,6.0,-90.0,0.00390625,0.0,205,0.0,0.0
15.0,7.0,-75.0,0.22851562,0.5,205,0.5,0.1567495
15.0,8.0,-60.0,1.4140625,1.8125,205,1.8125,1.224378
15.0,9.0,-45.0,3.3652344,3.84375,205,3.84375,3.21675325
15.0,10.0,-30.0,5.680664,6.03125,205,6.03125,5.5567635
15.0,11.0,-15.0,7.584961,7.65625,205,7.65625,7.4605985
15.0,12.0,0.0,8.373047,8.28125,205,8.28125,8.25005625
15.0,13.0,15.0,7.5820312,7.65625,205,7.65625,7.45752375
15.0,14.0,30.0,5.676758,6.03125,205,6.03125,5.55833225
15.0,15.0,45.0,3.368164,3.84375,205,3.84375,3.2091605
15.0,16.0,60.0,1.4248047,1.8125,205,1.8125,1.22895875
15.0,17.0,75.0,0.22851562,0.5,205,0.5,0.15605925
15.0,18.0,90.0,0.0,0.0,205,0.0,0.0013805
15.0,19.0,105.0,0.6933594,0.25,205,0.25,0.45048225
15.0,20.0,120.0,1.5869141,0.75,205,0.75,0.98762225
15.0,21.0,135.0,1.7822266,0.9375,205,0.9375,1.18754375
15.0,22.0,150.0,1.6855469,0.90625,205,0.90625,1.08262575
15.0,23.0,165.0,1.3320312,0.75,205,0.75,0.7960465
15.0,24.0,180.0,1.0751953,0.6875,205,0.6875,0.55841225
199.0,1.0,-165.0,0.15429688,0.0,206,0.0,0.1758255
199.0,2.0,-150.0,0.0078125,0.15625,206,0.15625,0.0
199.0,3.0,-135.0,0.44140625,1.0625,206,1.0625,0.54598775
199.0,4.0,-120.0,1.4921875,2.59375,206,2.59375,1.76371425
199.0,5.0,-105.0,2.8759766,4.125,206,4.125,3.018024
199.0,6.0,-90.0,3.484375,4.78125,206,4.78125,3.55296775
199.0,7.0,-75.0,2.9492188,4.125,206,4.125,2.988657
199.0,8.0,-60.0,1.5947266,2.625,206,2.625,1.7583805
199.0,9.0,-45.0,0.4736328,1.09375,206,1.09375,0.5676365
199.0,10.0,-30.0,0.0,0.15625,206,0.15625,0.00357675
199.0,11.0,-15.0,0.14746094,0.0,206,0.0,0.1690485
199.0,12.0,0.0,0.38183594,0.125,206,0.125,0.4421365
199.0,13.0,15.0,0.14648438,0.0,206,0.0,0.16911125
199.0,14.0,30.0,0.0009765625,0.15625,206,0.15625,0.0036395
199.0,15.0,45.0,0.4736328,1.09375,206,1.09375,0.5676365
199.0,16.0,60.0,1.5957031,2.625,206,2.625,1.7608905
199.0,17.0,75.0,2.9492188,4.125,206,4.125,2.988657
199.0,18.0,90.0,3.4853516,4.78125,206,4.78125,3.55246575
199.0,19.0,105.0,2.875,4.125,206,4.125,3.01796125
199.0,20.0,120.0,1.4921875,2.59375,206,2.59375,1.76371425
199.0,21.0,135.0,0.44140625,1.0625,206,1.0625,0.54598775
199.0,22.0,150.0,0.0087890625,0.15625,206,0.15625,0.0
199.0,23.0,165.0,0.15429688,0.0,206,0.0,0.1758255
199.0,24.0,180.0,0.375,0.125,206,0.125,0.4391245
425.0,1.0,-165.0,3.6035156,3.09375,207,3.09375,3.45281875
425.0,2.0,-150.0,8.021484,7.0,207,7.0,7.9937225
425.0,3.0,-135.0,4.6796875,4.03125,207,4.03125,4.6872995
425.0,4.0,-120.0,2.9609375,2.59375,207,2.59375,2.89403
425.0,5.0,-105.0,2.1582031,2.125,207,2.125,2.104384
425.0,6.0,-90.0,1.2695312,1.65625,207,1.65625,1.460067
425.0,7.0,-75.0,0.7578125,0.96875,207,0.96875,0.72608025
425.0,8.0,-60.0,0.1015625,0.25,207,0.25,0.12430775
425.0,9.0,-45.0,0.0,0.0,207,0.0,0.0
425.0,10.0,-30.0,0.890625,0.625,207,0.625,0.79560725
425.0,11.0,-15.0,2.9472656,2.4375,207,2.4375,2.75968225
425.0,12.0,0.0,5.8789062,5.25,207,5.25,5.74557825
425.0,13.0,15.0,2.9492188,2.4375,207,2.4375,2.7586155
425.0,14.0,30.0,0.8984375,0.625,207,0.625,0.79711325
425.0,15.0,45.0,0.00390625,0.0,207,0.0,6.28e-05
425.0,16.0,60.0,0.103515625,0.25,207,0.25,0.12443325
425.0,17.0,75.0,0.7558594,0.96875,207,0.96875,0.7279
425.0,18.0,90.0,1.2695312,1.6875,207,1.6875,1.46138475
425.0,19.0,105.0,2.1601562,2.125,207,2.125,2.104635
425.0,20.0,120.0,2.9570312,2.59375,207,2.59375,2.898548
425.0,21.0,135.0,4.6816406,4.0625,207,4.0625,4.682405
425.0,22.0,150.0,8.033203,7.0,207,7.0,8.001629
425.0,23.0,165.0,3.6074219,3.09375,207,3.09375,3.45520325
425.0,24.0,180.0,6.470703,6.03125,207,6.03125,6.6049395
233.0,1.0,-165.0,3.1376953,2.15625,208,2.15625,3.3218595
233.0,2.0,-150.0,2.7988281,1.75,208,1.75,2.7347705
233.0,3.0,-135.0,2.1328125,1.46875,208,1.46875,2.151321
233.0,4.0,-120.0,1.6435547,1.40625,208,1.40625,1.943493
233.0,5.0,-105.0,0.64941406,0.4375,208,0.4375,0.747227
233.0,6.0,-90.0,0.0,0.0,208,0.0,6.28e-05
233.0,7.0,-75.0,0.053710938,0.15625,208,0.15625,0.1399325
233.0,8.0,-60.0,0.36914062,0.5,208,0.5,0.628755
233.0,9.0,-45.0,0.7753906,0.71875,208,0.71875,0.90567075
233.0,10.0,-30.0,1.0732422,0.8125,208,0.8125,0.92750775
233.0,11.0,-15.0,1.1132812,0.90625,208,0.90625,0.89356
233.0,12.0,0.0,1.0898438,0.9375,208,0.9375,0.872978
233.0,13.0,15.0,1.1132812,0.90625,208,0.90625,0.8934345
233.0,14.0,30.0,1.0742188,0.8125,208,0.8125,0.92788425
233.0,15.0,45.0,0.7763672,0.71875,208,0.71875,0.905608
233.0,16.0,60.0,0.36914062,0.5,208,0.5,0.62881775
233.0,17.0,75.0,0.053710938,0.15625,208,0.15625,0.1396815
233.0,18.0,90.0,0.0,0.0,208,0.0,0.0
233.0,19.0,105.0,0.6435547,0.4375,208,0.4375,0.74666225
233.0,20.0,120.0,1.6435547,1.40625,208,1.40625,1.94368125
233.0,21.0,135.0,2.1328125,1.46875,208,1.46875,2.151321
233.0,22.0,150.0,2.7988281,1.75,208,1.75,2.73495875
233.0,23.0,165.0,3.1376953,2.15625,208,2.15625,3.32242425
233.0,24.0,180.0,3.1855469,2.34375,208,2.34375,3.5550385
22.0,1.0,-165.0,0.53222656,0.21875,209,0.21875,0.22872375
22.0,2.0,-150.0,1.5878906,0.9375,209,0.9375,0.74390125
22.0,3.0,-135.0,2.84375,2.0625,209,2.0625,1.50706675
22.0,4.0,-120.0,4.1376953,3.625,209,3.625,2.626966
22.0,5.0,-105.0,5.4365234,5.34375,209,5.34375,3.88817825
22.0,6.0,-90.0,6.0283203,6.28125,209,6.28125,4.5698315
22.0,7.0,-75.0,5.373047,5.8125,209,5.8125,4.2485515
22.0,8.0,-60.0,4.026367,4.28125,209,4.28125,3.1802955
22.0,9.0,-45.0,2.491211,2.625,209,2.625,1.931194
22.0,10.0,-30.0,0.9667969,1.21875,209,1.21875,0.83940675
22.0,11.0,-15.0,0.10253906,0.3125,209,0.3125,0.16396575
22.0,12.0,0.0,0.0068359375,0.0,209,0.0,0.00106675
22.0,13.0,15.0,0.5527344,0.21875,209,0.21875,0.23801075
22.0,14.0,30.0,1.6240234,0.90625,209,0.90625,0.74239525
22.0,15.0,45.0,2.8779297,2.0,209,2.0,1.46740875
22.0,16.0,60.0,4.173828,3.5625,209,3.5625,2.598603
22.0,17.0,75.0,5.4658203,5.28125,209,5.28125,3.9081955
22.0,18.0,90.0,6.0341797,6.28125,209,6.28125,4.57867925
22.0,19.0,105.0,5.3564453,5.8125,209,5.8125,4.20431275
22.0,20.0,120.0,4.0390625,4.34375,209,4.34375,3.14252
22.0,21.0,135.0,2.461914,2.65625,209,2.65625,1.91042375
22.0,22.0,150.0,0.94921875,1.25,209,1.25,0.829555
22.0,23.0,165.0,0.103515625,0.3125,209,0.3125,0.16785625
22.0,24.0,180.0,0.0,0.0,209,0.0,0.0
448.0,1.0,-165.0,1.4111328,1.21875,210,1.21875,1.692995
448.0,2.0,-150.0,0.8076172,0.625,210,0.625,1.07145625
448.0,3.0,-135.0,0.26757812,0.21875,210,0.21875,0.5924855
448.0,4.0,-120.0,0.0029296875,0.03125,210,0.03125,0.262044
448.0,5.0,-105.0,0.140625,0.0,210,0.0,0.06532275
448.0,6.0,-90.0,0.3564453,0.15625,210,0.15625,0.0
448.0,7.0,-75.0,0.62597656,0.40625,210,0.40625,0.042419
448.0,8.0,-60.0,0.8076172,0.8125,210,0.8125,0.286893
448.0,9.0,-45.0,1.1699219,1.5,210,1.5,0.91182025
448.0,10.0,-30.0,1.7470703,2.5,210,2.5,1.8279075
448.0,11.0,-15.0,2.3398438,3.5625,210,3.5625,2.81465125
448.0,12.0,0.0,2.6767578,4.25,210,4.25,3.41366275
448.0,13.0,15.0,2.3330078,3.5625,210,3.5625,2.80473675
448.0,14.0,30.0,1.7441406,2.5,210,2.5,1.82470725
448.0,15.0,45.0,1.1660156,1.5,210,1.5,0.90818075
448.0,16.0,60.0,0.81152344,0.8125,210,0.8125,0.2920385
448.0,17.0,75.0,0.6269531,0.40625,210,0.40625,0.04386225
448.0,18.0,90.0,0.3544922,0.15625,210,0.15625,0.00056475
448.0,19.0,105.0,0.13867188,0.0,210,0.0,0.0683975
448.0,20.0,120.0,0.0,0.03125,210,0.03125,0.26104
448.0,21.0,135.0,0.26660156,0.21875,210,0.21875,0.5927365
448.0,22.0,150.0,0.8144531,0.625,210,0.625,1.072774
448.0,23.0,165.0,1.4091797,1.21875,210,1.21875,1.68992025
448.0,24.0,180.0,2.0273438,1.90625,210,1.90625,2.32520125
138.0,1.0,-165.0,1.5488281,2.625,211,2.625,1.0663735
138.0,2.0,-150.0,1.734375,2.5,211,2.5,1.3971915
138.0,3.0,-135.0,2.5234375,2.8125,211,2.8125,2.16192575
138.0,4.0,-120.0,3.149414,3.125,211,3.125,2.66053725
138.0,5.0,-105.0,2.5898438,2.625,211,2.625,1.92749175
138.0,6.0,-90.0,2.2783203,1.125,211,1.125,0.8480035
138.0,7.0,-75.0,1.0126953,0.25,211,0.25,0.061244
138.0,8.0,-60.0,0.6220703,0.0,211,0.0,0.0
138.0,9.0,-45.0,0.0,0.21875,211,0.21875,0.10937325
138.0,10.0,-30.0,0.22558594,1.125,211,1.125,1.13947725
138.0,11.0,-15.0,0.8769531,1.96875,211,1.96875,2.18828075
138.0,12.0,0.0,1.9101562,2.71875,211,2.71875,2.79971675
138.0,13.0,15.0,2.7138672,2.75,211,2.75,2.801913
138.0,14.0,30.0,2.9892578,2.6875,211,2.6875,2.28755125
138.0,15.0,45.0,3.0957031,2.625,211,2.625,1.892791
138.0,16.0,60.0,2.9082031,3.375,211,3.375,2.462059
138.0,17.0,75.0,4.270508,5.03125,211,5.03125,3.67809125
138.0,18.0,90.0,6.823242,7.625,211,7.625,5.8923505
138.0,19.0,105.0,9.955078,10.59375,211,10.59375,8.7577665
138.0,20.0,120.0,11.697266,11.875,211,11.875,10.47642625
138.0,21.0,135.0,9.577148,10.78125,211,10.78125,9.319128
138.0,22.0,150.0,7.1259766,8.4375,211,8.4375,6.68080425
138.0,23.0,165.0,4.5097656,5.59375,211,5.59375,3.78966075
138.0,24.0,180.0,2.8330078,3.5625,211,3.5625,1.99802275
385.0,1.0,-165.0,0.19433594,0.28125,212,0.28125,0.20914575
385.0,2.0,-150.0,0.78125,1.15625,212,1.15625,0.84053625
385.0,3.0,-135.0,1.6049805,2.40625,212,2.40625,1.778586
385.0,4.0,-120.0,2.3979492,3.8125,212,3.8125,2.80561525
385.0,5.0,-105.0,3.0239258,5.0625,212,5.0625,3.64954
385.0,6.0,-90.0,3.4858398,5.625,212,5.625,4.02371825
385.0,7.0,-75.0,3.5073242,5.15625,212,5.15625,3.75012825
385.0,8.0,-60.0,3.1123047,3.9375,212,3.9375,2.98922175
385.0,9.0,-45.0,2.4516602,2.5625,212,2.5625,2.01057275
385.0,10.0,-30.0,1.699707,1.375,212,1.375,1.1266135
385.0,11.0,-15.0,1.1796875,0.625,212,0.625,0.56117325
385.0,12.0,0.0,1.0024414,0.375,212,0.375,0.374492
385.0,13.0,15.0,1.175293,0.625,212,0.625,0.558224
385.0,14.0,30.0,1.7001953,1.375,212,1.375,1.124982
385.0,15.0,45.0,2.4516602,2.5625,212,2.5625,2.01057275
385.0,16.0,60.0,3.1157227,3.9375,212,3.9375,2.9905395
385.0,17.0,75.0,3.5073242,5.15625,212,5.15625,3.75012825
385.0,18.0,90.0,3.4858398,5.625,212,5.625,4.023781
385.0,19.0,105.0,3.019043,5.0625,212,5.0625,3.6441435
385.0,20.0,120.0,2.3979492,3.8125,212,3.8125,2.805678
385.0,21.0,135.0,1.6049805,2.40625,212,2.40625,1.778586
385.0,22.0,150.0,0.78222656,1.15625,212,1.15625,0.8404735
385.0,23.0,165.0,0.19433594,0.28125,212,0.28125,0.20914575
385.0,24.0,180.0,0.0,0.0,212,0.0,0.0
130.0,1.0,-165.0,3.0605469,4.03125,213,4.03125,3.824738
130.0,2.0,-150.0,5.220703,5.6875,213,5.6875,5.65672425
130.0,3.0,-135.0,2.9492188,4.0,213,4.0,3.77422425
130.0,4.0,-120.0,7.8964844,10.15625,213,10.15625,7.7218895
130.0,5.0,-105.0,7.3027344,10.0,213,10.0,7.635671
130.0,6.0,-90.0,6.201172,8.53125,213,8.53125,6.836487
130.0,7.0,-75.0,5.0996094,6.6875,213,6.6875,5.7053555
130.0,8.0,-60.0,4.1816406,5.21875,213,5.21875,4.91627425
130.0,9.0,-45.0,3.4746094,4.25,213,4.25,4.49020175
130.0,10.0,-30.0,3.5039062,5.78125,213,5.78125,5.90923025
130.0,11.0,-15.0,2.9472656,4.15625,213,4.15625,4.09475125
130.0,12.0,0.0,0.009765625,0.0,213,0.0,0.0
130.0,13.0,15.0,2.9179688,3.9375,213,3.9375,3.751948
130.0,14.0,30.0,1.40625,2.75,213,2.75,2.72554625
130.0,15.0,45.0,2.6621094,3.65625,213,3.65625,3.52146725
130.0,16.0,60.0,7.9160156,10.09375,213,10.09375,7.71015525
130.0,17.0,75.0,7.328125,10.03125,213,10.03125,7.6239995
130.0,18.0,90.0,6.1914062,8.71875,213,8.71875,6.86880325
130.0,19.0,105.0,5.142578,7.03125,213,7.03125,5.839264
130.0,20.0,120.0,4.283203,5.53125,213,5.53125,5.017239
130.0,21.0,135.0,3.6035156,4.46875,213,4.46875,4.55508525
130.0,22.0,150.0,3.6660156,5.8125,213,5.8125,5.8750315
130.0,23.0,165.0,3.0136719,4.09375,213,4.09375,4.0035755
130.0,24.0,180.0,0.0,0.0,213,0.0,0.004267
220.0,1.0,-165.0,0.0009765625,0.0,214,0.0,0.0
220.0,2.0,-150.0,0.13867188,0.40625,214,0.40625,0.028363
220.0,3.0,-135.0,0.5185547,1.1875,214,1.1875,0.34845075
220.0,4.0,-120.0,1.1123047,2.3125,214,2.3125,0.956812
220.0,5.0,-105.0,1.8007812,3.5625,214,3.5625,1.72066775
220.0,6.0,-90.0,2.2978516,4.5625,214,4.5625,2.37948
220.0,7.0,-75.0,2.7021484,4.84375,214,4.84375,2.632488
220.0,8.0,-60.0,2.6855469,4.5,214,4.5,2.33662175
220.0,9.0,-45.0,2.7197266,4.53125,214,4.53125,2.4092235
220.0,10.0,-30.0,3.40625,5.25,214,5.25,3.29312
220.0,11.0,-15.0,4.6552734,6.65625,214,6.65625,4.96973725
220.0,12.0,0.0,4.8291016,8.0,214,8.0,6.79149525
220.0,13.0,15.0,4.6445312,6.65625,214,6.65625,4.969298
220.0,14.0,30.0,3.4082031,5.25,214,5.25,3.2907355
220.0,15.0,45.0,2.7158203,4.53125,214,4.53125,2.40740375
220.0,16.0,60.0,2.6914062,4.5,214,4.5,2.33724925
220.0,17.0,75.0,2.6875,4.84375,214,4.84375,2.63129575
220.0,18.0,90.0,2.2958984,4.5625,214,4.5625,2.37929175
220.0,19.0,105.0,1.8085938,3.5625,214,3.5625,1.7227385
220.0,20.0,120.0,1.1103516,2.3125,214,2.3125,0.95574525
220.0,21.0,135.0,0.5175781,1.1875,214,1.1875,0.34958025
220.0,22.0,150.0,0.14648438,0.40625,214,0.40625,0.032128
220.0,23.0,165.0,0.0,0.0,214,0.0,6.28e-05
220.0,24.0,180.0,0.8955078,0.4375,214,0.4375,0.4554395
58.0,1.0,-165.0,5.5058594,7.8125,215,7.8125,7.14038525
58.0,2.0,-150.0,6.7314453,9.46875,215,9.46875,8.6395455
58.0,3.0,-135.0,8.989258,12.09375,215,12.09375,11.06301325
58.0,4.0,-120.0,11.847656,15.4375,215,15.4375,14.1675695
58.0,5.0,-105.0,16.253906,18.125,215,18.125,16.8166235
58.0,6.0,-90.0,13.254883,14.84375,215,14.84375,13.9306255
58.0,7.0,-75.0,9.703125,10.59375,215,10.59375,10.0290815
58.0,8.0,-60.0,6.095703,6.625,215,6.625,6.22373325
58.0,9.0,-45.0,2.993164,3.5625,215,3.5625,3.23695875
58.0,10.0,-30.0,0.9873047,1.4375,215,1.4375,1.18101775
58.0,11.0,-15.0,0.12988281,0.3125,215,0.3125,0.2144795
58.0,12.0,0.0,0.0,0.0,215,0.0,0.0
58.0,13.0,15.0,0.13964844,0.3125,215,0.3125,0.21353825
58.0,14.0,30.0,0.98828125,1.40625,215,1.40625,1.18716725
58.0,15.0,45.0,2.9951172,3.5625,215,3.5625,3.23068375
58.0,16.0,60.0,6.1152344,6.625,215,6.625,6.23891875
58.0,17.0,75.0,9.707031,10.59375,215,10.59375,10.0371135
58.0,18.0,90.0,13.262695,14.84375,215,14.84375,13.93520625
58.0,19.0,105.0,16.270508,18.125,215,18.125,16.81543125
58.0,20.0,120.0,11.8515625,15.4375,215,15.4375,14.18859075
58.0,21.0,135.0,8.987305,12.09375,215,12.09375,11.0639545
58.0,22.0,150.0,6.727539,9.46875,215,9.46875,8.633898
58.0,23.0,165.0,5.5097656,7.8125,215,7.8125,7.14251875
58.0,24.0,180.0,5.298828,7.3125,215,7.3125,6.7367145
431.0,1.0,-165.0,0.0,0.015625,216,0.015625,0.000502
431.0,2.0,-150.0,0.14550781,0.421875,216,0.421875,0.314754
431.0,3.0,-135.0,0.49121094,0.734375,216,0.734375,0.669417
431.0,4.0,-120.0,0.89160156,1.125,216,1.125,0.96917375
431.0,5.0,-105.0,1.8496094,1.96875,216,1.96875,1.77011475
431.0,6.0,-90.0,3.1416016,2.96875,216,2.96875,2.782837
431.0,7.0,-75.0,3.9423828,3.640625,216,3.640625,3.46461575
431.0,8.0,-60.0,4.0195312,3.75,216,3.75,3.60216375
431.0,9.0,-45.0,0.46777344,0.703125,216,0.703125,0.65002725
431.0,10.0,-30.0,0.10449219,0.375,216,0.375,0.28168475
431.0,11.0,-15.0,0.82910156,0.984375,216,0.984375,1.02389175
431.0,12.0,0.0,0.45898438,0.109375,216,0.109375,0.238701
431.0,13.0,15.0,0.0087890625,0.0,216,0.0,0.003012
431.0,14.0,30.0,0.10839844,0.375,216,0.375,0.28243775
431.0,15.0,45.0,0.47265625,0.703125,216,0.703125,0.650592
431.0,16.0,60.0,0.85253906,1.03125,216,1.03125,0.913138
431.0,17.0,75.0,1.8535156,1.921875,216,1.921875,1.756498
431.0,18.0,90.0,3.2050781,3.0,216,3.0,2.8416965
431.0,19.0,105.0,3.9550781,3.65625,216,3.65625,3.487645
431.0,20.0,120.0,4.0195312,3.765625,216,3.765625,3.6037325
431.0,21.0,135.0,0.48632812,0.734375,216,0.734375,0.66922875
431.0,22.0,150.0,0.14257812,0.421875,216,0.421875,0.3148795
431.0,23.0,165.0,0.0009765625,0.015625,216,0.015625,0.0
431.0,24.0,180.0,0.45507812,0.109375,216,0.109375,0.23863825
84.0,1.0,-165.0,4.395508,4.0,217,4.0,3.68474275
84.0,2.0,-150.0,5.661133,4.90625,217,4.90625,4.36620775
84.0,3.0,-135.0,7.0039062,5.9375,217,5.9375,5.2023515
84.0,4.0,-120.0,7.4023438,6.1875,217,6.1875,5.41927825
84.0,5.0,-105.0,6.241211,5.28125,217,5.28125,4.60252425
84.0,6.0,-90.0,4.1660156,3.4375,217,3.4375,2.9373275
84.0,7.0,-75.0,2.2617188,1.375,217,1.375,1.1502075
84.0,8.0,-60.0,0.5253906,0.0,217,0.0,0.000251
84.0,9.0,-45.0,0.0,0.03125,217,0.03125,0.03972075
84.0,10.0,-30.0,1.4150391,1.3125,217,1.3125,1.25117225
84.0,11.0,-15.0,3.8164062,2.84375,217,2.84375,3.1361195
84.0,12.0,0.0,5.411133,3.71875,217,3.71875,4.42443975
84.0,13.0,15.0,3.8183594,2.84375,217,2.84375,3.135743
84.0,14.0,30.0,1.4189453,1.3125,217,1.3125,1.249478
84.0,15.0,45.0,0.0,0.03125,217,0.03125,0.03972075
84.0,16.0,60.0,0.5263672,0.0,217,0.0,0.0
84.0,17.0,75.0,2.2597656,1.375,217,1.375,1.1502075
84.0,18.0,90.0,4.165039,3.4375,217,3.4375,2.938206
84.0,19.0,105.0,6.234375,5.28125,217,5.28125,4.5999515
84.0,20.0,120.0,7.4052734,6.1875,217,6.1875,5.42053325
84.0,21.0,135.0,7.0058594,5.9375,217,5.9375,5.20072
84.0,22.0,150.0,5.661133,4.90625,217,4.90625,4.36620775
84.0,23.0,165.0,4.395508,4.0,217,4.0,3.68474275
84.0,24.0,180.0,4.0751953,3.6875,217,3.6875,3.53627625
412.0,1.0,-165.0,7.9335938,8.59375,218,8.59375,7.993095
412.0,2.0,-150.0,7.5703125,7.875,218,7.875,7.356057
412.0,3.0,-135.0,7.09375,7.0,218,7.0,6.640205
412.0,4.0,-120.0,6.6376953,6.09375,218,6.09375,5.90872825
412.0,5.0,-105.0,6.140625,5.25,218,5.25,5.19068
412.0,6.0,-90.0,5.506836,4.53125,218,4.53125,4.53701325
412.0,7.0,-75.0,4.7216797,3.84375,218,3.84375,3.9275225
412.0,8.0,-60.0,3.6777344,2.9375,218,2.9375,3.04506925
412.0,9.0,-45.0,2.3408203,1.59375,218,1.59375,1.7526075
412.0,10.0,-30.0,0.9316406,0.4375,218,0.4375,0.583575
412.0,11.0,-15.0,0.08300781,0.0,218,0.0,0.0
412.0,12.0,0.0,0.0,0.28125,218,0.28125,0.08213975
412.0,13.0,15.0,0.71777344,1.0625,218,1.0625,0.718362
412.0,14.0,30.0,2.022461,2.09375,218,2.09375,1.76998925
412.0,15.0,45.0,3.3564453,3.40625,218,3.40625,3.1027365
412.0,16.0,60.0,4.7890625,5.09375,218,5.09375,4.7224395
412.0,17.0,75.0,5.9609375,6.71875,218,6.71875,6.203465
412.0,18.0,90.0,7.2265625,8.15625,218,8.15625,7.522219
412.0,19.0,105.0,8.699219,9.5625,218,9.5625,8.86688875
412.0,20.0,120.0,10.106445,10.5,218,10.5,10.005864
412.0,21.0,135.0,9.744141,10.5,218,10.5,10.04671425
412.0,22.0,150.0,9.555664,10.25,218,10.25,9.88996475
412.0,23.0,165.0,9.238281,9.75,218,9.75,9.47179875
412.0,24.0,180.0,8.5625,9.15625,218,9.15625,8.69219275
360.0,1.0,-165.0,0.28515625,0.15625,219,0.15625,0.02064475
360.0,2.0,-150.0,0.5888672,0.65625,219,0.65625,0.15756525
360.0,3.0,-135.0,1.1162109,1.71875,219,1.71875,0.750992
360.0,4.0,-120.0,1.9433594,3.125,219,3.125,1.74614425
360.0,5.0,-105.0,2.9140625,4.4375,219,4.4375,2.6963675
360.0,6.0,-90.0,3.3466797,5.0,219,5.0,3.11509825
360.0,7.0,-75.0,2.8173828,4.46875,219,4.46875,2.6936065
360.0,8.0,-60.0,1.7753906,3.125,219,3.125,1.7435715
360.0,9.0,-45.0,0.91796875,1.71875,219,1.71875,0.778602
360.0,10.0,-30.0,0.40429688,0.71875,219,0.71875,0.23343
360.0,11.0,-15.0,0.107421875,0.25,219,0.25,0.1326535
360.0,12.0,0.0,0.0,0.09375,219,0.09375,0.1713075
360.0,13.0,15.0,0.11328125,0.21875,219,0.21875,0.1255
360.0,14.0,30.0,0.4091797,0.71875,219,0.71875,0.21943675
360.0,15.0,45.0,0.9169922,1.71875,219,1.71875,0.7722015
360.0,16.0,60.0,1.7978516,3.125,219,3.125,1.7362925
360.0,17.0,75.0,2.8535156,4.4375,219,4.4375,2.68337825
360.0,18.0,90.0,3.381836,4.96875,219,4.96875,3.10317575
360.0,19.0,105.0,2.9648438,4.4375,219,4.4375,2.679174
360.0,20.0,120.0,1.9921875,3.125,219,3.125,1.72154625
360.0,21.0,135.0,1.1513672,1.6875,219,1.6875,0.72055825
360.0,22.0,150.0,0.6064453,0.625,219,0.625,0.127006
360.0,23.0,165.0,0.30078125,0.125,219,0.125,0.0
360.0,24.0,180.0,0.19335938,0.0,219,0.0,0.0478155
12.0,1.0,-165.0,5.7460938,4.375,220,4.375,5.28675025
12.0,2.0,-150.0,3.9814453,1.96875,220,1.96875,3.40676025
12.0,3.0,-135.0,2.6660156,0.9375,220,0.9375,2.28692375
12.0,4.0,-120.0,1.2792969,0.25,220,0.25,1.38796725
12.0,5.0,-105.0,0.5917969,0.0,220,0.0,0.52314675
12.0,6.0,-90.0,0.0029296875,0.1875,220,0.1875,0.0
12.0,7.0,-75.0,2.5898438,1.53125,220,1.53125,2.723099
12.0,8.0,-60.0,3.852539,3.0625,220,3.0625,4.34399425
12.0,9.0,-45.0,5.0859375,4.25,220,4.25,5.363117
12.0,10.0,-30.0,7.158203,6.40625,220,6.40625,6.6950485
12.0,11.0,-15.0,10.392578,6.09375,220,6.09375,8.2640495
12.0,12.0,0.0,10.514648,6.09375,220,6.09375,8.23148225
12.0,13.0,15.0,9.264648,5.71875,220,5.71875,7.89376175
12.0,14.0,30.0,7.1523438,6.40625,220,6.40625,6.69937825
12.0,15.0,45.0,5.1064453,4.25,220,4.25,5.37309425
12.0,16.0,60.0,3.8583984,3.0625,220,3.0625,4.34775925
12.0,17.0,75.0,2.5986328,1.53125,220,1.53125,2.72491875
12.0,18.0,90.0,0.0,0.1875,220,0.1875,6.27e-05
12.0,19.0,105.0,0.5878906,0.0,220,0.0,0.52314675
12.0,20.0,120.0,1.2851562,0.25,220,0.25,1.384767
12.0,21.0,135.0,2.6621094,0.9375,220,0.9375,2.28554325
12.0,22.0,150.0,3.9863281,1.96875,220,1.96875,3.39985775
12.0,23.0,165.0,5.7558594,4.375,220,4.375,5.28800525
12.0,24.0,180.0,6.6015625,5.3125,220,5.3125,6.1988215
457.0,1.0,-165.0,5.3583984,6.90625,221,6.90625,5.25424575
457.0,2.0,-150.0,6.5351562,7.65625,221,7.65625,5.8790475
457.0,3.0,-135.0,7.6220703,8.53125,221,8.53125,6.5800905
457.0,4.0,-120.0,4.283203,5.125,221,5.125,4.17733025
457.0,5.0,-105.0,2.415039,2.96875,221,2.96875,2.462812
457.0,6.0,-90.0,0.7001953,1.0625,221,1.0625,0.855157
457.0,7.0,-75.0,0.0,0.0,221,0.0,0.0
457.0,8.0,-60.0,0.99658203,0.5625,221,0.5625,0.512793
457.0,9.0,-45.0,3.411621,2.5,221,2.5,2.409349
457.0,10.0,-30.0,6.3774414,7.21875,221,7.21875,6.1471155
457.0,11.0,-15.0,6.5908203,6.375,221,6.375,6.2525355
457.0,12.0,0.0,7.050293,6.28125,221,6.28125,6.4159365
457.0,13.0,15.0,6.599121,6.375,221,6.375,6.2575555
457.0,14.0,30.0,6.3706055,7.21875,221,7.21875,6.14868425
457.0,15.0,45.0,3.4370117,2.5,221,2.5,2.409851
457.0,16.0,60.0,0.9838867,0.5625,221,0.5625,0.51222825
457.0,17.0,75.0,0.00048828125,0.0,221,0.0,0.0
457.0,18.0,90.0,0.7036133,1.0625,221,1.0625,0.8555335
457.0,19.0,105.0,2.4384766,2.96875,221,2.96875,2.473856
457.0,20.0,120.0,4.290039,5.125,221,5.125,4.173879
457.0,21.0,135.0,7.6274414,8.53125,221,8.53125,6.58128275
457.0,22.0,150.0,6.546875,7.65625,221,7.65625,5.88889925
457.0,23.0,165.0,5.3603516,6.90625,221,6.90625,5.27106275
457.0,24.0,180.0,4.951172,6.75,221,6.75,5.17417675
206.0,1.0,-165.0,3.7949219,3.09375,222,3.09375,3.41592175
206.0,2.0,-150.0,2.1435547,1.65625,222,1.65625,1.92636225
206.0,3.0,-135.0,0.625,0.46875,222,0.46875,0.5442935
206.0,4.0,-120.0,0.0087890625,0.0,222,0.0,0.001757
206.0,5.0,-105.0,0.4951172,0.375,222,0.375,0.4323475
206.0,6.0,-90.0,1.8974609,1.5,222,1.5,1.7325275
206.0,7.0,-75.0,3.5888672,2.90625,222,2.90625,3.24900675
206.0,8.0,-60.0,4.451172,3.8125,222,3.8125,4.05434025
206.0,9.0,-45.0,3.8632812,3.1875,222,3.1875,3.5070975
206.0,10.0,-30.0,2.1416016,1.6875,222,1.6875,1.96627125
206.0,11.0,-15.0,0.5859375,0.4375,222,0.4375,0.53193175
206.0,12.0,0.0,0.0,0.0,222,0.0,0.0
206.0,13.0,15.0,0.5859375,0.4375,222,0.4375,0.53180625
206.0,14.0,30.0,2.1416016,1.6875,222,1.6875,1.966334
206.0,15.0,45.0,3.8652344,3.1875,222,3.1875,3.50716025
206.0,16.0,60.0,4.4501953,3.8125,222,3.8125,4.054403
206.0,17.0,75.0,3.5888672,2.90625,222,2.90625,3.2490695
206.0,18.0,90.0,1.8955078,1.5,222,1.5,1.7325275
206.0,19.0,105.0,0.4951172,0.375,222,0.375,0.43241025
206.0,20.0,120.0,0.0087890625,0.0,222,0.0,0.00169425
206.0,21.0,135.0,0.625,0.46875,222,0.46875,0.54423075
206.0,22.0,150.0,2.1445312,1.65625,222,1.65625,1.9262995
206.0,23.0,165.0,3.7958984,3.09375,222,3.09375,3.417365
206.0,24.0,180.0,4.4589844,3.8125,222,3.8125,4.06036425
353.0,1.0,-165.0,0.55566406,0.6875,223,0.6875,0.353157
353.0,2.0,-150.0,0.8027344,1.09375,223,1.09375,0.52578225
353.0,3.0,-135.0,1.2548828,1.9375,223,1.9375,1.0347475
353.0,4.0,-120.0,1.9179688,3.125,223,3.125,1.84742275
353.0,5.0,-105.0,2.602539,4.28125,223,4.28125,2.6868295
353.0,6.0,-90.0,2.9111328,4.875,223,4.875,3.154568
353.0,7.0,-75.0,2.6113281,4.5625,223,4.5625,2.988155
353.0,8.0,-60.0,1.9414062,3.46875,223,3.46875,2.26069425
353.0,9.0,-45.0,1.2089844,2.125,223,2.125,1.33726525
353.0,10.0,-30.0,0.5761719,0.96875,223,0.96875,0.5736605
353.0,11.0,-15.0,0.15527344,0.25,223,0.25,0.13372025
353.0,12.0,0.0,0.0,0.0,223,0.0,0.0
353.0,13.0,15.0,0.15527344,0.25,223,0.25,0.13384575
353.0,14.0,30.0,0.578125,0.96875,223,0.96875,0.57359775
353.0,15.0,45.0,1.2080078,2.125,223,2.125,1.33726525
353.0,16.0,60.0,1.9443359,3.46875,223,3.46875,2.26194925
353.0,17.0,75.0,2.6113281,4.5625,223,4.5625,2.988406
353.0,18.0,90.0,2.9111328,4.875,223,4.875,3.155572
353.0,19.0,105.0,2.609375,4.28125,223,4.28125,2.6898415
353.0,20.0,120.0,1.9150391,3.125,223,3.125,1.84736
353.0,21.0,135.0,1.2529297,1.9375,223,1.9375,1.03593975
353.0,22.0,150.0,0.8027344,1.09375,223,1.09375,0.52578225
353.0,23.0,165.0,0.55566406,0.6875,223,0.6875,0.3530315
353.0,24.0,180.0,0.4765625,0.5625,223,0.5625,0.345878
494.0,1.0,-165.0,0.14257812,0.625,224,0.625,0.832567
494.0,2.0,-150.0,0.36328125,0.15625,224,0.15625,0.251251
494.0,3.0,-135.0,0.4423828,0.0,224,0.0,0.008534
494.0,4.0,-120.0,0.2861328,0.21875,224,0.21875,0.098643
494.0,5.0,-105.0,0.18652344,0.625,224,0.625,0.35893
494.0,6.0,-90.0,0.0009765625,0.90625,224,0.90625,0.50871425
494.0,7.0,-75.0,0.31835938,0.6875,224,0.6875,0.374743
494.0,8.0,-60.0,0.33496094,0.28125,224,0.28125,0.13108475
494.0,9.0,-45.0,0.44140625,0.0,224,0.0,0.0
494.0,10.0,-30.0,0.3701172,0.125,224,0.125,0.20324725
494.0,11.0,-15.0,0.18066406,0.5625,224,0.5625,0.77264075
494.0,12.0,0.0,0.0048828125,1.0,224,1.0,1.266295
494.0,13.0,15.0,0.1796875,0.5625,224,0.5625,0.77389575
494.0,14.0,30.0,0.36816406,0.125,224,0.125,0.204565
494.0,15.0,45.0,0.44140625,0.0,224,0.0,0.0
494.0,16.0,60.0,0.3359375,0.28125,224,0.28125,0.13083375
494.0,17.0,75.0,0.31933594,0.6875,224,0.6875,0.374743
494.0,18.0,90.0,0.0,0.90625,224,0.90625,0.50896525
494.0,19.0,105.0,0.1875,0.625,224,0.625,0.35911825
494.0,20.0,120.0,0.28125,0.21875,224,0.21875,0.09782725
494.0,21.0,135.0,0.44433594,0.0,224,0.0,0.0086595
494.0,22.0,150.0,0.36328125,0.15625,224,0.15625,0.2511255
494.0,23.0,165.0,0.140625,0.625,224,0.625,0.83250425
494.0,24.0,180.0,0.00390625,1.0,224,1.0,1.268805
170.0,1.0,-165.0,0.64941406,0.46875,225,0.46875,0.59342675
170.0,2.0,-150.0,0.013183594,0.0,225,0.0,0.0056475
170.0,3.0,-135.0,0.07470703,0.21875,225,0.21875,0.14099925
170.0,4.0,-120.0,0.94433594,1.09375,225,1.09375,0.9644675
170.0,5.0,-105.0,2.0957031,2.1875,225,2.1875,1.997709
170.0,6.0,-90.0,2.5327148,2.71875,225,2.71875,2.507239
170.0,7.0,-75.0,2.0839844,2.21875,225,2.21875,2.00643125
170.0,8.0,-60.0,0.9423828,1.125,225,1.125,0.99967025
170.0,9.0,-45.0,0.080078125,0.25,225,0.25,0.1602635
170.0,10.0,-30.0,0.0,0.0,225,0.0,0.0
170.0,11.0,-15.0,0.6166992,0.46875,225,0.46875,0.57479
170.0,12.0,0.0,1.3232422,1.03125,225,1.03125,1.212832
170.0,13.0,15.0,0.6176758,0.46875,225,0.46875,0.575543
170.0,14.0,30.0,0.00048828125,0.0,225,0.0,0.0
170.0,15.0,45.0,0.080078125,0.25,225,0.25,0.1602635
170.0,16.0,60.0,0.9423828,1.125,225,1.125,0.99967025
170.0,17.0,75.0,2.083496,2.21875,225,2.21875,2.00643125
170.0,18.0,90.0,2.5327148,2.71875,225,2.71875,2.507239
170.0,19.0,105.0,2.0996094,2.1875,225,2.1875,1.99814825
170.0,20.0,120.0,0.94384766,1.09375,225,1.09375,0.9644675
170.0,21.0,135.0,0.07470703,0.21875,225,0.21875,0.14099925
170.0,22.0,150.0,0.013183594,0.0,225,0.0,0.005773
170.0,23.0,165.0,0.64941406,0.46875,225,0.46875,0.5934895
170.0,24.0,180.0,1.3261719,1.03125,225,1.03125,1.214087
307.0,1.0,-165.0,0.18945312,0.25,226,0.25,0.16170675
307.0,2.0,-150.0,0.8720703,1.0,226,1.0,0.750992
307.0,3.0,-135.0,2.0888672,2.3125,226,2.3125,1.8392025
307.0,4.0,-120.0,3.6308594,3.875,226,3.875,3.254717
307.0,5.0,-105.0,5.0,5.25,226,5.25,4.52195325
307.0,6.0,-90.0,5.5722656,5.75,226,5.75,5.0361895
307.0,7.0,-75.0,5.0478516,5.1875,226,5.1875,4.4917705
307.0,8.0,-60.0,3.7177734,3.875,226,3.875,3.25603475
307.0,9.0,-45.0,2.1738281,2.3125,226,2.3125,1.87766825
307.0,10.0,-30.0,0.9375,1.0625,226,1.0625,0.8015685
307.0,11.0,-15.0,0.22265625,0.3125,226,0.3125,0.18906575
307.0,12.0,0.0,0.0048828125,0.0,226,0.0,0.0013805
307.0,13.0,15.0,0.1953125,0.25,226,0.25,0.16785625
307.0,14.0,30.0,0.8847656,1.0625,226,1.0625,0.769315
307.0,15.0,45.0,2.1191406,2.3125,226,2.3125,1.86825575
307.0,16.0,60.0,3.6582031,3.875,226,3.875,3.263
307.0,17.0,75.0,5.015625,5.1875,226,5.1875,4.503693
307.0,18.0,90.0,5.571289,5.75,226,5.75,5.03524825
307.0,19.0,105.0,5.040039,5.25,226,5.25,4.51153675
307.0,20.0,120.0,3.6992188,3.875,226,3.875,3.259486
307.0,21.0,135.0,2.1435547,2.3125,226,2.3125,1.8645535
307.0,22.0,150.0,0.90625,1.0625,226,1.0625,0.79121475
307.0,23.0,165.0,0.20410156,0.3125,226,0.3125,0.187497
307.0,24.0,180.0,0.0,0.0,226,0.0,0.0
287.0,1.0,-165.0,0.41015625,0.46875,227,0.46875,0.43178275
287.0,2.0,-150.0,1.5488281,1.78125,227,1.78125,1.64310875
287.0,3.0,-135.0,3.1542969,3.65625,227,3.65625,3.38065625
287.0,4.0,-120.0,4.9785156,5.71875,227,5.71875,5.30356725
287.0,5.0,-105.0,6.8779297,7.5625,227,7.5625,6.98978525
287.0,6.0,-90.0,8.4921875,8.75,227,8.75,8.01800675
287.0,7.0,-75.0,9.18457,8.9375,227,8.9375,8.21843025
287.0,8.0,-60.0,9.223633,8.4375,227,8.4375,7.8483935
287.0,9.0,-45.0,9.044922,7.84375,227,7.84375,7.42539575
287.0,10.0,-30.0,8.887695,7.59375,227,7.59375,7.294311
287.0,11.0,-15.0,8.958008,7.65625,227,7.65625,7.47910975
287.0,12.0,0.0,9.055664,7.75,227,7.75,7.63924775
287.0,13.0,15.0,8.958008,7.65625,227,7.65625,7.479047
287.0,14.0,30.0,8.892578,7.59375,227,7.59375,7.294311
287.0,15.0,45.0,9.045898,7.84375,227,7.84375,7.424831
287.0,16.0,60.0,9.223633,8.4375,227,8.4375,7.8483935
287.0,17.0,75.0,9.18457,8.9375,227,8.9375,8.21843025
287.0,18.0,90.0,8.498047,8.75,227,8.75,8.0188225
287.0,19.0,105.0,6.8759766,7.5625,227,7.5625,6.98903225
287.0,20.0,120.0,4.9804688,5.71875,227,5.71875,5.30243775
287.0,21.0,135.0,3.1542969,3.65625,227,3.65625,3.38065625
287.0,22.0,150.0,1.5488281,1.78125,227,1.78125,1.64310875
287.0,23.0,165.0,0.4091797,0.46875,227,0.46875,0.43178275
287.0,24.0,180.0,0.0,0.0,227,0.0,0.0
30.0,1.0,-165.0,1.4365234,0.5625,228,0.5625,1.23636325
30.0,2.0,-150.0,3.3242188,1.6875,228,1.6875,2.6848215
30.0,3.0,-135.0,4.8046875,2.6875,228,2.6875,3.8994105
30.0,4.0,-120.0,4.3964844,4.9375,228,4.9375,5.16677225
30.0,5.0,-105.0,4.288086,4.375,228,4.375,4.386978
30.0,6.0,-90.0,2.7871094,3.0,228,3.0,2.920134
30.0,7.0,-75.0,1.2851562,1.625,228,1.625,1.717844
30.0,8.0,-60.0,1.4863281,1.1875,228,1.1875,1.632253
30.0,9.0,-45.0,3.2734375,1.625,228,1.625,2.44976
30.0,10.0,-30.0,5.147461,2.4375,228,2.4375,3.49034325
30.0,11.0,-15.0,5.689453,2.9375,228,2.9375,4.1782715
30.0,12.0,0.0,5.0625,2.8125,228,2.8125,4.0367075
30.0,13.0,15.0,3.7949219,2.0,228,2.0,3.04594775
30.0,14.0,30.0,2.0078125,0.875,228,0.875,1.6557215
30.0,15.0,45.0,0.4892578,0.0625,228,0.0625,0.4182915
30.0,16.0,60.0,0.18261719,0.125,228,0.125,0.065511
30.0,17.0,75.0,1.4892578,1.3125,228,1.3125,0.922425
30.0,18.0,90.0,3.7285156,3.25,228,3.25,2.91229025
30.0,19.0,105.0,5.060547,4.75,228,4.75,4.78487575
30.0,20.0,120.0,5.3291016,5.125,228,5.125,5.177377
30.0,21.0,135.0,4.2285156,3.8125,228,3.8125,3.5931905
30.0,22.0,150.0,2.0820312,1.875,228,1.875,1.4248015
30.0,23.0,165.0,0.0,0.3125,228,0.3125,0.0
30.0,24.0,180.0,0.20019531,0.0,228,0.0,0.16271075
134.0,1.0,-165.0,0.5878906,0.640625,229,0.640625,0.6095535
134.0,2.0,-150.0,2.1342773,2.421875,229,2.421875,2.29734025
134.0,3.0,-135.0,4.109375,4.734375,229,4.734375,4.55094375
134.0,4.0,-120.0,5.944824,6.890625,229,6.890625,6.54501325
134.0,5.0,-105.0,7.069336,8.5,229,8.5,7.9922165
134.0,6.0,-90.0,7.385742,9.078125,229,9.078125,8.5321175
134.0,7.0,-75.0,7.069336,8.328125,229,8.328125,7.89200475
134.0,8.0,-60.0,5.9023438,6.59375,229,6.59375,6.3381265
134.0,9.0,-45.0,3.979004,4.421875,229,4.421875,4.3092935
134.0,10.0,-30.0,1.9882812,2.25,229,2.25,2.15150925
134.0,11.0,-15.0,0.53222656,0.59375,229,0.59375,0.56224
134.0,12.0,0.0,0.0034179688,0.0,229,0.0,6.28e-05
134.0,13.0,15.0,0.53271484,0.59375,229,0.59375,0.56224
134.0,14.0,30.0,1.9887695,2.25,229,2.25,2.1511955
134.0,15.0,45.0,3.9780273,4.421875,229,4.421875,4.30885425
134.0,16.0,60.0,5.8867188,6.59375,229,6.59375,6.32727075
134.0,17.0,75.0,7.069336,8.328125,229,8.328125,7.891942
134.0,18.0,90.0,7.385742,9.078125,229,9.078125,8.5321175
134.0,19.0,105.0,7.0688477,8.5,229,8.5,7.99215375
134.0,20.0,120.0,5.9316406,6.890625,229,6.890625,6.5386755
134.0,21.0,135.0,4.109375,4.734375,229,4.734375,4.55295175
134.0,22.0,150.0,2.1362305,2.421875,229,2.421875,2.29558325
134.0,23.0,165.0,0.5878906,0.640625,229,0.640625,0.60949075
134.0,24.0,180.0,0.0,0.0,229,0.0,0.0
40.0,1.0,-165.0,1.7275391,0.0,230,0.0,0.78180225
40.0,2.0,-150.0,2.4072266,0.15625,230,0.15625,1.20323125
40.0,3.0,-135.0,2.9853516,0.5,230,0.5,1.71640075
40.0,4.0,-120.0,3.1953125,0.90625,230,0.90625,2.0364885
40.0,5.0,-105.0,2.274414,1.0625,230,1.0625,1.75204275
40.0,6.0,-90.0,0.91503906,0.65625,230,0.65625,0.8989565
40.0,7.0,-75.0,0.0,0.15625,230,0.15625,0.02026825
40.0,8.0,-60.0,0.36523438,0.25,230,0.25,0.0
40.0,9.0,-45.0,1.7724609,1.0625,230,1.0625,0.941501
40.0,10.0,-30.0,3.4628906,2.15625,230,2.15625,2.239924
40.0,11.0,-15.0,5.091797,3.09375,230,3.09375,3.3040385
40.0,12.0,0.0,6.071289,3.6875,230,3.6875,3.89683775
40.0,13.0,15.0,5.745117,3.6875,230,3.6875,3.8803345
40.0,14.0,30.0,4.5078125,3.15625,230,3.15625,3.24260625
40.0,15.0,45.0,2.959961,2.125,230,2.125,2.04207325
40.0,16.0,60.0,1.6171875,1.0,230,1.0,0.8118595
40.0,17.0,75.0,1.3984375,0.375,230,0.375,0.32799425
40.0,18.0,90.0,2.0654297,0.375,230,0.375,0.802949
40.0,19.0,105.0,2.8242188,0.6875,230,0.6875,1.501482
40.0,20.0,120.0,3.2861328,1.0,230,1.0,2.12088725
40.0,21.0,135.0,3.0800781,1.15625,230,1.15625,2.25868625
40.0,22.0,150.0,2.194336,0.9375,230,0.9375,1.80236825
40.0,23.0,165.0,1.5029297,0.5,230,0.5,1.13508475
40.0,24.0,180.0,1.3261719,0.125,230,0.125,0.7099535
56.0,1.0,-165.0,0.76660156,0.21875,231,0.21875,0.233179
56.0,2.0,-150.0,1.4785156,0.8125,231,0.8125,0.84492875
56.0,3.0,-135.0,2.3398438,1.5,231,1.5,1.554694
56.0,4.0,-120.0,2.8603516,1.75,231,1.75,1.8072
56.0,5.0,-105.0,3.1826172,1.75,231,1.75,1.762271
56.0,6.0,-90.0,3.2763672,1.71875,231,1.71875,1.74401075
56.0,7.0,-75.0,3.0625,1.75,231,1.75,1.76697725
56.0,8.0,-60.0,2.6660156,1.75,231,1.75,1.79596775
56.0,9.0,-45.0,2.015625,1.40625,231,1.40625,1.4556745
56.0,10.0,-30.0,1.0595703,0.75,231,0.75,0.76498525
56.0,11.0,-15.0,0.2861328,0.21875,231,0.21875,0.19245425
56.0,12.0,0.0,0.0,0.03125,231,0.03125,0.00520825
56.0,13.0,15.0,0.29101562,0.21875,231,0.21875,0.22696675
56.0,14.0,30.0,1.0576172,0.75,231,0.75,0.766303
56.0,15.0,45.0,2.0078125,1.40625,231,1.40625,1.454043
56.0,16.0,60.0,2.6591797,1.75,231,1.75,1.79885425
56.0,17.0,75.0,3.0566406,1.75,231,1.75,1.76107875
56.0,18.0,90.0,3.2753906,1.71875,231,1.71875,1.74526575
56.0,19.0,105.0,3.1835938,1.75,231,1.75,1.7626475
56.0,20.0,120.0,2.8554688,1.75,231,1.75,1.81265925
56.0,21.0,135.0,2.3378906,1.5,231,1.5,1.5553215
56.0,22.0,150.0,1.4785156,0.8125,231,0.8125,0.84681125
56.0,23.0,165.0,0.7578125,0.21875,231,0.21875,0.22207225
56.0,24.0,180.0,0.4892578,0.0,231,0.0,0.0
79.0,1.0,-165.0,0.61621094,0.34375,232,0.34375,0.83802625
79.0,2.0,-150.0,0.12402344,0.0,232,0.0,0.1760765
79.0,3.0,-135.0,0.009765625,0.15625,232,0.15625,0.0094125
79.0,4.0,-120.0,0.12597656,0.78125,232,0.78125,0.30916925
79.0,5.0,-105.0,0.16992188,1.5,232,1.5,0.7661775
79.0,6.0,-90.0,0.30664062,1.875,232,1.875,1.02351525
79.0,7.0,-75.0,0.2919922,1.46875,232,1.46875,0.82547625
79.0,8.0,-60.0,0.20019531,0.625,232,0.625,0.259534
79.0,9.0,-45.0,0.0,0.0625,232,0.0625,6.28e-05
79.0,10.0,-30.0,0.24511719,0.0625,232,0.0625,0.32146825
79.0,11.0,-15.0,0.75097656,0.4375,232,0.4375,0.964091
79.0,12.0,0.0,1.0019531,0.65625,232,0.65625,1.33211975
79.0,13.0,15.0,0.7451172,0.4375,232,0.4375,0.963338
79.0,14.0,30.0,0.24414062,0.0625,232,0.0625,0.32128
79.0,15.0,45.0,0.0,0.0625,232,0.0625,0.0
79.0,16.0,60.0,0.20214844,0.625,232,0.625,0.25947125
79.0,17.0,75.0,0.29492188,1.46875,232,1.46875,0.82535075
79.0,18.0,90.0,0.30664062,1.875,232,1.875,1.02326425
79.0,19.0,105.0,0.16992188,1.5,232,1.5,0.7674325
79.0,20.0,120.0,0.12597656,0.78125,232,0.78125,0.30879275
79.0,21.0,135.0,0.009765625,0.15625,232,0.15625,0.00909875
79.0,22.0,150.0,0.12207031,0.0,232,0.0,0.1770805
79.0,23.0,165.0,0.6201172,0.34375,232,0.34375,0.83834
79.0,24.0,180.0,0.99316406,0.65625,232,0.65625,1.33174325
147.0,1.0,-165.0,9.43457,8.40625,233,8.40625,8.43830625
147.0,2.0,-150.0,8.860352,8.03125,233,8.03125,7.89727575
147.0,3.0,-135.0,8.636719,8.3125,233,8.3125,7.99905625
147.0,4.0,-120.0,8.689453,8.96875,233,8.96875,8.54648725
147.0,5.0,-105.0,8.080078,9.5625,233,9.5625,8.9748815
147.0,6.0,-90.0,7.6777344,9.0625,233,9.0625,8.46466125
147.0,7.0,-75.0,6.796875,7.5625,233,7.5625,7.06721875
147.0,8.0,-60.0,5.2558594,5.4375,233,5.4375,5.02696525
147.0,9.0,-45.0,3.209961,3.1875,233,3.1875,2.85167375
147.0,10.0,-30.0,1.4716797,1.3125,233,1.3125,1.11098875
147.0,11.0,-15.0,0.35839844,0.1875,233,0.1875,0.104667
147.0,12.0,0.0,0.0,0.0,233,0.0,0.0
147.0,13.0,15.0,0.35742188,0.1875,233,0.1875,0.10542
147.0,14.0,30.0,1.4775391,1.3125,233,1.3125,1.11023575
147.0,15.0,45.0,3.2109375,3.1875,233,3.1875,2.855627
147.0,16.0,60.0,5.2646484,5.4375,233,5.4375,5.02934975
147.0,17.0,75.0,6.796875,7.5625,233,7.5625,7.067909
147.0,18.0,90.0,7.6757812,9.0625,233,9.0625,8.46177475
147.0,19.0,105.0,8.088867,9.5625,233,9.5625,8.97933675
147.0,20.0,120.0,8.68457,8.96875,233,8.96875,8.53996125
147.0,21.0,135.0,8.640625,8.3125,233,8.3125,8.00583325
147.0,22.0,150.0,8.8515625,8.03125,233,8.03125,7.89451475
147.0,23.0,165.0,9.457031,8.40625,233,8.40625,8.439875
147.0,24.0,180.0,8.990234,9.3125,233,9.3125,9.38168975
49.0,1.0,-165.0,4.2158203,4.5,234,4.5,4.040347
49.0,2.0,-150.0,2.9453125,3.125,234,3.125,2.79068075
49.0,3.0,-135.0,1.5507812,1.78125,234,1.78125,1.52112275
49.0,4.0,-120.0,0.50390625,0.75,234,0.75,0.59116775
49.0,5.0,-105.0,0.038085938,0.125,234,0.125,0.10221975
49.0,6.0,-90.0,0.0,0.0,234,0.0,0.0001255
49.0,7.0,-75.0,0.22460938,0.25,234,0.25,0.23474775
49.0,8.0,-60.0,0.49316406,0.6875,234,0.6875,0.56907975
49.0,9.0,-45.0,0.83984375,1.28125,234,1.28125,0.975888
49.0,10.0,-30.0,1.0976562,1.90625,234,1.90625,1.36926775
49.0,11.0,-15.0,1.3183594,2.34375,234,2.34375,1.627735
49.0,12.0,0.0,1.5371094,2.96875,234,2.96875,2.0997405
49.0,13.0,15.0,1.3183594,2.34375,234,2.34375,1.62779775
49.0,14.0,30.0,1.0986328,1.90625,234,1.90625,1.3693305
49.0,15.0,45.0,0.84277344,1.28125,234,1.28125,0.975637
49.0,16.0,60.0,0.49804688,0.6875,234,0.6875,0.5724055
49.0,17.0,75.0,0.22851562,0.25,234,0.25,0.235438
49.0,18.0,90.0,0.0,0.0,234,0.0,0.0
49.0,19.0,105.0,0.0390625,0.125,234,0.125,0.10234525
49.0,20.0,120.0,0.5058594,0.75,234,0.75,0.593615
49.0,21.0,135.0,1.5507812,1.8125,234,1.8125,1.5209345
49.0,22.0,150.0,2.9501953,3.125,234,3.125,2.79218675
49.0,23.0,165.0,4.213867,4.5,234,4.5,4.03940575
49.0,24.0,180.0,4.698242,5.15625,234,5.15625,4.62549075
152.0,1.0,-165.0,2.3232422,2.53125,235,2.53125,2.236661
152.0,2.0,-150.0,1.6201172,1.78125,235,1.78125,1.45259975
152.0,3.0,-135.0,0.82714844,1.109375,235,1.109375,0.743964
152.0,4.0,-120.0,0.46972656,0.90625,235,0.90625,0.525594
152.0,5.0,-105.0,0.87109375,1.234375,235,1.234375,0.81455775
152.0,6.0,-90.0,1.7402344,1.859375,235,1.859375,1.414385
152.0,7.0,-75.0,1.9453125,2.1875,235,2.1875,1.979386
152.0,8.0,-60.0,2.1513672,2.359375,235,2.359375,2.16832625
152.0,9.0,-45.0,2.116211,2.25,235,2.25,2.0535565
152.0,10.0,-30.0,1.8193359,2.0,235,2.0,1.68389625
152.0,11.0,-15.0,1.6992188,2.046875,235,2.046875,1.550678
152.0,12.0,0.0,1.6523438,2.078125,235,2.078125,1.54471675
152.0,13.0,15.0,1.7929688,2.109375,235,2.109375,1.651831
152.0,14.0,30.0,2.2011719,2.46875,235,2.46875,2.1381435
152.0,15.0,45.0,2.4980469,2.609375,235,2.609375,2.3848765
152.0,16.0,60.0,2.2363281,2.234375,235,2.234375,2.094846
152.0,17.0,75.0,1.6474609,1.546875,235,1.546875,1.49250875
152.0,18.0,90.0,0.9501953,0.59375,235,0.59375,0.468115
152.0,19.0,105.0,0.17675781,0.015625,235,0.015625,0.0
152.0,20.0,120.0,0.0,0.0,235,0.0,0.056475
152.0,21.0,135.0,0.5859375,0.5,235,0.5,0.53582225
152.0,22.0,150.0,1.6210938,1.34375,235,1.34375,1.320511
152.0,23.0,165.0,2.3417969,2.25,235,2.25,2.103631
152.0,24.0,180.0,2.5634766,2.75,235,2.75,2.50880775
168.0,1.0,-165.0,1.6513672,1.9375,236,1.9375,1.61895
168.0,2.0,-150.0,2.3476562,2.8125,236,2.8125,2.3223775
168.0,3.0,-135.0,3.6220703,4.3125,236,4.3125,3.52655
168.0,4.0,-120.0,5.305664,6.1875,236,6.1875,5.01749
168.0,5.0,-105.0,7.0009766,7.875,236,7.875,6.361595
168.0,6.0,-90.0,7.975586,8.5625,236,8.5625,6.8930875
168.0,7.0,-75.0,7.135742,7.5625,236,7.5625,6.2204075
168.0,8.0,-60.0,5.015625,5.625,236,5.625,4.6830325
168.0,9.0,-45.0,2.772461,3.375,236,3.375,2.840065
168.0,10.0,-30.0,0.9873047,1.125,236,1.125,0.967605
168.0,11.0,-15.0,0.0,0.0,236,0.0,0.001255
168.0,12.0,0.0,0.8339844,1.75,236,1.75,0.8603025
168.0,13.0,15.0,0.0068359375,0.0,236,0.0,0.0
168.0,14.0,30.0,0.9902344,1.125,236,1.125,0.9707425
168.0,15.0,45.0,2.7617188,3.375,236,3.375,2.8356725
168.0,16.0,60.0,5.001953,5.625,236,5.625,4.674875
168.0,17.0,75.0,7.1328125,7.625,236,7.625,6.21978
168.0,18.0,90.0,7.9765625,8.5625,236,8.5625,6.89246
168.0,19.0,105.0,7.0039062,7.875,236,7.875,6.361595
168.0,20.0,120.0,5.3027344,6.1875,236,6.1875,5.018745
168.0,21.0,135.0,3.6035156,4.3125,236,4.3125,3.52906
168.0,22.0,150.0,2.3574219,2.8125,236,2.8125,2.3223775
168.0,23.0,165.0,1.6464844,1.9375,236,1.9375,1.6195775
168.0,24.0,180.0,2.4570312,3.6875,236,3.6875,2.553925
388.0,1.0,-165.0,0.0,0.0625,237,0.0625,0.0
388.0,2.0,-150.0,0.068359375,0.4375,237,0.4375,0.166664
388.0,3.0,-135.0,0.66015625,1.375,237,1.375,0.79096375
388.0,4.0,-120.0,1.6269531,2.6875,237,2.6875,1.7714325
388.0,5.0,-105.0,2.5253906,3.96875,237,3.96875,2.735649
388.0,6.0,-90.0,2.9384766,4.53125,237,4.53125,3.151054
388.0,7.0,-75.0,2.4570312,3.96875,237,3.96875,2.73157025
388.0,8.0,-60.0,1.6044922,2.65625,237,2.65625,1.78461
388.0,9.0,-45.0,0.63671875,1.34375,237,1.34375,0.7867595
388.0,10.0,-30.0,0.061523438,0.4375,237,0.4375,0.16233425
388.0,11.0,-15.0,0.0068359375,0.0625,237,0.0625,0.003765
388.0,12.0,0.0,0.09765625,0.0,237,0.0,0.03143775
388.0,13.0,15.0,0.0068359375,0.0625,237,0.0625,0.00382775
388.0,14.0,30.0,0.06347656,0.4375,237,0.4375,0.16233425
388.0,15.0,45.0,0.6376953,1.34375,237,1.34375,0.7867595
388.0,16.0,60.0,1.6015625,2.65625,237,2.65625,1.78329225
388.0,17.0,75.0,2.4570312,3.96875,237,3.96875,2.73157025
388.0,18.0,90.0,2.9375,4.53125,237,4.53125,3.151054
388.0,19.0,105.0,2.5253906,3.96875,237,3.96875,2.735649
388.0,20.0,120.0,1.6269531,2.6875,237,2.6875,1.7714325
388.0,21.0,135.0,0.65722656,1.375,237,1.375,0.78770075
388.0,22.0,150.0,0.06933594,0.4375,237,0.4375,0.16697775
388.0,23.0,165.0,0.0,0.0625,237,0.0625,0.0
388.0,24.0,180.0,0.099609375,0.0,237,0.0,0.03369675
438.0,1.0,-165.0,1.2578125,0.96875,238,0.96875,1.747211
438.0,2.0,-150.0,0.25976562,0.15625,238,0.15625,0.455314
438.0,3.0,-135.0,0.001953125,0.0,238,0.0,0.0
438.0,4.0,-120.0,0.390625,0.625,238,0.625,0.37367625
438.0,5.0,-105.0,0.9609375,1.75,238,1.75,1.25330575
438.0,6.0,-90.0,1.6210938,2.875,238,2.875,2.15389375
438.0,7.0,-75.0,1.8085938,3.34375,238,3.34375,2.47580125
438.0,8.0,-60.0,1.8320312,3.40625,238,3.40625,2.5987285
438.0,9.0,-45.0,2.3320312,3.84375,238,3.84375,3.1431475
438.0,10.0,-30.0,3.8085938,5.09375,238,5.09375,4.505701
438.0,11.0,-15.0,6.3515625,7.4375,238,7.4375,6.96023
438.0,12.0,0.0,9.019531,10.65625,238,10.65625,10.47454375
438.0,13.0,15.0,6.3515625,7.4375,238,7.4375,6.96656775
438.0,14.0,30.0,3.8007812,5.09375,238,5.09375,4.503442
438.0,15.0,45.0,2.3398438,3.84375,238,3.84375,3.14383775
438.0,16.0,60.0,1.8300781,3.40625,238,3.40625,2.59778725
438.0,17.0,75.0,1.8007812,3.34375,238,3.34375,2.4687105
438.0,18.0,90.0,1.6132812,2.875,238,2.875,2.150568
438.0,19.0,105.0,0.95703125,1.75,238,1.75,1.253243
438.0,20.0,120.0,0.390625,0.625,238,0.625,0.3743665
438.0,21.0,135.0,0.0,0.0,238,0.0,0.00269825
438.0,22.0,150.0,0.2578125,0.15625,238,0.15625,0.45525125
438.0,23.0,165.0,1.2578125,0.96875,238,0.96875,1.746709
438.0,24.0,180.0,1.9140625,1.53125,238,1.53125,2.69825
61.0,1.0,-165.0,1.5341797,1.03125,239,1.03125,1.31367125
61.0,2.0,-150.0,0.39160156,0.125,239,0.125,0.2686955
61.0,3.0,-135.0,0.0,0.03125,239,0.03125,0.0036395
61.0,4.0,-120.0,0.2841797,0.53125,239,0.53125,0.37901
61.0,5.0,-105.0,1.0205078,1.3125,239,1.3125,1.12002475
61.0,6.0,-90.0,1.8525391,1.96875,239,1.96875,1.895803
61.0,7.0,-75.0,1.0429688,1.21875,239,1.21875,1.10370975
61.0,8.0,-60.0,0.2890625,0.4375,239,0.4375,0.3560435
61.0,9.0,-45.0,0.020507812,0.0,239,0.0,0.0
61.0,10.0,-30.0,0.5078125,0.25,239,0.25,0.3992155
61.0,11.0,-15.0,1.7431641,1.25,239,1.25,1.5620985
61.0,12.0,0.0,3.2041016,2.65625,239,2.65625,3.055172
61.0,13.0,15.0,1.7539062,1.25,239,1.25,1.56730675
61.0,14.0,30.0,0.5136719,0.25,239,0.25,0.39789775
61.0,15.0,45.0,0.03125,0.0,239,0.0,0.0038905
61.0,16.0,60.0,0.2919922,0.4375,239,0.4375,0.35598075
61.0,17.0,75.0,1.0410156,1.21875,239,1.21875,1.10145075
61.0,18.0,90.0,1.8515625,1.96875,239,1.96875,1.89724625
61.0,19.0,105.0,1.0234375,1.3125,239,1.3125,1.11989925
61.0,20.0,120.0,0.28515625,0.53125,239,0.53125,0.3816455
61.0,21.0,135.0,0.0,0.03125,239,0.03125,0.00207075
61.0,22.0,150.0,0.39160156,0.125,239,0.125,0.2707035
61.0,23.0,165.0,1.5371094,1.03125,239,1.03125,1.31367125
61.0,24.0,180.0,3.1220703,2.53125,239,2.53125,2.9069565
260.0,1.0,-165.0,4.5214844,4.03125,240,4.03125,4.540841
260.0,2.0,-150.0,1.8310547,1.375,240,1.375,1.67624075
260.0,3.0,-135.0,0.375,0.125,240,0.125,0.25997325
260.0,4.0,-120.0,0.0,0.0,240,0.0,0.0064005
260.0,5.0,-105.0,0.21582031,0.34375,240,0.34375,0.27766875
260.0,6.0,-90.0,0.51953125,0.53125,240,0.53125,0.462593
260.0,7.0,-75.0,0.22851562,0.3125,240,0.3125,0.26938575
260.0,8.0,-60.0,0.0068359375,0.0,240,0.0,0.0
260.0,9.0,-45.0,0.49902344,0.21875,240,0.21875,0.379763
260.0,10.0,-30.0,2.1884766,1.65625,240,1.65625,2.02914675
260.0,11.0,-15.0,4.9433594,4.34375,240,4.34375,4.953234
260.0,12.0,0.0,7.151367,6.90625,240,6.90625,7.75997875
260.0,13.0,15.0,4.9501953,4.34375,240,4.34375,4.9553675
260.0,14.0,30.0,2.180664,1.65625,240,1.65625,2.027829
260.0,15.0,45.0,0.49902344,0.21875,240,0.21875,0.3801395
260.0,16.0,60.0,0.0068359375,0.0,240,0.0,0.0
260.0,17.0,75.0,0.22753906,0.3125,240,0.3125,0.26976225
260.0,18.0,90.0,0.51953125,0.53125,240,0.53125,0.46240475
260.0,19.0,105.0,0.21582031,0.34375,240,0.34375,0.278108
260.0,20.0,120.0,0.0029296875,0.0,240,0.0,0.00633775
260.0,21.0,135.0,0.375,0.125,240,0.125,0.259785
260.0,22.0,150.0,1.8310547,1.375,240,1.375,1.673417
260.0,23.0,165.0,4.5253906,4.03125,240,4.03125,4.54040175
260.0,24.0,180.0,7.147461,6.90625,240,6.90625,7.76073175
500.0,1.0,-165.0,0.08984375,0.03125,241,0.03125,0.0
500.0,2.0,-150.0,0.0,0.34375,241,0.34375,0.049949
500.0,3.0,-135.0,0.4951172,1.125,241,1.125,0.57228
500.0,4.0,-120.0,1.2099609,2.3125,241,2.3125,1.4948305
500.0,5.0,-105.0,1.9589844,3.4375,241,3.4375,2.410604
500.0,6.0,-90.0,2.2734375,3.9375,241,3.9375,2.81829075
500.0,7.0,-75.0,1.9980469,3.40625,241,3.40625,2.40978825
500.0,8.0,-60.0,1.2402344,2.28125,241,2.28125,1.4938265
500.0,9.0,-45.0,0.49902344,1.09375,241,1.09375,0.563997
500.0,10.0,-30.0,0.0029296875,0.3125,241,0.3125,0.04285825
500.0,11.0,-15.0,0.099609375,0.03125,241,0.03125,0.003263
500.0,12.0,0.0,0.27929688,0.0,241,0.0,0.0965095
500.0,13.0,15.0,0.09863281,0.03125,241,0.03125,0.00458075
500.0,14.0,30.0,0.00390625,0.3125,241,0.3125,0.04285825
500.0,15.0,45.0,0.49902344,1.09375,241,1.09375,0.563997
500.0,16.0,60.0,1.2402344,2.28125,241,2.28125,1.4938265
500.0,17.0,75.0,1.9980469,3.40625,241,3.40625,2.40978825
500.0,18.0,90.0,2.2734375,3.9375,241,3.9375,2.81778875
500.0,19.0,105.0,1.9541016,3.4375,241,3.4375,2.40853325
500.0,20.0,120.0,1.2138672,2.3125,241,2.3125,1.49790525
500.0,21.0,135.0,0.4951172,1.125,241,1.125,0.57234275
500.0,22.0,150.0,0.0,0.34375,241,0.34375,0.049949
500.0,23.0,165.0,0.09667969,0.03125,241,0.03125,0.0041415
500.0,24.0,180.0,0.28320312,0.0,241,0.0,0.097388
38.0,1.0,-165.0,10.21582,12.78125,242,12.78125,11.81413075
38.0,2.0,-150.0,8.219727,9.6875,242,9.6875,8.92198325
38.0,3.0,-135.0,6.123047,7.9375,242,7.9375,6.907771
38.0,4.0,-120.0,5.1953125,7.15625,242,7.15625,5.85564175
38.0,5.0,-105.0,5.2402344,6.9375,242,6.9375,5.40936375
38.0,6.0,-90.0,5.201172,6.125,242,6.125,4.73191475
38.0,7.0,-75.0,3.9570312,4.46875,242,4.46875,3.4257735
38.0,8.0,-60.0,2.3291016,2.78125,242,2.78125,2.06114925
38.0,9.0,-45.0,1.1611328,1.34375,242,1.34375,0.91684025
38.0,10.0,-30.0,0.41992188,0.40625,242,0.40625,0.221884
38.0,11.0,-15.0,0.00390625,0.0,242,0.0,0.0
38.0,12.0,0.0,0.20214844,0.15625,242,0.15625,0.4170365
38.0,13.0,15.0,0.0,0.0,242,0.0,0.00069025
38.0,14.0,30.0,0.4169922,0.40625,242,0.40625,0.219374
38.0,15.0,45.0,1.1621094,1.34375,242,1.34375,0.91834625
38.0,16.0,60.0,2.3271484,2.78125,242,2.78125,2.06077275
38.0,17.0,75.0,3.9716797,4.46875,242,4.46875,3.4335545
38.0,18.0,90.0,5.1992188,6.125,242,6.125,4.73040875
38.0,19.0,105.0,5.2353516,6.9375,242,6.9375,5.40861075
38.0,20.0,120.0,5.2021484,7.15625,242,7.15625,5.86041075
38.0,21.0,135.0,6.1328125,7.9375,242,7.9375,6.90871225
38.0,22.0,150.0,8.2109375,9.6875,242,9.6875,8.93214875
38.0,23.0,165.0,10.180664,12.78125,242,12.78125,11.8096755
38.0,24.0,180.0,11.365234,14.84375,242,14.84375,14.1976895
465.0,1.0,-165.0,1.9912109,0.5625,243,0.5625,1.429947
465.0,2.0,-150.0,1.9921875,0.4375,243,0.4375,1.582053
465.0,3.0,-135.0,0.9091797,0.4375,243,0.4375,1.48341
465.0,4.0,-120.0,1.5615234,0.84375,243,0.84375,1.69230475
465.0,5.0,-105.0,0.6533203,0.40625,243,0.40625,0.7458465
465.0,6.0,-90.0,0.028320312,0.0,243,0.0,0.1238685
465.0,7.0,-75.0,0.040039062,0.0,243,0.0,0.0
465.0,8.0,-60.0,0.48046875,0.21875,243,0.21875,0.04185425
465.0,9.0,-45.0,1.1865234,1.03125,243,1.03125,1.335571
465.0,10.0,-30.0,2.4003906,2.28125,243,2.28125,2.57024
465.0,11.0,-15.0,3.8291016,3.6875,243,3.6875,3.999183
465.0,12.0,0.0,4.870117,4.71875,243,4.71875,5.012972
465.0,13.0,15.0,3.8300781,3.6875,243,3.6875,3.99843
465.0,14.0,30.0,2.4082031,2.28125,243,2.28125,2.573001
465.0,15.0,45.0,1.1386719,1.03125,243,1.03125,1.301184
465.0,16.0,60.0,0.4736328,0.21875,243,0.21875,0.04436425
465.0,17.0,75.0,0.04296875,0.0,243,0.0,0.0041415
465.0,18.0,90.0,0.0,0.0,243,0.0,0.1278845
465.0,19.0,105.0,0.6513672,0.40625,243,0.40625,0.744968
465.0,20.0,120.0,1.5595703,0.84375,243,0.84375,1.692493
465.0,21.0,135.0,0.9160156,0.4375,243,0.4375,1.476884
465.0,22.0,150.0,1.9882812,0.4375,243,0.4375,1.5836845
465.0,23.0,165.0,1.9814453,0.5625,243,0.5625,1.427688
465.0,24.0,180.0,1.8095703,0.125,243,0.125,1.06317325
300.0,1.0,-165.0,1.8095703,2.8125,244,2.8125,2.090579
300.0,2.0,-150.0,0.7158203,1.4375,244,1.4375,0.99377175
300.0,3.0,-135.0,0.11425781,0.53125,244,0.53125,0.26737775
300.0,4.0,-120.0,0.0,0.15625,244,0.15625,0.0
300.0,5.0,-105.0,0.03515625,0.0,244,0.0,0.0355165
300.0,6.0,-90.0,0.16113281,0.15625,244,0.15625,0.2782335
300.0,7.0,-75.0,0.8720703,0.9375,244,0.9375,1.003247
300.0,8.0,-60.0,2.0927734,2.125,244,2.125,2.07407575
300.0,9.0,-45.0,3.4941406,3.5625,244,3.5625,3.4681925
300.0,10.0,-30.0,4.727539,4.71875,244,4.71875,4.62059625
300.0,11.0,-15.0,5.6640625,5.5,244,5.5,5.4458215
300.0,12.0,0.0,6.010742,5.75,244,5.75,5.75097475
300.0,13.0,15.0,5.661133,5.5,244,5.5,5.443437
300.0,14.0,30.0,4.727539,4.71875,244,4.71875,4.617898
300.0,15.0,45.0,3.5048828,3.5625,244,3.5625,3.46951025
300.0,16.0,60.0,2.0908203,2.125,244,2.125,2.06322
300.0,17.0,75.0,0.8691406,0.9375,244,0.9375,1.001992
300.0,18.0,90.0,0.16113281,0.15625,244,0.15625,0.278359
300.0,19.0,105.0,0.03515625,0.0,244,0.0,0.03557925
300.0,20.0,120.0,0.0,0.15625,244,0.15625,0.00269825
300.0,21.0,135.0,0.11425781,0.53125,244,0.53125,0.2671895
300.0,22.0,150.0,0.71484375,1.4375,244,1.4375,0.99314425
300.0,23.0,165.0,1.8076172,2.8125,244,2.8125,2.09315175
300.0,24.0,180.0,2.9394531,3.78125,244,3.78125,2.88769225
489.0,1.0,-165.0,0.0,0.1875,245,0.1875,0.0849635
489.0,2.0,-150.0,0.21875,0.875,245,0.875,0.47188
489.0,3.0,-135.0,1.0332031,1.875,245,1.875,1.296415
489.0,4.0,-120.0,2.1728516,3.125,245,3.125,2.45509375
489.0,5.0,-105.0,3.3125,4.25,245,4.25,3.53439375
489.0,6.0,-90.0,3.8115234,4.75,245,4.75,4.0025715
489.0,7.0,-75.0,3.288086,4.25,245,4.25,3.53062875
489.0,8.0,-60.0,2.133789,3.0625,245,3.0625,2.42535025
489.0,9.0,-45.0,1.0068359,1.75,245,1.75,1.2551255
489.0,10.0,-30.0,0.21484375,0.8125,245,0.8125,0.43768125
489.0,11.0,-15.0,0.0087890625,0.1875,245,0.1875,0.0781865
489.0,12.0,0.0,0.026367188,0.0,245,0.0,0.001506
489.0,13.0,15.0,0.0087890625,0.1875,245,0.1875,0.07812375
489.0,14.0,30.0,0.21484375,0.8125,245,0.8125,0.43755575
489.0,15.0,45.0,1.0068359,1.75,245,1.75,1.2551255
489.0,16.0,60.0,2.1367188,3.0625,245,3.0625,2.424911
489.0,17.0,75.0,3.288086,4.25,245,4.25,3.53075425
489.0,18.0,90.0,3.8105469,4.75,245,4.75,4.00250875
489.0,19.0,105.0,3.3330078,4.25,245,4.25,3.5522775
489.0,20.0,120.0,2.1728516,3.125,245,3.125,2.45509375
489.0,21.0,135.0,1.0263672,1.875,245,1.875,1.29986625
489.0,22.0,150.0,0.21875,0.875,245,0.875,0.47188
489.0,23.0,165.0,0.0,0.1875,245,0.1875,0.08515175
489.0,24.0,180.0,0.022460938,0.0,245,0.0,0.0
499.0,1.0,-165.0,1.5605469,2.40625,246,2.40625,2.031845
499.0,2.0,-150.0,0.85253906,1.34375,246,1.34375,1.284116
499.0,3.0,-135.0,0.5722656,0.65625,246,0.65625,0.84405025
499.0,4.0,-120.0,0.5175781,0.3125,246,0.3125,0.7626635
499.0,5.0,-105.0,0.6113281,0.40625,246,0.40625,1.035375
499.0,6.0,-90.0,0.9550781,0.84375,246,0.84375,1.4933245
499.0,7.0,-75.0,1.3964844,1.46875,246,1.46875,2.01245525
499.0,8.0,-60.0,2.022461,2.15625,246,2.15625,2.5711185
499.0,9.0,-45.0,2.5859375,2.8125,246,2.8125,3.13555475
499.0,10.0,-30.0,3.102539,3.4375,246,3.4375,3.63655075
499.0,11.0,-15.0,3.4580078,3.84375,246,3.84375,3.89997525
499.0,12.0,0.0,3.3701172,3.90625,246,3.90625,3.80221075
499.0,13.0,15.0,2.915039,3.59375,246,3.59375,3.41504325
499.0,14.0,30.0,2.4414062,3.28125,246,3.28125,3.09740275
499.0,15.0,45.0,1.8525391,2.25,246,2.25,2.53704525
499.0,16.0,60.0,1.2460938,1.46875,246,1.46875,1.81692625
499.0,17.0,75.0,0.7138672,0.8125,246,0.8125,1.1712915
499.0,18.0,90.0,0.4658203,0.3125,246,0.3125,0.6454465
499.0,19.0,105.0,0.25195312,0.0,246,0.0,0.260036
499.0,20.0,120.0,0.0,0.0625,246,0.0625,0.0
499.0,21.0,135.0,0.026367188,0.46875,246,0.46875,0.144074
499.0,22.0,150.0,0.47558594,1.25,246,1.25,0.76335375
499.0,23.0,165.0,1.3212891,2.28125,246,2.28125,1.69443825
499.0,24.0,180.0,2.4628906,3.46875,246,3.46875,2.9483715
437.0,1.0,-165.0,2.4667969,3.0625,247,3.0625,2.4779975
437.0,2.0,-150.0,0.6796875,0.65625,247,0.65625,0.38459475
437.0,3.0,-135.0,0.16015625,0.0,247,0.0,0.0
437.0,4.0,-120.0,0.33203125,0.25,247,0.25,0.5919835
437.0,5.0,-105.0,0.5097656,0.4375,247,0.4375,0.78443775
437.0,6.0,-90.0,0.0,0.03125,247,0.03125,0.20412575
437.0,7.0,-75.0,0.5078125,0.03125,247,0.03125,0.04160325
437.0,8.0,-60.0,1.9140625,0.78125,247,0.78125,0.8000625
437.0,9.0,-45.0,3.9101562,2.375,247,2.375,2.4044545
437.0,10.0,-30.0,6.1484375,4.53125,247,4.53125,4.4882565
437.0,11.0,-15.0,8.916016,7.3125,247,7.3125,7.09909575
437.0,12.0,0.0,8.808594,7.40625,247,7.40625,7.117105
437.0,13.0,15.0,5.2929688,3.84375,247,3.84375,3.79957525
437.0,14.0,30.0,3.4121094,1.71875,247,1.71875,1.936967
437.0,15.0,45.0,2.8886719,0.96875,247,0.96875,1.34404225
437.0,16.0,60.0,1.984375,0.875,247,0.875,1.271566
437.0,17.0,75.0,1.7285156,0.875,247,0.875,1.15039575
437.0,18.0,90.0,2.5410156,0.90625,247,0.90625,1.40754525
437.0,19.0,105.0,2.8730469,0.96875,247,0.96875,1.353643
437.0,20.0,120.0,3.03125,1.21875,247,1.21875,1.477135
437.0,21.0,135.0,3.6972656,2.21875,247,2.21875,2.3060625
437.0,22.0,150.0,4.875,3.96875,247,3.96875,3.8908765
437.0,23.0,165.0,6.810547,6.46875,247,6.46875,6.117623
437.0,24.0,180.0,6.15625,6.78125,247,6.78125,6.01678375
5.0,1.0,-165.0,2.2666016,4.34375,248,4.34375,3.5791345
5.0,2.0,-150.0,2.649414,4.3125,248,4.3125,3.6102585
5.0,3.0,-135.0,2.8642578,4.0625,248,4.0625,3.429413
5.0,4.0,-120.0,2.8271484,3.625,248,3.625,2.9724675
5.0,5.0,-105.0,2.8447266,3.09375,248,3.09375,2.4353275
5.0,6.0,-90.0,2.3652344,2.375,248,2.375,1.8156085
5.0,7.0,-75.0,1.8759766,1.59375,248,1.59375,1.135273
5.0,8.0,-60.0,1.2509766,0.84375,248,0.84375,0.52208
5.0,9.0,-45.0,0.6591797,0.25,248,0.25,0.13911675
5.0,10.0,-30.0,0.27148438,0.0,248,0.0,0.01838575
5.0,11.0,-15.0,0.06933594,0.03125,248,0.03125,0.01738175
5.0,12.0,0.0,0.0,0.09375,248,0.09375,0.0
5.0,13.0,15.0,0.06738281,0.03125,248,0.03125,0.01650325
5.0,14.0,30.0,0.2705078,0.0,248,0.0,0.01838575
5.0,15.0,45.0,0.66308594,0.25,248,0.25,0.13773625
5.0,16.0,60.0,1.2509766,0.84375,248,0.84375,0.52208
5.0,17.0,75.0,1.8642578,1.59375,248,1.59375,1.13533575
5.0,18.0,90.0,2.3759766,2.375,248,2.375,1.816738
5.0,19.0,105.0,2.850586,3.09375,248,3.09375,2.4360805
5.0,20.0,120.0,2.8251953,3.625,248,3.625,2.97184
5.0,21.0,135.0,2.866211,4.0625,248,4.0625,3.42972675
5.0,22.0,150.0,2.6503906,4.3125,248,4.3125,3.60831325
5.0,23.0,165.0,2.274414,4.34375,248,4.34375,3.581017
5.0,24.0,180.0,2.133789,4.28125,248,4.28125,3.4772285
372.0,1.0,-165.0,0.0146484375,0.03125,249,0.03125,0.0006275
372.0,2.0,-150.0,0.0,0.34375,249,0.34375,0.14614475
372.0,3.0,-135.0,0.39746094,1.125,249,1.125,0.72037
372.0,4.0,-120.0,1.2548828,2.3125,249,2.3125,1.669401
372.0,5.0,-105.0,2.1865234,3.46875,249,3.46875,2.5703655
372.0,6.0,-90.0,2.506836,3.9375,249,3.9375,2.922644
372.0,7.0,-75.0,2.2128906,3.4375,249,3.4375,2.53177425
372.0,8.0,-60.0,1.2734375,2.3125,249,2.3125,1.64335975
372.0,9.0,-45.0,0.4033203,1.125,249,1.125,0.71641675
372.0,10.0,-30.0,0.0,0.34375,249,0.34375,0.1467095
372.0,11.0,-15.0,0.009765625,0.03125,249,0.03125,0.0
372.0,12.0,0.0,0.13769531,0.0,249,0.0,0.026104
372.0,13.0,15.0,0.0107421875,0.03125,249,0.03125,0.00056475
372.0,14.0,30.0,0.0,0.34375,249,0.34375,0.1467095
372.0,15.0,45.0,0.4013672,1.125,249,1.125,0.71691875
372.0,16.0,60.0,1.2734375,2.3125,249,2.3125,1.6429205
372.0,17.0,75.0,2.2128906,3.4375,249,3.4375,2.531837
372.0,18.0,90.0,2.506836,3.9375,249,3.9375,2.92270675
372.0,19.0,105.0,2.1845703,3.46875,249,3.46875,2.569989
372.0,20.0,120.0,1.2548828,2.3125,249,2.3125,1.6695265
372.0,21.0,135.0,0.39648438,1.125,249,1.125,0.7207465
372.0,22.0,150.0,0.0009765625,0.34375,249,0.34375,0.14589375
372.0,23.0,165.0,0.0146484375,0.03125,249,0.03125,0.00043925
372.0,24.0,180.0,0.1328125,0.0,249,0.0,0.026355
498.0,1.0,-165.0,1.0107422,0.953125,250,0.953125,0.6316415
498.0,2.0,-150.0,0.78271484,0.5625,250,0.5625,0.40592975
498.0,3.0,-135.0,0.3486328,0.171875,250,0.171875,0.14413675
498.0,4.0,-120.0,0.0,0.0,250,0.0,0.0
498.0,5.0,-105.0,0.107910156,0.140625,250,0.140625,0.02666875
498.0,6.0,-90.0,0.5571289,0.546875,250,0.546875,0.1928935
498.0,7.0,-75.0,0.9199219,1.203125,250,1.203125,0.51975825
498.0,8.0,-60.0,1.7929688,2.28125,250,2.28125,1.51484775
498.0,9.0,-45.0,3.159668,3.59375,250,3.59375,2.98821775
498.0,10.0,-30.0,3.9985352,4.15625,250,4.15625,3.82379675
498.0,11.0,-15.0,3.737793,3.9375,250,3.9375,3.558929
498.0,12.0,0.0,3.6733398,4.65625,250,4.65625,3.89520625
498.0,13.0,15.0,3.7294922,3.9375,250,3.9375,3.55346975
498.0,14.0,30.0,3.9970703,4.15625,250,4.15625,3.8241105
498.0,15.0,45.0,3.0683594,3.953125,250,3.953125,3.0186515
498.0,16.0,60.0,1.7929688,2.28125,250,2.28125,1.51484775
498.0,17.0,75.0,0.9189453,1.203125,250,1.203125,0.51957
498.0,18.0,90.0,0.55810547,0.546875,250,0.546875,0.1928935
498.0,19.0,105.0,0.107910156,0.140625,250,0.140625,0.02666875
498.0,20.0,120.0,0.0014648438,0.0,250,0.0,0.0
498.0,21.0,135.0,0.3491211,0.171875,250,0.171875,0.14413675
498.0,22.0,150.0,0.78271484,0.5625,250,0.5625,0.40592975
498.0,23.0,165.0,1.0117188,0.953125,250,0.953125,0.6316415
498.0,24.0,180.0,1.0571289,1.109375,250,1.109375,0.715852
228.0,1.0,-165.0,0.60839844,0.40625,251,0.40625,0.552451
228.0,2.0,-150.0,2.2167969,1.5625,251,1.5625,1.97066375
228.0,3.0,-135.0,4.3154297,3.09375,251,3.09375,3.6777775
228.0,4.0,-120.0,6.0,4.5,251,4.5,5.0733375
228.0,5.0,-105.0,6.254883,5.46875,251,5.46875,5.51641525
228.0,6.0,-90.0,5.5996094,5.34375,251,5.34375,5.18446775
228.0,7.0,-75.0,4.826172,4.875,251,4.875,4.78098525
228.0,8.0,-60.0,4.6083984,4.5625,251,4.5625,4.7420175
228.0,9.0,-45.0,4.966797,4.65625,251,4.65625,5.174114
228.0,10.0,-30.0,5.7373047,5.125,251,5.125,5.9786945
228.0,11.0,-15.0,6.7441406,5.9375,251,5.9375,7.0261175
228.0,12.0,0.0,6.982422,6.875,251,6.875,8.1054175
228.0,13.0,15.0,5.9433594,5.90625,251,5.90625,6.954206
228.0,14.0,30.0,5.163086,5.1875,251,5.1875,5.98076525
228.0,15.0,45.0,4.689453,4.8125,251,4.8125,5.3047595
228.0,16.0,60.0,4.5878906,4.78125,251,4.78125,5.02545925
228.0,17.0,75.0,5.0625,5.15625,251,5.15625,5.15233975
228.0,18.0,90.0,6.0166016,5.6875,251,5.6875,5.5811105
228.0,19.0,105.0,6.720703,5.625,251,5.625,5.86605825
228.0,20.0,120.0,6.125,4.5625,251,4.5625,5.155289
228.0,21.0,135.0,4.298828,3.125,251,3.125,3.68411525
228.0,22.0,150.0,2.2353516,1.625,251,1.625,1.96840475
228.0,23.0,165.0,0.640625,0.4375,251,0.4375,0.55276475
228.0,24.0,180.0,0.0,0.0,251,0.0,0.0
65.0,1.0,-165.0,0.5751953,0.4375,252,0.4375,0.5370145
65.0,2.0,-150.0,2.2109375,1.59375,252,1.59375,1.93690425
65.0,3.0,-135.0,4.270508,3.0625,252,3.0625,3.60643075
65.0,4.0,-120.0,6.227539,4.5,252,4.5,5.05633225
65.0,5.0,-105.0,6.7382812,5.5625,252,5.5625,5.756685
65.0,6.0,-90.0,6.024414,5.65625,252,5.65625,5.48165175
65.0,7.0,-75.0,4.973633,5.125,252,5.125,5.0028065
65.0,8.0,-60.0,4.430664,4.6875,252,4.6875,4.8446765
65.0,9.0,-45.0,4.671875,4.46875,252,4.46875,5.006446
65.0,10.0,-30.0,5.3291016,4.9375,252,4.9375,5.751916
65.0,11.0,-15.0,6.2714844,5.71875,252,5.71875,6.7713525
65.0,12.0,0.0,6.5214844,6.5625,252,6.5625,7.8044685
65.0,13.0,15.0,6.290039,5.71875,252,5.71875,6.76639525
65.0,14.0,30.0,5.3222656,4.9375,252,4.9375,5.75222975
65.0,15.0,45.0,4.669922,4.46875,252,4.46875,5.00726175
65.0,16.0,60.0,4.430664,4.6875,252,4.6875,4.8446765
65.0,17.0,75.0,4.9716797,5.125,252,5.125,5.00148875
65.0,18.0,90.0,6.0126953,5.65625,252,5.65625,5.47763575
65.0,19.0,105.0,6.745117,5.5625,252,5.5625,5.75900675
65.0,20.0,120.0,6.2304688,4.5,252,4.5,5.05532825
65.0,21.0,135.0,4.2617188,3.0625,252,3.0625,3.604109
65.0,22.0,150.0,2.209961,1.59375,252,1.59375,1.9368415
65.0,23.0,165.0,0.5830078,0.4375,252,0.4375,0.53808125
65.0,24.0,180.0,0.0,0.0,252,0.0,0.0
183.0,1.0,-165.0,0.3310547,0.53125,253,0.53125,0.52214275
183.0,2.0,-150.0,1.4677734,1.875,253,1.875,1.78580225
183.0,3.0,-135.0,3.0,3.25,253,3.25,3.30234425
183.0,4.0,-120.0,3.413086,4.0625,253,4.0625,4.21297225
183.0,5.0,-105.0,2.6445312,3.15625,253,3.15625,3.06038025
183.0,6.0,-90.0,1.3955078,1.78125,253,1.78125,1.570005
183.0,7.0,-75.0,0.3544922,0.5,253,0.5,0.3914345
183.0,8.0,-60.0,0.005859375,0.0,253,0.0,0.006024
183.0,9.0,-45.0,0.39257812,0.53125,253,0.53125,0.532371
183.0,10.0,-30.0,1.5419922,1.875,253,1.875,1.793144
183.0,11.0,-15.0,3.0039062,3.25,253,3.25,3.319977
183.0,12.0,0.0,3.4482422,4.125,253,4.125,4.323726
183.0,13.0,15.0,2.758789,3.28125,253,3.28125,3.18738625
183.0,14.0,30.0,1.4755859,1.875,253,1.875,1.64549325
183.0,15.0,45.0,0.3857422,0.5,253,0.5,0.42048775
183.0,16.0,60.0,0.0,0.0,253,0.0,0.0
183.0,17.0,75.0,0.3203125,0.53125,253,0.53125,0.49704275
183.0,18.0,90.0,1.4423828,1.8125,253,1.8125,1.700525
183.0,19.0,105.0,2.8623047,3.125,253,3.125,3.169377
183.0,20.0,120.0,3.6757812,4.0,253,4.0,4.320965
183.0,21.0,135.0,2.7646484,3.28125,253,3.28125,3.19767725
183.0,22.0,150.0,1.4394531,1.875,253,1.875,1.66695375
183.0,23.0,165.0,0.3623047,0.53125,253,0.53125,0.42764125
183.0,24.0,180.0,0.0009765625,0.0,253,0.0,0.00169425
248.0,1.0,-165.0,11.069336,9.4375,254,9.4375,10.55762475
248.0,2.0,-150.0,6.0214844,5.09375,254,5.09375,5.9305025
248.0,3.0,-135.0,2.7314453,2.21875,254,2.21875,2.70797625
248.0,4.0,-120.0,0.86328125,0.75,254,0.75,0.928951
248.0,5.0,-105.0,0.01953125,0.15625,254,0.15625,0.18555175
248.0,6.0,-90.0,0.0048828125,0.0,254,0.0,0.00282375
248.0,7.0,-75.0,0.01953125,0.1875,254,0.1875,0.20199225
248.0,8.0,-60.0,0.8925781,0.84375,254,0.84375,1.03870075
248.0,9.0,-45.0,2.7529297,2.5,254,2.5,2.998948
248.0,10.0,-30.0,6.086914,5.53125,254,5.53125,6.34571925
248.0,11.0,-15.0,11.198242,9.875,254,9.875,11.0980905
248.0,12.0,0.0,16.435547,15.0625,254,15.0625,16.481413
248.0,13.0,15.0,11.189453,9.875,254,9.875,11.09099975
248.0,14.0,30.0,6.080078,5.53125,254,5.53125,6.3499235
248.0,15.0,45.0,2.7519531,2.5,254,2.5,2.99901075
248.0,16.0,60.0,0.8935547,0.84375,254,0.84375,1.036128
248.0,17.0,75.0,0.020507812,0.1875,254,0.1875,0.20199225
248.0,18.0,90.0,0.0,0.0,254,0.0,0.0
248.0,19.0,105.0,0.020507812,0.15625,254,0.15625,0.18467325
248.0,20.0,120.0,0.86035156,0.75,254,0.75,0.9290765
248.0,21.0,135.0,2.7285156,2.21875,254,2.21875,2.70446225
248.0,22.0,150.0,5.9882812,5.09375,254,5.09375,5.91726225
248.0,23.0,165.0,11.083008,9.4375,254,9.4375,10.5649665
248.0,24.0,180.0,15.84082,14.28125,254,14.28125,15.47785225
151.0,1.0,-165.0,4.682617,4.75,255,4.75,4.58608375
151.0,2.0,-150.0,4.1484375,3.96875,255,3.96875,3.8449435
151.0,3.0,-135.0,3.7851562,3.65625,255,3.65625,3.52899725
151.0,4.0,-120.0,3.1669922,3.21875,255,3.21875,3.088053
151.0,5.0,-105.0,1.6767578,1.21875,255,1.21875,1.60621175
151.0,6.0,-90.0,1.2587891,0.6875,255,0.6875,0.987434
151.0,7.0,-75.0,0.8310547,0.21875,255,0.21875,0.454561
151.0,8.0,-60.0,0.0029296875,0.0,255,0.0,0.0018825
151.0,9.0,-45.0,0.484375,0.59375,255,0.59375,0.36024775
151.0,10.0,-30.0,1.7011719,1.78125,255,1.78125,1.585065
151.0,11.0,-15.0,2.8896484,3.09375,255,3.09375,2.87551875
151.0,12.0,0.0,4.5,5.4375,255,5.4375,5.34987675
151.0,13.0,15.0,2.8896484,3.09375,255,3.09375,2.8750795
151.0,14.0,30.0,1.6992188,1.78125,255,1.78125,1.58186475
151.0,15.0,45.0,0.4794922,0.59375,255,0.59375,0.3615655
151.0,16.0,60.0,0.0,0.0,255,0.0,0.0
151.0,17.0,75.0,0.8300781,0.21875,255,0.21875,0.45361975
151.0,18.0,90.0,1.2382812,0.6875,255,0.6875,0.990948
151.0,19.0,105.0,1.6757812,1.21875,255,1.21875,1.607404
151.0,20.0,120.0,3.131836,3.21875,255,3.21875,3.03452725
151.0,21.0,135.0,3.7822266,3.65625,255,3.65625,3.5301895
151.0,22.0,150.0,4.147461,3.96875,255,3.96875,3.84688875
151.0,23.0,165.0,4.6757812,4.75,255,4.75,4.58633475
151.0,24.0,180.0,6.0039062,6.125,255,6.125,5.97662375
475.0,1.0,-165.0,0.54589844,0.625,256,0.625,0.587089
475.0,2.0,-150.0,1.9931641,2.3125,256,2.3125,2.19505775
475.0,3.0,-135.0,3.9433594,4.53125,256,4.53125,4.3579875
475.0,4.0,-120.0,5.8876953,6.59375,256,6.59375,6.26125775
475.0,5.0,-105.0,7.1220703,8.125,256,8.125,7.6154655
475.0,6.0,-90.0,7.5097656,8.6875,256,8.6875,8.127631
475.0,7.0,-75.0,7.0908203,7.96875,256,7.96875,7.5253565
475.0,8.0,-60.0,5.7890625,6.3125,256,6.3125,6.06296775
475.0,9.0,-45.0,3.7988281,4.25,256,4.25,4.14545325
475.0,10.0,-30.0,1.8525391,2.15625,256,2.15625,2.06039625
475.0,11.0,-15.0,0.49121094,0.5625,256,0.5625,0.55012925
475.0,12.0,0.0,0.0,0.0,256,0.0,0.00031375
475.0,13.0,15.0,0.48828125,0.5625,256,0.5625,0.550694
475.0,14.0,30.0,1.8544922,2.15625,256,2.15625,2.06127475
475.0,15.0,45.0,3.796875,4.25,256,4.25,4.14419825
475.0,16.0,60.0,5.7939453,6.3125,256,6.3125,6.06472475
475.0,17.0,75.0,7.0908203,7.96875,256,7.96875,7.5253565
475.0,18.0,90.0,7.5117188,8.6875,256,8.6875,8.12769375
475.0,19.0,105.0,7.126953,8.125,256,8.125,7.6152145
475.0,20.0,120.0,5.8876953,6.59375,256,6.59375,6.2613205
475.0,21.0,135.0,3.9521484,4.53125,256,4.53125,4.365894
475.0,22.0,150.0,1.9980469,2.3125,256,2.3125,2.1963755
475.0,23.0,165.0,0.54589844,0.625,256,0.625,0.58702625
475.0,24.0,180.0,0.0009765625,0.0,256,0.0,0.0
103.0,1.0,-165.0,1.7265625,2.03125,257,2.03125,2.2297585
103.0,2.0,-150.0,2.866211,3.25,257,3.25,3.47791875
103.0,3.0,-135.0,3.6279297,3.9375,257,3.9375,4.26951
103.0,4.0,-120.0,2.883789,3.84375,257,3.84375,4.15197925
103.0,5.0,-105.0,1.7880859,2.6875,257,2.6875,3.10104225
103.0,6.0,-90.0,0.640625,1.125,257,1.125,1.703788
103.0,7.0,-75.0,0.25683594,0.15625,257,0.15625,0.9463955
103.0,8.0,-60.0,0.22851562,0.0625,257,0.0625,0.74967425
103.0,9.0,-45.0,0.26171875,0.15625,257,0.15625,0.93240225
103.0,10.0,-30.0,0.61328125,1.0625,257,1.0625,1.61487125
103.0,11.0,-15.0,1.7001953,2.59375,257,2.59375,2.9907905
103.0,12.0,0.0,2.7773438,3.78125,257,3.78125,4.06362725
103.0,13.0,15.0,3.6357422,3.9375,257,3.9375,4.3040225
103.0,14.0,30.0,3.0566406,3.40625,257,3.40625,3.64633975
103.0,15.0,45.0,2.0322266,2.25,257,2.25,2.50039925
103.0,16.0,60.0,1.0146484,1.6875,257,1.6875,1.8509995
103.0,17.0,75.0,0.17480469,0.09375,257,0.09375,0.30873
103.0,18.0,90.0,0.0,0.09375,257,0.09375,0.0
103.0,19.0,105.0,0.5703125,0.8125,257,0.8125,0.435987
103.0,20.0,120.0,0.9511719,1.375,257,1.375,0.969111
103.0,21.0,135.0,0.7636719,1.0,257,1.0,0.5796845
103.0,22.0,150.0,0.103515625,0.21875,257,0.21875,0.06645225
103.0,23.0,165.0,0.056640625,0.0,257,0.0,0.17475875
103.0,24.0,180.0,0.9580078,1.46875,257,1.46875,1.71690275
211.0,1.0,-165.0,0.3701172,0.53125,258,0.53125,0.390807
211.0,2.0,-150.0,1.4726562,2.0,258,2.0,1.545909
211.0,3.0,-135.0,3.2109375,4.25,258,4.25,3.35517975
211.0,4.0,-120.0,5.185547,6.90625,258,6.90625,5.50725375
211.0,5.0,-105.0,6.7734375,9.3125,258,9.3125,7.37783125
211.0,6.0,-90.0,7.586914,10.4375,258,10.4375,8.188875
211.0,7.0,-75.0,6.823242,9.40625,258,9.40625,7.48237275
211.0,8.0,-60.0,5.2802734,7.0,258,7.0,5.58958175
211.0,9.0,-45.0,3.3388672,4.25,258,4.25,3.38592725
211.0,10.0,-30.0,1.5146484,1.96875,258,1.96875,1.52978225
211.0,11.0,-15.0,0.39160156,0.5,258,0.5,0.3849085
211.0,12.0,0.0,0.00390625,0.0,258,0.0,0.0
211.0,13.0,15.0,0.39160156,0.5,258,0.5,0.38497125
211.0,14.0,30.0,1.5146484,1.96875,258,1.96875,1.53003325
211.0,15.0,45.0,3.3447266,4.25,258,4.25,3.3946495
211.0,16.0,60.0,5.2978516,7.0,258,7.0,5.59422525
211.0,17.0,75.0,6.8359375,9.40625,258,9.40625,7.48387875
211.0,18.0,90.0,7.5878906,10.4375,258,10.4375,8.188875
211.0,19.0,105.0,6.7734375,9.3125,258,9.3125,7.37783125
211.0,20.0,120.0,5.182617,6.90625,258,6.90625,5.50399075
211.0,21.0,135.0,3.2158203,4.25,258,4.25,3.3554935
211.0,22.0,150.0,1.4746094,2.0,258,2.0,1.54446575
211.0,23.0,165.0,0.3701172,0.53125,258,0.53125,0.39061875
211.0,24.0,180.0,0.0,0.0,258,0.0,0.00081575
439.0,1.0,-165.0,1.28125,0.34375,259,0.34375,0.65856125
439.0,2.0,-150.0,0.3203125,0.0,259,0.0,0.03005725
439.0,3.0,-135.0,0.0,0.25,259,0.25,0.02139775
439.0,4.0,-120.0,0.48242188,1.125,259,1.125,0.604157
439.0,5.0,-105.0,1.2246094,2.15625,259,2.15625,1.349376
439.0,6.0,-90.0,1.7539062,2.625,259,2.625,1.755243
439.0,7.0,-75.0,1.1875,2.09375,259,2.09375,1.387277
439.0,8.0,-60.0,0.46777344,1.03125,259,1.03125,0.590101
439.0,9.0,-45.0,0.015625,0.1875,259,0.1875,6.27e-05
439.0,10.0,-30.0,0.4189453,0.0,259,0.0,0.08264175
439.0,11.0,-15.0,1.3613281,0.375,259,0.375,0.7315395
439.0,12.0,0.0,1.8847656,0.71875,259,0.71875,1.1921245
439.0,13.0,15.0,1.3525391,0.375,259,0.375,0.73084925
439.0,14.0,30.0,0.41992188,0.0,259,0.0,0.08226525
439.0,15.0,45.0,0.015625,0.1875,259,0.1875,0.0
439.0,16.0,60.0,0.46777344,1.03125,259,1.03125,0.592109
439.0,17.0,75.0,1.1835938,2.09375,259,2.09375,1.390791
439.0,18.0,90.0,1.7529297,2.625,259,2.625,1.754741
439.0,19.0,105.0,1.2207031,2.15625,259,2.15625,1.351886
439.0,20.0,120.0,0.48046875,1.125,259,1.125,0.60371775
439.0,21.0,135.0,0.0029296875,0.25,259,0.25,0.02152325
439.0,22.0,150.0,0.328125,0.0,259,0.0,0.02968075
439.0,23.0,165.0,1.2802734,0.34375,259,0.34375,0.65906325
439.0,24.0,180.0,1.8876953,0.71875,259,0.71875,1.19206175
447.0,1.0,-165.0,0.18261719,0.09375,260,0.09375,0.01060475
447.0,2.0,-150.0,0.36816406,0.46875,260,0.46875,0.27804525
447.0,3.0,-135.0,1.0898438,1.375,260,1.375,1.053698
447.0,4.0,-120.0,2.2392578,2.8125,260,2.8125,2.3048075
447.0,5.0,-105.0,3.2060547,4.34375,260,4.34375,3.65449725
447.0,6.0,-90.0,3.4345703,5.09375,260,5.09375,4.32956175
447.0,7.0,-75.0,3.1240234,4.25,260,4.25,3.68963725
447.0,8.0,-60.0,2.165039,2.71875,260,2.71875,2.362914
447.0,9.0,-45.0,0.98828125,1.3125,260,1.3125,1.08802225
447.0,10.0,-30.0,0.22558594,0.375,260,0.375,0.28959125
447.0,11.0,-15.0,0.009765625,0.03125,260,0.03125,0.033132
447.0,12.0,0.0,0.0,0.0,260,0.0,0.0279865
447.0,13.0,15.0,0.0087890625,0.03125,260,0.03125,0.033885
447.0,14.0,30.0,0.2265625,0.375,260,0.375,0.289403
447.0,15.0,45.0,0.9921875,1.3125,260,1.3125,1.08676725
447.0,16.0,60.0,2.1767578,2.71875,260,2.71875,2.373456
447.0,17.0,75.0,3.1240234,4.25,260,4.25,3.68963725
447.0,18.0,90.0,3.4375,5.09375,260,5.09375,4.33031475
447.0,19.0,105.0,3.209961,4.34375,260,4.34375,3.6551875
447.0,20.0,120.0,2.2392578,2.8125,260,2.8125,2.3048075
447.0,21.0,135.0,1.0898438,1.375,260,1.375,1.0545765
447.0,22.0,150.0,0.3642578,0.46875,260,0.46875,0.27904925
447.0,23.0,165.0,0.18261719,0.09375,260,0.09375,0.01060475
447.0,24.0,180.0,0.20703125,0.03125,260,0.03125,0.0
320.0,1.0,-165.0,0.41601562,0.375,261,0.375,0.698533
320.0,2.0,-150.0,0.033203125,0.0,261,0.0,0.1672915
320.0,3.0,-135.0,0.025390625,0.0625,261,0.0625,0.00043925
320.0,4.0,-120.0,0.25976562,0.40625,261,0.40625,0.0709075
320.0,5.0,-105.0,0.48828125,0.8125,261,0.8125,0.20287075
320.0,6.0,-90.0,0.6894531,1.09375,261,1.09375,0.19722325
320.0,7.0,-75.0,0.4921875,0.75,261,0.75,0.24240325
320.0,8.0,-60.0,0.2265625,0.3125,261,0.3125,0.07737075
320.0,9.0,-45.0,0.0,0.03125,261,0.03125,0.0219625
320.0,10.0,-30.0,0.068359375,0.0625,261,0.0625,0.2445995
320.0,11.0,-15.0,0.5097656,0.5,261,0.5,0.8341985
320.0,12.0,0.0,1.3867188,1.3125,261,1.3125,1.7769545
320.0,13.0,15.0,0.51171875,0.5,261,0.5,0.8347005
320.0,14.0,30.0,0.064453125,0.0625,261,0.0625,0.242968
320.0,15.0,45.0,0.0,0.03125,261,0.03125,0.021586
320.0,16.0,60.0,0.22265625,0.3125,261,0.3125,0.07724525
320.0,17.0,75.0,0.5,0.75,261,0.75,0.24403475
320.0,18.0,90.0,0.6972656,1.09375,261,1.09375,0.2044395
320.0,19.0,105.0,0.4921875,0.8125,261,0.8125,0.2006745
320.0,20.0,120.0,0.265625,0.40625,261,0.40625,0.066766
320.0,21.0,135.0,0.021484375,0.0625,261,0.0625,0.0
320.0,22.0,150.0,0.033203125,0.0,261,0.0,0.1672915
320.0,23.0,165.0,0.40820312,0.375,261,0.375,0.703051
320.0,24.0,180.0,1.2734375,1.21875,261,1.21875,1.6404105
304.0,1.0,-165.0,0.24804688,0.25,262,0.25,0.1622715
304.0,2.0,-150.0,1.0380859,1.0,262,1.0,0.75557275
304.0,3.0,-135.0,2.2050781,2.1875,262,2.1875,1.74990925
304.0,4.0,-120.0,3.5878906,3.6875,262,3.6875,3.03904525
304.0,5.0,-105.0,4.756836,5.0625,262,5.0625,4.16879625
304.0,6.0,-90.0,5.2714844,5.625,262,5.625,4.65146925
304.0,7.0,-75.0,4.7910156,5.0625,262,5.0625,4.18398175
304.0,8.0,-60.0,3.6289062,3.75,262,3.75,3.100603
304.0,9.0,-45.0,2.2402344,2.25,262,2.25,1.82797025
304.0,10.0,-30.0,1.0615234,1.0,262,1.0,0.80012525
304.0,11.0,-15.0,0.2607422,0.25,262,0.25,0.18115925
304.0,12.0,0.0,0.0,0.0,262,0.0,0.0
304.0,13.0,15.0,0.2607422,0.25,262,0.25,0.180971
304.0,14.0,30.0,1.0625,1.0,262,1.0,0.799937
304.0,15.0,45.0,2.2402344,2.25,262,2.25,1.82784475
304.0,16.0,60.0,3.6279297,3.75,262,3.75,3.1004775
304.0,17.0,75.0,4.790039,5.0625,262,5.0625,4.18398175
304.0,18.0,90.0,5.283203,5.5625,262,5.5625,4.65849725
304.0,19.0,105.0,4.756836,5.0625,262,5.0625,4.16841975
304.0,20.0,120.0,3.5878906,3.6875,262,3.6875,3.03917075
304.0,21.0,135.0,2.2050781,2.1875,262,2.1875,1.74965825
304.0,22.0,150.0,1.0371094,1.0,262,1.0,0.75519625
304.0,23.0,165.0,0.24804688,0.25,262,0.25,0.16220875
304.0,24.0,180.0,0.001953125,0.0,262,0.0,0.00069025
236.0,1.0,-165.0,0.29492188,0.3125,263,0.3125,0.24390925
236.0,2.0,-150.0,1.0917969,1.34375,263,1.34375,1.02659
236.0,3.0,-135.0,2.4326172,3.09375,263,3.09375,2.4385905
236.0,4.0,-120.0,4.520508,5.59375,263,5.59375,4.49283725
236.0,5.0,-105.0,7.109375,8.625,263,8.625,7.01137125
236.0,6.0,-90.0,9.230469,11.40625,263,11.40625,9.42272825
236.0,7.0,-75.0,6.709961,8.125,263,8.125,6.66549325
236.0,8.0,-60.0,4.1757812,5.09375,263,5.09375,4.10692475
236.0,9.0,-45.0,2.2294922,2.75,263,2.75,2.16920475
236.0,10.0,-30.0,0.98046875,1.15625,263,1.15625,0.8944385
236.0,11.0,-15.0,0.2578125,0.28125,263,0.28125,0.2094595
236.0,12.0,0.0,0.0068359375,0.0,263,0.0,0.00056475
236.0,13.0,15.0,0.2578125,0.28125,263,0.28125,0.2094595
236.0,14.0,30.0,0.98339844,1.15625,263,1.15625,0.8939365
236.0,15.0,45.0,2.2294922,2.75,263,2.75,2.16920475
236.0,16.0,60.0,4.1757812,5.09375,263,5.09375,4.10692475
236.0,17.0,75.0,6.708008,8.125,263,8.125,6.667815
236.0,18.0,90.0,9.230469,11.40625,263,11.40625,9.4226655
236.0,19.0,105.0,7.1132812,8.625,263,8.625,7.01325375
236.0,20.0,120.0,4.520508,5.59375,263,5.59375,4.4929
236.0,21.0,135.0,2.4296875,3.09375,263,3.09375,2.43852775
236.0,22.0,150.0,1.0917969,1.34375,263,1.34375,1.02659
236.0,23.0,165.0,0.29492188,0.3125,263,0.3125,0.243972
236.0,24.0,180.0,0.0,0.0,263,0.0,0.0
146.0,1.0,-165.0,0.15234375,0.0,264,0.0,0.043423
146.0,2.0,-150.0,0.0,0.0625,264,0.0625,0.000502
146.0,3.0,-135.0,0.41601562,0.71875,264,0.71875,0.50632975
146.0,4.0,-120.0,1.2646484,1.875,264,1.875,1.46778525
146.0,5.0,-105.0,1.9941406,3.09375,264,3.09375,2.43902975
146.0,6.0,-90.0,2.1328125,3.625,264,3.625,2.85857625
146.0,7.0,-75.0,2.0351562,3.0625,264,3.0625,2.4340725
146.0,8.0,-60.0,1.3007812,1.875,264,1.875,1.46113375
146.0,9.0,-45.0,0.44433594,0.71875,264,0.71875,0.5023765
146.0,10.0,-30.0,0.009765625,0.0625,264,0.0625,0.0008785
146.0,11.0,-15.0,0.14257812,0.0,264,0.0,0.0360185
146.0,12.0,0.0,0.36621094,0.09375,264,0.09375,0.20688675
146.0,13.0,15.0,0.14648438,0.0,264,0.0,0.03683425
146.0,14.0,30.0,0.009765625,0.0625,264,0.0625,0.0
146.0,15.0,45.0,0.4423828,0.71875,264,0.71875,0.50068225
146.0,16.0,60.0,1.2998047,1.875,264,1.875,1.46113375
146.0,17.0,75.0,2.0351562,3.0625,264,3.0625,2.433947
146.0,18.0,90.0,2.1357422,3.625,264,3.625,2.85895275
146.0,19.0,105.0,1.9960938,3.09375,264,3.09375,2.439971
146.0,20.0,120.0,1.2675781,1.875,264,1.875,1.46690675
146.0,21.0,135.0,0.42285156,0.71875,264,0.71875,0.50632975
146.0,22.0,150.0,0.0,0.0625,264,0.0625,0.00043925
146.0,23.0,165.0,0.15234375,0.0,264,0.0,0.043423
146.0,24.0,180.0,0.3642578,0.09375,264,0.09375,0.20324725
27.0,1.0,-165.0,0.9638672,0.75,265,0.75,1.0450385
27.0,2.0,-150.0,1.7646484,1.09375,265,1.09375,1.589834
27.0,3.0,-135.0,2.9013672,2.46875,265,2.46875,2.7099215
27.0,4.0,-120.0,5.501953,3.71875,265,3.71875,4.12876175
27.0,5.0,-105.0,9.800781,4.625,265,4.625,5.594539
27.0,6.0,-90.0,12.614258,5.8125,265,5.8125,6.724792
27.0,7.0,-75.0,12.783203,9.03125,265,9.03125,9.573391
27.0,8.0,-60.0,8.453125,5.5625,265,5.5625,6.14178175
27.0,9.0,-45.0,4.727539,2.875,265,2.875,3.31953775
27.0,10.0,-30.0,2.3154297,1.03125,265,1.03125,1.4963365
27.0,11.0,-15.0,0.5888672,0.1875,265,0.1875,0.34568975
27.0,12.0,0.0,0.0,0.0,265,0.0,0.0
27.0,13.0,15.0,0.5888672,0.1875,265,0.1875,0.34481125
27.0,14.0,30.0,2.3242188,1.03125,265,1.03125,1.492195
27.0,15.0,45.0,4.713867,2.875,265,2.875,3.29908125
27.0,16.0,60.0,8.447266,5.5625,265,5.5625,6.1383305
27.0,17.0,75.0,12.801758,9.03125,265,9.03125,9.5700025
27.0,18.0,90.0,12.615234,5.8125,265,5.8125,6.7374675
27.0,19.0,105.0,9.8046875,4.625,265,4.625,5.597049
27.0,20.0,120.0,5.506836,3.71875,265,3.71875,4.13177375
27.0,21.0,135.0,2.9042969,2.46875,265,2.46875,2.7146905
27.0,22.0,150.0,1.7675781,1.09375,265,1.09375,1.58989675
27.0,23.0,165.0,0.9658203,0.75,265,0.75,1.04359525
27.0,24.0,180.0,0.9785156,1.03125,265,1.03125,1.06919725
367.0,1.0,-165.0,0.29589844,0.234375,266,0.234375,0.59487
367.0,2.0,-150.0,0.07324219,0.03125,266,0.03125,0.56726
367.0,3.0,-135.0,0.0,0.0,266,0.0,0.48926175
367.0,4.0,-120.0,0.09765625,0.140625,266,0.140625,0.456318
367.0,5.0,-105.0,0.19726562,0.390625,266,0.390625,0.37003675
367.0,6.0,-90.0,0.6464844,0.65625,266,0.65625,0.1916385
367.0,7.0,-75.0,0.7451172,0.96875,266,0.96875,0.0
367.0,8.0,-60.0,1.2128906,1.6875,266,1.6875,0.41069875
367.0,9.0,-45.0,3.022461,3.21875,266,3.21875,1.8876455
367.0,10.0,-30.0,6.0683594,5.359375,266,5.359375,4.3780675
367.0,11.0,-15.0,9.318359,7.640625,266,7.640625,7.026996
367.0,12.0,0.0,11.633789,9.578125,266,9.578125,9.137153
367.0,13.0,15.0,13.270508,11.109375,266,11.109375,10.79594925
367.0,14.0,30.0,13.625,12.015625,266,12.015625,11.753828
367.0,15.0,45.0,12.958984,11.28125,266,11.28125,11.07506125
367.0,16.0,60.0,12.546875,10.46875,266,10.46875,10.31804525
367.0,17.0,75.0,11.297852,9.25,266,9.25,8.86161775
367.0,18.0,90.0,9.383789,7.453125,266,7.453125,6.98526725
367.0,19.0,105.0,5.879883,5.25,266,5.25,4.28036575
367.0,20.0,120.0,2.6425781,2.96875,266,2.96875,1.65289775
367.0,21.0,135.0,1.2216797,1.46875,266,1.46875,0.354914
367.0,22.0,150.0,1.0507812,0.875,266,0.875,0.148341
367.0,23.0,165.0,0.8730469,0.6875,266,0.6875,0.3982115
367.0,24.0,180.0,0.5419922,0.484375,266,0.484375,0.57560575
4.0,1.0,-165.0,0.9267578,0.9609375,267,0.9609375,0.64864675
4.0,2.0,-150.0,0.68066406,0.546875,267,0.546875,0.40818875
4.0,3.0,-135.0,0.2993164,0.1484375,267,0.1484375,0.13554
4.0,4.0,-120.0,0.00048828125,0.0,267,0.0,0.0
4.0,5.0,-105.0,0.10498047,0.171875,267,0.171875,0.07599025
4.0,6.0,-90.0,0.5957031,0.609375,267,0.609375,0.292415
4.0,7.0,-75.0,1.0375977,1.265625,267,1.265625,0.64111675
4.0,8.0,-60.0,1.8242188,2.3203125,267,2.3203125,1.58261775
4.0,9.0,-45.0,3.0439453,3.5625,267,3.5625,2.97027125
4.0,10.0,-30.0,3.9194336,4.0625,267,4.0625,3.7646235
4.0,11.0,-15.0,3.6728516,3.8203125,267,3.8203125,3.51406275
4.0,12.0,0.0,3.4760742,3.6796875,267,3.6796875,3.3685455
4.0,13.0,15.0,3.6635742,3.8125,267,3.8125,3.5131215
4.0,14.0,30.0,3.915039,4.0625,267,4.0625,3.76368225
4.0,15.0,45.0,3.0439453,3.5625,267,3.5625,2.97027125
4.0,16.0,60.0,1.8266602,2.3203125,267,2.3203125,1.58349625
4.0,17.0,75.0,1.0375977,1.265625,267,1.265625,0.64111675
4.0,18.0,90.0,0.59472656,0.609375,267,0.609375,0.292415
4.0,19.0,105.0,0.10498047,0.171875,267,0.171875,0.07599025
4.0,20.0,120.0,0.0,0.0,267,0.0,0.0
4.0,21.0,135.0,0.2993164,0.1484375,267,0.1484375,0.13554
4.0,22.0,150.0,0.68066406,0.546875,267,0.546875,0.40818875
4.0,23.0,165.0,0.9267578,0.9609375,267,0.9609375,0.64864675
4.0,24.0,180.0,0.98046875,1.1328125,267,1.1328125,0.7280255
17.0,1.0,-165.0,0.20800781,0.15625,268,0.15625,0.023845
17.0,2.0,-150.0,1.2333984,1.0625,268,1.0625,0.604157
17.0,3.0,-135.0,3.2363281,2.9375,268,2.9375,2.086563
17.0,4.0,-120.0,5.885742,5.53125,268,5.53125,4.27434175
17.0,5.0,-105.0,8.796875,8.53125,268,8.53125,6.848786
17.0,6.0,-90.0,11.584961,11.34375,268,11.34375,9.3390825
17.0,7.0,-75.0,13.788086,13.34375,268,13.34375,11.09099975
17.0,8.0,-60.0,14.456055,13.84375,268,13.84375,11.5915565
17.0,9.0,-45.0,3.0605469,2.625,268,2.625,1.8670635
17.0,10.0,-30.0,1.1035156,0.90625,268,0.90625,0.4923365
17.0,11.0,-15.0,0.16015625,0.09375,268,0.09375,0.008785
17.0,12.0,0.0,0.0,0.0,268,0.0,0.21993875
17.0,13.0,15.0,0.08886719,0.09375,268,0.09375,0.0
17.0,14.0,30.0,1.0195312,0.875,268,0.875,0.45035675
17.0,15.0,45.0,2.9726562,2.5625,268,2.5625,1.80475275
17.0,16.0,60.0,5.7460938,5.15625,268,5.15625,4.03036975
17.0,17.0,75.0,8.811523,8.34375,268,8.34375,6.8280785
17.0,18.0,90.0,11.614258,11.4375,268,11.4375,9.50279725
17.0,19.0,105.0,13.685547,13.5,268,13.5,11.22779475
17.0,20.0,120.0,14.3125,13.96875,268,13.96875,11.70193375
17.0,21.0,135.0,3.1884766,2.96875,268,2.96875,2.1075215
17.0,22.0,150.0,1.1767578,1.125,268,1.125,0.620472
17.0,23.0,165.0,0.13769531,0.15625,268,0.15625,0.0202055
17.0,24.0,180.0,0.0029296875,0.0,268,0.0,0.21981325
433.0,1.0,-165.0,5.067383,3.5625,269,3.5625,4.93968
433.0,2.0,-150.0,3.2011719,1.9375,269,1.9375,3.0201575
433.0,3.0,-135.0,2.274414,1.1875,269,1.1875,1.9935675
433.0,4.0,-120.0,1.9990234,1.0625,269,1.0625,1.5932225
433.0,5.0,-105.0,1.6191406,1.0625,269,1.0625,1.3070825
433.0,6.0,-90.0,1.5703125,1.3125,269,1.3125,1.6434225
433.0,7.0,-75.0,0.43554688,0.375,269,0.375,0.4925875
433.0,8.0,-60.0,0.0,0.0,269,0.0,0.0006275
433.0,9.0,-45.0,0.7597656,0.5,269,0.5,0.65511
433.0,10.0,-30.0,2.6982422,2.125,269,2.125,2.5106275
433.0,11.0,-15.0,5.567383,4.5,269,4.5,5.335005
433.0,12.0,0.0,8.738281,7.5625,269,7.5625,8.7906475
433.0,13.0,15.0,5.540039,4.5,269,4.5,5.332495
433.0,14.0,30.0,2.7392578,2.0625,269,2.0625,2.5583175
433.0,15.0,45.0,0.765625,0.5,269,0.5,0.658875
433.0,16.0,60.0,0.001953125,0.0,269,0.0,0.0
433.0,17.0,75.0,0.4296875,0.375,269,0.375,0.4938425
433.0,18.0,90.0,1.5625,1.3125,269,1.3125,1.6434225
433.0,19.0,105.0,1.6230469,1.0625,269,1.0625,1.3083375
433.0,20.0,120.0,1.9980469,1.0625,269,1.0625,1.592595
433.0,21.0,135.0,2.2753906,1.1875,269,1.1875,1.9935675
433.0,22.0,150.0,3.2011719,1.9375,269,1.9375,3.01953
433.0,23.0,165.0,5.0595703,3.5625,269,3.5625,4.920855
433.0,24.0,180.0,7.1972656,5.875,269,5.875,7.57267
470.0,1.0,-165.0,1.0986328,0.4375,270,0.4375,0.03746175
470.0,2.0,-150.0,0.6953125,0.34375,270,0.34375,0.0867205
470.0,3.0,-135.0,0.48339844,0.34375,270,0.34375,0.17500975
470.0,4.0,-120.0,0.19824219,0.3125,270,0.3125,0.19860375
470.0,5.0,-105.0,0.00390625,0.125,270,0.125,0.0909875
470.0,6.0,-90.0,0.23730469,0.0,270,0.0,0.0
470.0,7.0,-75.0,1.0126953,0.15625,270,0.15625,0.18417125
470.0,8.0,-60.0,2.0019531,0.6875,270,0.6875,0.644066
470.0,9.0,-45.0,2.7519531,1.46875,270,1.46875,1.368703
470.0,10.0,-30.0,3.540039,2.375,270,2.375,2.288367
470.0,11.0,-15.0,4.3447266,3.15625,270,3.15625,3.0618235
470.0,12.0,0.0,4.685547,3.46875,270,3.46875,3.39170025
470.0,13.0,15.0,4.3447266,3.15625,270,3.15625,3.06201175
470.0,14.0,30.0,3.540039,2.375,270,2.375,2.28805325
470.0,15.0,45.0,2.7470703,1.46875,270,1.46875,1.36813825
470.0,16.0,60.0,2.0009766,0.6875,270,0.6875,0.644568
470.0,17.0,75.0,1.015625,0.15625,270,0.15625,0.18655575
470.0,18.0,90.0,0.24316406,0.0,270,0.0,0.004016
470.0,19.0,105.0,0.0,0.125,270,0.125,0.090611
470.0,20.0,120.0,0.20800781,0.3125,270,0.3125,0.20073725
470.0,21.0,135.0,0.484375,0.34375,270,0.34375,0.177708
470.0,22.0,150.0,0.6953125,0.34375,270,0.34375,0.08828925
470.0,23.0,165.0,1.1005859,0.4375,270,0.4375,0.03765
470.0,24.0,180.0,1.3867188,0.53125,270,0.53125,0.03131225
259.0,1.0,-165.0,3.6484375,3.125,271,3.125,3.792359
259.0,2.0,-150.0,1.1328125,0.875,271,0.875,1.20825125
259.0,3.0,-135.0,0.13867188,0.0,271,0.0,0.09569375
259.0,4.0,-120.0,0.0,0.125,271,0.125,0.0
259.0,5.0,-105.0,0.44335938,0.8125,271,0.8125,0.488195
259.0,6.0,-90.0,1.71875,1.875,271,1.875,1.301435
259.0,7.0,-75.0,0.49023438,0.8125,271,0.8125,0.5073965
259.0,8.0,-60.0,0.0078125,0.1875,271,0.1875,0.02114675
259.0,9.0,-45.0,0.1171875,0.0,271,0.0,0.0673935
259.0,10.0,-30.0,1.0390625,0.75,271,0.75,1.057965
259.0,11.0,-15.0,3.3105469,2.6875,271,2.6875,3.2829545
259.0,12.0,0.0,6.8515625,5.6875,271,5.6875,6.74631525
259.0,13.0,15.0,3.3105469,2.6875,271,2.6875,3.284084
259.0,14.0,30.0,1.0410156,0.75,271,0.75,1.0578395
259.0,15.0,45.0,0.115234375,0.0,271,0.0,0.0668915
259.0,16.0,60.0,0.0078125,0.1875,271,0.1875,0.02114675
259.0,17.0,75.0,0.49023438,0.8125,271,0.8125,0.5073965
259.0,18.0,90.0,1.7167969,1.875,271,1.875,1.30137225
259.0,19.0,105.0,0.4453125,0.8125,271,0.8125,0.489199
259.0,20.0,120.0,0.001953125,0.125,271,0.125,0.000251
259.0,21.0,135.0,0.13476562,0.0,271,0.0,0.0947525
259.0,22.0,150.0,1.125,0.875,271,0.875,1.206808
259.0,23.0,165.0,3.6484375,3.125,271,3.125,3.7922335
259.0,24.0,180.0,7.501953,6.5,271,6.5,7.77604275
301.0,1.0,-165.0,0.34472656,0.375,272,0.375,0.30477675
301.0,2.0,-150.0,1.4345703,1.4375,272,1.4375,1.214087
301.0,3.0,-135.0,2.8652344,3.0,272,3.0,2.5573135
301.0,4.0,-120.0,4.203125,4.5625,272,4.5625,3.95557175
301.0,5.0,-105.0,5.3164062,5.5,272,5.5,5.04930425
301.0,6.0,-90.0,5.7871094,6.0,272,6.0,5.55996375
301.0,7.0,-75.0,6.46875,6.4375,272,6.4375,6.16324225
301.0,8.0,-60.0,6.5976562,6.4375,272,6.4375,6.17830225
301.0,9.0,-45.0,6.548828,6.125,272,6.125,5.7924525
301.0,10.0,-30.0,6.354492,5.4375,272,5.4375,5.17831825
301.0,11.0,-15.0,6.1191406,4.875,272,4.875,4.71271325
301.0,12.0,0.0,5.9921875,4.6875,272,4.6875,4.5314285
301.0,13.0,15.0,6.1191406,4.875,272,4.875,4.71271325
301.0,14.0,30.0,6.3535156,5.4375,272,5.4375,5.177628
301.0,15.0,45.0,6.548828,6.125,272,6.125,5.790068
301.0,16.0,60.0,6.6035156,6.4375,272,6.4375,6.18282025
301.0,17.0,75.0,6.4658203,6.4375,272,6.4375,6.16776025
301.0,18.0,90.0,5.786133,6.0,272,6.0,5.5577675
301.0,19.0,105.0,5.288086,5.5,272,5.5,5.01717625
301.0,20.0,120.0,4.198242,4.5625,272,4.5625,3.95331275
301.0,21.0,135.0,2.8623047,3.0,272,3.0,2.558694
301.0,22.0,150.0,1.4345703,1.4375,272,1.4375,1.2179775
301.0,23.0,165.0,0.3388672,0.375,272,0.375,0.304965
301.0,24.0,180.0,0.0,0.0,272,0.0,0.0
478.0,1.0,-165.0,1.6171875,1.125,273,1.125,1.42875475
478.0,2.0,-150.0,0.25097656,0.03125,273,0.03125,0.16133025
478.0,3.0,-135.0,0.0087890625,0.0,273,0.0,0.0
478.0,4.0,-120.0,0.37890625,0.75,273,0.75,0.60371775
478.0,5.0,-105.0,0.9638672,1.625,273,1.625,1.38545725
478.0,6.0,-90.0,1.6152344,2.09375,273,2.09375,1.840834
478.0,7.0,-75.0,0.9550781,1.625,273,1.625,1.40503525
478.0,8.0,-60.0,0.37597656,0.78125,273,0.78125,0.64249725
478.0,9.0,-45.0,0.0029296875,0.03125,273,0.03125,0.00972625
478.0,10.0,-30.0,0.25683594,0.0,273,0.0,0.15932225
478.0,11.0,-15.0,1.7050781,1.125,273,1.125,1.46502425
478.0,12.0,0.0,4.0146484,3.15625,273,3.15625,3.6190435
478.0,13.0,15.0,1.7060547,1.125,273,1.125,1.4632045
478.0,14.0,30.0,0.25976562,0.0,273,0.0,0.1605145
478.0,15.0,45.0,0.0,0.03125,273,0.03125,0.00796925
478.0,16.0,60.0,0.37109375,0.78125,273,0.78125,0.64262275
478.0,17.0,75.0,0.9511719,1.625,273,1.625,1.40616475
478.0,18.0,90.0,1.6142578,2.09375,273,2.09375,1.84102225
478.0,19.0,105.0,0.9501953,1.625,273,1.625,1.385269
478.0,20.0,120.0,0.37695312,0.75,273,0.75,0.6020235
478.0,21.0,135.0,0.01171875,0.0,273,0.0,0.000502
478.0,22.0,150.0,0.25097656,0.03125,273,0.03125,0.161142
478.0,23.0,165.0,1.6162109,1.125,273,1.125,1.42498975
478.0,24.0,180.0,3.8671875,3.09375,273,3.09375,3.527554
254.0,1.0,-165.0,0.0126953125,0.0625,274,0.0625,0.0006275
254.0,2.0,-150.0,0.18457031,0.5625,274,0.5625,0.0822025
254.0,3.0,-135.0,1.0019531,1.5,274,1.5,0.586085
254.0,4.0,-120.0,2.3535156,2.8125,274,2.8125,1.4664675
254.0,5.0,-105.0,3.6210938,4.0625,274,4.0625,2.4139925
254.0,6.0,-90.0,4.142578,4.625,274,4.625,2.8783425
254.0,7.0,-75.0,3.6591797,4.0,274,4.0,2.468585
254.0,8.0,-60.0,2.3408203,2.75,274,2.75,1.5028625
254.0,9.0,-45.0,0.9121094,1.4375,274,1.4375,0.588595
254.0,10.0,-30.0,0.12011719,0.5,274,0.5,0.084085
254.0,11.0,-15.0,0.0,0.0625,274,0.0625,0.00502
254.0,12.0,0.0,0.043945312,0.0,274,0.0,0.0458075
254.0,13.0,15.0,0.001953125,0.0625,274,0.0625,0.003765
254.0,14.0,30.0,0.125,0.5,274,0.5,0.0834575
254.0,15.0,45.0,0.9082031,1.4375,274,1.4375,0.58734
254.0,16.0,60.0,2.3398438,2.75,274,2.75,1.5041175
254.0,17.0,75.0,3.6591797,4.0,274,4.0,2.468585
254.0,18.0,90.0,4.138672,4.625,274,4.625,2.87646
254.0,19.0,105.0,3.6210938,4.0625,274,4.0625,2.4139925
254.0,20.0,120.0,2.3535156,2.8125,274,2.8125,1.4664675
254.0,21.0,135.0,0.99902344,1.5,274,1.5,0.58483
254.0,22.0,150.0,0.18457031,0.5625,274,0.5625,0.0822025
254.0,23.0,165.0,0.01171875,0.0625,274,0.0625,0.0
254.0,24.0,180.0,0.053710938,0.0,274,0.0,0.0533375
50.0,1.0,-165.0,0.03125,0.1875,275,0.1875,0.087097
50.0,2.0,-150.0,0.43847656,0.90625,275,0.90625,0.49666625
50.0,3.0,-135.0,1.3818359,2.15625,275,2.15625,1.3472425
50.0,4.0,-120.0,2.7021484,3.71875,275,3.71875,2.41317675
50.0,5.0,-105.0,6.1621094,7.78125,275,7.78125,5.8012375
50.0,6.0,-90.0,6.65625,7.71875,275,7.71875,5.87848275
50.0,7.0,-75.0,6.2958984,7.0,275,7.0,5.48240475
50.0,8.0,-60.0,5.620117,6.25,275,6.25,5.0560185
50.0,9.0,-45.0,2.8271484,4.3125,275,4.3125,3.1843115
50.0,10.0,-30.0,4.723633,6.5625,275,6.5625,5.757187
50.0,11.0,-15.0,5.7958984,7.90625,275,7.90625,7.1970485
50.0,12.0,0.0,7.5078125,9.46875,275,9.46875,8.9595705
50.0,13.0,15.0,5.805664,7.90625,275,7.90625,7.20978675
50.0,14.0,30.0,3.0722656,4.84375,275,4.84375,4.00213225
50.0,15.0,45.0,2.8251953,4.3125,275,4.3125,3.18412325
50.0,16.0,60.0,5.620117,6.25,275,6.25,5.05595575
50.0,17.0,75.0,6.2939453,7.0,275,7.0,5.4819655
50.0,18.0,90.0,6.654297,7.71875,275,7.71875,5.87710225
50.0,19.0,105.0,6.1601562,7.78125,275,7.78125,5.80192775
50.0,20.0,120.0,2.6982422,3.71875,275,3.71875,2.4117335
50.0,21.0,135.0,1.4052734,2.15625,275,2.15625,1.35709425
50.0,22.0,150.0,0.41015625,0.90625,275,0.90625,0.48047675
50.0,23.0,165.0,0.021484375,0.1875,275,0.1875,0.08163775
50.0,24.0,180.0,0.0,0.0,275,0.0,0.0
232.0,1.0,-165.0,0.3330078,0.25,276,0.25,0.1590085
232.0,2.0,-150.0,1.2431641,1.0625,276,1.0625,0.6745625
232.0,3.0,-135.0,2.5195312,2.34375,276,2.34375,1.57879
232.0,4.0,-120.0,3.8808594,3.90625,276,3.90625,2.7631335
232.0,5.0,-105.0,5.1484375,5.46875,276,5.46875,3.93687225
232.0,6.0,-90.0,5.9970703,6.4375,276,6.4375,4.69872
232.0,7.0,-75.0,5.8740234,6.3125,276,6.3125,4.80344975
232.0,8.0,-60.0,5.1347656,5.28125,276,5.28125,4.2736515
232.0,9.0,-45.0,4.2001953,4.03125,276,4.03125,3.50414825
232.0,10.0,-30.0,3.3632812,3.0,276,3.0,2.85782325
232.0,11.0,-15.0,2.8320312,2.40625,276,2.40625,2.498705
232.0,12.0,0.0,2.6425781,2.1875,276,2.1875,2.3848765
232.0,13.0,15.0,2.8310547,2.40625,276,2.40625,2.4985795
232.0,14.0,30.0,3.3642578,3.0,276,3.0,2.857886
232.0,15.0,45.0,4.205078,4.03125,276,4.03125,3.50339525
232.0,16.0,60.0,5.135742,5.28125,276,5.28125,4.273777
232.0,17.0,75.0,5.8740234,6.3125,276,6.3125,4.80344975
232.0,18.0,90.0,5.998047,6.4375,276,6.4375,4.69865725
232.0,19.0,105.0,5.1416016,5.46875,276,5.46875,3.93260525
232.0,20.0,120.0,3.8808594,3.90625,276,3.90625,2.76319625
232.0,21.0,135.0,2.5195312,2.34375,276,2.34375,1.57872725
232.0,22.0,150.0,1.2431641,1.0625,276,1.0625,0.6745625
232.0,23.0,165.0,0.3330078,0.25,276,0.25,0.15894575
232.0,24.0,180.0,0.0,0.0,276,0.0,0.0
378.0,1.0,-165.0,3.5419922,2.34375,277,2.34375,2.6873315
378.0,2.0,-150.0,2.211914,1.03125,277,1.03125,1.27828025
378.0,3.0,-135.0,0.79589844,0.1875,277,0.1875,0.30126275
378.0,4.0,-120.0,0.0009765625,0.0,277,0.0,0.00043925
378.0,5.0,-105.0,0.12792969,0.4375,277,0.4375,0.365707
378.0,6.0,-90.0,0.8701172,1.3125,277,1.3125,1.261526
378.0,7.0,-75.0,1.7519531,2.21875,277,2.21875,2.2812135
378.0,8.0,-60.0,2.3574219,2.5,277,2.5,2.71500425
378.0,9.0,-45.0,2.2392578,1.75,277,1.75,2.19367725
378.0,10.0,-30.0,1.4560547,0.71875,277,0.71875,1.250231
378.0,11.0,-15.0,0.67871094,0.1875,277,0.1875,0.6113105
378.0,12.0,0.0,0.47070312,0.375,277,0.375,0.61099675
378.0,13.0,15.0,0.67871094,0.1875,277,0.1875,0.6113105
378.0,14.0,30.0,1.4541016,0.71875,277,0.71875,1.2513605
378.0,15.0,45.0,2.2382812,1.75,277,1.75,2.1936145
378.0,16.0,60.0,2.3574219,2.5,277,2.5,2.7149415
378.0,17.0,75.0,1.7519531,2.21875,277,2.21875,2.2812135
378.0,18.0,90.0,0.87109375,1.3125,277,1.3125,1.260271
378.0,19.0,105.0,0.12597656,0.4375,277,0.4375,0.36639725
378.0,20.0,120.0,0.0,0.0,277,0.0,0.0
378.0,21.0,135.0,0.7919922,0.1875,277,0.1875,0.3003215
378.0,22.0,150.0,2.2109375,1.03125,277,1.03125,1.27928425
378.0,23.0,165.0,3.5458984,2.34375,277,2.34375,2.68839825
378.0,24.0,180.0,4.216797,3.4375,277,3.4375,3.50439925
362.0,1.0,-165.0,0.43359375,0.125,278,0.125,0.29335625
362.0,2.0,-150.0,0.8300781,0.53125,278,0.53125,1.01196925
362.0,3.0,-135.0,0.7050781,0.75,278,0.75,1.279598
362.0,4.0,-120.0,0.47265625,0.53125,278,0.53125,1.119962
362.0,5.0,-105.0,0.33984375,0.28125,278,0.28125,0.9428815
362.0,6.0,-90.0,1.3144531,0.96875,278,0.96875,1.6818255
362.0,7.0,-75.0,0.86328125,1.09375,278,1.09375,1.0611025
362.0,8.0,-60.0,0.0078125,0.0,278,0.0,0.0
362.0,9.0,-45.0,0.4375,1.0625,278,1.0625,0.68817925
362.0,10.0,-30.0,1.9746094,3.15625,278,3.15625,2.55549375
362.0,11.0,-15.0,5.9902344,7.28125,278,7.28125,6.75798675
362.0,12.0,0.0,5.423828,6.5625,278,6.5625,6.08894625
362.0,13.0,15.0,3.9726562,5.3125,278,5.3125,4.841037
362.0,14.0,30.0,2.8535156,4.28125,278,4.28125,3.866404
362.0,15.0,45.0,1.7910156,3.90625,278,3.90625,3.229115
362.0,16.0,60.0,1.7128906,4.34375,278,4.34375,3.6401275
362.0,17.0,75.0,1.5976562,4.0625,278,4.0625,3.329515
362.0,18.0,90.0,3.1503906,4.90625,278,4.90625,4.14903
362.0,19.0,105.0,4.5078125,5.53125,278,5.53125,4.99634325
362.0,20.0,120.0,5.2773438,5.90625,278,5.90625,5.2445195
362.0,21.0,135.0,4.6484375,5.28125,278,5.28125,4.6192785
362.0,22.0,150.0,2.4238281,3.5625,278,3.5625,2.90501125
362.0,23.0,165.0,0.6816406,1.4375,278,1.4375,0.945768
362.0,24.0,180.0,0.0,0.125,278,0.125,0.02365675
63.0,1.0,-165.0,1.7539062,1.21875,279,1.21875,1.530598
63.0,2.0,-150.0,0.40234375,0.125,279,0.125,0.28871275
63.0,3.0,-135.0,0.0029296875,0.0,279,0.0,0.0001255
63.0,4.0,-120.0,0.54296875,0.78125,279,0.78125,0.6321435
63.0,5.0,-105.0,1.5019531,1.84375,279,1.84375,1.553188
63.0,6.0,-90.0,1.8359375,2.375,279,2.375,1.986916
63.0,7.0,-75.0,1.5126953,1.84375,279,1.84375,1.54910925
63.0,8.0,-60.0,0.5576172,0.78125,279,0.78125,0.64048925
63.0,9.0,-45.0,0.00390625,0.0,279,0.0,0.00307475
63.0,10.0,-30.0,0.40722656,0.09375,279,0.09375,0.28683025
63.0,11.0,-15.0,1.7441406,1.1875,279,1.1875,1.518299
63.0,12.0,0.0,2.8583984,2.21875,279,2.21875,2.544889
63.0,13.0,15.0,1.7421875,1.1875,279,1.1875,1.51811075
63.0,14.0,30.0,0.40722656,0.09375,279,0.09375,0.28645375
63.0,15.0,45.0,0.0048828125,0.0,279,0.0,0.0031375
63.0,16.0,60.0,0.5566406,0.78125,279,0.78125,0.6409285
63.0,17.0,75.0,1.5107422,1.84375,279,1.84375,1.549423
63.0,18.0,90.0,1.8359375,2.375,279,2.375,1.98748075
63.0,19.0,105.0,1.5019531,1.84375,279,1.84375,1.55299975
63.0,20.0,120.0,0.5439453,0.78125,279,0.78125,0.63252
63.0,21.0,135.0,0.0,0.0,279,0.0,0.0
63.0,22.0,150.0,0.4013672,0.125,279,0.125,0.2880225
63.0,23.0,165.0,1.7539062,1.21875,279,1.21875,1.5307235
63.0,24.0,180.0,2.8564453,2.21875,279,2.21875,2.54695975
163.0,1.0,-165.0,2.34375,2.78125,280,2.78125,2.559447
163.0,2.0,-150.0,1.28125,1.40625,280,1.40625,0.93453575
163.0,3.0,-135.0,1.0615234,0.78125,280,0.78125,0.30201575
163.0,4.0,-120.0,0.54589844,0.25,280,0.25,0.0
163.0,5.0,-105.0,0.0,0.0,280,0.0,0.08113575
163.0,6.0,-90.0,3.1875,2.15625,280,2.15625,2.42246375
163.0,7.0,-75.0,4.0009766,3.625,280,3.625,3.61019575
163.0,8.0,-60.0,7.6435547,5.4375,280,5.4375,5.09762175
163.0,9.0,-45.0,7.517578,5.25,280,5.25,4.9362915
163.0,10.0,-30.0,6.6708984,5.1875,280,5.1875,4.850575
163.0,11.0,-15.0,5.7978516,5.25,280,5.25,4.69727675
163.0,12.0,0.0,5.1015625,5.375,280,5.375,4.6937
163.0,13.0,15.0,3.9521484,3.625,280,3.625,3.088053
163.0,14.0,30.0,2.1992188,1.90625,280,1.90625,1.3748525
163.0,15.0,45.0,0.99902344,1.3125,280,1.3125,0.77552725
163.0,16.0,60.0,0.5527344,1.25,280,1.25,0.97921375
163.0,17.0,75.0,1.2197266,2.03125,280,2.03125,2.00730975
163.0,18.0,90.0,2.8398438,3.6875,280,3.6875,3.847077
163.0,19.0,105.0,4.7382812,5.46875,280,5.46875,5.79879025
163.0,20.0,120.0,6.631836,7.15625,280,7.15625,7.7311765
163.0,21.0,135.0,7.2177734,8.625,280,8.625,8.36338275
163.0,22.0,150.0,6.1064453,7.0625,280,7.0625,6.92578025
163.0,23.0,165.0,4.3720703,5.15625,280,5.15625,4.35441075
163.0,24.0,180.0,3.3535156,3.8125,280,3.8125,2.891269
117.0,1.0,-165.0,0.26171875,0.34375,281,0.34375,0.22841
117.0,2.0,-150.0,1.0195312,1.3125,281,1.3125,1.046168
117.0,3.0,-135.0,2.1757812,2.84375,281,2.84375,2.43827675
117.0,4.0,-120.0,3.7480469,4.90625,281,4.90625,4.26856875
117.0,5.0,-105.0,5.7226562,7.25,281,7.25,6.3228155
117.0,6.0,-90.0,7.0390625,9.28125,281,9.28125,8.174819
117.0,7.0,-75.0,7.9414062,10.1875,281,10.1875,9.2118255
117.0,8.0,-60.0,8.888672,10.34375,281,10.34375,9.59453775
117.0,9.0,-45.0,9.878906,10.5625,281,10.5625,10.0054875
117.0,10.0,-30.0,11.037109,11.15625,281,11.15625,10.70370675
117.0,11.0,-15.0,11.25,11.59375,281,11.59375,10.92270425
117.0,12.0,0.0,10.996094,11.25,281,11.25,10.51784125
117.0,13.0,15.0,10.376953,10.625,281,10.625,9.912994
117.0,14.0,30.0,9.7421875,10.15625,281,10.15625,9.43402325
117.0,15.0,45.0,9.3125,10.03125,281,10.03125,9.23761575
117.0,16.0,60.0,8.875,10.15625,281,10.15625,9.23447825
117.0,17.0,75.0,8.058594,10.09375,281,10.09375,9.08299975
117.0,18.0,90.0,6.8691406,9.21875,281,9.21875,8.157751
117.0,19.0,105.0,5.607422,7.1875,281,7.1875,6.3765295
117.0,20.0,120.0,3.7910156,4.96875,281,4.96875,4.414839
117.0,21.0,135.0,2.28125,2.96875,281,2.96875,2.64008075
117.0,22.0,150.0,1.1386719,1.40625,281,1.40625,1.24991725
117.0,23.0,165.0,0.34570312,0.40625,281,0.40625,0.356671
117.0,24.0,180.0,0.0,0.0,281,0.0,0.0
419.0,1.0,-165.0,4.875,7.875,282,7.875,5.9081635
419.0,2.0,-150.0,4.296875,7.21875,282,7.21875,5.04616675
419.0,3.0,-135.0,4.1152344,6.875,282,6.875,4.68686025
419.0,4.0,-120.0,4.833008,7.1875,282,7.1875,5.37234125
419.0,5.0,-105.0,6.1689453,7.96875,282,7.96875,6.743366
419.0,6.0,-90.0,7.0546875,8.34375,282,8.34375,7.66083375
419.0,7.0,-75.0,5.9677734,7.40625,282,7.40625,6.8054885
419.0,8.0,-60.0,3.6591797,5.375,282,5.375,4.91363875
419.0,9.0,-45.0,1.9003906,2.71875,282,2.71875,2.3469755
419.0,10.0,-30.0,0.74121094,1.125,282,1.125,0.91985225
419.0,11.0,-15.0,0.17285156,0.28125,282,0.28125,0.20801625
419.0,12.0,0.0,0.0,0.0,282,0.0,0.0
419.0,13.0,15.0,0.17871094,0.28125,282,0.28125,0.2109655
419.0,14.0,30.0,0.7519531,1.125,282,1.125,0.921421
419.0,15.0,45.0,1.890625,2.71875,282,2.71875,2.34766575
419.0,16.0,60.0,3.6210938,5.375,282,5.375,4.89318225
419.0,17.0,75.0,5.970703,7.40625,282,7.40625,6.8057395
419.0,18.0,90.0,7.0546875,8.34375,282,8.34375,7.66070825
419.0,19.0,105.0,6.1660156,7.96875,282,7.96875,6.7439935
419.0,20.0,120.0,4.8310547,7.1875,282,7.1875,5.36882725
419.0,21.0,135.0,4.1152344,6.875,282,6.875,4.68598175
419.0,22.0,150.0,4.2978516,7.21875,282,7.21875,5.0457275
419.0,23.0,165.0,4.8779297,7.875,282,7.875,5.909042
419.0,24.0,180.0,5.2265625,8.25,282,8.25,6.43607925
428.0,1.0,-165.0,0.23535156,0.1875,283,0.1875,0.12568825
428.0,2.0,-150.0,0.9160156,0.8125,283,0.8125,0.53532025
428.0,3.0,-135.0,1.9658203,1.8125,283,1.8125,1.26886775
428.0,4.0,-120.0,3.024414,3.0625,283,3.0625,2.180186
428.0,5.0,-105.0,3.7734375,4.1875,283,4.1875,3.0485205
428.0,6.0,-90.0,4.0908203,4.875,283,4.875,3.5864135
428.0,7.0,-75.0,3.9833984,4.75,283,4.75,3.5766245
428.0,8.0,-60.0,3.5810547,3.875,283,3.875,2.9832605
428.0,9.0,-45.0,2.9433594,2.625,283,2.625,2.04859925
428.0,10.0,-30.0,2.0751953,1.4375,283,1.4375,1.0952385
428.0,11.0,-15.0,1.4501953,0.6875,283,0.6875,0.45976925
428.0,12.0,0.0,1.2255859,0.375,283,0.375,0.2368185
428.0,13.0,15.0,1.4492188,0.6875,283,0.6875,0.45976925
428.0,14.0,30.0,2.0791016,1.4375,283,1.4375,1.09304225
428.0,15.0,45.0,2.9277344,2.625,283,2.625,2.0487875
428.0,16.0,60.0,3.5791016,3.875,283,3.875,2.97905625
428.0,17.0,75.0,3.9833984,4.75,283,4.75,3.576499
428.0,18.0,90.0,4.0908203,4.875,283,4.875,3.58647625
428.0,19.0,105.0,3.774414,4.1875,283,4.1875,3.04965
428.0,20.0,120.0,3.0185547,3.0625,283,3.0625,2.17811525
428.0,21.0,135.0,1.9707031,1.8125,283,1.8125,1.268805
428.0,22.0,150.0,0.9140625,0.8125,283,0.8125,0.5352575
428.0,23.0,165.0,0.234375,0.1875,283,0.1875,0.12568825
428.0,24.0,180.0,0.0,0.0,283,0.0,0.0
406.0,1.0,-165.0,0.013671875,0.0,284,0.0,0.07925325
406.0,2.0,-150.0,0.22167969,0.03125,284,0.03125,0.2955525
406.0,3.0,-135.0,0.6298828,0.21875,284,0.21875,0.6233585
406.0,4.0,-120.0,0.98828125,0.40625,284,0.40625,0.88672025
406.0,5.0,-105.0,1.3847656,0.5625,284,0.5625,1.04271675
406.0,6.0,-90.0,1.9873047,0.625,284,0.625,1.16821675
406.0,7.0,-75.0,2.5791016,0.8125,284,0.8125,1.4343395
406.0,8.0,-60.0,3.1757812,1.21875,284,1.21875,1.93037825
406.0,9.0,-45.0,3.515625,1.78125,284,1.78125,2.44317125
406.0,10.0,-30.0,3.5625,2.28125,284,2.28125,2.8218675
406.0,11.0,-15.0,3.540039,2.625,284,2.625,3.11911425
406.0,12.0,0.0,3.321289,2.78125,284,2.78125,3.241163
406.0,13.0,15.0,3.5449219,2.625,284,2.625,3.11923975
406.0,14.0,30.0,3.5664062,2.28125,284,2.28125,2.82117725
406.0,15.0,45.0,3.5126953,1.78125,284,1.78125,2.4413515
406.0,16.0,60.0,3.1767578,1.21875,284,1.21875,1.9308175
406.0,17.0,75.0,2.5791016,0.8125,284,0.8125,1.4340885
406.0,18.0,90.0,1.9873047,0.625,284,0.625,1.16821675
406.0,19.0,105.0,1.3837891,0.5625,284,0.5625,1.04196375
406.0,20.0,120.0,0.98828125,0.4375,284,0.4375,0.885528
406.0,21.0,135.0,0.6376953,0.21875,284,0.21875,0.62304475
406.0,22.0,150.0,0.19921875,0.03125,284,0.03125,0.2809945
406.0,23.0,165.0,0.037109375,0.0,284,0.0,0.08766175
406.0,24.0,180.0,0.0,0.03125,284,0.03125,0.0
337.0,1.0,-165.0,0.00390625,0.40625,285,0.40625,0.17463325
337.0,2.0,-150.0,1.3046875,1.65625,285,1.65625,1.2285195
337.0,3.0,-135.0,4.4023438,3.71875,285,3.71875,3.213051
337.0,4.0,-120.0,6.9296875,6.5625,285,6.5625,5.5138425
337.0,5.0,-105.0,9.150391,7.21875,285,7.21875,7.3647165
337.0,6.0,-90.0,6.4804688,5.59375,285,5.59375,5.03524825
337.0,7.0,-75.0,4.029297,4.28125,285,4.28125,3.1682475
337.0,8.0,-60.0,2.453125,3.75,285,3.75,2.23641
337.0,9.0,-45.0,2.1835938,3.78125,285,3.78125,2.386508
337.0,10.0,-30.0,3.0683594,4.21875,285,4.21875,2.76771425
337.0,11.0,-15.0,3.9746094,5.5625,285,5.5625,4.01418025
337.0,12.0,0.0,5.7753906,6.1875,285,6.1875,4.71961575
337.0,13.0,15.0,3.9667969,5.5625,285,5.5625,4.006964
337.0,14.0,30.0,3.0664062,4.21875,285,4.21875,2.767526
337.0,15.0,45.0,2.1582031,3.78125,285,3.78125,2.38770025
337.0,16.0,60.0,2.4453125,3.75,285,3.75,2.227123
337.0,17.0,75.0,4.0117188,4.28125,285,4.28125,3.18700975
337.0,18.0,90.0,6.4648438,5.59375,285,5.59375,5.03851125
337.0,19.0,105.0,9.142578,7.21875,285,7.21875,7.365093
337.0,20.0,120.0,6.9257812,6.5625,285,6.5625,5.515725
337.0,21.0,135.0,4.2910156,3.78125,285,3.78125,3.27297725
337.0,22.0,150.0,1.2929688,1.65625,285,1.65625,1.21076125
337.0,23.0,165.0,0.0,0.375,285,0.375,0.25030975
337.0,24.0,180.0,1.2050781,0.0,285,0.0,0.0
347.0,1.0,-165.0,0.17773438,0.28125,286,0.28125,0.191011
347.0,2.0,-150.0,0.9121094,1.3125,286,1.3125,0.94118725
347.0,3.0,-135.0,2.4355469,3.09375,286,3.09375,2.39033575
347.0,4.0,-120.0,4.323242,5.4375,286,5.4375,4.32228275
347.0,5.0,-105.0,5.8964844,7.78125,286,7.78125,6.19549575
347.0,6.0,-90.0,6.8378906,9.09375,286,9.09375,7.16724225
347.0,7.0,-75.0,7.0683594,8.53125,286,8.53125,6.91548925
347.0,8.0,-60.0,6.2070312,6.875,286,6.875,5.7871815
347.0,9.0,-45.0,4.833008,5.21875,286,5.21875,4.60239875
347.0,10.0,-30.0,3.6933594,4.0625,286,4.0625,3.799889
347.0,11.0,-15.0,3.1132812,3.5,286,3.5,3.52924825
347.0,12.0,0.0,2.9853516,3.40625,286,3.40625,3.5286835
347.0,13.0,15.0,3.1132812,3.5,286,3.5,3.5294365
347.0,14.0,30.0,3.6933594,4.0625,286,4.0625,3.799889
347.0,15.0,45.0,4.830078,5.21875,286,5.21875,4.601332
347.0,16.0,60.0,6.2089844,6.875,286,6.875,5.7871815
347.0,17.0,75.0,7.0527344,8.53125,286,8.53125,6.910281
347.0,18.0,90.0,6.8378906,9.09375,286,9.09375,7.16724225
347.0,19.0,105.0,5.892578,7.78125,286,7.78125,6.19336225
347.0,20.0,120.0,4.3203125,5.4375,286,5.4375,4.32090225
347.0,21.0,135.0,2.4394531,3.09375,286,3.09375,2.39058675
347.0,22.0,150.0,0.9111328,1.3125,286,1.3125,0.942003
347.0,23.0,165.0,0.17871094,0.28125,286,0.28125,0.191011
347.0,24.0,180.0,0.0,0.0,286,0.0,0.0
389.0,1.0,-165.0,2.2294922,2.21875,287,2.21875,2.57318925
389.0,2.0,-150.0,3.3916016,2.8125,287,2.8125,3.0859195
389.0,3.0,-135.0,5.4375,4.3125,287,4.3125,4.427891
389.0,4.0,-120.0,7.998047,6.5625,287,6.5625,6.4550925
389.0,5.0,-105.0,9.463867,8.625,287,8.625,8.4221795
389.0,6.0,-90.0,12.201172,11.5,287,11.5,11.0815245
389.0,7.0,-75.0,9.334961,8.25,287,8.25,8.251374
389.0,8.0,-60.0,7.7246094,6.21875,287,6.21875,6.1912915
389.0,9.0,-45.0,5.1132812,4.03125,287,4.03125,4.1940845
389.0,10.0,-30.0,3.1875,2.6875,287,2.6875,2.97943275
389.0,11.0,-15.0,2.1816406,2.21875,287,2.21875,2.57243625
389.0,12.0,0.0,0.0,0.0,287,0.0,0.0003765
389.0,13.0,15.0,2.178711,2.21875,287,2.21875,2.5726245
389.0,14.0,30.0,3.1855469,2.6875,287,2.6875,2.979119
389.0,15.0,45.0,5.1132812,4.03125,287,4.03125,4.19515125
389.0,16.0,60.0,7.7265625,6.21875,287,6.21875,6.1910405
389.0,17.0,75.0,9.324219,8.25,287,8.25,8.2404555
389.0,18.0,90.0,12.199219,11.5,287,11.5,11.08196375
389.0,19.0,105.0,9.470703,8.625,287,8.625,8.429333
389.0,20.0,120.0,8.005859,6.5625,287,6.5625,6.46576
389.0,21.0,135.0,5.4365234,4.3125,287,4.3125,4.42757725
389.0,22.0,150.0,3.3867188,2.8125,287,2.8125,3.087049
389.0,23.0,165.0,2.225586,2.21875,287,2.21875,2.57331475
389.0,24.0,180.0,0.0048828125,0.0,287,0.0,0.0
208.0,1.0,-165.0,0.7753906,0.5,288,0.5,1.062483
208.0,2.0,-150.0,0.2109375,0.0,288,0.0,0.31745225
208.0,3.0,-135.0,0.0,0.0625,288,0.0625,0.0
208.0,4.0,-120.0,0.31835938,0.59375,288,0.59375,0.0972625
208.0,5.0,-105.0,1.1054688,1.375,288,1.375,0.51222825
208.0,6.0,-90.0,1.7519531,2.09375,288,2.09375,1.08337875
208.0,7.0,-75.0,1.390625,1.9375,288,1.9375,1.27727625
208.0,8.0,-60.0,1.0117188,1.1875,288,1.1875,0.801945
208.0,9.0,-45.0,0.3828125,0.5,288,0.5,0.30076075
208.0,10.0,-30.0,0.15625,0.375,288,0.375,0.22583725
208.0,11.0,-15.0,0.40625,0.78125,288,0.78125,0.59995275
208.0,12.0,0.0,0.6230469,1.34375,288,1.34375,1.090595
208.0,13.0,15.0,0.39648438,0.78125,288,0.78125,0.5959995
208.0,14.0,30.0,0.16015625,0.375,288,0.375,0.223139
208.0,15.0,45.0,0.37695312,0.5,288,0.5,0.299945
208.0,16.0,60.0,1.0136719,1.1875,288,1.1875,0.8038275
208.0,17.0,75.0,1.375,1.90625,288,1.90625,1.2503565
208.0,18.0,90.0,1.7441406,2.09375,288,2.09375,1.083818
208.0,19.0,105.0,1.0683594,1.375,288,1.375,0.50281575
208.0,20.0,120.0,0.34570312,0.65625,288,0.65625,0.098392
208.0,21.0,135.0,0.0,0.0625,288,0.0625,0.0008785
208.0,22.0,150.0,0.21875,0.0,288,0.0,0.320025
208.0,23.0,165.0,0.7636719,0.5,288,0.5,1.062483
208.0,24.0,180.0,1.109375,1.125,288,1.125,1.7463325
174.0,1.0,-165.0,1.7099609,0.875,289,0.875,1.68477475
174.0,2.0,-150.0,0.4921875,0.0625,289,0.0625,0.40404725
174.0,3.0,-135.0,0.0,0.09375,289,0.09375,0.0
174.0,4.0,-120.0,0.5957031,0.90625,289,0.90625,0.472131
174.0,5.0,-105.0,1.5517578,1.8125,289,1.8125,1.19457175
174.0,6.0,-90.0,2.053711,2.21875,289,2.21875,1.5287155
174.0,7.0,-75.0,1.5361328,1.84375,289,1.84375,1.1818335
174.0,8.0,-60.0,0.6533203,1.0,289,1.0,0.503255
174.0,9.0,-45.0,0.0009765625,0.1875,289,0.1875,0.01085575
174.0,10.0,-30.0,0.38085938,0.0,289,0.0,0.28996775
174.0,11.0,-15.0,1.5908203,0.78125,289,0.78125,1.531351
174.0,12.0,0.0,2.4433594,1.5,289,1.5,2.59314375
174.0,13.0,15.0,1.5908203,0.78125,289,0.78125,1.53404925
174.0,14.0,30.0,0.3798828,0.0,289,0.0,0.289905
174.0,15.0,45.0,0.0029296875,0.1875,289,0.1875,0.00972625
174.0,16.0,60.0,0.6464844,1.0,289,1.0,0.5003685
174.0,17.0,75.0,1.5332031,1.84375,289,1.84375,1.179449
174.0,18.0,90.0,2.0517578,2.21875,289,2.21875,1.528841
174.0,19.0,105.0,1.5458984,1.8125,289,1.8125,1.192501
174.0,20.0,120.0,0.5966797,0.90625,289,0.90625,0.472382
174.0,21.0,135.0,0.0,0.09375,289,0.09375,0.0
174.0,22.0,150.0,0.4921875,0.0625,289,0.0625,0.404361
174.0,23.0,165.0,1.7089844,0.875,289,0.875,1.68389625
174.0,24.0,180.0,2.4453125,1.5,289,1.5,2.59226525
441.0,1.0,-165.0,3.1972656,3.4375,290,3.4375,2.7741775
441.0,2.0,-150.0,2.772461,2.8125,290,2.8125,2.2094275
441.0,3.0,-135.0,2.2626953,2.15625,290,2.15625,1.67398175
441.0,4.0,-120.0,1.5537109,1.53125,290,1.53125,1.180704
441.0,5.0,-105.0,0.6845703,0.90625,290,0.90625,0.72156225
441.0,6.0,-90.0,0.0,0.5,290,0.5,0.2679425
441.0,7.0,-75.0,0.5527344,0.0,290,0.0,0.0
441.0,8.0,-60.0,0.6953125,0.125,290,0.125,0.21542075
441.0,9.0,-45.0,1.1777344,0.75,290,0.75,0.72068375
441.0,10.0,-30.0,1.5068359,1.5625,290,1.5625,0.98975575
441.0,11.0,-15.0,1.5458984,2.0,290,2.0,1.241948
441.0,12.0,0.0,1.9267578,2.1875,290,2.1875,1.30338025
441.0,13.0,15.0,1.5371094,2.0,290,2.0,1.2297745
441.0,14.0,30.0,1.4277344,1.5625,290,1.5625,0.957565
441.0,15.0,45.0,1.15625,0.75,290,0.75,0.69947425
441.0,16.0,60.0,0.6923828,0.125,290,0.125,0.21316175
441.0,17.0,75.0,0.5527344,0.0,290,0.0,6.27e-05
441.0,18.0,90.0,0.0,0.5,290,0.5,0.26737775
441.0,19.0,105.0,0.6816406,0.90625,290,0.90625,0.73386125
441.0,20.0,120.0,1.5625,1.5625,290,1.5625,1.15629425
441.0,21.0,135.0,2.28125,2.15625,290,2.15625,1.667644
441.0,22.0,150.0,2.7675781,2.8125,290,2.8125,2.20873725
441.0,23.0,165.0,3.2021484,3.4375,290,3.4375,2.76332175
441.0,24.0,180.0,3.4580078,3.78125,290,3.78125,3.13756275
149.0,1.0,-165.0,5.6347656,6.375,291,6.375,5.6719725
149.0,2.0,-150.0,4.419922,4.4375,291,4.4375,3.73739
149.0,3.0,-135.0,3.053711,2.4375,291,2.4375,1.8630475
149.0,4.0,-120.0,1.4814453,1.0,291,1.0,0.53463
149.0,5.0,-105.0,0.54003906,0.25,291,0.25,0.03012
149.0,6.0,-90.0,0.0,0.0,291,0.0,0.0
149.0,7.0,-75.0,0.18798828,0.125,291,0.125,0.23845
149.0,8.0,-60.0,1.2026367,0.5625,291,0.5625,0.6431875
149.0,9.0,-45.0,2.102539,1.125,291,1.125,1.073025
149.0,10.0,-30.0,2.746582,1.625,291,1.625,1.344105
149.0,11.0,-15.0,3.3515625,2.0,291,2.0,1.5016075
149.0,12.0,0.0,3.784668,2.1875,291,2.1875,1.564985
149.0,13.0,15.0,3.3500977,2.0,291,2.0,1.5016075
149.0,14.0,30.0,2.7524414,1.625,291,1.625,1.344105
149.0,15.0,45.0,2.102539,1.125,291,1.125,1.0723975
149.0,16.0,60.0,1.2026367,0.5625,291,0.5625,0.6431875
149.0,17.0,75.0,0.18847656,0.125,291,0.125,0.23845
149.0,18.0,90.0,0.0,0.0,291,0.0,0.0006275
149.0,19.0,105.0,0.5395508,0.25,291,0.25,0.0282375
149.0,20.0,120.0,1.4819336,1.0,291,1.0,0.5340025
149.0,21.0,135.0,3.0498047,2.4375,291,2.4375,1.863675
149.0,22.0,150.0,4.4194336,4.4375,291,4.4375,3.73739
149.0,23.0,165.0,5.6347656,6.375,291,6.375,5.6719725
149.0,24.0,180.0,5.9467773,7.25,291,7.25,6.617615
356.0,1.0,-165.0,1.0,2.46875,292,2.46875,0.86764425
356.0,2.0,-150.0,1.1328125,2.84375,292,2.84375,1.26786375
356.0,3.0,-135.0,1.5722656,3.75,292,3.75,2.04232425
356.0,4.0,-120.0,1.6035156,2.78125,292,2.78125,2.00843925
356.0,5.0,-105.0,1.7167969,2.71875,292,2.71875,1.993442
356.0,6.0,-90.0,2.3730469,3.25,292,3.25,2.43137425
356.0,7.0,-75.0,3.453125,4.375,292,4.375,3.362647
356.0,8.0,-60.0,4.3535156,5.71875,292,5.71875,4.37787925
356.0,9.0,-45.0,4.7402344,6.46875,292,6.46875,4.895504
356.0,10.0,-30.0,3.9628906,5.8125,292,5.8125,4.62674575
356.0,11.0,-15.0,3.2207031,5.21875,292,5.21875,4.02785975
356.0,12.0,0.0,2.6445312,4.625,292,4.625,3.48130725
356.0,13.0,15.0,2.3847656,3.9375,292,3.9375,2.90990575
356.0,14.0,30.0,2.3789062,3.3125,292,3.3125,2.3914025
356.0,15.0,45.0,2.4746094,2.75,292,2.75,1.93966525
356.0,16.0,60.0,2.03125,1.96875,292,1.96875,1.4343395
356.0,17.0,75.0,1.2128906,0.875,292,0.875,0.72382125
356.0,18.0,90.0,0.34375,0.0625,292,0.0625,0.11690325
356.0,19.0,105.0,0.0,0.0,292,0.0,0.0
356.0,20.0,120.0,0.40625,0.71875,292,0.71875,0.3813945
356.0,21.0,135.0,1.1171875,1.9375,292,1.9375,0.9860535
356.0,22.0,150.0,2.265625,3.28125,292,3.28125,1.894297
356.0,23.0,165.0,1.2929688,3.1875,292,3.1875,1.44770525
356.0,24.0,180.0,0.9394531,2.6875,292,2.6875,1.00883175
275.0,1.0,-165.0,2.0927734,2.03125,293,2.03125,2.7300015
275.0,2.0,-150.0,0.7402344,1.09375,293,1.09375,1.39599925
275.0,3.0,-135.0,0.28027344,1.03125,293,1.03125,0.92298975
275.0,4.0,-120.0,0.6591797,1.5,293,1.5,1.06354975
275.0,5.0,-105.0,1.1074219,2.03125,293,2.03125,1.35747075
275.0,6.0,-90.0,1.0878906,1.90625,293,1.90625,1.2287705
275.0,7.0,-75.0,0.6689453,0.90625,293,0.90625,0.61714625
275.0,8.0,-60.0,0.0009765625,0.0,293,0.0,6.27e-05
275.0,9.0,-45.0,0.26660156,0.03125,293,0.03125,0.28632825
275.0,10.0,-30.0,1.7197266,1.25,293,1.25,1.802431
275.0,11.0,-15.0,4.182617,3.40625,293,3.40625,4.39858675
275.0,12.0,0.0,6.341797,5.65625,293,5.65625,7.3303295
275.0,13.0,15.0,4.1777344,3.40625,293,3.40625,4.3873545
275.0,14.0,30.0,1.7246094,1.25,293,1.25,1.80086225
275.0,15.0,45.0,0.26757812,0.03125,293,0.03125,0.285136
275.0,16.0,60.0,0.0,0.0,293,0.0,0.0
275.0,17.0,75.0,0.67089844,0.90625,293,0.90625,0.61865225
275.0,18.0,90.0,1.078125,1.90625,293,1.90625,1.22180525
275.0,19.0,105.0,1.09375,2.03125,293,2.03125,1.35470975
275.0,20.0,120.0,0.66015625,1.5,293,1.5,1.06493025
275.0,21.0,135.0,0.2861328,1.03125,293,1.03125,0.92211125
275.0,22.0,150.0,0.74121094,1.09375,293,1.09375,1.3961875
275.0,23.0,165.0,2.0947266,2.03125,293,2.03125,2.73194675
275.0,24.0,180.0,3.5439453,3.25,293,3.25,4.3411705
8.0,1.0,-165.0,0.515625,0.5625,294,0.5625,0.620974
8.0,2.0,-150.0,1.9443359,2.09375,294,2.09375,2.11197675
8.0,3.0,-135.0,3.7919922,3.875,294,3.875,3.93649575
8.0,4.0,-120.0,5.620117,5.65625,294,5.65625,5.4935115
8.0,5.0,-105.0,7.0703125,7.25,294,7.25,6.88995
8.0,6.0,-90.0,7.7851562,8.3125,294,8.3125,7.83992225
8.0,7.0,-75.0,7.7373047,8.59375,294,8.59375,8.1169635
8.0,8.0,-60.0,7.064453,8.0625,294,8.0625,7.6418205
8.0,9.0,-45.0,5.7734375,6.84375,294,6.84375,6.39014625
8.0,10.0,-30.0,4.3867188,5.53125,294,5.53125,5.00387325
8.0,11.0,-15.0,3.4697266,4.625,294,4.625,4.05722675
8.0,12.0,0.0,3.4804688,4.46875,294,4.46875,3.794116
8.0,13.0,15.0,3.475586,4.625,294,4.625,4.056411
8.0,14.0,30.0,4.40625,5.53125,294,5.53125,5.014227
8.0,15.0,45.0,5.774414,6.84375,294,6.84375,6.3903345
8.0,16.0,60.0,7.064453,8.0625,294,8.0625,7.63987525
8.0,17.0,75.0,7.732422,8.59375,294,8.59375,8.113826
8.0,18.0,90.0,7.7851562,8.3125,294,8.3125,7.840487
8.0,19.0,105.0,7.071289,7.25,294,7.25,6.89013825
8.0,20.0,120.0,5.626953,5.65625,294,5.65625,5.4932605
8.0,21.0,135.0,3.7861328,3.875,294,3.875,3.933923
8.0,22.0,150.0,1.9091797,2.0625,294,2.0625,2.120448
8.0,23.0,165.0,0.48632812,0.5625,294,0.5625,0.56029475
8.0,24.0,180.0,0.0,0.0,294,0.0,0.0
255.0,1.0,-165.0,0.0068359375,0.125,295,0.125,0.10598475
255.0,2.0,-150.0,0.15917969,0.0,295,0.0,0.0
255.0,3.0,-135.0,0.43652344,0.0625,295,0.0625,0.1690485
255.0,4.0,-120.0,1.7861328,0.6875,295,0.6875,1.805192
255.0,5.0,-105.0,0.99609375,0.25,295,0.25,1.3700835
255.0,6.0,-90.0,0.25878906,0.0625,295,0.0625,1.05325875
255.0,7.0,-75.0,0.30273438,0.71875,295,0.71875,1.374978
255.0,8.0,-60.0,0.36914062,1.65625,295,1.65625,1.46050625
255.0,9.0,-45.0,1.8798828,3.5,295,3.5,3.132982
255.0,10.0,-30.0,4.1601562,5.71875,295,5.71875,5.27344725
255.0,11.0,-15.0,6.5302734,7.65625,295,7.65625,7.23300425
255.0,12.0,0.0,8.322266,9.09375,295,9.09375,8.6611315
255.0,13.0,15.0,6.553711,7.65625,295,7.65625,7.24492675
255.0,14.0,30.0,4.1708984,5.71875,295,5.71875,5.277024
255.0,15.0,45.0,1.8857422,3.5,295,3.5,3.1363705
255.0,16.0,60.0,0.38085938,1.625,295,1.625,1.4544195
255.0,17.0,75.0,0.33007812,0.71875,295,0.71875,1.358412
255.0,18.0,90.0,0.13378906,0.09375,295,0.09375,1.0194365
255.0,19.0,105.0,0.99609375,0.25,295,0.25,1.37190325
255.0,20.0,120.0,1.8066406,0.6875,295,0.6875,1.81278475
255.0,21.0,135.0,0.43359375,0.0625,295,0.0625,0.16672675
255.0,22.0,150.0,0.15722656,0.0,295,0.0,0.001004
255.0,23.0,165.0,0.0,0.125,295,0.125,0.1057965
255.0,24.0,180.0,0.296875,0.46875,295,0.46875,0.537391
432.0,1.0,-165.0,1.2490234,0.5,296,0.5,1.08689275
432.0,2.0,-150.0,1.1357422,0.375,296,0.375,0.930206
432.0,3.0,-135.0,0.96484375,0.375,296,0.375,0.75657675
432.0,4.0,-120.0,0.01953125,0.15625,296,0.15625,0.346882
432.0,5.0,-105.0,0.9121094,0.96875,296,0.96875,1.17988825
432.0,6.0,-90.0,0.890625,0.5625,296,0.5625,0.760781
432.0,7.0,-75.0,0.0,0.0,296,0.0,0.0
432.0,8.0,-60.0,0.19921875,0.25,296,0.25,0.30741225
432.0,9.0,-45.0,0.70996094,0.625,296,0.625,1.02338975
432.0,10.0,-30.0,0.88183594,0.78125,296,0.78125,1.35972975
432.0,11.0,-15.0,1.0380859,0.90625,296,0.90625,1.569503
432.0,12.0,0.0,1.1103516,0.5625,296,0.5625,1.03744575
432.0,13.0,15.0,1.2460938,0.5,296,0.5,1.0909715
432.0,14.0,30.0,1.1630859,0.375,296,0.375,0.96151825
432.0,15.0,45.0,0.99902344,0.34375,296,0.34375,0.78431225
432.0,16.0,60.0,0.13476562,0.3125,296,0.3125,0.490454
432.0,17.0,75.0,0.005859375,0.09375,296,0.09375,0.2237665
432.0,18.0,90.0,1.109375,0.84375,296,0.84375,1.16595775
432.0,19.0,105.0,0.11328125,0.0625,296,0.0625,0.06657775
432.0,20.0,120.0,0.08496094,0.125,296,0.125,0.16635025
432.0,21.0,135.0,0.69140625,0.625,296,0.625,0.96440475
432.0,22.0,150.0,0.8457031,0.75,296,0.75,1.30651775
432.0,23.0,165.0,0.9111328,0.59375,296,0.59375,0.80489425
432.0,24.0,180.0,1.1064453,0.5625,296,0.5625,1.0327395
317.0,1.0,-165.0,0.12890625,0.90625,297,0.90625,0.0766805
317.0,2.0,-150.0,0.50097656,1.1875,297,1.1875,0.000753
317.0,3.0,-135.0,0.9892578,1.8125,297,1.8125,0.2260255
317.0,4.0,-120.0,1.7158203,2.84375,297,2.84375,0.69972525
317.0,5.0,-105.0,2.5986328,3.875,297,3.875,1.14205
317.0,6.0,-90.0,3.3398438,4.3125,297,4.3125,1.20260375
317.0,7.0,-75.0,2.703125,3.90625,297,3.90625,1.1655185
317.0,8.0,-60.0,1.7255859,3.09375,297,3.09375,0.948027
317.0,9.0,-45.0,1.5087891,2.25,297,2.25,0.58765375
317.0,10.0,-30.0,1.609375,1.65625,297,1.65625,0.3763745
317.0,11.0,-15.0,1.6806641,1.46875,297,1.46875,0.44044225
317.0,12.0,0.0,0.08105469,0.0,297,0.0,0.33502225
317.0,13.0,15.0,0.29882812,0.15625,297,0.15625,0.44069325
317.0,14.0,30.0,0.63671875,0.65625,297,0.65625,0.7041805
317.0,15.0,45.0,1.1933594,1.5,297,1.5,1.20731
317.0,16.0,60.0,1.6962891,2.65625,297,2.65625,1.72556225
317.0,17.0,75.0,2.6347656,3.8125,297,3.8125,2.0083765
317.0,18.0,90.0,3.3339844,4.3125,297,4.3125,1.20373325
317.0,19.0,105.0,2.5986328,3.875,297,3.875,1.1421755
317.0,20.0,120.0,1.7255859,2.84375,297,2.84375,0.70311375
317.0,21.0,135.0,0.99121094,1.8125,297,1.8125,0.2260255
317.0,22.0,150.0,0.5019531,1.1875,297,1.1875,0.0
317.0,23.0,165.0,0.11328125,0.90625,297,0.90625,0.0753
317.0,24.0,180.0,0.0,0.84375,297,0.84375,0.18291625
70.0,1.0,-165.0,1.6503906,1.90625,298,1.90625,2.0382455
70.0,2.0,-150.0,0.5136719,0.75,298,0.75,0.772327
70.0,3.0,-135.0,0.01171875,0.0625,298,0.0625,0.06582475
70.0,4.0,-120.0,0.09375,0.03125,298,0.03125,0.06569925
70.0,5.0,-105.0,0.26953125,0.40625,298,0.40625,0.43692825
70.0,6.0,-90.0,0.5800781,1.0625,298,1.0625,1.0154205
70.0,7.0,-75.0,0.28320312,0.34375,298,0.34375,0.37442925
70.0,8.0,-60.0,0.06640625,0.0,298,0.0,0.00269825
70.0,9.0,-45.0,0.0,0.15625,298,0.15625,0.16208325
70.0,10.0,-30.0,0.6328125,0.90625,298,0.90625,0.97457025
70.0,11.0,-15.0,1.7539062,2.0625,298,2.0625,2.23120175
70.0,12.0,0.0,2.3710938,2.78125,298,2.78125,3.21876125
70.0,13.0,15.0,1.7558594,2.0625,298,2.0625,2.2302605
70.0,14.0,30.0,0.6269531,0.90625,298,0.90625,0.9737545
70.0,15.0,45.0,0.00390625,0.15625,298,0.15625,0.158883
70.0,16.0,60.0,0.076171875,0.0,298,0.0,0.0
70.0,17.0,75.0,0.28320312,0.34375,298,0.34375,0.37442925
70.0,18.0,90.0,0.5722656,1.0625,298,1.0625,1.017052
70.0,19.0,105.0,0.2734375,0.40625,298,0.40625,0.440003
70.0,20.0,120.0,0.095703125,0.03125,298,0.03125,0.06958975
70.0,21.0,135.0,0.0,0.0625,298,0.0625,0.063754
70.0,22.0,150.0,0.5097656,0.75,298,0.75,0.772076
70.0,23.0,165.0,1.6542969,1.90625,298,1.90625,2.041383
70.0,24.0,180.0,2.3769531,2.78125,298,2.78125,3.2156865
346.0,1.0,-165.0,1.6347656,0.15625,299,0.15625,1.137783
346.0,2.0,-150.0,1.2558594,0.0625,299,0.0625,0.72156225
346.0,3.0,-135.0,0.9423828,0.0,299,0.0,0.3382225
346.0,4.0,-120.0,0.765625,0.125,299,0.125,0.1667895
346.0,5.0,-105.0,0.46679688,0.34375,299,0.34375,0.09970975
346.0,6.0,-90.0,0.21679688,0.53125,299,0.53125,0.0006275
346.0,7.0,-75.0,0.0,0.90625,299,0.90625,0.146333
346.0,8.0,-60.0,0.7685547,1.9375,299,1.9375,1.237932
346.0,9.0,-45.0,2.913086,3.8125,299,3.8125,3.52153
346.0,10.0,-30.0,5.9716797,6.21875,299,6.21875,6.62821975
346.0,11.0,-15.0,8.9921875,8.5625,299,8.5625,9.905966
346.0,12.0,0.0,10.508789,9.5,299,9.5,11.90273375
346.0,13.0,15.0,9.011719,8.5625,299,8.5625,9.91230375
346.0,14.0,30.0,5.977539,6.21875,299,6.21875,6.63185925
346.0,15.0,45.0,2.9023438,3.8125,299,3.8125,3.51067425
346.0,16.0,60.0,0.7753906,1.9375,299,1.9375,1.240442
346.0,17.0,75.0,0.0048828125,0.90625,299,0.90625,0.14652125
346.0,18.0,90.0,0.21386719,0.53125,299,0.53125,0.0
346.0,19.0,105.0,0.4736328,0.34375,299,0.34375,0.099647
346.0,20.0,120.0,0.7636719,0.125,299,0.125,0.16697775
346.0,21.0,135.0,0.9423828,0.0,299,0.0,0.33885
346.0,22.0,150.0,1.2578125,0.0625,299,0.0625,0.721374
346.0,23.0,165.0,1.6357422,0.15625,299,0.15625,1.1379085
346.0,24.0,180.0,1.7451172,0.1875,299,0.1875,1.29710525
424.0,1.0,-165.0,3.2421875,3.25,300,3.25,2.885998
424.0,2.0,-150.0,2.7148438,2.1875,300,2.1875,1.99250075
424.0,3.0,-135.0,1.8710938,1.21875,300,1.21875,1.11086325
424.0,4.0,-120.0,1.0341797,0.5,300,0.5,0.45663175
424.0,5.0,-105.0,0.38671875,0.09375,300,0.09375,0.05252175
424.0,6.0,-90.0,0.0068359375,0.0,300,0.0,0.0008785
424.0,7.0,-75.0,0.25097656,0.28125,300,0.28125,0.33690475
424.0,8.0,-60.0,0.99121094,0.9375,300,0.9375,0.94645825
424.0,9.0,-45.0,1.5439453,1.84375,300,1.84375,1.8469835
424.0,10.0,-30.0,1.7763672,1.90625,300,1.90625,1.600376
424.0,11.0,-15.0,1.8105469,1.9375,300,1.9375,1.301686
424.0,12.0,0.0,1.8662109,2.09375,300,2.09375,1.201035
424.0,13.0,15.0,1.8115234,1.9375,300,1.9375,1.301937
424.0,14.0,30.0,1.7802734,1.90625,300,1.90625,1.60420375
424.0,15.0,45.0,1.5449219,1.84375,300,1.84375,1.8469835
424.0,16.0,60.0,0.9824219,0.96875,300,0.96875,0.942254
424.0,17.0,75.0,0.25,0.28125,300,0.28125,0.3367165
424.0,18.0,90.0,0.0,0.0,300,0.0,0.0
424.0,19.0,105.0,0.38378906,0.09375,300,0.09375,0.053212
424.0,20.0,120.0,1.0185547,0.5,300,0.5,0.449792
424.0,21.0,135.0,1.8662109,1.21875,300,1.21875,1.1090435
424.0,22.0,150.0,2.7167969,2.1875,300,2.1875,1.9925635
424.0,23.0,165.0,3.2470703,3.25,300,3.25,2.888257
424.0,24.0,180.0,3.4375,3.90625,300,3.90625,3.45068525
23.0,1.0,-165.0,13.318359,12.53125,301,12.53125,12.5114715
23.0,2.0,-150.0,10.955078,11.40625,301,11.40625,10.97390825
23.0,3.0,-135.0,9.413086,10.625,301,10.625,10.233521
23.0,4.0,-120.0,8.146484,10.15625,301,10.15625,9.92736375
23.0,5.0,-105.0,8.65918,10.3125,301,10.3125,10.01119775
23.0,6.0,-90.0,10.266602,11.09375,301,11.09375,10.69743175
23.0,7.0,-75.0,13.448242,12.6875,301,12.6875,12.59474075
23.0,8.0,-60.0,12.850586,11.875,301,11.875,11.5293085
23.0,9.0,-45.0,11.396484,10.3125,301,10.3125,9.93709
23.0,10.0,-30.0,8.232422,7.53125,301,7.53125,7.42790575
23.0,11.0,-15.0,5.3583984,4.40625,301,4.40625,4.59173125
23.0,12.0,0.0,1.3408203,0.875,301,0.875,0.7973015
23.0,13.0,15.0,0.0,0.0,301,0.0,0.0
23.0,14.0,30.0,0.6425781,0.3125,301,0.3125,0.410636
23.0,15.0,45.0,1.6367188,1.59375,301,1.59375,1.934206
23.0,16.0,60.0,3.7558594,3.6875,301,3.6875,4.0083445
23.0,17.0,75.0,4.0546875,2.6875,301,2.6875,4.050136
23.0,18.0,90.0,2.9746094,2.15625,301,2.15625,2.981629
23.0,19.0,105.0,2.618164,2.09375,301,2.09375,2.6296015
23.0,20.0,120.0,3.2109375,2.28125,301,2.28125,2.893779
23.0,21.0,135.0,5.4501953,4.28125,301,4.28125,4.58834275
23.0,22.0,150.0,8.2578125,7.40625,301,7.40625,7.476035
23.0,23.0,165.0,11.250977,10.21875,301,10.21875,9.86373525
23.0,24.0,180.0,12.756836,11.78125,301,11.78125,11.52748875
298.0,1.0,-165.0,2.1992188,2.25,302,2.25,2.3361825
298.0,2.0,-150.0,2.1865234,2.1875,302,2.1875,2.24011225
298.0,3.0,-135.0,2.0449219,1.9375,302,1.9375,1.99011625
298.0,4.0,-120.0,1.7324219,1.4375,302,1.4375,1.5101415
298.0,5.0,-105.0,1.1025391,0.875,302,0.875,0.83583
298.0,6.0,-90.0,0.4580078,0.375,302,0.375,0.34418375
298.0,7.0,-75.0,0.0068359375,0.0625,302,0.0625,0.05277275
298.0,8.0,-60.0,0.0,0.0,302,0.0,0.0
298.0,9.0,-45.0,0.10449219,0.25,302,0.25,0.0656365
298.0,10.0,-30.0,0.37597656,0.5,302,0.5,0.23161025
298.0,11.0,-15.0,0.7207031,0.8125,302,0.8125,0.3886735
298.0,12.0,0.0,0.8847656,0.875,302,0.875,0.450796
298.0,13.0,15.0,0.7089844,0.8125,302,0.8125,0.37254675
298.0,14.0,30.0,0.37597656,0.5,302,0.5,0.231422
298.0,15.0,45.0,0.10449219,0.25,302,0.25,0.06456975
298.0,16.0,60.0,0.0009765625,0.0,302,0.0,0.00043925
298.0,17.0,75.0,0.0078125,0.0625,302,0.0625,0.0535885
298.0,18.0,90.0,0.4609375,0.375,302,0.375,0.34832525
298.0,19.0,105.0,1.0957031,0.875,302,0.875,0.833571
298.0,20.0,120.0,1.7304688,1.4375,302,1.4375,1.50945125
298.0,21.0,135.0,2.0458984,1.9375,302,1.9375,1.98961425
298.0,22.0,150.0,2.1904297,2.1875,302,2.1875,2.25906275
298.0,23.0,165.0,2.203125,2.25,302,2.25,2.337312
298.0,24.0,180.0,2.2841797,2.25,302,2.25,2.37151075
101.0,1.0,-165.0,4.763672,4.8125,303,4.8125,4.23744475
101.0,2.0,-150.0,4.8466797,5.0625,303,5.0625,4.57742425
101.0,3.0,-135.0,4.9882812,5.4375,303,5.4375,4.990884
101.0,4.0,-120.0,5.1884766,5.78125,303,5.78125,5.350818
101.0,5.0,-105.0,5.2958984,6.03125,303,6.03125,5.60213175
101.0,6.0,-90.0,5.359375,6.21875,303,6.21875,5.80657125
101.0,7.0,-75.0,5.4970703,6.40625,303,6.40625,6.1029395
101.0,8.0,-60.0,5.6376953,6.84375,303,6.84375,6.5477115
101.0,9.0,-45.0,6.1289062,7.46875,303,7.46875,7.1784745
101.0,10.0,-30.0,6.6884766,8.1875,303,8.1875,7.77905475
101.0,11.0,-15.0,7.064453,8.6875,303,8.6875,8.18969075
101.0,12.0,0.0,2.1171875,3.09375,303,3.09375,2.77210675
101.0,13.0,15.0,1.5380859,2.46875,303,2.46875,2.3085725
101.0,14.0,30.0,1.1914062,2.0625,303,2.0625,2.04533625
101.0,15.0,45.0,0.9921875,1.03125,303,1.03125,1.1873555
101.0,16.0,60.0,0.14648438,0.0,303,0.0,0.152106
101.0,17.0,75.0,0.0,0.03125,303,0.03125,0.0
101.0,18.0,90.0,0.5175781,1.03125,303,1.03125,0.6800845
101.0,19.0,105.0,1.5556641,2.5625,303,2.5625,1.843595
101.0,20.0,120.0,2.6357422,3.84375,303,3.84375,2.85117175
101.0,21.0,135.0,3.368164,4.53125,303,4.53125,3.47063975
101.0,22.0,150.0,4.84375,5.0625,303,5.0625,4.5773615
101.0,23.0,165.0,4.763672,4.8125,303,4.8125,4.23706825
101.0,24.0,180.0,4.7539062,4.71875,303,4.71875,4.10636
274.0,1.0,-165.0,2.2382812,1.1875,304,1.1875,1.83474725
274.0,2.0,-150.0,1.9648438,1.03125,304,1.03125,1.7859905
274.0,3.0,-135.0,1.8476562,1.0625,304,1.0625,1.76559675
274.0,4.0,-120.0,1.640625,1.03125,304,1.03125,1.55400375
274.0,5.0,-105.0,1.2402344,0.8125,304,0.8125,1.06154175
274.0,6.0,-90.0,0.7402344,0.5,304,0.5,0.43542225
274.0,7.0,-75.0,0.47460938,0.0,304,0.0,0.2109655
274.0,8.0,-60.0,0.0,0.09375,304,0.09375,0.06419325
274.0,9.0,-45.0,0.25390625,0.96875,304,0.96875,0.7408265
274.0,10.0,-30.0,1.4414062,2.34375,304,2.34375,1.96714975
274.0,11.0,-15.0,2.6738281,3.6875,304,3.6875,3.162098
274.0,12.0,0.0,3.2578125,4.125,304,4.125,3.65474825
274.0,13.0,15.0,2.7695312,3.40625,304,3.40625,2.9292955
274.0,14.0,30.0,1.515625,2.03125,304,2.03125,1.5595885
274.0,15.0,45.0,0.4765625,0.75,304,0.75,0.433728
274.0,16.0,60.0,0.078125,0.03125,304,0.03125,0.0
274.0,17.0,75.0,0.30078125,0.03125,304,0.03125,0.2973095
274.0,18.0,90.0,0.69921875,0.59375,304,0.59375,0.565503
274.0,19.0,105.0,1.2421875,0.90625,304,0.90625,1.22996275
274.0,20.0,120.0,1.6464844,1.125,304,1.125,1.6532115
274.0,21.0,135.0,1.84375,1.1875,304,1.1875,1.88105675
274.0,22.0,150.0,2.0058594,1.15625,304,1.15625,1.87653875
274.0,23.0,165.0,2.296875,1.25,304,1.25,1.88695525
274.0,24.0,180.0,2.5234375,1.375,304,1.375,1.89523825
415.0,1.0,-165.0,1.0097656,0.5625,305,0.5625,0.66132225
415.0,2.0,-150.0,0.13378906,0.0,305,0.0,0.01700525
415.0,3.0,-135.0,0.0,0.125,305,0.125,0.08904225
415.0,4.0,-120.0,0.6328125,0.8125,305,0.8125,0.81731875
415.0,5.0,-105.0,1.4443359,1.6875,305,1.6875,1.6640045
415.0,6.0,-90.0,2.821289,2.6875,305,2.6875,2.63801
415.0,7.0,-75.0,1.4589844,1.6875,305,1.6875,1.65590975
415.0,8.0,-60.0,0.65625,0.875,305,0.875,0.82246425
415.0,9.0,-45.0,0.020507812,0.1875,305,0.1875,0.10472975
415.0,10.0,-30.0,0.09472656,0.0,305,0.0,0.0
415.0,11.0,-15.0,0.953125,0.5,305,0.5,0.62593125
415.0,12.0,0.0,1.5869141,0.9375,305,0.9375,1.2048
415.0,13.0,15.0,0.953125,0.5,305,0.5,0.62605675
415.0,14.0,30.0,0.09667969,0.0,305,0.0,0.00069025
415.0,15.0,45.0,0.020507812,0.1875,305,0.1875,0.104918
415.0,16.0,60.0,0.65527344,0.875,305,0.875,0.822025
415.0,17.0,75.0,1.4541016,1.6875,305,1.6875,1.65578425
415.0,18.0,90.0,2.821289,2.6875,305,2.6875,2.63794725
415.0,19.0,105.0,1.4443359,1.6875,305,1.6875,1.66620075
415.0,20.0,120.0,0.63183594,0.8125,305,0.8125,0.81593825
415.0,21.0,135.0,0.0009765625,0.125,305,0.125,0.0889795
415.0,22.0,150.0,0.13378906,0.0,305,0.0,0.017068
415.0,23.0,165.0,1.0058594,0.5625,305,0.5625,0.66107125
415.0,24.0,180.0,1.5849609,0.9375,305,0.9375,1.20611775
364.0,1.0,-165.0,0.40039062,0.46875,306,0.46875,0.4529295
364.0,2.0,-150.0,1.1777344,1.328125,306,1.328125,1.3008075
364.0,3.0,-135.0,1.96875,2.09375,306,2.09375,2.0864375
364.0,4.0,-120.0,2.3925781,2.34375,306,2.34375,2.353878
364.0,5.0,-105.0,2.1044922,1.984375,306,1.984375,1.9910575
364.0,6.0,-90.0,1.5693359,1.5,306,1.5,1.4401125
364.0,7.0,-75.0,1.5361328,1.515625,306,1.515625,1.24590125
364.0,8.0,-60.0,2.0507812,2.203125,306,2.203125,1.52752325
364.0,9.0,-45.0,3.2783203,3.6875,306,3.6875,2.71625925
364.0,10.0,-30.0,4.8964844,5.71875,306,5.71875,4.684162
364.0,11.0,-15.0,6.4765625,8.09375,306,8.09375,7.32198375
364.0,12.0,0.0,7.051758,8.703125,306,8.703125,7.9425185
364.0,13.0,15.0,6.4658203,8.09375,306,8.09375,7.293809
364.0,14.0,30.0,5.3291016,6.734375,306,6.734375,5.9598695
364.0,15.0,45.0,3.4414062,5.046875,306,5.046875,3.915098
364.0,16.0,60.0,2.428711,3.53125,306,3.53125,2.68821
364.0,17.0,75.0,2.0117188,2.796875,306,2.796875,2.3773465
364.0,18.0,90.0,1.9814453,2.75,306,2.75,2.53880225
364.0,19.0,105.0,2.0,2.75,306,2.75,2.3843745
364.0,20.0,120.0,2.0,2.3125,306,2.3125,2.013271
364.0,21.0,135.0,1.7128906,1.6875,306,1.6875,1.53731225
364.0,22.0,150.0,0.84472656,0.8125,306,0.8125,0.79999975
364.0,23.0,165.0,0.17675781,0.125,306,0.125,0.15643575
364.0,24.0,180.0,0.0,0.0,306,0.0,0.0
11.0,1.0,-165.0,0.3046875,0.125,307,0.125,0.31305975
11.0,2.0,-150.0,0.0,0.0,307,0.0,0.0
11.0,3.0,-135.0,0.30664062,0.46875,307,0.46875,0.2385755
11.0,4.0,-120.0,1.1152344,1.34375,307,1.34375,0.86212225
11.0,5.0,-105.0,2.109375,2.21875,307,2.21875,1.5437755
11.0,6.0,-90.0,2.6132812,2.625,307,2.625,1.88595125
11.0,7.0,-75.0,2.1347656,2.15625,307,2.15625,1.59491675
11.0,8.0,-60.0,1.1445312,1.25,307,1.25,0.899082
11.0,9.0,-45.0,0.28125,0.375,307,0.375,0.23939125
11.0,10.0,-30.0,0.015625,0.0,307,0.0,0.0161895
11.0,11.0,-15.0,0.37109375,0.1875,307,0.1875,0.38359075
11.0,12.0,0.0,1.1328125,0.875,307,0.875,1.17474275
11.0,13.0,15.0,0.37109375,0.1875,307,0.1875,0.3836535
11.0,14.0,30.0,0.013671875,0.0,307,0.0,0.0154365
11.0,15.0,45.0,0.2890625,0.375,307,0.375,0.23989325
11.0,16.0,60.0,1.1445312,1.25,307,1.25,0.89989775
11.0,17.0,75.0,2.1328125,2.15625,307,2.15625,1.59855625
11.0,18.0,90.0,2.6113281,2.625,307,2.625,1.88469625
11.0,19.0,105.0,2.0917969,2.21875,307,2.21875,1.54157925
11.0,20.0,120.0,1.1191406,1.34375,307,1.34375,0.86274975
11.0,21.0,135.0,0.31054688,0.46875,307,0.46875,0.235438
11.0,22.0,150.0,0.00390625,0.0,307,0.0,0.00332575
11.0,23.0,165.0,0.31640625,0.125,307,0.125,0.3171385
11.0,24.0,180.0,1.0625,0.75,307,0.75,1.0786725
480.0,1.0,-165.0,0.22363281,0.3125,308,0.3125,0.2428425
480.0,2.0,-150.0,1.4599609,1.59375,308,1.59375,1.44318725
480.0,3.0,-135.0,3.6191406,3.90625,308,3.90625,3.60630525
480.0,4.0,-120.0,15.650391,14.78125,308,14.78125,13.809267
480.0,5.0,-105.0,14.5,13.34375,308,13.34375,12.571335
480.0,6.0,-90.0,12.216797,11.21875,308,11.21875,10.6952355
480.0,7.0,-75.0,9.621094,8.8125,308,8.8125,8.4209245
480.0,8.0,-60.0,7.1308594,6.625,308,6.625,6.30041375
480.0,9.0,-45.0,5.21875,4.90625,308,4.90625,4.62762425
480.0,10.0,-30.0,3.803711,3.84375,308,3.84375,3.4453515
480.0,11.0,-15.0,2.961914,3.375,308,3.375,2.87087525
480.0,12.0,0.0,2.8447266,3.375,308,3.375,2.80712125
480.0,13.0,15.0,2.991211,3.65625,308,3.65625,2.912855
480.0,14.0,30.0,3.7822266,4.65625,308,4.65625,3.759478
480.0,15.0,45.0,5.3740234,5.71875,308,5.71875,4.833507
480.0,16.0,60.0,7.9716797,7.28125,308,7.28125,6.86528925
480.0,17.0,75.0,10.370117,9.40625,308,9.40625,8.9271915
480.0,18.0,90.0,13.004883,11.84375,308,11.84375,11.158205
480.0,19.0,105.0,15.189453,13.9375,308,13.9375,12.91664825
480.0,20.0,120.0,16.3125,15.25,308,15.25,14.0132045
480.0,21.0,135.0,5.9785156,6.1875,308,6.1875,5.4222275
480.0,22.0,150.0,5.123047,4.6875,308,4.6875,4.64230775
480.0,23.0,165.0,2.5029297,3.15625,308,3.15625,2.7483245
480.0,24.0,180.0,0.0,0.0,308,0.0,0.0
96.0,1.0,-165.0,3.415039,4.59375,309,4.59375,4.6365975
96.0,2.0,-150.0,2.1699219,3.0625,309,3.0625,2.9699575
96.0,3.0,-135.0,1.3183594,1.71875,309,1.71875,1.68565325
96.0,4.0,-120.0,0.35253906,0.65625,309,0.65625,0.6504665
96.0,5.0,-105.0,0.0087890625,0.0,309,0.0,0.01650325
96.0,6.0,-90.0,0.16015625,0.4375,309,0.4375,0.32899825
96.0,7.0,-75.0,0.01171875,0.53125,309,0.53125,1.01749125
96.0,8.0,-60.0,0.21289062,0.25,309,0.25,0.64437975
96.0,9.0,-45.0,0.6660156,0.46875,309,0.46875,0.7594005
96.0,10.0,-30.0,1.2851562,1.3125,309,1.3125,1.41564
96.0,11.0,-15.0,1.7890625,2.40625,309,2.40625,2.266781
96.0,12.0,0.0,2.8095703,3.90625,309,3.90625,3.59250025
96.0,13.0,15.0,1.7910156,2.40625,309,2.40625,2.266781
96.0,14.0,30.0,1.2851562,1.3125,309,1.3125,1.4155145
96.0,15.0,45.0,0.66308594,0.46875,309,0.46875,0.7594005
96.0,16.0,60.0,0.21386719,0.25,309,0.25,0.64425425
96.0,17.0,75.0,0.009765625,0.53125,309,0.53125,1.0171775
96.0,18.0,90.0,0.16113281,0.4375,309,0.4375,0.330567
96.0,19.0,105.0,0.0,0.0,309,0.0,0.0
96.0,20.0,120.0,0.36621094,0.65625,309,0.65625,0.66759725
96.0,21.0,135.0,1.3183594,1.71875,309,1.71875,1.682202
96.0,22.0,150.0,2.1699219,3.0625,309,3.0625,2.969832
96.0,23.0,165.0,3.4140625,4.59375,309,4.59375,4.635719
96.0,24.0,180.0,5.3320312,6.21875,309,6.21875,6.588248
408.0,1.0,-165.0,0.053710938,0.25,310,0.25,0.09280725
408.0,2.0,-150.0,0.0,0.9375,310,0.9375,0.47821775
408.0,3.0,-135.0,0.19433594,2.0625,310,2.0625,1.186979
408.0,4.0,-120.0,0.68652344,3.34375,310,3.34375,2.0472815
408.0,5.0,-105.0,1.2373047,4.3125,310,4.3125,2.673903
408.0,6.0,-90.0,1.5429688,4.59375,310,4.59375,2.80159925
408.0,7.0,-75.0,1.234375,3.9375,310,3.9375,2.34214375
408.0,8.0,-60.0,0.7919922,2.84375,310,2.84375,1.62553875
408.0,9.0,-45.0,0.5839844,1.96875,310,1.96875,1.1238525
408.0,10.0,-30.0,0.6738281,1.625,310,1.625,1.1228485
408.0,11.0,-15.0,1.03125,1.65625,310,1.65625,1.454545
408.0,12.0,0.0,1.2392578,1.71875,310,1.71875,1.6645065
408.0,13.0,15.0,1.0322266,1.65625,310,1.65625,1.45435675
408.0,14.0,30.0,0.6738281,1.625,310,1.625,1.12278575
408.0,15.0,45.0,0.59375,1.96875,310,1.96875,1.13044125
408.0,16.0,60.0,0.79003906,2.84375,310,2.84375,1.6235935
408.0,17.0,75.0,1.2421875,3.9375,310,3.9375,2.345344
408.0,18.0,90.0,1.5429688,4.59375,310,4.59375,2.80159925
408.0,19.0,105.0,1.2373047,4.3125,310,4.3125,2.67371475
408.0,20.0,120.0,0.6904297,3.34375,310,3.34375,2.048662
408.0,21.0,135.0,0.20019531,2.0625,310,2.0625,1.184971
408.0,22.0,150.0,0.001953125,0.9375,310,0.9375,0.4769
408.0,23.0,165.0,0.0546875,0.25,310,0.25,0.0927445
408.0,24.0,180.0,0.11816406,0.0,310,0.0,0.0
352.0,1.0,-165.0,1.0625,0.21875,311,0.21875,0.390305
352.0,2.0,-150.0,0.22851562,0.0,311,0.0,0.0839595
352.0,3.0,-135.0,1.5976562,2.375,311,2.375,1.64436375
352.0,4.0,-120.0,0.3203125,0.625,311,0.625,0.216613
352.0,5.0,-105.0,1.0878906,1.34375,311,1.34375,0.673684
352.0,6.0,-90.0,1.9970703,2.15625,311,2.15625,1.238685
352.0,7.0,-75.0,1.0546875,1.21875,311,1.21875,0.64613675
352.0,8.0,-60.0,0.25390625,0.46875,311,0.46875,0.1655345
352.0,9.0,-45.0,0.0,0.0625,311,0.0625,0.0
352.0,10.0,-30.0,0.38085938,0.03125,311,0.03125,0.141062
352.0,11.0,-15.0,1.2509766,0.28125,311,0.28125,0.4594555
352.0,12.0,0.0,2.2246094,0.75,311,0.75,0.8715975
352.0,13.0,15.0,1.2421875,0.28125,311,0.28125,0.458828
352.0,14.0,30.0,0.38085938,0.03125,311,0.03125,0.14087375
352.0,15.0,45.0,0.0068359375,0.0625,311,0.0625,0.00043925
352.0,16.0,60.0,0.25585938,0.46875,311,0.46875,0.16371475
352.0,17.0,75.0,1.0625,1.21875,311,1.21875,0.6469525
352.0,18.0,90.0,1.9951172,2.15625,311,2.15625,1.23862225
352.0,19.0,105.0,1.0888672,1.34375,311,1.34375,0.673684
352.0,20.0,120.0,0.32128906,0.625,311,0.625,0.21604825
352.0,21.0,135.0,1.5957031,2.375,311,2.375,1.64574425
352.0,22.0,150.0,0.22851562,0.0,311,0.0,0.08414775
352.0,23.0,165.0,1.0625,0.21875,311,0.21875,0.390305
352.0,24.0,180.0,2.1240234,0.6875,311,0.6875,0.81744425
164.0,1.0,-165.0,2.1445312,1.75,312,1.75,2.6326135
164.0,2.0,-150.0,1.5566406,1.0625,312,1.0625,1.72104425
164.0,3.0,-135.0,0.8457031,0.4375,312,0.4375,0.93478675
164.0,4.0,-120.0,0.3798828,0.0,312,0.0,0.3726095
164.0,5.0,-105.0,0.0,0.0625,312,0.0625,0.0018825
164.0,6.0,-90.0,0.57910156,0.90625,312,0.90625,0.456569
164.0,7.0,-75.0,1.0556641,1.65625,312,1.65625,1.124982
164.0,8.0,-60.0,2.6455078,3.21875,312,3.21875,2.62000075
164.0,9.0,-45.0,4.1132812,4.84375,312,4.84375,4.0161255
164.0,10.0,-30.0,5.5439453,6.5,312,6.5,5.74093475
164.0,11.0,-15.0,4.618164,6.0,312,6.0,5.36355625
164.0,12.0,0.0,4.0976562,5.59375,312,5.59375,5.11431325
164.0,13.0,15.0,4.6210938,6.0,312,6.0,5.36405825
164.0,14.0,30.0,5.5351562,6.5,312,6.5,5.73578925
164.0,15.0,45.0,4.1152344,4.84375,312,4.84375,4.01618825
164.0,16.0,60.0,2.6425781,3.21875,312,3.21875,2.620691
164.0,17.0,75.0,1.0595703,1.65625,312,1.65625,1.12554675
164.0,18.0,90.0,0.578125,0.90625,312,0.90625,0.45412175
164.0,19.0,105.0,0.0029296875,0.0625,312,0.0625,0.0
164.0,20.0,120.0,0.3779297,0.0,312,0.0,0.3726095
164.0,21.0,135.0,0.8408203,0.4375,312,0.4375,0.93579075
164.0,22.0,150.0,1.5566406,1.0625,312,1.0625,1.722111
164.0,23.0,165.0,2.1523438,1.75,312,1.75,2.63330375
164.0,24.0,180.0,2.375,2.09375,312,2.09375,3.06088225
472.0,1.0,-165.0,0.265625,0.1875,313,0.1875,0.0402855
472.0,2.0,-150.0,0.5410156,0.75,313,0.75,0.2230135
472.0,3.0,-135.0,0.98046875,1.84375,313,1.84375,0.84794075
472.0,4.0,-120.0,1.6796875,3.34375,313,3.34375,1.84579125
472.0,5.0,-105.0,2.6582031,4.65625,313,4.65625,2.8015365
472.0,6.0,-90.0,3.1621094,5.21875,313,5.21875,3.197991
472.0,7.0,-75.0,2.5722656,4.6875,313,4.6875,2.80900375
472.0,8.0,-60.0,1.5253906,3.34375,313,3.34375,1.870452
472.0,9.0,-45.0,0.8300781,1.90625,313,1.90625,0.9110045
472.0,10.0,-30.0,0.41601562,0.84375,313,0.84375,0.3507725
472.0,11.0,-15.0,0.1328125,0.3125,313,0.3125,0.21404025
472.0,12.0,0.0,0.0,0.15625,313,0.15625,0.215358
472.0,13.0,15.0,0.111328125,0.28125,313,0.28125,0.1682955
472.0,14.0,30.0,0.36328125,0.8125,313,0.8125,0.28218675
472.0,15.0,45.0,0.7558594,1.84375,313,1.84375,0.8269195
472.0,16.0,60.0,1.4804688,3.28125,313,3.28125,1.77613875
472.0,17.0,75.0,2.5292969,4.59375,313,4.59375,2.69279075
472.0,18.0,90.0,3.1347656,5.125,313,5.125,3.0826565
472.0,19.0,105.0,2.6523438,4.5625,313,4.5625,2.67145575
472.0,20.0,120.0,1.6796875,3.21875,313,3.21875,1.72939
472.0,21.0,135.0,0.9707031,1.78125,313,1.78125,0.74101475
472.0,22.0,150.0,0.51953125,0.6875,313,0.6875,0.14049725
472.0,23.0,165.0,0.2578125,0.15625,313,0.15625,0.0
472.0,24.0,180.0,0.14257812,0.0,313,0.0,0.04072475
290.0,1.0,-165.0,0.8623047,0.6875,314,0.6875,1.00983575
290.0,2.0,-150.0,1.0009766,0.5625,314,0.5625,1.00519225
290.0,3.0,-135.0,0.796875,0.4375,314,0.4375,0.9250605
290.0,4.0,-120.0,0.3359375,0.25,314,0.25,0.565754
290.0,5.0,-105.0,0.0,0.0,314,0.0,0.00018825
290.0,6.0,-90.0,0.1640625,0.3125,314,0.3125,0.08515175
290.0,7.0,-75.0,1.5048828,1.75,314,1.75,1.549423
290.0,8.0,-60.0,3.0234375,3.25,314,3.25,2.9589135
290.0,9.0,-45.0,5.1621094,4.4375,314,4.4375,4.27722825
290.0,10.0,-30.0,6.928711,5.875,314,5.875,5.82376475
290.0,11.0,-15.0,7.9765625,6.9375,314,6.9375,6.9857065
290.0,12.0,0.0,8.234375,7.375,314,7.375,7.42012475
290.0,13.0,15.0,7.9716797,6.9375,314,6.9375,6.9852045
290.0,14.0,30.0,6.9277344,5.875,314,5.875,5.822447
290.0,15.0,45.0,5.165039,4.4375,314,4.4375,4.27496925
290.0,16.0,60.0,3.0205078,3.25,314,3.25,2.95847425
290.0,17.0,75.0,1.5039062,1.75,314,1.75,1.54735225
290.0,18.0,90.0,0.16601562,0.3125,314,0.3125,0.084336
290.0,19.0,105.0,0.0,0.0,314,0.0,0.0
290.0,20.0,120.0,0.3330078,0.25,314,0.25,0.56556575
290.0,21.0,135.0,0.79296875,0.4375,314,0.4375,0.9217975
290.0,22.0,150.0,1.0009766,0.5625,314,0.5625,1.00531775
290.0,23.0,165.0,0.8613281,0.6875,314,0.6875,1.00945925
290.0,24.0,180.0,0.7519531,0.75,314,0.75,1.02589975
479.0,1.0,-165.0,0.0,0.0,315,0.0,0.02290375
479.0,2.0,-150.0,0.16894531,0.4375,315,0.4375,0.374492
479.0,3.0,-135.0,0.37109375,1.125,315,1.125,0.8623105
479.0,4.0,-120.0,0.60839844,1.875,315,1.875,1.31906775
479.0,5.0,-105.0,0.9472656,2.46875,315,2.46875,1.53856725
479.0,6.0,-90.0,1.0644531,2.875,315,2.875,1.5781625
479.0,7.0,-75.0,1.0322266,3.21875,315,3.21875,1.60081525
479.0,8.0,-60.0,1.4882812,3.84375,315,3.84375,2.0264485
479.0,9.0,-45.0,2.46875,4.90625,315,4.90625,3.092822
479.0,10.0,-30.0,3.8535156,6.28125,315,6.28125,4.63590725
479.0,11.0,-15.0,5.036133,7.625,315,7.625,6.15357875
479.0,12.0,0.0,5.473633,8.25,315,8.25,6.89101675
479.0,13.0,15.0,5.0351562,7.625,315,7.625,6.1511315
479.0,14.0,30.0,3.8554688,6.28125,315,6.28125,4.63289525
479.0,15.0,45.0,2.4726562,4.90625,315,4.90625,3.09413975
479.0,16.0,60.0,1.4951172,3.84375,315,3.84375,2.02688775
479.0,17.0,75.0,1.03125,3.21875,315,3.21875,1.60056425
479.0,18.0,90.0,1.0625,2.875,315,2.875,1.57697025
479.0,19.0,105.0,0.95410156,2.46875,315,2.46875,1.54245775
479.0,20.0,120.0,0.60546875,1.875,315,1.875,1.320762
479.0,21.0,135.0,0.37109375,1.125,315,1.125,0.8620595
479.0,22.0,150.0,0.16699219,0.4375,315,0.4375,0.37217025
479.0,23.0,165.0,0.0009765625,0.0,315,0.0,0.0232175
479.0,24.0,180.0,0.07910156,0.0,315,0.0,0.0
417.0,1.0,-165.0,0.0078125,0.15625,316,0.15625,0.0
417.0,2.0,-150.0,0.296875,0.40625,316,0.40625,0.15041175
417.0,3.0,-135.0,0.8300781,1.15625,316,1.15625,0.66420875
417.0,4.0,-120.0,1.7490234,2.40625,316,2.40625,1.6180715
417.0,5.0,-105.0,3.069336,4.0625,316,4.0625,2.917373
417.0,6.0,-90.0,4.611328,5.78125,316,5.78125,4.31098775
417.0,7.0,-75.0,6.169922,7.125,316,7.125,5.4962725
417.0,8.0,-60.0,4.376953,3.75,316,3.75,3.3788365
417.0,9.0,-45.0,3.0976562,2.0625,316,2.0625,2.15929025
417.0,10.0,-30.0,2.0830078,0.90625,316,0.90625,1.33174325
417.0,11.0,-15.0,1.4892578,0.21875,316,0.21875,0.8806335
417.0,12.0,0.0,1.3056641,0.0,316,0.0,0.74126575
417.0,13.0,15.0,1.4863281,0.21875,316,0.21875,0.87919025
417.0,14.0,30.0,2.0888672,0.90625,316,0.90625,1.332308
417.0,15.0,45.0,3.0957031,2.0625,316,2.0625,2.157094
417.0,16.0,60.0,4.3671875,3.75,316,3.75,3.37362825
417.0,17.0,75.0,6.166992,7.125,316,7.125,5.497151
417.0,18.0,90.0,4.6123047,5.78125,316,5.78125,4.3097955
417.0,19.0,105.0,3.0722656,4.0625,316,4.0625,2.917373
417.0,20.0,120.0,1.7519531,2.40625,316,2.40625,1.617946
417.0,21.0,135.0,0.8300781,1.15625,316,1.15625,0.665652
417.0,22.0,150.0,0.29492188,0.40625,316,0.40625,0.150349
417.0,23.0,165.0,0.0078125,0.15625,316,0.15625,6.27e-05
417.0,24.0,180.0,0.0,0.28125,316,0.28125,0.05252175
200.0,1.0,-165.0,0.0,0.0625,317,0.0625,0.0
200.0,2.0,-150.0,0.13476562,0.46875,317,0.46875,0.2011765
200.0,3.0,-135.0,0.7558594,1.375,317,1.375,0.867456
200.0,4.0,-120.0,1.7949219,2.71875,317,2.71875,1.90879225
200.0,5.0,-105.0,2.7558594,3.96875,317,3.96875,2.8863745
200.0,6.0,-90.0,3.1113281,4.46875,317,4.46875,3.275299
200.0,7.0,-75.0,2.8017578,3.9375,317,3.9375,2.85405825
200.0,8.0,-60.0,1.8251953,2.6875,317,2.6875,1.88544925
200.0,9.0,-45.0,0.75878906,1.375,317,1.375,0.857416
200.0,10.0,-30.0,0.14746094,0.46875,317,0.46875,0.203561
200.0,11.0,-15.0,0.0048828125,0.0625,317,0.0625,0.00382775
200.0,12.0,0.0,0.055664062,0.0,317,0.0,0.007028
200.0,13.0,15.0,0.0048828125,0.0625,317,0.0625,0.0038905
200.0,14.0,30.0,0.14746094,0.46875,317,0.46875,0.20362375
200.0,15.0,45.0,0.765625,1.375,317,1.375,0.85848275
200.0,16.0,60.0,1.8251953,2.6875,317,2.6875,1.885512
200.0,17.0,75.0,2.8027344,3.9375,317,3.9375,2.8534935
200.0,18.0,90.0,3.1132812,4.46875,317,4.46875,3.27498525
200.0,19.0,105.0,2.7646484,3.96875,317,3.96875,2.888006
200.0,20.0,120.0,1.7949219,2.71875,317,2.71875,1.91011
200.0,21.0,135.0,0.7558594,1.375,317,1.375,0.867456
200.0,22.0,150.0,0.13378906,0.46875,317,0.46875,0.2011765
200.0,23.0,165.0,0.0,0.0625,317,0.0625,0.0
200.0,24.0,180.0,0.056640625,0.0,317,0.0,0.00897325
261.0,1.0,-165.0,1.0029297,1.9375,318,1.9375,0.89286975
261.0,2.0,-150.0,0.8339844,2.34375,318,2.34375,1.05564325
261.0,3.0,-135.0,1.3115234,3.5,318,3.5,1.79383425
261.0,4.0,-120.0,2.1035156,4.8125,318,4.8125,2.6652435
261.0,5.0,-105.0,2.6914062,5.8125,318,5.8125,3.38542525
261.0,6.0,-90.0,3.2001953,6.28125,318,6.28125,4.00890925
261.0,7.0,-75.0,3.5302734,5.90625,318,5.90625,4.345061
261.0,8.0,-60.0,1.46875,3.8125,318,3.8125,2.20359175
261.0,9.0,-45.0,0.45703125,1.90625,318,1.90625,0.90629825
261.0,10.0,-30.0,0.0,0.625,318,0.625,0.16107925
261.0,11.0,-15.0,0.15429688,0.0,318,0.0,0.0
261.0,12.0,0.0,0.5341797,0.0625,318,0.0625,0.2696995
261.0,13.0,15.0,0.16308594,0.0,318,0.0,0.0018825
261.0,14.0,30.0,0.0009765625,0.625,318,0.625,0.1607655
261.0,15.0,45.0,0.45898438,1.90625,318,1.90625,0.91043975
261.0,16.0,60.0,1.4648438,3.8125,318,3.8125,2.204282
261.0,17.0,75.0,3.53125,5.90625,318,5.90625,4.345061
261.0,18.0,90.0,3.1972656,6.28125,318,6.28125,4.0078425
261.0,19.0,105.0,2.6845703,5.8125,318,5.8125,3.3833545
261.0,20.0,120.0,2.1044922,4.8125,318,4.8125,2.66467875
261.0,21.0,135.0,1.3105469,3.5,318,3.5,1.793144
261.0,22.0,150.0,0.82910156,2.34375,318,2.34375,1.0545765
261.0,23.0,165.0,0.9951172,1.9375,318,1.9375,0.89010875
261.0,24.0,180.0,1.5898438,2.21875,318,2.21875,1.2696835
420.0,1.0,-165.0,8.261719,11.34375,319,11.34375,10.4424785
420.0,2.0,-150.0,7.779297,11.0,319,11.0,9.9214025
420.0,3.0,-135.0,8.113281,11.375,319,11.375,10.053554
420.0,4.0,-120.0,8.772461,12.3125,319,12.3125,10.754095
420.0,5.0,-105.0,9.1484375,13.46875,319,13.46875,11.64891
420.0,6.0,-90.0,8.580078,12.65625,319,12.65625,10.79394125
420.0,7.0,-75.0,7.232422,9.5,319,9.5,8.07724275
420.0,8.0,-60.0,4.8115234,6.0625,319,6.0625,5.12234525
420.0,9.0,-45.0,2.5488281,3.28125,319,3.28125,2.73395475
420.0,10.0,-30.0,0.85253906,1.375,319,1.375,1.09404625
420.0,11.0,-15.0,0.0,0.28125,319,0.28125,0.19245425
420.0,12.0,0.0,0.016601562,0.0,319,0.0,0.0
420.0,13.0,15.0,0.001953125,0.28125,319,0.28125,0.191513
420.0,14.0,30.0,0.8496094,1.34375,319,1.34375,1.094109
420.0,15.0,45.0,2.5498047,3.28125,319,3.28125,2.72956225
420.0,16.0,60.0,4.810547,6.0625,319,6.0625,5.12410225
420.0,17.0,75.0,7.194336,9.5,319,9.5,8.05678625
420.0,18.0,90.0,8.59082,12.65625,319,12.65625,10.7956355
420.0,19.0,105.0,9.1484375,13.46875,319,13.46875,11.64821975
420.0,20.0,120.0,8.772461,12.3125,319,12.3125,10.754095
420.0,21.0,135.0,8.108398,11.34375,319,11.34375,10.049538
420.0,22.0,150.0,7.783203,11.0,319,11.0,9.92133975
420.0,23.0,165.0,8.259766,11.34375,319,11.34375,10.4402195
420.0,24.0,180.0,9.537109,12.25,319,12.25,11.5293085
16.0,1.0,-165.0,0.049804688,0.15625,320,0.15625,0.05327475
16.0,2.0,-150.0,0.24804688,0.71875,320,0.71875,0.2830025
16.0,3.0,-135.0,0.69433594,1.71875,320,1.71875,0.819013
16.0,4.0,-120.0,1.4414062,3.0,320,3.0,1.6213345
16.0,5.0,-105.0,2.2304688,4.21875,320,4.21875,2.4308095
16.0,6.0,-90.0,2.7636719,4.84375,320,4.84375,2.92433825
16.0,7.0,-75.0,2.7666016,4.5625,320,4.5625,2.80235225
16.0,8.0,-60.0,2.2070312,3.53125,320,3.53125,2.15150925
16.0,9.0,-45.0,1.3017578,2.3125,320,2.3125,1.4034665
16.0,10.0,-30.0,0.6826172,1.40625,320,1.40625,0.9403715
16.0,11.0,-15.0,0.5878906,1.0,320,1.0,0.828802
16.0,12.0,0.0,0.63671875,0.90625,320,0.90625,0.84517975
16.0,13.0,15.0,0.58691406,1.0,320,1.0,0.82861375
16.0,14.0,30.0,0.6826172,1.40625,320,1.40625,0.940246
16.0,15.0,45.0,1.3095703,2.3125,320,2.3125,1.404847
16.0,16.0,60.0,2.2128906,3.53125,320,3.53125,2.15314075
16.0,17.0,75.0,2.7617188,4.5625,320,4.5625,2.80297975
16.0,18.0,90.0,2.7636719,4.84375,320,4.84375,2.92396175
16.0,19.0,105.0,2.2324219,4.21875,320,4.21875,2.43262925
16.0,20.0,120.0,1.4394531,3.0,320,3.0,1.6205815
16.0,21.0,135.0,0.6933594,1.71875,320,1.71875,0.81832275
16.0,22.0,150.0,0.24707031,0.71875,320,0.71875,0.28306525
16.0,23.0,165.0,0.047851562,0.15625,320,0.15625,0.05026275
16.0,24.0,180.0,0.0,0.0,320,0.0,0.0
39.0,1.0,-165.0,2.0927734,2.75,321,2.75,2.22078525
39.0,2.0,-150.0,2.477539,3.15625,321,3.15625,2.7377825
39.0,3.0,-135.0,3.0791016,3.46875,321,3.46875,3.18751175
39.0,4.0,-120.0,2.8828125,3.03125,321,3.03125,2.7882335
39.0,5.0,-105.0,1.6318359,1.5,321,1.5,1.39411675
39.0,6.0,-90.0,0.4638672,0.21875,321,0.21875,0.218621
39.0,7.0,-75.0,0.0,0.0,321,0.0,0.0
39.0,8.0,-60.0,0.50683594,0.875,321,0.875,0.8334455
39.0,9.0,-45.0,1.9404297,2.53125,321,2.53125,2.50316025
39.0,10.0,-30.0,3.9628906,4.46875,321,4.46875,4.596061
39.0,11.0,-15.0,5.8554688,6.03125,321,6.03125,6.3546925
39.0,12.0,0.0,6.791992,6.78125,321,6.78125,7.17916475
39.0,13.0,15.0,5.8535156,6.03125,321,6.03125,6.35412775
39.0,14.0,30.0,3.961914,4.46875,321,4.46875,4.5961865
39.0,15.0,45.0,1.9404297,2.53125,321,2.53125,2.50316025
39.0,16.0,60.0,0.5078125,0.875,321,0.875,0.83338275
39.0,17.0,75.0,0.0,0.0,321,0.0,6.28e-05
39.0,18.0,90.0,0.45996094,0.21875,321,0.21875,0.218872
39.0,19.0,105.0,1.6318359,1.5,321,1.5,1.3944305
39.0,20.0,120.0,2.881836,3.03125,321,3.03125,2.7884845
39.0,21.0,135.0,3.0791016,3.46875,321,3.46875,3.18738625
39.0,22.0,150.0,2.4804688,3.15625,321,3.15625,2.73734325
39.0,23.0,165.0,2.0927734,2.75,321,2.75,2.2207225
39.0,24.0,180.0,2.022461,2.5625,321,2.5625,2.00329375
361.0,1.0,-165.0,6.194336,6.875,322,6.875,6.80768475
361.0,2.0,-150.0,4.283203,4.78125,322,4.78125,4.47325925
361.0,3.0,-135.0,2.375,2.78125,322,2.78125,2.297654
361.0,4.0,-120.0,0.859375,1.28125,322,1.28125,0.80263525
361.0,5.0,-105.0,0.09472656,0.4375,322,0.4375,0.1050435
361.0,6.0,-90.0,0.001953125,0.0625,322,0.0625,0.0
361.0,7.0,-75.0,0.06347656,0.0,322,0.0,0.1916385
361.0,8.0,-60.0,0.265625,0.09375,322,0.09375,0.441258
361.0,9.0,-45.0,0.54785156,0.3125,322,0.3125,0.70198425
361.0,10.0,-30.0,0.7392578,0.625,322,0.625,0.97720575
361.0,11.0,-15.0,0.8779297,1.0,322,1.0,1.24063025
361.0,12.0,0.0,1.0136719,1.25,322,1.25,1.33262175
361.0,13.0,15.0,0.8828125,1.0,322,1.0,1.243454
361.0,14.0,30.0,0.7451172,0.625,322,0.625,0.976892
361.0,15.0,45.0,0.5517578,0.3125,322,0.3125,0.70524725
361.0,16.0,60.0,0.27441406,0.09375,322,0.09375,0.44094425
361.0,17.0,75.0,0.06347656,0.0,322,0.0,0.191513
361.0,18.0,90.0,0.0,0.0625,322,0.0625,0.003012
361.0,19.0,105.0,0.09277344,0.4375,322,0.4375,0.10962425
361.0,20.0,120.0,0.859375,1.28125,322,1.28125,0.80200775
361.0,21.0,135.0,2.3798828,2.78125,322,2.78125,2.298909
361.0,22.0,150.0,4.2851562,4.78125,322,4.78125,4.473824
361.0,23.0,165.0,6.194336,6.875,322,6.875,6.80712
361.0,24.0,180.0,7.194336,8.21875,322,8.21875,8.13610225
157.0,1.0,-165.0,1.8164062,1.78125,323,1.78125,1.73183725
157.0,2.0,-150.0,0.4658203,0.40625,323,0.40625,0.42462925
157.0,3.0,-135.0,0.005859375,0.0,323,0.0,0.00232175
157.0,4.0,-120.0,0.23632812,0.34375,323,0.34375,0.2732135
157.0,5.0,-105.0,0.67871094,0.96875,323,0.96875,0.85973775
157.0,6.0,-90.0,0.81640625,1.3125,323,1.3125,1.21138875
157.0,7.0,-75.0,0.71777344,0.9375,323,0.9375,0.8763665
157.0,8.0,-60.0,0.24023438,0.3125,323,0.3125,0.2717075
157.0,9.0,-45.0,0.005859375,0.0,323,0.0,0.0061495
157.0,10.0,-30.0,0.5214844,0.46875,323,0.46875,0.477402
157.0,11.0,-15.0,1.9453125,1.84375,323,1.84375,1.8223855
157.0,12.0,0.0,4.1171875,3.96875,323,3.96875,3.9071915
157.0,13.0,15.0,1.9462891,1.84375,323,1.84375,1.82207175
157.0,14.0,30.0,0.5214844,0.46875,323,0.46875,0.477402
157.0,15.0,45.0,0.0048828125,0.0,323,0.0,0.0061495
157.0,16.0,60.0,0.23730469,0.3125,323,0.3125,0.27202125
157.0,17.0,75.0,0.71777344,0.9375,323,0.9375,0.8763665
157.0,18.0,90.0,0.80371094,1.3125,323,1.3125,1.206557
157.0,19.0,105.0,0.6826172,0.96875,323,0.96875,0.86011425
157.0,20.0,120.0,0.234375,0.34375,323,0.34375,0.27453125
157.0,21.0,135.0,0.0,0.0,323,0.0,0.0
157.0,22.0,150.0,0.45996094,0.40625,323,0.40625,0.42111525
157.0,23.0,165.0,1.8144531,1.78125,323,1.78125,1.73208825
157.0,24.0,180.0,3.993164,3.96875,323,3.96875,3.896022
100.0,1.0,-165.0,13.439453,15.875,324,15.875,14.41172975
100.0,2.0,-150.0,11.711914,14.65625,324,14.65625,13.2105065
100.0,3.0,-135.0,10.533203,14.25,324,14.25,12.84536425
100.0,4.0,-120.0,9.703125,14.46875,324,14.46875,12.86205575
100.0,5.0,-105.0,8.475586,14.78125,324,14.78125,12.82980225
100.0,6.0,-90.0,7.336914,14.28125,324,14.28125,12.1327125
100.0,7.0,-75.0,6.6523438,12.34375,324,12.34375,10.411229
100.0,8.0,-60.0,5.604492,9.1875,324,9.1875,7.85033875
100.0,9.0,-45.0,3.8544922,5.65625,324,5.65625,4.95367325
100.0,10.0,-30.0,1.8945312,2.625,324,2.625,2.356388
100.0,11.0,-15.0,0.5029297,0.65625,324,0.65625,0.60610225
100.0,12.0,0.0,0.0,0.0,324,0.0,0.0
100.0,13.0,15.0,0.49121094,0.65625,324,0.65625,0.603906
100.0,14.0,30.0,1.890625,2.625,324,2.625,2.35632525
100.0,15.0,45.0,3.8701172,5.65625,324,5.65625,4.96685075
100.0,16.0,60.0,5.611328,9.1875,324,9.1875,7.85222125
100.0,17.0,75.0,6.651367,12.34375,324,12.34375,10.41116625
100.0,18.0,90.0,7.3320312,14.3125,324,14.3125,12.12361375
100.0,19.0,105.0,8.473633,14.78125,324,14.78125,12.82967675
100.0,20.0,120.0,9.704102,14.46875,324,14.46875,12.86117725
100.0,21.0,135.0,10.533203,14.25,324,14.25,12.8458035
100.0,22.0,150.0,11.716797,14.65625,324,14.65625,13.210632
100.0,23.0,165.0,13.444336,15.875,324,15.875,14.415181
100.0,24.0,180.0,15.3828125,17.875,324,17.875,16.30928975
411.0,1.0,-165.0,2.9091797,2.71875,325,2.71875,2.54884225
411.0,2.0,-150.0,4.5947266,3.6875,325,3.6875,3.1735185
411.0,3.0,-135.0,5.540039,3.5625,325,3.5625,3.019781
411.0,4.0,-120.0,4.9023438,2.21875,325,2.21875,1.9152555
411.0,5.0,-105.0,2.7294922,0.75,325,0.75,0.92298975
411.0,6.0,-90.0,0.6845703,0.0,325,0.0,0.321782
411.0,7.0,-75.0,0.0029296875,0.09375,325,0.09375,0.0
411.0,8.0,-60.0,0.80566406,1.53125,325,1.53125,1.2272645
411.0,9.0,-45.0,1.0859375,1.90625,325,1.90625,1.70372525
411.0,10.0,-30.0,2.6699219,3.3125,325,3.3125,3.201505
411.0,11.0,-15.0,5.7041016,4.71875,325,4.71875,4.1423785
411.0,12.0,0.0,6.3935547,4.59375,325,4.59375,4.2648665
411.0,13.0,15.0,5.692383,4.71875,325,4.71875,4.14080975
411.0,14.0,30.0,2.6601562,3.3125,325,3.3125,3.19843025
411.0,15.0,45.0,1.0800781,1.90625,325,1.90625,1.70560775
411.0,16.0,60.0,0.8076172,1.53125,325,1.53125,1.22808025
411.0,17.0,75.0,0.0,0.09375,325,0.09375,0.00320025
411.0,18.0,90.0,0.6796875,0.0,325,0.0,0.321782
411.0,19.0,105.0,2.6513672,0.78125,325,0.78125,0.89161475
411.0,20.0,120.0,4.9023438,2.21875,325,2.21875,1.9167615
411.0,21.0,135.0,5.5166016,3.5625,325,3.5625,3.021789
411.0,22.0,150.0,4.583008,3.6875,325,3.6875,3.171385
411.0,23.0,165.0,3.1621094,2.96875,325,2.96875,2.435202
411.0,24.0,180.0,2.6513672,2.4375,325,2.4375,2.2342765
332.0,1.0,-165.0,5.8984375,5.0625,326,5.0625,4.96478
332.0,2.0,-150.0,5.934082,5.125,326,5.125,4.8938725
332.0,3.0,-135.0,6.1743164,5.5625,326,5.5625,5.1524025
332.0,4.0,-120.0,6.501953,6.25,326,6.25,5.66758
332.0,5.0,-105.0,6.760254,6.875,326,6.875,6.1852675
332.0,6.0,-90.0,6.5532227,7.0,326,7.0,6.276255
332.0,7.0,-75.0,5.48291,6.125,326,6.125,5.558395
332.0,8.0,-60.0,4.0688477,4.5625,326,4.5625,4.197975
332.0,9.0,-45.0,2.5581055,2.8125,326,2.8125,2.604125
332.0,10.0,-30.0,1.2324219,1.3125,326,1.3125,1.22488
332.0,11.0,-15.0,0.32714844,0.3125,326,0.3125,0.31877
332.0,12.0,0.0,0.0,0.0,326,0.0,0.0
332.0,13.0,15.0,0.32666016,0.3125,326,0.3125,0.31877
332.0,14.0,30.0,1.2319336,1.3125,326,1.3125,1.2242525
332.0,15.0,45.0,2.5620117,2.8125,326,2.8125,2.604125
332.0,16.0,60.0,4.0688477,4.5625,326,4.5625,4.197975
332.0,17.0,75.0,5.484375,6.125,326,6.125,5.560905
332.0,18.0,90.0,6.5532227,7.0,326,7.0,6.276255
332.0,19.0,105.0,6.760254,6.875,326,6.875,6.1877775
332.0,20.0,120.0,6.501465,6.25,326,6.25,5.66758
332.0,21.0,135.0,6.163574,5.5625,326,5.5625,5.144245
332.0,22.0,150.0,5.926758,5.125,326,5.125,4.8888525
332.0,23.0,165.0,5.8984375,5.0625,326,5.0625,4.96478
332.0,24.0,180.0,5.9438477,5.0625,326,5.0625,5.091535
266.0,1.0,-165.0,1.4326172,0.59375,327,0.59375,1.25154875
266.0,2.0,-150.0,1.7675781,1.5,327,1.5,1.99036725
266.0,3.0,-135.0,2.6708984,2.34375,327,2.34375,3.11196075
266.0,4.0,-120.0,2.6748047,2.375,327,2.375,2.91655725
266.0,5.0,-105.0,1.7988281,1.46875,327,1.46875,1.99224975
266.0,6.0,-90.0,0.8886719,0.46875,327,0.46875,0.806714
266.0,7.0,-75.0,0.0,0.0,327,0.0,0.00194525
266.0,8.0,-60.0,0.0048828125,0.53125,327,0.53125,0.1140795
266.0,9.0,-45.0,0.9091797,1.9375,327,1.9375,1.18704175
266.0,10.0,-30.0,2.4951172,3.65625,327,3.65625,2.775307
266.0,11.0,-15.0,4.2128906,5.125,327,5.125,4.195716
266.0,12.0,0.0,5.2226562,5.90625,327,5.90625,4.919349
266.0,13.0,15.0,4.194336,5.125,327,5.125,4.19226475
266.0,14.0,30.0,2.4472656,3.65625,327,3.65625,2.72629925
266.0,15.0,45.0,0.88378906,1.9375,327,1.9375,1.1740525
266.0,16.0,60.0,0.00390625,0.53125,327,0.53125,0.112699
266.0,17.0,75.0,0.0,0.0,327,0.0,0.0
266.0,18.0,90.0,0.8720703,0.46875,327,0.46875,0.8050825
266.0,19.0,105.0,1.7939453,1.46875,327,1.46875,1.98936325
266.0,20.0,120.0,2.6669922,2.375,327,2.375,2.9164945
266.0,21.0,135.0,2.8164062,2.53125,327,2.53125,2.87576975
266.0,22.0,150.0,2.1015625,1.46875,327,1.46875,1.99043
266.0,23.0,165.0,1.4365234,0.59375,327,0.59375,1.25230175
266.0,24.0,180.0,1.140625,0.3125,327,0.3125,0.98975575
402.0,1.0,-165.0,3.5771484,3.09375,328,3.09375,3.30924675
402.0,2.0,-150.0,3.3574219,2.3125,328,2.3125,2.6526935
402.0,3.0,-135.0,2.6132812,1.46875,328,1.46875,1.83399425
402.0,4.0,-120.0,1.8496094,0.875,328,0.875,1.45460775
402.0,5.0,-105.0,1.2070312,0.40625,328,0.40625,1.33952425
402.0,6.0,-90.0,0.2705078,0.0,328,0.0,0.199043
402.0,7.0,-75.0,0.005859375,0.0,328,0.0,0.0053965
402.0,8.0,-60.0,0.36523438,0.78125,328,0.78125,0.634026
402.0,9.0,-45.0,1.7783203,2.0,328,2.0,1.84629325
402.0,10.0,-30.0,3.3476562,3.375,328,3.375,3.110894
402.0,11.0,-15.0,4.5996094,4.4375,328,4.4375,3.9862565
402.0,12.0,0.0,5.0566406,4.78125,328,4.78125,4.17820875
402.0,13.0,15.0,4.600586,4.4375,328,4.4375,3.98217775
402.0,14.0,30.0,3.3740234,3.34375,328,3.34375,3.1172945
402.0,15.0,45.0,1.78125,2.0,328,2.0,1.8417125
402.0,16.0,60.0,0.3798828,0.78125,328,0.78125,0.6404265
402.0,17.0,75.0,0.0,0.0,328,0.0,0.0
402.0,18.0,90.0,0.26953125,0.0,328,0.0,0.2277825
402.0,19.0,105.0,1.2128906,0.40625,328,0.40625,1.338332
402.0,20.0,120.0,1.8466797,0.875,328,0.875,1.454294
402.0,21.0,135.0,2.6171875,1.46875,328,1.46875,1.836316
402.0,22.0,150.0,3.3603516,2.3125,328,2.3125,2.6499325
402.0,23.0,165.0,3.578125,3.09375,328,3.09375,3.30836825
402.0,24.0,180.0,3.9882812,3.5,328,3.5,3.75803475
181.0,1.0,-165.0,0.001953125,0.0,329,0.0,0.0
181.0,2.0,-150.0,0.54296875,0.375,329,0.375,0.34317975
181.0,3.0,-135.0,2.0605469,1.78125,329,1.78125,1.63043325
181.0,4.0,-120.0,4.2910156,3.90625,329,3.90625,3.6253185
181.0,5.0,-105.0,6.4902344,6.21875,329,6.21875,5.5735805
181.0,6.0,-90.0,7.1152344,7.4375,329,7.4375,6.085495
181.0,7.0,-75.0,5.279297,6.65625,329,6.65625,4.9237415
181.0,8.0,-60.0,3.0019531,4.9375,329,4.9375,3.31828275
181.0,9.0,-45.0,1.3320312,3.1875,329,3.1875,1.78655525
181.0,10.0,-30.0,0.59375,2.03125,329,2.03125,0.88985775
181.0,11.0,-15.0,0.86328125,1.96875,329,1.96875,0.95882
181.0,12.0,0.0,2.0585938,3.0625,329,3.0625,2.07809175
181.0,13.0,15.0,0.8652344,1.96875,329,1.96875,0.9554315
181.0,14.0,30.0,0.5957031,2.03125,329,2.03125,0.892556
181.0,15.0,45.0,1.3339844,3.1875,329,3.1875,1.78718275
181.0,16.0,60.0,3.0078125,4.9375,329,4.9375,3.315208
181.0,17.0,75.0,5.3046875,6.65625,329,6.65625,4.93497375
181.0,18.0,90.0,7.1191406,7.4375,329,7.4375,6.0863735
181.0,19.0,105.0,6.5,6.21875,329,6.21875,5.571949
181.0,20.0,120.0,4.263672,3.90625,329,3.90625,3.609631
181.0,21.0,135.0,2.0664062,1.78125,329,1.78125,1.632002
181.0,22.0,150.0,0.54296875,0.375,329,0.375,0.342615
181.0,23.0,165.0,0.0,0.0,329,0.0,0.0008785
181.0,24.0,180.0,0.5488281,0.6875,329,0.6875,0.62806475
223.0,1.0,-165.0,0.0,0.0,330,0.0,0.014558
223.0,2.0,-150.0,0.029296875,0.3125,330,0.3125,0.009036
223.0,3.0,-135.0,0.64746094,1.34375,330,1.34375,0.6886185
223.0,4.0,-120.0,1.8359375,3.0,330,3.0,1.9860375
223.0,5.0,-105.0,3.1621094,4.59375,330,4.59375,3.27699325
223.0,6.0,-90.0,3.7597656,5.25,330,5.25,3.81902775
223.0,7.0,-75.0,3.225586,4.59375,330,4.59375,3.25703875
223.0,8.0,-60.0,1.8779297,3.0,330,3.0,1.971856
223.0,9.0,-45.0,0.6699219,1.375,330,1.375,0.6913795
223.0,10.0,-30.0,0.022460938,0.3125,330,0.3125,0.0
223.0,11.0,-15.0,0.0029296875,0.0,330,0.0,0.015311
223.0,12.0,0.0,0.13964844,0.03125,330,0.03125,0.1911365
223.0,13.0,15.0,0.00390625,0.0,330,0.0,0.015311
223.0,14.0,30.0,0.022460938,0.3125,330,0.3125,0.0001255
223.0,15.0,45.0,0.6699219,1.375,330,1.375,0.6913795
223.0,16.0,60.0,1.8759766,3.0,330,3.0,1.9717305
223.0,17.0,75.0,3.2177734,4.59375,330,4.59375,3.2553445
223.0,18.0,90.0,3.7617188,5.25,330,5.25,3.8190905
223.0,19.0,105.0,3.1621094,4.59375,330,4.59375,3.27699325
223.0,20.0,120.0,1.8300781,3.0,330,3.0,1.97995075
223.0,21.0,135.0,0.64746094,1.34375,330,1.34375,0.6886185
223.0,22.0,150.0,0.029296875,0.3125,330,0.3125,0.00884775
223.0,23.0,165.0,0.0009765625,0.0,330,0.0,0.014558
223.0,24.0,180.0,0.14746094,0.03125,330,0.03125,0.193019
297.0,1.0,-165.0,0.9667969,1.03125,331,1.03125,1.06091425
297.0,2.0,-150.0,3.1816406,3.34375,331,3.34375,3.227609
297.0,3.0,-135.0,6.3779297,6.40625,331,6.40625,6.0851185
297.0,4.0,-120.0,9.073242,9.65625,331,9.65625,8.9297015
297.0,5.0,-105.0,10.988281,12.71875,331,12.71875,11.5202725
297.0,6.0,-90.0,11.740234,15.0,331,15.0,13.56334975
297.0,7.0,-75.0,12.393555,16.28125,331,16.28125,14.67415025
297.0,8.0,-60.0,13.107422,16.4375,331,16.4375,14.5054155
297.0,9.0,-45.0,14.424805,16.15625,331,16.15625,13.49608175
297.0,10.0,-30.0,14.097656,15.21875,331,15.21875,12.59838025
297.0,11.0,-15.0,13.46582,14.65625,331,14.65625,12.02020175
297.0,12.0,0.0,12.62207,13.40625,331,13.40625,11.8244845
297.0,13.0,15.0,13.260742,14.0625,331,14.0625,12.693321
297.0,14.0,30.0,13.138672,13.90625,331,13.90625,12.3626285
297.0,15.0,45.0,13.21875,14.5,331,14.5,13.16062025
297.0,16.0,60.0,12.108398,14.75,331,14.75,13.4745585
297.0,17.0,75.0,10.720703,14.6875,331,14.6875,13.23767725
297.0,18.0,90.0,10.671875,14.46875,331,14.46875,13.10853775
297.0,19.0,105.0,10.581055,12.75,331,12.75,11.65675375
297.0,20.0,120.0,8.385742,9.46875,331,9.46875,8.5963735
297.0,21.0,135.0,5.3535156,5.875,331,5.875,5.28524425
297.0,22.0,150.0,2.7265625,2.65625,331,2.65625,2.344089
297.0,23.0,165.0,0.6386719,0.5625,331,0.5625,0.44144625
297.0,24.0,180.0,0.0,0.0,331,0.0,0.0
282.0,1.0,-165.0,1.6113281,1.09375,332,1.09375,1.3884065
282.0,2.0,-150.0,0.3857422,0.09375,332,0.09375,0.2471095
282.0,3.0,-135.0,0.0,0.0,332,0.0,0.0
282.0,4.0,-120.0,0.51660156,0.78125,332,0.78125,0.61576575
282.0,5.0,-105.0,1.4980469,1.875,332,1.875,1.516793
282.0,6.0,-90.0,1.8945312,2.34375,332,2.34375,1.9388495
282.0,7.0,-75.0,1.4912109,1.875,332,1.875,1.52551525
282.0,8.0,-60.0,0.5136719,0.8125,332,0.8125,0.62756275
282.0,9.0,-45.0,0.0009765625,0.03125,332,0.03125,0.00081575
282.0,10.0,-30.0,0.39160156,0.09375,332,0.09375,0.24867825
282.0,11.0,-15.0,1.6171875,1.09375,332,1.09375,1.3936775
282.0,12.0,0.0,2.5654297,1.96875,332,1.96875,2.3118355
282.0,13.0,15.0,1.6171875,1.09375,332,1.09375,1.39374025
282.0,14.0,30.0,0.39257812,0.09375,332,0.09375,0.24867825
282.0,15.0,45.0,0.0009765625,0.03125,332,0.03125,0.00081575
282.0,16.0,60.0,0.51464844,0.8125,332,0.8125,0.62756275
282.0,17.0,75.0,1.4912109,1.875,332,1.875,1.52551525
282.0,18.0,90.0,1.8955078,2.34375,332,2.34375,1.93878675
282.0,19.0,105.0,1.4990234,1.875,332,1.875,1.516793
282.0,20.0,120.0,0.5175781,0.78125,332,0.78125,0.61576575
282.0,21.0,135.0,0.0009765625,0.0,332,0.0,0.0
282.0,22.0,150.0,0.38476562,0.09375,332,0.09375,0.24704675
282.0,23.0,165.0,1.6123047,1.09375,332,1.09375,1.3884065
282.0,24.0,180.0,2.5644531,1.96875,332,1.96875,2.3115845
492.0,1.0,-165.0,0.546875,0.4375,333,0.4375,0.39927825
492.0,2.0,-150.0,1.4179688,1.15625,333,1.15625,0.9228015
492.0,3.0,-135.0,2.4160156,2.21875,333,2.21875,1.57295425
492.0,4.0,-120.0,3.5332031,3.75,333,3.75,2.538112
492.0,5.0,-105.0,4.4882812,5.34375,333,5.34375,3.65838775
492.0,6.0,-90.0,4.814453,6.125,333,6.125,4.26518025
492.0,7.0,-75.0,4.3535156,5.53125,333,5.53125,3.99221775
492.0,8.0,-60.0,3.2363281,3.9375,333,3.9375,2.98884525
492.0,9.0,-45.0,1.8632812,2.125,333,2.125,1.66356525
492.0,10.0,-30.0,0.61328125,0.71875,333,0.71875,0.547682
492.0,11.0,-15.0,0.0,0.03125,333,0.03125,0.0
492.0,12.0,0.0,0.025390625,0.0,333,0.0,0.0091615
492.0,13.0,15.0,0.5859375,0.40625,333,0.40625,0.40944375
492.0,14.0,30.0,1.4628906,1.09375,333,1.09375,0.93541425
492.0,15.0,45.0,2.4667969,2.09375,333,2.09375,1.576531
492.0,16.0,60.0,3.6054688,3.5625,333,3.5625,2.553423
492.0,17.0,75.0,4.5878906,5.125,333,5.125,3.71982
492.0,18.0,90.0,4.828125,6.125,333,6.125,4.27358875
492.0,19.0,105.0,4.373047,5.5625,333,5.5625,3.93298175
492.0,20.0,120.0,3.3203125,3.96875,333,3.96875,2.902313
492.0,21.0,135.0,1.9101562,2.125,333,2.125,1.60018775
492.0,22.0,150.0,0.5996094,0.71875,333,0.71875,0.50570225
492.0,23.0,165.0,0.009765625,0.03125,333,0.03125,0.0011295
492.0,24.0,180.0,0.013671875,0.0,333,0.0,0.006526
218.0,1.0,-165.0,0.7841797,1.5625,334,1.5625,0.8534
218.0,2.0,-150.0,1.0146484,1.8125,334,1.8125,0.952796
218.0,3.0,-135.0,1.4111328,2.40625,334,2.40625,1.322268
218.0,4.0,-120.0,1.7138672,3.03125,334,3.03125,1.66042775
218.0,5.0,-105.0,2.0664062,3.28125,334,3.28125,1.779339
218.0,6.0,-90.0,2.1523438,3.09375,334,3.09375,1.78730825
218.0,7.0,-75.0,1.8310547,3.0,334,3.0,1.6805705
218.0,8.0,-60.0,0.75097656,1.75,334,1.75,0.71227525
218.0,9.0,-45.0,0.16210938,0.78125,334,0.78125,0.115962
218.0,10.0,-30.0,0.0,0.1875,334,0.1875,0.0
218.0,11.0,-15.0,0.12792969,0.0,334,0.0,0.191513
218.0,12.0,0.0,0.3359375,0.03125,334,0.03125,0.42877075
218.0,13.0,15.0,0.12792969,0.0,334,0.0,0.187246
218.0,14.0,30.0,0.0,0.1875,334,0.1875,0.00056475
218.0,15.0,45.0,0.16308594,0.78125,334,0.78125,0.11627575
218.0,16.0,60.0,0.75,1.75,334,1.75,0.71064375
218.0,17.0,75.0,1.8300781,3.0,334,3.0,1.6793155
218.0,18.0,90.0,2.1542969,3.09375,334,3.09375,1.78492375
218.0,19.0,105.0,2.071289,3.28125,334,3.28125,1.7814725
218.0,20.0,120.0,1.7158203,3.03125,334,3.03125,1.65854525
218.0,21.0,135.0,1.4121094,2.40625,334,2.40625,1.32107575
218.0,22.0,150.0,1.0136719,1.8125,334,1.8125,0.953047
218.0,23.0,165.0,0.7792969,1.5625,334,1.5625,0.8540275
218.0,24.0,180.0,0.5839844,1.6875,334,1.6875,0.9807825
474.0,1.0,-165.0,0.103515625,0.21875,335,0.21875,0.12418225
474.0,2.0,-150.0,0.34375,0.90625,335,0.90625,0.488195
474.0,3.0,-135.0,0.7265625,1.9375,335,1.9375,1.08049225
474.0,4.0,-120.0,1.1259766,3.0625,335,3.0625,1.745956
474.0,5.0,-105.0,1.4267578,3.90625,335,3.90625,2.229633
474.0,6.0,-90.0,1.3554688,4.125,335,4.125,2.29985025
474.0,7.0,-75.0,0.84277344,3.5625,335,3.5625,1.86311025
474.0,8.0,-60.0,0.3359375,2.5625,335,2.5625,1.21302025
474.0,9.0,-45.0,0.18847656,1.6875,335,1.6875,0.7548825
474.0,10.0,-30.0,0.38867188,1.21875,335,1.21875,0.7167305
474.0,11.0,-15.0,0.74121094,1.125,335,1.125,0.95285875
474.0,12.0,0.0,1.3925781,1.34375,335,1.34375,1.39863475
474.0,13.0,15.0,0.7441406,1.125,335,1.125,0.95260775
474.0,14.0,30.0,0.40429688,1.21875,335,1.21875,0.711334
474.0,15.0,45.0,0.18847656,1.6875,335,1.6875,0.75419225
474.0,16.0,60.0,0.34179688,2.5625,335,2.5625,1.2152165
474.0,17.0,75.0,0.8486328,3.5625,335,3.5625,1.86373775
474.0,18.0,90.0,1.3681641,4.125,335,4.125,2.30148175
474.0,19.0,105.0,1.4267578,3.90625,335,3.90625,2.2292565
474.0,20.0,120.0,1.1298828,3.0625,335,3.0625,1.74689725
474.0,21.0,135.0,0.7314453,1.9375,335,1.9375,1.081057
474.0,22.0,150.0,0.3466797,0.9375,335,0.9375,0.48813225
474.0,23.0,165.0,0.10253906,0.21875,335,0.21875,0.12255075
474.0,24.0,180.0,0.0,0.0,335,0.0,0.0
283.0,1.0,-165.0,0.0,0.0,336,0.0,0.0
283.0,2.0,-150.0,0.1875,0.75,336,0.75,0.4110125
283.0,3.0,-135.0,0.9091797,2.375,336,2.375,1.57948025
283.0,4.0,-120.0,2.3115234,4.75,336,4.75,3.406321
283.0,5.0,-105.0,4.388672,7.5,336,7.5,5.5524965
283.0,6.0,-90.0,6.2333984,9.71875,336,9.71875,7.23902825
283.0,7.0,-75.0,4.379883,7.375,336,7.375,5.470043
283.0,8.0,-60.0,2.4277344,4.625,336,4.625,3.35706225
283.0,9.0,-45.0,0.98828125,2.3125,336,2.3125,1.5525605
283.0,10.0,-30.0,0.22558594,0.71875,336,0.71875,0.40668275
283.0,11.0,-15.0,0.0078125,0.0,336,0.0,0.0018825
283.0,12.0,0.0,0.49121094,0.5,336,0.5,0.64325025
283.0,13.0,15.0,0.0068359375,0.0,336,0.0,0.0018825
283.0,14.0,30.0,0.23046875,0.71875,336,0.71875,0.40956925
283.0,15.0,45.0,0.99609375,2.3125,336,2.3125,1.555447
283.0,16.0,60.0,2.428711,4.625,336,4.625,3.35706225
283.0,17.0,75.0,4.3808594,7.375,336,7.375,5.4694155
283.0,18.0,90.0,6.227539,9.71875,336,9.71875,7.240848
283.0,19.0,105.0,4.383789,7.5,336,7.5,5.55080225
283.0,20.0,120.0,2.3125,4.75,336,4.75,3.40663475
283.0,21.0,135.0,0.91796875,2.375,336,2.375,1.57646825
283.0,22.0,150.0,0.18945312,0.75,336,0.75,0.4130205
283.0,23.0,165.0,0.0048828125,0.0,336,0.0,0.00094125
283.0,24.0,180.0,0.4814453,0.5,336,0.5,0.6419325
373.0,1.0,-165.0,1.9277344,0.5625,337,0.5625,1.70221925
373.0,2.0,-150.0,1.1425781,0.25,337,0.25,0.86701675
373.0,3.0,-135.0,0.6328125,0.03125,337,0.03125,0.2965565
373.0,4.0,-120.0,0.27148438,0.0,337,0.0,0.0410385
373.0,5.0,-105.0,0.04296875,0.09375,337,0.09375,0.0
373.0,6.0,-90.0,0.0,0.09375,337,0.09375,0.00922425
373.0,7.0,-75.0,0.12109375,0.0,337,0.0,0.01286375
373.0,8.0,-60.0,0.39257812,0.0,337,0.0,0.0985175
373.0,9.0,-45.0,0.7734375,0.0625,337,0.0625,0.45976925
373.0,10.0,-30.0,1.3447266,0.34375,337,0.34375,1.11864425
373.0,11.0,-15.0,2.0566406,0.59375,337,0.59375,1.838575
373.0,12.0,0.0,2.3046875,0.65625,337,0.65625,2.091332
373.0,13.0,15.0,2.0566406,0.59375,337,0.59375,1.838575
373.0,14.0,30.0,1.3427734,0.34375,337,0.34375,1.11851875
373.0,15.0,45.0,0.7890625,0.09375,337,0.09375,0.47759025
373.0,16.0,60.0,0.390625,0.0,337,0.0,0.0985175
373.0,17.0,75.0,0.123046875,0.0625,337,0.0625,0.01035375
373.0,18.0,90.0,0.0009765625,0.09375,337,0.09375,0.0094125
373.0,19.0,105.0,0.041992188,0.09375,337,0.09375,0.0
373.0,20.0,120.0,0.27148438,0.0,337,0.0,0.0410385
373.0,21.0,135.0,0.6357422,0.03125,337,0.03125,0.296933
373.0,22.0,150.0,1.1425781,0.25,337,0.25,0.866201
373.0,23.0,165.0,1.9306641,0.5625,337,0.5625,1.70623525
373.0,24.0,180.0,2.3105469,0.65625,337,0.65625,2.08863375
313.0,1.0,-165.0,6.8671875,5.6875,338,5.6875,5.560152
313.0,2.0,-150.0,7.0722656,5.53125,338,5.53125,5.58970725
313.0,3.0,-135.0,6.9033203,5.84375,338,5.84375,5.9804515
313.0,4.0,-120.0,5.5351562,5.5,338,5.5,4.9671645
313.0,5.0,-105.0,3.7216797,3.75,338,3.75,3.30021075
313.0,6.0,-90.0,1.3564453,1.59375,338,1.59375,1.3909165
313.0,7.0,-75.0,0.049804688,0.125,338,0.125,0.1190995
313.0,8.0,-60.0,0.0029296875,0.0,338,0.0,0.0003765
313.0,9.0,-45.0,0.98535156,1.4375,338,1.4375,1.32986075
313.0,10.0,-30.0,3.2861328,3.4375,338,3.4375,3.21788275
313.0,11.0,-15.0,6.182617,5.875,338,5.875,5.983589
313.0,12.0,0.0,6.5810547,6.71875,338,6.71875,6.6036845
313.0,13.0,15.0,6.1689453,5.875,338,5.875,5.984091
313.0,14.0,30.0,3.2509766,3.4375,338,3.4375,3.22955425
313.0,15.0,45.0,1.1523438,1.21875,338,1.21875,1.1539725
313.0,16.0,60.0,0.0,0.0,338,0.0,0.0
313.0,17.0,75.0,0.0390625,0.125,338,0.125,0.11803275
313.0,18.0,90.0,1.3955078,1.59375,338,1.59375,1.39951325
313.0,19.0,105.0,3.7294922,3.75,338,3.75,3.30033625
313.0,20.0,120.0,5.520508,5.5,338,5.5,4.959509
313.0,21.0,135.0,7.0429688,5.59375,338,5.59375,5.7407465
313.0,22.0,150.0,7.083008,5.53125,338,5.53125,5.590021
313.0,23.0,165.0,6.8623047,5.6875,338,5.6875,5.56172075
313.0,24.0,180.0,6.6328125,6.0625,338,6.0625,5.7482765
365.0,1.0,-165.0,6.541992,5.84375,339,5.84375,5.149767
365.0,2.0,-150.0,6.739258,6.1875,339,6.1875,5.45328875
365.0,3.0,-135.0,6.673828,6.78125,339,6.78125,5.8160465
365.0,4.0,-120.0,6.4765625,7.09375,339,7.09375,5.87547075
365.0,5.0,-105.0,6.3564453,7.0,339,7.0,5.64254275
365.0,6.0,-90.0,6.0742188,6.65625,339,6.65625,5.250669
365.0,7.0,-75.0,5.439453,5.90625,339,5.90625,4.65197125
365.0,8.0,-60.0,4.088867,4.4375,339,4.4375,3.602854
365.0,9.0,-45.0,2.618164,2.59375,339,2.59375,2.20057975
365.0,10.0,-30.0,1.3681641,1.0625,339,1.0625,0.954051
365.0,11.0,-15.0,0.49414062,0.09375,339,0.09375,0.15091375
365.0,12.0,0.0,0.0,0.0,339,0.0,0.0
365.0,13.0,15.0,0.4921875,0.09375,339,0.09375,0.149847
365.0,14.0,30.0,1.3691406,1.0625,339,1.0625,0.9541765
365.0,15.0,45.0,2.618164,2.59375,339,2.59375,2.20127
365.0,16.0,60.0,4.095703,4.4375,339,4.4375,3.607372
365.0,17.0,75.0,5.4384766,5.90625,339,5.90625,4.65397925
365.0,18.0,90.0,6.067383,6.65625,339,6.65625,5.249414
365.0,19.0,105.0,6.373047,7.0,339,7.0,5.641978
365.0,20.0,120.0,6.4785156,7.09375,339,7.09375,5.87547075
365.0,21.0,135.0,6.6640625,6.78125,339,6.78125,5.8147915
365.0,22.0,150.0,6.7373047,6.1875,339,6.1875,5.4551085
365.0,23.0,165.0,6.5410156,5.84375,339,5.84375,5.14870025
365.0,24.0,180.0,6.4716797,5.65625,339,5.65625,5.01052475
245.0,1.0,-165.0,1.4287109,1.34375,340,1.34375,1.36487525
245.0,2.0,-150.0,1.7265625,1.53125,340,1.53125,1.6082825
245.0,3.0,-135.0,1.9316406,1.625,340,1.625,1.7636515
245.0,4.0,-120.0,2.0898438,1.375,340,1.375,1.55136825
245.0,5.0,-105.0,1.4472656,0.84375,340,0.84375,0.95825525
245.0,6.0,-90.0,0.6660156,0.3125,340,0.3125,0.36551875
245.0,7.0,-75.0,0.15429688,0.0,340,0.0,0.0
245.0,8.0,-60.0,0.0,0.125,340,0.125,0.107428
245.0,9.0,-45.0,0.34765625,0.65625,340,0.65625,0.67462525
245.0,10.0,-30.0,0.98828125,1.46875,340,1.46875,1.44193225
245.0,11.0,-15.0,1.5126953,2.1875,340,2.1875,2.17033425
245.0,12.0,0.0,1.7060547,2.5,340,2.5,2.45371325
245.0,13.0,15.0,1.5126953,2.1875,340,2.1875,2.1702715
245.0,14.0,30.0,1.0195312,1.46875,340,1.46875,1.421162
245.0,15.0,45.0,0.34765625,0.65625,340,0.65625,0.67475075
245.0,16.0,60.0,0.0,0.125,340,0.125,0.1075535
245.0,17.0,75.0,0.18652344,0.09375,340,0.09375,0.0691505
245.0,18.0,90.0,0.6591797,0.3125,340,0.3125,0.3675895
245.0,19.0,105.0,1.4453125,0.84375,340,0.84375,0.95988675
245.0,20.0,120.0,2.1074219,1.34375,340,1.34375,1.5513055
245.0,21.0,135.0,1.9335938,1.625,340,1.625,1.7603885
245.0,22.0,150.0,1.7246094,1.53125,340,1.53125,1.60558425
245.0,23.0,165.0,1.4228516,1.34375,340,1.34375,1.36374575
245.0,24.0,180.0,1.2666016,1.25,340,1.25,1.21954625
229.0,1.0,-165.0,0.375,0.25,341,0.25,0.470876
229.0,2.0,-150.0,0.0,0.0,341,0.0,0.0
229.0,3.0,-135.0,0.49609375,0.59375,341,0.59375,0.40429825
229.0,4.0,-120.0,1.5585938,1.9375,341,1.9375,1.463079
229.0,5.0,-105.0,3.0078125,3.6875,341,3.6875,2.92170275
229.0,6.0,-90.0,4.4648438,5.15625,341,5.15625,4.22577325
229.0,7.0,-75.0,5.142578,4.9375,341,4.9375,4.72639275
229.0,8.0,-60.0,4.5429688,5.125,341,5.125,4.58696225
229.0,9.0,-45.0,4.2421875,4.71875,341,4.71875,4.43209525
229.0,10.0,-30.0,4.7695312,4.875,341,4.875,4.8577285
229.0,11.0,-15.0,6.1816406,5.78125,341,5.78125,6.034542
229.0,12.0,0.0,7.673828,7.09375,341,7.09375,7.55252725
229.0,13.0,15.0,6.173828,5.78125,341,5.78125,6.0331615
229.0,14.0,30.0,4.765625,4.875,341,4.875,4.85741475
229.0,15.0,45.0,4.2441406,4.71875,341,4.71875,4.43234625
229.0,16.0,60.0,4.5390625,5.125,341,5.125,4.59085275
229.0,17.0,75.0,5.140625,4.9375,341,4.9375,4.72576525
229.0,18.0,90.0,4.466797,5.15625,341,5.15625,4.22778125
229.0,19.0,105.0,3.0117188,3.6875,341,3.6875,2.91592975
229.0,20.0,120.0,1.5585938,1.9375,341,1.9375,1.46276525
229.0,21.0,135.0,0.49609375,0.59375,341,0.59375,0.40341975
229.0,22.0,150.0,0.0,0.0,341,0.0,0.00483175
229.0,23.0,165.0,0.37304688,0.25,341,0.25,0.46930725
229.0,24.0,180.0,1.4492188,1.125,341,1.125,1.544905
153.0,1.0,-165.0,2.805664,3.03125,342,3.03125,3.030072
153.0,2.0,-150.0,1.5693359,1.671875,342,1.671875,1.70698825
153.0,3.0,-135.0,0.31640625,0.75,342,0.75,0.40662
153.0,4.0,-120.0,0.0,0.1875,342,0.1875,0.0008785
153.0,5.0,-105.0,0.21191406,0.0,342,0.0,0.27741775
153.0,6.0,-90.0,0.81933594,0.34375,342,0.34375,0.617711
153.0,7.0,-75.0,1.6796875,1.046875,342,1.046875,1.32484075
153.0,8.0,-60.0,2.0917969,2.03125,342,2.03125,1.86913425
153.0,9.0,-45.0,1.9814453,2.109375,342,2.109375,2.010259
153.0,10.0,-30.0,1.6005859,1.28125,342,1.28125,1.40880025
153.0,11.0,-15.0,0.81152344,0.640625,342,0.640625,0.65780825
153.0,12.0,0.0,0.43359375,0.390625,342,0.390625,0.34757225
153.0,13.0,15.0,0.8173828,0.640625,342,0.640625,0.65893775
153.0,14.0,30.0,1.5996094,1.28125,342,1.28125,1.40792175
153.0,15.0,45.0,1.9775391,2.109375,342,2.109375,2.010761
153.0,16.0,60.0,2.0927734,2.03125,342,2.03125,1.869197
153.0,17.0,75.0,1.6806641,1.046875,342,1.046875,1.324276
153.0,18.0,90.0,0.8203125,0.34375,342,0.34375,0.619217
153.0,19.0,105.0,0.20996094,0.0,342,0.0,0.27616275
153.0,20.0,120.0,0.005859375,0.1875,342,0.1875,0.0
153.0,21.0,135.0,0.31640625,0.75,342,0.75,0.40668275
153.0,22.0,150.0,1.5693359,1.671875,342,1.671875,1.70698825
153.0,23.0,165.0,2.8085938,3.03125,342,3.03125,3.03026025
153.0,24.0,180.0,3.4189453,3.765625,342,3.765625,3.78006
487.0,1.0,-165.0,0.0,1.1875,343,1.1875,1.573268
487.0,2.0,-150.0,0.68359375,1.25,343,1.25,1.4170205
487.0,3.0,-135.0,1.9296875,1.75,343,1.75,1.65339975
487.0,4.0,-120.0,2.8603516,2.5,343,2.5,1.9478855
487.0,5.0,-105.0,3.5898438,3.0,343,3.0,2.17359725
487.0,6.0,-90.0,4.291992,3.3125,343,3.3125,2.69072
487.0,7.0,-75.0,3.4433594,2.125,343,2.125,1.54797975
487.0,8.0,-60.0,2.1796875,0.75,343,0.75,0.36501675
487.0,9.0,-45.0,1.2089844,0.0,343,0.0,0.0
487.0,10.0,-30.0,3.5234375,2.5625,343,2.5625,3.84739075
487.0,11.0,-15.0,2.569336,2.0,343,2.0,3.3989165
487.0,12.0,0.0,1.6103516,1.3125,343,1.3125,2.60732525
487.0,13.0,15.0,0.85839844,0.5625,343,0.5625,1.50392925
487.0,14.0,30.0,0.76464844,0.0625,343,0.0625,0.52226825
487.0,15.0,45.0,1.2148438,0.0,343,0.0,0.008534
487.0,16.0,60.0,2.1728516,0.75,343,0.75,0.36313425
487.0,17.0,75.0,3.4423828,2.125,343,2.125,1.5400105
487.0,18.0,90.0,5.5878906,5.96875,343,5.96875,5.23529525
487.0,19.0,105.0,3.5830078,3.0,343,3.0,2.168891
487.0,20.0,120.0,2.8554688,2.5,343,2.5,1.94769725
487.0,21.0,135.0,1.9267578,1.75,343,1.75,1.6564745
487.0,22.0,150.0,1.9296875,2.84375,343,2.84375,2.61083925
487.0,23.0,165.0,1.4746094,3.25,343,3.25,3.169879
487.0,24.0,180.0,0.22460938,1.84375,343,1.84375,2.248709
131.0,1.0,-165.0,2.8823242,6.046875,344,6.046875,6.10312775
131.0,2.0,-150.0,3.859375,6.546875,344,6.546875,6.5075515
131.0,3.0,-135.0,5.604004,7.703125,344,7.703125,7.4658695
131.0,4.0,-120.0,7.85791,9.5,344,9.5,8.93058
131.0,5.0,-105.0,10.458984,11.5625,344,11.5625,10.58435625
131.0,6.0,-90.0,9.941895,9.375,344,9.375,8.39551075
131.0,7.0,-75.0,7.0620117,6.1875,344,6.1875,5.69926875
131.0,8.0,-60.0,4.3876953,3.65625,344,3.65625,3.57467925
131.0,9.0,-45.0,2.1791992,1.8125,344,1.8125,1.9150045
131.0,10.0,-30.0,0.6142578,0.609375,344,0.609375,0.646325
131.0,11.0,-15.0,0.0,0.0,344,0.0,0.00119225
131.0,12.0,0.0,0.068847656,0.15625,344,0.15625,0.0330065
131.0,13.0,15.0,0.005859375,0.0,344,0.0,0.0
131.0,14.0,30.0,0.6201172,0.609375,344,0.609375,0.6472035
131.0,15.0,45.0,2.1933594,1.8125,344,1.8125,1.91262
131.0,16.0,60.0,4.3876953,3.65625,344,3.65625,3.57756575
131.0,17.0,75.0,7.055664,6.1875,344,6.1875,5.6827655
131.0,18.0,90.0,9.945801,9.375,344,9.375,8.39563625
131.0,19.0,105.0,10.458008,11.5625,344,11.5625,10.591698
131.0,20.0,120.0,7.8530273,9.5,344,9.5,8.92838375
131.0,21.0,135.0,5.609375,7.703125,344,7.703125,7.47032475
131.0,22.0,150.0,3.8618164,6.546875,344,6.546875,6.505418
131.0,23.0,165.0,2.878418,6.046875,344,6.046875,6.10275125
131.0,24.0,180.0,2.6958008,6.859375,344,6.859375,6.793064
405.0,1.0,-165.0,0.25683594,0.0,345,0.0,0.00658875
405.0,2.0,-150.0,0.001953125,0.28125,345,0.28125,0.16195775
405.0,3.0,-135.0,0.88378906,1.4375,345,1.4375,1.13408075
405.0,4.0,-120.0,4.169922,4.71875,345,4.71875,4.49039
405.0,5.0,-105.0,3.5214844,3.9375,345,3.9375,3.45733675
405.0,6.0,-90.0,3.4042969,3.625,345,3.625,3.03352325
405.0,7.0,-75.0,3.3710938,3.34375,345,3.34375,2.7882335
405.0,8.0,-60.0,2.4941406,2.65625,345,2.65625,2.21300425
405.0,9.0,-45.0,0.9375,1.375,345,1.375,1.099129
405.0,10.0,-30.0,0.015625,0.25,345,0.25,0.15179225
405.0,11.0,-15.0,0.24804688,0.0,345,0.0,0.0
405.0,12.0,0.0,1.6787109,0.9375,345,0.9375,1.0322375
405.0,13.0,15.0,0.24804688,0.0,345,0.0,0.0023845
405.0,14.0,30.0,0.017578125,0.25,345,0.25,0.15166675
405.0,15.0,45.0,0.9375,1.375,345,1.375,1.0992545
405.0,16.0,60.0,4.251953,4.9375,345,4.9375,4.72237675
405.0,17.0,75.0,3.5097656,4.03125,345,4.03125,3.5399785
405.0,18.0,90.0,3.4052734,3.625,345,3.625,3.03415075
405.0,19.0,105.0,3.5214844,3.9375,345,3.9375,3.45758775
405.0,20.0,120.0,4.1865234,4.71875,345,4.71875,4.4987985
405.0,21.0,135.0,0.8886719,1.4375,345,1.4375,1.1336415
405.0,22.0,150.0,0.0,0.28125,345,0.28125,0.1637775
405.0,23.0,165.0,0.2578125,0.0,345,0.0,0.00922425
405.0,24.0,180.0,1.7001953,1.0625,345,1.0625,1.13734375
316.0,1.0,-165.0,0.9902344,0.8125,346,0.8125,0.51147525
316.0,2.0,-150.0,0.37109375,0.28125,346,0.28125,0.101153
316.0,3.0,-135.0,0.0,0.0,346,0.0,0.007028
316.0,4.0,-120.0,0.09863281,0.0,346,0.0,0.312997
316.0,5.0,-105.0,0.4794922,0.96875,346,0.96875,1.14926625
316.0,6.0,-90.0,0.6933594,1.09375,346,1.09375,1.1030195
316.0,7.0,-75.0,1.6806641,1.90625,346,1.90625,2.192485
316.0,8.0,-60.0,1.9521484,2.125,346,2.125,2.2435635
316.0,9.0,-45.0,2.3769531,2.40625,346,2.40625,2.35858425
316.0,10.0,-30.0,2.8105469,2.6875,346,2.6875,2.53842575
316.0,11.0,-15.0,3.288086,3.0,346,3.0,2.98620975
316.0,12.0,0.0,3.5927734,3.125,346,3.125,3.2824525
316.0,13.0,15.0,3.2841797,3.0,346,3.0,2.98570775
316.0,14.0,30.0,2.8164062,2.6875,346,2.6875,2.541124
316.0,15.0,45.0,2.3847656,2.40625,346,2.40625,2.35582325
316.0,16.0,60.0,1.9501953,2.125,346,2.125,2.2440655
316.0,17.0,75.0,1.6845703,1.90625,346,1.90625,2.19392825
316.0,18.0,90.0,0.69140625,1.09375,346,1.09375,1.10283125
316.0,19.0,105.0,0.4794922,0.96875,346,0.96875,1.149831
316.0,20.0,120.0,0.10253906,0.0,346,0.0,0.31682475
316.0,21.0,135.0,0.0009765625,0.0,346,0.0,0.0
316.0,22.0,150.0,0.37109375,0.28125,346,0.28125,0.1004
316.0,23.0,165.0,0.98828125,0.8125,346,0.8125,0.51084775
316.0,24.0,180.0,1.2773438,1.28125,346,1.28125,0.96515775
434.0,1.0,-165.0,2.6933594,3.84375,347,3.84375,2.41254925
434.0,2.0,-150.0,2.8828125,4.28125,347,4.28125,2.80360725
434.0,3.0,-135.0,4.0654297,5.53125,347,5.53125,3.9478535
434.0,4.0,-120.0,6.1083984,7.5,347,7.5,5.765219
434.0,5.0,-105.0,8.108398,10.90625,347,10.90625,8.93578825
434.0,6.0,-90.0,10.353516,13.28125,347,13.28125,11.0022085
434.0,7.0,-75.0,8.96582,10.0625,347,10.0625,8.28707875
434.0,8.0,-60.0,5.8847656,6.5,347,6.5,5.2726315
434.0,9.0,-45.0,3.1777344,3.5625,347,3.5625,2.84188475
434.0,10.0,-30.0,1.2919922,1.53125,347,1.53125,1.18490825
434.0,11.0,-15.0,0.28222656,0.375,347,0.375,0.27904925
434.0,12.0,0.0,0.0,0.0,347,0.0,0.0
434.0,13.0,15.0,0.28808594,0.375,347,0.375,0.2769785
434.0,14.0,30.0,1.2910156,1.53125,347,1.53125,1.1833395
434.0,15.0,45.0,3.1767578,3.5625,347,3.5625,2.83686475
434.0,16.0,60.0,5.8876953,6.5,347,6.5,5.27156475
434.0,17.0,75.0,8.947266,10.0625,347,10.0625,8.274466
434.0,18.0,90.0,10.358398,13.28125,347,13.28125,11.00314975
434.0,19.0,105.0,8.126953,10.90625,347,10.90625,8.937859
434.0,20.0,120.0,5.9697266,7.5,347,7.5,5.76867025
434.0,21.0,135.0,4.0585938,5.53125,347,5.53125,3.94678675
434.0,22.0,150.0,2.852539,4.28125,347,4.28125,2.781331
434.0,23.0,165.0,2.6855469,3.84375,347,3.84375,2.40301125
434.0,24.0,180.0,2.9648438,3.96875,347,3.96875,2.55499175
468.0,1.0,-165.0,0.25195312,0.125,348,0.125,0.199294
468.0,2.0,-150.0,0.0,0.0,348,0.0,0.0
468.0,3.0,-135.0,0.2763672,0.40625,348,0.40625,0.27340175
468.0,4.0,-120.0,0.9082031,1.25,348,1.25,0.97507225
468.0,5.0,-105.0,1.4462891,2.1875,348,2.1875,1.73535125
468.0,6.0,-90.0,1.5576172,2.59375,348,2.59375,2.06729875
468.0,7.0,-75.0,1.4462891,2.1875,348,2.1875,1.735163
468.0,8.0,-60.0,0.91015625,1.28125,348,1.28125,0.9830415
468.0,9.0,-45.0,0.27539062,0.40625,348,0.40625,0.27315075
468.0,10.0,-30.0,0.0029296875,0.0,348,0.0,0.00031375
468.0,11.0,-15.0,0.24804688,0.125,348,0.125,0.19571725
468.0,12.0,0.0,0.50390625,0.28125,348,0.28125,0.4074985
468.0,13.0,15.0,0.24804688,0.125,348,0.125,0.195529
468.0,14.0,30.0,0.0029296875,0.0,348,0.0,0.00031375
468.0,15.0,45.0,0.2734375,0.40625,348,0.40625,0.2732135
468.0,16.0,60.0,0.9111328,1.28125,348,1.28125,0.9837945
468.0,17.0,75.0,1.4384766,2.1875,348,2.1875,1.73723375
468.0,18.0,90.0,1.5576172,2.59375,348,2.59375,2.0673615
468.0,19.0,105.0,1.4462891,2.1875,348,2.1875,1.73535125
468.0,20.0,120.0,0.9082031,1.25,348,1.25,0.97507225
468.0,21.0,135.0,0.26757812,0.40625,348,0.40625,0.2659345
468.0,22.0,150.0,0.0,0.0,348,0.0,0.0
468.0,23.0,165.0,0.25195312,0.125,348,0.125,0.199294
468.0,24.0,180.0,0.50390625,0.28125,348,0.28125,0.404361
158.0,1.0,-165.0,0.5371094,0.53125,349,0.53125,0.4453995
158.0,2.0,-150.0,2.040039,2.09375,349,2.09375,1.86925975
158.0,3.0,-135.0,4.4179688,4.65625,349,4.65625,4.16465475
158.0,4.0,-120.0,7.3427734,7.90625,349,7.90625,7.08453775
158.0,5.0,-105.0,10.333984,11.34375,349,11.34375,10.1919805
158.0,6.0,-90.0,11.481445,11.5,349,11.5,10.4725985
158.0,7.0,-75.0,8.073242,8.90625,349,8.90625,7.63397675
158.0,8.0,-60.0,5.341797,7.03125,349,7.03125,5.57339225
158.0,9.0,-45.0,3.7460938,6.03125,349,6.03125,4.476083
158.0,10.0,-30.0,3.1748047,5.78125,349,5.78125,4.18962925
158.0,11.0,-15.0,3.2919922,6.09375,349,6.09375,4.4887585
158.0,12.0,0.0,3.8632812,6.84375,349,6.84375,5.24088
158.0,13.0,15.0,3.2978516,6.09375,349,6.09375,4.4945315
158.0,14.0,30.0,3.1728516,5.78125,349,5.78125,4.1895665
158.0,15.0,45.0,3.7392578,6.03125,349,6.03125,4.47514175
158.0,16.0,60.0,5.338867,7.03125,349,7.03125,5.570945
158.0,17.0,75.0,8.0703125,8.90625,349,8.90625,7.63585925
158.0,18.0,90.0,11.473633,11.5,349,11.5,10.4720965
158.0,19.0,105.0,10.324219,11.34375,349,11.34375,10.1862075
158.0,20.0,120.0,7.345703,7.90625,349,7.90625,7.085981
158.0,21.0,135.0,4.415039,4.65625,349,4.65625,4.1637135
158.0,22.0,150.0,2.0419922,2.09375,349,2.09375,1.86913425
158.0,23.0,165.0,0.53808594,0.53125,349,0.53125,0.44521125
158.0,24.0,180.0,0.0,0.0,349,0.0,0.0
267.0,1.0,-165.0,0.13476562,0.0,350,0.0,0.0001255
267.0,2.0,-150.0,0.80859375,0.5625,350,0.5625,0.44922725
267.0,3.0,-135.0,2.2783203,2.65625,350,2.65625,2.43777475
267.0,4.0,-120.0,5.1748047,6.09375,350,6.09375,5.974051
267.0,5.0,-105.0,13.121094,9.15625,350,9.15625,9.75455025
267.0,6.0,-90.0,15.887695,12.25,350,12.25,12.70430225
267.0,7.0,-75.0,8.748047,9.3125,350,9.3125,9.51120575
267.0,8.0,-60.0,4.578125,4.9375,350,4.9375,4.97199625
267.0,9.0,-45.0,1.9960938,1.90625,350,1.90625,1.88444525
267.0,10.0,-30.0,0.6845703,0.28125,350,0.28125,0.270578
267.0,11.0,-15.0,0.0009765625,0.0625,350,0.0625,0.054718
267.0,12.0,0.0,0.043945312,0.71875,350,0.71875,0.877496
267.0,13.0,15.0,0.0048828125,0.0625,350,0.0625,0.051706
267.0,14.0,30.0,0.6738281,0.28125,350,0.28125,0.263299
267.0,15.0,45.0,2.0029297,1.90625,350,1.90625,1.883002
267.0,16.0,60.0,4.620117,4.9375,350,4.9375,5.007952
267.0,17.0,75.0,8.802734,9.21875,350,9.21875,9.4638295
267.0,18.0,90.0,15.881836,12.25,350,12.25,12.6934465
267.0,19.0,105.0,12.967773,9.3125,350,9.3125,9.87352425
267.0,20.0,120.0,5.1904297,6.0625,350,6.0625,5.9892365
267.0,21.0,135.0,2.2949219,2.65625,350,2.65625,2.47442075
267.0,22.0,150.0,0.8095703,0.5625,350,0.5625,0.46089875
267.0,23.0,165.0,0.12792969,0.0,350,0.0,0.0
267.0,24.0,180.0,0.0,0.625,350,0.625,0.773833
102.0,1.0,-165.0,2.1572266,2.78125,351,2.78125,2.3005405
102.0,2.0,-150.0,1.6103516,2.0625,351,2.0625,1.6946265
102.0,3.0,-135.0,0.9189453,1.1875,351,1.1875,0.947776
102.0,4.0,-120.0,0.19140625,0.375,351,0.375,0.21717775
102.0,5.0,-105.0,0.0,0.0,351,0.0,0.0
102.0,6.0,-90.0,0.2861328,0.5,351,0.5,0.49202275
102.0,7.0,-75.0,1.0673828,1.34375,351,1.34375,1.316997
102.0,8.0,-60.0,2.1503906,2.0625,351,2.0625,1.940732
102.0,9.0,-45.0,2.8310547,2.3125,351,2.3125,2.09365375
102.0,10.0,-30.0,2.7705078,2.1875,351,2.1875,1.8429675
102.0,11.0,-15.0,2.515625,1.96875,351,1.96875,1.507757
102.0,12.0,0.0,2.4072266,1.71875,351,1.71875,1.33783
102.0,13.0,15.0,2.5166016,1.9375,351,1.9375,1.5043685
102.0,14.0,30.0,2.7705078,2.1875,351,2.1875,1.84290475
102.0,15.0,45.0,2.8027344,2.3125,351,2.3125,2.07545625
102.0,16.0,60.0,2.1533203,2.0625,351,2.0625,1.941485
102.0,17.0,75.0,1.0683594,1.34375,351,1.34375,1.31216525
102.0,18.0,90.0,0.28710938,0.5,351,0.5,0.49202275
102.0,19.0,105.0,0.0,0.0,351,0.0,0.001004
102.0,20.0,120.0,0.19238281,0.375,351,0.375,0.2177425
102.0,21.0,135.0,0.9199219,1.1875,351,1.1875,0.947776
102.0,22.0,150.0,1.609375,2.0625,351,2.0625,1.69368525
102.0,23.0,165.0,2.15625,2.78125,351,2.78125,2.30097975
102.0,24.0,180.0,2.4072266,2.96875,351,2.96875,2.4867825
189.0,1.0,-165.0,4.5371094,4.8125,352,4.8125,4.44772
189.0,2.0,-150.0,4.015625,3.9375,352,3.9375,3.5321975
189.0,3.0,-135.0,3.1445312,3.0625,352,3.0625,2.5796525
189.0,4.0,-120.0,0.9375,1.875,352,1.875,1.0033725
189.0,5.0,-105.0,0.043945312,0.875,352,0.875,0.0432975
189.0,6.0,-90.0,0.0,0.5,352,0.5,0.0
189.0,7.0,-75.0,0.46972656,0.375,352,0.375,0.325045
189.0,8.0,-60.0,0.68847656,0.25,352,0.25,0.475645
189.0,9.0,-45.0,0.6455078,0.0625,352,0.0625,0.3143775
189.0,10.0,-30.0,0.5449219,0.0,352,0.0,0.1436975
189.0,11.0,-15.0,0.6308594,0.25,352,0.25,0.307475
189.0,12.0,0.0,0.9248047,0.875,352,0.875,0.779355
189.0,13.0,15.0,0.6308594,0.25,352,0.25,0.307475
189.0,14.0,30.0,0.5449219,0.0,352,0.0,0.1436975
189.0,15.0,45.0,0.6455078,0.0625,352,0.0625,0.3143775
189.0,16.0,60.0,0.68847656,0.25,352,0.25,0.475645
189.0,17.0,75.0,0.46972656,0.375,352,0.375,0.325045
189.0,18.0,90.0,0.0,0.5,352,0.5,0.0006275
189.0,19.0,105.0,0.043945312,0.875,352,0.875,0.0432975
189.0,20.0,120.0,0.9423828,1.875,352,1.875,1.0096475
189.0,21.0,135.0,3.1445312,3.0625,352,3.0625,2.579025
189.0,22.0,150.0,4.015625,3.9375,352,3.9375,3.53157
189.0,23.0,165.0,4.5390625,4.8125,352,4.8125,4.4496025
189.0,24.0,180.0,4.7539062,5.3125,352,5.3125,4.8813225
339.0,1.0,-165.0,3.2324219,4.75,353,4.75,4.11985125
339.0,2.0,-150.0,4.3291016,5.75,353,5.75,4.9626465
339.0,3.0,-135.0,5.348633,6.8125,353,6.8125,5.84321725
339.0,4.0,-120.0,5.135742,6.71875,353,6.71875,5.94863725
339.0,5.0,-105.0,3.7001953,5.25,353,5.25,4.69464125
339.0,6.0,-90.0,2.006836,3.40625,353,3.40625,3.00227375
339.0,7.0,-75.0,0.5654297,1.6875,353,1.6875,1.4684755
339.0,8.0,-60.0,0.0,0.9375,353,0.9375,0.89876825
339.0,9.0,-45.0,1.0263672,1.75,353,1.75,1.8005485
339.0,10.0,-30.0,3.1572266,3.90625,353,3.90625,3.92708325
339.0,11.0,-15.0,5.421875,6.15625,353,6.15625,6.0800985
339.0,12.0,0.0,6.3339844,6.5,353,6.5,6.5449505
339.0,13.0,15.0,5.421875,6.15625,353,6.15625,6.08003575
339.0,14.0,30.0,3.1591797,3.90625,353,3.90625,3.9154745
339.0,15.0,45.0,1.671875,1.90625,353,1.90625,1.88896325
339.0,16.0,60.0,0.67578125,0.0,353,0.0,0.0
339.0,17.0,75.0,0.5625,1.6875,353,1.6875,1.46627925
339.0,18.0,90.0,0.48339844,1.78125,353,1.78125,1.563479
339.0,19.0,105.0,2.586914,3.65625,353,3.65625,3.47503225
339.0,20.0,120.0,4.8291016,6.0625,353,6.0625,5.32640825
339.0,21.0,135.0,5.350586,6.8125,353,6.8125,5.844033
339.0,22.0,150.0,4.336914,5.75,353,5.75,4.961768
339.0,23.0,165.0,3.2333984,4.75,353,4.75,4.121922
339.0,24.0,180.0,2.7480469,4.375,353,4.375,3.8178355
253.0,1.0,-165.0,0.0,0.125,354,0.125,0.00106675
253.0,2.0,-150.0,0.34277344,1.34375,354,1.34375,0.8512665
253.0,3.0,-135.0,1.3867188,3.46875,354,3.46875,2.5118825
253.0,4.0,-120.0,3.0449219,6.1875,354,6.1875,4.726079
253.0,5.0,-105.0,4.9345703,9.09375,354,9.09375,7.07236425
253.0,6.0,-90.0,6.4140625,11.4375,354,11.4375,8.943883
253.0,7.0,-75.0,7.064453,12.0625,354,12.0625,9.44331025
253.0,8.0,-60.0,6.7539062,11.34375,354,11.34375,9.06605725
253.0,9.0,-45.0,6.419922,10.71875,354,10.71875,8.83450975
253.0,10.0,-30.0,6.9628906,10.78125,354,10.78125,9.2667945
253.0,11.0,-15.0,8.522461,11.78125,354,11.78125,10.59150975
253.0,12.0,0.0,10.46875,13.5,354,13.5,12.553765
253.0,13.0,15.0,8.519531,11.78125,354,11.78125,10.594208
253.0,14.0,30.0,6.9628906,10.78125,354,10.78125,9.26685725
253.0,15.0,45.0,6.419922,10.71875,354,10.71875,8.83463525
253.0,16.0,60.0,6.7539062,11.34375,354,11.34375,9.06555525
253.0,17.0,75.0,7.0615234,12.0625,354,12.0625,9.445632
253.0,18.0,90.0,6.4140625,11.4375,354,11.4375,8.951162
253.0,19.0,105.0,4.9414062,9.09375,354,9.09375,7.07148575
253.0,20.0,120.0,3.0439453,6.1875,354,6.1875,4.72513775
253.0,21.0,135.0,1.3789062,3.46875,354,3.46875,2.50516825
253.0,22.0,150.0,0.33789062,1.34375,354,1.34375,0.84957225
253.0,23.0,165.0,0.0048828125,0.125,354,0.125,0.0
253.0,24.0,180.0,0.21777344,0.0,354,0.0,0.00056475
116.0,1.0,-165.0,5.423828,6.5,355,6.5,5.5778475
116.0,2.0,-150.0,5.7373047,7.09375,355,7.09375,5.98126725
116.0,3.0,-135.0,6.629883,8.15625,355,8.15625,6.75560225
116.0,4.0,-120.0,7.495117,9.3125,355,9.3125,7.51148875
116.0,5.0,-105.0,8.181641,10.1875,355,10.1875,8.07561125
116.0,6.0,-90.0,8.568359,10.125,355,10.125,7.97533675
116.0,7.0,-75.0,7.7148438,8.46875,355,8.46875,6.856316
116.0,8.0,-60.0,5.963867,6.03125,355,6.03125,4.97475725
116.0,9.0,-45.0,3.788086,3.59375,355,3.59375,2.96399625
116.0,10.0,-30.0,1.8701172,1.625,355,1.625,1.3126045
116.0,11.0,-15.0,0.5595703,0.40625,355,0.40625,0.32874725
116.0,12.0,0.0,0.0,0.0,355,0.0,0.0
116.0,13.0,15.0,0.56152344,0.40625,355,0.40625,0.327304
116.0,14.0,30.0,1.8710938,1.625,355,1.625,1.31693425
116.0,15.0,45.0,3.7832031,3.59375,355,3.59375,2.95621525
116.0,16.0,60.0,5.979492,6.03125,355,6.03125,4.97638875
116.0,17.0,75.0,7.7148438,8.5,355,8.5,6.8559395
116.0,18.0,90.0,8.555664,10.09375,355,10.09375,7.98926725
116.0,19.0,105.0,8.177734,10.1875,355,10.1875,8.0755485
116.0,20.0,120.0,7.484375,9.3125,355,9.3125,7.51098675
116.0,21.0,135.0,6.629883,8.15625,355,8.15625,6.75359425
116.0,22.0,150.0,5.729492,7.09375,355,7.09375,5.98063975
116.0,23.0,165.0,5.4404297,6.46875,355,6.46875,5.5914015
116.0,24.0,180.0,5.354492,6.34375,355,6.34375,5.52745925
240.0,1.0,-165.0,3.4423828,5.78125,356,5.78125,5.211513
240.0,2.0,-150.0,2.890625,4.125,356,4.125,3.784578
240.0,3.0,-135.0,2.6054688,3.09375,356,3.09375,2.782586
240.0,4.0,-120.0,2.1289062,2.15625,356,2.15625,1.81454175
240.0,5.0,-105.0,1.7529297,1.46875,356,1.46875,1.232912
240.0,6.0,-90.0,1.4833984,1.28125,356,1.28125,0.98247675
240.0,7.0,-75.0,1.8125,1.78125,356,1.78125,1.484916
240.0,8.0,-60.0,1.6621094,2.96875,356,2.96875,2.3359315
240.0,9.0,-45.0,2.2402344,2.875,356,2.875,2.97303225
240.0,10.0,-30.0,1.109375,1.25,356,1.25,1.25117225
240.0,11.0,-15.0,0.20214844,0.28125,356,0.28125,0.329061
240.0,12.0,0.0,0.045898438,0.0,356,0.0,0.0
240.0,13.0,15.0,0.0,0.15625,356,0.15625,0.0530865
240.0,14.0,30.0,0.140625,0.5,356,0.5,0.35447475
240.0,15.0,45.0,0.7636719,0.59375,356,0.59375,0.74628575
240.0,16.0,60.0,0.8125,0.59375,356,0.59375,0.41032225
240.0,17.0,75.0,1.3583984,1.3125,356,1.3125,0.91746775
240.0,18.0,90.0,1.3867188,3.0625,356,3.0625,1.93521
240.0,19.0,105.0,2.2011719,4.0625,356,4.0625,2.90124625
240.0,20.0,120.0,3.2197266,5.28125,356,5.28125,4.1740045
240.0,21.0,135.0,4.5810547,6.71875,356,6.71875,5.6531475
240.0,22.0,150.0,6.120117,8.34375,356,8.34375,7.31131625
240.0,23.0,165.0,7.3271484,9.9375,356,9.9375,8.96841825
240.0,24.0,180.0,5.2460938,8.46875,356,8.46875,7.8401105
336.0,1.0,-165.0,7.182617,6.3125,357,6.3125,7.7361965
336.0,2.0,-150.0,3.5439453,2.75,357,2.75,3.606368
336.0,3.0,-135.0,1.3037109,0.75,357,0.75,1.20084675
336.0,4.0,-120.0,0.38476562,0.03125,357,0.03125,0.197537
336.0,5.0,-105.0,0.0,0.0,357,0.0,0.0
336.0,6.0,-90.0,0.072265625,0.0625,357,0.0625,0.02553925
336.0,7.0,-75.0,0.00390625,0.0,357,0.0,0.0021335
336.0,8.0,-60.0,0.38378906,0.03125,357,0.03125,0.19107375
336.0,9.0,-45.0,1.2958984,0.75,357,0.75,1.21201625
336.0,10.0,-30.0,3.4746094,2.65625,357,2.65625,3.55485025
336.0,11.0,-15.0,6.9560547,5.78125,357,5.78125,7.171572
336.0,12.0,0.0,10.533203,8.875,357,8.875,10.75786
336.0,13.0,15.0,6.9492188,5.78125,357,5.78125,7.174584
336.0,14.0,30.0,3.4726562,2.65625,357,2.65625,3.5547875
336.0,15.0,45.0,1.2958984,0.75,357,0.75,1.21151425
336.0,16.0,60.0,0.38378906,0.03125,357,0.03125,0.19107375
336.0,17.0,75.0,0.00390625,0.0,357,0.0,0.0021335
336.0,18.0,90.0,0.07519531,0.0625,357,0.0625,0.025853
336.0,19.0,105.0,0.0,0.0,357,0.0,0.000251
336.0,20.0,120.0,0.38867188,0.03125,357,0.03125,0.19860375
336.0,21.0,135.0,1.3027344,0.75,357,0.75,1.20197625
336.0,22.0,150.0,3.5458984,2.75,357,2.75,3.60630525
336.0,23.0,165.0,7.173828,6.3125,357,6.3125,7.736322
336.0,24.0,180.0,10.597656,9.25,357,9.25,11.23432075
6.0,1.0,-165.0,1.8515625,0.3125,358,0.3125,1.074029
6.0,2.0,-150.0,1.4179688,0.0,358,0.0,0.59631325
6.0,3.0,-135.0,1.9550781,0.0625,358,0.0625,1.46364375
6.0,4.0,-120.0,1.8945312,1.4375,358,1.4375,1.42762525
6.0,5.0,-105.0,2.3457031,2.6875,358,2.6875,2.35795675
6.0,6.0,-90.0,1.6679688,1.9375,358,1.9375,1.93765725
6.0,7.0,-75.0,1.0703125,1.75,358,1.75,1.39599925
6.0,8.0,-60.0,0.38867188,1.3125,358,1.3125,0.68272
6.0,9.0,-45.0,0.0,0.6875,358,0.6875,0.16697775
6.0,10.0,-30.0,0.05859375,0.3125,358,0.3125,0.00094125
6.0,11.0,-15.0,0.5019531,0.375,358,0.375,0.310989
6.0,12.0,0.0,1.1738281,0.875,358,0.875,0.94269325
6.0,13.0,15.0,0.5097656,0.375,358,0.375,0.31105175
6.0,14.0,30.0,0.05859375,0.3125,358,0.3125,0.0
6.0,15.0,45.0,0.00390625,0.6875,358,0.6875,0.1662875
6.0,16.0,60.0,0.39257812,1.3125,358,1.3125,0.68366125
6.0,17.0,75.0,1.0703125,1.75,358,1.75,1.396062
6.0,18.0,90.0,1.6699219,1.9375,358,1.9375,1.9300645
6.0,19.0,105.0,2.3457031,2.6875,358,2.6875,2.3592745
6.0,20.0,120.0,1.9140625,1.4375,358,1.4375,1.43402575
6.0,21.0,135.0,1.5527344,0.4375,358,0.4375,0.78481425
6.0,22.0,150.0,1.4160156,0.0,358,0.0,0.59417975
6.0,23.0,165.0,1.8535156,0.3125,358,0.3125,1.07409175
6.0,24.0,180.0,2.3378906,1.125,358,1.125,1.9147535
272.0,1.0,-165.0,5.96875,5.84375,359,5.84375,5.98189475
272.0,2.0,-150.0,7.7773438,7.1875,359,7.1875,7.43380425
272.0,3.0,-135.0,8.958984,8.3125,359,8.3125,8.68491375
272.0,4.0,-120.0,9.158203,6.65625,359,6.65625,7.45852775
272.0,5.0,-105.0,6.529297,4.6875,359,4.6875,5.182146
272.0,6.0,-90.0,4.388672,3.46875,359,3.46875,3.50000675
272.0,7.0,-75.0,3.328125,3.09375,359,3.09375,2.81954575
272.0,8.0,-60.0,3.7324219,3.65625,359,3.65625,3.0337115
272.0,9.0,-45.0,5.203125,5.28125,359,5.28125,4.309921
272.0,10.0,-30.0,7.3964844,7.65625,359,7.65625,6.5700505
272.0,11.0,-15.0,9.925781,9.59375,359,9.59375,8.458951
272.0,12.0,0.0,10.457031,10.53125,359,10.53125,10.8016595
272.0,13.0,15.0,8.964844,9.40625,359,9.40625,10.149687
272.0,14.0,30.0,5.9375,6.59375,359,6.59375,6.50397475
272.0,15.0,45.0,3.3691406,3.375,359,3.375,3.0435005
272.0,16.0,60.0,1.0585938,1.03125,359,1.03125,0.724637
272.0,17.0,75.0,0.0,0.0,359,0.0,0.0
272.0,18.0,90.0,0.47265625,0.1875,359,0.1875,0.5513215
272.0,19.0,105.0,1.0527344,0.8125,359,0.8125,1.1803275
272.0,20.0,120.0,1.8359375,1.03125,359,1.03125,1.5445285
272.0,21.0,135.0,2.7109375,1.40625,359,1.40625,2.2972775
272.0,22.0,150.0,2.3203125,2.15625,359,2.15625,2.65125025
272.0,23.0,165.0,2.6992188,2.90625,359,2.90625,3.18525275
272.0,24.0,180.0,4.330078,4.53125,359,4.53125,4.62122375
91.0,1.0,-165.0,2.7626953,4.40625,360,4.40625,4.01305075
91.0,2.0,-150.0,1.5458984,3.3125,360,3.3125,2.68777075
91.0,3.0,-135.0,1.0175781,2.96875,360,2.96875,2.141532
91.0,4.0,-120.0,1.1455078,3.15625,360,3.15625,2.202274
91.0,5.0,-105.0,1.4052734,3.4375,360,3.4375,2.559196
91.0,6.0,-90.0,1.8212891,3.125,360,3.125,2.7952615
91.0,7.0,-75.0,1.9433594,2.28125,360,2.28125,2.465071
91.0,8.0,-60.0,1.6503906,1.46875,360,1.46875,1.90439975
91.0,9.0,-45.0,0.013671875,0.625,360,0.625,0.32309975
91.0,10.0,-30.0,0.0048828125,0.03125,360,0.03125,0.001004
91.0,11.0,-15.0,0.49316406,0.0,360,0.0,0.27101725
91.0,12.0,0.0,1.1552734,0.375,360,0.375,0.861683
91.0,13.0,15.0,0.49316406,0.0,360,0.0,0.27177025
91.0,14.0,30.0,0.0,0.03125,360,0.03125,0.0
91.0,15.0,45.0,0.015625,0.625,360,0.625,0.3236645
91.0,16.0,60.0,1.6503906,1.46875,360,1.46875,1.9042115
91.0,17.0,75.0,1.9492188,2.28125,360,2.28125,2.4659495
91.0,18.0,90.0,1.8203125,3.125,360,3.125,2.7970185
91.0,19.0,105.0,1.4111328,3.4375,360,3.4375,2.56076475
91.0,20.0,120.0,1.1435547,3.15625,360,3.15625,2.201521
91.0,21.0,135.0,1.015625,2.96875,360,2.96875,2.14121825
91.0,22.0,150.0,1.5458984,3.3125,360,3.3125,2.69015525
91.0,23.0,165.0,2.7509766,4.40625,360,4.40625,4.012235
91.0,24.0,180.0,4.330078,6.1875,360,6.1875,5.95372
190.0,1.0,-165.0,11.296875,9.15625,361,9.15625,9.90088325
190.0,2.0,-150.0,6.2382812,5.09375,361,5.09375,5.6300555
190.0,3.0,-135.0,3.0546875,2.3125,361,2.3125,2.6283465
190.0,4.0,-120.0,1.0605469,0.78125,361,0.78125,0.91545975
190.0,5.0,-105.0,0.078125,0.125,361,0.125,0.16409125
190.0,6.0,-90.0,0.0,0.0,361,0.0,0.00018825
190.0,7.0,-75.0,0.08203125,0.15625,361,0.15625,0.183481
190.0,8.0,-60.0,1.1191406,0.875,361,0.875,1.02552325
190.0,9.0,-45.0,3.125,2.5625,361,2.5625,2.88794325
190.0,10.0,-30.0,6.421875,5.46875,361,5.46875,6.00925375
190.0,11.0,-15.0,11.488281,9.59375,361,9.59375,10.4083425
190.0,12.0,0.0,16.878906,14.3125,361,14.3125,15.2862765
190.0,13.0,15.0,11.527344,9.5625,361,9.5625,10.41304875
190.0,14.0,30.0,6.421875,5.46875,361,5.46875,6.0110735
190.0,15.0,45.0,3.1367188,2.5625,361,2.5625,2.8934025
190.0,16.0,60.0,1.125,0.875,361,0.875,1.029351
190.0,17.0,75.0,0.078125,0.15625,361,0.15625,0.1841085
190.0,18.0,90.0,0.0,0.0,361,0.0,0.0
190.0,19.0,105.0,0.068359375,0.125,361,0.125,0.16064
190.0,20.0,120.0,1.0566406,0.78125,361,0.78125,0.9145185
190.0,21.0,135.0,3.0507812,2.3125,361,2.3125,2.62546
190.0,22.0,150.0,6.25,5.09375,361,5.09375,5.631938
190.0,23.0,165.0,11.283203,9.15625,361,9.15625,9.88657625
190.0,24.0,180.0,16.242188,13.53125,361,13.53125,14.36454175
269.0,1.0,-165.0,0.07324219,0.15625,362,0.15625,0.00244725
269.0,2.0,-150.0,0.2998047,0.78125,362,0.78125,0.2471095
269.0,3.0,-135.0,1.078125,2.15625,362,2.15625,1.03568875
269.0,4.0,-120.0,2.2851562,4.1875,362,4.1875,2.41305125
269.0,5.0,-105.0,3.5664062,6.28125,362,6.28125,4.01857275
269.0,6.0,-90.0,4.4277344,7.75,362,7.75,5.184405
269.0,7.0,-75.0,4.745117,8.09375,362,8.09375,5.67341575
269.0,8.0,-60.0,4.7929688,7.78125,362,7.78125,5.696194
269.0,9.0,-45.0,4.9335938,7.59375,362,7.59375,5.8607245
269.0,10.0,-30.0,5.7001953,8.0625,362,8.0625,6.67829425
269.0,11.0,-15.0,7.1015625,9.34375,362,9.34375,8.28168225
269.0,12.0,0.0,8.001953,10.65625,362,10.65625,9.76132725
269.0,13.0,15.0,7.111328,9.34375,362,9.34375,8.2811175
269.0,14.0,30.0,5.7001953,8.0625,362,8.0625,6.67703925
269.0,15.0,45.0,4.9365234,7.59375,362,7.59375,5.86066175
269.0,16.0,60.0,4.7890625,7.78125,362,7.78125,5.696696
269.0,17.0,75.0,4.7441406,8.09375,362,8.09375,5.6744825
269.0,18.0,90.0,4.4228516,7.75,362,7.75,5.1827735
269.0,19.0,105.0,3.5605469,6.28125,362,6.28125,4.015247
269.0,20.0,120.0,2.2714844,4.125,362,4.125,2.4358295
269.0,21.0,135.0,1.0703125,2.15625,362,2.15625,1.026088
269.0,22.0,150.0,0.33007812,0.78125,362,0.78125,0.21278525
269.0,23.0,165.0,0.06640625,0.15625,362,0.15625,0.0003765
269.0,24.0,180.0,0.0,0.0,362,0.0,0.0
333.0,1.0,-165.0,1.8378906,0.59375,363,0.59375,1.29886225
333.0,2.0,-150.0,0.3408203,0.0,363,0.0,0.20789075
333.0,3.0,-135.0,0.0009765625,0.28125,363,0.28125,0.0432975
333.0,4.0,-120.0,0.63964844,1.3125,363,1.3125,0.66766
333.0,5.0,-105.0,1.390625,2.34375,363,2.34375,1.43666125
333.0,6.0,-90.0,1.7666016,2.75,363,2.75,1.7829785
333.0,7.0,-75.0,1.4199219,2.25,363,2.25,1.383763
333.0,8.0,-60.0,0.59277344,1.125,363,1.125,0.56280475
333.0,9.0,-45.0,0.01953125,0.15625,363,0.15625,0.00508275
333.0,10.0,-30.0,0.50390625,0.03125,363,0.03125,0.32636275
333.0,11.0,-15.0,1.9892578,0.6875,363,0.6875,1.44858375
333.0,12.0,0.0,3.069336,1.28125,363,1.28125,2.319993
333.0,13.0,15.0,1.9853516,0.6875,363,0.6875,1.44933675
333.0,14.0,30.0,0.5078125,0.03125,363,0.03125,0.327053
333.0,15.0,45.0,0.00390625,0.1875,363,0.1875,0.0
333.0,16.0,60.0,0.59277344,1.125,363,1.125,0.56267925
333.0,17.0,75.0,1.4208984,2.25,363,2.25,1.3848925
333.0,18.0,90.0,1.7685547,2.75,363,2.75,1.78178625
333.0,19.0,105.0,1.390625,2.34375,363,2.34375,1.43816725
333.0,20.0,120.0,0.6425781,1.3125,363,1.3125,0.66998175
333.0,21.0,135.0,0.0,0.28125,363,0.28125,0.0432975
333.0,22.0,150.0,0.3408203,0.0,363,0.0,0.2061965
333.0,23.0,165.0,1.8388672,0.59375,363,0.59375,1.29886225
333.0,24.0,180.0,3.0673828,1.28125,363,1.28125,2.31603975
446.0,1.0,-165.0,1.015625,0.78125,364,0.78125,0.480414
446.0,2.0,-150.0,1.0,0.40625,364,0.40625,0.52101325
446.0,3.0,-135.0,0.71484375,0.15625,364,0.15625,0.63308475
446.0,4.0,-120.0,0.9296875,0.4375,364,0.4375,1.00356075
446.0,5.0,-105.0,1.9550781,1.375,364,1.375,1.949015
446.0,6.0,-90.0,2.8476562,2.625,364,2.625,3.08974725
446.0,7.0,-75.0,1.484375,1.25,364,1.25,1.460318
446.0,8.0,-60.0,0.35742188,0.28125,364,0.28125,0.428457
446.0,9.0,-45.0,0.0,0.0,364,0.0,0.0
446.0,10.0,-30.0,0.453125,0.3125,364,0.3125,0.10008625
446.0,11.0,-15.0,0.69140625,0.78125,364,0.78125,0.2910345
446.0,12.0,0.0,1.15625,1.34375,364,1.34375,0.85647475
446.0,13.0,15.0,0.9921875,0.84375,364,0.84375,0.49126975
446.0,14.0,30.0,0.9453125,0.375,364,0.375,0.47941
446.0,15.0,45.0,0.7324219,0.15625,364,0.15625,0.618464
446.0,16.0,60.0,0.8984375,0.4375,364,0.4375,0.98310425
446.0,17.0,75.0,1.8691406,1.40625,364,1.40625,1.9775035
446.0,18.0,90.0,2.8242188,2.75,364,2.75,3.19730075
446.0,19.0,105.0,1.5117188,1.1875,364,1.1875,1.410871
446.0,20.0,120.0,0.36132812,0.28125,364,0.28125,0.4220565
446.0,21.0,135.0,0.015625,0.0,364,0.0,0.011295
446.0,22.0,150.0,0.43554688,0.25,364,0.25,0.08389675
446.0,23.0,165.0,0.7285156,0.6875,364,0.6875,0.256271
446.0,24.0,180.0,1.1816406,1.28125,364,1.28125,0.8033255
60.0,1.0,-165.0,3.40625,5.0,365,5.0,4.28400525
60.0,2.0,-150.0,1.6308594,2.1875,365,2.1875,1.9084785
60.0,3.0,-135.0,0.13671875,0.40625,365,0.40625,0.2689465
60.0,4.0,-120.0,0.083984375,0.0,365,0.0,0.0
60.0,5.0,-105.0,0.0,0.21875,365,0.21875,0.12832375
60.0,6.0,-90.0,1.1171875,1.65625,365,1.65625,1.42398575
60.0,7.0,-75.0,2.8828125,4.21875,365,4.21875,3.675895
60.0,8.0,-60.0,5.5439453,7.5625,365,7.5625,6.66888175
60.0,9.0,-45.0,7.7421875,7.46875,365,7.46875,6.89553475
60.0,10.0,-30.0,7.875,7.0625,365,7.0625,6.8353575
60.0,11.0,-15.0,7.977539,6.84375,365,6.84375,6.873635
60.0,12.0,0.0,7.319336,6.03125,365,6.03125,6.32476075
60.0,13.0,15.0,5.3554688,4.84375,365,4.84375,4.93673075
60.0,14.0,30.0,3.9921875,4.125,365,4.125,4.04279425
60.0,15.0,45.0,3.7402344,4.3125,365,4.3125,4.1750085
60.0,16.0,60.0,4.3945312,5.6875,365,5.6875,5.54879425
60.0,17.0,75.0,3.7705078,4.84375,365,4.84375,4.56587825
60.0,18.0,90.0,3.71875,4.0625,365,4.0625,3.95067725
60.0,19.0,105.0,4.828125,4.625,365,4.625,4.70342625
60.0,20.0,120.0,6.8496094,5.84375,365,5.84375,6.159289
60.0,21.0,135.0,7.9726562,6.84375,365,6.84375,6.896225
60.0,22.0,150.0,7.810547,7.09375,365,7.09375,6.82663525
60.0,23.0,165.0,7.682617,7.59375,365,7.59375,6.9804355
60.0,24.0,180.0,6.854492,9.03125,365,9.03125,7.9422675
173.0,1.0,-165.0,0.8671875,0.6875,366,0.6875,0.398086
173.0,2.0,-150.0,1.0507812,0.875,366,0.875,0.1504745
173.0,3.0,-135.0,1.2050781,1.46875,366,1.46875,0.353408
173.0,4.0,-120.0,2.6455078,2.96875,366,2.96875,1.66281225
173.0,5.0,-105.0,5.8671875,5.25,366,5.25,4.28061675
173.0,6.0,-90.0,9.375977,7.453125,366,7.453125,6.981565
173.0,7.0,-75.0,11.28125,9.25,366,9.25,8.86023725
173.0,8.0,-60.0,12.768555,11.078125,366,11.078125,10.78779175
173.0,9.0,-45.0,12.916992,11.265625,366,11.265625,11.09702375
173.0,10.0,-30.0,13.672852,11.59375,366,11.59375,11.5365875
173.0,11.0,-15.0,13.220703,11.109375,366,11.109375,10.7871015
173.0,12.0,0.0,11.633789,9.578125,366,9.578125,9.13784325
173.0,13.0,15.0,9.316406,7.640625,366,7.640625,7.03157675
173.0,14.0,30.0,6.071289,5.359375,366,5.359375,4.38327575
173.0,15.0,45.0,3.024414,3.21875,366,3.21875,1.89373225
173.0,16.0,60.0,1.2119141,1.6875,366,1.6875,0.41107525
173.0,17.0,75.0,0.7363281,0.96875,366,0.96875,0.0
173.0,18.0,90.0,0.64453125,0.65625,366,0.65625,0.1916385
173.0,19.0,105.0,0.19140625,0.390625,366,0.390625,0.3700995
173.0,20.0,120.0,0.09472656,0.140625,366,0.140625,0.456067
173.0,21.0,135.0,0.0,0.0,366,0.0,0.4910815
173.0,22.0,150.0,0.06933594,0.03125,366,0.03125,0.5668835
173.0,23.0,165.0,0.2919922,0.234375,366,0.234375,0.594619
173.0,24.0,180.0,0.53808594,0.484375,366,0.484375,0.575292
440.0,1.0,-165.0,0.0029296875,0.0625,367,0.0625,0.00558475
440.0,2.0,-150.0,0.18359375,0.5,367,0.5,0.22370375
440.0,3.0,-135.0,0.8222656,1.46875,367,1.46875,0.90843175
440.0,4.0,-120.0,1.8554688,2.84375,367,2.84375,1.96827925
440.0,5.0,-105.0,2.8115234,4.125,367,4.125,2.9722165
440.0,6.0,-90.0,3.1621094,4.65625,367,4.65625,3.374695
440.0,7.0,-75.0,2.8740234,4.09375,367,4.09375,2.938708
440.0,8.0,-60.0,1.9150391,2.8125,367,2.8125,1.939979
440.0,9.0,-45.0,0.84765625,1.46875,367,1.46875,0.8936855
440.0,10.0,-30.0,0.1953125,0.5,367,0.5,0.21692675
440.0,11.0,-15.0,0.0,0.0625,367,0.0625,0.0
440.0,12.0,0.0,0.034179688,0.0,367,0.0,0.00985175
440.0,13.0,15.0,0.0107421875,0.0625,367,0.0625,0.00809475
440.0,14.0,30.0,0.1953125,0.5,367,0.5,0.2167385
440.0,15.0,45.0,0.85058594,1.46875,367,1.46875,0.89374825
440.0,16.0,60.0,1.9169922,2.8125,367,2.8125,1.94066925
440.0,17.0,75.0,2.8740234,4.09375,367,4.09375,2.93877075
440.0,18.0,90.0,3.165039,4.65625,367,4.65625,3.3748205
440.0,19.0,105.0,2.8115234,4.125,367,4.125,2.9722165
440.0,20.0,120.0,1.8564453,2.84375,367,2.84375,1.9682165
440.0,21.0,135.0,0.82421875,1.46875,367,1.46875,0.90843175
440.0,22.0,150.0,0.18261719,0.5,367,0.5,0.2217585
440.0,23.0,165.0,0.0048828125,0.0625,367,0.0625,0.0056475
440.0,24.0,180.0,0.029296875,0.0,367,0.0,0.009287
292.0,1.0,-165.0,0.7675781,0.3125,368,0.3125,0.11313825
292.0,2.0,-150.0,0.91503906,1.15625,368,1.15625,0.721374
292.0,3.0,-135.0,1.6103516,1.71875,368,1.71875,1.418652
292.0,4.0,-120.0,2.0117188,2.125,368,2.125,1.8540115
292.0,5.0,-105.0,1.0566406,1.59375,368,1.59375,0.959573
292.0,6.0,-90.0,0.84472656,1.65625,368,1.65625,0.84179125
292.0,7.0,-75.0,1.2353516,2.25,368,2.25,1.59454025
292.0,8.0,-60.0,0.109375,1.5625,368,1.5625,0.1288885
292.0,9.0,-45.0,0.9560547,2.71875,368,2.71875,0.9777705
292.0,10.0,-30.0,2.7861328,4.625,368,4.625,2.72102825
292.0,11.0,-15.0,4.8945312,6.625,368,6.625,4.79930825
292.0,12.0,0.0,6.573242,8.15625,368,8.15625,6.45151575
292.0,13.0,15.0,4.901367,6.65625,368,6.65625,4.800877
292.0,14.0,30.0,2.7861328,4.625,368,4.625,2.72027525
292.0,15.0,45.0,0.95703125,2.71875,368,2.71875,0.9780215
292.0,16.0,60.0,0.107421875,1.5625,368,1.5625,0.13196325
292.0,17.0,75.0,0.0,1.34375,368,1.34375,0.22709225
292.0,18.0,90.0,0.10546875,0.90625,368,0.90625,0.05264725
292.0,19.0,105.0,1.046875,1.59375,368,1.59375,0.95147825
292.0,20.0,120.0,2.0146484,2.125,368,2.125,1.853384
292.0,21.0,135.0,1.6083984,1.71875,368,1.71875,1.41708325
292.0,22.0,150.0,0.91503906,1.15625,368,1.15625,0.7217505
292.0,23.0,165.0,0.7558594,0.3125,368,0.3125,0.1113185
292.0,24.0,180.0,0.765625,0.0,368,0.0,0.0
93.0,1.0,-165.0,2.2636719,2.25,369,2.25,1.90716075
93.0,2.0,-150.0,0.40234375,0.375,369,0.375,0.2563965
93.0,3.0,-135.0,0.0,0.0,369,0.0,0.0
93.0,4.0,-120.0,0.025390625,0.0,369,0.0,0.0
93.0,5.0,-105.0,0.021484375,0.09375,369,0.09375,0.012299
93.0,6.0,-90.0,0.7597656,0.84375,369,0.84375,0.6052865
93.0,7.0,-75.0,3.0078125,1.96875,369,1.96875,2.1742875
93.0,8.0,-60.0,5.125,4.40625,369,4.40625,3.75928975
93.0,9.0,-45.0,6.7285156,6.25,369,6.25,5.53536575
93.0,10.0,-30.0,9.28125,9.65625,369,9.65625,8.90002075
93.0,11.0,-15.0,10.306641,11.875,369,11.875,11.431293
93.0,12.0,0.0,11.6171875,11.9375,369,11.9375,10.9489965
93.0,13.0,15.0,10.298828,10.25,369,10.25,9.915504
93.0,14.0,30.0,7.642578,7.28125,369,7.28125,6.8238115
93.0,15.0,45.0,5.341797,5.1875,369,5.1875,4.7206825
93.0,16.0,60.0,4.2421875,4.71875,369,4.71875,4.26405075
93.0,17.0,75.0,4.4492188,5.03125,369,5.03125,4.714533
93.0,18.0,90.0,4.919922,5.375,369,5.375,4.572969
93.0,19.0,105.0,6.751953,7.40625,369,7.40625,6.3594615
93.0,20.0,120.0,9.599609,10.46875,369,10.46875,9.719724
93.0,21.0,135.0,9.144531,9.6875,369,9.6875,9.17411275
93.0,22.0,150.0,9.0234375,8.1875,369,8.1875,7.62707425
93.0,23.0,165.0,7.845703,6.8125,369,6.8125,5.828722
93.0,24.0,180.0,5.4570312,4.84375,369,4.84375,4.28287575
481.0,1.0,-165.0,3.600586,2.8125,370,2.8125,2.55147775
481.0,2.0,-150.0,2.984375,2.25,370,2.25,2.05763525
481.0,3.0,-135.0,1.8837891,1.4375,370,1.4375,1.4250525
481.0,4.0,-120.0,0.7138672,0.625,370,0.625,0.6557375
481.0,5.0,-105.0,0.11816406,0.125,370,0.125,0.13861475
481.0,6.0,-90.0,0.0,0.0,370,0.0,6.27e-05
481.0,7.0,-75.0,0.15722656,0.25,370,0.25,0.18818725
481.0,8.0,-60.0,0.8828125,0.875,370,0.875,0.76536175
481.0,9.0,-45.0,2.09375,1.625,370,1.625,1.545407
481.0,10.0,-30.0,3.131836,2.375,370,2.375,2.16468675
481.0,11.0,-15.0,3.6171875,2.875,370,2.875,2.58950425
481.0,12.0,0.0,3.711914,3.125,370,3.125,2.7320095
481.0,13.0,15.0,3.618164,2.875,370,2.875,2.5896925
481.0,14.0,30.0,3.131836,2.375,370,2.375,2.1647495
481.0,15.0,45.0,2.09375,1.625,370,1.625,1.54534425
481.0,16.0,60.0,0.8847656,0.875,370,0.875,0.768813
481.0,17.0,75.0,0.15820312,0.25,370,0.25,0.18825
481.0,18.0,90.0,0.0,0.0,370,0.0,0.0
481.0,19.0,105.0,0.119140625,0.125,370,0.125,0.1386775
481.0,20.0,120.0,0.7128906,0.625,370,0.625,0.655863
481.0,21.0,135.0,1.8837891,1.4375,370,1.4375,1.42498975
481.0,22.0,150.0,2.984375,2.25,370,2.25,2.05750975
481.0,23.0,165.0,3.5996094,2.8125,370,2.8125,2.55147775
481.0,24.0,180.0,3.7148438,3.125,370,3.125,2.73320175
124.0,1.0,-165.0,2.9853516,1.03125,371,1.03125,2.33875525
124.0,2.0,-150.0,1.5039062,0.0,371,0.0,0.64325025
124.0,3.0,-135.0,0.77734375,0.03125,371,0.03125,0.0759275
124.0,4.0,-120.0,0.66796875,0.875,371,0.875,0.39488575
124.0,5.0,-105.0,1.0371094,1.8125,371,1.8125,1.00117625
124.0,6.0,-90.0,1.2119141,2.0625,371,2.0625,1.15541575
124.0,7.0,-75.0,0.43359375,1.40625,371,1.40625,0.65228625
124.0,8.0,-60.0,0.0,0.40625,371,0.40625,6.27e-05
124.0,9.0,-45.0,0.85253906,0.375,371,0.375,0.3495175
124.0,10.0,-30.0,3.071289,2.03125,371,2.03125,2.3969245
124.0,11.0,-15.0,6.248047,5.21875,371,5.21875,6.0336635
124.0,12.0,0.0,9.895508,9.5,371,9.5,10.93751325
124.0,13.0,15.0,6.5683594,5.21875,371,5.21875,6.10576325
124.0,14.0,30.0,3.0634766,2.03125,371,2.03125,2.39472825
124.0,15.0,45.0,0.85058594,0.375,371,0.375,0.34744675
124.0,16.0,60.0,0.0087890625,0.40625,371,0.40625,0.0
124.0,17.0,75.0,0.4033203,1.40625,371,1.40625,0.64576025
124.0,18.0,90.0,1.2119141,2.0625,371,2.0625,1.15679625
124.0,19.0,105.0,1.0380859,1.8125,371,1.8125,1.0016155
124.0,20.0,120.0,0.6748047,0.90625,371,0.90625,0.39739575
124.0,21.0,135.0,0.7783203,0.03125,371,0.03125,0.07147225
124.0,22.0,150.0,1.4746094,0.15625,371,0.15625,0.85873375
124.0,23.0,165.0,2.984375,1.03125,371,1.03125,2.33681
124.0,24.0,180.0,4.2128906,2.5,371,2.5,4.491394
252.0,1.0,-165.0,9.8828125,9.0625,372,9.0625,9.00079725
252.0,2.0,-150.0,5.975586,6.9375,372,6.9375,6.96016725
252.0,3.0,-135.0,4.354492,4.75,372,4.75,4.9792125
252.0,4.0,-120.0,2.3300781,2.125,372,2.125,2.36849875
252.0,5.0,-105.0,0.7265625,0.5625,372,0.5625,0.67268
252.0,6.0,-90.0,0.0,0.0,372,0.0,0.00043925
252.0,7.0,-75.0,0.4033203,0.25,372,0.25,0.372735
252.0,8.0,-60.0,1.4189453,1.3125,372,1.3125,1.58450025
252.0,9.0,-45.0,2.4042969,2.3125,372,2.3125,2.41945175
252.0,10.0,-30.0,3.2939453,3.3125,372,3.3125,3.52912275
252.0,11.0,-15.0,3.8789062,4.125,372,4.125,4.45932875
252.0,12.0,0.0,3.8642578,4.6875,372,4.6875,5.0208785
252.0,13.0,15.0,3.883789,4.125,372,4.125,4.469306
252.0,14.0,30.0,3.3017578,3.3125,372,3.3125,3.52862075
252.0,15.0,45.0,2.3984375,2.3125,372,2.3125,2.41756925
252.0,16.0,60.0,1.4189453,1.3125,372,1.3125,1.5851905
252.0,17.0,75.0,0.40429688,0.25,372,0.25,0.3716055
252.0,18.0,90.0,0.0,0.0,372,0.0,0.0
252.0,19.0,105.0,0.7246094,0.5625,372,0.5625,0.67299375
252.0,20.0,120.0,2.3300781,2.125,372,2.125,2.3698165
252.0,21.0,135.0,4.3466797,4.75,372,4.75,4.972561
252.0,22.0,150.0,5.96875,6.9375,372,6.9375,6.96016725
252.0,23.0,165.0,9.883789,9.0625,372,9.0625,9.0009855
252.0,24.0,180.0,10.9609375,9.875,372,9.875,9.98371325
246.0,1.0,-165.0,0.07324219,0.125,373,0.125,0.02842575
246.0,2.0,-150.0,0.4609375,0.5,373,0.5,0.33502225
246.0,3.0,-135.0,1.2451172,1.375,373,1.375,1.12303675
246.0,4.0,-120.0,2.321289,2.625,373,2.625,2.250968
246.0,5.0,-105.0,3.399414,3.75,373,3.75,3.2804445
246.0,6.0,-90.0,3.8310547,4.25,373,4.25,3.73117775
246.0,7.0,-75.0,3.4501953,3.75,373,3.75,3.2967595
246.0,8.0,-60.0,2.3710938,2.625,373,2.625,2.2473285
246.0,9.0,-45.0,1.2841797,1.375,373,1.375,1.10985925
246.0,10.0,-30.0,0.47753906,0.5,373,0.5,0.32523325
246.0,11.0,-15.0,0.07519531,0.0625,373,0.0625,0.026857
246.0,12.0,0.0,0.0,0.0,373,0.0,0.0
246.0,13.0,15.0,0.07714844,0.0625,373,0.0625,0.02641775
246.0,14.0,30.0,0.4765625,0.5,373,0.5,0.3251705
246.0,15.0,45.0,1.2851562,1.375,373,1.375,1.10985925
246.0,16.0,60.0,2.3710938,2.625,373,2.625,2.24714025
246.0,17.0,75.0,3.4501953,3.75,373,3.75,3.29669675
246.0,18.0,90.0,3.8378906,4.25,373,4.25,3.7324955
246.0,19.0,105.0,3.3955078,3.75,373,3.75,3.2796915
246.0,20.0,120.0,2.3232422,2.625,373,2.625,2.2505915
246.0,21.0,135.0,1.2441406,1.375,373,1.375,1.12303675
246.0,22.0,150.0,0.46289062,0.5,373,0.5,0.33489675
246.0,23.0,165.0,0.07421875,0.125,373,0.125,0.02842575
246.0,24.0,180.0,0.0068359375,0.0,373,0.0,0.00194525
154.0,1.0,-165.0,5.1533203,4.875,374,4.875,4.91928625
154.0,2.0,-150.0,4.0166016,4.375,374,4.375,4.17557325
154.0,3.0,-135.0,2.9248047,3.5625,374,3.5625,3.361894
154.0,4.0,-120.0,2.1923828,2.96875,374,2.96875,2.76821625
154.0,5.0,-105.0,1.90625,3.15625,374,3.15625,2.842826
154.0,6.0,-90.0,2.2314453,3.6875,374,3.6875,3.233131
154.0,7.0,-75.0,3.163086,4.21875,374,4.21875,3.71398425
154.0,8.0,-60.0,4.180664,5.3125,374,5.3125,5.1114895
154.0,9.0,-45.0,6.2558594,7.3125,374,7.3125,7.55177425
154.0,10.0,-30.0,8.266602,8.8125,374,8.8125,9.31530025
154.0,11.0,-15.0,7.7841797,7.78125,374,7.78125,8.32686225
154.0,12.0,0.0,5.3535156,4.125,374,4.125,4.8629995
154.0,13.0,15.0,2.9833984,2.09375,374,2.09375,2.43727275
154.0,14.0,30.0,1.4306641,1.09375,374,1.09375,1.022323
154.0,15.0,45.0,0.2919922,0.28125,374,0.28125,0.2094595
154.0,16.0,60.0,0.0,0.0,374,0.0,0.0
154.0,17.0,75.0,0.56152344,0.84375,374,0.84375,0.79083825
154.0,18.0,90.0,1.2587891,2.09375,374,2.09375,2.1075215
154.0,19.0,105.0,3.3027344,4.28125,374,4.28125,3.76493725
154.0,20.0,120.0,4.2001953,5.125,374,5.125,4.9179685
154.0,21.0,135.0,5.723633,6.71875,374,6.71875,6.94498175
154.0,22.0,150.0,7.7539062,8.53125,374,8.53125,9.10056975
154.0,23.0,165.0,8.1875,8.28125,374,8.28125,8.74339675
154.0,24.0,180.0,6.7216797,6.15625,374,6.15625,6.47372925
94.0,1.0,-165.0,0.10058594,0.15625,375,0.15625,0.0872225
94.0,2.0,-150.0,0.38476562,0.65625,375,0.65625,0.351651
94.0,3.0,-135.0,0.7714844,1.46875,375,1.46875,0.80200775
94.0,4.0,-120.0,1.0615234,2.4375,375,2.4375,1.3623025
94.0,5.0,-105.0,1.1445312,3.28125,375,3.28125,1.83951625
94.0,6.0,-90.0,1.3212891,3.59375,375,3.59375,2.06416125
94.0,7.0,-75.0,1.6181641,3.25,375,3.25,1.94957975
94.0,8.0,-60.0,1.6875,2.46875,375,2.46875,1.5485445
94.0,9.0,-45.0,1.5253906,1.59375,375,1.59375,1.05288225
94.0,10.0,-30.0,1.3691406,0.90625,375,0.90625,0.661134
94.0,11.0,-15.0,1.3164062,0.53125,375,0.53125,0.45801225
94.0,12.0,0.0,1.3037109,0.375,375,0.375,0.40015675
94.0,13.0,15.0,1.3212891,0.53125,375,0.53125,0.456318
94.0,14.0,30.0,1.3681641,0.90625,375,0.90625,0.661134
94.0,15.0,45.0,1.5253906,1.59375,375,1.59375,1.052945
94.0,16.0,60.0,1.6855469,2.46875,375,2.46875,1.548921
94.0,17.0,75.0,1.6171875,3.25,375,3.25,1.949015
94.0,18.0,90.0,1.3134766,3.59375,375,3.59375,2.0615885
94.0,19.0,105.0,1.1435547,3.28125,375,3.28125,1.83951625
94.0,20.0,120.0,1.0625,2.4375,375,2.4375,1.36236525
94.0,21.0,135.0,0.7714844,1.46875,375,1.46875,0.8020705
94.0,22.0,150.0,0.3857422,0.65625,375,0.65625,0.35158825
94.0,23.0,165.0,0.09667969,0.15625,375,0.15625,0.08640675
94.0,24.0,180.0,0.0,0.0,375,0.0,0.0
162.0,1.0,-165.0,2.038086,1.40625,376,1.40625,1.87465625
162.0,2.0,-150.0,2.5449219,2.15625,376,2.15625,2.5723735
162.0,3.0,-135.0,3.1152344,3.09375,376,3.09375,3.3426925
162.0,4.0,-120.0,0.59765625,0.09375,376,0.09375,0.21767975
162.0,5.0,-105.0,0.0,0.0,376,0.0,0.0
162.0,6.0,-90.0,0.1171875,0.40625,376,0.40625,0.28921475
162.0,7.0,-75.0,1.1220703,1.25,376,1.25,1.115946
162.0,8.0,-60.0,0.79589844,1.09375,376,1.09375,0.958067
162.0,9.0,-45.0,1.8847656,2.75,376,2.75,2.45823125
162.0,10.0,-30.0,3.7333984,4.125,376,4.125,3.6541835
162.0,11.0,-15.0,5.196289,5.4375,376,5.4375,4.85427725
162.0,12.0,0.0,8.086914,9.4375,376,9.4375,8.75481725
162.0,13.0,15.0,5.1904297,5.4375,376,5.4375,4.84862975
162.0,14.0,30.0,3.7314453,4.125,376,4.125,3.633476
162.0,15.0,45.0,1.8876953,2.75,376,2.75,2.4598
162.0,16.0,60.0,0.76953125,1.09375,376,1.09375,0.94783875
162.0,17.0,75.0,1.1181641,1.25,376,1.25,1.11437725
162.0,18.0,90.0,0.12402344,0.40625,376,0.40625,0.282877
162.0,19.0,105.0,0.0009765625,0.0,376,0.0,0.00018825
162.0,20.0,120.0,0.5986328,0.09375,376,0.09375,0.21642475
162.0,21.0,135.0,3.1171875,3.09375,376,3.09375,3.342567
162.0,22.0,150.0,2.5507812,2.15625,376,2.15625,2.575762
162.0,23.0,165.0,2.046875,1.40625,376,1.40625,1.8843825
162.0,24.0,180.0,1.8183594,1.1875,376,1.1875,1.69142625
184.0,1.0,-165.0,2.78125,2.90625,377,2.90625,2.7269895
184.0,2.0,-150.0,4.794922,4.6875,377,4.6875,4.5703335
184.0,3.0,-135.0,6.3164062,6.0625,377,6.0625,6.060144
184.0,4.0,-120.0,5.9472656,5.90625,377,5.90625,5.69437425
184.0,5.0,-105.0,4.1757812,4.5,377,4.5,4.08784875
184.0,6.0,-90.0,3.0117188,3.3125,377,3.3125,2.89999125
184.0,7.0,-75.0,3.6796875,3.21875,377,3.21875,3.2854645
184.0,8.0,-60.0,2.5371094,2.75,377,2.75,2.423907
184.0,9.0,-45.0,3.15625,3.3125,377,3.3125,2.91411
184.0,10.0,-30.0,5.2460938,5.0,377,5.0,4.74459025
184.0,11.0,-15.0,6.7851562,6.3125,377,6.3125,6.29677425
184.0,12.0,0.0,6.2695312,6.125,377,6.125,6.0557515
184.0,13.0,15.0,4.517578,4.53125,377,4.53125,4.33596225
184.0,14.0,30.0,2.1582031,2.375,377,2.375,2.0753935
184.0,15.0,45.0,0.27148438,0.65625,377,0.65625,0.3846575
184.0,16.0,60.0,0.0,0.0,377,0.0,0.0
184.0,17.0,75.0,0.44726562,0.1875,377,0.1875,0.4280805
184.0,18.0,90.0,1.3144531,0.875,377,0.875,1.09128525
184.0,19.0,105.0,2.3359375,1.6875,377,1.6875,1.863173
184.0,20.0,120.0,2.2617188,1.90625,377,1.90625,1.95321925
184.0,21.0,135.0,1.5996094,1.75,377,1.75,1.71865975
184.0,22.0,150.0,2.0410156,2.0625,377,2.0625,2.1720285
184.0,23.0,165.0,2.0488281,1.9375,377,1.9375,2.05638025
184.0,24.0,180.0,1.5820312,1.875,377,1.875,1.764781
115.0,1.0,-165.0,4.0664062,3.3125,378,3.3125,3.12978175
115.0,2.0,-150.0,2.899414,3.0,378,3.0,2.641273
115.0,3.0,-135.0,2.3242188,1.65625,378,1.65625,1.63903
115.0,4.0,-120.0,1.0996094,0.53125,378,0.53125,0.54749375
115.0,5.0,-105.0,0.0,0.0,378,0.0,0.015311
115.0,6.0,-90.0,0.5136719,0.5,378,0.5,0.3620675
115.0,7.0,-75.0,0.43652344,0.40625,378,0.40625,0.20814175
115.0,8.0,-60.0,1.2275391,1.6875,378,1.6875,1.13452
115.0,9.0,-45.0,2.5166016,3.15625,378,3.15625,2.5302055
115.0,10.0,-30.0,3.4589844,4.0625,378,4.0625,3.413851
115.0,11.0,-15.0,3.6171875,4.125,378,4.125,3.543367
115.0,12.0,0.0,3.8046875,3.875,378,3.875,3.483127
115.0,13.0,15.0,4.0976562,3.34375,378,3.34375,3.177409
115.0,14.0,30.0,2.9765625,3.09375,378,3.09375,2.707035
115.0,15.0,45.0,2.375,1.78125,378,1.78125,1.7242445
115.0,16.0,60.0,1.0429688,0.53125,378,0.53125,0.51222825
115.0,17.0,75.0,0.0029296875,0.0,378,0.0,0.0
115.0,18.0,90.0,0.50878906,0.59375,378,0.59375,0.44671725
115.0,19.0,105.0,0.47753906,0.5,378,0.5,0.28582625
115.0,20.0,120.0,1.2158203,1.6875,378,1.6875,1.150333
115.0,21.0,135.0,2.375,3.0,378,3.0,2.37966825
115.0,22.0,150.0,3.3925781,4.0,378,4.0,3.35367375
115.0,23.0,165.0,3.5966797,4.125,378,4.125,3.54230025
115.0,24.0,180.0,3.7539062,3.875,378,3.875,3.47465575
235.0,1.0,-165.0,0.24316406,0.25,379,0.25,0.179465
235.0,2.0,-150.0,0.9394531,1.0625,379,1.0625,0.76649125
235.0,3.0,-135.0,2.0195312,2.34375,379,2.34375,1.7694245
235.0,4.0,-120.0,3.3203125,3.90625,379,3.90625,3.00980375
235.0,5.0,-105.0,4.5595703,5.34375,379,5.34375,4.11558425
235.0,6.0,-90.0,5.1259766,5.9375,379,5.9375,4.58357375
235.0,7.0,-75.0,4.571289,5.375,379,5.375,4.1521675
235.0,8.0,-60.0,3.3417969,3.96875,379,3.96875,3.0487715
235.0,9.0,-45.0,2.046875,2.375,379,2.375,1.7794645
235.0,10.0,-30.0,0.9560547,1.0625,379,1.0625,0.76536175
235.0,11.0,-15.0,0.24609375,0.25,379,0.25,0.175198
235.0,12.0,0.0,0.0029296875,0.0,379,0.0,0.0021335
235.0,13.0,15.0,0.24609375,0.25,379,0.25,0.17526075
235.0,14.0,30.0,0.9560547,1.0625,379,1.0625,0.76523625
235.0,15.0,45.0,2.0458984,2.375,379,2.375,1.7794645
235.0,16.0,60.0,3.3417969,3.96875,379,3.96875,3.0487715
235.0,17.0,75.0,4.5654297,5.375,379,5.375,4.1521675
235.0,18.0,90.0,5.1259766,5.9375,379,5.9375,4.583511
235.0,19.0,105.0,4.5585938,5.34375,379,5.34375,4.11570975
235.0,20.0,120.0,3.319336,3.90625,379,3.90625,3.00992925
235.0,21.0,135.0,2.022461,2.34375,379,2.34375,1.76898525
235.0,22.0,150.0,0.9394531,1.0625,379,1.0625,0.76661675
235.0,23.0,165.0,0.24316406,0.25,379,0.25,0.179465
235.0,24.0,180.0,0.0,0.0,379,0.0,0.0
382.0,1.0,-165.0,1.9248047,2.5625,380,2.5625,2.3092
382.0,2.0,-150.0,2.4980469,2.6875,380,2.6875,2.636755
382.0,3.0,-135.0,2.8554688,2.9375,380,2.9375,2.9461125
382.0,4.0,-120.0,3.0234375,3.1875,380,3.1875,3.2071525
382.0,5.0,-105.0,3.0791016,3.3125,380,3.3125,3.337045
382.0,6.0,-90.0,2.9658203,3.125,380,3.125,3.2473125
382.0,7.0,-75.0,2.7734375,2.625,380,2.625,2.91913
382.0,8.0,-60.0,2.5175781,1.875,380,1.875,2.3851275
382.0,9.0,-45.0,2.178711,1.1875,380,1.1875,1.78461
382.0,10.0,-30.0,1.7060547,0.5,380,0.5,1.2167225
382.0,11.0,-15.0,1.1728516,0.125,380,0.125,0.7611575
382.0,12.0,0.0,0.0,0.0,380,0.0,0.0
382.0,13.0,15.0,1.1738281,0.125,380,0.125,0.7649225
382.0,14.0,30.0,1.6982422,0.5,380,0.5,1.213585
382.0,15.0,45.0,2.178711,1.1875,380,1.1875,1.7839825
382.0,16.0,60.0,2.5175781,1.875,380,1.875,2.3851275
382.0,17.0,75.0,2.774414,2.625,380,2.625,2.91913
382.0,18.0,90.0,2.9609375,3.125,380,3.125,3.2473125
382.0,19.0,105.0,3.0800781,3.3125,380,3.3125,3.3389275
382.0,20.0,120.0,3.0205078,3.1875,380,3.1875,3.2058975
382.0,21.0,135.0,2.8544922,2.9375,380,2.9375,2.94423
382.0,22.0,150.0,2.4960938,2.6875,380,2.6875,2.6373825
382.0,23.0,165.0,1.9179688,2.5625,380,2.5625,2.3085725
382.0,24.0,180.0,1.5527344,2.5625,380,2.5625,1.943995
74.0,1.0,-165.0,3.34375,3.25,381,3.25,3.61396075
74.0,2.0,-150.0,1.9550781,2.03125,381,2.03125,2.22555425
74.0,3.0,-135.0,1.4902344,1.71875,381,1.71875,1.70799225
74.0,4.0,-120.0,1.7265625,2.125,381,2.125,1.88871225
74.0,5.0,-105.0,2.1738281,2.84375,381,2.84375,2.30800775
74.0,6.0,-90.0,1.9667969,3.28125,381,3.28125,2.4707185
74.0,7.0,-75.0,1.4042969,2.75,381,2.75,1.95535275
74.0,8.0,-60.0,0.78125,1.34375,381,1.34375,0.80426675
74.0,9.0,-45.0,0.0,0.15625,381,0.15625,0.0
74.0,10.0,-30.0,0.265625,0.0,381,0.0,0.2553925
74.0,11.0,-15.0,1.7089844,0.84375,381,0.84375,1.4908145
74.0,12.0,0.0,1.2207031,0.5,381,0.5,1.671409
74.0,13.0,15.0,1.7128906,0.84375,381,0.84375,1.49012425
74.0,14.0,30.0,0.26953125,0.0,381,0.0,0.257526
74.0,15.0,45.0,0.00390625,0.15625,381,0.15625,0.0016315
74.0,16.0,60.0,0.7753906,1.34375,381,1.34375,0.803953
74.0,17.0,75.0,1.4042969,2.75,381,2.75,1.95598025
74.0,18.0,90.0,1.9667969,3.28125,381,3.28125,2.47040475
74.0,19.0,105.0,2.1757812,2.84375,381,2.84375,2.30775675
74.0,20.0,120.0,1.7246094,2.125,381,2.125,1.88783375
74.0,21.0,135.0,1.4902344,1.71875,381,1.71875,1.707051
74.0,22.0,150.0,1.9492188,2.03125,381,2.03125,2.22618175
74.0,23.0,165.0,3.3476562,3.25,381,3.25,3.61960825
74.0,24.0,180.0,4.9375,4.96875,381,4.96875,5.40610075
10.0,1.0,-165.0,0.40722656,0.46875,382,0.46875,1.080053
10.0,2.0,-150.0,1.2636719,1.0625,382,1.0625,1.809961
10.0,3.0,-135.0,1.6513672,1.6875,382,1.6875,2.3103295
10.0,4.0,-120.0,2.5107422,1.59375,382,1.59375,2.67057725
10.0,5.0,-105.0,1.8232422,1.03125,382,1.03125,2.024566
10.0,6.0,-90.0,0.7578125,0.4375,382,0.4375,1.01284775
10.0,7.0,-75.0,0.0,0.03125,382,0.03125,0.1319005
10.0,8.0,-60.0,0.3359375,0.375,382,0.375,0.0
10.0,9.0,-45.0,1.3925781,1.4375,382,1.4375,0.95938475
10.0,10.0,-30.0,2.743164,2.75,382,2.75,2.34942275
10.0,11.0,-15.0,3.9814453,4.0,382,4.0,3.53765675
10.0,12.0,0.0,4.6308594,4.59375,382,4.59375,4.1147685
10.0,13.0,15.0,3.984375,4.0,382,4.0,3.5362135
10.0,14.0,30.0,2.7333984,2.78125,382,2.78125,2.34666175
10.0,15.0,45.0,1.3916016,1.4375,382,1.4375,0.9602005
10.0,16.0,60.0,0.33984375,0.375,382,0.375,0.000502
10.0,17.0,75.0,0.0029296875,0.03125,382,0.03125,0.13321825
10.0,18.0,90.0,0.7705078,0.4375,382,0.4375,1.01874625
10.0,19.0,105.0,1.8173828,1.03125,382,1.03125,2.02550725
10.0,20.0,120.0,2.5097656,1.5625,382,1.5625,2.662357
10.0,21.0,135.0,1.6572266,1.6875,382,1.6875,2.308949
10.0,22.0,150.0,1.2128906,1.0625,382,1.0625,1.8048155
10.0,23.0,165.0,0.43945312,0.625,382,0.625,1.10985925
10.0,24.0,180.0,0.36035156,0.0,382,0.0,0.8211465
452.0,1.0,-165.0,0.0859375,0.15625,383,0.15625,0.4481605
452.0,2.0,-150.0,0.18457031,0.0,383,0.0,0.00018825
452.0,3.0,-135.0,0.4638672,0.3125,383,0.3125,0.03884225
452.0,4.0,-120.0,1.1367188,1.1875,383,1.1875,0.59857225
452.0,5.0,-105.0,2.272461,2.25,383,2.25,1.38796725
452.0,6.0,-90.0,3.1914062,2.84375,383,2.84375,1.80487825
452.0,7.0,-75.0,2.2773438,2.28125,383,2.28125,1.37516625
452.0,8.0,-60.0,1.1806641,1.21875,383,1.21875,0.599137
452.0,9.0,-45.0,0.47851562,0.3125,383,0.3125,0.041917
452.0,10.0,-30.0,0.18847656,0.0,383,0.0,0.0
452.0,11.0,-15.0,0.09765625,0.15625,383,0.15625,0.44257575
452.0,12.0,0.0,0.0,0.375,383,0.375,0.784626
452.0,13.0,15.0,0.09765625,0.15625,383,0.15625,0.44257575
452.0,14.0,30.0,0.18847656,0.0,383,0.0,0.0
452.0,15.0,45.0,0.47851562,0.3125,383,0.3125,0.041917
452.0,16.0,60.0,1.1806641,1.21875,383,1.21875,0.599137
452.0,17.0,75.0,2.2841797,2.28125,383,2.28125,1.37529175
452.0,18.0,90.0,3.1933594,2.84375,383,2.84375,1.8083295
452.0,19.0,105.0,2.2705078,2.25,383,2.25,1.386524
452.0,20.0,120.0,1.1367188,1.1875,383,1.1875,0.598635
452.0,21.0,135.0,0.4638672,0.3125,383,0.3125,0.03896775
452.0,22.0,150.0,0.18554688,0.0,383,0.0,0.00018825
452.0,23.0,165.0,0.08691406,0.15625,383,0.15625,0.44809775
452.0,24.0,180.0,0.0,0.375,383,0.375,0.78443775
477.0,1.0,-165.0,0.2763672,0.03125,384,0.03125,0.29611725
477.0,2.0,-150.0,0.0068359375,0.0,384,0.0,0.0031375
477.0,3.0,-135.0,0.3876953,0.53125,384,0.53125,0.3143775
477.0,4.0,-120.0,1.3681641,1.625,384,1.625,1.1707895
477.0,5.0,-105.0,2.0419922,2.625,384,2.625,2.0199225
477.0,6.0,-90.0,2.3320312,3.03125,384,3.03125,2.3401985
477.0,7.0,-75.0,2.0644531,2.59375,384,2.59375,1.95849025
477.0,8.0,-60.0,1.3623047,1.625,384,1.625,1.12793125
477.0,9.0,-45.0,0.38085938,0.5625,384,0.5625,0.31582075
477.0,10.0,-30.0,0.0,0.0,384,0.0,0.0
477.0,11.0,-15.0,0.26367188,0.03125,384,0.03125,0.28268875
477.0,12.0,0.0,0.515625,0.21875,384,0.21875,0.58734
477.0,13.0,15.0,0.26367188,0.03125,384,0.03125,0.28243775
477.0,14.0,30.0,0.0,0.0,384,0.0,0.0001255
477.0,15.0,45.0,0.38183594,0.5625,384,0.5625,0.315758
477.0,16.0,60.0,1.3603516,1.625,384,1.625,1.1316335
477.0,17.0,75.0,2.0498047,2.59375,384,2.59375,1.9591805
477.0,18.0,90.0,2.328125,3.03125,384,3.03125,2.34038675
477.0,19.0,105.0,2.0419922,2.625,384,2.625,2.02011075
477.0,20.0,120.0,1.3730469,1.625,384,1.625,1.1712915
477.0,21.0,135.0,0.3876953,0.53125,384,0.53125,0.314503
477.0,22.0,150.0,0.0126953125,0.0,384,0.0,0.00320025
477.0,23.0,165.0,0.2763672,0.03125,384,0.03125,0.295929
477.0,24.0,180.0,0.5185547,0.21875,384,0.21875,0.5877165
341.0,1.0,-165.0,1.796875,0.0625,385,0.0625,0.5693935
341.0,2.0,-150.0,1.0595703,0.1875,385,0.1875,0.29235225
341.0,3.0,-135.0,0.42578125,0.125,385,0.125,0.0437995
341.0,4.0,-120.0,0.10449219,0.25,385,0.25,0.0
341.0,5.0,-105.0,0.0,0.375,385,0.375,0.07335475
341.0,6.0,-90.0,0.08105469,0.3125,385,0.3125,0.12801
341.0,7.0,-75.0,0.024414062,0.3125,385,0.3125,0.0560985
341.0,8.0,-60.0,0.18945312,0.1875,385,0.1875,0.00156875
341.0,9.0,-45.0,0.5732422,0.125,385,0.125,0.09544275
341.0,10.0,-30.0,1.2724609,0.125,385,0.125,0.3766255
341.0,11.0,-15.0,1.8769531,0.0625,385,0.0625,0.597882
341.0,12.0,0.0,2.1279297,0.0,385,0.0,0.68228075
341.0,13.0,15.0,1.8837891,0.0625,385,0.0625,0.60196075
341.0,14.0,30.0,1.2705078,0.125,385,0.125,0.3778805
341.0,15.0,45.0,0.5732422,0.125,385,0.125,0.09544275
341.0,16.0,60.0,0.19140625,0.1875,385,0.1875,0.002259
341.0,17.0,75.0,0.0234375,0.3125,385,0.3125,0.05628675
341.0,18.0,90.0,0.083984375,0.3125,385,0.3125,0.12801
341.0,19.0,105.0,0.0,0.375,385,0.375,0.0724135
341.0,20.0,120.0,0.10449219,0.25,385,0.25,0.0
341.0,21.0,135.0,0.42578125,0.125,385,0.125,0.0437995
341.0,22.0,150.0,1.0566406,0.1875,385,0.1875,0.29297975
341.0,23.0,165.0,1.7998047,0.0625,385,0.0625,0.568264
341.0,24.0,180.0,2.1269531,0.0,385,0.0,0.68177875
322.0,1.0,-165.0,0.31054688,0.5625,386,0.5625,0.44546225
322.0,2.0,-150.0,1.2939453,2.15625,386,2.15625,1.716087
322.0,3.0,-135.0,2.8378906,4.4375,386,4.4375,3.5442455
322.0,4.0,-120.0,4.4902344,6.96875,386,6.96875,5.48867975
322.0,5.0,-105.0,5.696289,9.03125,386,9.03125,6.939648
322.0,6.0,-90.0,6.166992,9.84375,386,9.84375,7.418556
322.0,7.0,-75.0,5.879883,9.09375,386,9.09375,6.86980725
322.0,8.0,-60.0,4.9902344,7.375,386,7.375,5.63840125
322.0,9.0,-45.0,3.8759766,5.53125,386,5.53125,4.282311
322.0,10.0,-30.0,2.8876953,4.125,386,4.125,3.2576035
322.0,11.0,-15.0,2.3085938,3.34375,386,3.34375,2.74022975
322.0,12.0,0.0,2.1279297,3.09375,386,3.09375,2.599858
322.0,13.0,15.0,2.3085938,3.34375,386,3.34375,2.74022975
322.0,14.0,30.0,2.8876953,4.125,386,4.125,3.2576035
322.0,15.0,45.0,3.8759766,5.53125,386,5.53125,4.282311
322.0,16.0,60.0,4.9853516,7.375,386,7.375,5.63651875
322.0,17.0,75.0,5.8828125,9.09375,386,9.09375,6.8682385
322.0,18.0,90.0,6.1679688,9.84375,386,9.84375,7.41924625
322.0,19.0,105.0,5.696289,9.03125,386,9.03125,6.939648
322.0,20.0,120.0,4.491211,6.96875,386,6.96875,5.48867975
322.0,21.0,135.0,2.8359375,4.4375,386,4.4375,3.54681825
322.0,22.0,150.0,1.2939453,2.15625,386,2.15625,1.716087
322.0,23.0,165.0,0.31152344,0.5625,386,0.5625,0.44546225
322.0,24.0,180.0,0.0,0.0,386,0.0,0.0
71.0,1.0,-165.0,1.6191406,0.875,387,0.875,0.97808425
71.0,2.0,-150.0,1.2060547,0.8125,387,0.8125,0.8728525
71.0,3.0,-135.0,0.96191406,1.0,387,1.0,0.97231125
71.0,4.0,-120.0,1.1650391,1.5625,387,1.5625,1.3427245
71.0,5.0,-105.0,1.6757812,2.1875,387,2.1875,1.8133495
71.0,6.0,-90.0,1.9785156,2.4375,387,2.4375,2.00379575
71.0,7.0,-75.0,1.6074219,2.125,387,2.125,1.7121965
71.0,8.0,-60.0,0.85058594,1.375,387,1.375,1.03280225
71.0,9.0,-45.0,0.17480469,0.5,387,0.5,0.34079525
71.0,10.0,-30.0,0.0,0.0,387,0.0,0.0
71.0,11.0,-15.0,0.4345703,0.0625,387,0.0625,0.16566
71.0,12.0,0.0,0.9707031,0.3125,387,0.3125,0.52653525
71.0,13.0,15.0,0.4326172,0.0625,387,0.0625,0.1650325
71.0,14.0,30.0,0.0048828125,0.0,387,0.0,0.0001255
71.0,15.0,45.0,0.17285156,0.5,387,0.5,0.33928925
71.0,16.0,60.0,0.84765625,1.375,387,1.375,1.032614
71.0,17.0,75.0,1.6123047,2.125,387,2.125,1.710565
71.0,18.0,90.0,1.9785156,2.4375,387,2.4375,2.00128575
71.0,19.0,105.0,1.6738281,2.1875,387,2.1875,1.81391425
71.0,20.0,120.0,1.1611328,1.5625,387,1.5625,1.342097
71.0,21.0,135.0,0.95214844,1.0,387,1.0,0.96653825
71.0,22.0,150.0,1.2060547,0.8125,387,0.8125,0.87097
71.0,23.0,165.0,1.6191406,0.875,387,0.875,0.97820975
71.0,24.0,180.0,1.8378906,0.9375,387,0.9375,1.07986475
90.0,1.0,-165.0,0.13867188,0.34375,388,0.34375,0.230669
90.0,2.0,-150.0,1.0068359,1.84375,388,1.84375,1.4790175
90.0,3.0,-135.0,2.9423828,4.21875,388,4.21875,3.55911725
90.0,4.0,-120.0,5.796875,7.09375,388,7.09375,6.12295675
90.0,5.0,-105.0,11.019531,12.71875,388,12.71875,11.203134
90.0,6.0,-90.0,10.860352,13.6875,388,13.6875,11.6869365
90.0,7.0,-75.0,14.456055,12.65625,388,12.65625,11.27774375
90.0,8.0,-60.0,12.37793,11.34375,388,11.34375,9.787745
90.0,9.0,-45.0,11.060547,9.40625,388,9.40625,8.08075675
90.0,10.0,-30.0,10.595703,7.6875,388,7.6875,6.7921855
90.0,11.0,-15.0,10.40918,6.71875,388,6.71875,6.0160935
90.0,12.0,0.0,8.584961,6.8125,388,6.8125,5.7761375
90.0,13.0,15.0,10.2890625,6.71875,388,6.71875,5.976561
90.0,14.0,30.0,10.609375,7.6875,388,7.6875,6.795323
90.0,15.0,45.0,11.075195,9.40625,388,9.40625,8.08703175
90.0,16.0,60.0,12.415039,11.34375,388,11.34375,9.8006715
90.0,17.0,75.0,14.506836,12.65625,388,12.65625,11.28866225
90.0,18.0,90.0,10.8671875,13.6875,388,13.6875,11.6989845
90.0,19.0,105.0,11.03125,12.71875,388,12.71875,11.19711
90.0,20.0,120.0,5.798828,7.09375,388,7.09375,6.122392
90.0,21.0,135.0,2.9384766,4.21875,388,4.21875,3.5572975
90.0,22.0,150.0,1.0068359,1.84375,388,1.84375,1.47882925
90.0,23.0,165.0,0.13183594,0.34375,388,0.34375,0.232677
90.0,24.0,180.0,0.0,0.0,388,0.0,0.0
451.0,1.0,-165.0,4.227539,4.5625,389,4.5625,4.28312675
451.0,2.0,-150.0,2.0126953,2.0,389,2.0,1.85758825
451.0,3.0,-135.0,0.85253906,0.9375,389,0.9375,0.89688575
451.0,4.0,-120.0,0.043945312,0.125,389,0.125,0.14200325
451.0,5.0,-105.0,0.0048828125,0.0,389,0.0,0.004016
451.0,6.0,-90.0,0.38671875,0.5,389,0.5,0.6251155
451.0,7.0,-75.0,0.0,0.0,389,0.0,0.0
451.0,8.0,-60.0,0.02734375,0.1875,389,0.1875,0.14815275
451.0,9.0,-45.0,0.75683594,1.0625,389,1.0625,0.888791
451.0,10.0,-30.0,2.109375,2.1875,389,2.1875,1.9694715
451.0,11.0,-15.0,4.290039,4.6875,389,4.6875,4.3115525
451.0,12.0,0.0,4.595703,5.0,389,5.0,4.4859975
451.0,13.0,15.0,4.290039,4.6875,389,4.6875,4.31174075
451.0,14.0,30.0,2.1054688,2.1875,389,2.1875,1.9621925
451.0,15.0,45.0,0.75683594,1.0625,389,1.0625,0.88885375
451.0,16.0,60.0,0.02734375,0.1875,389,0.1875,0.14802725
451.0,17.0,75.0,0.0,0.0,389,0.0,6.27e-05
451.0,18.0,90.0,0.39746094,0.5,389,0.5,0.6379165
451.0,19.0,105.0,0.00390625,0.0,389,0.0,0.0041415
451.0,20.0,120.0,0.041992188,0.125,389,0.125,0.1419405
451.0,21.0,135.0,0.85253906,0.9375,389,0.9375,0.89387375
451.0,22.0,150.0,2.0097656,2.0,389,2.0,1.85796475
451.0,23.0,165.0,4.2304688,4.5625,389,4.5625,4.288335
451.0,24.0,180.0,4.598633,5.0,389,5.0,4.4859975
171.0,1.0,-165.0,4.0898438,2.6875,390,2.6875,2.8363
171.0,2.0,-150.0,2.765625,1.1875,390,1.1875,1.3409675
171.0,3.0,-135.0,1.8847656,0.25,390,0.25,0.4267
171.0,4.0,-120.0,1.265625,0.0,390,0.0,0.0
171.0,5.0,-105.0,0.8886719,0.3125,390,0.3125,0.1524825
171.0,6.0,-90.0,0.375,1.125,390,1.125,0.5365125
171.0,7.0,-75.0,0.013671875,0.5625,390,0.5625,0.0771825
171.0,8.0,-60.0,0.18554688,0.4375,390,0.4375,0.1675425
171.0,9.0,-45.0,0.8203125,0.9375,390,0.9375,0.89356
171.0,10.0,-30.0,1.8925781,1.875,390,1.875,2.044395
171.0,11.0,-15.0,3.3886719,3.3125,390,3.3125,3.53157
171.0,12.0,0.0,5.138672,4.9375,390,4.9375,5.14048
171.0,13.0,15.0,3.3789062,3.3125,390,3.3125,3.53157
171.0,14.0,30.0,1.890625,1.875,390,1.875,2.044395
171.0,15.0,45.0,0.82421875,0.9375,390,0.9375,0.89356
171.0,16.0,60.0,0.18554688,0.4375,390,0.4375,0.1675425
171.0,17.0,75.0,0.0,0.5625,390,0.5625,0.0734175
171.0,18.0,90.0,0.37890625,1.125,390,1.125,0.5390225
171.0,19.0,105.0,0.8847656,0.3125,390,0.3125,0.1512275
171.0,20.0,120.0,1.2675781,0.0,390,0.0,0.0
171.0,21.0,135.0,1.8867188,0.25,390,0.25,0.4273275
171.0,22.0,150.0,2.7675781,1.1875,390,1.1875,1.3409675
171.0,23.0,165.0,4.091797,2.6875,390,2.6875,2.8363
171.0,24.0,180.0,5.732422,4.6875,390,4.6875,4.6504025
18.0,1.0,-165.0,2.071289,2.1875,391,2.1875,1.50656475
18.0,2.0,-150.0,3.796875,3.875,391,3.875,2.96274125
18.0,3.0,-135.0,6.421875,6.0,391,6.0,5.21785075
18.0,4.0,-120.0,10.370117,7.8125,391,7.8125,8.2582765
18.0,5.0,-105.0,11.208008,7.84375,391,7.84375,8.81819475
18.0,6.0,-90.0,9.801758,7.0625,391,7.0625,8.00545675
18.0,7.0,-75.0,8.114258,6.0,391,6.0,6.5728115
18.0,8.0,-60.0,6.7597656,5.09375,391,5.09375,5.15660675
18.0,9.0,-45.0,6.0126953,4.59375,391,4.59375,4.32040025
18.0,10.0,-30.0,6.165039,4.5625,391,4.5625,4.247422
18.0,11.0,-15.0,6.8183594,4.75,391,4.75,4.62260425
18.0,12.0,0.0,6.7001953,4.71875,391,4.71875,4.6900605
18.0,13.0,15.0,4.7783203,4.34375,391,4.34375,3.93135025
18.0,14.0,30.0,2.1738281,2.96875,391,2.96875,1.8371945
18.0,15.0,45.0,1.1083984,1.75,391,1.75,0.75067825
18.0,16.0,60.0,0.5839844,1.09375,391,1.09375,0.4265745
18.0,17.0,75.0,0.65625,1.03125,391,1.03125,0.610181
18.0,18.0,90.0,1.5400391,1.15625,391,1.15625,1.4566785
18.0,19.0,105.0,1.9091797,1.03125,391,1.03125,1.56128275
18.0,20.0,120.0,1.4619141,0.875,391,0.875,1.30074475
18.0,21.0,135.0,0.5283203,0.40625,391,0.40625,0.6311395
18.0,22.0,150.0,0.0,0.0,391,0.0,0.0
18.0,23.0,165.0,0.2841797,0.1875,391,0.1875,0.00420425
18.0,24.0,180.0,0.9765625,0.96875,391,0.96875,0.51913075
251.0,1.0,-165.0,4.3671875,3.3125,392,3.3125,3.36634925
251.0,2.0,-150.0,3.8398438,2.5,392,2.5,2.58222525
251.0,3.0,-135.0,3.1835938,1.9375,392,1.9375,2.089073
251.0,4.0,-120.0,2.805664,1.5,392,1.5,2.04872475
251.0,5.0,-105.0,0.5859375,0.4375,392,0.4375,0.7247625
251.0,6.0,-90.0,0.001953125,0.0,392,0.0,0.0809475
251.0,7.0,-75.0,0.041015625,0.0625,392,0.0625,0.00056475
251.0,8.0,-60.0,0.8935547,0.9375,392,0.9375,0.6958975
251.0,9.0,-45.0,2.4433594,2.5,392,2.5,1.98861025
251.0,10.0,-30.0,4.1679688,4.1875,392,4.1875,3.48682925
251.0,11.0,-15.0,5.65625,5.3125,392,5.3125,4.30471275
251.0,12.0,0.0,5.796875,5.6875,392,5.6875,4.71221125
251.0,13.0,15.0,5.6523438,5.3125,392,5.3125,4.3042735
251.0,14.0,30.0,4.176758,4.1875,392,4.1875,3.4902805
251.0,15.0,45.0,2.444336,2.5,392,2.5,1.99149675
251.0,16.0,60.0,0.89746094,0.9375,392,0.9375,0.68654775
251.0,17.0,75.0,0.038085938,0.0625,392,0.0625,0.0
251.0,18.0,90.0,0.0,0.0,392,0.0,0.08063375
251.0,19.0,105.0,0.5908203,0.4375,392,0.4375,0.72444875
251.0,20.0,120.0,2.8134766,1.5,392,1.5,2.06541625
251.0,21.0,135.0,3.178711,1.9375,392,1.9375,2.0876925
251.0,22.0,150.0,3.8417969,2.5,392,2.5,2.5821625
251.0,23.0,165.0,4.370117,3.3125,392,3.3125,3.366412
251.0,24.0,180.0,4.848633,3.9375,392,3.9375,3.99284525
467.0,1.0,-165.0,0.0,0.0,393,0.0,0.0
467.0,2.0,-150.0,0.047851562,0.09375,393,0.09375,0.321029
467.0,3.0,-135.0,0.42089844,0.34375,393,0.34375,0.63270825
467.0,4.0,-120.0,0.67871094,0.90625,393,0.90625,1.186979
467.0,5.0,-105.0,1.8974609,1.1875,393,1.1875,1.90439975
467.0,6.0,-90.0,1.1601562,0.53125,393,0.53125,1.42135025
467.0,7.0,-75.0,0.41503906,0.1875,393,0.1875,0.80589825
467.0,8.0,-60.0,0.4140625,0.375,393,0.375,0.07661775
467.0,9.0,-45.0,0.7792969,0.875,393,0.875,0.29875275
467.0,10.0,-30.0,2.2128906,2.0625,393,2.0625,1.5292175
467.0,11.0,-15.0,3.7480469,3.34375,393,3.34375,2.8828605
467.0,12.0,0.0,4.6728516,4.25,393,4.25,3.7452965
467.0,13.0,15.0,3.7480469,3.34375,393,3.34375,2.88304875
467.0,14.0,30.0,2.2207031,2.0625,393,2.0625,1.52827625
467.0,15.0,45.0,0.7792969,0.875,393,0.875,0.29900375
467.0,16.0,60.0,0.4111328,0.375,393,0.375,0.075049
467.0,17.0,75.0,0.4189453,0.1875,393,0.1875,0.806714
467.0,18.0,90.0,1.1748047,0.53125,393,0.53125,1.43151575
467.0,19.0,105.0,1.8974609,1.1875,393,1.1875,1.90414875
467.0,20.0,120.0,0.6767578,0.90625,393,0.90625,1.186477
467.0,21.0,135.0,0.42578125,0.34375,393,0.34375,0.63295925
467.0,22.0,150.0,0.052734375,0.09375,393,0.09375,0.32109175
467.0,23.0,165.0,0.0009765625,0.0,393,0.0,6.27e-05
467.0,24.0,180.0,0.12988281,0.15625,393,0.15625,0.026104
241.0,1.0,-165.0,3.336914,3.4375,394,3.4375,2.1303625
241.0,2.0,-150.0,5.069336,4.8125,394,4.8125,4.1270675
241.0,3.0,-135.0,4.6728516,4.625,394,4.625,4.3906175
241.0,4.0,-120.0,5.3046875,4.9375,394,4.9375,5.6092225
241.0,5.0,-105.0,2.3408203,2.5625,394,2.5625,3.028315
241.0,6.0,-90.0,1.2373047,1.1875,394,1.1875,1.58381
241.0,7.0,-75.0,0.0,0.0,394,0.0,0.0
241.0,8.0,-60.0,2.0263672,1.875,394,1.875,1.6622475
241.0,9.0,-45.0,4.2226562,4.5,394,4.5,4.1170275
241.0,10.0,-30.0,4.642578,6.0625,394,6.0625,5.3644975
241.0,11.0,-15.0,4.5947266,6.125,394,6.125,5.5715725
241.0,12.0,0.0,4.673828,5.875,394,5.875,5.5540025
241.0,13.0,15.0,5.0283203,5.5625,394,5.5625,5.5125875
241.0,14.0,30.0,4.959961,4.875,394,4.875,5.1147525
241.0,15.0,45.0,3.0039062,3.25,394,3.25,3.101105
241.0,16.0,60.0,2.3779297,2.1875,394,2.1875,2.22135
241.0,17.0,75.0,3.5146484,2.75,394,2.75,2.907835
241.0,18.0,90.0,5.350586,4.0625,394,4.0625,4.2036225
241.0,19.0,105.0,5.4345703,4.75,394,4.75,4.3140625
241.0,20.0,120.0,5.1103516,5.125,394,5.125,3.9789775
241.0,21.0,135.0,4.4990234,5.4375,394,5.4375,3.6476575
241.0,22.0,150.0,3.1611328,4.8125,394,4.8125,2.895285
241.0,23.0,165.0,2.3720703,3.3125,394,3.3125,1.5129025
241.0,24.0,180.0,1.9589844,2.625,394,2.625,0.9155225
145.0,1.0,-165.0,3.9492188,3.90625,395,3.90625,4.13039325
145.0,2.0,-150.0,2.546875,2.46875,395,2.46875,2.7932535
145.0,3.0,-135.0,1.7167969,1.5625,395,1.5625,1.9860375
145.0,4.0,-120.0,1.3974609,1.0625,395,1.0625,1.51246325
145.0,5.0,-105.0,1.0498047,0.90625,395,0.90625,1.2807275
145.0,6.0,-90.0,0.9970703,1.1875,395,1.1875,1.43452775
145.0,7.0,-75.0,2.0429688,2.15625,395,2.15625,2.31704375
145.0,8.0,-60.0,3.4003906,3.65625,395,3.65625,3.78024825
145.0,9.0,-45.0,4.1210938,4.9375,395,4.9375,4.93836225
145.0,10.0,-30.0,4.448242,5.1875,395,5.1875,5.26892925
145.0,11.0,-15.0,4.0839844,4.34375,395,4.34375,4.2944845
145.0,12.0,0.0,3.0097656,3.09375,395,3.09375,2.923899
145.0,13.0,15.0,1.7861328,1.875,395,1.875,1.6150595
145.0,14.0,30.0,0.7451172,0.9375,395,0.9375,0.67738625
145.0,15.0,45.0,0.2734375,0.40625,395,0.40625,0.20600825
145.0,16.0,60.0,0.20214844,0.0,395,0.0,0.052961
145.0,17.0,75.0,0.0,0.0,395,0.0,0.0
145.0,18.0,90.0,0.4091797,0.46875,395,0.46875,0.347635
145.0,19.0,105.0,1.2148438,1.21875,395,1.21875,0.94878
145.0,20.0,120.0,1.7519531,1.8125,395,1.8125,1.56191025
145.0,21.0,135.0,2.0839844,2.46875,395,2.46875,2.154584
145.0,22.0,150.0,2.671875,3.3125,395,3.3125,3.03377425
145.0,23.0,165.0,3.7509766,4.46875,395,4.46875,4.4337895
145.0,24.0,180.0,4.546875,5.03125,395,5.03125,5.2058655
497.0,1.0,-165.0,0.34277344,0.46875,396,0.46875,0.407373
497.0,2.0,-150.0,1.3505859,1.84375,396,1.84375,1.59755225
497.0,3.0,-135.0,2.7539062,3.90625,396,3.90625,3.36584725
497.0,4.0,-120.0,4.2021484,6.21875,396,6.21875,5.32101175
497.0,5.0,-105.0,5.373047,8.15625,396,8.15625,6.9046335
497.0,6.0,-90.0,5.9140625,8.90625,396,8.90625,7.52014825
497.0,7.0,-75.0,5.4208984,8.125,396,8.125,6.899488
497.0,8.0,-60.0,4.2509766,6.21875,396,6.21875,5.32440025
497.0,9.0,-45.0,2.7910156,3.875,396,3.875,3.37827175
497.0,10.0,-30.0,1.3662109,1.84375,396,1.84375,1.611922
497.0,11.0,-15.0,0.3544922,0.46875,396,0.46875,0.41484025
497.0,12.0,0.0,0.0,0.0,396,0.0,0.0
497.0,13.0,15.0,0.3544922,0.46875,396,0.46875,0.41484025
497.0,14.0,30.0,1.3662109,1.84375,396,1.84375,1.61198475
497.0,15.0,45.0,2.7910156,3.875,396,3.875,3.37827175
497.0,16.0,60.0,4.25,6.21875,396,6.21875,5.32440025
497.0,17.0,75.0,5.4257812,8.125,396,8.125,6.8991115
497.0,18.0,90.0,5.9140625,8.90625,396,8.90625,7.52014825
497.0,19.0,105.0,5.373047,8.15625,396,8.15625,6.905261
497.0,20.0,120.0,4.2041016,6.21875,396,6.21875,5.3213255
497.0,21.0,135.0,2.7548828,3.90625,396,3.90625,3.36747875
497.0,22.0,150.0,1.3544922,1.84375,396,1.84375,1.598117
497.0,23.0,165.0,0.34277344,0.46875,396,0.46875,0.407373
497.0,24.0,180.0,0.0048828125,0.0,396,0.0,0.00269825
109.0,1.0,-165.0,5.544922,4.15625,397,4.15625,4.34449625
109.0,2.0,-150.0,5.498047,4.15625,397,4.15625,4.41389775
109.0,3.0,-135.0,5.40625,4.1875,397,4.1875,4.46911775
109.0,4.0,-120.0,5.267578,4.3125,397,4.3125,4.48894675
109.0,5.0,-105.0,5.1152344,4.5,397,4.5,4.5181255
109.0,6.0,-90.0,5.1054688,4.75,397,4.75,4.65674025
109.0,7.0,-75.0,5.3867188,5.03125,397,5.03125,4.9603875
109.0,8.0,-60.0,5.7460938,5.46875,397,5.46875,5.400516
109.0,9.0,-45.0,6.1015625,5.96875,397,5.96875,5.85049625
109.0,10.0,-30.0,6.453125,5.96875,397,5.96875,5.7046025
109.0,11.0,-15.0,6.5546875,6.0625,397,6.0625,5.7407465
109.0,12.0,0.0,1.4492188,1.34375,397,1.34375,1.07020125
109.0,13.0,15.0,0.44140625,0.4375,397,0.4375,0.34594075
109.0,14.0,30.0,0.0,0.0,397,0.0,0.0
109.0,15.0,45.0,0.21679688,0.0,397,0.0,0.08276725
109.0,16.0,60.0,0.95703125,0.6875,397,0.6875,0.69307375
109.0,17.0,75.0,2.0,2.15625,397,2.15625,1.89260275
109.0,18.0,90.0,5.1054688,4.75,397,4.75,4.65510875
109.0,19.0,105.0,5.1152344,4.5,397,4.5,4.51555275
109.0,20.0,120.0,5.2695312,4.3125,397,4.3125,4.491645
109.0,21.0,135.0,5.4003906,4.1875,397,4.1875,4.47012175
109.0,22.0,150.0,5.5,4.15625,397,4.15625,4.41402325
109.0,23.0,165.0,5.5429688,4.15625,397,4.15625,4.3444335
109.0,24.0,180.0,5.6464844,4.09375,397,4.09375,4.24823775
43.0,1.0,-165.0,0.39746094,0.15625,398,0.15625,0.2872695
43.0,2.0,-150.0,0.00390625,0.0,398,0.0,0.0
43.0,3.0,-135.0,0.4033203,0.625,398,0.625,0.473637
43.0,4.0,-120.0,1.4560547,1.875,398,1.875,1.56630275
43.0,5.0,-105.0,2.578125,3.375,398,3.375,2.93387625
43.0,6.0,-90.0,3.2402344,4.375,398,4.375,3.876193
43.0,7.0,-75.0,3.2050781,3.6875,398,3.6875,3.30435225
43.0,8.0,-60.0,2.180664,2.21875,398,2.21875,2.0588275
43.0,9.0,-45.0,1.1689453,0.9375,398,0.9375,1.015044
43.0,10.0,-30.0,0.70214844,0.21875,398,0.21875,0.49716825
43.0,11.0,-15.0,0.7998047,0.09375,398,0.09375,0.53946175
43.0,12.0,0.0,0.96777344,0.25,398,0.25,0.74503075
43.0,13.0,15.0,0.7998047,0.09375,398,0.09375,0.53946175
43.0,14.0,30.0,0.7001953,0.21875,398,0.21875,0.49716825
43.0,15.0,45.0,1.1679688,0.9375,398,0.9375,1.015295
43.0,16.0,60.0,2.180664,2.21875,398,2.21875,2.05889025
43.0,17.0,75.0,3.2128906,3.6875,398,3.6875,3.31175675
43.0,18.0,90.0,3.243164,4.375,398,4.375,3.87675775
43.0,19.0,105.0,2.5791016,3.375,398,3.375,2.9363235
43.0,20.0,120.0,1.4560547,1.875,398,1.875,1.56630275
43.0,21.0,135.0,0.40039062,0.625,398,0.625,0.47332325
43.0,22.0,150.0,0.0,0.0,398,0.0,0.00094125
43.0,23.0,165.0,0.3984375,0.15625,398,0.15625,0.28733225
43.0,24.0,180.0,1.3017578,1.0,398,1.0,1.24288925
442.0,1.0,-165.0,1.4433594,1.75,399,1.75,1.63470025
442.0,2.0,-150.0,0.89941406,0.96875,399,0.96875,0.92085625
442.0,3.0,-135.0,0.29101562,0.28125,399,0.28125,0.2724605
442.0,4.0,-120.0,0.0,0.0,399,0.0,0.0
442.0,5.0,-105.0,0.2475586,0.203125,399,0.203125,0.1748215
442.0,6.0,-90.0,0.9433594,0.828125,399,0.828125,0.7518705
442.0,7.0,-75.0,1.5849609,1.625,399,1.625,1.48347275
442.0,8.0,-60.0,1.878418,2.21875,399,2.21875,2.007247
442.0,9.0,-45.0,1.7607422,2.265625,399,2.265625,1.97907225
442.0,10.0,-30.0,1.2700195,1.703125,399,1.703125,1.361675
442.0,11.0,-15.0,0.6328125,1.046875,399,1.046875,0.63358675
442.0,12.0,0.0,0.36279297,0.765625,399,0.765625,0.32372725
442.0,13.0,15.0,0.6333008,1.046875,399,1.046875,0.6336495
442.0,14.0,30.0,1.2709961,1.703125,399,1.703125,1.361675
442.0,15.0,45.0,1.7607422,2.265625,399,2.265625,1.97907225
442.0,16.0,60.0,1.8774414,2.21875,399,2.21875,2.00718425
442.0,17.0,75.0,1.5854492,1.625,399,1.625,1.48347275
442.0,18.0,90.0,0.9428711,0.828125,399,0.828125,0.75193325
442.0,19.0,105.0,0.2475586,0.203125,399,0.203125,0.17488425
442.0,20.0,120.0,0.0,0.0,399,0.0,6.27e-05
442.0,21.0,135.0,0.29638672,0.28125,399,0.28125,0.272837
442.0,22.0,150.0,0.89941406,0.96875,399,0.96875,0.92085625
442.0,23.0,165.0,1.4438477,1.75,399,1.75,1.63470025
442.0,24.0,180.0,1.6743164,2.109375,399,2.109375,1.97580925
309.0,1.0,-165.0,0.9238281,0.875,400,0.875,0.889795
309.0,2.0,-150.0,0.17773438,0.15625,400,0.15625,0.179967
309.0,3.0,-135.0,0.00390625,0.0,400,0.0,0.00282375
309.0,4.0,-120.0,0.30371094,0.34375,400,0.34375,0.3091065
309.0,5.0,-105.0,0.59375,0.875,400,0.875,0.7932855
309.0,6.0,-90.0,0.6982422,1.125,400,1.125,1.030857
309.0,7.0,-75.0,0.59765625,0.875,400,0.875,0.79196775
309.0,8.0,-60.0,0.30371094,0.34375,400,0.34375,0.309734
309.0,9.0,-45.0,0.0,0.0,400,0.0,0.0018825
309.0,10.0,-30.0,0.17871094,0.15625,400,0.15625,0.180218
309.0,11.0,-15.0,0.9160156,0.875,400,0.875,0.87479775
309.0,12.0,0.0,1.5800781,1.5,400,1.5,1.4883045
309.0,13.0,15.0,0.9189453,0.875,400,0.875,0.87630375
309.0,14.0,30.0,0.1796875,0.15625,400,0.15625,0.1803435
309.0,15.0,45.0,0.0,0.0,400,0.0,0.0018825
309.0,16.0,60.0,0.30566406,0.34375,400,0.34375,0.3081025
309.0,17.0,75.0,0.5908203,0.875,400,0.875,0.79008525
309.0,18.0,90.0,0.7011719,1.125,400,1.125,1.029602
309.0,19.0,105.0,0.5917969,0.875,400,0.875,0.7925325
309.0,20.0,120.0,0.3046875,0.34375,400,0.34375,0.30916925
309.0,21.0,135.0,0.0009765625,0.0,400,0.0,0.0
309.0,22.0,150.0,0.16992188,0.15625,400,0.15625,0.1773315
309.0,23.0,165.0,0.9169922,0.875,400,0.875,0.886783
309.0,24.0,180.0,1.5800781,1.5,400,1.5,1.4920695
271.0,1.0,-165.0,1.7832031,0.15625,401,0.15625,1.2438305
271.0,2.0,-150.0,1.4775391,0.0625,401,0.0625,0.83463775
271.0,3.0,-135.0,1.1972656,0.0,401,0.0,0.448537
271.0,4.0,-120.0,0.97558594,0.0625,401,0.0625,0.25783975
271.0,5.0,-105.0,0.6982422,0.125,401,0.125,0.1856145
271.0,6.0,-90.0,0.36914062,0.0625,401,0.0625,0.04687425
271.0,7.0,-75.0,0.0,0.09375,401,0.09375,0.000251
271.0,8.0,-60.0,0.40820312,0.5625,401,0.5625,0.5708995
271.0,9.0,-45.0,1.8496094,1.0,401,1.0,1.31768725
271.0,10.0,-30.0,2.9433594,1.96875,401,1.96875,2.3374375
271.0,11.0,-15.0,4.7226562,3.65625,401,3.65625,4.093559
271.0,12.0,0.0,8.261719,6.34375,401,6.34375,7.8388555
271.0,13.0,15.0,4.7285156,3.65625,401,3.65625,4.09199025
271.0,14.0,30.0,2.9453125,1.96875,401,1.96875,2.33825325
271.0,15.0,45.0,1.8417969,1.0,401,1.0,1.31643225
271.0,16.0,60.0,0.4091797,0.5625,401,0.5625,0.571025
271.0,17.0,75.0,0.001953125,0.09375,401,0.09375,0.0
271.0,18.0,90.0,0.37304688,0.0625,401,0.0625,0.0468115
271.0,19.0,105.0,0.6953125,0.125,401,0.125,0.18574
271.0,20.0,120.0,0.97558594,0.0625,401,0.0625,0.25809075
271.0,21.0,135.0,1.1972656,0.0,401,0.0,0.448286
271.0,22.0,150.0,1.4833984,0.0625,401,0.0625,0.835077
271.0,23.0,165.0,1.7832031,0.15625,401,0.15625,1.24389325
271.0,24.0,180.0,1.765625,0.09375,401,0.09375,1.3377045
278.0,1.0,-165.0,3.3896484,3.46875,402,3.46875,2.85167375
278.0,2.0,-150.0,5.086914,4.96875,402,4.96875,4.28457
278.0,3.0,-135.0,7.616211,7.28125,402,7.28125,6.602806
278.0,4.0,-120.0,10.436523,10.28125,402,10.28125,9.50342475
278.0,5.0,-105.0,13.013672,13.4375,402,13.4375,12.418476
278.0,6.0,-90.0,13.045898,15.25,402,15.25,13.70667075
278.0,7.0,-75.0,10.947266,12.65625,402,12.65625,11.56852725
278.0,8.0,-60.0,8.694336,9.28125,402,9.28125,8.767179
278.0,9.0,-45.0,5.8789062,6.03125,402,6.03125,5.95089625
278.0,10.0,-30.0,3.5810547,3.59375,402,3.59375,3.811435
278.0,11.0,-15.0,2.3925781,2.1875,402,2.1875,2.5066115
278.0,12.0,0.0,2.2324219,1.71875,402,1.71875,2.02412675
278.0,13.0,15.0,2.8427734,2.21875,402,2.21875,2.43024475
278.0,14.0,30.0,4.21875,3.75,402,3.75,3.8185885
278.0,15.0,45.0,6.6376953,6.28125,402,6.28125,6.13989925
278.0,16.0,60.0,9.790039,9.71875,402,9.71875,9.32621875
278.0,17.0,75.0,12.6171875,13.59375,402,13.59375,12.81926025
278.0,18.0,90.0,10.828125,13.34375,402,13.34375,12.06701325
278.0,19.0,105.0,8.041992,10.21875,402,10.21875,9.15440925
278.0,20.0,120.0,5.564453,6.90625,402,6.90625,6.1882795
278.0,21.0,135.0,3.4736328,4.03125,402,4.03125,3.668616
278.0,22.0,150.0,1.7919922,1.875,402,1.875,1.79948175
278.0,23.0,165.0,0.6035156,0.5625,402,0.5625,0.600141
278.0,24.0,180.0,0.0,0.0,402,0.0,0.0
122.0,1.0,-165.0,0.115234375,0.28125,403,0.28125,0.12380575
122.0,2.0,-150.0,1.1923828,1.40625,403,1.40625,1.15303125
122.0,3.0,-135.0,2.1777344,2.40625,403,2.40625,2.0666085
122.0,4.0,-120.0,2.5498047,2.84375,403,2.84375,2.389269
122.0,5.0,-105.0,2.1201172,2.40625,403,2.40625,2.021303
122.0,6.0,-90.0,1.1728516,1.40625,403,1.40625,1.14198725
122.0,7.0,-75.0,0.12207031,0.3125,403,0.3125,0.151102
122.0,8.0,-60.0,0.0,0.0,403,0.0,0.0
122.0,9.0,-45.0,0.10449219,0.28125,403,0.28125,0.131022
122.0,10.0,-30.0,1.1875,1.4375,403,1.4375,1.161126
122.0,11.0,-15.0,2.1777344,2.40625,403,2.40625,2.06127475
122.0,12.0,0.0,2.5732422,2.875,403,2.875,2.39610875
122.0,13.0,15.0,2.1826172,2.40625,403,2.40625,2.06516525
122.0,14.0,30.0,1.2255859,1.46875,403,1.46875,1.170915
122.0,15.0,45.0,0.11621094,0.28125,403,0.28125,0.130771
122.0,16.0,60.0,0.005859375,0.0,403,0.0,0.0023845
122.0,17.0,75.0,0.12207031,0.3125,403,0.3125,0.14990975
122.0,18.0,90.0,1.1738281,1.40625,403,1.40625,1.140293
122.0,19.0,105.0,2.1357422,2.375,403,2.375,2.0239385
122.0,20.0,120.0,2.5498047,2.84375,403,2.84375,2.38795125
122.0,21.0,135.0,2.1845703,2.40625,403,2.40625,2.06993425
122.0,22.0,150.0,1.1904297,1.40625,403,1.40625,1.15190175
122.0,23.0,165.0,0.1171875,0.28125,403,0.28125,0.1263785
122.0,24.0,180.0,0.02734375,0.03125,403,0.03125,0.030371
192.0,1.0,-165.0,5.5966797,5.59375,404,5.59375,4.6900605
192.0,2.0,-150.0,6.8339844,6.6875,404,6.6875,5.62497275
192.0,3.0,-135.0,8.901367,8.625,404,8.625,7.26274775
192.0,4.0,-120.0,11.693359,11.34375,404,11.34375,9.7815955
192.0,5.0,-105.0,13.011719,14.9375,404,14.9375,13.17342125
192.0,6.0,-90.0,13.083008,15.4375,404,15.4375,13.10188625
192.0,7.0,-75.0,10.6328125,11.90625,404,11.90625,10.348479
192.0,8.0,-60.0,7.609375,7.875,404,7.875,7.0622615
192.0,9.0,-45.0,4.345703,4.40625,404,4.40625,4.02384375
192.0,10.0,-30.0,1.9160156,1.90625,404,1.90625,1.90439975
192.0,11.0,-15.0,0.7871094,0.53125,404,0.53125,0.80815725
192.0,12.0,0.0,0.0,0.0,404,0.0,0.0
192.0,13.0,15.0,0.78027344,0.53125,404,0.53125,0.81073
192.0,14.0,30.0,1.9423828,1.9375,404,1.9375,1.91757725
192.0,15.0,45.0,4.3935547,4.375,404,4.375,4.0344485
192.0,16.0,60.0,7.6083984,7.875,404,7.875,7.0592495
192.0,17.0,75.0,10.5546875,11.9375,404,11.9375,10.322626
192.0,18.0,90.0,13.05957,15.4375,404,15.4375,13.08205725
192.0,19.0,105.0,13.0234375,14.9375,404,14.9375,13.17417425
192.0,20.0,120.0,12.081055,11.34375,404,11.34375,9.97066125
192.0,21.0,135.0,9.015625,8.625,404,8.625,7.37143075
192.0,22.0,150.0,6.836914,6.6875,404,6.6875,5.62459625
192.0,23.0,165.0,5.600586,5.59375,404,5.59375,4.6918175
192.0,24.0,180.0,5.265625,5.3125,404,5.3125,4.429899
104.0,1.0,-165.0,1.9501953,1.1875,405,1.1875,1.1604985
104.0,2.0,-150.0,2.5957031,1.78125,405,1.78125,1.78467275
104.0,3.0,-135.0,3.1523438,2.40625,405,2.40625,2.389269
104.0,4.0,-120.0,3.2441406,2.5625,405,2.5625,2.530582
104.0,5.0,-105.0,2.7929688,2.03125,405,2.03125,2.01873025
104.0,6.0,-90.0,1.9082031,1.09375,405,1.09375,1.1484505
104.0,7.0,-75.0,0.0,0.0,405,0.0,0.1185975
104.0,8.0,-60.0,0.056640625,0.1875,405,0.1875,0.0
104.0,9.0,-45.0,0.7910156,1.03125,405,1.03125,0.61815025
104.0,10.0,-30.0,1.859375,2.25,405,2.25,1.7887515
104.0,11.0,-15.0,2.8154297,3.3125,405,3.3125,2.850105
104.0,12.0,0.0,3.243164,3.6875,405,3.6875,3.23595475
104.0,13.0,15.0,2.8115234,3.3125,405,3.3125,2.850858
104.0,14.0,30.0,1.8564453,2.25,405,2.25,1.789379
104.0,15.0,45.0,0.7949219,1.03125,405,1.03125,0.61865225
104.0,16.0,60.0,0.057617188,0.1875,405,0.1875,0.0
104.0,17.0,75.0,0.0029296875,0.0,405,0.0,0.11928775
104.0,18.0,90.0,1.9140625,1.09375,405,1.09375,1.15001925
104.0,19.0,105.0,2.7978516,2.03125,405,2.03125,2.0199225
104.0,20.0,120.0,3.243164,2.5625,405,2.5625,2.53252725
104.0,21.0,135.0,3.15625,2.40625,405,2.40625,2.3881395
104.0,22.0,150.0,2.6035156,1.78125,405,1.78125,1.78668075
104.0,23.0,165.0,1.9472656,1.1875,405,1.1875,1.15943175
104.0,24.0,180.0,1.6162109,0.96875,405,0.96875,0.8886655
148.0,1.0,-165.0,0.03125,0.0,406,0.0,0.0
148.0,2.0,-150.0,0.63183594,0.65625,406,0.65625,0.46152625
148.0,3.0,-135.0,1.7929688,1.96875,406,1.96875,1.75241925
148.0,4.0,-120.0,3.006836,3.34375,406,3.34375,3.2455555
148.0,5.0,-105.0,1.6572266,1.8125,406,1.8125,1.5779115
148.0,6.0,-90.0,0.57421875,0.5625,406,0.5625,0.3926895
148.0,7.0,-75.0,0.020507812,0.0,406,0.0,0.018574
148.0,8.0,-60.0,0.84277344,0.71875,406,0.71875,1.004502
148.0,9.0,-45.0,3.1171875,2.90625,406,2.90625,3.3421905
148.0,10.0,-30.0,6.149414,5.53125,406,5.53125,6.102814
148.0,11.0,-15.0,2.8076172,2.71875,406,2.71875,3.127711
148.0,12.0,0.0,0.83203125,0.78125,406,0.78125,1.00971025
148.0,13.0,15.0,0.005859375,0.0,406,0.0,0.06456975
148.0,14.0,30.0,0.4873047,0.34375,406,0.34375,0.252255
148.0,15.0,45.0,1.5283203,1.46875,406,1.46875,1.322268
148.0,16.0,60.0,2.734375,2.90625,406,2.90625,2.850858
148.0,17.0,75.0,1.4072266,1.34375,406,1.34375,1.18917525
148.0,18.0,90.0,0.43945312,0.28125,406,0.28125,0.20437675
148.0,19.0,105.0,0.0,0.03125,406,0.03125,0.0970115
148.0,20.0,120.0,1.0087891,0.9375,406,0.9375,1.19168525
148.0,21.0,135.0,3.3642578,3.125,406,3.125,3.537845
148.0,22.0,150.0,5.8310547,5.4375,406,5.4375,5.99180925
148.0,23.0,165.0,2.665039,2.53125,406,2.53125,2.944983
148.0,24.0,180.0,0.6845703,0.59375,406,0.59375,0.8336965
108.0,1.0,-165.0,1.9667969,0.5,407,0.5,1.354145
108.0,2.0,-150.0,2.5302734,0.875,407,0.875,1.913373
108.0,3.0,-135.0,3.0517578,1.125,407,1.125,2.20735675
108.0,4.0,-120.0,2.8515625,1.03125,407,1.03125,1.7689225
108.0,5.0,-105.0,0.953125,0.5625,407,0.5625,0.7312885
108.0,6.0,-90.0,0.2763672,0.0,407,0.0,0.095882
108.0,7.0,-75.0,0.04296875,0.03125,407,0.03125,0.0
108.0,8.0,-60.0,0.0,0.65625,407,0.65625,0.22684125
108.0,9.0,-45.0,0.6796875,1.5625,407,1.5625,1.12027575
108.0,10.0,-30.0,2.1132812,2.90625,407,2.90625,2.4147455
108.0,11.0,-15.0,3.8076172,4.25,407,4.25,3.82630675
108.0,12.0,0.0,5.245117,5.34375,407,5.34375,5.06687425
108.0,13.0,15.0,3.7490234,4.28125,407,4.28125,4.02447125
108.0,14.0,30.0,2.1611328,2.9375,407,2.9375,2.63907675
108.0,15.0,45.0,0.87597656,1.6875,407,1.6875,1.37729975
108.0,16.0,60.0,0.203125,0.78125,407,0.78125,0.5927365
108.0,17.0,75.0,0.34765625,0.28125,407,0.28125,0.385787
108.0,18.0,90.0,1.0917969,0.3125,407,0.3125,0.63270825
108.0,19.0,105.0,2.2988281,0.8125,407,0.8125,1.30777275
108.0,20.0,120.0,3.086914,1.125,407,1.125,2.039375
108.0,21.0,135.0,3.196289,1.15625,407,1.15625,2.3309115
108.0,22.0,150.0,2.5810547,0.90625,407,0.90625,1.90188975
108.0,23.0,165.0,2.0146484,0.53125,407,0.53125,1.3462385
108.0,24.0,180.0,1.7128906,0.34375,407,0.34375,1.1050275
19.0,1.0,-165.0,0.48339844,0.59375,408,0.59375,0.49829775
19.0,2.0,-150.0,1.8857422,2.03125,408,2.03125,1.90603125
19.0,3.0,-135.0,3.9208984,3.9375,408,3.9375,3.86019175
19.0,4.0,-120.0,5.9521484,5.8125,408,5.8125,5.58958175
19.0,5.0,-105.0,7.616211,7.5625,408,7.5625,7.08290625
19.0,6.0,-90.0,8.993164,9.0625,408,9.0625,8.478529
19.0,7.0,-75.0,9.271484,9.6875,408,9.6875,9.223999
19.0,8.0,-60.0,8.094727,8.96875,408,8.96875,8.504884
19.0,9.0,-45.0,6.317383,7.46875,408,7.46875,6.93895775
19.0,10.0,-30.0,4.411133,6.0,408,6.0,5.31762325
19.0,11.0,-15.0,3.1083984,5.0,408,5.0,4.19126075
19.0,12.0,0.0,2.7392578,4.6875,408,4.6875,3.841806
19.0,13.0,15.0,3.3339844,5.21875,408,5.21875,4.35290475
19.0,14.0,30.0,4.635742,6.34375,408,6.34375,5.59121325
19.0,15.0,45.0,6.0966797,7.75,408,7.75,7.13662025
19.0,16.0,60.0,7.453125,8.625,408,8.625,8.25921775
19.0,17.0,75.0,8.28418,8.96875,408,8.96875,8.5948675
19.0,18.0,90.0,8.511719,8.78125,408,8.78125,8.49515775
19.0,19.0,105.0,7.9179688,7.9375,408,7.9375,7.84444025
19.0,20.0,120.0,6.4746094,6.375,408,6.375,6.32112125
19.0,21.0,135.0,4.3671875,4.15625,408,4.15625,4.1541755
19.0,22.0,150.0,2.209961,2.0,408,2.0,2.05010525
19.0,23.0,165.0,0.6142578,0.5,408,0.5,0.54611325
19.0,24.0,180.0,0.0,0.0,408,0.0,0.0
42.0,1.0,-165.0,4.0058594,4.75,409,4.75,4.248175
42.0,2.0,-150.0,3.9658203,4.3125,409,4.3125,4.121169
42.0,3.0,-135.0,3.8779297,5.09375,409,5.09375,4.02233775
42.0,4.0,-120.0,3.3251953,2.90625,409,2.90625,2.90212475
42.0,5.0,-105.0,1.5429688,1.125,409,1.125,1.36462425
42.0,6.0,-90.0,0.46289062,0.09375,409,0.09375,0.30038425
42.0,7.0,-75.0,0.0,0.0,409,0.0,0.0
42.0,8.0,-60.0,0.5048828,0.6875,409,0.6875,0.4275785
42.0,9.0,-45.0,1.3544922,1.75,409,1.75,1.27508
42.0,10.0,-30.0,0.63671875,2.4375,409,2.4375,1.151086
42.0,11.0,-15.0,2.5732422,3.28125,409,3.28125,2.385755
42.0,12.0,0.0,3.2548828,3.9375,409,3.9375,2.91818875
42.0,13.0,15.0,3.9873047,4.75,409,4.75,4.228346
42.0,14.0,30.0,4.013672,4.375,409,4.375,4.14131175
42.0,15.0,45.0,3.9384766,5.28125,409,5.28125,4.0843975
42.0,16.0,60.0,3.296875,2.875,409,2.875,2.83184475
42.0,17.0,75.0,1.5068359,1.03125,409,1.03125,1.24037925
42.0,18.0,90.0,0.40527344,0.0625,409,0.0625,0.228159
42.0,19.0,105.0,0.0029296875,0.0,409,0.0,0.01361675
42.0,20.0,120.0,0.45996094,0.59375,409,0.59375,0.3957015
42.0,21.0,135.0,1.3330078,1.53125,409,1.53125,1.1542235
42.0,22.0,150.0,1.9111328,2.46875,409,2.46875,1.8660595
42.0,23.0,165.0,2.5126953,3.21875,409,3.21875,2.355635
42.0,24.0,180.0,3.2490234,3.96875,409,3.96875,2.969079
72.0,1.0,-165.0,0.01171875,0.125,410,0.125,0.03118675
72.0,2.0,-150.0,0.8046875,0.875,410,0.875,0.8060865
72.0,3.0,-135.0,1.6757812,1.71875,410,1.71875,1.673417
72.0,4.0,-120.0,2.1386719,2.0625,410,2.0625,2.0266995
72.0,5.0,-105.0,2.243164,1.96875,410,1.96875,1.90276825
72.0,6.0,-90.0,1.9208984,1.5625,410,1.5625,1.529845
72.0,7.0,-75.0,1.1201172,0.9375,410,0.9375,0.9730015
72.0,8.0,-60.0,0.5732422,0.4375,410,0.4375,0.6627655
72.0,9.0,-45.0,0.33496094,0.3125,410,0.3125,0.72495075
72.0,10.0,-30.0,0.3076172,0.34375,410,0.34375,0.789395
72.0,11.0,-15.0,0.3330078,0.46875,410,0.46875,0.97293875
72.0,12.0,0.0,0.9140625,0.875,410,0.875,1.5673695
72.0,13.0,15.0,0.32910156,0.46875,410,0.46875,0.970868
72.0,14.0,30.0,0.30664062,0.34375,410,0.34375,0.78770075
72.0,15.0,45.0,0.33496094,0.3125,410,0.3125,0.72557825
72.0,16.0,60.0,0.57128906,0.4375,410,0.4375,0.6647735
72.0,17.0,75.0,1.1162109,0.9375,410,0.9375,0.96892275
72.0,18.0,90.0,1.9169922,1.5625,410,1.5625,1.5297195
72.0,19.0,105.0,2.2441406,1.96875,410,1.96875,1.90258
72.0,20.0,120.0,2.1376953,2.0625,410,2.0625,2.0274525
72.0,21.0,135.0,1.6787109,1.71875,410,1.71875,1.67448375
72.0,22.0,150.0,0.7988281,0.875,410,0.875,0.80112925
72.0,23.0,165.0,0.0,0.125,410,0.125,0.02340575
72.0,24.0,180.0,0.10253906,0.0,410,0.0,0.0
89.0,1.0,-165.0,0.5800781,0.53125,411,0.53125,0.53293575
89.0,2.0,-150.0,2.40625,2.125,411,2.125,2.0723815
89.0,3.0,-135.0,5.044922,4.40625,411,4.40625,4.20857975
89.0,4.0,-120.0,7.513672,6.75,411,6.75,6.2771335
89.0,5.0,-105.0,9.5625,8.84375,411,8.84375,8.00620975
89.0,6.0,-90.0,10.816406,10.96875,411,10.96875,9.91079775
89.0,7.0,-75.0,11.722656,12.25,411,12.25,10.9148605
89.0,8.0,-60.0,13.660156,14.40625,411,14.40625,12.8478115
89.0,9.0,-45.0,13.482422,13.8125,411,13.8125,12.19075625
89.0,10.0,-30.0,13.041016,13.0625,411,13.0625,11.27222175
89.0,11.0,-15.0,13.425781,13.1875,411,13.1875,11.0968355
89.0,12.0,0.0,14.888672,14.0625,411,14.0625,11.74749025
89.0,13.0,15.0,16.570312,15.53125,411,15.53125,12.985987
89.0,14.0,30.0,8.59375,9.71875,411,9.71875,7.54763275
89.0,15.0,45.0,7.9160156,9.1875,411,9.1875,7.1784745
89.0,16.0,60.0,7.392578,9.1875,411,9.1875,7.26965025
89.0,17.0,75.0,7.7382812,8.875,411,8.875,7.15255875
89.0,18.0,90.0,8.019531,8.0625,411,8.0625,6.743115
89.0,19.0,105.0,7.7714844,7.15625,411,7.15625,6.3019825
89.0,20.0,120.0,6.357422,5.5,411,5.5,5.04930425
89.0,21.0,135.0,4.0742188,3.40625,411,3.40625,3.15663875
89.0,22.0,150.0,1.6777344,1.34375,411,1.34375,1.17750375
89.0,23.0,165.0,0.72265625,0.6875,411,0.6875,0.59192075
89.0,24.0,180.0,0.0,0.0,411,0.0,0.0
485.0,1.0,-165.0,5.4003906,5.125,412,5.125,4.7525595
485.0,2.0,-150.0,4.3183594,4.25,412,4.25,3.870169
485.0,3.0,-135.0,3.9160156,4.1875,412,4.1875,3.721326
485.0,4.0,-120.0,4.2070312,4.5625,412,4.5625,4.02058075
485.0,5.0,-105.0,4.548828,4.9375,412,4.9375,4.10341075
485.0,6.0,-90.0,4.126953,4.5,412,4.5,3.47791875
485.0,7.0,-75.0,3.0253906,3.0,412,3.0,2.10971775
485.0,8.0,-60.0,1.6601562,1.25,412,1.25,0.7388185
485.0,9.0,-45.0,0.5,0.1875,412,0.1875,0.0018825
485.0,10.0,-30.0,0.009765625,0.0,412,0.0,0.15568275
485.0,11.0,-15.0,0.31054688,0.5,412,0.5,1.05752575
485.0,12.0,0.0,1.2363281,1.4375,412,1.4375,2.36699275
485.0,13.0,15.0,0.3203125,0.5,412,0.5,1.06279675
485.0,14.0,30.0,0.0,0.0,412,0.0,0.14809
485.0,15.0,45.0,0.5078125,0.1875,412,0.1875,0.0
485.0,16.0,60.0,1.6582031,1.25,412,1.25,0.7373125
485.0,17.0,75.0,3.0253906,3.0,412,3.0,2.10971775
485.0,18.0,90.0,4.123047,4.5,412,4.5,3.4764755
485.0,19.0,105.0,4.5429688,4.9375,412,4.9375,4.1037245
485.0,20.0,120.0,4.201172,4.5625,412,4.5625,4.01982775
485.0,21.0,135.0,3.9101562,4.1875,412,4.1875,3.7206985
485.0,22.0,150.0,4.3203125,4.25,412,4.25,3.8700435
485.0,23.0,165.0,5.40625,5.125,412,5.125,4.758207
485.0,24.0,180.0,6.6757812,6.5625,412,6.5625,6.1636815
466.0,1.0,-165.0,2.53125,1.3125,413,1.3125,1.3482465
466.0,2.0,-150.0,2.6914062,1.71875,413,1.71875,1.584814
466.0,3.0,-135.0,2.6240234,2.1875,413,2.1875,1.7571255
466.0,4.0,-120.0,2.125,1.90625,413,1.90625,1.8753465
466.0,5.0,-105.0,1.2236328,1.375,413,1.375,1.25631775
466.0,6.0,-90.0,1.2666016,1.9375,413,1.9375,1.057212
466.0,7.0,-75.0,0.7138672,1.8125,413,1.8125,0.44885075
466.0,8.0,-60.0,0.0,1.15625,413,1.15625,0.0681465
466.0,9.0,-45.0,1.3466797,2.21875,413,2.21875,1.0051295
466.0,10.0,-30.0,3.1992188,3.6875,413,3.6875,2.37289125
466.0,11.0,-15.0,4.970703,4.90625,413,4.90625,3.53916275
466.0,12.0,0.0,5.7558594,5.40625,413,5.40625,3.9189885
466.0,13.0,15.0,5.140625,5.15625,413,5.15625,3.47992675
466.0,14.0,30.0,3.7421875,4.3125,413,4.3125,2.5819115
466.0,15.0,45.0,1.3701172,2.21875,413,2.21875,1.01372625
466.0,16.0,60.0,1.4130859,2.1875,413,2.1875,0.97130725
466.0,17.0,75.0,1.3369141,1.625,413,1.625,0.83313175
466.0,18.0,90.0,0.27539062,0.625,413,0.625,0.25696125
466.0,19.0,105.0,1.2158203,1.375,413,1.375,1.26472625
466.0,20.0,120.0,2.118164,1.90625,413,1.90625,1.87641325
466.0,21.0,135.0,2.6171875,2.1875,413,2.1875,1.75681175
466.0,22.0,150.0,2.6894531,1.71875,413,1.71875,1.58412375
466.0,23.0,165.0,2.5126953,1.3125,413,1.3125,1.35470975
466.0,24.0,180.0,0.5107422,0.0,413,0.0,0.0
176.0,1.0,-165.0,0.00390625,0.0,414,0.0,0.020582
176.0,2.0,-150.0,0.09667969,0.125,414,0.125,0.02466075
176.0,3.0,-135.0,0.7832031,0.875,414,0.875,0.6876145
176.0,4.0,-120.0,1.9833984,2.125,414,2.125,1.87453075
176.0,5.0,-105.0,3.1132812,3.375,414,3.375,3.04895975
176.0,6.0,-90.0,3.6074219,3.875,414,3.875,3.53815875
176.0,7.0,-75.0,3.1445312,3.25,414,3.25,2.998446
176.0,8.0,-60.0,1.9775391,2.0,414,2.0,1.78090775
176.0,9.0,-45.0,0.74609375,0.75,414,0.75,0.608424
176.0,10.0,-30.0,0.07421875,0.0625,414,0.0625,0.0
176.0,11.0,-15.0,0.01171875,0.0625,414,0.0625,0.0370225
176.0,12.0,0.0,0.1171875,0.1875,414,0.1875,0.216111
176.0,13.0,15.0,0.0126953125,0.0625,414,0.0625,0.0370225
176.0,14.0,30.0,0.07714844,0.0625,414,0.0625,0.0026355
176.0,15.0,45.0,0.74609375,0.75,414,0.75,0.608424
176.0,16.0,60.0,1.9785156,2.0,414,2.0,1.78090775
176.0,17.0,75.0,3.1445312,3.25,414,3.25,2.99875975
176.0,18.0,90.0,3.6083984,3.875,414,3.875,3.53815875
176.0,19.0,105.0,3.1142578,3.375,414,3.375,3.048897
176.0,20.0,120.0,1.9833984,2.125,414,2.125,1.87453075
176.0,21.0,135.0,0.7841797,0.875,414,0.875,0.68830475
176.0,22.0,150.0,0.09765625,0.125,414,0.125,0.021586
176.0,23.0,165.0,0.0,0.0,414,0.0,0.02026825
176.0,24.0,180.0,0.12109375,0.1875,414,0.1875,0.22219775
459.0,1.0,-165.0,1.3417969,1.78125,415,1.78125,0.5212015
459.0,2.0,-150.0,1.3769531,1.875,415,1.875,0.757016
459.0,3.0,-135.0,1.5644531,2.125,415,2.125,1.144058
459.0,4.0,-120.0,0.6464844,1.65625,415,1.65625,1.1881085
459.0,5.0,-105.0,0.3623047,1.0,415,1.0,0.89487775
459.0,6.0,-90.0,0.12597656,0.34375,415,0.34375,0.423688
459.0,7.0,-75.0,0.0,0.0,415,0.0,0.0
459.0,8.0,-60.0,0.15332031,0.09375,415,0.09375,0.01035375
459.0,9.0,-45.0,0.7363281,0.875,415,0.875,0.6720525
459.0,10.0,-30.0,1.71875,2.0625,415,2.0625,1.78366875
459.0,11.0,-15.0,2.6894531,3.25,415,3.25,2.874452
459.0,12.0,0.0,3.0273438,3.875,415,3.875,3.38831175
459.0,13.0,15.0,2.6855469,3.25,415,3.25,2.87175375
459.0,14.0,30.0,1.7216797,2.0625,415,2.0625,1.7852375
459.0,15.0,45.0,0.7373047,0.875,415,0.875,0.66998175
459.0,16.0,60.0,0.15234375,0.09375,415,0.09375,0.00859675
459.0,17.0,75.0,0.0,0.0,415,0.0,0.00043925
459.0,18.0,90.0,0.12597656,0.34375,415,0.34375,0.423688
459.0,19.0,105.0,0.3671875,1.0,415,1.0,0.89713675
459.0,20.0,120.0,0.64941406,1.65625,415,1.65625,1.18716725
459.0,21.0,135.0,1.5625,2.125,415,2.125,1.1481995
459.0,22.0,150.0,1.375,1.875,415,1.875,0.76009075
459.0,23.0,165.0,1.3369141,1.78125,415,1.78125,0.52000925
459.0,24.0,180.0,1.4042969,2.09375,415,2.09375,0.809224
21.0,1.0,-165.0,2.1953125,1.96875,416,1.96875,2.1404025
21.0,2.0,-150.0,2.1699219,2.25,416,2.25,1.9348335
21.0,3.0,-135.0,2.631836,2.90625,416,2.90625,2.09490875
21.0,4.0,-120.0,3.459961,3.875,416,3.875,2.57406775
21.0,5.0,-105.0,4.154297,4.625,416,4.625,2.9353195
21.0,6.0,-90.0,4.040039,4.65625,416,4.65625,2.78992775
21.0,7.0,-75.0,3.1308594,3.75,416,3.75,2.0387475
21.0,8.0,-60.0,1.9589844,2.34375,416,2.34375,1.0367555
21.0,9.0,-45.0,0.9423828,1.0625,416,1.0625,0.260036
21.0,10.0,-30.0,0.3046875,0.28125,416,0.28125,0.0
21.0,11.0,-15.0,0.044921875,0.03125,416,0.03125,0.16409125
21.0,12.0,0.0,0.0,0.0,416,0.0,0.3306925
21.0,13.0,15.0,0.044921875,0.03125,416,0.03125,0.16421675
21.0,14.0,30.0,0.3046875,0.28125,416,0.28125,0.0
21.0,15.0,45.0,0.9423828,1.0625,416,1.0625,0.2601615
21.0,16.0,60.0,1.9589844,2.34375,416,2.34375,1.0367555
21.0,17.0,75.0,3.1308594,3.75,416,3.75,2.03881025
21.0,18.0,90.0,4.040039,4.65625,416,4.65625,2.78980225
21.0,19.0,105.0,4.1523438,4.625,416,4.625,2.9353195
21.0,20.0,120.0,3.4570312,3.875,416,3.875,2.5708675
21.0,21.0,135.0,2.6328125,2.90625,416,2.90625,2.094846
21.0,22.0,150.0,2.1699219,2.25,416,2.25,1.9348335
21.0,23.0,165.0,2.196289,1.96875,416,1.96875,2.1404025
21.0,24.0,180.0,2.2470703,1.9375,416,1.9375,2.31265125
350.0,1.0,-165.0,0.0,0.0,417,0.0,0.0
350.0,2.0,-150.0,0.19042969,0.90625,417,0.90625,0.52402525
350.0,3.0,-135.0,0.83203125,2.71875,417,2.71875,1.82370325
350.0,4.0,-120.0,2.1074219,5.21875,417,5.21875,3.75514825
350.0,5.0,-105.0,3.9833984,8.0,417,8.0,5.95541425
350.0,6.0,-90.0,5.4833984,10.28125,417,10.28125,7.66723425
350.0,7.0,-75.0,3.9824219,7.875,417,7.875,5.8632345
350.0,8.0,-60.0,2.2236328,5.09375,417,5.09375,3.688696
350.0,9.0,-45.0,0.94433594,2.625,417,2.625,1.78366875
350.0,10.0,-30.0,0.23828125,0.875,417,0.875,0.51825225
350.0,11.0,-15.0,0.0068359375,0.0,417,0.0,0.004518
350.0,12.0,0.0,0.14355469,0.0,417,0.0,0.15329825
350.0,13.0,15.0,0.0068359375,0.0,417,0.0,0.0048945
350.0,14.0,30.0,0.23925781,0.875,417,0.875,0.51800125
350.0,15.0,45.0,0.9511719,2.625,417,2.625,1.78931625
350.0,16.0,60.0,2.2509766,5.09375,417,5.09375,3.70331675
350.0,17.0,75.0,3.9785156,7.875,417,7.875,5.86191675
350.0,18.0,90.0,5.4833984,10.28125,417,10.28125,7.666544
350.0,19.0,105.0,3.9814453,8.0,417,8.0,5.95403375
350.0,20.0,120.0,2.1074219,5.21875,417,5.21875,3.755211
350.0,21.0,135.0,0.83203125,2.71875,417,2.71875,1.82357775
350.0,22.0,150.0,0.18847656,0.90625,417,0.90625,0.528857
350.0,23.0,165.0,0.0,0.0,417,0.0,0.0
350.0,24.0,180.0,0.1484375,0.0,417,0.0,0.1529845
167.0,1.0,-165.0,0.0,0.0,418,0.0,0.0
167.0,2.0,-150.0,0.5517578,0.5625,418,0.5625,0.631014
167.0,3.0,-135.0,1.015625,1.25,418,1.25,1.3841395
167.0,4.0,-120.0,1.1601562,1.71875,418,1.71875,1.88206075
167.0,5.0,-105.0,1.1679688,1.875,418,1.875,1.9647025
167.0,6.0,-90.0,0.9042969,1.875,418,1.875,1.7162125
167.0,7.0,-75.0,0.6347656,2.09375,418,2.09375,1.6225895
167.0,8.0,-60.0,1.1494141,3.0625,418,3.0625,2.39673625
167.0,9.0,-45.0,2.7363281,4.625,418,4.625,3.888743
167.0,10.0,-30.0,4.338867,6.15625,418,6.15625,5.1790085
167.0,11.0,-15.0,5.567383,7.53125,418,7.53125,6.43143575
167.0,12.0,0.0,6.1660156,8.53125,418,8.53125,7.33014125
167.0,13.0,15.0,5.5654297,7.53125,418,7.53125,6.4357655
167.0,14.0,30.0,4.3378906,6.15625,418,6.15625,5.1770005
167.0,15.0,45.0,2.7421875,4.625,418,4.625,3.89068825
167.0,16.0,60.0,1.1523438,3.0625,418,3.0625,2.39334775
167.0,17.0,75.0,0.65625,2.09375,418,2.09375,1.639783
167.0,18.0,90.0,0.9121094,1.875,418,1.875,1.717593
167.0,19.0,105.0,1.1660156,1.875,418,1.875,1.9624435
167.0,20.0,120.0,1.1650391,1.71875,418,1.71875,1.88281375
167.0,21.0,135.0,1.0146484,1.25,418,1.25,1.38395125
167.0,22.0,150.0,0.55371094,0.5625,418,0.5625,0.63107675
167.0,23.0,165.0,0.0029296875,0.0,418,0.0,0.001255
167.0,24.0,180.0,0.9560547,0.21875,418,0.21875,0.414903
99.0,1.0,-165.0,0.24121094,0.28125,419,0.28125,0.199294
99.0,2.0,-150.0,0.96484375,1.125,419,1.125,0.7990585
99.0,3.0,-135.0,2.0205078,2.46875,419,2.46875,1.7646555
99.0,4.0,-120.0,3.209961,4.03125,419,4.03125,2.91254125
99.0,5.0,-105.0,4.2890625,5.40625,419,5.40625,3.927397
99.0,6.0,-90.0,4.8398438,6.125,419,6.125,4.44521
99.0,7.0,-75.0,4.7460938,5.75,419,5.75,4.2934805
99.0,8.0,-60.0,4.078125,4.59375,419,4.59375,3.58371525
99.0,9.0,-45.0,3.1035156,3.28125,419,3.28125,2.73219775
99.0,10.0,-30.0,2.2324219,2.25,419,2.25,2.0713775
99.0,11.0,-15.0,1.7324219,1.65625,419,1.65625,1.72116975
99.0,12.0,0.0,1.5927734,1.46875,419,1.46875,1.62792325
99.0,13.0,15.0,1.7324219,1.65625,419,1.65625,1.7212325
99.0,14.0,30.0,2.2324219,2.25,419,2.25,2.07131475
99.0,15.0,45.0,3.100586,3.28125,419,3.28125,2.7300015
99.0,16.0,60.0,4.078125,4.59375,419,4.59375,3.58371525
99.0,17.0,75.0,4.7558594,5.75,419,5.75,4.3015125
99.0,18.0,90.0,4.8427734,6.125,419,6.125,4.44740625
99.0,19.0,105.0,4.286133,5.40625,419,5.40625,3.9265185
99.0,20.0,120.0,3.2148438,4.03125,419,4.03125,2.912855
99.0,21.0,135.0,2.0205078,2.46875,419,2.46875,1.76471825
99.0,22.0,150.0,0.9638672,1.125,419,1.125,0.79899575
99.0,23.0,165.0,0.24121094,0.28125,419,0.28125,0.199294
99.0,24.0,180.0,0.0,0.0,419,0.0,0.0
464.0,1.0,-165.0,0.28125,0.375,420,0.375,0.31544425
464.0,2.0,-150.0,1.1699219,1.5625,420,1.5625,1.265291
464.0,3.0,-135.0,2.6835938,3.4375,420,3.4375,2.84226125
464.0,4.0,-120.0,4.6591797,5.875,420,5.875,4.921859
464.0,5.0,-105.0,6.625,8.4375,420,8.4375,7.2131125
464.0,6.0,-90.0,7.861328,10.3125,420,10.3125,8.8933065
464.0,7.0,-75.0,6.6884766,8.375,420,8.375,7.23338075
464.0,8.0,-60.0,4.7041016,5.75,420,5.75,4.8931195
464.0,9.0,-45.0,2.678711,3.3125,420,3.3125,2.77813075
464.0,10.0,-30.0,1.1494141,1.46875,420,1.46875,1.21565575
464.0,11.0,-15.0,0.27734375,0.375,420,0.375,0.2993175
464.0,12.0,0.0,0.005859375,0.0,420,0.0,0.000753
464.0,13.0,15.0,0.27734375,0.375,420,0.375,0.2993175
464.0,14.0,30.0,1.1464844,1.46875,420,1.46875,1.21565575
464.0,15.0,45.0,2.6816406,3.3125,420,3.3125,2.7781935
464.0,16.0,60.0,4.698242,5.75,420,5.75,4.89293125
464.0,17.0,75.0,6.689453,8.375,420,8.375,7.23802425
464.0,18.0,90.0,7.8632812,10.3125,420,10.3125,8.896444
464.0,19.0,105.0,6.618164,8.4375,420,8.4375,7.21405375
464.0,20.0,120.0,4.6591797,5.875,420,5.875,4.921859
464.0,21.0,135.0,2.6835938,3.4375,420,3.4375,2.8427005
464.0,22.0,150.0,1.171875,1.5625,420,1.5625,1.26485175
464.0,23.0,165.0,0.28808594,0.375,420,0.375,0.315507
464.0,24.0,180.0,0.0,0.0,420,0.0,0.0
250.0,1.0,-165.0,1.7744141,2.5,421,2.5,3.51431375
250.0,2.0,-150.0,1.6132812,0.5,421,0.5,2.059957
250.0,3.0,-135.0,1.3759766,0.375,421,0.375,1.6153105
250.0,4.0,-120.0,2.4365234,1.5,421,1.5,2.0457755
250.0,5.0,-105.0,1.8144531,1.3125,421,1.3125,1.501482
250.0,6.0,-90.0,0.3720703,0.4375,421,0.4375,0.618966
250.0,7.0,-75.0,0.25585938,0.0,421,0.0,0.0929955
250.0,8.0,-60.0,0.0,0.0625,421,0.0625,0.0
250.0,9.0,-45.0,0.46679688,0.9375,421,0.9375,0.86199675
250.0,10.0,-30.0,1.4121094,2.1875,421,2.1875,2.06071
250.0,11.0,-15.0,2.4033203,3.125,421,3.125,3.006729
250.0,12.0,0.0,2.9160156,3.5625,421,3.5625,3.42646375
250.0,13.0,15.0,2.4091797,3.125,421,3.125,3.00955275
250.0,14.0,30.0,1.4707031,2.1875,421,2.1875,2.098109
250.0,15.0,45.0,0.4560547,0.9375,421,0.9375,0.85233325
250.0,16.0,60.0,0.028320312,0.0625,421,0.0625,0.02729625
250.0,17.0,75.0,0.2529297,0.0,421,0.0,0.08992075
250.0,18.0,90.0,0.3701172,0.4375,421,0.4375,0.61890325
250.0,19.0,105.0,0.7470703,0.75,421,0.75,0.75049
250.0,20.0,120.0,1.1044922,1.125,421,1.125,1.1384105
250.0,21.0,135.0,1.2890625,1.75,421,1.75,1.91858125
250.0,22.0,150.0,0.484375,0.4375,421,0.4375,1.1825865
250.0,23.0,165.0,3.399414,2.875,421,2.875,3.04243375
250.0,24.0,180.0,2.9804688,2.625,421,2.625,3.3090585
343.0,1.0,-165.0,3.1464844,3.8125,422,3.8125,3.9232555
343.0,2.0,-150.0,1.6132812,2.25,422,2.25,1.98722975
343.0,3.0,-135.0,1.0039062,1.84375,422,1.84375,1.2049255
343.0,4.0,-120.0,1.2822266,2.5,422,2.5,1.5608435
343.0,5.0,-105.0,0.5830078,1.21875,422,1.21875,0.686736
343.0,6.0,-90.0,1.0126953,1.59375,422,1.59375,0.9915755
343.0,7.0,-75.0,0.56933594,1.125,422,1.125,0.65015275
343.0,8.0,-60.0,0.0,0.34375,422,0.34375,0.0571025
343.0,9.0,-45.0,0.10644531,0.0,422,0.0,0.0
343.0,10.0,-30.0,1.1816406,0.71875,422,0.71875,1.06279675
343.0,11.0,-15.0,2.9375,2.40625,422,2.40625,3.11635325
343.0,12.0,0.0,4.928711,5.9375,422,5.9375,6.402006
343.0,13.0,15.0,3.4365234,4.0,422,4.0,4.1699885
343.0,14.0,30.0,1.8144531,2.375,422,2.375,2.17510325
343.0,15.0,45.0,1.0273438,1.84375,422,1.84375,1.23648875
343.0,16.0,60.0,1.3291016,2.40625,422,2.40625,1.53831625
343.0,17.0,75.0,0.5703125,1.125,422,1.125,0.64965075
343.0,18.0,90.0,1.0126953,1.59375,422,1.59375,0.99088525
343.0,19.0,105.0,0.5830078,1.21875,422,1.21875,0.6868615
343.0,20.0,120.0,1.2871094,2.5,422,2.5,1.5651105
343.0,21.0,135.0,1.0039062,1.84375,422,1.84375,1.2064315
343.0,22.0,150.0,1.6191406,2.25,422,2.25,1.9857865
343.0,23.0,165.0,3.2158203,3.8125,422,3.8125,3.96561175
343.0,24.0,180.0,4.8535156,5.90625,422,5.90625,6.31723075
249.0,1.0,-165.0,0.1953125,0.25,423,0.25,0.16064
249.0,2.0,-150.0,0.8173828,1.03125,423,1.03125,0.72344475
249.0,3.0,-135.0,1.8408203,2.34375,423,2.34375,1.712573
249.0,4.0,-120.0,3.0839844,3.9375,423,3.9375,2.9749775
249.0,5.0,-105.0,4.2470703,5.4375,423,5.4375,4.12311425
249.0,6.0,-90.0,4.7041016,6.0625,423,6.0625,4.61770975
249.0,7.0,-75.0,4.241211,5.46875,423,5.46875,4.15925825
249.0,8.0,-60.0,3.1230469,3.96875,423,3.96875,3.0101175
249.0,9.0,-45.0,1.8759766,2.34375,423,2.34375,1.71935
249.0,10.0,-30.0,0.8310547,1.03125,423,1.03125,0.71478525
249.0,11.0,-15.0,0.19628906,0.25,423,0.25,0.15518075
249.0,12.0,0.0,0.0,0.0,423,0.0,0.00018825
249.0,13.0,15.0,0.19628906,0.25,423,0.25,0.15518075
249.0,14.0,30.0,0.83203125,1.03125,423,1.03125,0.7149735
249.0,15.0,45.0,1.8759766,2.34375,423,2.34375,1.71953825
249.0,16.0,60.0,3.1191406,3.96875,423,3.96875,3.0096155
249.0,17.0,75.0,4.2421875,5.46875,423,5.46875,4.1594465
249.0,18.0,90.0,4.7041016,6.0625,423,6.0625,4.61758425
249.0,19.0,105.0,4.2470703,5.4375,423,5.4375,4.12298875
249.0,20.0,120.0,3.0830078,3.9375,423,3.9375,2.9742245
249.0,21.0,135.0,1.8417969,2.34375,423,2.34375,1.712573
249.0,22.0,150.0,0.8173828,1.03125,423,1.03125,0.7232565
249.0,23.0,165.0,0.1953125,0.25,423,0.25,0.16070275
249.0,24.0,180.0,0.0029296875,0.0,423,0.0,0.0
187.0,1.0,-165.0,3.2890625,4.09375,424,4.09375,3.704509
187.0,2.0,-150.0,0.5185547,0.25,424,0.25,0.1933955
187.0,3.0,-135.0,0.59472656,0.28125,424,0.28125,0.15593375
187.0,4.0,-120.0,0.5029297,0.34375,424,0.34375,0.34217575
187.0,5.0,-105.0,0.0,0.0,424,0.0,0.0
187.0,6.0,-90.0,1.9140625,2.96875,424,2.96875,2.556686
187.0,7.0,-75.0,1.2851562,2.5625,424,2.5625,2.08336275
187.0,8.0,-60.0,1.2050781,2.84375,424,2.84375,2.27613075
187.0,9.0,-45.0,2.2490234,4.0625,424,4.0625,3.540104
187.0,10.0,-30.0,5.057617,5.96875,424,5.96875,5.53624425
187.0,11.0,-15.0,6.234375,7.09375,424,7.09375,6.7053395
187.0,12.0,0.0,6.9121094,7.84375,424,7.84375,7.58942425
187.0,13.0,15.0,6.229492,7.09375,424,7.09375,6.7081005
187.0,14.0,30.0,5.0820312,5.96875,424,5.96875,5.52281575
187.0,15.0,45.0,2.2529297,4.0625,424,4.0625,3.54066875
187.0,16.0,60.0,1.2197266,2.84375,424,2.84375,2.28905725
187.0,17.0,75.0,1.2314453,2.5625,424,2.5625,2.027327
187.0,18.0,90.0,1.9140625,2.96875,424,2.96875,2.5600745
187.0,19.0,105.0,2.4941406,3.46875,424,3.46875,3.20997625
187.0,20.0,120.0,2.6416016,3.59375,424,3.59375,3.367165
187.0,21.0,135.0,3.0361328,3.6875,424,3.6875,3.54468475
187.0,22.0,150.0,3.203125,3.875,424,3.875,3.6303385
187.0,23.0,165.0,3.288086,4.09375,424,4.09375,3.70632875
187.0,24.0,180.0,3.4902344,4.46875,424,4.46875,3.846575
194.0,1.0,-165.0,0.23046875,0.28125,425,0.28125,0.236191
194.0,2.0,-150.0,0.9863281,1.125,425,1.125,0.97532325
194.0,3.0,-135.0,2.196289,2.5,425,2.5,2.17849175
194.0,4.0,-120.0,3.5478516,4.125,425,4.125,3.66378425
194.0,5.0,-105.0,4.6728516,5.6875,425,5.6875,5.0750945
194.0,6.0,-90.0,5.3154297,6.75,425,6.75,5.973047
194.0,7.0,-75.0,5.6728516,6.9375,425,6.9375,6.171839
194.0,8.0,-60.0,5.7441406,6.5625,425,6.5625,5.924353
194.0,9.0,-45.0,5.6708984,6.25,425,6.25,5.72782
194.0,10.0,-30.0,5.8291016,6.28125,425,6.28125,5.872647
194.0,11.0,-15.0,6.251953,6.65625,425,6.65625,6.331224
194.0,12.0,0.0,6.520508,6.9375,425,6.9375,6.6418365
194.0,13.0,15.0,6.2509766,6.65625,425,6.65625,6.331224
194.0,14.0,30.0,5.8291016,6.28125,425,6.28125,5.872647
194.0,15.0,45.0,5.6708984,6.25,425,6.25,5.72782
194.0,16.0,60.0,5.743164,6.5625,425,6.5625,5.92441575
194.0,17.0,75.0,5.6757812,6.9375,425,6.9375,6.171086
194.0,18.0,90.0,5.3164062,6.75,425,6.75,5.97298425
194.0,19.0,105.0,4.6728516,5.6875,425,5.6875,5.07503175
194.0,20.0,120.0,3.5488281,4.125,425,4.125,3.662341
194.0,21.0,135.0,2.1904297,2.5,425,2.5,2.17836625
194.0,22.0,150.0,0.9863281,1.125,425,1.125,0.97532325
194.0,23.0,165.0,0.234375,0.28125,425,0.28125,0.2383245
194.0,24.0,180.0,0.0,0.0,425,0.0,0.0
2.0,1.0,-165.0,3.6660156,2.28125,426,2.28125,3.265259
2.0,2.0,-150.0,2.5166016,1.15625,426,1.15625,1.92811925
2.0,3.0,-135.0,1.3212891,0.34375,426,0.34375,0.82146025
2.0,4.0,-120.0,0.4375,0.03125,426,0.03125,0.2011765
2.0,5.0,-105.0,0.055664062,0.03125,426,0.03125,0.0146835
2.0,6.0,-90.0,0.0009765625,0.03125,426,0.03125,0.0
2.0,7.0,-75.0,0.13867188,0.0,426,0.0,0.0443015
2.0,8.0,-60.0,0.6748047,0.09375,426,0.09375,0.35434925
2.0,9.0,-45.0,1.6269531,0.59375,426,0.59375,1.11437725
2.0,10.0,-30.0,2.7773438,1.46875,426,1.46875,2.262765
2.0,11.0,-15.0,3.7617188,2.46875,426,2.46875,3.437194
2.0,12.0,0.0,3.9726562,3.09375,426,3.09375,3.94816725
2.0,13.0,15.0,3.7617188,2.46875,426,2.46875,3.43976675
2.0,14.0,30.0,2.7919922,1.46875,426,1.46875,2.2638945
2.0,15.0,45.0,1.6230469,0.59375,426,0.59375,1.11425175
2.0,16.0,60.0,0.6748047,0.09375,426,0.09375,0.354663
2.0,17.0,75.0,0.14160156,0.0,426,0.0,0.0443015
2.0,18.0,90.0,0.0,0.03125,426,0.03125,0.00056475
2.0,19.0,105.0,0.0546875,0.03125,426,0.03125,0.014558
2.0,20.0,120.0,0.43652344,0.03125,426,0.03125,0.2011765
2.0,21.0,135.0,1.3242188,0.34375,426,0.34375,0.8206445
2.0,22.0,150.0,2.5175781,1.15625,426,1.15625,1.92661325
2.0,23.0,165.0,3.6640625,2.28125,426,2.28125,3.265259
2.0,24.0,180.0,3.9765625,3.09375,426,3.09375,3.94917125
496.0,1.0,-165.0,0.13378906,0.25,427,0.25,0.0997725
496.0,2.0,-150.0,0.6279297,1.0625,427,1.0625,0.559479
496.0,3.0,-135.0,1.5380859,2.46875,427,2.46875,1.68954375
496.0,4.0,-120.0,2.852539,4.375,427,4.375,3.12099675
496.0,5.0,-105.0,4.4453125,6.53125,427,6.53125,4.71447025
496.0,6.0,-90.0,5.6865234,8.09375,427,8.09375,5.9508335
496.0,7.0,-75.0,6.0654297,8.5625,427,8.5625,6.44561725
496.0,8.0,-60.0,5.8154297,8.21875,427,8.21875,6.3898325
496.0,9.0,-45.0,5.583008,7.84375,427,7.84375,6.3519315
496.0,10.0,-30.0,5.9960938,7.96875,427,7.96875,6.81998375
496.0,11.0,-15.0,6.8867188,8.6875,427,8.6875,7.8235445
496.0,12.0,0.0,7.3320312,9.25,427,9.25,8.53832975
496.0,13.0,15.0,6.8867188,8.6875,427,8.6875,7.823419
496.0,14.0,30.0,5.9941406,7.96875,427,7.96875,6.820172
496.0,15.0,45.0,5.5927734,7.84375,427,7.84375,6.35237075
496.0,16.0,60.0,5.819336,8.21875,427,8.21875,6.39039725
496.0,17.0,75.0,6.0595703,8.5625,427,8.5625,6.44348375
496.0,18.0,90.0,5.680664,8.09375,427,8.09375,5.9523395
496.0,19.0,105.0,4.411133,6.53125,427,6.53125,4.7149095
496.0,20.0,120.0,2.8623047,4.40625,427,4.40625,3.113655
496.0,21.0,135.0,1.5380859,2.46875,427,2.46875,1.688728
496.0,22.0,150.0,0.6308594,1.0625,427,1.0625,0.560483
496.0,23.0,165.0,0.13378906,0.25,427,0.25,0.09983525
496.0,24.0,180.0,0.0,0.0,427,0.0,0.0
325.0,1.0,-165.0,0.39746094,0.84375,428,0.84375,0.75858475
325.0,2.0,-150.0,0.82714844,1.46875,428,1.46875,1.24401875
325.0,3.0,-135.0,1.5625,2.625,428,2.625,2.18715125
325.0,4.0,-120.0,2.4316406,4.0625,428,4.0625,3.3984145
325.0,5.0,-105.0,3.2216797,5.28125,428,5.28125,4.4450845
325.0,6.0,-90.0,3.4921875,5.71875,428,5.71875,4.8097875
325.0,7.0,-75.0,3.0927734,5.09375,428,5.09375,4.22928725
325.0,8.0,-60.0,2.2373047,3.71875,428,3.71875,3.041116
325.0,9.0,-45.0,1.2099609,2.15625,428,2.15625,1.7415635
325.0,10.0,-30.0,0.43066406,0.9375,428,0.9375,0.71578925
325.0,11.0,-15.0,0.06640625,0.21875,428,0.21875,0.1524825
325.0,12.0,0.0,0.0,0.0,428,0.0,0.0
325.0,13.0,15.0,0.06640625,0.21875,428,0.21875,0.152608
325.0,14.0,30.0,0.43066406,0.9375,428,0.9375,0.71578925
325.0,15.0,45.0,1.2099609,2.15625,428,2.15625,1.7415635
325.0,16.0,60.0,2.2363281,3.71875,428,3.71875,3.041116
325.0,17.0,75.0,3.0927734,5.09375,428,5.09375,4.22928725
325.0,18.0,90.0,3.4960938,5.71875,428,5.71875,4.80934825
325.0,19.0,105.0,3.2216797,5.28125,428,5.28125,4.4450845
325.0,20.0,120.0,2.4316406,4.0625,428,4.0625,3.3984145
325.0,21.0,135.0,1.5625,2.625,428,2.625,2.18715125
325.0,22.0,150.0,0.82714844,1.46875,428,1.46875,1.243956
325.0,23.0,165.0,0.4013672,0.84375,428,0.84375,0.758773
325.0,24.0,180.0,0.2890625,0.65625,428,0.65625,0.65040375
139.0,1.0,-165.0,2.40625,0.84375,429,0.84375,1.77074225
139.0,2.0,-150.0,1.4179688,0.9375,429,0.9375,1.13169625
139.0,3.0,-135.0,1.9902344,1.40625,429,1.40625,1.6303705
139.0,4.0,-120.0,2.1640625,1.0,429,1.0,1.69293225
139.0,5.0,-105.0,1.0517578,0.4375,429,0.4375,0.70825925
139.0,6.0,-90.0,0.08203125,0.1875,429,0.1875,0.00131775
139.0,7.0,-75.0,0.14355469,0.5,429,0.5,0.26913475
139.0,8.0,-60.0,0.21484375,1.0625,429,1.0625,0.439752
139.0,9.0,-45.0,1.5751953,2.625,429,2.625,1.78492375
139.0,10.0,-30.0,3.8310547,4.375,429,4.375,3.690955
139.0,11.0,-15.0,5.685547,6.34375,429,6.34375,5.63112225
139.0,12.0,0.0,5.510742,6.5,429,6.5,4.9636505
139.0,13.0,15.0,5.705078,6.34375,429,6.34375,5.64869225
139.0,14.0,30.0,3.8222656,4.375,429,4.375,3.6945945
139.0,15.0,45.0,1.5751953,2.625,429,2.625,1.785363
139.0,16.0,60.0,0.0,0.15625,429,0.15625,0.049196
139.0,17.0,75.0,0.25195312,0.0,429,0.0,0.369472
139.0,18.0,90.0,0.078125,0.1875,429,0.1875,0.0
139.0,19.0,105.0,1.0527344,0.4375,429,0.4375,0.70775725
139.0,20.0,120.0,2.1640625,1.0,429,1.0,1.69293225
139.0,21.0,135.0,2.9921875,1.375,429,1.375,2.35557225
139.0,22.0,150.0,2.9296875,1.25,429,1.25,2.51395325
139.0,23.0,165.0,2.40625,0.84375,429,0.84375,1.7714325
139.0,24.0,180.0,2.2089844,0.4375,429,0.4375,1.45071725
238.0,1.0,-165.0,0.43847656,0.375,430,0.375,0.3058435
238.0,2.0,-150.0,1.7333984,1.65625,430,1.65625,1.42122475
238.0,3.0,-135.0,3.75,3.84375,430,3.84375,3.31476875
238.0,4.0,-120.0,6.3720703,6.75,430,6.75,5.877416
238.0,5.0,-105.0,9.28125,10.0625,430,10.0625,8.777219
238.0,6.0,-90.0,10.766602,11.6875,430,11.6875,10.26339
238.0,7.0,-75.0,8.342773,9.5,430,9.5,7.88773775
238.0,8.0,-60.0,6.3310547,8.0,430,8.0,6.196688
238.0,9.0,-45.0,5.1328125,7.21875,430,7.21875,5.2791575
238.0,10.0,-30.0,4.745117,7.0625,430,7.0625,5.016737
238.0,11.0,-15.0,4.919922,7.4375,430,7.4375,5.275769
238.0,12.0,0.0,5.430664,8.21875,430,8.21875,5.978318
238.0,13.0,15.0,4.9189453,7.4375,430,7.4375,5.2741375
238.0,14.0,30.0,4.745117,7.0625,430,7.0625,5.01567025
238.0,15.0,45.0,5.1328125,7.21875,430,7.21875,5.2791575
238.0,16.0,60.0,6.334961,8.0,430,8.0,6.19612325
238.0,17.0,75.0,8.348633,9.5,430,9.5,7.889934
238.0,18.0,90.0,10.760742,11.6875,430,11.6875,10.2685355
238.0,19.0,105.0,9.276367,10.0625,430,10.0625,8.776466
238.0,20.0,120.0,6.376953,6.75,430,6.75,5.87760425
238.0,21.0,135.0,3.7480469,3.84375,430,3.84375,3.316463
238.0,22.0,150.0,1.7294922,1.65625,430,1.65625,1.42097375
238.0,23.0,165.0,0.43847656,0.375,430,0.375,0.3058435
238.0,24.0,180.0,0.0,0.0,430,0.0,0.0
404.0,1.0,-165.0,0.115234375,0.1875,431,0.1875,0.12255075
404.0,2.0,-150.0,0.6015625,0.78125,431,0.78125,0.596376
404.0,3.0,-135.0,1.5117188,1.90625,431,1.90625,1.499725
404.0,4.0,-120.0,2.6845703,3.375,431,3.375,2.729876
404.0,5.0,-105.0,3.6914062,4.8125,431,4.8125,3.9034265
404.0,6.0,-90.0,3.9453125,5.46875,431,5.46875,4.40235175
404.0,7.0,-75.0,3.7070312,4.8125,431,4.8125,3.910078
404.0,8.0,-60.0,2.7138672,3.375,431,3.375,2.747697
404.0,9.0,-45.0,1.5361328,1.90625,431,1.90625,1.51221225
404.0,10.0,-30.0,0.6044922,0.78125,431,0.78125,0.59116775
404.0,11.0,-15.0,0.12402344,0.1875,431,0.1875,0.1256255
404.0,12.0,0.0,0.0,0.0,431,0.0,6.28e-05
404.0,13.0,15.0,0.12402344,0.1875,431,0.1875,0.12568825
404.0,14.0,30.0,0.6044922,0.78125,431,0.78125,0.59104225
404.0,15.0,45.0,1.5341797,1.90625,431,1.90625,1.51070625
404.0,16.0,60.0,2.7138672,3.375,431,3.375,2.747697
404.0,17.0,75.0,3.7060547,4.8125,431,4.8125,3.9107055
404.0,18.0,90.0,3.944336,5.46875,431,5.46875,4.40159875
404.0,19.0,105.0,3.6953125,4.8125,431,4.8125,3.90901125
404.0,20.0,120.0,2.6835938,3.375,431,3.375,2.729876
404.0,21.0,135.0,1.5117188,1.90625,431,1.90625,1.499725
404.0,22.0,150.0,0.6015625,0.78125,431,0.78125,0.5970035
404.0,23.0,165.0,0.115234375,0.1875,431,0.1875,0.12255075
404.0,24.0,180.0,0.0009765625,0.0,431,0.0,0.0
450.0,1.0,-165.0,1.8925781,1.34375,432,1.34375,2.17209125
450.0,2.0,-150.0,0.5214844,0.15625,432,0.15625,0.570774
450.0,3.0,-135.0,0.0009765625,0.03125,432,0.03125,0.0
450.0,4.0,-120.0,0.13476562,0.78125,432,0.78125,0.364452
450.0,5.0,-105.0,0.8310547,1.78125,432,1.78125,1.059471
450.0,6.0,-90.0,1.2382812,2.1875,432,2.1875,1.38294725
450.0,7.0,-75.0,0.8701172,1.71875,432,1.71875,1.0252095
450.0,8.0,-60.0,0.16699219,0.71875,432,0.71875,0.31218125
450.0,9.0,-45.0,0.015625,0.0,432,0.0,0.002008
450.0,10.0,-30.0,0.60058594,0.21875,432,0.21875,0.67951975
450.0,11.0,-15.0,1.9794922,1.40625,432,1.40625,2.2930105
450.0,12.0,0.0,2.913086,2.5,432,2.5,3.6270755
450.0,13.0,15.0,1.9794922,1.40625,432,1.40625,2.2930105
450.0,14.0,30.0,0.60058594,0.21875,432,0.21875,0.67951975
450.0,15.0,45.0,0.016601562,0.0,432,0.0,0.00207075
450.0,16.0,60.0,0.16699219,0.71875,432,0.71875,0.31218125
450.0,17.0,75.0,0.8701172,1.71875,432,1.71875,1.02527225
450.0,18.0,90.0,1.2363281,2.1875,432,2.1875,1.382759
450.0,19.0,105.0,0.8310547,1.78125,432,1.78125,1.05953375
450.0,20.0,120.0,0.13183594,0.78125,432,0.78125,0.3635735
450.0,21.0,135.0,0.0,0.03125,432,0.03125,0.0
450.0,22.0,150.0,0.5214844,0.15625,432,0.15625,0.570774
450.0,23.0,165.0,1.8847656,1.34375,432,1.34375,2.17711125
450.0,24.0,180.0,2.9160156,2.5,432,2.5,3.6265735
303.0,1.0,-165.0,0.4453125,0.0,433,0.0,0.3884225
303.0,2.0,-150.0,0.6582031,0.0,433,0.0,0.5540825
303.0,3.0,-135.0,0.6152344,0.0625,433,0.0625,0.623735
303.0,4.0,-120.0,0.43164062,0.25,433,0.25,0.608675
303.0,5.0,-105.0,0.20703125,0.375,433,0.375,0.5051375
303.0,6.0,-90.0,0.0029296875,0.4375,433,0.4375,0.269825
303.0,7.0,-75.0,0.025390625,0.625,433,0.625,0.1637775
303.0,8.0,-60.0,0.65527344,1.25,433,1.25,0.676445
303.0,9.0,-45.0,2.015625,2.4375,433,2.4375,1.91262
303.0,10.0,-30.0,3.555664,3.9375,433,3.9375,3.5309425
303.0,11.0,-15.0,4.7460938,5.25,433,5.25,4.9064225
303.0,12.0,0.0,5.0078125,5.8125,433,5.8125,5.2251925
303.0,13.0,15.0,4.739258,5.25,433,5.25,4.89199
303.0,14.0,30.0,3.553711,3.9375,433,3.9375,3.527805
303.0,15.0,45.0,2.0185547,2.4375,433,2.4375,1.9069725
303.0,16.0,60.0,0.65722656,1.25,433,1.25,0.6770725
303.0,17.0,75.0,0.025390625,0.625,433,0.625,0.1637775
303.0,18.0,90.0,0.0,0.4375,433,0.4375,0.2704525
303.0,19.0,105.0,0.19824219,0.375,433,0.375,0.503255
303.0,20.0,120.0,0.43164062,0.25,433,0.25,0.6093025
303.0,21.0,135.0,0.6152344,0.0625,433,0.0625,0.623735
303.0,22.0,150.0,0.6533203,0.0,433,0.0,0.5515725
303.0,23.0,165.0,0.4501953,0.0,433,0.0,0.395325
303.0,24.0,180.0,0.20410156,0.0,433,0.0,0.0
140.0,1.0,-165.0,0.41210938,0.46875,434,0.46875,0.3372185
140.0,2.0,-150.0,1.328125,1.53125,434,1.53125,1.19708175
140.0,3.0,-135.0,2.5332031,3.34375,434,3.34375,2.66311
140.0,4.0,-120.0,3.9980469,5.84375,434,5.84375,4.712525
140.0,5.0,-105.0,5.7929688,8.75,434,8.75,6.9713995
140.0,6.0,-90.0,7.986328,11.75,434,11.75,9.09856175
140.0,7.0,-75.0,10.173828,14.4375,434,14.4375,10.743804
140.0,8.0,-60.0,12.197266,13.34375,434,13.34375,10.3029225
140.0,9.0,-45.0,11.658203,12.78125,434,12.78125,9.830917
140.0,10.0,-30.0,11.621094,12.90625,434,12.90625,10.07394775
140.0,11.0,-15.0,12.322266,13.8125,434,13.8125,10.97164925
140.0,12.0,0.0,12.251953,15.0,434,15.0,10.33260325
140.0,13.0,15.0,10.722656,14.875,434,14.875,10.3920275
140.0,14.0,30.0,9.558594,13.78125,434,13.78125,9.37177525
140.0,15.0,45.0,8.949219,13.09375,434,13.09375,8.77389325
140.0,16.0,60.0,8.628906,12.8125,434,12.8125,8.6109315
140.0,17.0,75.0,8.380859,12.875,434,12.875,8.7720735
140.0,18.0,90.0,8.027344,10.78125,434,10.78125,7.692899
140.0,19.0,105.0,5.763672,7.625,434,7.625,5.45868525
140.0,20.0,120.0,3.9277344,4.96875,434,4.96875,3.61007025
140.0,21.0,135.0,2.6699219,3.375,434,3.375,2.6541995
140.0,22.0,150.0,1.3222656,1.46875,434,1.46875,1.047674
140.0,23.0,165.0,0.3359375,0.34375,434,0.34375,0.1730645
140.0,24.0,180.0,0.0,0.0,434,0.0,0.0
445.0,1.0,-165.0,0.55859375,0.5625,435,0.5625,0.5114125
445.0,2.0,-150.0,2.0820312,2.03125,435,2.03125,1.937971
445.0,3.0,-135.0,4.111328,4.0625,435,4.0625,4.01041525
445.0,4.0,-120.0,6.055664,6.03125,435,6.03125,5.8483
445.0,5.0,-105.0,7.4316406,7.78125,435,7.78125,7.4091435
445.0,6.0,-90.0,8.143555,8.9375,435,8.9375,8.47269325
445.0,7.0,-75.0,8.03125,8.125,435,8.125,8.591981
445.0,8.0,-60.0,7.5351562,7.40625,435,7.40625,7.886922
445.0,9.0,-45.0,6.513672,8.03125,435,8.03125,7.70137025
445.0,10.0,-30.0,5.004883,6.75,435,6.75,6.34182875
445.0,11.0,-15.0,4.033203,5.8125,435,5.8125,5.37020775
445.0,12.0,0.0,3.6796875,5.5,435,5.5,5.0319225
445.0,13.0,15.0,4.03125,5.8125,435,5.8125,5.369141
445.0,14.0,30.0,5.0078125,6.75,435,6.75,6.34157775
445.0,15.0,45.0,6.5126953,7.96875,435,7.96875,7.74586
445.0,16.0,60.0,7.5302734,7.40625,435,7.40625,7.8852905
445.0,17.0,75.0,8.026367,8.125,435,8.125,8.59329875
445.0,18.0,90.0,8.146484,8.9375,435,8.9375,8.47281875
445.0,19.0,105.0,7.432617,7.78125,435,7.78125,7.40983375
445.0,20.0,120.0,6.053711,6.03125,435,6.03125,5.84786075
445.0,21.0,135.0,4.1103516,4.0625,435,4.0625,4.01028975
445.0,22.0,150.0,2.0800781,2.03125,435,2.03125,1.93778275
445.0,23.0,165.0,0.5595703,0.5625,435,0.5625,0.51147525
445.0,24.0,180.0,0.0,0.0,435,0.0,0.0
449.0,1.0,-165.0,0.9863281,0.625,436,0.625,0.90090175
449.0,2.0,-150.0,0.095703125,0.0,436,0.0,0.07209975
449.0,3.0,-135.0,0.0,0.125,436,0.125,0.0
449.0,4.0,-120.0,0.44433594,0.8125,436,0.8125,0.5520745
449.0,5.0,-105.0,0.89941406,1.65625,436,1.65625,1.3025645
449.0,6.0,-90.0,1.0419922,2.0625,436,2.0625,1.66883625
449.0,7.0,-75.0,0.87109375,1.6875,436,1.6875,1.311224
449.0,8.0,-60.0,0.46777344,0.84375,436,0.84375,0.5796845
449.0,9.0,-45.0,0.0078125,0.15625,436,0.15625,0.01255
449.0,10.0,-30.0,0.08105469,0.0,436,0.0,0.04963525
449.0,11.0,-15.0,0.95214844,0.5625,436,0.5625,0.842105
449.0,12.0,0.0,1.78125,1.21875,436,1.21875,1.6896065
449.0,13.0,15.0,0.95214844,0.5625,436,0.5625,0.84216775
449.0,14.0,30.0,0.08105469,0.0,436,0.0,0.04963525
449.0,15.0,45.0,0.0087890625,0.15625,436,0.15625,0.01286375
449.0,16.0,60.0,0.46777344,0.84375,436,0.84375,0.57974725
449.0,17.0,75.0,0.87402344,1.6875,436,1.6875,1.31216525
449.0,18.0,90.0,1.0380859,2.0625,436,2.0625,1.6692755
449.0,19.0,105.0,0.8964844,1.65625,436,1.65625,1.304447
449.0,20.0,120.0,0.44433594,0.8125,436,0.8125,0.55263925
449.0,21.0,135.0,0.0,0.125,436,0.125,0.0
449.0,22.0,150.0,0.095703125,0.0,436,0.0,0.0719115
449.0,23.0,165.0,0.98535156,0.625,436,0.625,0.90090175
449.0,24.0,180.0,1.7802734,1.21875,436,1.21875,1.689732
490.0,1.0,-165.0,0.2919922,0.3125,437,0.3125,0.21837
490.0,2.0,-150.0,1.1669922,1.28125,437,1.28125,0.9105025
490.0,3.0,-135.0,2.4785156,2.8125,437,2.8125,2.05713325
490.0,4.0,-120.0,3.9951172,4.6875,437,4.6875,3.517765
490.0,5.0,-105.0,5.2910156,6.5,437,6.5,4.810164
490.0,6.0,-90.0,5.834961,7.28125,437,7.28125,5.327224
490.0,7.0,-75.0,5.3310547,6.53125,437,6.53125,4.83218925
490.0,8.0,-60.0,4.022461,4.8125,437,4.8125,3.59526125
490.0,9.0,-45.0,2.5126953,2.90625,437,2.90625,2.151823
490.0,10.0,-30.0,1.1943359,1.3125,437,1.3125,0.9649695
490.0,11.0,-15.0,0.30273438,0.34375,437,0.34375,0.23537525
490.0,12.0,0.0,0.0029296875,0.0,437,0.0,0.00169425
490.0,13.0,15.0,0.3017578,0.34375,437,0.34375,0.2353125
490.0,14.0,30.0,1.1943359,1.3125,437,1.3125,0.9649695
490.0,15.0,45.0,2.5097656,2.90625,437,2.90625,2.15188575
490.0,16.0,60.0,4.0214844,4.8125,437,4.8125,3.59513575
490.0,17.0,75.0,5.3310547,6.53125,437,6.53125,4.832252
490.0,18.0,90.0,5.8339844,7.28125,437,7.28125,5.3270985
490.0,19.0,105.0,5.2939453,6.5,437,6.5,4.80997575
490.0,20.0,120.0,3.993164,4.6875,437,4.6875,3.517514
490.0,21.0,135.0,2.4785156,2.8125,437,2.8125,2.05713325
490.0,22.0,150.0,1.1669922,1.28125,437,1.28125,0.91069075
490.0,23.0,165.0,0.2919922,0.3125,437,0.3125,0.21837
490.0,24.0,180.0,0.0,0.0,437,0.0,0.0
85.0,1.0,-165.0,8.301758,11.1875,438,11.1875,8.4269485
85.0,2.0,-150.0,8.147461,10.84375,438,10.84375,8.43705125
85.0,3.0,-135.0,8.151367,10.875,438,10.875,8.68303125
85.0,4.0,-120.0,8.724609,11.15625,438,11.15625,9.202162
85.0,5.0,-105.0,9.730469,11.4375,438,11.4375,9.7642765
85.0,6.0,-90.0,10.544922,11.375,438,11.375,10.12088475
85.0,7.0,-75.0,10.261719,10.5,438,10.5,9.68941575
85.0,8.0,-60.0,8.25293,8.65625,438,8.65625,8.04423625
85.0,9.0,-45.0,5.510742,6.1875,438,6.1875,5.5642935
85.0,10.0,-30.0,2.9541016,3.84375,438,3.84375,3.11371775
85.0,11.0,-15.0,0.9628906,1.34375,438,1.34375,0.93604175
85.0,12.0,0.0,0.0,0.0,438,0.0,0.0
85.0,13.0,15.0,0.40722656,0.1875,438,0.1875,0.27189575
85.0,14.0,30.0,2.0566406,1.59375,438,1.59375,1.73698275
85.0,15.0,45.0,4.600586,3.96875,438,3.96875,4.0889155
85.0,16.0,60.0,7.495117,6.71875,438,6.71875,6.703457
85.0,17.0,75.0,9.874023,8.90625,438,8.90625,8.69846775
85.0,18.0,90.0,10.484375,9.71875,438,9.71875,9.00544075
85.0,19.0,105.0,9.415039,9.5625,438,9.5625,8.20864125
85.0,20.0,120.0,8.237305,9.375,438,9.375,7.48174525
85.0,21.0,135.0,7.90625,9.625,438,9.625,7.405002
85.0,22.0,150.0,8.291992,10.3125,438,10.3125,7.88949475
85.0,23.0,165.0,9.0234375,11.28125,438,11.28125,8.6990325
85.0,24.0,180.0,8.660156,11.875,438,11.875,8.756386
456.0,1.0,-165.0,0.20117188,0.5,439,0.5,0.30414925
456.0,2.0,-150.0,0.5488281,1.9375,439,1.9375,1.156357
456.0,3.0,-135.0,1.2109375,4.0,439,4.0,2.513263
456.0,4.0,-120.0,2.9355469,6.4375,439,6.4375,4.20908175
456.0,5.0,-105.0,5.6171875,8.875,439,8.875,5.957736
456.0,6.0,-90.0,7.8876953,10.375,439,10.375,7.10662575
456.0,7.0,-75.0,7.5527344,10.4375,439,10.4375,7.3328395
456.0,8.0,-60.0,5.90625,9.375,439,9.375,6.80642975
456.0,9.0,-45.0,4.9941406,8.375,439,8.375,6.5768275
456.0,10.0,-30.0,4.830078,8.1875,439,8.1875,7.094515
456.0,11.0,-15.0,4.788086,8.625,439,8.625,8.06494375
456.0,12.0,0.0,4.7490234,9.0,439,9.0,8.688616
456.0,13.0,15.0,4.7871094,8.625,439,8.625,8.06833225
456.0,14.0,30.0,4.8203125,8.1875,439,8.1875,7.0883655
456.0,15.0,45.0,4.986328,8.375,439,8.375,6.5778315
456.0,16.0,60.0,5.9003906,9.375,439,9.375,6.8029785
456.0,17.0,75.0,7.553711,10.4375,439,10.4375,7.335475
456.0,18.0,90.0,7.9023438,10.375,439,10.375,7.11177125
456.0,19.0,105.0,5.616211,8.875,439,8.875,5.95779875
456.0,20.0,120.0,2.9355469,6.4375,439,6.4375,4.19879075
456.0,21.0,135.0,1.2177734,4.0,439,4.0,2.51771825
456.0,22.0,150.0,0.5449219,1.9375,439,1.9375,1.156357
456.0,23.0,165.0,0.203125,0.5,439,0.5,0.302455
456.0,24.0,180.0,0.0,0.0,439,0.0,0.0
384.0,1.0,-165.0,0.8388672,0.0625,440,0.0625,0.02754725
384.0,2.0,-150.0,1.0683594,0.3125,440,0.3125,0.29523875
384.0,3.0,-135.0,1.5029297,0.90625,440,0.90625,0.8357045
384.0,4.0,-120.0,1.9541016,1.75,440,1.75,1.56467125
384.0,5.0,-105.0,1.9931641,2.59375,440,2.59375,2.28617075
384.0,6.0,-90.0,2.0585938,2.90625,440,2.90625,2.62978975
384.0,7.0,-75.0,2.0966797,2.375,440,2.375,2.2044075
384.0,8.0,-60.0,1.9775391,1.53125,440,1.53125,1.454796
384.0,9.0,-45.0,1.5439453,0.96875,440,0.96875,0.95097625
384.0,10.0,-30.0,1.0175781,0.25,440,0.25,0.2330535
384.0,11.0,-15.0,0.8388672,0.03125,440,0.03125,0.01964075
384.0,12.0,0.0,0.39941406,0.0,440,0.0,0.0
384.0,13.0,15.0,0.00390625,0.125,440,0.125,0.03583025
384.0,14.0,30.0,0.78808594,0.8125,440,0.8125,0.63484175
384.0,15.0,45.0,1.2128906,1.375,440,1.375,1.22682525
384.0,16.0,60.0,2.334961,2.46875,440,2.46875,2.279331
384.0,17.0,75.0,3.538086,3.71875,440,3.71875,3.388751
384.0,18.0,90.0,5.5615234,6.375,440,6.375,6.29940975
384.0,19.0,105.0,3.8095703,4.0625,440,4.0625,3.544622
384.0,20.0,120.0,2.4296875,2.78125,440,2.78125,2.4576665
384.0,21.0,135.0,1.3222656,1.59375,440,1.59375,1.3607965
384.0,22.0,150.0,0.36132812,0.6875,440,0.6875,0.520323
384.0,23.0,165.0,0.0,0.15625,440,0.15625,0.0465605
384.0,24.0,180.0,0.39648438,0.0,440,0.0,0.004267
331.0,1.0,-165.0,0.95410156,0.71875,441,0.71875,0.84091275
331.0,2.0,-150.0,0.15527344,0.03125,441,0.03125,0.12995525
331.0,3.0,-135.0,0.030273438,0.0,441,0.0,0.0051455
331.0,4.0,-120.0,0.50878906,0.53125,441,0.53125,0.3899285
331.0,5.0,-105.0,0.9472656,1.21875,441,1.21875,0.937485
331.0,6.0,-90.0,1.0976562,1.5625,441,1.5625,1.2079375
331.0,7.0,-75.0,0.92871094,1.21875,441,1.21875,0.94093625
331.0,8.0,-60.0,0.49023438,0.5,441,0.5,0.39174825
331.0,9.0,-45.0,0.0,0.0,441,0.0,0.0
331.0,10.0,-30.0,0.087890625,0.0,441,0.0,0.102157
331.0,11.0,-15.0,0.87109375,0.65625,441,0.65625,0.7779745
331.0,12.0,0.0,1.5820312,1.3125,441,1.3125,1.42938225
331.0,13.0,15.0,0.87109375,0.65625,441,0.65625,0.7781
331.0,14.0,30.0,0.087890625,0.0,441,0.0,0.102157
331.0,15.0,45.0,0.0,0.0,441,0.0,0.0
331.0,16.0,60.0,0.49023438,0.5,441,0.5,0.39174825
331.0,17.0,75.0,0.92871094,1.21875,441,1.21875,0.94093625
331.0,18.0,90.0,1.0957031,1.5625,441,1.5625,1.2079375
331.0,19.0,105.0,0.9472656,1.21875,441,1.21875,0.937485
331.0,20.0,120.0,0.50683594,0.53125,441,0.53125,0.3894265
331.0,21.0,135.0,0.032226562,0.0,441,0.0,0.0058985
331.0,22.0,150.0,0.15527344,0.03125,441,0.03125,0.12995525
331.0,23.0,165.0,0.95703125,0.71875,441,0.71875,0.84154025
331.0,24.0,180.0,1.7099609,1.40625,441,1.40625,1.4975915
214.0,1.0,-165.0,0.2578125,0.3125,442,0.3125,0.2958035
214.0,2.0,-150.0,0.9169922,1.15625,442,1.15625,1.095866
214.0,3.0,-135.0,1.5683594,2.125,442,2.125,2.049164
214.0,4.0,-120.0,1.6357422,2.4375,442,2.4375,2.11021975
214.0,5.0,-105.0,1.7998047,2.21875,442,2.21875,1.798666
214.0,6.0,-90.0,1.8398438,2.21875,442,2.21875,1.8429675
214.0,7.0,-75.0,1.7255859,2.65625,442,2.65625,2.056192
214.0,8.0,-60.0,2.2148438,3.5625,442,3.5625,2.61623575
214.0,9.0,-45.0,3.4980469,4.3125,442,4.3125,3.06722
214.0,10.0,-30.0,4.1191406,4.96875,442,4.96875,3.4576505
214.0,11.0,-15.0,4.741211,5.71875,442,5.71875,4.0592975
214.0,12.0,0.0,5.435547,5.875,442,5.875,4.94902975
214.0,13.0,15.0,4.741211,5.71875,442,5.71875,4.05772875
214.0,14.0,30.0,4.1191406,4.96875,442,4.96875,3.45771325
214.0,15.0,45.0,3.4980469,4.3125,442,4.3125,3.066467
214.0,16.0,60.0,2.2285156,3.5625,442,3.5625,2.62690325
214.0,17.0,75.0,1.7236328,2.65625,442,2.65625,2.056443
214.0,18.0,90.0,1.8398438,2.21875,442,2.21875,1.842842
214.0,19.0,105.0,1.7988281,2.21875,442,2.21875,1.79910525
214.0,20.0,120.0,1.6347656,2.4375,442,2.4375,2.109906
214.0,21.0,135.0,1.5693359,2.125,442,2.125,2.048662
214.0,22.0,150.0,0.9091797,1.15625,442,1.15625,1.08877525
214.0,23.0,165.0,0.26171875,0.3125,442,0.3125,0.29548975
214.0,24.0,180.0,0.0,0.0,442,0.0,0.0
191.0,1.0,-165.0,1.1220703,1.125,443,1.125,1.133516
191.0,2.0,-150.0,3.296875,3.25,443,3.25,3.17295375
191.0,3.0,-135.0,3.6992188,3.90625,443,3.90625,3.83910775
191.0,4.0,-120.0,3.3359375,3.84375,443,3.84375,3.79091575
191.0,5.0,-105.0,3.7373047,3.875,443,3.875,3.8303855
191.0,6.0,-90.0,3.1328125,3.125,443,3.125,3.048897
191.0,7.0,-75.0,0.9892578,1.03125,443,1.03125,1.0129105
191.0,8.0,-60.0,0.001953125,0.0,443,0.0,0.00458075
191.0,9.0,-45.0,1.234375,1.25,443,1.25,1.24301475
191.0,10.0,-30.0,3.3095703,3.28125,443,3.28125,3.19102575
191.0,11.0,-15.0,3.7011719,3.90625,443,3.90625,3.8414295
191.0,12.0,0.0,3.3310547,3.84375,443,3.84375,3.7897235
191.0,13.0,15.0,3.7089844,3.90625,443,3.90625,3.83735075
191.0,14.0,30.0,3.3125,3.28125,443,3.28125,3.19202975
191.0,15.0,45.0,1.2324219,1.25,443,1.25,1.2428265
191.0,16.0,60.0,0.001953125,0.0,443,0.0,0.0048945
191.0,17.0,75.0,0.9921875,1.03125,443,1.03125,1.01473025
191.0,18.0,90.0,3.133789,3.125,443,3.125,3.04921075
191.0,19.0,105.0,3.7373047,3.875,443,3.875,3.8306365
191.0,20.0,120.0,3.3378906,3.84375,443,3.84375,3.792359
191.0,21.0,135.0,3.7021484,3.90625,443,3.90625,3.83923325
191.0,22.0,150.0,3.2910156,3.25,443,3.25,3.174146
191.0,23.0,165.0,1.125,1.125,443,1.125,1.13106875
191.0,24.0,180.0,0.0,0.0,443,0.0,0.0
280.0,1.0,-165.0,1.5136719,0.6875,444,0.6875,1.06380075
280.0,2.0,-150.0,1.2216797,0.625,444,0.625,1.079551
280.0,3.0,-135.0,1.1123047,0.625,444,0.625,1.119209
280.0,4.0,-120.0,0.90625,0.65625,444,0.65625,1.05752575
280.0,5.0,-105.0,0.5253906,0.5625,444,0.5625,0.808471
280.0,6.0,-90.0,0.022460938,0.46875,444,0.46875,0.3188955
280.0,7.0,-75.0,0.07421875,0.0,444,0.0,0.12706875
280.0,8.0,-60.0,0.038085938,0.03125,444,0.03125,0.00069025
280.0,9.0,-45.0,0.5048828,0.8125,444,0.8125,0.59355225
280.0,10.0,-30.0,1.5947266,2.15625,444,2.15625,1.80500375
280.0,11.0,-15.0,2.7470703,3.46875,444,3.46875,3.0555485
280.0,12.0,0.0,3.2363281,4.125,444,4.125,3.67545575
280.0,13.0,15.0,2.7519531,3.46875,444,3.46875,3.04463
280.0,14.0,30.0,1.6035156,2.15625,444,2.15625,1.80437625
280.0,15.0,45.0,0.49804688,0.8125,444,0.8125,0.58985
280.0,16.0,60.0,0.041015625,0.03125,444,0.03125,0.0
280.0,17.0,75.0,0.09765625,0.0,444,0.0,0.14426225
280.0,18.0,90.0,0.0,0.46875,444,0.46875,0.3141265
280.0,19.0,105.0,0.5253906,0.5625,444,0.5625,0.8108555
280.0,20.0,120.0,0.90527344,0.65625,444,0.65625,1.060475
280.0,21.0,135.0,1.109375,0.625,444,0.625,1.1210915
280.0,22.0,150.0,1.2158203,0.625,444,0.625,1.07421725
280.0,23.0,165.0,1.5302734,0.6875,444,0.6875,1.06191825
280.0,24.0,180.0,1.8291016,0.78125,444,0.78125,1.08137075
247.0,1.0,-165.0,6.7441406,9.4375,445,9.4375,5.96125
247.0,2.0,-150.0,7.301758,9.71875,445,9.71875,6.51075175
247.0,3.0,-135.0,8.59375,10.65625,445,10.65625,7.69057725
247.0,4.0,-120.0,10.572266,12.375,445,12.375,9.596232
247.0,5.0,-105.0,13.072266,14.875,445,14.875,12.231481
247.0,6.0,-90.0,15.666992,17.21875,445,17.21875,15.21154125
247.0,7.0,-75.0,12.832031,12.9375,445,12.9375,11.68925825
247.0,8.0,-60.0,9.137695,8.5625,445,8.5625,7.73525525
247.0,9.0,-45.0,5.114258,4.75,445,4.75,4.33320125
247.0,10.0,-30.0,2.125,2.0625,445,2.0625,1.87214625
247.0,11.0,-15.0,0.48828125,0.5,445,0.5,0.453808
247.0,12.0,0.0,0.0,0.0,445,0.0,0.0
247.0,13.0,15.0,0.48828125,0.5,445,0.5,0.453808
247.0,14.0,30.0,2.125,2.0625,445,2.0625,1.8750955
247.0,15.0,45.0,5.1132812,4.75,445,4.75,4.33307575
247.0,16.0,60.0,9.15332,8.5625,445,8.5625,7.745609
247.0,17.0,75.0,12.99707,12.96875,445,12.96875,11.58114
247.0,18.0,90.0,15.600586,17.1875,445,17.1875,15.2157455
247.0,19.0,105.0,13.072266,14.875,445,14.875,12.231481
247.0,20.0,120.0,10.567383,12.375,445,12.375,9.59541625
247.0,21.0,135.0,8.598633,10.65625,445,10.65625,7.69484425
247.0,22.0,150.0,7.3027344,9.71875,445,9.71875,6.51112825
247.0,23.0,165.0,6.7421875,9.4375,445,9.4375,5.96131275
247.0,24.0,180.0,6.90625,9.8125,445,9.8125,6.00737125
324.0,1.0,-165.0,5.3310547,5.9375,446,5.9375,5.49834325
324.0,2.0,-150.0,3.6845703,4.3125,446,4.3125,3.627954
324.0,3.0,-135.0,2.6699219,3.46875,446,3.46875,2.53717075
324.0,4.0,-120.0,2.3427734,3.5,446,3.5,2.3248875
324.0,5.0,-105.0,2.2402344,3.96875,446,3.96875,2.595591
324.0,6.0,-90.0,1.8554688,4.21875,446,4.21875,2.693481
324.0,7.0,-75.0,1.3720703,3.71875,446,3.71875,2.0181655
324.0,8.0,-60.0,0.93359375,2.875,446,2.875,1.18089225
324.0,9.0,-45.0,0.7314453,2.03125,446,2.03125,0.76260075
324.0,10.0,-30.0,0.77246094,1.53125,446,1.53125,0.80840825
324.0,11.0,-15.0,0.0,0.0,446,0.0,0.0
324.0,12.0,0.0,0.5683594,0.34375,446,0.34375,0.52000925
324.0,13.0,15.0,0.0009765625,0.0,446,0.0,6.27e-05
324.0,14.0,30.0,0.77246094,1.53125,446,1.53125,0.8085965
324.0,15.0,45.0,0.73535156,2.03125,446,2.03125,0.76335375
324.0,16.0,60.0,0.9326172,2.875,446,2.875,1.18189625
324.0,17.0,75.0,1.3691406,3.71875,446,3.71875,2.010259
324.0,18.0,90.0,1.8525391,4.21875,446,4.21875,2.6913475
324.0,19.0,105.0,2.241211,3.96875,446,3.96875,2.59854025
324.0,20.0,120.0,2.3408203,3.5,446,3.5,2.324762
324.0,21.0,135.0,2.6708984,3.46875,446,3.46875,2.5357275
324.0,22.0,150.0,3.6894531,4.3125,446,4.3125,3.62914625
324.0,23.0,165.0,5.3310547,5.9375,446,5.9375,5.49759025
324.0,24.0,180.0,6.5166016,7.4375,446,7.4375,7.04161675
381.0,1.0,-165.0,0.42773438,0.125,447,0.125,0.325547
381.0,2.0,-150.0,0.5810547,0.1875,447,0.1875,0.382524
381.0,3.0,-135.0,3.25,2.09375,447,2.09375,1.920652
381.0,4.0,-120.0,4.5195312,2.59375,447,2.59375,2.468585
381.0,5.0,-105.0,6.8896484,3.84375,447,3.84375,3.726848
381.0,6.0,-90.0,9.466797,5.40625,447,5.40625,5.58569125
381.0,7.0,-75.0,11.776367,7.15625,447,7.15625,7.5702855
381.0,8.0,-60.0,11.484375,7.78125,447,7.78125,8.30301725
381.0,9.0,-45.0,7.520508,6.28125,447,6.28125,6.39177775
381.0,10.0,-30.0,4.7226562,3.5,447,3.5,3.475848
381.0,11.0,-15.0,3.350586,2.15625,447,2.15625,2.0284565
381.0,12.0,0.0,3.5703125,2.5625,447,2.5625,2.2659025
381.0,13.0,15.0,2.4824219,2.28125,447,2.28125,1.8565215
381.0,14.0,30.0,3.8535156,3.03125,447,3.03125,3.00302675
381.0,15.0,45.0,5.9609375,4.71875,447,4.71875,4.96258375
381.0,16.0,60.0,8.862305,7.3125,447,7.3125,7.74767975
381.0,17.0,75.0,12.308594,10.5625,447,10.5625,11.01959025
381.0,18.0,90.0,10.888672,8.9375,447,8.9375,8.7903965
381.0,19.0,105.0,7.5341797,6.25,447,6.25,5.80418675
381.0,20.0,120.0,4.4765625,3.90625,447,3.90625,3.41956125
381.0,21.0,135.0,2.6152344,2.46875,447,2.46875,2.0086275
381.0,22.0,150.0,0.0,0.28125,447,0.28125,0.0
381.0,23.0,165.0,0.80859375,0.0,447,0.0,0.24347
381.0,24.0,180.0,0.21972656,0.34375,447,0.34375,0.114707
95.0,1.0,-165.0,1.2089844,2.5625,448,2.5625,1.96978525
95.0,2.0,-150.0,2.8164062,4.21875,448,4.21875,3.543618
95.0,3.0,-135.0,6.3310547,8.5,448,8.5,6.06547775
95.0,4.0,-120.0,8.383789,9.9375,448,9.9375,7.36038675
95.0,5.0,-105.0,10.212891,11.65625,448,11.65625,9.003621
95.0,6.0,-90.0,12.073242,13.46875,448,13.46875,10.76946875
95.0,7.0,-75.0,12.03418,12.5,448,12.5,11.0760025
95.0,8.0,-60.0,8.2265625,8.46875,448,8.46875,7.41133975
95.0,9.0,-45.0,4.1376953,4.625,448,4.625,3.901795
95.0,10.0,-30.0,1.2626953,1.8125,448,1.8125,1.417146
95.0,11.0,-15.0,0.0,0.28125,448,0.28125,0.1489685
95.0,12.0,0.0,0.0029296875,0.0,448,0.0,0.0
95.0,13.0,15.0,0.0,0.28125,448,0.28125,0.14827825
95.0,14.0,30.0,1.2626953,1.8125,448,1.8125,1.41633025
95.0,15.0,45.0,4.145508,4.625,448,4.625,3.90474425
95.0,16.0,60.0,8.238281,8.46875,448,8.46875,7.41849325
95.0,17.0,75.0,12.037109,12.5,448,12.5,11.077634
95.0,18.0,90.0,12.058594,13.46875,448,13.46875,10.7630055
95.0,19.0,105.0,10.212891,11.65625,448,11.65625,9.0009855
95.0,20.0,120.0,8.374023,9.9375,448,9.9375,7.35938275
95.0,21.0,135.0,6.2646484,8.5,448,8.5,6.08894625
95.0,22.0,150.0,0.4326172,1.84375,448,1.84375,0.97532325
95.0,23.0,165.0,1.2060547,2.5625,448,2.5625,1.97053825
95.0,24.0,180.0,0.19921875,1.5625,448,1.5625,0.94670925
340.0,1.0,-165.0,5.216797,4.375,449,4.375,5.4500885
340.0,2.0,-150.0,2.1503906,1.6875,449,1.6875,2.2189655
340.0,3.0,-135.0,0.47265625,0.3125,449,0.3125,0.505263
340.0,4.0,-120.0,0.01171875,0.0,449,0.0,0.0
340.0,5.0,-105.0,0.0,0.1875,449,0.1875,0.10397675
340.0,6.0,-90.0,0.2734375,0.3125,449,0.3125,0.21793075
340.0,7.0,-75.0,0.009765625,0.1875,449,0.1875,0.10096475
340.0,8.0,-60.0,0.009765625,0.0,449,0.0,0.0036395
340.0,9.0,-45.0,0.47070312,0.3125,449,0.3125,0.522833
340.0,10.0,-30.0,2.1074219,1.625,449,1.625,2.194744
340.0,11.0,-15.0,5.1054688,4.0,449,4.0,5.05846575
340.0,12.0,0.0,8.0625,6.4375,449,6.4375,8.022462
340.0,13.0,15.0,5.1054688,4.0,449,4.0,5.0552655
340.0,14.0,30.0,2.109375,1.625,449,1.625,2.1981325
340.0,15.0,45.0,0.47265625,0.3125,449,0.3125,0.52208
340.0,16.0,60.0,0.01953125,0.0,449,0.0,0.007781
340.0,17.0,75.0,0.017578125,0.1875,449,0.1875,0.10912225
340.0,18.0,90.0,0.26757812,0.3125,449,0.3125,0.21667575
340.0,19.0,105.0,0.00390625,0.1875,449,0.1875,0.102408
340.0,20.0,120.0,0.017578125,0.0,449,0.0,0.0018825
340.0,21.0,135.0,0.47851562,0.3125,449,0.3125,0.5084005
340.0,22.0,150.0,2.1542969,1.6875,449,1.6875,2.2172085
340.0,23.0,165.0,5.21875,4.375,449,4.375,5.45674
340.0,24.0,180.0,7.8671875,6.5625,449,6.5625,8.21642225
330.0,1.0,-165.0,0.27539062,0.125,450,0.125,0.02792375
330.0,2.0,-150.0,0.55859375,0.65625,450,0.65625,0.175198
330.0,3.0,-135.0,1.0839844,1.71875,450,1.71875,0.78268075
330.0,4.0,-120.0,1.9023438,3.15625,450,3.15625,1.786367
330.0,5.0,-105.0,2.8769531,4.46875,450,4.46875,2.74311625
330.0,6.0,-90.0,3.3105469,5.0,450,5.0,3.150552
330.0,7.0,-75.0,2.7949219,4.46875,450,4.46875,2.73131925
330.0,8.0,-60.0,1.7695312,3.125,450,3.125,1.772562
330.0,9.0,-45.0,0.91796875,1.71875,450,1.71875,0.8005645
330.0,10.0,-30.0,0.41992188,0.71875,450,0.71875,0.25231775
330.0,11.0,-15.0,0.11328125,0.21875,450,0.21875,0.14263075
330.0,12.0,0.0,0.0,0.09375,450,0.09375,0.1637775
330.0,13.0,15.0,0.08984375,0.1875,450,0.1875,0.1103145
330.0,14.0,30.0,0.36914062,0.6875,450,0.6875,0.20600825
330.0,15.0,45.0,0.8613281,1.65625,450,1.65625,0.74967425
330.0,16.0,60.0,1.7285156,3.09375,450,3.09375,1.71251025
330.0,17.0,75.0,2.7773438,4.40625,450,4.40625,2.66254525
330.0,18.0,90.0,3.3046875,4.9375,450,4.9375,3.0733695
330.0,19.0,105.0,2.8808594,4.375,450,4.375,2.654325
330.0,20.0,120.0,1.90625,3.0625,450,3.0625,1.69569325
330.0,21.0,135.0,1.0839844,1.65625,450,1.65625,0.703051
330.0,22.0,150.0,0.5527344,0.59375,450,0.59375,0.11564825
330.0,23.0,165.0,0.26757812,0.09375,450,0.09375,0.0
330.0,24.0,180.0,0.16796875,0.0,450,0.0,0.05126675
395.0,1.0,-165.0,1.5605469,1.5,451,1.5,0.789395
395.0,2.0,-150.0,1.5996094,1.15625,451,1.15625,0.5553375
395.0,3.0,-135.0,0.8339844,0.46875,451,0.46875,0.24052075
395.0,4.0,-120.0,0.48632812,0.0,451,0.0,0.00997725
395.0,5.0,-105.0,0.60546875,0.0625,451,0.0625,0.11138125
395.0,6.0,-90.0,0.34277344,0.5625,451,0.5625,0.42789225
395.0,7.0,-75.0,0.63183594,0.0625,451,0.0625,0.13196325
395.0,8.0,-60.0,0.46191406,0.03125,451,0.03125,0.00031375
395.0,9.0,-45.0,0.7832031,0.5625,451,0.5625,0.23838725
395.0,10.0,-30.0,1.2988281,1.1875,451,1.1875,0.56845225
395.0,11.0,-15.0,1.4423828,1.53125,451,1.53125,0.802949
395.0,12.0,0.0,1.5263672,1.6875,451,1.6875,0.95474125
395.0,13.0,15.0,1.4404297,1.53125,451,1.53125,0.80338825
395.0,14.0,30.0,1.3681641,1.1875,451,1.1875,0.5781785
395.0,15.0,45.0,0.7890625,0.5625,451,0.5625,0.2370695
395.0,16.0,60.0,0.4580078,0.03125,451,0.03125,0.0
395.0,17.0,75.0,0.6328125,0.0625,451,0.0625,0.13008075
395.0,18.0,90.0,0.35351562,0.5625,451,0.5625,0.42839425
395.0,19.0,105.0,0.60253906,0.0625,451,0.0625,0.11426775
395.0,20.0,120.0,0.0,0.3125,451,0.3125,0.21014975
395.0,21.0,135.0,0.83691406,0.46875,451,0.46875,0.24152475
395.0,22.0,150.0,1.6318359,1.15625,451,1.15625,0.55414525
395.0,23.0,165.0,1.5585938,1.5,451,1.5,0.78883025
395.0,24.0,180.0,1.6455078,1.6875,451,1.6875,0.96540875
160.0,1.0,-165.0,0.8388672,0.0,452,0.0,0.00144325
160.0,2.0,-150.0,1.9169922,1.6875,452,1.6875,1.21051025
160.0,3.0,-135.0,3.4951172,4.03125,452,4.03125,2.91542775
160.0,4.0,-120.0,5.5253906,6.6875,452,6.6875,4.826981
160.0,5.0,-105.0,7.665039,8.90625,452,8.90625,6.423592
160.0,6.0,-90.0,8.889648,9.90625,452,9.90625,7.194413
160.0,7.0,-75.0,7.904297,9.1875,452,9.1875,6.941907
160.0,8.0,-60.0,5.515625,7.15625,452,7.15625,5.62685525
160.0,9.0,-45.0,3.133789,4.53125,452,4.53125,3.74385325
160.0,10.0,-30.0,1.2099609,2.25,452,2.25,1.908604
160.0,11.0,-15.0,0.0,0.78125,452,0.78125,0.661636
160.0,12.0,0.0,0.4111328,2.625,452,2.625,1.40453325
160.0,13.0,15.0,0.0,0.78125,452,0.78125,0.6617615
160.0,14.0,30.0,1.2099609,2.25,452,2.25,1.9109885
160.0,15.0,45.0,3.118164,4.53125,452,4.53125,3.7367625
160.0,16.0,60.0,5.515625,7.15625,452,7.15625,5.62685525
160.0,17.0,75.0,7.901367,9.1875,452,9.1875,6.936887
160.0,18.0,90.0,8.886719,9.90625,452,9.90625,7.19573075
160.0,19.0,105.0,7.6640625,8.90625,452,8.90625,6.42277625
160.0,20.0,120.0,5.5253906,6.6875,452,6.6875,4.82829875
160.0,21.0,135.0,3.4951172,4.03125,452,4.03125,2.92007125
160.0,22.0,150.0,1.9169922,1.6875,452,1.6875,1.21051025
160.0,23.0,165.0,0.8388672,0.0,452,0.0,0.0
160.0,24.0,180.0,1.3388672,1.6875,452,1.6875,0.7260175
355.0,1.0,-165.0,0.032226562,0.09375,453,0.09375,0.1283865
355.0,2.0,-150.0,0.0,0.0,453,0.0,0.0033885
355.0,3.0,-135.0,0.06738281,0.21875,453,0.21875,0.016817
355.0,4.0,-120.0,0.3466797,0.78125,453,0.78125,0.274594
355.0,5.0,-105.0,0.69433594,1.5625,453,1.5625,0.7513685
355.0,6.0,-90.0,1.0009766,2.375,453,2.375,1.2990505
355.0,7.0,-75.0,0.7314453,1.40625,453,1.40625,0.71340475
355.0,8.0,-60.0,0.3095703,0.59375,453,0.59375,0.2167385
355.0,9.0,-45.0,0.046875,0.125,453,0.125,0.00031375
355.0,10.0,-30.0,0.005859375,0.0,453,0.0,0.019578
355.0,11.0,-15.0,0.020507812,0.15625,453,0.15625,0.152106
355.0,12.0,0.0,0.13574219,0.5625,453,0.5625,0.39802325
355.0,13.0,15.0,0.024414062,0.15625,453,0.15625,0.1524825
355.0,14.0,30.0,0.0068359375,0.0,453,0.0,0.01951525
355.0,15.0,45.0,0.046875,0.125,453,0.125,0.0
355.0,16.0,60.0,0.3095703,0.59375,453,0.59375,0.216613
355.0,17.0,75.0,0.7324219,1.40625,453,1.40625,0.71227525
355.0,18.0,90.0,1.0009766,2.375,453,2.375,1.299176
355.0,19.0,105.0,0.70410156,1.5625,453,1.5625,0.75456875
355.0,20.0,120.0,0.34277344,0.78125,453,0.78125,0.270578
355.0,21.0,135.0,0.06640625,0.21875,453,0.21875,0.01662875
355.0,22.0,150.0,0.0,0.0,453,0.0,0.003514
355.0,23.0,165.0,0.034179688,0.09375,453,0.09375,0.128512
355.0,24.0,180.0,0.12890625,0.53125,453,0.53125,0.3778805
244.0,1.0,-165.0,0.21582031,0.25,454,0.25,0.18291625
244.0,2.0,-150.0,0.9609375,1.0625,454,1.0625,0.8442385
244.0,3.0,-135.0,2.2236328,2.40625,454,2.40625,2.0216795
244.0,4.0,-120.0,3.7285156,4.0625,454,4.0625,3.54330425
244.0,5.0,-105.0,5.036133,5.5,454,5.5,4.9234905
244.0,6.0,-90.0,5.584961,6.03125,454,6.03125,5.48478925
244.0,7.0,-75.0,5.0634766,5.5,454,5.5,4.91890975
244.0,8.0,-60.0,3.7851562,4.09375,454,4.09375,3.57706375
244.0,9.0,-45.0,2.2490234,2.46875,454,2.46875,2.06227875
244.0,10.0,-30.0,0.9589844,1.09375,454,1.09375,0.86249875
244.0,11.0,-15.0,0.20996094,0.25,454,0.25,0.186995
244.0,12.0,0.0,0.0087890625,0.0,454,0.0,0.002259
244.0,13.0,15.0,0.20703125,0.25,454,0.25,0.186995
244.0,14.0,30.0,0.9580078,1.09375,454,1.09375,0.86400475
244.0,15.0,45.0,2.2490234,2.46875,454,2.46875,2.06227875
244.0,16.0,60.0,3.78125,4.09375,454,4.09375,3.57681275
244.0,17.0,75.0,5.069336,5.5,454,5.5,4.92317675
244.0,18.0,90.0,5.584961,6.03125,454,6.03125,5.48478925
244.0,19.0,105.0,5.040039,5.5,454,5.5,4.922863
244.0,20.0,120.0,3.7285156,4.0625,454,4.0625,3.54330425
244.0,21.0,135.0,2.2236328,2.40625,454,2.40625,2.02161675
244.0,22.0,150.0,0.9589844,1.0625,454,1.0625,0.84154025
244.0,23.0,165.0,0.21679688,0.25,454,0.25,0.1828535
244.0,24.0,180.0,0.0,0.0,454,0.0,0.0
55.0,1.0,-165.0,1.4619141,0.9375,455,0.9375,0.98699475
55.0,2.0,-150.0,2.0644531,1.34375,455,1.34375,1.05438825
55.0,3.0,-135.0,3.1132812,2.21875,455,2.21875,1.4767585
55.0,4.0,-120.0,4.6777344,3.5625,455,3.5625,2.33938275
55.0,5.0,-105.0,6.5273438,5.34375,455,5.34375,3.6283305
55.0,6.0,-90.0,7.9765625,7.09375,455,7.09375,5.21722325
55.0,7.0,-75.0,5.495117,5.25,455,5.25,3.809427
55.0,8.0,-60.0,3.1191406,3.375,455,3.375,2.3660515
55.0,9.0,-45.0,1.4042969,1.84375,455,1.84375,1.238685
55.0,10.0,-30.0,0.47265625,0.84375,455,0.84375,0.51134975
55.0,11.0,-15.0,0.107421875,0.1875,455,0.1875,0.11928775
55.0,12.0,0.0,0.0,0.0,455,0.0,0.0
55.0,13.0,15.0,0.109375,0.1875,455,0.1875,0.11928775
55.0,14.0,30.0,0.4892578,0.78125,455,0.78125,0.50055675
55.0,15.0,45.0,1.3994141,1.84375,455,1.84375,1.23661425
55.0,16.0,60.0,3.1210938,3.375,455,3.375,2.3660515
55.0,17.0,75.0,5.4941406,5.25,455,5.25,3.809427
55.0,18.0,90.0,7.9716797,7.125,455,7.125,5.20354375
55.0,19.0,105.0,6.515625,5.34375,455,5.34375,3.62625975
55.0,20.0,120.0,4.6757812,3.5625,455,3.5625,2.33975925
55.0,21.0,135.0,3.1152344,2.21875,455,2.21875,1.4825315
55.0,22.0,150.0,2.0644531,1.34375,455,1.34375,1.05463925
55.0,23.0,165.0,1.4609375,0.9375,455,0.9375,0.987183
55.0,24.0,180.0,1.2011719,0.84375,455,0.84375,1.063487
242.0,1.0,-165.0,1.1416016,0.5625,456,0.5625,0.49817225
242.0,2.0,-150.0,1.6152344,1.1875,456,1.1875,0.9948385
242.0,3.0,-135.0,2.336914,2.25,456,2.25,1.82608775
242.0,4.0,-120.0,3.2539062,3.5625,456,3.5625,2.885245
242.0,5.0,-105.0,4.182617,4.8125,456,4.8125,3.8354055
242.0,6.0,-90.0,4.6015625,5.4375,456,5.4375,4.26329775
242.0,7.0,-75.0,4.0039062,5.0,456,5.0,3.95030075
242.0,8.0,-60.0,3.0117188,3.875,456,3.875,3.052913
242.0,9.0,-45.0,1.9179688,2.375,456,2.375,1.9175145
242.0,10.0,-30.0,0.9736328,1.125,456,1.125,0.92926475
242.0,11.0,-15.0,0.26953125,0.3125,456,0.3125,0.2503725
242.0,12.0,0.0,0.0,0.0,456,0.0,0.0
242.0,13.0,15.0,0.26953125,0.3125,456,0.3125,0.25030975
242.0,14.0,30.0,0.9736328,1.125,456,1.125,0.929202
242.0,15.0,45.0,1.9169922,2.375,456,2.375,1.91757725
242.0,16.0,60.0,3.0117188,3.875,456,3.875,3.0527875
242.0,17.0,75.0,4.004883,5.0,456,5.0,3.95042625
242.0,18.0,90.0,4.602539,5.4375,456,5.4375,4.26329775
242.0,19.0,105.0,4.182617,4.8125,456,4.8125,3.8354055
242.0,20.0,120.0,3.2529297,3.5625,456,3.5625,2.88631175
242.0,21.0,135.0,2.3378906,2.25,456,2.25,1.82608775
242.0,22.0,150.0,1.6152344,1.1875,456,1.1875,0.994964
242.0,23.0,165.0,1.1416016,0.5625,456,0.5625,0.49817225
242.0,24.0,180.0,0.9638672,0.375,456,0.375,0.34142275
46.0,1.0,-165.0,5.3066406,4.3125,457,4.3125,4.484115
46.0,2.0,-150.0,6.1308594,5.09375,457,5.09375,4.96019925
46.0,3.0,-135.0,7.236328,6.125,457,6.125,5.67504725
46.0,4.0,-120.0,3.5488281,2.5625,457,2.5625,3.297638
46.0,5.0,-105.0,2.1328125,1.4375,457,1.4375,2.2124395
46.0,6.0,-90.0,0.7792969,0.65625,457,0.65625,1.187983
46.0,7.0,-75.0,0.0,0.53125,457,0.53125,0.5902265
46.0,8.0,-60.0,0.060546875,1.0625,457,1.0625,0.896572
46.0,9.0,-45.0,2.5039062,2.90625,457,2.90625,1.81931075
46.0,10.0,-30.0,2.9179688,4.59375,457,4.59375,3.64470825
46.0,11.0,-15.0,4.8535156,6.65625,457,6.65625,5.34128
46.0,12.0,0.0,8.082031,9.375,457,9.375,7.44321675
46.0,13.0,15.0,4.892578,5.8125,457,5.8125,4.47024725
46.0,14.0,30.0,2.8691406,3.5625,457,3.5625,2.4598
46.0,15.0,45.0,1.1503906,1.53125,457,1.53125,0.80778075
46.0,16.0,60.0,0.26757812,0.34375,457,0.34375,0.0
46.0,17.0,75.0,0.43359375,0.0,457,0.0,0.12066825
46.0,18.0,90.0,1.4785156,0.6875,457,0.6875,1.09467375
46.0,19.0,105.0,2.9609375,1.90625,457,1.90625,2.48320575
46.0,20.0,120.0,4.314453,3.0625,457,3.0625,3.74510825
46.0,21.0,135.0,4.1132812,2.84375,457,2.84375,3.7001165
46.0,22.0,150.0,3.390625,2.0625,457,2.0625,2.81101175
46.0,23.0,165.0,2.8164062,1.4375,457,1.4375,2.0465285
46.0,24.0,180.0,2.6132812,1.25,457,1.25,1.670154
36.0,1.0,-165.0,1.8183594,1.0,458,1.0,0.907616
36.0,2.0,-150.0,1.7402344,0.84375,458,0.84375,0.93202575
36.0,3.0,-135.0,1.71875,0.78125,458,0.78125,0.94595625
36.0,4.0,-120.0,1.546875,0.6875,458,0.6875,0.8236565
36.0,5.0,-105.0,1.0976562,0.46875,458,0.46875,0.510032
36.0,6.0,-90.0,0.43359375,0.15625,458,0.15625,0.15919675
36.0,7.0,-75.0,0.0,0.0,458,0.0,0.0
36.0,8.0,-60.0,0.18945312,0.09375,458,0.09375,0.23738325
36.0,9.0,-45.0,0.9550781,0.53125,458,0.53125,0.880759
36.0,10.0,-30.0,1.8652344,1.15625,458,1.15625,1.74338325
36.0,11.0,-15.0,2.6835938,1.8125,458,1.8125,2.568985
36.0,12.0,0.0,3.2539062,2.28125,458,2.28125,3.1077565
36.0,13.0,15.0,2.678711,1.8125,458,1.8125,2.56729075
36.0,14.0,30.0,1.8662109,1.15625,458,1.15625,1.7433205
36.0,15.0,45.0,0.9550781,0.53125,458,0.53125,0.88101
36.0,16.0,60.0,0.18847656,0.09375,458,0.09375,0.23738325
36.0,17.0,75.0,0.0,0.0,458,0.0,0.00018825
36.0,18.0,90.0,0.43066406,0.15625,458,0.15625,0.1592595
36.0,19.0,105.0,1.0966797,0.46875,458,0.46875,0.510032
36.0,20.0,120.0,1.5458984,0.6875,458,0.6875,0.823782
36.0,21.0,135.0,1.7197266,0.78125,458,0.78125,0.946772
36.0,22.0,150.0,1.7363281,0.84375,458,0.84375,0.93227675
36.0,23.0,165.0,1.8183594,1.0,458,1.0,0.90742775
36.0,24.0,180.0,2.1103516,1.375,458,1.375,1.02878625
458.0,1.0,-165.0,2.319336,2.0625,459,2.0625,2.0384965
458.0,2.0,-150.0,0.6484375,0.5625,459,0.5625,0.4885715
458.0,3.0,-135.0,0.0009765625,0.0,459,0.0,0.001757
458.0,4.0,-120.0,0.19726562,0.3125,459,0.3125,0.36213025
458.0,5.0,-105.0,0.921875,0.9375,459,0.9375,1.061228
458.0,6.0,-90.0,1.2714844,1.3125,459,1.3125,1.43164125
458.0,7.0,-75.0,0.9794922,0.9375,459,0.9375,1.09806225
458.0,8.0,-60.0,0.23632812,0.3125,459,0.3125,0.3716055
458.0,9.0,-45.0,0.0087890625,0.0,459,0.0,0.0
458.0,10.0,-30.0,0.7470703,0.6875,459,0.6875,0.615452
458.0,11.0,-15.0,2.5361328,2.25,459,2.25,2.30210925
458.0,12.0,0.0,4.442383,4.125,459,4.125,4.424377
458.0,13.0,15.0,2.5371094,2.25,459,2.25,2.30198375
458.0,14.0,30.0,0.74902344,0.6875,459,0.6875,0.615703
458.0,15.0,45.0,0.0087890625,0.0,459,0.0,0.00056475
458.0,16.0,60.0,0.23730469,0.3125,459,0.3125,0.37154275
458.0,17.0,75.0,0.9794922,0.9375,459,0.9375,1.097121
458.0,18.0,90.0,1.2705078,1.3125,459,1.3125,1.43126475
458.0,19.0,105.0,0.921875,0.9375,459,0.9375,1.06116525
458.0,20.0,120.0,0.19824219,0.3125,459,0.3125,0.36213025
458.0,21.0,135.0,0.0,0.0,459,0.0,0.001757
458.0,22.0,150.0,0.6484375,0.5625,459,0.5625,0.488446
458.0,23.0,165.0,2.3203125,2.0625,459,2.0625,2.03868475
458.0,24.0,180.0,4.4716797,4.0625,459,4.0625,4.3087915
327.0,1.0,-165.0,2.8984375,3.59375,460,3.59375,3.240159
327.0,2.0,-150.0,1.3847656,0.84375,460,0.84375,0.96076525
327.0,3.0,-135.0,0.7792969,0.21875,460,0.21875,0.43674
327.0,4.0,-120.0,0.17578125,0.0,460,0.0,0.0606165
327.0,5.0,-105.0,0.0,0.3125,460,0.3125,0.0
327.0,6.0,-90.0,0.93652344,1.0625,460,1.0625,1.40490975
327.0,7.0,-75.0,1.1005859,1.46875,460,1.46875,1.48397475
327.0,8.0,-60.0,1.9541016,2.40625,460,2.40625,2.254231
327.0,9.0,-45.0,3.4970703,3.90625,460,3.90625,3.78250725
327.0,10.0,-30.0,5.3183594,6.78125,460,6.78125,5.88312625
327.0,11.0,-15.0,5.506836,7.0625,460,7.0625,5.85953225
327.0,12.0,0.0,5.9921875,7.53125,460,7.53125,6.200955
327.0,13.0,15.0,6.7197266,8.1875,460,8.1875,6.8830475
327.0,14.0,30.0,6.2490234,6.15625,460,6.15625,6.1094655
327.0,15.0,45.0,4.864258,5.15625,460,5.15625,4.8386525
327.0,16.0,60.0,3.1103516,3.40625,460,3.40625,2.9988225
327.0,17.0,75.0,1.9667969,2.125,460,2.125,1.96614575
327.0,18.0,90.0,1.4228516,1.28125,460,1.28125,1.6547175
327.0,19.0,105.0,0.5058594,0.75,460,0.75,0.97494675
327.0,20.0,120.0,0.51953125,0.09375,460,0.09375,0.78644575
327.0,21.0,135.0,0.88671875,0.0625,460,0.0625,0.85358825
327.0,22.0,150.0,1.3564453,0.46875,460,0.46875,1.21440075
327.0,23.0,165.0,1.5927734,1.15625,460,1.15625,1.673166
327.0,24.0,180.0,2.7841797,3.59375,460,3.59375,3.1883275
482.0,1.0,-165.0,4.9521484,4.59375,461,4.59375,5.76088925
482.0,2.0,-150.0,1.3691406,0.0,461,0.0,0.94482675
482.0,3.0,-135.0,0.70703125,0.625,461,0.625,0.58777925
482.0,4.0,-120.0,0.0029296875,0.4375,461,0.4375,0.00345125
482.0,5.0,-105.0,0.08496094,0.875,461,0.875,0.25520425
482.0,6.0,-90.0,0.2607422,1.1875,461,1.1875,0.48624975
482.0,7.0,-75.0,0.11230469,0.9375,461,0.9375,0.29661925
482.0,8.0,-60.0,0.0078125,0.46875,461,0.46875,0.00081575
482.0,9.0,-45.0,0.5410156,0.5625,461,0.5625,0.528104
482.0,10.0,-30.0,2.2822266,1.90625,461,1.90625,2.4742325
482.0,11.0,-15.0,4.5820312,4.4375,461,4.4375,5.6672035
482.0,12.0,0.0,4.5595703,5.71875,461,5.71875,7.79606
482.0,13.0,15.0,4.6328125,4.4375,461,4.4375,5.69286825
482.0,14.0,30.0,2.2773438,1.90625,461,1.90625,2.47605225
482.0,15.0,45.0,0.5527344,0.5625,461,0.5625,0.53757925
482.0,16.0,60.0,0.0078125,0.46875,461,0.46875,0.0
482.0,17.0,75.0,0.12109375,0.9375,461,0.9375,0.299694
482.0,18.0,90.0,0.2578125,1.1875,461,1.1875,0.48599875
482.0,19.0,105.0,0.09765625,0.875,461,0.875,0.2604125
482.0,20.0,120.0,0.0,0.4375,461,0.4375,0.00508275
482.0,21.0,135.0,0.7060547,0.625,461,0.625,0.588344
482.0,22.0,150.0,2.5390625,1.9375,461,1.9375,2.52700525
482.0,23.0,165.0,4.9453125,4.59375,461,4.59375,5.761705
482.0,24.0,180.0,4.5927734,5.84375,461,5.84375,7.872113
207.0,1.0,-165.0,5.296875,6.5,462,6.5,5.964011
207.0,2.0,-150.0,3.4482422,4.90625,462,4.90625,4.31136425
207.0,3.0,-135.0,2.2851562,4.15625,462,4.15625,3.38266425
207.0,4.0,-120.0,1.4980469,3.9375,462,3.9375,3.02385975
207.0,5.0,-105.0,0.89160156,3.90625,462,3.90625,2.77775425
207.0,6.0,-90.0,0.7294922,3.40625,462,3.40625,2.320244
207.0,7.0,-75.0,0.71191406,2.25,462,2.25,1.3590395
207.0,8.0,-60.0,0.3623047,0.8125,462,0.8125,0.33615175
207.0,9.0,-45.0,0.0,0.0,462,0.0,0.0
207.0,10.0,-30.0,0.3095703,0.09375,462,0.09375,0.5232095
207.0,11.0,-15.0,1.2255859,0.84375,462,0.84375,1.674421
207.0,12.0,0.0,1.7988281,1.46875,462,1.46875,2.475864
207.0,13.0,15.0,1.2236328,0.84375,462,0.84375,1.65628625
207.0,14.0,30.0,0.3095703,0.09375,462,0.09375,0.5277275
207.0,15.0,45.0,0.0048828125,0.0,462,0.0,0.001004
207.0,16.0,60.0,0.34765625,0.8125,462,0.8125,0.34205025
207.0,17.0,75.0,0.7158203,2.25,462,2.25,1.34705425
207.0,18.0,90.0,0.7216797,3.40625,462,3.40625,2.3163535
207.0,19.0,105.0,0.8808594,3.875,462,3.875,2.77863275
207.0,20.0,120.0,1.5195312,3.96875,462,3.96875,3.012753
207.0,21.0,135.0,2.321289,4.15625,462,4.15625,3.39960675
207.0,22.0,150.0,3.4453125,4.90625,462,4.90625,4.3150665
207.0,23.0,165.0,5.294922,6.5,462,6.5,5.96733675
207.0,24.0,180.0,7.6875,8.65625,462,8.65625,7.95921
374.0,1.0,-165.0,0.9638672,0.0,463,0.0,0.44270125
374.0,2.0,-150.0,1.2001953,0.4375,463,0.4375,1.0244565
374.0,3.0,-135.0,1.390625,0.84375,463,0.84375,1.50154475
374.0,4.0,-120.0,1.7304688,1.0625,463,1.0625,1.5648595
374.0,5.0,-105.0,0.6230469,0.40625,463,0.40625,0.852145
374.0,6.0,-90.0,0.17285156,0.125,463,0.125,0.264554
374.0,7.0,-75.0,0.001953125,0.25,463,0.25,0.0
374.0,8.0,-60.0,0.6591797,1.28125,463,1.28125,0.65994175
374.0,9.0,-45.0,2.4560547,3.3125,463,3.3125,2.3979285
374.0,10.0,-30.0,4.9101562,5.75,463,5.75,4.7713845
374.0,11.0,-15.0,7.350586,7.9375,463,7.9375,7.0072925
374.0,12.0,0.0,9.033203,9.40625,463,9.40625,8.58671
374.0,13.0,15.0,7.34375,7.9375,463,7.9375,7.00748075
374.0,14.0,30.0,4.9091797,5.75,463,5.75,4.76667825
374.0,15.0,45.0,2.4521484,3.3125,463,3.3125,2.39523025
374.0,16.0,60.0,0.66503906,1.28125,463,1.28125,0.66395775
374.0,17.0,75.0,0.0,0.25,463,0.25,6.27e-05
374.0,18.0,90.0,0.171875,0.125,463,0.125,0.2631735
374.0,19.0,105.0,0.61621094,0.40625,463,0.40625,0.85195675
374.0,20.0,120.0,1.4677734,1.0625,463,1.0625,1.509012
374.0,21.0,135.0,1.3730469,0.84375,463,0.84375,1.5011055
374.0,22.0,150.0,1.1914062,0.4375,463,0.4375,1.01874625
374.0,23.0,165.0,0.9667969,0.0,463,0.0,0.4428895
374.0,24.0,180.0,0.5175781,0.0,463,0.0,0.2370695
335.0,1.0,-165.0,6.705078,8.90625,464,8.90625,8.209708
335.0,2.0,-150.0,6.2314453,8.125,464,8.125,7.232063
335.0,3.0,-135.0,6.404297,8.03125,464,8.03125,6.8408795
335.0,4.0,-120.0,6.995117,8.5,464,8.5,6.96882675
335.0,5.0,-105.0,7.2216797,9.1875,464,9.1875,7.29136175
335.0,6.0,-90.0,7.1103516,9.65625,464,9.65625,7.43581225
335.0,7.0,-75.0,7.001953,9.21875,464,9.21875,7.0793295
335.0,8.0,-60.0,4.0683594,5.375,464,5.375,4.2124075
335.0,9.0,-45.0,2.2539062,3.25,464,3.25,2.6160475
335.0,10.0,-30.0,0.84472656,1.4375,464,1.4375,1.180202
335.0,11.0,-15.0,0.19042969,0.34375,464,0.34375,0.286642
335.0,12.0,0.0,0.0,0.0,464,0.0,0.0
335.0,13.0,15.0,0.19042969,0.34375,464,0.34375,0.28657925
335.0,14.0,30.0,0.8408203,1.4375,464,1.4375,1.1797
335.0,15.0,45.0,2.2558594,3.25,464,3.25,2.61573375
335.0,16.0,60.0,4.0742188,5.375,464,5.375,4.211529
335.0,17.0,75.0,6.9609375,9.21875,464,9.21875,7.06935225
335.0,18.0,90.0,7.109375,9.65625,464,9.65625,7.4362515
335.0,19.0,105.0,7.21875,9.1875,464,9.1875,7.28973025
335.0,20.0,120.0,6.9960938,8.5,464,8.5,6.97027
335.0,21.0,135.0,6.404297,8.03125,464,8.03125,6.8398755
335.0,22.0,150.0,6.2353516,8.125,464,8.125,7.22949025
335.0,23.0,165.0,6.7060547,8.90625,464,8.90625,8.2103355
335.0,24.0,180.0,7.165039,9.84375,464,9.84375,9.17034775
113.0,1.0,-165.0,0.0,0.0,465,0.0,0.109687
113.0,2.0,-150.0,0.328125,0.0625,465,0.0625,0.56907975
113.0,3.0,-135.0,0.9501953,0.1875,465,0.1875,0.92010325
113.0,4.0,-120.0,1.4814453,0.25,465,0.25,0.96465575
113.0,5.0,-105.0,1.5761719,0.3125,465,0.3125,0.74603475
113.0,6.0,-90.0,1.6191406,0.5625,465,0.5625,0.68453975
113.0,7.0,-75.0,2.9560547,1.6875,465,1.6875,1.42637025
113.0,8.0,-60.0,3.1679688,2.1875,465,2.1875,1.7345355
113.0,9.0,-45.0,4.541992,3.6875,465,3.6875,3.16278825
113.0,10.0,-30.0,6.4472656,5.5,465,5.5,4.9852365
113.0,11.0,-15.0,8.025391,6.875,465,6.875,6.27895325
113.0,12.0,0.0,8.660156,7.375,465,7.375,6.6596575
113.0,13.0,15.0,8.0234375,6.875,465,6.875,6.2783885
113.0,14.0,30.0,6.448242,5.5,465,5.5,4.9852365
113.0,15.0,45.0,4.5058594,3.6875,465,3.6875,3.14659875
113.0,16.0,60.0,3.6435547,2.4375,465,2.4375,2.07068725
113.0,17.0,75.0,2.4726562,1.25,465,1.25,1.160373
113.0,18.0,90.0,1.6201172,0.5625,465,0.5625,0.6851045
113.0,19.0,105.0,1.5751953,0.3125,465,0.3125,0.7455955
113.0,20.0,120.0,1.4794922,0.25,465,0.25,0.964593
113.0,21.0,135.0,0.9511719,0.1875,465,0.1875,0.91935025
113.0,22.0,150.0,0.32714844,0.0625,465,0.0625,0.56977
113.0,23.0,165.0,0.00390625,0.0,465,0.0,0.1100635
113.0,24.0,180.0,0.045898438,0.125,465,0.125,0.0
48.0,1.0,-165.0,0.49902344,0.96875,466,0.96875,1.1439325
48.0,2.0,-150.0,0.01953125,0.0625,466,0.0625,0.17337825
48.0,3.0,-135.0,0.35546875,0.125,466,0.125,0.030371
48.0,4.0,-120.0,1.1513672,0.84375,466,0.84375,0.51273025
48.0,5.0,-105.0,2.022461,1.75,466,1.75,1.14713275
48.0,6.0,-90.0,2.5136719,2.09375,466,2.09375,1.43804175
48.0,7.0,-75.0,1.9667969,1.53125,466,1.53125,1.077543
48.0,8.0,-60.0,0.96972656,0.5625,466,0.5625,0.37580975
48.0,9.0,-45.0,0.17871094,0.0,466,0.0,0.00207075
48.0,10.0,-30.0,0.0,0.28125,466,0.28125,0.3964545
48.0,11.0,-15.0,0.66503906,1.40625,466,1.40625,1.54848175
48.0,12.0,0.0,2.0908203,3.1875,466,3.1875,3.2099135
48.0,13.0,15.0,0.6660156,1.40625,466,1.40625,1.54873275
48.0,14.0,30.0,0.0068359375,0.28125,466,0.28125,0.398337
48.0,15.0,45.0,0.17480469,0.0,466,0.0,0.0
48.0,16.0,60.0,0.96972656,0.5625,466,0.5625,0.37493125
48.0,17.0,75.0,1.9589844,1.53125,466,1.53125,1.07572325
48.0,18.0,90.0,2.5205078,2.09375,466,2.09375,1.43866925
48.0,19.0,105.0,2.0214844,1.75,466,1.75,1.14399525
48.0,20.0,120.0,1.1591797,0.84375,466,0.84375,0.51837775
48.0,21.0,135.0,0.3544922,0.125,466,0.125,0.03068475
48.0,22.0,150.0,0.017578125,0.0625,466,0.0625,0.17576275
48.0,23.0,165.0,0.49414062,0.96875,466,0.96875,1.143556
48.0,24.0,180.0,1.8017578,2.71875,466,2.71875,2.80297975
319.0,1.0,-165.0,0.2626953,0.34375,467,0.34375,0.266311
319.0,2.0,-150.0,0.91308594,1.3125,467,1.3125,0.99251675
319.0,3.0,-135.0,1.8720703,2.65625,467,2.65625,2.0244405
319.0,4.0,-120.0,3.0263672,4.15625,467,4.15625,3.09301025
319.0,5.0,-105.0,4.1123047,5.375,467,5.375,3.87663225
319.0,6.0,-90.0,4.5722656,5.8125,467,5.8125,4.09575525
319.0,7.0,-75.0,4.0429688,5.21875,467,5.21875,3.69716725
319.0,8.0,-60.0,2.9882812,3.9375,467,3.9375,2.8394375
319.0,9.0,-45.0,1.9765625,2.59375,467,2.59375,1.9200245
319.0,10.0,-30.0,1.1347656,1.53125,467,1.53125,1.1994035
319.0,11.0,-15.0,0.5185547,0.875,467,0.875,0.80389025
319.0,12.0,0.0,0.27929688,0.6875,467,0.6875,0.68523
319.0,13.0,15.0,0.5185547,0.875,467,0.875,0.80376475
319.0,14.0,30.0,1.1347656,1.53125,467,1.53125,1.1994035
319.0,15.0,45.0,1.9775391,2.59375,467,2.59375,1.92046375
319.0,16.0,60.0,2.993164,3.9375,467,3.9375,2.840065
319.0,17.0,75.0,4.0439453,5.21875,467,5.21875,3.69723
319.0,18.0,90.0,4.5742188,5.8125,467,5.8125,4.0956925
319.0,19.0,105.0,4.1123047,5.375,467,5.375,3.8765695
319.0,20.0,120.0,3.024414,4.15625,467,4.15625,3.09301025
319.0,21.0,135.0,1.8720703,2.65625,467,2.65625,2.02274625
319.0,22.0,150.0,0.91308594,1.3125,467,1.3125,0.992454
319.0,23.0,165.0,0.2626953,0.34375,467,0.34375,0.26624825
319.0,24.0,180.0,0.0,0.0,467,0.0,0.0
3.0,1.0,-165.0,1.5292969,1.0,468,1.0,0.90780425
3.0,2.0,-150.0,0.10058594,0.1875,468,0.1875,0.11113025
3.0,3.0,-135.0,0.52734375,0.0,468,0.0,0.0242215
3.0,4.0,-120.0,1.1367188,0.125,468,0.125,0.16258525
3.0,5.0,-105.0,2.0966797,0.875,468,0.875,0.76222425
3.0,6.0,-90.0,3.211914,1.875,468,1.875,1.79910525
3.0,7.0,-75.0,2.0898438,0.8125,468,0.8125,0.78230425
3.0,8.0,-60.0,1.0371094,0.0625,468,0.0625,0.13723425
3.0,9.0,-45.0,0.41796875,0.0625,468,0.0625,0.0051455
3.0,10.0,-30.0,0.0009765625,0.1875,468,0.1875,0.08163775
3.0,11.0,-15.0,1.3857422,1.0,468,1.0,0.8768685
3.0,12.0,0.0,0.35546875,0.8125,468,0.8125,0.581567
3.0,13.0,15.0,1.4111328,1.0,468,1.0,0.88797525
3.0,14.0,30.0,0.0,0.1875,468,0.1875,0.0817005
3.0,15.0,45.0,0.41503906,0.0625,468,0.0625,0.0
3.0,16.0,60.0,1.0371094,0.0625,468,0.0625,0.13723425
3.0,17.0,75.0,2.0898438,0.8125,468,0.8125,0.78945775
3.0,18.0,90.0,3.241211,1.875,468,1.875,1.81353775
3.0,19.0,105.0,2.0751953,0.875,468,0.875,0.74201875
3.0,20.0,120.0,1.1269531,0.125,468,0.125,0.15668675
3.0,21.0,135.0,0.53515625,0.0,468,0.0,0.0247235
3.0,22.0,150.0,0.09765625,0.1875,468,0.1875,0.10836925
3.0,23.0,165.0,1.5136719,1.0,468,1.0,0.90265875
3.0,24.0,180.0,0.3984375,0.8125,468,0.8125,0.59744275
9.0,1.0,-165.0,2.1748047,0.375,469,0.375,1.554694
9.0,2.0,-150.0,1.3613281,0.21875,469,0.21875,0.79121475
9.0,3.0,-135.0,0.859375,0.03125,469,0.03125,0.27013875
9.0,4.0,-120.0,0.4453125,0.03125,469,0.03125,0.04574475
9.0,5.0,-105.0,0.055664062,0.0625,469,0.0625,0.0
9.0,6.0,-90.0,0.0,0.09375,469,0.09375,0.01938975
9.0,7.0,-75.0,0.17089844,0.0625,469,0.0625,0.01562475
9.0,8.0,-60.0,0.6191406,0.0,469,0.0,0.10334925
9.0,9.0,-45.0,1.0058594,0.09375,469,0.09375,0.41722475
9.0,10.0,-30.0,1.5722656,0.28125,469,0.28125,1.01836975
9.0,11.0,-15.0,2.234375,0.375,469,0.375,1.617695
9.0,12.0,0.0,2.352539,0.375,469,0.375,1.7495955
9.0,13.0,15.0,2.2324219,0.375,469,0.375,1.617695
9.0,14.0,30.0,1.5722656,0.28125,469,0.28125,1.01849525
9.0,15.0,45.0,1.0058594,0.09375,469,0.09375,0.41709925
9.0,16.0,60.0,0.6191406,0.0,469,0.0,0.10322375
9.0,17.0,75.0,0.18261719,0.0625,469,0.0625,0.01989175
9.0,18.0,90.0,0.0,0.09375,469,0.09375,0.0202055
9.0,19.0,105.0,0.055664062,0.0625,469,0.0625,0.0
9.0,20.0,120.0,0.4453125,0.03125,469,0.03125,0.0458075
9.0,21.0,135.0,0.86035156,0.03125,469,0.03125,0.27013875
9.0,22.0,150.0,1.3613281,0.21875,469,0.21875,0.79108925
9.0,23.0,165.0,2.1738281,0.375,469,0.375,1.554694
9.0,24.0,180.0,2.359375,0.375,469,0.375,1.749972
234.0,1.0,-165.0,0.828125,0.34375,470,0.34375,0.64048925
234.0,2.0,-150.0,0.013671875,0.0,470,0.0,0.00043925
234.0,3.0,-135.0,0.0029296875,0.34375,470,0.34375,0.0711585
234.0,4.0,-120.0,0.578125,1.25,470,1.25,0.737689
234.0,5.0,-105.0,1.4619141,2.3125,470,2.3125,1.71188275
234.0,6.0,-90.0,2.3447266,3.0625,470,3.0625,2.626213
234.0,7.0,-75.0,1.4775391,2.15625,470,2.15625,1.70598425
234.0,8.0,-60.0,0.56640625,1.0625,470,1.0625,0.71905225
234.0,9.0,-45.0,0.0,0.21875,470,0.21875,0.04210525
234.0,10.0,-30.0,0.099609375,0.0,470,0.0,0.07059375
234.0,11.0,-15.0,1.0185547,0.46875,470,0.46875,0.81518525
234.0,12.0,0.0,2.09375,1.3125,470,1.3125,1.8226365
234.0,13.0,15.0,1.0146484,0.46875,470,0.46875,0.81606375
234.0,14.0,30.0,0.095703125,0.0,470,0.0,0.0706565
234.0,15.0,45.0,0.0029296875,0.21875,470,0.21875,0.04298375
234.0,16.0,60.0,0.5644531,1.0625,470,1.0625,0.72231525
234.0,17.0,75.0,1.4765625,2.15625,470,2.15625,1.70548225
234.0,18.0,90.0,2.3554688,3.0625,470,3.0625,2.62790725
234.0,19.0,105.0,1.4511719,2.3125,470,2.3125,1.708557
234.0,20.0,120.0,0.578125,1.25,470,1.25,0.7378145
234.0,21.0,135.0,0.005859375,0.34375,470,0.34375,0.07147225
234.0,22.0,150.0,0.01171875,0.0,470,0.0,0.0
234.0,23.0,165.0,0.82910156,0.34375,470,0.34375,0.640803
234.0,24.0,180.0,2.0625,1.21875,470,1.21875,1.747211
334.0,1.0,-165.0,1.7138672,1.0,471,1.0,1.17549575
334.0,2.0,-150.0,2.3076172,1.8125,471,1.8125,1.74263025
334.0,3.0,-135.0,3.0810547,2.8125,471,2.8125,2.4885395
334.0,4.0,-120.0,3.09375,2.25,471,2.25,2.82983675
334.0,5.0,-105.0,1.9970703,1.15625,471,1.15625,1.647062
334.0,6.0,-90.0,0.79003906,0.21875,471,0.21875,0.5776765
334.0,7.0,-75.0,0.0,0.0,471,0.0,0.117719
334.0,8.0,-60.0,0.2939453,0.75,471,0.75,0.0
334.0,9.0,-45.0,0.8964844,1.96875,471,1.96875,0.83363375
334.0,10.0,-30.0,2.1816406,3.625,471,3.625,2.3326685
334.0,11.0,-15.0,3.5957031,5.21875,471,5.21875,3.874938
334.0,12.0,0.0,4.4873047,6.28125,471,6.28125,4.862623
334.0,13.0,15.0,3.5927734,5.21875,471,5.21875,3.86232525
334.0,14.0,30.0,2.1757812,3.625,471,3.625,2.322754
334.0,15.0,45.0,0.8955078,1.96875,471,1.96875,0.83501425
334.0,16.0,60.0,0.29492188,0.75,471,0.75,0.0
334.0,17.0,75.0,0.005859375,0.03125,471,0.03125,0.123743
334.0,18.0,90.0,0.7910156,0.21875,471,0.21875,0.57736275
334.0,19.0,105.0,1.9892578,1.15625,471,1.15625,1.64687375
334.0,20.0,120.0,3.1015625,2.25,471,2.25,2.8278915
334.0,21.0,135.0,3.0771484,2.8125,471,2.8125,2.48546475
334.0,22.0,150.0,2.3173828,1.8125,471,1.8125,1.7463325
334.0,23.0,165.0,1.7138672,1.0,471,1.0,1.175935
334.0,24.0,180.0,1.6621094,0.71875,471,0.71875,1.04359525
225.0,1.0,-165.0,0.1796875,0.3125,472,0.3125,0.1612675
225.0,2.0,-150.0,0.8183594,1.34375,472,1.34375,0.80752975
225.0,3.0,-135.0,2.0214844,3.09375,472,3.09375,2.06642025
225.0,4.0,-120.0,3.7167969,5.25,472,5.25,3.75263825
225.0,5.0,-105.0,5.4589844,7.15625,472,7.15625,5.31247775
225.0,6.0,-90.0,6.216797,7.96875,472,7.96875,5.9641365
225.0,7.0,-75.0,5.453125,7.1875,472,7.1875,5.3258435
225.0,8.0,-60.0,3.7460938,5.28125,472,5.28125,3.7944925
225.0,9.0,-45.0,2.0839844,3.125,472,3.125,2.1040075
225.0,10.0,-30.0,0.87109375,1.375,472,1.375,0.83451225
225.0,11.0,-15.0,0.203125,0.3125,472,0.3125,0.1821005
225.0,12.0,0.0,0.0,0.0,472,0.0,0.00018825
225.0,13.0,15.0,0.17773438,0.3125,472,0.3125,0.1675425
225.0,14.0,30.0,0.8183594,1.375,472,1.375,0.81844825
225.0,15.0,45.0,2.0332031,3.125,472,3.125,2.092838
225.0,16.0,60.0,3.7148438,5.28125,472,5.28125,3.79166875
225.0,17.0,75.0,5.4277344,7.15625,472,7.15625,5.31498775
225.0,18.0,90.0,6.2109375,7.96875,472,7.96875,5.962756
225.0,19.0,105.0,5.486328,7.15625,472,7.15625,5.320698
225.0,20.0,120.0,3.78125,5.25,472,5.25,3.76995725
225.0,21.0,135.0,2.0898438,3.09375,472,3.09375,2.076774
225.0,22.0,150.0,0.87109375,1.375,472,1.375,0.82359375
225.0,23.0,165.0,0.20117188,0.3125,472,0.3125,0.18216325
225.0,24.0,180.0,0.001953125,0.0,472,0.0,0.0
92.0,1.0,-165.0,0.0,0.125,473,0.125,0.14915675
92.0,2.0,-150.0,0.26953125,0.6875,473,0.6875,0.492964
92.0,3.0,-135.0,1.0800781,1.78125,473,1.78125,1.29948975
92.0,4.0,-120.0,2.546875,3.5,473,3.5,2.707035
92.0,5.0,-105.0,4.5253906,5.65625,473,5.65625,4.598069
92.0,6.0,-90.0,6.5683594,7.75,473,7.75,6.49908025
92.0,7.0,-75.0,8.079102,9.21875,473,9.21875,7.790287
92.0,8.0,-60.0,8.561523,9.5625,473,9.5625,8.15969625
92.0,9.0,-45.0,2.3339844,2.8125,473,2.8125,1.886014
92.0,10.0,-30.0,0.79785156,1.0,473,1.0,0.3610635
92.0,11.0,-15.0,0.21191406,0.25,473,0.25,0.0
92.0,12.0,0.0,0.15039062,0.03125,473,0.03125,0.15329825
92.0,13.0,15.0,0.07714844,0.0,473,0.0,0.0786885
92.0,14.0,30.0,0.37109375,0.5,473,0.5,0.28770875
92.0,15.0,45.0,1.4882812,1.84375,473,1.84375,1.29045375
92.0,16.0,60.0,3.5253906,4.15625,473,4.15625,3.2274835
92.0,17.0,75.0,6.2246094,7.21875,473,7.21875,5.980075
92.0,18.0,90.0,8.713867,10.375,473,10.375,8.85960975
92.0,19.0,105.0,10.107422,12.4375,473,12.4375,10.70621675
92.0,20.0,120.0,3.4951172,4.375,473,4.375,3.5562935
92.0,21.0,135.0,1.5449219,2.09375,473,2.09375,1.449525
92.0,22.0,150.0,0.5205078,0.78125,473,0.78125,0.3078515
92.0,23.0,165.0,0.17773438,0.21875,473,0.21875,0.05314925
92.0,24.0,180.0,0.17871094,0.0,473,0.0,0.1474625
291.0,1.0,-165.0,1.0917969,0.28125,474,0.28125,0.3409835
291.0,2.0,-150.0,1.1103516,0.5,474,0.5,0.64400325
291.0,3.0,-135.0,1.1191406,0.84375,474,0.84375,0.976892
291.0,4.0,-120.0,1.0283203,0.875,474,0.875,1.0043765
291.0,5.0,-105.0,0.61035156,0.5,474,0.5,0.573535
291.0,6.0,-90.0,0.0,0.0,474,0.0,0.0184485
291.0,7.0,-75.0,0.19921875,0.125,474,0.125,0.0
291.0,8.0,-60.0,1.5966797,1.375,474,1.375,1.132763
291.0,9.0,-45.0,3.6279297,3.65625,474,3.65625,3.25678775
291.0,10.0,-30.0,5.4658203,6.15625,474,6.15625,5.56548575
291.0,11.0,-15.0,6.783203,7.90625,474,7.90625,7.16134375
291.0,12.0,0.0,7.995117,8.21875,474,8.21875,7.89464025
291.0,13.0,15.0,6.9228516,7.875,474,7.875,7.18820075
291.0,14.0,30.0,5.4628906,6.15625,474,6.15625,5.560654
291.0,15.0,45.0,3.6230469,3.65625,474,3.65625,3.25528175
291.0,16.0,60.0,1.5742188,1.375,474,1.375,1.12931175
291.0,17.0,75.0,0.19824219,0.125,474,0.125,0.00043925
291.0,18.0,90.0,0.0029296875,0.0,474,0.0,0.020331
291.0,19.0,105.0,0.60839844,0.5,474,0.5,0.57246825
291.0,20.0,120.0,1.0292969,0.875,474,0.875,1.0036235
291.0,21.0,135.0,1.1162109,0.84375,474,0.84375,0.9775195
291.0,22.0,150.0,1.1035156,0.5,474,0.5,0.6444425
291.0,23.0,165.0,1.0957031,0.28125,474,0.28125,0.34330525
291.0,24.0,180.0,1.2744141,0.4375,474,0.4375,0.4740135
455.0,1.0,-165.0,13.251953,12.78125,475,12.78125,13.840642
455.0,2.0,-150.0,7.267578,6.8125,475,6.8125,7.429098
455.0,3.0,-135.0,2.9140625,2.75,475,2.75,3.072491
455.0,4.0,-120.0,0.80859375,0.71875,475,0.71875,0.80715325
455.0,5.0,-105.0,0.01171875,0.03125,475,0.03125,0.007781
455.0,6.0,-90.0,0.20898438,0.0,475,0.0,0.00395325
455.0,7.0,-75.0,0.765625,0.40625,475,0.40625,0.4890735
455.0,8.0,-60.0,2.0761719,1.40625,475,1.40625,1.689481
455.0,9.0,-45.0,4.607422,3.59375,475,3.59375,4.31061125
455.0,10.0,-30.0,9.1953125,7.46875,475,7.46875,8.74716175
455.0,11.0,-15.0,14.308594,12.15625,475,12.15625,13.76189075
455.0,12.0,0.0,16.679688,15.6875,475,15.6875,16.88295025
455.0,13.0,15.0,12.021484,10.59375,475,10.59375,11.72728475
455.0,14.0,30.0,6.8828125,5.84375,475,5.84375,6.65005675
455.0,15.0,45.0,2.9023438,2.375,475,2.375,2.828017
455.0,16.0,60.0,0.83203125,0.59375,475,0.59375,0.7305355
455.0,17.0,75.0,0.0,0.0,475,0.0,0.0
455.0,18.0,90.0,0.22265625,0.0,475,0.0,0.01248725
455.0,19.0,105.0,0.81640625,0.46875,475,0.46875,0.54448175
455.0,20.0,120.0,2.140625,1.59375,475,1.59375,1.90490175
455.0,21.0,135.0,4.798828,4.21875,475,4.21875,4.88615425
455.0,22.0,150.0,9.996094,8.84375,475,8.84375,10.20923675
455.0,23.0,165.0,15.009766,16.09375,475,16.09375,16.77790675
455.0,24.0,180.0,17.863281,18.03125,475,18.03125,19.22452925
224.0,1.0,-165.0,0.91796875,0.125,476,0.125,0.4267
224.0,2.0,-150.0,0.30273438,0.0,476,0.0,0.0
224.0,3.0,-135.0,0.0,0.375,476,0.375,0.08966975
224.0,4.0,-120.0,0.30273438,1.28125,476,1.28125,0.67801375
224.0,5.0,-105.0,1.0976562,2.3125,476,2.3125,1.46653025
224.0,6.0,-90.0,2.133789,3.125,476,3.125,2.0387475
224.0,7.0,-75.0,2.1308594,2.90625,476,2.90625,1.96827925
224.0,8.0,-60.0,1.9111328,2.4375,476,2.4375,1.47581725
224.0,9.0,-45.0,2.0,2.34375,476,2.34375,1.47318175
224.0,10.0,-30.0,2.9882812,3.0625,476,3.0625,2.36937725
224.0,11.0,-15.0,4.364258,4.40625,476,4.40625,4.04417475
224.0,12.0,0.0,4.928711,5.53125,476,5.53125,5.59874325
224.0,13.0,15.0,4.3652344,4.40625,476,4.40625,4.043108
224.0,14.0,30.0,2.984375,3.0625,476,3.0625,2.3663025
224.0,15.0,45.0,2.0,2.34375,476,2.34375,1.47481325
224.0,16.0,60.0,1.9150391,2.4375,476,2.4375,1.47606825
224.0,17.0,75.0,2.1357422,2.90625,476,2.90625,1.9699735
224.0,18.0,90.0,2.100586,3.09375,476,3.09375,2.05123475
224.0,19.0,105.0,1.0966797,2.3125,476,2.3125,1.4667185
224.0,20.0,120.0,0.3076172,1.28125,476,1.28125,0.67826475
224.0,21.0,135.0,0.0009765625,0.375,476,0.375,0.0914895
224.0,22.0,150.0,0.30371094,0.0,476,0.0,0.001004
224.0,23.0,165.0,0.92578125,0.125,476,0.125,0.42826875
224.0,24.0,180.0,2.2548828,0.59375,476,0.59375,0.7827435
483.0,1.0,-165.0,0.13085938,0.0,477,0.0,0.0
483.0,2.0,-150.0,0.68652344,0.59375,477,0.59375,0.408126
483.0,3.0,-135.0,1.5390625,1.625,477,1.625,1.21778925
483.0,4.0,-120.0,2.4375,2.90625,477,2.90625,2.177676
483.0,5.0,-105.0,3.2138672,4.03125,477,4.03125,2.97704825
483.0,6.0,-90.0,4.0234375,4.53125,477,4.53125,3.28853925
483.0,7.0,-75.0,4.126953,4.0625,477,4.0625,3.02285575
483.0,8.0,-60.0,3.6015625,3.0625,477,3.0625,2.36937725
483.0,9.0,-45.0,2.915039,2.0625,477,2.0625,1.7214835
483.0,10.0,-30.0,2.178711,1.40625,477,1.40625,1.337328
483.0,11.0,-15.0,1.5878906,1.125,477,1.125,1.22142875
483.0,12.0,0.0,1.2910156,1.03125,477,1.03125,1.1795745
483.0,13.0,15.0,1.4462891,1.03125,477,1.03125,1.12448
483.0,14.0,30.0,2.0341797,1.34375,477,1.34375,1.237681
483.0,15.0,45.0,2.8632812,2.03125,477,2.03125,1.653588
483.0,16.0,60.0,3.6298828,3.03125,477,3.03125,2.311961
483.0,17.0,75.0,4.114258,4.03125,477,4.03125,2.95270125
483.0,18.0,90.0,3.9814453,4.5,477,4.5,3.24624575
483.0,19.0,105.0,3.3125,4.125,477,4.125,3.06050575
483.0,20.0,120.0,2.4208984,3.25,477,3.25,2.48998275
483.0,21.0,135.0,1.4697266,2.1875,477,2.1875,1.76873425
483.0,22.0,150.0,0.6611328,1.21875,477,1.21875,1.0653695
483.0,23.0,165.0,0.20898438,0.4375,477,0.4375,0.47018575
483.0,24.0,180.0,0.0,0.0,477,0.0,0.05653775
387.0,1.0,-165.0,2.0009766,1.84375,478,1.84375,1.594101
387.0,2.0,-150.0,1.1445312,1.0,478,1.0,0.855408
387.0,3.0,-135.0,0.32910156,0.28125,478,0.28125,0.22922575
387.0,4.0,-120.0,0.0,0.0,478,0.0,0.015311
387.0,5.0,-105.0,0.36523438,0.34375,478,0.34375,0.33138275
387.0,6.0,-90.0,1.2578125,1.1875,478,1.1875,1.0437835
387.0,7.0,-75.0,2.3164062,2.0,478,2.0,1.713577
387.0,8.0,-60.0,2.8417969,2.875,478,2.875,2.7121805
387.0,9.0,-45.0,2.4316406,2.6875,478,2.6875,2.27550325
387.0,10.0,-30.0,1.6230469,1.90625,478,1.90625,1.31969525
387.0,11.0,-15.0,0.76660156,1.125,478,1.125,0.43090425
387.0,12.0,0.0,0.38378906,0.75,478,0.75,0.0
387.0,13.0,15.0,0.76660156,1.125,478,1.125,0.43090425
387.0,14.0,30.0,1.6171875,1.90625,478,1.90625,1.319507
387.0,15.0,45.0,2.4316406,2.6875,478,2.6875,2.27537775
387.0,16.0,60.0,2.8398438,2.875,478,2.875,2.712306
387.0,17.0,75.0,2.3203125,2.0,478,2.0,1.71589875
387.0,18.0,90.0,1.2578125,1.1875,478,1.1875,1.04397175
387.0,19.0,105.0,0.3642578,0.34375,478,0.34375,0.3314455
387.0,20.0,120.0,0.0,0.0,478,0.0,0.01549925
387.0,21.0,135.0,0.32910156,0.28125,478,0.28125,0.2287865
387.0,22.0,150.0,1.1455078,1.0,478,1.0,0.85672575
387.0,23.0,165.0,2.0,1.84375,478,1.84375,1.59378725
387.0,24.0,180.0,2.475586,2.25,478,2.25,1.9677145
321.0,1.0,-165.0,0.234375,0.0625,479,0.0625,0.20575725
321.0,2.0,-150.0,0.19921875,0.0,479,0.0,0.202808
321.0,3.0,-135.0,0.18652344,0.21875,479,0.21875,0.240207
321.0,4.0,-120.0,0.26660156,0.75,479,0.75,0.437242
321.0,5.0,-105.0,0.28125,1.40625,479,1.40625,0.70022725
321.0,6.0,-90.0,0.40625,2.0,479,2.0,0.86500875
321.0,7.0,-75.0,0.08984375,0.84375,479,0.84375,0.0006275
321.0,8.0,-60.0,0.74121094,1.03125,479,1.03125,0.2574005
321.0,9.0,-45.0,1.8623047,1.96875,479,1.96875,1.37516625
321.0,10.0,-30.0,3.1386719,3.34375,479,3.34375,2.91078425
321.0,11.0,-15.0,4.390625,4.90625,479,4.90625,4.5126035
321.0,12.0,0.0,5.2753906,6.4375,479,6.4375,5.91450125
321.0,13.0,15.0,4.3916016,4.90625,479,4.90625,4.51254075
321.0,14.0,30.0,3.1386719,3.34375,479,3.34375,2.91103525
321.0,15.0,45.0,1.8574219,1.96875,479,1.96875,1.3758565
321.0,16.0,60.0,0.74316406,1.03125,479,1.03125,0.2568985
321.0,17.0,75.0,0.091796875,0.84375,479,0.84375,0.0
321.0,18.0,90.0,0.0,1.53125,479,1.53125,0.6030275
321.0,19.0,105.0,0.28222656,1.40625,479,1.40625,0.70035275
321.0,20.0,120.0,0.2685547,0.75,479,0.75,0.43674
321.0,21.0,135.0,0.18945312,0.21875,479,0.21875,0.24052075
321.0,22.0,150.0,0.19921875,0.0,479,0.0,0.201553
321.0,23.0,165.0,0.234375,0.0625,479,0.0625,0.20582
321.0,24.0,180.0,0.32421875,0.46875,479,0.46875,0.379261
296.0,1.0,-165.0,0.14355469,0.21875,480,0.21875,0.11916225
296.0,2.0,-150.0,0.55371094,0.875,480,0.875,0.4855595
296.0,3.0,-135.0,1.2666016,1.875,480,1.875,1.08475925
296.0,4.0,-120.0,2.3203125,3.125,480,3.125,1.89724625
296.0,5.0,-105.0,3.3300781,4.40625,480,4.40625,2.765016
296.0,6.0,-90.0,4.100586,5.0625,480,5.0625,3.18901775
296.0,7.0,-75.0,3.3134766,4.28125,480,4.28125,2.7300015
296.0,8.0,-60.0,2.2480469,2.96875,480,2.96875,1.822762
296.0,9.0,-45.0,1.1503906,1.6875,480,1.6875,0.98573975
296.0,10.0,-30.0,0.47753906,0.75,480,0.75,0.42462925
296.0,11.0,-15.0,0.123046875,0.1875,480,0.1875,0.102659
296.0,12.0,0.0,0.0,0.0,480,0.0,0.0
296.0,13.0,15.0,0.123046875,0.1875,480,0.1875,0.10291
296.0,14.0,30.0,0.47753906,0.75,480,0.75,0.42375075
296.0,15.0,45.0,1.1542969,1.6875,480,1.6875,0.98699475
296.0,16.0,60.0,2.243164,2.96875,480,2.96875,1.82194625
296.0,17.0,75.0,3.3203125,4.28125,480,4.28125,2.73596275
296.0,18.0,90.0,4.104492,5.0625,480,5.0625,3.18788825
296.0,19.0,105.0,3.3310547,4.40625,480,4.40625,2.7646395
296.0,20.0,120.0,2.3183594,3.125,480,3.125,1.897309
296.0,21.0,135.0,1.2666016,1.875,480,1.875,1.08475925
296.0,22.0,150.0,0.5390625,0.875,480,0.875,0.477653
296.0,23.0,165.0,0.14257812,0.21875,480,0.21875,0.11840925
296.0,24.0,180.0,0.0048828125,0.0,480,0.0,0.00056475
76.0,1.0,-165.0,0.7529297,1.53125,481,1.53125,1.20724725
76.0,2.0,-150.0,0.4892578,1.34375,481,1.34375,1.1431795
76.0,3.0,-135.0,0.4736328,0.75,481,0.75,0.55075675
76.0,4.0,-120.0,0.0703125,0.375,481,0.375,0.116464
76.0,5.0,-105.0,0.0,0.0,481,0.0,0.0
76.0,6.0,-90.0,0.42089844,0.3125,481,0.3125,0.3178915
76.0,7.0,-75.0,0.8105469,1.0625,481,1.0625,0.84329725
76.0,8.0,-60.0,1.2988281,2.0625,481,2.0625,1.50392925
76.0,9.0,-45.0,1.9785156,2.96875,481,2.96875,2.2764445
76.0,10.0,-30.0,1.9560547,3.03125,481,3.03125,2.31352975
76.0,11.0,-15.0,1.3398438,2.46875,481,2.46875,1.868946
76.0,12.0,0.0,1.0117188,1.84375,481,1.84375,1.41043175
76.0,13.0,15.0,0.77246094,1.53125,481,1.53125,1.21484
76.0,14.0,30.0,0.5029297,1.375,481,1.375,1.15478825
76.0,15.0,45.0,0.515625,0.78125,481,0.78125,0.58734
76.0,16.0,60.0,0.07324219,0.375,481,0.375,0.09983525
76.0,17.0,75.0,0.022460938,0.0,481,0.0,0.022841
76.0,18.0,90.0,0.46875,0.40625,481,0.40625,0.4160325
76.0,19.0,105.0,0.8027344,1.15625,481,1.15625,0.9248095
76.0,20.0,120.0,1.2880859,2.03125,481,2.03125,1.49476775
76.0,21.0,135.0,2.0595703,2.90625,481,2.90625,2.2189655
76.0,22.0,150.0,2.0390625,3.0625,481,3.0625,2.3449675
76.0,23.0,165.0,1.3447266,2.5625,481,2.5625,1.9175145
76.0,24.0,180.0,0.9707031,1.90625,481,1.90625,1.41971875
20.0,1.0,-165.0,3.5117188,3.9375,482,3.9375,3.3582545
20.0,2.0,-150.0,2.8876953,2.53125,482,2.53125,2.3903985
20.0,3.0,-135.0,1.9892578,1.21875,482,1.21875,1.4606945
20.0,4.0,-120.0,1.1855469,0.5,482,0.5,0.8909245
20.0,5.0,-105.0,0.94628906,0.375,482,0.375,0.73361025
20.0,6.0,-90.0,1.1513672,0.78125,482,0.78125,0.839093
20.0,7.0,-75.0,1.2109375,1.21875,482,1.21875,1.027845
20.0,8.0,-60.0,1.328125,1.4375,482,1.4375,1.05922
20.0,9.0,-45.0,1.0869141,1.25,482,1.25,0.85873375
20.0,10.0,-30.0,0.6230469,0.9375,482,0.9375,0.53858325
20.0,11.0,-15.0,0.0,0.6875,482,0.6875,0.2373205
20.0,12.0,0.0,1.1533203,0.0,482,0.0,0.0
20.0,13.0,15.0,1.3486328,0.21875,482,0.21875,0.2624205
20.0,14.0,30.0,0.93847656,1.09375,482,1.09375,0.59995275
20.0,15.0,45.0,1.1357422,1.03125,482,1.03125,0.5658795
20.0,16.0,60.0,0.9589844,0.78125,482,0.78125,0.4049885
20.0,17.0,75.0,0.7441406,0.46875,482,0.46875,0.41120075
20.0,18.0,90.0,0.53222656,0.28125,482,0.28125,0.58828125
20.0,19.0,105.0,0.7451172,0.4375,482,0.4375,0.9614555
20.0,20.0,120.0,1.2753906,1.09375,482,1.09375,1.58738675
20.0,21.0,135.0,1.9638672,2.1875,482,2.1875,2.304682
20.0,22.0,150.0,2.6298828,3.34375,482,3.34375,2.88932375
20.0,23.0,165.0,3.0458984,4.21875,482,4.21875,3.49159825
20.0,24.0,180.0,3.1835938,4.6875,482,4.6875,3.82869125
380.0,1.0,-165.0,5.5585938,4.71875,483,4.71875,4.33633875
380.0,2.0,-150.0,6.1171875,5.03125,483,5.03125,4.93466
380.0,3.0,-135.0,7.0507812,5.75,483,5.75,5.71796825
380.0,4.0,-120.0,7.448242,6.3125,483,6.3125,6.3835575
380.0,5.0,-105.0,2.805664,3.28125,483,3.28125,3.0693535
380.0,6.0,-90.0,0.8330078,1.21875,483,1.21875,1.226637
380.0,7.0,-75.0,0.0,0.0,483,0.0,0.00144325
380.0,8.0,-60.0,0.3173828,0.09375,483,0.09375,0.1617695
380.0,9.0,-45.0,0.85253906,1.28125,483,1.28125,1.2330375
380.0,10.0,-30.0,4.6679688,4.1875,483,4.1875,4.41314475
380.0,11.0,-15.0,5.7216797,5.40625,483,5.40625,5.5956685
380.0,12.0,0.0,6.3720703,6.25,483,6.25,6.227059
380.0,13.0,15.0,5.723633,5.40625,483,5.40625,5.59573125
380.0,14.0,30.0,4.6660156,4.1875,483,4.1875,4.41427425
380.0,15.0,45.0,0.9013672,1.34375,483,1.34375,1.28970075
380.0,16.0,60.0,0.31152344,0.09375,483,0.09375,0.16471875
380.0,17.0,75.0,0.00390625,0.0,483,0.0,0.0
380.0,18.0,90.0,0.77734375,1.21875,483,1.21875,1.21854225
380.0,19.0,105.0,2.7929688,3.28125,483,3.28125,3.064208
380.0,20.0,120.0,7.4648438,6.3125,483,6.3125,6.37445875
380.0,21.0,135.0,7.029297,5.75,483,5.75,5.73353025
380.0,22.0,150.0,6.104492,5.03125,483,5.03125,4.924871
380.0,23.0,165.0,5.573242,4.71875,483,4.71875,4.328495
380.0,24.0,180.0,5.2470703,4.90625,483,4.90625,4.3424255
178.0,1.0,-165.0,7.126953,8.21875,484,8.21875,7.63774175
178.0,2.0,-150.0,5.0566406,5.71875,484,5.71875,5.01592125
178.0,3.0,-135.0,3.2480469,3.46875,484,3.46875,2.839061
178.0,4.0,-120.0,1.9003906,1.78125,484,1.78125,1.369958
178.0,5.0,-105.0,0.796875,0.71875,484,0.71875,0.49076775
178.0,6.0,-90.0,0.0,0.0,484,0.0,0.00370225
178.0,7.0,-75.0,0.203125,0.0625,484,0.0625,0.0
178.0,8.0,-60.0,0.69140625,0.53125,484,0.53125,0.359934
178.0,9.0,-45.0,1.0742188,0.90625,484,0.90625,0.75532175
178.0,10.0,-30.0,1.7988281,1.34375,484,1.34375,1.14361875
178.0,11.0,-15.0,2.2910156,1.71875,484,1.71875,1.3537685
178.0,12.0,0.0,2.4648438,1.84375,484,1.84375,1.38884575
178.0,13.0,15.0,2.2910156,1.71875,484,1.71875,1.3540195
178.0,14.0,30.0,1.7988281,1.34375,484,1.34375,1.14205
178.0,15.0,45.0,1.078125,0.90625,484,0.90625,0.75507075
178.0,16.0,60.0,0.6855469,0.53125,484,0.53125,0.3598085
178.0,17.0,75.0,0.20703125,0.0625,484,0.0625,0.0021335
178.0,18.0,90.0,0.005859375,0.0,484,0.0,0.0048945
178.0,19.0,105.0,0.7890625,0.71875,484,0.71875,0.48775575
178.0,20.0,120.0,1.8945312,1.78125,484,1.78125,1.370711
178.0,21.0,135.0,3.2558594,3.46875,484,3.46875,2.84326525
178.0,22.0,150.0,5.064453,5.71875,484,5.71875,5.0188705
178.0,23.0,165.0,7.1367188,8.21875,484,8.21875,7.63974975
178.0,24.0,180.0,8.201172,9.5,484,9.5,9.112806
436.0,1.0,-165.0,0.62402344,0.15625,485,0.15625,0.39902725
436.0,2.0,-150.0,0.0,0.03125,485,0.03125,0.0
436.0,3.0,-135.0,0.26757812,0.5625,485,0.5625,0.2521295
436.0,4.0,-120.0,1.0947266,1.59375,485,1.59375,1.0420265
436.0,5.0,-105.0,2.0488281,2.6875,485,2.6875,2.00404675
436.0,6.0,-90.0,2.8603516,3.34375,485,3.34375,2.75817625
436.0,7.0,-75.0,2.0957031,2.625,485,2.625,2.0573215
436.0,8.0,-60.0,1.1484375,1.5,485,1.5,1.0877085
436.0,9.0,-45.0,0.26464844,0.46875,485,0.46875,0.2589065
436.0,10.0,-30.0,0.053710938,0.0,485,0.0,0.0254765
436.0,11.0,-15.0,0.71484375,0.21875,485,0.21875,0.46742475
436.0,12.0,0.0,1.640625,0.90625,485,0.90625,1.2885085
436.0,13.0,15.0,0.7207031,0.21875,485,0.21875,0.4674875
436.0,14.0,30.0,0.047851562,0.0,485,0.0,0.02340575
436.0,15.0,45.0,0.25976562,0.46875,485,0.46875,0.257024
436.0,16.0,60.0,1.1494141,1.5,485,1.5,1.08764575
436.0,17.0,75.0,2.100586,2.625,485,2.625,2.0540585
436.0,18.0,90.0,2.8613281,3.34375,485,3.34375,2.7586155
436.0,19.0,105.0,2.0585938,2.6875,485,2.6875,2.00592925
436.0,20.0,120.0,1.0986328,1.59375,485,1.59375,1.0440345
436.0,21.0,135.0,0.2548828,0.5625,485,0.5625,0.2526315
436.0,22.0,150.0,0.0068359375,0.03125,485,0.03125,0.0021335
436.0,23.0,165.0,0.62597656,0.15625,485,0.15625,0.39727025
436.0,24.0,180.0,1.5693359,0.84375,485,0.84375,1.2189815
77.0,1.0,-165.0,0.5161133,0.578125,486,0.578125,0.7636675
77.0,2.0,-150.0,1.0131836,0.5,486,0.5,0.75557275
77.0,3.0,-135.0,1.1357422,0.4375,486,0.4375,0.745972
77.0,4.0,-120.0,0.8413086,0.328125,486,0.328125,0.613695
77.0,5.0,-105.0,0.37451172,0.140625,486,0.140625,0.31067525
77.0,6.0,-90.0,0.0,0.0,486,0.0,0.0
77.0,7.0,-75.0,0.10839844,0.203125,486,0.203125,0.068021
77.0,8.0,-60.0,1.0839844,1.140625,486,1.140625,0.89801525
77.0,9.0,-45.0,2.921875,2.875,486,2.875,2.5866805
77.0,10.0,-30.0,4.7578125,5.0,486,5.0,4.814431
77.0,11.0,-15.0,7.453125,5.578125,486,5.578125,6.39453875
77.0,12.0,0.0,7.4365234,7.953125,486,7.953125,7.57712525
77.0,13.0,15.0,7.4589844,5.578125,486,5.578125,6.3956055
77.0,14.0,30.0,4.8413086,5.0,486,5.0,4.75161825
77.0,15.0,45.0,2.9106445,2.875,486,2.875,2.584547
77.0,16.0,60.0,1.0810547,1.140625,486,1.140625,0.895819
77.0,17.0,75.0,0.10595703,0.203125,486,0.203125,0.06569925
77.0,18.0,90.0,0.0014648438,0.0,486,0.0,0.00069025
77.0,19.0,105.0,0.37841797,0.140625,486,0.140625,0.31080075
77.0,20.0,120.0,0.8383789,0.328125,486,0.328125,0.61513825
77.0,21.0,135.0,1.1357422,0.4375,486,0.4375,0.745972
77.0,22.0,150.0,1.0117188,0.5,486,0.5,0.7553845
77.0,23.0,165.0,0.5136719,0.578125,486,0.578125,0.76134575
77.0,24.0,180.0,0.16992188,0.671875,486,0.671875,0.784375
421.0,1.0,-165.0,0.14648438,0.0,487,0.0,0.179716
421.0,2.0,-150.0,0.8769531,0.21875,487,0.21875,0.78744975
421.0,3.0,-135.0,2.2714844,0.84375,487,0.84375,1.68690825
421.0,4.0,-120.0,3.2207031,1.71875,487,1.71875,2.46124325
421.0,5.0,-105.0,4.689453,2.84375,487,2.84375,3.49348075
421.0,6.0,-90.0,6.0371094,4.0625,487,4.0625,4.504195
421.0,7.0,-75.0,4.609375,2.71875,487,2.71875,3.442465
421.0,8.0,-60.0,3.09375,1.53125,487,1.53125,2.35720375
421.0,9.0,-45.0,1.7421875,0.65625,487,0.65625,1.415891
421.0,10.0,-30.0,0.6904297,0.15625,487,0.15625,0.6401755
421.0,11.0,-15.0,0.0859375,0.0,487,0.0,0.129265
421.0,12.0,0.0,0.0107421875,0.09375,487,0.09375,0.01587575
421.0,13.0,15.0,0.08105469,0.0,487,0.0,0.1258765
421.0,14.0,30.0,0.8925781,0.15625,487,0.15625,0.773331
421.0,15.0,45.0,1.7548828,0.65625,487,0.65625,1.4212875
421.0,16.0,60.0,3.1660156,1.53125,487,1.53125,2.362914
421.0,17.0,75.0,4.642578,2.71875,487,2.71875,3.45043425
421.0,18.0,90.0,5.946289,4.0625,487,4.0625,4.49384125
421.0,19.0,105.0,4.6464844,2.875,487,2.875,3.49912825
421.0,20.0,120.0,3.225586,1.71875,487,1.71875,2.4619335
421.0,21.0,135.0,1.8789062,0.78125,487,0.78125,1.52488775
421.0,22.0,150.0,0.9003906,0.21875,487,0.21875,0.7970505
421.0,23.0,165.0,0.13867188,0.0,487,0.0,0.179214
421.0,24.0,180.0,0.0,0.0625,487,0.0625,0.0
344.0,1.0,-165.0,1.1875,0.28125,488,0.28125,1.63231575
344.0,2.0,-150.0,1.3144531,0.03125,488,0.03125,1.47581725
344.0,3.0,-135.0,1.2558594,0.0,488,0.0,1.4125025
344.0,4.0,-120.0,0.9824219,0.09375,488,0.09375,1.3321825
344.0,5.0,-105.0,0.9746094,0.15625,488,0.15625,1.17097775
344.0,6.0,-90.0,0.7558594,0.125,488,0.125,0.8347005
344.0,7.0,-75.0,0.31445312,0.15625,488,0.15625,0.3515255
344.0,8.0,-60.0,0.0,0.40625,488,0.40625,0.000753
344.0,9.0,-45.0,0.16210938,1.125,488,1.125,0.29925475
344.0,10.0,-30.0,0.8886719,2.3125,488,2.3125,1.31442425
344.0,11.0,-15.0,1.8417969,3.71875,488,3.71875,2.74838725
344.0,12.0,0.0,2.9179688,4.90625,488,4.90625,4.11432925
344.0,13.0,15.0,1.8652344,3.71875,488,3.71875,2.75930575
344.0,14.0,30.0,0.8925781,2.3125,488,2.3125,1.3105965
344.0,15.0,45.0,0.16015625,1.125,488,1.125,0.28946575
344.0,16.0,60.0,0.0078125,0.40625,488,0.40625,0.0
344.0,17.0,75.0,0.3125,0.15625,488,0.15625,0.3507725
344.0,18.0,90.0,0.7597656,0.125,488,0.125,0.8344495
344.0,19.0,105.0,0.9785156,0.15625,488,0.15625,1.1720445
344.0,20.0,120.0,0.984375,0.09375,488,0.09375,1.33538275
344.0,21.0,135.0,1.2636719,0.0,488,0.0,1.41557725
344.0,22.0,150.0,1.3222656,0.03125,488,0.03125,1.476633
344.0,23.0,165.0,1.1875,0.28125,488,0.28125,1.63244125
344.0,24.0,180.0,1.2402344,0.5,488,0.5,1.716589
418.0,1.0,-165.0,0.06738281,0.3125,489,0.3125,0.34242675
418.0,2.0,-150.0,0.0,0.0,489,0.0,0.016817
418.0,3.0,-135.0,0.50683594,0.25,489,0.25,0.18605375
418.0,4.0,-120.0,1.1289062,0.75,489,0.75,0.710832
418.0,5.0,-105.0,1.6337891,1.4375,489,1.4375,1.29459525
418.0,6.0,-90.0,2.0029297,1.75,489,1.75,1.5578315
418.0,7.0,-75.0,1.7119141,1.4375,489,1.4375,1.28744175
418.0,8.0,-60.0,1.2421875,0.8125,489,0.8125,0.77665675
418.0,9.0,-45.0,0.9140625,0.4375,489,0.4375,0.43843425
418.0,10.0,-30.0,0.75390625,0.4375,489,0.4375,0.4448975
418.0,11.0,-15.0,0.859375,0.625,489,0.625,0.63509275
418.0,12.0,0.0,0.8701172,0.625,489,0.625,0.59681525
418.0,13.0,15.0,0.578125,0.3125,489,0.3125,0.23424575
418.0,14.0,30.0,0.41601562,0.0625,489,0.0625,0.0
418.0,15.0,45.0,0.7109375,0.25,489,0.25,0.14614475
418.0,16.0,60.0,1.1933594,0.75,489,0.75,0.653353
418.0,17.0,75.0,1.5957031,1.375,489,1.375,1.2390615
418.0,18.0,90.0,1.9423828,1.75,489,1.75,1.59253225
418.0,19.0,105.0,1.6806641,1.5,489,1.5,1.40679225
418.0,20.0,120.0,1.1455078,1.0625,489,1.0625,0.99891725
418.0,21.0,135.0,0.6113281,0.6875,489,0.6875,0.70687875
418.0,22.0,150.0,0.43847656,0.75,489,0.75,0.78908125
418.0,23.0,165.0,0.6015625,0.9375,489,0.9375,1.102141
418.0,24.0,180.0,0.47753906,0.8125,489,0.8125,0.91520875
221.0,1.0,-165.0,5.7890625,8.0625,490,8.0625,7.783008
221.0,2.0,-150.0,4.1640625,6.15625,490,6.15625,5.9545985
221.0,3.0,-135.0,2.8779297,4.8125,490,4.8125,4.475581
221.0,4.0,-120.0,0.71972656,2.6875,490,2.6875,2.4581685
221.0,5.0,-105.0,1.4609375,3.5625,490,3.5625,3.1348645
221.0,6.0,-90.0,1.7392578,3.84375,490,3.84375,3.446481
221.0,7.0,-75.0,1.5742188,4.4375,490,4.4375,3.60643075
221.0,8.0,-60.0,3.3408203,5.46875,490,5.46875,5.57163525
221.0,9.0,-45.0,3.4785156,5.46875,490,5.46875,5.7058575
221.0,10.0,-30.0,2.131836,3.15625,490,3.15625,3.41265875
221.0,11.0,-15.0,0.6142578,1.125,490,1.125,1.384014
221.0,12.0,0.0,0.00390625,0.0625,490,0.0625,0.22006425
221.0,13.0,15.0,0.0,0.0,490,0.0,0.0
221.0,14.0,30.0,0.5439453,0.90625,490,0.90625,0.7465995
221.0,15.0,45.0,1.7734375,2.3125,490,2.3125,2.2330215
221.0,16.0,60.0,2.2324219,3.4375,490,3.4375,3.280068
221.0,17.0,75.0,2.0605469,4.5,490,4.5,4.07454575
221.0,18.0,90.0,1.5195312,6.0,490,6.0,4.983103
221.0,19.0,105.0,1.9716797,6.6875,490,6.6875,5.73089475
221.0,20.0,120.0,3.0654297,7.8125,490,7.8125,7.01024175
221.0,21.0,135.0,5.1103516,9.375,490,9.375,8.7103275
221.0,22.0,150.0,7.5390625,11.34375,490,11.34375,10.82807725
221.0,23.0,165.0,9.244141,13.03125,490,13.03125,12.715911
221.0,24.0,180.0,8.353516,10.75,490,10.75,10.5155195
81.0,1.0,-165.0,5.8896484,5.125,491,5.125,5.28411475
81.0,2.0,-150.0,5.5654297,5.21875,491,5.21875,5.01140325
81.0,3.0,-135.0,5.908203,5.90625,491,5.90625,5.48240475
81.0,4.0,-120.0,6.942383,9.90625,491,9.90625,8.4015975
81.0,5.0,-105.0,7.4472656,10.3125,491,10.3125,8.863563
81.0,6.0,-90.0,7.2373047,9.75,491,9.75,8.169046
81.0,7.0,-75.0,4.8427734,7.6875,491,7.6875,6.32513725
81.0,8.0,-60.0,3.5976562,5.0,491,5.0,4.12123175
81.0,9.0,-45.0,1.9228516,2.46875,491,2.46875,1.99099475
81.0,10.0,-30.0,0.6845703,0.625,491,0.625,0.5299865
81.0,11.0,-15.0,0.068359375,0.03125,491,0.03125,0.0
81.0,12.0,0.0,0.0,0.25,491,0.25,0.2714565
81.0,13.0,15.0,0.20605469,0.0,491,0.0,0.0618715
81.0,14.0,30.0,0.68359375,0.625,491,0.625,0.530112
81.0,15.0,45.0,1.9628906,2.40625,491,2.40625,1.9704755
81.0,16.0,60.0,3.6289062,4.96875,491,4.96875,4.1258125
81.0,17.0,75.0,4.8359375,7.71875,491,7.71875,6.3403855
81.0,18.0,90.0,7.223633,9.75,491,9.75,8.16835575
81.0,19.0,105.0,7.4492188,10.3125,491,10.3125,8.86400225
81.0,20.0,120.0,6.9414062,9.90625,491,9.90625,8.4003425
81.0,21.0,135.0,5.9228516,5.90625,491,5.90625,5.48993475
81.0,22.0,150.0,5.5654297,5.21875,491,5.21875,5.01140325
81.0,23.0,165.0,5.8378906,5.15625,491,5.15625,5.27495325
81.0,24.0,180.0,6.671875,5.65625,491,5.65625,6.10626525
13.0,1.0,-165.0,1.6865234,2.21875,492,2.21875,2.1966265
13.0,2.0,-150.0,1.0449219,1.5,492,1.5,1.5314765
13.0,3.0,-135.0,0.3408203,1.09375,492,1.09375,1.08683
13.0,4.0,-120.0,0.0,1.15625,492,1.15625,1.10082325
13.0,5.0,-105.0,0.49023438,1.75,492,1.75,1.6007525
13.0,6.0,-90.0,1.5742188,2.65625,492,2.65625,2.435202
13.0,7.0,-75.0,2.5742188,3.59375,492,3.59375,3.3037875
13.0,8.0,-60.0,2.9501953,4.0,492,4.0,3.695724
13.0,9.0,-45.0,2.5654297,3.46875,492,3.46875,3.22014175
13.0,10.0,-30.0,1.7246094,2.28125,492,2.28125,2.0992385
13.0,11.0,-15.0,0.91796875,1.25,492,1.25,1.07446825
13.0,12.0,0.0,0.20800781,0.0,492,0.0,0.0
13.0,13.0,15.0,0.61035156,1.15625,492,1.15625,0.6015215
13.0,14.0,30.0,1.3798828,2.0625,492,2.0625,2.09892475
13.0,15.0,45.0,2.2158203,3.125,492,3.125,3.18161325
13.0,16.0,60.0,2.7021484,3.65625,492,3.65625,3.6795345
13.0,17.0,75.0,2.477539,3.375,492,3.375,3.31527075
13.0,18.0,90.0,1.6191406,2.625,492,2.625,2.492681
13.0,19.0,105.0,0.75,1.84375,492,1.84375,1.72844875
13.0,20.0,120.0,0.3828125,1.40625,492,1.40625,1.3013095
13.0,21.0,135.0,0.67089844,1.375,492,1.375,1.3389595
13.0,22.0,150.0,1.3066406,1.8125,492,1.8125,1.78931625
13.0,23.0,165.0,1.7685547,2.4375,492,2.4375,2.37577775
13.0,24.0,180.0,1.8935547,2.65625,492,2.65625,2.59979525
354.0,1.0,-165.0,9.478516,9.6875,493,9.6875,9.68627825
354.0,2.0,-150.0,7.0097656,7.125,493,7.125,7.23814975
354.0,3.0,-135.0,3.9101562,4.25,493,4.25,4.481354
354.0,4.0,-120.0,1.5410156,2.09375,493,2.09375,2.357894
354.0,5.0,-105.0,0.40234375,0.8125,493,0.8125,1.045415
354.0,6.0,-90.0,0.001953125,0.09375,493,0.09375,0.239956
354.0,7.0,-75.0,0.24414062,0.0,493,0.0,0.0
354.0,8.0,-60.0,1.4042969,0.78125,493,0.78125,0.633022
354.0,9.0,-45.0,3.5429688,2.6875,493,2.6875,2.435202
354.0,10.0,-30.0,6.498047,5.40625,493,5.40625,5.12937325
354.0,11.0,-15.0,9.658203,8.15625,493,8.15625,7.8433735
354.0,12.0,0.0,12.078125,10.25,493,10.25,9.86047225
354.0,13.0,15.0,9.658203,8.15625,493,8.15625,7.846511
354.0,14.0,30.0,6.4921875,5.40625,493,5.40625,5.13677775
354.0,15.0,45.0,3.5332031,2.6875,493,2.6875,2.43702175
354.0,16.0,60.0,1.4042969,0.78125,493,0.78125,0.6336495
354.0,17.0,75.0,0.24023438,0.0,493,0.0,0.000502
354.0,18.0,90.0,0.0,0.09375,493,0.09375,0.23989325
354.0,19.0,105.0,0.40429688,0.8125,493,0.8125,1.0493055
354.0,20.0,120.0,1.5429688,2.09375,493,2.09375,2.357894
354.0,21.0,135.0,3.9082031,4.25,493,4.25,4.48166775
354.0,22.0,150.0,7.0039062,7.125,493,7.125,7.23727125
354.0,23.0,165.0,9.4140625,9.65625,493,9.65625,9.66870825
354.0,24.0,180.0,10.1015625,9.6875,493,9.6875,9.74526325
399.0,1.0,-165.0,0.7597656,1.4375,494,1.4375,0.8869085
399.0,2.0,-150.0,0.37304688,1.5625,494,1.5625,0.98586525
399.0,3.0,-135.0,0.52734375,2.3125,494,2.3125,1.475127
399.0,4.0,-120.0,0.6699219,3.1875,494,3.1875,1.92724075
399.0,5.0,-105.0,1.0410156,3.75,494,3.75,1.95899225
399.0,6.0,-90.0,1.0332031,3.5,494,3.5,1.67824875
399.0,7.0,-75.0,0.58203125,2.5625,494,2.5625,1.1610005
399.0,8.0,-60.0,0.1640625,1.375,494,1.375,0.4913325
399.0,9.0,-45.0,0.0,0.375,494,0.375,0.0001255
399.0,10.0,-30.0,0.41015625,0.0,494,0.0,0.06344025
399.0,11.0,-15.0,1.0625,0.25,494,0.25,0.5292335
399.0,12.0,0.0,1.984375,0.9375,494,0.9375,1.406353
399.0,13.0,15.0,1.0664062,0.25,494,0.25,0.52854325
399.0,14.0,30.0,0.4140625,0.0,494,0.0,0.06331475
399.0,15.0,45.0,0.0,0.375,494,0.375,0.0
399.0,16.0,60.0,0.1640625,1.375,494,1.375,0.49089325
399.0,17.0,75.0,0.58203125,2.5625,494,2.5625,1.16106325
399.0,18.0,90.0,1.0292969,3.5,494,3.5,1.67849975
399.0,19.0,105.0,1.0488281,3.75,494,3.75,1.95961975
399.0,20.0,120.0,0.6484375,3.1875,494,3.1875,1.91443975
399.0,21.0,135.0,0.53125,2.3125,494,2.3125,1.47732325
399.0,22.0,150.0,0.37695312,1.5625,494,1.5625,0.980406
399.0,23.0,165.0,0.69921875,1.4375,494,1.4375,0.8274215
399.0,24.0,180.0,1.5332031,2.0,494,2.0,1.45121925
83.0,1.0,-165.0,2.2890625,0.875,495,0.875,3.45532875
83.0,2.0,-150.0,1.5742188,0.40625,495,0.40625,2.5753855
83.0,3.0,-135.0,0.90234375,0.0,495,0.0,1.75605875
83.0,4.0,-120.0,2.227539,1.84375,495,1.84375,1.95133675
83.0,5.0,-105.0,1.2646484,0.75,495,0.75,0.65529825
83.0,6.0,-90.0,0.29589844,0.15625,495,0.15625,0.12644125
83.0,7.0,-75.0,0.73046875,1.25,495,1.25,0.93164925
83.0,8.0,-60.0,0.0,0.65625,495,0.65625,0.0003765
83.0,9.0,-45.0,0.5908203,1.03125,495,1.03125,0.24742325
83.0,10.0,-30.0,2.6982422,2.53125,495,2.53125,1.83700625
83.0,11.0,-15.0,5.8378906,4.90625,495,4.90625,4.3512105
83.0,12.0,0.0,9.609375,7.75,495,7.75,7.323678
83.0,13.0,15.0,5.9570312,4.90625,495,4.90625,4.40461075
83.0,14.0,30.0,2.765625,2.53125,495,2.53125,1.86493
83.0,15.0,45.0,0.6074219,1.03125,495,1.03125,0.262044
83.0,16.0,60.0,0.0029296875,0.65625,495,0.65625,0.0
83.0,17.0,75.0,0.7285156,1.25,495,1.25,0.93121
83.0,18.0,90.0,2.4052734,2.28125,495,2.28125,2.32532675
83.0,19.0,105.0,1.7441406,1.375,495,1.375,1.5829315
83.0,20.0,120.0,2.4316406,1.75,495,1.75,2.1559645
83.0,21.0,135.0,0.92871094,0.0,495,0.0,1.765785
83.0,22.0,150.0,1.578125,0.40625,495,0.40625,2.578272
83.0,23.0,165.0,2.288086,0.875,495,0.875,3.45570525
83.0,24.0,180.0,2.4833984,1.09375,495,1.09375,3.860631
491.0,1.0,-165.0,0.17382812,0.15625,496,0.15625,0.08577925
491.0,2.0,-150.0,0.8642578,0.875,496,0.875,0.67519
491.0,3.0,-135.0,1.7392578,2.03125,496,2.03125,1.635265
491.0,4.0,-120.0,2.5878906,3.40625,496,3.40625,2.691222
491.0,5.0,-105.0,3.3789062,4.53125,496,4.53125,3.497183
491.0,6.0,-90.0,4.140625,4.96875,496,4.96875,3.7646235
491.0,7.0,-75.0,4.2148438,4.40625,496,4.40625,3.447987
491.0,8.0,-60.0,3.7216797,3.3125,496,3.3125,2.75303075
491.0,9.0,-45.0,3.1416016,2.28125,496,2.28125,2.09114375
491.0,10.0,-30.0,2.4453125,1.625,496,1.625,1.7031605
491.0,11.0,-15.0,1.7958984,1.375,496,1.375,1.56856175
491.0,12.0,0.0,1.5039062,1.28125,496,1.28125,1.49225775
491.0,13.0,15.0,1.8320312,1.28125,496,1.28125,1.434214
491.0,14.0,30.0,2.399414,1.5625,496,1.5625,1.54333625
491.0,15.0,45.0,3.0488281,2.28125,496,2.28125,1.9687185
491.0,16.0,60.0,3.7109375,3.3125,496,3.3125,2.64472425
491.0,17.0,75.0,4.1884766,4.34375,496,4.34375,3.33309175
491.0,18.0,90.0,4.0703125,4.84375,496,4.84375,3.6544345
491.0,19.0,105.0,3.4267578,4.46875,496,4.46875,3.460286
491.0,20.0,120.0,2.5576172,3.5,496,3.5,2.81377275
491.0,21.0,135.0,1.5859375,2.3125,496,2.3125,1.956043
491.0,22.0,150.0,0.859375,1.21875,496,1.21875,1.08111975
491.0,23.0,165.0,0.2783203,0.40625,496,0.40625,0.37179375
491.0,24.0,180.0,0.0,0.0,496,0.0,0.0
393.0,1.0,-165.0,0.29101562,0.4375,497,0.4375,0.39664275
393.0,2.0,-150.0,1.1044922,1.625,497,1.625,1.4727425
393.0,3.0,-135.0,2.3427734,3.25,497,3.25,2.96537675
393.0,4.0,-120.0,3.8105469,4.9375,497,4.9375,4.52496525
393.0,5.0,-105.0,5.258789,6.28125,497,6.28125,5.72098025
393.0,6.0,-90.0,6.2402344,6.90625,497,6.90625,6.2286905
393.0,7.0,-75.0,6.5126953,6.71875,497,6.71875,6.02958475
393.0,8.0,-60.0,6.3359375,6.125,497,6.125,5.50010025
393.0,9.0,-45.0,6.142578,5.625,497,5.625,5.1022025
393.0,10.0,-30.0,6.1816406,5.53125,497,5.53125,5.086264
393.0,11.0,-15.0,6.330078,5.6875,497,5.6875,5.35364175
393.0,12.0,0.0,6.388672,5.78125,497,5.78125,5.52645525
393.0,13.0,15.0,6.330078,5.6875,497,5.6875,5.353579
393.0,14.0,30.0,6.182617,5.53125,497,5.53125,5.086264
393.0,15.0,45.0,6.142578,5.625,497,5.625,5.1022025
393.0,16.0,60.0,6.3359375,6.125,497,6.125,5.500163
393.0,17.0,75.0,6.5126953,6.71875,497,6.71875,6.02958475
393.0,18.0,90.0,6.2402344,6.90625,497,6.90625,6.2286905
393.0,19.0,105.0,5.258789,6.28125,497,6.28125,5.72098025
393.0,20.0,120.0,3.8085938,4.9375,497,4.9375,4.524526
393.0,21.0,135.0,2.3388672,3.25,497,3.25,2.965314
393.0,22.0,150.0,1.1064453,1.625,497,1.625,1.47142475
393.0,23.0,165.0,0.2919922,0.4375,497,0.4375,0.3967055
393.0,24.0,180.0,0.0,0.0,497,0.0,0.0
463.0,1.0,-165.0,4.3095703,3.34375,498,3.34375,4.127695
463.0,2.0,-150.0,1.6103516,1.03125,498,1.03125,1.47086
463.0,3.0,-135.0,0.20605469,0.03125,498,0.03125,0.1780845
463.0,4.0,-120.0,0.0,0.125,498,0.125,0.00043925
463.0,5.0,-105.0,0.15136719,0.625,498,0.625,0.3357125
463.0,6.0,-90.0,0.3251953,0.9375,498,0.9375,0.56180075
463.0,7.0,-75.0,0.16113281,0.65625,498,0.65625,0.35748675
463.0,8.0,-60.0,0.018554688,0.15625,498,0.15625,0.0186995
463.0,9.0,-45.0,0.15039062,0.0,498,0.0,0.12681775
463.0,10.0,-30.0,1.3945312,0.90625,498,0.90625,1.308965
463.0,11.0,-15.0,3.984375,3.0625,498,3.0625,3.8268715
463.0,12.0,0.0,6.229492,5.75,498,5.75,6.811889
463.0,13.0,15.0,3.984375,3.0625,498,3.0625,3.8268715
463.0,14.0,30.0,1.3974609,0.90625,498,0.90625,1.308965
463.0,15.0,45.0,0.14746094,0.0,498,0.0,0.1246215
463.0,16.0,60.0,0.01953125,0.15625,498,0.15625,0.018574
463.0,17.0,75.0,0.16308594,0.65625,498,0.65625,0.35723575
463.0,18.0,90.0,0.32617188,0.9375,498,0.9375,0.56180075
463.0,19.0,105.0,0.15039062,0.625,498,0.625,0.33590075
463.0,20.0,120.0,0.0,0.125,498,0.125,0.0
463.0,21.0,135.0,0.20410156,0.03125,498,0.03125,0.17852375
463.0,22.0,150.0,1.6103516,1.03125,498,1.03125,1.47086
463.0,23.0,165.0,4.307617,3.34375,498,3.34375,4.12838525
463.0,24.0,180.0,6.225586,5.75,498,5.75,6.81170075
31.0,1.0,-165.0,2.600586,1.71875,499,1.71875,1.77111875
31.0,2.0,-150.0,1.4492188,0.78125,499,0.78125,0.8899205
31.0,3.0,-135.0,0.5996094,0.1875,499,0.1875,0.29297975
31.0,4.0,-120.0,0.040039062,0.0,499,0.0,6.28e-05
31.0,5.0,-105.0,0.0,0.40625,499,0.40625,0.2649305
31.0,6.0,-90.0,0.19628906,1.46875,499,1.46875,1.07748025
31.0,7.0,-75.0,1.4404297,2.0625,499,2.0625,1.59341075
31.0,8.0,-60.0,1.7705078,2.84375,499,2.84375,2.38067225
31.0,9.0,-45.0,3.0253906,4.75,499,4.75,4.28789575
31.0,10.0,-30.0,4.701172,6.71875,499,6.71875,6.44210325
31.0,11.0,-15.0,6.017578,8.0625,499,8.0625,7.77127375
31.0,12.0,0.0,7.3095703,8.84375,499,8.84375,8.765171
31.0,13.0,15.0,6.0751953,8.09375,499,8.09375,7.82762325
31.0,14.0,30.0,4.5751953,6.71875,499,6.71875,6.29614675
31.0,15.0,45.0,3.1445312,4.78125,499,4.78125,4.407811
31.0,16.0,60.0,1.7773438,2.84375,499,2.84375,2.38701
31.0,17.0,75.0,1.4423828,2.0625,499,2.0625,1.59328525
31.0,18.0,90.0,0.17480469,1.46875,499,1.46875,1.073025
31.0,19.0,105.0,0.0,0.40625,499,0.40625,0.264805
31.0,20.0,120.0,0.040039062,0.0,499,0.0,0.0
31.0,21.0,135.0,0.57128906,0.1875,499,0.1875,0.27904925
31.0,22.0,150.0,1.5615234,0.78125,499,0.78125,0.93930475
31.0,23.0,165.0,2.5185547,1.71875,499,1.71875,1.7478385
31.0,24.0,180.0,3.6289062,2.9375,499,2.9375,2.81603175
216.0,1.0,-165.0,6.1347656,5.9375,500,5.9375,5.5251375
216.0,2.0,-150.0,6.208008,6.0,500,6.0,5.4106815
216.0,3.0,-135.0,6.540039,6.40625,500,6.40625,5.63174975
216.0,4.0,-120.0,7.1992188,7.15625,500,7.15625,6.1631795
216.0,5.0,-105.0,7.916992,7.8125,500,7.8125,6.66549325
216.0,6.0,-90.0,7.9804688,7.8125,500,7.8125,6.639703
216.0,7.0,-75.0,7.0058594,6.8125,500,6.8125,5.779526
216.0,8.0,-60.0,5.21875,5.0,500,5.0,4.278546
216.0,9.0,-45.0,3.203125,3.0625,500,3.0625,2.63016625
216.0,10.0,-30.0,1.4765625,1.4375,500,1.4375,1.22255825
216.0,11.0,-15.0,0.3671875,0.375,500,0.375,0.30264325
216.0,12.0,0.0,0.0,0.0,500,0.0,0.0
216.0,13.0,15.0,0.36621094,0.375,500,0.375,0.30377275
216.0,14.0,30.0,1.4765625,1.4375,500,1.4375,1.22255825
216.0,15.0,45.0,3.203125,3.0625,500,3.0625,2.63016625
216.0,16.0,60.0,5.2158203,5.0,500,5.0,4.280052
216.0,17.0,75.0,7.0126953,6.8125,500,6.8125,5.78849925
216.0,18.0,90.0,7.9716797,7.8125,500,7.8125,6.638197
216.0,19.0,105.0,7.916992,7.8125,500,7.8125,6.66549325
216.0,20.0,120.0,7.198242,7.15625,500,7.15625,6.1631795
216.0,21.0,135.0,6.5390625,6.40625,500,6.40625,5.631687
216.0,22.0,150.0,6.2070312,6.0,500,6.0,5.4106815
216.0,23.0,165.0,6.1347656,5.9375,500,5.9375,5.5251375
216.0,24.0,180.0,6.1464844,5.96875,500,5.96875,5.66161875
